1788205221300 	 30 	 200 	 4 	 3
1788205221304 	 31 	 200 	 4 	 2
1788205221307 	 31 	 200 	 4 	 1
1788205221327 	 20 	 200 	 5 	 1
1788205221376 	 14 	 200 	 10 	 5
1788205221343 	 54 	 200 	 10 	 4
1788205221378 	 22 	 200 	 10 	 3
1788205221387 	 22 	 200 	 13 	 5
1788205221391 	 31 	 200 	 14 	 5
1788205221387 	 35 	 200 	 14 	 4
1788205221404 	 42 	 200 	 16 	 5
1788205221401 	 46 	 200 	 16 	 5
1788205221433 	 17 	 200 	 17 	 4
1788205221402 	 49 	 200 	 17 	 3
1788205221475 	 24 	 200 	 20 	 5
1788205221450 	 93 	 200 	 23 	 7
1788205221526 	 21 	 200 	 23 	 6
1788205221500 	 48 	 200 	 23 	 5
1788205221518 	 32 	 200 	 23 	 4
1788205221475 	 76 	 200 	 23 	 3
1788205221524 	 30 	 200 	 23 	 2
1788205221436 	 157 	 200 	 27 	 5
1788205221625 	 23 	 200 	 30 	 7
1788205221574 	 77 	 200 	 30 	 6
1788205221580 	 69 	 200 	 30 	 5
1788205221583 	 67 	 200 	 30 	 4
1788205221580 	 71 	 200 	 30 	 3
1788205221649 	 14 	 200 	 30 	 2
1788205221681 	 22 	 200 	 32 	 3
1788205221669 	 35 	 200 	 32 	 2
1788205221735 	 65 	 200 	 37 	 6
1788205221754 	 47 	 200 	 37 	 5
1788205221742 	 59 	 200 	 37 	 4
1788205221781 	 22 	 200 	 37 	 3
1788205221611 	 235 	 200 	 39 	 4
1788205221795 	 56 	 200 	 39 	 3
1788205221825 	 38 	 200 	 42 	 5
1788205221838 	 112 	 200 	 52 	 14
1788205221856 	 99 	 200 	 53 	 14
1788205221862 	 160 	 200 	 55 	 19
1788205221859 	 173 	 200 	 56 	 18
1788205221866 	 168 	 200 	 57 	 17
1788205221421 	 614 	 200 	 58 	 16
1788205221914 	 122 	 200 	 59 	 15
1788205221906 	 129 	 200 	 59 	 14
1788205221873 	 168 	 200 	 59 	 13
1788205222024 	 84 	 200 	 61 	 14
1788205222034 	 89 	 200 	 62 	 14
1788205221871 	 262 	 200 	 63 	 14
1788205221869 	 267 	 200 	 63 	 13
1788205221892 	 246 	 200 	 63 	 12
1788205221910 	 230 	 200 	 63 	 11
1788205221956 	 265 	 200 	 68 	 17
1788205221899 	 324 	 200 	 69 	 16
1788205221878 	 354 	 200 	 70 	 15
1788205221971 	 262 	 200 	 70 	 14
1788205222102 	 132 	 200 	 70 	 13
1788205222086 	 148 	 200 	 70 	 12
1788205221986 	 251 	 200 	 70 	 11
1788205222036 	 201 	 200 	 70 	 10
1788205222114 	 144 	 200 	 71 	 10
1788205222037 	 227 	 200 	 71 	 9
1788205222186 	 138 	 200 	 75 	 12
1788205222131 	 209 	 200 	 76 	 12
1788205222181 	 166 	 200 	 76 	 11
1788205222274 	 180 	 200 	 81 	 19
1788205222295 	 161 	 200 	 82 	 18
1788205222185 	 358 	 200 	 83 	 22
1788205222225 	 320 	 200 	 84 	 21
1788205222279 	 279 	 200 	 85 	 21
1788205222303 	 260 	 200 	 86 	 20
1788205222340 	 301 	 200 	 87 	 23
1788205222223 	 425 	 200 	 88 	 22
1788205222242 	 412 	 200 	 89 	 21
1788205222349 	 305 	 200 	 90 	 20
1788205222460 	 199 	 200 	 91 	 19
1788205222370 	 295 	 200 	 92 	 18
1788205222191 	 750 	 200 	 93 	 33
1788205222545 	 404 	 200 	 94 	 33
1788205222543 	 415 	 200 	 95 	 33
1788205222354 	 605 	 200 	 96 	 32
1788205222375 	 586 	 200 	 97 	 31
1788205222650 	 322 	 200 	 98 	 30
1788205222560 	 417 	 200 	 99 	 29
1788205222564 	 473 	 200 	 100 	 31
1788205222667 	 377 	 200 	 101 	 31
1788205222660 	 404 	 200 	 102 	 32
1788205222643 	 500 	 200 	 103 	 38
1788205222962 	 181 	 200 	 104 	 37
1788205222661 	 491 	 200 	 105 	 36
1788205222971 	 185 	 200 	 106 	 35
1788205222456 	 698 	 200 	 107 	 34
1788205222657 	 598 	 200 	 108 	 38
1788205222966 	 378 	 200 	 109 	 43
1788205223154 	 290 	 200 	 110 	 43
1788205223160 	 290 	 200 	 111 	 42
1788205223151 	 304 	 200 	 112 	 41
1788205222979 	 482 	 200 	 113 	 40
1788205223148 	 392 	 200 	 114 	 39
1788205223070 	 480 	 200 	 115 	 38
1788205222975 	 580 	 200 	 116 	 37
1788205223159 	 480 	 200 	 117 	 36
1788205222951 	 691 	 200 	 118 	 35
1788205223452 	 204 	 200 	 119 	 34
1788205223558 	 104 	 200 	 120 	 34
1788205223348 	 403 	 200 	 121 	 33
1788205223463 	 294 	 200 	 122 	 32
1788205223257 	 504 	 200 	 123 	 31
1788205223640 	 254 	 200 	 124 	 30
1788205223047 	 892 	 200 	 125 	 29
1788205223457 	 493 	 200 	 126 	 28
1788205222942 	 1012 	 200 	 127 	 27
1788205223664 	 296 	 200 	 128 	 26
1788205223659 	 384 	 200 	 129 	 26
1788205223039 	 1009 	 200 	 130 	 25
1788205223554 	 504 	 200 	 131 	 24
1788205223645 	 593 	 200 	 132 	 24
1788205223764 	 475 	 200 	 133 	 23
1788205223542 	 701 	 200 	 134 	 22
1788205223447 	 797 	 200 	 135 	 21
1788205223760 	 490 	 200 	 136 	 20
1788205223958 	 305 	 200 	 137 	 19
1788205223944 	 389 	 200 	 138 	 18
1788205223754 	 584 	 200 	 139 	 17
1788205223896 	 448 	 200 	 140 	 16
1788205223953 	 395 	 200 	 141 	 15
1788205224045 	 306 	 200 	 141 	 14
1788205224054 	 377 	 200 	 141 	 13
1788205223963 	 474 	 200 	 141 	 12
1788205224241 	 204 	 200 	 141 	 11
1788205224061 	 386 	 200 	 141 	 10
1788205224346 	 148 	 200 	 141 	 9
1788205224242 	 300 	 200 	 141 	 8
1788205224265 	 277 	 200 	 141 	 7
1788205224245 	 298 	 200 	 141 	 6
1788205224248 	 295 	 200 	 141 	 5
1788205224335 	 209 	 200 	 141 	 4
1788205224252 	 294 	 200 	 141 	 3
1788205224340 	 211 	 200 	 141 	 2
1788205224924 	 25 	 200 	 142 	 2
1788205225144 	 18 	 200 	 143 	 2
1788205225239 	 16 	 200 	 144 	 2
1788205222159 	 3104 	 200 	 144 	 1
1788205222358 	 2908 	 200 	 144 	 0
1788205225549 	 43 	 200 	 145 	 0
1788205226073 	 39 	 200 	 146 	 0
1788205226163 	 27 	 200 	 147 	 0
1788205226312 	 39 	 200 	 148 	 0
1788205228445 	 16 	 200 	 149 	 0
1788205228863 	 17 	 200 	 150 	 0
1788205229094 	 29 	 200 	 151 	 0
1788205229385 	 26 	 200 	 155 	 4
1788205229395 	 19 	 200 	 157 	 4
1788205229389 	 30 	 200 	 158 	 4
1788205229409 	 21 	 200 	 158 	 3
1788205229413 	 18 	 200 	 158 	 2
1788205229418 	 16 	 200 	 159 	 2
1788205229416 	 18 	 200 	 159 	 1
1788205229433 	 14 	 200 	 160 	 1
1788205229436 	 12 	 200 	 160 	 0
1788205229472 	 30 	 200 	 163 	 2
1788205229501 	 30 	 200 	 167 	 5
1788205229506 	 24 	 200 	 167 	 4
1788205229504 	 30 	 200 	 167 	 3
1788205229529 	 20 	 200 	 167 	 2
1788205229523 	 27 	 200 	 167 	 1
1788205229527 	 24 	 200 	 167 	 0
1788205229570 	 17 	 200 	 169 	 1
1788205229583 	 23 	 200 	 170 	 1
1788205229592 	 16 	 200 	 170 	 0
1788205229615 	 12 	 200 	 171 	 0
1788205229645 	 18 	 200 	 174 	 2
1788205229643 	 21 	 200 	 174 	 1
1788205229640 	 25 	 200 	 174 	 0
1788205229865 	 24 	 200 	 175 	 0
1788205230117 	 34 	 200 	 176 	 0
1788205230639 	 39 	 200 	 177 	 0
1788205231087 	 17 	 200 	 178 	 0
1788205232746 	 41 	 200 	 182 	 3
1788205232759 	 29 	 200 	 182 	 2
1788205232753 	 38 	 200 	 182 	 1
1788205232788 	 15 	 200 	 184 	 2
1788205232796 	 14 	 200 	 185 	 2
1788205232793 	 19 	 200 	 185 	 1
1788205232805 	 29 	 200 	 188 	 3
1788205232813 	 21 	 200 	 188 	 2
1788205232822 	 29 	 200 	 188 	 1
1788205232818 	 34 	 200 	 188 	 0
1788205232861 	 14 	 200 	 190 	 1
1788205232870 	 12 	 200 	 190 	 0
1788205232899 	 34 	 200 	 193 	 2
1788205232913 	 23 	 200 	 193 	 1
1788205232911 	 35 	 200 	 193 	 0
1788205233021 	 33 	 200 	 194 	 0
1788205234411 	 31 	 200 	 195 	 0
1788205235453 	 13 	 200 	 196 	 0
1788205236210 	 23 	 200 	 197 	 0
1788205236282 	 14 	 200 	 198 	 0
1788205236548 	 24 	 200 	 199 	 0
1788205236644 	 40 	 200 	 200 	 0
1788205236849 	 33 	 200 	 202 	 1
1788205236873 	 24 	 200 	 202 	 0
1788205237063 	 13 	 200 	 203 	 0
1788205238754 	 36 	 200 	 204 	 0
1788205238875 	 12 	 200 	 205 	 0
1788205239489 	 33 	 200 	 206 	 0
1788205239731 	 22 	 200 	 207 	 0
1788205239951 	 31 	 200 	 208 	 0
1788205241213 	 35 	 200 	 212 	 3
1788205241225 	 43 	 200 	 213 	 3
1788205241251 	 18 	 200 	 213 	 2
1788205241244 	 27 	 200 	 213 	 1
1788205241246 	 27 	 200 	 213 	 0
1788205241303 	 16 	 200 	 215 	 1
1788205241316 	 16 	 200 	 216 	 1
1788205241328 	 14 	 200 	 216 	 0
1788205241349 	 14 	 200 	 219 	 2
1788205241350 	 16 	 200 	 219 	 1
1788205241363 	 20 	 200 	 220 	 1
1788205241373 	 15 	 200 	 220 	 0
1788205241402 	 16 	 200 	 222 	 1
1788205241405 	 15 	 200 	 222 	 0
1788205241453 	 20 	 200 	 226 	 3
1788205241454 	 21 	 200 	 226 	 2
1788205241457 	 19 	 200 	 226 	 1
1788205241471 	 14 	 200 	 226 	 0
1788205241488 	 14 	 200 	 229 	 2
1788205241492 	 15 	 200 	 229 	 1
1788205241494 	 17 	 200 	 229 	 0
1788205241527 	 13 	 200 	 231 	 1
1788205241531 	 14 	 200 	 232 	 1
1788205241545 	 21 	 200 	 233 	 2
1788205241559 	 13 	 200 	 234 	 1
1788205241567 	 15 	 200 	 235 	 1
1788205241581 	 15 	 200 	 236 	 1
1788205241592 	 15 	 200 	 236 	 0
1788205241633 	 13 	 200 	 238 	 1
1788205241636 	 13 	 200 	 238 	 0
1788205241655 	 17 	 200 	 241 	 2
1788205241667 	 20 	 200 	 242 	 2
1788205241683 	 15 	 200 	 244 	 3
1788205241715 	 29 	 200 	 247 	 5
1788205241716 	 28 	 200 	 247 	 4
1788205241689 	 105 	 200 	 247 	 3
1788205241726 	 170 	 200 	 248 	 3
1788205241823 	 128 	 200 	 252 	 6
1788205241911 	 41 	 200 	 252 	 5
1788205241907 	 138 	 200 	 257 	 9
1788205241915 	 133 	 200 	 257 	 8
1788205241956 	 141 	 200 	 260 	 10
1788205241988 	 112 	 200 	 260 	 9
1788205242026 	 121 	 200 	 260 	 8
1788205242029 	 119 	 200 	 260 	 7
1788205242056 	 95 	 200 	 260 	 6
1788205242019 	 135 	 200 	 261 	 6
1788205241906 	 292 	 200 	 264 	 8
1788205242074 	 125 	 200 	 264 	 7
1788205242088 	 112 	 200 	 265 	 7
1788205242170 	 264 	 200 	 274 	 25
1788205242261 	 174 	 200 	 275 	 24
1788205242154 	 301 	 200 	 276 	 24
1788205242170 	 288 	 200 	 277 	 23
1788205242195 	 338 	 200 	 278 	 29
1788205242217 	 320 	 200 	 279 	 28
1788205242259 	 289 	 200 	 280 	 28
1788205242266 	 290 	 200 	 281 	 27
1788205242263 	 377 	 200 	 282 	 33
1788205242202 	 440 	 200 	 283 	 32
1788205242277 	 368 	 200 	 284 	 31
1788205241659 	 990 	 200 	 285 	 30
1788205242295 	 359 	 200 	 286 	 29
1788205242314 	 429 	 200 	 287 	 31
1788205242281 	 463 	 200 	 288 	 30
1788205242535 	 218 	 200 	 289 	 29
1788205242551 	 215 	 200 	 290 	 30
1788205242656 	 111 	 200 	 291 	 29
1788205242436 	 407 	 200 	 292 	 35
1788205242461 	 389 	 200 	 293 	 34
1788205242437 	 419 	 200 	 294 	 33
1788205242538 	 309 	 200 	 295 	 32
1788205242458 	 400 	 200 	 296 	 31
1788205242650 	 299 	 200 	 297 	 32
1788205242750 	 206 	 200 	 298 	 31
1788205242559 	 404 	 200 	 299 	 30
1788205242642 	 392 	 200 	 300 	 33
1788205242769 	 265 	 200 	 301 	 32
1788205242644 	 395 	 200 	 302 	 31
1788205242861 	 177 	 200 	 303 	 30
1788205242769 	 270 	 200 	 304 	 29
1788205242755 	 282 	 200 	 305 	 28
1788205242859 	 191 	 200 	 306 	 27
1788205242647 	 488 	 200 	 307 	 30
1788205242852 	 284 	 200 	 308 	 29
1788205243038 	 163 	 200 	 309 	 31
1788205242959 	 274 	 200 	 310 	 32
1788205242952 	 290 	 200 	 311 	 32
1788205242964 	 284 	 200 	 312 	 31
1788205243036 	 216 	 200 	 313 	 30
1788205242746 	 500 	 200 	 314 	 29
1788205242855 	 392 	 200 	 315 	 28
1788205242863 	 395 	 200 	 316 	 27
1788205243041 	 217 	 200 	 317 	 26
1788205243142 	 117 	 200 	 318 	 25
1788205243202 	 133 	 200 	 319 	 29
1788205243245 	 96 	 200 	 320 	 31
1788205243258 	 97 	 200 	 321 	 32
1788205243048 	 351 	 200 	 322 	 32
1788205243255 	 196 	 200 	 323 	 34
1788205243262 	 190 	 200 	 324 	 33
1788205243263 	 194 	 200 	 325 	 33
1788205243040 	 459 	 200 	 326 	 32
1788205243043 	 508 	 200 	 327 	 33
1788205243260 	 341 	 200 	 328 	 34
1788205243336 	 313 	 200 	 329 	 35
1788205243235 	 419 	 200 	 330 	 34
1788205243357 	 337 	 200 	 331 	 37
1788205243402 	 340 	 200 	 332 	 39
1788205243139 	 608 	 200 	 333 	 39
1788205243454 	 299 	 200 	 334 	 39
1788205243052 	 706 	 200 	 335 	 38
1788205243459 	 297 	 200 	 336 	 37
1788205243343 	 418 	 200 	 337 	 36
1788205243251 	 506 	 200 	 338 	 36
1788205243650 	 202 	 200 	 339 	 40
1788205243257 	 678 	 200 	 340 	 47
1788205243501 	 434 	 200 	 341 	 46
1788205243456 	 485 	 200 	 342 	 45
1788205243553 	 393 	 200 	 343 	 44
1788205243696 	 256 	 200 	 344 	 43
1788205243603 	 353 	 200 	 345 	 42
1788205243750 	 244 	 200 	 346 	 46
1788205243656 	 380 	 200 	 347 	 49
1788205243768 	 279 	 200 	 348 	 48
1788205243755 	 299 	 200 	 349 	 47
1788205243744 	 389 	 200 	 350 	 51
1788205243765 	 370 	 200 	 351 	 50
1788205243760 	 384 	 200 	 352 	 49
1788205243855 	 300 	 200 	 353 	 51
1788205243943 	 218 	 200 	 354 	 51
1788205243939 	 292 	 200 	 355 	 56
1788205243997 	 242 	 200 	 356 	 55
1788205243763 	 490 	 200 	 357 	 55
1788205243948 	 306 	 200 	 358 	 54
1788205243958 	 379 	 200 	 359 	 60
1788205244049 	 289 	 200 	 360 	 59
1788205244234 	 121 	 200 	 361 	 58
1788205244038 	 401 	 200 	 362 	 67
1788205244138 	 313 	 200 	 363 	 68
1788205244137 	 314 	 200 	 364 	 67
1788205244158 	 301 	 200 	 365 	 66
1788205244240 	 220 	 200 	 366 	 65
1788205244147 	 317 	 200 	 367 	 64
1788205244255 	 281 	 200 	 368 	 69
1788205244164 	 376 	 200 	 369 	 68
1788205243954 	 594 	 200 	 370 	 69
1788205243937 	 617 	 200 	 371 	 69
1788205244056 	 501 	 200 	 372 	 69
1788205244357 	 242 	 200 	 373 	 68
1788205244343 	 291 	 200 	 374 	 71
1788205244340 	 301 	 200 	 375 	 70
1788205244454 	 187 	 200 	 376 	 69
1788205244538 	 107 	 200 	 377 	 68
1788205244542 	 207 	 200 	 378 	 71
1788205244443 	 309 	 200 	 379 	 70
1788205244258 	 537 	 200 	 380 	 71
1788205244601 	 342 	 200 	 381 	 77
1788205244468 	 478 	 200 	 382 	 76
1788205244645 	 304 	 200 	 383 	 75
1788205244557 	 395 	 200 	 384 	 74
1788205244647 	 313 	 200 	 385 	 73
1788205244643 	 392 	 200 	 386 	 78
1788205244635 	 401 	 200 	 387 	 77
1788205244754 	 290 	 200 	 388 	 76
1788205244560 	 483 	 200 	 389 	 75
1788205244462 	 677 	 200 	 390 	 86
1788205244962 	 178 	 200 	 391 	 85
1788205244797 	 441 	 200 	 392 	 92
1788205245037 	 203 	 200 	 393 	 92
1788205244951 	 293 	 200 	 394 	 91
1788205244944 	 300 	 200 	 395 	 90
1788205245049 	 199 	 200 	 396 	 89
1788205244955 	 341 	 200 	 397 	 90
1788205244550 	 781 	 200 	 398 	 93
1788205245041 	 302 	 200 	 399 	 93
1788205245046 	 298 	 200 	 400 	 92
1788205245247 	 110 	 200 	 401 	 91
1788205244751 	 688 	 200 	 402 	 93
1788205245243 	 255 	 200 	 403 	 100
1788205241694 	 3849 	 200 	 404 	 104
1788205244458 	 1093 	 200 	 405 	 105
1788205245147 	 404 	 200 	 406 	 104
1788205245346 	 250 	 200 	 407 	 110
1788205245334 	 263 	 200 	 408 	 109
1788205244958 	 680 	 200 	 409 	 112
1788205245246 	 395 	 200 	 410 	 111
1788205245346 	 308 	 200 	 411 	 111
1788205245545 	 109 	 200 	 412 	 110
1788205245359 	 337 	 200 	 413 	 114
1788205245598 	 149 	 200 	 414 	 114
1788205245598 	 156 	 200 	 415 	 113
1788205245500 	 341 	 200 	 416 	 112
1788205245641 	 301 	 200 	 417 	 117
1788205245642 	 307 	 200 	 418 	 116
1788205245656 	 291 	 200 	 419 	 115
1788205245749 	 202 	 200 	 420 	 114
1788205245756 	 202 	 200 	 421 	 113
1788205245698 	 263 	 200 	 422 	 112
1788205245556 	 495 	 200 	 423 	 120
1788205244465 	 1590 	 200 	 424 	 120
1788205245241 	 902 	 200 	 425 	 124
1788205245657 	 490 	 200 	 426 	 123
1788205245960 	 184 	 200 	 427 	 122
1788205245250 	 900 	 200 	 428 	 121
1788205245954 	 248 	 200 	 429 	 125
1788205245442 	 802 	 200 	 430 	 125
1788205245944 	 303 	 200 	 431 	 125
1788205245553 	 789 	 200 	 432 	 130
1788205246054 	 291 	 200 	 433 	 129
1788205246150 	 199 	 200 	 434 	 128
1788205246153 	 197 	 200 	 435 	 128
1788205245956 	 484 	 200 	 436 	 130
1788205245951 	 494 	 200 	 437 	 129
1788205246145 	 352 	 200 	 438 	 134
1788205246355 	 148 	 200 	 439 	 133
1788205246345 	 199 	 200 	 440 	 133
1788205246347 	 250 	 200 	 441 	 134
1788205246204 	 394 	 200 	 442 	 134
1788205246057 	 543 	 200 	 443 	 133
1788205245842 	 796 	 200 	 444 	 133
1788205246251 	 399 	 200 	 445 	 133
1788205245963 	 687 	 200 	 446 	 132
1788205246352 	 343 	 200 	 447 	 134
1788205246447 	 249 	 200 	 448 	 133
1788205246500 	 242 	 200 	 449 	 134
1788205246443 	 307 	 200 	 450 	 133
1788205246155 	 600 	 200 	 451 	 132
1788205246601 	 252 	 200 	 452 	 138
1788205246698 	 199 	 200 	 453 	 139
1788205246505 	 437 	 200 	 454 	 142
1788205246546 	 405 	 200 	 455 	 143
1788205246655 	 385 	 200 	 456 	 147
1788205246246 	 796 	 200 	 457 	 146
1788205246899 	 143 	 200 	 458 	 145
1788205246855 	 192 	 200 	 459 	 145
1788205246600 	 459 	 200 	 460 	 145
1788205246698 	 364 	 200 	 461 	 144
1788205246944 	 188 	 200 	 462 	 148
1788205246653 	 487 	 200 	 463 	 148
1788205246757 	 384 	 200 	 464 	 147
1788205246744 	 399 	 200 	 465 	 146
1788205246953 	 194 	 200 	 466 	 145
1788205247050 	 101 	 200 	 467 	 144
1788205247044 	 112 	 200 	 468 	 143
1788205247134 	 67 	 200 	 469 	 145
1788205247160 	 138 	 200 	 470 	 154
1788205247144 	 158 	 200 	 471 	 153
1788205247142 	 208 	 200 	 472 	 156
1788205246753 	 600 	 200 	 473 	 157
1788205246640 	 714 	 200 	 474 	 156
1788205247300 	 100 	 200 	 475 	 161
1788205247402 	 92 	 200 	 476 	 163
1788205247064 	 430 	 200 	 477 	 162
1788205247042 	 453 	 200 	 478 	 162
1788205247149 	 357 	 200 	 479 	 164
1788205247146 	 397 	 200 	 480 	 168
1788205247303 	 247 	 200 	 481 	 167
1788205247153 	 401 	 200 	 482 	 166
1788205247061 	 492 	 200 	 483 	 165
1788205247203 	 354 	 200 	 484 	 164
1788205247044 	 595 	 200 	 485 	 167
1788205247498 	 148 	 200 	 486 	 167
1788205247496 	 151 	 200 	 487 	 166
1788205247508 	 145 	 200 	 488 	 165
1788205247351 	 302 	 200 	 489 	 164
1788205247648 	 104 	 200 	 490 	 170
1788205247650 	 109 	 200 	 491 	 169
1788205247562 	 283 	 200 	 492 	 177
1788205247641 	 207 	 200 	 493 	 177
1788205247552 	 297 	 200 	 494 	 176
1788205247758 	 93 	 200 	 495 	 175
1788205247356 	 497 	 200 	 496 	 174
1788205247761 	 97 	 200 	 497 	 173
1788205247656 	 283 	 200 	 498 	 174
1788205247846 	 108 	 200 	 499 	 174
1788205247559 	 400 	 200 	 500 	 174
1788205247544 	 418 	 200 	 501 	 173
1788205247849 	 118 	 200 	 502 	 172
1788205247357 	 682 	 200 	 503 	 176
1788205247969 	 126 	 200 	 504 	 176
1788205247957 	 182 	 200 	 505 	 178
1788205248098 	 46 	 200 	 506 	 177
1788205247857 	 289 	 200 	 507 	 176
1788205245299 	 2848 	 200 	 508 	 175
1788205247496 	 653 	 200 	 509 	 175
1788205247853 	 302 	 200 	 510 	 174
1788205247966 	 194 	 200 	 511 	 173
1788205247943 	 219 	 200 	 512 	 172
1788205247656 	 509 	 200 	 513 	 171
1788205248040 	 125 	 200 	 514 	 170
1788205248146 	 95 	 200 	 515 	 175
1788205248162 	 80 	 200 	 516 	 175
1788205248143 	 106 	 200 	 517 	 176
1788205247556 	 698 	 200 	 518 	 176
1788205248167 	 98 	 200 	 519 	 175
1788205248150 	 186 	 200 	 520 	 180
1788205248158 	 179 	 200 	 521 	 180
1788205247860 	 478 	 200 	 522 	 179
1788205248242 	 97 	 200 	 523 	 178
1788205248250 	 146 	 200 	 524 	 178
1788205248266 	 167 	 200 	 525 	 180
1788205248257 	 176 	 200 	 526 	 179
1788205248340 	 115 	 200 	 527 	 178
1788205247851 	 645 	 200 	 528 	 180
1788205248340 	 155 	 200 	 529 	 179
1788205248399 	 145 	 200 	 530 	 180
1788205248436 	 113 	 200 	 531 	 179
1788205248337 	 205 	 200 	 532 	 178
1788205248342 	 223 	 200 	 533 	 177
1788205248165 	 474 	 200 	 534 	 185
1788205248148 	 499 	 200 	 535 	 184
1788205248553 	 96 	 200 	 536 	 183
1788205248545 	 110 	 200 	 537 	 183
1788205247962 	 733 	 200 	 538 	 182
1788205248498 	 244 	 200 	 539 	 190
1788205248457 	 289 	 200 	 540 	 189
1788205248550 	 202 	 200 	 541 	 188
1788205248435 	 323 	 200 	 542 	 187
1788205248168 	 629 	 200 	 543 	 187
1788205248243 	 592 	 200 	 544 	 188
1788205248151 	 690 	 200 	 545 	 187
1788205248567 	 274 	 200 	 546 	 186
1788205248651 	 192 	 200 	 547 	 185
1788205248498 	 367 	 200 	 548 	 184
1788205248648 	 218 	 200 	 549 	 183
1788205248748 	 186 	 200 	 550 	 183
1788205248745 	 188 	 200 	 551 	 182
1788205248844 	 103 	 200 	 552 	 181
1788205248759 	 194 	 200 	 553 	 180
1788205248836 	 210 	 200 	 554 	 185
1788205248659 	 392 	 200 	 555 	 184
1788205248697 	 359 	 200 	 556 	 183
1788205246598 	 2539 	 200 	 557 	 188
1788205248868 	 288 	 200 	 558 	 190
1788205248640 	 557 	 200 	 559 	 191
1788205248798 	 404 	 200 	 560 	 190
1788205248755 	 495 	 200 	 561 	 192
1788205248868 	 384 	 200 	 562 	 191
1788205248937 	 411 	 200 	 563 	 196
1788205249052 	 299 	 200 	 564 	 195
1788205249048 	 394 	 200 	 565 	 197
1788205248847 	 600 	 200 	 566 	 196
1788205248842 	 611 	 200 	 567 	 195
1788205248949 	 547 	 200 	 568 	 197
1788205248940 	 598 	 200 	 569 	 200
1788205249139 	 406 	 200 	 570 	 200
1788205249059 	 579 	 200 	 571 	 204
1788205249353 	 287 	 200 	 572 	 203
1788205249199 	 445 	 200 	 573 	 202
1788205249253 	 395 	 200 	 574 	 201
1788205249351 	 301 	 200 	 575 	 202
1788205249204 	 531 	 200 	 576 	 205
1788205249445 	 299 	 200 	 577 	 205
1788205249256 	 493 	 200 	 578 	 204
1788205249643 	 113 	 200 	 579 	 205
1788205249498 	 255 	 200 	 580 	 204
1788205249158 	 675 	 200 	 581 	 204
1788205249549 	 284 	 200 	 582 	 203
1788205249641 	 192 	 200 	 583 	 202
1788205248955 	 879 	 200 	 584 	 201
1788205249654 	 183 	 200 	 585 	 200
1788205249650 	 201 	 200 	 586 	 199
1788205249747 	 153 	 200 	 587 	 202
1788205249737 	 197 	 200 	 588 	 203
1788205249454 	 482 	 200 	 589 	 202
1788205249760 	 235 	 200 	 590 	 204
1788205249647 	 353 	 200 	 591 	 203
1788205249903 	 100 	 200 	 592 	 202
1788205249757 	 246 	 200 	 593 	 201
1788205249835 	 196 	 200 	 594 	 201
1788205249450 	 587 	 200 	 595 	 201
1788205249835 	 203 	 200 	 596 	 200
1788205249840 	 213 	 200 	 597 	 200
1788205249936 	 200 	 200 	 598 	 203
1788205249855 	 302 	 200 	 599 	 202
1788205249543 	 615 	 200 	 600 	 201
1788205249751 	 408 	 200 	 601 	 200
1788205249998 	 238 	 200 	 602 	 203
1788205249837 	 404 	 200 	 603 	 202
1788205250039 	 203 	 200 	 604 	 202
1788205250002 	 254 	 200 	 605 	 202
1788205250004 	 297 	 200 	 606 	 204
1788205250162 	 191 	 200 	 607 	 204
1788205249938 	 416 	 200 	 608 	 203
1788205250005 	 348 	 200 	 609 	 202
1788205250055 	 299 	 200 	 610 	 201
1788205249835 	 600 	 200 	 611 	 205
1788205250161 	 276 	 200 	 612 	 204
1788205250165 	 287 	 200 	 613 	 204
1788205250138 	 317 	 200 	 614 	 203
1788205250035 	 461 	 200 	 615 	 207
1788205250242 	 254 	 200 	 616 	 206
1788205250043 	 508 	 200 	 617 	 209
1788205250245 	 309 	 200 	 618 	 209
1788205250359 	 196 	 200 	 619 	 208
1788205250357 	 235 	 200 	 620 	 208
1788205250238 	 402 	 200 	 621 	 210
1788205250357 	 285 	 200 	 622 	 209
1788205250302 	 340 	 200 	 623 	 208
1788205250437 	 207 	 200 	 624 	 207
1788205250454 	 196 	 200 	 625 	 207
1788205250257 	 394 	 200 	 626 	 206
1788205250553 	 148 	 200 	 627 	 205
1788205250499 	 245 	 200 	 628 	 209
1788205250359 	 390 	 200 	 629 	 208
1788205250646 	 188 	 200 	 630 	 212
1788205250559 	 280 	 200 	 631 	 211
1788205250644 	 198 	 200 	 632 	 210
1788205250598 	 245 	 200 	 633 	 209
1788205250654 	 242 	 200 	 634 	 213
1788205250441 	 501 	 200 	 635 	 213
1788205250641 	 309 	 200 	 636 	 213
1788205250656 	 293 	 200 	 637 	 212
1788205250645 	 397 	 200 	 638 	 215
1788205250703 	 347 	 200 	 639 	 214
1788205250844 	 252 	 200 	 640 	 216
1788205250845 	 303 	 200 	 641 	 217
1788205250841 	 357 	 200 	 642 	 220
1788205250458 	 741 	 200 	 643 	 219
1788205250557 	 644 	 200 	 644 	 219
1788205250754 	 482 	 200 	 645 	 218
1788205251052 	 198 	 200 	 646 	 217
1788205251150 	 100 	 200 	 647 	 216
1788205251097 	 157 	 200 	 648 	 215
1788205250835 	 460 	 200 	 649 	 215
1788205251206 	 94 	 200 	 650 	 214
1788205250498 	 803 	 200 	 651 	 213
1788205250952 	 397 	 200 	 652 	 216
1788205251045 	 303 	 200 	 653 	 215
1788205250745 	 610 	 200 	 654 	 214
1788205251296 	 149 	 200 	 655 	 218
1788205251253 	 193 	 200 	 656 	 217
1788205251301 	 148 	 200 	 657 	 216
1788205251303 	 150 	 200 	 658 	 215
1788205251357 	 101 	 200 	 659 	 215
1788205251203 	 334 	 200 	 660 	 222
1788205251352 	 184 	 200 	 661 	 221
1788205251448 	 110 	 200 	 662 	 221
1788205251354 	 205 	 200 	 663 	 220
1788205251455 	 145 	 200 	 664 	 221
1788205251446 	 189 	 200 	 665 	 226
1788205251239 	 457 	 200 	 666 	 227
1788205251256 	 443 	 200 	 667 	 226
1788205251199 	 502 	 200 	 668 	 225
1788205250945 	 759 	 200 	 669 	 225
1788205251460 	 336 	 200 	 670 	 233
1788205251451 	 348 	 200 	 671 	 232
1788205251540 	 303 	 200 	 672 	 236
1788205251637 	 261 	 200 	 673 	 235
1788205251602 	 337 	 200 	 674 	 236
1788205251560 	 387 	 200 	 675 	 235
1788205251698 	 301 	 200 	 676 	 236
1788205251540 	 504 	 200 	 677 	 235
1788205251847 	 201 	 200 	 678 	 234
1788205251563 	 489 	 200 	 679 	 233
1788205251705 	 393 	 200 	 680 	 232
1788205252001 	 151 	 200 	 681 	 231
1788205251797 	 399 	 200 	 682 	 230
1788205251901 	 338 	 200 	 683 	 229
1788205251950 	 294 	 200 	 684 	 228
1788205251942 	 307 	 200 	 685 	 227
1788205251801 	 451 	 200 	 686 	 226
1788205251707 	 552 	 200 	 687 	 225
1788205252051 	 285 	 200 	 688 	 225
1788205252100 	 245 	 200 	 689 	 224
1788205245142 	 7210 	 200 	 690 	 223
1788205252047 	 308 	 200 	 691 	 222
1788205252154 	 296 	 200 	 692 	 221
1788205252054 	 395 	 200 	 693 	 220
1788205251255 	 1193 	 200 	 694 	 219
1788205252251 	 291 	 200 	 695 	 218
1788205252241 	 305 	 200 	 696 	 217
1788205252255 	 298 	 200 	 697 	 216
1788205251701 	 857 	 200 	 698 	 215
1788205252453 	 105 	 200 	 699 	 214
1788205252198 	 364 	 200 	 700 	 213
1788205252347 	 291 	 200 	 701 	 212
1788205252339 	 306 	 200 	 702 	 211
1788205250954 	 1694 	 200 	 703 	 210
1788205252355 	 380 	 200 	 704 	 209
1788205252544 	 190 	 200 	 705 	 208
1788205252357 	 383 	 200 	 706 	 207
1788205252260 	 488 	 200 	 707 	 206
1788205252453 	 384 	 200 	 708 	 206
1788205250898 	 1937 	 200 	 709 	 205
1788205252567 	 279 	 200 	 710 	 204
1788205252550 	 302 	 200 	 711 	 203
1788205252247 	 599 	 200 	 712 	 202
1788205252455 	 405 	 200 	 713 	 201
1788205252556 	 304 	 200 	 714 	 200
1788205252641 	 292 	 200 	 715 	 199
1788205252651 	 289 	 200 	 716 	 198
1788205252647 	 385 	 200 	 717 	 197
1788205252560 	 481 	 200 	 718 	 196
1788205252746 	 302 	 200 	 719 	 195
1788205252738 	 314 	 200 	 720 	 194
1788205252566 	 564 	 200 	 721 	 193
1788205252839 	 286 	 200 	 722 	 192
1788205252859 	 275 	 200 	 723 	 191
1788205252840 	 297 	 200 	 724 	 190
1788205252742 	 401 	 200 	 725 	 189
1788205252936 	 265 	 200 	 726 	 188
1788205252855 	 377 	 200 	 727 	 187
1788205252865 	 370 	 200 	 728 	 186
1788205252864 	 370 	 200 	 729 	 185
1788205252750 	 485 	 200 	 730 	 184
1788205253047 	 199 	 200 	 731 	 183
1788205252942 	 306 	 200 	 732 	 182
1788205253051 	 213 	 200 	 733 	 181
1788205253041 	 291 	 200 	 734 	 180
1788205253137 	 197 	 200 	 735 	 179
1788205253055 	 286 	 200 	 736 	 179
1788205253147 	 198 	 200 	 737 	 178
1788205252851 	 484 	 200 	 738 	 177
1788205253138 	 217 	 200 	 739 	 177
1788205253140 	 302 	 200 	 740 	 181
1788205253235 	 214 	 200 	 741 	 180
1788205253204 	 342 	 200 	 742 	 179
1788205253239 	 311 	 200 	 743 	 178
1788205253237 	 364 	 200 	 744 	 177
1788205253249 	 395 	 200 	 745 	 176
1788205253251 	 399 	 200 	 746 	 175
1788205253139 	 516 	 200 	 747 	 174
1788205253343 	 313 	 200 	 748 	 173
1788205253266 	 394 	 200 	 749 	 172
1788205253240 	 504 	 200 	 750 	 171
1788205253356 	 408 	 200 	 751 	 170
1788205253347 	 421 	 200 	 752 	 169
1788205253446 	 393 	 200 	 753 	 168
1788205253338 	 502 	 200 	 754 	 167
1788205253451 	 393 	 200 	 755 	 166
1788205253603 	 253 	 200 	 756 	 166
1788205253350 	 546 	 200 	 757 	 165
1788205253770 	 174 	 200 	 758 	 164
1788205253552 	 403 	 200 	 759 	 163
1788205253659 	 295 	 200 	 760 	 162
1788205253548 	 408 	 200 	 761 	 161
1788205253335 	 622 	 200 	 762 	 160
1788205253766 	 271 	 200 	 763 	 159
1788205253656 	 387 	 200 	 764 	 158
1788205253652 	 399 	 200 	 765 	 157
1788205253663 	 393 	 200 	 766 	 156
1788205253964 	 191 	 200 	 767 	 155
1788205253857 	 341 	 200 	 768 	 154
1788205253646 	 599 	 200 	 769 	 154
1788205253898 	 351 	 200 	 770 	 153
1788205253746 	 507 	 200 	 771 	 152
1788205253962 	 332 	 200 	 772 	 151
1788205253846 	 493 	 200 	 773 	 150
1788205254157 	 186 	 200 	 774 	 149
1788205253967 	 384 	 200 	 775 	 148
1788205254041 	 314 	 200 	 776 	 147
1788205254252 	 108 	 200 	 777 	 146
1788205253960 	 406 	 200 	 778 	 145
1788205253843 	 526 	 200 	 779 	 144
1788205254059 	 311 	 200 	 780 	 143
1788205254202 	 234 	 200 	 781 	 142
1788205253947 	 491 	 200 	 782 	 141
1788205254341 	 195 	 200 	 783 	 140
1788205254047 	 492 	 200 	 784 	 139
1788205254053 	 491 	 200 	 785 	 138
1788205253843 	 707 	 200 	 786 	 137
1788205254256 	 379 	 200 	 787 	 136
1788205254348 	 289 	 200 	 788 	 135
1788205254357 	 289 	 200 	 789 	 134
1788205254363 	 283 	 200 	 790 	 133
1788205254372 	 364 	 200 	 791 	 133
1788205254374 	 361 	 200 	 792 	 132
1788205254248 	 494 	 200 	 793 	 131
1788205254552 	 196 	 200 	 794 	 130
1788205254368 	 373 	 200 	 795 	 129
1788205254296 	 458 	 200 	 796 	 128
1788205254444 	 309 	 200 	 797 	 127
1788205254441 	 317 	 200 	 798 	 126
1788205254547 	 286 	 200 	 799 	 125
1788205254543 	 292 	 200 	 800 	 124
1788205254643 	 191 	 200 	 801 	 123
1788205254538 	 297 	 200 	 802 	 122
1788205254353 	 481 	 200 	 803 	 121
1788205254639 	 306 	 200 	 804 	 120
1788205254652 	 292 	 200 	 805 	 119
1788205254649 	 297 	 200 	 806 	 118
1788205254747 	 202 	 200 	 807 	 117
1788205254840 	 198 	 200 	 808 	 116
1788205254838 	 206 	 200 	 809 	 115
1788205254838 	 300 	 200 	 810 	 114
1788205254954 	 282 	 200 	 811 	 115
1788205254759 	 479 	 200 	 812 	 114
1788205254841 	 403 	 200 	 813 	 114
1788205254744 	 504 	 200 	 814 	 113
1788205254739 	 514 	 200 	 815 	 112
1788205254752 	 581 	 200 	 816 	 116
1788205254952 	 383 	 200 	 817 	 115
1788205255040 	 392 	 200 	 818 	 121
1788205254835 	 599 	 200 	 819 	 121
1788205254949 	 486 	 200 	 820 	 120
1788205254956 	 479 	 200 	 821 	 119
1788205254750 	 696 	 200 	 822 	 119
1788205254762 	 694 	 200 	 823 	 118
1788205255141 	 315 	 200 	 824 	 117
1788205255434 	 111 	 200 	 825 	 120
1788205255045 	 515 	 200 	 826 	 120
1788205255251 	 322 	 200 	 827 	 120
1788205255246 	 398 	 200 	 828 	 122
1788205255437 	 212 	 200 	 829 	 121
1788205255242 	 408 	 200 	 830 	 122
1788205254757 	 903 	 200 	 831 	 121
1788205255576 	 167 	 200 	 832 	 122
1788205255335 	 420 	 200 	 833 	 122
1788205255435 	 319 	 200 	 834 	 121
1788205255255 	 505 	 200 	 835 	 120
1788205255238 	 603 	 200 	 836 	 120
1788205255459 	 387 	 200 	 837 	 119
1788205255758 	 190 	 200 	 838 	 125
1788205255661 	 287 	 200 	 839 	 124
1788205255657 	 298 	 200 	 840 	 123
1788205255653 	 303 	 200 	 841 	 123
1788205255462 	 499 	 200 	 842 	 122
1788205255562 	 401 	 200 	 843 	 121
1788205255746 	 306 	 200 	 844 	 123
1788205255337 	 718 	 200 	 845 	 124
1788205255449 	 624 	 200 	 846 	 125
1788205255763 	 385 	 200 	 847 	 129
1788205255438 	 712 	 200 	 848 	 128
1788205255547 	 610 	 200 	 849 	 127
1788205255967 	 372 	 200 	 850 	 138
1788205255647 	 697 	 200 	 851 	 137
1788205256057 	 290 	 200 	 852 	 136
1788205255963 	 387 	 200 	 853 	 136
1788205256161 	 195 	 200 	 854 	 135
1788205255954 	 407 	 200 	 855 	 134
1788205255951 	 481 	 200 	 856 	 136
1788205255843 	 591 	 200 	 857 	 135
1788205256060 	 375 	 200 	 858 	 134
1788205255959 	 485 	 200 	 859 	 135
1788205255757 	 690 	 200 	 860 	 135
1788205256156 	 297 	 200 	 861 	 134
1788205255966 	 567 	 200 	 862 	 140
1788205256342 	 201 	 200 	 863 	 139
1788205256346 	 200 	 200 	 864 	 138
1788205256076 	 481 	 200 	 865 	 137
1788205255848 	 713 	 200 	 866 	 136
1788205256350 	 215 	 200 	 867 	 135
1788205256152 	 482 	 200 	 868 	 139
1788205256358 	 286 	 200 	 869 	 138
1788205256447 	 285 	 200 	 870 	 142
1788205256354 	 382 	 200 	 871 	 141
1788205256364 	 376 	 200 	 872 	 141
1788205256438 	 322 	 200 	 873 	 141
1788205256435 	 398 	 200 	 874 	 147
1788205256560 	 284 	 200 	 875 	 148
1788205256535 	 329 	 200 	 876 	 149
1788205256545 	 319 	 200 	 877 	 149
1788205256435 	 432 	 200 	 878 	 148
1788205256455 	 484 	 200 	 879 	 150
1788205256550 	 390 	 200 	 880 	 149
1788205256564 	 388 	 200 	 881 	 150
1788205256452 	 509 	 200 	 882 	 149
1788205256870 	 160 	 200 	 883 	 160
1788205256647 	 394 	 200 	 884 	 160
1788205256739 	 305 	 200 	 885 	 159
1788205256762 	 283 	 200 	 886 	 158
1788205256846 	 199 	 200 	 887 	 157
1788205256735 	 309 	 200 	 888 	 156
1788205256743 	 307 	 200 	 889 	 156
1788205256870 	 192 	 200 	 890 	 155
1788205256569 	 483 	 200 	 891 	 155
1788205256866 	 198 	 200 	 892 	 154
1788205256955 	 112 	 200 	 893 	 153
1788205256638 	 434 	 200 	 894 	 152
1788205257070 	 112 	 200 	 895 	 157
1788205257035 	 198 	 200 	 896 	 159
1788205256941 	 294 	 200 	 897 	 158
1788205257046 	 191 	 200 	 898 	 157
1788205257049 	 190 	 200 	 899 	 157
1788205256836 	 406 	 200 	 900 	 156
1788205256964 	 281 	 200 	 901 	 155
1788205256943 	 308 	 200 	 902 	 154
1788205257240 	 96 	 200 	 903 	 159
1788205257234 	 104 	 200 	 904 	 158
1788205257054 	 286 	 200 	 905 	 157
1788205257057 	 287 	 200 	 906 	 156
1788205257062 	 276 	 200 	 907 	 155
1788205257044 	 301 	 200 	 908 	 154
1788205257075 	 279 	 200 	 909 	 155
1788205257072 	 289 	 200 	 910 	 154
1788205257184 	 250 	 200 	 911 	 155
1788205257067 	 367 	 200 	 912 	 154
1788205257077 	 362 	 200 	 913 	 153
1788205257244 	 195 	 200 	 914 	 152
1788205257242 	 197 	 200 	 915 	 151
1788205257236 	 207 	 200 	 916 	 150
1788205257248 	 197 	 200 	 917 	 149
1788205257337 	 163 	 200 	 918 	 148
1788205257252 	 295 	 200 	 919 	 147
1788205257348 	 285 	 200 	 920 	 146
1788205257356 	 290 	 200 	 921 	 145
1788205257343 	 315 	 200 	 922 	 144
1788205257436 	 268 	 200 	 923 	 143
1788205257360 	 374 	 200 	 924 	 142
1788205257351 	 383 	 200 	 925 	 141
1788205257441 	 303 	 200 	 926 	 140
1788205257340 	 413 	 200 	 927 	 139
1788205257445 	 391 	 200 	 928 	 140
1788205257442 	 395 	 200 	 929 	 139
1788205257446 	 398 	 200 	 930 	 138
1788205257364 	 486 	 200 	 931 	 137
1788205257502 	 354 	 200 	 932 	 136
1788205257635 	 213 	 200 	 933 	 135
1788205257443 	 414 	 200 	 934 	 134
1788205257661 	 276 	 200 	 935 	 133
1788205257707 	 233 	 200 	 936 	 132
1788205257437 	 505 	 200 	 937 	 131
1788205257739 	 205 	 200 	 938 	 130
1788205257649 	 302 	 200 	 939 	 130
1788205257746 	 212 	 200 	 940 	 129
1788205257549 	 500 	 200 	 941 	 128
1788205257737 	 324 	 200 	 942 	 127
1788205257853 	 282 	 200 	 943 	 126
1788205257840 	 295 	 200 	 944 	 125
1788205257861 	 277 	 200 	 945 	 124
1788205257754 	 393 	 200 	 946 	 123
1788205257858 	 294 	 200 	 947 	 122
1788205257955 	 205 	 200 	 948 	 121
1788205257848 	 385 	 200 	 949 	 120
1788205257942 	 299 	 200 	 950 	 119
1788205257943 	 304 	 200 	 951 	 118
1788205257862 	 385 	 200 	 952 	 117
1788205258052 	 207 	 200 	 953 	 116
1788205258063 	 270 	 200 	 954 	 115
1788205257839 	 491 	 200 	 955 	 114
1788205258150 	 187 	 200 	 956 	 113
1788205257945 	 390 	 200 	 957 	 112
1788205258140 	 202 	 200 	 958 	 111
1788205257961 	 390 	 200 	 959 	 110
1788205258155 	 279 	 200 	 960 	 110
1788205257940 	 496 	 200 	 961 	 109
1788205258250 	 282 	 200 	 962 	 108
1788205258235 	 300 	 200 	 963 	 107
1788205258256 	 280 	 200 	 964 	 106
1788205258340 	 198 	 200 	 965 	 105
1788205258146 	 391 	 200 	 966 	 104
1788205258262 	 276 	 200 	 967 	 103
1788205258162 	 376 	 200 	 968 	 102
1788205258138 	 404 	 200 	 969 	 101
1788205258337 	 198 	 200 	 970 	 100
1788205258337 	 198 	 200 	 971 	 99
1788205258244 	 295 	 200 	 972 	 98
1788205258343 	 198 	 200 	 973 	 97
1788205258437 	 117 	 200 	 974 	 96
1788205258534 	 107 	 200 	 975 	 95
1788205258353 	 292 	 200 	 976 	 94
1788205258341 	 306 	 200 	 977 	 93
1788205258544 	 104 	 200 	 978 	 92
1788205258442 	 294 	 200 	 979 	 92
1788205258541 	 202 	 200 	 980 	 91
1788205258539 	 297 	 200 	 981 	 91
1788205258547 	 291 	 200 	 982 	 90
1788205258541 	 296 	 200 	 983 	 89
1788205258536 	 301 	 200 	 984 	 88
1788205258543 	 309 	 200 	 985 	 87
1788205258549 	 386 	 200 	 986 	 86
1788205258651 	 290 	 200 	 987 	 85
1788205258654 	 286 	 200 	 988 	 84
1788205258740 	 302 	 200 	 989 	 83
1788205258559 	 540 	 200 	 990 	 82
1788205258548 	 586 	 200 	 991 	 81
1788205258839 	 301 	 200 	 992 	 80
1788205258842 	 304 	 200 	 993 	 79
1788205258551 	 585 	 200 	 994 	 78
1788205258643 	 493 	 200 	 995 	 77
1788205258649 	 495 	 200 	 996 	 76
1788205258546 	 611 	 200 	 997 	 75
1788205258937 	 209 	 200 	 998 	 74
1788205258745 	 416 	 200 	 999 	 73
1788205258947 	 217 	 200 	 1000 	 72
1788205258843 	 330 	 200 	 1001 	 71
1788205258853 	 321 	 200 	 1002 	 70
1788205259101 	 138 	 200 	 1003 	 69
1788205259044 	 199 	 200 	 1004 	 68
1788205258944 	 301 	 200 	 1005 	 67
1788205259161 	 179 	 200 	 1006 	 66
1788205259149 	 193 	 200 	 1007 	 65
1788205258837 	 505 	 200 	 1008 	 64
1788205259147 	 266 	 200 	 1009 	 63
1788205259158 	 276 	 200 	 1010 	 62
1788205259171 	 263 	 200 	 1011 	 61
1788205259164 	 274 	 200 	 1012 	 60
1788205259155 	 280 	 200 	 1013 	 59
1788205259142 	 330 	 200 	 1014 	 58
1788205259250 	 283 	 200 	 1015 	 57
1788205259178 	 356 	 200 	 1016 	 56
1788205259176 	 360 	 200 	 1017 	 55
1788205259152 	 384 	 200 	 1018 	 54
1788205259344 	 230 	 200 	 1019 	 53
1788205259345 	 255 	 200 	 1020 	 52
1788205259437 	 165 	 200 	 1021 	 51
1788205259248 	 359 	 200 	 1022 	 50
1788205259241 	 366 	 200 	 1023 	 49
1788205259135 	 500 	 200 	 1024 	 48
1788205259436 	 202 	 200 	 1025 	 47
1788205259536 	 200 	 200 	 1026 	 46
1788205259538 	 199 	 200 	 1027 	 45
1788205259604 	 135 	 200 	 1028 	 44
1788205259440 	 303 	 200 	 1029 	 43
1788205259442 	 297 	 200 	 1030 	 42
1788205259536 	 215 	 200 	 1031 	 41
1788205259342 	 408 	 200 	 1032 	 40
1788205259439 	 307 	 200 	 1033 	 39
1788205259609 	 223 	 200 	 1034 	 38
1788205259475 	 363 	 200 	 1035 	 37
1788205259752 	 87 	 200 	 1036 	 36
1788205259638 	 207 	 200 	 1037 	 35
1788205259641 	 293 	 200 	 1038 	 34
1788205259601 	 339 	 200 	 1039 	 33
1788205259612 	 326 	 200 	 1040 	 32
1788205259753 	 195 	 200 	 1041 	 31
1788205259576 	 373 	 200 	 1042 	 30
1788205259745 	 290 	 200 	 1043 	 29
1788205259742 	 300 	 200 	 1044 	 28
1788205259840 	 274 	 200 	 1045 	 27
1788205259755 	 379 	 200 	 1046 	 26
1788205259835 	 368 	 200 	 1047 	 25
1788205259741 	 496 	 200 	 1048 	 24
1788205260117 	 185 	 200 	 1049 	 23
1788205259942 	 361 	 200 	 1050 	 22
1788205259755 	 555 	 200 	 1051 	 21
1788205259944 	 369 	 200 	 1052 	 20
1788205259749 	 564 	 200 	 1053 	 19
1788205259848 	 494 	 200 	 1054 	 18
1788205259844 	 500 	 200 	 1055 	 17
1788205260315 	 107 	 200 	 1056 	 16
1788205259951 	 474 	 200 	 1057 	 15
1788205260136 	 291 	 200 	 1057 	 14
1788205260037 	 390 	 200 	 1057 	 13
1788205260205 	 234 	 200 	 1057 	 12
1788205260305 	 192 	 200 	 1057 	 11
1788205260045 	 456 	 200 	 1057 	 10
1788205259937 	 566 	 200 	 1057 	 9
1788205259951 	 551 	 200 	 1057 	 8
1788205260311 	 200 	 200 	 1057 	 7
1788205260345 	 167 	 200 	 1057 	 6
1788205260319 	 225 	 200 	 1057 	 5
1788205260424 	 180 	 200 	 1057 	 4
1788205260349 	 262 	 200 	 1057 	 3
1788205260245 	 460 	 200 	 1057 	 2
1788205260317 	 613 	 200 	 1058 	 2
1788205260921 	 78 	 200 	 1058 	 1
1788205259539 	 1568 	 200 	 1058 	 0
1788205261221 	 26 	 200 	 1059 	 0
1788205261463 	 13 	 200 	 1060 	 0
1788205261835 	 24 	 200 	 1061 	 0
1788205261877 	 22 	 200 	 1062 	 0
1788205262361 	 17 	 200 	 1063 	 0
1788205263128 	 38 	 200 	 1064 	 0
1788205263549 	 34 	 200 	 1065 	 0
1788205264135 	 31 	 200 	 1066 	 0
1788205264646 	 15 	 200 	 1067 	 0
1788205264741 	 20 	 200 	 1068 	 0
1788205264982 	 13 	 200 	 1069 	 0
1788205265085 	 12 	 200 	 1070 	 0
1788205265251 	 18 	 200 	 1071 	 0
1788205265493 	 35 	 200 	 1072 	 0
1788205265708 	 24 	 200 	 1073 	 0
1788205265748 	 13 	 200 	 1074 	 0
1788205265970 	 27 	 200 	 1075 	 0
1788205266409 	 24 	 200 	 1076 	 0
1788205266595 	 32 	 200 	 1077 	 0
1788205266662 	 25 	 200 	 1078 	 0
1788205267687 	 13 	 200 	 1079 	 0
1788205267714 	 16 	 200 	 1082 	 2
1788205267717 	 14 	 200 	 1082 	 1
1788205267715 	 19 	 200 	 1082 	 0
1788205267737 	 12 	 200 	 1083 	 0
1788205267762 	 13 	 200 	 1085 	 1
1788205267774 	 12 	 200 	 1085 	 0
1788205267788 	 16 	 200 	 1087 	 1
1788205267800 	 14 	 200 	 1090 	 3
1788205267806 	 16 	 200 	 1090 	 2
1788205267808 	 15 	 200 	 1090 	 1
1788205267814 	 15 	 200 	 1090 	 0
1788205267831 	 11 	 200 	 1091 	 0
1788205268642 	 83 	 200 	 1092 	 0
1788205269153 	 32 	 200 	 1093 	 0
1788205270535 	 26 	 200 	 1094 	 0
1788205270902 	 35 	 200 	 1095 	 0
1788205271074 	 20 	 200 	 1096 	 0
1788205271419 	 20 	 200 	 1097 	 0
1788205271515 	 18 	 200 	 1098 	 0
1788205271942 	 33 	 200 	 1099 	 0
1788205272044 	 32 	 200 	 1100 	 0
1788205272090 	 13 	 200 	 1101 	 0
1788205272837 	 22 	 200 	 1102 	 0
1788205273020 	 26 	 200 	 1103 	 0
1788205273595 	 32 	 200 	 1105 	 1
1788205273620 	 17 	 200 	 1105 	 0
1788205273648 	 34 	 200 	 1106 	 0
1788205273703 	 14 	 200 	 1107 	 0
1788205273728 	 16 	 200 	 1109 	 1
1788205273742 	 13 	 200 	 1109 	 0
1788205273758 	 20 	 200 	 1111 	 1
1788205273758 	 22 	 200 	 1111 	 0
1788205273798 	 16 	 200 	 1112 	 0
1788205273825 	 17 	 200 	 1115 	 2
1788205273829 	 16 	 200 	 1115 	 1
1788205273832 	 16 	 200 	 1115 	 0
1788205273850 	 15 	 200 	 1119 	 3
1788205273856 	 20 	 200 	 1119 	 2
1788205273862 	 15 	 200 	 1119 	 1
1788205273862 	 17 	 200 	 1119 	 0
1788205273893 	 14 	 200 	 1121 	 1
1788205273905 	 19 	 200 	 1123 	 2
1788205273913 	 13 	 200 	 1123 	 1
1788205273915 	 15 	 200 	 1124 	 2
1788205273930 	 13 	 200 	 1125 	 1
1788205273931 	 20 	 200 	 1126 	 1
1788205273951 	 15 	 200 	 1128 	 2
1788205273955 	 13 	 200 	 1128 	 2
1788205273976 	 14 	 200 	 1130 	 2
1788205273969 	 37 	 200 	 1131 	 2
1788205273963 	 44 	 200 	 1131 	 1
1788205273996 	 12 	 200 	 1131 	 0
1788205274018 	 19 	 200 	 1136 	 4
1788205274031 	 20 	 200 	 1137 	 4
1788205274035 	 17 	 200 	 1137 	 3
1788205274032 	 20 	 200 	 1137 	 2
1788205274033 	 22 	 200 	 1137 	 1
1788205274067 	 15 	 200 	 1139 	 2
1788205274050 	 34 	 200 	 1139 	 1
1788205274071 	 15 	 200 	 1139 	 0
1788205274088 	 14 	 200 	 1141 	 1
1788205274098 	 15 	 200 	 1143 	 2
1788205274106 	 13 	 200 	 1143 	 1
1788205274111 	 14 	 200 	 1143 	 0
1788205274132 	 16 	 200 	 1147 	 3
1788205274134 	 14 	 200 	 1147 	 2
1788205274143 	 16 	 200 	 1147 	 1
1788205274147 	 14 	 200 	 1147 	 0
1788205274165 	 14 	 200 	 1149 	 1
1788205274175 	 12 	 200 	 1149 	 0
1788205274191 	 14 	 200 	 1152 	 2
1788205274192 	 15 	 200 	 1152 	 1
1788205274199 	 15 	 200 	 1154 	 2
1788205274213 	 26 	 200 	 1160 	 7
1788205274213 	 29 	 200 	 1160 	 6
1788205274218 	 27 	 200 	 1160 	 5
1788205274222 	 40 	 200 	 1162 	 6
1788205274235 	 28 	 200 	 1162 	 5
1788205274255 	 18 	 200 	 1163 	 5
1788205274224 	 75 	 200 	 1165 	 6
1788205274229 	 73 	 200 	 1165 	 5
1788205274237 	 66 	 200 	 1165 	 4
1788205274258 	 51 	 200 	 1165 	 3
1788205274294 	 17 	 200 	 1165 	 2
1788205274265 	 45 	 200 	 1165 	 1
1788205274284 	 38 	 200 	 1166 	 1
1788205274321 	 33 	 200 	 1168 	 2
1788205274347 	 14 	 200 	 1168 	 1
1788205274346 	 25 	 200 	 1168 	 0
1788205274376 	 13 	 200 	 1171 	 2
1788205274378 	 22 	 200 	 1171 	 1
1788205274377 	 23 	 200 	 1171 	 0
1788205274415 	 12 	 200 	 1172 	 0
1788205274445 	 15 	 200 	 1174 	 1
1788205274458 	 15 	 200 	 1175 	 1
1788205274471 	 13 	 200 	 1175 	 0
1788205274497 	 17 	 200 	 1180 	 4
1788205274500 	 15 	 200 	 1180 	 3
1788205274489 	 35 	 200 	 1180 	 2
1788205274499 	 27 	 200 	 1180 	 1
1788205274505 	 21 	 200 	 1180 	 0
1788205274530 	 14 	 200 	 1182 	 1
1788205274544 	 17 	 200 	 1182 	 0
1788205274571 	 28 	 200 	 1183 	 0
1788205274609 	 40 	 200 	 1187 	 3
1788205274611 	 40 	 200 	 1187 	 2
1788205274638 	 40 	 200 	 1190 	 4
1788205274642 	 41 	 200 	 1191 	 4
1788205274667 	 19 	 200 	 1192 	 4
1788205274674 	 15 	 200 	 1192 	 3
1788205274656 	 35 	 200 	 1193 	 3
1788205274680 	 16 	 200 	 1194 	 3
1788205274686 	 15 	 200 	 1194 	 2
1788205274695 	 18 	 200 	 1196 	 3
1788205274692 	 21 	 200 	 1196 	 2
1788205274706 	 40 	 200 	 1197 	 2
1788205274707 	 44 	 200 	 1197 	 1
1788205274718 	 36 	 200 	 1198 	 1
1788205274754 	 19 	 200 	 1199 	 1
1788205274760 	 14 	 200 	 1199 	 0
1788205274780 	 17 	 200 	 1200 	 0
1788205274805 	 12 	 200 	 1201 	 0
1788205274830 	 14 	 200 	 1205 	 3
1788205274835 	 17 	 200 	 1205 	 2
1788205274840 	 14 	 200 	 1206 	 2
1788205274837 	 22 	 200 	 1206 	 1
1788205274854 	 14 	 200 	 1206 	 0
1788205274875 	 14 	 200 	 1207 	 0
1788205274891 	 14 	 200 	 1209 	 1
1788205274894 	 25 	 200 	 1210 	 1
1788205274917 	 14 	 200 	 1211 	 1
1788205274927 	 13 	 200 	 1211 	 0
1788205274948 	 11 	 200 	 1212 	 0
1788205274969 	 13 	 200 	 1214 	 1
1788205274978 	 13 	 200 	 1214 	 0
1788205275017 	 35 	 200 	 1217 	 2
1788205275029 	 28 	 200 	 1218 	 2
1788205275044 	 20 	 200 	 1218 	 1
1788205275059 	 16 	 200 	 1218 	 0
1788205275089 	 15 	 200 	 1220 	 1
1788205275106 	 18 	 200 	 1224 	 4
1788205275104 	 21 	 200 	 1225 	 4
1788205275107 	 19 	 200 	 1225 	 4
1788205275116 	 17 	 200 	 1226 	 3
1788205275122 	 16 	 200 	 1227 	 3
1788205275128 	 20 	 200 	 1228 	 3
1788205275127 	 29 	 200 	 1230 	 4
1788205275138 	 22 	 200 	 1230 	 3
1788205275144 	 17 	 200 	 1230 	 2
1788205275153 	 41 	 200 	 1232 	 3
1788205275153 	 47 	 200 	 1232 	 2
1788205275181 	 20 	 200 	 1232 	 1
1788205275180 	 22 	 200 	 1232 	 0
1788205275211 	 12 	 200 	 1233 	 0
1788205275240 	 13 	 200 	 1234 	 0
1788205275255 	 15 	 200 	 1236 	 1
1788205275265 	 13 	 200 	 1237 	 1
1788205275275 	 13 	 200 	 1238 	 1
1788205275287 	 13 	 200 	 1238 	 0
1788205275310 	 13 	 200 	 1239 	 0
1788205275549 	 12 	 200 	 1240 	 0
1788205276214 	 30 	 200 	 1241 	 0
1788205276635 	 31 	 200 	 1242 	 0
1788205276790 	 23 	 200 	 1243 	 0
1788205277049 	 35 	 200 	 1244 	 0
1788205277139 	 22 	 200 	 1246 	 1
1788205277114 	 47 	 200 	 1246 	 0
1788205277183 	 12 	 200 	 1247 	 0
1788205278102 	 36 	 200 	 1248 	 0
1788205278270 	 46 	 200 	 1249 	 0
1788205278771 	 14 	 200 	 1250 	 0
1788205279052 	 25 	 200 	 1251 	 0
1788205279127 	 37 	 200 	 1252 	 0
1788205279241 	 19 	 200 	 1253 	 0
1788205279471 	 13 	 200 	 1254 	 0
1788205279704 	 20 	 200 	 1255 	 0
1788205279998 	 33 	 200 	 1256 	 0
1788205280068 	 22 	 200 	 1257 	 0
1788205280254 	 13 	 200 	 1258 	 0
1788205280387 	 35 	 200 	 1259 	 0
1788205280597 	 14 	 200 	 1260 	 0
1788205280763 	 27 	 200 	 1261 	 0
1788205281127 	 32 	 200 	 1262 	 0
1788205281751 	 25 	 200 	 1263 	 0
1788205282168 	 40 	 200 	 1265 	 1
1788205282194 	 28 	 200 	 1265 	 0
1788205282234 	 19 	 200 	 1266 	 0
1788205282688 	 33 	 200 	 1267 	 0
1788205282821 	 13 	 200 	 1268 	 0
1788205283336 	 15 	 200 	 1269 	 0
1788205283763 	 38 	 200 	 1270 	 0
1788205284717 	 34 	 200 	 1275 	 4
1788205284711 	 44 	 200 	 1275 	 3
1788205284730 	 28 	 200 	 1275 	 2
1788205284733 	 26 	 200 	 1275 	 1
1788205284738 	 23 	 200 	 1275 	 0
1788205284790 	 15 	 200 	 1276 	 0
1788205284808 	 14 	 200 	 1278 	 1
1788205284815 	 15 	 200 	 1279 	 1
1788205284829 	 13 	 200 	 1279 	 0
1788205284871 	 14 	 200 	 1282 	 2
1788205284876 	 14 	 200 	 1282 	 1
1788205284883 	 14 	 200 	 1282 	 0
1788205284907 	 15 	 200 	 1283 	 0
1788205284932 	 13 	 200 	 1284 	 0
1788205284949 	 12 	 200 	 1285 	 0
1788205284975 	 12 	 200 	 1286 	 0
1788205284995 	 12 	 200 	 1287 	 0
1788205285013 	 15 	 200 	 1289 	 1
1788205285024 	 19 	 200 	 1290 	 1
1788205285039 	 15 	 200 	 1292 	 2
1788205285048 	 17 	 200 	 1294 	 3
1788205285054 	 20 	 200 	 1295 	 3
1788205285061 	 15 	 200 	 1295 	 2
1788205285064 	 14 	 200 	 1295 	 1
1788205285068 	 20 	 200 	 1295 	 0
1788205285112 	 29 	 200 	 1300 	 4
1788205285122 	 27 	 200 	 1300 	 3
1788205285130 	 22 	 200 	 1300 	 2
1788205285128 	 26 	 200 	 1300 	 1
1788205285126 	 31 	 200 	 1301 	 1
1788205285157 	 14 	 200 	 1302 	 1
1788205285159 	 16 	 200 	 1302 	 0
1788205285181 	 13 	 200 	 1303 	 0
1788205285208 	 32 	 200 	 1306 	 2
1788205285247 	 20 	 200 	 1307 	 2
1788205285240 	 32 	 200 	 1309 	 3
1788205285243 	 33 	 200 	 1309 	 2
1788205285269 	 23 	 200 	 1311 	 3
1788205285271 	 25 	 200 	 1311 	 2
1788205285278 	 21 	 200 	 1311 	 1
1788205285281 	 21 	 200 	 1311 	 0
1788205285307 	 17 	 200 	 1312 	 0
1788205285329 	 15 	 200 	 1313 	 0
1788205285354 	 16 	 200 	 1316 	 2
1788205285357 	 15 	 200 	 1316 	 2
1788205285366 	 13 	 200 	 1317 	 1
1788205285373 	 12 	 200 	 1317 	 0
1788205285390 	 21 	 200 	 1321 	 3
1788205285394 	 19 	 200 	 1321 	 2
1788205285403 	 15 	 200 	 1321 	 1
1788205285408 	 14 	 200 	 1321 	 0
1788205285429 	 13 	 200 	 1323 	 1
1788205285438 	 15 	 200 	 1324 	 1
1788205285449 	 14 	 200 	 1325 	 1
1788205285455 	 16 	 200 	 1325 	 0
1788205285480 	 13 	 200 	 1327 	 1
1788205285489 	 15 	 200 	 1327 	 0
1788205285516 	 19 	 200 	 1329 	 1
1788205285523 	 18 	 200 	 1329 	 0
1788205285567 	 18 	 200 	 1330 	 0
1788205285630 	 21 	 200 	 1334 	 3
1788205285639 	 13 	 200 	 1334 	 2
1788205285644 	 26 	 200 	 1335 	 2
1788205285651 	 18 	 200 	 1335 	 1
1788205285662 	 17 	 200 	 1335 	 0
1788205285714 	 32 	 200 	 1337 	 1
1788205285765 	 17 	 200 	 1340 	 3
1788205285769 	 22 	 200 	 1341 	 3
1788205285785 	 14 	 200 	 1341 	 2
1788205285739 	 63 	 200 	 1341 	 1
1788205285763 	 39 	 200 	 1341 	 0
1788205285816 	 17 	 200 	 1344 	 2
1788205285830 	 13 	 200 	 1344 	 1
1788205285828 	 17 	 200 	 1344 	 0
1788205285858 	 17 	 200 	 1345 	 0
1788205285886 	 14 	 200 	 1347 	 1
1788205285891 	 15 	 200 	 1347 	 0
1788205285913 	 16 	 200 	 1349 	 1
1788205285918 	 18 	 200 	 1349 	 0
1788205285955 	 14 	 200 	 1352 	 2
1788205285953 	 17 	 200 	 1352 	 1
1788205286012 	 17 	 200 	 1358 	 6
1788205286008 	 22 	 200 	 1358 	 5
1788205286028 	 19 	 200 	 1360 	 6
1788205286030 	 20 	 200 	 1360 	 5
1788205286021 	 29 	 200 	 1360 	 4
1788205286039 	 69 	 200 	 1360 	 3
1788205285964 	 163 	 200 	 1361 	 4
1788205286129 	 15 	 200 	 1363 	 4
1788205286121 	 25 	 200 	 1363 	 3
1788205286169 	 38 	 200 	 1365 	 4
1788205286196 	 14 	 200 	 1365 	 3
1788205286043 	 173 	 200 	 1366 	 3
1788205286128 	 94 	 200 	 1366 	 2
1788205286029 	 215 	 200 	 1369 	 4
1788205286212 	 34 	 200 	 1369 	 3
1788205286235 	 24 	 200 	 1369 	 2
1788205286243 	 16 	 200 	 1369 	 1
1788205286237 	 24 	 200 	 1369 	 0
1788205286269 	 13 	 200 	 1370 	 0
1788205286289 	 12 	 200 	 1372 	 1
1788205286287 	 14 	 200 	 1372 	 0
1788205286308 	 14 	 200 	 1377 	 4
1788205286316 	 16 	 200 	 1377 	 3
1788205286318 	 16 	 200 	 1377 	 2
1788205286317 	 19 	 200 	 1377 	 1
1788205286322 	 16 	 200 	 1377 	 0
1788205286349 	 16 	 200 	 1379 	 1
1788205286361 	 15 	 200 	 1379 	 0
1788205286381 	 15 	 200 	 1382 	 2
1788205286394 	 19 	 200 	 1386 	 5
1788205286399 	 20 	 200 	 1386 	 4
1788205286392 	 27 	 200 	 1386 	 3
1788205286404 	 19 	 200 	 1386 	 2
1788205286413 	 14 	 200 	 1386 	 1
1788205286406 	 25 	 200 	 1386 	 0
1788205286437 	 15 	 200 	 1389 	 2
1788205286446 	 15 	 200 	 1389 	 1
1788205286448 	 14 	 200 	 1389 	 0
1788205286483 	 20 	 200 	 1392 	 2
1788205286497 	 20 	 200 	 1395 	 4
1788205286498 	 22 	 200 	 1395 	 3
1788205286508 	 15 	 200 	 1396 	 3
1788205286512 	 15 	 200 	 1396 	 2
1788205286514 	 17 	 200 	 1396 	 1
1788205286523 	 14 	 200 	 1397 	 1
1788205286537 	 13 	 200 	 1399 	 2
1788205286541 	 16 	 200 	 1399 	 1
1788205286549 	 14 	 200 	 1399 	 0
1788205286567 	 16 	 200 	 1401 	 1
1788205286566 	 22 	 200 	 1401 	 0
1788205286622 	 14 	 200 	 1404 	 2
1788205286623 	 22 	 200 	 1405 	 2
1788205286634 	 13 	 200 	 1405 	 1
1788205286645 	 37 	 200 	 1405 	 0
1788205286713 	 37 	 200 	 1409 	 3
1788205286724 	 25 	 200 	 1409 	 2
1788205286731 	 32 	 200 	 1410 	 2
1788205286741 	 29 	 200 	 1410 	 1
1788205286756 	 17 	 200 	 1410 	 0
1788205286815 	 16 	 200 	 1413 	 2
1788205286820 	 13 	 200 	 1413 	 1
1788205286821 	 13 	 200 	 1413 	 0
1788205286843 	 14 	 200 	 1415 	 1
1788205286850 	 12 	 200 	 1415 	 0
1788205286869 	 12 	 200 	 1416 	 0
1788205286884 	 12 	 200 	 1417 	 0
1788205286906 	 14 	 200 	 1418 	 0
1788205286926 	 15 	 200 	 1421 	 2
1788205286933 	 16 	 200 	 1422 	 2
1788205286932 	 17 	 200 	 1422 	 1
1788205286945 	 14 	 200 	 1422 	 0
1788205286970 	 14 	 200 	 1424 	 1
1788205286973 	 17 	 200 	 1424 	 0
1788205286996 	 15 	 200 	 1426 	 1
1788205287005 	 16 	 200 	 1426 	 0
1788205287023 	 12 	 200 	 1427 	 0
1788205287038 	 12 	 200 	 1428 	 0
1788205287065 	 14 	 200 	 1430 	 1
1788205287063 	 18 	 200 	 1430 	 0
1788205287086 	 16 	 200 	 1434 	 3
1788205287096 	 21 	 200 	 1436 	 4
1788205287102 	 16 	 200 	 1436 	 3
1788205287101 	 17 	 200 	 1436 	 2
1788205287106 	 18 	 200 	 1436 	 1
1788205287105 	 20 	 200 	 1436 	 0
1788205287146 	 12 	 200 	 1438 	 1
1788205287157 	 13 	 200 	 1438 	 0
1788205287226 	 29 	 200 	 1441 	 2
1788205287237 	 23 	 200 	 1441 	 1
1788205287241 	 20 	 200 	 1442 	 1
1788205287262 	 14 	 200 	 1444 	 2
1788205287265 	 15 	 200 	 1444 	 1
1788205287272 	 14 	 200 	 1444 	 0
1788205287294 	 12 	 200 	 1445 	 0
1788205287326 	 16 	 200 	 1449 	 3
1788205287331 	 12 	 200 	 1449 	 2
1788205287333 	 19 	 200 	 1449 	 1
1788205287339 	 14 	 200 	 1449 	 0
1788205287373 	 13 	 200 	 1450 	 0
1788205287393 	 15 	 200 	 1451 	 0
1788205287428 	 17 	 200 	 1453 	 1
1788205287434 	 12 	 200 	 1453 	 0
1788205287489 	 24 	 200 	 1456 	 2
1788205287499 	 18 	 200 	 1456 	 1
1788205287509 	 15 	 200 	 1456 	 0
1788205287548 	 30 	 200 	 1458 	 1
1788205287560 	 31 	 200 	 1459 	 1
1788205287583 	 12 	 200 	 1459 	 0
1788205287603 	 16 	 200 	 1462 	 2
1788205287604 	 16 	 200 	 1462 	 1
1788205287618 	 12 	 200 	 1462 	 0
1788205287645 	 30 	 200 	 1466 	 3
1788205287656 	 21 	 200 	 1466 	 2
1788205287662 	 24 	 200 	 1468 	 3
1788205287664 	 23 	 200 	 1468 	 2
1788205287679 	 15 	 200 	 1468 	 1
1788205287684 	 13 	 200 	 1468 	 1
1788205287699 	 15 	 200 	 1470 	 1
1788205287706 	 15 	 200 	 1470 	 0
1788205287724 	 15 	 200 	 1473 	 2
1788205287731 	 14 	 200 	 1473 	 1
1788205287730 	 15 	 200 	 1473 	 0
1788205287768 	 14 	 200 	 1475 	 1
1788205287762 	 21 	 200 	 1475 	 0
1788205287864 	 23 	 200 	 1477 	 1
1788205287868 	 23 	 200 	 1477 	 0
1788205287927 	 38 	 200 	 1478 	 0
1788205287971 	 15 	 200 	 1480 	 1
1788205287973 	 15 	 200 	 1481 	 1
1788205287987 	 14 	 200 	 1482 	 1
1788205287995 	 12 	 200 	 1482 	 0
1788205288018 	 13 	 200 	 1483 	 0
1788205288035 	 13 	 200 	 1484 	 0
1788205288082 	 15 	 200 	 1487 	 2
1788205288083 	 17 	 200 	 1487 	 1
1788205288098 	 18 	 200 	 1487 	 0
1788205288121 	 15 	 200 	 1490 	 2
1788205288122 	 17 	 200 	 1490 	 1
1788205288120 	 19 	 200 	 1490 	 0
1788205288144 	 14 	 200 	 1493 	 2
1788205288151 	 13 	 200 	 1493 	 1
1788205288159 	 20 	 200 	 1494 	 1
1788205288171 	 12 	 200 	 1494 	 0
1788205288186 	 12 	 200 	 1495 	 0
1788205288203 	 12 	 200 	 1496 	 0
1788205288246 	 30 	 200 	 1499 	 2
1788205288254 	 28 	 200 	 1499 	 1
1788205288276 	 24 	 200 	 1501 	 2
1788205288289 	 15 	 200 	 1501 	 1
1788205288300 	 14 	 200 	 1502 	 1
1788205288306 	 16 	 200 	 1503 	 1
1788205288323 	 17 	 200 	 1505 	 2
1788205288328 	 15 	 200 	 1505 	 1
1788205288327 	 17 	 200 	 1505 	 0
1788205288348 	 12 	 200 	 1507 	 1
1788205288360 	 13 	 200 	 1508 	 1
1788205288367 	 15 	 200 	 1509 	 1
1788205288379 	 16 	 200 	 1511 	 2
1788205288383 	 17 	 200 	 1512 	 2
1788205288388 	 16 	 200 	 1512 	 1
1788205288397 	 14 	 200 	 1512 	 0
1788205288482 	 23 	 200 	 1514 	 1
1788205288487 	 25 	 200 	 1514 	 0
1788205288524 	 20 	 200 	 1517 	 2
1788205288534 	 16 	 200 	 1517 	 1
1788205288535 	 14 	 200 	 1517 	 0
1788205288565 	 30 	 200 	 1519 	 1
1788205288574 	 24 	 200 	 1519 	 0
1788205288608 	 14 	 200 	 1522 	 2
1788205288617 	 16 	 200 	 1522 	 1
1788205288617 	 17 	 200 	 1523 	 1
1788205288635 	 11 	 200 	 1523 	 0
1788205288663 	 28 	 200 	 1528 	 4
1788205288669 	 23 	 200 	 1528 	 3
1788205288677 	 18 	 200 	 1528 	 2
1788205288676 	 23 	 200 	 1528 	 1
1788205288688 	 15 	 200 	 1528 	 0
1788205288722 	 19 	 200 	 1529 	 0
1788205288750 	 14 	 200 	 1530 	 0
1788205288769 	 12 	 200 	 1531 	 0
1788205288808 	 20 	 200 	 1533 	 1
1788205288823 	 15 	 200 	 1533 	 0
1788205288847 	 12 	 200 	 1534 	 0
1788205288899 	 13 	 200 	 1535 	 0
1788205288989 	 30 	 200 	 1536 	 0
1788205289048 	 30 	 200 	 1537 	 0
1788205289673 	 15 	 200 	 1539 	 1
1788205289684 	 16 	 200 	 1539 	 0
1788205290007 	 36 	 200 	 1540 	 0
1788205290191 	 22 	 200 	 1541 	 0
1788205290842 	 30 	 200 	 1542 	 0
1788205291163 	 32 	 200 	 1543 	 0
1788205291578 	 13 	 200 	 1545 	 1
1788205291542 	 180 	 200 	 1545 	 0
1788205291726 	 12 	 200 	 1546 	 0
1788205291745 	 15 	 200 	 1548 	 1
1788205291756 	 24 	 200 	 1549 	 1
1788205291778 	 15 	 200 	 1549 	 0
1788205291804 	 19 	 200 	 1551 	 1
1788205291805 	 18 	 200 	 1551 	 0
1788205291859 	 20 	 200 	 1553 	 1
1788205291875 	 16 	 200 	 1554 	 1
1788205291884 	 32 	 200 	 1556 	 2
1788205291907 	 14 	 200 	 1556 	 1
1788205291901 	 21 	 200 	 1556 	 0
1788205291939 	 12 	 200 	 1557 	 0
1788205291977 	 15 	 200 	 1560 	 2
1788205291980 	 18 	 200 	 1560 	 1
1788205291961 	 39 	 200 	 1560 	 0
1788205292030 	 13 	 200 	 1562 	 1
1788205292039 	 14 	 200 	 1562 	 0
1788205292078 	 19 	 200 	 1568 	 5
1788205292076 	 22 	 200 	 1568 	 4
1788205292075 	 25 	 200 	 1568 	 3
1788205292083 	 21 	 200 	 1568 	 2
1788205292089 	 18 	 200 	 1569 	 2
1788205292108 	 15 	 200 	 1570 	 2
1788205292114 	 12 	 200 	 1570 	 1
1788205292156 	 13 	 200 	 1571 	 1
1788205292190 	 14 	 200 	 1572 	 1
1788205292081 	 146 	 200 	 1574 	 2
1788205292218 	 14 	 200 	 1574 	 1
1788205292223 	 20 	 200 	 1575 	 1
1788205292238 	 14 	 200 	 1577 	 2
1788205292250 	 15 	 200 	 1578 	 2
1788205292252 	 14 	 200 	 1578 	 1
1788205292257 	 14 	 200 	 1579 	 1
1788205292269 	 14 	 200 	 1581 	 2
1788205292279 	 19 	 200 	 1581 	 1
1788205292282 	 17 	 200 	 1581 	 0
1788205292324 	 27 	 200 	 1584 	 2
1788205292327 	 25 	 200 	 1584 	 1
1788205292343 	 17 	 200 	 1584 	 0
1788205292362 	 16 	 200 	 1586 	 1
1788205292376 	 12 	 200 	 1586 	 0
1788205292404 	 25 	 200 	 1588 	 1
1788205292416 	 19 	 200 	 1588 	 0
1788205292442 	 14 	 200 	 1591 	 2
1788205292444 	 19 	 200 	 1592 	 2
1788205292443 	 20 	 200 	 1592 	 1
1788205292459 	 14 	 200 	 1593 	 1
1788205292472 	 12 	 200 	 1593 	 0
1788205292488 	 13 	 200 	 1594 	 0
1788205292509 	 12 	 200 	 1596 	 1
1788205292518 	 17 	 200 	 1597 	 1
1788205292533 	 19 	 200 	 1598 	 1
1788205292543 	 15 	 200 	 1599 	 1
1788205292558 	 13 	 200 	 1600 	 1
1788205292563 	 12 	 200 	 1600 	 0
1788205292610 	 42 	 200 	 1603 	 2
1788205292620 	 32 	 200 	 1603 	 1
1788205292645 	 16 	 200 	 1604 	 1
1788205292662 	 14 	 200 	 1607 	 3
1788205292667 	 16 	 200 	 1608 	 3
1788205292668 	 17 	 200 	 1608 	 2
1788205292669 	 23 	 200 	 1610 	 3
1788205292678 	 17 	 200 	 1610 	 2
1788205292691 	 14 	 200 	 1611 	 2
1788205292688 	 23 	 200 	 1612 	 2
1788205292705 	 18 	 200 	 1612 	 1
1788205292711 	 21 	 200 	 1613 	 1
1788205292730 	 13 	 200 	 1613 	 0
1788205292750 	 12 	 200 	 1614 	 0
1788205292779 	 30 	 200 	 1615 	 0
1788205292837 	 30 	 200 	 1620 	 4
1788205292835 	 34 	 200 	 1620 	 3
1788205292844 	 26 	 200 	 1620 	 2
1788205292856 	 16 	 200 	 1621 	 2
1788205292862 	 17 	 200 	 1624 	 4
1788205292872 	 14 	 200 	 1624 	 4
1788205292882 	 40 	 200 	 1628 	 6
1788205292876 	 63 	 200 	 1628 	 5
1788205292881 	 166 	 200 	 1639 	 15
1788205292887 	 175 	 200 	 1639 	 14
1788205293023 	 123 	 200 	 1641 	 19
1788205292909 	 242 	 200 	 1642 	 18
1788205292894 	 259 	 200 	 1643 	 17
1788205293029 	 128 	 200 	 1644 	 17
1788205292913 	 252 	 200 	 1645 	 16
1788205293029 	 136 	 200 	 1646 	 15
1788205292943 	 224 	 200 	 1646 	 14
1788205292992 	 244 	 200 	 1648 	 17
1788205292965 	 285 	 200 	 1649 	 16
1788205292970 	 285 	 200 	 1650 	 16
1788205292946 	 313 	 200 	 1651 	 16
1788205292952 	 346 	 200 	 1652 	 16
1788205293013 	 321 	 200 	 1653 	 17
1788205293159 	 187 	 200 	 1654 	 17
1788205293154 	 295 	 200 	 1655 	 24
1788205293147 	 311 	 200 	 1656 	 23
1788205293083 	 457 	 200 	 1657 	 25
1788205293252 	 287 	 200 	 1658 	 24
1788205293152 	 396 	 200 	 1659 	 23
1788205293204 	 347 	 200 	 1660 	 22
1788205293261 	 294 	 200 	 1661 	 21
1788205293257 	 310 	 200 	 1662 	 20
1788205293073 	 498 	 200 	 1663 	 19
1788205293347 	 225 	 200 	 1664 	 18
1788205293451 	 121 	 200 	 1665 	 17
1788205293188 	 392 	 200 	 1666 	 16
1788205293460 	 178 	 200 	 1667 	 20
1788205293237 	 502 	 200 	 1668 	 31
1788205293541 	 200 	 200 	 1669 	 30
1788205293002 	 742 	 200 	 1670 	 29
1788205293551 	 201 	 200 	 1671 	 28
1788205293541 	 210 	 200 	 1672 	 27
1788205293549 	 201 	 200 	 1673 	 26
1788205293301 	 449 	 200 	 1674 	 25
1788205293640 	 173 	 200 	 1675 	 26
1788205293166 	 667 	 200 	 1676 	 26
1788205293581 	 256 	 200 	 1677 	 25
1788205293557 	 269 	 200 	 1678 	 24
1788205293569 	 271 	 200 	 1679 	 23
1788205293576 	 270 	 200 	 1680 	 22
1788205293577 	 266 	 200 	 1681 	 21
1788205293335 	 508 	 200 	 1682 	 20
1788205293583 	 450 	 200 	 1683 	 30
1788205293744 	 389 	 200 	 1684 	 35
1788205293742 	 377 	 200 	 1685 	 34
1788205293748 	 397 	 200 	 1686 	 33
1788205293756 	 388 	 200 	 1687 	 32
1788205293760 	 391 	 200 	 1688 	 31
1788205293754 	 480 	 200 	 1689 	 34
1788205293758 	 480 	 200 	 1690 	 33
1788205293815 	 424 	 200 	 1691 	 32
1788205293835 	 409 	 200 	 1692 	 31
1788205293847 	 489 	 200 	 1693 	 39
1788205293853 	 485 	 200 	 1694 	 38
1788205294035 	 302 	 200 	 1695 	 37
1788205293846 	 500 	 200 	 1696 	 36
1788205293855 	 491 	 200 	 1697 	 35
1788205293851 	 497 	 200 	 1698 	 34
1788205293840 	 507 	 200 	 1699 	 33
1788205294137 	 299 	 200 	 1700 	 40
1788205294142 	 301 	 200 	 1701 	 39
1788205294150 	 382 	 200 	 1702 	 44
1788205294241 	 293 	 200 	 1703 	 43
1788205294247 	 290 	 200 	 1704 	 43
1788205294340 	 197 	 200 	 1705 	 42
1788205294354 	 279 	 200 	 1706 	 48
1788205294343 	 299 	 200 	 1707 	 47
1788205294539 	 111 	 200 	 1708 	 47
1788205294447 	 292 	 200 	 1709 	 54
1788205294356 	 385 	 200 	 1710 	 53
1788205294345 	 399 	 200 	 1711 	 52
1788205294541 	 204 	 200 	 1712 	 51
1788205294351 	 397 	 200 	 1713 	 50
1788205294350 	 395 	 200 	 1714 	 49
1788205294644 	 111 	 200 	 1715 	 48
1788205294652 	 110 	 200 	 1716 	 47
1788205294536 	 260 	 200 	 1717 	 48
1788205294635 	 164 	 200 	 1718 	 48
1788205294235 	 565 	 200 	 1719 	 47
1788205294154 	 649 	 200 	 1720 	 46
1788205294741 	 108 	 200 	 1721 	 49
1788205294243 	 607 	 200 	 1722 	 48
1788205294441 	 411 	 200 	 1723 	 47
1788205294750 	 147 	 200 	 1724 	 48
1788205294798 	 105 	 200 	 1725 	 48
1788205294744 	 197 	 200 	 1726 	 50
1788205294147 	 795 	 200 	 1727 	 49
1788205294535 	 420 	 200 	 1728 	 48
1788205294746 	 250 	 200 	 1729 	 48
1788205294747 	 251 	 200 	 1730 	 47
1788205294805 	 194 	 200 	 1731 	 46
1788205294851 	 153 	 200 	 1732 	 45
1788205294801 	 233 	 200 	 1733 	 45
1788205294757 	 281 	 200 	 1734 	 44
1788205294803 	 242 	 200 	 1735 	 43
1788205294900 	 239 	 200 	 1736 	 51
1788205294855 	 284 	 200 	 1737 	 51
1788205294755 	 389 	 200 	 1738 	 50
1788205294945 	 204 	 200 	 1739 	 49
1788205294855 	 284 	 200 	 1740 	 48
1788205294763 	 384 	 200 	 1741 	 47
1788205294997 	 152 	 200 	 1742 	 47
1788205294957 	 194 	 200 	 1743 	 46
1788205294905 	 257 	 200 	 1744 	 45
1788205295001 	 149 	 200 	 1745 	 44
1788205294943 	 219 	 200 	 1746 	 43
1788205295040 	 192 	 200 	 1747 	 46
1788205295000 	 231 	 200 	 1748 	 45
1788205295036 	 201 	 200 	 1749 	 44
1788205295007 	 228 	 200 	 1750 	 43
1788205295159 	 179 	 200 	 1751 	 51
1788205295153 	 280 	 200 	 1752 	 55
1788205295048 	 498 	 200 	 1753 	 60
1788205295144 	 401 	 200 	 1754 	 59
1788205295160 	 390 	 200 	 1755 	 58
1788205295170 	 381 	 200 	 1756 	 57
1788205295157 	 441 	 200 	 1757 	 58
1788205295434 	 216 	 200 	 1758 	 61
1788205295553 	 144 	 200 	 1759 	 61
1788205295235 	 507 	 200 	 1760 	 62
1788205295155 	 596 	 200 	 1761 	 61
1788205295237 	 561 	 200 	 1762 	 63
1788205295166 	 635 	 200 	 1763 	 62
1788205295549 	 252 	 200 	 1764 	 61
1788205295163 	 737 	 200 	 1765 	 62
1788205295172 	 731 	 200 	 1766 	 62
1788205295553 	 351 	 200 	 1767 	 61
1788205295340 	 605 	 200 	 1768 	 61
1788205295651 	 299 	 200 	 1769 	 60
1788205295600 	 352 	 200 	 1770 	 59
1788205295243 	 707 	 200 	 1771 	 58
1788205295240 	 762 	 200 	 1772 	 58
1788205295168 	 839 	 200 	 1773 	 57
1788205295702 	 342 	 200 	 1774 	 57
1788205295902 	 147 	 200 	 1775 	 56
1788205295753 	 320 	 200 	 1776 	 57
1788205295804 	 329 	 200 	 1777 	 58
1788205295800 	 334 	 200 	 1778 	 57
1788205295955 	 178 	 200 	 1779 	 56
1788205295906 	 229 	 200 	 1780 	 55
1788205295806 	 330 	 200 	 1781 	 55
1788205296010 	 124 	 200 	 1782 	 54
1788205295957 	 179 	 200 	 1783 	 53
1788205295744 	 400 	 200 	 1784 	 53
1788205295557 	 638 	 200 	 1785 	 52
1788205296004 	 231 	 200 	 1786 	 54
1788205295908 	 327 	 200 	 1787 	 53
1788205296139 	 96 	 200 	 1788 	 52
1788205296075 	 161 	 200 	 1789 	 51
1788205296046 	 190 	 200 	 1790 	 50
1788205296052 	 196 	 200 	 1791 	 49
1788205296135 	 122 	 200 	 1792 	 48
1788205295954 	 381 	 200 	 1793 	 55
1788205296139 	 307 	 200 	 1794 	 60
1788205296147 	 304 	 200 	 1795 	 60
1788205296337 	 165 	 200 	 1796 	 60
1788205296137 	 367 	 200 	 1797 	 59
1788205296197 	 312 	 200 	 1798 	 59
1788205296140 	 403 	 200 	 1799 	 63
1788205296141 	 412 	 200 	 1800 	 64
1788205296138 	 418 	 200 	 1801 	 64
1788205296246 	 355 	 200 	 1802 	 65
1788205295948 	 656 	 200 	 1803 	 64
1788205296453 	 152 	 200 	 1804 	 63
1788205296249 	 358 	 200 	 1805 	 62
1788205296237 	 372 	 200 	 1806 	 61
1788205296504 	 130 	 200 	 1807 	 62
1788205296259 	 375 	 200 	 1808 	 61
1788205296240 	 411 	 200 	 1809 	 62
1788205296448 	 286 	 200 	 1810 	 68
1788205296250 	 483 	 200 	 1811 	 67
1788205296505 	 233 	 200 	 1812 	 66
1788205296606 	 132 	 200 	 1813 	 65
1788205296557 	 184 	 200 	 1814 	 64
1788205296243 	 501 	 200 	 1815 	 63
1788205296653 	 151 	 200 	 1816 	 66
1788205296554 	 288 	 200 	 1817 	 71
1788205296603 	 311 	 200 	 1818 	 76
1788205296636 	 292 	 200 	 1819 	 77
1788205296613 	 322 	 200 	 1820 	 77
1788205296608 	 334 	 200 	 1821 	 76
1788205296612 	 332 	 200 	 1822 	 75
1788205296637 	 297 	 200 	 1823 	 74
1788205296545 	 402 	 200 	 1824 	 73
1788205296736 	 213 	 200 	 1825 	 72
1788205296511 	 442 	 200 	 1826 	 71
1788205296806 	 230 	 200 	 1827 	 78
1788205296742 	 300 	 200 	 1828 	 77
1788205296738 	 307 	 200 	 1829 	 77
1788205296746 	 387 	 200 	 1830 	 86
1788205296845 	 289 	 200 	 1831 	 85
1788205296937 	 203 	 200 	 1832 	 84
1788205296743 	 403 	 200 	 1833 	 84
1788205296740 	 408 	 200 	 1834 	 83
1788205296915 	 232 	 200 	 1835 	 82
1788205296955 	 291 	 200 	 1836 	 89
1788205296959 	 373 	 200 	 1837 	 94
1788205296951 	 381 	 200 	 1838 	 93
1788205296946 	 388 	 200 	 1839 	 92
1788205296957 	 380 	 200 	 1840 	 91
1788205297040 	 299 	 200 	 1841 	 90
1788205297044 	 297 	 200 	 1842 	 89
1788205296940 	 398 	 200 	 1843 	 88
1788205296951 	 473 	 200 	 1844 	 90
1788205297150 	 286 	 200 	 1845 	 89
1788205297047 	 392 	 200 	 1846 	 88
1788205297135 	 309 	 200 	 1847 	 87
1788205297335 	 199 	 200 	 1848 	 91
1788205297248 	 286 	 200 	 1849 	 90
1788205297143 	 393 	 200 	 1850 	 89
1788205297152 	 387 	 200 	 1851 	 88
1788205297436 	 197 	 200 	 1852 	 90
1788205297441 	 204 	 200 	 1853 	 89
1788205297335 	 312 	 200 	 1854 	 88
1788205297343 	 309 	 200 	 1855 	 87
1788205297448 	 207 	 200 	 1856 	 86
1788205297541 	 123 	 200 	 1857 	 85
1788205297155 	 593 	 200 	 1858 	 88
1788205297336 	 416 	 200 	 1859 	 88
1788205297438 	 358 	 200 	 1860 	 90
1788205297654 	 195 	 200 	 1861 	 94
1788205297651 	 202 	 200 	 1862 	 93
1788205297342 	 517 	 200 	 1863 	 92
1788205297536 	 323 	 200 	 1864 	 92
1788205297339 	 519 	 200 	 1865 	 91
1788205297536 	 398 	 200 	 1866 	 97
1788205297649 	 289 	 200 	 1867 	 99
1788205297539 	 419 	 200 	 1868 	 99
1788205297635 	 399 	 200 	 1869 	 101
1788205297657 	 383 	 200 	 1870 	 101
1788205297666 	 386 	 200 	 1871 	 101
1788205297754 	 301 	 200 	 1872 	 100
1788205297936 	 124 	 200 	 1873 	 99
1788205297949 	 183 	 200 	 1874 	 105
1788205297960 	 173 	 200 	 1875 	 104
1788205297862 	 296 	 200 	 1876 	 105
1788205297798 	 364 	 200 	 1877 	 104
1788205297864 	 300 	 200 	 1878 	 105
1788205297865 	 301 	 200 	 1879 	 104
1788205298045 	 119 	 200 	 1880 	 103
1788205298058 	 178 	 200 	 1881 	 108
1788205298035 	 224 	 200 	 1882 	 108
1788205298054 	 301 	 200 	 1883 	 118
1788205297749 	 698 	 200 	 1884 	 119
1788205298062 	 392 	 200 	 1885 	 118
1788205298136 	 333 	 200 	 1886 	 119
1788205298169 	 373 	 200 	 1887 	 121
1788205298160 	 388 	 200 	 1888 	 120
1788205297856 	 697 	 200 	 1889 	 119
1788205298171 	 384 	 200 	 1890 	 118
1788205298136 	 422 	 200 	 1891 	 117
1788205298238 	 325 	 200 	 1892 	 116
1788205298550 	 191 	 200 	 1893 	 127
1788205298174 	 575 	 200 	 1894 	 126
1788205298260 	 494 	 200 	 1895 	 125
1788205298554 	 285 	 200 	 1896 	 127
1788205298450 	 397 	 200 	 1897 	 126
1788205298358 	 495 	 200 	 1898 	 125
1788205297852 	 1005 	 200 	 1899 	 125
1788205297343 	 1510 	 200 	 1900 	 124
1788205298752 	 107 	 200 	 1901 	 123
1788205298562 	 301 	 200 	 1902 	 122
1788205298471 	 461 	 200 	 1903 	 127
1788205298559 	 374 	 200 	 1904 	 126
1788205298456 	 479 	 200 	 1905 	 125
1788205298544 	 493 	 200 	 1906 	 131
1788205298867 	 178 	 200 	 1907 	 130
1788205298937 	 111 	 200 	 1908 	 129
1788205298744 	 305 	 200 	 1909 	 128
1788205298862 	 193 	 200 	 1910 	 129
1788205298164 	 885 	 200 	 1911 	 128
1788205298842 	 204 	 200 	 1912 	 127
1788205298756 	 307 	 200 	 1913 	 126
1788205298564 	 493 	 200 	 1914 	 125
1788205298870 	 363 	 200 	 1915 	 132
1788205299049 	 186 	 200 	 1916 	 131
1788205298856 	 378 	 200 	 1917 	 130
1788205298939 	 304 	 200 	 1918 	 130
1788205299040 	 206 	 200 	 1919 	 129
1788205299053 	 210 	 200 	 1920 	 128
1788205299068 	 225 	 200 	 1921 	 129
1788205299066 	 267 	 200 	 1922 	 128
1788205299050 	 289 	 200 	 1923 	 127
1788205299063 	 293 	 200 	 1924 	 126
1788205299234 	 160 	 200 	 1925 	 125
1788205299248 	 191 	 200 	 1926 	 128
1788205298861 	 577 	 200 	 1927 	 128
1788205298851 	 591 	 200 	 1928 	 127
1788205299236 	 216 	 200 	 1929 	 126
1788205299245 	 213 	 200 	 1930 	 125
1788205299358 	 174 	 200 	 1931 	 129
1788205299296 	 241 	 200 	 1932 	 128
1788205299266 	 275 	 200 	 1933 	 128
1788205299335 	 208 	 200 	 1934 	 128
1788205299057 	 489 	 200 	 1935 	 127
1788205299395 	 152 	 200 	 1936 	 126
1788205299340 	 213 	 200 	 1937 	 126
1788205298935 	 621 	 200 	 1938 	 125
1788205299237 	 399 	 200 	 1939 	 128
1788205299445 	 194 	 200 	 1940 	 127
1788205299060 	 674 	 200 	 1941 	 133
1788205299538 	 214 	 200 	 1942 	 133
1788205299448 	 310 	 200 	 1943 	 132
1788205299454 	 308 	 200 	 1944 	 131
1788205299535 	 304 	 200 	 1945 	 136
1788205299555 	 292 	 200 	 1946 	 136
1788205299441 	 410 	 200 	 1947 	 136
1788205299460 	 397 	 200 	 1948 	 135
1788205299551 	 383 	 200 	 1949 	 138
1788205299542 	 412 	 200 	 1950 	 137
1788205299841 	 199 	 200 	 1951 	 143
1788205299637 	 417 	 200 	 1952 	 143
1788205299544 	 552 	 200 	 1953 	 143
1788205299936 	 211 	 200 	 1954 	 147
1788205300057 	 185 	 200 	 1955 	 150
1788205299956 	 299 	 200 	 1956 	 149
1788205299558 	 702 	 200 	 1957 	 149
1788205299765 	 577 	 200 	 1958 	 155
1788205299761 	 584 	 200 	 1959 	 155
1788205300097 	 255 	 200 	 1960 	 154
1788205299737 	 621 	 200 	 1961 	 154
1788205299854 	 515 	 200 	 1962 	 155
1788205299642 	 790 	 200 	 1963 	 158
1788205299754 	 693 	 200 	 1964 	 157
1788205300043 	 411 	 200 	 1965 	 158
1788205299850 	 610 	 200 	 1966 	 157
1788205299860 	 601 	 200 	 1967 	 156
1788205300150 	 382 	 200 	 1968 	 158
1788205299548 	 998 	 200 	 1969 	 157
1788205300348 	 204 	 200 	 1970 	 156
1788205300345 	 219 	 200 	 1971 	 160
1788205300465 	 99 	 200 	 1972 	 159
1788205300264 	 394 	 200 	 1973 	 165
1788205300257 	 436 	 200 	 1974 	 164
1788205300361 	 382 	 200 	 1975 	 166
1788205300535 	 223 	 200 	 1976 	 166
1788205300371 	 479 	 200 	 1977 	 174
1788205300450 	 405 	 200 	 1978 	 173
1788205300555 	 339 	 200 	 1979 	 175
1788205300436 	 460 	 200 	 1980 	 174
1788205300567 	 370 	 200 	 1981 	 176
1788205300463 	 475 	 200 	 1982 	 175
1788205300456 	 482 	 200 	 1983 	 174
1788205300567 	 389 	 200 	 1984 	 176
1788205300760 	 279 	 200 	 1985 	 180
1788205300659 	 396 	 200 	 1986 	 179
1788205300857 	 238 	 200 	 1987 	 179
1788205300853 	 289 	 200 	 1988 	 181
1788205300695 	 503 	 200 	 1989 	 182
1788205300897 	 345 	 200 	 1990 	 184
1788205300354 	 889 	 200 	 1991 	 183
1788205300549 	 698 	 200 	 1992 	 182
1788205300958 	 298 	 200 	 1993 	 181
1788205300943 	 321 	 200 	 1994 	 181
1788205300745 	 551 	 200 	 1995 	 184
1788205300940 	 407 	 200 	 1996 	 186
1788205301041 	 308 	 200 	 1997 	 185
1788205300898 	 455 	 200 	 1998 	 185
1788205300940 	 415 	 200 	 1999 	 184
1788205301098 	 340 	 200 	 2000 	 186
1788205301058 	 394 	 200 	 2001 	 185
1788205301146 	 311 	 200 	 2002 	 184
1788205301250 	 290 	 200 	 2003 	 188
1788205301350 	 191 	 200 	 2004 	 187
1788205301243 	 302 	 200 	 2005 	 186
1788205301259 	 286 	 200 	 2006 	 185
1788205301265 	 292 	 200 	 2007 	 184
1788205301360 	 201 	 200 	 2008 	 184
1788205301298 	 272 	 200 	 2009 	 184
1788205301355 	 281 	 200 	 2010 	 185
1788205301440 	 202 	 200 	 2011 	 184
1788205300245 	 1394 	 200 	 2012 	 183
1788205301199 	 450 	 200 	 2013 	 182
1788205301245 	 490 	 200 	 2014 	 185
1788205301542 	 292 	 200 	 2015 	 190
1788205301548 	 307 	 200 	 2016 	 191
1788205301350 	 498 	 200 	 2017 	 190
1788205301559 	 299 	 200 	 2018 	 190
1788205301638 	 306 	 200 	 2019 	 195
1788205301543 	 413 	 200 	 2020 	 194
1788205301564 	 395 	 200 	 2021 	 193
1788205301643 	 396 	 200 	 2022 	 208
1788205301644 	 401 	 200 	 2023 	 207
1788205301958 	 93 	 200 	 2024 	 207
1788205301459 	 596 	 200 	 2025 	 207
1788205301546 	 514 	 200 	 2026 	 207
1788205301651 	 492 	 200 	 2027 	 210
1788205301947 	 197 	 200 	 2028 	 209
1788205302047 	 101 	 200 	 2029 	 208
1788205301836 	 320 	 200 	 2030 	 207
1788205301454 	 795 	 200 	 2031 	 215
1788205301573 	 681 	 200 	 2032 	 214
1788205302057 	 200 	 200 	 2033 	 214
1788205302152 	 203 	 200 	 2034 	 222
1788205301858 	 501 	 200 	 2035 	 221
1788205302054 	 308 	 200 	 2036 	 220
1788205301961 	 399 	 200 	 2037 	 221
1788205302256 	 111 	 200 	 2038 	 220
1788205302045 	 396 	 200 	 2039 	 224
1788205302150 	 303 	 200 	 2040 	 223
1788205302365 	 175 	 200 	 2041 	 226
1788205302363 	 180 	 200 	 2042 	 225
1788205302158 	 390 	 200 	 2043 	 224
1788205302062 	 491 	 200 	 2044 	 223
1788205302146 	 412 	 200 	 2045 	 222
1788205302443 	 115 	 200 	 2046 	 221
1788205301864 	 702 	 200 	 2047 	 220
1788205301862 	 710 	 200 	 2048 	 219
1788205302358 	 212 	 200 	 2049 	 218
1788205302370 	 267 	 200 	 2050 	 221
1788205302369 	 330 	 200 	 2051 	 222
1788205302456 	 283 	 200 	 2052 	 225
1788205302576 	 178 	 200 	 2053 	 225
1788205302573 	 185 	 200 	 2054 	 224
1788205302252 	 510 	 200 	 2055 	 223
1788205302542 	 217 	 200 	 2056 	 222
1788205302555 	 281 	 200 	 2057 	 228
1788205302562 	 277 	 200 	 2058 	 227
1788205302259 	 778 	 200 	 2059 	 238
1788205302764 	 288 	 200 	 2060 	 238
1788205302757 	 388 	 200 	 2061 	 241
1788205302565 	 583 	 200 	 2062 	 240
1788205302700 	 453 	 200 	 2063 	 239
1788205302844 	 308 	 200 	 2064 	 238
1788205301737 	 1457 	 200 	 2065 	 240
1788205302766 	 489 	 200 	 2066 	 242
1788205302639 	 620 	 200 	 2067 	 241
1788205303054 	 241 	 200 	 2068 	 243
1788205302546 	 752 	 200 	 2069 	 242
1788205303159 	 235 	 200 	 2070 	 247
1788205303150 	 287 	 200 	 2071 	 249
1788205303040 	 410 	 200 	 2072 	 248
1788205303157 	 297 	 200 	 2073 	 247
1788205303258 	 295 	 200 	 2074 	 250
1788205302550 	 1097 	 200 	 2075 	 258
1788205303261 	 392 	 200 	 2076 	 258
1788205303297 	 359 	 200 	 2077 	 257
1788205303196 	 561 	 200 	 2078 	 263
1788205303300 	 542 	 200 	 2079 	 270
1788205302761 	 1088 	 200 	 2080 	 270
1788205302840 	 1007 	 200 	 2081 	 269
1788205303655 	 199 	 200 	 2082 	 269
1788205303149 	 705 	 200 	 2083 	 268
1788205303456 	 477 	 200 	 2084 	 272
1788205303396 	 539 	 200 	 2085 	 271
1788205303451 	 596 	 200 	 2086 	 278
1788205303555 	 494 	 200 	 2087 	 277
1788205303440 	 618 	 200 	 2088 	 276
1788205303758 	 337 	 200 	 2089 	 276
1788205302741 	 1403 	 200 	 2090 	 280
1788205303936 	 258 	 200 	 2091 	 285
1788205303856 	 382 	 200 	 2092 	 287
1788205302569 	 1674 	 200 	 2093 	 286
1788205303861 	 386 	 200 	 2094 	 285
1788205303658 	 591 	 200 	 2095 	 284
1788205303845 	 407 	 200 	 2096 	 283
1788205303852 	 393 	 200 	 2097 	 282
1788205304061 	 192 	 200 	 2098 	 281
1788205304145 	 112 	 200 	 2099 	 283
1788205304059 	 194 	 200 	 2100 	 282
1788205304097 	 160 	 200 	 2101 	 281
1788205304052 	 208 	 200 	 2102 	 280
1788205304196 	 73 	 200 	 2103 	 279
1788205304256 	 172 	 200 	 2104 	 290
1788205303649 	 784 	 200 	 2105 	 289
1788205303859 	 576 	 200 	 2106 	 288
1788205304251 	 189 	 200 	 2107 	 289
1788205304241 	 256 	 200 	 2108 	 290
1788205304245 	 297 	 200 	 2109 	 296
1788205303936 	 697 	 200 	 2110 	 304
1788205304260 	 377 	 200 	 2111 	 303
1788205304264 	 372 	 200 	 2112 	 302
1788205304249 	 415 	 200 	 2113 	 301
1788205304271 	 472 	 200 	 2114 	 300
1788205304268 	 475 	 200 	 2115 	 299
1788205304256 	 491 	 200 	 2116 	 298
1788205304266 	 496 	 200 	 2117 	 297
1788205304635 	 130 	 200 	 2118 	 296
1788205304666 	 102 	 200 	 2119 	 296
1788205304460 	 373 	 200 	 2120 	 304
1788205304745 	 113 	 200 	 2121 	 304
1788205304443 	 509 	 200 	 2122 	 308
1788205304641 	 355 	 200 	 2123 	 311
1788205304750 	 247 	 200 	 2124 	 310
1788205304639 	 400 	 200 	 2125 	 315
1788205304544 	 498 	 200 	 2126 	 314
1788205304746 	 296 	 200 	 2127 	 313
1788205304767 	 278 	 200 	 2128 	 312
1788205304437 	 629 	 200 	 2129 	 312
1788205304998 	 69 	 200 	 2130 	 311
1788205304764 	 303 	 200 	 2131 	 310
1788205304836 	 309 	 200 	 2132 	 315
1788205304770 	 376 	 200 	 2133 	 315
1788205304998 	 156 	 200 	 2134 	 314
1788205305045 	 112 	 200 	 2135 	 313
1788205304860 	 300 	 200 	 2136 	 312
1788205305048 	 114 	 200 	 2137 	 311
1788205305070 	 94 	 200 	 2138 	 310
1788205304255 	 890 	 200 	 2139 	 309
1788205305074 	 160 	 200 	 2140 	 312
1788205304956 	 295 	 200 	 2141 	 311
1788205305070 	 225 	 200 	 2142 	 312
1788205305146 	 194 	 200 	 2143 	 314
1788205305166 	 230 	 200 	 2144 	 313
1788205305299 	 155 	 200 	 2145 	 315
1788205305341 	 199 	 200 	 2146 	 316
1788205305041 	 508 	 200 	 2147 	 315
1788205305150 	 404 	 200 	 2148 	 314
1788205304439 	 1118 	 200 	 2149 	 313
1788205305045 	 543 	 200 	 2150 	 315
1788205305157 	 477 	 200 	 2151 	 317
1788205305164 	 476 	 200 	 2152 	 316
1788205305162 	 483 	 200 	 2153 	 315
1788205305166 	 481 	 200 	 2154 	 314
1788205305236 	 416 	 200 	 2155 	 313
1788205305159 	 497 	 200 	 2156 	 313
1788205305551 	 181 	 200 	 2157 	 324
1788205305456 	 282 	 200 	 2158 	 324
1788205297140 	 8604 	 200 	 2159 	 323
1788205305254 	 581 	 200 	 2160 	 324
1788205305649 	 190 	 200 	 2161 	 323
1788205305397 	 458 	 200 	 2162 	 324
1788205305542 	 318 	 200 	 2163 	 323
1788205305556 	 377 	 200 	 2164 	 324
1788205305596 	 351 	 200 	 2165 	 323
1788205305642 	 354 	 200 	 2166 	 323
1788205305740 	 255 	 200 	 2167 	 322
1788205305560 	 491 	 200 	 2168 	 322
1788205305657 	 399 	 200 	 2169 	 321
1788205305736 	 403 	 200 	 2170 	 325
1788205305653 	 487 	 200 	 2171 	 324
1788205305646 	 503 	 200 	 2172 	 324
1788205305862 	 288 	 200 	 2173 	 323
1788205305746 	 416 	 200 	 2174 	 323
1788205305635 	 532 	 200 	 2175 	 322
1788205305936 	 299 	 200 	 2176 	 327
1788205305837 	 396 	 200 	 2177 	 326
1788205305858 	 376 	 200 	 2178 	 325
1788205305842 	 400 	 200 	 2179 	 325
1788205305950 	 294 	 200 	 2180 	 324
1788205306236 	 97 	 500 	 2181 	 328
1788205306060 	 289 	 200 	 2182 	 328
1788205306152 	 205 	 200 	 2183 	 327
1788205305998 	 364 	 200 	 2184 	 326
1788205306155 	 244 	 200 	 2185 	 328
1788205306142 	 311 	 200 	 2186 	 330
1788205306145 	 309 	 200 	 2187 	 329
1788205305998 	 461 	 200 	 2188 	 328
1788205306054 	 408 	 200 	 2189 	 328
1788205306359 	 190 	 200 	 2190 	 337
1788205306351 	 202 	 200 	 2191 	 336
1788205306401 	 198 	 200 	 2192 	 339
1788205306364 	 236 	 200 	 2193 	 338
1788205306246 	 394 	 200 	 2194 	 341
1788205306335 	 311 	 200 	 2195 	 342
1788205306244 	 401 	 200 	 2196 	 341
1788205306168 	 483 	 200 	 2197 	 340
1788205306236 	 418 	 200 	 2198 	 339
1788205306165 	 494 	 200 	 2199 	 338
1788205306553 	 190 	 200 	 2200 	 342
1788205306560 	 187 	 200 	 2201 	 341
1788205306603 	 235 	 200 	 2202 	 348
1788205306650 	 194 	 200 	 2203 	 348
1788205306237 	 614 	 200 	 2204 	 347
1788205306456 	 391 	 200 	 2205 	 346
1788205306462 	 387 	 200 	 2206 	 345
1788205306658 	 197 	 200 	 2207 	 344
1788205306601 	 262 	 200 	 2208 	 343
1788205306745 	 124 	 200 	 2209 	 342
1788205306465 	 397 	 200 	 2210 	 341
1788205306460 	 474 	 200 	 2211 	 347
1788205306846 	 192 	 200 	 2212 	 355
1788205306661 	 385 	 200 	 2213 	 354
1788205306853 	 189 	 200 	 2214 	 353
1788205306749 	 297 	 200 	 2215 	 352
1788205306647 	 398 	 200 	 2216 	 351
1788205306654 	 388 	 200 	 2217 	 350
1788205306860 	 275 	 200 	 2218 	 356
1788205306867 	 274 	 200 	 2219 	 356
1788205306642 	 498 	 200 	 2220 	 355
1788205306857 	 367 	 200 	 2221 	 359
1788205306840 	 393 	 200 	 2222 	 358
1788205306854 	 382 	 200 	 2223 	 357
1788205306872 	 363 	 200 	 2224 	 356
1788205306871 	 369 	 200 	 2225 	 355
1788205304499 	 2746 	 200 	 2226 	 354
1788205306937 	 395 	 200 	 2227 	 359
1788205307054 	 279 	 200 	 2228 	 358
1788205307234 	 90 	 200 	 2229 	 357
1788205307063 	 275 	 200 	 2230 	 356
1788205307144 	 190 	 200 	 2231 	 355
1788205307058 	 280 	 200 	 2232 	 354
1788205307060 	 278 	 200 	 2233 	 353
1788205307138 	 203 	 200 	 2234 	 352
1788205307041 	 297 	 200 	 2235 	 351
1788205307144 	 194 	 200 	 2236 	 350
1788205307235 	 118 	 200 	 2237 	 349
1788205307051 	 299 	 200 	 2238 	 348
1788205307238 	 139 	 200 	 2239 	 348
1788205307242 	 190 	 200 	 2240 	 348
1788205307239 	 196 	 200 	 2241 	 347
1788205307247 	 189 	 200 	 2242 	 346
1788205307338 	 104 	 200 	 2243 	 345
1788205307335 	 201 	 200 	 2244 	 344
1788205307342 	 189 	 200 	 2245 	 343
1788205307337 	 300 	 200 	 2246 	 343
1788205307351 	 280 	 200 	 2247 	 342
1788205307387 	 258 	 200 	 2248 	 341
1788205307353 	 277 	 200 	 2249 	 340
1788205307343 	 300 	 200 	 2250 	 339
1788205307436 	 295 	 200 	 2251 	 338
1788205307356 	 381 	 200 	 2252 	 337
1788205307346 	 394 	 200 	 2253 	 336
1788205307341 	 401 	 200 	 2254 	 335
1788205307544 	 289 	 200 	 2255 	 334
1788205307639 	 196 	 200 	 2256 	 333
1788205307538 	 298 	 200 	 2257 	 332
1788205307438 	 402 	 200 	 2258 	 331
1788205307743 	 129 	 200 	 2259 	 330
1788205307436 	 511 	 200 	 2260 	 329
1788205307444 	 507 	 200 	 2261 	 328
1788205307745 	 290 	 200 	 2262 	 327
1788205307359 	 677 	 200 	 2263 	 326
1788205307647 	 406 	 200 	 2264 	 325
1788205307841 	 304 	 200 	 2265 	 325
1788205307874 	 270 	 200 	 2266 	 324
1788205307741 	 417 	 200 	 2267 	 323
1788205308160 	 97 	 500 	 2268 	 322
1788205307840 	 418 	 200 	 2269 	 321
1788205307837 	 512 	 200 	 2270 	 320
1788205307649 	 708 	 200 	 2271 	 319
1788205307740 	 623 	 200 	 2272 	 318
1788205307836 	 518 	 200 	 2273 	 317
1788205308038 	 328 	 200 	 2274 	 316
1788205308147 	 220 	 200 	 2275 	 315
1788205307647 	 723 	 200 	 2276 	 314
1788205307954 	 502 	 200 	 2277 	 313
1788205307643 	 818 	 200 	 2278 	 312
1788205308147 	 315 	 200 	 2279 	 311
1788205308035 	 430 	 200 	 2280 	 310
1788205308260 	 295 	 200 	 2281 	 309
1788205308058 	 500 	 200 	 2282 	 308
1788205308364 	 278 	 200 	 2283 	 307
1788205308367 	 280 	 200 	 2284 	 306
1788205308372 	 283 	 200 	 2285 	 305
1788205308560 	 182 	 200 	 2286 	 304
1788205308260 	 491 	 200 	 2287 	 303
1788205308560 	 190 	 200 	 2288 	 302
1788205308351 	 397 	 200 	 2289 	 301
1788205308359 	 484 	 200 	 2290 	 300
1788205308753 	 95 	 200 	 2291 	 299
1788205307950 	 911 	 200 	 2292 	 298
1788205308756 	 115 	 200 	 2293 	 297
1788205308644 	 300 	 200 	 2294 	 298
1788205308464 	 492 	 200 	 2295 	 297
1788205308374 	 579 	 200 	 2296 	 296
1788205308469 	 486 	 200 	 2297 	 296
1788205308657 	 308 	 200 	 2298 	 295
1788205308758 	 207 	 200 	 2299 	 294
1788205308459 	 507 	 200 	 2300 	 293
1788205308961 	 140 	 200 	 2301 	 292
1788205308851 	 282 	 200 	 2302 	 291
1788205308964 	 169 	 200 	 2303 	 290
1788205308369 	 765 	 200 	 2304 	 289
1788205308649 	 486 	 200 	 2305 	 288
1788205308467 	 671 	 200 	 2306 	 287
1788205308873 	 265 	 200 	 2307 	 286
1788205308863 	 277 	 200 	 2308 	 285
1788205308847 	 287 	 200 	 2309 	 284
1788205308948 	 249 	 200 	 2310 	 283
1788205308969 	 264 	 200 	 2311 	 282
1788205308747 	 486 	 200 	 2312 	 281
1788205309104 	 133 	 200 	 2313 	 280
1788205308958 	 346 	 200 	 2314 	 279
1788205309137 	 210 	 200 	 2315 	 278
1788205309141 	 215 	 200 	 2316 	 277
1788205309138 	 223 	 200 	 2317 	 276
1788205309135 	 223 	 200 	 2318 	 275
1788205308972 	 394 	 200 	 2319 	 274
1788205309239 	 198 	 200 	 2320 	 273
1788205308974 	 484 	 200 	 2321 	 272
1788205309142 	 319 	 200 	 2322 	 271
1788205309202 	 259 	 200 	 2323 	 270
1788205309140 	 410 	 200 	 2324 	 270
1788205309368 	 196 	 200 	 2325 	 269
1788205309306 	 267 	 200 	 2326 	 268
1788205309361 	 286 	 200 	 2327 	 267
1788205309348 	 306 	 200 	 2328 	 266
1788205309236 	 422 	 200 	 2329 	 265
1788205309237 	 506 	 200 	 2330 	 264
1788205309438 	 309 	 200 	 2331 	 263
1788205309136 	 707 	 200 	 2332 	 262
1788205309461 	 384 	 200 	 2333 	 261
1788205309464 	 386 	 200 	 2334 	 260
1788205309370 	 488 	 200 	 2335 	 259
1788205307342 	 2591 	 200 	 2336 	 259
1788205309575 	 378 	 200 	 2337 	 258
1788205309464 	 494 	 200 	 2338 	 257
1788205309552 	 409 	 200 	 2339 	 256
1788205309656 	 389 	 200 	 2340 	 255
1788205309365 	 683 	 200 	 2341 	 254
1788205309660 	 484 	 200 	 2342 	 254
1788205309566 	 584 	 200 	 2343 	 253
1788205309750 	 493 	 200 	 2344 	 252
1788205309854 	 405 	 200 	 2345 	 251
1788205309935 	 411 	 200 	 2346 	 250
1788205309652 	 699 	 200 	 2347 	 249
1788205310147 	 208 	 200 	 2348 	 248
1788205309746 	 614 	 200 	 2349 	 247
1788205309860 	 504 	 200 	 2350 	 246
1788205310051 	 314 	 200 	 2351 	 245
1788205309964 	 495 	 200 	 2352 	 244
1788205309845 	 628 	 200 	 2353 	 243
1788205310246 	 292 	 200 	 2354 	 242
1788205310261 	 283 	 200 	 2355 	 241
1788205309849 	 701 	 200 	 2356 	 240
1788205310153 	 396 	 200 	 2357 	 239
1788205310047 	 515 	 200 	 2358 	 238
1788205309956 	 677 	 200 	 2359 	 237
1788205309960 	 689 	 200 	 2360 	 236
1788205310354 	 293 	 200 	 2361 	 235
1788205309144 	 1513 	 200 	 2362 	 234
1788205310475 	 183 	 200 	 2363 	 233
1788205310367 	 375 	 200 	 2364 	 232
1788205310349 	 401 	 200 	 2365 	 231
1788205310363 	 391 	 200 	 2366 	 230
1788205310368 	 390 	 200 	 2367 	 229
1788205310359 	 481 	 200 	 2368 	 228
1788205310540 	 315 	 200 	 2369 	 227
1788205310556 	 378 	 200 	 2370 	 226
1788205310565 	 374 	 200 	 2371 	 225
1788205310637 	 307 	 200 	 2372 	 224
1788205310461 	 573 	 200 	 2373 	 223
1788205310547 	 487 	 200 	 2374 	 222
1788205310652 	 381 	 200 	 2375 	 221
1788205310756 	 280 	 200 	 2376 	 220
1788205310661 	 395 	 200 	 2377 	 219
1788205310747 	 389 	 200 	 2378 	 218
1788205310662 	 485 	 200 	 2379 	 217
1788205310553 	 603 	 200 	 2380 	 216
1788205310760 	 401 	 200 	 2381 	 215
1788205310753 	 482 	 200 	 2382 	 214
1788205310655 	 584 	 200 	 2383 	 213
1788205310843 	 402 	 200 	 2384 	 212
1788205310948 	 302 	 200 	 2385 	 211
1788205310942 	 309 	 200 	 2386 	 210
1788205310937 	 321 	 200 	 2387 	 209
1788205311039 	 299 	 200 	 2388 	 208
1788205310857 	 483 	 200 	 2389 	 207
1788205311062 	 296 	 200 	 2390 	 206
1788205311036 	 329 	 200 	 2391 	 205
1788205311138 	 233 	 200 	 2392 	 204
1788205311037 	 397 	 200 	 2393 	 209
1788205311039 	 403 	 200 	 2394 	 209
1788205311237 	 206 	 200 	 2395 	 208
1788205311159 	 289 	 200 	 2396 	 207
1788205311242 	 206 	 200 	 2397 	 206
1788205311248 	 214 	 200 	 2398 	 206
1788205311254 	 212 	 200 	 2399 	 205
1788205311260 	 283 	 200 	 2400 	 209
1788205311343 	 206 	 200 	 2401 	 209
1788205311150 	 484 	 200 	 2402 	 212
1788205311361 	 274 	 200 	 2403 	 211
1788205311163 	 478 	 200 	 2404 	 210
1788205311256 	 478 	 200 	 2405 	 215
1788205311366 	 375 	 200 	 2406 	 214
1788205311446 	 296 	 200 	 2407 	 213
1788205311435 	 302 	 200 	 2408 	 212
1788205311340 	 412 	 200 	 2409 	 211
1788205311457 	 296 	 200 	 2410 	 210
1788205311443 	 318 	 200 	 2411 	 210
1788205311465 	 303 	 200 	 2412 	 209
1788205311469 	 365 	 200 	 2413 	 209
1788205311644 	 289 	 200 	 2414 	 214
1788205311546 	 389 	 200 	 2415 	 213
1788205311551 	 386 	 200 	 2416 	 212
1788205311738 	 203 	 200 	 2417 	 211
1788205311375 	 570 	 200 	 2418 	 210
1788205311637 	 397 	 200 	 2419 	 217
1788205311768 	 267 	 200 	 2420 	 216
1788205311759 	 282 	 200 	 2421 	 215
1788205311836 	 220 	 200 	 2422 	 215
1788205311640 	 416 	 200 	 2423 	 214
1788205311743 	 301 	 200 	 2424 	 213
1788205311745 	 311 	 200 	 2425 	 212
1788205311452 	 684 	 200 	 2426 	 218
1788205311755 	 485 	 200 	 2427 	 218
1788205311937 	 311 	 200 	 2428 	 217
1788205311772 	 475 	 200 	 2429 	 216
1788205311935 	 318 	 200 	 2430 	 215
1788205311946 	 309 	 200 	 2431 	 214
1788205311939 	 397 	 200 	 2432 	 214
1788205311944 	 392 	 200 	 2433 	 213
1788205312041 	 394 	 200 	 2434 	 212
1788205312059 	 391 	 200 	 2435 	 211
1788205311758 	 696 	 200 	 2436 	 210
1788205312063 	 487 	 200 	 2437 	 209
1788205312044 	 511 	 200 	 2438 	 208
1788205312259 	 385 	 200 	 2439 	 208
1788205312049 	 601 	 200 	 2440 	 207
1788205312069 	 585 	 200 	 2441 	 206
1788205312141 	 521 	 200 	 2442 	 205
1788205312453 	 294 	 200 	 2443 	 205
1788205312438 	 312 	 200 	 2444 	 204
1788205312341 	 415 	 200 	 2445 	 203
1788205312553 	 207 	 200 	 2446 	 202
1788205312066 	 699 	 200 	 2447 	 201
1788205312257 	 507 	 200 	 2448 	 200
1788205312557 	 282 	 200 	 2449 	 199
1788205312243 	 598 	 200 	 2450 	 198
1788205312464 	 386 	 200 	 2451 	 197
1788205312338 	 520 	 200 	 2452 	 196
1788205312755 	 107 	 200 	 2453 	 195
1788205312653 	 208 	 200 	 2454 	 194
1788205312647 	 217 	 200 	 2455 	 193
1788205312658 	 280 	 200 	 2456 	 192
1788205312751 	 196 	 200 	 2457 	 191
1788205312771 	 192 	 200 	 2458 	 190
1788205312768 	 265 	 200 	 2459 	 189
1788205312261 	 773 	 200 	 2460 	 188
1788205312250 	 782 	 200 	 2461 	 187
1788205312844 	 193 	 200 	 2462 	 186
1788205312842 	 205 	 200 	 2463 	 185
1788205312664 	 473 	 200 	 2464 	 184
1788205312854 	 294 	 200 	 2465 	 183
1788205312759 	 400 	 200 	 2466 	 182
1788205312868 	 296 	 200 	 2467 	 181
1788205312861 	 302 	 200 	 2468 	 180
1788205312864 	 381 	 200 	 2469 	 179
1788205313037 	 223 	 200 	 2470 	 178
1788205313036 	 308 	 200 	 2471 	 178
1788205312941 	 406 	 200 	 2472 	 177
1788205313036 	 313 	 200 	 2473 	 176
1788205312950 	 410 	 200 	 2474 	 175
1788205312866 	 500 	 200 	 2475 	 174
1788205313151 	 220 	 200 	 2476 	 173
1788205312763 	 611 	 200 	 2477 	 172
1788205312964 	 469 	 200 	 2478 	 171
1788205313162 	 281 	 200 	 2479 	 170
1788205313048 	 400 	 200 	 2480 	 169
1788205313140 	 312 	 200 	 2481 	 168
1788205313346 	 286 	 200 	 2482 	 167
1788205313167 	 467 	 200 	 2483 	 166
1788205313165 	 469 	 200 	 2484 	 165
1788205313357 	 279 	 200 	 2485 	 164
1788205313038 	 599 	 200 	 2486 	 163
1788205313246 	 394 	 200 	 2487 	 162
1788205313261 	 378 	 200 	 2488 	 161
1788205313352 	 380 	 200 	 2489 	 166
1788205313374 	 366 	 200 	 2490 	 166
1788205313445 	 297 	 200 	 2491 	 165
1788205313643 	 202 	 200 	 2492 	 174
1788205313364 	 485 	 200 	 2493 	 173
1788205313368 	 482 	 200 	 2494 	 172
1788205313453 	 407 	 200 	 2495 	 172
1788205313640 	 303 	 200 	 2496 	 175
1788205313376 	 570 	 200 	 2497 	 174
1788205313638 	 328 	 200 	 2498 	 174
1788205313450 	 516 	 200 	 2499 	 173
1788205313642 	 401 	 200 	 2500 	 177
1788205313736 	 323 	 200 	 2501 	 177
1788205313436 	 627 	 200 	 2502 	 176
1788205313746 	 391 	 200 	 2503 	 183
1788205313856 	 284 	 200 	 2504 	 182
1788205313846 	 298 	 200 	 2505 	 182
1788205313945 	 201 	 200 	 2506 	 182
1788205313637 	 524 	 200 	 2507 	 182
1788205313636 	 607 	 200 	 2508 	 190
1788205313970 	 380 	 200 	 2509 	 195
1788205313742 	 614 	 200 	 2510 	 195
1788205313634 	 729 	 200 	 2511 	 194
1788205314140 	 226 	 200 	 2512 	 194
1788205313863 	 508 	 200 	 2513 	 193
1788205314066 	 305 	 200 	 2514 	 192
1788205314061 	 317 	 200 	 2515 	 191
1788205313949 	 495 	 200 	 2516 	 195
1788205313853 	 599 	 200 	 2517 	 194
1788205314143 	 391 	 200 	 2518 	 200
1788205313968 	 568 	 200 	 2519 	 199
1788205314352 	 193 	 200 	 2520 	 198
1788205314044 	 495 	 200 	 2521 	 197
1788205314162 	 470 	 200 	 2522 	 198
1788205314376 	 264 	 200 	 2523 	 197
1788205314149 	 495 	 200 	 2524 	 196
1788205314244 	 393 	 200 	 2525 	 195
1788205314364 	 286 	 200 	 2526 	 194
1788205314455 	 208 	 200 	 2527 	 194
1788205314153 	 583 	 200 	 2528 	 193
1788205314369 	 463 	 200 	 2529 	 192
1788205314635 	 199 	 200 	 2530 	 191
1788205314550 	 285 	 200 	 2531 	 190
1788205314447 	 389 	 200 	 2532 	 189
1788205314380 	 462 	 200 	 2533 	 188
1788205314647 	 295 	 200 	 2534 	 188
1788205314374 	 567 	 200 	 2535 	 187
1788205314359 	 600 	 200 	 2536 	 186
1788205314537 	 460 	 200 	 2537 	 185
1788205314836 	 164 	 200 	 2538 	 184
1788205314643 	 392 	 200 	 2539 	 183
1788205314738 	 309 	 200 	 2540 	 184
1788205314838 	 228 	 200 	 2541 	 186
1788205314550 	 511 	 200 	 2542 	 185
1788205314835 	 311 	 200 	 2543 	 190
1788205314542 	 608 	 200 	 2544 	 190
1788205314654 	 495 	 200 	 2545 	 189
1788205314838 	 317 	 200 	 2546 	 189
1788205314844 	 397 	 200 	 2547 	 195
1788205314956 	 301 	 200 	 2548 	 194
1788205314944 	 387 	 200 	 2549 	 197
1788205314665 	 681 	 200 	 2550 	 196
1788205315001 	 362 	 200 	 2551 	 196
1788205315245 	 202 	 200 	 2552 	 202
1788205315259 	 188 	 200 	 2553 	 201
1788205314650 	 804 	 200 	 2554 	 200
1788205315001 	 459 	 200 	 2555 	 199
1788205314961 	 505 	 200 	 2556 	 198
1788205315051 	 417 	 200 	 2557 	 197
1788205315147 	 318 	 200 	 2558 	 196
1788205315153 	 396 	 200 	 2559 	 198
1788205315069 	 531 	 200 	 2560 	 198
1788205315160 	 441 	 200 	 2561 	 197
1788205315349 	 250 	 200 	 2562 	 196
1788205315365 	 270 	 200 	 2563 	 198
1788205315155 	 483 	 200 	 2564 	 197
1788205315341 	 332 	 200 	 2565 	 197
1788205315071 	 663 	 200 	 2566 	 202
1788205315472 	 285 	 200 	 2567 	 203
1788205315464 	 290 	 200 	 2568 	 202
1788205315454 	 299 	 200 	 2569 	 201
1788205315551 	 281 	 200 	 2570 	 204
1788205315456 	 375 	 200 	 2571 	 203
1788205315602 	 240 	 200 	 2572 	 203
1788205315603 	 247 	 200 	 2573 	 202
1788205315470 	 384 	 200 	 2574 	 201
1788205315642 	 291 	 200 	 2575 	 210
1788205315736 	 200 	 200 	 2576 	 209
1788205315450 	 492 	 200 	 2577 	 208
1788205315835 	 197 	 200 	 2578 	 216
1788205315038 	 996 	 200 	 2579 	 215
1788205315637 	 406 	 200 	 2580 	 214
1788205315766 	 284 	 200 	 2581 	 213
1788205315604 	 448 	 200 	 2582 	 212
1788205315474 	 586 	 200 	 2583 	 212
1788205315759 	 304 	 200 	 2584 	 211
1788205315940 	 125 	 200 	 2585 	 210
1788205315844 	 224 	 200 	 2586 	 209
1788205315675 	 476 	 200 	 2587 	 217
1788205316035 	 125 	 200 	 2588 	 216
1788205316052 	 179 	 200 	 2589 	 217
1788205315945 	 312 	 200 	 2590 	 220
1788205316047 	 289 	 200 	 2591 	 225
1788205316034 	 328 	 200 	 2592 	 225
1788205315855 	 509 	 200 	 2593 	 224
1788205316063 	 339 	 200 	 2594 	 223
1788205316054 	 397 	 200 	 2595 	 227
1788205316072 	 476 	 200 	 2596 	 232
1788205315852 	 696 	 200 	 2597 	 231
1788205315763 	 790 	 200 	 2598 	 230
1788205316366 	 193 	 200 	 2599 	 232
1788205316403 	 249 	 200 	 2600 	 237
1788205315935 	 723 	 200 	 2601 	 237
1788205316070 	 588 	 200 	 2602 	 236
1788205316260 	 492 	 200 	 2603 	 245
1788205316551 	 202 	 200 	 2604 	 244
1788205316457 	 296 	 200 	 2605 	 243
1788205316154 	 689 	 200 	 2606 	 252
1788205316364 	 485 	 200 	 2607 	 251
1788205316067 	 786 	 200 	 2608 	 251
1788205316654 	 299 	 200 	 2609 	 253
1788205316659 	 296 	 200 	 2610 	 252
1788205316554 	 402 	 200 	 2611 	 251
1788205316760 	 288 	 200 	 2612 	 255
1788205316556 	 495 	 200 	 2613 	 254
1788205316759 	 381 	 200 	 2614 	 260
1788205316161 	 983 	 200 	 2615 	 259
1788205316663 	 484 	 200 	 2616 	 258
1788205316236 	 915 	 200 	 2617 	 257
1788205316856 	 306 	 200 	 2618 	 258
1788205316959 	 293 	 200 	 2619 	 259
1788205316757 	 503 	 200 	 2620 	 258
1788205316963 	 384 	 200 	 2621 	 258
1788205316956 	 396 	 200 	 2622 	 257
1788205316563 	 795 	 200 	 2623 	 256
1788205317146 	 295 	 200 	 2624 	 258
1788205316338 	 1108 	 200 	 2625 	 257
1788205317055 	 400 	 200 	 2626 	 257
1788205317051 	 409 	 200 	 2627 	 257
1788205317142 	 406 	 200 	 2628 	 259
1788205316851 	 696 	 200 	 2629 	 258
1788205317361 	 199 	 200 	 2630 	 257
1788205315834 	 1730 	 200 	 2631 	 256
1788205317262 	 303 	 200 	 2632 	 255
1788205317257 	 387 	 200 	 2633 	 257
1788205317449 	 201 	 200 	 2634 	 256
1788205317355 	 317 	 200 	 2635 	 257
1788205316845 	 831 	 200 	 2636 	 256
1788205317444 	 289 	 200 	 2637 	 258
1788205317350 	 390 	 200 	 2638 	 257
1788205317563 	 185 	 200 	 2639 	 257
1788205317150 	 602 	 200 	 2640 	 256
1788205317551 	 280 	 200 	 2641 	 259
1788205317165 	 671 	 200 	 2642 	 258
1788205317156 	 688 	 200 	 2643 	 258
1788205317463 	 398 	 200 	 2644 	 257
1788205317557 	 311 	 200 	 2645 	 256
1788205317736 	 134 	 200 	 2646 	 255
1788205317567 	 378 	 200 	 2647 	 258
1788205317568 	 396 	 200 	 2648 	 257
1788205317846 	 196 	 200 	 2649 	 263
1788205317750 	 296 	 200 	 2650 	 263
1788205317872 	 178 	 200 	 2651 	 262
1788205317755 	 293 	 200 	 2652 	 263
1788205317654 	 399 	 200 	 2653 	 262
1788205317458 	 605 	 200 	 2654 	 261
1788205317838 	 234 	 200 	 2655 	 260
1788205317950 	 121 	 200 	 2656 	 259
1788205317679 	 458 	 200 	 2657 	 262
1788205317647 	 489 	 200 	 2658 	 261
1788205317966 	 187 	 200 	 2659 	 260
1788205317834 	 400 	 200 	 2660 	 264
1788205317872 	 363 	 200 	 2661 	 263
1788205317675 	 564 	 200 	 2662 	 262
1788205317864 	 371 	 200 	 2663 	 261
1788205318052 	 193 	 200 	 2664 	 260
1788205318074 	 182 	 200 	 2665 	 260
1788205318049 	 290 	 200 	 2666 	 262
1788205318074 	 276 	 200 	 2667 	 261
1788205318059 	 381 	 200 	 2668 	 268
1788205317744 	 694 	 200 	 2669 	 267
1788205318155 	 297 	 200 	 2670 	 266
1788205318243 	 291 	 200 	 2671 	 267
1788205318259 	 276 	 200 	 2672 	 266
1788205318056 	 484 	 200 	 2673 	 265
1788205318251 	 285 	 200 	 2674 	 264
1788205318238 	 311 	 200 	 2675 	 263
1788205318341 	 225 	 200 	 2676 	 264
1788205318352 	 304 	 200 	 2677 	 266
1788205318043 	 691 	 200 	 2678 	 271
1788205318248 	 493 	 200 	 2679 	 270
1788205318455 	 285 	 200 	 2680 	 269
1788205318247 	 487 	 200 	 2681 	 270
1788205318446 	 304 	 200 	 2682 	 269
1788205318142 	 619 	 200 	 2683 	 268
1788205318538 	 295 	 200 	 2684 	 268
1788205318546 	 301 	 200 	 2685 	 267
1788205318552 	 382 	 200 	 2686 	 266
1788205318550 	 390 	 200 	 2687 	 265
1788205318538 	 408 	 200 	 2688 	 264
1788205318570 	 386 	 200 	 2689 	 263
1788205318065 	 967 	 200 	 2690 	 262
1788205318139 	 894 	 200 	 2691 	 261
1788205318849 	 208 	 200 	 2692 	 260
1788205318764 	 296 	 200 	 2693 	 259
1788205318753 	 388 	 200 	 2694 	 258
1788205318954 	 190 	 200 	 2695 	 257
1788205318949 	 196 	 200 	 2696 	 256
1788205318744 	 409 	 200 	 2697 	 255
1788205318736 	 418 	 200 	 2698 	 254
1788205319060 	 101 	 200 	 2699 	 253
1788205318658 	 503 	 200 	 2700 	 252
1788205318936 	 233 	 200 	 2701 	 251
1788205318443 	 728 	 200 	 2702 	 250
1788205318757 	 507 	 200 	 2703 	 249
1788205318749 	 518 	 200 	 2704 	 248
1788205318958 	 313 	 200 	 2705 	 247
1788205319157 	 110 	 200 	 2706 	 246
1788205319036 	 241 	 200 	 2707 	 245
1788205319165 	 171 	 200 	 2708 	 244
1788205319034 	 302 	 200 	 2709 	 243
1788205318836 	 503 	 200 	 2710 	 242
1788205319064 	 292 	 200 	 2711 	 241
1788205319266 	 181 	 200 	 2712 	 240
1788205319174 	 280 	 200 	 2713 	 239
1788205319146 	 308 	 200 	 2714 	 238
1788205319144 	 319 	 200 	 2715 	 237
1788205319276 	 188 	 200 	 2716 	 236
1788205319156 	 310 	 200 	 2717 	 235
1788205319341 	 209 	 200 	 2718 	 234
1788205319270 	 285 	 200 	 2719 	 233
1788205319148 	 411 	 200 	 2720 	 232
1788205319278 	 369 	 200 	 2721 	 231
1788205319338 	 315 	 200 	 2722 	 230
1788205319170 	 486 	 200 	 2723 	 229
1788205319273 	 389 	 200 	 2724 	 228
1788205319456 	 291 	 200 	 2725 	 227
1788205319339 	 416 	 200 	 2726 	 226
1788205319465 	 379 	 200 	 2727 	 225
1788205319358 	 487 	 200 	 2728 	 224
1788205319472 	 396 	 200 	 2729 	 223
1788205319551 	 391 	 200 	 2730 	 222
1788205319757 	 193 	 200 	 2731 	 221
1788205319560 	 395 	 200 	 2732 	 220
1788205319467 	 486 	 200 	 2733 	 219
1788205319665 	 290 	 200 	 2734 	 219
1788205319870 	 93 	 200 	 2735 	 218
1788205319649 	 404 	 200 	 2736 	 217
1788205319460 	 692 	 200 	 2737 	 216
1788205319961 	 196 	 200 	 2738 	 216
1788205319750 	 412 	 200 	 2739 	 215
1788205319450 	 791 	 200 	 2740 	 214
1788205319659 	 589 	 200 	 2741 	 213
1788205319557 	 695 	 200 	 2742 	 212
1788205319965 	 379 	 200 	 2743 	 211
1788205319848 	 503 	 200 	 2744 	 210
1788205319952 	 401 	 200 	 2745 	 209
1788205320155 	 206 	 200 	 2746 	 208
1788205319655 	 785 	 200 	 2747 	 207
1788205320056 	 394 	 200 	 2748 	 206
1788205320346 	 198 	 200 	 2749 	 205
1788205320255 	 292 	 200 	 2750 	 204
1788205319945 	 622 	 200 	 2751 	 203
1788205319968 	 601 	 200 	 2752 	 202
1788205320159 	 495 	 200 	 2753 	 201
1788205320165 	 495 	 200 	 2754 	 200
1788205320572 	 86 	 200 	 2755 	 199
1788205319851 	 890 	 200 	 2756 	 198
1788205319958 	 797 	 200 	 2757 	 197
1788205320355 	 401 	 200 	 2758 	 196
1788205320357 	 405 	 200 	 2759 	 195
1788205320443 	 402 	 200 	 2760 	 194
1788205320657 	 192 	 200 	 2761 	 193
1788205320764 	 90 	 200 	 2762 	 192
1788205320364 	 578 	 200 	 2763 	 191
1788205319167 	 1777 	 200 	 2764 	 190
1788205320743 	 209 	 200 	 2765 	 189
1788205320570 	 386 	 200 	 2766 	 188
1788205320251 	 708 	 200 	 2767 	 187
1788205320549 	 411 	 200 	 2768 	 186
1788205320758 	 204 	 200 	 2769 	 185
1788205320663 	 306 	 200 	 2770 	 184
1788205320244 	 798 	 200 	 2771 	 183
1788205320856 	 278 	 200 	 2772 	 182
1788205320848 	 288 	 200 	 2773 	 181
1788205320947 	 185 	 200 	 2774 	 180
1788205320452 	 782 	 200 	 2775 	 179
1788205320968 	 269 	 200 	 2776 	 178
1788205320661 	 598 	 200 	 2777 	 177
1788205320852 	 408 	 200 	 2778 	 176
1788205320947 	 315 	 200 	 2779 	 175
1788205321045 	 306 	 200 	 2780 	 174
1788205321142 	 212 	 200 	 2781 	 173
1788205320762 	 600 	 200 	 2782 	 172
1788205320955 	 485 	 200 	 2783 	 171
1788205321236 	 206 	 200 	 2784 	 170
1788205320964 	 478 	 200 	 2785 	 169
1788205321354 	 111 	 200 	 2786 	 168
1788205321263 	 282 	 200 	 2787 	 167
1788205321267 	 384 	 200 	 2788 	 166
1788205321445 	 211 	 200 	 2789 	 165
1788205320968 	 691 	 200 	 2790 	 164
1788205321262 	 487 	 200 	 2791 	 163
1788205321143 	 609 	 200 	 2792 	 162
1788205320973 	 784 	 200 	 2793 	 161
1788205321443 	 319 	 200 	 2794 	 160
1788205321467 	 295 	 200 	 2795 	 159
1788205321442 	 397 	 200 	 2796 	 158
1788205321360 	 480 	 200 	 2797 	 157
1788205321363 	 480 	 200 	 2798 	 156
1788205321138 	 710 	 200 	 2799 	 155
1788205320959 	 974 	 200 	 2800 	 154
1788205321658 	 276 	 200 	 2801 	 153
1788205321755 	 189 	 200 	 2802 	 152
1788205321547 	 396 	 200 	 2803 	 151
1788205321661 	 287 	 200 	 2804 	 150
1788205321241 	 707 	 200 	 2805 	 149
1788205321653 	 380 	 200 	 2806 	 148
1788205321853 	 182 	 200 	 2807 	 147
1788205321767 	 275 	 200 	 2808 	 146
1788205321840 	 205 	 200 	 2809 	 145
1788205321950 	 104 	 200 	 2810 	 144
1788205321765 	 300 	 200 	 2811 	 143
1788205321847 	 303 	 200 	 2812 	 142
1788205321761 	 400 	 200 	 2813 	 141
1788205321948 	 299 	 200 	 2814 	 141
1788205321936 	 316 	 200 	 2815 	 140
1788205321936 	 324 	 200 	 2816 	 139
1788205321950 	 309 	 200 	 2817 	 138
1788205321759 	 499 	 200 	 2818 	 137
1788205322047 	 218 	 200 	 2819 	 136
1788205322036 	 230 	 200 	 2820 	 135
1788205322038 	 314 	 200 	 2821 	 134
1788205321843 	 531 	 200 	 2822 	 133
1788205321946 	 488 	 200 	 2823 	 132
1788205322249 	 205 	 200 	 2824 	 131
1788205322060 	 400 	 200 	 2825 	 130
1788205322268 	 192 	 200 	 2826 	 129
1788205322152 	 399 	 200 	 2827 	 128
1788205322262 	 296 	 200 	 2828 	 127
1788205322353 	 288 	 200 	 2829 	 126
1788205322464 	 192 	 200 	 2830 	 125
1788205322435 	 226 	 200 	 2831 	 124
1788205322044 	 616 	 200 	 2832 	 123
1788205322067 	 603 	 200 	 2833 	 122
1788205322376 	 293 	 200 	 2834 	 121
1788205322270 	 406 	 200 	 2835 	 120
1788205322459 	 298 	 200 	 2836 	 119
1788205322163 	 639 	 200 	 2837 	 118
1788205322255 	 579 	 200 	 2838 	 117
1788205322264 	 575 	 200 	 2839 	 116
1788205322554 	 390 	 200 	 2840 	 115
1788205322645 	 302 	 200 	 2841 	 114
1788205322667 	 282 	 200 	 2842 	 113
1788205322663 	 291 	 200 	 2843 	 112
1788205322658 	 299 	 200 	 2844 	 111
1788205322759 	 199 	 200 	 2845 	 110
1788205322841 	 120 	 200 	 2846 	 109
1788205322560 	 405 	 200 	 2847 	 108
1788205322462 	 577 	 200 	 2848 	 107
1788205322678 	 364 	 200 	 2849 	 106
1788205322272 	 781 	 200 	 2850 	 105
1788205322957 	 108 	 200 	 2851 	 104
1788205322965 	 174 	 200 	 2852 	 103
1788205322672 	 471 	 200 	 2853 	 102
1788205322961 	 193 	 200 	 2854 	 101
1788205322947 	 214 	 200 	 2855 	 100
1788205322949 	 212 	 200 	 2856 	 99
1788205322963 	 283 	 200 	 2857 	 98
1788205323067 	 183 	 200 	 2858 	 97
1788205323145 	 110 	 200 	 2859 	 96
1788205323044 	 215 	 200 	 2860 	 95
1788205323163 	 104 	 200 	 2861 	 94
1788205322803 	 537 	 200 	 2862 	 93
1788205323141 	 199 	 200 	 2863 	 92
1788205322675 	 683 	 200 	 2864 	 91
1788205323252 	 111 	 200 	 2865 	 90
1788205322837 	 531 	 200 	 2866 	 89
1788205323156 	 208 	 200 	 2867 	 88
1788205322967 	 401 	 200 	 2868 	 87
1788205323055 	 395 	 200 	 2869 	 86
1788205323165 	 367 	 200 	 2870 	 85
1788205323041 	 493 	 200 	 2871 	 84
1788205323261 	 282 	 200 	 2872 	 83
1788205322951 	 598 	 200 	 2873 	 82
1788205323257 	 295 	 200 	 2874 	 81
1788205323248 	 392 	 200 	 2875 	 82
1788205323342 	 303 	 200 	 2876 	 81
1788205323270 	 396 	 200 	 2877 	 80
1788205323366 	 372 	 200 	 2878 	 79
1788205323371 	 371 	 200 	 2879 	 78
1788205323373 	 371 	 200 	 2880 	 77
1788205323536 	 225 	 200 	 2881 	 76
1788205323452 	 347 	 200 	 2882 	 75
1788205323375 	 458 	 200 	 2883 	 74
1788205323550 	 311 	 200 	 2884 	 73
1788205323544 	 394 	 200 	 2885 	 72
1788205323342 	 614 	 200 	 2886 	 72
1788205323767 	 193 	 200 	 2887 	 71
1788205323536 	 425 	 200 	 2888 	 70
1788205323745 	 304 	 200 	 2889 	 69
1788205323802 	 252 	 200 	 2890 	 68
1788205323361 	 692 	 200 	 2891 	 67
1788205323646 	 414 	 200 	 2892 	 66
1788205323963 	 186 	 200 	 2893 	 65
1788205323555 	 601 	 200 	 2894 	 64
1788205323834 	 405 	 200 	 2895 	 63
1788205323744 	 496 	 200 	 2896 	 62
1788205323669 	 576 	 200 	 2897 	 61
1788205323643 	 603 	 200 	 2898 	 60
1788205324057 	 208 	 200 	 2899 	 59
1788205323966 	 301 	 200 	 2900 	 58
1788205323942 	 327 	 200 	 2901 	 57
1788205323741 	 531 	 200 	 2902 	 56
1788205323958 	 311 	 200 	 2903 	 55
1788205324060 	 220 	 200 	 2904 	 54
1788205324152 	 202 	 200 	 2905 	 53
1788205324051 	 383 	 200 	 2906 	 52
1788205323865 	 571 	 200 	 2907 	 51
1788205324241 	 309 	 200 	 2908 	 50
1788205324248 	 397 	 200 	 2909 	 49
1788205324268 	 384 	 200 	 2910 	 48
1788205324158 	 506 	 200 	 2911 	 47
1788205324282 	 384 	 200 	 2912 	 46
1788205324278 	 463 	 200 	 2913 	 45
1788205324063 	 684 	 200 	 2914 	 44
1788205324242 	 517 	 200 	 2915 	 43
1788205324274 	 477 	 200 	 2916 	 42
1788205324438 	 407 	 200 	 2917 	 41
1788205324552 	 299 	 200 	 2918 	 40
1788205324438 	 416 	 200 	 2919 	 39
1788205320547 	 4395 	 200 	 2920 	 38
1788205324275 	 684 	 200 	 2921 	 37
1788205324357 	 603 	 200 	 2922 	 36
1788205324668 	 297 	 200 	 2923 	 36
1788205324750 	 215 	 200 	 2924 	 35
1788205324246 	 799 	 200 	 2925 	 34
1788205324274 	 782 	 200 	 2926 	 33
1788205324670 	 400 	 200 	 2927 	 32
1788205324647 	 454 	 200 	 2928 	 31
1788205324764 	 376 	 200 	 2929 	 30
1788205324655 	 495 	 200 	 2930 	 29
1788205324762 	 393 	 200 	 2931 	 28
1788205324744 	 420 	 200 	 2932 	 27
1788205324850 	 317 	 200 	 2933 	 26
1788205324962 	 293 	 200 	 2934 	 25
1788205324861 	 403 	 200 	 2935 	 24
1788205324960 	 304 	 200 	 2936 	 23
1788205325170 	 103 	 200 	 2937 	 22
1788205325157 	 175 	 200 	 2938 	 21
1788205324949 	 386 	 200 	 2939 	 20
1788205324970 	 376 	 200 	 2940 	 19
1788205324854 	 509 	 200 	 2941 	 18
1788205325153 	 283 	 200 	 2942 	 17
1788205325061 	 382 	 200 	 2943 	 16
1788205325258 	 189 	 200 	 2944 	 15
1788205325275 	 258 	 200 	 2944 	 14
1788205325266 	 266 	 200 	 2944 	 13
1788205325167 	 367 	 200 	 2944 	 12
1788205324967 	 568 	 200 	 2944 	 11
1788205325269 	 266 	 200 	 2944 	 10
1788205325047 	 489 	 200 	 2944 	 9
1788205325104 	 434 	 200 	 2944 	 8
1788205325143 	 400 	 200 	 2944 	 7
1788205325072 	 472 	 200 	 2944 	 6
1788205325335 	 212 	 200 	 2944 	 5
1788205325439 	 107 	 200 	 2944 	 4
1788205325349 	 199 	 200 	 2944 	 3
1788205325445 	 105 	 200 	 2944 	 2
1788205325339 	 215 	 200 	 2944 	 1
1788205325365 	 191 	 200 	 2944 	 0
1788205326336 	 32 	 200 	 2945 	 0
1788205326434 	 34 	 200 	 2946 	 0
1788205326768 	 15 	 200 	 2947 	 0
1788205327872 	 16 	 200 	 2948 	 0
1788205327932 	 23 	 200 	 2949 	 0
1788205328479 	 34 	 200 	 2950 	 0
1788205328588 	 39 	 200 	 2951 	 0
1788205330204 	 13 	 200 	 2952 	 0
1788205330276 	 17 	 200 	 2953 	 0
1788205331143 	 33 	 200 	 2956 	 2
1788205331161 	 27 	 200 	 2956 	 1
1788205331176 	 16 	 200 	 2956 	 0
1788205331209 	 18 	 200 	 2961 	 4
1788205331218 	 20 	 200 	 2964 	 6
1788205331222 	 18 	 200 	 2964 	 5
1788205331227 	 18 	 200 	 2965 	 5
1788205331229 	 24 	 200 	 2965 	 4
1788205331235 	 21 	 200 	 2965 	 3
1788205331236 	 37 	 200 	 2966 	 3
1788205331232 	 41 	 200 	 2966 	 2
1788205331242 	 39 	 200 	 2966 	 1
1788205331261 	 22 	 200 	 2966 	 0
1788205331313 	 13 	 200 	 2967 	 0
1788205331346 	 17 	 200 	 2968 	 0
1788205331537 	 32 	 200 	 2969 	 0
1788205331853 	 34 	 200 	 2970 	 0
1788205331895 	 13 	 200 	 2971 	 0
1788205332157 	 34 	 200 	 2972 	 0
1788205332955 	 33 	 200 	 2973 	 0
1788205333376 	 17 	 200 	 2974 	 0
1788205333841 	 17 	 200 	 2975 	 0
1788205333912 	 17 	 200 	 2976 	 0
1788205333942 	 14 	 200 	 2977 	 0
1788205334690 	 16 	 200 	 2979 	 1
1788205334695 	 17 	 200 	 2979 	 0
1788205334743 	 33 	 200 	 2984 	 4
1788205334744 	 32 	 200 	 2984 	 3
1788205334752 	 26 	 200 	 2984 	 2
1788205334741 	 38 	 200 	 2984 	 1
1788205334771 	 18 	 200 	 2985 	 1
1788205334783 	 12 	 200 	 2985 	 0
1788205334820 	 25 	 200 	 2988 	 2
1788205334832 	 15 	 200 	 2989 	 2
1788205334817 	 31 	 200 	 2989 	 1
1788205334847 	 16 	 200 	 2991 	 2
1788205334856 	 15 	 200 	 2991 	 1
1788205334857 	 17 	 200 	 2991 	 0
1788205334900 	 22 	 200 	 2993 	 1
1788205334902 	 20 	 200 	 2993 	 0
1788205334936 	 23 	 200 	 2998 	 4
1788205334940 	 20 	 200 	 2998 	 3
1788205334938 	 23 	 200 	 2998 	 2
1788205334943 	 21 	 200 	 2999 	 2
1788205334946 	 21 	 200 	 2999 	 1
1788205334964 	 14 	 200 	 2999 	 0
1788205334983 	 15 	 200 	 3000 	 0
1788205335008 	 15 	 200 	 3005 	 4
1788205335003 	 20 	 200 	 3005 	 3
1788205335013 	 26 	 200 	 3006 	 3
1788205335018 	 25 	 200 	 3006 	 2
1788205335019 	 25 	 200 	 3006 	 1
1788205335030 	 15 	 200 	 3006 	 0
1788205335058 	 15 	 200 	 3009 	 2
1788205335060 	 19 	 200 	 3010 	 2
1788205335067 	 13 	 200 	 3011 	 2
1788205335075 	 19 	 200 	 3011 	 1
1788205335080 	 17 	 200 	 3012 	 1
1788205335097 	 14 	 200 	 3013 	 1
1788205335115 	 18 	 200 	 3018 	 5
1788205335111 	 22 	 200 	 3018 	 4
1788205335114 	 20 	 200 	 3018 	 3
1788205335117 	 18 	 200 	 3018 	 2
1788205335123 	 22 	 200 	 3018 	 1
1788205335124 	 23 	 200 	 3018 	 0
1788205335157 	 12 	 200 	 3021 	 2
1788205335151 	 21 	 200 	 3021 	 1
1788205335175 	 13 	 200 	 3022 	 1
1788205335164 	 24 	 200 	 3022 	 0
1788205335191 	 14 	 200 	 3025 	 2
1788205335192 	 16 	 200 	 3026 	 2
1788205335205 	 15 	 200 	 3026 	 1
1788205335207 	 14 	 200 	 3026 	 0
1788205335240 	 12 	 200 	 3028 	 1
1788205335247 	 18 	 200 	 3030 	 2
1788205335255 	 15 	 200 	 3031 	 2
1788205335260 	 17 	 200 	 3033 	 3
1788205335269 	 14 	 200 	 3034 	 3
1788205335273 	 13 	 200 	 3034 	 2
1788205335279 	 14 	 200 	 3034 	 1
1788205335280 	 18 	 200 	 3034 	 0
1788205335300 	 13 	 200 	 3035 	 0
1788205335316 	 13 	 200 	 3038 	 2
1788205335318 	 13 	 200 	 3038 	 1
1788205335325 	 15 	 200 	 3039 	 1
1788205335336 	 28 	 200 	 3039 	 0
1788205335390 	 15 	 200 	 3040 	 0
1788205335712 	 32 	 200 	 3041 	 0
1788205336447 	 35 	 200 	 3042 	 0
1788205337130 	 36 	 200 	 3043 	 0
1788205337347 	 37 	 200 	 3044 	 0
1788205337653 	 32 	 200 	 3045 	 0
1788205338460 	 17 	 200 	 3046 	 0
1788205338718 	 16 	 200 	 3047 	 0
1788205339572 	 16 	 200 	 3049 	 1
1788205339573 	 19 	 200 	 3049 	 0
1788205339607 	 12 	 200 	 3050 	 0
1788205339625 	 12 	 200 	 3052 	 1
1788205339637 	 12 	 200 	 3052 	 0
1788205339671 	 16 	 200 	 3053 	 0
1788205339694 	 12 	 200 	 3054 	 0
1788205339711 	 12 	 200 	 3055 	 0
1788205339726 	 13 	 200 	 3057 	 1
1788205339728 	 13 	 200 	 3057 	 0
1788205339749 	 14 	 200 	 3059 	 1
1788205339753 	 13 	 200 	 3059 	 0
1788205339815 	 12 	 200 	 3060 	 0
1788205339869 	 14 	 200 	 3061 	 0
1788205339894 	 36 	 200 	 3064 	 2
1788205339896 	 46 	 200 	 3064 	 1
1788205339904 	 40 	 200 	 3064 	 0
1788205339971 	 18 	 200 	 3066 	 1
1788205339979 	 13 	 200 	 3066 	 0
1788205340068 	 16 	 200 	 3068 	 1
1788205340083 	 15 	 200 	 3068 	 0
1788205340110 	 15 	 200 	 3070 	 1
1788205340114 	 13 	 200 	 3070 	 0
1788205340150 	 12 	 200 	 3071 	 0
1788205340187 	 14 	 200 	 3074 	 2
1788205340187 	 13 	 200 	 3074 	 1
1788205340196 	 15 	 200 	 3076 	 2
1788205340202 	 21 	 200 	 3078 	 3
1788205340209 	 19 	 200 	 3078 	 2
1788205340214 	 15 	 200 	 3078 	 1
1788205340223 	 31 	 200 	 3079 	 1
1788205340254 	 15 	 200 	 3079 	 0
1788205340277 	 12 	 200 	 3080 	 0
1788205340292 	 12 	 200 	 3082 	 1
1788205340303 	 15 	 200 	 3083 	 2
1788205340311 	 15 	 200 	 3085 	 2
1788205340319 	 15 	 200 	 3085 	 1
1788205340322 	 16 	 200 	 3086 	 1
1788205340335 	 13 	 200 	 3086 	 0
1788205340356 	 13 	 200 	 3087 	 0
1788205340398 	 30 	 200 	 3088 	 0
1788205340437 	 12 	 200 	 3090 	 1
1788205340451 	 16 	 200 	 3092 	 2
1788205340456 	 13 	 200 	 3093 	 2
1788205340450 	 19 	 200 	 3093 	 1
1788205340468 	 15 	 200 	 3095 	 2
1788205340474 	 15 	 200 	 3096 	 2
1788205340482 	 20 	 200 	 3097 	 2
1788205340489 	 14 	 200 	 3097 	 1
1788205340499 	 15 	 200 	 3099 	 2
1788205340514 	 20 	 200 	 3102 	 4
1788205340513 	 22 	 200 	 3102 	 3
1788205340519 	 25 	 200 	 3102 	 2
1788205340535 	 13 	 200 	 3102 	 1
1788205340521 	 44 	 200 	 3104 	 2
1788205340553 	 15 	 200 	 3104 	 1
1788205340554 	 14 	 200 	 3104 	 0
1788205340587 	 13 	 200 	 3107 	 2
1788205340593 	 20 	 200 	 3107 	 1
1788205340597 	 17 	 200 	 3107 	 0
1788205340617 	 12 	 200 	 3108 	 0
1788205340655 	 13 	 200 	 3109 	 0
1788205340690 	 13 	 200 	 3111 	 1
1788205340689 	 20 	 200 	 3111 	 0
1788205340715 	 13 	 200 	 3114 	 2
1788205340721 	 13 	 200 	 3114 	 1
1788205340726 	 16 	 200 	 3115 	 1
1788205340736 	 18 	 200 	 3116 	 2
1788205340754 	 14 	 200 	 3117 	 1
1788205340755 	 15 	 200 	 3117 	 0
1788205340786 	 14 	 200 	 3119 	 1
1788205340788 	 12 	 200 	 3119 	 0
1788205340843 	 32 	 200 	 3121 	 1
1788205340851 	 32 	 200 	 3122 	 1
1788205340878 	 15 	 200 	 3122 	 0
1788205341093 	 24 	 200 	 3123 	 0
1788205341508 	 39 	 200 	 3124 	 0
1788205341591 	 17 	 200 	 3125 	 0
1788205341686 	 30 	 200 	 3126 	 0
1788205342381 	 14 	 200 	 3127 	 0
1788205342403 	 14 	 200 	 3128 	 0
1788205342433 	 12 	 200 	 3129 	 0
1788205342459 	 12 	 200 	 3131 	 2
1788205342470 	 13 	 200 	 3133 	 2
1788205342472 	 16 	 200 	 3134 	 2
1788205342478 	 17 	 200 	 3135 	 2
1788205342488 	 15 	 200 	 3135 	 1
1788205342491 	 15 	 200 	 3135 	 0
1788205342519 	 24 	 200 	 3136 	 0
1788205342551 	 17 	 200 	 3139 	 2
1788205342551 	 18 	 200 	 3139 	 1
1788205342555 	 19 	 200 	 3139 	 0
1788205342581 	 15 	 200 	 3140 	 0
1788205342609 	 17 	 200 	 3143 	 2
1788205342613 	 17 	 200 	 3143 	 1
1788205342622 	 15 	 200 	 3143 	 0
1788205342660 	 27 	 200 	 3146 	 2
1788205342678 	 17 	 200 	 3146 	 1
1788205342683 	 13 	 200 	 3146 	 0
1788205342709 	 17 	 200 	 3148 	 1
1788205342719 	 14 	 200 	 3148 	 1
1788205342734 	 14 	 200 	 3152 	 3
1788205342736 	 18 	 200 	 3152 	 2
1788205342737 	 18 	 200 	 3152 	 1
1788205342744 	 17 	 200 	 3154 	 2
1788205342757 	 13 	 200 	 3154 	 1
1788205342760 	 13 	 200 	 3154 	 0
1788205342791 	 13 	 200 	 3156 	 1
1788205342813 	 14 	 200 	 3158 	 2
1788205342804 	 34 	 200 	 3158 	 1
1788205342811 	 29 	 200 	 3158 	 0
1788205342847 	 15 	 200 	 3159 	 0
1788205342868 	 12 	 200 	 3160 	 0
1788205342885 	 20 	 200 	 3164 	 3
1788205342890 	 19 	 200 	 3164 	 2
1788205342900 	 15 	 200 	 3165 	 2
1788205342898 	 25 	 200 	 3165 	 1
1788205342913 	 13 	 200 	 3165 	 0
1788205342963 	 21 	 200 	 3166 	 0
1788205342992 	 26 	 200 	 3168 	 1
1788205343008 	 15 	 200 	 3168 	 0
1788205343025 	 14 	 200 	 3172 	 3
1788205343030 	 17 	 200 	 3172 	 2
1788205343038 	 15 	 200 	 3172 	 1
1788205343038 	 19 	 200 	 3172 	 0
1788205343061 	 16 	 200 	 3173 	 0
1788205343083 	 16 	 200 	 3175 	 1
1788205343083 	 17 	 200 	 3175 	 0
1788205343119 	 14 	 200 	 3176 	 0
1788205343135 	 12 	 200 	 3177 	 0
1788205343149 	 18 	 200 	 3180 	 2
1788205343153 	 14 	 200 	 3180 	 1
1788205343149 	 20 	 200 	 3180 	 0
1788205343178 	 20 	 200 	 3182 	 1
1788205343183 	 16 	 200 	 3182 	 0
1788205343234 	 13 	 200 	 3183 	 0
1788205343250 	 16 	 200 	 3186 	 2
1788205343258 	 16 	 200 	 3187 	 2
1788205343265 	 16 	 200 	 3188 	 2
1788205343271 	 18 	 200 	 3189 	 2
1788205343276 	 14 	 200 	 3189 	 1
1788205343285 	 16 	 200 	 3189 	 0
1788205343302 	 14 	 200 	 3190 	 0
1788205343328 	 12 	 200 	 3193 	 2
1788205343337 	 13 	 200 	 3194 	 2
1788205343336 	 16 	 200 	 3194 	 1
1788205343348 	 17 	 200 	 3195 	 1
1788205343365 	 18 	 200 	 3195 	 0
1788205343392 	 14 	 200 	 3197 	 1
1788205343399 	 13 	 200 	 3197 	 0
1788205343415 	 18 	 200 	 3199 	 2
1788205343429 	 16 	 200 	 3202 	 3
1788205343437 	 16 	 200 	 3202 	 2
1788205343436 	 17 	 200 	 3202 	 1
1788205343434 	 19 	 200 	 3202 	 0
1788205343504 	 17 	 200 	 3204 	 1
1788205343519 	 12 	 200 	 3204 	 0
1788205343549 	 21 	 200 	 3207 	 2
1788205343553 	 19 	 200 	 3207 	 1
1788205343572 	 14 	 200 	 3207 	 0
1788205343605 	 27 	 200 	 3210 	 2
1788205343611 	 24 	 200 	 3211 	 2
1788205343613 	 28 	 200 	 3211 	 1
1788205343635 	 14 	 200 	 3211 	 0
1788205343670 	 12 	 200 	 3212 	 0
1788205343694 	 22 	 200 	 3213 	 0
1788205343718 	 15 	 200 	 3215 	 1
1788205343732 	 23 	 200 	 3216 	 1
1788205343748 	 23 	 200 	 3217 	 1
1788205343765 	 18 	 200 	 3217 	 0
1788205343785 	 12 	 200 	 3218 	 0
1788205343801 	 13 	 200 	 3219 	 0
1788205343890 	 34 	 200 	 3224 	 4
1788205343912 	 19 	 200 	 3225 	 4
1788205343910 	 21 	 200 	 3225 	 3
1788205343895 	 110 	 200 	 3231 	 8
1788205343929 	 93 	 200 	 3231 	 7
1788205343980 	 121 	 200 	 3235 	 10
1788205343903 	 198 	 200 	 3235 	 9
1788205343942 	 161 	 200 	 3235 	 8
1788205343945 	 161 	 200 	 3235 	 7
1788205344003 	 107 	 200 	 3235 	 6
1788205343968 	 144 	 200 	 3235 	 5
1788205344094 	 23 	 200 	 3235 	 4
1788205343965 	 154 	 200 	 3235 	 3
1788205344066 	 55 	 200 	 3236 	 3
1788205344038 	 86 	 200 	 3236 	 2
1788205344121 	 14 	 200 	 3236 	 1
1788205344055 	 81 	 200 	 3236 	 0
1788205344156 	 47 	 200 	 3242 	 5
1788205344159 	 64 	 200 	 3244 	 6
1788205344189 	 35 	 200 	 3244 	 5
1788205344153 	 71 	 200 	 3244 	 4
1788205344164 	 60 	 200 	 3244 	 3
1788205344157 	 69 	 200 	 3244 	 2
1788205344210 	 36 	 200 	 3248 	 5
1788205344230 	 17 	 200 	 3248 	 4
1788205344213 	 83 	 200 	 3251 	 6
1788205344270 	 43 	 200 	 3254 	 8
1788205344265 	 69 	 200 	 3254 	 7
1788205344238 	 97 	 200 	 3254 	 6
1788205344236 	 98 	 200 	 3254 	 5
1788205344244 	 91 	 200 	 3254 	 4
1788205344294 	 42 	 200 	 3254 	 3
1788205344300 	 46 	 200 	 3255 	 3
1788205344304 	 41 	 200 	 3255 	 2
1788205344309 	 38 	 200 	 3256 	 2
1788205344338 	 17 	 200 	 3256 	 1
1788205344378 	 22 	 200 	 3258 	 2
1788205344348 	 54 	 200 	 3258 	 1
1788205344391 	 12 	 200 	 3258 	 0
1788205344434 	 17 	 200 	 3260 	 1
1788205344436 	 25 	 200 	 3260 	 0
1788205344468 	 13 	 200 	 3262 	 1
1788205344479 	 12 	 200 	 3262 	 0
1788205344516 	 26 	 200 	 3266 	 3
1788205344522 	 21 	 200 	 3266 	 2
1788205344509 	 37 	 200 	 3266 	 1
1788205344522 	 22 	 200 	 3266 	 0
1788205344554 	 17 	 200 	 3270 	 3
1788205344551 	 21 	 200 	 3270 	 2
1788205344557 	 17 	 200 	 3270 	 1
1788205344565 	 14 	 200 	 3271 	 1
1788205344577 	 13 	 200 	 3271 	 0
1788205344613 	 16 	 200 	 3274 	 2
1788205344622 	 14 	 200 	 3274 	 1
1788205344628 	 16 	 200 	 3274 	 0
1788205344647 	 12 	 200 	 3275 	 0
1788205344679 	 14 	 200 	 3278 	 2
1788205344694 	 14 	 200 	 3279 	 2
1788205344697 	 13 	 200 	 3279 	 1
1788205344712 	 16 	 200 	 3282 	 3
1788205344712 	 17 	 200 	 3282 	 2
1788205344717 	 14 	 200 	 3282 	 1
1788205344669 	 80 	 200 	 3284 	 2
1788205344742 	 13 	 200 	 3284 	 1
1788205344739 	 16 	 200 	 3284 	 0
1788205344763 	 12 	 200 	 3286 	 1
1788205344773 	 13 	 200 	 3286 	 0
1788205344795 	 13 	 200 	 3288 	 1
1788205344796 	 14 	 200 	 3289 	 1
1788205344811 	 12 	 200 	 3289 	 0
1788205344826 	 14 	 200 	 3291 	 1
1788205344833 	 16 	 200 	 3291 	 0
1788205344884 	 14 	 200 	 3295 	 3
1788205344892 	 17 	 200 	 3298 	 5
1788205344891 	 18 	 200 	 3298 	 4
1788205344895 	 15 	 200 	 3298 	 3
1788205344902 	 19 	 200 	 3298 	 2
1788205344902 	 21 	 200 	 3298 	 1
1788205344908 	 17 	 200 	 3298 	 0
1788205344935 	 19 	 200 	 3300 	 1
1788205344938 	 19 	 200 	 3301 	 1
1788205344955 	 15 	 200 	 3302 	 1
1788205344970 	 20 	 200 	 3303 	 1
1788205344974 	 19 	 200 	 3304 	 1
1788205344992 	 21 	 200 	 3307 	 3
1788205344998 	 17 	 200 	 3307 	 2
1788205345000 	 22 	 200 	 3308 	 2
1788205345007 	 15 	 200 	 3308 	 1
1788205345021 	 17 	 200 	 3309 	 1
1788205345024 	 21 	 200 	 3309 	 0
1788205345050 	 17 	 200 	 3312 	 2
1788205345055 	 15 	 200 	 3312 	 1
1788205345060 	 16 	 200 	 3312 	 0
1788205345080 	 13 	 200 	 3314 	 1
1788205345093 	 13 	 200 	 3314 	 0
1788205345969 	 20 	 200 	 3315 	 0
1788205348129 	 18 	 200 	 3316 	 0
1788205348163 	 20 	 200 	 3319 	 2
1788205348172 	 15 	 200 	 3319 	 1
1788205348169 	 18 	 200 	 3319 	 0
1788205348217 	 18 	 200 	 3320 	 0
1788205348266 	 22 	 200 	 3325 	 4
1788205348254 	 38 	 200 	 3325 	 3
1788205348262 	 33 	 200 	 3325 	 2
1788205348285 	 16 	 200 	 3325 	 1
1788205348288 	 15 	 200 	 3325 	 0
1788205348307 	 11 	 200 	 3326 	 0
1788205348321 	 13 	 200 	 3329 	 2
1788205348324 	 21 	 200 	 3330 	 2
1788205348330 	 24 	 200 	 3331 	 2
1788205348346 	 19 	 200 	 3331 	 1
1788205348347 	 20 	 200 	 3331 	 0
1788205348378 	 27 	 200 	 3335 	 3
1788205348383 	 30 	 200 	 3335 	 2
1788205348395 	 18 	 200 	 3335 	 1
1788205348394 	 20 	 200 	 3335 	 0
1788205348473 	 36 	 200 	 3339 	 3
1788205348490 	 28 	 200 	 3339 	 2
1788205348507 	 19 	 200 	 3340 	 2
1788205348523 	 17 	 200 	 3342 	 3
1788205348505 	 34 	 200 	 3342 	 2
1788205348531 	 15 	 200 	 3342 	 1
1788205348539 	 13 	 200 	 3343 	 1
1788205348550 	 13 	 200 	 3345 	 2
1788205348560 	 15 	 200 	 3345 	 1
1788205348563 	 13 	 200 	 3345 	 0
1788205348580 	 14 	 200 	 3346 	 0
1788205348595 	 13 	 200 	 3348 	 1
1788205348601 	 17 	 200 	 3349 	 1
1788205348617 	 12 	 200 	 3349 	 0
1788205348654 	 13 	 200 	 3353 	 3
1788205348652 	 15 	 200 	 3353 	 2
1788205348682 	 14 	 200 	 3355 	 3
1788205348638 	 106 	 200 	 3364 	 11
1788205348702 	 50 	 200 	 3365 	 11
1788205348707 	 51 	 200 	 3367 	 12
1788205348681 	 116 	 200 	 3369 	 13
1788205348733 	 112 	 200 	 3372 	 16
1788205348710 	 139 	 200 	 3373 	 15
1788205348714 	 143 	 200 	 3373 	 14
1788205348705 	 244 	 200 	 3375 	 21
1788205348770 	 184 	 200 	 3376 	 21
1788205348703 	 293 	 200 	 3377 	 21
1788205348633 	 364 	 200 	 3378 	 20
1788205348811 	 185 	 200 	 3379 	 19
1788205348758 	 287 	 200 	 3380 	 19
1788205348751 	 301 	 200 	 3381 	 18
1788205348718 	 339 	 200 	 3382 	 17
1788205348729 	 331 	 200 	 3383 	 16
1788205348819 	 241 	 200 	 3384 	 15
1788205348955 	 142 	 200 	 3384 	 14
1788205348756 	 396 	 200 	 3384 	 13
1788205348999 	 162 	 200 	 3384 	 12
1788205349054 	 185 	 200 	 3384 	 11
1788205349047 	 197 	 200 	 3384 	 10
1788205348767 	 480 	 200 	 3384 	 9
1788205349058 	 189 	 200 	 3384 	 8
1788205348950 	 299 	 200 	 3384 	 7
1788205348869 	 381 	 200 	 3384 	 6
1788205348817 	 434 	 200 	 3384 	 5
1788205348846 	 410 	 200 	 3384 	 4
1788205349062 	 196 	 200 	 3384 	 3
1788205348896 	 365 	 200 	 3384 	 2
1788205348997 	 272 	 200 	 3384 	 1
1788205348999 	 299 	 200 	 3385 	 1
1788205349274 	 31 	 200 	 3385 	 0
1788205349316 	 27 	 200 	 3386 	 0
1788205349393 	 14 	 200 	 3387 	 0
1788205349409 	 14 	 200 	 3388 	 0
1788205349546 	 34 	 200 	 3389 	 0
1788205350193 	 16 	 200 	 3390 	 0
1788205350343 	 33 	 200 	 3391 	 0
1788205350880 	 13 	 200 	 3392 	 0
1788205350901 	 14 	 200 	 3394 	 1
1788205350902 	 16 	 200 	 3394 	 0
1788205350930 	 12 	 200 	 3395 	 0
1788205350949 	 12 	 200 	 3398 	 2
1788205350947 	 17 	 200 	 3398 	 1
1788205350956 	 15 	 200 	 3399 	 1
1788205350965 	 15 	 200 	 3400 	 1
1788205350979 	 12 	 200 	 3400 	 0
1788205351011 	 30 	 200 	 3404 	 3
1788205351013 	 33 	 200 	 3405 	 3
1788205351038 	 15 	 200 	 3405 	 2
1788205351041 	 16 	 200 	 3405 	 1
1788205351048 	 13 	 200 	 3405 	 0
1788205351098 	 32 	 200 	 3406 	 0
1788205351292 	 23 	 200 	 3407 	 0
1788205352054 	 32 	 200 	 3408 	 0
1788205352697 	 34 	 200 	 3411 	 2
1788205352724 	 30 	 200 	 3413 	 3
1788205352742 	 20 	 200 	 3413 	 2
1788205352740 	 29 	 200 	 3413 	 1
1788205352721 	 48 	 200 	 3413 	 0
1788205352784 	 15 	 200 	 3416 	 2
1788205352787 	 14 	 200 	 3416 	 1
1788205352795 	 27 	 200 	 3417 	 1
1788205352808 	 25 	 200 	 3418 	 1
1788205352832 	 15 	 200 	 3418 	 0
1788205352852 	 12 	 200 	 3421 	 2
1788205352849 	 21 	 200 	 3423 	 3
1788205352860 	 14 	 200 	 3423 	 2
1788205352867 	 13 	 200 	 3423 	 1
1788205352866 	 15 	 200 	 3423 	 0
1788205352884 	 14 	 200 	 3424 	 0
1788205352911 	 19 	 200 	 3425 	 0
1788205352966 	 24 	 200 	 3427 	 1
1788205352969 	 35 	 200 	 3428 	 1
1788205353006 	 16 	 200 	 3432 	 4
1788205353008 	 13 	 200 	 3432 	 3
1788205353016 	 18 	 200 	 3433 	 3
1788205353016 	 21 	 200 	 3433 	 2
1788205353021 	 17 	 200 	 3433 	 1
1788205353026 	 18 	 200 	 3434 	 1
1788205353045 	 14 	 200 	 3434 	 0
1788205353062 	 14 	 200 	 3435 	 0
1788205353084 	 14 	 200 	 3437 	 1
1788205353097 	 12 	 200 	 3438 	 1
1788205353109 	 13 	 200 	 3438 	 0
1788205353166 	 14 	 200 	 3439 	 0
1788205353183 	 14 	 200 	 3441 	 1
1788205353189 	 15 	 200 	 3442 	 1
1788205353200 	 13 	 200 	 3442 	 0
1788205353220 	 14 	 200 	 3444 	 1
1788205353218 	 16 	 200 	 3444 	 0
1788205353236 	 12 	 200 	 3447 	 2
1788205353240 	 14 	 200 	 3447 	 1
1788205353247 	 13 	 200 	 3447 	 0
1788205353264 	 14 	 200 	 3449 	 1
1788205353271 	 11 	 200 	 3449 	 0
1788205353298 	 32 	 200 	 3451 	 1
1788205353310 	 27 	 200 	 3451 	 0
1788205353377 	 18 	 200 	 3455 	 3
1788205353377 	 18 	 200 	 3455 	 2
1788205353393 	 14 	 200 	 3455 	 1
1788205353395 	 14 	 200 	 3455 	 0
1788205353424 	 16 	 200 	 3456 	 0
1788205353452 	 16 	 200 	 3457 	 0
1788205353483 	 30 	 200 	 3461 	 3
1788205353484 	 35 	 200 	 3461 	 2
1788205353494 	 25 	 200 	 3461 	 1
1788205353498 	 31 	 200 	 3461 	 0
1788205353551 	 18 	 200 	 3464 	 2
1788205353552 	 18 	 200 	 3464 	 1
1788205353556 	 16 	 200 	 3465 	 1
1788205353571 	 17 	 200 	 3467 	 2
1788205353579 	 13 	 200 	 3468 	 2
1788205353583 	 14 	 200 	 3468 	 1
1788205353592 	 12 	 200 	 3468 	 0
1788205353616 	 14 	 200 	 3470 	 1
1788205353625 	 16 	 200 	 3470 	 0
1788205353654 	 13 	 200 	 3473 	 2
1788205353665 	 15 	 200 	 3474 	 2
1788205353663 	 17 	 200 	 3474 	 1
1788205353675 	 14 	 200 	 3474 	 0
1788205353691 	 13 	 200 	 3477 	 2
1788205353693 	 14 	 200 	 3477 	 1
1788205353701 	 23 	 200 	 3480 	 3
1788205353713 	 15 	 200 	 3481 	 3
1788205353713 	 16 	 200 	 3481 	 2
1788205353715 	 14 	 200 	 3481 	 1
1788205353729 	 13 	 200 	 3482 	 1
1788205353748 	 16 	 200 	 3485 	 3
1788205353763 	 16 	 200 	 3486 	 3
1788205353760 	 20 	 200 	 3486 	 2
1788205353779 	 20 	 200 	 3486 	 1
1788205353824 	 19 	 200 	 3490 	 4
1788205353831 	 19 	 200 	 3491 	 4
1788205353836 	 21 	 200 	 3492 	 4
1788205353845 	 15 	 200 	 3492 	 3
1788205353881 	 20 	 200 	 3495 	 5
1788205353857 	 82 	 200 	 3498 	 7
1788205353872 	 78 	 200 	 3500 	 8
1788205353897 	 53 	 200 	 3500 	 7
1788205353832 	 125 	 200 	 3500 	 6
1788205353916 	 80 	 200 	 3501 	 6
1788205353939 	 57 	 200 	 3501 	 5
1788205353943 	 56 	 200 	 3501 	 4
1788205353918 	 82 	 200 	 3501 	 3
1788205353976 	 26 	 200 	 3501 	 2
1788205354026 	 16 	 200 	 3504 	 4
1788205354031 	 16 	 200 	 3504 	 3
1788205353743 	 308 	 200 	 3504 	 2
1788205353949 	 103 	 200 	 3504 	 1
1788205354042 	 15 	 200 	 3504 	 0
1788205354060 	 14 	 200 	 3508 	 3
1788205354066 	 14 	 200 	 3508 	 2
1788205354061 	 24 	 200 	 3509 	 2
1788205354064 	 26 	 200 	 3509 	 1
1788205354085 	 15 	 200 	 3509 	 0
1788205354106 	 14 	 200 	 3512 	 2
1788205354104 	 18 	 200 	 3512 	 1
1788205354120 	 17 	 200 	 3513 	 1
1788205354123 	 22 	 200 	 3513 	 0
1788205354163 	 23 	 200 	 3516 	 2
1788205354171 	 17 	 200 	 3516 	 1
1788205354180 	 14 	 200 	 3516 	 0
1788205354203 	 14 	 200 	 3517 	 0
1788205354221 	 14 	 200 	 3520 	 2
1788205354223 	 19 	 200 	 3520 	 1
1788205354231 	 16 	 200 	 3520 	 0
1788205354270 	 12 	 200 	 3521 	 0
1788205354298 	 13 	 200 	 3523 	 1
1788205354311 	 11 	 200 	 3523 	 0
1788205354342 	 20 	 200 	 3526 	 2
1788205354358 	 12 	 200 	 3526 	 1
1788205354405 	 41 	 200 	 3531 	 5
1788205354407 	 41 	 200 	 3531 	 4
1788205354418 	 30 	 200 	 3531 	 3
1788205354429 	 22 	 200 	 3531 	 2
1788205354430 	 22 	 200 	 3531 	 1
1788205354471 	 81 	 200 	 3535 	 4
1788205354519 	 35 	 200 	 3535 	 3
1788205354498 	 99 	 200 	 3540 	 7
1788205354557 	 43 	 200 	 3540 	 6
1788205354573 	 68 	 200 	 3542 	 7
1788205354592 	 56 	 200 	 3543 	 7
1788205354602 	 48 	 200 	 3543 	 6
1788205354648 	 210 	 200 	 3550 	 12
1788205354560 	 379 	 200 	 3550 	 11
1788205354658 	 283 	 200 	 3550 	 10
1788205354616 	 335 	 200 	 3550 	 9
1788205354761 	 190 	 200 	 3550 	 8
1788205354837 	 115 	 200 	 3550 	 7
1788205354666 	 289 	 200 	 3550 	 6
1788205354724 	 322 	 200 	 3550 	 5
1788205354783 	 265 	 200 	 3550 	 4
1788205354787 	 360 	 200 	 3552 	 5
1788205355136 	 116 	 200 	 3552 	 4
1788205355078 	 262 	 200 	 3552 	 3
1788205354508 	 949 	 200 	 3553 	 3
1788205355348 	 113 	 200 	 3553 	 2
1788205354594 	 1049 	 200 	 3553 	 1
1788205354333 	 1373 	 200 	 3553 	 0
1788205355831 	 13 	 200 	 3554 	 0
1788205356382 	 30 	 200 	 3555 	 0
1788205356524 	 37 	 200 	 3556 	 0
1788205357009 	 30 	 200 	 3557 	 0
1788205357797 	 34 	 200 	 3558 	 0
1788205358294 	 15 	 200 	 3559 	 0
1788205359391 	 33 	 200 	 3560 	 0
1788205359792 	 35 	 200 	 3561 	 0
1788205359881 	 32 	 200 	 3562 	 0
1788205360273 	 21 	 200 	 3563 	 0
1788205360409 	 22 	 200 	 3564 	 0
1788205360580 	 54 	 200 	 3565 	 0
1788205361026 	 33 	 200 	 3566 	 0
1788205362620 	 38 	 200 	 3567 	 0
1788205363039 	 23 	 200 	 3568 	 0
1788205364310 	 27 	 200 	 3569 	 0
1788205364590 	 15 	 200 	 3570 	 0
1788205365063 	 36 	 200 	 3571 	 0
1788205365219 	 29 	 200 	 3572 	 0
1788205365268 	 20 	 200 	 3573 	 0
1788205365442 	 28 	 200 	 3574 	 0
1788205365705 	 33 	 200 	 3575 	 0
1788205366042 	 27 	 200 	 3576 	 0
1788205366483 	 19 	 200 	 3577 	 0
1788205366698 	 14 	 200 	 3578 	 0
1788205367250 	 31 	 200 	 3579 	 0
1788205367987 	 30 	 200 	 3580 	 0
1788205368120 	 39 	 200 	 3581 	 0
1788205368872 	 13 	 200 	 3582 	 0
1788205369534 	 26 	 200 	 3587 	 4
1788205369536 	 24 	 200 	 3587 	 3
1788205369536 	 26 	 200 	 3587 	 2
1788205369552 	 19 	 200 	 3587 	 1
1788205369555 	 18 	 200 	 3587 	 0
1788205369584 	 17 	 200 	 3591 	 3
1788205369579 	 23 	 200 	 3591 	 2
1788205369576 	 26 	 200 	 3591 	 1
1788205369588 	 16 	 200 	 3591 	 0
1788205369616 	 18 	 200 	 3593 	 1
1788205369633 	 18 	 200 	 3594 	 1
1788205369639 	 14 	 200 	 3594 	 0
1788205369660 	 17 	 200 	 3596 	 1
1788205369660 	 21 	 200 	 3596 	 0
1788205369685 	 13 	 200 	 3598 	 1
1788205369687 	 16 	 200 	 3598 	 0
1788205369717 	 12 	 200 	 3599 	 0
1788205369737 	 13 	 200 	 3600 	 0
1788205369767 	 15 	 200 	 3601 	 0
1788205369788 	 12 	 200 	 3603 	 1
1788205369800 	 14 	 200 	 3604 	 1
1788205369804 	 12 	 200 	 3604 	 0
1788205369827 	 13 	 200 	 3605 	 0
1788205369856 	 14 	 200 	 3607 	 1
1788205369851 	 20 	 200 	 3607 	 0
1788205369873 	 11 	 200 	 3608 	 0
1788205369912 	 20 	 200 	 3610 	 1
1788205369919 	 16 	 200 	 3610 	 0
1788205369966 	 22 	 200 	 3611 	 0
1788205370040 	 20 	 200 	 3617 	 5
1788205370043 	 20 	 200 	 3617 	 4
1788205370022 	 45 	 200 	 3617 	 3
1788205370028 	 40 	 200 	 3617 	 2
1788205370045 	 25 	 200 	 3617 	 1
1788205370059 	 15 	 200 	 3617 	 0
1788205370082 	 19 	 200 	 3618 	 0
1788205370112 	 19 	 200 	 3619 	 0
1788205370139 	 28 	 200 	 3620 	 0
1788205370175 	 13 	 200 	 3621 	 0
1788205370194 	 16 	 200 	 3623 	 1
1788205370209 	 12 	 200 	 3623 	 0
1788205370230 	 17 	 200 	 3625 	 1
1788205370242 	 20 	 200 	 3626 	 1
1788205370256 	 14 	 200 	 3626 	 0
1788205370279 	 12 	 200 	 3627 	 0
1788205370329 	 33 	 200 	 3633 	 5
1788205370334 	 31 	 200 	 3633 	 4
1788205370337 	 31 	 200 	 3633 	 3
1788205370354 	 22 	 200 	 3634 	 3
1788205370357 	 19 	 200 	 3634 	 2
1788205370371 	 15 	 200 	 3636 	 3
1788205370360 	 74 	 200 	 3641 	 7
1788205370378 	 80 	 200 	 3646 	 11
1788205370424 	 47 	 200 	 3646 	 10
1788205370386 	 155 	 200 	 3650 	 13
1788205370418 	 124 	 200 	 3650 	 12
1788205370398 	 235 	 200 	 3654 	 24
1788205370445 	 196 	 200 	 3655 	 24
1788205370448 	 198 	 200 	 3656 	 24
1788205370453 	 281 	 200 	 3657 	 26
1788205370443 	 291 	 200 	 3658 	 25
1788205370400 	 336 	 200 	 3659 	 24
1788205370454 	 286 	 200 	 3660 	 23
1788205370495 	 251 	 200 	 3661 	 22
1788205370414 	 336 	 200 	 3662 	 21
1788205370525 	 317 	 200 	 3663 	 22
1788205370548 	 297 	 200 	 3664 	 21
1788205370555 	 377 	 200 	 3665 	 26
1788205370644 	 289 	 200 	 3666 	 25
1788205370578 	 358 	 200 	 3667 	 24
1788205370738 	 200 	 200 	 3668 	 23
1788205370635 	 305 	 200 	 3669 	 23
1788205370738 	 203 	 200 	 3670 	 22
1788205370509 	 435 	 200 	 3671 	 21
1788205370535 	 413 	 200 	 3672 	 20
1788205370741 	 359 	 200 	 3673 	 23
1788205370648 	 475 	 200 	 3674 	 22
1788205370934 	 198 	 200 	 3675 	 21
1788205370736 	 398 	 200 	 3676 	 20
1788205370584 	 550 	 200 	 3677 	 19
1788205370748 	 387 	 200 	 3678 	 18
1788205370845 	 320 	 200 	 3679 	 17
1788205370947 	 255 	 200 	 3680 	 16
1788205370938 	 284 	 200 	 3681 	 15
1788205371136 	 97 	 200 	 3681 	 14
1788205370752 	 480 	 200 	 3681 	 13
1788205370848 	 390 	 200 	 3681 	 12
1788205370936 	 305 	 200 	 3681 	 11
1788205371102 	 147 	 200 	 3682 	 11
1788205371138 	 112 	 200 	 3682 	 10
1788205370941 	 310 	 200 	 3682 	 9
1788205370951 	 308 	 200 	 3682 	 8
1788205370943 	 318 	 200 	 3682 	 7
1788205370940 	 325 	 200 	 3682 	 6
1788205371166 	 173 	 200 	 3682 	 5
1788205371243 	 99 	 200 	 3682 	 4
1788205371135 	 226 	 200 	 3682 	 3
1788205371126 	 237 	 200 	 3682 	 2
1788205371134 	 239 	 200 	 3682 	 1
1788205371205 	 167 	 200 	 3682 	 0
1788205371555 	 20 	 200 	 3683 	 0
1788205371687 	 35 	 200 	 3684 	 0
1788205372657 	 33 	 200 	 3685 	 0
1788205373346 	 15 	 200 	 3686 	 0
1788205373535 	 33 	 200 	 3687 	 0
1788205374438 	 17 	 200 	 3690 	 2
1788205374421 	 76 	 200 	 3690 	 1
1788205374184 	 370 	 200 	 3690 	 0
1788205375352 	 31 	 200 	 3691 	 0
1788205375437 	 21 	 200 	 3692 	 0
1788205375727 	 30 	 200 	 3693 	 0
1788205376912 	 33 	 200 	 3694 	 0
1788205376983 	 27 	 200 	 3695 	 0
1788205378236 	 24 	 200 	 3696 	 0
1788205378547 	 24 	 200 	 3698 	 1
1788205378544 	 28 	 200 	 3698 	 0
1788205378574 	 18 	 200 	 3699 	 0
1788205379019 	 41 	 200 	 3700 	 0
1788205379613 	 15 	 200 	 3701 	 0
1788205380413 	 17 	 200 	 3702 	 0
1788205380634 	 13 	 200 	 3703 	 0
1788205380679 	 33 	 200 	 3704 	 0
1788205380986 	 13 	 200 	 3705 	 0
1788205381473 	 14 	 200 	 3706 	 0
1788205382969 	 37 	 200 	 3708 	 1
1788205382983 	 34 	 200 	 3708 	 0
1788205383025 	 14 	 200 	 3709 	 0
1788205383048 	 26 	 200 	 3715 	 5
1788205383046 	 30 	 200 	 3715 	 4
1788205383057 	 24 	 200 	 3715 	 3
1788205383063 	 21 	 200 	 3715 	 2
1788205383066 	 22 	 200 	 3715 	 1
1788205383065 	 23 	 200 	 3716 	 1
1788205383102 	 33 	 200 	 3721 	 5
1788205383090 	 47 	 200 	 3721 	 4
1788205383118 	 31 	 200 	 3722 	 4
1788205383114 	 36 	 200 	 3722 	 3
1788205383123 	 27 	 200 	 3722 	 2
1788205383130 	 23 	 200 	 3722 	 1
1788205383145 	 29 	 200 	 3725 	 3
1788205383154 	 24 	 200 	 3725 	 2
1788205383154 	 26 	 200 	 3726 	 2
1788205383171 	 14 	 200 	 3726 	 1
1788205383182 	 13 	 200 	 3726 	 0
1788205383198 	 25 	 200 	 3728 	 1
1788205383212 	 46 	 200 	 3730 	 2
1788205383233 	 26 	 200 	 3730 	 1
1788205383264 	 16 	 200 	 3732 	 2
1788205383266 	 53 	 200 	 3734 	 3
1788205383305 	 36 	 200 	 3737 	 5
1788205383330 	 15 	 200 	 3737 	 4
1788205383307 	 38 	 200 	 3737 	 3
1788205383246 	 108 	 200 	 3737 	 2
1788205383337 	 19 	 200 	 3737 	 1
1788205383335 	 22 	 200 	 3737 	 0
1788205383358 	 14 	 200 	 3739 	 1
1788205383367 	 14 	 200 	 3740 	 1
1788205383375 	 16 	 200 	 3741 	 1
1788205383391 	 21 	 200 	 3743 	 2
1788205383400 	 14 	 200 	 3744 	 2
1788205383412 	 23 	 200 	 3745 	 2
1788205383414 	 24 	 200 	 3745 	 1
1788205383422 	 22 	 200 	 3746 	 1
1788205383445 	 12 	 200 	 3747 	 1
1788205383457 	 13 	 200 	 3747 	 0
1788205383506 	 14 	 200 	 3749 	 1
1788205383508 	 14 	 200 	 3749 	 0
1788205383525 	 15 	 200 	 3750 	 0
1788205383562 	 29 	 200 	 3752 	 1
1788205383586 	 22 	 200 	 3753 	 1
1788205383605 	 14 	 200 	 3754 	 1
1788205383612 	 14 	 200 	 3754 	 0
1788205383657 	 15 	 200 	 3756 	 1
1788205383669 	 16 	 200 	 3759 	 3
1788205383681 	 18 	 200 	 3760 	 3
1788205383684 	 15 	 200 	 3760 	 2
1788205383683 	 18 	 200 	 3760 	 1
1788205383697 	 15 	 200 	 3761 	 1
1788205383708 	 13 	 200 	 3761 	 0
1788205383752 	 26 	 200 	 3764 	 2
1788205383758 	 22 	 200 	 3764 	 1
1788205383779 	 13 	 200 	 3764 	 0
1788205383814 	 15 	 200 	 3767 	 2
1788205383820 	 15 	 200 	 3767 	 1
1788205383828 	 23 	 200 	 3768 	 1
1788205383844 	 12 	 200 	 3769 	 1
1788205383854 	 19 	 200 	 3771 	 2
1788205383857 	 19 	 200 	 3771 	 1
1788205383861 	 15 	 200 	 3771 	 0
1788205383888 	 16 	 200 	 3774 	 2
1788205383891 	 15 	 200 	 3774 	 1
1788205383894 	 14 	 200 	 3774 	 0
1788205383918 	 14 	 200 	 3775 	 0
1788205383947 	 19 	 200 	 3776 	 0
1788205383975 	 16 	 200 	 3777 	 0
1788205384016 	 13 	 200 	 3778 	 0
1788205384093 	 18 	 200 	 3780 	 1
1788205384103 	 14 	 200 	 3781 	 1
1788205384115 	 21 	 200 	 3784 	 3
1788205384121 	 17 	 200 	 3784 	 2
1788205384120 	 18 	 200 	 3784 	 1
1788205384122 	 19 	 200 	 3784 	 0
1788205384142 	 17 	 200 	 3787 	 2
1788205384152 	 17 	 200 	 3788 	 2
1788205384158 	 17 	 200 	 3788 	 2
1788205384160 	 17 	 200 	 3790 	 2
1788205384177 	 15 	 200 	 3791 	 2
1788205384177 	 19 	 200 	 3791 	 1
1788205384192 	 23 	 200 	 3791 	 0
1788205384226 	 15 	 200 	 3794 	 2
1788205384232 	 14 	 200 	 3794 	 1
1788205384241 	 14 	 200 	 3795 	 1
1788205384255 	 13 	 200 	 3796 	 1
1788205384261 	 12 	 200 	 3797 	 1
1788205384275 	 13 	 200 	 3798 	 1
1788205384287 	 18 	 200 	 3800 	 2
1788205384293 	 16 	 200 	 3802 	 3
1788205384299 	 14 	 200 	 3803 	 3
1788205384309 	 17 	 200 	 3804 	 3
1788205384308 	 18 	 200 	 3804 	 2
1788205384312 	 16 	 200 	 3804 	 1
1788205384316 	 20 	 200 	 3805 	 1
1788205384336 	 26 	 200 	 3806 	 1
1788205384344 	 22 	 200 	 3806 	 0
1788205384374 	 14 	 200 	 3808 	 1
1788205384372 	 16 	 200 	 3808 	 0
1788205384394 	 19 	 200 	 3809 	 0
1788205384425 	 14 	 200 	 3811 	 1
1788205384435 	 13 	 200 	 3813 	 2
1788205384441 	 13 	 200 	 3813 	 1
1788205384447 	 16 	 200 	 3815 	 2
1788205384459 	 13 	 200 	 3815 	 1
1788205384462 	 18 	 200 	 3816 	 1
1788205384476 	 14 	 200 	 3816 	 0
1788205384503 	 26 	 200 	 3817 	 0
1788205384533 	 15 	 200 	 3820 	 2
1788205384535 	 12 	 200 	 3820 	 1
1788205384547 	 17 	 200 	 3821 	 1
1788205384551 	 16 	 200 	 3821 	 0
1788205384587 	 15 	 200 	 3827 	 5
1788205384584 	 29 	 200 	 3828 	 5
1788205384585 	 27 	 200 	 3828 	 4
1788205384586 	 29 	 200 	 3828 	 3
1788205384597 	 20 	 200 	 3828 	 3
1788205384598 	 23 	 200 	 3829 	 2
1788205384619 	 15 	 200 	 3830 	 2
1788205384632 	 14 	 200 	 3830 	 1
1788205384679 	 22 	 200 	 3833 	 3
1788205384667 	 35 	 200 	 3833 	 2
1788205384691 	 15 	 200 	 3833 	 1
1788205384612 	 94 	 200 	 3833 	 0
1788205384792 	 16 	 200 	 3835 	 1
1788205384801 	 13 	 200 	 3835 	 0
1788205384823 	 12 	 200 	 3838 	 2
1788205384830 	 14 	 200 	 3838 	 1
1788205384834 	 19 	 200 	 3838 	 0
1788205384856 	 14 	 200 	 3839 	 0
1788205384876 	 13 	 200 	 3841 	 1
1788205384881 	 13 	 200 	 3842 	 1
1788205384890 	 17 	 200 	 3843 	 1
1788205384901 	 13 	 200 	 3844 	 1
1788205384909 	 14 	 200 	 3845 	 1
1788205384919 	 12 	 200 	 3845 	 0
1788205384935 	 12 	 200 	 3846 	 0
1788205384964 	 11 	 200 	 3847 	 0
1788205384989 	 29 	 200 	 3851 	 3
1788205385005 	 28 	 200 	 3853 	 4
1788205385017 	 17 	 200 	 3853 	 3
1788205385004 	 35 	 200 	 3853 	 2
1788205385025 	 16 	 200 	 3853 	 1
1788205385028 	 25 	 200 	 3853 	 0
1788205385072 	 11 	 200 	 3854 	 0
1788205385089 	 12 	 200 	 3855 	 0
1788205385140 	 13 	 200 	 3856 	 0
1788205385160 	 14 	 200 	 3858 	 1
1788205385170 	 15 	 200 	 3860 	 2
1788205385177 	 15 	 200 	 3862 	 3
1788205385180 	 18 	 200 	 3864 	 4
1788205385191 	 17 	 200 	 3865 	 4
1788205385200 	 16 	 200 	 3865 	 3
1788205385198 	 20 	 200 	 3865 	 2
1788205385190 	 48 	 200 	 3866 	 2
1788205385202 	 37 	 200 	 3866 	 1
1788205385239 	 14 	 200 	 3867 	 1
1788205385245 	 15 	 200 	 3868 	 1
1788205385254 	 19 	 200 	 3870 	 2
1788205385263 	 14 	 200 	 3870 	 1
1788205385264 	 15 	 200 	 3870 	 0
1788205385324 	 32 	 200 	 3873 	 2
1788205385348 	 18 	 200 	 3874 	 2
1788205385359 	 18 	 200 	 3874 	 1
1788205385385 	 58 	 200 	 3879 	 5
1788205385417 	 27 	 200 	 3879 	 4
1788205385431 	 20 	 200 	 3880 	 4
1788205385428 	 24 	 200 	 3880 	 3
1788205385412 	 44 	 200 	 3881 	 3
1788205385447 	 16 	 200 	 3881 	 2
1788205385454 	 13 	 200 	 3881 	 1
1788205385470 	 27 	 200 	 3883 	 2
1788205385509 	 40 	 200 	 3885 	 3
1788205385498 	 51 	 200 	 3885 	 2
1788205385551 	 15 	 200 	 3887 	 3
1788205385569 	 13 	 200 	 3888 	 3
1788205385515 	 125 	 200 	 3892 	 6
1788205385633 	 15 	 200 	 3894 	 7
1788205385599 	 54 	 200 	 3896 	 8
1788205385609 	 45 	 200 	 3896 	 7
1788205385619 	 46 	 200 	 3897 	 7
1788205385644 	 22 	 200 	 3897 	 6
1788205385651 	 24 	 200 	 3899 	 7
1788205385646 	 30 	 200 	 3899 	 6
1788205385563 	 178 	 200 	 3904 	 10
1788205385665 	 85 	 200 	 3905 	 10
1788205385672 	 81 	 200 	 3905 	 9
1788205385669 	 85 	 200 	 3905 	 8
1788205385678 	 77 	 200 	 3906 	 8
1788205385728 	 35 	 200 	 3906 	 7
1788205385700 	 64 	 200 	 3906 	 6
1788205385698 	 70 	 200 	 3907 	 6
1788205385703 	 71 	 200 	 3909 	 7
1788205385757 	 179 	 200 	 3918 	 21
1788205385767 	 268 	 200 	 3919 	 23
1788205385771 	 272 	 200 	 3920 	 22
1788205385748 	 385 	 200 	 3921 	 21
1788205385648 	 487 	 200 	 3922 	 20
1788205385800 	 337 	 200 	 3923 	 19
1788205385813 	 322 	 200 	 3924 	 18
1788205385847 	 289 	 200 	 3925 	 17
1788205385832 	 328 	 200 	 3926 	 16
1788205385802 	 365 	 200 	 3927 	 15
1788205385849 	 317 	 200 	 3927 	 14
1788205386045 	 187 	 200 	 3927 	 13
1788205385801 	 436 	 200 	 3928 	 13
1788205386037 	 202 	 200 	 3928 	 12
1788205385816 	 433 	 200 	 3928 	 11
1788205386138 	 120 	 200 	 3928 	 10
1788205385939 	 320 	 200 	 3928 	 9
1788205386136 	 124 	 200 	 3928 	 8
1788205385833 	 428 	 200 	 3928 	 7
1788205386162 	 105 	 200 	 3928 	 6
1788205386142 	 155 	 200 	 3928 	 5
1788205386141 	 157 	 200 	 3928 	 4
1788205386237 	 102 	 200 	 3928 	 3
1788205385773 	 581 	 200 	 3928 	 2
1788205386140 	 262 	 200 	 3928 	 1
1788205385330 	 1125 	 200 	 3928 	 0
1788205388210 	 17 	 200 	 3930 	 1
1788205388212 	 17 	 200 	 3930 	 0
1788205388239 	 13 	 200 	 3932 	 1
1788205388252 	 12 	 200 	 3932 	 0
1788205388276 	 18 	 200 	 3933 	 0
1788205388305 	 12 	 200 	 3935 	 1
1788205388326 	 18 	 200 	 3937 	 3
1788205388378 	 24 	 500 	 3945 	 9
1788205388345 	 63 	 200 	 3945 	 8
1788205388385 	 158 	 200 	 3953 	 21
1788205388374 	 228 	 200 	 3954 	 22
1788205388387 	 222 	 200 	 3955 	 21
1788205388430 	 209 	 200 	 3956 	 23
1788205388442 	 257 	 200 	 3957 	 27
1788205388467 	 236 	 200 	 3958 	 26
1788205388351 	 356 	 200 	 3959 	 26
1788205388390 	 318 	 200 	 3960 	 25
1788205388640 	 162 	 200 	 3961 	 32
1788205388711 	 96 	 200 	 3962 	 32
1788205388603 	 207 	 200 	 3963 	 31
1788205388704 	 105 	 200 	 3964 	 30
1788205388452 	 443 	 200 	 3965 	 34
1788205388803 	 98 	 200 	 3966 	 34
1788205388809 	 96 	 200 	 3967 	 33
1788205388544 	 361 	 200 	 3968 	 32
1788205388438 	 473 	 200 	 3969 	 31
1788205388441 	 554 	 200 	 3970 	 39
1788205388360 	 641 	 200 	 3971 	 38
1788205388896 	 107 	 200 	 3972 	 38
1788205388700 	 337 	 200 	 3973 	 39
1788205388908 	 190 	 200 	 3974 	 43
1788205388812 	 290 	 200 	 3975 	 43
1788205388903 	 204 	 200 	 3976 	 42
1788205389004 	 108 	 200 	 3977 	 41
1788205389040 	 168 	 200 	 3978 	 49
1788205389002 	 205 	 200 	 3979 	 48
1788205389102 	 196 	 200 	 3980 	 51
1788205389113 	 189 	 200 	 3981 	 51
1788205389104 	 203 	 200 	 3982 	 52
1788205389210 	 230 	 200 	 3983 	 61
1788205389300 	 201 	 200 	 3984 	 67
1788205388709 	 799 	 200 	 3985 	 66
1788205388814 	 695 	 200 	 3986 	 65
1788205389309 	 232 	 200 	 3987 	 64
1788205389305 	 238 	 200 	 3988 	 63
1788205388912 	 729 	 200 	 3989 	 67
1788205389442 	 201 	 200 	 3990 	 66
1788205389108 	 534 	 200 	 3991 	 65
1788205389212 	 526 	 200 	 3992 	 70
1788205389503 	 238 	 200 	 3993 	 69
1788205389511 	 231 	 200 	 3994 	 68
1788205389542 	 201 	 200 	 3995 	 67
1788205389511 	 281 	 200 	 3996 	 77
1788205389647 	 150 	 200 	 3997 	 76
1788205388466 	 1345 	 200 	 3998 	 75
1788205389743 	 99 	 200 	 3999 	 74
1788205388302 	 1541 	 200 	 4000 	 73
1788205389744 	 98 	 200 	 4001 	 72
1788205388996 	 946 	 200 	 4002 	 77
1788205389843 	 157 	 200 	 4003 	 81
1788205389645 	 359 	 200 	 4004 	 80
1788205389740 	 269 	 200 	 4005 	 79
1788205388908 	 1100 	 200 	 4006 	 78
1788205389845 	 201 	 200 	 4007 	 79
1788205389796 	 308 	 200 	 4008 	 81
1788205389799 	 308 	 200 	 4009 	 81
1788205389545 	 593 	 200 	 4010 	 80
1788205389845 	 295 	 200 	 4011 	 79
1788205390105 	 45 	 200 	 4012 	 79
1788205390002 	 198 	 200 	 4013 	 84
1788205390140 	 62 	 200 	 4014 	 83
1788205390013 	 228 	 200 	 4015 	 83
1788205390204 	 41 	 200 	 4016 	 83
1788205389649 	 648 	 200 	 4017 	 83
1788205389745 	 559 	 200 	 4018 	 82
1788205390047 	 260 	 200 	 4019 	 81
1788205390248 	 147 	 200 	 4020 	 84
1788205390108 	 294 	 200 	 4021 	 83
1788205390141 	 261 	 200 	 4022 	 82
1788205390006 	 432 	 200 	 4023 	 82
1788205390204 	 237 	 200 	 4024 	 81
1788205390242 	 268 	 200 	 4025 	 83
1788205390404 	 137 	 200 	 4026 	 83
1788205390396 	 149 	 200 	 4027 	 83
1788205390404 	 194 	 200 	 4028 	 88
1788205390309 	 290 	 200 	 4029 	 87
1788205390306 	 298 	 200 	 4030 	 86
1788205389943 	 698 	 200 	 4031 	 85
1788205390549 	 97 	 200 	 4032 	 84
1788205390547 	 98 	 200 	 4033 	 83
1788205389812 	 885 	 200 	 4034 	 86
1788205390442 	 265 	 200 	 4035 	 85
1788205390649 	 89 	 200 	 4036 	 85
1788205390644 	 96 	 200 	 4037 	 84
1788205390440 	 302 	 200 	 4038 	 83
1788205390011 	 739 	 200 	 4039 	 84
1788205390300 	 502 	 200 	 4040 	 87
1788205388610 	 2196 	 200 	 4041 	 86
1788205390511 	 299 	 200 	 4042 	 85
1788205388321 	 2489 	 200 	 4043 	 84
1788205390603 	 305 	 200 	 4044 	 88
1788205390601 	 341 	 200 	 4045 	 89
1788205390152 	 793 	 200 	 4046 	 88
1788205390647 	 348 	 200 	 4047 	 89
1788205390741 	 261 	 200 	 4048 	 88
1788205390742 	 261 	 200 	 4049 	 87
1788205390947 	 69 	 200 	 4050 	 87
1788205390752 	 286 	 200 	 4051 	 88
1788205390814 	 229 	 200 	 4052 	 87
1788205390709 	 335 	 200 	 4053 	 86
1788205390699 	 349 	 200 	 4054 	 85
1788205390744 	 306 	 200 	 4055 	 84
1788205390812 	 322 	 200 	 4056 	 91
1788205390808 	 327 	 200 	 4057 	 90
1788205390944 	 192 	 200 	 4058 	 89
1788205391004 	 134 	 200 	 4059 	 88
1788205390804 	 338 	 200 	 4060 	 87
1788205391004 	 143 	 200 	 4061 	 86
1788205391018 	 118 	 200 	 4062 	 85
1788205390606 	 533 	 200 	 4063 	 85
1788205391136 	 69 	 200 	 4064 	 87
1788205391051 	 184 	 200 	 4065 	 89
1788205391046 	 191 	 200 	 4066 	 88
1788205391053 	 185 	 200 	 4067 	 87
1788205391048 	 193 	 200 	 4068 	 86
1788205390998 	 249 	 200 	 4069 	 86
1788205390909 	 423 	 200 	 4070 	 88
1788205391149 	 187 	 200 	 4071 	 87
1788205391137 	 202 	 200 	 4072 	 86
1788205391141 	 198 	 200 	 4073 	 85
1788205391206 	 227 	 200 	 4074 	 87
1788205391139 	 295 	 200 	 4075 	 86
1788205391153 	 281 	 200 	 4076 	 85
1788205391237 	 198 	 200 	 4077 	 84
1788205391145 	 306 	 200 	 4078 	 83
1788205391151 	 350 	 200 	 4079 	 83
1788205391239 	 360 	 200 	 4080 	 92
1788205391248 	 354 	 200 	 4081 	 91
1788205391240 	 368 	 200 	 4082 	 92
1788205391244 	 371 	 200 	 4083 	 91
1788205391438 	 207 	 200 	 4084 	 90
1788205391340 	 307 	 200 	 4085 	 89
1788205391454 	 196 	 200 	 4086 	 88
1788205391334 	 371 	 200 	 4087 	 90
1788205391436 	 268 	 200 	 4088 	 89
1788205391610 	 101 	 200 	 4089 	 90
1788205391604 	 134 	 200 	 4090 	 92
1788205391343 	 398 	 200 	 4091 	 91
1788205391713 	 34 	 200 	 4092 	 91
1788205391337 	 461 	 200 	 4093 	 95
1788205391649 	 150 	 200 	 4094 	 95
1788205391749 	 147 	 200 	 4095 	 105
1788205391504 	 391 	 200 	 4096 	 104
1788205391800 	 91 	 200 	 4097 	 103
1788205391434 	 466 	 200 	 4098 	 103
1788205391707 	 291 	 200 	 4099 	 110
1788205391618 	 420 	 200 	 4100 	 110
1788205391899 	 196 	 200 	 4101 	 110
1788205391897 	 198 	 200 	 4102 	 109
1788205391438 	 671 	 200 	 4103 	 108
1788205388420 	 3694 	 200 	 4104 	 107
1788205391601 	 511 	 200 	 4105 	 106
1788205391898 	 246 	 200 	 4106 	 107
1788205391901 	 301 	 200 	 4107 	 110
1788205391646 	 560 	 200 	 4108 	 110
1788205392117 	 122 	 200 	 4109 	 112
1788205391802 	 439 	 200 	 4110 	 111
1788205392099 	 147 	 200 	 4111 	 110
1788205391741 	 506 	 200 	 4112 	 109
1788205392145 	 103 	 200 	 4113 	 108
1788205392203 	 97 	 200 	 4114 	 108
1788205392208 	 94 	 200 	 4115 	 107
1788205392250 	 54 	 200 	 4116 	 106
1788205392243 	 65 	 200 	 4117 	 105
1788205392240 	 70 	 200 	 4118 	 104
1788205392302 	 43 	 200 	 4119 	 103
1788205392001 	 344 	 200 	 4120 	 102
1788205392305 	 97 	 200 	 4121 	 101
1788205391710 	 696 	 200 	 4122 	 100
1788205392040 	 398 	 200 	 4123 	 99
1788205392309 	 133 	 200 	 4124 	 98
1788205392312 	 131 	 200 	 4125 	 97
1788205392096 	 412 	 200 	 4126 	 96
1788205392347 	 195 	 200 	 4127 	 95
1788205392408 	 135 	 200 	 4128 	 94
1788205392114 	 481 	 200 	 4129 	 93
1788205392546 	 96 	 200 	 4130 	 92
1788205392443 	 254 	 200 	 4131 	 92
1788205392443 	 256 	 200 	 4132 	 91
1788205392248 	 458 	 200 	 4133 	 90
1788205391743 	 967 	 200 	 4134 	 89
1788205392645 	 92 	 200 	 4135 	 88
1788205392543 	 260 	 200 	 4136 	 87
1788205392347 	 460 	 200 	 4137 	 86
1788205392404 	 406 	 200 	 4138 	 85
1788205392708 	 106 	 200 	 4139 	 84
1788205392704 	 149 	 200 	 4140 	 83
1788205392440 	 464 	 200 	 4141 	 83
1788205392598 	 310 	 200 	 4142 	 82
1788205392249 	 692 	 200 	 4143 	 81
1788205392806 	 135 	 200 	 4144 	 80
1788205392304 	 644 	 200 	 4145 	 79
1788205392739 	 264 	 200 	 4146 	 78
1788205391652 	 1356 	 200 	 4147 	 77
1788205392111 	 900 	 200 	 4148 	 76
1788205392816 	 230 	 200 	 4149 	 75
1788205392813 	 293 	 200 	 4150 	 75
1788205393013 	 99 	 200 	 4151 	 74
1788205392856 	 284 	 200 	 4152 	 73
1788205393114 	 91 	 200 	 4153 	 72
1788205392711 	 496 	 200 	 4154 	 71
1788205392809 	 399 	 200 	 4155 	 70
1788205392910 	 329 	 200 	 4156 	 70
1788205392509 	 731 	 200 	 4157 	 69
1788205393142 	 156 	 200 	 4158 	 68
1788205393048 	 258 	 200 	 4159 	 67
1788205392905 	 404 	 200 	 4160 	 66
1788205392944 	 368 	 200 	 4161 	 65
1788205392949 	 362 	 200 	 4162 	 64
1788205393211 	 194 	 200 	 4163 	 63
1788205392701 	 704 	 200 	 4164 	 62
1788205392944 	 463 	 200 	 4165 	 61
1788205393206 	 232 	 200 	 4166 	 60
1788205393413 	 41 	 200 	 4167 	 59
1788205393109 	 388 	 200 	 4168 	 58
1788205393314 	 186 	 200 	 4169 	 57
1788205393317 	 199 	 200 	 4170 	 56
1788205393240 	 279 	 200 	 4171 	 55
1788205393412 	 122 	 200 	 4172 	 54
1788205393209 	 337 	 200 	 4173 	 53
1788205393318 	 230 	 200 	 4174 	 52
1788205393499 	 97 	 200 	 4175 	 52
1788205393308 	 295 	 200 	 4176 	 51
1788205393006 	 603 	 200 	 4177 	 50
1788205393517 	 96 	 200 	 4178 	 49
1788205393300 	 331 	 200 	 4179 	 48
1788205393242 	 398 	 200 	 4180 	 47
1788205393503 	 149 	 200 	 4181 	 46
1788205393548 	 191 	 200 	 4182 	 45
1788205393457 	 340 	 200 	 4183 	 44
1788205393521 	 280 	 200 	 4184 	 43
1788205393010 	 793 	 200 	 4185 	 42
1788205393653 	 165 	 200 	 4186 	 41
1788205393642 	 199 	 200 	 4187 	 40
1788205393550 	 295 	 200 	 4188 	 39
1788205393607 	 294 	 200 	 4189 	 38
1788205393408 	 507 	 200 	 4190 	 37
1788205393440 	 559 	 200 	 4191 	 36
1788205393536 	 467 	 200 	 4192 	 35
1788205393599 	 405 	 200 	 4193 	 34
1788205393807 	 236 	 200 	 4194 	 33
1788205393615 	 483 	 200 	 4195 	 32
1788205393846 	 255 	 200 	 4196 	 31
1788205394008 	 109 	 200 	 4197 	 30
1788205393741 	 454 	 200 	 4198 	 29
1788205393804 	 396 	 200 	 4199 	 28
1788205394100 	 102 	 200 	 4200 	 27
1788205394104 	 101 	 200 	 4201 	 26
1788205393918 	 289 	 200 	 4202 	 25
1788205393843 	 370 	 200 	 4203 	 24
1788205394120 	 99 	 200 	 4204 	 23
1788205393799 	 423 	 200 	 4205 	 22
1788205393612 	 630 	 200 	 4206 	 21
1788205394046 	 199 	 200 	 4207 	 20
1788205394207 	 94 	 200 	 4208 	 19
1788205394006 	 296 	 200 	 4209 	 18
1788205394001 	 304 	 200 	 4210 	 17
1788205394204 	 118 	 200 	 4211 	 16
1788205394214 	 120 	 200 	 4212 	 15
1788205394225 	 121 	 200 	 4212 	 14
1788205394210 	 231 	 200 	 4212 	 13
1788205394196 	 247 	 200 	 4212 	 12
1788205393634 	 861 	 200 	 4212 	 11
1788205394304 	 192 	 200 	 4212 	 10
1788205394245 	 252 	 200 	 4212 	 9
1788205394247 	 250 	 200 	 4212 	 8
1788205394221 	 277 	 200 	 4212 	 7
1788205394302 	 196 	 200 	 4212 	 6
1788205394307 	 192 	 200 	 4212 	 5
1788205394324 	 177 	 200 	 4212 	 4
1788205394206 	 310 	 200 	 4212 	 3
1788205393821 	 700 	 200 	 4212 	 2
1788205393904 	 627 	 200 	 4212 	 1
1788205391041 	 3583 	 200 	 4212 	 0
1788205394637 	 25 	 200 	 4213 	 0
1788205394756 	 34 	 200 	 4215 	 1
1788205394764 	 26 	 200 	 4215 	 0
1788205394815 	 15 	 200 	 4216 	 0
1788205395627 	 13 	 200 	 4219 	 2
1788205395624 	 23 	 200 	 4219 	 1
1788205395640 	 14 	 200 	 4220 	 1
1788205395658 	 12 	 200 	 4221 	 1
1788205395655 	 23 	 200 	 4221 	 0
1788205395681 	 15 	 200 	 4223 	 1
1788205395688 	 17 	 200 	 4224 	 1
1788205395704 	 12 	 200 	 4225 	 1
1788205395714 	 12 	 200 	 4225 	 0
1788205395734 	 13 	 200 	 4226 	 0
1788205395768 	 19 	 200 	 4229 	 2
1788205395775 	 14 	 200 	 4229 	 1
1788205395780 	 18 	 200 	 4231 	 2
1788205395795 	 31 	 200 	 4233 	 3
1788205395831 	 14 	 200 	 4234 	 4
1788205395846 	 16 	 200 	 4236 	 4
1788205395800 	 68 	 200 	 4236 	 3
1788205395797 	 71 	 200 	 4236 	 2
1788205395825 	 70 	 200 	 4240 	 5
1788205395858 	 42 	 200 	 4241 	 5
1788205395887 	 19 	 200 	 4242 	 5
1788205395888 	 20 	 200 	 4242 	 4
1788205395891 	 18 	 200 	 4243 	 4
1788205395894 	 17 	 200 	 4243 	 3
1788205395900 	 45 	 200 	 4246 	 5
1788205395910 	 35 	 200 	 4246 	 4
1788205395930 	 18 	 200 	 4246 	 3
1788205395926 	 23 	 200 	 4246 	 2
1788205395939 	 17 	 200 	 4246 	 1
1788205395969 	 29 	 200 	 4249 	 3
1788205395989 	 16 	 200 	 4249 	 2
1788205395905 	 103 	 200 	 4249 	 1
1788205395976 	 34 	 200 	 4249 	 0
1788205396047 	 25 	 200 	 4254 	 4
1788205396052 	 22 	 200 	 4254 	 3
1788205396039 	 36 	 200 	 4254 	 2
1788205396050 	 35 	 200 	 4254 	 1
1788205396070 	 19 	 200 	 4255 	 1
1788205396087 	 15 	 200 	 4255 	 0
1788205396129 	 15 	 200 	 4256 	 0
1788205396151 	 13 	 200 	 4261 	 4
1788205396154 	 17 	 200 	 4261 	 3
1788205396147 	 25 	 200 	 4261 	 2
1788205396148 	 25 	 200 	 4261 	 1
1788205396153 	 21 	 200 	 4261 	 0
1788205396185 	 16 	 200 	 4264 	 2
1788205396197 	 14 	 200 	 4265 	 2
1788205396198 	 16 	 200 	 4265 	 1
1788205396205 	 13 	 200 	 4265 	 0
1788205396227 	 16 	 200 	 4269 	 3
1788205396233 	 14 	 200 	 4269 	 2
1788205396228 	 22 	 200 	 4270 	 2
1788205396235 	 19 	 200 	 4270 	 1
1788205396251 	 13 	 200 	 4270 	 0
1788205396284 	 18 	 200 	 4274 	 3
1788205396289 	 17 	 200 	 4274 	 2
1788205396294 	 18 	 200 	 4274 	 1
1788205396299 	 15 	 200 	 4275 	 1
1788205396316 	 13 	 200 	 4276 	 1
1788205396313 	 18 	 200 	 4276 	 0
1788205396343 	 12 	 200 	 4278 	 1
1788205396343 	 14 	 200 	 4278 	 0
1788205396360 	 15 	 200 	 4279 	 0
1788205396389 	 18 	 200 	 4282 	 2
1788205396395 	 15 	 200 	 4282 	 1
1788205396405 	 14 	 200 	 4282 	 0
1788205396460 	 40 	 200 	 4286 	 3
1788205396472 	 29 	 200 	 4286 	 2
1788205396477 	 27 	 200 	 4286 	 1
1788205396485 	 24 	 200 	 4286 	 0
1788205396538 	 34 	 200 	 4290 	 3
1788205396556 	 23 	 200 	 4290 	 2
1788205396559 	 23 	 200 	 4290 	 1
1788205396572 	 22 	 200 	 4291 	 1
1788205396587 	 14 	 200 	 4292 	 1
1788205396602 	 12 	 200 	 4292 	 0
1788205396615 	 13 	 200 	 4294 	 1
1788205396626 	 12 	 200 	 4294 	 0
1788205396641 	 20 	 200 	 4297 	 2
1788205396647 	 15 	 200 	 4297 	 1
1788205396653 	 14 	 200 	 4298 	 1
1788205396665 	 19 	 200 	 4298 	 0
1788205396689 	 13 	 200 	 4300 	 1
1788205396698 	 15 	 200 	 4302 	 2
1788205396705 	 16 	 200 	 4304 	 3
1788205396709 	 14 	 200 	 4304 	 2
1788205396715 	 17 	 200 	 4304 	 1
1788205396716 	 16 	 200 	 4304 	 0
1788205396740 	 12 	 200 	 4305 	 0
1788205396768 	 19 	 200 	 4309 	 3
1788205396775 	 16 	 200 	 4309 	 2
1788205396784 	 15 	 200 	 4309 	 1
1788205396784 	 16 	 200 	 4309 	 0
1788205396823 	 13 	 200 	 4310 	 0
1788205396867 	 16 	 200 	 4313 	 3
1788205396877 	 22 	 200 	 4317 	 5
1788205396876 	 24 	 200 	 4317 	 5
1788205396885 	 28 	 200 	 4319 	 5
1788205396896 	 20 	 200 	 4319 	 4
1788205396890 	 28 	 200 	 4319 	 3
1788205396894 	 24 	 200 	 4319 	 2
1788205396901 	 21 	 200 	 4320 	 2
1788205396909 	 16 	 200 	 4320 	 1
1788205396922 	 21 	 200 	 4322 	 2
1788205396929 	 18 	 200 	 4322 	 1
1788205396932 	 41 	 200 	 4326 	 4
1788205396952 	 23 	 200 	 4326 	 3
1788205396966 	 21 	 200 	 4328 	 4
1788205396979 	 15 	 200 	 4328 	 3
1788205396983 	 25 	 200 	 4329 	 3
1788205396971 	 41 	 200 	 4329 	 2
1788205396959 	 52 	 200 	 4329 	 1
1788205397005 	 13 	 200 	 4329 	 0
1788205397041 	 28 	 200 	 4331 	 1
1788205397066 	 15 	 200 	 4331 	 0
1788205397083 	 22 	 200 	 4333 	 1
1788205397088 	 21 	 200 	 4334 	 1
1788205397109 	 12 	 200 	 4334 	 0
1788205397170 	 34 	 200 	 4340 	 5
1788205397133 	 75 	 200 	 4341 	 5
1788205397193 	 16 	 200 	 4341 	 4
1788205397213 	 32 	 200 	 4348 	 10
1788205397178 	 69 	 200 	 4348 	 10
1788205397231 	 40 	 200 	 4351 	 11
1788205397173 	 101 	 200 	 4351 	 10
1788205397227 	 48 	 200 	 4351 	 9
1788205397208 	 91 	 200 	 4354 	 11
1788205397231 	 71 	 200 	 4354 	 10
1788205397252 	 51 	 200 	 4354 	 9
1788205397230 	 110 	 200 	 4357 	 11
1788205397291 	 57 	 200 	 4358 	 11
1788205397314 	 61 	 200 	 4358 	 10
1788205397249 	 129 	 200 	 4358 	 9
1788205397141 	 238 	 200 	 4358 	 8
1788205397271 	 127 	 200 	 4358 	 7
1788205397297 	 102 	 200 	 4358 	 6
1788205397344 	 66 	 200 	 4358 	 5
1788205397247 	 204 	 200 	 4360 	 6
1788205397307 	 153 	 200 	 4360 	 5
1788205397295 	 172 	 200 	 4360 	 4
1788205397243 	 225 	 200 	 4361 	 4
1788205397436 	 96 	 200 	 4363 	 5
1788205397319 	 215 	 200 	 4363 	 4
1788205397470 	 65 	 200 	 4363 	 3
1788205397446 	 89 	 200 	 4363 	 2
1788205397503 	 44 	 200 	 4364 	 2
1788205397475 	 72 	 200 	 4365 	 2
1788205397549 	 14 	 200 	 4365 	 1
1788205397550 	 14 	 200 	 4365 	 0
1788205397572 	 15 	 200 	 4369 	 3
1788205397573 	 14 	 200 	 4369 	 2
1788205397582 	 15 	 200 	 4369 	 1
1788205397585 	 14 	 200 	 4369 	 0
1788205397613 	 33 	 200 	 4371 	 1
1788205397639 	 14 	 200 	 4371 	 0
1788205397667 	 18 	 200 	 4373 	 1
1788205397665 	 21 	 200 	 4373 	 0
1788205397689 	 16 	 200 	 4375 	 1
1788205397693 	 15 	 200 	 4375 	 0
1788205397715 	 15 	 200 	 4377 	 1
1788205397724 	 13 	 200 	 4377 	 0
1788205397744 	 14 	 200 	 4380 	 2
1788205397745 	 15 	 200 	 4380 	 1
1788205397754 	 16 	 200 	 4380 	 0
1788205397776 	 15 	 200 	 4382 	 1
1788205397787 	 38 	 200 	 4382 	 0
1788205397847 	 21 	 200 	 4384 	 1
1788205397857 	 14 	 200 	 4384 	 0
1788205397874 	 14 	 200 	 4387 	 2
1788205397886 	 16 	 200 	 4389 	 3
1788205397880 	 23 	 200 	 4389 	 2
1788205397901 	 14 	 200 	 4389 	 1
1788205397901 	 15 	 200 	 4389 	 0
1788205397943 	 12 	 200 	 4391 	 1
1788205397954 	 12 	 200 	 4392 	 1
1788205397958 	 13 	 200 	 4392 	 0
1788205397973 	 12 	 200 	 4394 	 1
1788205397977 	 15 	 200 	 4394 	 0
1788205398010 	 39 	 200 	 4398 	 3
1788205398039 	 25 	 200 	 4399 	 3
1788205398043 	 25 	 200 	 4401 	 4
1788205398046 	 27 	 200 	 4403 	 5
1788205398060 	 24 	 200 	 4403 	 4
1788205398066 	 20 	 200 	 4403 	 3
1788205398069 	 25 	 200 	 4403 	 2
1788205398073 	 21 	 200 	 4403 	 1
1788205398075 	 19 	 200 	 4403 	 0
1788205398099 	 34 	 200 	 4408 	 4
1788205398099 	 49 	 200 	 4409 	 4
1788205398101 	 54 	 200 	 4411 	 5
1788205398132 	 28 	 200 	 4413 	 6
1788205398122 	 40 	 200 	 4413 	 5
1788205398157 	 17 	 200 	 4414 	 5
1788205398146 	 28 	 200 	 4414 	 4
1788205398154 	 20 	 200 	 4414 	 3
1788205398158 	 31 	 200 	 4414 	 2
1788205398153 	 36 	 200 	 4414 	 1
1788205398173 	 18 	 200 	 4414 	 0
1788205398213 	 32 	 200 	 4415 	 0
1788205398300 	 14 	 200 	 4418 	 2
1788205398314 	 19 	 200 	 4419 	 2
1788205398315 	 20 	 200 	 4419 	 1
1788205398331 	 13 	 200 	 4419 	 0
1788205398349 	 18 	 200 	 4420 	 0
1788205398372 	 25 	 200 	 4423 	 2
1788205398374 	 27 	 200 	 4423 	 1
1788205398378 	 23 	 200 	 4423 	 0
1788205398438 	 13 	 200 	 4424 	 0
1788205398462 	 14 	 200 	 4425 	 0
1788205398483 	 14 	 200 	 4426 	 0
1788205398507 	 13 	 200 	 4429 	 2
1788205398516 	 14 	 200 	 4429 	 1
1788205398519 	 16 	 200 	 4429 	 0
1788205398537 	 19 	 200 	 4432 	 2
1788205398544 	 16 	 200 	 4432 	 1
1788205398546 	 15 	 200 	 4432 	 0
1788205398580 	 15 	 200 	 4434 	 1
1788205398590 	 14 	 200 	 4436 	 2
1788205398599 	 14 	 200 	 4436 	 1
1788205398604 	 13 	 200 	 4436 	 0
1788205398625 	 14 	 200 	 4440 	 3
1788205398622 	 18 	 200 	 4440 	 2
1788205398628 	 13 	 200 	 4440 	 1
1788205398634 	 14 	 200 	 4440 	 0
1788205398654 	 16 	 200 	 4442 	 1
1788205398659 	 30 	 200 	 4443 	 1
1788205398686 	 16 	 200 	 4443 	 0
1788205398723 	 17 	 200 	 4447 	 3
1788205398736 	 16 	 200 	 4449 	 4
1788205398738 	 17 	 200 	 4451 	 5
1788205398735 	 25 	 200 	 4451 	 4
1788205398744 	 26 	 200 	 4452 	 4
1788205398757 	 18 	 200 	 4452 	 3
1788205398748 	 27 	 200 	 4452 	 2
1788205398755 	 21 	 200 	 4452 	 2
1788205398770 	 16 	 200 	 4455 	 3
1788205398777 	 46 	 200 	 4456 	 3
1788205398781 	 64 	 200 	 4458 	 4
1788205398781 	 77 	 200 	 4459 	 4
1788205398810 	 51 	 200 	 4459 	 3
1788205398832 	 31 	 200 	 4459 	 2
1788205398837 	 27 	 200 	 4459 	 1
1788205398856 	 24 	 200 	 4460 	 1
1788205398883 	 51 	 200 	 4465 	 5
1788205398872 	 63 	 200 	 4465 	 4
1788205398891 	 57 	 200 	 4467 	 5
1788205398902 	 47 	 200 	 4467 	 4
1788205398924 	 28 	 200 	 4467 	 3
1788205398912 	 42 	 200 	 4467 	 2
1788205398938 	 24 	 200 	 4469 	 3
1788205398944 	 91 	 200 	 4474 	 7
1788205398962 	 81 	 200 	 4475 	 7
1788205398960 	 176 	 200 	 4482 	 13
1788205399001 	 143 	 200 	 4483 	 13
1788205398973 	 173 	 200 	 4484 	 13
1788205399061 	 161 	 200 	 4487 	 17
1788205399038 	 202 	 200 	 4488 	 16
1788205399047 	 274 	 200 	 4489 	 20
1788205399003 	 330 	 200 	 4490 	 20
1788205399034 	 303 	 200 	 4491 	 20
1788205399146 	 192 	 200 	 4492 	 20
1788205398976 	 364 	 200 	 4493 	 19
1788205399088 	 255 	 200 	 4494 	 18
1788205399116 	 316 	 200 	 4495 	 23
1788205399138 	 297 	 200 	 4496 	 22
1788205399105 	 330 	 200 	 4497 	 21
1788205399161 	 283 	 200 	 4498 	 21
1788205399134 	 400 	 200 	 4499 	 26
1788205399159 	 381 	 200 	 4500 	 26
1788205399052 	 588 	 200 	 4501 	 34
1788205399341 	 306 	 200 	 4502 	 33
1788205399200 	 452 	 200 	 4503 	 32
1788205399348 	 291 	 200 	 4504 	 31
1788205399324 	 325 	 200 	 4505 	 30
1788205399224 	 426 	 200 	 4506 	 29
1788205399543 	 180 	 200 	 4507 	 34
1788205399437 	 297 	 200 	 4508 	 33
1788205399434 	 304 	 200 	 4509 	 32
1788205399243 	 501 	 200 	 4510 	 31
1788205399447 	 297 	 200 	 4511 	 30
1788205399438 	 305 	 200 	 4512 	 29
1788205399351 	 413 	 200 	 4513 	 28
1788205399335 	 486 	 200 	 4514 	 31
1788205399653 	 179 	 200 	 4515 	 30
1788205399346 	 490 	 200 	 4516 	 29
1788205399538 	 396 	 200 	 4517 	 33
1788205399656 	 289 	 200 	 4518 	 33
1788205399658 	 306 	 200 	 4519 	 33
1788205399725 	 307 	 200 	 4520 	 35
1788205399662 	 370 	 200 	 4521 	 35
1788205399834 	 201 	 200 	 4522 	 34
1788205399660 	 374 	 200 	 4523 	 33
1788205399838 	 299 	 200 	 4524 	 37
1788205399644 	 499 	 200 	 4525 	 36
1788205399824 	 323 	 200 	 4526 	 35
1788205399737 	 413 	 200 	 4527 	 34
1788205399946 	 195 	 200 	 4528 	 33
1788205399936 	 208 	 200 	 4529 	 32
1788205399747 	 408 	 200 	 4530 	 31
1788205399767 	 392 	 200 	 4531 	 30
1788205399750 	 402 	 200 	 4532 	 29
1788205399740 	 423 	 200 	 4533 	 28
1788205400035 	 198 	 200 	 4534 	 30
1788205399966 	 268 	 200 	 4535 	 29
1788205400145 	 90 	 200 	 4536 	 28
1788205400037 	 200 	 200 	 4537 	 27
1788205399753 	 484 	 200 	 4538 	 26
1788205400039 	 207 	 200 	 4539 	 25
1788205400034 	 290 	 200 	 4540 	 30
1788205400161 	 173 	 200 	 4541 	 29
1788205400155 	 180 	 200 	 4542 	 28
1788205400159 	 177 	 200 	 4543 	 27
1788205400139 	 206 	 200 	 4544 	 26
1788205400152 	 197 	 200 	 4545 	 25
1788205400245 	 189 	 200 	 4546 	 29
1788205400166 	 276 	 200 	 4547 	 30
1788205400149 	 293 	 200 	 4548 	 30
1788205400169 	 272 	 200 	 4549 	 30
1788205400163 	 286 	 200 	 4550 	 29
1788205400235 	 298 	 200 	 4551 	 35
1788205400249 	 284 	 200 	 4552 	 34
1788205400242 	 292 	 200 	 4553 	 33
1788205400239 	 295 	 200 	 4554 	 32
1788205400338 	 202 	 200 	 4555 	 31
1788205400334 	 218 	 200 	 4556 	 31
1788205400351 	 285 	 200 	 4557 	 34
1788205400436 	 202 	 200 	 4558 	 33
1788205400237 	 408 	 200 	 4559 	 32
1788205400336 	 308 	 200 	 4560 	 32
1788205400348 	 308 	 200 	 4561 	 32
1788205400341 	 391 	 200 	 4562 	 35
1788205400537 	 200 	 200 	 4563 	 34
1788205400535 	 207 	 200 	 4564 	 33
1788205400542 	 198 	 200 	 4565 	 33
1788205400444 	 303 	 200 	 4566 	 32
1788205400538 	 204 	 200 	 4567 	 31
1788205400451 	 383 	 200 	 4568 	 37
1788205400448 	 387 	 200 	 4569 	 36
1788205400554 	 284 	 200 	 4570 	 35
1788205400646 	 190 	 200 	 4571 	 34
1788205400739 	 194 	 200 	 4572 	 39
1788205400451 	 482 	 200 	 4573 	 38
1788205400535 	 407 	 200 	 4574 	 38
1788205400735 	 211 	 200 	 4575 	 38
1788205400656 	 295 	 200 	 4576 	 39
1788205400745 	 288 	 200 	 4577 	 47
1788205400755 	 286 	 200 	 4578 	 48
1788205400838 	 206 	 200 	 4579 	 47
1788205400749 	 385 	 200 	 4580 	 59
1788205400837 	 306 	 200 	 4581 	 59
1788205400841 	 395 	 200 	 4582 	 66
1788205400938 	 304 	 200 	 4583 	 65
1788205400752 	 495 	 200 	 4584 	 64
1788205400845 	 400 	 200 	 4585 	 63
1788205400644 	 594 	 200 	 4586 	 62
1788205400659 	 587 	 200 	 4587 	 61
1788205400949 	 386 	 200 	 4588 	 69
1788205400641 	 698 	 200 	 4589 	 68
1788205400936 	 404 	 200 	 4590 	 67
1788205401049 	 292 	 200 	 4591 	 66
1788205401253 	 185 	 200 	 4592 	 67
1788205400943 	 495 	 200 	 4593 	 66
1788205401137 	 300 	 200 	 4594 	 65
1788205401046 	 398 	 200 	 4595 	 64
1788205400953 	 492 	 200 	 4596 	 63
1788205401036 	 463 	 200 	 4597 	 66
1788205401145 	 376 	 200 	 4598 	 67
1788205401255 	 278 	 200 	 4599 	 67
1788205401238 	 301 	 200 	 4600 	 66
1788205401338 	 207 	 200 	 4601 	 66
1788205401447 	 194 	 200 	 4602 	 69
1788205401250 	 395 	 200 	 4603 	 68
1788205401252 	 471 	 200 	 4604 	 71
1788205401440 	 283 	 200 	 4605 	 70
1788205401442 	 291 	 200 	 4606 	 69
1788205401243 	 492 	 200 	 4607 	 70
1788205401502 	 239 	 200 	 4608 	 69
1788205401345 	 393 	 200 	 4609 	 68
1788205401453 	 293 	 200 	 4610 	 70
1788205401341 	 399 	 200 	 4611 	 69
1788205401536 	 201 	 200 	 4612 	 68
1788205401443 	 390 	 200 	 4613 	 76
1788205401346 	 487 	 200 	 4614 	 75
1788205401523 	 315 	 200 	 4615 	 74
1788205401548 	 296 	 200 	 4616 	 74
1788205401647 	 291 	 200 	 4617 	 84
1788205401543 	 421 	 200 	 4618 	 84
1788205401840 	 170 	 200 	 4619 	 86
1788205401835 	 198 	 200 	 4620 	 85
1788205401727 	 308 	 200 	 4621 	 84
1788205401750 	 285 	 200 	 4622 	 83
1788205401643 	 394 	 200 	 4623 	 82
1788205401735 	 303 	 200 	 4624 	 81
1788205401742 	 297 	 200 	 4625 	 80
1788205401745 	 305 	 200 	 4626 	 79
1788205401755 	 291 	 200 	 4627 	 78
1788205401725 	 331 	 200 	 4628 	 79
1788205401940 	 188 	 200 	 4629 	 82
1788205401748 	 391 	 200 	 4630 	 82
1788205402013 	 223 	 200 	 4631 	 87
1788205401752 	 484 	 200 	 4632 	 86
1788205402035 	 204 	 200 	 4633 	 85
1788205401837 	 404 	 200 	 4634 	 84
1788205401967 	 276 	 200 	 4635 	 83
1788205402037 	 201 	 200 	 4636 	 82
1788205401846 	 396 	 200 	 4637 	 81
1788205402055 	 195 	 200 	 4638 	 80
1788205402059 	 263 	 200 	 4639 	 79
1788205402039 	 297 	 200 	 4640 	 78
1788205402042 	 300 	 200 	 4641 	 77
1788205402045 	 301 	 200 	 4642 	 77
1788205402048 	 385 	 200 	 4643 	 83
1788205402244 	 194 	 200 	 4644 	 82
1788205402239 	 206 	 200 	 4645 	 81
1788205402131 	 312 	 200 	 4646 	 80
1788205402052 	 399 	 200 	 4647 	 79
1788205402241 	 214 	 200 	 4648 	 79
1788205402142 	 305 	 200 	 4649 	 78
1788205402245 	 297 	 200 	 4650 	 81
1788205402242 	 301 	 200 	 4651 	 80
1788205402348 	 197 	 200 	 4652 	 79
1788205402337 	 298 	 200 	 4653 	 84
1788205402252 	 388 	 200 	 4654 	 83
1788205402441 	 202 	 200 	 4655 	 82
1788205402237 	 408 	 200 	 4656 	 82
1788205402324 	 410 	 200 	 4657 	 86
1788205402435 	 303 	 200 	 4658 	 85
1788205402446 	 291 	 200 	 4659 	 84
1788205402246 	 503 	 200 	 4660 	 83
1788205402344 	 403 	 200 	 4661 	 83
1788205402459 	 383 	 200 	 4662 	 86
1788205402450 	 390 	 200 	 4663 	 85
1788205402457 	 386 	 200 	 4664 	 84
1788205402454 	 392 	 200 	 4665 	 84
1788205402649 	 290 	 200 	 4666 	 90
1788205402637 	 302 	 200 	 4667 	 90
1788205402750 	 287 	 200 	 4668 	 92
1788205402642 	 400 	 200 	 4669 	 91
1788205402545 	 501 	 200 	 4670 	 90
1788205402550 	 583 	 200 	 4671 	 92
1788205402548 	 590 	 200 	 4672 	 91
1788205402736 	 402 	 200 	 4673 	 90
1788205402753 	 386 	 200 	 4674 	 89
1788205402741 	 403 	 200 	 4675 	 88
1788205402847 	 293 	 200 	 4676 	 87
1788205402746 	 400 	 200 	 4677 	 86
1788205402848 	 385 	 200 	 4678 	 89
1788205402646 	 590 	 200 	 4679 	 88
1788205403136 	 196 	 200 	 4680 	 92
1788205402945 	 389 	 200 	 4681 	 91
1788205402854 	 479 	 200 	 4682 	 90
1788205403048 	 288 	 200 	 4683 	 89
1788205403040 	 302 	 200 	 4684 	 89
1788205403239 	 183 	 200 	 4685 	 92
1788205403339 	 96 	 200 	 4686 	 92
1788205403337 	 98 	 200 	 4687 	 91
1788205402941 	 494 	 200 	 4688 	 90
1788205402845 	 593 	 200 	 4689 	 89
1788205403151 	 286 	 200 	 4690 	 88
1788205403153 	 290 	 200 	 4691 	 87
1788205403155 	 286 	 200 	 4692 	 86
1788205403045 	 395 	 200 	 4693 	 85
1788205403336 	 114 	 200 	 4694 	 84
1788205403148 	 379 	 200 	 4695 	 88
1788205403143 	 478 	 200 	 4696 	 95
1788205403439 	 195 	 200 	 4697 	 95
1788205403339 	 298 	 200 	 4698 	 94
1788205403437 	 204 	 200 	 4699 	 93
1788205403448 	 192 	 200 	 4700 	 92
1788205403149 	 495 	 200 	 4701 	 91
1788205403345 	 302 	 200 	 4702 	 90
1788205403440 	 212 	 200 	 4703 	 91
1788205403445 	 279 	 200 	 4704 	 94
1788205403442 	 291 	 200 	 4705 	 94
1788205403424 	 314 	 200 	 4706 	 93
1788205403435 	 370 	 200 	 4707 	 101
1788205403236 	 570 	 200 	 4708 	 100
1788205403624 	 220 	 200 	 4709 	 99
1788205403639 	 210 	 200 	 4710 	 98
1788205403646 	 245 	 200 	 4711 	 99
1788205403454 	 450 	 200 	 4712 	 98
1788205403637 	 306 	 200 	 4713 	 97
1788205403654 	 340 	 200 	 4714 	 96
1788205403452 	 544 	 200 	 4715 	 95
1788205403648 	 352 	 200 	 4716 	 94
1788205403845 	 194 	 200 	 4717 	 93
1788205403807 	 238 	 200 	 4718 	 92
1788205403643 	 454 	 200 	 4719 	 91
1788205403644 	 457 	 200 	 4720 	 90
1788205403897 	 210 	 200 	 4721 	 89
1788205403944 	 166 	 200 	 4722 	 88
1788205403807 	 309 	 200 	 4723 	 87
1788205403996 	 119 	 200 	 4724 	 86
1788205403539 	 608 	 200 	 4725 	 85
1788205404002 	 147 	 200 	 4726 	 84
1788205403734 	 419 	 200 	 4727 	 83
1788205404048 	 190 	 200 	 4728 	 82
1788205404041 	 202 	 200 	 4729 	 81
1788205404119 	 125 	 200 	 4730 	 80
1788205403740 	 512 	 200 	 4731 	 79
1788205403850 	 406 	 200 	 4732 	 78
1788205403997 	 260 	 200 	 4733 	 77
1788205404105 	 151 	 200 	 4734 	 76
1788205404109 	 224 	 200 	 4735 	 75
1788205404151 	 185 	 200 	 4736 	 74
1788205403906 	 430 	 200 	 4737 	 73
1788205404152 	 183 	 200 	 4738 	 72
1788205404113 	 222 	 200 	 4739 	 71
1788205404099 	 239 	 200 	 4740 	 70
1788205403725 	 615 	 200 	 4741 	 69
1788205404155 	 186 	 200 	 4742 	 68
1788205404117 	 222 	 200 	 4743 	 67
1788205404341 	 62 	 200 	 4744 	 66
1788205404335 	 99 	 200 	 4745 	 65
1788205404254 	 181 	 200 	 4746 	 64
1788205404240 	 194 	 200 	 4747 	 63
1788205404259 	 183 	 200 	 4748 	 62
1788205404338 	 110 	 200 	 4749 	 61
1788205404261 	 185 	 200 	 4750 	 60
1788205404339 	 198 	 200 	 4751 	 59
1788205404263 	 277 	 200 	 4752 	 58
1788205404247 	 292 	 200 	 4753 	 57
1788205404404 	 145 	 200 	 4754 	 56
1788205404344 	 290 	 200 	 4755 	 55
1788205404247 	 390 	 200 	 4756 	 54
1788205404340 	 303 	 200 	 4757 	 53
1788205404342 	 304 	 200 	 4758 	 52
1788205404346 	 302 	 200 	 4759 	 51
1788205404438 	 297 	 200 	 4760 	 50
1788205404339 	 395 	 200 	 4761 	 49
1788205404440 	 304 	 200 	 4762 	 48
1788205404436 	 308 	 200 	 4763 	 47
1788205404450 	 295 	 200 	 4764 	 46
1788205404452 	 388 	 200 	 4765 	 45
1788205404538 	 400 	 200 	 4766 	 44
1788205404644 	 388 	 200 	 4767 	 44
1788205404444 	 594 	 200 	 4768 	 43
1788205404543 	 490 	 200 	 4769 	 42
1788205404551 	 494 	 200 	 4770 	 41
1788205404640 	 408 	 200 	 4771 	 40
1788205404737 	 316 	 200 	 4772 	 39
1788205404545 	 501 	 200 	 4773 	 38
1788205404653 	 391 	 200 	 4774 	 37
1788205404636 	 420 	 200 	 4775 	 36
1788205404751 	 361 	 200 	 4776 	 35
1788205404747 	 485 	 200 	 4777 	 34
1788205404942 	 291 	 200 	 4778 	 33
1788205404741 	 495 	 200 	 4779 	 32
1788205404842 	 395 	 200 	 4780 	 31
1788205405035 	 201 	 200 	 4781 	 30
1788205404749 	 497 	 200 	 4782 	 29
1788205404649 	 599 	 200 	 4783 	 28
1788205405061 	 277 	 200 	 4784 	 27
1788205405055 	 293 	 200 	 4785 	 26
1788205405051 	 382 	 200 	 4786 	 25
1788205405042 	 391 	 200 	 4787 	 24
1788205405236 	 206 	 200 	 4788 	 23
1788205405059 	 386 	 200 	 4789 	 22
1788205405066 	 383 	 200 	 4790 	 21
1788205405041 	 390 	 200 	 4791 	 20
1788205405234 	 299 	 200 	 4792 	 19
1788205405248 	 386 	 200 	 4793 	 18
1788205405239 	 491 	 200 	 4794 	 17
1788205405114 	 681 	 200 	 4795 	 16
1788205405240 	 598 	 200 	 4796 	 15
1788205405340 	 505 	 200 	 4796 	 14
1788205405436 	 413 	 200 	 4796 	 13
1788205405245 	 614 	 200 	 4796 	 12
1788205405059 	 876 	 200 	 4796 	 11
1788205405350 	 591 	 200 	 4796 	 10
1788205405251 	 690 	 200 	 4796 	 9
1788205405451 	 489 	 200 	 4796 	 8
1788205405637 	 304 	 200 	 4796 	 7
1788205405447 	 496 	 200 	 4796 	 6
1788205405535 	 412 	 200 	 4796 	 5
1788205405736 	 212 	 200 	 4796 	 4
1788205405444 	 508 	 200 	 4796 	 3
1788205405440 	 519 	 200 	 4796 	 2
1788205405796 	 173 	 200 	 4796 	 1
1788205405454 	 515 	 200 	 4796 	 0
1788205406642 	 36 	 200 	 4797 	 0
1788205407449 	 14 	 200 	 4798 	 0
1788205407717 	 33 	 200 	 4799 	 0
1788205407874 	 37 	 200 	 4800 	 0
1788205408119 	 14 	 200 	 4801 	 0
1788205408232 	 13 	 200 	 4802 	 0
1788205408440 	 20 	 200 	 4804 	 1
1788205408457 	 14 	 200 	 4804 	 0
1788205408990 	 24 	 200 	 4805 	 0
1788205409180 	 35 	 200 	 4806 	 0
1788205409330 	 13 	 200 	 4807 	 0
1788205409708 	 34 	 200 	 4810 	 2
1788205409722 	 35 	 200 	 4810 	 1
1788205409764 	 12 	 200 	 4811 	 1
1788205409733 	 47 	 200 	 4811 	 0
1788205409788 	 14 	 200 	 4813 	 1
1788205409799 	 20 	 200 	 4814 	 1
1788205409808 	 14 	 200 	 4814 	 0
1788205409834 	 17 	 200 	 4816 	 1
1788205409835 	 16 	 200 	 4816 	 0
1788205409917 	 31 	 200 	 4819 	 2
1788205409928 	 31 	 200 	 4820 	 2
1788205409935 	 25 	 200 	 4820 	 1
1788205409955 	 14 	 200 	 4821 	 1
1788205409968 	 17 	 200 	 4822 	 1
1788205409978 	 13 	 200 	 4822 	 0
1788205409994 	 29 	 200 	 4827 	 4
1788205410007 	 26 	 200 	 4827 	 3
1788205409999 	 35 	 200 	 4827 	 2
1788205409993 	 42 	 200 	 4827 	 1
1788205410012 	 33 	 200 	 4828 	 1
1788205410039 	 15 	 200 	 4829 	 1
1788205410048 	 14 	 200 	 4830 	 1
1788205410056 	 13 	 200 	 4830 	 0
1788205410071 	 19 	 200 	 4834 	 3
1788205410071 	 20 	 200 	 4834 	 2
1788205410085 	 14 	 200 	 4834 	 1
1788205410082 	 21 	 200 	 4834 	 0
1788205410111 	 14 	 200 	 4836 	 1
1788205410120 	 17 	 200 	 4836 	 0
1788205410139 	 17 	 200 	 4838 	 1
1788205410141 	 17 	 200 	 4838 	 0
1788205410164 	 16 	 200 	 4839 	 0
1788205410205 	 12 	 200 	 4840 	 0
1788205410223 	 15 	 200 	 4843 	 2
1788205410226 	 15 	 200 	 4843 	 1
1788205410234 	 13 	 200 	 4845 	 2
1788205410243 	 13 	 200 	 4845 	 1
1788205410245 	 13 	 200 	 4845 	 0
1788205410259 	 12 	 200 	 4846 	 0
1788205410278 	 12 	 200 	 4849 	 2
1788205410290 	 14 	 200 	 4850 	 2
1788205410294 	 15 	 200 	 4850 	 1
1788205410312 	 12 	 200 	 4851 	 1
1788205410281 	 74 	 200 	 4852 	 1
1788205410348 	 29 	 200 	 4853 	 1
1788205410372 	 12 	 200 	 4853 	 0
1788205410393 	 14 	 200 	 4857 	 3
1788205410391 	 15 	 200 	 4857 	 2
1788205410394 	 26 	 200 	 4858 	 3
1788205410403 	 17 	 200 	 4859 	 2
1788205410410 	 13 	 200 	 4859 	 1
1788205410428 	 14 	 200 	 4860 	 1
1788205410422 	 21 	 200 	 4860 	 0
1788205410452 	 14 	 200 	 4862 	 1
1788205410463 	 15 	 200 	 4862 	 0
1788205410508 	 16 	 200 	 4865 	 2
1788205410515 	 20 	 200 	 4865 	 1
1788205410522 	 15 	 200 	 4865 	 0
1788205410544 	 15 	 200 	 4866 	 0
1788205410580 	 12 	 200 	 4867 	 1
1788205410593 	 12 	 200 	 4868 	 0
1788205410609 	 14 	 200 	 4870 	 1
1788205410611 	 31 	 200 	 4871 	 1
1788205410642 	 13 	 200 	 4872 	 1
1788205410645 	 14 	 200 	 4872 	 0
1788205410664 	 15 	 200 	 4875 	 2
1788205410672 	 13 	 200 	 4875 	 1
1788205410677 	 13 	 200 	 4875 	 0
1788205410699 	 13 	 200 	 4877 	 1
1788205410708 	 13 	 200 	 4877 	 0
1788205410725 	 15 	 200 	 4881 	 3
1788205410727 	 16 	 200 	 4881 	 2
1788205410723 	 26 	 200 	 4883 	 3
1788205410730 	 20 	 200 	 4883 	 2
1788205410745 	 13 	 200 	 4884 	 2
1788205410749 	 14 	 200 	 4884 	 1
1788205410758 	 15 	 200 	 4884 	 0
1788205410787 	 14 	 200 	 4887 	 2
1788205410799 	 14 	 200 	 4887 	 1
1788205410799 	 14 	 200 	 4887 	 0
1788205410836 	 11 	 200 	 4889 	 1
1788205410831 	 22 	 200 	 4890 	 1
1788205410849 	 13 	 200 	 4891 	 1
1788205410859 	 15 	 200 	 4893 	 2
1788205410866 	 15 	 200 	 4894 	 2
1788205410868 	 15 	 200 	 4894 	 1
1788205410881 	 14 	 200 	 4895 	 1
1788205410886 	 11 	 200 	 4896 	 1
1788205410898 	 13 	 200 	 4897 	 1
1788205410924 	 13 	 200 	 4898 	 1
1788205410912 	 46 	 200 	 4901 	 3
1788205410951 	 14 	 200 	 4901 	 2
1788205410954 	 16 	 200 	 4903 	 3
1788205410950 	 20 	 200 	 4903 	 2
1788205410971 	 23 	 200 	 4903 	 1
1788205410969 	 25 	 200 	 4903 	 0
1788205410999 	 14 	 200 	 4904 	 0
1788205411015 	 11 	 200 	 4905 	 0
1788205411043 	 14 	 200 	 4907 	 1
1788205411048 	 11 	 200 	 4907 	 0
1788205411088 	 30 	 200 	 4912 	 4
1788205411086 	 33 	 200 	 4912 	 3
1788205411095 	 24 	 200 	 4912 	 2
1788205411098 	 25 	 200 	 4912 	 1
1788205411114 	 16 	 200 	 4913 	 1
1788205411129 	 16 	 200 	 4913 	 0
1788205411146 	 18 	 200 	 4915 	 1
1788205411160 	 16 	 200 	 4915 	 0
1788205411186 	 14 	 200 	 4918 	 2
1788205411195 	 12 	 200 	 4919 	 2
1788205411208 	 17 	 200 	 4919 	 1
1788205411183 	 79 	 200 	 4923 	 4
1788205411262 	 44 	 200 	 4929 	 9
1788205411248 	 61 	 200 	 4929 	 8
1788205411250 	 58 	 200 	 4929 	 7
1788205411291 	 19 	 200 	 4929 	 6
1788205411255 	 59 	 200 	 4929 	 5
1788205411269 	 130 	 200 	 4937 	 12
1788205411270 	 132 	 200 	 4937 	 11
1788205411361 	 42 	 200 	 4937 	 10
1788205411316 	 91 	 200 	 4937 	 9
1788205411279 	 132 	 200 	 4938 	 9
1788205411332 	 108 	 200 	 4938 	 8
1788205411298 	 143 	 200 	 4938 	 7
1788205411343 	 102 	 200 	 4938 	 6
1788205411321 	 125 	 200 	 4938 	 5
1788205411375 	 120 	 200 	 4940 	 6
1788205411411 	 87 	 200 	 4940 	 5
1788205411296 	 204 	 200 	 4940 	 4
1788205411377 	 124 	 200 	 4940 	 3
1788205411477 	 27 	 200 	 4941 	 3
1788205411396 	 110 	 200 	 4941 	 2
1788205411486 	 22 	 200 	 4941 	 1
1788205411504 	 19 	 200 	 4941 	 0
1788205411545 	 30 	 200 	 4942 	 0
1788205411609 	 14 	 200 	 4944 	 1
1788205411614 	 18 	 200 	 4945 	 1
1788205411628 	 15 	 200 	 4946 	 1
1788205411634 	 15 	 200 	 4947 	 1
1788205411645 	 15 	 200 	 4947 	 0
1788205411746 	 24 	 200 	 4952 	 4
1788205411725 	 45 	 200 	 4952 	 4
1788205411733 	 37 	 200 	 4953 	 3
1788205411731 	 40 	 200 	 4953 	 2
1788205411758 	 16 	 200 	 4955 	 3
1788205411773 	 21 	 200 	 4955 	 2
1788205411782 	 14 	 200 	 4955 	 1
1788205411785 	 37 	 200 	 4957 	 2
1788205411799 	 38 	 200 	 4957 	 1
1788205411817 	 25 	 200 	 4957 	 0
1788205411878 	 19 	 200 	 4962 	 4
1788205411876 	 32 	 200 	 4962 	 3
1788205411891 	 17 	 200 	 4962 	 2
1788205411893 	 17 	 200 	 4962 	 1
1788205411877 	 34 	 200 	 4962 	 0
1788205411921 	 16 	 200 	 4963 	 0
1788205411945 	 12 	 200 	 4964 	 0
1788205412048 	 37 	 200 	 4968 	 3
1788205412056 	 29 	 200 	 4968 	 2
1788205412062 	 27 	 200 	 4970 	 3
1788205412075 	 19 	 200 	 4971 	 3
1788205412090 	 16 	 200 	 4972 	 3
1788205412090 	 21 	 200 	 4972 	 2
1788205412099 	 14 	 200 	 4972 	 1
1788205412094 	 39 	 200 	 4974 	 2
1788205412122 	 24 	 200 	 4977 	 4
1788205412127 	 22 	 200 	 4977 	 3
1788205412138 	 14 	 200 	 4977 	 2
1788205412144 	 17 	 200 	 4978 	 2
1788205412144 	 18 	 200 	 4978 	 1
1788205412161 	 12 	 200 	 4979 	 1
1788205412168 	 14 	 200 	 4979 	 0
1788205412187 	 15 	 200 	 4982 	 2
1788205412205 	 14 	 200 	 4985 	 4
1788205412202 	 31 	 200 	 4985 	 4
1788205412201 	 34 	 200 	 4986 	 3
1788205412211 	 37 	 200 	 4986 	 2
1788205412217 	 32 	 200 	 4986 	 1
1788205412235 	 16 	 200 	 4986 	 0
1788205412271 	 20 	 200 	 4987 	 0
1788205412295 	 13 	 200 	 4988 	 0
1788205412310 	 12 	 200 	 4990 	 1
1788205412320 	 13 	 200 	 4990 	 0
1788205412335 	 17 	 200 	 4991 	 0
1788205412368 	 12 	 200 	 4993 	 1
1788205412380 	 13 	 200 	 4994 	 1
1788205412386 	 13 	 200 	 4994 	 0
1788205412409 	 19 	 200 	 4996 	 1
1788205412417 	 17 	 200 	 4996 	 0
1788205412437 	 12 	 200 	 4997 	 0
1788205412580 	 34 	 200 	 4998 	 0
1788205413096 	 18 	 200 	 4999 	 0
1788205413255 	 13 	 200 	 5000 	 0