1788205415387 	 17 	 200 	 3 	 2
1788205415394 	 17 	 200 	 3 	 1
1788205415390 	 22 	 200 	 3 	 0
1788205415414 	 12 	 200 	 4 	 0
1788205415431 	 14 	 200 	 5 	 0
1788205415464 	 16 	 200 	 10 	 4
1788205415466 	 22 	 200 	 10 	 3
1788205415475 	 19 	 200 	 13 	 5
1788205415474 	 20 	 200 	 13 	 4
1788205415478 	 18 	 200 	 13 	 3
1788205415489 	 20 	 200 	 14 	 3
1788205415489 	 19 	 200 	 14 	 2
1788205415492 	 18 	 200 	 14 	 1
1788205415508 	 16 	 200 	 16 	 2
1788205415520 	 15 	 200 	 16 	 1
1788205415524 	 20 	 200 	 17 	 1
1788205415537 	 15 	 200 	 17 	 0
1788205415562 	 16 	 200 	 19 	 1
1788205415562 	 19 	 200 	 19 	 0
1788205415587 	 12 	 200 	 20 	 0
1788205415605 	 15 	 200 	 23 	 2
1788205415611 	 14 	 200 	 23 	 1
1788205415613 	 14 	 200 	 23 	 0
1788205415661 	 27 	 200 	 27 	 3
1788205415671 	 24 	 200 	 27 	 2
1788205415673 	 25 	 200 	 28 	 2
1788205415667 	 38 	 200 	 28 	 1
1788205415698 	 16 	 200 	 29 	 1
1788205415712 	 20 	 200 	 29 	 0
1788205415736 	 14 	 200 	 30 	 0
1788205415756 	 13 	 200 	 32 	 1
1788205415768 	 12 	 200 	 32 	 0
1788205415822 	 32 	 200 	 35 	 2
1788205415829 	 27 	 200 	 35 	 1
1788205415841 	 23 	 200 	 35 	 0
1788205415868 	 13 	 200 	 37 	 1
1788205415882 	 12 	 200 	 37 	 0
1788205415912 	 16 	 200 	 39 	 1
1788205415925 	 13 	 200 	 39 	 0
1788205415943 	 17 	 200 	 46 	 6
1788205415944 	 25 	 200 	 47 	 6
1788205415954 	 22 	 200 	 47 	 5
1788205415960 	 20 	 200 	 48 	 5
1788205415958 	 21 	 200 	 48 	 4
1788205415953 	 41 	 200 	 50 	 5
1788205415948 	 74 	 200 	 52 	 6
1788205415964 	 69 	 200 	 52 	 5
1788205415986 	 47 	 200 	 52 	 4
1788205415979 	 55 	 200 	 52 	 3
1788205416001 	 46 	 200 	 53 	 3
1788205415993 	 58 	 200 	 53 	 2
1788205415997 	 59 	 200 	 53 	 1
1788205416043 	 14 	 200 	 53 	 0
1788205416058 	 16 	 200 	 55 	 2
1788205416075 	 15 	 200 	 56 	 1
1788205416073 	 17 	 200 	 56 	 0
1788205416095 	 14 	 200 	 59 	 2
1788205416098 	 12 	 200 	 59 	 1
1788205416105 	 18 	 200 	 59 	 0
1788205416173 	 37 	 200 	 62 	 2
1788205416189 	 28 	 200 	 63 	 2
1788205416201 	 24 	 200 	 63 	 1
1788205416219 	 21 	 200 	 63 	 0
1788205416246 	 18 	 200 	 64 	 0
1788205416268 	 17 	 200 	 69 	 4
1788205416273 	 18 	 200 	 70 	 4
1788205416272 	 20 	 200 	 70 	 3
1788205416278 	 20 	 200 	 70 	 2
1788205416283 	 17 	 200 	 70 	 1
1788205416287 	 14 	 200 	 70 	 0
1788205416329 	 27 	 200 	 71 	 0
1788205416361 	 12 	 200 	 73 	 1
1788205416382 	 15 	 200 	 75 	 2
1788205416390 	 13 	 200 	 75 	 1
1788205416366 	 44 	 200 	 75 	 0
1788205416427 	 13 	 200 	 78 	 2
1788205416436 	 13 	 200 	 79 	 2
1788205416441 	 14 	 200 	 79 	 1
1788205416445 	 16 	 200 	 80 	 1
1788205416462 	 13 	 200 	 82 	 2
1788205416457 	 18 	 200 	 82 	 1
1788205416475 	 13 	 200 	 82 	 0
1788205416509 	 17 	 200 	 85 	 2
1788205416517 	 15 	 200 	 85 	 1
1788205416521 	 16 	 200 	 85 	 0
1788205416611 	 14 	 200 	 90 	 4
1788205416621 	 18 	 200 	 90 	 3
1788205416623 	 18 	 200 	 91 	 3
1788205416624 	 17 	 200 	 91 	 2
1788205416625 	 18 	 200 	 91 	 1
1788205416640 	 17 	 200 	 91 	 0
1788205416664 	 18 	 200 	 95 	 3
1788205416673 	 15 	 200 	 95 	 2
1788205416672 	 16 	 200 	 95 	 1
1788205416680 	 13 	 200 	 95 	 0
1788205416763 	 22 	 200 	 97 	 1
1788205416775 	 16 	 200 	 97 	 0
1788205416828 	 34 	 200 	 100 	 2
1788205416860 	 34 	 200 	 102 	 3
1788205416857 	 36 	 200 	 102 	 2
1788205416877 	 17 	 200 	 102 	 1
1788205416894 	 13 	 200 	 103 	 1
1788205416905 	 14 	 200 	 104 	 1
1788205416910 	 12 	 200 	 104 	 0
1788205416926 	 17 	 200 	 107 	 2
1788205416927 	 17 	 200 	 107 	 1
1788205416936 	 15 	 200 	 108 	 1
1788205416945 	 13 	 200 	 108 	 0
1788205416991 	 27 	 200 	 109 	 0
1788205417022 	 17 	 200 	 112 	 2
1788205417027 	 14 	 200 	 113 	 2
1788205417037 	 16 	 200 	 113 	 1
1788205417040 	 14 	 200 	 113 	 0
1788205417077 	 14 	 200 	 114 	 0
1788205417108 	 15 	 200 	 116 	 1
1788205417113 	 12 	 200 	 116 	 0
1788205417128 	 21 	 200 	 119 	 2
1788205417142 	 15 	 200 	 119 	 1
1788205417145 	 14 	 200 	 119 	 0
1788205417166 	 16 	 200 	 121 	 1
1788205417178 	 13 	 200 	 121 	 0
1788205417201 	 15 	 200 	 124 	 2
1788205417213 	 14 	 200 	 126 	 3
1788205417212 	 18 	 200 	 126 	 2
1788205417218 	 14 	 200 	 126 	 1
1788205417218 	 18 	 200 	 126 	 0
1788205417258 	 22 	 200 	 127 	 0
1788205417289 	 13 	 200 	 128 	 0
1788205417316 	 13 	 200 	 131 	 2
1788205417322 	 14 	 200 	 131 	 1
1788205417322 	 15 	 200 	 131 	 0
1788205417354 	 18 	 200 	 132 	 0
1788205417398 	 14 	 200 	 136 	 3
1788205417399 	 17 	 200 	 136 	 2
1788205417409 	 15 	 200 	 136 	 1
1788205417411 	 15 	 200 	 136 	 0
1788205417487 	 15 	 200 	 138 	 1
1788205417432 	 71 	 200 	 138 	 0
1788205417746 	 35 	 200 	 139 	 0
1788205418065 	 41 	 200 	 140 	 0
1788205418187 	 15 	 200 	 141 	 0
1788205419012 	 23 	 200 	 142 	 0
1788205419231 	 16 	 200 	 143 	 0
1788205419327 	 29 	 200 	 144 	 0
1788205419637 	 39 	 200 	 145 	 0
1788205420161 	 20 	 200 	 146 	 0
1788205420250 	 19 	 200 	 147 	 0
1788205420400 	 15 	 200 	 148 	 0
1788205422533 	 82 	 200 	 149 	 0
1788205422951 	 30 	 200 	 150 	 0
1788205423182 	 35 	 200 	 151 	 0
1788205423473 	 31 	 200 	 158 	 6
1788205423476 	 35 	 200 	 158 	 5
1788205423482 	 29 	 200 	 158 	 4
1788205423496 	 19 	 200 	 158 	 3
1788205423500 	 20 	 200 	 159 	 3
1788205423504 	 30 	 200 	 160 	 3
1788205423506 	 30 	 200 	 160 	 2
1788205423523 	 22 	 200 	 160 	 1
1788205423520 	 53 	 200 	 161 	 1
1788205423559 	 26 	 200 	 161 	 0
1788205423589 	 15 	 200 	 164 	 2
1788205423588 	 16 	 200 	 164 	 1
1788205423593 	 13 	 200 	 164 	 0
1788205423610 	 14 	 200 	 167 	 2
1788205423614 	 14 	 200 	 167 	 1
1788205423616 	 16 	 200 	 167 	 0
1788205423657 	 17 	 200 	 169 	 1
1788205423670 	 14 	 200 	 170 	 1
1788205423679 	 15 	 200 	 170 	 0
1788205423702 	 12 	 200 	 171 	 0
1788205423730 	 26 	 200 	 174 	 2
1788205423732 	 24 	 200 	 174 	 1
1788205423727 	 43 	 200 	 174 	 0
1788205423953 	 20 	 200 	 175 	 0
1788205424204 	 34 	 200 	 176 	 0
1788205424727 	 39 	 200 	 177 	 0
1788205425174 	 21 	 200 	 178 	 0
1788205426833 	 21 	 200 	 181 	 2
1788205426840 	 16 	 200 	 181 	 1
1788205426846 	 14 	 200 	 181 	 0
1788205426875 	 14 	 200 	 184 	 2
1788205426880 	 13 	 200 	 185 	 2
1788205426883 	 17 	 200 	 186 	 2
1788205426892 	 18 	 200 	 188 	 3
1788205426900 	 16 	 200 	 188 	 2
1788205426905 	 15 	 200 	 188 	 1
1788205426909 	 13 	 200 	 188 	 0
1788205426948 	 19 	 200 	 190 	 1
1788205426957 	 21 	 200 	 190 	 0
1788205426986 	 13 	 200 	 193 	 2
1788205426998 	 12 	 200 	 193 	 1
1788205426999 	 18 	 200 	 193 	 0
1788205427109 	 31 	 200 	 194 	 0
1788205428498 	 17 	 200 	 195 	 0
1788205429542 	 19 	 200 	 196 	 0
1788205430296 	 17 	 200 	 197 	 0
1788205430369 	 14 	 200 	 198 	 0
1788205430635 	 42 	 200 	 199 	 0
1788205430732 	 18 	 200 	 200 	 0
1788205430937 	 33 	 200 	 202 	 1
1788205430960 	 38 	 200 	 202 	 0
1788205431151 	 24 	 200 	 203 	 0
1788205432841 	 32 	 200 	 204 	 0
1788205432963 	 25 	 200 	 205 	 0
1788205433576 	 13 	 200 	 206 	 0
1788205433819 	 23 	 200 	 207 	 0
1788205434039 	 21 	 200 	 208 	 0
1788205435301 	 16 	 200 	 210 	 1
1788205435312 	 12 	 200 	 210 	 0
1788205435331 	 15 	 200 	 213 	 2
1788205435333 	 18 	 200 	 213 	 1
1788205435338 	 16 	 200 	 213 	 0
1788205435390 	 40 	 200 	 216 	 2
1788205435403 	 29 	 200 	 216 	 1
1788205435415 	 29 	 200 	 218 	 2
1788205435437 	 16 	 200 	 219 	 2
1788205435436 	 18 	 200 	 219 	 1
1788205435450 	 14 	 200 	 220 	 1
1788205435460 	 12 	 200 	 220 	 0
1788205435490 	 17 	 200 	 222 	 1
1788205435492 	 17 	 200 	 222 	 0
1788205435542 	 16 	 200 	 226 	 3
1788205435541 	 22 	 200 	 226 	 2
1788205435544 	 18 	 200 	 226 	 1
1788205435558 	 14 	 200 	 226 	 0
1788205435575 	 13 	 200 	 229 	 2
1788205435579 	 14 	 200 	 229 	 1
1788205435581 	 17 	 200 	 229 	 0
1788205435618 	 19 	 200 	 232 	 2
1788205435614 	 28 	 200 	 232 	 1
1788205435632 	 14 	 200 	 233 	 1
1788205435646 	 12 	 200 	 234 	 1
1788205435654 	 15 	 200 	 235 	 1
1788205435668 	 20 	 200 	 236 	 1
1788205435679 	 16 	 200 	 236 	 0
1788205435720 	 14 	 200 	 238 	 1
1788205435723 	 16 	 200 	 238 	 0
1788205435742 	 14 	 200 	 241 	 2
1788205435746 	 12 	 200 	 241 	 1
1788205435754 	 17 	 200 	 242 	 1
1788205435770 	 15 	 200 	 244 	 2
1788205435776 	 15 	 200 	 244 	 1
1788205435781 	 13 	 200 	 244 	 0
1788205435802 	 12 	 200 	 247 	 2
1788205435803 	 16 	 200 	 247 	 1
1788205435813 	 27 	 200 	 247 	 0
1788205435911 	 37 	 200 	 248 	 0
1788205435996 	 26 	 200 	 252 	 3
1788205435994 	 28 	 200 	 252 	 2
1788205435998 	 31 	 200 	 252 	 1
1788205436002 	 29 	 200 	 252 	 0
1788205436043 	 13 	 200 	 253 	 0
1788205436076 	 29 	 200 	 254 	 0
1788205436107 	 23 	 200 	 257 	 2
1788205436113 	 18 	 200 	 257 	 1
1788205436116 	 17 	 200 	 257 	 0
1788205436143 	 17 	 200 	 259 	 1
1788205436162 	 17 	 200 	 260 	 1
1788205436176 	 19 	 200 	 260 	 0
1788205436242 	 21 	 200 	 263 	 2
1788205436258 	 14 	 200 	 263 	 1
1788205436257 	 16 	 200 	 263 	 0
1788205436288 	 14 	 200 	 265 	 1
1788205436282 	 25 	 200 	 266 	 1
1788205436304 	 13 	 200 	 266 	 0
1788205436347 	 32 	 200 	 272 	 5
1788205436368 	 18 	 200 	 273 	 5
1788205436353 	 33 	 200 	 273 	 4
1788205436348 	 51 	 200 	 273 	 3
1788205436365 	 78 	 200 	 278 	 7
1788205436350 	 93 	 200 	 278 	 6
1788205436382 	 75 	 200 	 278 	 5
1788205436420 	 40 	 200 	 278 	 4
1788205436401 	 61 	 200 	 278 	 3
1788205436425 	 38 	 200 	 278 	 2
1788205436405 	 129 	 200 	 284 	 7
1788205436435 	 103 	 200 	 285 	 6
1788205436499 	 136 	 200 	 293 	 14
1788205436470 	 164 	 200 	 293 	 13
1788205436508 	 133 	 200 	 293 	 12
1788205436500 	 240 	 200 	 297 	 18
1788205436588 	 248 	 200 	 298 	 20
1788205436598 	 237 	 200 	 299 	 19
1788205436630 	 219 	 200 	 300 	 18
1788205436576 	 270 	 200 	 301 	 19
1788205436665 	 188 	 200 	 302 	 18
1788205436536 	 310 	 200 	 303 	 17
1788205436596 	 259 	 200 	 304 	 18
1788205436512 	 354 	 200 	 305 	 17
1788205436702 	 198 	 200 	 306 	 17
1788205436717 	 224 	 200 	 307 	 20
1788205436555 	 389 	 200 	 308 	 19
1788205436551 	 398 	 200 	 309 	 18
1788205436513 	 530 	 200 	 310 	 19
1788205436844 	 204 	 200 	 311 	 18
1788205436857 	 193 	 200 	 312 	 17
1788205436596 	 458 	 200 	 313 	 16
1788205436742 	 388 	 200 	 314 	 19
1788205436864 	 272 	 200 	 315 	 18
1788205436867 	 270 	 200 	 316 	 17
1788205436677 	 463 	 200 	 317 	 17
1788205436854 	 273 	 200 	 318 	 16
1788205436838 	 305 	 200 	 319 	 15
1788205436860 	 284 	 200 	 319 	 15
1788205436851 	 383 	 200 	 321 	 16
1788205437052 	 190 	 200 	 322 	 16
1788205437060 	 184 	 200 	 323 	 15
1788205436946 	 303 	 200 	 323 	 14
1788205436942 	 390 	 200 	 325 	 18
1788205437139 	 194 	 200 	 326 	 17
1788205437044 	 290 	 200 	 327 	 16
1788205437057 	 280 	 200 	 328 	 15
1788205436902 	 436 	 200 	 328 	 14
1788205437137 	 201 	 200 	 328 	 13
1788205437136 	 208 	 200 	 328 	 12
1788205436951 	 481 	 200 	 332 	 20
1788205437147 	 306 	 200 	 333 	 20
1788205437271 	 268 	 200 	 334 	 23
1788205437144 	 396 	 200 	 335 	 22
1788205437188 	 356 	 200 	 336 	 21
1788205437237 	 312 	 200 	 337 	 21
1788205437246 	 303 	 200 	 338 	 20
1788205437335 	 217 	 200 	 339 	 19
1788205437142 	 491 	 200 	 340 	 20
1788205437435 	 199 	 200 	 341 	 19
1788205437267 	 370 	 200 	 342 	 18
1788205437357 	 279 	 200 	 343 	 17
1788205437337 	 297 	 200 	 344 	 16
1788205437386 	 355 	 200 	 345 	 19
1788205437395 	 351 	 200 	 346 	 18
1788205437546 	 288 	 200 	 347 	 25
1788205437335 	 504 	 200 	 348 	 24
1788205437554 	 285 	 200 	 349 	 23
1788205437641 	 203 	 200 	 350 	 22
1788205437457 	 387 	 200 	 351 	 21
1788205437360 	 492 	 200 	 352 	 22
1788205437542 	 390 	 200 	 353 	 26
1788205437634 	 303 	 200 	 354 	 25
1788205437748 	 190 	 200 	 355 	 24
1788205437640 	 296 	 200 	 356 	 24
1788205437636 	 400 	 200 	 357 	 30
1788205437549 	 486 	 200 	 358 	 29
1788205437558 	 480 	 200 	 359 	 28
1788205437638 	 403 	 200 	 360 	 28
1788205437743 	 306 	 200 	 361 	 27
1788205437556 	 586 	 200 	 362 	 34
1788205437849 	 296 	 200 	 363 	 33
1788205437940 	 315 	 200 	 364 	 41
1788205437947 	 312 	 200 	 365 	 41
1788205438047 	 227 	 200 	 366 	 41
1788205437847 	 427 	 200 	 367 	 40
1788205437944 	 330 	 200 	 368 	 39
1788205438052 	 307 	 200 	 369 	 43
1788205437851 	 522 	 200 	 370 	 45
1788205437837 	 539 	 200 	 371 	 44
1788205438147 	 397 	 200 	 372 	 59
1788205438375 	 179 	 200 	 373 	 58
1788205437842 	 716 	 200 	 374 	 57
1788205438043 	 519 	 200 	 375 	 57
1788205438037 	 603 	 200 	 376 	 63
1788205438277 	 364 	 200 	 377 	 64
1788205438279 	 363 	 200 	 378 	 63
1788205438361 	 284 	 200 	 379 	 62
1788205438145 	 503 	 200 	 380 	 61
1788205438262 	 388 	 200 	 381 	 60
1788205438258 	 399 	 200 	 382 	 59
1788205438379 	 284 	 200 	 383 	 58
1788205438565 	 100 	 200 	 384 	 57
1788205438281 	 459 	 200 	 385 	 61
1788205438556 	 193 	 200 	 386 	 61
1788205438055 	 778 	 200 	 387 	 62
1788205437854 	 979 	 200 	 388 	 61
1788205438561 	 281 	 200 	 389 	 60
1788205438547 	 318 	 200 	 390 	 61
1788205438645 	 306 	 200 	 391 	 62
1788205438643 	 314 	 200 	 392 	 61
1788205438645 	 312 	 200 	 393 	 60
1788205438667 	 296 	 200 	 394 	 59
1788205438664 	 378 	 200 	 395 	 63
1788205438868 	 177 	 200 	 396 	 62
1788205438959 	 94 	 200 	 397 	 61
1788205438650 	 409 	 200 	 398 	 60
1788205438835 	 227 	 200 	 399 	 60
1788205438744 	 398 	 200 	 400 	 65
1788205438652 	 498 	 200 	 401 	 64
1788205438753 	 402 	 200 	 402 	 64
1788205438661 	 498 	 200 	 403 	 63
1788205438845 	 316 	 200 	 404 	 62
1788205438836 	 331 	 200 	 405 	 64
1788205438648 	 523 	 200 	 406 	 63
1788205437935 	 1307 	 200 	 407 	 71
1788205439063 	 285 	 200 	 408 	 78
1788205438961 	 393 	 200 	 409 	 77
1788205438953 	 408 	 200 	 410 	 76
1788205439060 	 297 	 200 	 411 	 75
1788205439244 	 123 	 200 	 412 	 74
1788205439146 	 214 	 200 	 413 	 73
1788205439044 	 401 	 200 	 414 	 78
1788205439165 	 285 	 200 	 415 	 77
1788205439047 	 427 	 200 	 416 	 77
1788205439364 	 182 	 200 	 417 	 80
1788205439157 	 396 	 200 	 418 	 79
1788205439367 	 196 	 200 	 419 	 80
1788205438965 	 603 	 200 	 420 	 80
1788205439352 	 216 	 200 	 421 	 79
1788205439056 	 511 	 200 	 422 	 78
1788205439169 	 487 	 200 	 423 	 90
1788205439557 	 178 	 200 	 424 	 98
1788205439370 	 366 	 200 	 425 	 97
1788205439453 	 292 	 200 	 426 	 96
1788205439162 	 676 	 200 	 427 	 101
1788205439152 	 697 	 200 	 428 	 100
1788205439565 	 288 	 200 	 429 	 99
1788205439359 	 497 	 200 	 430 	 98
1788205439571 	 287 	 200 	 431 	 97
1788205439447 	 416 	 200 	 432 	 96
1788205439372 	 490 	 200 	 433 	 95
1788205439549 	 322 	 200 	 434 	 94
1788205439476 	 392 	 200 	 435 	 93
1788205439659 	 212 	 200 	 436 	 92
1788205439748 	 199 	 200 	 437 	 93
1788205439841 	 193 	 200 	 438 	 96
1788205439576 	 457 	 200 	 439 	 95
1788205439173 	 861 	 200 	 440 	 94
1788205439739 	 297 	 200 	 441 	 93
1788205439738 	 300 	 200 	 442 	 92
1788205439861 	 180 	 200 	 443 	 91
1788205439574 	 470 	 200 	 444 	 90
1788205439866 	 184 	 200 	 445 	 89
1788205439859 	 263 	 200 	 446 	 97
1788205439875 	 263 	 200 	 447 	 96
1788205439881 	 259 	 200 	 448 	 97
1788205439950 	 283 	 200 	 449 	 100
1788205440038 	 196 	 200 	 450 	 99
1788205440036 	 202 	 200 	 451 	 98
1788205439856 	 378 	 200 	 452 	 97
1788205439852 	 391 	 200 	 453 	 96
1788205440053 	 282 	 200 	 454 	 101
1788205440035 	 300 	 200 	 455 	 101
1788205440036 	 311 	 200 	 456 	 100
1788205439878 	 473 	 200 	 457 	 99
1788205439870 	 477 	 200 	 458 	 99
1788205440136 	 297 	 200 	 459 	 103
1788205440044 	 392 	 200 	 460 	 102
1788205440046 	 391 	 200 	 461 	 101
1788205440237 	 205 	 200 	 462 	 101
1788205440143 	 310 	 200 	 463 	 100
1788205440240 	 295 	 200 	 464 	 102
1788205440045 	 487 	 200 	 465 	 101
1788205440147 	 396 	 200 	 466 	 101
1788205440343 	 212 	 200 	 467 	 102
1788205440236 	 398 	 200 	 468 	 105
1788205440246 	 389 	 200 	 469 	 106
1788205440339 	 306 	 200 	 470 	 105
1788205440440 	 211 	 200 	 471 	 104
1788205440456 	 285 	 200 	 472 	 106
1788205440355 	 388 	 200 	 473 	 105
1788205440358 	 397 	 200 	 474 	 106
1788205440239 	 521 	 200 	 475 	 105
1788205440541 	 226 	 200 	 476 	 104
1788205440636 	 204 	 200 	 477 	 106
1788205440348 	 493 	 200 	 478 	 105
1788205440437 	 410 	 200 	 479 	 104
1788205440558 	 293 	 200 	 480 	 103
1788205440444 	 416 	 200 	 481 	 103
1788205440654 	 210 	 200 	 482 	 102
1788205440547 	 317 	 200 	 483 	 101
1788205440538 	 395 	 200 	 484 	 105
1788205440743 	 293 	 200 	 485 	 113
1788205440841 	 199 	 200 	 486 	 112
1788205440744 	 301 	 200 	 487 	 111
1788205440638 	 413 	 200 	 488 	 110
1788205440762 	 287 	 200 	 489 	 109
1788205440844 	 213 	 200 	 490 	 109
1788205440648 	 407 	 200 	 491 	 108
1788205440435 	 625 	 200 	 492 	 107
1788205440770 	 287 	 200 	 493 	 106
1788205440758 	 378 	 200 	 494 	 110
1788205440866 	 272 	 200 	 495 	 109
1788205440861 	 279 	 200 	 496 	 108
1788205440854 	 383 	 200 	 497 	 114
1788205440849 	 385 	 200 	 498 	 113
1788205440869 	 367 	 200 	 499 	 112
1788205440935 	 313 	 200 	 500 	 111
1788205441065 	 187 	 200 	 501 	 111
1788205441063 	 193 	 200 	 502 	 110
1788205441057 	 273 	 200 	 503 	 115
1788205441038 	 297 	 200 	 504 	 114
1788205441070 	 267 	 200 	 505 	 113
1788205441042 	 294 	 200 	 506 	 112
1788205441143 	 196 	 200 	 507 	 112
1788205441054 	 283 	 200 	 508 	 112
1788205441068 	 275 	 200 	 509 	 111
1788205441337 	 98 	 200 	 510 	 118
1788205441247 	 188 	 200 	 511 	 117
1788205441250 	 183 	 200 	 512 	 116
1788205441141 	 297 	 200 	 513 	 115
1788205441047 	 392 	 200 	 514 	 114
1788205441244 	 199 	 200 	 515 	 116
1788205441138 	 313 	 200 	 516 	 116
1788205441256 	 280 	 200 	 517 	 121
1788205441239 	 305 	 200 	 518 	 120
1788205441340 	 213 	 200 	 519 	 119
1788205441258 	 376 	 200 	 520 	 128
1788205441439 	 200 	 200 	 521 	 127
1788205441341 	 302 	 200 	 522 	 126
1788205441339 	 295 	 200 	 523 	 125
1788205441351 	 382 	 200 	 524 	 129
1788205441547 	 187 	 200 	 525 	 128
1788205441345 	 391 	 200 	 526 	 127
1788205441335 	 405 	 200 	 527 	 127
1788205441437 	 310 	 200 	 528 	 126
1788205441641 	 192 	 200 	 529 	 131
1788205441646 	 189 	 200 	 530 	 130
1788205441442 	 393 	 200 	 531 	 129
1788205441554 	 288 	 200 	 532 	 128
1788205441542 	 293 	 200 	 533 	 127
1788205441440 	 412 	 200 	 534 	 127
1788205441449 	 401 	 200 	 535 	 126
1788205441437 	 410 	 200 	 536 	 125
1788205441649 	 284 	 200 	 537 	 133
1788205441637 	 298 	 200 	 538 	 132
1788205441453 	 484 	 200 	 539 	 131
1788205441736 	 213 	 200 	 540 	 130
1788205441749 	 251 	 200 	 541 	 129
1788205441738 	 295 	 200 	 542 	 131
1788205441837 	 198 	 200 	 543 	 130
1788205441835 	 207 	 200 	 544 	 129
1788205441844 	 192 	 200 	 545 	 128
1788205441849 	 197 	 200 	 546 	 128
1788205441742 	 390 	 200 	 547 	 133
1788205441937 	 197 	 200 	 548 	 132
1788205441855 	 282 	 200 	 549 	 131
1788205441940 	 195 	 200 	 550 	 130
1788205441859 	 280 	 200 	 551 	 129
1788205441745 	 487 	 200 	 552 	 131
1788205441935 	 298 	 200 	 553 	 130
1788205441839 	 397 	 200 	 554 	 130
1788205441951 	 285 	 200 	 555 	 129
1788205441854 	 381 	 200 	 556 	 128
1788205442003 	 238 	 200 	 557 	 127
1788205442136 	 198 	 200 	 558 	 135
1788205442139 	 198 	 200 	 559 	 134
1788205442053 	 285 	 200 	 560 	 133
1788205442036 	 304 	 200 	 561 	 133
1788205442137 	 206 	 200 	 562 	 132
1788205442246 	 187 	 200 	 563 	 138
1788205442041 	 392 	 200 	 564 	 137
1788205442144 	 302 	 200 	 565 	 136
1788205442043 	 490 	 200 	 566 	 139
1788205442239 	 302 	 200 	 567 	 138
1788205442139 	 393 	 200 	 568 	 137
1788205442235 	 312 	 200 	 569 	 136
1788205442240 	 299 	 200 	 570 	 135
1788205442050 	 495 	 200 	 571 	 134
1788205442339 	 218 	 200 	 572 	 133
1788205442243 	 313 	 200 	 573 	 133
1788205442336 	 225 	 200 	 574 	 132
1788205442441 	 160 	 200 	 575 	 134
1788205442236 	 402 	 200 	 576 	 134
1788205442345 	 297 	 200 	 577 	 133
1788205442343 	 301 	 200 	 578 	 132
1788205442340 	 307 	 200 	 579 	 131
1788205442563 	 178 	 200 	 580 	 139
1788205442436 	 308 	 200 	 581 	 139
1788205442641 	 193 	 200 	 582 	 147
1788205442451 	 386 	 200 	 583 	 146
1788205442603 	 242 	 200 	 584 	 145
1788205442542 	 306 	 200 	 585 	 144
1788205442650 	 285 	 200 	 586 	 146
1788205442559 	 382 	 200 	 587 	 145
1788205442646 	 299 	 200 	 588 	 144
1788205442743 	 297 	 200 	 589 	 144
1788205442836 	 209 	 200 	 590 	 143
1788205442747 	 388 	 200 	 591 	 148
1788205442839 	 299 	 200 	 592 	 147
1788205442847 	 292 	 200 	 593 	 146
1788205442938 	 201 	 200 	 594 	 145
1788205442549 	 684 	 200 	 595 	 152
1788205443047 	 192 	 200 	 596 	 152
1788205442943 	 297 	 200 	 597 	 151
1788205442947 	 298 	 200 	 598 	 150
1788205442537 	 712 	 200 	 599 	 149
1788205442547 	 771 	 200 	 600 	 153
1788205442644 	 692 	 200 	 601 	 152
1788205442568 	 777 	 200 	 602 	 151
1788205443042 	 307 	 200 	 603 	 150
1788205443137 	 212 	 200 	 604 	 149
1788205442554 	 879 	 200 	 605 	 154
1788205442851 	 587 	 200 	 606 	 153
1788205443145 	 390 	 200 	 607 	 155
1788205443254 	 283 	 200 	 608 	 154
1788205442552 	 989 	 200 	 609 	 153
1788205443251 	 291 	 200 	 610 	 152
1788205443148 	 398 	 200 	 611 	 151
1788205443142 	 398 	 200 	 612 	 150
1788205443236 	 397 	 200 	 613 	 157
1788205443248 	 386 	 200 	 614 	 156
1788205443343 	 298 	 200 	 615 	 155
1788205443243 	 491 	 200 	 616 	 159
1788205443441 	 299 	 200 	 617 	 160
1788205443353 	 388 	 200 	 618 	 159
1788205443339 	 497 	 200 	 619 	 163
1788205443553 	 283 	 200 	 620 	 162
1788205443347 	 495 	 200 	 621 	 162
1788205443356 	 488 	 200 	 622 	 162
1788205443555 	 288 	 200 	 623 	 161
1788205443539 	 314 	 200 	 624 	 160
1788205443644 	 239 	 200 	 625 	 159
1788205443548 	 393 	 200 	 626 	 159
1788205443550 	 483 	 200 	 627 	 166
1788205443436 	 597 	 200 	 628 	 165
1788205443743 	 290 	 200 	 629 	 164
1788205443737 	 300 	 200 	 630 	 163
1788205443637 	 403 	 200 	 631 	 162
1788205443746 	 295 	 200 	 632 	 161
1788205443640 	 402 	 200 	 633 	 160
1788205443838 	 203 	 200 	 634 	 159
1788205443943 	 200 	 200 	 635 	 163
1788205443856 	 291 	 200 	 636 	 162
1788205444042 	 192 	 200 	 637 	 164
1788205443850 	 385 	 200 	 638 	 163
1788205443545 	 696 	 200 	 639 	 162
1788205443886 	 367 	 200 	 640 	 162
1788205444040 	 262 	 200 	 641 	 164
1788205443847 	 486 	 200 	 642 	 164
1788205443853 	 482 	 200 	 643 	 163
1788205444045 	 291 	 200 	 644 	 162
1788205444043 	 301 	 200 	 645 	 162
1788205443841 	 511 	 200 	 646 	 161
1788205444035 	 321 	 200 	 647 	 160
1788205444036 	 326 	 200 	 648 	 159
1788205444335 	 107 	 200 	 649 	 162
1788205444337 	 211 	 200 	 650 	 168
1788205444359 	 287 	 200 	 651 	 176
1788205444146 	 514 	 200 	 652 	 176
1788205444255 	 404 	 200 	 653 	 175
1788205444151 	 513 	 200 	 654 	 174
1788205444037 	 630 	 200 	 655 	 173
1788205444237 	 517 	 200 	 656 	 176
1788205444366 	 392 	 200 	 657 	 175
1788205444243 	 515 	 200 	 658 	 174
1788205444355 	 485 	 200 	 659 	 178
1788205444236 	 625 	 200 	 660 	 178
1788205444338 	 604 	 200 	 661 	 182
1788205444303 	 653 	 200 	 662 	 182
1788205444663 	 297 	 200 	 663 	 181
1788205444550 	 410 	 200 	 664 	 180
1788205444671 	 378 	 200 	 665 	 185
1788205444351 	 703 	 200 	 666 	 184
1788205444650 	 405 	 200 	 667 	 183
1788205444669 	 392 	 200 	 668 	 182
1788205444443 	 697 	 200 	 669 	 184
1788205444944 	 294 	 200 	 670 	 191
1788205445060 	 190 	 200 	 671 	 190
1788205445057 	 205 	 200 	 672 	 190
1788205444763 	 502 	 200 	 673 	 189
1788205444964 	 379 	 200 	 674 	 189
1788205444862 	 482 	 200 	 675 	 188
1788205444756 	 590 	 200 	 676 	 187
1788205444844 	 506 	 200 	 677 	 186
1788205444050 	 1296 	 200 	 678 	 185
1788205445063 	 284 	 200 	 679 	 184
1788205445052 	 306 	 200 	 680 	 183
1788205445240 	 126 	 200 	 681 	 182
1788205445253 	 109 	 200 	 682 	 181
1788205444663 	 697 	 200 	 683 	 180
1788205445268 	 106 	 200 	 684 	 179
1788205444761 	 672 	 200 	 685 	 183
1788205445265 	 210 	 200 	 686 	 184
1788205445143 	 401 	 200 	 687 	 187
1788205445345 	 208 	 200 	 688 	 187
1788205445353 	 285 	 200 	 689 	 193
1788205445435 	 212 	 200 	 690 	 193
1788205445362 	 492 	 200 	 691 	 210
1788205444963 	 890 	 200 	 692 	 209
1788205445359 	 481 	 200 	 693 	 208
1788205445347 	 692 	 200 	 694 	 216
1788205445641 	 398 	 200 	 695 	 215
1788205445368 	 676 	 200 	 696 	 214
1788205445556 	 501 	 200 	 697 	 213
1788205445548 	 511 	 200 	 698 	 212
1788205445476 	 591 	 200 	 699 	 212
1788205445372 	 784 	 200 	 700 	 212
1788205445858 	 303 	 200 	 701 	 211
1788205445648 	 596 	 200 	 702 	 210
1788205446065 	 185 	 200 	 703 	 209
1788205444959 	 1295 	 200 	 704 	 208
1788205446060 	 199 	 200 	 705 	 207
1788205446040 	 222 	 200 	 706 	 206
1788205446163 	 100 	 200 	 707 	 205
1788205445378 	 966 	 200 	 708 	 204
1788205445860 	 592 	 200 	 709 	 204
1788205445860 	 595 	 200 	 710 	 203
1788205446042 	 502 	 200 	 711 	 202
1788205446046 	 496 	 200 	 712 	 201
1788205446069 	 483 	 200 	 713 	 200
1788205445370 	 1184 	 200 	 714 	 199
1788205446247 	 319 	 200 	 715 	 198
1788205446158 	 492 	 200 	 716 	 197
1788205446458 	 200 	 200 	 717 	 196
1788205446265 	 395 	 200 	 718 	 195
1788205446261 	 405 	 200 	 719 	 194
1788205446346 	 395 	 200 	 720 	 193
1788205446252 	 507 	 200 	 721 	 192
1788205446256 	 507 	 200 	 722 	 191
1788205446549 	 214 	 200 	 723 	 190
1788205446546 	 311 	 200 	 724 	 189
1788205446556 	 303 	 200 	 725 	 188
1788205445356 	 1504 	 200 	 726 	 187
1788205445350 	 1511 	 200 	 727 	 186
1788205446662 	 314 	 200 	 728 	 186
1788205446559 	 416 	 200 	 729 	 185
1788205446568 	 431 	 200 	 730 	 184
1788205446653 	 345 	 200 	 731 	 183
1788205446744 	 289 	 200 	 732 	 182
1788205446978 	 58 	 500 	 733 	 181
1788205446267 	 778 	 200 	 734 	 180
1788205446761 	 292 	 200 	 735 	 179
1788205446765 	 293 	 200 	 736 	 178
1788205446766 	 369 	 200 	 737 	 177
1788205446863 	 272 	 200 	 738 	 176
1788205446669 	 471 	 200 	 739 	 175
1788205446458 	 694 	 200 	 740 	 174
1788205447001 	 200 	 200 	 741 	 173
1788205446865 	 367 	 200 	 742 	 172
1788205446867 	 368 	 200 	 743 	 171
1788205446664 	 583 	 200 	 744 	 170
1788205446869 	 397 	 200 	 745 	 169
1788205447137 	 210 	 200 	 746 	 168
1788205447063 	 292 	 200 	 747 	 167
1788205447001 	 447 	 200 	 748 	 168
1788205447041 	 412 	 200 	 749 	 168
1788205447056 	 399 	 200 	 750 	 167
1788205447234 	 230 	 200 	 751 	 166
1788205446979 	 490 	 200 	 752 	 165
1788205447156 	 314 	 200 	 753 	 164
1788205447036 	 435 	 200 	 754 	 163
1788205447137 	 406 	 200 	 755 	 166
1788205447268 	 368 	 200 	 756 	 165
1788205447047 	 588 	 200 	 757 	 164
1788205447143 	 491 	 200 	 758 	 163
1788205447236 	 411 	 200 	 759 	 162
1788205447357 	 295 	 200 	 760 	 161
1788205447462 	 197 	 200 	 761 	 160
1788205447350 	 384 	 200 	 762 	 159
1788205447474 	 266 	 200 	 763 	 158
1788205447457 	 287 	 200 	 764 	 157
1788205447478 	 266 	 200 	 765 	 156
1788205447250 	 503 	 200 	 766 	 155
1788205447202 	 555 	 200 	 767 	 154
1788205447662 	 175 	 200 	 768 	 153
1788205447472 	 364 	 200 	 769 	 152
1788205447547 	 293 	 200 	 770 	 151
1788205447450 	 395 	 200 	 771 	 150
1788205447643 	 195 	 200 	 772 	 149
1788205447639 	 213 	 200 	 773 	 148
1788205447466 	 385 	 200 	 774 	 147
1788205447652 	 193 	 200 	 775 	 146
1788205447752 	 229 	 200 	 776 	 146
1788205447737 	 294 	 200 	 777 	 145
1788205447649 	 386 	 200 	 778 	 144
1788205447657 	 381 	 200 	 779 	 143
1788205447760 	 286 	 200 	 780 	 142
1788205447843 	 291 	 200 	 781 	 141
1788205447743 	 393 	 200 	 782 	 140
1788205447749 	 394 	 200 	 783 	 139
1788205447758 	 388 	 200 	 784 	 138
1788205447852 	 297 	 200 	 785 	 137
1788205447855 	 345 	 200 	 786 	 136
1788205448035 	 198 	 200 	 787 	 135
1788205447847 	 388 	 200 	 788 	 134
1788205447984 	 252 	 200 	 789 	 133
1788205447861 	 393 	 200 	 790 	 132
1788205448138 	 124 	 200 	 791 	 131
1788205448137 	 197 	 200 	 792 	 131
1788205447859 	 486 	 200 	 793 	 130
1788205448150 	 199 	 200 	 794 	 129
1788205448146 	 217 	 200 	 795 	 128
1788205447857 	 509 	 200 	 796 	 127
1788205447850 	 520 	 200 	 797 	 126
1788205448037 	 407 	 200 	 798 	 125
1788205448041 	 411 	 200 	 799 	 124
1788205448049 	 415 	 200 	 800 	 123
1788205448235 	 298 	 200 	 801 	 122
1788205448148 	 387 	 200 	 802 	 121
1788205448238 	 307 	 200 	 803 	 120
1788205448264 	 286 	 200 	 804 	 119
1788205448256 	 308 	 200 	 805 	 118
1788205448367 	 200 	 200 	 806 	 117
1788205448351 	 291 	 200 	 807 	 116
1788205448466 	 181 	 200 	 808 	 115
1788205448335 	 319 	 200 	 809 	 114
1788205448364 	 294 	 200 	 810 	 113
1788205448237 	 498 	 200 	 811 	 112
1788205448372 	 363 	 200 	 812 	 111
1788205448347 	 388 	 200 	 813 	 110
1788205448454 	 286 	 200 	 814 	 109
1788205448536 	 217 	 200 	 815 	 108
1788205448202 	 559 	 200 	 816 	 107
1788205448445 	 318 	 200 	 817 	 106
1788205448660 	 175 	 200 	 818 	 106
1788205448568 	 267 	 200 	 819 	 105
1788205448535 	 309 	 200 	 820 	 104
1788205448655 	 208 	 200 	 821 	 103
1788205448646 	 294 	 200 	 822 	 102
1788205448739 	 205 	 200 	 823 	 101
1788205448651 	 293 	 200 	 824 	 100
1788205448571 	 378 	 200 	 825 	 99
1788205448736 	 215 	 200 	 826 	 98
1788205448762 	 207 	 200 	 827 	 97
1788205448547 	 486 	 200 	 828 	 96
1788205448766 	 267 	 200 	 829 	 95
1788205448866 	 169 	 200 	 830 	 94
1788205448839 	 199 	 200 	 831 	 93
1788205448754 	 377 	 200 	 832 	 92
1788205448952 	 181 	 200 	 833 	 91
1788205448737 	 399 	 200 	 834 	 90
1788205448942 	 196 	 200 	 835 	 89
1788205448838 	 300 	 200 	 836 	 88
1788205448955 	 184 	 200 	 837 	 87
1788205448552 	 585 	 200 	 838 	 86
1788205448846 	 302 	 200 	 839 	 85
1788205448742 	 428 	 200 	 840 	 84
1788205449036 	 197 	 200 	 841 	 83
1788205448972 	 262 	 200 	 842 	 82
1788205448959 	 280 	 200 	 843 	 81
1788205449038 	 206 	 200 	 844 	 80
1788205448946 	 295 	 200 	 845 	 79
1788205449036 	 218 	 200 	 846 	 78
1788205449136 	 123 	 200 	 847 	 77
1788205449145 	 195 	 200 	 848 	 79
1788205449142 	 198 	 200 	 849 	 78
1788205449141 	 204 	 200 	 850 	 77
1788205449134 	 217 	 200 	 851 	 76
1788205449039 	 314 	 200 	 852 	 75
1788205449138 	 213 	 200 	 853 	 74
1788205449143 	 256 	 200 	 854 	 77
1788205449237 	 200 	 200 	 855 	 80
1788205449150 	 285 	 200 	 856 	 79
1788205449235 	 299 	 200 	 857 	 84
1788205449255 	 278 	 200 	 858 	 83
1788205449172 	 370 	 200 	 859 	 82
1788205449261 	 285 	 200 	 860 	 81
1788205449346 	 287 	 200 	 861 	 84
1788205449439 	 194 	 200 	 862 	 83
1788205449342 	 295 	 200 	 863 	 83
1788205449248 	 388 	 200 	 864 	 82
1788205449355 	 282 	 200 	 865 	 81
1788205449245 	 389 	 200 	 866 	 80
1788205449242 	 483 	 200 	 867 	 83
1788205449357 	 384 	 200 	 868 	 83
1788205449358 	 483 	 200 	 869 	 85
1788205449636 	 210 	 200 	 870 	 84
1788205449349 	 490 	 200 	 871 	 84
1788205449535 	 312 	 200 	 872 	 83
1788205449443 	 407 	 200 	 873 	 82
1788205449544 	 306 	 200 	 874 	 81
1788205449548 	 309 	 200 	 875 	 80
1788205449539 	 311 	 200 	 876 	 79
1788205449641 	 293 	 200 	 877 	 79
1788205449644 	 291 	 200 	 878 	 78
1788205449639 	 304 	 200 	 879 	 77
1788205449647 	 385 	 200 	 880 	 83
1788205449737 	 297 	 200 	 881 	 82
1788205449742 	 295 	 200 	 882 	 81
1788205449401 	 641 	 200 	 883 	 80
1788205449843 	 196 	 200 	 884 	 79
1788205449636 	 496 	 200 	 885 	 82
1788205449941 	 200 	 200 	 886 	 81
1788205449857 	 288 	 200 	 887 	 80
1788205450035 	 167 	 200 	 888 	 85
1788205450036 	 187 	 200 	 889 	 84
1788205449864 	 358 	 200 	 890 	 83
1788205449938 	 297 	 200 	 891 	 85
1788205449945 	 288 	 200 	 892 	 84
1788205449854 	 381 	 200 	 893 	 83
1788205449862 	 376 	 200 	 894 	 82
1788205450040 	 200 	 200 	 895 	 81
1788205449855 	 388 	 200 	 896 	 80
1788205450203 	 129 	 200 	 897 	 84
1788205450043 	 293 	 200 	 898 	 83
1788205449860 	 480 	 200 	 899 	 82
1788205450138 	 205 	 200 	 900 	 81
1788205450046 	 302 	 200 	 901 	 80
1788205450143 	 207 	 200 	 902 	 79
1788205449848 	 499 	 200 	 903 	 78
1788205450224 	 122 	 200 	 904 	 77
1788205450147 	 211 	 200 	 905 	 76
1788205450225 	 209 	 200 	 906 	 83
1788205450239 	 196 	 200 	 907 	 82
1788205450242 	 195 	 200 	 908 	 81
1788205450238 	 201 	 200 	 909 	 80
1788205450240 	 200 	 200 	 910 	 79
1788205450237 	 207 	 200 	 911 	 78
1788205450245 	 195 	 200 	 912 	 77
1788205450338 	 203 	 200 	 913 	 83
1788205450358 	 184 	 200 	 914 	 82
1788205450437 	 103 	 200 	 915 	 81
1788205450335 	 209 	 200 	 916 	 80
1788205450345 	 287 	 200 	 917 	 85
1788205450449 	 185 	 200 	 918 	 84
1788205450360 	 275 	 200 	 919 	 83
1788205450353 	 285 	 200 	 920 	 82
1788205450350 	 289 	 200 	 921 	 81
1788205450355 	 282 	 200 	 922 	 80
1788205450435 	 208 	 200 	 923 	 79
1788205450341 	 298 	 200 	 924 	 78
1788205450446 	 200 	 200 	 925 	 77
1788205450547 	 174 	 200 	 926 	 80
1788205450550 	 183 	 200 	 927 	 80
1788205450440 	 294 	 200 	 928 	 79
1788205450438 	 299 	 200 	 929 	 78
1788205450442 	 297 	 200 	 930 	 77
1788205450553 	 279 	 200 	 931 	 82
1788205450640 	 194 	 200 	 932 	 81
1788205450545 	 289 	 200 	 933 	 80
1788205450634 	 201 	 200 	 934 	 80
1788205450724 	 115 	 200 	 935 	 79
1788205450739 	 155 	 200 	 936 	 82
1788205450737 	 185 	 200 	 937 	 84
1788205450736 	 199 	 200 	 938 	 85
1788205450642 	 296 	 200 	 939 	 84
1788205450636 	 308 	 200 	 940 	 83
1788205450642 	 303 	 200 	 941 	 83
1788205450834 	 202 	 200 	 942 	 89
1788205450836 	 200 	 200 	 943 	 88
1788205450648 	 396 	 200 	 944 	 87
1788205450644 	 499 	 200 	 945 	 100
1788205450638 	 522 	 200 	 946 	 100
1788205450649 	 511 	 200 	 947 	 99
1788205450742 	 421 	 200 	 948 	 98
1788205450838 	 395 	 200 	 949 	 103
1788205450938 	 302 	 200 	 950 	 102
1788205450923 	 320 	 200 	 951 	 101
1788205450837 	 408 	 200 	 952 	 100
1788205450840 	 407 	 200 	 953 	 99
1788205450896 	 359 	 200 	 954 	 98
1788205451043 	 214 	 200 	 955 	 97
1788205451162 	 105 	 200 	 956 	 96
1788205450952 	 382 	 200 	 957 	 99
1788205450941 	 408 	 200 	 958 	 100
1788205450946 	 488 	 200 	 959 	 104
1788205451244 	 191 	 200 	 960 	 103
1788205451242 	 192 	 200 	 961 	 102
1788205451048 	 392 	 200 	 962 	 101
1788205451249 	 211 	 200 	 963 	 101
1788205451145 	 389 	 200 	 964 	 102
1788205451256 	 278 	 200 	 965 	 101
1788205451235 	 307 	 200 	 966 	 100
1788205451165 	 393 	 200 	 967 	 99
1788205451352 	 268 	 200 	 968 	 98
1788205451039 	 594 	 200 	 969 	 97
1788205451161 	 473 	 200 	 970 	 96
1788205451270 	 374 	 200 	 971 	 95
1788205451260 	 382 	 200 	 972 	 94
1788205451246 	 490 	 200 	 973 	 93
1788205451437 	 309 	 200 	 974 	 92
1788205451336 	 426 	 200 	 975 	 91
1788205451537 	 231 	 200 	 976 	 90
1788205451560 	 207 	 200 	 977 	 89
1788205451463 	 304 	 200 	 978 	 88
1788205451443 	 397 	 200 	 979 	 87
1788205451439 	 407 	 200 	 980 	 86
1788205451646 	 204 	 200 	 981 	 85
1788205451771 	 78 	 200 	 982 	 84
1788205451738 	 185 	 200 	 983 	 85
1788205451771 	 162 	 200 	 984 	 84
1788205451544 	 390 	 200 	 985 	 83
1788205451653 	 281 	 200 	 986 	 82
1788205451438 	 498 	 200 	 987 	 81
1788205451623 	 315 	 200 	 988 	 80
1788205451764 	 175 	 200 	 989 	 79
1788205451539 	 406 	 200 	 990 	 78
1788205451848 	 157 	 200 	 991 	 77
1788205451637 	 396 	 200 	 992 	 76
1788205451842 	 206 	 200 	 993 	 76
1788205451775 	 283 	 200 	 994 	 75
1788205451939 	 194 	 200 	 995 	 74
1788205451748 	 386 	 200 	 996 	 73
1788205451637 	 496 	 200 	 997 	 72
1788205451857 	 281 	 200 	 998 	 71
1788205451924 	 218 	 200 	 999 	 70
1788205451854 	 287 	 200 	 1000 	 69
1788205451938 	 214 	 200 	 1001 	 68
1788205452034 	 188 	 200 	 1002 	 67
1788205451936 	 298 	 200 	 1003 	 66
1788205451949 	 285 	 200 	 1004 	 65
1788205452008 	 226 	 200 	 1005 	 64
1788205451936 	 297 	 200 	 1006 	 63
1788205451935 	 309 	 200 	 1007 	 62
1788205451942 	 392 	 200 	 1008 	 61
1788205452050 	 287 	 200 	 1009 	 60
1788205452135 	 213 	 200 	 1010 	 59
1788205452137 	 216 	 200 	 1011 	 58
1788205452153 	 200 	 200 	 1012 	 57
1788205452060 	 379 	 200 	 1013 	 57
1788205452238 	 209 	 200 	 1014 	 56
1788205452144 	 311 	 200 	 1015 	 55
1788205452140 	 394 	 200 	 1016 	 54
1788205452138 	 400 	 200 	 1017 	 53
1788205452236 	 305 	 200 	 1018 	 52
1788205452335 	 208 	 200 	 1019 	 51
1788205452148 	 486 	 200 	 1020 	 50
1788205452236 	 405 	 200 	 1021 	 49
1788205452339 	 309 	 200 	 1022 	 48
1788205452442 	 290 	 200 	 1023 	 47
1788205452536 	 199 	 200 	 1024 	 46
1788205452448 	 299 	 200 	 1025 	 45
1788205452224 	 529 	 200 	 1026 	 44
1788205452239 	 518 	 200 	 1027 	 43
1788205452245 	 516 	 200 	 1028 	 43
1788205452356 	 480 	 200 	 1029 	 42
1788205452458 	 389 	 200 	 1030 	 41
1788205452540 	 311 	 200 	 1031 	 40
1788205452356 	 570 	 200 	 1032 	 40
1788205452637 	 298 	 200 	 1033 	 39
1788205452643 	 293 	 200 	 1034 	 38
1788205452739 	 216 	 200 	 1035 	 37
1788205452349 	 683 	 200 	 1036 	 36
1788205452754 	 281 	 200 	 1037 	 35
1788205452750 	 294 	 200 	 1038 	 34
1788205452736 	 385 	 200 	 1039 	 33
1788205452759 	 383 	 200 	 1040 	 32
1788205452764 	 383 	 200 	 1041 	 31
1788205452549 	 607 	 200 	 1042 	 30
1788205452546 	 609 	 200 	 1043 	 29
1788205452849 	 314 	 200 	 1044 	 28
1788205452937 	 286 	 200 	 1045 	 27
1788205452929 	 321 	 200 	 1046 	 26
1788205453047 	 285 	 200 	 1047 	 25
1788205453035 	 298 	 200 	 1048 	 24
1788205453145 	 188 	 200 	 1049 	 23
1788205452650 	 685 	 200 	 1050 	 22
1788205452843 	 508 	 200 	 1051 	 21
1788205453124 	 236 	 200 	 1052 	 20
1788205453166 	 195 	 200 	 1053 	 19
1788205453336 	 118 	 200 	 1054 	 18
1788205453336 	 124 	 200 	 1055 	 17
1788205453335 	 209 	 200 	 1056 	 16
1788205452958 	 596 	 200 	 1057 	 15
1788205452939 	 617 	 200 	 1057 	 14
1788205453337 	 228 	 200 	 1057 	 13
1788205453038 	 527 	 200 	 1057 	 12
1788205453462 	 107 	 200 	 1057 	 11
1788205453455 	 187 	 200 	 1057 	 10
1788205453365 	 329 	 200 	 1057 	 9
1788205453149 	 595 	 200 	 1057 	 8
1788205453252 	 497 	 200 	 1057 	 7
1788205453163 	 596 	 200 	 1057 	 6
1788205453549 	 215 	 200 	 1057 	 5
1788205453362 	 403 	 200 	 1057 	 4
1788205453225 	 546 	 200 	 1057 	 3
1788205452854 	 920 	 200 	 1057 	 2
1788205453354 	 421 	 200 	 1057 	 1
1788205453159 	 694 	 200 	 1057 	 0
1788205455009 	 24 	 200 	 1058 	 0
1788205455309 	 30 	 200 	 1059 	 0
1788205455551 	 29 	 200 	 1060 	 0
1788205455923 	 32 	 200 	 1061 	 0
1788205455964 	 13 	 200 	 1062 	 0
1788205456449 	 39 	 200 	 1063 	 0
1788205457216 	 33 	 200 	 1064 	 0
1788205457636 	 33 	 200 	 1065 	 0
1788205458222 	 20 	 200 	 1066 	 0
1788205458733 	 28 	 200 	 1067 	 0
1788205458829 	 15 	 200 	 1068 	 0
1788205459070 	 26 	 200 	 1069 	 0
1788205459173 	 23 	 200 	 1070 	 0
1788205459339 	 21 	 200 	 1071 	 0
1788205459581 	 32 	 200 	 1072 	 0
1788205459796 	 52 	 200 	 1074 	 1
1788205459836 	 15 	 200 	 1074 	 0
1788205460058 	 28 	 200 	 1075 	 0
1788205460496 	 26 	 200 	 1076 	 0
1788205460683 	 16 	 200 	 1077 	 0
1788205460750 	 19 	 200 	 1078 	 0
1788205461776 	 20 	 200 	 1079 	 0
1788205461803 	 14 	 200 	 1082 	 2
1788205461802 	 16 	 200 	 1082 	 1
1788205461804 	 15 	 200 	 1082 	 0
1788205461824 	 12 	 200 	 1083 	 0
1788205461850 	 20 	 200 	 1085 	 1
1788205461862 	 12 	 200 	 1085 	 0
1788205461875 	 13 	 200 	 1087 	 1
1788205461888 	 14 	 200 	 1090 	 3
1788205461893 	 16 	 200 	 1090 	 2
1788205461895 	 17 	 200 	 1090 	 1
1788205461902 	 19 	 200 	 1091 	 1
1788205461918 	 14 	 200 	 1091 	 0
1788205462730 	 31 	 200 	 1092 	 0
1788205463240 	 14 	 200 	 1093 	 0
1788205464623 	 37 	 200 	 1094 	 0
1788205464989 	 43 	 200 	 1095 	 0
1788205465162 	 27 	 200 	 1096 	 0
1788205465507 	 57 	 200 	 1097 	 0
1788205465603 	 53 	 200 	 1098 	 0
1788205466030 	 32 	 200 	 1099 	 0
1788205466132 	 38 	 200 	 1100 	 0
1788205466178 	 15 	 200 	 1101 	 0
1788205466924 	 22 	 200 	 1102 	 0
1788205467108 	 28 	 200 	 1103 	 0
1788205467683 	 38 	 200 	 1105 	 1
1788205467708 	 15 	 200 	 1105 	 0
1788205467736 	 18 	 200 	 1106 	 0
1788205467791 	 34 	 200 	 1108 	 1
1788205467816 	 24 	 200 	 1109 	 1
1788205467830 	 14 	 200 	 1109 	 0
1788205467846 	 12 	 200 	 1111 	 1
1788205467846 	 16 	 200 	 1111 	 0
1788205467886 	 12 	 200 	 1112 	 0
1788205467913 	 18 	 200 	 1115 	 2
1788205467917 	 17 	 200 	 1115 	 1
1788205467920 	 15 	 200 	 1115 	 0
1788205467938 	 13 	 200 	 1119 	 3
1788205467944 	 15 	 200 	 1119 	 2
1788205467950 	 18 	 200 	 1119 	 1
1788205467950 	 20 	 200 	 1119 	 0
1788205467981 	 16 	 200 	 1121 	 1
1788205467993 	 16 	 200 	 1123 	 2
1788205468001 	 13 	 200 	 1123 	 1
1788205468018 	 13 	 200 	 1125 	 2
1788205468003 	 29 	 200 	 1125 	 1
1788205468019 	 21 	 200 	 1126 	 1
1788205468039 	 16 	 200 	 1128 	 2
1788205468043 	 18 	 200 	 1129 	 2
1788205468057 	 17 	 200 	 1130 	 2
1788205468051 	 24 	 200 	 1130 	 1
1788205468064 	 17 	 200 	 1130 	 0
1788205468084 	 13 	 200 	 1131 	 0
1788205468106 	 16 	 200 	 1135 	 3
1788205468120 	 15 	 200 	 1136 	 3
1788205468121 	 15 	 200 	 1136 	 2
1788205468119 	 20 	 200 	 1137 	 2
1788205468123 	 19 	 200 	 1137 	 1
1788205468138 	 14 	 200 	 1137 	 0
1788205468155 	 18 	 200 	 1139 	 1
1788205468159 	 21 	 200 	 1140 	 1
1788205468176 	 18 	 200 	 1142 	 2
1788205468186 	 16 	 200 	 1143 	 2
1788205468199 	 13 	 200 	 1143 	 1
1788205468194 	 27 	 200 	 1145 	 2
1788205468220 	 14 	 200 	 1146 	 2
1788205468231 	 20 	 200 	 1147 	 2
1788205468235 	 18 	 200 	 1148 	 2
1788205468222 	 31 	 200 	 1148 	 1
1788205468253 	 14 	 200 	 1149 	 1
1788205468263 	 13 	 200 	 1149 	 0
1788205468279 	 16 	 200 	 1152 	 2
1788205468280 	 16 	 200 	 1152 	 1
1788205468301 	 14 	 200 	 1157 	 6
1788205468287 	 30 	 200 	 1158 	 5
1788205468301 	 15 	 200 	 1158 	 4
1788205468306 	 30 	 200 	 1160 	 5
1788205468312 	 25 	 200 	 1160 	 4
1788205468310 	 40 	 200 	 1162 	 5
1788205468317 	 33 	 200 	 1162 	 4
1788205468324 	 38 	 200 	 1163 	 4
1788205468343 	 29 	 200 	 1164 	 4
1788205468323 	 53 	 200 	 1164 	 3
1788205468372 	 28 	 200 	 1165 	 3
1788205468353 	 47 	 200 	 1165 	 2
1788205468346 	 55 	 200 	 1165 	 1
1788205468382 	 25 	 200 	 1165 	 0
1788205468409 	 17 	 200 	 1166 	 0
1788205468435 	 15 	 200 	 1168 	 1
1788205468434 	 36 	 200 	 1171 	 3
1788205468465 	 19 	 200 	 1171 	 2
1788205468465 	 22 	 200 	 1171 	 1
1788205468464 	 23 	 200 	 1171 	 0
1788205468503 	 21 	 200 	 1172 	 0
1788205468533 	 34 	 200 	 1175 	 2
1788205468559 	 20 	 200 	 1176 	 2
1788205468546 	 34 	 200 	 1176 	 1
1788205468577 	 21 	 200 	 1180 	 4
1788205468587 	 16 	 200 	 1180 	 3
1788205468585 	 19 	 200 	 1180 	 2
1788205468593 	 51 	 200 	 1182 	 3
1788205468588 	 56 	 200 	 1182 	 2
1788205468632 	 19 	 200 	 1182 	 1
1788205468618 	 34 	 200 	 1182 	 0
1788205468659 	 43 	 200 	 1185 	 2
1788205468698 	 13 	 200 	 1185 	 1
1788205468697 	 17 	 200 	 1185 	 0
1788205468730 	 12 	 200 	 1187 	 1
1788205468726 	 16 	 200 	 1187 	 0
1788205468744 	 12 	 200 	 1189 	 1
1788205468755 	 14 	 200 	 1191 	 2
1788205468768 	 15 	 200 	 1194 	 4
1788205468762 	 26 	 200 	 1194 	 3
1788205468774 	 15 	 200 	 1194 	 2
1788205468780 	 18 	 200 	 1196 	 3
1788205468783 	 56 	 200 	 1197 	 3
1788205468806 	 40 	 200 	 1198 	 3
1788205468795 	 57 	 200 	 1199 	 3
1788205468794 	 62 	 200 	 1199 	 2
1788205468842 	 16 	 200 	 1199 	 1
1788205468848 	 16 	 200 	 1199 	 0
1788205468868 	 12 	 200 	 1200 	 0
1788205468893 	 13 	 200 	 1201 	 0
1788205468918 	 29 	 200 	 1206 	 4
1788205468928 	 21 	 200 	 1206 	 3
1788205468923 	 26 	 200 	 1206 	 2
1788205468925 	 26 	 200 	 1206 	 1
1788205468942 	 14 	 200 	 1206 	 0
1788205468963 	 16 	 200 	 1208 	 1
1788205468979 	 12 	 200 	 1209 	 1
1788205468982 	 14 	 200 	 1209 	 0
1788205469015 	 26 	 200 	 1212 	 2
1788205469005 	 38 	 200 	 1212 	 1
1788205469036 	 16 	 200 	 1212 	 0
1788205469057 	 13 	 200 	 1214 	 1
1788205469066 	 13 	 200 	 1214 	 0
1788205469105 	 16 	 200 	 1216 	 1
1788205469117 	 15 	 200 	 1217 	 1
1788205469132 	 13 	 200 	 1217 	 0
1788205469147 	 13 	 200 	 1218 	 0
1788205469177 	 14 	 200 	 1220 	 1
1788205469192 	 14 	 200 	 1223 	 3
1788205469195 	 14 	 200 	 1224 	 3
1788205469194 	 15 	 200 	 1224 	 2
1788205469204 	 16 	 200 	 1226 	 3
1788205469210 	 15 	 200 	 1227 	 3
1788205469214 	 15 	 200 	 1227 	 2
1788205469215 	 16 	 200 	 1228 	 2
1788205469226 	 14 	 200 	 1229 	 3
1788205469232 	 13 	 200 	 1230 	 2
1788205469241 	 14 	 200 	 1230 	 1
1788205469241 	 14 	 200 	 1230 	 0
1788205469269 	 16 	 200 	 1232 	 1
1788205469268 	 19 	 200 	 1232 	 0
1788205469299 	 15 	 200 	 1233 	 0
1788205469328 	 12 	 200 	 1234 	 0
1788205469343 	 14 	 200 	 1236 	 1
1788205469353 	 19 	 200 	 1237 	 1
1788205469363 	 20 	 200 	 1238 	 1
1788205469375 	 30 	 200 	 1239 	 1
1788205469398 	 12 	 200 	 1239 	 0
1788205469637 	 44 	 200 	 1240 	 0
1788205470302 	 16 	 200 	 1241 	 0
1788205470723 	 24 	 200 	 1242 	 0
1788205470878 	 39 	 200 	 1243 	 0
1788205471136 	 20 	 200 	 1244 	 0
1788205471202 	 12 	 200 	 1245 	 0
1788205471227 	 12 	 200 	 1246 	 0
1788205471271 	 19 	 200 	 1247 	 0
1788205472189 	 17 	 200 	 1248 	 0
1788205472357 	 21 	 200 	 1249 	 0
1788205472858 	 34 	 200 	 1250 	 0
1788205473139 	 17 	 200 	 1251 	 0
1788205473215 	 31 	 200 	 1252 	 0
1788205473329 	 12 	 200 	 1253 	 0
1788205473559 	 27 	 200 	 1254 	 0
1788205473791 	 15 	 200 	 1255 	 0
1788205474086 	 34 	 200 	 1256 	 0
1788205474156 	 39 	 200 	 1257 	 0
1788205474342 	 13 	 200 	 1258 	 0
1788205474475 	 33 	 200 	 1259 	 0
1788205474685 	 33 	 200 	 1260 	 0
1788205474851 	 30 	 200 	 1261 	 0
1788205475215 	 39 	 200 	 1262 	 0
1788205475838 	 32 	 200 	 1263 	 0
1788205476255 	 33 	 200 	 1265 	 1
1788205476282 	 22 	 200 	 1265 	 0
1788205476322 	 31 	 200 	 1266 	 0
1788205476775 	 43 	 200 	 1267 	 0
1788205476909 	 24 	 200 	 1268 	 0
1788205477424 	 33 	 200 	 1269 	 0
1788205477851 	 13 	 200 	 1270 	 0
1788205478805 	 37 	 200 	 1275 	 4
1788205478820 	 25 	 200 	 1275 	 3
1788205478799 	 46 	 200 	 1275 	 2
1788205478826 	 21 	 200 	 1275 	 1
1788205478818 	 30 	 200 	 1275 	 0
1788205478896 	 15 	 200 	 1278 	 2
1788205478903 	 21 	 200 	 1279 	 2
1788205478878 	 51 	 200 	 1279 	 1
1788205478917 	 16 	 200 	 1279 	 0
1788205478959 	 14 	 200 	 1282 	 2
1788205478964 	 15 	 200 	 1282 	 1
1788205478971 	 13 	 200 	 1282 	 0
1788205478995 	 13 	 200 	 1283 	 0
1788205479020 	 13 	 200 	 1284 	 0
1788205479037 	 16 	 200 	 1285 	 0
1788205479063 	 12 	 200 	 1286 	 0
1788205479083 	 12 	 200 	 1287 	 0
1788205479101 	 12 	 200 	 1289 	 1
1788205479112 	 14 	 200 	 1289 	 1
1788205479127 	 13 	 200 	 1291 	 1
1788205479136 	 13 	 200 	 1293 	 2
1788205479142 	 14 	 200 	 1295 	 3
1788205479152 	 17 	 200 	 1295 	 2
1788205479149 	 26 	 200 	 1295 	 1
1788205479156 	 22 	 200 	 1295 	 0
1788205479210 	 22 	 200 	 1300 	 4
1788205479200 	 34 	 200 	 1300 	 3
1788205479218 	 20 	 200 	 1300 	 2
1788205479214 	 41 	 200 	 1302 	 3
1788205479245 	 13 	 200 	 1302 	 2
1788205479216 	 46 	 200 	 1302 	 1
1788205479247 	 20 	 200 	 1302 	 0
1788205479269 	 15 	 200 	 1303 	 0
1788205479296 	 15 	 200 	 1304 	 0
1788205479328 	 14 	 200 	 1307 	 2
1788205479329 	 20 	 200 	 1307 	 1
1788205479335 	 16 	 200 	 1307 	 0
1788205479357 	 21 	 200 	 1311 	 3
1788205479359 	 26 	 200 	 1311 	 2
1788205479366 	 19 	 200 	 1311 	 1
1788205479369 	 18 	 200 	 1311 	 0
1788205479395 	 13 	 200 	 1312 	 0
1788205479417 	 17 	 200 	 1313 	 0
1788205479442 	 16 	 200 	 1316 	 2
1788205479445 	 15 	 200 	 1316 	 1
1788205479454 	 18 	 200 	 1317 	 1
1788205479461 	 13 	 200 	 1317 	 0
1788205479478 	 22 	 200 	 1321 	 3
1788205479482 	 25 	 200 	 1321 	 2
1788205479491 	 18 	 200 	 1321 	 1
1788205479496 	 20 	 200 	 1322 	 1
1788205479517 	 15 	 200 	 1323 	 1
1788205479526 	 15 	 200 	 1324 	 1
1788205479537 	 14 	 200 	 1325 	 1
1788205479543 	 13 	 200 	 1325 	 0
1788205479568 	 13 	 200 	 1327 	 1
1788205479577 	 12 	 200 	 1327 	 0
1788205479604 	 15 	 200 	 1329 	 1
1788205479611 	 16 	 200 	 1329 	 0
1788205479655 	 18 	 200 	 1330 	 0
1788205479718 	 17 	 200 	 1333 	 2
1788205479727 	 13 	 200 	 1334 	 2
1788205479732 	 13 	 200 	 1334 	 1
1788205479739 	 13 	 200 	 1335 	 1
1788205479750 	 18 	 200 	 1335 	 0
1788205479801 	 20 	 200 	 1336 	 0
1788205479827 	 13 	 200 	 1337 	 0
1788205479851 	 14 	 200 	 1340 	 2
1788205479853 	 16 	 200 	 1340 	 1
1788205479857 	 13 	 200 	 1340 	 0
1788205479873 	 18 	 200 	 1341 	 0
1788205479904 	 14 	 200 	 1344 	 2
1788205479918 	 12 	 200 	 1344 	 1
1788205479916 	 19 	 200 	 1344 	 0
1788205479946 	 16 	 200 	 1345 	 0
1788205479974 	 28 	 200 	 1348 	 2
1788205479979 	 28 	 200 	 1349 	 2
1788205480006 	 17 	 200 	 1349 	 1
1788205480001 	 23 	 200 	 1349 	 0
1788205480041 	 16 	 200 	 1352 	 2
1788205480043 	 17 	 200 	 1352 	 1
1788205480052 	 15 	 200 	 1352 	 0
1788205480117 	 19 	 200 	 1360 	 7
1788205480118 	 21 	 200 	 1360 	 6
1788205480115 	 25 	 200 	 1360 	 5
1788205480131 	 16 	 200 	 1360 	 4
1788205480096 	 51 	 200 	 1360 	 3
1788205480109 	 39 	 200 	 1360 	 2
1788205480127 	 23 	 200 	 1360 	 1
1788205480100 	 50 	 200 	 1360 	 0
1788205480209 	 41 	 200 	 1363 	 2
1788205480218 	 37 	 200 	 1363 	 1
1788205480216 	 39 	 200 	 1363 	 0
1788205480257 	 19 	 200 	 1364 	 0
1788205480284 	 23 	 200 	 1366 	 1
1788205480300 	 14 	 200 	 1366 	 0
1788205480323 	 19 	 200 	 1369 	 2
1788205480331 	 13 	 200 	 1369 	 1
1788205480325 	 31 	 200 	 1369 	 0
1788205480357 	 12 	 200 	 1370 	 0
1788205480377 	 12 	 200 	 1372 	 1
1788205480375 	 32 	 200 	 1376 	 4
1788205480396 	 15 	 200 	 1377 	 4
1788205480404 	 17 	 200 	 1377 	 3
1788205480405 	 18 	 200 	 1377 	 2
1788205480410 	 16 	 200 	 1377 	 1
1788205480406 	 20 	 200 	 1377 	 0
1788205480437 	 14 	 200 	 1379 	 1
1788205480449 	 13 	 200 	 1379 	 0
1788205480487 	 14 	 200 	 1385 	 6
1788205480480 	 22 	 200 	 1386 	 5
1788205480469 	 34 	 200 	 1386 	 4
1788205480482 	 22 	 200 	 1386 	 3
1788205480492 	 23 	 200 	 1386 	 2
1788205480503 	 13 	 200 	 1386 	 1
1788205480502 	 16 	 200 	 1386 	 0
1788205480525 	 12 	 200 	 1389 	 2
1788205480534 	 16 	 200 	 1389 	 1
1788205480536 	 17 	 200 	 1389 	 0
1788205480571 	 15 	 200 	 1392 	 2
1788205480585 	 17 	 200 	 1395 	 4
1788205480585 	 24 	 200 	 1395 	 3
1788205480596 	 23 	 200 	 1396 	 3
1788205480600 	 22 	 200 	 1396 	 2
1788205480602 	 20 	 200 	 1396 	 1
1788205480611 	 20 	 200 	 1398 	 2
1788205480625 	 16 	 200 	 1399 	 2
1788205480629 	 17 	 200 	 1399 	 1
1788205480637 	 13 	 200 	 1399 	 0
1788205480654 	 15 	 200 	 1401 	 1
1788205480655 	 17 	 200 	 1401 	 0
1788205480712 	 33 	 200 	 1405 	 3
1788205480722 	 25 	 200 	 1405 	 2
1788205480733 	 19 	 200 	 1405 	 1
1788205480710 	 48 	 200 	 1405 	 0
1788205480800 	 27 	 200 	 1408 	 2
1788205480812 	 25 	 200 	 1409 	 2
1788205480819 	 20 	 200 	 1409 	 1
1788205480829 	 17 	 200 	 1410 	 1
1788205480844 	 13 	 200 	 1410 	 0
1788205480903 	 15 	 200 	 1413 	 2
1788205480909 	 14 	 200 	 1413 	 1
1788205480908 	 17 	 200 	 1413 	 0
1788205480931 	 12 	 200 	 1415 	 1
1788205480938 	 18 	 200 	 1415 	 0
1788205480957 	 19 	 200 	 1417 	 1
1788205480972 	 13 	 200 	 1417 	 0
1788205480994 	 13 	 200 	 1418 	 0
1788205481014 	 13 	 200 	 1421 	 2
1788205481020 	 13 	 200 	 1422 	 2
1788205481021 	 13 	 200 	 1422 	 1
1788205481033 	 14 	 200 	 1422 	 0
1788205481058 	 12 	 200 	 1424 	 1
1788205481061 	 12 	 200 	 1424 	 0
1788205481084 	 14 	 200 	 1426 	 1
1788205481093 	 13 	 200 	 1426 	 0
1788205481111 	 14 	 200 	 1427 	 0
1788205481126 	 13 	 200 	 1428 	 0
1788205481151 	 28 	 200 	 1431 	 2
1788205481153 	 28 	 200 	 1431 	 1
1788205481174 	 14 	 200 	 1433 	 3
1788205481184 	 18 	 200 	 1436 	 4
1788205481189 	 20 	 200 	 1436 	 3
1788205481194 	 16 	 200 	 1436 	 2
1788205481193 	 17 	 200 	 1436 	 1
1788205481189 	 21 	 200 	 1436 	 0
1788205481234 	 14 	 200 	 1438 	 1
1788205481245 	 12 	 200 	 1438 	 0
1788205481313 	 15 	 200 	 1441 	 2
1788205481324 	 13 	 200 	 1441 	 1
1788205481329 	 18 	 200 	 1441 	 0
1788205481350 	 15 	 200 	 1444 	 2
1788205481353 	 15 	 200 	 1444 	 1
1788205481360 	 13 	 200 	 1444 	 0
1788205481382 	 22 	 200 	 1445 	 0
1788205481413 	 13 	 200 	 1449 	 3
1788205481421 	 14 	 200 	 1449 	 2
1788205481419 	 17 	 200 	 1449 	 1
1788205481427 	 15 	 200 	 1449 	 0
1788205481460 	 15 	 200 	 1450 	 0
1788205481481 	 12 	 200 	 1451 	 0
1788205481522 	 25 	 200 	 1453 	 1
1788205481577 	 17 	 200 	 1455 	 2
1788205481587 	 13 	 200 	 1456 	 2
1788205481597 	 55 	 200 	 1458 	 3
1788205481647 	 14 	 200 	 1458 	 2
1788205481671 	 15 	 200 	 1459 	 2
1788205481636 	 103 	 200 	 1463 	 5
1788205481706 	 39 	 200 	 1464 	 5
1788205481691 	 54 	 200 	 1464 	 4
1788205481732 	 22 	 200 	 1466 	 5
1788205481743 	 16 	 200 	 1466 	 4
1788205481750 	 14 	 200 	 1466 	 3
1788205481749 	 18 	 200 	 1467 	 3
1788205481772 	 68 	 200 	 1473 	 8
1788205481786 	 59 	 200 	 1473 	 7
1788205481767 	 79 	 200 	 1473 	 6
1788205481819 	 29 	 200 	 1473 	 5
1788205481818 	 34 	 200 	 1474 	 5
1788205481812 	 43 	 200 	 1474 	 4
1788205481692 	 176 	 200 	 1475 	 4
1788205481856 	 40 	 200 	 1475 	 3
1788205481850 	 46 	 200 	 1475 	 2
1788205481794 	 155 	 200 	 1475 	 1
1788205481955 	 14 	 200 	 1477 	 2
1788205481951 	 61 	 200 	 1477 	 1
1788205482014 	 48 	 200 	 1480 	 3
1788205481515 	 549 	 200 	 1480 	 2
1788205482058 	 14 	 200 	 1480 	 1
1788205482060 	 17 	 200 	 1481 	 1
1788205482082 	 17 	 200 	 1482 	 1
1788205482075 	 46 	 200 	 1483 	 1
1788205482106 	 39 	 200 	 1484 	 1
1788205482123 	 22 	 200 	 1484 	 0
1788205482169 	 20 	 200 	 1487 	 2
1788205482171 	 20 	 200 	 1487 	 1
1788205482185 	 13 	 200 	 1487 	 0
1788205482208 	 17 	 200 	 1490 	 2
1788205482208 	 17 	 200 	 1490 	 1
1788205482210 	 16 	 200 	 1490 	 0
1788205482232 	 13 	 200 	 1493 	 2
1788205482239 	 18 	 200 	 1493 	 1
1788205482247 	 13 	 200 	 1494 	 1
1788205482259 	 16 	 200 	 1495 	 1
1788205482273 	 15 	 200 	 1495 	 0
1788205482290 	 12 	 200 	 1496 	 0
1788205482334 	 15 	 200 	 1498 	 1
1788205482341 	 13 	 200 	 1498 	 0
1788205482363 	 17 	 200 	 1500 	 1
1788205482376 	 18 	 200 	 1502 	 2
1788205482394 	 12 	 200 	 1502 	 1
1788205482387 	 21 	 200 	 1502 	 0
1788205482410 	 16 	 200 	 1505 	 2
1788205482415 	 19 	 200 	 1505 	 1
1788205482416 	 21 	 200 	 1506 	 1
1788205482436 	 15 	 200 	 1507 	 1
1788205482447 	 18 	 200 	 1508 	 2
1788205482454 	 14 	 200 	 1509 	 1
1788205482471 	 16 	 200 	 1512 	 3
1788205482467 	 21 	 200 	 1512 	 2
1788205482475 	 14 	 200 	 1512 	 1
1788205482484 	 14 	 200 	 1512 	 0
1788205482569 	 27 	 200 	 1514 	 1
1788205482574 	 21 	 200 	 1514 	 0
1788205482611 	 16 	 200 	 1517 	 2
1788205482621 	 15 	 200 	 1517 	 1
1788205482623 	 14 	 200 	 1517 	 0
1788205482652 	 13 	 200 	 1519 	 1
1788205482661 	 13 	 200 	 1519 	 0
1788205482695 	 36 	 200 	 1523 	 3
1788205482706 	 29 	 200 	 1523 	 2
1788205482704 	 32 	 200 	 1523 	 1
1788205482722 	 14 	 200 	 1523 	 0
1788205482750 	 17 	 200 	 1527 	 3
1788205482756 	 15 	 200 	 1527 	 2
1788205482763 	 16 	 200 	 1528 	 2
1788205482764 	 15 	 200 	 1528 	 1
1788205482775 	 14 	 200 	 1528 	 0
1788205482809 	 20 	 200 	 1529 	 0
1788205482837 	 11 	 200 	 1530 	 0
1788205482856 	 14 	 200 	 1531 	 0
1788205482895 	 13 	 200 	 1532 	 0
1788205482910 	 13 	 200 	 1533 	 0
1788205482934 	 15 	 200 	 1534 	 0
1788205482986 	 16 	 200 	 1535 	 0
1788205483076 	 18 	 200 	 1536 	 0
1788205483135 	 28 	 200 	 1537 	 0
1788205483761 	 17 	 200 	 1539 	 1
1788205483771 	 15 	 200 	 1539 	 0
1788205484094 	 31 	 200 	 1540 	 0
1788205484278 	 15 	 200 	 1541 	 0
1788205484930 	 28 	 200 	 1542 	 0
1788205485250 	 14 	 200 	 1543 	 0
1788205485630 	 37 	 200 	 1545 	 1
1788205485665 	 37 	 200 	 1545 	 0
1788205485813 	 37 	 200 	 1548 	 2
1788205485832 	 29 	 200 	 1548 	 1
1788205485843 	 27 	 200 	 1549 	 1
1788205485865 	 12 	 200 	 1549 	 0
1788205485891 	 27 	 200 	 1551 	 1
1788205485893 	 28 	 200 	 1551 	 0
1788205485946 	 39 	 200 	 1554 	 2
1788205485962 	 29 	 200 	 1555 	 2
1788205485971 	 22 	 200 	 1556 	 2
1788205485988 	 15 	 200 	 1556 	 1
1788205485994 	 22 	 200 	 1556 	 0
1788205486026 	 14 	 200 	 1557 	 0
1788205486048 	 34 	 200 	 1560 	 2
1788205486067 	 17 	 200 	 1560 	 1
1788205486064 	 22 	 200 	 1560 	 0
1788205486117 	 33 	 200 	 1562 	 1
1788205486126 	 27 	 200 	 1562 	 0
1788205486164 	 26 	 200 	 1568 	 5
1788205486171 	 22 	 200 	 1568 	 4
1788205486168 	 25 	 200 	 1568 	 3
1788205486166 	 28 	 200 	 1569 	 3
1788205486162 	 60 	 200 	 1570 	 3
1788205486176 	 49 	 200 	 1570 	 2
1788205486201 	 37 	 200 	 1570 	 1
1788205486196 	 49 	 200 	 1571 	 1
1788205486243 	 12 	 200 	 1571 	 0
1788205486277 	 16 	 200 	 1572 	 0
1788205486305 	 13 	 200 	 1574 	 1
1788205486310 	 15 	 200 	 1575 	 1
1788205486325 	 13 	 200 	 1576 	 2
1788205486337 	 13 	 200 	 1578 	 2
1788205486339 	 13 	 200 	 1578 	 1
1788205486344 	 20 	 200 	 1579 	 1
1788205486356 	 15 	 200 	 1581 	 2
1788205486366 	 13 	 200 	 1581 	 1
1788205486369 	 12 	 200 	 1581 	 0
1788205486411 	 14 	 200 	 1583 	 1
1788205486414 	 12 	 200 	 1583 	 0
1788205486430 	 18 	 200 	 1584 	 0
1788205486449 	 12 	 200 	 1585 	 0
1788205486463 	 13 	 200 	 1586 	 0
1788205486491 	 21 	 200 	 1588 	 1
1788205486503 	 13 	 200 	 1588 	 0
1788205486529 	 17 	 200 	 1592 	 3
1788205486530 	 18 	 200 	 1592 	 2
1788205486531 	 19 	 200 	 1592 	 1
1788205486546 	 13 	 200 	 1593 	 1
1788205486559 	 13 	 200 	 1593 	 0
1788205486575 	 20 	 200 	 1594 	 1
1788205486596 	 13 	 200 	 1596 	 1
1788205486605 	 21 	 200 	 1597 	 1
1788205486620 	 15 	 200 	 1598 	 1
1788205486630 	 16 	 200 	 1599 	 1
1788205486645 	 13 	 200 	 1600 	 1
1788205486650 	 19 	 200 	 1600 	 0
1788205486697 	 17 	 200 	 1602 	 1
1788205486707 	 12 	 200 	 1602 	 0
1788205486732 	 17 	 200 	 1604 	 1
1788205486749 	 17 	 200 	 1608 	 4
1788205486755 	 14 	 200 	 1608 	 3
1788205486756 	 15 	 200 	 1608 	 2
1788205486754 	 17 	 200 	 1608 	 1
1788205486765 	 21 	 200 	 1610 	 2
1788205486775 	 17 	 200 	 1611 	 2
1788205486778 	 18 	 200 	 1611 	 1
1788205486792 	 17 	 200 	 1612 	 1
1788205486798 	 14 	 200 	 1612 	 0
1788205486817 	 13 	 200 	 1613 	 0
1788205486837 	 11 	 200 	 1614 	 0
1788205486866 	 16 	 200 	 1615 	 0
1788205486922 	 16 	 200 	 1618 	 2
1788205486924 	 15 	 200 	 1618 	 1
1788205486931 	 16 	 200 	 1619 	 1
1788205486943 	 13 	 200 	 1620 	 1
1788205486949 	 14 	 200 	 1622 	 2
1788205486959 	 20 	 200 	 1625 	 4
1788205486963 	 16 	 200 	 1625 	 3
1788205486969 	 15 	 200 	 1626 	 3
1788205486981 	 14 	 200 	 1627 	 3
1788205486974 	 48 	 200 	 1628 	 3
1788205486996 	 26 	 200 	 1628 	 2
1788205486968 	 55 	 200 	 1628 	 1
1788205487030 	 14 	 200 	 1631 	 3
1788205487000 	 50 	 200 	 1631 	 2
1788205487033 	 25 	 200 	 1633 	 3
1788205487039 	 20 	 200 	 1633 	 2
1788205487052 	 15 	 200 	 1633 	 1
1788205487057 	 14 	 200 	 1633 	 0
1788205487079 	 14 	 200 	 1635 	 1
1788205487089 	 14 	 200 	 1636 	 1
1788205487100 	 12 	 200 	 1637 	 1
1788205487110 	 14 	 200 	 1639 	 2
1788205487116 	 13 	 200 	 1639 	 1
1788205487116 	 20 	 200 	 1639 	 0
1788205487160 	 30 	 200 	 1641 	 1
1788205487170 	 28 	 200 	 1641 	 0
1788205487232 	 24 	 200 	 1646 	 4
1788205487221 	 37 	 200 	 1646 	 3
1788205487225 	 34 	 200 	 1646 	 2
1788205487243 	 16 	 200 	 1646 	 1
1788205487235 	 25 	 200 	 1646 	 0
1788205487275 	 15 	 200 	 1647 	 1
1788205487292 	 32 	 200 	 1650 	 2
1788205487312 	 22 	 200 	 1650 	 1
1788205487300 	 35 	 200 	 1650 	 0
1788205487340 	 15 	 200 	 1652 	 1
1788205487348 	 14 	 200 	 1652 	 0
1788205487380 	 29 	 200 	 1654 	 1
1788205487400 	 31 	 200 	 1656 	 2
1788205487422 	 25 	 200 	 1657 	 2
1788205487428 	 21 	 200 	 1658 	 2
1788205487436 	 18 	 200 	 1659 	 2
1788205487449 	 15 	 200 	 1660 	 2
1788205487452 	 14 	 200 	 1661 	 2
1788205487464 	 15 	 200 	 1662 	 2
1788205487466 	 19 	 200 	 1662 	 1
1788205487476 	 17 	 200 	 1662 	 0
1788205487498 	 25 	 200 	 1664 	 1
1788205487502 	 21 	 200 	 1664 	 0
1788205487571 	 33 	 200 	 1667 	 2
1788205487587 	 26 	 200 	 1667 	 1
1788205487589 	 27 	 200 	 1667 	 0
1788205487652 	 27 	 200 	 1670 	 2
1788205487676 	 14 	 200 	 1671 	 2
1788205487682 	 16 	 200 	 1671 	 1
1788205487724 	 18 	 200 	 1672 	 1
1788205487745 	 17 	 200 	 1675 	 3
1788205487748 	 14 	 200 	 1675 	 2
1788205487759 	 16 	 200 	 1678 	 4
1788205487772 	 67 	 200 	 1684 	 9
1788205487770 	 72 	 200 	 1685 	 9
1788205487778 	 70 	 200 	 1686 	 9
1788205487788 	 61 	 200 	 1686 	 8
1788205487811 	 40 	 200 	 1686 	 7
1788205487828 	 24 	 200 	 1686 	 6
1788205487770 	 128 	 200 	 1686 	 5
1788205487797 	 102 	 200 	 1686 	 4
1788205487845 	 114 	 200 	 1690 	 7
1788205487842 	 118 	 200 	 1690 	 6
1788205487915 	 48 	 200 	 1690 	 5
1788205487985 	 15 	 200 	 1692 	 6
1788205487935 	 67 	 200 	 1693 	 6
1788205487822 	 225 	 200 	 1696 	 8
1788205488008 	 50 	 200 	 1697 	 8
1788205487941 	 156 	 200 	 1697 	 7
1788205488003 	 97 	 200 	 1697 	 6
1788205487973 	 128 	 200 	 1697 	 5
1788205487947 	 191 	 200 	 1699 	 6
1788205488034 	 110 	 200 	 1699 	 5
1788205488129 	 16 	 200 	 1699 	 4
1788205488116 	 32 	 200 	 1699 	 3
1788205488057 	 96 	 200 	 1700 	 3
1788205488041 	 120 	 200 	 1700 	 2
1788205488153 	 45 	 200 	 1703 	 4
1788205488172 	 29 	 200 	 1704 	 4
1788205488190 	 48 	 200 	 1704 	 3
1788205488200 	 46 	 200 	 1704 	 2
1788205487645 	 604 	 200 	 1704 	 1
1788205488191 	 62 	 200 	 1705 	 1
1788205488251 	 12 	 200 	 1705 	 0
1788205488274 	 12 	 200 	 1706 	 0
1788205488297 	 13 	 200 	 1708 	 1
1788205488309 	 12 	 200 	 1708 	 0
1788205488329 	 12 	 200 	 1709 	 1
1788205488343 	 12 	 200 	 1711 	 1
1788205488345 	 15 	 200 	 1712 	 1
1788205488359 	 12 	 200 	 1712 	 0
1788205488374 	 13 	 200 	 1713 	 0
1788205488404 	 17 	 200 	 1716 	 3
1788205488402 	 21 	 200 	 1717 	 2
1788205488421 	 13 	 200 	 1717 	 1
1788205488423 	 15 	 200 	 1717 	 0
1788205488466 	 20 	 200 	 1722 	 4
1788205488474 	 17 	 200 	 1722 	 3
1788205488469 	 22 	 200 	 1722 	 2
1788205488469 	 25 	 200 	 1722 	 2
1788205488476 	 20 	 200 	 1723 	 1
1788205488495 	 15 	 200 	 1724 	 1
1788205488502 	 18 	 200 	 1724 	 0
1788205488524 	 11 	 200 	 1725 	 0
1788205488563 	 23 	 200 	 1726 	 0
1788205488593 	 12 	 200 	 1727 	 0
1788205488614 	 18 	 200 	 1732 	 4
1788205488613 	 21 	 200 	 1732 	 3
1788205488620 	 15 	 200 	 1732 	 2
1788205488616 	 19 	 200 	 1732 	 1
1788205488625 	 17 	 200 	 1733 	 1
1788205488642 	 14 	 200 	 1734 	 1
1788205488653 	 15 	 200 	 1736 	 2
1788205488659 	 16 	 200 	 1736 	 1
1788205488661 	 14 	 200 	 1736 	 0
1788205488698 	 14 	 200 	 1739 	 2
1788205488704 	 15 	 200 	 1739 	 1
1788205488711 	 14 	 200 	 1739 	 0
1788205488733 	 13 	 200 	 1740 	 0
1788205488752 	 13 	 200 	 1741 	 0
1788205488768 	 12 	 200 	 1742 	 0
1788205488785 	 22 	 200 	 1746 	 3
1788205488799 	 17 	 200 	 1746 	 2
1788205488803 	 17 	 200 	 1747 	 2
1788205488807 	 20 	 200 	 1748 	 2
1788205488819 	 20 	 200 	 1748 	 1
1788205488823 	 16 	 200 	 1748 	 0
1788205488882 	 15 	 200 	 1752 	 3
1788205488878 	 19 	 200 	 1752 	 2
1788205488887 	 14 	 200 	 1752 	 1
1788205488891 	 14 	 200 	 1752 	 0
1788205488909 	 17 	 200 	 1755 	 2
1788205488915 	 13 	 200 	 1755 	 1
1788205488921 	 13 	 200 	 1755 	 0
1788205488963 	 36 	 200 	 1759 	 3
1788205488986 	 17 	 200 	 1759 	 2
1788205488993 	 19 	 200 	 1760 	 2
1788205488991 	 22 	 200 	 1760 	 1
1788205489010 	 14 	 200 	 1761 	 1
1788205489017 	 13 	 200 	 1761 	 0
1788205489077 	 18 	 200 	 1762 	 0
1788205489101 	 14 	 200 	 1763 	 0
1788205489148 	 19 	 200 	 1764 	 0
1788205489172 	 15 	 200 	 1767 	 2
1788205489177 	 15 	 200 	 1767 	 1
1788205489182 	 17 	 200 	 1767 	 0
1788205489201 	 16 	 200 	 1770 	 2
1788205489207 	 15 	 200 	 1771 	 2
1788205489216 	 13 	 200 	 1771 	 1
1788205489221 	 19 	 200 	 1773 	 2
1788205489230 	 15 	 200 	 1774 	 2
1788205489234 	 15 	 200 	 1774 	 1
1788205489245 	 14 	 200 	 1774 	 0
1788205489287 	 17 	 200 	 1776 	 1
1788205489304 	 14 	 200 	 1777 	 1
1788205489306 	 16 	 200 	 1778 	 1
1788205489320 	 13 	 200 	 1778 	 0
1788205489338 	 15 	 200 	 1780 	 2
1788205489334 	 24 	 200 	 1781 	 1
1788205489355 	 14 	 200 	 1782 	 1
1788205489366 	 12 	 200 	 1782 	 0
1788205489381 	 13 	 200 	 1785 	 2
1788205489382 	 15 	 200 	 1785 	 1
1788205489390 	 13 	 200 	 1785 	 0
1788205489409 	 14 	 200 	 1787 	 1
1788205489410 	 15 	 200 	 1787 	 0
1788205489432 	 17 	 200 	 1790 	 2
1788205489433 	 21 	 200 	 1790 	 1
1788205489445 	 17 	 200 	 1790 	 0
1788205489484 	 13 	 200 	 1792 	 1
1788205489492 	 13 	 200 	 1792 	 0
1788205489533 	 31 	 200 	 1793 	 0
1788205489566 	 28 	 200 	 1796 	 2
1788205489575 	 23 	 200 	 1796 	 1
1788205489579 	 24 	 200 	 1796 	 0
1788205489629 	 36 	 200 	 1799 	 2
1788205489650 	 21 	 200 	 1799 	 1
1788205489634 	 38 	 200 	 1799 	 0
1788205489686 	 18 	 200 	 1802 	 2
1788205489685 	 20 	 200 	 1802 	 1
1788205489700 	 16 	 200 	 1803 	 1
1788205489710 	 13 	 200 	 1803 	 0
1788205489730 	 12 	 200 	 1804 	 0
1788205489772 	 17 	 200 	 1805 	 0
1788205489809 	 31 	 200 	 1807 	 1
1788205489811 	 36 	 200 	 1809 	 2
1788205489843 	 15 	 200 	 1809 	 1
1788205489846 	 17 	 200 	 1809 	 0
1788205489884 	 16 	 200 	 1810 	 0
1788205489972 	 15 	 200 	 1812 	 1
1788205489979 	 15 	 200 	 1813 	 1
1788205489989 	 13 	 200 	 1813 	 0
1788205490032 	 17 	 200 	 1814 	 0
1788205490081 	 13 	 200 	 1815 	 0
1788205490120 	 34 	 200 	 1818 	 2
1788205490151 	 33 	 200 	 1820 	 3
1788205490151 	 34 	 200 	 1820 	 2
1788205490166 	 21 	 200 	 1820 	 1
1788205490164 	 24 	 200 	 1820 	 0
1788205490227 	 29 	 200 	 1822 	 1
1788205490232 	 31 	 200 	 1822 	 0
1788205490300 	 14 	 200 	 1824 	 1
1788205490311 	 13 	 200 	 1825 	 1
1788205490322 	 13 	 200 	 1825 	 0
1788205490363 	 18 	 200 	 1826 	 0
1788205490392 	 18 	 200 	 1831 	 4
1788205490401 	 21 	 200 	 1833 	 5
1788205490406 	 19 	 200 	 1833 	 4
1788205490405 	 24 	 200 	 1834 	 4
1788205490409 	 22 	 200 	 1834 	 3
1788205490418 	 18 	 200 	 1834 	 2
1788205490423 	 14 	 200 	 1834 	 1
1788205490446 	 15 	 200 	 1835 	 1
1788205490426 	 36 	 200 	 1835 	 0
1788205490469 	 17 	 200 	 1837 	 1
1788205490482 	 14 	 200 	 1837 	 0
1788205490503 	 20 	 200 	 1839 	 1
1788205490506 	 21 	 200 	 1839 	 0
1788205490535 	 12 	 200 	 1840 	 0
1788205490569 	 14 	 200 	 1841 	 0
1788205490596 	 21 	 200 	 1844 	 2
1788205490606 	 13 	 200 	 1844 	 1
1788205490608 	 17 	 200 	 1845 	 1
1788205490624 	 14 	 200 	 1848 	 3
1788205490627 	 18 	 200 	 1850 	 4
1788205490630 	 16 	 200 	 1850 	 3
1788205490636 	 20 	 200 	 1851 	 3
1788205490644 	 22 	 200 	 1851 	 2
1788205490648 	 19 	 200 	 1851 	 1
1788205490669 	 32 	 200 	 1852 	 1
1788205490640 	 65 	 200 	 1852 	 0
1788205490716 	 13 	 200 	 1854 	 1
1788205490721 	 14 	 200 	 1854 	 0
1788205490740 	 15 	 200 	 1856 	 2
1788205490740 	 18 	 200 	 1857 	 1
1788205490756 	 13 	 200 	 1857 	 0
1788205490774 	 17 	 200 	 1862 	 4
1788205490775 	 16 	 200 	 1862 	 3
1788205490777 	 15 	 200 	 1862 	 2
1788205490782 	 17 	 200 	 1862 	 1
1788205490790 	 15 	 200 	 1863 	 1
1788205490801 	 16 	 200 	 1863 	 0
1788205490835 	 13 	 200 	 1864 	 0
1788205490853 	 18 	 200 	 1867 	 2
1788205490858 	 18 	 200 	 1867 	 1
1788205490860 	 18 	 200 	 1867 	 0
1788205490897 	 19 	 200 	 1869 	 2
1788205490903 	 14 	 200 	 1870 	 1
1788205490917 	 14 	 200 	 1873 	 3
1788205490921 	 13 	 200 	 1873 	 2
1788205490923 	 14 	 200 	 1873 	 1
1788205490925 	 24 	 200 	 1874 	 1
1788205490946 	 11 	 200 	 1874 	 0
1788205490960 	 15 	 200 	 1876 	 1
1788205490968 	 12 	 200 	 1877 	 1
1788205490980 	 14 	 200 	 1878 	 1
1788205490989 	 16 	 200 	 1879 	 1
1788205491001 	 13 	 200 	 1879 	 0
1788205491017 	 16 	 200 	 1882 	 2
1788205491021 	 15 	 200 	 1882 	 1
1788205491025 	 29 	 200 	 1883 	 1
1788205491046 	 16 	 200 	 1883 	 0
1788205491077 	 18 	 200 	 1886 	 2
1788205491079 	 18 	 200 	 1886 	 1
1788205491088 	 22 	 200 	 1888 	 2
1788205491107 	 13 	 200 	 1890 	 3
1788205491106 	 13 	 200 	 1890 	 2
1788205491120 	 14 	 200 	 1891 	 2
1788205491120 	 14 	 200 	 1891 	 1
1788205491132 	 13 	 200 	 1892 	 1
1788205491143 	 14 	 200 	 1893 	 1
1788205491156 	 14 	 200 	 1895 	 2
1788205491158 	 12 	 200 	 1895 	 1
1788205491164 	 17 	 200 	 1898 	 3
1788205491180 	 20 	 200 	 1900 	 4
1788205491175 	 26 	 200 	 1900 	 3
1788205491177 	 26 	 200 	 1900 	 2
1788205491194 	 15 	 200 	 1901 	 2
1788205491195 	 15 	 200 	 1901 	 1
1788205491206 	 17 	 200 	 1901 	 0
1788205491230 	 16 	 200 	 1903 	 1
1788205491240 	 17 	 200 	 1904 	 1
1788205491250 	 15 	 200 	 1906 	 2
1788205491260 	 18 	 200 	 1907 	 2
1788205491260 	 18 	 200 	 1907 	 1
1788205491270 	 13 	 200 	 1907 	 0
1788205491294 	 12 	 200 	 1908 	 0
1788205491314 	 14 	 200 	 1910 	 1
1788205491321 	 13 	 200 	 1910 	 0
1788205491347 	 12 	 200 	 1911 	 0
1788205491367 	 19 	 200 	 1916 	 4
1788205491380 	 16 	 200 	 1916 	 3
1788205491381 	 18 	 200 	 1916 	 2
1788205491388 	 17 	 200 	 1916 	 1
1788205491387 	 21 	 200 	 1916 	 0
1788205491465 	 31 	 200 	 1917 	 0
1788205491508 	 24 	 200 	 1919 	 1
1788205491506 	 26 	 200 	 1919 	 0
1788205491548 	 13 	 200 	 1922 	 2
1788205491548 	 15 	 200 	 1922 	 1
1788205491556 	 18 	 200 	 1922 	 0
1788205491578 	 14 	 200 	 1923 	 0
1788205491600 	 15 	 200 	 1924 	 0
1788205491658 	 15 	 200 	 1926 	 1
1788205491673 	 14 	 200 	 1927 	 1
1788205491681 	 13 	 200 	 1927 	 0
1788205491793 	 13 	 200 	 1930 	 2
1788205491829 	 14 	 200 	 1932 	 3
1788205491836 	 14 	 200 	 1932 	 2
1788205491763 	 90 	 200 	 1933 	 2
1788205491853 	 48 	 200 	 1936 	 4
1788205491881 	 20 	 200 	 1936 	 3
1788205491869 	 33 	 200 	 1937 	 3
1788205491897 	 19 	 200 	 1938 	 3
1788205491903 	 35 	 200 	 1940 	 4
1788205491929 	 16 	 200 	 1940 	 3
1788205491906 	 39 	 200 	 1940 	 2
1788205491918 	 28 	 200 	 1940 	 1
1788205491953 	 51 	 200 	 1948 	 8
1788205491952 	 55 	 200 	 1948 	 7
1788205491975 	 34 	 200 	 1948 	 6
1788205491949 	 93 	 200 	 1952 	 9
1788205491952 	 91 	 200 	 1952 	 8
1788205491958 	 88 	 200 	 1952 	 7
1788205492024 	 75 	 200 	 1954 	 9
1788205491987 	 118 	 200 	 1955 	 8
1788205492081 	 58 	 200 	 1957 	 9
1788205492035 	 110 	 200 	 1957 	 8
1788205492028 	 117 	 200 	 1957 	 7
1788205492100 	 97 	 200 	 1963 	 12
1788205492135 	 71 	 200 	 1963 	 11
1788205491998 	 212 	 200 	 1964 	 11
1788205492157 	 53 	 200 	 1964 	 10
1788205491755 	 539 	 200 	 1970 	 17
1788205492190 	 106 	 200 	 1971 	 16
1788205492103 	 197 	 200 	 1972 	 15
1788205492040 	 265 	 200 	 1973 	 15
1788205492196 	 118 	 200 	 1974 	 15
1788205492127 	 218 	 200 	 1975 	 15
1788205492228 	 120 	 200 	 1975 	 14
1788205492189 	 163 	 200 	 1975 	 13
1788205492195 	 158 	 200 	 1975 	 12
1788205492209 	 145 	 200 	 1976 	 12
1788205492310 	 122 	 200 	 1980 	 21
1788205492193 	 241 	 200 	 1981 	 20
1788205492305 	 128 	 200 	 1982 	 19
1788205492256 	 179 	 200 	 1983 	 18
1788205492227 	 213 	 200 	 1984 	 17
1788205492361 	 145 	 200 	 1985 	 17
1788205492248 	 287 	 200 	 1986 	 17
1788205492391 	 144 	 200 	 1987 	 16
1788205492335 	 203 	 200 	 1988 	 15
1788205492297 	 241 	 200 	 1988 	 14
1788205492295 	 243 	 200 	 1988 	 13
1788205492263 	 277 	 200 	 1988 	 12
1788205492260 	 284 	 200 	 1989 	 12
1788205492356 	 195 	 200 	 1989 	 11
1788205492374 	 180 	 200 	 1989 	 10
1788205492537 	 97 	 200 	 1993 	 13
1788205492507 	 127 	 200 	 1993 	 12
1788205492441 	 193 	 200 	 1993 	 11
1788205492439 	 196 	 200 	 1993 	 10
1788205492436 	 198 	 200 	 1993 	 9
1788205492536 	 98 	 200 	 1993 	 8
1788205492397 	 239 	 200 	 1993 	 7
1788205492435 	 201 	 200 	 1993 	 6
1788205492438 	 199 	 200 	 1993 	 5
1788205492545 	 101 	 200 	 1993 	 4
1788205492558 	 141 	 200 	 1995 	 5
1788205492567 	 132 	 200 	 1995 	 4
1788205492577 	 125 	 200 	 1995 	 3
1788205492631 	 71 	 200 	 1995 	 2
1788205492673 	 30 	 200 	 1995 	 1
1788205492690 	 22 	 200 	 1995 	 1
1788205492729 	 18 	 200 	 2000 	 4
1788205492713 	 34 	 200 	 2000 	 3
1788205492719 	 29 	 200 	 2000 	 2
1788205492727 	 24 	 200 	 2000 	 1
1788205492736 	 16 	 200 	 2000 	 0
1788205492757 	 16 	 200 	 2002 	 1
1788205492767 	 12 	 200 	 2002 	 0
1788205492795 	 38 	 200 	 2005 	 2
1788205492801 	 44 	 200 	 2006 	 2
1788205492819 	 32 	 200 	 2006 	 1
1788205492844 	 13 	 200 	 2006 	 0
1788205492881 	 35 	 200 	 2008 	 1
1788205492893 	 27 	 200 	 2008 	 0
1788205492945 	 16 	 200 	 2011 	 2
1788205492957 	 14 	 200 	 2013 	 3
1788205492963 	 15 	 200 	 2013 	 2
1788205492967 	 13 	 200 	 2013 	 1
1788205492959 	 24 	 200 	 2014 	 1
1788205492982 	 15 	 200 	 2014 	 0
1788205493021 	 41 	 200 	 2017 	 2
1788205493051 	 24 	 200 	 2019 	 3
1788205493049 	 35 	 200 	 2020 	 3
1788205493070 	 17 	 200 	 2020 	 2
1788205493077 	 14 	 200 	 2020 	 1
1788205493073 	 18 	 200 	 2020 	 0
1788205493094 	 13 	 200 	 2021 	 1
1788205493108 	 42 	 200 	 2024 	 2
1788205493139 	 20 	 200 	 2024 	 1
1788205493142 	 19 	 200 	 2024 	 0
1788205493164 	 17 	 200 	 2025 	 0
1788205493183 	 13 	 200 	 2027 	 1
1788205493195 	 20 	 200 	 2028 	 1
1788205493205 	 15 	 200 	 2028 	 0
1788205493242 	 14 	 200 	 2030 	 1
1788205493236 	 24 	 200 	 2030 	 0
1788205493289 	 23 	 200 	 2032 	 1
1788205493289 	 27 	 200 	 2032 	 0
1788205493331 	 12 	 200 	 2033 	 0
1788205493382 	 14 	 200 	 2035 	 1
1788205493380 	 15 	 200 	 2035 	 0
1788205493498 	 14 	 200 	 2038 	 2
1788205493508 	 14 	 200 	 2038 	 1
1788205493512 	 18 	 200 	 2040 	 2
1788205493526 	 16 	 200 	 2040 	 1
1788205493529 	 15 	 200 	 2040 	 0
1788205493566 	 16 	 200 	 2042 	 1
1788205493578 	 14 	 200 	 2042 	 0
1788205493601 	 15 	 200 	 2044 	 1
1788205493608 	 15 	 200 	 2045 	 1
1788205493619 	 16 	 200 	 2047 	 2
1788205493626 	 15 	 200 	 2048 	 2
1788205493631 	 14 	 200 	 2048 	 1
1788205493641 	 13 	 200 	 2050 	 2
1788205493652 	 14 	 200 	 2050 	 1
1788205493653 	 15 	 200 	 2050 	 0
1788205493713 	 29 	 200 	 2052 	 1
1788205493722 	 22 	 200 	 2052 	 0
1788205493750 	 21 	 200 	 2053 	 0
1788205493802 	 17 	 200 	 2058 	 5
1788205493794 	 26 	 200 	 2059 	 4
1788205493787 	 33 	 200 	 2059 	 3
1788205493814 	 19 	 200 	 2060 	 3
1788205493818 	 23 	 200 	 2060 	 2
1788205493821 	 22 	 200 	 2060 	 1
1788205493825 	 20 	 200 	 2060 	 0
1788205493866 	 21 	 200 	 2064 	 3
1788205493879 	 17 	 200 	 2065 	 3
1788205493887 	 23 	 200 	 2066 	 3
1788205493889 	 25 	 200 	 2066 	 2
1788205493895 	 21 	 200 	 2066 	 1
1788205493903 	 17 	 200 	 2066 	 0
1788205493929 	 17 	 200 	 2068 	 1
1788205493940 	 14 	 200 	 2068 	 0
1788205493956 	 12 	 200 	 2069 	 0
1788205493977 	 14 	 200 	 2071 	 1
1788205493973 	 18 	 200 	 2071 	 0
1788205494003 	 31 	 200 	 2072 	 0
1788205494054 	 34 	 200 	 2076 	 3
1788205494080 	 18 	 200 	 2076 	 2
1788205494083 	 16 	 200 	 2076 	 1
1788205494070 	 39 	 200 	 2078 	 2
1788205494106 	 13 	 200 	 2078 	 1
1788205494109 	 12 	 200 	 2078 	 0
1788205494128 	 16 	 200 	 2080 	 1
1788205494138 	 13 	 200 	 2080 	 0
1788205494176 	 13 	 200 	 2082 	 1
1788205494187 	 14 	 200 	 2082 	 0
1788205494203 	 14 	 200 	 2085 	 2
1788205494204 	 13 	 200 	 2085 	 1
1788205494204 	 16 	 200 	 2085 	 0
1788205494232 	 19 	 200 	 2086 	 0
1788205494276 	 12 	 200 	 2087 	 0
1788205494292 	 16 	 200 	 2088 	 0
1788205494322 	 14 	 200 	 2090 	 1
1788205494350 	 19 	 200 	 2092 	 2
1788205494354 	 19 	 200 	 2094 	 3
1788205494314 	 59 	 200 	 2094 	 2
1788205494372 	 27 	 200 	 2096 	 3
1788205494383 	 21 	 200 	 2097 	 3
1788205494390 	 18 	 200 	 2097 	 2
1788205494404 	 41 	 200 	 2100 	 4
1788205494421 	 26 	 200 	 2100 	 3
1788205494435 	 14 	 200 	 2100 	 2
1788205494445 	 15 	 200 	 2102 	 3
1788205494455 	 40 	 200 	 2106 	 6
1788205494479 	 27 	 200 	 2106 	 5
1788205494455 	 83 	 200 	 2106 	 4
1788205494467 	 72 	 200 	 2108 	 5
1788205494467 	 76 	 200 	 2108 	 4
1788205494541 	 13 	 200 	 2108 	 3
1788205494540 	 19 	 200 	 2108 	 2
1788205494484 	 85 	 200 	 2109 	 2
1788205494372 	 201 	 200 	 2109 	 1
1788205494583 	 27 	 200 	 2111 	 2
1788205494566 	 51 	 200 	 2111 	 1
1788205494607 	 18 	 200 	 2111 	 0
1788205494643 	 33 	 200 	 2117 	 5
1788205494652 	 28 	 200 	 2117 	 4
1788205494649 	 31 	 200 	 2117 	 3
1788205494645 	 38 	 200 	 2117 	 2
1788205494647 	 86 	 200 	 2123 	 7
1788205494663 	 73 	 200 	 2123 	 6
1788205494708 	 59 	 200 	 2123 	 5
1788205494728 	 106 	 200 	 2126 	 7
1788205494716 	 125 	 200 	 2126 	 6
1788205494689 	 164 	 200 	 2127 	 6
1788205494819 	 64 	 200 	 2128 	 6
1788205494701 	 241 	 200 	 2136 	 13
1788205494798 	 147 	 200 	 2136 	 12
1788205494693 	 254 	 200 	 2136 	 11
1788205494802 	 145 	 200 	 2137 	 11
1788205494847 	 286 	 200 	 2142 	 23
1788205494916 	 224 	 200 	 2143 	 22
1788205494863 	 288 	 200 	 2144 	 22
1788205494944 	 292 	 200 	 2145 	 24
1788205494922 	 318 	 200 	 2146 	 23
1788205494914 	 331 	 200 	 2147 	 24
1788205494937 	 305 	 200 	 2148 	 23
1788205494892 	 360 	 200 	 2149 	 22
1788205494934 	 402 	 200 	 2150 	 24
1788205494957 	 379 	 200 	 2151 	 23
1788205495135 	 208 	 200 	 2152 	 22
1788205494993 	 351 	 200 	 2153 	 22
1788205494937 	 495 	 200 	 2154 	 28
1788205495238 	 296 	 200 	 2155 	 31
1788205495142 	 397 	 200 	 2156 	 30
1788205494949 	 590 	 200 	 2157 	 29
1788205495248 	 293 	 200 	 2158 	 28
1788205494980 	 564 	 200 	 2159 	 27
1788205495251 	 383 	 200 	 2160 	 31
1788205495022 	 622 	 200 	 2161 	 30
1788205495153 	 495 	 200 	 2162 	 30
1788205495435 	 312 	 200 	 2163 	 33
1788205495342 	 415 	 200 	 2164 	 34
1788205495339 	 422 	 200 	 2165 	 34
1788205495651 	 195 	 200 	 2166 	 35
1788205495346 	 505 	 200 	 2167 	 34
1788205495255 	 601 	 200 	 2168 	 33
1788205495024 	 835 	 200 	 2169 	 32
1788205495538 	 326 	 200 	 2170 	 32
1788205495541 	 330 	 200 	 2171 	 31
1788205495543 	 330 	 200 	 2172 	 30
1788205495348 	 600 	 200 	 2173 	 34
1788205495544 	 495 	 200 	 2174 	 40
1788205495763 	 278 	 200 	 2175 	 39
1788205495242 	 796 	 200 	 2176 	 38
1788205495647 	 389 	 200 	 2177 	 37
1788205495867 	 189 	 200 	 2178 	 40
1788205495546 	 515 	 200 	 2179 	 40
1788205495853 	 286 	 200 	 2180 	 52
1788205495759 	 390 	 200 	 2181 	 52
1788205495950 	 222 	 200 	 2182 	 53
1788205495636 	 602 	 200 	 2183 	 54
1788205495750 	 503 	 200 	 2184 	 53
1788205495849 	 409 	 200 	 2185 	 52
1788205496045 	 208 	 200 	 2186 	 51
1788205495877 	 386 	 200 	 2187 	 50
1788205495874 	 390 	 200 	 2188 	 49
1788205495858 	 582 	 200 	 2189 	 67
1788205496239 	 208 	 200 	 2190 	 67
1788205496045 	 412 	 200 	 2191 	 67
1788205496042 	 414 	 200 	 2192 	 66
1788205496152 	 311 	 200 	 2193 	 66
1788205496174 	 294 	 200 	 2194 	 65
1788205496062 	 399 	 200 	 2195 	 64
1788205496475 	 169 	 200 	 2196 	 71
1788205496044 	 598 	 200 	 2197 	 70
1788205496269 	 384 	 200 	 2198 	 69
1788205496450 	 209 	 200 	 2199 	 68
1788205496443 	 216 	 200 	 2200 	 67
1788205496261 	 494 	 200 	 2201 	 70
1788205496460 	 384 	 200 	 2202 	 76
1788205496265 	 587 	 200 	 2203 	 75
1788205496466 	 390 	 200 	 2204 	 74
1788205496058 	 802 	 200 	 2205 	 73
1788205495862 	 998 	 200 	 2206 	 72
1788205496144 	 712 	 200 	 2207 	 74
1788205496651 	 216 	 200 	 2208 	 73
1788205496662 	 211 	 200 	 2209 	 72
1788205496256 	 777 	 200 	 2210 	 81
1788205496473 	 564 	 200 	 2211 	 80
1788205496655 	 387 	 200 	 2212 	 79
1788205496662 	 382 	 200 	 2213 	 78
1788205496854 	 194 	 200 	 2214 	 77
1788205496471 	 586 	 200 	 2215 	 77
1788205496646 	 406 	 200 	 2216 	 76
1788205496757 	 301 	 200 	 2217 	 75
1788205496863 	 387 	 200 	 2218 	 84
1788205496872 	 382 	 200 	 2219 	 84
1788205496267 	 994 	 200 	 2220 	 83
1788205496866 	 394 	 200 	 2221 	 82
1788205496877 	 389 	 200 	 2222 	 82
1788205497055 	 283 	 200 	 2223 	 85
1788205496848 	 493 	 200 	 2224 	 84
1788205497036 	 311 	 200 	 2225 	 83
1788205497062 	 290 	 200 	 2226 	 82
1788205497059 	 296 	 200 	 2227 	 82
1788205497039 	 310 	 200 	 2228 	 81
1788205496869 	 492 	 200 	 2229 	 80
1788205497051 	 313 	 200 	 2230 	 79
1788205497064 	 469 	 200 	 2231 	 89
1788205496860 	 680 	 200 	 2232 	 88
1788205497269 	 285 	 200 	 2233 	 87
1788205497258 	 296 	 200 	 2234 	 86
1788205497266 	 292 	 200 	 2235 	 85
1788205497253 	 310 	 200 	 2236 	 84
1788205497046 	 596 	 200 	 2237 	 87
1788205497354 	 380 	 200 	 2238 	 95
1788205497263 	 475 	 200 	 2239 	 94
1788205497349 	 393 	 200 	 2240 	 94
1788205497365 	 379 	 200 	 2241 	 93
1788205497358 	 406 	 200 	 2242 	 93
1788205497346 	 487 	 200 	 2243 	 98
1788205497368 	 467 	 200 	 2244 	 97
1788205497361 	 484 	 200 	 2245 	 96
1788205497543 	 308 	 200 	 2246 	 97
1788205497557 	 377 	 200 	 2247 	 103
1788205497563 	 377 	 200 	 2248 	 102
1788205497341 	 605 	 200 	 2249 	 101
1788205497560 	 390 	 200 	 2250 	 101
1788205497566 	 385 	 200 	 2251 	 100
1788205497536 	 499 	 200 	 2252 	 105
1788205497749 	 287 	 200 	 2253 	 104
1788205497645 	 398 	 200 	 2254 	 104
1788205497737 	 396 	 200 	 2255 	 108
1788205497740 	 409 	 200 	 2256 	 109
1788205497840 	 311 	 200 	 2257 	 108
1788205497746 	 490 	 200 	 2258 	 114
1788205497854 	 387 	 200 	 2259 	 113
1788205497767 	 499 	 200 	 2260 	 115
1788205497956 	 377 	 200 	 2261 	 118
1788205497948 	 392 	 200 	 2262 	 119
1788205497942 	 392 	 200 	 2263 	 119
1788205497953 	 390 	 200 	 2264 	 118
1788205497836 	 508 	 200 	 2265 	 117
1788205497936 	 406 	 200 	 2266 	 116
1788205497849 	 584 	 200 	 2267 	 121
1788205498038 	 394 	 200 	 2268 	 121
1788205498043 	 400 	 200 	 2269 	 120
1788205498047 	 395 	 200 	 2270 	 119
1788205498135 	 407 	 200 	 2271 	 125
1788205498153 	 394 	 200 	 2272 	 124
1788205498156 	 475 	 200 	 2273 	 132
1788205498239 	 394 	 200 	 2274 	 132
1788205498439 	 202 	 200 	 2275 	 131
1788205498245 	 488 	 200 	 2276 	 138
1788205498352 	 386 	 200 	 2277 	 137
1788205498356 	 389 	 200 	 2278 	 136
1788205498437 	 303 	 200 	 2279 	 135
1788205498449 	 295 	 200 	 2280 	 134
1788205498347 	 405 	 200 	 2281 	 133
1788205498343 	 399 	 200 	 2282 	 132
1788205498269 	 566 	 200 	 2283 	 131
1788205498446 	 393 	 200 	 2284 	 130
1788205498355 	 486 	 200 	 2285 	 129
1788205498338 	 594 	 200 	 2286 	 139
1788205498550 	 386 	 200 	 2287 	 138
1788205498645 	 297 	 200 	 2288 	 137
1788205498737 	 297 	 200 	 2289 	 141
1788205498837 	 197 	 200 	 2290 	 140
1788205498742 	 290 	 200 	 2291 	 139
1788205498747 	 299 	 200 	 2292 	 138
1788205498750 	 296 	 200 	 2293 	 137
1788205498637 	 408 	 200 	 2294 	 136
1788205498841 	 300 	 200 	 2295 	 146
1788205498934 	 269 	 200 	 2296 	 150
1788205498640 	 592 	 200 	 2297 	 151
1788205498546 	 687 	 200 	 2298 	 150
1788205498938 	 298 	 200 	 2299 	 149
1788205498751 	 486 	 200 	 2300 	 148
1788205498757 	 483 	 200 	 2301 	 147
1788205499049 	 194 	 200 	 2302 	 146
1788205498760 	 488 	 200 	 2303 	 145
1788205498846 	 406 	 200 	 2304 	 144
1788205499039 	 208 	 200 	 2305 	 143
1788205499144 	 190 	 200 	 2306 	 146
1788205499054 	 286 	 200 	 2307 	 145
1788205499043 	 298 	 200 	 2308 	 144
1788205499053 	 377 	 200 	 2309 	 148
1788205498945 	 489 	 200 	 2310 	 147
1788205499235 	 208 	 200 	 2311 	 146
1788205499037 	 411 	 200 	 2312 	 145
1788205499242 	 200 	 200 	 2313 	 144
1788205499240 	 293 	 200 	 2314 	 145
1788205499237 	 297 	 200 	 2315 	 144
1788205499205 	 332 	 200 	 2316 	 143
1788205499241 	 300 	 200 	 2317 	 143
1788205499440 	 117 	 200 	 2318 	 142
1788205499245 	 391 	 200 	 2319 	 143
1788205499449 	 189 	 200 	 2320 	 142
1788205499543 	 97 	 200 	 2321 	 141
1788205499347 	 297 	 200 	 2322 	 140
1788205499251 	 394 	 200 	 2323 	 139
1788205499338 	 395 	 200 	 2324 	 144
1788205499451 	 282 	 200 	 2325 	 143
1788205499254 	 475 	 200 	 2326 	 142
1788205499437 	 300 	 200 	 2327 	 141
1788205499445 	 293 	 200 	 2328 	 141
1788205499255 	 481 	 200 	 2329 	 140
1788205499538 	 202 	 200 	 2330 	 139
1788205499535 	 201 	 200 	 2331 	 138
1788205499650 	 184 	 200 	 2332 	 150
1788205499648 	 191 	 200 	 2333 	 149
1788205499560 	 373 	 200 	 2334 	 151
1788205499344 	 594 	 200 	 2335 	 151
1788205499642 	 297 	 200 	 2336 	 150
1788205499739 	 205 	 200 	 2337 	 149
1788205499642 	 302 	 200 	 2338 	 148
1788205499654 	 288 	 200 	 2339 	 147
1788205499540 	 402 	 200 	 2340 	 146
1788205499743 	 215 	 200 	 2341 	 145
1788205499736 	 298 	 200 	 2342 	 146
1788205499735 	 303 	 200 	 2343 	 145
1788205499736 	 398 	 200 	 2344 	 146
1788205499742 	 396 	 200 	 2345 	 145
1788205499837 	 297 	 200 	 2346 	 144
1788205499935 	 206 	 200 	 2347 	 143
1788205499841 	 390 	 200 	 2348 	 148
1788205499947 	 289 	 200 	 2349 	 147
1788205499743 	 500 	 200 	 2350 	 146
1788205499950 	 383 	 200 	 2351 	 153
1788205499960 	 374 	 200 	 2352 	 152
1788205499941 	 393 	 200 	 2353 	 151
1788205499957 	 379 	 200 	 2354 	 150
1788205500144 	 200 	 200 	 2355 	 149
1788205500042 	 298 	 200 	 2356 	 148
1788205499955 	 388 	 200 	 2357 	 147
1788205499746 	 607 	 200 	 2358 	 146
1788205499952 	 402 	 200 	 2359 	 147
1788205500036 	 404 	 200 	 2360 	 150
1788205500140 	 305 	 200 	 2361 	 149
1788205500136 	 308 	 200 	 2362 	 148
1788205500239 	 301 	 200 	 2363 	 153
1788205500339 	 294 	 200 	 2364 	 162
1788205500246 	 387 	 200 	 2365 	 161
1788205500346 	 296 	 200 	 2366 	 161
1788205500146 	 496 	 200 	 2367 	 160
1788205500344 	 291 	 200 	 2368 	 159
1788205500336 	 403 	 200 	 2369 	 168
1788205500236 	 507 	 200 	 2370 	 167
1788205500337 	 400 	 200 	 2371 	 166
1788205500357 	 391 	 200 	 2372 	 165
1788205500450 	 290 	 200 	 2373 	 164
1788205500359 	 481 	 200 	 2374 	 170
1788205500363 	 476 	 200 	 2375 	 169
1788205500442 	 402 	 200 	 2376 	 168
1788205500349 	 584 	 200 	 2377 	 174
1788205500648 	 285 	 200 	 2378 	 173
1788205500636 	 306 	 200 	 2379 	 172
1788205500541 	 400 	 200 	 2380 	 171
1788205500646 	 303 	 200 	 2381 	 170
1788205500447 	 503 	 200 	 2382 	 169
1788205500649 	 384 	 200 	 2383 	 175
1788205500744 	 289 	 200 	 2384 	 174
1788205500640 	 395 	 200 	 2385 	 175
1788205500847 	 296 	 200 	 2386 	 181
1788205500940 	 300 	 200 	 2387 	 188
1788205500954 	 292 	 200 	 2388 	 187
1788205500948 	 302 	 200 	 2389 	 186
1788205500945 	 305 	 200 	 2390 	 185
1788205500747 	 588 	 200 	 2391 	 189
1788205500843 	 501 	 200 	 2392 	 188
1788205500750 	 599 	 200 	 2393 	 187
1788205501039 	 395 	 200 	 2394 	 192
1788205501248 	 189 	 200 	 2395 	 192
1788205500752 	 692 	 200 	 2396 	 191
1788205501043 	 404 	 200 	 2397 	 190
1788205501243 	 258 	 200 	 2398 	 190
1788205501036 	 563 	 200 	 2399 	 189
1788205501145 	 455 	 200 	 2400 	 188
1788205500755 	 886 	 200 	 2401 	 187
1788205500849 	 797 	 200 	 2402 	 186
1788205500936 	 810 	 200 	 2403 	 186
1788205501256 	 501 	 200 	 2404 	 185
1788205501347 	 411 	 200 	 2405 	 184
1788205501602 	 244 	 200 	 2406 	 183
1788205501446 	 406 	 200 	 2407 	 182
1788205501440 	 455 	 200 	 2408 	 181
1788205501253 	 685 	 200 	 2409 	 180
1788205501436 	 509 	 200 	 2410 	 179
1788205501337 	 621 	 200 	 2411 	 178
1788205501649 	 308 	 200 	 2412 	 177
1788205501761 	 195 	 200 	 2413 	 176
1788205501450 	 506 	 200 	 2414 	 175
1788205501351 	 615 	 200 	 2415 	 174
1788205501848 	 120 	 200 	 2416 	 173
1788205501602 	 371 	 200 	 2417 	 172
1788205501855 	 191 	 200 	 2418 	 171
1788205501643 	 491 	 200 	 2419 	 170
1788205501897 	 237 	 200 	 2420 	 169
1788205501764 	 373 	 200 	 2421 	 168
1788205501960 	 198 	 200 	 2422 	 167
1788205501504 	 660 	 200 	 2423 	 166
1788205501969 	 230 	 200 	 2424 	 166
1788205501750 	 483 	 200 	 2425 	 165
1788205501972 	 263 	 200 	 2426 	 164
1788205501948 	 297 	 200 	 2427 	 163
1788205501972 	 286 	 200 	 2428 	 162
1788205502136 	 308 	 200 	 2429 	 161
1788205502201 	 255 	 200 	 2430 	 160
1788205501980 	 561 	 200 	 2431 	 159
1788205502167 	 378 	 200 	 2432 	 158
1788205501940 	 616 	 200 	 2433 	 157
1788205501966 	 594 	 200 	 2434 	 156
1788205501975 	 587 	 200 	 2435 	 155
1788205502243 	 324 	 200 	 2436 	 154
1788205502163 	 482 	 200 	 2437 	 153
1788205502138 	 519 	 200 	 2438 	 152
1788205502049 	 692 	 200 	 2439 	 151
1788205502248 	 508 	 200 	 2440 	 150
1788205502447 	 310 	 200 	 2441 	 149
1788205502261 	 577 	 200 	 2442 	 148
1788205502761 	 181 	 200 	 2443 	 147
1788205502570 	 377 	 200 	 2444 	 146
1788205502759 	 188 	 200 	 2445 	 145
1788205502565 	 488 	 200 	 2446 	 147
1788205502840 	 314 	 200 	 2447 	 146
1788205502944 	 212 	 200 	 2448 	 145
1788205502953 	 207 	 200 	 2449 	 144
1788205502548 	 692 	 200 	 2450 	 143
1788205502950 	 297 	 200 	 2451 	 142
1788205502648 	 609 	 200 	 2452 	 141
1788205503160 	 183 	 200 	 2453 	 140
1788205502139 	 1207 	 200 	 2454 	 139
1788205502558 	 798 	 200 	 2455 	 138
1788205502457 	 898 	 200 	 2456 	 137
1788205502543 	 820 	 200 	 2457 	 136
1788205503162 	 205 	 200 	 2458 	 135
1788205503242 	 202 	 200 	 2459 	 134
1788205503156 	 293 	 200 	 2460 	 133
1788205502658 	 874 	 200 	 2461 	 132
1788205503250 	 284 	 200 	 2462 	 131
1788205503056 	 483 	 200 	 2463 	 130
1788205502744 	 801 	 200 	 2464 	 129
1788205503360 	 207 	 200 	 2465 	 128
1788205503362 	 291 	 200 	 2466 	 128
1788205503547 	 120 	 200 	 2467 	 127
1788205503447 	 221 	 200 	 2468 	 126
1788205503348 	 492 	 200 	 2469 	 125
1788205503259 	 585 	 200 	 2470 	 124
1788205503344 	 511 	 200 	 2471 	 123
1788205503535 	 411 	 200 	 2472 	 122
1788205503671 	 289 	 200 	 2473 	 122
1788205503370 	 679 	 200 	 2474 	 121
1788205503536 	 520 	 200 	 2475 	 120
1788205503451 	 607 	 200 	 2476 	 119
1788205503668 	 399 	 200 	 2477 	 118
1788205503569 	 575 	 200 	 2478 	 117
1788205503541 	 604 	 200 	 2479 	 116
1788205503656 	 498 	 200 	 2480 	 116
1788205503858 	 310 	 200 	 2481 	 115
1788205503843 	 329 	 200 	 2482 	 114
1788205503947 	 309 	 200 	 2483 	 113
1788205503962 	 296 	 200 	 2484 	 112
1788205503846 	 510 	 200 	 2485 	 111
1788205504058 	 302 	 200 	 2486 	 110
1788205504061 	 384 	 200 	 2487 	 109
1788205504149 	 309 	 200 	 2488 	 108
1788205504053 	 409 	 200 	 2489 	 107
1788205504174 	 290 	 200 	 2490 	 106
1788205504261 	 286 	 200 	 2491 	 105
1788205504156 	 398 	 200 	 2492 	 104
1788205504260 	 300 	 200 	 2493 	 103
1788205502561 	 2084 	 200 	 2494 	 102
1788205504145 	 698 	 200 	 2495 	 101
1788205504464 	 387 	 200 	 2496 	 100
1788205504362 	 488 	 200 	 2497 	 99
1788205504557 	 389 	 200 	 2498 	 98
1788205504171 	 782 	 200 	 2499 	 97
1788205504549 	 403 	 200 	 2500 	 96
1788205504359 	 601 	 200 	 2501 	 95
1788205504069 	 893 	 200 	 2502 	 94
1788205504564 	 403 	 200 	 2503 	 93
1788205504648 	 400 	 200 	 2504 	 92
1788205504460 	 592 	 200 	 2505 	 91
1788205504447 	 626 	 200 	 2506 	 90
1788205504466 	 670 	 200 	 2507 	 89
1788205504847 	 296 	 200 	 2508 	 88
1788205504853 	 308 	 200 	 2509 	 87
1788205505076 	 168 	 200 	 2510 	 86
1788205504949 	 308 	 200 	 2511 	 85
1788205500951 	 4306 	 200 	 2512 	 84
1788205504964 	 302 	 200 	 2513 	 83
1788205504966 	 378 	 200 	 2514 	 82
1788205504956 	 392 	 200 	 2515 	 81
1788205505147 	 204 	 200 	 2516 	 80
1788205504969 	 394 	 200 	 2517 	 79
1788205504955 	 485 	 200 	 2518 	 78
1788205505246 	 210 	 200 	 2519 	 77
1788205503366 	 2090 	 200 	 2520 	 76
1788205505261 	 202 	 200 	 2521 	 75
1788205505354 	 121 	 200 	 2522 	 75
1788205505051 	 493 	 200 	 2523 	 80
1788205505163 	 386 	 200 	 2524 	 80
1788205505365 	 187 	 200 	 2525 	 79
1788205505346 	 212 	 200 	 2526 	 78
1788205504856 	 707 	 200 	 2527 	 78
1788205505263 	 299 	 200 	 2528 	 77
1788205505268 	 406 	 200 	 2529 	 84
1788205505139 	 535 	 200 	 2530 	 83
1788205505567 	 192 	 200 	 2531 	 86
1788205505461 	 378 	 200 	 2532 	 88
1788205505556 	 292 	 200 	 2533 	 88
1788205505565 	 288 	 200 	 2534 	 87
1788205505447 	 403 	 200 	 2535 	 86
1788205505477 	 382 	 200 	 2536 	 85
1788205505761 	 174 	 200 	 2537 	 85
1788205505350 	 595 	 200 	 2538 	 84
1788205505859 	 103 	 200 	 2539 	 85
1788205505841 	 203 	 200 	 2540 	 89
1788205505459 	 596 	 200 	 2541 	 88
1788205505852 	 209 	 200 	 2542 	 87
1788205505948 	 121 	 200 	 2543 	 86
1788205505856 	 295 	 200 	 2544 	 93
1788205505936 	 313 	 200 	 2545 	 100
1788205505862 	 395 	 200 	 2546 	 99
1788205505552 	 708 	 200 	 2547 	 98
1788205505465 	 875 	 200 	 2548 	 97
1788205505964 	 381 	 200 	 2549 	 96
1788205506063 	 287 	 200 	 2550 	 95
1788205506072 	 368 	 200 	 2551 	 95
1788205505677 	 766 	 200 	 2552 	 94
1788205505055 	 1387 	 200 	 2553 	 93
1788205505561 	 884 	 200 	 2554 	 92
1788205506262 	 201 	 200 	 2555 	 91
1788205506045 	 422 	 200 	 2556 	 90
1788205506154 	 379 	 200 	 2557 	 89
1788205505678 	 857 	 200 	 2558 	 88
1788205506352 	 245 	 200 	 2559 	 87
1788205506348 	 285 	 200 	 2560 	 86
1788205506252 	 386 	 200 	 2561 	 85
1788205506057 	 585 	 200 	 2562 	 84
1788205505546 	 1100 	 200 	 2563 	 83
1788205506445 	 208 	 200 	 2564 	 82
1788205506343 	 313 	 200 	 2565 	 81
1788205506442 	 292 	 200 	 2566 	 81
1788205506447 	 296 	 200 	 2567 	 80
1788205506259 	 489 	 200 	 2568 	 79
1788205506444 	 398 	 200 	 2569 	 79
1788205506465 	 376 	 200 	 2570 	 78
1788205506641 	 208 	 200 	 2571 	 77
1788205506471 	 384 	 200 	 2572 	 76
1788205506537 	 316 	 200 	 2573 	 75
1788205506654 	 204 	 200 	 2574 	 74
1788205506537 	 405 	 200 	 2575 	 73
1788205506861 	 172 	 200 	 2576 	 72
1788205506650 	 398 	 200 	 2577 	 71
1788205506645 	 414 	 200 	 2578 	 70
1788205506750 	 390 	 200 	 2579 	 69
1788205506736 	 409 	 200 	 2580 	 68
1788205506851 	 298 	 200 	 2581 	 67
1788205506948 	 299 	 200 	 2582 	 66
1788205507152 	 100 	 200 	 2583 	 65
1788205507063 	 189 	 200 	 2584 	 64
1788205507051 	 209 	 200 	 2585 	 63
1788205507036 	 230 	 200 	 2586 	 62
1788205507148 	 116 	 200 	 2587 	 61
1788205506864 	 408 	 200 	 2588 	 60
1788205506845 	 507 	 200 	 2589 	 59
1788205506746 	 611 	 200 	 2590 	 58
1788205506601 	 839 	 200 	 2591 	 58
1788205507258 	 191 	 200 	 2592 	 57
1788205506659 	 803 	 200 	 2593 	 56
1788205507255 	 210 	 200 	 2594 	 55
1788205507143 	 397 	 200 	 2595 	 54
1788205506857 	 692 	 200 	 2596 	 53
1788205507360 	 200 	 200 	 2597 	 52
1788205507273 	 376 	 200 	 2598 	 51
1788205507263 	 395 	 200 	 2599 	 50
1788205507563 	 105 	 200 	 2600 	 49
1788205507442 	 306 	 200 	 2601 	 50
1788205507267 	 485 	 200 	 2602 	 49
1788205506636 	 1119 	 200 	 2603 	 48
1788205507250 	 511 	 200 	 2604 	 47
1788205507465 	 298 	 200 	 2605 	 46
1788205507270 	 491 	 200 	 2606 	 46
1788205507670 	 277 	 200 	 2607 	 59
1788205507652 	 300 	 200 	 2608 	 59
1788205507770 	 192 	 200 	 2609 	 58
1788205507756 	 292 	 200 	 2610 	 61
1788205507452 	 603 	 200 	 2611 	 61
1788205507750 	 309 	 200 	 2612 	 60
1788205507760 	 308 	 200 	 2613 	 59
1788205507954 	 189 	 200 	 2614 	 64
1788205507949 	 195 	 200 	 2615 	 63
1788205507765 	 379 	 200 	 2616 	 62
1788205507468 	 698 	 200 	 2617 	 63
1788205507543 	 623 	 200 	 2618 	 62
1788205507661 	 583 	 200 	 2619 	 69
1788205508062 	 192 	 200 	 2620 	 69
1788205508052 	 207 	 200 	 2621 	 69
1788205508148 	 197 	 200 	 2622 	 76
1788205508170 	 177 	 200 	 2623 	 75
1788205508150 	 198 	 200 	 2624 	 75
1788205508070 	 291 	 200 	 2625 	 75
1788205507356 	 1008 	 200 	 2626 	 75
1788205507768 	 675 	 200 	 2627 	 78
1788205507552 	 894 	 200 	 2628 	 77
1788205508172 	 372 	 200 	 2629 	 82
1788205508350 	 199 	 200 	 2630 	 81
1788205508353 	 201 	 200 	 2631 	 81
1788205508366 	 195 	 200 	 2632 	 82
1788205507964 	 688 	 200 	 2633 	 86
1788205508547 	 197 	 200 	 2634 	 87
1788205508152 	 602 	 200 	 2635 	 86
1788205508256 	 496 	 200 	 2636 	 85
1788205508058 	 705 	 200 	 2637 	 84
1788205508551 	 213 	 200 	 2638 	 83
1788205508564 	 280 	 200 	 2639 	 82
1788205508247 	 596 	 200 	 2640 	 81
1788205508261 	 583 	 200 	 2641 	 80
1788205508363 	 501 	 200 	 2642 	 79
1788205508767 	 175 	 200 	 2643 	 78
1788205508748 	 196 	 200 	 2644 	 77
1788205508757 	 189 	 200 	 2645 	 76
1788205508347 	 623 	 200 	 2646 	 75
1788205508445 	 603 	 200 	 2647 	 75
1788205508768 	 293 	 200 	 2648 	 74
1788205508947 	 196 	 200 	 2649 	 75
1788205508947 	 198 	 200 	 2650 	 76
1788205508846 	 387 	 200 	 2651 	 83
1788205508866 	 374 	 200 	 2652 	 82
1788205508846 	 397 	 200 	 2653 	 82
1788205508846 	 396 	 200 	 2654 	 81
1788205508448 	 797 	 200 	 2655 	 80
1788205509144 	 101 	 200 	 2656 	 79
1788205509147 	 107 	 200 	 2657 	 78
1788205508950 	 308 	 200 	 2658 	 77
1788205508557 	 774 	 200 	 2659 	 83
1788205508654 	 680 	 200 	 2660 	 82
1788205508756 	 580 	 200 	 2661 	 81
1788205509063 	 377 	 200 	 2662 	 85
1788205509247 	 194 	 200 	 2663 	 84
1788205509336 	 109 	 200 	 2664 	 83
1788205508972 	 491 	 200 	 2665 	 82
1788205509049 	 491 	 200 	 2666 	 88
1788205509256 	 302 	 200 	 2667 	 87
1788205509465 	 184 	 200 	 2668 	 89
1788205509449 	 200 	 200 	 2669 	 88
1788205509334 	 337 	 200 	 2670 	 88
1788205509240 	 433 	 200 	 2671 	 87
1788205509341 	 409 	 200 	 2672 	 90
1788205509443 	 322 	 200 	 2673 	 89
1788205509249 	 517 	 200 	 2674 	 88
1788205509246 	 586 	 200 	 2675 	 95
1788205509261 	 579 	 200 	 2676 	 94
1788205509248 	 596 	 200 	 2677 	 93
1788205509675 	 170 	 200 	 2678 	 92
1788205509675 	 183 	 200 	 2679 	 91
1788205509243 	 619 	 200 	 2680 	 90
1788205509561 	 374 	 200 	 2681 	 94
1788205506845 	 3113 	 200 	 2682 	 94
1788205509447 	 587 	 200 	 2683 	 103
1788205509657 	 390 	 200 	 2684 	 104
1788205509543 	 511 	 200 	 2685 	 103
1788205509769 	 289 	 200 	 2686 	 102
1788205509845 	 218 	 200 	 2687 	 101
1788205509753 	 386 	 200 	 2688 	 107
1788205509652 	 493 	 200 	 2689 	 106
1788205509769 	 376 	 200 	 2690 	 105
1788205509937 	 297 	 200 	 2691 	 112
1788205510062 	 178 	 200 	 2692 	 112
1788205509960 	 287 	 200 	 2693 	 111
1788205509864 	 387 	 200 	 2694 	 110
1788205509842 	 418 	 200 	 2695 	 111
1788205510057 	 203 	 200 	 2696 	 110
1788205510036 	 232 	 200 	 2697 	 109
1788205510051 	 214 	 200 	 2698 	 108
1788205510150 	 194 	 200 	 2699 	 111
1788205510141 	 207 	 200 	 2700 	 110
1788205510148 	 215 	 200 	 2701 	 109
1788205509861 	 507 	 200 	 2702 	 109
1788205510066 	 375 	 200 	 2703 	 114
1788205510249 	 193 	 200 	 2704 	 113
1788205510237 	 207 	 200 	 2705 	 112
1788205510254 	 193 	 200 	 2706 	 111
1788205510267 	 189 	 200 	 2707 	 110
1788205510272 	 189 	 200 	 2708 	 109
1788205510351 	 116 	 200 	 2709 	 108
1788205510347 	 187 	 200 	 2710 	 111
1788205510270 	 269 	 200 	 2711 	 110
1788205510243 	 390 	 200 	 2712 	 116
1788205510445 	 192 	 200 	 2713 	 116
1788205510443 	 196 	 200 	 2714 	 115
1788205509850 	 795 	 200 	 2715 	 114
1788205510371 	 271 	 200 	 2716 	 113
1788205502235 	 8413 	 200 	 2717 	 114
1788205510366 	 366 	 200 	 2718 	 119
1788205510263 	 471 	 200 	 2719 	 118
1788205510449 	 287 	 200 	 2720 	 117
1788205510471 	 363 	 200 	 2721 	 125
1788205509841 	 998 	 200 	 2722 	 124
1788205510635 	 209 	 200 	 2723 	 125
1788205510464 	 473 	 200 	 2724 	 134
1788205510649 	 294 	 200 	 2725 	 134
1788205510541 	 406 	 200 	 2726 	 133
1788205510459 	 493 	 200 	 2727 	 132
1788205510446 	 593 	 200 	 2728 	 134
1788205510651 	 482 	 200 	 2729 	 138
1788205510536 	 601 	 200 	 2730 	 137
1788205510648 	 492 	 200 	 2731 	 136
1788205510641 	 502 	 200 	 2732 	 135
1788205510743 	 402 	 200 	 2733 	 134
1788205510740 	 496 	 200 	 2734 	 140
1788205510955 	 378 	 200 	 2735 	 143
1788205510846 	 488 	 200 	 2736 	 142
1788205511041 	 291 	 200 	 2737 	 141
1788205510940 	 396 	 200 	 2738 	 140
1788205510949 	 484 	 200 	 2739 	 140
1788205510841 	 603 	 200 	 2740 	 139
1788205511148 	 299 	 200 	 2741 	 138
1788205511135 	 315 	 200 	 2742 	 137
1788205511140 	 315 	 200 	 2743 	 136
1788205510736 	 725 	 200 	 2744 	 135
1788205511335 	 222 	 200 	 2745 	 139
1788205511151 	 409 	 200 	 2746 	 138
1788205510645 	 915 	 200 	 2747 	 137
1788205511239 	 408 	 200 	 2748 	 139
1788205510836 	 814 	 200 	 2749 	 138
1788205511436 	 223 	 200 	 2750 	 137
1788205511453 	 207 	 200 	 2751 	 136
1788205511559 	 190 	 200 	 2752 	 139
1788205511339 	 419 	 200 	 2753 	 139
1788205511459 	 385 	 200 	 2754 	 142
1788205510945 	 898 	 200 	 2755 	 141
1788205511147 	 701 	 200 	 2756 	 141
1788205511447 	 411 	 200 	 2757 	 140
1788205511663 	 234 	 200 	 2758 	 140
1788205511450 	 489 	 200 	 2759 	 142
1788205511759 	 181 	 200 	 2760 	 141
1788205511337 	 614 	 200 	 2761 	 140
1788205511856 	 191 	 200 	 2762 	 143
1788205511563 	 491 	 200 	 2763 	 142
1788205511562 	 493 	 200 	 2764 	 141
1788205511649 	 402 	 200 	 2765 	 140
1788205511942 	 120 	 200 	 2766 	 139
1788205511751 	 317 	 200 	 2767 	 139
1788205511860 	 285 	 200 	 2768 	 147
1788205511899 	 255 	 200 	 2769 	 146
1788205511846 	 329 	 200 	 2770 	 145
1788205511940 	 294 	 200 	 2771 	 148
1788205512056 	 189 	 200 	 2772 	 148
1788205512050 	 195 	 200 	 2773 	 147
1788205512060 	 195 	 200 	 2774 	 146
1788205511662 	 598 	 200 	 2775 	 145
1788205512236 	 35 	 200 	 2776 	 145
1788205511463 	 871 	 200 	 2777 	 148
1788205512177 	 162 	 200 	 2778 	 147
1788205511653 	 703 	 200 	 2779 	 147
1788205512067 	 366 	 200 	 2780 	 148
1788205512064 	 375 	 200 	 2781 	 147
1788205512258 	 185 	 200 	 2782 	 146
1788205511952 	 496 	 200 	 2783 	 145
1788205512148 	 303 	 200 	 2784 	 144
1788205512072 	 374 	 200 	 2785 	 143
1788205512247 	 215 	 200 	 2786 	 143
1788205512156 	 380 	 200 	 2787 	 149
1788205512359 	 178 	 200 	 2788 	 148
1788205512272 	 275 	 200 	 2789 	 147
1788205512265 	 302 	 200 	 2790 	 146
1788205512336 	 302 	 200 	 2791 	 147
1788205511337 	 1301 	 200 	 2792 	 146
1788205511846 	 799 	 200 	 2793 	 145
1788205512248 	 402 	 200 	 2794 	 145
1788205512435 	 288 	 200 	 2795 	 147
1788205512457 	 282 	 200 	 2796 	 147
1788205512445 	 302 	 200 	 2797 	 146
1788205512341 	 495 	 200 	 2798 	 152
1788205512442 	 397 	 200 	 2799 	 151
1788205512450 	 394 	 200 	 2800 	 150
1788205512463 	 385 	 200 	 2801 	 149
1788205512644 	 195 	 200 	 2802 	 149
1788205512454 	 401 	 200 	 2803 	 149
1788205512540 	 317 	 200 	 2804 	 148
1788205512543 	 396 	 200 	 2805 	 147
1788205512641 	 303 	 200 	 2806 	 146
1788205512742 	 299 	 200 	 2807 	 145
1788205512724 	 322 	 200 	 2808 	 144
1788205512550 	 508 	 200 	 2809 	 143
1788205512569 	 491 	 200 	 2810 	 142
1788205512648 	 485 	 200 	 2811 	 141
1788205512652 	 482 	 200 	 2812 	 140
1788205512851 	 285 	 200 	 2813 	 139
1788205512748 	 393 	 200 	 2814 	 138
1788205512859 	 287 	 200 	 2815 	 137
1788205512838 	 313 	 200 	 2816 	 136
1788205512862 	 293 	 200 	 2817 	 135
1788205513065 	 167 	 200 	 2818 	 134
1788205512947 	 287 	 200 	 2819 	 133
1788205512847 	 387 	 200 	 2820 	 132
1788205512854 	 380 	 200 	 2821 	 131
1788205512840 	 402 	 200 	 2822 	 130
1788205513062 	 186 	 200 	 2823 	 129
1788205513049 	 204 	 200 	 2824 	 128
1788205513044 	 212 	 200 	 2825 	 127
1788205513144 	 130 	 200 	 2826 	 126
1788205512942 	 379 	 200 	 2827 	 125
1788205513157 	 168 	 200 	 2828 	 124
1788205513150 	 184 	 200 	 2829 	 123
1788205513135 	 200 	 200 	 2830 	 122
1788205513137 	 200 	 200 	 2831 	 121
1788205513139 	 202 	 200 	 2832 	 120
1788205513153 	 193 	 200 	 2833 	 119
1788205513240 	 201 	 200 	 2834 	 118
1788205513255 	 190 	 200 	 2835 	 117
1788205513237 	 203 	 200 	 2836 	 116
1788205513237 	 214 	 200 	 2837 	 115
1788205513247 	 199 	 200 	 2838 	 114
1788205513275 	 261 	 200 	 2839 	 113
1788205513335 	 206 	 200 	 2840 	 112
1788205513337 	 203 	 200 	 2841 	 111
1788205513259 	 290 	 200 	 2842 	 110
1788205513235 	 314 	 200 	 2843 	 109
1788205513347 	 290 	 200 	 2844 	 108
1788205513339 	 305 	 200 	 2845 	 107
1788205513251 	 393 	 200 	 2846 	 106
1788205513324 	 410 	 200 	 2847 	 105
1788205513451 	 288 	 200 	 2848 	 104
1788205513342 	 400 	 200 	 2849 	 103
1788205513326 	 507 	 200 	 2850 	 102
1788205513546 	 289 	 200 	 2851 	 101
1788205513543 	 297 	 200 	 2852 	 100
1788205513453 	 480 	 200 	 2853 	 99
1788205513443 	 490 	 200 	 2854 	 98
1788205513735 	 208 	 200 	 2855 	 97
1788205513640 	 399 	 200 	 2856 	 96
1788205513554 	 484 	 200 	 2857 	 95
1788205513741 	 305 	 200 	 2858 	 95
1788205513538 	 507 	 200 	 2859 	 94
1788205513449 	 593 	 200 	 2860 	 93
1788205513646 	 396 	 200 	 2861 	 92
1788205513552 	 583 	 200 	 2862 	 91
1788205513455 	 681 	 200 	 2863 	 90
1788205513835 	 310 	 200 	 2864 	 89
1788205513649 	 495 	 200 	 2865 	 88
1788205513843 	 397 	 200 	 2866 	 87
1788205513745 	 501 	 200 	 2867 	 87
1788205514045 	 231 	 200 	 2868 	 86
1788205513937 	 409 	 200 	 2869 	 85
1788205513839 	 594 	 200 	 2870 	 84
1788205513947 	 491 	 200 	 2871 	 83
1788205514051 	 485 	 200 	 2872 	 82
1788205514041 	 493 	 200 	 2873 	 81
1788205513940 	 597 	 200 	 2874 	 80
1788205514142 	 404 	 200 	 2875 	 79
1788205514057 	 490 	 200 	 2876 	 78
1788205514055 	 487 	 200 	 2877 	 77
1788205514147 	 412 	 200 	 2878 	 76
1788205514278 	 355 	 200 	 2879 	 75
1788205514139 	 493 	 200 	 2880 	 74
1788205514149 	 485 	 200 	 2881 	 73
1788205514349 	 287 	 200 	 2882 	 72
1788205514247 	 392 	 200 	 2883 	 71
1788205514053 	 594 	 200 	 2884 	 70
1788205514436 	 201 	 200 	 2885 	 69
1788205514243 	 407 	 200 	 2886 	 68
1788205514540 	 195 	 200 	 2887 	 67
1788205514545 	 196 	 200 	 2888 	 66
1788205514557 	 275 	 200 	 2889 	 65
1788205514554 	 280 	 200 	 2890 	 64
1788205514549 	 286 	 200 	 2891 	 63
1788205514551 	 292 	 200 	 2892 	 62
1788205514440 	 408 	 200 	 2893 	 61
1788205514561 	 281 	 200 	 2894 	 60
1788205514654 	 279 	 200 	 2895 	 59
1788205514744 	 203 	 200 	 2896 	 58
1788205514635 	 397 	 200 	 2897 	 57
1788205514635 	 407 	 200 	 2898 	 56
1788205514834 	 218 	 200 	 2899 	 55
1788205514642 	 506 	 200 	 2900 	 54
1788205514837 	 315 	 200 	 2901 	 53
1788205514657 	 490 	 200 	 2902 	 52
1788205514639 	 518 	 200 	 2903 	 51
1788205514640 	 524 	 200 	 2904 	 50
1788205514649 	 593 	 200 	 2905 	 49
1788205514936 	 319 	 200 	 2906 	 48
1788205514738 	 519 	 200 	 2907 	 47
1788205514837 	 420 	 200 	 2908 	 46
1788205515035 	 232 	 200 	 2909 	 45
1788205515154 	 113 	 200 	 2910 	 44
1788205514854 	 481 	 200 	 2911 	 43
1788205515055 	 378 	 200 	 2912 	 42
1788205515150 	 305 	 200 	 2913 	 41
1788205514851 	 609 	 200 	 2914 	 40
1788205515262 	 199 	 200 	 2915 	 39
1788205514846 	 619 	 200 	 2916 	 38
1788205515046 	 420 	 200 	 2917 	 37
1788205515159 	 394 	 200 	 2918 	 36
1788205515269 	 292 	 200 	 2919 	 35
1788205515256 	 311 	 200 	 2920 	 34
1788205515435 	 135 	 200 	 2921 	 33
1788205515161 	 410 	 200 	 2922 	 32
1788205515458 	 197 	 200 	 2923 	 31
1788205515468 	 204 	 200 	 2924 	 30
1788205515244 	 499 	 200 	 2925 	 29
1788205515556 	 193 	 200 	 2926 	 28
1788205515262 	 487 	 200 	 2927 	 27
1788205515165 	 586 	 200 	 2928 	 26
1788205515338 	 508 	 200 	 2929 	 25
1788205515270 	 675 	 200 	 2930 	 24
1788205515567 	 384 	 200 	 2931 	 23
1788205515576 	 381 	 200 	 2932 	 22
1788205515574 	 387 	 200 	 2933 	 21
1788205515758 	 211 	 200 	 2934 	 20
1788205515569 	 464 	 200 	 2935 	 19
1788205515657 	 387 	 200 	 2936 	 18
1788205515746 	 387 	 200 	 2937 	 17
1788205515463 	 671 	 200 	 2938 	 16
1788205515972 	 183 	 200 	 2939 	 15
1788205515753 	 409 	 200 	 2939 	 14
1788205515470 	 693 	 200 	 2939 	 13
1788205515674 	 668 	 200 	 2940 	 13
1788205515756 	 586 	 200 	 2940 	 12
1788205515849 	 495 	 200 	 2940 	 11
1788205516047 	 300 	 200 	 2940 	 10
1788205516035 	 325 	 200 	 2940 	 9
1788205515472 	 974 	 200 	 2940 	 8
1788205515948 	 499 	 200 	 2940 	 7
1788205515959 	 498 	 200 	 2940 	 6
1788205516139 	 321 	 200 	 2940 	 5
1788205515964 	 581 	 200 	 2940 	 4
1788205516311 	 241 	 200 	 2940 	 3
1788205516137 	 417 	 200 	 2940 	 2
1788205514949 	 1902 	 200 	 2940 	 1
1788205515953 	 1011 	 200 	 2940 	 0
1788205517654 	 35 	 200 	 2942 	 1
1788205517666 	 27 	 200 	 2942 	 0
1788205518035 	 34 	 200 	 2943 	 0
1788205519052 	 33 	 200 	 2944 	 0
1788205520423 	 43 	 200 	 2945 	 0
1788205520521 	 30 	 200 	 2946 	 0
1788205520856 	 27 	 200 	 2947 	 0
1788205521960 	 28 	 200 	 2948 	 0
1788205522019 	 35 	 200 	 2949 	 0
1788205522566 	 18 	 200 	 2950 	 0
1788205522675 	 20 	 200 	 2951 	 0
1788205524293 	 32 	 200 	 2952 	 0
1788205524364 	 27 	 200 	 2953 	 0
1788205525231 	 29 	 200 	 2955 	 1
1788205525249 	 19 	 200 	 2956 	 1
1788205525264 	 13 	 200 	 2956 	 0
1788205525297 	 38 	 200 	 2965 	 8
1788205525306 	 36 	 200 	 2965 	 7
1788205525315 	 34 	 200 	 2966 	 7
1788205525349 	 54 	 200 	 2967 	 7
1788205525323 	 82 	 200 	 2967 	 6
1788205525320 	 115 	 200 	 2968 	 6
1788205525329 	 109 	 200 	 2968 	 5
1788205525324 	 115 	 200 	 2968 	 4
1788205525317 	 121 	 200 	 2968 	 3
1788205525310 	 126 	 200 	 2968 	 2
1788205525401 	 60 	 200 	 2968 	 1
1788205525434 	 38 	 200 	 2968 	 0
1788205525624 	 32 	 200 	 2969 	 0
1788205525941 	 41 	 200 	 2970 	 1
1788205525984 	 28 	 200 	 2971 	 0
1788205526244 	 21 	 200 	 2972 	 0
1788205527043 	 32 	 200 	 2973 	 0
1788205527463 	 23 	 200 	 2974 	 0
1788205527929 	 27 	 200 	 2975 	 0
1788205527999 	 16 	 200 	 2976 	 0
1788205528030 	 12 	 200 	 2977 	 0
1788205528777 	 32 	 200 	 2979 	 1
1788205528783 	 35 	 200 	 2979 	 0
1788205528832 	 22 	 200 	 2983 	 3
1788205528828 	 28 	 200 	 2983 	 2
1788205528830 	 26 	 200 	 2983 	 1
1788205528839 	 18 	 200 	 2983 	 0
1788205528859 	 12 	 200 	 2985 	 1
1788205528871 	 16 	 200 	 2985 	 0
1788205528905 	 13 	 200 	 2987 	 1
1788205528907 	 26 	 200 	 2988 	 1
1788205528920 	 13 	 200 	 2988 	 0
1788205528935 	 16 	 200 	 2991 	 2
1788205528944 	 15 	 200 	 2991 	 1
1788205528945 	 18 	 200 	 2991 	 0
1788205528988 	 14 	 200 	 2993 	 1
1788205528990 	 13 	 200 	 2993 	 0
1788205529024 	 15 	 200 	 2998 	 4
1788205529026 	 15 	 200 	 2998 	 3
1788205529028 	 19 	 200 	 2998 	 2
1788205529031 	 16 	 200 	 2998 	 1
1788205529034 	 18 	 200 	 2999 	 1
1788205529052 	 15 	 200 	 2999 	 0
1788205529071 	 17 	 200 	 3000 	 0
1788205529091 	 15 	 200 	 3005 	 4
1788205529096 	 26 	 200 	 3006 	 4
1788205529101 	 24 	 200 	 3006 	 3
1788205529105 	 20 	 200 	 3006 	 2
1788205529118 	 18 	 200 	 3006 	 1
1788205529106 	 31 	 200 	 3006 	 0
1788205529146 	 14 	 200 	 3009 	 2
1788205529148 	 14 	 200 	 3009 	 2
1788205529155 	 16 	 200 	 3011 	 2
1788205529164 	 17 	 200 	 3011 	 1
1788205529168 	 14 	 200 	 3011 	 0
1788205529185 	 14 	 200 	 3013 	 1
1788205529202 	 30 	 200 	 3018 	 5
1788205529199 	 35 	 200 	 3018 	 4
1788205529202 	 32 	 200 	 3018 	 3
1788205529205 	 31 	 200 	 3018 	 2
1788205529212 	 35 	 200 	 3020 	 3
1788205529210 	 38 	 200 	 3020 	 2
1788205529239 	 16 	 200 	 3021 	 2
1788205529245 	 15 	 200 	 3021 	 1
1788205529252 	 14 	 200 	 3022 	 1
1788205529263 	 13 	 200 	 3022 	 0
1788205529279 	 13 	 200 	 3025 	 2
1788205529280 	 21 	 200 	 3026 	 2
1788205529292 	 30 	 200 	 3026 	 1
1788205529295 	 28 	 200 	 3026 	 0
1788205529335 	 13 	 200 	 3030 	 3
1788205529328 	 23 	 200 	 3030 	 2
1788205529343 	 18 	 200 	 3032 	 3
1788205529348 	 17 	 200 	 3033 	 3
1788205529357 	 15 	 200 	 3034 	 3
1788205529361 	 17 	 200 	 3034 	 2
1788205529368 	 14 	 200 	 3034 	 1
1788205529366 	 16 	 200 	 3034 	 0
1788205529388 	 14 	 200 	 3035 	 0
1788205529412 	 23 	 200 	 3039 	 3
1788205529406 	 30 	 200 	 3039 	 2
1788205529424 	 14 	 200 	 3039 	 1
1788205529404 	 38 	 200 	 3039 	 0
1788205529477 	 32 	 200 	 3040 	 0
1788205529800 	 34 	 200 	 3041 	 0
1788205530535 	 33 	 200 	 3042 	 0
1788205531218 	 31 	 200 	 3043 	 0
1788205531435 	 19 	 200 	 3044 	 0
1788205531741 	 43 	 200 	 3045 	 0
1788205532548 	 34 	 200 	 3046 	 0
1788205532806 	 36 	 200 	 3047 	 0
1788205533694 	 15 	 200 	 3050 	 2
1788205533661 	 58 	 200 	 3051 	 2
1788205533713 	 15 	 200 	 3052 	 2
1788205533758 	 42 	 200 	 3055 	 4
1788205533782 	 18 	 200 	 3055 	 3
1788205533799 	 14 	 200 	 3056 	 3
1788205533724 	 90 	 200 	 3056 	 2
1788205533816 	 15 	 200 	 3057 	 2
1788205533837 	 61 	 200 	 3059 	 3
1788205533815 	 93 	 200 	 3060 	 3
1788205533840 	 77 	 200 	 3060 	 2
1788205533902 	 17 	 200 	 3060 	 1
1788205533659 	 290 	 200 	 3060 	 0
1788205533956 	 18 	 200 	 3061 	 0
1788205533983 	 17 	 200 	 3064 	 2
1788205533981 	 19 	 200 	 3064 	 1
1788205533991 	 17 	 200 	 3064 	 0
1788205534059 	 31 	 200 	 3066 	 1
1788205534066 	 33 	 200 	 3066 	 0
1788205534156 	 36 	 200 	 3068 	 1
1788205534170 	 36 	 200 	 3070 	 2
1788205534201 	 12 	 200 	 3070 	 1
1788205534197 	 24 	 200 	 3070 	 0
1788205534237 	 18 	 200 	 3071 	 0
1788205534275 	 13 	 200 	 3074 	 2
1788205534274 	 16 	 200 	 3075 	 2
1788205534283 	 17 	 200 	 3076 	 3
1788205534290 	 15 	 200 	 3077 	 2
1788205534296 	 13 	 200 	 3078 	 2
1788205534301 	 17 	 200 	 3078 	 1
1788205534310 	 15 	 200 	 3078 	 0
1788205534341 	 12 	 200 	 3079 	 0
1788205534364 	 13 	 200 	 3080 	 0
1788205534379 	 19 	 200 	 3083 	 2
1788205534406 	 13 	 200 	 3085 	 3
1788205534390 	 36 	 200 	 3086 	 3
1788205534422 	 13 	 200 	 3086 	 2
1788205534398 	 54 	 200 	 3087 	 2
1788205534409 	 44 	 200 	 3087 	 1
1788205534443 	 14 	 200 	 3087 	 0
1788205534485 	 20 	 200 	 3088 	 0
1788205534524 	 17 	 200 	 3092 	 3
1788205534538 	 13 	 200 	 3092 	 2
1788205534537 	 15 	 200 	 3092 	 1
1788205534543 	 13 	 200 	 3093 	 1
1788205534555 	 14 	 200 	 3095 	 2
1788205534561 	 16 	 200 	 3096 	 2
1788205534569 	 25 	 200 	 3097 	 2
1788205534576 	 21 	 200 	 3097 	 1
1788205534586 	 22 	 200 	 3101 	 4
1788205534601 	 22 	 200 	 3102 	 4
1788205534600 	 22 	 200 	 3102 	 3
1788205534622 	 16 	 200 	 3102 	 2
1788205534608 	 40 	 200 	 3104 	 3
1788205534606 	 43 	 200 	 3104 	 2
1788205534640 	 15 	 200 	 3104 	 1
1788205534641 	 20 	 200 	 3104 	 0
1788205534674 	 16 	 200 	 3107 	 2
1788205534684 	 13 	 200 	 3107 	 1
1788205534704 	 14 	 200 	 3108 	 1
1788205534680 	 39 	 200 	 3108 	 0
1788205534742 	 14 	 200 	 3109 	 0
1788205534777 	 20 	 200 	 3111 	 1
1788205534776 	 22 	 200 	 3111 	 0
1788205534802 	 15 	 200 	 3114 	 2
1788205534808 	 17 	 200 	 3115 	 2
1788205534813 	 17 	 200 	 3115 	 1
1788205534823 	 12 	 200 	 3115 	 0
1788205534842 	 14 	 200 	 3117 	 1
1788205534841 	 15 	 200 	 3117 	 0
1788205534873 	 14 	 200 	 3119 	 1
1788205534875 	 14 	 200 	 3119 	 0
1788205534930 	 17 	 200 	 3121 	 1
1788205534938 	 14 	 200 	 3121 	 0
1788205534965 	 13 	 200 	 3122 	 0
1788205535180 	 34 	 200 	 3123 	 0
1788205535595 	 14 	 200 	 3124 	 0
1788205535678 	 13 	 200 	 3125 	 0
1788205535774 	 32 	 200 	 3126 	 0
1788205536468 	 15 	 200 	 3127 	 0
1788205536490 	 18 	 200 	 3128 	 0
1788205536520 	 12 	 200 	 3129 	 0
1788205536546 	 20 	 200 	 3133 	 3
1788205536557 	 20 	 200 	 3134 	 4
1788205536559 	 27 	 200 	 3135 	 3
1788205536565 	 24 	 200 	 3135 	 2
1788205536575 	 15 	 200 	 3135 	 1
1788205536578 	 14 	 200 	 3135 	 0
1788205536606 	 14 	 200 	 3136 	 0
1788205536642 	 27 	 200 	 3140 	 3
1788205536668 	 15 	 200 	 3140 	 2
1788205536640 	 44 	 200 	 3140 	 1
1788205536638 	 47 	 200 	 3140 	 0
1788205536696 	 13 	 200 	 3143 	 2
1788205536700 	 15 	 200 	 3143 	 1
1788205536709 	 17 	 200 	 3143 	 0
1788205536747 	 12 	 200 	 3144 	 0
1788205536765 	 13 	 200 	 3146 	 1
1788205536770 	 13 	 200 	 3146 	 0
1788205536796 	 15 	 200 	 3148 	 1
1788205536806 	 13 	 200 	 3148 	 0
1788205536821 	 19 	 200 	 3152 	 3
1788205536823 	 16 	 200 	 3152 	 2
1788205536824 	 19 	 200 	 3152 	 1
1788205536831 	 13 	 200 	 3153 	 1
1788205536844 	 12 	 200 	 3154 	 1
1788205536847 	 13 	 200 	 3154 	 0
1788205536878 	 17 	 200 	 3156 	 1
1788205536891 	 19 	 200 	 3158 	 2
1788205536898 	 14 	 200 	 3158 	 1
1788205536900 	 19 	 200 	 3158 	 0
1788205536934 	 21 	 200 	 3160 	 1
1788205536955 	 16 	 200 	 3160 	 1
1788205536973 	 21 	 200 	 3164 	 3
1788205536977 	 20 	 200 	 3164 	 2
1788205536985 	 16 	 200 	 3165 	 2
1788205536987 	 17 	 200 	 3165 	 1
1788205537000 	 13 	 200 	 3165 	 0
1788205537051 	 30 	 200 	 3167 	 1
1788205537079 	 33 	 200 	 3169 	 2
1788205537095 	 27 	 200 	 3170 	 2
1788205537112 	 19 	 200 	 3172 	 3
1788205537117 	 19 	 200 	 3172 	 2
1788205537125 	 16 	 200 	 3172 	 1
1788205537126 	 16 	 200 	 3172 	 0
1788205537148 	 13 	 200 	 3173 	 0
1788205537170 	 14 	 200 	 3175 	 1
1788205537170 	 15 	 200 	 3175 	 0
1788205537206 	 33 	 200 	 3179 	 4
1788205537222 	 26 	 200 	 3180 	 3
1788205537236 	 17 	 200 	 3180 	 2
1788205537241 	 18 	 200 	 3180 	 1
1788205537238 	 22 	 200 	 3180 	 0
1788205537265 	 21 	 200 	 3182 	 1
1788205537270 	 19 	 200 	 3182 	 0
1788205537321 	 28 	 200 	 3185 	 2
1788205537337 	 33 	 200 	 3188 	 4
1788205537345 	 34 	 200 	 3189 	 4
1788205537352 	 28 	 200 	 3189 	 3
1788205537364 	 59 	 200 	 3192 	 5
1788205537372 	 51 	 200 	 3192 	 5
1788205537358 	 75 	 200 	 3193 	 4
1788205537389 	 60 	 200 	 3194 	 4
1788205537415 	 34 	 200 	 3194 	 3
1788205537423 	 29 	 200 	 3195 	 3
1788205537425 	 28 	 200 	 3195 	 2
1788205537435 	 20 	 200 	 3195 	 1
1788205537452 	 13 	 200 	 3195 	 0
1788205537479 	 13 	 200 	 3197 	 1
1788205537486 	 14 	 200 	 3197 	 0
1788205537502 	 15 	 200 	 3199 	 1
1788205537521 	 14 	 200 	 3202 	 3
1788205537524 	 17 	 200 	 3202 	 2
1788205537516 	 27 	 200 	 3202 	 1
1788205537523 	 23 	 200 	 3202 	 0
1788205537592 	 16 	 200 	 3204 	 1
1788205537606 	 13 	 200 	 3204 	 0
1788205537636 	 20 	 200 	 3206 	 1
1788205537640 	 18 	 200 	 3207 	 1
1788205537660 	 12 	 200 	 3207 	 0
1788205537700 	 19 	 200 	 3210 	 2
1788205537722 	 12 	 200 	 3211 	 2
1788205537692 	 48 	 200 	 3211 	 1
1788205537698 	 42 	 200 	 3211 	 0
1788205537757 	 13 	 200 	 3212 	 0
1788205537781 	 14 	 200 	 3213 	 0
1788205537805 	 12 	 200 	 3214 	 0
1788205537819 	 15 	 200 	 3215 	 1
1788205537836 	 12 	 200 	 3216 	 0
1788205537852 	 12 	 200 	 3217 	 0
1788205537872 	 14 	 200 	 3218 	 0
1788205537888 	 13 	 200 	 3219 	 0
1788205537978 	 20 	 200 	 3224 	 4
1788205537982 	 20 	 200 	 3224 	 3
1788205537990 	 17 	 200 	 3224 	 2
1788205537997 	 17 	 200 	 3224 	 1
1788205537998 	 17 	 200 	 3225 	 1
1788205538016 	 17 	 200 	 3227 	 2
1788205538032 	 14 	 200 	 3227 	 1
1788205538029 	 18 	 200 	 3227 	 0
1788205538052 	 15 	 200 	 3230 	 2
1788205538055 	 13 	 200 	 3230 	 1
1788205538067 	 15 	 200 	 3230 	 0
1788205538090 	 13 	 200 	 3231 	 0
1788205538125 	 16 	 200 	 3233 	 1
1788205538143 	 14 	 200 	 3234 	 1
1788205538153 	 13 	 200 	 3234 	 0
1788205538181 	 17 	 200 	 3235 	 0
1788205538208 	 14 	 200 	 3236 	 0
1788205538243 	 17 	 200 	 3241 	 4
1788205538244 	 17 	 200 	 3241 	 3
1788205538240 	 24 	 200 	 3241 	 2
1788205538246 	 19 	 200 	 3241 	 1
1788205538252 	 16 	 200 	 3241 	 0
1788205538276 	 14 	 200 	 3242 	 0
1788205538300 	 20 	 200 	 3245 	 2
1788205538297 	 23 	 200 	 3245 	 1
1788205538317 	 16 	 200 	 3248 	 3
1788205538323 	 14 	 200 	 3248 	 2
1788205538325 	 20 	 200 	 3248 	 1
1788205538331 	 15 	 200 	 3248 	 0
1788205538352 	 18 	 200 	 3250 	 1
1788205538357 	 15 	 200 	 3250 	 0
1788205538381 	 14 	 200 	 3254 	 3
1788205538387 	 13 	 200 	 3254 	 2
1788205538391 	 13 	 200 	 3254 	 1
1788205538397 	 12 	 200 	 3254 	 0
1788205538426 	 19 	 200 	 3256 	 1
1788205538435 	 13 	 200 	 3256 	 0
1788205538465 	 17 	 200 	 3258 	 1
1788205538479 	 15 	 200 	 3258 	 0
1788205538521 	 13 	 200 	 3260 	 1
1788205538523 	 12 	 200 	 3260 	 0
1788205538555 	 16 	 200 	 3262 	 1
1788205538567 	 18 	 200 	 3262 	 0
1788205538596 	 14 	 200 	 3266 	 3
1788205538603 	 14 	 200 	 3266 	 2
1788205538610 	 16 	 200 	 3266 	 1
1788205538610 	 17 	 200 	 3266 	 0
1788205538638 	 13 	 200 	 3269 	 2
1788205538641 	 13 	 200 	 3270 	 2
1788205538644 	 20 	 200 	 3271 	 2
1788205538652 	 13 	 200 	 3271 	 1
1788205538665 	 16 	 200 	 3271 	 0
1788205538700 	 13 	 200 	 3273 	 1
1788205538709 	 14 	 200 	 3274 	 1
1788205538715 	 15 	 200 	 3274 	 0
1788205538734 	 12 	 200 	 3275 	 0
1788205538756 	 19 	 200 	 3277 	 1
1788205538767 	 19 	 200 	 3279 	 2
1788205538782 	 13 	 200 	 3279 	 1
1788205538785 	 14 	 200 	 3280 	 2
1788205538800 	 17 	 200 	 3282 	 2
1788205538800 	 18 	 200 	 3282 	 1
1788205538805 	 15 	 200 	 3282 	 0
1788205538826 	 13 	 200 	 3284 	 1
1788205538829 	 13 	 200 	 3284 	 0
1788205538851 	 12 	 200 	 3286 	 1
1788205538861 	 13 	 200 	 3286 	 0
1788205538883 	 12 	 200 	 3288 	 1
1788205538882 	 20 	 200 	 3289 	 1
1788205538899 	 13 	 200 	 3289 	 0
1788205538913 	 13 	 200 	 3291 	 1
1788205538921 	 14 	 200 	 3291 	 0
1788205538972 	 20 	 200 	 3297 	 5
1788205538980 	 19 	 200 	 3298 	 5
1788205538983 	 20 	 200 	 3298 	 4
1788205538990 	 17 	 200 	 3298 	 3
1788205538979 	 29 	 200 	 3298 	 2
1788205538990 	 19 	 200 	 3298 	 1
1788205538996 	 17 	 200 	 3298 	 0
1788205539023 	 14 	 200 	 3300 	 1
1788205539026 	 13 	 200 	 3300 	 0
1788205539043 	 13 	 200 	 3301 	 0
1788205539062 	 13 	 200 	 3303 	 1
1788205539058 	 19 	 200 	 3303 	 0
1788205539080 	 14 	 200 	 3306 	 2
1788205539086 	 14 	 200 	 3307 	 2
1788205539088 	 15 	 200 	 3307 	 1
1788205539095 	 14 	 200 	 3308 	 1
1788205539109 	 14 	 200 	 3309 	 1
1788205539112 	 12 	 200 	 3309 	 0
1788205539138 	 19 	 200 	 3312 	 2
1788205539143 	 17 	 200 	 3312 	 1
1788205539148 	 14 	 200 	 3312 	 0
1788205539168 	 13 	 200 	 3314 	 1
1788205539181 	 16 	 200 	 3314 	 0
1788205540057 	 41 	 200 	 3315 	 0
1788205542218 	 29 	 200 	 3316 	 0
1788205542251 	 16 	 200 	 3319 	 2
1788205542260 	 15 	 200 	 3319 	 1
1788205542257 	 19 	 200 	 3319 	 0
1788205542305 	 24 	 200 	 3320 	 0
1788205542342 	 16 	 200 	 3323 	 2
1788205542350 	 17 	 200 	 3323 	 1
1788205542354 	 17 	 200 	 3323 	 0
1788205542373 	 14 	 200 	 3325 	 1
1788205542376 	 13 	 200 	 3325 	 0
1788205542395 	 12 	 200 	 3326 	 0
1788205542409 	 14 	 200 	 3329 	 2
1788205542412 	 13 	 200 	 3329 	 1
1788205542435 	 16 	 200 	 3331 	 2
1788205542434 	 17 	 200 	 3331 	 1
1788205542418 	 54 	 200 	 3333 	 2
1788205542466 	 14 	 200 	 3333 	 1
1788205542471 	 17 	 200 	 3335 	 2
1788205542483 	 14 	 200 	 3335 	 1
1788205542482 	 17 	 200 	 3335 	 0
1788205542578 	 24 	 200 	 3339 	 3
1788205542561 	 41 	 200 	 3339 	 2
1788205542593 	 26 	 200 	 3341 	 3
1788205542594 	 28 	 200 	 3341 	 2
1788205542611 	 17 	 200 	 3342 	 2
1788205542619 	 17 	 200 	 3342 	 1
1788205542627 	 14 	 200 	 3343 	 1
1788205542638 	 22 	 200 	 3345 	 2
1788205542651 	 12 	 200 	 3345 	 1
1788205542648 	 20 	 200 	 3346 	 1
1788205542668 	 13 	 200 	 3346 	 0
1788205542683 	 18 	 200 	 3348 	 1
1788205542689 	 14 	 200 	 3348 	 0
1788205542705 	 20 	 200 	 3351 	 2
1788205542721 	 14 	 200 	 3351 	 1
1788205542726 	 26 	 200 	 3353 	 2
1788205542740 	 14 	 200 	 3353 	 1
1788205542742 	 17 	 200 	 3353 	 0
1788205542769 	 14 	 200 	 3355 	 1
1788205542770 	 13 	 200 	 3355 	 0
1788205542790 	 33 	 200 	 3364 	 8
1788205542793 	 31 	 200 	 3364 	 7
1788205542791 	 35 	 200 	 3364 	 6
1788205542795 	 39 	 200 	 3364 	 5
1788205542817 	 18 	 200 	 3364 	 4
1788205542798 	 37 	 200 	 3364 	 3
1788205542802 	 37 	 200 	 3365 	 3
1788205542821 	 19 	 200 	 3365 	 2
1788205542806 	 42 	 200 	 3367 	 3
1788205542839 	 35 	 200 	 3369 	 4
1788205542855 	 30 	 200 	 3369 	 3
1788205542858 	 28 	 200 	 3369 	 2
1788205542845 	 50 	 200 	 3369 	 1
1788205542844 	 52 	 200 	 3369 	 0
1788205542905 	 29 	 200 	 3373 	 3
1788205542905 	 38 	 200 	 3373 	 2
1788205542899 	 46 	 200 	 3373 	 1
1788205542922 	 24 	 200 	 3373 	 0
1788205542957 	 47 	 200 	 3377 	 3
1788205542984 	 20 	 200 	 3378 	 3
1788205543005 	 15 	 200 	 3379 	 3
1788205543001 	 20 	 200 	 3379 	 2
1788205543004 	 19 	 200 	 3379 	 1
1788205543016 	 17 	 200 	 3379 	 0
1788205543035 	 15 	 200 	 3383 	 3
1788205543037 	 15 	 200 	 3383 	 2
1788205543041 	 19 	 200 	 3383 	 1
1788205543112 	 49 	 200 	 3384 	 1
1788205543362 	 43 	 200 	 3386 	 2
1788205543045 	 371 	 200 	 3386 	 1
1788205543404 	 14 	 200 	 3386 	 0
1788205543481 	 13 	 200 	 3387 	 0
1788205543497 	 14 	 200 	 3388 	 0
1788205543634 	 33 	 200 	 3389 	 0
1788205544281 	 16 	 200 	 3390 	 0
1788205544431 	 19 	 200 	 3391 	 0
1788205544968 	 14 	 200 	 3392 	 0
1788205544989 	 15 	 200 	 3394 	 1
1788205544990 	 17 	 200 	 3394 	 0
1788205545018 	 15 	 200 	 3395 	 0
1788205545035 	 17 	 200 	 3398 	 3
1788205545037 	 21 	 200 	 3399 	 2
1788205545044 	 17 	 200 	 3399 	 1
1788205545053 	 13 	 200 	 3399 	 0
1788205545067 	 12 	 200 	 3400 	 0
1788205545099 	 38 	 200 	 3405 	 4
1788205545101 	 40 	 200 	 3405 	 3
1788205545126 	 22 	 200 	 3405 	 2
1788205545129 	 23 	 200 	 3405 	 1
1788205545136 	 19 	 200 	 3405 	 0
1788205545186 	 38 	 200 	 3406 	 0
1788205545380 	 14 	 200 	 3407 	 0
1788205546142 	 33 	 200 	 3408 	 0
1788205546785 	 38 	 200 	 3411 	 2
1788205546811 	 19 	 200 	 3413 	 3
1788205546809 	 23 	 200 	 3413 	 2
1788205546828 	 27 	 200 	 3413 	 1
1788205546829 	 30 	 200 	 3413 	 0
1788205546872 	 16 	 200 	 3416 	 2
1788205546875 	 15 	 200 	 3416 	 1
1788205546883 	 17 	 200 	 3417 	 1
1788205546896 	 13 	 200 	 3417 	 0
1788205546920 	 18 	 200 	 3419 	 1
1788205546940 	 21 	 200 	 3423 	 4
1788205546937 	 26 	 200 	 3423 	 3
1788205546948 	 17 	 200 	 3423 	 2
1788205546954 	 22 	 200 	 3424 	 2
1788205546955 	 21 	 200 	 3424 	 1
1788205546972 	 12 	 200 	 3424 	 0
1788205546999 	 13 	 200 	 3425 	 0
1788205547054 	 34 	 200 	 3427 	 1
1788205547056 	 32 	 200 	 3427 	 0
1788205547094 	 17 	 200 	 3432 	 4
1788205547096 	 18 	 200 	 3433 	 4
1788205547104 	 17 	 200 	 3433 	 3
1788205547104 	 19 	 200 	 3433 	 2
1788205547109 	 19 	 200 	 3433 	 1
1788205547114 	 15 	 200 	 3433 	 0
1788205547133 	 12 	 200 	 3434 	 0
1788205547150 	 14 	 200 	 3435 	 0
1788205547172 	 17 	 200 	 3437 	 1
1788205547185 	 13 	 200 	 3438 	 1
1788205547197 	 12 	 200 	 3438 	 0
1788205547254 	 28 	 200 	 3441 	 2
1788205547271 	 15 	 200 	 3442 	 2
1788205547277 	 15 	 200 	 3442 	 1
1788205547288 	 13 	 200 	 3442 	 0
1788205547306 	 13 	 200 	 3444 	 1
1788205547308 	 15 	 200 	 3444 	 0
1788205547324 	 13 	 200 	 3447 	 2
1788205547328 	 20 	 200 	 3447 	 1
1788205547335 	 23 	 200 	 3448 	 1
1788205547352 	 15 	 200 	 3449 	 1
1788205547359 	 13 	 200 	 3449 	 0
1788205547386 	 12 	 200 	 3451 	 1
1788205547398 	 14 	 200 	 3451 	 0
1788205547465 	 26 	 200 	 3455 	 3
1788205547467 	 31 	 200 	 3455 	 2
1788205547483 	 16 	 200 	 3455 	 1
1788205547481 	 19 	 200 	 3455 	 0
1788205547512 	 12 	 200 	 3456 	 0
1788205547540 	 15 	 200 	 3457 	 0
1788205547572 	 18 	 200 	 3461 	 3
1788205547571 	 19 	 200 	 3461 	 2
1788205547582 	 14 	 200 	 3461 	 1
1788205547586 	 17 	 200 	 3461 	 0
1788205547639 	 35 	 200 	 3467 	 5
1788205547641 	 36 	 200 	 3467 	 4
1788205547644 	 34 	 200 	 3467 	 3
1788205547667 	 18 	 200 	 3468 	 3
1788205547680 	 19 	 200 	 3468 	 2
1788205547671 	 62 	 200 	 3470 	 3
1788205547659 	 78 	 200 	 3470 	 2
1788205547704 	 47 	 200 	 3472 	 3
1788205547713 	 43 	 200 	 3473 	 3
1788205547742 	 17 	 200 	 3473 	 2
1788205547751 	 21 	 200 	 3474 	 2
1788205547753 	 22 	 200 	 3474 	 1
1788205547763 	 14 	 200 	 3474 	 0
1788205547779 	 14 	 200 	 3477 	 2
1788205547781 	 14 	 200 	 3477 	 1
1788205547801 	 14 	 200 	 3480 	 3
1788205547789 	 44 	 200 	 3482 	 4
1788205547803 	 31 	 200 	 3482 	 3
1788205547801 	 46 	 200 	 3484 	 4
1788205547817 	 35 	 200 	 3485 	 4
1788205547836 	 17 	 200 	 3485 	 3
1788205547831 	 22 	 200 	 3485 	 2
1788205547847 	 18 	 200 	 3485 	 1
1788205547851 	 16 	 200 	 3486 	 1
1788205547867 	 13 	 200 	 3486 	 0
1788205547912 	 35 	 200 	 3492 	 5
1788205547919 	 34 	 200 	 3492 	 4
1788205547924 	 34 	 200 	 3492 	 3
1788205547921 	 37 	 200 	 3492 	 2
1788205547933 	 27 	 200 	 3493 	 2
1788205547945 	 17 	 200 	 3493 	 1
1788205547960 	 15 	 200 	 3494 	 1
1788205547969 	 13 	 200 	 3494 	 0
1788205548004 	 34 	 200 	 3500 	 5
1788205548027 	 20 	 200 	 3500 	 4
1788205547985 	 64 	 200 	 3500 	 3
1788205548006 	 59 	 200 	 3501 	 3
1788205548031 	 35 	 200 	 3501 	 2
1788205548037 	 29 	 200 	 3501 	 1
1788205548064 	 14 	 200 	 3501 	 0
1788205548114 	 32 	 200 	 3504 	 3
1788205548119 	 30 	 200 	 3506 	 3
1788205548130 	 27 	 200 	 3508 	 4
1788205548152 	 18 	 200 	 3508 	 3
1788205548148 	 22 	 200 	 3508 	 2
1788205548149 	 24 	 200 	 3509 	 2
1788205548154 	 22 	 200 	 3509 	 1
1788205548173 	 16 	 200 	 3509 	 0
1788205548192 	 17 	 200 	 3512 	 2
1788205548194 	 29 	 200 	 3513 	 2
1788205548208 	 17 	 200 	 3513 	 1
1788205548211 	 22 	 200 	 3513 	 0
1788205548251 	 13 	 200 	 3515 	 1
1788205548259 	 13 	 200 	 3516 	 1
1788205548268 	 17 	 200 	 3516 	 0
1788205548291 	 12 	 200 	 3517 	 0
1788205548319 	 18 	 200 	 3520 	 2
1788205548309 	 31 	 200 	 3520 	 1
1788205548311 	 36 	 200 	 3520 	 0
1788205548358 	 15 	 200 	 3521 	 0
1788205548386 	 15 	 200 	 3523 	 1
1788205548399 	 13 	 200 	 3523 	 0
1788205548421 	 13 	 200 	 3525 	 1
1788205548430 	 15 	 200 	 3525 	 0
1788205548446 	 16 	 200 	 3526 	 0
1788205548493 	 17 	 200 	 3529 	 2
1788205548495 	 18 	 200 	 3529 	 1
1788205548506 	 15 	 200 	 3531 	 2
1788205548517 	 12 	 200 	 3531 	 1
1788205548518 	 13 	 200 	 3531 	 0
1788205548559 	 25 	 200 	 3532 	 0
1788205548586 	 12 	 200 	 3534 	 1
1788205548596 	 15 	 200 	 3535 	 1
1788205548607 	 14 	 200 	 3535 	 0
1788205548645 	 16 	 200 	 3538 	 2
1788205548648 	 16 	 200 	 3538 	 1
1788205548661 	 14 	 200 	 3538 	 0
1788205548680 	 17 	 200 	 3541 	 2
1788205548682 	 18 	 200 	 3541 	 1
1788205548690 	 18 	 200 	 3542 	 1
1788205548704 	 12 	 200 	 3542 	 0
1788205548736 	 18 	 200 	 3545 	 2
1788205548746 	 15 	 200 	 3545 	 1
1788205548754 	 14 	 200 	 3545 	 0
1788205548812 	 12 	 200 	 3546 	 0
1788205548849 	 32 	 200 	 3549 	 2
1788205548871 	 18 	 200 	 3549 	 1
1788205548875 	 17 	 200 	 3549 	 0
1788205548925 	 13 	 200 	 3550 	 0
1788205549166 	 24 	 200 	 3551 	 0
1788205549224 	 17 	 200 	 3552 	 0
1788205549436 	 32 	 200 	 3553 	 0
1788205549919 	 25 	 200 	 3554 	 0
1788205550471 	 30 	 200 	 3555 	 0
1788205550612 	 13 	 200 	 3556 	 0
1788205551096 	 38 	 200 	 3557 	 0
1788205551885 	 33 	 200 	 3558 	 0
1788205552383 	 38 	 200 	 3559 	 0
1788205553479 	 20 	 200 	 3560 	 0
1788205553879 	 14 	 200 	 3561 	 0
1788205553969 	 34 	 200 	 3562 	 0
1788205554360 	 37 	 200 	 3563 	 0
1788205554497 	 22 	 200 	 3564 	 0
1788205554667 	 25 	 200 	 3565 	 0
1788205555113 	 16 	 200 	 3566 	 0
1788205556707 	 37 	 200 	 3567 	 0
1788205557126 	 18 	 200 	 3568 	 0
1788205558397 	 15 	 200 	 3569 	 0
1788205558677 	 18 	 200 	 3570 	 0
1788205559152 	 39 	 200 	 3571 	 0
1788205559307 	 33 	 200 	 3572 	 0
1788205559356 	 19 	 200 	 3573 	 0
1788205559530 	 33 	 200 	 3574 	 0
1788205559792 	 18 	 200 	 3575 	 0
1788205560130 	 16 	 200 	 3576 	 0
1788205560570 	 16 	 200 	 3577 	 0
1788205560786 	 36 	 200 	 3578 	 0
1788205561338 	 47 	 200 	 3579 	 0
1788205562075 	 37 	 200 	 3580 	 0
1788205562208 	 17 	 200 	 3581 	 0
1788205562961 	 31 	 200 	 3582 	 0
1788205563622 	 33 	 200 	 3587 	 4
1788205563640 	 20 	 200 	 3587 	 3
1788205563624 	 39 	 200 	 3588 	 3
1788205563626 	 38 	 200 	 3588 	 2
1788205563643 	 22 	 200 	 3589 	 2
1788205563667 	 57 	 200 	 3593 	 5
1788205563664 	 72 	 200 	 3594 	 5
1788205563672 	 90 	 200 	 3596 	 6
1788205563704 	 118 	 200 	 3599 	 8
1788205563721 	 103 	 200 	 3600 	 8
1788205563727 	 98 	 200 	 3600 	 7
1788205563676 	 149 	 200 	 3600 	 6
1788205563773 	 67 	 200 	 3600 	 5
1788205563748 	 93 	 200 	 3600 	 4
1788205563749 	 92 	 200 	 3600 	 3
1788205563825 	 25 	 200 	 3600 	 2
1788205563805 	 56 	 200 	 3601 	 2
1788205563855 	 13 	 200 	 3601 	 1
1788205563775 	 104 	 200 	 3602 	 1
1788205563876 	 50 	 200 	 3605 	 3
1788205563888 	 41 	 200 	 3605 	 2
1788205563915 	 40 	 200 	 3607 	 3
1788205563939 	 22 	 200 	 3608 	 3
1788205563892 	 70 	 200 	 3608 	 2
1788205563944 	 26 	 200 	 3608 	 1
1788205563961 	 24 	 200 	 3608 	 0
1788205564000 	 13 	 200 	 3610 	 1
1788205564007 	 14 	 200 	 3610 	 0
1788205564054 	 31 	 200 	 3611 	 0
1788205564110 	 16 	 200 	 3613 	 1
1788205564116 	 17 	 200 	 3616 	 3
1788205564132 	 13 	 200 	 3616 	 2
1788205564128 	 17 	 200 	 3616 	 1
1788205564128 	 18 	 200 	 3617 	 1
1788205564147 	 12 	 200 	 3617 	 0
1788205564170 	 13 	 200 	 3618 	 0
1788205564200 	 13 	 200 	 3619 	 0
1788205564227 	 15 	 200 	 3620 	 0
1788205564263 	 13 	 200 	 3621 	 0
1788205564282 	 14 	 200 	 3622 	 0
1788205564297 	 12 	 200 	 3623 	 0
1788205564318 	 17 	 200 	 3625 	 1
1788205564330 	 14 	 200 	 3626 	 1
1788205564344 	 13 	 200 	 3626 	 0
1788205564367 	 17 	 200 	 3627 	 0
1788205564425 	 16 	 200 	 3631 	 3
1788205564417 	 30 	 200 	 3633 	 4
1788205564442 	 17 	 200 	 3634 	 4
1788205564448 	 15 	 200 	 3634 	 3
1788205564459 	 15 	 200 	 3636 	 4
1788205564422 	 99 	 200 	 3641 	 8
1788205564445 	 78 	 200 	 3641 	 7
1788205564474 	 148 	 200 	 3649 	 14
1788205564466 	 158 	 200 	 3650 	 14
1788205564531 	 111 	 200 	 3652 	 15
1788205564502 	 142 	 200 	 3652 	 14
1788205564512 	 212 	 200 	 3654 	 25
1788205564486 	 239 	 200 	 3655 	 24
1788205564488 	 251 	 200 	 3656 	 25
1788205564583 	 161 	 200 	 3657 	 24
1788205564533 	 211 	 200 	 3658 	 23
1788205564624 	 199 	 200 	 3659 	 24
1788205564666 	 156 	 200 	 3660 	 23
1788205564506 	 327 	 200 	 3661 	 22
1788205564543 	 290 	 200 	 3662 	 21
1788205564644 	 192 	 200 	 3663 	 20
1788205564728 	 108 	 200 	 3664 	 19
1788205564597 	 242 	 200 	 3665 	 18
1788205564536 	 301 	 200 	 3666 	 17
1788205564636 	 199 	 200 	 3667 	 16
1788205564541 	 301 	 200 	 3668 	 15
1788205564613 	 231 	 200 	 3668 	 14
1788205564672 	 172 	 200 	 3668 	 13
1788205564746 	 122 	 200 	 3669 	 13
1788205564740 	 181 	 200 	 3670 	 13
1788205564826 	 98 	 200 	 3670 	 12
1788205564726 	 206 	 200 	 3670 	 11
1788205564824 	 110 	 200 	 3670 	 10
1788205564835 	 101 	 200 	 3670 	 9
1788205564748 	 198 	 200 	 3672 	 10
1788205564840 	 185 	 200 	 3676 	 13
1788205564841 	 193 	 200 	 3677 	 13
1788205564843 	 190 	 200 	 3677 	 12
1788205564839 	 193 	 200 	 3677 	 11
1788205564835 	 201 	 200 	 3677 	 10
1788205564938 	 103 	 200 	 3677 	 9
1788205564939 	 102 	 200 	 3677 	 8
1788205564852 	 248 	 200 	 3680 	 10
1788205565013 	 89 	 200 	 3680 	 9
1788205565076 	 37 	 200 	 3680 	 8
1788205564955 	 167 	 200 	 3680 	 7
1788205564879 	 244 	 200 	 3680 	 6
1788205564838 	 285 	 200 	 3680 	 5
1788205564999 	 124 	 200 	 3680 	 4
1788205565093 	 30 	 200 	 3680 	 3
1788205564964 	 161 	 200 	 3680 	 2
1788205565028 	 97 	 200 	 3680 	 1
1788205565099 	 36 	 200 	 3681 	 1
1788205565136 	 18 	 200 	 3681 	 0
1788205565331 	 17 	 200 	 3682 	 0
1788205565642 	 36 	 200 	 3683 	 0
1788205565775 	 33 	 200 	 3684 	 0
1788205566744 	 31 	 200 	 3685 	 0
1788205567435 	 23 	 200 	 3686 	 0
1788205567622 	 26 	 200 	 3687 	 0
1788205568272 	 14 	 200 	 3688 	 0
1788205568508 	 33 	 200 	 3690 	 1
1788205568526 	 28 	 200 	 3690 	 0
1788205569441 	 26 	 200 	 3691 	 0
1788205569525 	 30 	 200 	 3692 	 0
1788205569814 	 40 	 200 	 3693 	 0
1788205570998 	 39 	 200 	 3694 	 0
1788205571071 	 34 	 200 	 3695 	 0
1788205572324 	 14 	 200 	 3696 	 0
1788205572633 	 14 	 200 	 3698 	 1
1788205572635 	 15 	 200 	 3698 	 0
1788205572662 	 14 	 200 	 3699 	 0
1788205573106 	 37 	 200 	 3700 	 0
1788205573701 	 41 	 200 	 3701 	 0
1788205574502 	 15 	 200 	 3702 	 0
1788205574722 	 27 	 200 	 3703 	 0
1788205574766 	 16 	 200 	 3704 	 0
1788205575075 	 14 	 200 	 3705 	 0
1788205575560 	 43 	 200 	 3706 	 0
1788205577057 	 22 	 200 	 3708 	 1
1788205577071 	 14 	 200 	 3708 	 0
1788205577113 	 31 	 200 	 3712 	 3
1788205577136 	 17 	 200 	 3715 	 5
1788205577134 	 30 	 200 	 3715 	 4
1788205577145 	 20 	 200 	 3715 	 3
1788205577153 	 26 	 200 	 3716 	 3
1788205577151 	 31 	 200 	 3716 	 2
1788205577155 	 30 	 200 	 3716 	 1
1788205577190 	 13 	 200 	 3718 	 2
1788205577177 	 26 	 200 	 3718 	 1
1788205577202 	 39 	 200 	 3722 	 6
1788205577206 	 36 	 200 	 3723 	 5
1788205577211 	 38 	 200 	 3724 	 4
1788205577218 	 31 	 200 	 3724 	 3
1788205577243 	 21 	 200 	 3725 	 3
1788205577233 	 31 	 200 	 3725 	 2
1788205577244 	 20 	 200 	 3725 	 1
1788205577259 	 14 	 200 	 3726 	 1
1788205577270 	 13 	 200 	 3726 	 0
1788205577286 	 13 	 200 	 3727 	 1
1788205577300 	 15 	 200 	 3728 	 0
1788205577321 	 17 	 200 	 3730 	 1
1788205577334 	 14 	 200 	 3730 	 0
1788205577352 	 20 	 200 	 3732 	 1
1788205577354 	 18 	 200 	 3732 	 0
1788205577393 	 15 	 200 	 3734 	 1
1788205577395 	 14 	 200 	 3734 	 0
1788205577418 	 16 	 200 	 3737 	 2
1788205577423 	 17 	 200 	 3737 	 1
1788205577425 	 18 	 200 	 3737 	 0
1788205577446 	 14 	 200 	 3739 	 1
1788205577455 	 15 	 200 	 3740 	 1
1788205577463 	 12 	 200 	 3740 	 0
1788205577479 	 14 	 200 	 3742 	 1
1788205577488 	 13 	 200 	 3743 	 1
1788205577500 	 17 	 200 	 3745 	 2
1788205577502 	 15 	 200 	 3745 	 1
1788205577510 	 13 	 200 	 3745 	 0
1788205577533 	 14 	 200 	 3747 	 1
1788205577545 	 17 	 200 	 3747 	 0
1788205577594 	 41 	 200 	 3750 	 2
1788205577596 	 40 	 200 	 3750 	 1
1788205577613 	 25 	 200 	 3750 	 0
1788205577650 	 28 	 200 	 3752 	 1
1788205577674 	 32 	 200 	 3754 	 2
1788205577693 	 31 	 200 	 3754 	 1
1788205577700 	 28 	 200 	 3754 	 0
1788205577745 	 48 	 200 	 3760 	 5
1788205577773 	 21 	 200 	 3760 	 4
1788205577757 	 41 	 200 	 3761 	 4
1788205577772 	 31 	 200 	 3761 	 3
1788205577769 	 34 	 200 	 3761 	 2
1788205577796 	 14 	 200 	 3761 	 1
1788205577785 	 29 	 200 	 3761 	 0
1788205577846 	 13 	 200 	 3763 	 1
1788205577840 	 20 	 200 	 3763 	 0
1788205577867 	 12 	 200 	 3764 	 0
1788205577902 	 15 	 200 	 3767 	 2
1788205577908 	 16 	 200 	 3767 	 1
1788205577916 	 23 	 200 	 3768 	 1
1788205577932 	 14 	 200 	 3770 	 2
1788205577942 	 21 	 200 	 3771 	 2
1788205577949 	 16 	 200 	 3771 	 1
1788205577945 	 19 	 200 	 3771 	 0
1788205577979 	 13 	 200 	 3774 	 2
1788205577976 	 20 	 200 	 3774 	 1
1788205577982 	 14 	 200 	 3774 	 0
1788205578006 	 12 	 200 	 3775 	 0
1788205578035 	 32 	 200 	 3777 	 1
1788205578063 	 34 	 200 	 3777 	 0
1788205578104 	 31 	 200 	 3778 	 0
1788205578181 	 38 	 200 	 3784 	 5
1788205578191 	 31 	 200 	 3784 	 4
1788205578203 	 29 	 200 	 3785 	 4
1788205578213 	 21 	 200 	 3785 	 3
1788205578211 	 23 	 200 	 3785 	 2
1788205578208 	 26 	 200 	 3785 	 1
1788205578230 	 16 	 200 	 3788 	 3
1788205578240 	 37 	 200 	 3790 	 4
1788205578248 	 31 	 200 	 3791 	 4
1788205578266 	 34 	 200 	 3791 	 3
1788205578246 	 53 	 200 	 3791 	 2
1788205578264 	 36 	 200 	 3791 	 1
1788205578280 	 27 	 200 	 3791 	 0
1788205578314 	 17 	 200 	 3794 	 2
1788205578320 	 20 	 200 	 3794 	 1
1788205578343 	 18 	 200 	 3796 	 2
1788205578349 	 19 	 200 	 3797 	 2
1788205578362 	 39 	 200 	 3803 	 7
1788205578387 	 18 	 200 	 3804 	 7
1788205578381 	 24 	 200 	 3804 	 6
1788205578375 	 35 	 200 	 3804 	 5
1788205578396 	 50 	 200 	 3806 	 6
1788205578424 	 23 	 200 	 3806 	 5
1788205578432 	 16 	 200 	 3806 	 4
1788205578329 	 121 	 200 	 3806 	 3
1788205578397 	 59 	 200 	 3806 	 2
1788205578400 	 58 	 200 	 3806 	 1
1788205578405 	 55 	 200 	 3807 	 1
1788205578460 	 12 	 200 	 3808 	 1
1788205578462 	 13 	 200 	 3808 	 0
1788205578482 	 13 	 200 	 3809 	 0
1788205578513 	 14 	 200 	 3811 	 1
1788205578523 	 13 	 200 	 3813 	 2
1788205578529 	 14 	 200 	 3813 	 1
1788205578535 	 13 	 200 	 3814 	 1
1788205578547 	 15 	 200 	 3815 	 1
1788205578550 	 12 	 200 	 3815 	 0
1788205578564 	 15 	 200 	 3816 	 0
1788205578591 	 12 	 200 	 3817 	 0
1788205578623 	 13 	 200 	 3820 	 2
1788205578621 	 19 	 200 	 3821 	 2
1788205578635 	 42 	 200 	 3825 	 5
1788205578639 	 42 	 200 	 3825 	 4
1788205578686 	 13 	 200 	 3828 	 6
1788205578685 	 17 	 200 	 3828 	 5
1788205578673 	 30 	 200 	 3828 	 4
1788205578672 	 36 	 200 	 3829 	 4
1788205578699 	 16 	 200 	 3829 	 3
1788205578674 	 48 	 200 	 3830 	 3
1788205578675 	 48 	 200 	 3830 	 2
1788205578706 	 37 	 200 	 3830 	 1
1788205578720 	 23 	 200 	 3830 	 0
1788205578755 	 12 	 200 	 3832 	 1
1788205578767 	 15 	 200 	 3833 	 1
1788205578779 	 16 	 200 	 3833 	 0
1788205578879 	 17 	 200 	 3835 	 1
1788205578889 	 14 	 200 	 3835 	 0
1788205578911 	 15 	 200 	 3838 	 2
1788205578918 	 15 	 200 	 3838 	 1
1788205578922 	 13 	 200 	 3838 	 0
1788205578944 	 13 	 200 	 3839 	 0
1788205578964 	 19 	 200 	 3842 	 2
1788205578969 	 17 	 200 	 3842 	 1
1788205578978 	 14 	 200 	 3843 	 1
1788205578989 	 15 	 200 	 3844 	 1
1788205578997 	 16 	 200 	 3845 	 1
1788205579007 	 15 	 200 	 3845 	 0
1788205579023 	 13 	 200 	 3846 	 0
1788205579052 	 14 	 200 	 3847 	 0
1788205579076 	 17 	 200 	 3850 	 2
1788205579093 	 14 	 200 	 3851 	 2
1788205579091 	 17 	 200 	 3851 	 1
1788205579104 	 15 	 200 	 3853 	 2
1788205579113 	 13 	 200 	 3853 	 1
1788205579116 	 13 	 200 	 3853 	 0
1788205579160 	 25 	 200 	 3855 	 1
1788205579177 	 17 	 200 	 3855 	 0
1788205579228 	 18 	 200 	 3857 	 1
1788205579248 	 13 	 200 	 3858 	 1
1788205579258 	 12 	 200 	 3860 	 2
1788205579265 	 18 	 200 	 3862 	 3
1788205579268 	 15 	 200 	 3862 	 2
1788205579278 	 15 	 200 	 3865 	 4
1788205579279 	 26 	 200 	 3865 	 3
1788205579287 	 20 	 200 	 3865 	 2
1788205579286 	 24 	 200 	 3865 	 1
1788205579290 	 21 	 200 	 3865 	 0
1788205579326 	 13 	 200 	 3867 	 1
1788205579333 	 16 	 200 	 3868 	 1
1788205579342 	 14 	 200 	 3870 	 2
1788205579352 	 14 	 200 	 3870 	 1
1788205579351 	 17 	 200 	 3870 	 0
1788205579417 	 16 	 200 	 3872 	 1
1788205579412 	 26 	 200 	 3873 	 1
1788205579435 	 13 	 200 	 3874 	 1
1788205579447 	 12 	 200 	 3874 	 0
1788205579473 	 13 	 200 	 3875 	 0
1788205579500 	 28 	 200 	 3879 	 3
1788205579505 	 38 	 200 	 3881 	 4
1788205579519 	 27 	 200 	 3881 	 3
1788205579516 	 33 	 200 	 3881 	 2
1788205579535 	 15 	 200 	 3881 	 1
1788205579542 	 24 	 200 	 3882 	 1
1788205579558 	 14 	 200 	 3882 	 0
1788205579585 	 15 	 200 	 3884 	 1
1788205579596 	 13 	 200 	 3885 	 1
1788205579603 	 15 	 200 	 3885 	 0
1788205579639 	 15 	 200 	 3887 	 1
1788205579650 	 16 	 200 	 3888 	 1
1788205579656 	 23 	 200 	 3888 	 0
1788205579696 	 17 	 200 	 3891 	 2
1788205579720 	 13 	 200 	 3894 	 4
1788205579731 	 19 	 200 	 3896 	 5
1788205579706 	 95 	 200 	 3903 	 11
1788205579737 	 67 	 200 	 3903 	 10
1788205579733 	 71 	 200 	 3903 	 9
1788205579787 	 20 	 200 	 3903 	 8
1788205579752 	 57 	 200 	 3903 	 7
1788205579736 	 108 	 200 	 3905 	 9
1788205579686 	 159 	 200 	 3906 	 8
1788205579815 	 31 	 200 	 3906 	 7
1788205579785 	 62 	 200 	 3906 	 6
1788205579759 	 89 	 200 	 3906 	 5
1788205579766 	 82 	 200 	 3906 	 4
1788205579790 	 61 	 200 	 3906 	 3
1788205579756 	 144 	 200 	 3912 	 8
1788205579860 	 41 	 200 	 3913 	 8
1788205579888 	 19 	 200 	 3914 	 8
1788205579845 	 67 	 200 	 3914 	 7
1788205579835 	 78 	 200 	 3914 	 6
1788205579887 	 29 	 200 	 3914 	 5
1788205579854 	 79 	 200 	 3918 	 8
1788205579902 	 32 	 200 	 3918 	 7
1788205579858 	 76 	 200 	 3918 	 6
1788205579889 	 46 	 200 	 3918 	 5
1788205579905 	 74 	 200 	 3920 	 6
1788205579932 	 64 	 200 	 3921 	 6
1788205579919 	 81 	 200 	 3922 	 6
1788205579920 	 89 	 200 	 3922 	 5
1788205579937 	 75 	 200 	 3922 	 4
1788205579933 	 102 	 200 	 3925 	 6
1788205579988 	 49 	 200 	 3925 	 5
1788205579940 	 101 	 200 	 3925 	 4
1788205580003 	 121 	 200 	 3927 	 5
1788205580050 	 74 	 200 	 3927 	 4
1788205580033 	 99 	 200 	 3927 	 3
1788205580014 	 121 	 200 	 3927 	 2
1788205580016 	 131 	 200 	 3927 	 1
1788205580087 	 86 	 200 	 3927 	 0
1788205580324 	 16 	 200 	 3928 	 0
1788205582298 	 14 	 200 	 3930 	 1
1788205582299 	 21 	 200 	 3930 	 0
1788205582326 	 24 	 200 	 3932 	 1
1788205582339 	 20 	 200 	 3932 	 0
1788205582363 	 13 	 200 	 3933 	 0
1788205582389 	 19 	 200 	 3936 	 2
1788205582392 	 19 	 200 	 3936 	 1
1788205582408 	 15 	 200 	 3937 	 1
1788205582413 	 12 	 200 	 3937 	 0
1788205582432 	 13 	 200 	 3939 	 1
1788205582438 	 15 	 200 	 3940 	 1
1788205582447 	 12 	 200 	 3940 	 0
1788205582461 	 16 	 200 	 3945 	 4
1788205582465 	 13 	 200 	 3945 	 3
1788205582472 	 19 	 200 	 3945 	 2
1788205582474 	 18 	 200 	 3945 	 1
1788205582477 	 18 	 200 	 3945 	 0
1788205582508 	 14 	 200 	 3947 	 1
1788205582517 	 16 	 200 	 3950 	 3
1788205582525 	 13 	 200 	 3950 	 2
1788205582529 	 14 	 200 	 3951 	 2
1788205582528 	 21 	 200 	 3951 	 1
1788205582539 	 16 	 200 	 3953 	 2
1788205582554 	 15 	 200 	 3953 	 1
1788205582553 	 28 	 200 	 3954 	 1
1788205582577 	 18 	 200 	 3956 	 2
1788205582589 	 14 	 200 	 3958 	 3
1788205582587 	 18 	 200 	 3958 	 2
1788205582599 	 21 	 200 	 3959 	 2
1788205582601 	 21 	 200 	 3959 	 1
1788205582615 	 16 	 200 	 3959 	 0
1788205582641 	 12 	 200 	 3960 	 0
1788205582675 	 12 	 200 	 3961 	 0
1788205582698 	 13 	 200 	 3962 	 0
1788205582714 	 13 	 200 	 3964 	 1
1788205582725 	 14 	 200 	 3966 	 2
1788205582733 	 14 	 200 	 3968 	 3
1788205582732 	 17 	 200 	 3968 	 2
1788205582744 	 13 	 200 	 3968 	 1
1788205582747 	 12 	 200 	 3968 	 0
1788205582772 	 12 	 200 	 3969 	 0
1788205582796 	 17 	 200 	 3971 	 1
1788205582803 	 14 	 200 	 3972 	 1
1788205582816 	 16 	 200 	 3972 	 0
1788205582836 	 16 	 200 	 3973 	 0
1788205582857 	 19 	 200 	 3975 	 1
1788205582877 	 17 	 200 	 3979 	 4
1788205582875 	 19 	 200 	 3979 	 3
1788205582879 	 19 	 200 	 3979 	 2
1788205582889 	 21 	 200 	 3979 	 1
1788205582893 	 19 	 200 	 3979 	 0
1788205582922 	 12 	 200 	 3981 	 1
1788205582927 	 12 	 200 	 3981 	 0
1788205582959 	 15 	 200 	 3984 	 2
1788205582966 	 17 	 200 	 3984 	 1
1788205582970 	 16 	 200 	 3984 	 0
1788205582988 	 13 	 200 	 3985 	 0
1788205583011 	 13 	 200 	 3987 	 1
1788205583024 	 13 	 200 	 3989 	 2
1788205583027 	 14 	 200 	 3990 	 2
1788205583026 	 29 	 200 	 3990 	 1
1788205583043 	 15 	 200 	 3990 	 0
1788205583060 	 18 	 200 	 3994 	 3
1788205583065 	 16 	 200 	 3994 	 2
1788205583072 	 16 	 200 	 3994 	 1
1788205583075 	 14 	 200 	 3994 	 0
1788205583091 	 12 	 200 	 3996 	 1
1788205583095 	 12 	 200 	 3996 	 0
1788205583124 	 16 	 200 	 3999 	 2
1788205583132 	 16 	 200 	 4000 	 2
1788205583140 	 17 	 200 	 4000 	 1
1788205583144 	 14 	 200 	 4000 	 0
1788205583161 	 12 	 200 	 4001 	 0
1788205583183 	 16 	 200 	 4003 	 1
1788205583190 	 12 	 200 	 4003 	 0
1788205583214 	 19 	 200 	 4006 	 2
1788205583224 	 23 	 200 	 4008 	 3
1788205583231 	 28 	 200 	 4010 	 4
1788205583243 	 18 	 200 	 4010 	 3
1788205583246 	 14 	 200 	 4010 	 2
1788205583253 	 14 	 200 	 4010 	 1
1788205583259 	 13 	 200 	 4010 	 0
1788205583277 	 26 	 200 	 4012 	 1
1788205583297 	 17 	 200 	 4012 	 0
1788205583326 	 30 	 200 	 4014 	 1
1788205583343 	 23 	 200 	 4015 	 1
1788205583372 	 15 	 200 	 4016 	 1
1788205583363 	 30 	 200 	 4018 	 2
1788205583389 	 15 	 200 	 4020 	 3
1788205583393 	 16 	 200 	 4020 	 2
1788205583395 	 13 	 200 	 4021 	 2
1788205583404 	 22 	 200 	 4022 	 2
1788205583410 	 18 	 200 	 4022 	 1
1788205583422 	 12 	 200 	 4022 	 0
1788205583439 	 13 	 200 	 4023 	 0
1788205583459 	 13 	 200 	 4025 	 1
1788205583460 	 16 	 200 	 4025 	 0
1788205583512 	 14 	 200 	 4029 	 3
1788205583511 	 17 	 200 	 4029 	 2
1788205583515 	 16 	 200 	 4029 	 1
1788205583511 	 20 	 200 	 4029 	 0
1788205583554 	 37 	 200 	 4036 	 6
1788205583565 	 29 	 200 	 4036 	 5
1788205583568 	 55 	 200 	 4036 	 4
1788205583578 	 45 	 200 	 4036 	 3
1788205583563 	 71 	 200 	 4036 	 2
1788205583572 	 61 	 200 	 4036 	 1
1788205583570 	 64 	 200 	 4036 	 0
1788205583639 	 12 	 200 	 4037 	 0
1788205583653 	 20 	 200 	 4039 	 1
1788205583664 	 14 	 200 	 4039 	 0
1788205583683 	 19 	 200 	 4041 	 1
1788205583697 	 12 	 200 	 4041 	 0
1788205583740 	 12 	 200 	 4042 	 0
1788205583766 	 17 	 200 	 4044 	 1
1788205583782 	 12 	 200 	 4046 	 2
1788205583794 	 12 	 200 	 4046 	 1
1788205583790 	 18 	 200 	 4046 	 0
1788205583810 	 14 	 200 	 4047 	 0
1788205583834 	 13 	 200 	 4050 	 2
1788205583853 	 13 	 200 	 4052 	 3
1788205583839 	 27 	 200 	 4052 	 2
1788205583840 	 29 	 200 	 4053 	 2
1788205583868 	 17 	 200 	 4058 	 6
1788205583864 	 25 	 200 	 4058 	 5
1788205583877 	 18 	 200 	 4058 	 4
1788205583872 	 29 	 200 	 4058 	 3
1788205583871 	 30 	 200 	 4058 	 2
1788205583878 	 30 	 200 	 4058 	 1
1788205583876 	 34 	 200 	 4058 	 0
1788205583964 	 26 	 200 	 4060 	 1
1788205583987 	 19 	 200 	 4062 	 2
1788205583994 	 16 	 200 	 4062 	 1
1788205584001 	 13 	 200 	 4063 	 1
1788205584014 	 16 	 200 	 4064 	 1
1788205584025 	 21 	 200 	 4066 	 2
1788205584045 	 16 	 200 	 4068 	 3
1788205584046 	 15 	 200 	 4068 	 2
1788205584048 	 24 	 200 	 4068 	 1
1788205584053 	 20 	 200 	 4068 	 0
1788205584079 	 16 	 200 	 4069 	 0
1788205584116 	 20 	 200 	 4071 	 1
1788205584123 	 19 	 200 	 4071 	 0
1788205584172 	 19 	 200 	 4074 	 2
1788205584177 	 14 	 200 	 4074 	 1
1788205584191 	 14 	 200 	 4075 	 1
1788205584195 	 15 	 200 	 4075 	 0
1788205584234 	 14 	 200 	 4077 	 1
1788205584247 	 14 	 200 	 4080 	 3
1788205584252 	 15 	 200 	 4082 	 4
1788205584262 	 14 	 200 	 4082 	 3
1788205584260 	 17 	 200 	 4082 	 2
1788205584261 	 19 	 200 	 4082 	 1
1788205584312 	 31 	 200 	 4084 	 2
1788205584336 	 13 	 200 	 4084 	 1
1788205584440 	 101 	 200 	 4091 	 7
1788205584452 	 92 	 200 	 4091 	 6
1788205584470 	 77 	 200 	 4091 	 5
1788205584521 	 28 	 200 	 4091 	 4
1788205584533 	 19 	 200 	 4091 	 3
1788205584414 	 227 	 200 	 4095 	 6
1788205584555 	 87 	 200 	 4095 	 5
1788205584577 	 68 	 200 	 4096 	 5
1788205584625 	 24 	 200 	 4096 	 4
1788205584644 	 153 	 200 	 4105 	 12
1788205584657 	 196 	 200 	 4108 	 14
1788205584658 	 195 	 200 	 4108 	 13
1788205584661 	 192 	 200 	 4108 	 12
1788205584659 	 195 	 200 	 4108 	 11
1788205584779 	 75 	 200 	 4108 	 10
1788205584635 	 263 	 200 	 4112 	 13
1788205584753 	 180 	 200 	 4114 	 14
1788205584774 	 169 	 200 	 4114 	 13
1788205584826 	 173 	 200 	 4117 	 15
1788205584676 	 371 	 200 	 4118 	 16
1788205584837 	 214 	 200 	 4119 	 16
1788205584770 	 283 	 200 	 4120 	 15
1788205584868 	 274 	 200 	 4121 	 19
1788205584837 	 306 	 200 	 4122 	 18
1788205584870 	 274 	 200 	 4123 	 17
1788205584970 	 177 	 200 	 4124 	 16
1788205585004 	 150 	 200 	 4125 	 15
1788205584268 	 888 	 200 	 4125 	 14
1788205584913 	 252 	 200 	 4125 	 13
1788205584886 	 354 	 200 	 4128 	 20
1788205584864 	 387 	 200 	 4129 	 19
1788205585049 	 206 	 200 	 4130 	 19
1788205584912 	 423 	 200 	 4131 	 24
1788205584963 	 381 	 200 	 4132 	 24
1788205585143 	 207 	 200 	 4133 	 23
1788205584954 	 403 	 200 	 4134 	 23
1788205585145 	 250 	 200 	 4135 	 22
1788205585174 	 227 	 200 	 4136 	 21
1788205585150 	 345 	 200 	 4137 	 24
1788205585070 	 431 	 200 	 4138 	 23
1788205585241 	 304 	 200 	 4139 	 22
1788205585177 	 374 	 200 	 4140 	 21
1788205585354 	 198 	 200 	 4141 	 21
1788205585358 	 244 	 200 	 4142 	 23
1788205585253 	 389 	 200 	 4143 	 25
1788205585345 	 296 	 200 	 4144 	 24
1788205585054 	 642 	 200 	 4145 	 29
1788205585145 	 601 	 200 	 4146 	 28
1788205585170 	 574 	 200 	 4147 	 27
1788205585498 	 254 	 200 	 4148 	 27
1788205585403 	 350 	 200 	 4149 	 26
1788205585257 	 494 	 200 	 4150 	 25
1788205585336 	 424 	 200 	 4151 	 24
1788205585398 	 437 	 200 	 4152 	 31
1788205585644 	 199 	 200 	 4153 	 31
1788205585504 	 345 	 200 	 4154 	 30
1788205585548 	 304 	 200 	 4155 	 31
1788205585554 	 298 	 200 	 4156 	 30
1788205585604 	 329 	 200 	 4157 	 36
1788205585646 	 287 	 200 	 4158 	 35
1788205585748 	 190 	 200 	 4159 	 34
1788205585836 	 109 	 200 	 4160 	 33
1788205585699 	 336 	 200 	 4161 	 44
1788205585758 	 282 	 200 	 4162 	 43
1788205585555 	 500 	 200 	 4163 	 42
1788205585762 	 371 	 200 	 4164 	 46
1788205585850 	 288 	 200 	 4165 	 45
1788205585748 	 392 	 200 	 4166 	 44
1788205585845 	 305 	 200 	 4167 	 43
1788205585759 	 396 	 200 	 4168 	 42
1788205585756 	 402 	 200 	 4169 	 41
1788205585857 	 373 	 200 	 4170 	 43
1788205585936 	 297 	 200 	 4171 	 42
1788205585939 	 298 	 200 	 4172 	 42
1788205586147 	 105 	 200 	 4173 	 41
1788205585858 	 398 	 200 	 4174 	 40
1788205585941 	 316 	 200 	 4175 	 39
1788205586037 	 220 	 200 	 4176 	 38
1788205586160 	 193 	 200 	 4177 	 45
1788205586042 	 314 	 200 	 4178 	 44
1788205585947 	 485 	 200 	 4179 	 43
1788205586236 	 198 	 200 	 4180 	 42
1788205586057 	 394 	 200 	 4181 	 41
1788205586141 	 315 	 200 	 4182 	 40
1788205586157 	 299 	 200 	 4183 	 39
1788205586153 	 396 	 200 	 4184 	 38
1788205586135 	 417 	 200 	 4185 	 37
1788205586255 	 301 	 200 	 4186 	 36
1788205586260 	 336 	 200 	 4187 	 35
1788205586245 	 356 	 200 	 4188 	 34
1788205586435 	 169 	 200 	 4189 	 33
1788205586262 	 383 	 200 	 4190 	 32
1788205586264 	 382 	 200 	 4191 	 31
1788205586235 	 412 	 200 	 4192 	 30
1788205586358 	 336 	 200 	 4193 	 29
1788205586355 	 343 	 200 	 4194 	 28
1788205586460 	 239 	 200 	 4195 	 27
1788205586602 	 142 	 200 	 4196 	 27
1788205586652 	 100 	 200 	 4197 	 26
1788205586553 	 202 	 200 	 4198 	 25
1788205586434 	 322 	 200 	 4199 	 24
1788205586458 	 301 	 200 	 4200 	 23
1788205586555 	 203 	 200 	 4201 	 22
1788205586454 	 306 	 200 	 4202 	 21
1788205586654 	 180 	 200 	 4203 	 20
1788205586649 	 184 	 200 	 4204 	 19
1788205586754 	 82 	 200 	 4205 	 18
1788205586558 	 289 	 200 	 4206 	 17
1788205586702 	 145 	 200 	 4207 	 16
1788205586605 	 251 	 200 	 4208 	 15
1788205586697 	 165 	 200 	 4208 	 14
1788205586838 	 97 	 200 	 4208 	 13
1788205586746 	 193 	 200 	 4208 	 12
1788205586763 	 179 	 200 	 4208 	 11
1788205586700 	 244 	 200 	 4208 	 10
1788205586836 	 110 	 200 	 4208 	 9
1788205586758 	 188 	 200 	 4208 	 8
1788205586598 	 345 	 200 	 4208 	 7
1788205586765 	 197 	 200 	 4208 	 6
1788205586849 	 150 	 200 	 4209 	 6
1788205586853 	 199 	 200 	 4209 	 5
1788205586767 	 288 	 200 	 4209 	 4
1788205586762 	 297 	 200 	 4209 	 3
1788205586979 	 119 	 200 	 4209 	 2
1788205586836 	 264 	 200 	 4209 	 1
1788205587142 	 61 	 200 	 4210 	 1
1788205584383 	 2833 	 200 	 4210 	 0
1788205587321 	 30 	 200 	 4211 	 0
1788205587650 	 43 	 200 	 4212 	 0
1788205588726 	 39 	 200 	 4213 	 0
1788205588844 	 24 	 200 	 4215 	 1
1788205588852 	 19 	 200 	 4215 	 0
1788205588903 	 32 	 200 	 4216 	 0
1788205589713 	 34 	 200 	 4221 	 4
1788205589715 	 34 	 200 	 4221 	 3
1788205589728 	 29 	 200 	 4221 	 2
1788205589746 	 14 	 200 	 4221 	 1
1788205589743 	 17 	 200 	 4221 	 0
1788205589769 	 16 	 200 	 4223 	 1
1788205589776 	 16 	 200 	 4224 	 1
1788205589792 	 16 	 200 	 4225 	 1
1788205589802 	 14 	 200 	 4225 	 0
1788205589822 	 12 	 200 	 4226 	 0
1788205589868 	 21 	 200 	 4232 	 5
1788205589856 	 35 	 200 	 4232 	 4
1788205589863 	 30 	 200 	 4232 	 3
1788205589883 	 19 	 200 	 4232 	 2
1788205589885 	 18 	 200 	 4232 	 1
1788205589888 	 16 	 200 	 4232 	 0
1788205589913 	 21 	 200 	 4235 	 2
1788205589919 	 27 	 200 	 4236 	 2
1788205589934 	 13 	 200 	 4236 	 1
1788205589946 	 14 	 200 	 4236 	 0
1788205589975 	 14 	 200 	 4241 	 4
1788205589976 	 24 	 200 	 4243 	 5
1788205589982 	 19 	 200 	 4243 	 4
1788205589979 	 30 	 200 	 4243 	 3
1788205589993 	 17 	 200 	 4243 	 2
1788205589988 	 27 	 200 	 4244 	 2
1788205589998 	 35 	 200 	 4246 	 3
1788205590014 	 30 	 200 	 4246 	 2
1788205590018 	 30 	 200 	 4246 	 1
1788205590027 	 23 	 200 	 4246 	 0
1788205590057 	 15 	 200 	 4248 	 1
1788205590064 	 13 	 200 	 4249 	 1
1788205590077 	 14 	 200 	 4249 	 0
1788205590138 	 27 	 200 	 4254 	 4
1788205590127 	 46 	 200 	 4254 	 3
1788205590158 	 16 	 200 	 4255 	 3
1788205590175 	 15 	 200 	 4255 	 2
1788205590140 	 66 	 200 	 4255 	 1
1788205590135 	 73 	 200 	 4255 	 0
1788205590235 	 18 	 200 	 4261 	 5
1788205590242 	 17 	 200 	 4261 	 4
1788205590241 	 19 	 200 	 4261 	 3
1788205590217 	 48 	 200 	 4261 	 2
1788205590236 	 30 	 200 	 4261 	 1
1788205590239 	 96 	 200 	 4269 	 8
1788205590317 	 35 	 200 	 4270 	 8
1788205590293 	 67 	 200 	 4270 	 7
1788205590286 	 76 	 200 	 4270 	 6
1788205590321 	 53 	 200 	 4271 	 6
1788205590339 	 37 	 200 	 4272 	 6
1788205590323 	 105 	 200 	 4276 	 9
1788205590315 	 120 	 200 	 4278 	 10
1788205590273 	 164 	 200 	 4278 	 9
1788205590285 	 152 	 200 	 4278 	 8
1788205590372 	 83 	 200 	 4279 	 8
1788205590377 	 80 	 200 	 4279 	 7
1788205590387 	 71 	 200 	 4279 	 6
1788205590404 	 58 	 200 	 4279 	 5
1788205590431 	 35 	 200 	 4279 	 4
1788205590431 	 102 	 200 	 4282 	 6
1788205590382 	 152 	 200 	 4282 	 5
1788205590401 	 134 	 200 	 4282 	 4
1788205590448 	 92 	 200 	 4282 	 3
1788205590483 	 66 	 200 	 4283 	 3
1788205590477 	 76 	 200 	 4283 	 2
1788205590493 	 62 	 200 	 4283 	 1
1788205590548 	 19 	 200 	 4285 	 2
1788205590560 	 25 	 200 	 4286 	 2
1788205590565 	 23 	 200 	 4286 	 1
1788205590573 	 24 	 200 	 4286 	 0
1788205590626 	 34 	 200 	 4290 	 3
1788205590644 	 27 	 200 	 4290 	 2
1788205590647 	 27 	 200 	 4291 	 2
1788205590675 	 12 	 200 	 4291 	 1
1788205590660 	 38 	 200 	 4292 	 1
1788205590690 	 14 	 200 	 4293 	 1
1788205590703 	 14 	 200 	 4294 	 1
1788205590714 	 13 	 200 	 4294 	 0
1788205590729 	 13 	 200 	 4297 	 2
1788205590735 	 18 	 200 	 4298 	 2
1788205590741 	 13 	 200 	 4298 	 1
1788205590753 	 14 	 200 	 4298 	 0
1788205590777 	 15 	 200 	 4301 	 2
1788205590786 	 13 	 200 	 4302 	 2
1788205590793 	 15 	 200 	 4304 	 3
1788205590803 	 14 	 200 	 4304 	 2
1788205590803 	 16 	 200 	 4304 	 1
1788205590797 	 38 	 200 	 4305 	 1
1788205590828 	 13 	 200 	 4305 	 0
1788205590856 	 13 	 200 	 4307 	 1
1788205590863 	 14 	 200 	 4309 	 2
1788205590872 	 13 	 200 	 4309 	 1
1788205590872 	 14 	 200 	 4309 	 0
1788205590911 	 31 	 200 	 4310 	 0
1788205590955 	 21 	 200 	 4314 	 3
1788205590966 	 15 	 200 	 4315 	 5
1788205590964 	 27 	 200 	 4318 	 5
1788205590978 	 16 	 200 	 4318 	 4
1788205590973 	 21 	 200 	 4318 	 3
1788205590982 	 19 	 200 	 4319 	 3
1788205590983 	 18 	 200 	 4319 	 2
1788205590989 	 16 	 200 	 4319 	 1
1788205590997 	 36 	 200 	 4322 	 3
1788205591010 	 24 	 200 	 4322 	 2
1788205591017 	 32 	 200 	 4324 	 3
1788205591020 	 39 	 200 	 4326 	 4
1788205591040 	 22 	 200 	 4326 	 3
1788205591047 	 29 	 200 	 4328 	 4
1788205591054 	 27 	 200 	 4328 	 3
1788205591067 	 31 	 200 	 4329 	 3
1788205591059 	 40 	 200 	 4329 	 2
1788205591071 	 30 	 200 	 4329 	 1
1788205591093 	 19 	 200 	 4329 	 0
1788205591129 	 20 	 200 	 4330 	 0
1788205591154 	 13 	 200 	 4331 	 0
1788205591171 	 15 	 200 	 4333 	 1
1788205591176 	 12 	 200 	 4333 	 0
1788205591197 	 14 	 200 	 4334 	 0
1788205591221 	 16 	 200 	 4336 	 1
1788205591229 	 14 	 200 	 4336 	 0
1788205591258 	 16 	 200 	 4339 	 2
1788205591261 	 14 	 200 	 4339 	 1
1788205591266 	 16 	 200 	 4340 	 1
1788205591281 	 13 	 200 	 4340 	 0
1788205591296 	 13 	 200 	 4342 	 1
1788205591301 	 13 	 200 	 4342 	 0
1788205591315 	 14 	 200 	 4346 	 3
1788205591318 	 18 	 200 	 4349 	 5
1788205591319 	 29 	 200 	 4350 	 5
1788205591331 	 21 	 200 	 4350 	 4
1788205591334 	 21 	 200 	 4350 	 3
1788205591319 	 37 	 200 	 4350 	 2
1788205591336 	 21 	 200 	 4350 	 1
1788205591340 	 21 	 200 	 4351 	 1
1788205591359 	 15 	 200 	 4351 	 0
1788205591383 	 16 	 200 	 4355 	 3
1788205591379 	 21 	 200 	 4355 	 2
1788205591385 	 22 	 200 	 4357 	 3
1788205591395 	 17 	 200 	 4357 	 2
1788205591402 	 13 	 200 	 4357 	 1
1788205591407 	 26 	 200 	 4358 	 1
1788205591431 	 12 	 200 	 4358 	 0
1788205591524 	 37 	 200 	 4361 	 3
1788205591534 	 30 	 200 	 4362 	 2
1788205591564 	 17 	 200 	 4362 	 1
1788205591557 	 44 	 200 	 4363 	 1
1788205591591 	 12 	 200 	 4363 	 0
1788205591638 	 33 	 200 	 4368 	 4
1788205591636 	 35 	 200 	 4368 	 3
1788205591660 	 22 	 200 	 4369 	 3
1788205591661 	 26 	 200 	 4369 	 2
1788205591670 	 19 	 200 	 4369 	 1
1788205591673 	 19 	 200 	 4369 	 0
1788205591701 	 14 	 200 	 4370 	 0
1788205591727 	 13 	 200 	 4371 	 0
1788205591753 	 18 	 200 	 4373 	 1
1788205591755 	 17 	 200 	 4373 	 0
1788205591777 	 16 	 200 	 4375 	 1
1788205591781 	 16 	 200 	 4375 	 0
1788205591803 	 13 	 200 	 4377 	 1
1788205591832 	 14 	 200 	 4380 	 3
1788205591842 	 15 	 200 	 4380 	 2
1788205591864 	 15 	 200 	 4382 	 3
1788205591875 	 22 	 200 	 4382 	 2
1788205591833 	 82 	 200 	 4382 	 1
1788205591945 	 13 	 200 	 4384 	 2
1788205591974 	 28 	 200 	 4389 	 6
1788205591962 	 41 	 200 	 4389 	 5
1788205591968 	 35 	 200 	 4389 	 4
1788205591989 	 16 	 200 	 4389 	 3
1788205592031 	 15 	 200 	 4392 	 5
1788205592042 	 13 	 200 	 4392 	 4
1788205591935 	 124 	 200 	 4392 	 3
1788205592046 	 15 	 200 	 4393 	 3
1788205592061 	 39 	 200 	 4395 	 4
1788205592065 	 37 	 200 	 4395 	 3
1788205591990 	 116 	 200 	 4395 	 2
1788205592098 	 47 	 200 	 4398 	 4
1788205592133 	 37 	 200 	 4403 	 8
1788205592131 	 105 	 200 	 4409 	 13
1788205592161 	 163 	 200 	 4412 	 18
1788205592157 	 176 	 200 	 4413 	 17
1788205592148 	 187 	 200 	 4414 	 16
1788205592188 	 149 	 200 	 4415 	 15
1788205592163 	 175 	 200 	 4415 	 14
1788205592127 	 217 	 200 	 4415 	 13
1788205592154 	 189 	 200 	 4415 	 12
1788205592325 	 77 	 200 	 4417 	 13
1788205592189 	 214 	 200 	 4418 	 13
1788205592187 	 217 	 200 	 4418 	 12
1788205592210 	 228 	 200 	 4420 	 13
1788205592337 	 165 	 200 	 4423 	 15
1788205592403 	 100 	 200 	 4423 	 14
1788205592335 	 170 	 200 	 4423 	 13
1788205592419 	 88 	 200 	 4423 	 12
1788205592241 	 266 	 200 	 4423 	 11
1788205592270 	 268 	 200 	 4424 	 11
1788205592404 	 136 	 200 	 4424 	 10
1788205592437 	 107 	 200 	 4424 	 9
1788205592234 	 313 	 200 	 4424 	 9
1788205592220 	 332 	 200 	 4425 	 8
1788205592245 	 311 	 200 	 4425 	 7
1788205592462 	 137 	 200 	 4427 	 8
1788205592466 	 142 	 200 	 4429 	 9
1788205592595 	 126 	 200 	 4436 	 19
1788205592388 	 346 	 200 	 4437 	 18
1788205592526 	 209 	 200 	 4438 	 17
1788205592607 	 146 	 200 	 4439 	 18
1788205592625 	 172 	 200 	 4440 	 18
1788205592460 	 378 	 200 	 4441 	 23
1788205592634 	 206 	 200 	 4442 	 22
1788205592571 	 276 	 200 	 4443 	 23
1788205592692 	 208 	 200 	 4444 	 27
1788205592687 	 216 	 200 	 4445 	 26
1788205592724 	 219 	 200 	 4446 	 28
1788205592550 	 402 	 200 	 4447 	 27
1788205592735 	 272 	 200 	 4448 	 31
1788205592736 	 311 	 200 	 4449 	 35
1788205592755 	 344 	 200 	 4450 	 38
1788205592604 	 494 	 200 	 4451 	 37
1788205592668 	 436 	 200 	 4452 	 36
1788205592842 	 264 	 200 	 4453 	 35
1788205592678 	 427 	 200 	 4454 	 34
1788205592800 	 350 	 200 	 4455 	 38
1788205592840 	 359 	 200 	 4456 	 39
1788205592906 	 344 	 200 	 4457 	 44
1788205593107 	 233 	 200 	 4458 	 48
1788205593008 	 339 	 200 	 4459 	 47
1788205592632 	 722 	 200 	 4460 	 46
1788205592902 	 492 	 200 	 4461 	 48
1788205592945 	 449 	 200 	 4462 	 47
1788205592850 	 547 	 200 	 4463 	 46
1788205592955 	 498 	 200 	 4464 	 49
1788205593201 	 297 	 200 	 4465 	 53
1788205593111 	 388 	 200 	 4466 	 52
1788205593101 	 437 	 200 	 4467 	 52
1788205593343 	 209 	 200 	 4468 	 51
1788205593049 	 505 	 200 	 4469 	 50
1788205593152 	 403 	 200 	 4470 	 49
1788205593252 	 389 	 200 	 4471 	 55
1788205593349 	 301 	 200 	 4472 	 56
1788205593399 	 262 	 200 	 4473 	 55
1788205593500 	 245 	 200 	 4474 	 61
1788205593104 	 648 	 200 	 4475 	 60
1788205593501 	 252 	 200 	 4476 	 59
1788205593396 	 360 	 200 	 4477 	 59
1788205593557 	 286 	 200 	 4478 	 63
1788205593560 	 337 	 200 	 4479 	 66
1788205593541 	 402 	 200 	 4480 	 65
1788205593455 	 541 	 200 	 4481 	 67
1788205593356 	 642 	 200 	 4482 	 66
1788205593653 	 348 	 200 	 4483 	 66
1788205593554 	 448 	 200 	 4484 	 65
1788205593109 	 941 	 200 	 4485 	 67
1788205593757 	 298 	 200 	 4486 	 66
1788205593759 	 391 	 200 	 4487 	 70
1788205593663 	 492 	 200 	 4488 	 69
1788205593644 	 512 	 200 	 4489 	 68
1788205593846 	 308 	 200 	 4490 	 67
1788205593754 	 488 	 200 	 4491 	 70
1788205593945 	 301 	 200 	 4492 	 69
1788205593397 	 853 	 200 	 4493 	 68
1788205594008 	 293 	 200 	 4494 	 70
1788205593749 	 644 	 200 	 4495 	 73
1788205594000 	 397 	 200 	 4496 	 72
1788205591812 	 2587 	 200 	 4497 	 71
1788205594162 	 237 	 200 	 4498 	 70
1788205594251 	 188 	 200 	 4499 	 72
1788205594254 	 198 	 200 	 4500 	 71
1788205594005 	 497 	 200 	 4501 	 74
1788205594157 	 386 	 200 	 4502 	 79
1788205594399 	 144 	 200 	 4503 	 78
1788205594057 	 495 	 200 	 4504 	 77
1788205593899 	 655 	 200 	 4505 	 76
1788205594245 	 352 	 200 	 4506 	 80
1788205594400 	 199 	 200 	 4507 	 79
1788205594052 	 601 	 200 	 4508 	 80
1788205594402 	 349 	 200 	 4509 	 84
1788205594152 	 642 	 200 	 4510 	 85
1788205594160 	 684 	 200 	 4511 	 88
1788205594302 	 542 	 200 	 4512 	 87
1788205594504 	 351 	 200 	 4513 	 88
1788205594548 	 349 	 200 	 4514 	 89
1788205594396 	 503 	 200 	 4515 	 89
1788205594454 	 485 	 200 	 4516 	 90
1788205594557 	 386 	 200 	 4517 	 89
1788205594797 	 157 	 200 	 4518 	 88
1788205594656 	 392 	 200 	 4519 	 96
1788205594857 	 239 	 200 	 4520 	 102
1788205594900 	 242 	 200 	 4521 	 106
1788205594555 	 591 	 200 	 4522 	 108
1788205594550 	 600 	 200 	 4523 	 107
1788205594601 	 638 	 200 	 4524 	 116
1788205594848 	 393 	 200 	 4525 	 115
1788205594847 	 396 	 200 	 4526 	 114
1788205594753 	 496 	 200 	 4527 	 115
1788205594602 	 647 	 200 	 4528 	 114
1788205594942 	 352 	 200 	 4529 	 117
1788205594443 	 856 	 200 	 4530 	 116
1788205595145 	 199 	 200 	 4531 	 117
1788205595253 	 97 	 200 	 4532 	 116
1788205594902 	 451 	 200 	 4533 	 115
1788205595240 	 203 	 200 	 4534 	 123
1788205595242 	 212 	 200 	 4535 	 122
1788205595296 	 159 	 200 	 4536 	 121
1788205595149 	 309 	 200 	 4537 	 120
1788205595300 	 160 	 200 	 4538 	 119
1788205595355 	 142 	 200 	 4539 	 120
1788205595352 	 189 	 200 	 4540 	 119
1788205594956 	 588 	 200 	 4541 	 118
1788205595244 	 303 	 200 	 4542 	 117
1788205595347 	 203 	 200 	 4543 	 116
1788205595251 	 302 	 200 	 4544 	 115
1788205595098 	 446 	 200 	 4545 	 114
1788205595466 	 92 	 200 	 4546 	 113
1788205595457 	 100 	 200 	 4547 	 112
1788205595460 	 176 	 200 	 4548 	 119
1788205595050 	 597 	 200 	 4549 	 118
1788205595153 	 524 	 200 	 4550 	 120
1788205595445 	 297 	 200 	 4551 	 120
1788205595499 	 248 	 200 	 4552 	 119
1788205595555 	 278 	 200 	 4553 	 126
1788205595543 	 298 	 200 	 4554 	 126
1788205595548 	 297 	 200 	 4555 	 125
1788205595546 	 299 	 200 	 4556 	 125
1788205595562 	 292 	 200 	 4557 	 125
1788205595560 	 297 	 200 	 4558 	 124
1788205595557 	 301 	 200 	 4559 	 123
1788205595649 	 284 	 200 	 4560 	 130
1788205595641 	 294 	 200 	 4561 	 129
1788205595750 	 286 	 200 	 4562 	 139
1788205595744 	 293 	 200 	 4563 	 138
1788205594946 	 1100 	 200 	 4564 	 137
1788205595847 	 205 	 200 	 4565 	 137
1788205595843 	 208 	 200 	 4566 	 136
1788205595860 	 274 	 200 	 4567 	 139
1788205595862 	 279 	 200 	 4568 	 138
1788205595851 	 295 	 200 	 4569 	 139
1788205595937 	 295 	 200 	 4570 	 142
1788205596039 	 190 	 200 	 4571 	 141
1788205595940 	 293 	 200 	 4572 	 140
1788205595679 	 560 	 200 	 4573 	 139
1788205596136 	 110 	 200 	 4574 	 138
1788205595552 	 703 	 200 	 4575 	 138
1788205596055 	 206 	 200 	 4576 	 138
1788205595835 	 502 	 200 	 4577 	 141
1788205596144 	 193 	 200 	 4578 	 140
1788205595463 	 887 	 200 	 4579 	 139
1788205595855 	 499 	 200 	 4580 	 138
1788205596055 	 375 	 200 	 4581 	 137
1788205596049 	 385 	 200 	 4582 	 137
1788205596258 	 186 	 200 	 4583 	 137
1788205596338 	 118 	 200 	 4584 	 138
1788205596235 	 221 	 200 	 4585 	 138
1788205596242 	 220 	 200 	 4586 	 137
1788205596235 	 298 	 200 	 4587 	 139
1788205596353 	 181 	 200 	 4588 	 138
1788205596437 	 100 	 200 	 4589 	 137
1788205596357 	 193 	 200 	 4590 	 138
1788205596149 	 404 	 200 	 4591 	 137
1788205596435 	 168 	 200 	 4592 	 138
1788205596460 	 188 	 200 	 4593 	 138
1788205596040 	 612 	 200 	 4594 	 137
1788205596458 	 198 	 200 	 4595 	 137
1788205596536 	 120 	 200 	 4596 	 136
1788205596463 	 272 	 200 	 4597 	 141
1788205596650 	 93 	 200 	 4598 	 140
1788205596236 	 514 	 200 	 4599 	 139
1788205596655 	 144 	 200 	 4600 	 141
1788205596538 	 308 	 200 	 4601 	 146
1788205596249 	 644 	 200 	 4602 	 145
1788205596263 	 676 	 200 	 4603 	 146
1788205596738 	 214 	 200 	 4604 	 146
1788205596552 	 442 	 200 	 4605 	 150
1788205596339 	 658 	 200 	 4606 	 149
1788205596604 	 445 	 200 	 4607 	 151
1788205596848 	 292 	 200 	 4608 	 152
1788205596556 	 593 	 200 	 4609 	 152
1788205596801 	 351 	 200 	 4610 	 151
1788205596751 	 406 	 200 	 4611 	 150
1788205596942 	 252 	 200 	 4612 	 149
1788205596999 	 235 	 200 	 4613 	 150
1788205597154 	 86 	 200 	 4614 	 149
1788205596536 	 712 	 200 	 4615 	 149
1788205596659 	 593 	 200 	 4616 	 148
1788205597143 	 112 	 200 	 4617 	 147
1788205596445 	 811 	 200 	 4618 	 146
1788205596747 	 513 	 200 	 4619 	 145
1788205597150 	 117 	 200 	 4620 	 144
1788205596661 	 672 	 200 	 4621 	 146
1788205596997 	 337 	 200 	 4622 	 145
1788205597159 	 176 	 200 	 4623 	 144
1788205596895 	 443 	 200 	 4624 	 143
1788205596954 	 385 	 200 	 4625 	 142
1788205597052 	 290 	 200 	 4626 	 141
1788205597197 	 146 	 200 	 4627 	 140
1788205597235 	 111 	 200 	 4628 	 141
1788205597243 	 104 	 200 	 4629 	 140
1788205597270 	 89 	 200 	 4630 	 140
1788205597340 	 94 	 200 	 4631 	 142
1788205597266 	 169 	 200 	 4632 	 141
1788205597254 	 183 	 200 	 4633 	 140
1788205597361 	 172 	 200 	 4634 	 144
1788205597337 	 197 	 200 	 4635 	 143
1788205597338 	 197 	 200 	 4636 	 142
1788205597250 	 304 	 200 	 4637 	 142
1788205597346 	 211 	 200 	 4638 	 141
1788205597342 	 219 	 200 	 4639 	 140
1788205597335 	 315 	 200 	 4640 	 145
1788205597345 	 310 	 200 	 4641 	 144
1788205597344 	 353 	 200 	 4642 	 148
1788205597435 	 265 	 200 	 4643 	 147
1788205597351 	 392 	 200 	 4644 	 150
1788205597537 	 263 	 200 	 4645 	 153
1788205597652 	 191 	 200 	 4646 	 157
1788205597439 	 413 	 200 	 4647 	 156
1788205597656 	 200 	 200 	 4648 	 155
1788205597263 	 595 	 200 	 4649 	 156
1788205597702 	 153 	 200 	 4650 	 155
1788205597556 	 387 	 200 	 4651 	 157
1788205597539 	 410 	 200 	 4652 	 156
1788205597699 	 256 	 200 	 4653 	 155
1788205597854 	 188 	 200 	 4654 	 156
1788205597861 	 235 	 200 	 4655 	 155
1788205597745 	 396 	 200 	 4656 	 154
1788205597437 	 706 	 200 	 4657 	 153
1788205597802 	 346 	 200 	 4658 	 152
1788205597862 	 334 	 200 	 4659 	 151
1788205597957 	 244 	 200 	 4660 	 150
1788205597858 	 381 	 200 	 4661 	 149
1788205597945 	 304 	 200 	 4662 	 148
1788205597953 	 301 	 200 	 4663 	 147
1788205597536 	 754 	 200 	 4664 	 146
1788205598100 	 238 	 200 	 4665 	 145
1788205598147 	 205 	 200 	 4666 	 144
1788205598045 	 308 	 200 	 4667 	 143
1788205598253 	 107 	 200 	 4668 	 142
1788205598256 	 106 	 200 	 4669 	 141
1788205598198 	 163 	 200 	 4670 	 140
1788205598203 	 156 	 200 	 4671 	 139
1788205598144 	 222 	 200 	 4672 	 138
1788205598241 	 201 	 200 	 4673 	 137
1788205598356 	 90 	 200 	 4674 	 136
1788205598369 	 79 	 200 	 4675 	 135
1788205598366 	 99 	 200 	 4676 	 134
1788205598358 	 175 	 200 	 4677 	 133
1788205597559 	 981 	 200 	 4678 	 132
1788205598372 	 169 	 200 	 4679 	 131
1788205598340 	 202 	 200 	 4680 	 130
1788205598364 	 196 	 200 	 4681 	 129
1788205598443 	 192 	 200 	 4682 	 128
1788205598456 	 179 	 200 	 4683 	 127
1788205597562 	 1079 	 200 	 4684 	 126
1788205598369 	 265 	 200 	 4685 	 125
1788205598448 	 199 	 200 	 4686 	 124
1788205597846 	 810 	 200 	 4687 	 123
1788205598535 	 202 	 200 	 4688 	 122
1788205598544 	 190 	 200 	 4689 	 121
1788205598467 	 270 	 200 	 4690 	 120
1788205598544 	 205 	 200 	 4691 	 119
1788205598542 	 292 	 200 	 4692 	 118
1788205598644 	 194 	 200 	 4693 	 117
1788205598151 	 696 	 200 	 4694 	 116
1788205598743 	 192 	 200 	 4695 	 115
1788205598298 	 639 	 200 	 4696 	 114
1788205598562 	 376 	 200 	 4697 	 113
1788205597259 	 1681 	 200 	 4698 	 112
1788205598648 	 294 	 200 	 4699 	 111
1788205598637 	 302 	 200 	 4700 	 110
1788205598740 	 295 	 200 	 4701 	 110
1788205598836 	 204 	 200 	 4702 	 109
1788205598751 	 291 	 200 	 4703 	 108
1788205598841 	 200 	 200 	 4704 	 107
1788205598637 	 415 	 200 	 4705 	 106
1788205598660 	 391 	 200 	 4706 	 105
1788205598937 	 121 	 200 	 4707 	 104
1788205598849 	 294 	 200 	 4708 	 103
1788205598949 	 196 	 200 	 4709 	 102
1788205598644 	 493 	 200 	 4710 	 101
1788205598941 	 293 	 200 	 4711 	 100
1788205599045 	 192 	 200 	 4712 	 99
1788205598939 	 300 	 200 	 4713 	 98
1788205598747 	 498 	 200 	 4714 	 97
1788205599060 	 273 	 200 	 4715 	 96
1788205598944 	 390 	 200 	 4716 	 95
1788205599047 	 290 	 200 	 4717 	 94
1788205599043 	 290 	 200 	 4718 	 93
1788205599056 	 383 	 200 	 4719 	 92
1788205599150 	 294 	 200 	 4720 	 91
1788205599240 	 212 	 200 	 4721 	 90
1788205599054 	 440 	 200 	 4722 	 89
1788205599247 	 287 	 200 	 4723 	 88
1788205599243 	 295 	 200 	 4724 	 87
1788205599236 	 308 	 200 	 4725 	 86
1788205599339 	 204 	 200 	 4726 	 85
1788205599153 	 402 	 200 	 4727 	 84
1788205599147 	 492 	 200 	 4728 	 83
1788205599442 	 252 	 200 	 4729 	 82
1788205599038 	 703 	 200 	 4730 	 81
1788205599496 	 254 	 200 	 4731 	 80
1788205599337 	 416 	 200 	 4732 	 79
1788205599341 	 413 	 200 	 4733 	 78
1788205599541 	 213 	 200 	 4734 	 77
1788205599554 	 246 	 200 	 4735 	 76
1788205599447 	 386 	 200 	 4736 	 75
1788205599546 	 294 	 200 	 4737 	 74
1788205599696 	 148 	 200 	 4738 	 73
1788205593999 	 5847 	 200 	 4739 	 72
1788205599836 	 105 	 200 	 4740 	 71
1788205599747 	 205 	 200 	 4741 	 70
1788205599757 	 201 	 200 	 4742 	 69
1788205599558 	 443 	 200 	 4743 	 68
1788205599803 	 201 	 200 	 4744 	 67
1788205599336 	 699 	 200 	 4745 	 66
1788205599853 	 200 	 200 	 4746 	 65
1788205599642 	 499 	 200 	 4747 	 64
1788205599456 	 696 	 200 	 4748 	 63
1788205598942 	 1215 	 200 	 4749 	 62
1788205599537 	 623 	 200 	 4750 	 61
1788205599843 	 393 	 200 	 4751 	 60
1788205599961 	 283 	 200 	 4752 	 59
1788205600006 	 244 	 200 	 4753 	 58
1788205599760 	 493 	 200 	 4754 	 57
1788205599943 	 315 	 200 	 4755 	 56
1788205600037 	 297 	 200 	 4756 	 55
1788205600255 	 84 	 200 	 4757 	 54
1788205600003 	 346 	 200 	 4758 	 53
1788205600237 	 119 	 200 	 4759 	 52
1788205599763 	 592 	 200 	 4760 	 51
1788205600252 	 146 	 200 	 4761 	 50
1788205599845 	 589 	 200 	 4762 	 49
1788205600145 	 294 	 200 	 4763 	 48
1788205600154 	 297 	 200 	 4764 	 47
1788205600246 	 292 	 200 	 4765 	 46
1788205600162 	 378 	 200 	 4766 	 45
1788205600261 	 282 	 200 	 4767 	 44
1788205600055 	 498 	 200 	 4768 	 43
1788205599955 	 602 	 200 	 4769 	 42
1788205600359 	 203 	 200 	 4770 	 41
1788205600337 	 233 	 200 	 4771 	 40
1788205600358 	 275 	 200 	 4772 	 39
1788205600400 	 237 	 200 	 4773 	 38
1788205600351 	 283 	 200 	 4774 	 37
1788205600454 	 182 	 200 	 4775 	 36
1788205600341 	 309 	 200 	 4776 	 35
1788205600442 	 204 	 200 	 4777 	 34
1788205600435 	 216 	 200 	 4778 	 33
1788205600545 	 111 	 200 	 4779 	 32
1788205599751 	 906 	 200 	 4780 	 31
1788205600159 	 500 	 200 	 4781 	 30
1788205600542 	 117 	 200 	 4782 	 29
1788205600540 	 197 	 200 	 4783 	 29
1788205600572 	 166 	 200 	 4784 	 28
1788205600567 	 176 	 200 	 4785 	 27
1788205600647 	 285 	 200 	 4786 	 26
1788205600662 	 272 	 200 	 4787 	 25
1788205600556 	 385 	 200 	 4788 	 24
1788205600668 	 268 	 200 	 4789 	 23
1788205600652 	 283 	 200 	 4790 	 22
1788205600560 	 386 	 200 	 4791 	 21
1788205600640 	 399 	 200 	 4792 	 20
1788205600665 	 475 	 200 	 4793 	 19
1788205600747 	 392 	 200 	 4794 	 18
1788205600939 	 205 	 200 	 4795 	 17
1788205600653 	 580 	 200 	 4796 	 16
1788205600657 	 576 	 200 	 4797 	 15
1788205600740 	 495 	 200 	 4797 	 14
1788205600638 	 607 	 200 	 4797 	 13
1788205601042 	 232 	 200 	 4797 	 12
1788205600660 	 629 	 200 	 4797 	 11
1788205600947 	 348 	 200 	 4797 	 10
1788205600948 	 351 	 200 	 4797 	 9
1788205601143 	 158 	 200 	 4797 	 8
1788205600739 	 559 	 200 	 4797 	 7
1788205601150 	 158 	 200 	 4797 	 6
1788205600934 	 409 	 200 	 4797 	 5
1788205601147 	 211 	 200 	 4797 	 4
1788205600944 	 440 	 200 	 4797 	 3
1788205601235 	 169 	 200 	 4797 	 2
1788205600951 	 450 	 200 	 4797 	 1
1788205601537 	 57 	 200 	 4798 	 1
1788205600639 	 1000 	 200 	 4798 	 0
1788205601805 	 41 	 200 	 4799 	 0
1788205601962 	 23 	 200 	 4800 	 0
1788205602207 	 27 	 200 	 4801 	 0
1788205602320 	 16 	 200 	 4802 	 0
1788205602528 	 14 	 200 	 4803 	 0
1788205602545 	 12 	 200 	 4804 	 0
1788205603077 	 29 	 200 	 4805 	 0
1788205603268 	 12 	 200 	 4806 	 0
1788205603418 	 14 	 200 	 4807 	 0
1788205603796 	 39 	 200 	 4810 	 2
1788205603810 	 32 	 200 	 4810 	 1
1788205603821 	 24 	 200 	 4810 	 0
1788205603852 	 17 	 200 	 4811 	 0
1788205603876 	 18 	 200 	 4813 	 1
1788205603887 	 15 	 200 	 4814 	 1
1788205603896 	 13 	 200 	 4814 	 0
1788205603922 	 12 	 200 	 4816 	 1
1788205603923 	 15 	 200 	 4816 	 0
1788205604016 	 31 	 200 	 4820 	 3
1788205604005 	 42 	 200 	 4820 	 2
1788205604023 	 27 	 200 	 4820 	 1
1788205604043 	 16 	 200 	 4821 	 1
1788205604056 	 19 	 200 	 4822 	 1
1788205604066 	 14 	 200 	 4822 	 1
1788205604081 	 26 	 200 	 4827 	 4
1788205604095 	 16 	 200 	 4827 	 3
1788205604082 	 33 	 200 	 4827 	 2
1788205604100 	 17 	 200 	 4827 	 1
1788205604087 	 31 	 200 	 4827 	 0
1788205604127 	 18 	 200 	 4830 	 2
1788205604136 	 13 	 200 	 4830 	 1
1788205604144 	 14 	 200 	 4830 	 2
1788205604159 	 18 	 200 	 4834 	 3
1788205604159 	 18 	 200 	 4834 	 2
1788205604170 	 16 	 200 	 4834 	 1
1788205604173 	 14 	 200 	 4834 	 0
1788205604199 	 16 	 200 	 4836 	 1
1788205604208 	 17 	 200 	 4836 	 0
1788205604227 	 13 	 200 	 4838 	 1
1788205604229 	 12 	 200 	 4838 	 0
1788205604252 	 14 	 200 	 4839 	 0
1788205604293 	 14 	 200 	 4840 	 0
1788205604311 	 14 	 200 	 4843 	 2
1788205604314 	 15 	 200 	 4843 	 1
1788205604322 	 21 	 200 	 4845 	 2
1788205604331 	 14 	 200 	 4845 	 1
1788205604333 	 14 	 200 	 4846 	 1
1788205604347 	 12 	 200 	 4846 	 0
1788205604366 	 22 	 200 	 4850 	 3
1788205604369 	 19 	 200 	 4850 	 2
1788205604382 	 18 	 200 	 4851 	 2
1788205604378 	 23 	 200 	 4851 	 1
1788205604400 	 18 	 200 	 4851 	 0
1788205604436 	 14 	 200 	 4852 	 0
1788205604460 	 17 	 200 	 4853 	 0
1788205604482 	 15 	 200 	 4857 	 3
1788205604491 	 16 	 200 	 4858 	 3
1788205604479 	 36 	 200 	 4859 	 4
1788205604481 	 36 	 200 	 4860 	 3
1788205604498 	 20 	 200 	 4860 	 2
1788205604516 	 15 	 200 	 4860 	 1
1788205604509 	 33 	 200 	 4861 	 1
1788205604540 	 14 	 200 	 4862 	 1
1788205604551 	 20 	 200 	 4862 	 0
1788205604596 	 14 	 200 	 4865 	 2
1788205604603 	 17 	 200 	 4865 	 1
1788205604610 	 14 	 200 	 4865 	 0
1788205604632 	 13 	 200 	 4866 	 0
1788205604668 	 17 	 200 	 4868 	 1
1788205604681 	 16 	 200 	 4869 	 1
1788205604697 	 18 	 200 	 4870 	 1
1788205604699 	 16 	 200 	 4870 	 0
1788205604730 	 15 	 200 	 4872 	 1
1788205604733 	 14 	 200 	 4872 	 0
1788205604752 	 14 	 200 	 4875 	 2
1788205604760 	 21 	 200 	 4875 	 1
1788205604765 	 18 	 200 	 4875 	 0
1788205604787 	 14 	 200 	 4877 	 1
1788205604796 	 13 	 200 	 4877 	 0
1788205604815 	 18 	 200 	 4882 	 4
1788205604811 	 22 	 200 	 4882 	 3
1788205604813 	 22 	 200 	 4882 	 2
1788205604818 	 26 	 200 	 4883 	 2
1788205604834 	 15 	 200 	 4884 	 2
1788205604837 	 17 	 200 	 4884 	 1
1788205604846 	 15 	 200 	 4884 	 0
1788205604875 	 13 	 200 	 4887 	 2
1788205604887 	 14 	 200 	 4887 	 1
1788205604887 	 18 	 200 	 4887 	 0
1788205604919 	 16 	 200 	 4889 	 1
1788205604924 	 13 	 200 	 4890 	 1
1788205604937 	 13 	 200 	 4891 	 1
1788205604947 	 15 	 200 	 4893 	 2
1788205604954 	 19 	 200 	 4895 	 3
1788205604956 	 18 	 200 	 4895 	 2
1788205604969 	 13 	 200 	 4895 	 1
1788205604975 	 15 	 200 	 4896 	 1
1788205604986 	 13 	 200 	 4897 	 1
1788205605000 	 19 	 200 	 4898 	 1
1788205605012 	 15 	 200 	 4898 	 0
1788205605040 	 15 	 200 	 4901 	 2
1788205605040 	 17 	 200 	 4903 	 3
1788205605042 	 20 	 200 	 4903 	 2
1788205605058 	 14 	 200 	 4903 	 1
1788205605057 	 15 	 200 	 4903 	 0
1788205605087 	 19 	 200 	 4905 	 1
1788205605103 	 13 	 200 	 4905 	 0
1788205605131 	 12 	 200 	 4907 	 1
1788205605136 	 14 	 200 	 4907 	 0
1788205605174 	 15 	 200 	 4911 	 3
1788205605175 	 15 	 200 	 4911 	 2
1788205605183 	 14 	 200 	 4911 	 1
1788205605186 	 20 	 200 	 4912 	 1
1788205605202 	 12 	 200 	 4912 	 0
1788205605217 	 11 	 200 	 4913 	 0
1788205605234 	 12 	 200 	 4914 	 0
1788205605248 	 18 	 200 	 4915 	 0
1788205605274 	 14 	 200 	 4918 	 2
1788205605271 	 16 	 200 	 4918 	 1
1788205605283 	 14 	 200 	 4919 	 1
1788205605296 	 13 	 200 	 4919 	 0
1788205605336 	 19 	 200 	 4923 	 3
1788205605338 	 20 	 200 	 4925 	 4
1788205605343 	 15 	 200 	 4925 	 3
1788205605350 	 17 	 200 	 4926 	 3
1788205605357 	 19 	 200 	 4926 	 2
1788205605358 	 18 	 200 	 4926 	 1
1788205605367 	 14 	 200 	 4927 	 1
1788205605379 	 16 	 200 	 4929 	 2
1788205605384 	 14 	 200 	 4929 	 1
1788205605386 	 13 	 200 	 4929 	 0
1788205605404 	 16 	 200 	 4932 	 2
1788205605409 	 27 	 200 	 4933 	 2
1788205605420 	 26 	 200 	 4933 	 1
1788205605431 	 21 	 200 	 4934 	 1
1788205605449 	 13 	 200 	 4934 	 0
1788205605463 	 13 	 200 	 4936 	 1
1788205605465 	 14 	 200 	 4936 	 0
1788205605484 	 13 	 200 	 4937 	 0
1788205605499 	 14 	 200 	 4938 	 0
1788205605565 	 18 	 200 	 4940 	 1
1788205605574 	 12 	 200 	 4940 	 0
1788205605592 	 62 	 200 	 4942 	 1
1788205605633 	 23 	 200 	 4942 	 0
1788205605697 	 15 	 200 	 4944 	 1
1788205605702 	 13 	 200 	 4944 	 0
1788205605716 	 13 	 200 	 4946 	 1
1788205605722 	 17 	 200 	 4947 	 1
1788205605733 	 13 	 200 	 4947 	 0
1788205605813 	 32 	 200 	 4952 	 4
1788205605819 	 32 	 200 	 4952 	 3
1788205605834 	 18 	 200 	 4952 	 2
1788205605821 	 31 	 200 	 4952 	 1
1788205605845 	 13 	 200 	 4952 	 0
1788205605860 	 17 	 200 	 4955 	 2
1788205605870 	 15 	 200 	 4955 	 1
1788205605873 	 14 	 200 	 4956 	 1
1788205605887 	 13 	 200 	 4956 	 0
1788205605905 	 17 	 200 	 4957 	 0
1788205605964 	 31 	 200 	 4962 	 4
1788205605979 	 19 	 200 	 4962 	 3
1788205605966 	 42 	 200 	 4963 	 3
1788205605968 	 48 	 200 	 4963 	 2
1788205605981 	 38 	 200 	 4963 	 1
1788205606009 	 12 	 200 	 4963 	 0
1788205606033 	 19 	 200 	 4964 	 0
1788205606136 	 14 	 200 	 4967 	 2
1788205606144 	 13 	 200 	 4967 	 1
1788205606150 	 18 	 200 	 4968 	 1
1788205606163 	 20 	 200 	 4971 	 3
1788205606178 	 21 	 200 	 4972 	 3
1788205606178 	 23 	 200 	 4972 	 2
1788205606182 	 32 	 200 	 4973 	 3
1788205606187 	 31 	 200 	 4974 	 2
1788205606210 	 29 	 200 	 4977 	 4
1788205606215 	 26 	 200 	 4977 	 3
1788205606226 	 22 	 200 	 4978 	 3
1788205606233 	 16 	 200 	 4978 	 2
1788205606232 	 19 	 200 	 4978 	 1
1788205606250 	 13 	 200 	 4979 	 1
1788205606256 	 16 	 200 	 4979 	 0
1788205606275 	 13 	 200 	 4980 	 1
1788205606293 	 14 	 200 	 4985 	 4
1788205606299 	 17 	 200 	 4985 	 3
1788205606289 	 27 	 200 	 4985 	 2
1788205606290 	 29 	 200 	 4985 	 1
1788205606305 	 16 	 200 	 4985 	 0
1788205606322 	 20 	 200 	 4986 	 0
1788205606359 	 13 	 200 	 4987 	 0
1788205606383 	 13 	 200 	 4988 	 0
1788205606398 	 12 	 200 	 4990 	 1
1788205606408 	 13 	 200 	 4990 	 0
1788205606423 	 12 	 200 	 4991 	 0
1788205606456 	 12 	 200 	 4993 	 1
1788205606468 	 12 	 200 	 4994 	 1
1788205606474 	 12 	 200 	 4994 	 0
1788205606497 	 13 	 200 	 4996 	 1
1788205606505 	 14 	 200 	 4996 	 0
1788205606525 	 13 	 200 	 4997 	 0
1788205606668 	 22 	 200 	 4998 	 0
1788205607185 	 29 	 200 	 4999 	 0
1788205607343 	 13 	 200 	 5000 	 0