1788205027192 	 23 	 500 	 3 	 2
1788205027199 	 21 	 500 	 4 	 2
1788205027196 	 29 	 200 	 4 	 1
1788205027219 	 14 	 200 	 4 	 0
1788205027236 	 22 	 200 	 5 	 0
1788205027269 	 17 	 200 	 10 	 4
1788205027271 	 18 	 200 	 10 	 3
1788205027280 	 20 	 200 	 13 	 5
1788205027279 	 30 	 200 	 13 	 4
1788205027294 	 19 	 200 	 13 	 4
1788205027294 	 19 	 200 	 14 	 3
1788205027283 	 33 	 200 	 14 	 2
1788205027297 	 22 	 200 	 14 	 1
1788205027315 	 18 	 200 	 16 	 2
1788205027329 	 16 	 200 	 17 	 2
1788205027325 	 26 	 200 	 17 	 1
1788205027342 	 39 	 200 	 19 	 2
1788205027367 	 14 	 200 	 19 	 1
1788205027367 	 17 	 200 	 19 	 0
1788205027392 	 12 	 200 	 20 	 0
1788205027410 	 18 	 200 	 23 	 2
1788205027416 	 14 	 200 	 23 	 1
1788205027418 	 17 	 200 	 23 	 0
1788205027466 	 16 	 200 	 27 	 3
1788205027472 	 16 	 200 	 27 	 2
1788205027475 	 14 	 200 	 27 	 1
1788205027473 	 17 	 200 	 27 	 0
1788205027503 	 16 	 200 	 29 	 1
1788205027517 	 14 	 200 	 29 	 0
1788205027541 	 14 	 200 	 30 	 0
1788205027561 	 38 	 200 	 32 	 1
1788205027573 	 29 	 200 	 32 	 0
1788205027627 	 18 	 200 	 35 	 2
1788205027634 	 15 	 200 	 35 	 1
1788205027646 	 14 	 200 	 35 	 0
1788205027673 	 15 	 200 	 37 	 1
1788205027687 	 15 	 200 	 37 	 0
1788205027717 	 12 	 200 	 39 	 1
1788205027730 	 12 	 200 	 39 	 0
1788205027753 	 28 	 200 	 47 	 7
1788205027758 	 26 	 200 	 48 	 7
1788205027767 	 26 	 200 	 49 	 7
1788205027765 	 35 	 200 	 50 	 7
1788205027769 	 63 	 200 	 52 	 8
1788205027784 	 59 	 200 	 52 	 7
1788205027791 	 54 	 200 	 52 	 6
1788205027802 	 44 	 200 	 52 	 5
1788205027798 	 54 	 200 	 53 	 5
1788205027806 	 47 	 200 	 53 	 4
1788205027749 	 112 	 200 	 53 	 3
1788205027848 	 14 	 200 	 53 	 3
1788205027759 	 112 	 200 	 54 	 2
1788205027863 	 13 	 200 	 54 	 1
1788205027878 	 61 	 200 	 59 	 5
1788205027880 	 59 	 200 	 59 	 4
1788205027903 	 41 	 200 	 59 	 3
1788205027978 	 13 	 200 	 60 	 3
1788205027910 	 89 	 200 	 61 	 3
1788205027994 	 59 	 200 	 64 	 5
1788205028023 	 32 	 200 	 64 	 4
1788205027900 	 159 	 200 	 64 	 3
1788205028051 	 14 	 200 	 64 	 2
1788205028083 	 17 	 200 	 70 	 7
1788205028078 	 66 	 200 	 71 	 7
1788205028073 	 77 	 200 	 71 	 6
1788205028092 	 66 	 200 	 71 	 5
1788205028134 	 27 	 200 	 71 	 4
1788205028166 	 12 	 200 	 73 	 5
1788205028171 	 29 	 200 	 75 	 6
1788205028006 	 233 	 200 	 76 	 6
1788205028187 	 58 	 200 	 77 	 7
1788205028195 	 52 	 200 	 78 	 6
1788205028232 	 19 	 200 	 79 	 6
1788205028241 	 24 	 200 	 80 	 6
1788205028250 	 17 	 200 	 81 	 6
1788205028267 	 71 	 200 	 85 	 9
1788205028314 	 37 	 200 	 85 	 8
1788205028322 	 29 	 200 	 85 	 7
1788205028326 	 25 	 200 	 85 	 6
1788205028088 	 270 	 200 	 85 	 5
1788205028280 	 80 	 200 	 85 	 4
1788205027748 	 612 	 200 	 85 	 3
1788205028077 	 284 	 200 	 85 	 2
1788205028262 	 184 	 200 	 91 	 7
1788205028430 	 16 	 200 	 91 	 6
1788205028247 	 200 	 200 	 91 	 5
1788205028416 	 40 	 200 	 91 	 4
1788205028426 	 33 	 200 	 91 	 3
1788205028429 	 30 	 200 	 91 	 2
1788205028428 	 32 	 200 	 91 	 1
1788205028445 	 17 	 200 	 91 	 0
1788205028469 	 16 	 200 	 95 	 3
1788205028477 	 17 	 200 	 95 	 2
1788205028478 	 16 	 200 	 95 	 1
1788205028485 	 16 	 200 	 95 	 0
1788205028568 	 20 	 200 	 97 	 1
1788205028580 	 14 	 200 	 97 	 0
1788205028633 	 22 	 200 	 98 	 0
1788205028664 	 31 	 200 	 101 	 2
1788205028662 	 38 	 200 	 102 	 2
1788205028682 	 19 	 200 	 102 	 1
1788205028699 	 16 	 200 	 104 	 2
1788205028710 	 14 	 200 	 104 	 1
1788205028715 	 15 	 200 	 104 	 0
1788205028731 	 16 	 200 	 107 	 2
1788205028732 	 17 	 200 	 107 	 1
1788205028741 	 17 	 200 	 108 	 1
1788205028750 	 14 	 200 	 108 	 0
1788205028796 	 12 	 200 	 109 	 0
1788205028832 	 15 	 200 	 113 	 3
1788205028827 	 26 	 200 	 113 	 2
1788205028842 	 16 	 200 	 113 	 1
1788205028845 	 15 	 200 	 113 	 0
1788205028882 	 18 	 200 	 114 	 0
1788205028913 	 24 	 200 	 117 	 2
1788205028918 	 22 	 200 	 117 	 1
1788205028933 	 14 	 200 	 118 	 1
1788205028947 	 15 	 200 	 119 	 1
1788205028950 	 12 	 200 	 119 	 0
1788205028971 	 12 	 200 	 121 	 1
1788205028983 	 12 	 200 	 121 	 0
1788205029006 	 12 	 200 	 124 	 2
1788205029017 	 18 	 200 	 126 	 3
1788205029017 	 21 	 200 	 126 	 2
1788205029023 	 17 	 200 	 126 	 1
1788205029024 	 19 	 200 	 126 	 0
1788205029063 	 13 	 200 	 127 	 0
1788205029094 	 38 	 200 	 131 	 3
1788205029121 	 25 	 200 	 131 	 2
1788205029130 	 18 	 200 	 131 	 1
1788205029127 	 24 	 200 	 131 	 0
1788205029159 	 18 	 200 	 132 	 0
1788205029203 	 19 	 200 	 136 	 3
1788205029204 	 19 	 200 	 136 	 2
1788205029215 	 17 	 200 	 136 	 1
1788205029237 	 14 	 200 	 137 	 1
1788205029214 	 49 	 200 	 137 	 0
1788205029292 	 29 	 200 	 138 	 0
1788205029551 	 29 	 200 	 139 	 0
1788205029869 	 69 	 200 	 140 	 0
1788205029992 	 17 	 200 	 141 	 0
1788205030816 	 16 	 200 	 142 	 0
1788205031037 	 35 	 200 	 143 	 0
1788205031131 	 15 	 200 	 144 	 0
1788205031442 	 37 	 200 	 145 	 0
1788205031966 	 26 	 200 	 146 	 0
1788205032055 	 39 	 200 	 147 	 0
1788205032204 	 364 	 200 	 148 	 0
1788205034339 	 25 	 200 	 149 	 0
1788205034756 	 19 	 200 	 150 	 0
1788205034987 	 41 	 200 	 151 	 0
1788205035277 	 15 	 200 	 154 	 2
1788205035281 	 16 	 200 	 154 	 1
1788205035287 	 18 	 200 	 156 	 2
1788205035301 	 15 	 200 	 158 	 3
1788205035305 	 19 	 200 	 158 	 2
1788205035308 	 20 	 200 	 160 	 3
1788205035310 	 19 	 200 	 160 	 2
1788205035325 	 14 	 200 	 160 	 1
1788205035328 	 13 	 200 	 160 	 0
1788205035364 	 13 	 200 	 161 	 0
1788205035395 	 26 	 200 	 167 	 5
1788205035415 	 15 	 200 	 167 	 4
1788205035393 	 41 	 200 	 167 	 3
1788205035398 	 38 	 200 	 167 	 2
1788205035421 	 16 	 200 	 167 	 1
1788205035419 	 19 	 200 	 167 	 0
1788205035462 	 22 	 200 	 170 	 2
1788205035475 	 18 	 200 	 170 	 1
1788205035484 	 27 	 200 	 171 	 1
1788205035507 	 12 	 200 	 171 	 0
1788205035532 	 13 	 200 	 174 	 2
1788205035535 	 14 	 200 	 174 	 1
1788205035537 	 13 	 200 	 174 	 0
1788205035757 	 30 	 200 	 175 	 0
1788205036010 	 34 	 200 	 176 	 0
1788205036532 	 32 	 200 	 177 	 0
1788205036979 	 13 	 200 	 178 	 0
1788205038639 	 35 	 200 	 181 	 2
1788205038645 	 34 	 200 	 182 	 2
1788205038651 	 30 	 200 	 182 	 1
1788205038680 	 13 	 200 	 184 	 2
1788205038685 	 16 	 200 	 185 	 2
1788205038688 	 18 	 200 	 186 	 2
1788205038697 	 38 	 200 	 188 	 3
1788205038714 	 33 	 200 	 188 	 2
1788205038705 	 43 	 200 	 188 	 1
1788205038710 	 40 	 200 	 188 	 0
1788205038753 	 14 	 200 	 190 	 1
1788205038762 	 14 	 200 	 190 	 0
1788205038791 	 20 	 200 	 193 	 2
1788205038804 	 13 	 200 	 193 	 1
1788205038913 	 14 	 200 	 194 	 1
1788205038803 	 126 	 200 	 194 	 0
1788205040304 	 39 	 200 	 195 	 0
1788205041346 	 25 	 200 	 196 	 0
1788205042101 	 14 	 200 	 197 	 0
1788205042174 	 21 	 200 	 198 	 0
1788205042441 	 37 	 200 	 199 	 0
1788205042537 	 36 	 200 	 200 	 0
1788205042742 	 24 	 200 	 202 	 1
1788205042765 	 19 	 200 	 202 	 0
1788205042955 	 31 	 200 	 203 	 0
1788205044646 	 32 	 200 	 204 	 0
1788205044768 	 31 	 200 	 205 	 0
1788205045380 	 13 	 200 	 206 	 0
1788205045624 	 32 	 200 	 207 	 0
1788205045844 	 36 	 200 	 208 	 0
1788205047106 	 33 	 200 	 212 	 3
1788205047117 	 31 	 200 	 213 	 3
1788205047136 	 21 	 200 	 213 	 2
1788205047138 	 21 	 200 	 213 	 1
1788205047143 	 18 	 200 	 213 	 0
1788205047195 	 17 	 200 	 215 	 1
1788205047208 	 14 	 200 	 216 	 1
1788205047220 	 15 	 200 	 216 	 0
1788205047241 	 15 	 200 	 219 	 2
1788205047242 	 18 	 200 	 219 	 1
1788205047255 	 16 	 200 	 220 	 1
1788205047265 	 15 	 200 	 220 	 0
1788205047294 	 16 	 200 	 222 	 1
1788205047297 	 13 	 200 	 222 	 0
1788205047348 	 33 	 200 	 227 	 4
1788205047363 	 19 	 200 	 227 	 3
1788205047346 	 43 	 200 	 229 	 4
1788205047349 	 44 	 200 	 229 	 3
1788205047386 	 14 	 200 	 229 	 2
1788205047380 	 20 	 200 	 229 	 1
1788205047384 	 19 	 200 	 229 	 0
1788205047419 	 15 	 200 	 231 	 1
1788205047423 	 24 	 200 	 232 	 1
1788205047437 	 16 	 200 	 233 	 1
1788205047451 	 14 	 200 	 234 	 1
1788205047459 	 12 	 200 	 234 	 0
1788205047473 	 18 	 200 	 236 	 1
1788205047484 	 13 	 200 	 236 	 0
1788205047528 	 34 	 200 	 241 	 4
1788205047525 	 39 	 200 	 241 	 3
1788205047547 	 22 	 200 	 241 	 2
1788205047551 	 19 	 200 	 241 	 1
1788205047559 	 20 	 200 	 242 	 1
1788205047575 	 16 	 200 	 244 	 2
1788205047581 	 17 	 200 	 244 	 1
1788205047586 	 14 	 200 	 244 	 0
1788205047618 	 18 	 200 	 247 	 2
1788205047607 	 31 	 200 	 247 	 1
1788205047608 	 39 	 200 	 247 	 0
1788205047716 	 38 	 200 	 248 	 0
1788205047799 	 16 	 200 	 252 	 3
1788205047798 	 17 	 200 	 252 	 2
1788205047807 	 16 	 200 	 252 	 1
1788205047803 	 23 	 200 	 252 	 0
1788205047848 	 38 	 200 	 254 	 1
1788205047880 	 31 	 200 	 255 	 1
1788205047918 	 19 	 200 	 257 	 2
1788205047911 	 26 	 200 	 257 	 1
1788205047921 	 19 	 200 	 257 	 0
1788205047948 	 20 	 200 	 259 	 1
1788205047980 	 14 	 200 	 260 	 1
1788205047966 	 28 	 200 	 260 	 0
1788205048047 	 34 	 200 	 263 	 2
1788205048063 	 29 	 200 	 265 	 3
1788205048065 	 30 	 200 	 265 	 2
1788205048087 	 17 	 200 	 265 	 1
1788205048093 	 14 	 200 	 265 	 0
1788205048109 	 14 	 200 	 266 	 0
1788205048151 	 20 	 200 	 271 	 4
1788205048153 	 20 	 200 	 272 	 4
1788205048155 	 19 	 200 	 272 	 3
1788205048156 	 19 	 200 	 272 	 2
1788205048169 	 15 	 200 	 272 	 1
1788205048173 	 14 	 200 	 273 	 1
1788205048187 	 14 	 200 	 273 	 0
1788205048206 	 17 	 200 	 275 	 1
1788205048210 	 16 	 200 	 276 	 1
1788205048225 	 15 	 200 	 278 	 2
1788205048229 	 13 	 200 	 278 	 1
1788205048239 	 12 	 200 	 278 	 0
1788205048275 	 22 	 200 	 279 	 0
1788205048304 	 14 	 200 	 284 	 4
1788205048303 	 26 	 200 	 284 	 3
1788205048313 	 17 	 200 	 284 	 2
1788205048317 	 15 	 200 	 284 	 1
1788205048318 	 16 	 200 	 284 	 0
1788205048340 	 19 	 200 	 287 	 2
1788205048355 	 13 	 200 	 287 	 1
1788205048359 	 12 	 200 	 287 	 0
1788205048380 	 13 	 200 	 289 	 1
1788205048392 	 14 	 200 	 292 	 3
1788205048400 	 14 	 200 	 292 	 2
1788205048402 	 19 	 200 	 292 	 1
1788205048400 	 22 	 200 	 292 	 0
1788205048434 	 14 	 200 	 293 	 0
1788205048469 	 23 	 200 	 295 	 1
1788205048481 	 24 	 200 	 296 	 1
1788205048507 	 12 	 200 	 296 	 0
1788205048525 	 13 	 200 	 300 	 3
1788205048521 	 19 	 200 	 300 	 2
1788205048523 	 20 	 200 	 300 	 1
1788205048531 	 15 	 200 	 300 	 0
1788205048565 	 27 	 200 	 302 	 1
1788205048589 	 20 	 200 	 302 	 0
1788205048618 	 31 	 200 	 303 	 0
1788205048656 	 24 	 200 	 307 	 3
1788205048653 	 31 	 200 	 308 	 3
1788205048663 	 22 	 200 	 308 	 2
1788205048661 	 28 	 200 	 308 	 1
1788205048685 	 19 	 200 	 308 	 0
1788205048717 	 17 	 200 	 310 	 1
1788205048725 	 16 	 200 	 311 	 2
1788205048742 	 12 	 200 	 312 	 1
1788205048740 	 18 	 200 	 312 	 0
1788205048782 	 34 	 200 	 314 	 1
1788205048812 	 16 	 200 	 314 	 0
1788205048868 	 12 	 200 	 315 	 0
1788205048893 	 21 	 200 	 316 	 0
1788205048925 	 19 	 200 	 319 	 2
1788205048926 	 23 	 200 	 319 	 1
1788205048945 	 14 	 200 	 320 	 1
1788205048951 	 12 	 200 	 320 	 0
1788205048992 	 12 	 200 	 321 	 0
1788205049016 	 16 	 200 	 322 	 0
1788205049046 	 32 	 200 	 325 	 2
1788205049072 	 16 	 200 	 325 	 1
1788205049075 	 16 	 200 	 325 	 0
1788205049099 	 14 	 200 	 327 	 1
1788205049100 	 15 	 200 	 327 	 0
1788205049131 	 13 	 200 	 328 	 0
1788205049162 	 17 	 200 	 330 	 1
1788205049164 	 17 	 200 	 330 	 0
1788205049190 	 15 	 200 	 333 	 2
1788205049199 	 15 	 200 	 333 	 1
1788205049204 	 14 	 200 	 333 	 0
1788205049228 	 18 	 200 	 338 	 4
1788205049232 	 19 	 200 	 338 	 3
1788205049233 	 18 	 200 	 338 	 2
1788205049236 	 17 	 200 	 338 	 1
1788205049242 	 16 	 200 	 338 	 0
1788205049272 	 18 	 200 	 339 	 0
1788205049324 	 34 	 200 	 343 	 3
1788205049344 	 22 	 200 	 343 	 2
1788205049329 	 38 	 200 	 343 	 1
1788205049352 	 16 	 200 	 343 	 0
1788205049423 	 24 	 200 	 345 	 1
1788205049411 	 39 	 200 	 345 	 0
1788205049464 	 15 	 200 	 347 	 1
1788205049466 	 17 	 200 	 347 	 0
1788205049521 	 12 	 200 	 349 	 1
1788205049518 	 18 	 200 	 349 	 0
1788205049572 	 27 	 200 	 353 	 3
1788205049587 	 17 	 200 	 353 	 2
1788205049576 	 34 	 200 	 354 	 2
1788205049605 	 14 	 200 	 355 	 2
1788205049611 	 14 	 200 	 356 	 2
1788205049625 	 79 	 200 	 362 	 7
1788205049636 	 71 	 200 	 362 	 6
1788205049679 	 28 	 200 	 362 	 5
1788205049660 	 50 	 200 	 362 	 4
1788205049680 	 32 	 200 	 362 	 3
1788205049643 	 70 	 200 	 362 	 2
1788205049656 	 57 	 200 	 362 	 1
1788205049578 	 141 	 200 	 363 	 1
1788205049718 	 14 	 200 	 364 	 1
1788205049729 	 12 	 200 	 364 	 0
1788205049748 	 18 	 200 	 365 	 0
1788205049769 	 14 	 200 	 366 	 0
1788205049785 	 12 	 200 	 369 	 2
1788205049792 	 13 	 200 	 369 	 1
1788205049793 	 17 	 200 	 370 	 1
1788205049810 	 14 	 200 	 372 	 2
1788205049816 	 13 	 200 	 372 	 1
1788205049821 	 12 	 200 	 372 	 0
1788205049849 	 14 	 200 	 373 	 0
1788205049869 	 14 	 200 	 376 	 2
1788205049874 	 15 	 200 	 377 	 2
1788205049879 	 17 	 200 	 378 	 2
1788205049887 	 13 	 200 	 379 	 2
1788205049895 	 14 	 200 	 380 	 2
1788205049900 	 17 	 200 	 381 	 2
1788205049902 	 18 	 200 	 381 	 1
1788205049911 	 12 	 200 	 381 	 0
1788205049953 	 15 	 200 	 382 	 0
1788205049970 	 11 	 200 	 383 	 0
1788205050006 	 33 	 200 	 388 	 4
1788205050020 	 24 	 200 	 389 	 4
1788205050025 	 23 	 200 	 389 	 3
1788205050037 	 17 	 200 	 390 	 3
1788205050050 	 13 	 200 	 391 	 3
1788205050041 	 110 	 200 	 397 	 8
1788205050101 	 51 	 200 	 397 	 7
1788205050097 	 55 	 200 	 397 	 6
1788205050079 	 74 	 200 	 397 	 5
1788205050185 	 14 	 200 	 401 	 9
1788205050200 	 48 	 200 	 404 	 10
1788205050088 	 162 	 200 	 404 	 9
1788205050206 	 45 	 200 	 404 	 9
1788205050038 	 213 	 200 	 405 	 8
1788205050172 	 79 	 200 	 405 	 7
1788205050173 	 81 	 200 	 405 	 6
1788205050146 	 112 	 200 	 405 	 5
1788205050231 	 31 	 200 	 405 	 4
1788205050111 	 186 	 200 	 411 	 9
1788205050328 	 12 	 500 	 414 	 11
1788205050252 	 94 	 200 	 416 	 12
1788205050280 	 73 	 200 	 416 	 11
1788205050276 	 79 	 200 	 416 	 10
1788205050320 	 40 	 200 	 416 	 9
1788205050275 	 87 	 200 	 416 	 8
1788205050268 	 94 	 200 	 416 	 7
1788205050272 	 91 	 200 	 417 	 7
1788205050290 	 155 	 200 	 424 	 13
1788205050169 	 328 	 200 	 427 	 14
1788205050364 	 138 	 200 	 427 	 14
1788205050319 	 185 	 200 	 427 	 13
1788205050346 	 198 	 200 	 430 	 16
1788205050343 	 212 	 200 	 431 	 16
1788205050374 	 183 	 200 	 432 	 15
1788205050448 	 148 	 200 	 433 	 16
1788205050395 	 201 	 200 	 434 	 15
1788205050395 	 202 	 200 	 434 	 14
1788205050378 	 220 	 200 	 434 	 13
1788205050415 	 239 	 200 	 434 	 12
1788205050576 	 171 	 200 	 437 	 14
1788205050451 	 296 	 200 	 437 	 14
1788205050598 	 155 	 200 	 438 	 13
1788205050438 	 317 	 200 	 438 	 12
1788205050514 	 242 	 200 	 438 	 11
1788205050440 	 317 	 200 	 438 	 10
1788205050672 	 125 	 200 	 441 	 12
1788205050546 	 296 	 200 	 443 	 13
1788205050510 	 333 	 200 	 443 	 12
1788205050764 	 84 	 200 	 443 	 11
1788205050658 	 190 	 200 	 443 	 10
1788205050784 	 67 	 200 	 443 	 9
1788205050717 	 133 	 200 	 443 	 8
1788205050751 	 104 	 200 	 443 	 7
1788205050821 	 35 	 200 	 443 	 6
1788205050794 	 101 	 200 	 445 	 7
1788205050867 	 74 	 200 	 449 	 10
1788205050906 	 41 	 200 	 450 	 10
1788205050833 	 115 	 200 	 450 	 9
1788205050921 	 29 	 200 	 450 	 8
1788205050897 	 56 	 200 	 451 	 8
1788205050901 	 54 	 200 	 451 	 7
1788205050887 	 68 	 200 	 451 	 6
1788205050968 	 33 	 200 	 457 	 12
1788205051002 	 38 	 200 	 461 	 14
1788205050943 	 98 	 200 	 461 	 13
1788205050499 	 553 	 200 	 464 	 15
1788205050558 	 498 	 200 	 464 	 14
1788205050509 	 548 	 200 	 464 	 13
1788205050954 	 104 	 200 	 464 	 12
1788205051008 	 51 	 200 	 464 	 11
1788205051026 	 34 	 200 	 464 	 10
1788205050063 	 996 	 200 	 464 	 9
1788205051004 	 57 	 200 	 464 	 8
1788205050974 	 89 	 200 	 464 	 7
1788205050973 	 125 	 200 	 468 	 10
1788205051044 	 55 	 200 	 468 	 9
1788205050979 	 122 	 200 	 468 	 8
1788205050984 	 117 	 200 	 468 	 7
1788205051065 	 76 	 200 	 470 	 8
1788205050990 	 152 	 200 	 470 	 7
1788205051053 	 91 	 200 	 470 	 6
1788205051045 	 99 	 200 	 470 	 5
1788205051073 	 75 	 200 	 470 	 4
1788205051120 	 29 	 200 	 470 	 3
1788205051133 	 18 	 200 	 471 	 3
1788205051076 	 77 	 200 	 471 	 2
1788205051084 	 70 	 200 	 471 	 1
1788205051151 	 16 	 200 	 471 	 0
1788205051180 	 13 	 200 	 472 	 0
1788205051201 	 14 	 200 	 476 	 3
1788205051209 	 17 	 200 	 476 	 2
1788205051209 	 18 	 200 	 476 	 1
1788205051215 	 13 	 200 	 476 	 0
1788205051236 	 12 	 200 	 477 	 0
1788205051265 	 12 	 200 	 478 	 0
1788205051311 	 19 	 200 	 480 	 1
1788205051319 	 15 	 200 	 480 	 0
1788205051340 	 16 	 200 	 482 	 1
1788205051352 	 13 	 200 	 482 	 0
1788205051366 	 17 	 200 	 487 	 4
1788205051369 	 18 	 200 	 488 	 4
1788205051373 	 19 	 200 	 488 	 3
1788205051382 	 22 	 200 	 489 	 3
1788205051388 	 18 	 200 	 489 	 2
1788205051382 	 24 	 200 	 489 	 1
1788205051405 	 16 	 200 	 491 	 2
1788205051413 	 21 	 200 	 493 	 3
1788205051416 	 18 	 200 	 493 	 2
1788205051425 	 26 	 200 	 496 	 4
1788205051427 	 24 	 200 	 496 	 3
1788205051442 	 16 	 200 	 496 	 2
1788205051450 	 15 	 200 	 498 	 3
1788205051442 	 30 	 200 	 498 	 2
1788205051463 	 18 	 200 	 500 	 3
1788205051462 	 21 	 200 	 500 	 2
1788205051480 	 17 	 200 	 503 	 4
1788205051501 	 33 	 200 	 506 	 6
1788205051478 	 60 	 200 	 507 	 6
1788205051490 	 66 	 200 	 508 	 6
1788205051497 	 67 	 200 	 508 	 5
1788205051536 	 30 	 200 	 508 	 4
1788205051507 	 69 	 200 	 508 	 3
1788205051490 	 91 	 200 	 509 	 3
1788205051528 	 56 	 200 	 509 	 2
1788205051556 	 29 	 200 	 509 	 1
1788205051583 	 53 	 200 	 513 	 4
1788205051588 	 59 	 200 	 513 	 3
1788205051589 	 73 	 200 	 513 	 2
1788205051601 	 63 	 200 	 513 	 1
1788205051589 	 76 	 200 	 513 	 0
1788205051740 	 16 	 200 	 515 	 1
1788205051747 	 12 	 200 	 515 	 0
1788205051762 	 14 	 200 	 516 	 0
1788205051785 	 12 	 200 	 517 	 0
1788205051801 	 13 	 200 	 518 	 0
1788205051822 	 28 	 200 	 519 	 0
1788205051867 	 21 	 200 	 524 	 4
1788205051871 	 21 	 200 	 525 	 4
1788205051875 	 18 	 200 	 525 	 3
1788205051870 	 32 	 200 	 525 	 2
1788205051873 	 33 	 200 	 526 	 2
1788205051892 	 23 	 200 	 527 	 2
1788205051904 	 22 	 200 	 528 	 2
1788205051908 	 18 	 200 	 528 	 1
1788205051926 	 15 	 200 	 528 	 0
1788205051948 	 17 	 200 	 531 	 2
1788205051950 	 16 	 200 	 531 	 1
1788205051964 	 12 	 200 	 531 	 0
1788205051985 	 16 	 200 	 533 	 1
1788205051987 	 15 	 200 	 533 	 0
1788205052013 	 13 	 200 	 534 	 0
1788205052065 	 27 	 200 	 539 	 4
1788205052070 	 25 	 200 	 539 	 3
1788205052065 	 31 	 200 	 539 	 2
1788205052063 	 34 	 200 	 539 	 1
1788205052087 	 16 	 200 	 539 	 0
1788205052135 	 39 	 200 	 543 	 3
1788205052143 	 43 	 200 	 544 	 3
1788205052163 	 25 	 200 	 544 	 2
1788205052161 	 28 	 200 	 544 	 1
1788205052180 	 24 	 200 	 546 	 2
1788205052197 	 17 	 200 	 546 	 1
1788205052195 	 19 	 200 	 546 	 0
1788205052219 	 13 	 200 	 547 	 0
1788205052247 	 12 	 200 	 548 	 0
1788205052261 	 13 	 200 	 550 	 1
1788205052263 	 17 	 200 	 550 	 0
1788205052325 	 14 	 200 	 551 	 0
1788205052348 	 20 	 200 	 554 	 2
1788205052354 	 15 	 200 	 555 	 2
1788205052386 	 12 	 200 	 557 	 3
1788205052415 	 12 	 200 	 558 	 3
1788205052380 	 62 	 200 	 560 	 4
1788205052441 	 17 	 200 	 560 	 3
1788205052370 	 138 	 200 	 562 	 4
1788205052442 	 67 	 200 	 562 	 3
1788205052491 	 23 	 200 	 562 	 2
1788205052533 	 14 	 200 	 563 	 2
1788205052551 	 13 	 200 	 565 	 3
1788205052506 	 102 	 200 	 566 	 3
1788205052560 	 53 	 200 	 566 	 2
1788205052579 	 76 	 200 	 568 	 3
1788205052630 	 25 	 200 	 568 	 2
1788205052635 	 20 	 200 	 568 	 1
1788205052681 	 19 	 200 	 572 	 4
1788205052659 	 40 	 200 	 572 	 3
1788205052689 	 14 	 200 	 572 	 2
1788205052714 	 29 	 200 	 575 	 4
1788205052709 	 35 	 200 	 575 	 3
1788205052743 	 14 	 200 	 575 	 2
1788205052769 	 31 	 200 	 577 	 3
1788205052771 	 30 	 200 	 577 	 2
1788205052671 	 135 	 200 	 578 	 2
1788205052807 	 13 	 200 	 580 	 3
1788205052816 	 28 	 200 	 583 	 5
1788205052830 	 22 	 200 	 583 	 4
1788205052838 	 14 	 200 	 583 	 3
1788205052837 	 17 	 200 	 583 	 2
1788205052873 	 26 	 200 	 587 	 5
1788205052897 	 14 	 200 	 588 	 5
1788205052866 	 80 	 200 	 589 	 5
1788205052869 	 81 	 200 	 589 	 4
1788205052903 	 48 	 200 	 589 	 3
1788205052958 	 44 	 200 	 593 	 6
1788205052958 	 45 	 200 	 593 	 6
1788205052803 	 209 	 200 	 594 	 5
1788205052953 	 89 	 200 	 596 	 6
1788205053005 	 89 	 200 	 599 	 8
1788205053003 	 94 	 200 	 600 	 8
1788205053072 	 31 	 200 	 600 	 7
1788205053033 	 72 	 200 	 600 	 6
1788205053054 	 53 	 200 	 600 	 5
1788205053087 	 21 	 200 	 600 	 4
1788205052935 	 205 	 200 	 603 	 6
1788205053098 	 54 	 200 	 605 	 7
1788205053121 	 30 	 200 	 605 	 6
1788205053126 	 95 	 200 	 611 	 11
1788205053123 	 99 	 200 	 611 	 10
1788205053150 	 72 	 200 	 611 	 9
1788205053023 	 200 	 200 	 611 	 8
1788205053144 	 81 	 200 	 611 	 7
1788205053163 	 62 	 200 	 611 	 6
1788205052363 	 864 	 200 	 611 	 5
1788205053192 	 56 	 200 	 614 	 8
1788205053172 	 75 	 200 	 615 	 7
1788205053184 	 66 	 200 	 616 	 7
1788205053212 	 40 	 200 	 617 	 7
1788205053251 	 72 	 200 	 623 	 12
1788205053237 	 87 	 200 	 623 	 11
1788205053253 	 81 	 200 	 623 	 10
1788205053219 	 116 	 200 	 623 	 9
1788205053246 	 89 	 200 	 623 	 8
1788205053249 	 85 	 200 	 623 	 7
1788205053241 	 95 	 200 	 623 	 6
1788205053286 	 51 	 200 	 623 	 5
1788205053293 	 46 	 200 	 623 	 4
1788205053289 	 58 	 200 	 623 	 3
1788205053322 	 29 	 200 	 623 	 2
1788205053264 	 91 	 200 	 623 	 1
1788205053303 	 55 	 200 	 623 	 0
1788205053389 	 35 	 200 	 633 	 9
1788205053378 	 46 	 200 	 633 	 8
1788205053394 	 52 	 200 	 633 	 7
1788205053396 	 59 	 200 	 633 	 6
1788205053403 	 58 	 200 	 633 	 5
1788205053407 	 67 	 200 	 633 	 4
1788205053399 	 103 	 200 	 635 	 5
1788205053423 	 99 	 200 	 637 	 6
1788205053406 	 117 	 200 	 637 	 5
1788205053418 	 106 	 200 	 637 	 4
1788205053477 	 56 	 200 	 637 	 3
1788205053490 	 45 	 200 	 637 	 2
1788205053507 	 39 	 200 	 638 	 2
1788205053509 	 37 	 200 	 638 	 1
1788205053540 	 17 	 200 	 639 	 1
1788205053550 	 13 	 200 	 639 	 0
1788205053581 	 25 	 200 	 642 	 2
1788205053594 	 17 	 200 	 643 	 2
1788205053603 	 20 	 200 	 645 	 3
1788205053616 	 17 	 200 	 645 	 2
1788205053615 	 22 	 200 	 645 	 1
1788205053612 	 29 	 200 	 645 	 0
1788205053658 	 19 	 200 	 647 	 1
1788205053668 	 15 	 200 	 647 	 0
1788205053694 	 12 	 200 	 650 	 2
1788205053703 	 16 	 200 	 652 	 3
1788205053702 	 19 	 200 	 653 	 3
1788205053718 	 16 	 200 	 654 	 3
1788205053733 	 18 	 200 	 655 	 3
1788205053718 	 33 	 200 	 655 	 2
1788205053721 	 33 	 200 	 655 	 1
1788205053739 	 17 	 200 	 655 	 0
1788205053815 	 17 	 200 	 657 	 1
1788205053817 	 26 	 200 	 658 	 1
1788205053839 	 18 	 200 	 659 	 1
1788205053853 	 14 	 200 	 659 	 0
1788205053876 	 18 	 200 	 662 	 2
1788205053880 	 16 	 200 	 662 	 1
1788205053891 	 15 	 200 	 663 	 1
1788205053900 	 14 	 200 	 664 	 1
1788205053909 	 15 	 200 	 664 	 0
1788205053938 	 12 	 200 	 665 	 0
1788205054008 	 17 	 200 	 667 	 1
1788205054013 	 13 	 200 	 667 	 0
1788205054028 	 13 	 200 	 668 	 1
1788205054042 	 14 	 200 	 669 	 0
1788205054062 	 15 	 200 	 670 	 0
1788205054106 	 16 	 200 	 673 	 2
1788205054110 	 15 	 200 	 673 	 1
1788205054113 	 14 	 200 	 673 	 0
1788205054129 	 13 	 200 	 678 	 4
1788205054132 	 16 	 200 	 679 	 4
1788205054137 	 17 	 200 	 679 	 3
1788205054135 	 19 	 200 	 679 	 2
1788205054136 	 20 	 200 	 679 	 1
1788205054145 	 17 	 200 	 680 	 1
1788205054164 	 14 	 200 	 682 	 2
1788205054168 	 12 	 200 	 682 	 1
1788205054186 	 14 	 200 	 683 	 1
1788205054204 	 65 	 200 	 687 	 4
1788205054231 	 64 	 200 	 688 	 4
1788205054213 	 129 	 200 	 690 	 5
1788205054293 	 51 	 200 	 690 	 4
1788205054269 	 76 	 200 	 690 	 3
1788205054324 	 29 	 200 	 690 	 2
1788205054364 	 31 	 200 	 693 	 4
1788205054307 	 141 	 200 	 695 	 5
1788205054373 	 83 	 200 	 695 	 4
1788205054400 	 57 	 200 	 695 	 3
1788205054384 	 73 	 200 	 695 	 2
1788205054436 	 24 	 200 	 695 	 2
1788205054463 	 40 	 200 	 700 	 5
1788205054466 	 74 	 200 	 704 	 8
1788205054462 	 82 	 200 	 704 	 7
1788205054530 	 16 	 200 	 704 	 6
1788205054512 	 37 	 200 	 705 	 6
1788205054505 	 52 	 200 	 705 	 5
1788205054492 	 65 	 200 	 705 	 4
1788205054591 	 56 	 200 	 714 	 12
1788205054633 	 63 	 200 	 715 	 12
1788205054510 	 187 	 200 	 715 	 11
1788205054612 	 85 	 200 	 715 	 10
1788205054472 	 228 	 200 	 715 	 9
1788205054611 	 135 	 200 	 717 	 10
1788205054627 	 125 	 200 	 717 	 9
1788205054613 	 234 	 200 	 718 	 9
1788205054722 	 127 	 200 	 718 	 8
1788205054601 	 248 	 200 	 718 	 7
1788205054767 	 86 	 200 	 718 	 6
1788205054682 	 174 	 200 	 718 	 5
1788205054548 	 309 	 200 	 718 	 4
1788205054884 	 58 	 200 	 724 	 9
1788205054621 	 323 	 200 	 724 	 8
1788205054632 	 316 	 200 	 724 	 7
1788205054906 	 49 	 200 	 725 	 7
1788205054905 	 50 	 200 	 725 	 6
1788205054900 	 100 	 200 	 727 	 7
1788205054927 	 76 	 200 	 727 	 6
1788205054936 	 68 	 200 	 727 	 5
1788205054709 	 300 	 200 	 728 	 5
1788205054952 	 280 	 200 	 739 	 20
1788205055006 	 233 	 200 	 740 	 19
1788205054989 	 263 	 200 	 741 	 18
1788205055031 	 264 	 200 	 742 	 20
1788205055114 	 183 	 200 	 743 	 19
1788205054992 	 305 	 200 	 744 	 18
1788205055040 	 259 	 200 	 745 	 17
1788205055091 	 213 	 200 	 746 	 16
1788205055163 	 172 	 500 	 747 	 15
1788205055021 	 324 	 200 	 747 	 14
1788205055045 	 356 	 200 	 749 	 18
1788205055297 	 145 	 200 	 750 	 20
1788205055299 	 147 	 200 	 751 	 19
1788205055097 	 348 	 200 	 752 	 18
1788205055404 	 48 	 200 	 753 	 17
1788205055033 	 426 	 200 	 754 	 16
1788205055061 	 403 	 200 	 755 	 17
1788205055254 	 299 	 200 	 756 	 21
1788205055234 	 322 	 200 	 757 	 20
1788205055299 	 256 	 200 	 758 	 19
1788205055242 	 403 	 200 	 759 	 25
1788205055450 	 245 	 200 	 760 	 24
1788205055448 	 249 	 200 	 761 	 23
1788205055559 	 142 	 200 	 762 	 22
1788205055301 	 442 	 200 	 763 	 22
1788205055461 	 287 	 200 	 764 	 21
1788205055359 	 389 	 200 	 765 	 20
1788205055375 	 375 	 200 	 766 	 19
1788205055306 	 588 	 200 	 767 	 27
1788205055699 	 198 	 200 	 768 	 26
1788205055697 	 200 	 200 	 769 	 25
1788205055646 	 256 	 200 	 770 	 24
1788205055557 	 383 	 200 	 771 	 26
1788205055899 	 59 	 200 	 772 	 26
1788205055443 	 551 	 200 	 773 	 27
1788205055466 	 528 	 200 	 774 	 26
1788205055904 	 94 	 200 	 775 	 25
1788205055896 	 143 	 200 	 776 	 25
1788205055959 	 90 	 200 	 777 	 24
1788205055751 	 301 	 200 	 778 	 23
1788205055997 	 59 	 200 	 779 	 22
1788205055753 	 340 	 200 	 780 	 25
1788205055453 	 645 	 200 	 781 	 24
1788205055703 	 400 	 200 	 782 	 23
1788205055755 	 383 	 200 	 783 	 23
1788205056051 	 193 	 200 	 784 	 27
1788205056040 	 206 	 200 	 785 	 26
1788205056058 	 190 	 200 	 786 	 25
1788205055745 	 505 	 200 	 787 	 24
1788205054159 	 2184 	 200 	 788 	 29
1788205055561 	 783 	 200 	 789 	 28
1788205055942 	 399 	 200 	 790 	 28
1788205055999 	 354 	 200 	 791 	 27
1788205055997 	 362 	 200 	 792 	 26
1788205056095 	 267 	 200 	 793 	 26
1788205056139 	 224 	 200 	 794 	 26
1788205056247 	 187 	 200 	 795 	 31
1788205056101 	 334 	 200 	 796 	 30
1788205056105 	 333 	 200 	 797 	 29
1788205056250 	 186 	 200 	 798 	 28
1788205055898 	 540 	 200 	 799 	 27
1788205056252 	 196 	 200 	 800 	 27
1788205056055 	 388 	 200 	 801 	 26
1788205056346 	 187 	 200 	 802 	 29
1788205056357 	 179 	 200 	 803 	 28
1788205056445 	 254 	 200 	 804 	 35
1788205056439 	 262 	 200 	 805 	 34
1788205056367 	 374 	 200 	 806 	 36
1788205056437 	 306 	 200 	 807 	 36
1788205055119 	 1637 	 200 	 808 	 36
1788205056248 	 512 	 200 	 809 	 35
1788205056701 	 59 	 200 	 810 	 34
1788205056435 	 361 	 200 	 811 	 36
1788205056361 	 436 	 200 	 812 	 35
1788205056453 	 381 	 200 	 813 	 35
1788205056450 	 386 	 200 	 814 	 35
1788205056365 	 471 	 200 	 815 	 34
1788205056354 	 490 	 200 	 816 	 33
1788205056440 	 407 	 200 	 817 	 32
1788205056536 	 314 	 200 	 818 	 31
1788205056705 	 154 	 200 	 819 	 31
1788205056743 	 115 	 200 	 820 	 30
1788205056349 	 583 	 200 	 821 	 32
1788205056758 	 195 	 200 	 822 	 31
1788205056798 	 159 	 200 	 823 	 30
1788205056800 	 167 	 200 	 824 	 31
1788205056838 	 197 	 200 	 825 	 33
1788205056852 	 185 	 200 	 826 	 32
1788205056765 	 285 	 200 	 827 	 34
1788205056762 	 288 	 200 	 828 	 33
1788205056935 	 121 	 200 	 829 	 32
1788205056745 	 316 	 200 	 830 	 32
1788205056863 	 279 	 200 	 831 	 32
1788205056846 	 298 	 200 	 832 	 31
1788205057037 	 114 	 200 	 833 	 30
1788205056969 	 183 	 200 	 834 	 29
1788205057041 	 113 	 200 	 835 	 28
1788205056840 	 356 	 200 	 836 	 28
1788205057053 	 186 	 200 	 837 	 31
1788205057143 	 98 	 200 	 838 	 30
1788205056959 	 281 	 200 	 839 	 29
1788205056836 	 408 	 200 	 840 	 28
1788205057152 	 101 	 200 	 841 	 27
1788205057146 	 109 	 200 	 842 	 26
1788205057153 	 116 	 200 	 843 	 26
1788205057259 	 87 	 200 	 844 	 29
1788205057245 	 103 	 200 	 845 	 29
1788205057242 	 105 	 200 	 846 	 28
1788205057257 	 91 	 200 	 847 	 27
1788205056849 	 504 	 200 	 848 	 26
1788205057270 	 129 	 200 	 849 	 30
1788205057242 	 158 	 200 	 850 	 29
1788205057057 	 346 	 200 	 851 	 28
1788205057348 	 101 	 200 	 852 	 31
1788205057356 	 96 	 200 	 853 	 30
1788205057197 	 344 	 200 	 854 	 37
1788205057402 	 144 	 200 	 855 	 37
1788205057351 	 199 	 200 	 856 	 36
1788205057403 	 155 	 200 	 857 	 35
1788205057451 	 182 	 200 	 858 	 40
1788205057454 	 241 	 200 	 859 	 45
1788205057543 	 202 	 200 	 860 	 48
1788205057351 	 400 	 200 	 861 	 47
1788205057551 	 200 	 200 	 862 	 46
1788205057555 	 200 	 200 	 863 	 45
1788205057635 	 199 	 200 	 864 	 46
1788205057560 	 275 	 200 	 865 	 45
1788205056956 	 889 	 200 	 866 	 44
1788205057697 	 154 	 200 	 867 	 43
1788205057760 	 95 	 200 	 868 	 42
1788205057748 	 115 	 200 	 869 	 41
1788205057755 	 110 	 200 	 870 	 40
1788205057060 	 874 	 200 	 871 	 41
1788205057407 	 528 	 200 	 872 	 40
1788205057063 	 887 	 200 	 873 	 39
1788205057242 	 716 	 200 	 874 	 38
1788205057351 	 677 	 200 	 875 	 37
1788205057837 	 198 	 200 	 876 	 36
1788205057846 	 192 	 200 	 877 	 35
1788205057837 	 203 	 200 	 878 	 34
1788205057155 	 887 	 200 	 879 	 33
1788205057869 	 175 	 200 	 880 	 32
1788205057853 	 285 	 200 	 881 	 31
1788205057961 	 191 	 200 	 882 	 30
1788205058042 	 192 	 200 	 883 	 30
1788205057857 	 375 	 200 	 884 	 29
1788205058155 	 145 	 200 	 885 	 28
1788205058141 	 204 	 200 	 886 	 27
1788205058235 	 116 	 200 	 887 	 26
1788205057867 	 486 	 200 	 888 	 25
1788205057952 	 444 	 200 	 889 	 24
1788205058043 	 360 	 200 	 890 	 23
1788205057936 	 465 	 200 	 891 	 22
1788205058039 	 400 	 200 	 892 	 21
1788205057939 	 501 	 200 	 893 	 20
1788205058235 	 220 	 200 	 894 	 19
1788205058044 	 450 	 200 	 895 	 18
1788205058303 	 235 	 200 	 896 	 17
1788205058347 	 204 	 200 	 897 	 16
1788205058355 	 196 	 200 	 898 	 15
1788205058046 	 549 	 200 	 898 	 14
1788205058037 	 559 	 200 	 898 	 13
1788205058443 	 198 	 200 	 898 	 12
1788205058540 	 101 	 200 	 898 	 11
1788205058441 	 201 	 200 	 898 	 10
1788205058554 	 90 	 200 	 898 	 9
1788205058685 	 17 	 200 	 899 	 9
1788205058400 	 339 	 200 	 899 	 8
1788205058404 	 343 	 200 	 899 	 7
1788205058406 	 342 	 200 	 899 	 6
1788205058456 	 311 	 200 	 899 	 5
1788205058496 	 299 	 200 	 899 	 4
1788205058353 	 494 	 200 	 899 	 3
1788205057755 	 1140 	 200 	 899 	 2
1788205059290 	 18 	 200 	 904 	 6
1788205059333 	 16 	 200 	 906 	 7
1788205059245 	 106 	 200 	 906 	 6
1788205056538 	 2814 	 200 	 906 	 5
1788205059255 	 112 	 200 	 906 	 4
1788205059231 	 171 	 200 	 906 	 3
1788205059295 	 108 	 200 	 906 	 2
1788205059319 	 119 	 200 	 906 	 1
1788205056860 	 2595 	 200 	 906 	 0
1788205059738 	 35 	 200 	 907 	 0
1788205060127 	 41 	 200 	 908 	 0
1788205060579 	 13 	 200 	 909 	 0
1788205061091 	 14 	 200 	 910 	 0
1788205061117 	 13 	 200 	 911 	 0
1788205061132 	 14 	 200 	 912 	 0
1788205061167 	 17 	 200 	 914 	 1
1788205061188 	 18 	 200 	 916 	 2
1788205061183 	 21 	 200 	 916 	 1
1788205061197 	 14 	 200 	 917 	 1
1788205061210 	 13 	 200 	 917 	 0
1788205061230 	 19 	 200 	 920 	 2
1788205061231 	 21 	 200 	 920 	 1
1788205061236 	 18 	 200 	 920 	 0
1788205061257 	 19 	 200 	 924 	 3
1788205061260 	 20 	 200 	 924 	 2
1788205061262 	 21 	 200 	 924 	 1
1788205061274 	 17 	 200 	 924 	 0
1788205061327 	 15 	 200 	 926 	 1
1788205061338 	 14 	 200 	 926 	 0
1788205061375 	 12 	 200 	 927 	 0
1788205061402 	 35 	 200 	 930 	 2
1788205061406 	 36 	 200 	 931 	 2
1788205061432 	 15 	 200 	 931 	 1
1788205061442 	 21 	 200 	 931 	 0
1788205061467 	 16 	 200 	 932 	 0
1788205061487 	 16 	 200 	 935 	 2
1788205061495 	 16 	 200 	 935 	 1
1788205061493 	 18 	 200 	 935 	 0
1788205061545 	 37 	 200 	 937 	 1
1788205061547 	 38 	 200 	 937 	 0
1788205061598 	 39 	 200 	 939 	 1
1788205061627 	 20 	 200 	 940 	 1
1788205061647 	 15 	 200 	 940 	 0
1788205061705 	 34 	 200 	 941 	 0
1788205061757 	 25 	 200 	 943 	 1
1788205061781 	 38 	 200 	 946 	 3
1788205061788 	 34 	 200 	 946 	 3
1788205061812 	 19 	 200 	 947 	 3
1788205061824 	 15 	 200 	 948 	 2
1788205061833 	 14 	 200 	 948 	 1
1788205061811 	 41 	 200 	 949 	 1
1788205061849 	 12 	 200 	 949 	 0
1788205061866 	 16 	 200 	 951 	 1
1788205061879 	 17 	 200 	 951 	 0
1788205061905 	 15 	 200 	 952 	 0
1788205061947 	 20 	 200 	 956 	 3
1788205061949 	 22 	 200 	 956 	 2
1788205061953 	 20 	 200 	 956 	 1
1788205061953 	 21 	 200 	 956 	 0
1788205061986 	 12 	 200 	 958 	 1
1788205061998 	 18 	 200 	 958 	 0
1788205062035 	 31 	 200 	 962 	 3
1788205062039 	 27 	 200 	 962 	 2
1788205062041 	 26 	 200 	 962 	 1
1788205062066 	 16 	 200 	 962 	 0
1788205062102 	 13 	 200 	 965 	 2
1788205062107 	 15 	 200 	 966 	 2
1788205062115 	 15 	 200 	 966 	 1
1788205062117 	 16 	 200 	 966 	 0
1788205062161 	 13 	 200 	 968 	 1
1788205062167 	 16 	 200 	 970 	 2
1788205062177 	 17 	 200 	 970 	 1
1788205062178 	 16 	 200 	 970 	 0
1788205062211 	 16 	 200 	 973 	 2
1788205062213 	 17 	 200 	 973 	 1
1788205062222 	 13 	 200 	 973 	 0
1788205062239 	 14 	 200 	 974 	 0
1788205062259 	 20 	 200 	 975 	 0
1788205062303 	 18 	 200 	 977 	 1
1788205062311 	 14 	 200 	 977 	 0
1788205062342 	 20 	 200 	 983 	 5
1788205062344 	 19 	 200 	 983 	 4
1788205062332 	 38 	 200 	 983 	 3
1788205062334 	 51 	 200 	 983 	 2
1788205062362 	 24 	 200 	 983 	 1
1788205062354 	 34 	 200 	 983 	 0
1788205062407 	 32 	 200 	 987 	 3
1788205062409 	 34 	 200 	 987 	 2
1788205062415 	 28 	 200 	 987 	 1
1788205062423 	 21 	 200 	 987 	 0
1788205062468 	 14 	 200 	 988 	 0
1788205062497 	 14 	 200 	 990 	 1
1788205062499 	 15 	 200 	 990 	 0
1788205062516 	 12 	 200 	 992 	 1
1788205062528 	 15 	 200 	 992 	 0
1788205062585 	 14 	 200 	 995 	 2
1788205062592 	 21 	 200 	 997 	 3
1788205062601 	 20 	 200 	 997 	 2
1788205062603 	 18 	 200 	 997 	 1
1788205062605 	 18 	 200 	 997 	 0
1788205062633 	 16 	 200 	 999 	 1
1788205062642 	 13 	 200 	 999 	 0
1788205062658 	 12 	 200 	 1000 	 0
1788205062674 	 12 	 200 	 1002 	 1
1788205062687 	 18 	 200 	 1003 	 1
1788205062688 	 18 	 200 	 1003 	 0
1788205062711 	 14 	 200 	 1006 	 2
1788205062715 	 14 	 200 	 1007 	 2
1788205062717 	 15 	 200 	 1008 	 2
1788205062731 	 21 	 200 	 1009 	 2
1788205062731 	 23 	 200 	 1009 	 1
1788205062752 	 23 	 200 	 1011 	 2
1788205062760 	 15 	 200 	 1011 	 1
1788205062756 	 21 	 200 	 1011 	 0
1788205062790 	 16 	 200 	 1014 	 2
1788205062796 	 15 	 200 	 1014 	 1
1788205062798 	 14 	 200 	 1014 	 0
1788205062833 	 38 	 200 	 1020 	 5
1788205062834 	 42 	 200 	 1021 	 5
1788205062865 	 18 	 200 	 1021 	 4
1788205062867 	 21 	 200 	 1021 	 3
1788205062862 	 26 	 200 	 1021 	 2
1788205062871 	 21 	 200 	 1024 	 4
1788205062874 	 60 	 200 	 1029 	 8
1788205062929 	 23 	 200 	 1030 	 8
1788205062918 	 35 	 200 	 1030 	 7
1788205062891 	 69 	 200 	 1031 	 7
1788205062914 	 59 	 200 	 1031 	 6
1788205062891 	 83 	 200 	 1031 	 5
1788205062927 	 50 	 200 	 1031 	 4
1788205062890 	 88 	 200 	 1031 	 3
1788205062924 	 60 	 200 	 1032 	 3
1788205062959 	 25 	 200 	 1032 	 2
1788205062948 	 100 	 200 	 1037 	 6
1788205062980 	 69 	 200 	 1037 	 5
1788205063035 	 42 	 200 	 1037 	 5
1788205063023 	 112 	 200 	 1041 	 7
1788205062990 	 147 	 200 	 1041 	 6
1788205063025 	 113 	 200 	 1041 	 5
1788205063012 	 127 	 200 	 1041 	 4
1788205063103 	 130 	 200 	 1047 	 9
1788205063082 	 155 	 200 	 1048 	 9
1788205063080 	 158 	 200 	 1048 	 8
1788205063203 	 130 	 200 	 1051 	 10
1788205063204 	 135 	 200 	 1051 	 9
1788205063134 	 205 	 200 	 1051 	 8
1788205063144 	 196 	 200 	 1051 	 7
1788205063240 	 106 	 200 	 1051 	 6
1788205063153 	 195 	 200 	 1051 	 5
1788205063279 	 70 	 200 	 1051 	 4
1788205063313 	 40 	 200 	 1051 	 3
1788205063214 	 144 	 200 	 1051 	 2
1788205063221 	 141 	 200 	 1051 	 1
1788205063249 	 112 	 200 	 1051 	 0
1788205063689 	 36 	 200 	 1053 	 1
1788205063715 	 24 	 200 	 1053 	 0
1788205063844 	 15 	 200 	 1054 	 0
1788205064245 	 14 	 200 	 1055 	 0
1788205064564 	 34 	 200 	 1056 	 0
1788205064721 	 35 	 200 	 1057 	 0
1788205066812 	 37 	 200 	 1058 	 0
1788205067114 	 36 	 200 	 1059 	 0
1788205067355 	 15 	 200 	 1060 	 0
1788205067728 	 32 	 200 	 1061 	 0
1788205067769 	 15 	 200 	 1062 	 0
1788205068254 	 14 	 200 	 1063 	 0
1788205069019 	 13 	 200 	 1064 	 0
1788205069441 	 14 	 200 	 1065 	 0
1788205070027 	 36 	 200 	 1066 	 0
1788205070537 	 15 	 200 	 1067 	 0
1788205070633 	 33 	 200 	 1068 	 0
1788205070874 	 14 	 200 	 1069 	 0
1788205070977 	 17 	 200 	 1070 	 0
1788205071144 	 32 	 200 	 1071 	 0
1788205071386 	 19 	 200 	 1072 	 0
1788205071600 	 24 	 200 	 1073 	 0
1788205071640 	 14 	 200 	 1074 	 0
1788205071863 	 16 	 200 	 1075 	 0
1788205072300 	 31 	 200 	 1076 	 0
1788205072487 	 17 	 200 	 1077 	 0
1788205072555 	 359 	 200 	 1078 	 0
1788205073580 	 13 	 200 	 1079 	 0
1788205073606 	 14 	 200 	 1082 	 2
1788205073607 	 15 	 200 	 1082 	 1
1788205073609 	 16 	 200 	 1082 	 0
1788205073629 	 13 	 200 	 1083 	 0
1788205073654 	 34 	 200 	 1086 	 2
1788205073666 	 24 	 200 	 1086 	 1
1788205073680 	 21 	 200 	 1089 	 3
1788205073692 	 17 	 200 	 1090 	 3
1788205073698 	 17 	 200 	 1090 	 2
1788205073700 	 15 	 200 	 1090 	 1
1788205073706 	 14 	 200 	 1090 	 0
1788205073723 	 20 	 200 	 1091 	 0
1788205074534 	 31 	 200 	 1092 	 0
1788205075045 	 35 	 200 	 1093 	 0
1788205076428 	 26 	 200 	 1094 	 0
1788205076794 	 24 	 200 	 1095 	 0
1788205076966 	 30 	 200 	 1096 	 0
1788205077311 	 24 	 200 	 1097 	 0
1788205077407 	 19 	 200 	 1098 	 0
1788205077834 	 17 	 200 	 1099 	 0
1788205077937 	 23 	 200 	 1100 	 0
1788205077982 	 15 	 200 	 1101 	 0
1788205078729 	 34 	 200 	 1102 	 0
1788205078913 	 42 	 200 	 1103 	 0
1788205079487 	 12 	 200 	 1104 	 0
1788205079512 	 24 	 200 	 1105 	 0
1788205079540 	 13 	 200 	 1106 	 0
1788205079596 	 14 	 200 	 1107 	 0
1788205079620 	 13 	 200 	 1108 	 0
1788205079634 	 12 	 200 	 1109 	 0
1788205079650 	 14 	 200 	 1111 	 1
1788205079650 	 17 	 200 	 1111 	 0
1788205079690 	 47 	 200 	 1115 	 3
1788205079717 	 22 	 200 	 1115 	 2
1788205079724 	 16 	 200 	 1115 	 1
1788205079721 	 21 	 200 	 1116 	 1
1788205079742 	 13 	 200 	 1119 	 3
1788205079748 	 15 	 200 	 1119 	 2
1788205079754 	 16 	 200 	 1119 	 1
1788205079755 	 16 	 200 	 1119 	 0
1788205079785 	 13 	 200 	 1121 	 1
1788205079797 	 15 	 200 	 1123 	 2
1788205079807 	 16 	 200 	 1125 	 3
1788205079822 	 14 	 200 	 1125 	 2
1788205079823 	 16 	 200 	 1125 	 1
1788205079805 	 47 	 200 	 1127 	 2
1788205079843 	 14 	 200 	 1128 	 2
1788205079847 	 14 	 200 	 1129 	 2
1788205079855 	 17 	 200 	 1130 	 2
1788205079868 	 30 	 200 	 1131 	 2
1788205079861 	 39 	 200 	 1131 	 1
1788205079888 	 15 	 200 	 1131 	 0
1788205079910 	 19 	 200 	 1136 	 4
1788205079924 	 16 	 200 	 1136 	 3
1788205079925 	 21 	 200 	 1137 	 3
1788205079923 	 24 	 200 	 1137 	 2
1788205079928 	 22 	 200 	 1137 	 1
1788205079942 	 14 	 200 	 1137 	 0
1788205079959 	 14 	 200 	 1139 	 1
1788205079963 	 16 	 200 	 1140 	 1
1788205079981 	 14 	 200 	 1141 	 1
1788205079998 	 13 	 200 	 1143 	 2
1788205080024 	 13 	 200 	 1146 	 4
1788205080026 	 17 	 200 	 1147 	 4
1788205080039 	 13 	 200 	 1147 	 3
1788205080057 	 42 	 200 	 1152 	 7
1788205080067 	 36 	 200 	 1152 	 6
1788205080084 	 19 	 200 	 1152 	 5
1788205080083 	 23 	 200 	 1154 	 6
1788205080091 	 19 	 200 	 1155 	 6
1788205080003 	 138 	 200 	 1160 	 10
1788205080110 	 86 	 200 	 1165 	 14
1788205080121 	 82 	 200 	 1165 	 13
1788205080106 	 100 	 200 	 1165 	 12
1788205080035 	 171 	 200 	 1165 	 11
1788205080150 	 91 	 200 	 1168 	 13
1788205080116 	 131 	 200 	 1168 	 12
1788205080176 	 72 	 200 	 1168 	 11
1788205080114 	 135 	 200 	 1168 	 10
1788205079990 	 258 	 200 	 1168 	 9
1788205080128 	 122 	 200 	 1168 	 8
1788205080147 	 110 	 200 	 1168 	 7
1788205080157 	 100 	 200 	 1168 	 6
1788205080186 	 72 	 200 	 1168 	 5
1788205080127 	 131 	 200 	 1168 	 4
1788205080105 	 153 	 200 	 1168 	 3
1788205080238 	 56 	 200 	 1171 	 5
1788205080213 	 85 	 200 	 1171 	 4
1788205080268 	 32 	 200 	 1171 	 3
1788205080271 	 32 	 200 	 1171 	 2
1788205080240 	 62 	 200 	 1171 	 1
1788205080269 	 35 	 200 	 1171 	 0
1788205080307 	 13 	 200 	 1172 	 0
1788205080337 	 17 	 200 	 1174 	 1
1788205080350 	 17 	 200 	 1175 	 1
1788205080363 	 15 	 200 	 1175 	 0
1788205080381 	 14 	 200 	 1179 	 3
1788205080389 	 15 	 200 	 1180 	 3
1788205080392 	 14 	 200 	 1180 	 2
1788205080391 	 20 	 200 	 1180 	 1
1788205080397 	 14 	 200 	 1180 	 0
1788205080422 	 18 	 200 	 1182 	 1
1788205080436 	 14 	 200 	 1182 	 0
1788205080463 	 13 	 200 	 1183 	 0
1788205080501 	 14 	 200 	 1185 	 1
1788205080502 	 17 	 200 	 1185 	 0
1788205080530 	 12 	 200 	 1187 	 1
1788205080534 	 12 	 200 	 1187 	 0
1788205080548 	 16 	 200 	 1189 	 1
1788205080559 	 17 	 200 	 1191 	 2
1788205080566 	 18 	 200 	 1193 	 3
1788205080572 	 17 	 200 	 1194 	 3
1788205080578 	 16 	 200 	 1194 	 2
1788205080584 	 17 	 200 	 1196 	 3
1788205080600 	 15 	 200 	 1197 	 3
1788205080587 	 36 	 200 	 1197 	 2
1788205080598 	 50 	 200 	 1198 	 2
1788205080611 	 47 	 200 	 1199 	 2
1788205080646 	 15 	 200 	 1199 	 1
1788205080652 	 15 	 200 	 1199 	 0
1788205080672 	 12 	 200 	 1200 	 0
1788205080697 	 14 	 200 	 1201 	 0
1788205080722 	 15 	 200 	 1205 	 3
1788205080727 	 17 	 200 	 1205 	 2
1788205080729 	 22 	 200 	 1206 	 2
1788205080732 	 21 	 200 	 1206 	 1
1788205080746 	 13 	 200 	 1206 	 0
1788205080767 	 13 	 200 	 1207 	 0
1788205080783 	 17 	 200 	 1209 	 1
1788205080786 	 16 	 200 	 1209 	 0
1788205080809 	 17 	 200 	 1211 	 1
1788205080819 	 14 	 200 	 1211 	 0
1788205080840 	 12 	 200 	 1212 	 0
1788205080861 	 17 	 200 	 1214 	 1
1788205080870 	 14 	 200 	 1214 	 0
1788205080909 	 13 	 200 	 1216 	 1
1788205080921 	 13 	 200 	 1216 	 0
1788205080936 	 15 	 200 	 1218 	 1
1788205080952 	 13 	 200 	 1218 	 0
1788205080981 	 14 	 200 	 1219 	 0
1788205080996 	 14 	 200 	 1223 	 3
1788205080998 	 16 	 200 	 1224 	 3
1788205080999 	 17 	 200 	 1224 	 2
1788205081009 	 18 	 200 	 1226 	 3
1788205081014 	 18 	 200 	 1227 	 3
1788205081019 	 15 	 200 	 1227 	 2
1788205081018 	 28 	 200 	 1230 	 4
1788205081036 	 16 	 200 	 1230 	 3
1788205081030 	 24 	 200 	 1230 	 2
1788205081046 	 16 	 200 	 1230 	 1
1788205081046 	 16 	 200 	 1230 	 0
1788205081072 	 15 	 200 	 1232 	 1
1788205081073 	 31 	 200 	 1233 	 1
1788205081104 	 16 	 200 	 1233 	 0
1788205081132 	 12 	 200 	 1234 	 0
1788205081147 	 25 	 200 	 1237 	 2
1788205081157 	 15 	 200 	 1237 	 1
1788205081168 	 16 	 200 	 1238 	 1
1788205081179 	 13 	 200 	 1238 	 0
1788205081203 	 13 	 200 	 1239 	 0
1788205081442 	 14 	 200 	 1240 	 0
1788205082106 	 24 	 200 	 1241 	 0
1788205082528 	 37 	 200 	 1242 	 0
1788205082683 	 38 	 200 	 1243 	 0
1788205082941 	 15 	 200 	 1244 	 0
1788205083007 	 36 	 200 	 1246 	 1
1788205083032 	 25 	 200 	 1246 	 0
1788205083076 	 27 	 200 	 1247 	 0
1788205083994 	 16 	 200 	 1248 	 0
1788205084162 	 39 	 200 	 1249 	 0
1788205084663 	 36 	 200 	 1250 	 0
1788205084944 	 23 	 200 	 1251 	 0
1788205085020 	 35 	 200 	 1252 	 0
1788205085134 	 38 	 200 	 1253 	 0
1788205085364 	 30 	 200 	 1254 	 0
1788205085596 	 20 	 200 	 1255 	 0
1788205085891 	 35 	 200 	 1256 	 0
1788205085961 	 26 	 200 	 1257 	 0
1788205086147 	 29 	 200 	 1258 	 0
1788205086280 	 14 	 200 	 1259 	 0
1788205086490 	 36 	 200 	 1260 	 0
1788205086656 	 30 	 200 	 1261 	 0
1788205087020 	 31 	 200 	 1262 	 0
1788205087643 	 34 	 200 	 1263 	 0
1788205088060 	 14 	 200 	 1264 	 0
1788205088087 	 17 	 200 	 1265 	 0
1788205088127 	 13 	 200 	 1266 	 0
1788205088580 	 29 	 200 	 1267 	 0
1788205088714 	 31 	 200 	 1268 	 0
1788205089229 	 27 	 200 	 1269 	 0
1788205089656 	 33 	 200 	 1270 	 0
1788205090610 	 28 	 200 	 1275 	 4
1788205090603 	 35 	 200 	 1275 	 3
1788205090623 	 24 	 200 	 1275 	 2
1788205090631 	 20 	 200 	 1275 	 1
1788205090625 	 27 	 200 	 1275 	 0
1788205090683 	 16 	 200 	 1276 	 0
1788205090701 	 15 	 200 	 1278 	 1
1788205090708 	 14 	 200 	 1279 	 1
1788205090722 	 12 	 200 	 1279 	 0
1788205090776 	 17 	 200 	 1282 	 2
1788205090800 	 13 	 200 	 1283 	 2
1788205090764 	 49 	 200 	 1283 	 1
1788205090842 	 13 	 200 	 1285 	 2
1788205090868 	 43 	 200 	 1288 	 4
1788205090825 	 95 	 200 	 1289 	 4
1788205090906 	 15 	 200 	 1289 	 3
1788205090888 	 41 	 200 	 1289 	 2
1788205090917 	 13 	 200 	 1289 	 1
1788205090769 	 172 	 200 	 1291 	 2
1788205090932 	 14 	 200 	 1291 	 1
1788205090941 	 18 	 200 	 1294 	 3
1788205090947 	 16 	 200 	 1295 	 3
1788205090954 	 43 	 200 	 1295 	 2
1788205090961 	 40 	 200 	 1295 	 1
1788205090957 	 45 	 200 	 1295 	 0
1788205091005 	 13 	 200 	 1298 	 2
1788205091015 	 15 	 200 	 1300 	 3
1788205091019 	 15 	 200 	 1300 	 2
1788205091021 	 15 	 200 	 1300 	 1
1788205091022 	 18 	 200 	 1300 	 0
1788205091050 	 14 	 200 	 1302 	 1
1788205091052 	 14 	 200 	 1302 	 0
1788205091074 	 14 	 200 	 1303 	 0
1788205091101 	 28 	 200 	 1304 	 0
1788205091140 	 20 	 200 	 1307 	 2
1788205091134 	 26 	 200 	 1308 	 2
1788205091133 	 29 	 200 	 1308 	 1
1788205091162 	 17 	 200 	 1311 	 3
1788205091164 	 16 	 200 	 1311 	 2
1788205091171 	 15 	 200 	 1311 	 1
1788205091174 	 17 	 200 	 1311 	 0
1788205091200 	 33 	 200 	 1313 	 1
1788205091222 	 13 	 200 	 1313 	 0
1788205091247 	 19 	 200 	 1317 	 3
1788205091250 	 19 	 200 	 1317 	 2
1788205091259 	 17 	 200 	 1317 	 1
1788205091266 	 16 	 200 	 1318 	 1
1788205091283 	 13 	 200 	 1320 	 2
1788205091287 	 16 	 200 	 1321 	 2
1788205091296 	 17 	 200 	 1321 	 1
1788205091301 	 19 	 200 	 1321 	 0
1788205091322 	 13 	 200 	 1323 	 1
1788205091331 	 12 	 200 	 1324 	 1
1788205091342 	 17 	 200 	 1325 	 1
1788205091348 	 14 	 200 	 1325 	 0
1788205091373 	 14 	 200 	 1327 	 1
1788205091382 	 23 	 200 	 1327 	 0
1788205091409 	 12 	 200 	 1329 	 1
1788205091416 	 15 	 200 	 1329 	 0
1788205091460 	 14 	 200 	 1330 	 0
1788205091523 	 23 	 200 	 1334 	 3
1788205091532 	 23 	 200 	 1335 	 3
1788205091537 	 21 	 200 	 1335 	 2
1788205091544 	 22 	 200 	 1335 	 1
1788205091555 	 14 	 200 	 1335 	 0
1788205091606 	 12 	 200 	 1336 	 0
1788205091632 	 12 	 200 	 1337 	 0
1788205091656 	 17 	 200 	 1340 	 2
1788205091658 	 16 	 200 	 1340 	 1
1788205091662 	 16 	 200 	 1341 	 1
1788205091678 	 15 	 200 	 1341 	 0
1788205091709 	 13 	 200 	 1344 	 2
1788205091721 	 22 	 200 	 1344 	 1
1788205091723 	 27 	 200 	 1345 	 1
1788205091751 	 12 	 200 	 1345 	 0
1788205091779 	 15 	 200 	 1347 	 1
1788205091784 	 13 	 200 	 1347 	 0
1788205091806 	 15 	 200 	 1349 	 1
1788205091811 	 13 	 200 	 1349 	 0
1788205091846 	 16 	 200 	 1352 	 2
1788205091848 	 18 	 200 	 1352 	 1
1788205091857 	 17 	 200 	 1352 	 0
1788205091901 	 17 	 200 	 1355 	 2
1788205091905 	 15 	 200 	 1357 	 4
1788205091914 	 27 	 200 	 1360 	 5
1788205091920 	 22 	 200 	 1360 	 4
1788205091922 	 23 	 200 	 1360 	 3
1788205091921 	 24 	 200 	 1360 	 2
1788205091932 	 17 	 200 	 1360 	 1
1788205091936 	 16 	 200 	 1360 	 0
1788205092014 	 37 	 200 	 1363 	 2
1788205092021 	 33 	 200 	 1363 	 1
1788205092023 	 32 	 200 	 1363 	 0
1788205092062 	 16 	 200 	 1364 	 0
1788205092089 	 16 	 200 	 1366 	 1
1788205092105 	 12 	 200 	 1366 	 0
1788205092130 	 34 	 200 	 1370 	 3
1788205092136 	 28 	 200 	 1370 	 2
1788205092128 	 37 	 200 	 1370 	 1
1788205092162 	 14 	 200 	 1370 	 0
1788205092180 	 16 	 200 	 1372 	 1
1788205092182 	 15 	 200 	 1372 	 0
1788205092201 	 22 	 200 	 1377 	 4
1788205092209 	 16 	 200 	 1377 	 3
1788205092211 	 18 	 200 	 1377 	 2
1788205092215 	 18 	 200 	 1377 	 1
1788205092210 	 33 	 200 	 1378 	 1
1788205092242 	 14 	 200 	 1379 	 1
1788205092254 	 12 	 200 	 1379 	 0
1788205092274 	 15 	 200 	 1382 	 2
1788205092285 	 17 	 200 	 1385 	 4
1788205092287 	 19 	 200 	 1386 	 4
1788205092292 	 19 	 200 	 1386 	 3
1788205092298 	 17 	 200 	 1386 	 2
1788205092297 	 25 	 200 	 1386 	 1
1788205092306 	 17 	 200 	 1386 	 0
1788205092330 	 15 	 200 	 1389 	 2
1788205092341 	 13 	 200 	 1389 	 1
1788205092339 	 43 	 200 	 1390 	 1
1788205092376 	 23 	 200 	 1392 	 2
1788205092390 	 19 	 200 	 1395 	 4
1788205092390 	 20 	 200 	 1395 	 3
1788205092405 	 18 	 200 	 1396 	 3
1788205092401 	 33 	 200 	 1398 	 4
1788205092407 	 33 	 200 	 1398 	 3
1788205092416 	 31 	 200 	 1399 	 3
1788205092434 	 17 	 200 	 1399 	 2
1788205092442 	 13 	 200 	 1399 	 1
1788205092430 	 33 	 200 	 1401 	 2
1788205092459 	 40 	 200 	 1401 	 1
1788205092460 	 41 	 200 	 1401 	 0
1788205092516 	 12 	 200 	 1404 	 2
1788205092515 	 16 	 200 	 1404 	 1
1788205092527 	 20 	 200 	 1405 	 1
1788205092538 	 12 	 200 	 1405 	 0
1788205092605 	 35 	 200 	 1409 	 3
1788205092617 	 31 	 200 	 1410 	 3
1788205092624 	 26 	 200 	 1410 	 2
1788205092634 	 21 	 200 	 1410 	 1
1788205092649 	 13 	 200 	 1410 	 0
1788205092708 	 16 	 200 	 1413 	 2
1788205092713 	 18 	 200 	 1413 	 1
1788205092713 	 18 	 200 	 1413 	 0
1788205092736 	 14 	 200 	 1415 	 1
1788205092743 	 14 	 200 	 1415 	 0
1788205092762 	 13 	 200 	 1416 	 0
1788205092819 	 16 	 200 	 1421 	 4
1788205092825 	 18 	 200 	 1422 	 4
1788205092838 	 13 	 200 	 1422 	 3
1788205092799 	 97 	 200 	 1425 	 5
1788205092863 	 36 	 200 	 1426 	 5
1788205092898 	 17 	 200 	 1426 	 5
1788205092916 	 14 	 200 	 1428 	 5
1788205092931 	 12 	 200 	 1428 	 4
1788205092956 	 51 	 200 	 1436 	 11
1788205092957 	 54 	 200 	 1436 	 10
1788205092979 	 34 	 200 	 1436 	 9
1788205092998 	 19 	 200 	 1436 	 8
1788205092866 	 173 	 200 	 1437 	 8
1788205092994 	 51 	 200 	 1437 	 7
1788205092999 	 48 	 200 	 1437 	 6
1788205093050 	 93 	 200 	 1441 	 9
1788205092889 	 255 	 200 	 1441 	 8
1788205092989 	 236 	 200 	 1448 	 14
1788205093039 	 197 	 200 	 1449 	 14
1788205093158 	 90 	 200 	 1449 	 13
1788205093118 	 176 	 200 	 1451 	 14
1788205092826 	 514 	 200 	 1453 	 15
1788205093129 	 312 	 200 	 1454 	 18
1788205093187 	 258 	 200 	 1455 	 17
1788205093227 	 267 	 200 	 1456 	 18
1788205093232 	 266 	 200 	 1457 	 19
1788205093155 	 349 	 200 	 1458 	 18
1788205093134 	 372 	 200 	 1459 	 17
1788205093327 	 273 	 200 	 1460 	 25
1788205093382 	 222 	 200 	 1461 	 24
1788205093286 	 411 	 200 	 1462 	 28
1788205093218 	 482 	 200 	 1463 	 27
1788205093265 	 436 	 200 	 1464 	 26
1788205093444 	 265 	 200 	 1465 	 25
1788205093224 	 515 	 200 	 1466 	 24
1788205093446 	 294 	 200 	 1467 	 23
1788205093499 	 244 	 200 	 1468 	 22
1788205092995 	 754 	 200 	 1469 	 21
1788205093506 	 289 	 200 	 1470 	 22
1788205093507 	 290 	 200 	 1471 	 21
1788205093606 	 193 	 200 	 1472 	 20
1788205093495 	 303 	 200 	 1473 	 19
1788205093701 	 112 	 200 	 1474 	 18
1788205093744 	 95 	 200 	 1475 	 18
1788205093601 	 295 	 200 	 1476 	 21
1788205093751 	 157 	 200 	 1477 	 20
1788205093320 	 622 	 200 	 1478 	 21
1788205093742 	 203 	 200 	 1479 	 20
1788205093703 	 302 	 200 	 1480 	 22
1788205093698 	 310 	 200 	 1481 	 21
1788205093711 	 390 	 200 	 1482 	 29
1788205093741 	 405 	 200 	 1483 	 30
1788205093841 	 357 	 200 	 1484 	 33
1788205093898 	 302 	 200 	 1485 	 32
1788205093803 	 399 	 200 	 1486 	 31
1788205093800 	 406 	 200 	 1487 	 30
1788205093814 	 385 	 200 	 1488 	 29
1788205093909 	 293 	 200 	 1489 	 28
1788205093947 	 266 	 200 	 1490 	 27
1788205093797 	 419 	 200 	 1491 	 26
1788205094009 	 208 	 200 	 1492 	 28
1788205093801 	 405 	 200 	 1493 	 27
1788205094223 	 109 	 200 	 1494 	 33
1788205094007 	 326 	 200 	 1495 	 32
1788205094220 	 122 	 200 	 1496 	 31
1788205094222 	 222 	 200 	 1497 	 35
1788205094199 	 295 	 200 	 1498 	 36
1788205094208 	 286 	 200 	 1499 	 35
1788205094102 	 396 	 200 	 1500 	 35
1788205094211 	 291 	 200 	 1501 	 34
1788205094212 	 303 	 200 	 1502 	 35
1788205094147 	 372 	 200 	 1503 	 34
1788205093943 	 600 	 200 	 1504 	 34
1788205094217 	 357 	 200 	 1505 	 37
1788205094335 	 268 	 200 	 1506 	 37
1788205094344 	 264 	 200 	 1507 	 36
1788205094445 	 160 	 200 	 1508 	 35
1788205094335 	 271 	 200 	 1509 	 34
1788205094495 	 123 	 200 	 1510 	 34
1788205094215 	 490 	 200 	 1511 	 36
1788205094518 	 228 	 200 	 1512 	 37
1788205094546 	 249 	 200 	 1513 	 37
1788205094613 	 183 	 200 	 1514 	 36
1788205094609 	 194 	 200 	 1515 	 35
1788205094521 	 282 	 200 	 1516 	 34
1788205094501 	 306 	 200 	 1517 	 33
1788205094497 	 317 	 200 	 1518 	 32
1788205094504 	 335 	 200 	 1519 	 31
1788205094576 	 266 	 200 	 1520 	 30
1788205094606 	 229 	 200 	 1521 	 29
1788205094614 	 227 	 200 	 1522 	 28
1788205094798 	 113 	 200 	 1523 	 28
1788205094815 	 101 	 200 	 1524 	 27
1788205094204 	 797 	 200 	 1525 	 27
1788205094805 	 201 	 200 	 1526 	 26
1788205094707 	 301 	 200 	 1527 	 25
1788205094912 	 97 	 200 	 1528 	 24
1788205094620 	 421 	 200 	 1529 	 23
1788205094808 	 297 	 200 	 1530 	 22
1788205095012 	 128 	 200 	 1531 	 21
1788205094798 	 396 	 200 	 1532 	 20
1788205094842 	 358 	 200 	 1533 	 19
1788205094748 	 490 	 200 	 1534 	 18
1788205094841 	 456 	 200 	 1535 	 17
1788205094805 	 493 	 200 	 1536 	 16
1788205095004 	 296 	 200 	 1537 	 15
1788205095144 	 157 	 200 	 1537 	 14
1788205092777 	 2524 	 200 	 1537 	 13
1788205095008 	 297 	 200 	 1537 	 12
1788205095043 	 260 	 200 	 1537 	 11
1788205095206 	 104 	 200 	 1537 	 10
1788205094918 	 392 	 200 	 1537 	 9
1788205095107 	 208 	 200 	 1537 	 8
1788205095196 	 126 	 200 	 1537 	 7
1788205095298 	 47 	 200 	 1537 	 6
1788205094844 	 554 	 200 	 1537 	 5
1788205094843 	 556 	 200 	 1537 	 4
1788205095012 	 394 	 200 	 1537 	 3
1788205095300 	 112 	 200 	 1537 	 2
1788205095240 	 203 	 200 	 1537 	 1
1788205095565 	 30 	 200 	 1539 	 2
1788205093165 	 2446 	 200 	 1539 	 1
1788205095576 	 38 	 200 	 1539 	 0
1788205095899 	 33 	 200 	 1540 	 0
1788205096083 	 16 	 200 	 1541 	 0
1788205096735 	 38 	 200 	 1542 	 0
1788205097055 	 34 	 200 	 1543 	 0
1788205097434 	 16 	 200 	 1544 	 0
1788205097470 	 13 	 200 	 1545 	 0
1788205097618 	 36 	 200 	 1548 	 2
1788205097637 	 32 	 200 	 1549 	 2
1788205097648 	 23 	 200 	 1549 	 1
1788205097670 	 15 	 200 	 1549 	 0
1788205097698 	 23 	 200 	 1551 	 1
1788205097696 	 30 	 200 	 1551 	 0
1788205097751 	 31 	 200 	 1554 	 2
1788205097767 	 18 	 200 	 1554 	 1
1788205097776 	 15 	 200 	 1554 	 0
1788205097793 	 12 	 200 	 1556 	 1
1788205097799 	 12 	 200 	 1556 	 0
1788205097831 	 12 	 200 	 1557 	 0
1788205097853 	 12 	 200 	 1558 	 0
1788205097869 	 13 	 200 	 1560 	 1
1788205097872 	 24 	 200 	 1560 	 0
1788205097922 	 14 	 200 	 1562 	 1
1788205097931 	 18 	 200 	 1562 	 0
1788205097967 	 20 	 200 	 1568 	 5
1788205097973 	 19 	 200 	 1568 	 4
1788205097971 	 23 	 200 	 1568 	 3
1788205097969 	 26 	 200 	 1568 	 2
1788205097981 	 15 	 200 	 1568 	 1
1788205097975 	 22 	 200 	 1568 	 0
1788205098000 	 18 	 200 	 1570 	 1
1788205098006 	 13 	 200 	 1570 	 0
1788205098048 	 31 	 200 	 1571 	 0
1788205098082 	 30 	 200 	 1573 	 1
1788205098110 	 41 	 200 	 1578 	 5
1788205098144 	 16 	 200 	 1578 	 5
1788205098142 	 18 	 200 	 1579 	 4
1788205098115 	 46 	 200 	 1579 	 3
1788205098130 	 31 	 200 	 1579 	 2
1788205098149 	 21 	 200 	 1580 	 2
1788205098162 	 17 	 200 	 1581 	 2
1788205098171 	 17 	 200 	 1581 	 1
1788205098174 	 17 	 200 	 1581 	 0
1788205098216 	 17 	 200 	 1583 	 1
1788205098219 	 14 	 200 	 1583 	 0
1788205098235 	 12 	 200 	 1584 	 0
1788205098254 	 12 	 200 	 1585 	 0
1788205098268 	 13 	 200 	 1586 	 0
1788205098296 	 13 	 200 	 1588 	 1
1788205098308 	 12 	 200 	 1588 	 0
1788205098334 	 15 	 200 	 1591 	 2
1788205098336 	 15 	 200 	 1592 	 2
1788205098335 	 18 	 200 	 1592 	 1
1788205098351 	 22 	 200 	 1593 	 1
1788205098364 	 14 	 200 	 1593 	 0
1788205098380 	 15 	 200 	 1594 	 0
1788205098410 	 13 	 200 	 1596 	 1
1788205098401 	 28 	 200 	 1597 	 1
1788205098425 	 13 	 200 	 1598 	 1
1788205098435 	 16 	 200 	 1599 	 1
1788205098450 	 13 	 200 	 1600 	 1
1788205098455 	 23 	 200 	 1600 	 0
1788205098502 	 14 	 200 	 1602 	 1
1788205098512 	 14 	 200 	 1602 	 0
1788205098537 	 13 	 200 	 1603 	 0
1788205098554 	 24 	 200 	 1608 	 4
1788205098561 	 19 	 200 	 1609 	 4
1788205098560 	 21 	 200 	 1609 	 3
1788205098559 	 22 	 200 	 1609 	 2
1788205098570 	 16 	 200 	 1610 	 2
1788205098580 	 19 	 200 	 1611 	 2
1788205098584 	 17 	 200 	 1611 	 1
1788205098597 	 14 	 200 	 1612 	 1
1788205098603 	 12 	 200 	 1612 	 0
1788205098622 	 15 	 200 	 1613 	 0
1788205098642 	 17 	 200 	 1614 	 0
1788205098671 	 13 	 200 	 1615 	 0
1788205098727 	 17 	 200 	 1618 	 2
1788205098729 	 17 	 200 	 1618 	 1
1788205098736 	 18 	 200 	 1620 	 2
1788205098748 	 14 	 200 	 1620 	 1
1788205098754 	 13 	 200 	 1622 	 2
1788205098764 	 16 	 200 	 1625 	 4
1788205098773 	 15 	 200 	 1626 	 4
1788205098779 	 17 	 200 	 1626 	 3
1788205098768 	 27 	 200 	 1626 	 2
1788205098786 	 14 	 200 	 1627 	 2
1788205098774 	 31 	 200 	 1628 	 2
1788205098801 	 23 	 200 	 1628 	 1
1788205098805 	 34 	 200 	 1630 	 2
1788205098835 	 16 	 200 	 1631 	 2
1788205098838 	 18 	 200 	 1632 	 2
1788205098844 	 20 	 200 	 1633 	 2
1788205098857 	 16 	 200 	 1633 	 1
1788205098862 	 15 	 200 	 1633 	 0
1788205098884 	 13 	 200 	 1635 	 1
1788205098894 	 12 	 200 	 1636 	 1
1788205098905 	 12 	 200 	 1637 	 1
1788205098915 	 16 	 200 	 1639 	 2
1788205098921 	 20 	 200 	 1639 	 1
1788205098921 	 22 	 200 	 1639 	 0
1788205098965 	 15 	 200 	 1641 	 1
1788205098975 	 13 	 200 	 1641 	 0
1788205099037 	 21 	 200 	 1646 	 4
1788205099030 	 33 	 200 	 1646 	 3
1788205099039 	 27 	 200 	 1646 	 2
1788205099048 	 19 	 200 	 1646 	 1
1788205099026 	 53 	 200 	 1647 	 1
1788205099080 	 13 	 200 	 1647 	 0
1788205099096 	 28 	 200 	 1650 	 2
1788205099105 	 22 	 200 	 1650 	 1
1788205099117 	 29 	 200 	 1651 	 1
1788205099145 	 13 	 200 	 1652 	 1
1788205099153 	 14 	 200 	 1652 	 0
1788205099185 	 16 	 200 	 1653 	 0
1788205099205 	 18 	 200 	 1654 	 0
1788205099227 	 18 	 200 	 1657 	 2
1788205099241 	 13 	 200 	 1658 	 2
1788205099254 	 13 	 200 	 1659 	 2
1788205099233 	 34 	 200 	 1659 	 1
1788205099257 	 21 	 200 	 1661 	 2
1788205099269 	 14 	 200 	 1662 	 2
1788205099270 	 16 	 200 	 1662 	 1
1788205099281 	 12 	 200 	 1662 	 0
1788205099303 	 14 	 200 	 1664 	 1
1788205099307 	 12 	 200 	 1664 	 0
1788205099375 	 16 	 200 	 1666 	 1
1788205099392 	 14 	 200 	 1667 	 1
1788205099394 	 14 	 200 	 1667 	 0
1788205099450 	 12 	 200 	 1669 	 1
1788205099457 	 14 	 200 	 1669 	 0
1788205099481 	 13 	 200 	 1671 	 1
1788205099487 	 13 	 200 	 1671 	 0
1788205099529 	 31 	 200 	 1674 	 2
1788205099550 	 26 	 200 	 1678 	 5
1788205099553 	 25 	 200 	 1678 	 4
1788205099564 	 23 	 200 	 1679 	 4
1788205099575 	 23 	 200 	 1680 	 4
1788205099577 	 25 	 200 	 1681 	 4
1788205099583 	 52 	 200 	 1684 	 6
1788205099576 	 60 	 200 	 1684 	 5
1788205099616 	 37 	 200 	 1686 	 6
1788205099627 	 30 	 200 	 1686 	 5
1788205099602 	 56 	 200 	 1686 	 4
1788205099593 	 66 	 200 	 1686 	 3
1788205099633 	 27 	 200 	 1686 	 2
1788205099647 	 27 	 200 	 1686 	 1
1788205099650 	 36 	 200 	 1686 	 0
1788205099720 	 19 	 200 	 1688 	 1
1788205099740 	 16 	 200 	 1690 	 2
1788205099746 	 14 	 200 	 1690 	 1
1788205099752 	 14 	 200 	 1690 	 0
1788205099778 	 12 	 200 	 1692 	 1
1788205099790 	 13 	 200 	 1692 	 0
1788205099808 	 14 	 200 	 1694 	 1
1788205099813 	 13 	 200 	 1694 	 0
1788205099839 	 15 	 200 	 1696 	 1
1788205099846 	 14 	 200 	 1696 	 0
1788205099862 	 13 	 200 	 1697 	 0
1788205099921 	 22 	 200 	 1699 	 1
1788205099934 	 14 	 200 	 1699 	 0
1788205099958 	 13 	 200 	 1700 	 0
1788205099977 	 13 	 200 	 1701 	 0
1788205099995 	 13 	 200 	 1704 	 2
1788205099995 	 14 	 200 	 1704 	 1
1788205100005 	 14 	 200 	 1704 	 0
1788205100056 	 33 	 200 	 1706 	 1
1788205100079 	 31 	 200 	 1707 	 1
1788205100102 	 18 	 200 	 1708 	 1
1788205100114 	 14 	 200 	 1708 	 0
1788205100134 	 15 	 200 	 1711 	 2
1788205100147 	 15 	 200 	 1711 	 1
1788205100150 	 16 	 200 	 1712 	 1
1788205100164 	 14 	 200 	 1713 	 1
1788205100179 	 14 	 200 	 1713 	 0
1788205100209 	 14 	 200 	 1715 	 1
1788205100226 	 22 	 200 	 1717 	 2
1788205100207 	 43 	 200 	 1717 	 1
1788205100227 	 25 	 200 	 1717 	 0
1788205100271 	 16 	 200 	 1722 	 4
1788205100273 	 15 	 200 	 1722 	 3
1788205100273 	 18 	 200 	 1722 	 2
1788205100279 	 16 	 200 	 1722 	 1
1788205100281 	 15 	 200 	 1722 	 0
1788205100299 	 13 	 200 	 1724 	 1
1788205100307 	 13 	 200 	 1724 	 0
1788205100329 	 13 	 200 	 1725 	 0
1788205100367 	 14 	 200 	 1726 	 0
1788205100398 	 15 	 200 	 1727 	 0
1788205100419 	 20 	 200 	 1732 	 4
1788205100418 	 22 	 200 	 1732 	 3
1788205100425 	 18 	 200 	 1732 	 2
1788205100421 	 25 	 200 	 1733 	 2
1788205100430 	 18 	 200 	 1733 	 1
1788205100447 	 12 	 200 	 1734 	 1
1788205100464 	 14 	 200 	 1736 	 2
1788205100466 	 14 	 200 	 1736 	 1
1788205100458 	 24 	 200 	 1736 	 0
1788205100503 	 19 	 200 	 1739 	 2
1788205100509 	 14 	 200 	 1739 	 1
1788205100516 	 14 	 200 	 1739 	 0
1788205100538 	 14 	 200 	 1740 	 0
1788205100557 	 12 	 200 	 1741 	 0
1788205100573 	 15 	 200 	 1742 	 0
1788205100590 	 13 	 200 	 1744 	 1
1788205100612 	 13 	 200 	 1747 	 3
1788205100604 	 31 	 200 	 1748 	 3
1788205100608 	 29 	 200 	 1748 	 2
1788205100624 	 17 	 200 	 1748 	 1
1788205100628 	 15 	 200 	 1748 	 0
1788205100682 	 19 	 200 	 1752 	 3
1788205100687 	 17 	 200 	 1752 	 2
1788205100692 	 18 	 200 	 1752 	 1
1788205100714 	 14 	 200 	 1755 	 3
1788205100720 	 13 	 200 	 1755 	 2
1788205100726 	 18 	 200 	 1755 	 1
1788205100767 	 36 	 200 	 1759 	 4
1788205100791 	 18 	 200 	 1759 	 3
1788205100696 	 116 	 200 	 1759 	 2
1788205100796 	 20 	 200 	 1760 	 2
1788205100798 	 21 	 200 	 1760 	 1
1788205100815 	 18 	 200 	 1761 	 1
1788205100822 	 13 	 200 	 1761 	 0
1788205100881 	 22 	 200 	 1762 	 0
1788205100906 	 14 	 200 	 1763 	 0
1788205100953 	 28 	 200 	 1766 	 2
1788205100977 	 17 	 200 	 1767 	 2
1788205100982 	 13 	 200 	 1767 	 1
1788205100987 	 13 	 200 	 1767 	 0
1788205101006 	 13 	 200 	 1769 	 1
1788205101012 	 13 	 200 	 1770 	 1
1788205101021 	 13 	 200 	 1771 	 1
1788205101026 	 13 	 200 	 1773 	 2
1788205101035 	 16 	 200 	 1774 	 2
1788205101039 	 17 	 200 	 1774 	 1
1788205101050 	 13 	 200 	 1774 	 0
1788205101091 	 30 	 200 	 1777 	 2
1788205101111 	 23 	 200 	 1778 	 2
1788205101109 	 26 	 200 	 1778 	 1
1788205101125 	 18 	 200 	 1780 	 2
1788205101139 	 12 	 200 	 1780 	 1
1788205101143 	 14 	 200 	 1780 	 0
1788205101159 	 14 	 200 	 1782 	 1
1788205101171 	 19 	 200 	 1784 	 2
1788205101186 	 13 	 200 	 1785 	 2
1788205101187 	 13 	 200 	 1785 	 1
1788205101195 	 16 	 200 	 1785 	 0
1788205101215 	 13 	 200 	 1787 	 1
1788205101214 	 17 	 200 	 1787 	 0
1788205101237 	 14 	 200 	 1790 	 2
1788205101238 	 16 	 200 	 1790 	 1
1788205101250 	 13 	 200 	 1790 	 0
1788205101289 	 28 	 200 	 1792 	 1
1788205101297 	 28 	 200 	 1792 	 0
1788205101338 	 15 	 200 	 1793 	 0
1788205101370 	 17 	 200 	 1796 	 2
1788205101379 	 13 	 200 	 1796 	 1
1788205101383 	 14 	 200 	 1796 	 0
1788205101433 	 15 	 200 	 1798 	 1
1788205101438 	 13 	 200 	 1798 	 0
1788205101454 	 16 	 200 	 1799 	 0
1788205101492 	 15 	 200 	 1802 	 2
1788205101490 	 20 	 200 	 1802 	 1
1788205101504 	 15 	 200 	 1803 	 1
1788205101515 	 13 	 200 	 1803 	 0
1788205101535 	 13 	 200 	 1804 	 0
1788205101576 	 15 	 200 	 1805 	 0
1788205101613 	 35 	 200 	 1808 	 2
1788205101616 	 36 	 200 	 1809 	 2
1788205101648 	 20 	 200 	 1809 	 1
1788205101651 	 19 	 200 	 1809 	 0
1788205101688 	 19 	 200 	 1810 	 0
1788205101776 	 15 	 200 	 1812 	 1
1788205101784 	 14 	 200 	 1813 	 1
1788205101794 	 12 	 200 	 1813 	 0
1788205101836 	 28 	 200 	 1814 	 0
1788205101885 	 29 	 200 	 1815 	 0
1788205101924 	 18 	 200 	 1816 	 0
1788205101955 	 14 	 200 	 1820 	 3
1788205101956 	 17 	 200 	 1820 	 2
1788205101968 	 15 	 200 	 1820 	 1
1788205101971 	 13 	 200 	 1820 	 0
1788205102032 	 16 	 200 	 1822 	 1
1788205102036 	 15 	 200 	 1822 	 0
1788205102105 	 38 	 200 	 1825 	 2
1788205102115 	 30 	 200 	 1825 	 1
1788205102126 	 23 	 200 	 1825 	 0
1788205102167 	 18 	 200 	 1826 	 0
1788205102196 	 13 	 200 	 1829 	 2
1788205102205 	 16 	 200 	 1832 	 4
1788205102223 	 16 	 200 	 1834 	 5
1788205102227 	 17 	 200 	 1834 	 4
1788205102230 	 16 	 200 	 1834 	 3
1788205102209 	 39 	 200 	 1834 	 2
1788205102211 	 38 	 200 	 1834 	 1
1788205102213 	 51 	 200 	 1835 	 1
1788205102250 	 18 	 200 	 1835 	 0
1788205102273 	 12 	 200 	 1836 	 1
1788205102287 	 12 	 200 	 1837 	 0
1788205102307 	 21 	 200 	 1839 	 1
1788205102310 	 21 	 200 	 1839 	 0
1788205102339 	 11 	 200 	 1840 	 0
1788205102373 	 32 	 200 	 1842 	 1
1788205102400 	 16 	 200 	 1844 	 2
1788205102410 	 19 	 200 	 1845 	 2
1788205102412 	 19 	 200 	 1846 	 2
1788205102428 	 17 	 200 	 1849 	 4
1788205102434 	 14 	 200 	 1850 	 4
1788205102431 	 18 	 200 	 1850 	 3
1788205102440 	 25 	 200 	 1851 	 3
1788205102444 	 23 	 200 	 1851 	 2
1788205102448 	 20 	 200 	 1851 	 1
1788205102452 	 16 	 200 	 1851 	 0
1788205102473 	 12 	 200 	 1852 	 0
1788205102521 	 35 	 200 	 1856 	 3
1788205102525 	 31 	 200 	 1856 	 2
1788205102547 	 19 	 200 	 1857 	 2
1788205102545 	 23 	 200 	 1857 	 1
1788205102560 	 25 	 200 	 1861 	 4
1788205102578 	 44 	 200 	 1863 	 5
1788205102579 	 43 	 200 	 1863 	 4
1788205102581 	 42 	 200 	 1863 	 3
1788205102587 	 53 	 200 	 1864 	 3
1788205102594 	 50 	 200 	 1864 	 2
1788205102605 	 39 	 200 	 1864 	 1
1788205102639 	 13 	 200 	 1864 	 0
1788205102657 	 13 	 200 	 1867 	 2
1788205102662 	 15 	 200 	 1867 	 1
1788205102664 	 15 	 200 	 1867 	 0
1788205102701 	 16 	 200 	 1869 	 1
1788205102707 	 13 	 200 	 1869 	 0
1788205102721 	 16 	 200 	 1873 	 3
1788205102729 	 16 	 200 	 1873 	 2
1788205102725 	 24 	 200 	 1874 	 2
1788205102727 	 26 	 200 	 1874 	 1
1788205102751 	 12 	 200 	 1874 	 0
1788205102764 	 14 	 200 	 1876 	 1
1788205102772 	 16 	 200 	 1877 	 1
1788205102784 	 13 	 200 	 1878 	 1
1788205102793 	 13 	 200 	 1879 	 1
1788205102805 	 12 	 200 	 1879 	 0
1788205102821 	 15 	 200 	 1882 	 2
1788205102825 	 12 	 200 	 1882 	 1
1788205102829 	 14 	 200 	 1882 	 0
1788205102850 	 19 	 200 	 1883 	 0
1788205102881 	 21 	 200 	 1886 	 2
1788205102883 	 21 	 200 	 1886 	 1
1788205102892 	 15 	 200 	 1886 	 0
1788205102910 	 15 	 200 	 1890 	 3
1788205102911 	 14 	 200 	 1890 	 2
1788205102924 	 15 	 200 	 1891 	 2
1788205102925 	 15 	 200 	 1891 	 1
1788205102936 	 14 	 200 	 1892 	 1
1788205102947 	 17 	 200 	 1894 	 2
1788205102960 	 14 	 200 	 1895 	 2
1788205102962 	 14 	 200 	 1895 	 1
1788205102968 	 12 	 200 	 1897 	 2
1788205102979 	 14 	 200 	 1898 	 2
1788205102981 	 14 	 200 	 1898 	 1
1788205102984 	 14 	 200 	 1900 	 2
1788205102998 	 24 	 200 	 1901 	 2
1788205103010 	 13 	 200 	 1901 	 1
1788205102999 	 33 	 200 	 1901 	 0
1788205103034 	 14 	 200 	 1903 	 1
1788205103044 	 21 	 200 	 1906 	 3
1788205103054 	 18 	 200 	 1906 	 2
1788205103074 	 13 	 200 	 1907 	 2
1788205103065 	 26 	 200 	 1907 	 1
1788205103065 	 27 	 200 	 1907 	 0
1788205103098 	 11 	 200 	 1908 	 0
1788205103118 	 14 	 200 	 1910 	 1
1788205103125 	 12 	 200 	 1910 	 0
1788205103152 	 13 	 200 	 1911 	 0
1788205103171 	 25 	 200 	 1916 	 4
1788205103184 	 19 	 200 	 1916 	 3
1788205103192 	 13 	 200 	 1916 	 2
1788205103186 	 20 	 200 	 1916 	 1
1788205103192 	 16 	 200 	 1916 	 0
1788205103270 	 15 	 200 	 1917 	 0
1788205103311 	 14 	 200 	 1919 	 1
1788205103311 	 18 	 200 	 1919 	 0
1788205103353 	 17 	 200 	 1922 	 2
1788205103352 	 19 	 200 	 1922 	 1
1788205103361 	 15 	 200 	 1922 	 0
1788205103382 	 12 	 200 	 1923 	 0
1788205103404 	 13 	 200 	 1924 	 0
1788205103463 	 22 	 200 	 1927 	 2
1788205103478 	 15 	 200 	 1927 	 1
1788205103486 	 16 	 200 	 1927 	 0
1788205103560 	 34 	 200 	 1929 	 1
1788205103568 	 36 	 200 	 1930 	 1
1788205103597 	 14 	 200 	 1930 	 0
1788205103634 	 36 	 200 	 1933 	 2
1788205103641 	 37 	 200 	 1934 	 2
1788205103658 	 20 	 200 	 1934 	 1
1788205103674 	 15 	 200 	 1935 	 1
1788205103686 	 16 	 200 	 1936 	 1
1788205103702 	 14 	 200 	 1938 	 2
1788205103707 	 14 	 200 	 1939 	 2
1788205103711 	 16 	 200 	 1939 	 1
1788205103723 	 15 	 200 	 1940 	 1
1788205103734 	 12 	 200 	 1940 	 0
1788205103757 	 15 	 200 	 1945 	 4
1788205103753 	 22 	 200 	 1945 	 3
1788205103758 	 21 	 200 	 1946 	 3
1788205103756 	 24 	 200 	 1946 	 2
1788205103763 	 20 	 200 	 1946 	 1
1788205103780 	 17 	 200 	 1947 	 1
1788205103792 	 18 	 200 	 1948 	 1
1788205103803 	 12 	 200 	 1948 	 0
1788205103828 	 15 	 200 	 1952 	 3
1788205103832 	 19 	 200 	 1952 	 2
1788205103840 	 13 	 200 	 1952 	 1
1788205103845 	 12 	 200 	 1952 	 0
1788205103886 	 13 	 200 	 1953 	 0
1788205103905 	 13 	 200 	 1955 	 1
1788205103907 	 16 	 200 	 1955 	 0
1788205103932 	 18 	 200 	 1957 	 1
1788205103940 	 14 	 200 	 1957 	 0
1788205103962 	 22 	 200 	 1958 	 0
1788205103998 	 13 	 200 	 1963 	 4
1788205103995 	 19 	 200 	 1964 	 4
1788205104000 	 17 	 200 	 1964 	 3
1788205103994 	 30 	 200 	 1964 	 2
1788205104000 	 26 	 200 	 1964 	 1
1788205104014 	 20 	 200 	 1966 	 2
1788205104033 	 13 	 200 	 1966 	 1
1788205104032 	 15 	 200 	 1966 	 0
1788205104053 	 16 	 200 	 1970 	 3
1788205104061 	 13 	 200 	 1970 	 2
1788205104065 	 13 	 200 	 1970 	 1
1788205104068 	 15 	 200 	 1970 	 0
1788205104098 	 19 	 200 	 1974 	 3
1788205104098 	 20 	 200 	 1974 	 2
1788205104110 	 17 	 200 	 1974 	 1
1788205104115 	 14 	 200 	 1974 	 0
1788205104140 	 23 	 200 	 1976 	 1
1788205104160 	 20 	 200 	 1978 	 2
1788205104166 	 14 	 200 	 1978 	 1
1788205104179 	 13 	 200 	 1978 	 0
1788205104196 	 15 	 200 	 1982 	 3
1788205104207 	 14 	 200 	 1982 	 2
1788205104210 	 13 	 200 	 1982 	 1
1788205104202 	 23 	 200 	 1982 	 1
1788205104226 	 14 	 200 	 1986 	 3
1788205104230 	 15 	 200 	 1986 	 2
1788205104235 	 14 	 200 	 1986 	 1
1788205104236 	 16 	 200 	 1986 	 0
1788205104280 	 13 	 200 	 1987 	 0
1788205104312 	 13 	 200 	 1988 	 0
1788205104348 	 12 	 200 	 1989 	 0
1788205104363 	 15 	 200 	 1991 	 1
1788205104382 	 14 	 200 	 1992 	 1
1788205104372 	 30 	 200 	 1992 	 0
1788205104436 	 13 	 200 	 1993 	 0
1788205104478 	 14 	 200 	 1994 	 0
1788205104495 	 12 	 200 	 1995 	 0
1788205104518 	 13 	 200 	 1998 	 2
1788205104524 	 14 	 200 	 1999 	 2
1788205104532 	 14 	 200 	 2000 	 2
1788205104541 	 14 	 200 	 2000 	 1
1788205104534 	 39 	 200 	 2002 	 2
1788205104562 	 18 	 200 	 2002 	 1
1788205104572 	 15 	 200 	 2002 	 0
1788205104600 	 13 	 200 	 2004 	 1
1788205104606 	 20 	 200 	 2005 	 1
1788205104624 	 13 	 200 	 2005 	 0
1788205104649 	 12 	 200 	 2006 	 0
1788205104686 	 34 	 200 	 2008 	 1
1788205104698 	 33 	 200 	 2008 	 0
1788205104750 	 33 	 200 	 2013 	 4
1788205104768 	 21 	 200 	 2014 	 4
1788205104772 	 19 	 200 	 2014 	 3
1788205104762 	 34 	 200 	 2014 	 2
1788205104764 	 32 	 200 	 2014 	 1
1788205104787 	 14 	 200 	 2014 	 0
1788205104826 	 17 	 200 	 2015 	 0
1788205104855 	 11 	 200 	 2017 	 1
1788205104854 	 16 	 200 	 2017 	 0
1788205104878 	 12 	 200 	 2020 	 2
1788205104875 	 18 	 200 	 2020 	 1
1788205104882 	 13 	 200 	 2020 	 0
1788205104899 	 19 	 200 	 2022 	 1
1788205104913 	 13 	 200 	 2022 	 0
1788205104947 	 14 	 200 	 2024 	 1
1788205104944 	 20 	 200 	 2024 	 0
1788205104969 	 12 	 200 	 2025 	 0
1788205104988 	 18 	 200 	 2027 	 1
1788205105000 	 14 	 200 	 2028 	 1
1788205105010 	 14 	 200 	 2028 	 0
1788205105041 	 29 	 200 	 2030 	 1
1788205105047 	 23 	 200 	 2030 	 0
1788205105094 	 14 	 200 	 2032 	 1
1788205105094 	 15 	 200 	 2032 	 0
1788205105136 	 21 	 200 	 2033 	 0
1788205105187 	 13 	 200 	 2035 	 1
1788205105185 	 17 	 200 	 2035 	 0
1788205105303 	 22 	 200 	 2038 	 2
1788205105313 	 15 	 200 	 2038 	 1
1788205105317 	 14 	 200 	 2039 	 1
1788205105331 	 20 	 200 	 2040 	 1
1788205105334 	 18 	 200 	 2040 	 0
1788205105371 	 16 	 200 	 2042 	 1
1788205105383 	 13 	 200 	 2042 	 0
1788205105406 	 17 	 200 	 2045 	 2
1788205105413 	 12 	 200 	 2045 	 1
1788205105424 	 16 	 200 	 2047 	 2
1788205105431 	 17 	 200 	 2048 	 2
1788205105436 	 15 	 200 	 2048 	 1
1788205105446 	 16 	 200 	 2050 	 2
1788205105458 	 14 	 200 	 2050 	 1
1788205105457 	 17 	 200 	 2050 	 0
1788205105518 	 15 	 200 	 2052 	 1
1788205105527 	 14 	 200 	 2052 	 0
1788205105555 	 15 	 200 	 2053 	 0
1788205105592 	 31 	 200 	 2058 	 5
1788205105599 	 25 	 200 	 2059 	 4
1788205105607 	 21 	 200 	 2059 	 4
1788205105619 	 19 	 200 	 2060 	 3
1788205105625 	 14 	 200 	 2060 	 2
1788205105623 	 17 	 200 	 2060 	 1
1788205105630 	 13 	 200 	 2060 	 0
1788205105671 	 14 	 200 	 2062 	 1
1788205105684 	 14 	 200 	 2064 	 2
1788205105694 	 13 	 200 	 2065 	 2
1788205105700 	 16 	 200 	 2066 	 2
1788205105692 	 26 	 200 	 2066 	 1
1788205105708 	 13 	 200 	 2066 	 0
1788205105734 	 16 	 200 	 2068 	 1
1788205105745 	 12 	 200 	 2068 	 0
1788205105761 	 17 	 200 	 2070 	 1
1788205105778 	 18 	 200 	 2071 	 1
1788205105782 	 15 	 200 	 2071 	 0
1788205105808 	 13 	 200 	 2072 	 0
1788205105859 	 13 	 200 	 2073 	 0
1788205105875 	 14 	 200 	 2076 	 2
1788205105885 	 16 	 200 	 2076 	 1
1788205105888 	 19 	 200 	 2076 	 0
1788205105914 	 14 	 200 	 2078 	 1
1788205105911 	 17 	 200 	 2078 	 0
1788205105933 	 11 	 200 	 2080 	 1
1788205105943 	 13 	 200 	 2080 	 0
1788205105981 	 14 	 200 	 2082 	 1
1788205105992 	 13 	 200 	 2082 	 0
1788205106008 	 14 	 200 	 2085 	 2
1788205106009 	 16 	 200 	 2085 	 1
1788205106009 	 17 	 200 	 2085 	 0
1788205106037 	 15 	 200 	 2086 	 0
1788205106081 	 12 	 200 	 2087 	 0
1788205106097 	 11 	 200 	 2088 	 0
1788205106119 	 13 	 200 	 2090 	 1
1788205106127 	 12 	 200 	 2090 	 0
1788205106155 	 38 	 200 	 2095 	 4
1788205106159 	 36 	 200 	 2096 	 4
1788205106179 	 23 	 200 	 2096 	 3
1788205106177 	 27 	 200 	 2096 	 2
1788205106188 	 30 	 200 	 2097 	 2
1788205106195 	 27 	 200 	 2097 	 1
1788205106209 	 13 	 200 	 2097 	 0
1788205106226 	 14 	 200 	 2099 	 1
1788205106250 	 18 	 200 	 2102 	 3
1788205106260 	 35 	 200 	 2106 	 6
1788205106260 	 40 	 200 	 2106 	 5
1788205106272 	 32 	 200 	 2106 	 4
1788205106284 	 21 	 200 	 2106 	 3
1788205106272 	 34 	 200 	 2106 	 2
1788205106345 	 13 	 200 	 2108 	 3
1788205106346 	 12 	 200 	 2108 	 2
1788205106371 	 29 	 200 	 2110 	 3
1788205106388 	 12 	 200 	 2110 	 2
1788205106289 	 126 	 200 	 2111 	 2
1788205106452 	 16 	 200 	 2117 	 7
1788205106448 	 48 	 200 	 2118 	 7
1788205106450 	 48 	 200 	 2119 	 7
1788205106454 	 50 	 200 	 2119 	 6
1788205106457 	 48 	 200 	 2120 	 6
1788205106468 	 39 	 200 	 2120 	 5
1788205106494 	 48 	 200 	 2123 	 7
1788205106412 	 134 	 200 	 2123 	 6
1788205106506 	 40 	 200 	 2123 	 5
1788205106498 	 49 	 200 	 2123 	 4
1788205106533 	 17 	 200 	 2123 	 3
1788205106513 	 37 	 200 	 2123 	 2
1788205106521 	 32 	 200 	 2123 	 1
1788205106603 	 18 	 200 	 2125 	 2
1788205106607 	 17 	 200 	 2126 	 2
1788205106624 	 21 	 200 	 2126 	 1
1788205106652 	 12 	 200 	 2127 	 1
1788205106668 	 31 	 200 	 2129 	 2
1788205106697 	 12 	 200 	 2129 	 1
1788205106719 	 33 	 200 	 2136 	 7
1788205106727 	 27 	 200 	 2137 	 7
1788205106740 	 63 	 200 	 2140 	 9
1788205106743 	 80 	 200 	 2140 	 8
1788205106762 	 89 	 200 	 2145 	 12
1788205106798 	 53 	 200 	 2145 	 11
1788205106720 	 130 	 200 	 2145 	 10
1788205106740 	 154 	 200 	 2146 	 10
1788205106828 	 69 	 200 	 2146 	 9
1788205106827 	 72 	 200 	 2146 	 8
1788205106739 	 164 	 200 	 2146 	 7
1788205106754 	 186 	 200 	 2150 	 10
1788205106841 	 104 	 200 	 2150 	 9
1788205106907 	 40 	 200 	 2150 	 8
1788205106917 	 32 	 200 	 2150 	 7
1788205106919 	 33 	 200 	 2150 	 6
1788205106785 	 223 	 200 	 2154 	 9
1788205106958 	 84 	 200 	 2154 	 8
1788205106840 	 208 	 200 	 2155 	 8
1788205107045 	 59 	 200 	 2157 	 9
1788205106844 	 261 	 200 	 2157 	 8
1788205106240 	 902 	 200 	 2159 	 9
1788205107004 	 141 	 200 	 2159 	 8
1788205106917 	 236 	 200 	 2160 	 8
1788205106874 	 350 	 200 	 2166 	 13
1788205107112 	 134 	 200 	 2168 	 14
1788205107133 	 201 	 200 	 2170 	 16
1788205106992 	 343 	 200 	 2171 	 15
1788205107050 	 285 	 200 	 2171 	 14
1788205107152 	 184 	 200 	 2171 	 13
1788205107163 	 172 	 200 	 2171 	 12
1788205107162 	 182 	 200 	 2171 	 11
1788205107007 	 336 	 200 	 2171 	 10
1788205107195 	 238 	 200 	 2176 	 14
1788205107168 	 267 	 200 	 2176 	 13
1788205107160 	 277 	 200 	 2176 	 12
1788205107099 	 339 	 200 	 2176 	 11
1788205107236 	 203 	 200 	 2176 	 10
1788205107337 	 103 	 200 	 2176 	 9
1788205107202 	 299 	 200 	 2179 	 11
1788205107427 	 76 	 200 	 2179 	 10
1788205107419 	 84 	 200 	 2179 	 9
1788205107362 	 142 	 200 	 2179 	 8
1788205107417 	 88 	 200 	 2179 	 7
1788205107263 	 243 	 200 	 2179 	 6
1788205107482 	 62 	 200 	 2181 	 7
1788205107536 	 15 	 200 	 2181 	 6
1788205107245 	 348 	 200 	 2184 	 8
1788205107460 	 142 	 200 	 2184 	 7
1788205107558 	 94 	 200 	 2186 	 8
1788205107564 	 96 	 200 	 2187 	 8
1788205107352 	 349 	 200 	 2188 	 8
1788205107560 	 146 	 200 	 2189 	 8
1788205107637 	 74 	 200 	 2189 	 7
1788205107696 	 50 	 200 	 2192 	 9
1788205107722 	 28 	 200 	 2192 	 8
1788205107740 	 103 	 200 	 2199 	 14
1788205107654 	 243 	 200 	 2201 	 23
1788205107754 	 187 	 200 	 2202 	 29
1788205107778 	 167 	 200 	 2203 	 28
1788205107860 	 137 	 200 	 2204 	 32
1788205107801 	 197 	 200 	 2205 	 31
1788205107834 	 167 	 200 	 2206 	 30
1788205107797 	 237 	 200 	 2207 	 30
1788205107943 	 93 	 200 	 2208 	 29
1788205107738 	 358 	 200 	 2209 	 29
1788205107819 	 283 	 200 	 2210 	 29
1788205107803 	 299 	 200 	 2211 	 28
1788205107647 	 495 	 200 	 2212 	 34
1788205108003 	 239 	 200 	 2213 	 43
1788205107998 	 246 	 200 	 2214 	 42
1788205108000 	 244 	 200 	 2215 	 41
1788205108038 	 207 	 200 	 2216 	 40
1788205107900 	 399 	 200 	 2217 	 43
1788205107854 	 446 	 200 	 2218 	 43
1788205108039 	 302 	 200 	 2219 	 44
1788205108246 	 98 	 200 	 2220 	 43
1788205108104 	 300 	 200 	 2221 	 43
1788205108104 	 298 	 200 	 2222 	 42
1788205107946 	 492 	 200 	 2223 	 44
1788205108301 	 142 	 200 	 2224 	 43
1788205108250 	 199 	 200 	 2225 	 42
1788205107705 	 800 	 200 	 2226 	 44
1788205108247 	 297 	 200 	 2227 	 44
1788205108244 	 305 	 200 	 2228 	 43
1788205108345 	 202 	 200 	 2229 	 42
1788205108406 	 190 	 200 	 2230 	 43
1788205108343 	 259 	 200 	 2231 	 43
1788205108304 	 301 	 200 	 2232 	 42
1788205108098 	 550 	 200 	 2233 	 45
1788205108144 	 554 	 200 	 2234 	 49
1788205108445 	 300 	 200 	 2235 	 51
1788205108598 	 198 	 200 	 2236 	 52
1788205108440 	 359 	 200 	 2237 	 51
1788205108451 	 348 	 200 	 2238 	 50
1788205108608 	 194 	 200 	 2239 	 49
1788205108408 	 392 	 200 	 2240 	 48
1788205108552 	 296 	 200 	 2241 	 51
1788205108550 	 297 	 200 	 2242 	 50
1788205108798 	 52 	 200 	 2243 	 49
1788205108546 	 309 	 200 	 2244 	 48
1788205108801 	 99 	 200 	 2245 	 49
1788205108604 	 297 	 200 	 2246 	 49
1788205108849 	 84 	 200 	 2247 	 51
1788205108800 	 149 	 200 	 2248 	 51
1788205108803 	 204 	 200 	 2249 	 53
1788205108748 	 297 	 200 	 2250 	 52
1788205108803 	 247 	 200 	 2251 	 51
1788205108853 	 243 	 200 	 2252 	 54
1788205108904 	 198 	 200 	 2253 	 53
1788205108852 	 254 	 200 	 2254 	 52
1788205108935 	 173 	 200 	 2255 	 51
1788205108952 	 196 	 200 	 2256 	 52
1788205108507 	 650 	 200 	 2257 	 52
1788205109098 	 200 	 200 	 2258 	 60
1788205109110 	 189 	 200 	 2259 	 59
1788205108858 	 482 	 200 	 2260 	 60
1788205109008 	 338 	 200 	 2261 	 59
1788205109150 	 196 	 200 	 2262 	 58
1788205108901 	 447 	 200 	 2263 	 57
1788205109048 	 301 	 200 	 2264 	 56
1788205109107 	 247 	 200 	 2265 	 55
1788205109301 	 134 	 200 	 2266 	 58
1788205109301 	 148 	 200 	 2267 	 57
1788205109053 	 401 	 200 	 2268 	 56
1788205108701 	 753 	 200 	 2269 	 55
1788205109350 	 151 	 200 	 2270 	 59
1788205109342 	 192 	 200 	 2271 	 61
1788205109104 	 430 	 200 	 2272 	 60
1788205109348 	 188 	 200 	 2273 	 60
1788205109348 	 191 	 200 	 2274 	 59
1788205109159 	 389 	 200 	 2275 	 59
1788205109353 	 200 	 200 	 2276 	 58
1788205108651 	 982 	 200 	 2277 	 64
1788205109456 	 177 	 200 	 2278 	 63
1788205109458 	 181 	 200 	 2279 	 62
1788205109536 	 111 	 200 	 2280 	 61
1788205109543 	 205 	 200 	 2281 	 70
1788205109538 	 211 	 200 	 2282 	 69
1788205109555 	 244 	 200 	 2283 	 71
1788205109635 	 170 	 200 	 2284 	 72
1788205109550 	 291 	 200 	 2285 	 72
1788205109750 	 98 	 200 	 2286 	 72
1788205109648 	 250 	 200 	 2287 	 73
1788205109437 	 460 	 200 	 2288 	 72
1788205109502 	 397 	 200 	 2289 	 71
1788205109356 	 639 	 200 	 2290 	 75
1788205109751 	 245 	 200 	 2291 	 74
1788205109851 	 150 	 200 	 2292 	 74
1788205109534 	 472 	 200 	 2293 	 74
1788205109901 	 107 	 200 	 2294 	 73
1788205109801 	 270 	 200 	 2295 	 80
1788205109845 	 228 	 200 	 2296 	 79
1788205109806 	 267 	 200 	 2297 	 78
1788205110000 	 100 	 200 	 2298 	 80
1788205110007 	 93 	 200 	 2299 	 79
1788205110002 	 103 	 200 	 2300 	 78
1788205109634 	 511 	 200 	 2301 	 81
1788205110075 	 121 	 200 	 2302 	 84
1788205110012 	 184 	 200 	 2303 	 83
1788205110077 	 124 	 200 	 2304 	 83
1788205110101 	 141 	 200 	 2305 	 84
1788205109452 	 791 	 200 	 2306 	 83
1788205110198 	 48 	 200 	 2307 	 82
1788205110075 	 178 	 200 	 2308 	 81
1788205110107 	 143 	 200 	 2309 	 80
1788205110202 	 54 	 200 	 2310 	 79
1788205110243 	 90 	 200 	 2311 	 84
1788205110198 	 142 	 200 	 2312 	 83
1788205109641 	 702 	 200 	 2313 	 82
1788205109904 	 442 	 200 	 2314 	 82
1788205109996 	 405 	 200 	 2315 	 84
1788205109906 	 496 	 200 	 2316 	 83
1788205110245 	 160 	 200 	 2317 	 82
1788205110247 	 157 	 200 	 2318 	 81
1788205110148 	 298 	 200 	 2319 	 87
1788205110256 	 194 	 200 	 2320 	 86
1788205110254 	 249 	 200 	 2321 	 91
1788205110259 	 281 	 200 	 2322 	 92
1788205110103 	 500 	 200 	 2323 	 91
1788205110349 	 258 	 200 	 2324 	 90
1788205110404 	 198 	 200 	 2325 	 89
1788205110344 	 304 	 200 	 2326 	 88
1788205110335 	 407 	 200 	 2327 	 98
1788205110506 	 289 	 200 	 2328 	 99
1788205110412 	 385 	 200 	 2329 	 98
1788205110447 	 354 	 200 	 2330 	 97
1788205110542 	 263 	 200 	 2331 	 97
1788205110605 	 243 	 200 	 2332 	 98
1788205110743 	 107 	 200 	 2333 	 97
1788205110797 	 102 	 200 	 2334 	 102
1788205110406 	 532 	 200 	 2335 	 105
1788205110799 	 141 	 200 	 2336 	 104
1788205110807 	 137 	 200 	 2337 	 103
1788205110803 	 150 	 200 	 2338 	 103
1788205110410 	 549 	 200 	 2339 	 102
1788205110342 	 618 	 200 	 2340 	 101
1788205110608 	 425 	 200 	 2341 	 106
1788205110853 	 198 	 200 	 2342 	 106
1788205110610 	 530 	 200 	 2343 	 109
1788205111053 	 141 	 200 	 2344 	 111
1788205110850 	 351 	 200 	 2345 	 110
1788205110900 	 305 	 200 	 2346 	 109
1788205110650 	 555 	 200 	 2347 	 108
1788205110965 	 241 	 200 	 2348 	 107
1788205110942 	 298 	 200 	 2349 	 108
1788205111208 	 40 	 200 	 2350 	 107
1788205110940 	 356 	 200 	 2351 	 106
1788205110961 	 336 	 200 	 2352 	 105
1788205111249 	 90 	 200 	 2353 	 106
1788205110945 	 399 	 200 	 2354 	 106
1788205111209 	 137 	 200 	 2355 	 105
1788205111203 	 144 	 200 	 2356 	 104
1788205111196 	 153 	 200 	 2357 	 103
1788205110453 	 984 	 200 	 2358 	 104
1788205111347 	 94 	 200 	 2359 	 103
1788205111241 	 201 	 200 	 2360 	 102
1788205111301 	 148 	 200 	 2361 	 101
1788205111036 	 465 	 200 	 2362 	 103
1788205111440 	 100 	 200 	 2363 	 105
1788205111297 	 256 	 200 	 2364 	 105
1788205110955 	 640 	 200 	 2365 	 113
1788205111350 	 253 	 200 	 2366 	 113
1788205111541 	 98 	 200 	 2367 	 115
1788205111340 	 304 	 200 	 2368 	 114
1788205111445 	 251 	 200 	 2369 	 114
1788205111503 	 200 	 200 	 2370 	 113
1788205111348 	 393 	 200 	 2371 	 115
1788205111451 	 290 	 200 	 2372 	 114
1788205111345 	 401 	 200 	 2373 	 113
1788205111597 	 205 	 200 	 2374 	 113
1788205111555 	 246 	 200 	 2375 	 112
1788205111206 	 640 	 200 	 2376 	 112
1788205111645 	 202 	 200 	 2377 	 112
1788205111698 	 150 	 200 	 2378 	 111
1788205111847 	 90 	 200 	 2379 	 111
1788205111640 	 313 	 200 	 2380 	 111
1788205111604 	 390 	 200 	 2381 	 113
1788205111806 	 193 	 200 	 2382 	 112
1788205111744 	 256 	 200 	 2383 	 111
1788205111742 	 260 	 200 	 2384 	 110
1788205111804 	 200 	 200 	 2385 	 109
1788205111940 	 103 	 200 	 2386 	 110
1788205111747 	 301 	 200 	 2387 	 109
1788205111853 	 195 	 200 	 2388 	 108
1788205111443 	 658 	 200 	 2389 	 112
1788205111704 	 400 	 200 	 2390 	 111
1788205112002 	 195 	 200 	 2391 	 117
1788205111954 	 245 	 200 	 2392 	 116
1788205107529 	 4673 	 200 	 2393 	 115
1788205112045 	 193 	 200 	 2394 	 116
1788205112008 	 235 	 200 	 2395 	 115
1788205111142 	 1101 	 200 	 2396 	 114
1788205112001 	 296 	 200 	 2397 	 116
1788205112240 	 72 	 200 	 2398 	 116
1788205112053 	 289 	 200 	 2399 	 117
1788205112205 	 143 	 200 	 2400 	 116
1788205112314 	 37 	 200 	 2401 	 115
1788205111852 	 546 	 200 	 2402 	 120
1788205112103 	 299 	 200 	 2403 	 121
1788205112349 	 146 	 200 	 2404 	 127
1788205112106 	 394 	 200 	 2405 	 128
1788205112344 	 160 	 200 	 2406 	 128
1788205112246 	 258 	 200 	 2407 	 127
1788205112049 	 456 	 200 	 2408 	 126
1788205111996 	 512 	 200 	 2409 	 125
1788205112405 	 136 	 200 	 2410 	 127
1788205112352 	 190 	 200 	 2411 	 126
1788205112006 	 545 	 200 	 2412 	 125
1788205112496 	 105 	 200 	 2413 	 127
1788205112203 	 399 	 200 	 2414 	 126
1788205112510 	 131 	 200 	 2415 	 128
1788205112512 	 183 	 200 	 2416 	 130
1788205112199 	 502 	 200 	 2417 	 129
1788205112246 	 496 	 200 	 2418 	 133
1788205112544 	 200 	 200 	 2419 	 132
1788205112506 	 245 	 200 	 2420 	 131
1788205112602 	 193 	 200 	 2421 	 134
1788205112604 	 198 	 200 	 2422 	 133
1788205112301 	 504 	 200 	 2423 	 133
1788205112743 	 62 	 200 	 2424 	 132
1788205112506 	 346 	 200 	 2425 	 137
1788205112696 	 200 	 200 	 2426 	 140
1788205112808 	 139 	 200 	 2427 	 140
1788205112746 	 250 	 200 	 2428 	 143
1788205112857 	 144 	 200 	 2429 	 142
1788205112502 	 502 	 200 	 2430 	 141
1788205112808 	 229 	 200 	 2431 	 144
1788205112949 	 91 	 200 	 2432 	 143
1788205112897 	 146 	 200 	 2433 	 142
1788205112553 	 495 	 200 	 2434 	 141
1788205112999 	 57 	 200 	 2435 	 140
1788205113003 	 57 	 200 	 2436 	 139
1788205113041 	 100 	 200 	 2437 	 143
1788205113050 	 100 	 200 	 2438 	 142
1788205113046 	 158 	 200 	 2439 	 145
1788205113062 	 178 	 200 	 2440 	 146
1788205112803 	 443 	 200 	 2441 	 146
1788205112399 	 845 	 200 	 2442 	 145
1788205112547 	 701 	 200 	 2443 	 144
1788205112704 	 542 	 200 	 2444 	 143
1788205113143 	 104 	 200 	 2445 	 142
1788205112797 	 455 	 200 	 2446 	 141
1788205113005 	 293 	 200 	 2447 	 140
1788205112644 	 655 	 200 	 2448 	 139
1788205113250 	 83 	 200 	 2449 	 139
1788205113059 	 276 	 200 	 2450 	 138
1788205113153 	 186 	 200 	 2451 	 137
1788205113207 	 133 	 200 	 2452 	 136
1788205112754 	 682 	 200 	 2453 	 135
1788205113255 	 193 	 200 	 2454 	 134
1788205113302 	 192 	 200 	 2455 	 133
1788205113043 	 455 	 200 	 2456 	 132
1788205113258 	 280 	 200 	 2457 	 132
1788205113248 	 286 	 200 	 2458 	 131
1788205113335 	 204 	 200 	 2459 	 130
1788205113341 	 202 	 200 	 2460 	 129
1788205113438 	 117 	 200 	 2461 	 128
1788205113248 	 313 	 200 	 2462 	 127
1788205113301 	 256 	 200 	 2463 	 126
1788205113449 	 185 	 200 	 2464 	 125
1788205113242 	 405 	 200 	 2465 	 124
1788205113500 	 151 	 200 	 2466 	 123
1788205113496 	 156 	 200 	 2467 	 122
1788205113545 	 194 	 200 	 2468 	 121
1788205113541 	 208 	 200 	 2469 	 120
1788205113542 	 292 	 200 	 2470 	 119
1788205113636 	 197 	 200 	 2471 	 118
1788205113657 	 177 	 200 	 2472 	 117
1788205113543 	 294 	 200 	 2473 	 116
1788205113562 	 274 	 200 	 2474 	 115
1788205113565 	 275 	 200 	 2475 	 114
1788205113558 	 281 	 200 	 2476 	 113
1788205113740 	 118 	 200 	 2477 	 112
1788205113256 	 678 	 200 	 2478 	 111
1788205113843 	 192 	 200 	 2479 	 111
1788205113751 	 289 	 200 	 2480 	 110
1788205113648 	 389 	 200 	 2481 	 109
1788205113837 	 199 	 200 	 2482 	 108
1788205113654 	 388 	 200 	 2483 	 107
1788205113343 	 704 	 200 	 2484 	 106
1788205113842 	 195 	 200 	 2485 	 105
1788205113936 	 103 	 200 	 2486 	 104
1788205113836 	 204 	 200 	 2487 	 103
1788205113337 	 723 	 200 	 2488 	 102
1788205107265 	 6777 	 200 	 2489 	 101
1788205113862 	 282 	 200 	 2490 	 100
1788205113836 	 395 	 200 	 2491 	 99
1788205114054 	 182 	 200 	 2492 	 98
1788205114055 	 171 	 200 	 2493 	 97
1788205113839 	 398 	 200 	 2494 	 96
1788205114048 	 193 	 200 	 2495 	 95
1788205114039 	 197 	 200 	 2496 	 94
1788205113844 	 410 	 200 	 2497 	 93
1788205114050 	 284 	 200 	 2498 	 92
1788205114062 	 274 	 200 	 2499 	 91
1788205114052 	 284 	 200 	 2500 	 90
1788205114146 	 194 	 200 	 2501 	 89
1788205114063 	 279 	 200 	 2502 	 88
1788205107454 	 6881 	 200 	 2503 	 87
1788205114057 	 290 	 200 	 2504 	 86
1788205114059 	 293 	 200 	 2505 	 85
1788205114056 	 383 	 200 	 2506 	 84
1788205114244 	 199 	 200 	 2507 	 83
1788205114238 	 206 	 200 	 2508 	 82
1788205114237 	 209 	 200 	 2509 	 81
1788205114240 	 294 	 200 	 2510 	 80
1788205114240 	 292 	 200 	 2511 	 79
1788205114246 	 296 	 200 	 2512 	 78
1788205114341 	 202 	 200 	 2513 	 77
1788205114346 	 201 	 200 	 2514 	 76
1788205114344 	 289 	 200 	 2515 	 75
1788205114336 	 297 	 200 	 2516 	 74
1788205114343 	 300 	 200 	 2517 	 73
1788205114256 	 389 	 200 	 2518 	 72
1788205114354 	 292 	 200 	 2519 	 71
1788205114350 	 390 	 200 	 2520 	 70
1788205114455 	 290 	 200 	 2521 	 69
1788205114441 	 307 	 200 	 2522 	 68
1788205114547 	 289 	 200 	 2523 	 69
1788205114448 	 390 	 200 	 2524 	 68
1788205114550 	 294 	 200 	 2525 	 67
1788205114636 	 305 	 200 	 2526 	 67
1788205114536 	 406 	 200 	 2527 	 66
1788205114747 	 206 	 200 	 2528 	 65
1788205114544 	 403 	 200 	 2529 	 64
1788205114537 	 423 	 200 	 2530 	 63
1788205114452 	 589 	 200 	 2531 	 62
1788205114644 	 405 	 200 	 2532 	 61
1788205114841 	 294 	 200 	 2533 	 60
1788205114837 	 315 	 200 	 2534 	 59
1788205114640 	 555 	 200 	 2535 	 58
1788205114847 	 393 	 200 	 2536 	 57
1788205114955 	 384 	 200 	 2537 	 56
1788205114944 	 396 	 200 	 2538 	 55
1788205114962 	 380 	 200 	 2539 	 54
1788205115051 	 300 	 200 	 2540 	 53
1788205114647 	 706 	 200 	 2541 	 52
1788205115154 	 202 	 200 	 2542 	 51
1788205115044 	 319 	 200 	 2543 	 50
1788205115243 	 120 	 200 	 2544 	 49
1788205114950 	 482 	 200 	 2545 	 49
1788205115342 	 93 	 200 	 2546 	 48
1788205114339 	 1102 	 200 	 2547 	 47
1788205114752 	 704 	 200 	 2548 	 46
1788205115345 	 113 	 200 	 2549 	 45
1788205115197 	 264 	 200 	 2550 	 44
1788205115344 	 124 	 200 	 2551 	 43
1788205115353 	 178 	 200 	 2552 	 42
1788205115437 	 101 	 200 	 2553 	 41
1788205115358 	 183 	 200 	 2554 	 40
1788205115136 	 409 	 200 	 2555 	 39
1788205115368 	 182 	 200 	 2556 	 38
1788205115458 	 177 	 200 	 2557 	 37
1788205115443 	 199 	 200 	 2558 	 36
1788205115361 	 283 	 200 	 2559 	 35
1788205114743 	 902 	 200 	 2560 	 34
1788205114958 	 686 	 200 	 2561 	 33
1788205115435 	 217 	 200 	 2562 	 32
1788205114650 	 1083 	 200 	 2563 	 31
1788205115463 	 270 	 200 	 2564 	 30
1788205115464 	 274 	 200 	 2565 	 29
1788205115366 	 379 	 200 	 2566 	 28
1788205115544 	 203 	 200 	 2567 	 27
1788205115470 	 363 	 200 	 2568 	 27
1788205115535 	 305 	 200 	 2569 	 26
1788205115548 	 293 	 200 	 2570 	 25
1788205115643 	 290 	 200 	 2571 	 24
1788205115539 	 395 	 200 	 2572 	 23
1788205115639 	 297 	 200 	 2573 	 22
1788205115552 	 388 	 200 	 2574 	 21
1788205115835 	 146 	 200 	 2575 	 21
1788205115743 	 290 	 200 	 2576 	 20
1788205115846 	 189 	 200 	 2577 	 19
1788205115936 	 108 	 200 	 2578 	 18
1788205115750 	 290 	 200 	 2579 	 17
1788205115747 	 393 	 200 	 2580 	 16
1788205115648 	 495 	 200 	 2581 	 15
1788205115648 	 586 	 200 	 2581 	 14
1788205115939 	 300 	 200 	 2581 	 13
1788205115654 	 589 	 200 	 2581 	 12
1788205115740 	 504 	 200 	 2581 	 11
1788205115846 	 398 	 200 	 2581 	 10
1788205115656 	 677 	 200 	 2581 	 9
1788205116041 	 306 	 200 	 2581 	 8
1788205116037 	 311 	 200 	 2581 	 7
1788205115984 	 368 	 200 	 2581 	 6
1788205116045 	 307 	 200 	 2581 	 5
1788205116142 	 310 	 200 	 2581 	 4
1788205115940 	 518 	 200 	 2581 	 3
1788205115943 	 518 	 200 	 2581 	 2
1788205115735 	 838 	 200 	 2581 	 1
1788205116048 	 533 	 200 	 2581 	 0
1788205117284 	 32 	 200 	 2587 	 5
1788205117290 	 28 	 200 	 2587 	 4
1788205117300 	 19 	 200 	 2587 	 3
1788205117287 	 36 	 200 	 2587 	 2
1788205117282 	 50 	 200 	 2588 	 2
1788205117315 	 19 	 200 	 2588 	 1
1788205117328 	 15 	 200 	 2588 	 0
1788205117351 	 15 	 200 	 2589 	 0
1788205117368 	 14 	 200 	 2590 	 0
1788205117396 	 14 	 200 	 2591 	 0
1788205117413 	 14 	 200 	 2593 	 1
1788205117418 	 12 	 200 	 2594 	 1
1788205117429 	 15 	 200 	 2595 	 1
1788205117440 	 15 	 200 	 2595 	 0
1788205117460 	 17 	 200 	 2598 	 2
1788205117466 	 17 	 200 	 2598 	 1
1788205117465 	 21 	 200 	 2598 	 0
1788205117501 	 21 	 200 	 2599 	 0
1788205117557 	 31 	 200 	 2604 	 4
1788205117559 	 30 	 200 	 2604 	 3
1788205117547 	 43 	 200 	 2604 	 2
1788205117569 	 20 	 200 	 2604 	 1
1788205117583 	 18 	 200 	 2605 	 1
1788205117594 	 12 	 200 	 2605 	 0
1788205117652 	 30 	 200 	 2606 	 0
1788205117716 	 14 	 200 	 2607 	 0
1788205117757 	 15 	 200 	 2609 	 1
1788205117759 	 16 	 200 	 2609 	 0
1788205117789 	 16 	 200 	 2611 	 1
1788205117801 	 14 	 200 	 2612 	 1
1788205117808 	 12 	 200 	 2612 	 0
1788205117825 	 14 	 200 	 2613 	 0
1788205117847 	 21 	 200 	 2614 	 0
1788205117894 	 23 	 200 	 2618 	 3
1788205117921 	 16 	 200 	 2621 	 5
1788205117918 	 22 	 200 	 2621 	 4
1788205117916 	 24 	 200 	 2621 	 3
1788205117922 	 18 	 200 	 2621 	 2
1788205117915 	 28 	 200 	 2621 	 1
1788205117923 	 26 	 200 	 2622 	 1
1788205117946 	 15 	 200 	 2623 	 1
1788205117957 	 15 	 200 	 2624 	 1
1788205117972 	 15 	 200 	 2625 	 1
1788205117982 	 13 	 200 	 2626 	 1
1788205117990 	 14 	 200 	 2626 	 0
1788205118009 	 13 	 200 	 2629 	 2
1788205118008 	 14 	 200 	 2629 	 1
1788205118021 	 12 	 200 	 2629 	 0
1788205118035 	 14 	 200 	 2630 	 0
1788205118185 	 23 	 200 	 2631 	 0
1788205118471 	 17 	 200 	 2632 	 0
1788205118562 	 26 	 200 	 2633 	 0
1788205119222 	 33 	 200 	 2634 	 0
1788205119530 	 38 	 200 	 2636 	 1
1788205119544 	 54 	 200 	 2639 	 3
1788205119571 	 30 	 200 	 2639 	 2
1788205119589 	 17 	 200 	 2639 	 1
1788205119607 	 12 	 200 	 2640 	 1
1788205119627 	 17 	 200 	 2641 	 1
1788205119588 	 73 	 200 	 2644 	 3
1788205119655 	 17 	 200 	 2645 	 3
1788205119657 	 19 	 200 	 2646 	 3
1788205119656 	 42 	 200 	 2648 	 4
1788205119665 	 34 	 200 	 2648 	 3
1788205119675 	 26 	 200 	 2648 	 2
1788205119689 	 16 	 200 	 2648 	 1
1788205119694 	 15 	 200 	 2648 	 0
1788205119714 	 14 	 200 	 2649 	 0
1788205119735 	 15 	 200 	 2651 	 1
1788205119737 	 15 	 200 	 2651 	 0
1788205119755 	 16 	 200 	 2652 	 0
1788205119773 	 15 	 200 	 2654 	 1
1788205119776 	 22 	 200 	 2654 	 0
1788205119822 	 13 	 200 	 2656 	 1
1788205119833 	 15 	 200 	 2656 	 0
1788205119856 	 14 	 200 	 2657 	 0
1788205119875 	 16 	 200 	 2660 	 2
1788205119878 	 13 	 200 	 2660 	 1
1788205119880 	 14 	 200 	 2660 	 0
1788205119902 	 16 	 200 	 2662 	 1
1788205119907 	 12 	 200 	 2662 	 0
1788205119941 	 16 	 200 	 2663 	 0
1788205119963 	 16 	 200 	 2665 	 1
1788205119962 	 19 	 200 	 2665 	 0
1788205119987 	 17 	 200 	 2668 	 2
1788205119992 	 14 	 200 	 2668 	 1
1788205119993 	 14 	 200 	 2668 	 0
1788205120012 	 13 	 200 	 2671 	 2
1788205120024 	 14 	 200 	 2672 	 2
1788205120027 	 17 	 200 	 2673 	 2
1788205120035 	 18 	 200 	 2674 	 2
1788205120041 	 14 	 200 	 2674 	 1
1788205120052 	 16 	 200 	 2675 	 1
1788205120064 	 22 	 200 	 2678 	 3
1788205120071 	 15 	 200 	 2678 	 2
1788205120078 	 20 	 200 	 2679 	 2
1788205120076 	 21 	 200 	 2679 	 1
1788205120090 	 13 	 200 	 2679 	 0
1788205120109 	 27 	 200 	 2683 	 3
1788205120113 	 26 	 200 	 2683 	 2
1788205120124 	 16 	 200 	 2683 	 1
1788205120125 	 21 	 200 	 2683 	 0
1788205120154 	 16 	 200 	 2686 	 2
1788205120159 	 14 	 200 	 2686 	 1
1788205120169 	 17 	 200 	 2688 	 2
1788205120175 	 18 	 200 	 2688 	 1
1788205120178 	 16 	 200 	 2688 	 0
1788205120218 	 14 	 200 	 2689 	 0
1788205120247 	 16 	 200 	 2691 	 1
1788205120260 	 12 	 200 	 2691 	 0
1788205120296 	 18 	 200 	 2692 	 0
1788205120316 	 15 	 200 	 2695 	 2
1788205120324 	 13 	 200 	 2695 	 2
1788205120330 	 14 	 200 	 2696 	 1
1788205120339 	 15 	 200 	 2696 	 0
1788205120357 	 13 	 200 	 2700 	 3
1788205120363 	 16 	 200 	 2700 	 2
1788205120371 	 16 	 200 	 2701 	 2
1788205120362 	 26 	 200 	 2701 	 1
1788205120381 	 16 	 200 	 2701 	 0
1788205120417 	 14 	 200 	 2703 	 1
1788205120420 	 14 	 200 	 2703 	 0
1788205120443 	 12 	 200 	 2704 	 0
1788205120504 	 31 	 200 	 2705 	 0
1788205120550 	 28 	 200 	 2706 	 0
1788205120800 	 35 	 200 	 2707 	 0
1788205120933 	 31 	 200 	 2712 	 4
1788205120939 	 35 	 200 	 2714 	 5
1788205120951 	 26 	 200 	 2714 	 4
1788205120952 	 26 	 200 	 2714 	 3
1788205120955 	 80 	 200 	 2718 	 6
1788205120967 	 77 	 200 	 2719 	 6
1788205120996 	 66 	 200 	 2720 	 6
1788205120972 	 164 	 200 	 2727 	 12
1788205120987 	 152 	 200 	 2727 	 11
1788205121020 	 123 	 200 	 2727 	 10
1788205121117 	 53 	 200 	 2728 	 10
1788205121010 	 225 	 200 	 2731 	 12
1788205121046 	 290 	 200 	 2735 	 19
1788205121042 	 297 	 200 	 2736 	 18
1788205121102 	 239 	 200 	 2737 	 17
1788205121183 	 250 	 200 	 2738 	 19
1788205121228 	 208 	 200 	 2739 	 18
1788205121244 	 191 	 200 	 2740 	 17
1788205121152 	 287 	 200 	 2741 	 16
1788205121106 	 335 	 200 	 2742 	 15
1788205121291 	 254 	 200 	 2743 	 19
1788205121080 	 471 	 200 	 2744 	 18
1788205121228 	 406 	 200 	 2745 	 24
1788205121124 	 513 	 200 	 2746 	 23
1788205121293 	 352 	 200 	 2747 	 23
1788205121435 	 216 	 200 	 2748 	 22
1788205121338 	 362 	 200 	 2749 	 24
1788205121106 	 596 	 200 	 2750 	 23
1788205121343 	 398 	 200 	 2751 	 24
1788205121346 	 398 	 200 	 2752 	 23
1788205121441 	 306 	 200 	 2753 	 22
1788205121548 	 199 	 200 	 2754 	 21
1788205121438 	 325 	 200 	 2755 	 21
1788205121702 	 131 	 200 	 2756 	 29
1788205121647 	 192 	 200 	 2757 	 29
1788205121553 	 288 	 200 	 2758 	 28
1788205121114 	 727 	 200 	 2759 	 27
1788205121466 	 385 	 200 	 2760 	 27
1788205121439 	 494 	 200 	 2761 	 33
1788205121273 	 662 	 200 	 2762 	 32
1788205121744 	 200 	 200 	 2763 	 32
1788205121749 	 210 	 200 	 2764 	 31
1788205121654 	 307 	 200 	 2765 	 30
1788205121638 	 324 	 200 	 2766 	 29
1788205121639 	 331 	 200 	 2767 	 29
1788205121843 	 128 	 200 	 2768 	 28
1788205121845 	 207 	 200 	 2769 	 35
1788205121835 	 227 	 200 	 2770 	 36
1788205121765 	 369 	 200 	 2771 	 37
1788205121852 	 285 	 200 	 2772 	 36
1788205121748 	 390 	 200 	 2773 	 35
1788205121746 	 400 	 200 	 2774 	 35
1788205121935 	 213 	 200 	 2775 	 34
1788205121703 	 533 	 200 	 2776 	 40
1788205121966 	 270 	 200 	 2777 	 39
1788205121840 	 406 	 200 	 2778 	 39
1788205121961 	 288 	 200 	 2779 	 38
1788205121936 	 319 	 200 	 2780 	 37
1788205121966 	 365 	 200 	 2781 	 40
1788205122064 	 270 	 200 	 2782 	 39
1788205121945 	 390 	 200 	 2783 	 38
1788205122053 	 283 	 200 	 2784 	 37
1788205122237 	 104 	 200 	 2785 	 36
1788205121974 	 366 	 200 	 2786 	 35
1788205122141 	 208 	 200 	 2787 	 35
1788205122238 	 196 	 200 	 2788 	 40
1788205122336 	 114 	 200 	 2789 	 40
1788205121971 	 561 	 200 	 2790 	 46
1788205122136 	 396 	 200 	 2791 	 45
1788205122149 	 381 	 200 	 2792 	 45
1788205122257 	 277 	 200 	 2793 	 44
1788205122148 	 388 	 200 	 2794 	 43
1788205122252 	 292 	 200 	 2795 	 42
1788205122143 	 407 	 200 	 2796 	 42
1788205122342 	 294 	 200 	 2797 	 49
1788205122248 	 395 	 200 	 2798 	 48
1788205122336 	 313 	 200 	 2799 	 47
1788205122344 	 297 	 200 	 2800 	 46
1788205122338 	 318 	 200 	 2801 	 45
1788205122452 	 202 	 200 	 2802 	 47
1788205122340 	 394 	 200 	 2803 	 55
1788205122538 	 200 	 200 	 2804 	 54
1788205122435 	 306 	 200 	 2805 	 53
1788205122537 	 211 	 200 	 2806 	 53
1788205122545 	 288 	 200 	 2807 	 55
1788205122744 	 190 	 200 	 2808 	 59
1788205122352 	 583 	 200 	 2809 	 58
1788205122536 	 411 	 200 	 2810 	 57
1788205122539 	 510 	 200 	 2811 	 64
1788205122750 	 307 	 200 	 2812 	 64
1788205122553 	 587 	 200 	 2813 	 65
1788205122736 	 506 	 200 	 2814 	 65
1788205122650 	 593 	 200 	 2815 	 64
1788205122739 	 504 	 200 	 2816 	 63
1788205122661 	 586 	 200 	 2817 	 62
1788205122653 	 604 	 200 	 2818 	 61
1788205122638 	 620 	 200 	 2819 	 60
1788205122938 	 397 	 200 	 2820 	 62
1788205122836 	 502 	 200 	 2821 	 61
1788205122942 	 404 	 200 	 2822 	 61
1788205122949 	 405 	 200 	 2823 	 61
1788205122658 	 701 	 200 	 2824 	 60
1788205123060 	 300 	 200 	 2825 	 59
1788205123051 	 391 	 200 	 2826 	 61
1788205123249 	 210 	 200 	 2827 	 60
1788205122644 	 899 	 200 	 2828 	 62
1788205123146 	 494 	 200 	 2829 	 67
1788205123261 	 386 	 200 	 2830 	 66
1788205123243 	 405 	 200 	 2831 	 65
1788205123247 	 419 	 200 	 2832 	 65
1788205123263 	 408 	 200 	 2833 	 64
1788205123445 	 301 	 200 	 2834 	 67
1788205123548 	 209 	 200 	 2835 	 66
1788205123339 	 435 	 200 	 2836 	 65
1788205123349 	 484 	 200 	 2837 	 68
1788205123461 	 385 	 200 	 2838 	 67
1788205123357 	 499 	 200 	 2839 	 66
1788205123246 	 615 	 200 	 2840 	 65
1788205123338 	 525 	 200 	 2841 	 64
1788205123362 	 582 	 200 	 2842 	 71
1788205123652 	 393 	 200 	 2843 	 77
1788205123365 	 689 	 200 	 2844 	 76
1788205123674 	 382 	 200 	 2845 	 75
1788205123651 	 487 	 200 	 2846 	 79
1788205123644 	 501 	 200 	 2847 	 78
1788205123668 	 484 	 200 	 2848 	 77
1788205123866 	 289 	 200 	 2849 	 77
1788205123775 	 387 	 200 	 2850 	 76
1788205123760 	 493 	 200 	 2851 	 77
1788205123748 	 508 	 200 	 2852 	 76
1788205123849 	 425 	 200 	 2853 	 77
1788205123835 	 497 	 200 	 2854 	 82
1788205124057 	 284 	 200 	 2855 	 81
1788205124048 	 304 	 200 	 2856 	 80
1788205124161 	 198 	 200 	 2857 	 79
1788205123859 	 493 	 200 	 2858 	 78
1788205124276 	 90 	 200 	 2859 	 77
1788205124144 	 223 	 200 	 2860 	 76
1788205124165 	 204 	 200 	 2861 	 75
1788205123863 	 576 	 200 	 2862 	 76
1788205124060 	 387 	 200 	 2863 	 76
1788205124334 	 120 	 200 	 2864 	 75
1788205124155 	 301 	 200 	 2865 	 74
1788205124356 	 106 	 200 	 2866 	 75
1788205124260 	 275 	 200 	 2867 	 76
1788205124256 	 308 	 200 	 2868 	 75
1788205124345 	 304 	 200 	 2869 	 82
1788205124371 	 374 	 200 	 2870 	 82
1788205124466 	 283 	 200 	 2871 	 81
1788205124362 	 386 	 200 	 2872 	 80
1788205123947 	 812 	 200 	 2873 	 79
1788205124442 	 399 	 200 	 2874 	 78
1788205124457 	 397 	 200 	 2875 	 77
1788205124450 	 408 	 200 	 2876 	 76
1788205124148 	 710 	 200 	 2877 	 75
1788205124374 	 568 	 200 	 2878 	 74
1788205124566 	 475 	 200 	 2879 	 73
1788205124747 	 298 	 200 	 2880 	 72
1788205124461 	 584 	 200 	 2881 	 71
1788205124751 	 303 	 200 	 2882 	 70
1788205124754 	 311 	 200 	 2883 	 69
1788205124370 	 776 	 200 	 2884 	 68
1788205124538 	 615 	 200 	 2885 	 67
1788205124844 	 318 	 200 	 2886 	 66
1788205124860 	 306 	 200 	 2887 	 65
1788205124365 	 808 	 200 	 2888 	 64
1788205124651 	 600 	 200 	 2889 	 63
1788205124863 	 442 	 200 	 2890 	 62
1788205124944 	 496 	 200 	 2891 	 61
1788205124768 	 677 	 200 	 2892 	 60
1788205124856 	 601 	 200 	 2893 	 59
1788205125151 	 310 	 200 	 2894 	 58
1788205125043 	 504 	 200 	 2895 	 57
1788205125255 	 298 	 200 	 2896 	 56
1788205125168 	 474 	 200 	 2897 	 55
1788205125067 	 581 	 200 	 2898 	 54
1788205125056 	 591 	 200 	 2899 	 53
1788205125156 	 502 	 200 	 2900 	 52
1788205125175 	 486 	 200 	 2901 	 51
1788205125165 	 574 	 200 	 2902 	 50
1788205125448 	 299 	 200 	 2903 	 49
1788205125053 	 700 	 200 	 2904 	 48
1788205125460 	 297 	 200 	 2905 	 47
1788205125550 	 283 	 200 	 2906 	 46
1788205125555 	 285 	 200 	 2907 	 45
1788205125307 	 538 	 200 	 2908 	 44
1788205125654 	 385 	 200 	 2909 	 44
1788205125664 	 375 	 200 	 2910 	 43
1788205125650 	 391 	 200 	 2911 	 42
1788205125750 	 298 	 200 	 2912 	 42
1788205125842 	 209 	 200 	 2913 	 41
1788205125660 	 394 	 200 	 2914 	 40
1788205125760 	 385 	 200 	 2915 	 39
1788205125835 	 321 	 200 	 2916 	 38
1788205125464 	 696 	 200 	 2917 	 37
1788205125755 	 491 	 200 	 2918 	 36
1788205126056 	 195 	 200 	 2919 	 35
1788205125443 	 814 	 200 	 2920 	 34
1788205126043 	 224 	 200 	 2921 	 33
1788205125049 	 1297 	 200 	 2922 	 32
1788205126149 	 205 	 200 	 2923 	 31
1788205126162 	 198 	 200 	 2924 	 30
1788205125742 	 617 	 200 	 2925 	 29
1788205125846 	 594 	 200 	 2926 	 28
1788205126158 	 298 	 200 	 2927 	 27
1788205126249 	 291 	 200 	 2928 	 26
1788205126044 	 515 	 200 	 2929 	 25
1788205126357 	 337 	 200 	 2930 	 24
1788205126042 	 654 	 200 	 2931 	 23
1788205126348 	 392 	 200 	 2932 	 22
1788205126363 	 384 	 200 	 2933 	 21
1788205126260 	 502 	 200 	 2934 	 20
1788205126050 	 792 	 200 	 2935 	 19
1788205126252 	 594 	 200 	 2936 	 18
1788205126269 	 595 	 200 	 2937 	 17
1788205126053 	 812 	 200 	 2938 	 16
1788205126561 	 388 	 200 	 2939 	 15
1788205126362 	 590 	 200 	 2939 	 14
1788205126442 	 595 	 200 	 2939 	 13
1788205126849 	 195 	 200 	 2939 	 12
1788205126697 	 349 	 200 	 2939 	 11
1788205126458 	 592 	 200 	 2939 	 10
1788205126542 	 509 	 200 	 2939 	 9
1788205126867 	 189 	 200 	 2939 	 8
1788205126744 	 314 	 200 	 2939 	 7
1788205126844 	 300 	 200 	 2939 	 6
1788205126765 	 385 	 200 	 2939 	 5
1788205126749 	 419 	 200 	 2939 	 4
1788205126867 	 302 	 200 	 2939 	 3
1788205126697 	 555 	 200 	 2939 	 2
1788205122535 	 4837 	 200 	 2939 	 1
1788205125645 	 1962 	 200 	 2939 	 0
1788205128117 	 31 	 200 	 2940 	 0
1788205129458 	 31 	 200 	 2942 	 1
1788205129471 	 18 	 200 	 2942 	 0
1788205129840 	 29 	 200 	 2943 	 0
1788205130857 	 35 	 200 	 2944 	 0
1788205132227 	 17 	 200 	 2945 	 0
1788205132326 	 14 	 200 	 2946 	 0
1788205132660 	 40 	 200 	 2947 	 0
1788205133764 	 14 	 200 	 2948 	 0
1788205133824 	 14 	 200 	 2949 	 0
1788205134371 	 12 	 200 	 2950 	 0
1788205134480 	 15 	 200 	 2951 	 0
1788205136098 	 20 	 200 	 2952 	 0
1788205136169 	 16 	 200 	 2953 	 0
1788205137035 	 16 	 200 	 2954 	 0
1788205137054 	 12 	 200 	 2955 	 0
1788205137069 	 14 	 200 	 2956 	 0
1788205137102 	 41 	 200 	 2965 	 8
1788205137115 	 32 	 200 	 2965 	 7
1788205137128 	 29 	 200 	 2966 	 7
1788205137120 	 82 	 200 	 2966 	 6
1788205137130 	 72 	 200 	 2966 	 5
1788205137126 	 81 	 200 	 2967 	 5
1788205137123 	 97 	 200 	 2967 	 4
1788205137154 	 68 	 200 	 2967 	 3
1788205137111 	 111 	 200 	 2967 	 2
1788205137134 	 93 	 200 	 2967 	 1
1788205137206 	 28 	 200 	 2967 	 0
1788205137239 	 48 	 200 	 2968 	 0
1788205137429 	 39 	 200 	 2969 	 0
1788205137745 	 31 	 200 	 2970 	 0
1788205137788 	 13 	 200 	 2971 	 0
1788205138049 	 34 	 200 	 2972 	 0
1788205138847 	 21 	 200 	 2973 	 0
1788205139268 	 21 	 200 	 2974 	 0
1788205139734 	 33 	 200 	 2975 	 0
1788205139804 	 15 	 200 	 2976 	 0
1788205139835 	 12 	 200 	 2977 	 0
1788205140588 	 16 	 200 	 2979 	 1
1788205140583 	 67 	 200 	 2983 	 4
1788205140635 	 19 	 200 	 2983 	 3
1788205140633 	 22 	 200 	 2983 	 2
1788205140637 	 19 	 200 	 2983 	 1
1788205140644 	 55 	 200 	 2985 	 2
1788205140676 	 24 	 200 	 2985 	 1
1788205140664 	 37 	 200 	 2985 	 0
1788205140710 	 14 	 200 	 2987 	 2
1788205140712 	 17 	 200 	 2988 	 1
1788205140725 	 14 	 200 	 2988 	 0
1788205140740 	 15 	 200 	 2991 	 2
1788205140749 	 13 	 200 	 2991 	 1
1788205140750 	 14 	 200 	 2991 	 0
1788205140795 	 13 	 200 	 2993 	 1
1788205140793 	 15 	 200 	 2993 	 0
1788205140829 	 19 	 200 	 2998 	 4
1788205140833 	 18 	 200 	 2998 	 3
1788205140831 	 20 	 200 	 2998 	 2
1788205140836 	 19 	 200 	 2998 	 1
1788205140839 	 18 	 200 	 2999 	 1
1788205140857 	 15 	 200 	 2999 	 0
1788205140876 	 15 	 200 	 3000 	 0
1788205140896 	 15 	 200 	 3005 	 4
1788205140901 	 25 	 200 	 3006 	 4
1788205140906 	 22 	 200 	 3006 	 3
1788205140910 	 18 	 200 	 3006 	 2
1788205140910 	 22 	 200 	 3006 	 1
1788205140923 	 15 	 200 	 3006 	 0
1788205140951 	 13 	 200 	 3009 	 2
1788205140960 	 14 	 200 	 3011 	 3
1788205140968 	 16 	 200 	 3011 	 2
1788205140953 	 33 	 200 	 3011 	 1
1788205140973 	 13 	 200 	 3011 	 0
1788205140990 	 13 	 200 	 3013 	 1
1788205141004 	 29 	 200 	 3018 	 5
1788205141010 	 30 	 200 	 3018 	 4
1788205141017 	 23 	 200 	 3018 	 3
1788205141007 	 35 	 200 	 3018 	 2
1788205141007 	 36 	 200 	 3018 	 1
1788205141015 	 30 	 200 	 3019 	 1
1788205141044 	 12 	 200 	 3020 	 1
1788205141050 	 12 	 200 	 3021 	 1
1788205141057 	 16 	 200 	 3022 	 1
1788205141068 	 12 	 200 	 3022 	 0
1788205141085 	 13 	 200 	 3025 	 2
1788205141084 	 14 	 200 	 3025 	 1
1788205141097 	 14 	 200 	 3026 	 1
1788205141100 	 13 	 200 	 3026 	 0
1788205141133 	 19 	 200 	 3029 	 3
1788205141140 	 14 	 200 	 3030 	 2
1788205141154 	 24 	 200 	 3034 	 5
1788205141166 	 20 	 200 	 3034 	 4
1788205141162 	 30 	 200 	 3034 	 4
1788205141173 	 19 	 200 	 3035 	 3
1788205141148 	 45 	 200 	 3035 	 2
1788205141171 	 22 	 200 	 3035 	 1
1788205141194 	 19 	 200 	 3037 	 2
1788205141209 	 25 	 200 	 3039 	 3
1788205141229 	 17 	 200 	 3039 	 2
1788205141211 	 42 	 200 	 3039 	 1
1788205141217 	 37 	 200 	 3039 	 0
1788205141282 	 14 	 200 	 3040 	 0
1788205141604 	 35 	 200 	 3041 	 0
1788205142339 	 20 	 200 	 3042 	 0
1788205143022 	 33 	 200 	 3043 	 0
1788205143239 	 23 	 200 	 3044 	 0
1788205143545 	 36 	 200 	 3045 	 0
1788205144352 	 28 	 200 	 3046 	 0
1788205144610 	 12 	 200 	 3047 	 0
1788205145466 	 16 	 200 	 3049 	 1
1788205145464 	 40 	 200 	 3050 	 1
1788205145499 	 18 	 200 	 3050 	 1
1788205145518 	 14 	 200 	 3052 	 1
1788205145529 	 19 	 200 	 3052 	 0
1788205145563 	 32 	 200 	 3054 	 1
1788205145587 	 40 	 200 	 3057 	 3
1788205145604 	 26 	 200 	 3057 	 2
1788205145621 	 16 	 200 	 3057 	 1
1788205145619 	 21 	 200 	 3057 	 0
1788205145642 	 13 	 200 	 3059 	 1
1788205145645 	 16 	 200 	 3059 	 0
1788205145707 	 34 	 200 	 3060 	 0
1788205145786 	 16 	 200 	 3064 	 3
1788205145761 	 41 	 200 	 3064 	 2
1788205145788 	 24 	 200 	 3064 	 1
1788205145796 	 17 	 200 	 3064 	 0
1788205145863 	 13 	 200 	 3066 	 1
1788205145871 	 12 	 200 	 3066 	 0
1788205145960 	 33 	 200 	 3068 	 1
1788205145975 	 27 	 200 	 3069 	 1
1788205146006 	 13 	 200 	 3070 	 1
1788205146002 	 17 	 200 	 3070 	 0
1788205146042 	 39 	 200 	 3073 	 2
1788205146079 	 14 	 200 	 3074 	 2
1788205146080 	 21 	 200 	 3076 	 3
1788205146088 	 24 	 200 	 3077 	 3
1788205146101 	 15 	 200 	 3078 	 3
1788205146095 	 22 	 200 	 3078 	 2
1788205146106 	 16 	 200 	 3078 	 1
1788205146115 	 13 	 200 	 3078 	 0
1788205146146 	 14 	 200 	 3079 	 0
1788205146169 	 13 	 200 	 3080 	 0
1788205146184 	 14 	 200 	 3082 	 1
1788205146195 	 14 	 200 	 3083 	 1
1788205146203 	 19 	 200 	 3085 	 2
1788205146214 	 15 	 200 	 3086 	 2
1788205146211 	 18 	 200 	 3086 	 1
1788205146227 	 13 	 200 	 3086 	 0
1788205146248 	 13 	 200 	 3087 	 0
1788205146290 	 30 	 200 	 3088 	 0
1788205146329 	 14 	 200 	 3091 	 2
1788205146343 	 15 	 200 	 3092 	 2
1788205146342 	 20 	 200 	 3093 	 2
1788205146348 	 16 	 200 	 3093 	 1
1788205146360 	 13 	 200 	 3095 	 2
1788205146366 	 12 	 200 	 3095 	 1
1788205146374 	 12 	 200 	 3096 	 1
1788205146381 	 15 	 200 	 3097 	 1
1788205146391 	 14 	 200 	 3099 	 2
1788205146405 	 20 	 200 	 3101 	 3
1788205146406 	 27 	 200 	 3102 	 3
1788205146411 	 24 	 200 	 3102 	 2
1788205146413 	 25 	 200 	 3102 	 1
1788205146427 	 22 	 200 	 3104 	 2
1788205146445 	 16 	 200 	 3104 	 1
1788205146446 	 16 	 200 	 3104 	 0
1788205146479 	 13 	 200 	 3107 	 2
1788205146485 	 16 	 200 	 3107 	 1
1788205146489 	 14 	 200 	 3107 	 0
1788205146509 	 12 	 200 	 3108 	 0
1788205146547 	 15 	 200 	 3109 	 0
1788205146581 	 14 	 200 	 3111 	 1
1788205146582 	 14 	 200 	 3111 	 0
1788205146607 	 15 	 200 	 3114 	 2
1788205146613 	 15 	 200 	 3115 	 2
1788205146618 	 16 	 200 	 3115 	 1
1788205146628 	 16 	 200 	 3115 	 0
1788205146646 	 13 	 200 	 3117 	 1
1788205146647 	 21 	 200 	 3117 	 0
1788205146678 	 16 	 200 	 3119 	 1
1788205146680 	 14 	 200 	 3119 	 0
1788205146735 	 16 	 200 	 3121 	 1
1788205146743 	 14 	 200 	 3121 	 0
1788205146770 	 14 	 200 	 3122 	 0
1788205146985 	 13 	 200 	 3123 	 0
1788205147400 	 25 	 200 	 3124 	 0
1788205147483 	 15 	 200 	 3125 	 0
1788205147578 	 34 	 200 	 3126 	 0
1788205148274 	 34 	 200 	 3128 	 1
1788205148295 	 28 	 200 	 3129 	 1
1788205148325 	 17 	 200 	 3129 	 0
1788205148351 	 19 	 200 	 3133 	 3
1788205148364 	 15 	 200 	 3133 	 2
1788205148362 	 16 	 200 	 3133 	 1
1788205148370 	 16 	 200 	 3135 	 2
1788205148380 	 13 	 200 	 3135 	 1
1788205148383 	 12 	 200 	 3135 	 0
1788205148411 	 23 	 200 	 3136 	 0
1788205148443 	 18 	 200 	 3139 	 2
1788205148443 	 18 	 200 	 3139 	 1
1788205148447 	 17 	 200 	 3139 	 0
1788205148473 	 13 	 200 	 3140 	 0
1788205148505 	 16 	 200 	 3143 	 2
1788205148501 	 20 	 200 	 3143 	 1
1788205148514 	 16 	 200 	 3143 	 0
1788205148552 	 35 	 200 	 3146 	 2
1788205148575 	 23 	 200 	 3146 	 1
1788205148570 	 34 	 200 	 3147 	 1
1788205148601 	 12 	 200 	 3148 	 1
1788205148611 	 15 	 200 	 3149 	 1
1788205148626 	 20 	 200 	 3152 	 3
1788205148628 	 23 	 200 	 3154 	 4
1788205148629 	 25 	 200 	 3154 	 3
1788205148636 	 23 	 200 	 3154 	 2
1788205148649 	 14 	 200 	 3154 	 1
1788205148652 	 19 	 200 	 3154 	 0
1788205148683 	 16 	 200 	 3156 	 1
1788205148696 	 14 	 200 	 3158 	 2
1788205148703 	 17 	 200 	 3158 	 1
1788205148705 	 16 	 200 	 3158 	 0
1788205148739 	 12 	 200 	 3159 	 0
1788205148760 	 17 	 200 	 3161 	 1
1788205148777 	 13 	 200 	 3163 	 2
1788205148782 	 14 	 200 	 3164 	 2
1788205148792 	 13 	 200 	 3165 	 2
1788205148790 	 16 	 200 	 3165 	 1
1788205148805 	 18 	 200 	 3165 	 0
1788205148855 	 14 	 200 	 3166 	 0
1788205148884 	 17 	 200 	 3168 	 1
1788205148900 	 15 	 200 	 3168 	 0
1788205148922 	 16 	 200 	 3172 	 3
1788205148930 	 16 	 200 	 3172 	 2
1788205148930 	 16 	 200 	 3172 	 1
1788205148953 	 16 	 200 	 3173 	 1
1788205148975 	 23 	 200 	 3175 	 2
1788205148975 	 31 	 200 	 3175 	 1
1788205149011 	 37 	 200 	 3180 	 5
1788205149041 	 17 	 200 	 3180 	 4
1788205149045 	 17 	 200 	 3180 	 3
1788205149043 	 22 	 200 	 3180 	 2
1788205149027 	 118 	 200 	 3184 	 5
1788205149070 	 80 	 200 	 3185 	 5
1788205148917 	 239 	 200 	 3186 	 5
1788205149142 	 19 	 200 	 3186 	 4
1788205149157 	 42 	 200 	 3190 	 7
1788205149168 	 37 	 200 	 3190 	 6
1788205149177 	 97 	 200 	 3195 	 10
1788205149257 	 41 	 200 	 3197 	 11
1788205149126 	 174 	 200 	 3197 	 10
1788205149230 	 74 	 200 	 3197 	 9
1788205149075 	 231 	 200 	 3198 	 9
1788205149228 	 79 	 200 	 3198 	 8
1788205149194 	 127 	 200 	 3199 	 8
1788205149150 	 172 	 200 	 3199 	 7
1788205149163 	 160 	 200 	 3199 	 6
1788205149307 	 65 	 200 	 3202 	 8
1788205149321 	 52 	 200 	 3202 	 7
1788205149220 	 158 	 200 	 3202 	 6
1788205149328 	 72 	 200 	 3203 	 6
1788205149291 	 110 	 200 	 3203 	 5
1788205149240 	 161 	 200 	 3203 	 4
1788205149284 	 119 	 200 	 3203 	 3
1788205149326 	 85 	 200 	 3204 	 3
1788205149396 	 17 	 200 	 3204 	 2
1788205149329 	 84 	 200 	 3204 	 1
1788205149411 	 14 	 200 	 3204 	 0
1788205149445 	 15 	 200 	 3206 	 1
1788205149441 	 20 	 200 	 3206 	 0
1788205149464 	 14 	 200 	 3207 	 0
1788205149497 	 15 	 200 	 3210 	 2
1788205149503 	 14 	 200 	 3210 	 1
1788205149505 	 15 	 200 	 3210 	 0
1788205149527 	 12 	 200 	 3211 	 0
1788205149562 	 13 	 200 	 3212 	 0
1788205149586 	 13 	 200 	 3213 	 0
1788205149610 	 13 	 200 	 3215 	 1
1788205149624 	 12 	 200 	 3215 	 0
1788205149640 	 12 	 200 	 3216 	 0
1788205149657 	 13 	 200 	 3217 	 0
1788205149677 	 13 	 200 	 3218 	 0
1788205149693 	 18 	 200 	 3219 	 0
1788205149795 	 24 	 200 	 3224 	 4
1788205149782 	 39 	 200 	 3225 	 4
1788205149787 	 34 	 200 	 3225 	 3
1788205149804 	 23 	 200 	 3225 	 2
1788205149802 	 26 	 200 	 3225 	 1
1788205149821 	 16 	 200 	 3227 	 2
1788205149834 	 13 	 200 	 3227 	 1
1788205149837 	 18 	 200 	 3227 	 0
1788205149857 	 15 	 200 	 3230 	 2
1788205149860 	 13 	 200 	 3230 	 1
1788205149872 	 12 	 200 	 3230 	 0
1788205149895 	 29 	 200 	 3231 	 0
1788205149930 	 14 	 200 	 3232 	 0
1788205149958 	 13 	 200 	 3234 	 1
1788205149947 	 49 	 200 	 3235 	 1
1788205149986 	 13 	 200 	 3235 	 0
1788205150013 	 27 	 200 	 3236 	 0
1788205150045 	 21 	 200 	 3241 	 4
1788205150048 	 18 	 200 	 3241 	 3
1788205150051 	 18 	 200 	 3241 	 2
1788205150050 	 19 	 200 	 3241 	 1
1788205150056 	 16 	 200 	 3241 	 0
1788205150081 	 12 	 200 	 3242 	 0
1788205150102 	 16 	 200 	 3244 	 1
1788205150105 	 19 	 200 	 3245 	 1
1788205150122 	 18 	 200 	 3248 	 3
1788205150130 	 15 	 200 	 3248 	 2
1788205150128 	 18 	 200 	 3248 	 1
1788205150136 	 15 	 200 	 3248 	 0
1788205150157 	 13 	 200 	 3250 	 1
1788205150162 	 12 	 200 	 3250 	 0
1788205150186 	 15 	 200 	 3254 	 3
1788205150192 	 18 	 200 	 3254 	 2
1788205150196 	 15 	 200 	 3254 	 1
1788205150201 	 15 	 200 	 3254 	 0
1788205150230 	 21 	 200 	 3256 	 1
1788205150240 	 13 	 200 	 3256 	 0
1788205150270 	 19 	 200 	 3258 	 1
1788205150327 	 15 	 200 	 3260 	 2
1788205150326 	 18 	 200 	 3260 	 1
1788205150371 	 40 	 200 	 3264 	 4
1788205150360 	 53 	 200 	 3264 	 3
1788205150401 	 14 	 200 	 3266 	 4
1788205150414 	 30 	 200 	 3267 	 4
1788205150408 	 37 	 200 	 3268 	 4
1788205150414 	 31 	 200 	 3268 	 3
1788205150446 	 54 	 200 	 3271 	 5
1788205150449 	 59 	 200 	 3272 	 5
1788205150469 	 40 	 200 	 3272 	 4
1788205150443 	 67 	 200 	 3272 	 3
1788205150514 	 31 	 200 	 3275 	 5
1788205150457 	 89 	 200 	 3275 	 4
1788205150520 	 76 	 200 	 3279 	 7
1788205150505 	 93 	 200 	 3279 	 6
1788205150571 	 37 	 200 	 3282 	 8
1788205150586 	 24 	 200 	 3282 	 7
1788205150589 	 51 	 200 	 3284 	 8
1788205150539 	 103 	 200 	 3284 	 7
1788205150604 	 43 	 200 	 3284 	 6
1788205150561 	 85 	 200 	 3284 	 5
1788205150609 	 40 	 200 	 3284 	 4
1788205150605 	 43 	 200 	 3284 	 3
1788205150703 	 42 	 200 	 3291 	 9
1788205150687 	 58 	 200 	 3291 	 8
1788205150718 	 28 	 200 	 3291 	 7
1788205150688 	 115 	 200 	 3298 	 13
1788205150655 	 149 	 200 	 3298 	 12
1788205150787 	 53 	 200 	 3300 	 13
1788205150665 	 176 	 200 	 3300 	 12
1788205150784 	 57 	 200 	 3300 	 11
1788205150725 	 120 	 200 	 3300 	 10
1788205150776 	 127 	 200 	 3306 	 16
1788205150783 	 123 	 200 	 3307 	 15
1788205150634 	 273 	 200 	 3307 	 14
1788205150800 	 140 	 200 	 3309 	 15
1788205150631 	 365 	 200 	 3310 	 19
1788205150794 	 214 	 200 	 3311 	 18
1788205150795 	 299 	 200 	 3312 	 17
1788205150830 	 272 	 200 	 3313 	 16
1788205150866 	 238 	 200 	 3314 	 15
1788205150827 	 279 	 200 	 3314 	 14
1788205150916 	 223 	 200 	 3314 	 13
1788205150884 	 257 	 200 	 3314 	 12
1788205150998 	 144 	 200 	 3314 	 11
1788205150892 	 254 	 200 	 3314 	 10
1788205150862 	 285 	 200 	 3314 	 9
1788205150890 	 317 	 200 	 3314 	 8
1788205150905 	 303 	 200 	 3314 	 7
1788205151096 	 144 	 200 	 3314 	 6
1788205151104 	 139 	 200 	 3314 	 5
1788205151011 	 283 	 200 	 3314 	 4
1788205150942 	 358 	 200 	 3314 	 3
1788205150913 	 397 	 200 	 3314 	 2
1788205150283 	 1034 	 200 	 3314 	 1
1788205150847 	 786 	 200 	 3314 	 0
1788205151861 	 15 	 200 	 3315 	 0
1788205154022 	 12 	 200 	 3316 	 0
1788205154055 	 15 	 200 	 3319 	 2
1788205154064 	 15 	 200 	 3319 	 1
1788205154061 	 22 	 200 	 3319 	 0
1788205154109 	 37 	 200 	 3321 	 1
1788205154146 	 30 	 200 	 3324 	 3
1788205154158 	 22 	 200 	 3325 	 3
1788205154154 	 27 	 200 	 3325 	 2
1788205154180 	 14 	 200 	 3325 	 1
1788205154177 	 18 	 200 	 3325 	 0
1788205154199 	 13 	 200 	 3326 	 0
1788205154213 	 13 	 200 	 3329 	 2
1788205154216 	 13 	 200 	 3329 	 1
1788205154222 	 13 	 200 	 3329 	 0
1788205154239 	 13 	 200 	 3331 	 1
1788205154238 	 20 	 200 	 3331 	 0
1788205154270 	 14 	 200 	 3333 	 1
1788205154275 	 14 	 200 	 3335 	 2
1788205154287 	 15 	 200 	 3335 	 1
1788205154286 	 18 	 200 	 3335 	 0
1788205154365 	 15 	 200 	 3336 	 0
1788205154382 	 14 	 200 	 3337 	 1
1788205154398 	 13 	 200 	 3339 	 1
1788205154397 	 20 	 200 	 3340 	 1
1788205154415 	 14 	 200 	 3341 	 1
1788205154423 	 14 	 200 	 3342 	 1
1788205154431 	 15 	 200 	 3343 	 1
1788205154442 	 14 	 200 	 3345 	 2
1788205154452 	 17 	 200 	 3345 	 1
1788205154455 	 15 	 200 	 3345 	 0
1788205154472 	 14 	 200 	 3347 	 1
1788205154487 	 14 	 200 	 3348 	 1
1788205154493 	 15 	 200 	 3349 	 1
1788205154509 	 11 	 200 	 3349 	 0
1788205154525 	 15 	 200 	 3351 	 1
1788205154530 	 15 	 200 	 3352 	 2
1788205154546 	 12 	 200 	 3353 	 1
1788205154544 	 14 	 200 	 3353 	 0
1788205154574 	 14 	 200 	 3355 	 1
1788205154573 	 16 	 200 	 3355 	 0
1788205154595 	 28 	 200 	 3363 	 7
1788205154602 	 21 	 200 	 3363 	 6
1788205154597 	 35 	 200 	 3364 	 6
1788205154599 	 34 	 200 	 3364 	 5
1788205154594 	 39 	 200 	 3364 	 4
1788205154606 	 41 	 200 	 3365 	 5
1788205154621 	 37 	 200 	 3368 	 6
1788205154643 	 29 	 200 	 3369 	 6
1788205154610 	 89 	 200 	 3369 	 5
1788205154625 	 77 	 200 	 3369 	 5
1788205154649 	 55 	 200 	 3370 	 4
1788205154662 	 47 	 200 	 3372 	 5
1788205154659 	 54 	 200 	 3372 	 4
1788205154649 	 73 	 200 	 3372 	 3
1788205154703 	 19 	 200 	 3372 	 2
1788205154709 	 24 	 200 	 3373 	 2
1788205154726 	 18 	 200 	 3373 	 1
1788205154710 	 37 	 200 	 3373 	 0
1788205154761 	 14 	 200 	 3374 	 0
1788205154805 	 26 	 200 	 3379 	 4
1788205154788 	 44 	 200 	 3379 	 3
1788205154811 	 23 	 200 	 3379 	 2
1788205154808 	 26 	 200 	 3379 	 1
1788205154820 	 26 	 200 	 3382 	 3
1788205154839 	 19 	 200 	 3383 	 3
1788205154841 	 20 	 200 	 3383 	 2
1788205154845 	 22 	 200 	 3383 	 1
1788205154849 	 23 	 200 	 3383 	 0
1788205154916 	 31 	 200 	 3384 	 0
1788205155166 	 15 	 200 	 3385 	 0
1788205155208 	 14 	 200 	 3386 	 0
1788205155285 	 36 	 200 	 3388 	 1
1788205155301 	 34 	 200 	 3388 	 0
1788205155438 	 33 	 200 	 3389 	 0
1788205156085 	 24 	 200 	 3390 	 0
1788205156235 	 24 	 200 	 3391 	 0
1788205156772 	 35 	 200 	 3394 	 2
1788205156793 	 29 	 200 	 3395 	 2
1788205156795 	 35 	 200 	 3395 	 1
1788205156822 	 16 	 200 	 3396 	 1
1788205156839 	 15 	 200 	 3398 	 2
1788205156841 	 16 	 200 	 3399 	 2
1788205156848 	 16 	 200 	 3399 	 1
1788205156857 	 18 	 200 	 3400 	 1
1788205156871 	 14 	 200 	 3400 	 0
1788205156903 	 14 	 200 	 3402 	 1
1788205156904 	 14 	 200 	 3402 	 0
1788205156930 	 15 	 200 	 3405 	 2
1788205156933 	 16 	 200 	 3405 	 1
1788205156940 	 16 	 200 	 3405 	 0
1788205156990 	 30 	 200 	 3406 	 0
1788205157185 	 35 	 200 	 3407 	 0
1788205157945 	 19 	 200 	 3408 	 0
1788205158590 	 25 	 200 	 3411 	 2
1788205158615 	 18 	 200 	 3413 	 3
1788205158613 	 20 	 200 	 3413 	 2
1788205158633 	 14 	 200 	 3413 	 1
1788205158632 	 16 	 200 	 3413 	 0
1788205158676 	 30 	 200 	 3417 	 3
1788205158679 	 31 	 200 	 3417 	 2
1788205158687 	 25 	 200 	 3417 	 1
1788205158700 	 16 	 200 	 3417 	 0
1788205158724 	 14 	 200 	 3418 	 0
1788205158741 	 16 	 200 	 3421 	 3
1788205158744 	 13 	 200 	 3422 	 2
1788205158752 	 14 	 200 	 3423 	 2
1788205158758 	 14 	 200 	 3423 	 1
1788205158759 	 17 	 200 	 3424 	 1
1788205158776 	 17 	 200 	 3424 	 0
1788205158803 	 13 	 200 	 3425 	 0
1788205158858 	 17 	 200 	 3427 	 1
1788205158861 	 14 	 200 	 3427 	 0
1788205158898 	 31 	 200 	 3433 	 5
1788205158900 	 31 	 200 	 3433 	 4
1788205158910 	 22 	 200 	 3433 	 3
1788205158908 	 29 	 200 	 3434 	 3
1788205158914 	 24 	 200 	 3434 	 2
1788205158918 	 27 	 200 	 3434 	 1
1788205158937 	 17 	 200 	 3435 	 1
1788205158954 	 12 	 200 	 3435 	 0
1788205158976 	 12 	 200 	 3436 	 0
1788205158989 	 16 	 200 	 3438 	 1
1788205159001 	 12 	 200 	 3438 	 0
1788205159058 	 39 	 200 	 3442 	 3
1788205159075 	 23 	 200 	 3442 	 2
1788205159081 	 20 	 200 	 3442 	 1
1788205159092 	 18 	 200 	 3443 	 1
1788205159110 	 14 	 200 	 3444 	 1
1788205159112 	 15 	 200 	 3444 	 0
1788205159128 	 13 	 200 	 3447 	 2
1788205159132 	 12 	 200 	 3447 	 1
1788205159139 	 12 	 200 	 3447 	 0
1788205159156 	 19 	 200 	 3449 	 1
1788205159163 	 14 	 200 	 3449 	 0
1788205159190 	 29 	 200 	 3451 	 1
1788205159202 	 31 	 200 	 3451 	 0
1788205159269 	 15 	 200 	 3454 	 2
1788205159270 	 29 	 200 	 3455 	 2
1788205159285 	 19 	 200 	 3455 	 1
1788205159287 	 20 	 200 	 3455 	 0
1788205159316 	 13 	 200 	 3456 	 0
1788205159344 	 14 	 200 	 3457 	 0
1788205159375 	 14 	 200 	 3460 	 2
1788205159376 	 15 	 200 	 3461 	 2
1788205159386 	 16 	 200 	 3461 	 1
1788205159390 	 13 	 200 	 3461 	 0
1788205159444 	 12 	 200 	 3464 	 2
1788205159443 	 16 	 200 	 3464 	 1
1788205159448 	 14 	 200 	 3465 	 1
1788205159464 	 13 	 200 	 3467 	 2
1788205159471 	 18 	 200 	 3468 	 2
1788205159475 	 16 	 200 	 3468 	 1
1788205159484 	 14 	 200 	 3468 	 0
1788205159508 	 22 	 200 	 3470 	 1
1788205159517 	 15 	 200 	 3470 	 0
1788205159546 	 13 	 200 	 3473 	 2
1788205159555 	 20 	 200 	 3474 	 2
1788205159557 	 20 	 200 	 3474 	 1
1788205159567 	 13 	 200 	 3474 	 0
1788205159583 	 14 	 200 	 3477 	 2
1788205159585 	 13 	 200 	 3477 	 1
1788205159593 	 15 	 200 	 3480 	 3
1788205159605 	 18 	 200 	 3481 	 3
1788205159605 	 22 	 200 	 3481 	 2
1788205159607 	 20 	 200 	 3481 	 1
1788205159621 	 16 	 200 	 3482 	 1
1788205159635 	 16 	 200 	 3484 	 2
1788205159640 	 15 	 200 	 3485 	 2
1788205159651 	 14 	 200 	 3485 	 1
1788205159655 	 16 	 200 	 3486 	 1
1788205159671 	 12 	 200 	 3486 	 0
1788205159725 	 24 	 200 	 3492 	 5
1788205159717 	 33 	 200 	 3492 	 4
1788205159728 	 25 	 200 	 3492 	 3
1788205159723 	 32 	 200 	 3492 	 2
1788205159738 	 20 	 200 	 3492 	 1
1788205159749 	 14 	 200 	 3493 	 1
1788205159765 	 13 	 200 	 3494 	 1
1788205159773 	 13 	 200 	 3494 	 0
1788205159789 	 35 	 200 	 3497 	 2
1788205159808 	 47 	 200 	 3500 	 4
1788205159810 	 45 	 200 	 3500 	 3
1788205159835 	 20 	 200 	 3500 	 2
1788205159832 	 26 	 200 	 3500 	 1
1788205159841 	 18 	 200 	 3500 	 0
1788205159868 	 12 	 200 	 3501 	 0
1788205159918 	 15 	 200 	 3503 	 2
1788205159923 	 19 	 200 	 3504 	 1
1788205159935 	 12 	 200 	 3504 	 0
1788205159956 	 15 	 200 	 3508 	 3
1788205159952 	 23 	 200 	 3508 	 2
1788205159953 	 31 	 200 	 3509 	 2
1788205159958 	 27 	 200 	 3509 	 1
1788205159977 	 13 	 200 	 3509 	 0
1788205159996 	 13 	 200 	 3511 	 1
1788205159998 	 12 	 200 	 3511 	 0
1788205160012 	 15 	 200 	 3513 	 1
1788205160015 	 15 	 200 	 3513 	 0
1788205160055 	 31 	 200 	 3516 	 2
1788205160063 	 25 	 200 	 3516 	 1
1788205160073 	 20 	 200 	 3516 	 0
1788205160095 	 21 	 200 	 3519 	 2
1788205160115 	 19 	 200 	 3520 	 2
1788205160113 	 25 	 200 	 3520 	 1
1788205160123 	 27 	 200 	 3520 	 0
1788205160162 	 16 	 200 	 3521 	 0
1788205160190 	 16 	 200 	 3523 	 1
1788205160203 	 15 	 200 	 3523 	 0
1788205160225 	 13 	 200 	 3525 	 1
1788205160250 	 15 	 200 	 3526 	 1
1788205160234 	 31 	 200 	 3526 	 0
1788205160299 	 15 	 200 	 3529 	 2
1788205160297 	 18 	 200 	 3529 	 1
1788205160310 	 19 	 200 	 3531 	 2
1788205160322 	 13 	 200 	 3531 	 1
1788205160321 	 15 	 200 	 3531 	 0
1788205160390 	 15 	 200 	 3534 	 2
1788205160400 	 15 	 200 	 3535 	 2
1788205160411 	 14 	 200 	 3535 	 1
1788205160449 	 48 	 200 	 3541 	 6
1788205160485 	 20 	 200 	 3541 	 5
1788205160452 	 53 	 200 	 3541 	 4
1788205160486 	 19 	 200 	 3541 	 3
1788205160465 	 44 	 200 	 3542 	 3
1788205160495 	 18 	 200 	 3542 	 2
1788205160508 	 36 	 200 	 3543 	 2
1788205160540 	 65 	 200 	 3545 	 3
1788205160550 	 61 	 200 	 3545 	 2
1788205160558 	 53 	 200 	 3545 	 1
1788205160616 	 25 	 200 	 3546 	 1
1788205160653 	 48 	 200 	 3549 	 3
1788205160675 	 26 	 200 	 3549 	 2
1788205160679 	 24 	 200 	 3549 	 1
1788205160363 	 342 	 200 	 3549 	 0
1788205160730 	 35 	 200 	 3550 	 0
1788205160971 	 12 	 200 	 3551 	 0
1788205161029 	 19 	 200 	 3552 	 0
1788205161241 	 23 	 200 	 3553 	 0
1788205161723 	 39 	 200 	 3554 	 0
1788205162275 	 20 	 200 	 3555 	 0
1788205162417 	 33 	 200 	 3556 	 0
1788205162901 	 23 	 200 	 3557 	 0
1788205163690 	 42 	 200 	 3558 	 0
1788205164187 	 36 	 200 	 3559 	 0
1788205165283 	 16 	 200 	 3560 	 0
1788205165684 	 33 	 200 	 3561 	 0
1788205165774 	 14 	 200 	 3562 	 0
1788205166165 	 32 	 200 	 3563 	 0
1788205166302 	 35 	 200 	 3564 	 0
1788205166472 	 14 	 200 	 3565 	 0
1788205166918 	 19 	 200 	 3566 	 0
1788205168511 	 15 	 200 	 3567 	 0
1788205168931 	 33 	 200 	 3568 	 0
1788205170202 	 16 	 200 	 3569 	 0
1788205170482 	 20 	 200 	 3570 	 0
1788205170956 	 20 	 200 	 3571 	 0
1788205171112 	 31 	 200 	 3572 	 0
1788205171161 	 26 	 200 	 3573 	 0
1788205171335 	 14 	 200 	 3574 	 0
1788205171597 	 32 	 200 	 3575 	 0
1788205171935 	 16 	 200 	 3576 	 0
1788205172375 	 38 	 200 	 3577 	 0
1788205172591 	 16 	 200 	 3578 	 0
1788205173142 	 32 	 200 	 3579 	 0
1788205173879 	 31 	 200 	 3580 	 0
1788205174013 	 22 	 200 	 3581 	 0
1788205174765 	 15 	 200 	 3582 	 0
1788205175427 	 33 	 200 	 3587 	 4
1788205175431 	 30 	 200 	 3587 	 3
1788205175427 	 36 	 200 	 3587 	 2
1788205175445 	 22 	 200 	 3588 	 2
1788205175448 	 93 	 200 	 3594 	 7
1788205175471 	 83 	 200 	 3596 	 8
1788205175509 	 59 	 200 	 3596 	 7
1788205175541 	 26 	 200 	 3596 	 6
1788205175477 	 147 	 200 	 3599 	 8
1788205175553 	 82 	 200 	 3600 	 8
1788205175480 	 156 	 200 	 3600 	 7
1788205175469 	 168 	 200 	 3600 	 6
1788205175526 	 96 	 200 	 3600 	 5
1788205175554 	 85 	 200 	 3600 	 4
1788205175630 	 31 	 200 	 3601 	 4
1788205175578 	 162 	 200 	 3605 	 7
1788205175580 	 254 	 200 	 3610 	 11
1788205175610 	 226 	 200 	 3610 	 10
1788205175744 	 193 	 200 	 3616 	 15
1788205175681 	 262 	 200 	 3616 	 14
1788205175720 	 227 	 200 	 3616 	 13
1788205175812 	 221 	 200 	 3619 	 16
1788205175660 	 374 	 200 	 3620 	 15
1788205175805 	 229 	 200 	 3620 	 14
1788205175937 	 98 	 200 	 3620 	 13
1788205175859 	 177 	 200 	 3620 	 12
1788205175933 	 104 	 200 	 3620 	 11
1788205175697 	 340 	 200 	 3620 	 10
1788205175749 	 289 	 200 	 3620 	 9
1788205175766 	 273 	 200 	 3620 	 8
1788205175693 	 347 	 200 	 3620 	 7
1788205176005 	 118 	 200 	 3624 	 10
1788205175915 	 218 	 200 	 3624 	 9
1788205176035 	 98 	 200 	 3625 	 9
1788205175952 	 182 	 200 	 3625 	 8
1788205175933 	 202 	 200 	 3625 	 7
1788205175975 	 160 	 200 	 3625 	 6
1788205176068 	 68 	 200 	 3625 	 5
1788205175921 	 216 	 200 	 3625 	 4
1788205176087 	 59 	 200 	 3625 	 3
1788205176102 	 51 	 200 	 3626 	 3
1788205176135 	 19 	 200 	 3626 	 2
1788205176123 	 32 	 200 	 3626 	 1
1788205176149 	 13 	 200 	 3626 	 0
1788205176172 	 15 	 200 	 3627 	 0
1788205176247 	 74 	 200 	 3641 	 13
1788205176222 	 101 	 200 	 3641 	 12
1788205176227 	 97 	 200 	 3641 	 11
1788205176253 	 84 	 200 	 3643 	 12
1788205176250 	 85 	 200 	 3643 	 11
1788205176230 	 113 	 200 	 3644 	 11
1788205176307 	 118 	 200 	 3649 	 15
1788205176311 	 123 	 200 	 3650 	 15
1788205176279 	 244 	 200 	 3651 	 27
1788205176317 	 218 	 200 	 3652 	 27
1788205176338 	 193 	 200 	 3653 	 26
1788205176264 	 269 	 200 	 3654 	 25
1788205176293 	 241 	 200 	 3655 	 24
1788205176271 	 268 	 200 	 3656 	 25
1788205176336 	 205 	 200 	 3657 	 24
1788205176341 	 204 	 200 	 3658 	 23
1788205176291 	 263 	 200 	 3659 	 22
1788205176441 	 201 	 200 	 3660 	 23
1788205176524 	 117 	 200 	 3661 	 22
1788205176348 	 293 	 200 	 3662 	 21
1788205176428 	 294 	 200 	 3663 	 22
1788205176535 	 187 	 200 	 3664 	 21
1788205176388 	 345 	 200 	 3665 	 20
1788205176402 	 334 	 200 	 3666 	 19
1788205176537 	 198 	 200 	 3667 	 18
1788205176546 	 193 	 200 	 3668 	 17
1788205176536 	 205 	 200 	 3669 	 16
1788205176418 	 404 	 200 	 3670 	 21
1788205176723 	 100 	 200 	 3671 	 20
1788205176737 	 87 	 200 	 3672 	 19
1788205176542 	 290 	 200 	 3673 	 19
1788205176645 	 187 	 200 	 3674 	 18
1788205176346 	 489 	 200 	 3675 	 17
1788205176735 	 100 	 200 	 3676 	 16
1788205176540 	 299 	 200 	 3677 	 15
1788205176650 	 189 	 200 	 3677 	 14
1788205176739 	 101 	 200 	 3677 	 13
1788205176725 	 116 	 200 	 3677 	 12
1788205176742 	 171 	 200 	 3680 	 14
1788205176824 	 98 	 200 	 3680 	 13
1788205176824 	 98 	 200 	 3680 	 12
1788205176741 	 192 	 200 	 3680 	 11
1788205176648 	 287 	 200 	 3680 	 10
1788205176535 	 398 	 200 	 3680 	 9
1788205176834 	 99 	 200 	 3680 	 8
1788205176555 	 383 	 200 	 3680 	 7
1788205176826 	 115 	 200 	 3681 	 7
1788205176836 	 105 	 200 	 3681 	 6
1788205176904 	 51 	 200 	 3681 	 5
1788205176898 	 60 	 200 	 3681 	 4
1788205176881 	 78 	 200 	 3681 	 3
1788205176941 	 20 	 200 	 3681 	 2
1788205176835 	 126 	 200 	 3681 	 1
1788205176839 	 124 	 200 	 3681 	 0
1788205177136 	 18 	 200 	 3682 	 0
1788205177447 	 23 	 200 	 3683 	 0
1788205177580 	 29 	 200 	 3684 	 0
1788205178549 	 29 	 200 	 3685 	 0
1788205179239 	 16 	 200 	 3686 	 0
1788205179427 	 31 	 200 	 3687 	 0
1788205180078 	 22 	 200 	 3688 	 0
1788205180313 	 16 	 200 	 3689 	 1
1788205180331 	 16 	 200 	 3690 	 0
1788205181245 	 15 	 200 	 3691 	 0
1788205181330 	 33 	 200 	 3692 	 0
1788205181619 	 36 	 200 	 3693 	 0
1788205182804 	 33 	 200 	 3694 	 0
1788205182876 	 15 	 200 	 3695 	 0
1788205184128 	 13 	 200 	 3696 	 0
1788205184440 	 33 	 200 	 3699 	 2
1788205184437 	 41 	 200 	 3699 	 1
1788205184467 	 22 	 200 	 3699 	 0
1788205184911 	 36 	 200 	 3700 	 0
1788205185505 	 21 	 200 	 3701 	 0
1788205186307 	 14 	 200 	 3702 	 0
1788205186527 	 36 	 200 	 3703 	 0
1788205186571 	 15 	 200 	 3704 	 0
1788205186879 	 14 	 200 	 3705 	 0
1788205187365 	 12 	 200 	 3706 	 0
1788205188860 	 20 	 200 	 3708 	 1
1788205188876 	 12 	 200 	 3708 	 0
1788205188918 	 14 	 200 	 3709 	 0
1788205188939 	 13 	 200 	 3712 	 2
1788205188941 	 16 	 200 	 3714 	 3
1788205188956 	 18 	 200 	 3715 	 3
1788205188958 	 18 	 200 	 3715 	 2
1788205188950 	 29 	 200 	 3715 	 1
1788205188959 	 20 	 200 	 3715 	 0
1788205188995 	 17 	 200 	 3719 	 3
1788205188982 	 39 	 200 	 3720 	 3
1788205189023 	 17 	 200 	 3722 	 4
1788205189007 	 37 	 200 	 3722 	 3
1788205189016 	 29 	 200 	 3722 	 2
1788205189038 	 18 	 200 	 3724 	 3
1788205189011 	 51 	 200 	 3724 	 2
1788205189064 	 12 	 200 	 3726 	 3
1788205189047 	 50 	 200 	 3727 	 3
1788205189047 	 52 	 200 	 3727 	 2
1788205189075 	 26 	 200 	 3727 	 1
1788205189091 	 13 	 200 	 3728 	 1
1788205189105 	 12 	 200 	 3728 	 0
1788205189126 	 14 	 200 	 3730 	 1
1788205189139 	 13 	 200 	 3730 	 0
1788205189159 	 14 	 200 	 3732 	 1
1788205189157 	 23 	 200 	 3732 	 0
1788205189198 	 12 	 200 	 3734 	 1
1788205189200 	 15 	 200 	 3734 	 0
1788205189230 	 14 	 200 	 3737 	 2
1788205189228 	 18 	 200 	 3737 	 1
1788205189223 	 25 	 200 	 3737 	 0
1788205189251 	 14 	 200 	 3739 	 1
1788205189260 	 16 	 200 	 3740 	 1
1788205189268 	 14 	 200 	 3740 	 0
1788205189284 	 19 	 200 	 3742 	 1
1788205189293 	 18 	 200 	 3744 	 2
1788205189305 	 16 	 200 	 3745 	 2
1788205189307 	 15 	 200 	 3745 	 1
1788205189315 	 13 	 200 	 3745 	 0
1788205189338 	 16 	 200 	 3747 	 1
1788205189350 	 15 	 200 	 3747 	 0
1788205189399 	 34 	 200 	 3750 	 2
1788205189418 	 22 	 200 	 3750 	 1
1788205189401 	 43 	 200 	 3750 	 0
1788205189455 	 17 	 200 	 3751 	 0
1788205189479 	 12 	 200 	 3752 	 0
1788205189498 	 16 	 200 	 3754 	 1
1788205189505 	 13 	 200 	 3754 	 0
1788205189550 	 36 	 200 	 3759 	 4
1788205189562 	 28 	 200 	 3760 	 4
1788205189576 	 18 	 200 	 3760 	 3
1788205189574 	 23 	 200 	 3760 	 2
1788205189578 	 22 	 200 	 3761 	 2
1788205189590 	 16 	 200 	 3761 	 1
1788205189601 	 14 	 200 	 3761 	 0
1788205189645 	 28 	 200 	 3764 	 2
1788205189651 	 31 	 200 	 3764 	 1
1788205189672 	 21 	 200 	 3764 	 0
1788205189707 	 13 	 200 	 3766 	 2
1788205189713 	 15 	 200 	 3767 	 1
1788205189721 	 13 	 200 	 3767 	 0
1788205189737 	 17 	 200 	 3771 	 3
1788205189747 	 15 	 200 	 3771 	 2
1788205189750 	 17 	 200 	 3771 	 1
1788205189754 	 16 	 200 	 3771 	 0
1788205189781 	 15 	 200 	 3774 	 2
1788205189784 	 16 	 200 	 3774 	 1
1788205189787 	 15 	 200 	 3774 	 0
1788205189811 	 17 	 200 	 3775 	 0
1788205189840 	 13 	 200 	 3776 	 0
1788205189868 	 13 	 200 	 3777 	 0
1788205189909 	 16 	 200 	 3778 	 0
1788205190008 	 25 	 200 	 3785 	 6
1788205189986 	 49 	 200 	 3785 	 5
1788205190015 	 21 	 200 	 3785 	 4
1788205190013 	 24 	 200 	 3785 	 3
1788205190015 	 23 	 200 	 3785 	 2
1788205190035 	 16 	 200 	 3787 	 3
1788205189996 	 55 	 200 	 3787 	 2
1788205190045 	 16 	 200 	 3788 	 2
1788205190051 	 50 	 200 	 3791 	 4
1788205190069 	 37 	 200 	 3791 	 3
1788205190053 	 53 	 200 	 3791 	 2
1788205190085 	 24 	 200 	 3791 	 1
1788205190070 	 39 	 200 	 3791 	 0
1788205190119 	 12 	 200 	 3793 	 1
1788205190125 	 13 	 200 	 3794 	 1
1788205190134 	 14 	 200 	 3795 	 1
1788205190154 	 12 	 200 	 3797 	 2
1788205190148 	 18 	 200 	 3797 	 1
1788205190167 	 16 	 200 	 3798 	 1
1788205190180 	 14 	 200 	 3800 	 2
1788205190186 	 15 	 200 	 3802 	 3
1788205190202 	 20 	 200 	 3804 	 4
1788205190201 	 22 	 200 	 3804 	 3
1788205190209 	 14 	 200 	 3804 	 2
1788205190192 	 35 	 200 	 3804 	 1
1788205190205 	 24 	 200 	 3805 	 1
1788205190229 	 15 	 200 	 3806 	 1
1788205190237 	 13 	 200 	 3806 	 0
1788205190265 	 16 	 200 	 3808 	 1
1788205190267 	 14 	 200 	 3808 	 0
1788205190287 	 16 	 200 	 3809 	 0
1788205190318 	 14 	 200 	 3811 	 1
1788205190328 	 13 	 200 	 3813 	 2
1788205190334 	 14 	 200 	 3813 	 1
1788205190340 	 14 	 200 	 3815 	 2
1788205190355 	 12 	 200 	 3815 	 1
1788205190352 	 21 	 200 	 3816 	 1
1788205190369 	 14 	 200 	 3816 	 0
1788205190396 	 19 	 200 	 3817 	 0
1788205190426 	 14 	 200 	 3820 	 2
1788205190428 	 16 	 200 	 3821 	 2
1788205190444 	 15 	 200 	 3821 	 1
1788205190440 	 40 	 200 	 3825 	 4
1788205190480 	 17 	 200 	 3827 	 5
1788205190478 	 22 	 200 	 3827 	 4
1788205190477 	 24 	 200 	 3827 	 3
1788205190479 	 28 	 200 	 3828 	 3
1788205190490 	 18 	 200 	 3828 	 2
1788205190491 	 18 	 200 	 3828 	 1
1788205190504 	 42 	 200 	 3830 	 2
1788205190525 	 23 	 200 	 3830 	 1
1788205190511 	 39 	 200 	 3830 	 0
1788205190560 	 13 	 200 	 3832 	 1
1788205190572 	 13 	 200 	 3833 	 1
1788205190584 	 12 	 200 	 3833 	 0
1788205190684 	 16 	 200 	 3835 	 1
1788205190694 	 20 	 200 	 3835 	 0
1788205190723 	 15 	 200 	 3838 	 2
1788205190716 	 23 	 200 	 3838 	 1
1788205190727 	 13 	 200 	 3838 	 0
1788205190749 	 20 	 200 	 3840 	 1
1788205190769 	 18 	 200 	 3842 	 2
1788205190774 	 15 	 200 	 3842 	 1
1788205190783 	 23 	 200 	 3844 	 2
1788205190794 	 15 	 200 	 3844 	 1
1788205190802 	 18 	 200 	 3845 	 1
1788205190812 	 14 	 200 	 3845 	 0
1788205190828 	 15 	 200 	 3846 	 0
1788205190857 	 13 	 200 	 3847 	 0
1788205190881 	 14 	 200 	 3848 	 0
1788205190898 	 14 	 200 	 3851 	 2
1788205190896 	 19 	 200 	 3851 	 1
1788205190909 	 24 	 200 	 3853 	 2
1788205190921 	 16 	 200 	 3853 	 1
1788205190918 	 19 	 200 	 3853 	 0
1788205190965 	 24 	 200 	 3855 	 1
1788205190982 	 19 	 200 	 3855 	 0
1788205191033 	 14 	 200 	 3856 	 0
1788205191053 	 12 	 200 	 3858 	 1
1788205191063 	 15 	 200 	 3860 	 2
1788205191070 	 17 	 200 	 3862 	 3
1788205191073 	 25 	 200 	 3865 	 5
1788205191084 	 18 	 200 	 3865 	 4
1788205191083 	 19 	 200 	 3865 	 3
1788205191091 	 22 	 200 	 3865 	 2
1788205191092 	 22 	 200 	 3865 	 1
1788205191095 	 20 	 200 	 3865 	 0
1788205191131 	 12 	 200 	 3867 	 1
1788205191138 	 13 	 200 	 3868 	 1
1788205191147 	 25 	 200 	 3870 	 2
1788205191156 	 18 	 200 	 3870 	 1
1788205191157 	 29 	 200 	 3870 	 0
1788205191216 	 16 	 200 	 3872 	 1
1788205191222 	 14 	 200 	 3872 	 0
1788205191240 	 14 	 200 	 3874 	 1
1788205191252 	 14 	 200 	 3874 	 0
1788205191278 	 37 	 200 	 3877 	 2
1788205191310 	 25 	 200 	 3879 	 3
1788205191305 	 30 	 200 	 3879 	 2
1788205191321 	 18 	 200 	 3880 	 2
1788205191324 	 23 	 200 	 3881 	 2
1788205191340 	 15 	 200 	 3881 	 1
1788205191347 	 13 	 200 	 3881 	 0
1788205191363 	 16 	 200 	 3882 	 0
1788205191390 	 19 	 200 	 3885 	 2
1788205191401 	 14 	 200 	 3885 	 1
1788205191408 	 17 	 200 	 3885 	 0
1788205191444 	 13 	 200 	 3887 	 1
1788205191455 	 31 	 200 	 3888 	 1
1788205191461 	 29 	 200 	 3888 	 0
1788205191491 	 15 	 200 	 3890 	 1
1788205191501 	 17 	 200 	 3891 	 1
1788205191511 	 12 	 200 	 3891 	 0
1788205191525 	 12 	 200 	 3894 	 2
1788205191536 	 14 	 200 	 3896 	 3
1788205191538 	 14 	 200 	 3896 	 2
1788205191557 	 13 	 200 	 3899 	 4
1788205191564 	 15 	 200 	 3900 	 4
1788205191541 	 46 	 200 	 3900 	 3
1788205191561 	 26 	 200 	 3900 	 2
1788205191571 	 16 	 200 	 3900 	 1
1788205191542 	 60 	 200 	 3903 	 3
1788205191590 	 50 	 200 	 3905 	 4
1788205191592 	 50 	 200 	 3905 	 3
1788205191620 	 25 	 200 	 3905 	 2
1788205191595 	 53 	 200 	 3906 	 2
1788205191640 	 15 	 200 	 3906 	 1
1788205191649 	 14 	 200 	 3908 	 2
1788205191659 	 15 	 200 	 3909 	 2
1788205191663 	 13 	 200 	 3909 	 1
1788205191665 	 14 	 200 	 3909 	 0
1788205191692 	 18 	 200 	 3914 	 4
1788205191694 	 17 	 200 	 3914 	 3
1788205191706 	 16 	 200 	 3914 	 2
1788205191693 	 30 	 200 	 3914 	 1
1788205191709 	 15 	 200 	 3916 	 2
1788205191724 	 23 	 200 	 3920 	 5
1788205191738 	 15 	 200 	 3920 	 4
1788205191724 	 32 	 200 	 3920 	 3
1788205191742 	 16 	 200 	 3920 	 2
1788205191737 	 22 	 200 	 3920 	 1
1788205191745 	 18 	 200 	 3920 	 0
1788205191793 	 35 	 200 	 3924 	 3
1788205191807 	 27 	 200 	 3924 	 2
1788205191819 	 32 	 200 	 3925 	 2
1788205191838 	 19 	 200 	 3926 	 2
1788205191819 	 38 	 200 	 3926 	 1
1788205191855 	 18 	 200 	 3926 	 0
1788205191891 	 14 	 200 	 3927 	 0
1788205192129 	 30 	 200 	 3928 	 0
1788205194131 	 16 	 200 	 3932 	 3
1788205194104 	 50 	 200 	 3932 	 2
1788205194102 	 54 	 200 	 3932 	 1
1788205194144 	 15 	 200 	 3932 	 0
1788205194168 	 14 	 200 	 3933 	 0
1788205194194 	 14 	 200 	 3935 	 1
1788205194197 	 14 	 200 	 3935 	 0
1788205194213 	 12 	 200 	 3937 	 1
1788205194218 	 16 	 200 	 3937 	 0
1788205194237 	 16 	 200 	 3940 	 2
1788205194243 	 13 	 200 	 3940 	 1
1788205194252 	 14 	 200 	 3941 	 1
1788205194266 	 22 	 200 	 3945 	 4
1788205194270 	 21 	 200 	 3945 	 3
1788205194277 	 17 	 200 	 3945 	 2
1788205194279 	 19 	 200 	 3945 	 1
1788205194282 	 18 	 200 	 3945 	 0
1788205194312 	 15 	 200 	 3947 	 1
1788205194322 	 17 	 200 	 3950 	 3
1788205194330 	 16 	 200 	 3951 	 3
1788205194333 	 15 	 200 	 3951 	 2
1788205194334 	 18 	 200 	 3951 	 1
1788205194344 	 14 	 200 	 3953 	 2
1788205194358 	 15 	 200 	 3953 	 1
1788205194359 	 15 	 200 	 3953 	 0
1788205194382 	 16 	 200 	 3956 	 2
1788205194392 	 16 	 200 	 3958 	 3
1788205194394 	 15 	 200 	 3958 	 2
1788205194404 	 18 	 200 	 3959 	 2
1788205194406 	 16 	 200 	 3959 	 1
1788205194420 	 27 	 200 	 3960 	 1
1788205194446 	 13 	 200 	 3960 	 0
1788205194480 	 34 	 200 	 3962 	 1
1788205194503 	 23 	 200 	 3963 	 1
1788205194519 	 14 	 200 	 3964 	 1
1788205194530 	 16 	 200 	 3966 	 2
1788205194537 	 16 	 200 	 3968 	 3
1788205194537 	 18 	 200 	 3968 	 2
1788205194552 	 14 	 200 	 3968 	 1
1788205194549 	 17 	 200 	 3968 	 0
1788205194577 	 16 	 200 	 3969 	 0
1788205194600 	 20 	 200 	 3971 	 2
1788205194607 	 19 	 200 	 3972 	 1
1788205194621 	 13 	 200 	 3972 	 0
1788205194641 	 13 	 200 	 3973 	 0
1788205194662 	 11 	 200 	 3974 	 0
1788205194682 	 13 	 200 	 3978 	 3
1788205194680 	 16 	 200 	 3978 	 2
1788205194684 	 14 	 200 	 3979 	 2
1788205194694 	 16 	 200 	 3979 	 1
1788205194698 	 13 	 200 	 3979 	 0
1788205194732 	 17 	 200 	 3981 	 1
1788205194727 	 23 	 200 	 3981 	 0
1788205194764 	 19 	 200 	 3984 	 2
1788205194771 	 15 	 200 	 3984 	 1
1788205194775 	 14 	 200 	 3984 	 0
1788205194793 	 13 	 200 	 3985 	 0
1788205194816 	 12 	 200 	 3986 	 0
1788205194829 	 13 	 200 	 3989 	 2
1788205194831 	 14 	 200 	 3989 	 1
1788205194831 	 15 	 200 	 3990 	 1
1788205194847 	 23 	 200 	 3992 	 2
1788205194865 	 17 	 200 	 3994 	 3
1788205194870 	 15 	 200 	 3994 	 2
1788205194877 	 17 	 200 	 3994 	 1
1788205194880 	 14 	 200 	 3994 	 0
1788205194896 	 16 	 200 	 3996 	 1
1788205194900 	 15 	 200 	 3996 	 0
1788205194929 	 12 	 200 	 3998 	 1
1788205194944 	 14 	 200 	 4000 	 2
1788205194949 	 28 	 200 	 4001 	 2
1788205194937 	 41 	 200 	 4001 	 1
1788205194966 	 19 	 200 	 4001 	 0
1788205194987 	 12 	 200 	 4003 	 1
1788205194995 	 14 	 200 	 4003 	 0
1788205195018 	 14 	 200 	 4005 	 1
1788205195028 	 12 	 200 	 4006 	 1
1788205195035 	 11 	 200 	 4006 	 0
1788205195047 	 17 	 200 	 4010 	 3
1788205195051 	 18 	 200 	 4010 	 2
1788205195057 	 25 	 200 	 4011 	 2
1788205195063 	 23 	 200 	 4011 	 1
1788205195082 	 17 	 200 	 4011 	 0
1788205195101 	 15 	 200 	 4012 	 0
1788205195130 	 12 	 200 	 4013 	 0
1788205195147 	 12 	 200 	 4014 	 0
1788205195167 	 17 	 200 	 4016 	 1
1788205195176 	 14 	 200 	 4016 	 0
1788205195197 	 16 	 200 	 4020 	 4
1788205195200 	 13 	 200 	 4021 	 3
1788205195208 	 19 	 200 	 4022 	 3
1788205195214 	 15 	 200 	 4022 	 2
1788205195194 	 41 	 200 	 4022 	 1
1788205195226 	 16 	 200 	 4022 	 0
1788205195244 	 12 	 200 	 4023 	 0
1788205195263 	 13 	 200 	 4025 	 1
1788205195265 	 12 	 200 	 4025 	 0
1788205195315 	 26 	 200 	 4029 	 3
1788205195358 	 30 	 200 	 4036 	 9
1788205195374 	 26 	 200 	 4036 	 8
1788205195372 	 68 	 200 	 4036 	 7
1788205195369 	 73 	 200 	 4036 	 6
1788205195373 	 72 	 200 	 4037 	 6
1788205195382 	 65 	 200 	 4037 	 5
1788205195443 	 14 	 200 	 4038 	 5
1788205195319 	 145 	 200 	 4038 	 4
1788205195321 	 143 	 200 	 4038 	 3
1788205195367 	 97 	 200 	 4038 	 2
1788205195317 	 149 	 200 	 4038 	 1
1788205195457 	 14 	 200 	 4039 	 1
1788205195468 	 13 	 200 	 4039 	 0
1788205195487 	 12 	 200 	 4040 	 0
1788205195501 	 12 	 200 	 4041 	 0
1788205195544 	 12 	 200 	 4042 	 0
1788205195570 	 15 	 200 	 4044 	 1
1788205195586 	 14 	 200 	 4046 	 2
1788205195594 	 13 	 200 	 4046 	 1
1788205195598 	 15 	 200 	 4046 	 1
1788205195614 	 12 	 200 	 4047 	 0
1788205195638 	 13 	 200 	 4050 	 2
1788205195644 	 13 	 200 	 4051 	 2
1788205195643 	 15 	 200 	 4051 	 1
1788205195657 	 14 	 200 	 4052 	 1
1788205195668 	 17 	 200 	 4058 	 6
1788205195672 	 17 	 200 	 4058 	 5
1788205195681 	 18 	 200 	 4058 	 4
1788205195675 	 27 	 200 	 4058 	 3
1788205195676 	 25 	 200 	 4058 	 2
1788205195680 	 26 	 200 	 4058 	 1
1788205195682 	 51 	 200 	 4058 	 0
1788205195768 	 14 	 200 	 4059 	 0
1788205195791 	 16 	 200 	 4062 	 2
1788205195798 	 15 	 200 	 4062 	 1
1788205195805 	 13 	 200 	 4063 	 1
1788205195818 	 12 	 200 	 4064 	 1
1788205195829 	 14 	 200 	 4064 	 0
1788205195849 	 17 	 200 	 4068 	 3
1788205195850 	 20 	 200 	 4068 	 2
1788205195852 	 22 	 200 	 4068 	 1
1788205195857 	 18 	 200 	 4068 	 0
1788205195883 	 13 	 200 	 4069 	 0
1788205195920 	 14 	 200 	 4071 	 1
1788205195927 	 13 	 200 	 4071 	 0
1788205195976 	 12 	 200 	 4073 	 1
1788205195981 	 19 	 200 	 4075 	 2
1788205195995 	 33 	 200 	 4075 	 1
1788205195999 	 32 	 200 	 4075 	 0
1788205196038 	 13 	 200 	 4077 	 1
1788205196051 	 19 	 200 	 4081 	 4
1788205196056 	 15 	 200 	 4081 	 4
1788205196065 	 19 	 200 	 4082 	 3
1788205196066 	 19 	 200 	 4082 	 2
1788205196064 	 20 	 200 	 4082 	 1
1788205196072 	 15 	 200 	 4082 	 0
1788205196116 	 16 	 200 	 4083 	 0
1788205196140 	 13 	 200 	 4084 	 0
1788205196187 	 20 	 200 	 4085 	 0
1788205196218 	 19 	 200 	 4086 	 0
1788205196244 	 12 	 200 	 4088 	 1
1788205196256 	 13 	 200 	 4088 	 0
1788205196274 	 15 	 200 	 4089 	 0
1788205196325 	 22 	 200 	 4091 	 1
1788205196337 	 14 	 200 	 4091 	 0
1788205196359 	 13 	 200 	 4092 	 0
1788205196381 	 18 	 200 	 4093 	 0
1788205196429 	 34 	 200 	 4099 	 5
1788205196439 	 30 	 200 	 4100 	 5
1788205196448 	 28 	 200 	 4100 	 4
1788205196463 	 23 	 200 	 4101 	 4
1788205196466 	 22 	 200 	 4101 	 3
1788205196461 	 72 	 200 	 4101 	 2
1788205196464 	 70 	 200 	 4101 	 1
1788205196480 	 62 	 200 	 4101 	 0
1788205196557 	 12 	 200 	 4102 	 0
1788205196574 	 16 	 200 	 4105 	 2
1788205196578 	 25 	 200 	 4105 	 1
1788205196583 	 22 	 200 	 4105 	 0
1788205196630 	 28 	 200 	 4108 	 2
1788205196643 	 24 	 200 	 4109 	 2
1788205196641 	 28 	 200 	 4109 	 1
1788205196668 	 19 	 200 	 4111 	 2
1788205196672 	 17 	 200 	 4112 	 2
1788205196674 	 19 	 200 	 4112 	 1
1788205196690 	 13 	 200 	 4112 	 0
1788205196716 	 13 	 200 	 4114 	 1
1788205196717 	 15 	 200 	 4114 	 0
1788205196758 	 36 	 200 	 4117 	 2
1788205196767 	 33 	 200 	 4117 	 1
1788205196774 	 31 	 200 	 4117 	 0
1788205196808 	 16 	 200 	 4119 	 1
1788205196812 	 16 	 200 	 4119 	 0
1788205196856 	 27 	 200 	 4121 	 1
1788205196874 	 19 	 200 	 4121 	 0
1788205196910 	 15 	 200 	 4124 	 2
1788205196920 	 17 	 200 	 4124 	 1
1788205196923 	 14 	 200 	 4124 	 0
1788205196943 	 12 	 200 	 4125 	 0
1788205196981 	 16 	 200 	 4129 	 3
1788205196974 	 29 	 200 	 4131 	 5
1788205196978 	 28 	 200 	 4132 	 4
1788205196985 	 24 	 200 	 4132 	 3
1788205197000 	 15 	 200 	 4132 	 2
1788205197002 	 16 	 200 	 4132 	 1
1788205197004 	 14 	 200 	 4132 	 0
1788205197042 	 19 	 200 	 4134 	 1
1788205197059 	 14 	 200 	 4134 	 0
1788205197075 	 13 	 200 	 4135 	 0
1788205197090 	 18 	 200 	 4136 	 0
1788205197111 	 15 	 200 	 4139 	 2
1788205197124 	 17 	 200 	 4140 	 2
1788205197123 	 20 	 200 	 4140 	 1
1788205197133 	 14 	 200 	 4140 	 0
1788205197148 	 14 	 200 	 4142 	 1
1788205197158 	 13 	 200 	 4142 	 0
1788205197222 	 25 	 200 	 4143 	 0
1788205197256 	 20 	 200 	 4144 	 0
1788205197286 	 14 	 200 	 4146 	 1
1788205197296 	 18 	 200 	 4146 	 0
1788205197359 	 17 	 200 	 4147 	 0
1788205197396 	 14 	 200 	 4150 	 2
1788205197401 	 14 	 200 	 4150 	 1
1788205197404 	 14 	 200 	 4152 	 2
1788205197417 	 17 	 200 	 4152 	 1
1788205197418 	 18 	 200 	 4152 	 0
1788205197442 	 19 	 200 	 4154 	 1
1788205197452 	 12 	 200 	 4155 	 1
1788205197464 	 25 	 200 	 4157 	 2
1788205197474 	 18 	 200 	 4157 	 1
1788205197482 	 14 	 200 	 4157 	 0
1788205197499 	 12 	 200 	 4159 	 1
1788205197502 	 12 	 200 	 4159 	 0
1788205197558 	 24 	 200 	 4161 	 1
1788205197576 	 16 	 200 	 4162 	 1
1788205197585 	 13 	 200 	 4162 	 0
1788205197603 	 23 	 200 	 4167 	 4
1788205197603 	 23 	 200 	 4167 	 3
1788205197607 	 24 	 200 	 4167 	 2
1788205197620 	 13 	 200 	 4167 	 1
1788205197626 	 14 	 200 	 4168 	 1
1788205197640 	 14 	 200 	 4169 	 1
1788205197644 	 12 	 200 	 4170 	 1
1788205197656 	 35 	 200 	 4174 	 4
1788205197660 	 46 	 200 	 4176 	 5
1788205197670 	 36 	 200 	 4176 	 4
1788205197691 	 18 	 200 	 4176 	 3
1788205197684 	 25 	 200 	 4176 	 2
1788205197701 	 17 	 200 	 4176 	 1
1788205197705 	 14 	 200 	 4176 	 0
1788205197723 	 18 	 200 	 4178 	 1
1788205197730 	 14 	 200 	 4178 	 0
1788205197759 	 20 	 200 	 4182 	 3
1788205197767 	 14 	 200 	 4182 	 2
1788205197764 	 18 	 200 	 4183 	 2
1788205197769 	 14 	 200 	 4183 	 1
1788205197782 	 15 	 200 	 4187 	 4
1788205197786 	 15 	 200 	 4187 	 3
1788205197787 	 20 	 200 	 4188 	 3
1788205197792 	 18 	 200 	 4188 	 2
1788205197796 	 38 	 200 	 4190 	 3
1788205197805 	 29 	 200 	 4190 	 2
1788205197812 	 36 	 200 	 4190 	 1
1788205197814 	 36 	 200 	 4190 	 0
1788205197862 	 15 	 200 	 4192 	 1
1788205197864 	 15 	 200 	 4192 	 0
1788205197889 	 22 	 200 	 4195 	 2
1788205197892 	 21 	 200 	 4195 	 1
1788205197902 	 14 	 200 	 4195 	 0
1788205197984 	 14 	 200 	 4196 	 0
1788205198012 	 18 	 200 	 4198 	 1
1788205198023 	 14 	 200 	 4198 	 0
1788205198042 	 16 	 200 	 4199 	 0
1788205198065 	 16 	 200 	 4201 	 1
1788205198070 	 12 	 200 	 4202 	 1
1788205198083 	 12 	 200 	 4203 	 1
1788205198095 	 16 	 200 	 4204 	 1
1788205198103 	 13 	 200 	 4204 	 0
1788205198121 	 12 	 200 	 4206 	 1
1788205198122 	 27 	 200 	 4207 	 1
1788205198147 	 15 	 200 	 4207 	 0
1788205198545 	 43 	 200 	 4208 	 0
1788205198784 	 15 	 200 	 4209 	 0
1788205198947 	 12 	 200 	 4210 	 0
1788205199126 	 34 	 200 	 4211 	 0
1788205199454 	 32 	 200 	 4212 	 0
1788205200530 	 14 	 200 	 4213 	 0
1788205200648 	 38 	 200 	 4215 	 1
1788205200707 	 13 	 200 	 4216 	 1
1788205200656 	 148 	 200 	 4216 	 0
1788205201517 	 32 	 200 	 4221 	 4
1788205201519 	 33 	 200 	 4221 	 3
1788205201532 	 24 	 200 	 4221 	 2
1788205201547 	 18 	 200 	 4221 	 1
1788205201551 	 36 	 200 	 4223 	 2
1788205201573 	 17 	 200 	 4223 	 1
1788205201580 	 17 	 200 	 4224 	 1
1788205201596 	 18 	 200 	 4225 	 1
1788205201606 	 15 	 200 	 4225 	 0
1788205201626 	 21 	 200 	 4226 	 0
1788205201667 	 19 	 200 	 4229 	 3
1788205201672 	 17 	 200 	 4231 	 3
1788205201660 	 40 	 200 	 4232 	 3
1788205201692 	 18 	 200 	 4232 	 2
1788205201688 	 27 	 200 	 4232 	 1
1788205201689 	 27 	 200 	 4232 	 0
1788205201723 	 13 	 200 	 4234 	 1
1788205201717 	 37 	 200 	 4236 	 2
1788205201738 	 16 	 200 	 4236 	 1
1788205201750 	 13 	 200 	 4236 	 0
1788205201779 	 18 	 200 	 4242 	 5
1788205201780 	 18 	 200 	 4242 	 4
1788205201783 	 20 	 200 	 4243 	 4
1788205201786 	 21 	 200 	 4243 	 3
1788205201792 	 18 	 200 	 4243 	 2
1788205201798 	 16 	 200 	 4243 	 1
1788205201802 	 16 	 200 	 4244 	 1
1788205201822 	 16 	 200 	 4246 	 2
1788205201818 	 21 	 200 	 4246 	 1
1788205201831 	 13 	 200 	 4246 	 0
1788205201861 	 15 	 200 	 4248 	 1
1788205201868 	 16 	 200 	 4249 	 1
1788205201881 	 13 	 200 	 4249 	 0
1788205201931 	 16 	 200 	 4253 	 3
1788205201939 	 15 	 200 	 4253 	 2
1788205201942 	 17 	 200 	 4253 	 1
1788205201943 	 16 	 200 	 4253 	 0
1788205201962 	 13 	 200 	 4254 	 0
1788205201979 	 18 	 200 	 4255 	 0
1788205202021 	 13 	 200 	 4256 	 0
1788205202040 	 15 	 200 	 4261 	 4
1788205202043 	 16 	 200 	 4261 	 3
1788205202039 	 21 	 200 	 4261 	 2
1788205202046 	 15 	 200 	 4261 	 1
1788205202045 	 19 	 200 	 4261 	 0
1788205202077 	 13 	 200 	 4264 	 2
1788205202090 	 17 	 200 	 4265 	 2
1788205202089 	 18 	 200 	 4265 	 1
1788205202097 	 14 	 200 	 4265 	 0
1788205202119 	 18 	 200 	 4269 	 3
1788205202127 	 20 	 200 	 4270 	 3
1788205202143 	 14 	 200 	 4270 	 2
1788205202120 	 37 	 200 	 4270 	 1
1788205202125 	 35 	 200 	 4270 	 0
1788205202176 	 15 	 200 	 4274 	 3
1788205202181 	 15 	 200 	 4274 	 2
1788205202186 	 24 	 200 	 4276 	 3
1788205202191 	 24 	 200 	 4276 	 2
1788205202205 	 22 	 200 	 4276 	 1
1788205202208 	 19 	 200 	 4276 	 0
1788205202235 	 17 	 200 	 4279 	 2
1788205202235 	 17 	 200 	 4279 	 1
1788205202252 	 18 	 200 	 4279 	 0
1788205202281 	 13 	 200 	 4281 	 1
1788205202287 	 13 	 200 	 4282 	 1
1788205202297 	 12 	 200 	 4282 	 0
1788205202352 	 33 	 200 	 4286 	 3
1788205202364 	 28 	 200 	 4286 	 2
1788205202377 	 20 	 200 	 4286 	 1
1788205202369 	 29 	 200 	 4286 	 0
1788205202431 	 26 	 200 	 4289 	 2
1788205202448 	 38 	 200 	 4291 	 3
1788205202451 	 35 	 200 	 4291 	 2
1788205202464 	 24 	 200 	 4291 	 1
1788205202479 	 15 	 200 	 4292 	 1
1788205202494 	 12 	 200 	 4292 	 0
1788205202507 	 15 	 200 	 4294 	 1
1788205202518 	 19 	 200 	 4295 	 1
1788205202533 	 13 	 200 	 4297 	 2
1788205202539 	 17 	 200 	 4298 	 2
1788205202545 	 13 	 200 	 4298 	 1
1788205202557 	 15 	 200 	 4298 	 0
1788205202581 	 18 	 200 	 4301 	 2
1788205202590 	 15 	 200 	 4302 	 2
1788205202597 	 18 	 200 	 4304 	 3
1788205202601 	 20 	 200 	 4304 	 2
1788205202608 	 15 	 200 	 4304 	 1
1788205202607 	 17 	 200 	 4304 	 0
1788205202632 	 16 	 200 	 4305 	 0
1788205202660 	 26 	 200 	 4309 	 3
1788205202667 	 26 	 200 	 4309 	 2
1788205202677 	 18 	 200 	 4309 	 1
1788205202677 	 19 	 200 	 4309 	 0
1788205202715 	 19 	 200 	 4310 	 0
1788205202759 	 13 	 200 	 4313 	 2
1788205202768 	 14 	 200 	 4315 	 3
1788205202769 	 16 	 200 	 4315 	 2
1788205202777 	 21 	 200 	 4318 	 4
1788205202782 	 20 	 200 	 4319 	 4
1788205202787 	 17 	 200 	 4319 	 3
1788205202786 	 17 	 200 	 4319 	 2
1788205202793 	 15 	 200 	 4319 	 1
1788205202801 	 18 	 200 	 4320 	 1
1788205202814 	 18 	 200 	 4322 	 2
1788205202821 	 14 	 200 	 4322 	 1
1788205202824 	 24 	 200 	 4323 	 1
1788205202844 	 15 	 200 	 4325 	 2
1788205202851 	 22 	 200 	 4327 	 3
1788205202858 	 29 	 200 	 4328 	 3
1788205202863 	 24 	 200 	 4328 	 2
1788205202871 	 17 	 200 	 4328 	 1
1788205202875 	 20 	 200 	 4328 	 0
1788205202897 	 12 	 200 	 4329 	 0
1788205202933 	 12 	 200 	 4330 	 0
1788205202958 	 20 	 200 	 4332 	 1
1788205202975 	 16 	 200 	 4333 	 1
1788205203001 	 15 	 200 	 4334 	 1
1788205202980 	 43 	 200 	 4334 	 0
1788205203025 	 19 	 200 	 4336 	 1
1788205203033 	 13 	 200 	 4336 	 0
1788205203063 	 15 	 200 	 4339 	 2
1788205203065 	 13 	 200 	 4339 	 1
1788205203070 	 12 	 200 	 4339 	 0
1788205203085 	 12 	 200 	 4340 	 0
1788205203100 	 12 	 200 	 4342 	 1
1788205203105 	 12 	 200 	 4342 	 0
1788205203122 	 15 	 200 	 4347 	 4
1788205203124 	 14 	 200 	 4347 	 4
1788205203119 	 18 	 200 	 4348 	 3
1788205203123 	 20 	 200 	 4349 	 3
1788205203135 	 16 	 200 	 4350 	 3
1788205203140 	 18 	 200 	 4350 	 2
1788205203163 	 13 	 200 	 4351 	 2
1788205203139 	 45 	 200 	 4352 	 2
1788205203187 	 14 	 200 	 4355 	 4
1788205203183 	 21 	 200 	 4355 	 3
1788205203189 	 33 	 200 	 4357 	 4
1788205203199 	 33 	 200 	 4357 	 3
1788205203144 	 89 	 200 	 4357 	 2
1788205203211 	 23 	 200 	 4357 	 1
1788205203206 	 40 	 200 	 4358 	 1
1788205203235 	 15 	 200 	 4358 	 0
1788205203329 	 14 	 200 	 4360 	 1
1788205203338 	 17 	 200 	 4360 	 0
1788205203361 	 16 	 200 	 4362 	 1
1788205203367 	 12 	 200 	 4362 	 0
1788205203395 	 12 	 200 	 4363 	 0
1788205203441 	 16 	 200 	 4365 	 1
1788205203442 	 14 	 200 	 4365 	 0
1788205203465 	 15 	 200 	 4369 	 3
1788205203464 	 22 	 200 	 4369 	 2
1788205203474 	 24 	 200 	 4369 	 1
1788205203477 	 23 	 200 	 4369 	 0
1788205203505 	 16 	 200 	 4370 	 0
1788205203531 	 21 	 200 	 4371 	 0
1788205203559 	 30 	 200 	 4375 	 3
1788205203557 	 33 	 200 	 4375 	 2
1788205203585 	 13 	 200 	 4375 	 1
1788205203581 	 23 	 200 	 4375 	 0
1788205203607 	 12 	 200 	 4377 	 1
1788205203616 	 14 	 200 	 4377 	 0
1788205203637 	 17 	 200 	 4380 	 2
1788205203636 	 18 	 200 	 4380 	 1
1788205203647 	 14 	 200 	 4380 	 0
1788205203668 	 16 	 200 	 4382 	 1
1788205203679 	 15 	 200 	 4382 	 0
1788205203740 	 22 	 200 	 4384 	 1
1788205203750 	 16 	 200 	 4384 	 1
1788205203767 	 18 	 200 	 4387 	 2
1788205203772 	 15 	 200 	 4387 	 1
1788205203779 	 13 	 200 	 4387 	 0
1788205203794 	 17 	 200 	 4389 	 1
1788205203793 	 19 	 200 	 4389 	 0
1788205203836 	 13 	 200 	 4391 	 1
1788205203847 	 18 	 200 	 4393 	 2
1788205203850 	 20 	 200 	 4394 	 2
1788205203866 	 13 	 200 	 4394 	 1
1788205203870 	 14 	 200 	 4394 	 0
1788205203903 	 15 	 200 	 4395 	 0
1788205203936 	 23 	 200 	 4400 	 4
1788205203932 	 30 	 200 	 4401 	 4
1788205203938 	 24 	 200 	 4401 	 3
1788205203953 	 19 	 200 	 4403 	 4
1788205203959 	 22 	 200 	 4403 	 3
1788205203962 	 21 	 200 	 4403 	 2
1788205203968 	 20 	 200 	 4403 	 1
1788205203966 	 68 	 200 	 4408 	 5
1788205203992 	 54 	 200 	 4411 	 7
1788205203992 	 58 	 200 	 4412 	 7
1788205204015 	 41 	 200 	 4413 	 7
1788205203992 	 75 	 200 	 4414 	 7
1788205204024 	 46 	 200 	 4414 	 6
1788205204039 	 32 	 200 	 4414 	 5
1788205204047 	 30 	 200 	 4414 	 4
1788205204050 	 92 	 200 	 4415 	 4
1788205204046 	 98 	 200 	 4415 	 3
1788205204052 	 98 	 200 	 4415 	 2
1788205204066 	 87 	 200 	 4415 	 1
1788205204106 	 66 	 200 	 4415 	 0
1788205204193 	 16 	 200 	 4418 	 2
1788205204207 	 18 	 200 	 4419 	 2
1788205204208 	 19 	 200 	 4419 	 1
1788205204224 	 22 	 200 	 4420 	 1
1788205204242 	 13 	 200 	 4420 	 0
1788205204265 	 15 	 200 	 4423 	 2
1788205204267 	 17 	 200 	 4423 	 1
1788205204271 	 15 	 200 	 4423 	 0
1788205204331 	 15 	 200 	 4424 	 0
1788205204355 	 12 	 200 	 4425 	 0
1788205204376 	 13 	 200 	 4426 	 0
1788205204400 	 16 	 200 	 4429 	 2
1788205204409 	 13 	 200 	 4429 	 1
1788205204412 	 12 	 200 	 4429 	 0
1788205204430 	 18 	 200 	 4432 	 2
1788205204437 	 12 	 200 	 4432 	 1
1788205204439 	 15 	 200 	 4432 	 0
1788205204473 	 13 	 200 	 4434 	 1
1788205204483 	 14 	 200 	 4436 	 2
1788205204492 	 14 	 200 	 4436 	 1
1788205204497 	 13 	 200 	 4436 	 0
1788205204515 	 16 	 200 	 4440 	 3
1788205204518 	 23 	 200 	 4440 	 2
1788205204527 	 17 	 200 	 4440 	 1
1788205204521 	 23 	 200 	 4440 	 0
1788205204547 	 15 	 200 	 4442 	 1
1788205204552 	 16 	 200 	 4442 	 0
1788205204579 	 14 	 200 	 4443 	 0
1788205204616 	 12 	 200 	 4445 	 1
1788205204629 	 20 	 200 	 4451 	 6
1788205204628 	 27 	 200 	 4451 	 5
1788205204637 	 23 	 200 	 4451 	 4
1788205204641 	 19 	 200 	 4451 	 3
1788205204631 	 30 	 200 	 4451 	 2
1788205204648 	 31 	 200 	 4455 	 5
1788205204648 	 31 	 200 	 4455 	 4
1788205204663 	 18 	 200 	 4455 	 3
1788205204674 	 17 	 200 	 4455 	 2
1788205204670 	 23 	 200 	 4455 	 1
1788205204674 	 20 	 200 	 4455 	 0
1788205204703 	 47 	 200 	 4459 	 3
1788205204730 	 25 	 200 	 4459 	 2
1788205204725 	 30 	 200 	 4459 	 1
1788205204749 	 21 	 200 	 4460 	 1
1788205204765 	 17 	 200 	 4461 	 1
1788205204776 	 13 	 200 	 4462 	 1
1788205204784 	 16 	 200 	 4463 	 1
1788205204795 	 28 	 200 	 4465 	 2
1788205204805 	 18 	 200 	 4465 	 1
1788205204817 	 23 	 200 	 4467 	 2
1788205204831 	 16 	 200 	 4467 	 1
1788205204837 	 14 	 200 	 4467 	 0
1788205204853 	 12 	 200 	 4470 	 2
1788205204854 	 13 	 200 	 4471 	 2
1788205204866 	 14 	 200 	 4471 	 1
1788205204867 	 16 	 200 	 4471 	 0
1788205204894 	 13 	 200 	 4473 	 1
1788205204896 	 15 	 200 	 4473 	 0
1788205204930 	 14 	 200 	 4477 	 3
1788205204927 	 17 	 200 	 4477 	 2
1788205204940 	 14 	 200 	 4478 	 2
1788205204942 	 20 	 200 	 4478 	 1
1788205204954 	 14 	 200 	 4478 	 0
1788205204981 	 19 	 200 	 4480 	 1
1788205204998 	 14 	 200 	 4481 	 1
1788205205009 	 12 	 200 	 4481 	 0
1788205205027 	 13 	 200 	 4484 	 2
1788205205031 	 18 	 200 	 4484 	 1
1788205205038 	 12 	 200 	 4484 	 0
1788205205053 	 19 	 200 	 4486 	 1
1788205205052 	 22 	 200 	 4486 	 0
1788205205093 	 13 	 200 	 4489 	 2
1788205205097 	 15 	 200 	 4489 	 1
1788205205107 	 14 	 200 	 4489 	 0
1788205205141 	 14 	 200 	 4491 	 1
1788205205140 	 16 	 200 	 4491 	 0
1788205205166 	 15 	 200 	 4494 	 2
1788205205165 	 17 	 200 	 4494 	 1
1788205205179 	 18 	 200 	 4494 	 0
1788205205220 	 29 	 200 	 4497 	 2
1788205205228 	 23 	 200 	 4497 	 1
1788205205235 	 22 	 200 	 4498 	 1
1788205205254 	 14 	 200 	 4498 	 0
1788205205280 	 22 	 200 	 4503 	 4
1788205205284 	 18 	 200 	 4503 	 3
1788205205285 	 21 	 200 	 4503 	 2
1788205205286 	 22 	 200 	 4503 	 1
1788205205292 	 16 	 200 	 4503 	 0
1788205205335 	 17 	 200 	 4504 	 0
1788205205386 	 32 	 200 	 4509 	 4
1788205205384 	 38 	 200 	 4509 	 3
1788205205404 	 21 	 200 	 4509 	 2
1788205205416 	 16 	 200 	 4510 	 2
1788205205419 	 22 	 200 	 4511 	 2
1788205205430 	 13 	 200 	 4511 	 1
1788205205434 	 14 	 200 	 4512 	 1
1788205205449 	 18 	 200 	 4513 	 1
1788205205452 	 16 	 200 	 4513 	 0
1788205205473 	 13 	 200 	 4516 	 2
1788205205483 	 16 	 200 	 4517 	 2
1788205205481 	 18 	 200 	 4517 	 1
1788205205498 	 14 	 200 	 4518 	 1
1788205205505 	 13 	 200 	 4519 	 1
1788205205514 	 13 	 200 	 4519 	 0
1788205205530 	 14 	 200 	 4520 	 0
1788205205565 	 20 	 200 	 4526 	 5
1788205205562 	 25 	 200 	 4526 	 4
1788205205568 	 20 	 200 	 4526 	 3
1788205205576 	 16 	 200 	 4526 	 2
1788205205582 	 16 	 200 	 4526 	 1
1788205205584 	 16 	 200 	 4526 	 0
1788205205681 	 30 	 200 	 4530 	 3
1788205205690 	 25 	 200 	 4530 	 2
1788205205697 	 26 	 200 	 4530 	 1
1788205205702 	 24 	 200 	 4530 	 0
1788205205787 	 18 	 200 	 4533 	 2
1788205205774 	 39 	 200 	 4534 	 2
1788205205780 	 35 	 200 	 4534 	 1
1788205205808 	 13 	 200 	 4535 	 1
1788205205817 	 14 	 200 	 4535 	 0
1788205205836 	 17 	 200 	 4537 	 1
1788205205850 	 17 	 200 	 4539 	 2
1788205205863 	 14 	 200 	 4539 	 1
1788205205888 	 13 	 200 	 4540 	 1
1788205205927 	 16 	 200 	 4542 	 2
1788205205932 	 13 	 200 	 4542 	 1
1788205205866 	 84 	 200 	 4542 	 0
1788205205980 	 25 	 200 	 4545 	 2
1788205205997 	 15 	 200 	 4545 	 1
1788205205989 	 26 	 200 	 4546 	 1
1788205206016 	 15 	 200 	 4546 	 0
1788205206077 	 16 	 200 	 4548 	 1
1788205206091 	 15 	 200 	 4549 	 1
1788205206102 	 13 	 200 	 4549 	 0
1788205206177 	 15 	 200 	 4553 	 3
1788205206183 	 17 	 200 	 4553 	 2
1788205206188 	 15 	 200 	 4553 	 1
1788205206192 	 13 	 200 	 4553 	 0
1788205206221 	 17 	 200 	 4555 	 1
1788205206221 	 18 	 200 	 4555 	 0
1788205206247 	 14 	 200 	 4556 	 0
1788205206265 	 14 	 200 	 4558 	 1
1788205206269 	 12 	 200 	 4558 	 1
1788205206282 	 18 	 200 	 4560 	 1
1788205206294 	 12 	 200 	 4560 	 0
1788205206335 	 16 	 200 	 4565 	 4
1788205206333 	 19 	 200 	 4566 	 4
1788205206336 	 20 	 200 	 4566 	 3
1788205206342 	 15 	 200 	 4566 	 2
1788205206352 	 15 	 200 	 4567 	 2
1788205206345 	 24 	 200 	 4568 	 2
1788205206365 	 14 	 200 	 4568 	 1
1788205206369 	 20 	 200 	 4568 	 0
1788205206394 	 16 	 200 	 4571 	 2
1788205206395 	 22 	 200 	 4571 	 1
1788205206403 	 16 	 200 	 4571 	 0
1788205206440 	 16 	 200 	 4572 	 0
1788205206460 	 13 	 200 	 4573 	 0
1788205206479 	 13 	 200 	 4574 	 0
1788205206503 	 14 	 200 	 4576 	 1
1788205206506 	 12 	 200 	 4576 	 0
1788205206532 	 12 	 200 	 4577 	 0
1788205206550 	 14 	 200 	 4579 	 1
1788205206563 	 13 	 200 	 4579 	 0
1788205206598 	 15 	 200 	 4581 	 1
1788205206612 	 14 	 200 	 4582 	 1
1788205206617 	 15 	 200 	 4582 	 0
1788205206637 	 12 	 200 	 4583 	 1
1788205206651 	 15 	 200 	 4586 	 2
1788205206650 	 17 	 200 	 4586 	 1
1788205206652 	 23 	 200 	 4587 	 1
1788205206674 	 15 	 200 	 4588 	 1
1788205206680 	 14 	 200 	 4588 	 0
1788205206706 	 14 	 200 	 4590 	 1
1788205206714 	 14 	 200 	 4590 	 0
1788205206744 	 14 	 200 	 4591 	 0
1788205206775 	 15 	 200 	 4593 	 1
1788205206779 	 14 	 200 	 4593 	 0
1788205206795 	 18 	 200 	 4596 	 2
1788205206808 	 18 	 200 	 4596 	 1
1788205206809 	 17 	 200 	 4596 	 0
1788205206831 	 15 	 200 	 4600 	 3
1788205206844 	 14 	 200 	 4602 	 4
1788205206838 	 22 	 200 	 4602 	 3
1788205206844 	 17 	 200 	 4602 	 2
1788205206856 	 21 	 200 	 4605 	 4
1788205206858 	 21 	 200 	 4605 	 3
1788205206869 	 16 	 200 	 4605 	 2
1788205206873 	 16 	 200 	 4605 	 1
1788205206873 	 20 	 200 	 4606 	 1
1788205206893 	 15 	 200 	 4607 	 1
1788205206901 	 22 	 200 	 4609 	 2
1788205206910 	 25 	 200 	 4610 	 2
1788205206923 	 30 	 200 	 4614 	 5
1788205206934 	 19 	 200 	 4614 	 4
1788205206937 	 16 	 200 	 4614 	 3
1788205206943 	 19 	 200 	 4615 	 3
1788205206950 	 14 	 200 	 4615 	 2
1788205206952 	 15 	 200 	 4617 	 3
1788205206955 	 26 	 200 	 4619 	 4
1788205206967 	 17 	 200 	 4619 	 3
1788205206975 	 58 	 200 	 4624 	 7
1788205206966 	 67 	 200 	 4624 	 6
1788205206976 	 59 	 200 	 4625 	 6
1788205207035 	 20 	 200 	 4627 	 7
1788205207009 	 47 	 200 	 4627 	 6
1788205206986 	 77 	 200 	 4627 	 5
1788205207025 	 39 	 200 	 4627 	 4
1788205207051 	 23 	 200 	 4628 	 4
1788205207011 	 66 	 200 	 4628 	 3
1788205207069 	 91 	 200 	 4634 	 9
1788205207054 	 182 	 200 	 4642 	 15
1788205207117 	 215 	 200 	 4643 	 16
1788205207093 	 240 	 200 	 4644 	 15
1788205207013 	 321 	 200 	 4644 	 14
1788205207162 	 173 	 200 	 4644 	 13
1788205207122 	 215 	 200 	 4644 	 12
1788205207094 	 254 	 200 	 4644 	 11
1788205207194 	 155 	 200 	 4644 	 10
1788205207187 	 192 	 200 	 4646 	 13
1788205207215 	 165 	 200 	 4648 	 12
1788205207285 	 152 	 200 	 4651 	 14
1788205207213 	 224 	 200 	 4651 	 13
1788205207089 	 349 	 200 	 4652 	 13
1788205207200 	 242 	 200 	 4652 	 12
1788205207179 	 272 	 200 	 4652 	 11
1788205207409 	 49 	 200 	 4652 	 10
1788205207164 	 298 	 200 	 4652 	 9
1788205207219 	 314 	 200 	 4656 	 12
1788205207406 	 130 	 200 	 4656 	 11
1788205207382 	 153 	 200 	 4656 	 10
1788205207369 	 175 	 200 	 4656 	 9
1788205207381 	 164 	 200 	 4656 	 8
1788205207334 	 240 	 200 	 4657 	 8
1788205207440 	 199 	 200 	 4664 	 14
1788205207514 	 129 	 200 	 4665 	 14
1788205207416 	 235 	 200 	 4665 	 13
1788205207553 	 169 	 200 	 4668 	 21
1788205207609 	 142 	 200 	 4669 	 23
1788205207468 	 292 	 200 	 4670 	 24
1788205207466 	 374 	 200 	 4671 	 30
1788205207627 	 234 	 200 	 4672 	 30
1788205207629 	 313 	 200 	 4673 	 33
1788205207609 	 340 	 200 	 4674 	 33
1788205207638 	 325 	 200 	 4675 	 34
1788205207583 	 381 	 200 	 4676 	 33
1788205207657 	 309 	 200 	 4677 	 32
1788205207642 	 400 	 200 	 4678 	 34
1788205207725 	 319 	 200 	 4679 	 33
1788205207377 	 669 	 200 	 4680 	 32
1788205207470 	 580 	 200 	 4681 	 31
1788205207640 	 494 	 200 	 4682 	 36
1788205207754 	 386 	 200 	 4683 	 35
1788205207971 	 177 	 200 	 4684 	 34
1788205207951 	 203 	 200 	 4685 	 33
1788205207762 	 399 	 200 	 4686 	 32
1788205207653 	 580 	 200 	 4687 	 31
1788205208052 	 181 	 200 	 4688 	 30
1788205207842 	 393 	 200 	 4689 	 29
1788205207943 	 314 	 200 	 4690 	 32
1788205208044 	 295 	 200 	 4691 	 35
1788205208151 	 188 	 200 	 4692 	 34
1788205208144 	 197 	 200 	 4693 	 33
1788205207668 	 678 	 200 	 4694 	 33
1788205207863 	 494 	 200 	 4695 	 33
1788205207969 	 464 	 200 	 4696 	 35
1788205208240 	 196 	 200 	 4697 	 34
1788205207966 	 480 	 200 	 4698 	 33
1788205208236 	 211 	 200 	 4699 	 32
1788205208135 	 317 	 200 	 4700 	 31
1788205208163 	 299 	 200 	 4701 	 31
1788205208348 	 197 	 200 	 4702 	 36
1788205208448 	 106 	 200 	 4703 	 35
1788205208435 	 124 	 200 	 4704 	 36
1788205208049 	 512 	 200 	 4705 	 35
1788205208046 	 520 	 200 	 4706 	 35
1788205208344 	 311 	 200 	 4707 	 40
1788205208158 	 501 	 200 	 4708 	 39
1788205208340 	 417 	 200 	 4709 	 41
1788205208359 	 478 	 200 	 4710 	 47
1788205208236 	 606 	 200 	 4711 	 46
1788205208259 	 583 	 200 	 4712 	 45
1788205208451 	 402 	 200 	 4713 	 44
1788205208560 	 291 	 200 	 4714 	 43
1788205208465 	 397 	 200 	 4715 	 43
1788205208556 	 311 	 200 	 4716 	 42
1788205208759 	 113 	 200 	 4717 	 41
1788205208547 	 319 	 200 	 4718 	 42
1788205208563 	 314 	 200 	 4719 	 41
1788205208439 	 495 	 200 	 4720 	 40
1788205208454 	 478 	 200 	 4721 	 39
1788205208342 	 595 	 200 	 4722 	 38
1788205208662 	 285 	 200 	 4723 	 37
1788205208840 	 193 	 200 	 4724 	 39
1788205208935 	 118 	 200 	 4725 	 39
1788205208656 	 400 	 200 	 4726 	 38
1788205208936 	 199 	 200 	 4727 	 40
1788205208843 	 293 	 200 	 4728 	 39
1788205208568 	 580 	 200 	 4729 	 38
1788205208845 	 307 	 200 	 4730 	 39
1788205208859 	 293 	 200 	 4731 	 38
1788205208864 	 292 	 200 	 4732 	 37
1788205209036 	 297 	 200 	 4733 	 45
1788205209162 	 172 	 200 	 4734 	 44
1788205208951 	 381 	 200 	 4735 	 43
1788205208879 	 457 	 200 	 4736 	 42
1788205209141 	 192 	 200 	 4737 	 41
1788205208939 	 399 	 200 	 4738 	 40
1788205208856 	 485 	 200 	 4739 	 39
1788205208869 	 474 	 200 	 4740 	 38
1788205208876 	 474 	 200 	 4741 	 37
1788205209059 	 298 	 200 	 4742 	 36
1788205208874 	 479 	 200 	 4743 	 36
1788205209155 	 221 	 200 	 4744 	 35
1788205209159 	 383 	 200 	 4745 	 49
1788205209150 	 397 	 200 	 4746 	 48
1788205209361 	 272 	 200 	 4747 	 53
1788205209342 	 296 	 200 	 4748 	 52
1788205209137 	 498 	 200 	 4749 	 54
1788205209340 	 301 	 200 	 4750 	 53
1788205209055 	 591 	 200 	 4751 	 52
1788205209336 	 314 	 200 	 4752 	 51
1788205209335 	 315 	 200 	 4753 	 50
1788205209343 	 304 	 200 	 4754 	 49
1788205209360 	 369 	 200 	 4755 	 53
1788205209545 	 190 	 200 	 4756 	 52
1788205209336 	 400 	 200 	 4757 	 51
1788205209352 	 378 	 200 	 4758 	 50
1788205209348 	 389 	 200 	 4759 	 49
1788205209339 	 399 	 200 	 4760 	 48
1788205209378 	 359 	 200 	 4761 	 47
1788205209642 	 191 	 200 	 4762 	 48
1788205209645 	 190 	 200 	 4763 	 47
1788205209639 	 196 	 200 	 4764 	 46
1788205209657 	 182 	 200 	 4765 	 45
1788205209737 	 198 	 200 	 4766 	 44
1788205209836 	 102 	 200 	 4767 	 43
1788205209655 	 288 	 200 	 4768 	 42
1788205209635 	 309 	 200 	 4769 	 41
1788205209652 	 293 	 200 	 4770 	 40
1788205209740 	 199 	 200 	 4771 	 39
1788205209550 	 395 	 200 	 4772 	 38
1788205209659 	 299 	 200 	 4773 	 37
1788205209740 	 220 	 200 	 4774 	 36
1788205209838 	 202 	 200 	 4775 	 35
1788205209744 	 301 	 200 	 4776 	 34
1788205209742 	 309 	 200 	 4777 	 33
1788205209949 	 185 	 200 	 4778 	 32
1788205209842 	 297 	 200 	 4779 	 31
1788205209937 	 203 	 200 	 4780 	 30
1788205209839 	 305 	 200 	 4781 	 29
1788205209951 	 285 	 200 	 4782 	 28
1788205210048 	 185 	 200 	 4783 	 27
1788205210042 	 200 	 200 	 4784 	 26
1788205209948 	 289 	 200 	 4785 	 25
1788205209955 	 351 	 200 	 4786 	 24
1788205210053 	 280 	 200 	 4787 	 23
1788205210141 	 195 	 200 	 4788 	 22
1788205210136 	 202 	 200 	 4789 	 21
1788205209741 	 599 	 200 	 4790 	 20
1788205209957 	 382 	 200 	 4791 	 19
1788205209735 	 611 	 200 	 4792 	 18
1788205209961 	 472 	 200 	 4793 	 17
1788205209941 	 498 	 200 	 4794 	 16
1788205210141 	 283 	 200 	 4795 	 15
1788205210248 	 202 	 200 	 4795 	 14
1788205210145 	 388 	 200 	 4795 	 13
1788205209964 	 572 	 200 	 4795 	 12
1788205210237 	 300 	 200 	 4795 	 11
1788205210245 	 298 	 200 	 4795 	 10
1788205210338 	 210 	 200 	 4795 	 9
1788205210239 	 311 	 200 	 4795 	 8
1788205210335 	 226 	 200 	 4795 	 7
1788205210339 	 263 	 200 	 4795 	 6
1788205210436 	 206 	 200 	 4795 	 5
1788205210345 	 299 	 200 	 4795 	 4
1788205210442 	 210 	 200 	 4795 	 3
1788205210342 	 336 	 200 	 4795 	 2
1788205210350 	 332 	 200 	 4795 	 1
1788205210308 	 389 	 200 	 4795 	 0
1788205210837 	 25 	 200 	 4796 	 0
1788205212535 	 27 	 200 	 4797 	 0
1788205213340 	 27 	 200 	 4798 	 0
1788205213609 	 22 	 200 	 4799 	 0
1788205213766 	 30 	 200 	 4800 	 0
1788205214011 	 15 	 200 	 4801 	 0
1788205214125 	 31 	 200 	 4802 	 0
1788205214332 	 14 	 200 	 4803 	 0
1788205214349 	 12 	 200 	 4804 	 0
1788205214881 	 15 	 200 	 4805 	 0
1788205215072 	 18 	 200 	 4806 	 0
1788205215223 	 30 	 200 	 4807 	 0
1788205215614 	 26 	 200 	 4810 	 2
1788205215601 	 44 	 200 	 4810 	 1
1788205215625 	 21 	 200 	 4810 	 0
1788205215656 	 19 	 200 	 4811 	 0
1788205215680 	 14 	 200 	 4813 	 1
1788205215691 	 16 	 200 	 4814 	 1
1788205215700 	 13 	 200 	 4814 	 0
1788205215727 	 12 	 200 	 4816 	 1
1788205215726 	 18 	 200 	 4816 	 0
1788205215809 	 38 	 200 	 4820 	 3
1788205215820 	 31 	 200 	 4820 	 2
1788205215827 	 25 	 200 	 4820 	 1
1788205215847 	 13 	 200 	 4821 	 1
1788205215860 	 16 	 200 	 4822 	 1
1788205215870 	 24 	 200 	 4825 	 3
1788205215885 	 19 	 200 	 4827 	 4
1788205215886 	 19 	 200 	 4827 	 3
1788205215899 	 23 	 200 	 4827 	 2
1788205215891 	 31 	 200 	 4827 	 1
1788205215904 	 34 	 200 	 4828 	 1
1788205215931 	 15 	 200 	 4829 	 1
1788205215940 	 14 	 200 	 4830 	 1
1788205215948 	 13 	 200 	 4830 	 0
1788205215963 	 15 	 200 	 4834 	 3
1788205215963 	 22 	 200 	 4834 	 2
1788205215974 	 16 	 200 	 4834 	 1
1788205215977 	 15 	 200 	 4834 	 0
1788205216003 	 17 	 200 	 4836 	 1
1788205216012 	 13 	 200 	 4836 	 0
1788205216031 	 15 	 200 	 4838 	 1
1788205216033 	 21 	 200 	 4838 	 0
1788205216056 	 12 	 200 	 4839 	 0
1788205216097 	 14 	 200 	 4840 	 0
1788205216118 	 14 	 200 	 4843 	 2
1788205216126 	 15 	 200 	 4845 	 3
1788205216135 	 16 	 200 	 4846 	 3
1788205216137 	 16 	 200 	 4846 	 2
1788205216115 	 41 	 200 	 4846 	 1
1788205216151 	 13 	 200 	 4846 	 0
1788205216170 	 12 	 200 	 4849 	 2
1788205216173 	 13 	 200 	 4850 	 2
1788205216182 	 17 	 200 	 4850 	 1
1788205216186 	 13 	 200 	 4850 	 0
1788205216204 	 15 	 200 	 4851 	 0
1788205216240 	 13 	 200 	 4852 	 0
1788205216264 	 16 	 200 	 4853 	 0
1788205216285 	 16 	 200 	 4858 	 4
1788205216283 	 25 	 200 	 4858 	 3
1788205216286 	 25 	 200 	 4858 	 2
1788205216295 	 23 	 200 	 4859 	 2
1788205216303 	 19 	 200 	 4860 	 2
1788205216313 	 17 	 200 	 4860 	 1
1788205216320 	 13 	 200 	 4860 	 0
1788205216344 	 14 	 200 	 4862 	 1
1788205216355 	 12 	 200 	 4862 	 0
1788205216400 	 14 	 200 	 4865 	 2
1788205216407 	 17 	 200 	 4865 	 1
1788205216414 	 15 	 200 	 4865 	 0
1788205216436 	 17 	 200 	 4866 	 0
1788205216472 	 14 	 200 	 4868 	 1
1788205216485 	 13 	 200 	 4868 	 0
1788205216501 	 14 	 200 	 4870 	 1
1788205216503 	 20 	 200 	 4870 	 0
1788205216534 	 12 	 200 	 4872 	 1
1788205216537 	 13 	 200 	 4872 	 0
1788205216556 	 12 	 200 	 4875 	 2
1788205216564 	 14 	 200 	 4875 	 1
1788205216569 	 18 	 200 	 4875 	 0
1788205216591 	 13 	 200 	 4877 	 1
1788205216600 	 13 	 200 	 4877 	 0
1788205216615 	 14 	 200 	 4881 	 3
1788205216617 	 13 	 200 	 4881 	 2
1788205216619 	 16 	 200 	 4881 	 1
1788205216622 	 18 	 200 	 4882 	 1
1788205216637 	 19 	 200 	 4884 	 2
1788205216641 	 17 	 200 	 4884 	 1
1788205216650 	 15 	 200 	 4884 	 0
1788205216679 	 14 	 200 	 4887 	 2
1788205216692 	 14 	 200 	 4887 	 1
1788205216691 	 17 	 200 	 4887 	 0
1788205216728 	 12 	 200 	 4889 	 1
1788205216723 	 22 	 200 	 4890 	 1
1788205216741 	 14 	 200 	 4891 	 1
1788205216751 	 16 	 200 	 4893 	 2
1788205216760 	 15 	 200 	 4894 	 2
1788205216758 	 18 	 200 	 4894 	 1
1788205216773 	 20 	 200 	 4896 	 2
1788205216778 	 16 	 200 	 4896 	 1
1788205216790 	 15 	 200 	 4897 	 1
1788205216804 	 15 	 200 	 4898 	 1
1788205216816 	 16 	 200 	 4898 	 0
1788205216843 	 14 	 200 	 4901 	 2
1788205216842 	 19 	 200 	 4902 	 2
1788205216847 	 14 	 200 	 4902 	 1
1788205216861 	 12 	 200 	 4903 	 1
1788205216863 	 15 	 200 	 4903 	 0
1788205216891 	 25 	 200 	 4905 	 1
1788205216907 	 14 	 200 	 4905 	 0
1788205216935 	 18 	 200 	 4907 	 1
1788205216940 	 21 	 200 	 4907 	 0
1788205216978 	 14 	 200 	 4911 	 3
1788205216979 	 20 	 200 	 4911 	 2
1788205216987 	 13 	 200 	 4911 	 1
1788205216990 	 14 	 200 	 4911 	 0
1788205217006 	 12 	 200 	 4912 	 0
1788205217021 	 11 	 200 	 4913 	 0
1788205217038 	 14 	 200 	 4915 	 1
1788205217052 	 14 	 200 	 4915 	 0
1788205217075 	 14 	 200 	 4918 	 2
1788205217078 	 16 	 200 	 4918 	 1
1788205217087 	 13 	 200 	 4919 	 1
1788205217100 	 18 	 200 	 4919 	 0
1788205217142 	 14 	 200 	 4923 	 3
1788205217140 	 19 	 200 	 4923 	 2
1788205217147 	 18 	 200 	 4925 	 3
1788205217154 	 14 	 200 	 4925 	 2
1788205217161 	 17 	 200 	 4926 	 2
1788205217171 	 16 	 200 	 4928 	 3
1788205217162 	 25 	 200 	 4928 	 2
1788205217183 	 15 	 200 	 4929 	 2
1788205217190 	 12 	 200 	 4929 	 1
1788205217189 	 18 	 200 	 4930 	 1
1788205217208 	 12 	 200 	 4931 	 1
1788205217213 	 20 	 200 	 4932 	 1
1788205217224 	 22 	 200 	 4933 	 1
1788205217235 	 13 	 200 	 4933 	 0
1788205217253 	 11 	 200 	 4934 	 0
1788205217269 	 12 	 200 	 4936 	 1
1788205217267 	 15 	 200 	 4936 	 0
1788205217288 	 12 	 200 	 4937 	 0
1788205217303 	 14 	 200 	 4938 	 0
1788205217370 	 29 	 200 	 4941 	 2
1788205217378 	 29 	 200 	 4941 	 1
1788205217397 	 23 	 200 	 4941 	 0
1788205217437 	 12 	 200 	 4942 	 0
1788205217502 	 31 	 200 	 4946 	 3
1788205217520 	 23 	 200 	 4947 	 3
1788205217527 	 19 	 200 	 4947 	 2
1788205217537 	 16 	 200 	 4947 	 1
1788205217506 	 48 	 200 	 4947 	 0
1788205217623 	 27 	 200 	 4952 	 4
1788205217618 	 36 	 200 	 4952 	 3
1788205217625 	 30 	 200 	 4952 	 2
1788205217639 	 21 	 200 	 4952 	 1
1788205217649 	 15 	 200 	 4953 	 1
1788205217664 	 17 	 200 	 4955 	 2
1788205217674 	 14 	 200 	 4955 	 1
1788205217677 	 13 	 200 	 4956 	 1
1788205217692 	 34 	 200 	 4957 	 1
1788205217709 	 41 	 200 	 4957 	 0
1788205217769 	 27 	 200 	 4962 	 4
1788205217769 	 28 	 200 	 4962 	 3
1788205217770 	 27 	 200 	 4962 	 2
1788205217784 	 21 	 200 	 4962 	 1
1788205217785 	 22 	 200 	 4962 	 0
1788205217813 	 14 	 200 	 4963 	 0
1788205217837 	 12 	 200 	 4964 	 0
1788205217941 	 31 	 200 	 4968 	 3
1788205217949 	 34 	 200 	 4970 	 4
1788205217968 	 16 	 200 	 4970 	 3
1788205217955 	 29 	 200 	 4970 	 2
1788205217982 	 17 	 200 	 4972 	 3
1788205217986 	 14 	 200 	 4972 	 2
1788205217984 	 17 	 200 	 4972 	 1
1788205217991 	 20 	 200 	 4972 	 0
1788205218014 	 47 	 200 	 4979 	 6
1788205218037 	 27 	 200 	 4979 	 5
1788205218038 	 36 	 200 	 4979 	 4
1788205218030 	 43 	 200 	 4979 	 3
1788205218060 	 84 	 200 	 4986 	 9
1788205218079 	 66 	 200 	 4986 	 8
1788205218054 	 94 	 200 	 4986 	 7
1788205218103 	 51 	 200 	 4986 	 6
1788205218109 	 46 	 200 	 4986 	 5
1788205218095 	 61 	 200 	 4986 	 4
1788205218126 	 34 	 200 	 4986 	 3
1788205218093 	 67 	 200 	 4986 	 2
1788205218019 	 150 	 200 	 4987 	 2
1788205218098 	 72 	 200 	 4987 	 1
1788205218163 	 38 	 200 	 4988 	 1
1788205218187 	 15 	 200 	 4989 	 1
1788205218202 	 32 	 200 	 4991 	 2
1788205218212 	 31 	 200 	 4991 	 1
1788205218227 	 18 	 200 	 4991 	 0
1788205218260 	 17 	 200 	 4993 	 1
1788205218272 	 13 	 200 	 4994 	 1
1788205218278 	 14 	 200 	 4994 	 0
1788205218301 	 15 	 200 	 4996 	 1
1788205218309 	 14 	 200 	 4996 	 0
1788205218329 	 15 	 200 	 4997 	 0
1788205218473 	 19 	 200 	 4998 	 0
1788205218989 	 16 	 200 	 4999 	 0
1788205219148 	 25 	 200 	 5000 	 0