1787310766414 	 29 	 200 	 4 	 3
1787310766418 	 31 	 200 	 4 	 2
1787310766421 	 31 	 200 	 4 	 1
1787310766441 	 21 	 200 	 5 	 1
1787310766457 	 12 	 200 	 5 	 0
1787310766493 	 16 	 200 	 10 	 4
1787310766491 	 19 	 200 	 10 	 3
1787310766501 	 20 	 200 	 13 	 5
1787310766501 	 25 	 200 	 13 	 4
1787310766505 	 31 	 200 	 14 	 4
1787310766516 	 21 	 200 	 14 	 3
1787310766519 	 24 	 200 	 14 	 2
1787310766516 	 28 	 200 	 14 	 1
1787310766564 	 30 	 200 	 19 	 5
1787310766546 	 50 	 200 	 19 	 4
1787310766535 	 62 	 200 	 19 	 3
1787310766589 	 18 	 200 	 19 	 2
1787310766589 	 20 	 200 	 19 	 1
1787310766551 	 59 	 200 	 19 	 0
1787310766614 	 15 	 200 	 20 	 0
1787310766632 	 15 	 200 	 23 	 2
1787310766640 	 13 	 200 	 23 	 1
1787310766638 	 16 	 200 	 23 	 0
1787310766688 	 24 	 200 	 27 	 3
1787310766695 	 21 	 200 	 27 	 2
1787310766697 	 21 	 200 	 27 	 1
1787310766694 	 25 	 200 	 27 	 0
1787310766725 	 29 	 200 	 29 	 1
1787310766739 	 17 	 200 	 29 	 0
1787310766763 	 15 	 200 	 30 	 0
1787310766783 	 17 	 200 	 32 	 1
1787310766795 	 13 	 200 	 32 	 0
1787310766849 	 27 	 200 	 35 	 2
1787310766856 	 22 	 200 	 35 	 1
1787310766868 	 16 	 200 	 35 	 0
1787310766895 	 12 	 200 	 36 	 0
1787310766909 	 14 	 200 	 37 	 0
1787310766939 	 14 	 200 	 39 	 1
1787310766952 	 13 	 200 	 39 	 0
1787310766970 	 15 	 200 	 46 	 6
1787310766970 	 22 	 200 	 47 	 6
1787310766980 	 18 	 200 	 47 	 5
1787310766975 	 27 	 200 	 47 	 4
1787310766981 	 25 	 200 	 48 	 4
1787310766987 	 18 	 200 	 48 	 3
1787310766991 	 16 	 200 	 48 	 2
1787310766985 	 23 	 200 	 48 	 1
1787310767006 	 37 	 200 	 52 	 4
1787310767013 	 35 	 200 	 52 	 3
1787310767024 	 34 	 200 	 52 	 2
1787310767020 	 38 	 200 	 52 	 1
1787310767028 	 32 	 200 	 52 	 0
1787310767070 	 13 	 200 	 53 	 0
1787310767085 	 12 	 200 	 54 	 0
1787310767100 	 13 	 200 	 56 	 1
1787310767102 	 15 	 200 	 56 	 0
1787310767122 	 18 	 200 	 59 	 2
1787310767125 	 15 	 200 	 59 	 1
1787310767132 	 15 	 200 	 59 	 0
1787310767200 	 37 	 200 	 62 	 2
1787310767216 	 26 	 200 	 62 	 1
1787310767228 	 17 	 200 	 63 	 1
1787310767245 	 14 	 200 	 63 	 0
1787310767273 	 13 	 200 	 64 	 0
1787310767295 	 17 	 200 	 69 	 4
1787310767299 	 17 	 200 	 70 	 4
1787310767300 	 19 	 200 	 70 	 3
1787310767305 	 20 	 200 	 70 	 2
1787310767310 	 17 	 200 	 70 	 1
1787310767314 	 15 	 200 	 70 	 0
1787310767356 	 15 	 200 	 71 	 0
1787310767388 	 16 	 200 	 73 	 1
1787310767393 	 13 	 200 	 73 	 0
1787310767409 	 14 	 200 	 75 	 1
1787310767417 	 19 	 200 	 75 	 0
1787310767454 	 20 	 200 	 79 	 3
1787310767463 	 16 	 200 	 79 	 2
1787310767468 	 21 	 200 	 81 	 3
1787310767472 	 18 	 200 	 81 	 2
1787310767484 	 22 	 200 	 82 	 2
1787310767489 	 18 	 200 	 82 	 1
1787310767502 	 23 	 200 	 82 	 0
1787310767536 	 16 	 200 	 85 	 2
1787310767544 	 13 	 200 	 85 	 1
1787310767548 	 14 	 200 	 85 	 0
1787310767638 	 16 	 200 	 90 	 4
1787310767650 	 18 	 200 	 91 	 4
1787310767648 	 20 	 200 	 91 	 3
1787310767652 	 17 	 200 	 91 	 2
1787310767651 	 21 	 200 	 91 	 1
1787310767667 	 18 	 200 	 91 	 0
1787310767691 	 22 	 200 	 95 	 3
1787310767699 	 18 	 200 	 95 	 2
1787310767700 	 18 	 200 	 95 	 1
1787310767707 	 18 	 200 	 95 	 0
1787310767790 	 16 	 200 	 97 	 1
1787310767802 	 18 	 200 	 97 	 0
1787310767855 	 20 	 200 	 98 	 0
1787310767885 	 16 	 200 	 100 	 1
1787310767904 	 15 	 200 	 101 	 1
1787310767921 	 14 	 200 	 103 	 2
1787310767932 	 13 	 200 	 104 	 2
1787310767953 	 24 	 200 	 108 	 5
1787310767954 	 24 	 200 	 108 	 4
1787310767972 	 44 	 200 	 108 	 3
1787310768018 	 15 	 200 	 109 	 3
1787310768049 	 25 	 200 	 113 	 6
1787310767963 	 116 	 200 	 113 	 5
1787310767937 	 148 	 200 	 113 	 4
1787310768064 	 52 	 200 	 114 	 4
1787310768054 	 64 	 200 	 114 	 3
1787310767884 	 234 	 200 	 114 	 2
1787310768067 	 53 	 200 	 114 	 1
1787310768104 	 20 	 200 	 114 	 0
1787310768135 	 13 	 200 	 116 	 1
1787310768140 	 12 	 200 	 116 	 0
1787310768155 	 12 	 200 	 117 	 0
1787310768169 	 18 	 200 	 119 	 1
1787310768172 	 18 	 200 	 119 	 0
1787310768193 	 12 	 200 	 121 	 1
1787310768205 	 13 	 200 	 121 	 0
1787310768228 	 13 	 200 	 124 	 2
1787310768239 	 18 	 200 	 126 	 3
1787310768240 	 18 	 200 	 126 	 2
1787310768245 	 23 	 200 	 126 	 1
1787310768245 	 22 	 200 	 126 	 0
1787310768285 	 14 	 200 	 127 	 0
1787310768316 	 14 	 200 	 128 	 0
1787310768349 	 15 	 200 	 131 	 2
1787310768349 	 17 	 200 	 131 	 1
1787310768343 	 25 	 200 	 131 	 0
1787310768381 	 14 	 200 	 132 	 0
1787310768425 	 30 	 200 	 136 	 3
1787310768436 	 19 	 200 	 136 	 2
1787310768427 	 32 	 200 	 137 	 2
1787310768438 	 20 	 200 	 137 	 1
1787310768459 	 18 	 200 	 137 	 0
1787310768514 	 17 	 200 	 138 	 0
1787310768772 	 22 	 200 	 139 	 0
1787310769091 	 13 	 200 	 140 	 0
1787310769214 	 36 	 200 	 141 	 0
1787310770038 	 31 	 200 	 142 	 0
1787310770258 	 32 	 200 	 143 	 0
1787310770353 	 13 	 200 	 144 	 0
1787310770663 	 17 	 200 	 145 	 0
1787310771187 	 29 	 200 	 146 	 0
1787310771277 	 35 	 200 	 147 	 0
1787310771426 	 14 	 200 	 148 	 0
1787310773559 	 14 	 200 	 149 	 0
1787310773977 	 22 	 200 	 150 	 0
1787310774208 	 20 	 200 	 151 	 0
1787310774499 	 19 	 200 	 154 	 2
1787310774509 	 23 	 200 	 158 	 5
1787310774503 	 34 	 200 	 158 	 4
1787310774523 	 25 	 200 	 159 	 4
1787310774527 	 24 	 200 	 160 	 4
1787310774532 	 19 	 200 	 160 	 3
1787310774530 	 27 	 200 	 160 	 2
1787310774547 	 17 	 200 	 160 	 1
1787310774550 	 17 	 200 	 160 	 0
1787310774586 	 14 	 200 	 161 	 0
1787310774615 	 19 	 200 	 164 	 2
1787310774616 	 20 	 200 	 164 	 2
1787310774637 	 15 	 200 	 167 	 3
1787310774641 	 17 	 200 	 167 	 2
1787310774643 	 15 	 200 	 167 	 1
1787310774620 	 64 	 200 	 168 	 1
1787310774706 	 14 	 200 	 170 	 2
1787310774684 	 37 	 200 	 170 	 1
1787310774697 	 25 	 200 	 170 	 0
1787310774729 	 17 	 200 	 171 	 0
1787310774757 	 14 	 200 	 174 	 2
1787310774759 	 13 	 200 	 174 	 1
1787310774754 	 19 	 200 	 174 	 0
1787310774979 	 16 	 200 	 175 	 0
1787310775231 	 35 	 200 	 176 	 0
1787310775753 	 13 	 200 	 177 	 0
1787310776201 	 20 	 200 	 178 	 0
1787310777860 	 23 	 200 	 181 	 2
1787310777867 	 20 	 200 	 181 	 1
1787310777873 	 17 	 200 	 181 	 0
1787310777902 	 22 	 200 	 185 	 3
1787310777907 	 19 	 200 	 185 	 2
1787310777910 	 18 	 200 	 186 	 2
1787310777919 	 22 	 200 	 188 	 3
1787310777927 	 17 	 200 	 188 	 2
1787310777932 	 19 	 200 	 188 	 1
1787310777936 	 16 	 200 	 188 	 0
1787310777975 	 14 	 200 	 190 	 1
1787310777984 	 13 	 200 	 190 	 0
1787310778013 	 26 	 200 	 193 	 2
1787310778025 	 23 	 200 	 193 	 1
1787310778027 	 22 	 200 	 193 	 0
1787310778135 	 15 	 200 	 194 	 0
1787310779525 	 12 	 200 	 195 	 0
1787310780567 	 13 	 200 	 196 	 0
1787310781323 	 30 	 200 	 197 	 0
1787310781396 	 21 	 200 	 198 	 0
1787310781662 	 17 	 200 	 199 	 0
1787310781758 	 32 	 200 	 200 	 0
1787310781963 	 19 	 200 	 201 	 0
1787310781987 	 14 	 200 	 202 	 0
1787310782177 	 32 	 200 	 203 	 0
1787310783867 	 28 	 200 	 204 	 0
1787310783989 	 26 	 200 	 205 	 0
1787310784602 	 18 	 200 	 206 	 0
1787310784845 	 13 	 200 	 207 	 0
1787310785065 	 27 	 200 	 208 	 0
1787310786360 	 18 	 200 	 213 	 4
1787310786327 	 51 	 200 	 213 	 3
1787310786339 	 41 	 200 	 213 	 2
1787310786358 	 30 	 200 	 213 	 1
1787310786365 	 23 	 200 	 213 	 0
1787310786417 	 17 	 200 	 215 	 1
1787310786430 	 13 	 200 	 216 	 1
1787310786442 	 17 	 200 	 216 	 0
1787310786463 	 14 	 200 	 219 	 2
1787310786464 	 20 	 200 	 219 	 1
1787310786477 	 17 	 200 	 220 	 1
1787310786487 	 13 	 200 	 220 	 0
1787310786516 	 13 	 200 	 222 	 1
1787310786519 	 18 	 200 	 222 	 0
1787310786569 	 25 	 200 	 226 	 3
1787310786567 	 27 	 200 	 226 	 2
1787310786571 	 24 	 200 	 226 	 1
1787310786585 	 20 	 200 	 227 	 1
1787310786602 	 16 	 200 	 229 	 2
1787310786606 	 14 	 200 	 229 	 1
1787310786608 	 13 	 200 	 229 	 0
1787310786641 	 13 	 200 	 231 	 1
1787310786645 	 14 	 200 	 232 	 1
1787310786659 	 13 	 200 	 232 	 0
1787310786673 	 14 	 200 	 234 	 1
1787310786681 	 15 	 200 	 235 	 1
1787310786695 	 15 	 200 	 236 	 1
1787310786706 	 15 	 200 	 236 	 0
1787310786747 	 14 	 200 	 238 	 1
1787310786750 	 13 	 200 	 238 	 0
1787310786769 	 15 	 200 	 241 	 2
1787310786773 	 14 	 200 	 241 	 1
1787310786781 	 20 	 200 	 242 	 1
1787310786797 	 17 	 200 	 244 	 2
1787310786803 	 14 	 200 	 244 	 1
1787310786808 	 13 	 200 	 244 	 0
1787310786829 	 16 	 200 	 247 	 2
1787310786840 	 60 	 200 	 247 	 1
1787310786830 	 70 	 200 	 247 	 0
1787310786937 	 19 	 200 	 248 	 0
1787310787020 	 33 	 200 	 252 	 3
1787310787022 	 31 	 200 	 252 	 2
1787310787025 	 29 	 200 	 252 	 1
1787310787029 	 27 	 200 	 252 	 0
1787310787070 	 19 	 200 	 253 	 0
1787310787102 	 13 	 200 	 254 	 0
1787310787140 	 15 	 200 	 257 	 2
1787310787133 	 22 	 200 	 257 	 1
1787310787143 	 14 	 200 	 257 	 0
1787310787170 	 15 	 200 	 258 	 0
1787310787188 	 14 	 200 	 260 	 1
1787310787202 	 12 	 200 	 260 	 0
1787310787268 	 30 	 200 	 263 	 2
1787310787284 	 21 	 200 	 263 	 1
1787310787286 	 19 	 200 	 263 	 0
1787310787309 	 13 	 200 	 265 	 1
1787310787315 	 13 	 200 	 265 	 0
1787310787331 	 13 	 200 	 266 	 0
1787310787377 	 17 	 200 	 272 	 5
1787310787378 	 19 	 200 	 272 	 4
1787310787373 	 24 	 200 	 272 	 3
1787310787375 	 25 	 200 	 272 	 2
1787310787391 	 17 	 200 	 273 	 2
1787310787395 	 25 	 200 	 273 	 1
1787310787409 	 14 	 200 	 273 	 0
1787310787432 	 12 	 200 	 275 	 1
1787310787447 	 28 	 200 	 278 	 3
1787310787451 	 66 	 200 	 279 	 3
1787310787461 	 58 	 200 	 279 	 2
1787310787525 	 15 	 200 	 284 	 6
1787310787535 	 45 	 200 	 286 	 7
1787310787539 	 40 	 200 	 286 	 7
1787310787539 	 43 	 200 	 287 	 6
1787310787562 	 25 	 200 	 287 	 5
1787310787581 	 42 	 200 	 291 	 7
1787310787602 	 29 	 200 	 292 	 8
1787310787526 	 140 	 200 	 293 	 8
1787310787497 	 170 	 200 	 293 	 7
1787310787579 	 90 	 200 	 293 	 6
1787310787614 	 58 	 200 	 293 	 5
1787310787623 	 51 	 200 	 293 	 4
1787310787656 	 21 	 200 	 293 	 3
1787310787428 	 292 	 200 	 295 	 4
1787310787691 	 32 	 200 	 295 	 3
1787310787625 	 99 	 200 	 295 	 2
1787310787622 	 101 	 200 	 295 	 1
1787310787703 	 24 	 200 	 295 	 0
1787310787729 	 15 	 200 	 297 	 2
1787310787743 	 13 	 200 	 300 	 3
1787310787745 	 14 	 200 	 300 	 2
1787310787747 	 14 	 200 	 300 	 1
1787310787753 	 15 	 200 	 300 	 0
1787310787787 	 13 	 200 	 301 	 0
1787310787811 	 20 	 200 	 302 	 0
1787310787840 	 13 	 200 	 303 	 0
1787310787878 	 14 	 200 	 307 	 3
1787310787884 	 15 	 200 	 307 	 2
1787310787875 	 28 	 200 	 307 	 1
1787310787883 	 22 	 200 	 307 	 0
1787310787907 	 16 	 200 	 308 	 0
1787310787939 	 15 	 200 	 310 	 1
1787310787947 	 17 	 200 	 312 	 2
1787310787962 	 15 	 200 	 312 	 1
1787310787964 	 14 	 200 	 312 	 0
1787310788004 	 15 	 200 	 313 	 0
1787310788034 	 16 	 200 	 314 	 0
1787310788090 	 31 	 200 	 316 	 1
1787310788115 	 14 	 200 	 316 	 0
1787310788147 	 28 	 200 	 320 	 3
1787310788147 	 30 	 200 	 320 	 2
1787310788167 	 20 	 200 	 320 	 1
1787310788173 	 17 	 200 	 320 	 0
1787310788214 	 30 	 200 	 322 	 1
1787310788238 	 17 	 200 	 322 	 0
1787310788268 	 19 	 200 	 323 	 0
1787310788297 	 14 	 200 	 325 	 1
1787310788293 	 18 	 200 	 325 	 0
1787310788322 	 14 	 200 	 327 	 1
1787310788321 	 16 	 200 	 327 	 0
1787310788353 	 15 	 200 	 328 	 0
1787310788383 	 22 	 200 	 330 	 1
1787310788386 	 19 	 200 	 330 	 0
1787310788412 	 14 	 200 	 333 	 2
1787310788421 	 19 	 200 	 333 	 1
1787310788426 	 16 	 200 	 333 	 0
1787310788454 	 16 	 200 	 338 	 4
1787310788450 	 23 	 200 	 338 	 3
1787310788455 	 19 	 200 	 338 	 2
1787310788458 	 18 	 200 	 338 	 1
1787310788464 	 40 	 200 	 339 	 1
1787310788494 	 18 	 200 	 339 	 0
1787310788545 	 13 	 200 	 341 	 1
1787310788550 	 19 	 200 	 342 	 1
1787310788565 	 16 	 200 	 343 	 1
1787310788573 	 14 	 200 	 343 	 0
1787310788632 	 16 	 200 	 345 	 1
1787310788644 	 13 	 200 	 345 	 0
1787310788686 	 18 	 200 	 347 	 1
1787310788688 	 18 	 200 	 347 	 0
1787310788740 	 17 	 200 	 349 	 1
1787310788743 	 22 	 200 	 349 	 0
1787310788793 	 16 	 200 	 353 	 3
1787310788797 	 17 	 200 	 353 	 2
1787310788799 	 17 	 200 	 353 	 1
1787310788808 	 22 	 200 	 354 	 1
1787310788827 	 15 	 200 	 355 	 1
1787310788833 	 15 	 200 	 356 	 1
1787310788847 	 17 	 200 	 358 	 2
1787310788858 	 14 	 200 	 358 	 1
1787310788865 	 18 	 200 	 360 	 2
1787310788878 	 15 	 200 	 360 	 1
1787310788882 	 27 	 200 	 362 	 2
1787310788901 	 14 	 200 	 362 	 1
1787310788901 	 20 	 200 	 362 	 0
1787310788940 	 16 	 200 	 364 	 1
1787310788951 	 13 	 200 	 364 	 0
1787310788970 	 13 	 200 	 365 	 0
1787310788991 	 15 	 200 	 367 	 1
1787310789007 	 16 	 200 	 369 	 2
1787310789015 	 14 	 200 	 369 	 1
1787310789014 	 16 	 200 	 369 	 0
1787310789032 	 19 	 200 	 372 	 2
1787310789038 	 13 	 200 	 372 	 1
1787310789043 	 15 	 200 	 372 	 0
1787310789071 	 20 	 200 	 374 	 1
1787310789091 	 14 	 200 	 376 	 2
1787310789096 	 17 	 200 	 377 	 2
1787310789101 	 14 	 200 	 377 	 1
1787310789109 	 20 	 200 	 380 	 3
1787310789117 	 15 	 200 	 380 	 2
1787310789122 	 15 	 200 	 381 	 2
1787310789124 	 16 	 200 	 381 	 1
1787310789133 	 15 	 200 	 381 	 0
1787310789175 	 13 	 200 	 382 	 0
1787310789192 	 13 	 200 	 383 	 0
1787310789227 	 14 	 200 	 385 	 1
1787310789241 	 13 	 200 	 386 	 1
1787310789246 	 18 	 200 	 389 	 3
1787310789258 	 19 	 200 	 390 	 3
1787310789263 	 16 	 200 	 390 	 2
1787310789258 	 21 	 200 	 390 	 1
1787310789272 	 15 	 200 	 391 	 1
1787310789285 	 14 	 200 	 391 	 0
1787310789301 	 17 	 200 	 393 	 2
1787310789310 	 19 	 200 	 395 	 2
1787310789323 	 14 	 200 	 396 	 2
1787310789320 	 18 	 200 	 396 	 1
1787310789332 	 13 	 200 	 396 	 0
1787310789367 	 17 	 200 	 397 	 0
1787310789391 	 16 	 200 	 401 	 3
1787310789394 	 16 	 200 	 401 	 2
1787310789395 	 18 	 200 	 401 	 1
1787310789406 	 18 	 200 	 402 	 1
1787310789421 	 15 	 200 	 403 	 1
1787310789427 	 16 	 200 	 403 	 0
1787310789452 	 13 	 200 	 404 	 0
1787310789473 	 18 	 200 	 406 	 1
1787310789490 	 23 	 200 	 411 	 5
1787310789494 	 20 	 200 	 411 	 4
1787310789502 	 15 	 200 	 411 	 3
1787310789498 	 23 	 200 	 411 	 2
1787310789497 	 23 	 200 	 411 	 1
1787310789511 	 21 	 200 	 411 	 0
1787310789540 	 14 	 200 	 414 	 2
1787310789541 	 16 	 200 	 414 	 1
1787310789549 	 13 	 200 	 414 	 0
1787310789567 	 11 	 200 	 416 	 1
1787310789564 	 15 	 200 	 416 	 0
1787310789585 	 15 	 200 	 419 	 2
1787310789595 	 13 	 200 	 419 	 1
1787310789600 	 16 	 200 	 421 	 2
1787310789616 	 16 	 200 	 421 	 1
1787310789616 	 19 	 200 	 422 	 1
1787310789636 	 13 	 200 	 422 	 0
1787310789659 	 18 	 200 	 426 	 3
1787310789660 	 17 	 200 	 426 	 2
1787310789669 	 17 	 200 	 426 	 1
1787310789671 	 20 	 200 	 426 	 0
1787310789719 	 12 	 200 	 429 	 2
1787310789730 	 17 	 200 	 430 	 2
1787310789731 	 16 	 200 	 430 	 1
1787310789735 	 18 	 200 	 430 	 0
1787310789763 	 18 	 200 	 432 	 1
1787310789772 	 16 	 200 	 432 	 0
1787310789797 	 16 	 200 	 434 	 1
1787310789813 	 14 	 200 	 434 	 0
1787310789879 	 13 	 200 	 435 	 0
1787310789893 	 16 	 200 	 436 	 0
1787310789938 	 32 	 200 	 437 	 1
1787310789972 	 24 	 200 	 439 	 1
1787310789985 	 13 	 200 	 439 	 0
1787310790005 	 13 	 200 	 441 	 1
1787310790015 	 17 	 200 	 441 	 0
1787310790042 	 19 	 200 	 443 	 1
1787310790054 	 13 	 200 	 443 	 0
1787310790088 	 14 	 200 	 444 	 0
1787310790108 	 18 	 200 	 447 	 3
1787310790118 	 17 	 200 	 448 	 2
1787310790122 	 17 	 200 	 448 	 1
1787310790127 	 13 	 200 	 448 	 0
1787310790142 	 14 	 200 	 449 	 0
1787310790164 	 14 	 200 	 451 	 1
1787310790175 	 16 	 200 	 452 	 1
1787310790189 	 17 	 200 	 456 	 4
1787310790194 	 16 	 200 	 456 	 4
1787310790205 	 14 	 200 	 457 	 3
1787310790195 	 28 	 200 	 458 	 3
1787310790200 	 24 	 200 	 458 	 2
1787310790211 	 18 	 200 	 460 	 3
1787310790223 	 17 	 200 	 460 	 2
1787310790225 	 18 	 200 	 460 	 1
1787310790229 	 23 	 200 	 461 	 1
1787310790247 	 12 	 200 	 461 	 0
1787310790266 	 18 	 200 	 464 	 2
1787310790274 	 19 	 200 	 465 	 3
1787310790265 	 29 	 200 	 466 	 2
1787310790286 	 24 	 200 	 468 	 3
1787310790295 	 16 	 200 	 468 	 2
1787310790297 	 16 	 200 	 468 	 1
1787310790305 	 13 	 200 	 468 	 0
1787310790341 	 25 	 200 	 470 	 1
1787310790354 	 18 	 200 	 471 	 1
1787310790372 	 13 	 200 	 471 	 0
1787310790401 	 17 	 200 	 472 	 0
1787310790422 	 18 	 200 	 476 	 3
1787310790430 	 17 	 200 	 476 	 2
1787310790430 	 18 	 200 	 476 	 1
1787310790436 	 14 	 200 	 476 	 0
1787310790457 	 13 	 200 	 477 	 0
1787310790486 	 15 	 200 	 478 	 0
1787310790532 	 13 	 200 	 480 	 1
1787310790540 	 14 	 200 	 480 	 0
1787310790561 	 18 	 200 	 482 	 1
1787310790573 	 13 	 200 	 482 	 0
1787310790594 	 17 	 200 	 488 	 5
1787310790587 	 25 	 200 	 488 	 4
1787310790590 	 25 	 200 	 488 	 3
1787310790604 	 20 	 200 	 488 	 2
1787310790603 	 24 	 200 	 489 	 2
1787310790609 	 18 	 200 	 489 	 1
1787310790626 	 13 	 200 	 491 	 2
1787310790634 	 16 	 200 	 493 	 3
1787310790637 	 24 	 200 	 493 	 2
1787310790646 	 16 	 200 	 494 	 3
1787310790648 	 47 	 200 	 498 	 5
1787310790683 	 34 	 200 	 502 	 8
1787310790664 	 84 	 200 	 505 	 10
1787310790663 	 83 	 200 	 505 	 9
1787310790701 	 91 	 200 	 508 	 11
1787310790671 	 123 	 200 	 508 	 10
1787310790712 	 82 	 200 	 508 	 9
1787310790684 	 111 	 200 	 508 	 8
1787310790713 	 82 	 200 	 508 	 7
1787310790729 	 66 	 200 	 508 	 6
1787310790699 	 99 	 200 	 508 	 5
1787310790749 	 62 	 200 	 511 	 8
1787310790777 	 68 	 200 	 513 	 8
1787310790757 	 88 	 200 	 513 	 7
1787310790722 	 123 	 200 	 513 	 6
1787310790804 	 42 	 200 	 513 	 5
1787310790719 	 129 	 200 	 513 	 4
1787310790809 	 84 	 200 	 513 	 3
1787310790811 	 83 	 200 	 513 	 2
1787310790822 	 72 	 200 	 513 	 1
1787310790812 	 96 	 200 	 513 	 0
1787310790961 	 13 	 200 	 515 	 1
1787310790968 	 16 	 200 	 516 	 1
1787310790983 	 13 	 200 	 516 	 0
1787310791006 	 21 	 200 	 518 	 1
1787310791022 	 13 	 200 	 518 	 0
1787310791043 	 12 	 200 	 519 	 0
1787310791095 	 26 	 200 	 525 	 5
1787310791093 	 30 	 200 	 526 	 5
1787310791098 	 27 	 200 	 526 	 4
1787310791088 	 53 	 200 	 527 	 4
1787310791091 	 51 	 200 	 527 	 3
1787310791113 	 81 	 200 	 531 	 6
1787310791126 	 74 	 200 	 531 	 5
1787310791129 	 72 	 200 	 531 	 4
1787310791171 	 123 	 200 	 538 	 10
1787310791169 	 125 	 200 	 538 	 9
1787310791147 	 148 	 200 	 538 	 8
1787310791208 	 173 	 200 	 542 	 11
1787310791291 	 95 	 200 	 543 	 11
1787310791206 	 186 	 200 	 543 	 10
1787310791185 	 208 	 200 	 543 	 9
1787310791234 	 159 	 200 	 543 	 8
1787310791284 	 111 	 200 	 543 	 7
1787310791309 	 106 	 200 	 545 	 8
1787310791286 	 135 	 200 	 546 	 8
1787310791356 	 73 	 200 	 546 	 7
1787310791364 	 72 	 200 	 546 	 6
1787310791401 	 35 	 200 	 546 	 5
1787310791384 	 81 	 200 	 547 	 5
1787310791285 	 181 	 200 	 547 	 4
1787310791416 	 64 	 200 	 548 	 4
1787310791440 	 41 	 200 	 548 	 4
1787310791418 	 64 	 200 	 549 	 3
1787310791382 	 111 	 200 	 550 	 3
1787310791482 	 38 	 200 	 550 	 2
1787310791468 	 57 	 200 	 550 	 1
1787310791484 	 43 	 200 	 550 	 0
1787310791546 	 13 	 200 	 551 	 0
1787310791569 	 17 	 200 	 554 	 2
1787310791575 	 14 	 200 	 554 	 1
1787310791584 	 21 	 200 	 556 	 2
1787310791591 	 15 	 200 	 557 	 2
1787310791601 	 14 	 200 	 557 	 1
1787310791607 	 15 	 200 	 557 	 0
1787310791636 	 14 	 200 	 558 	 0
1787310791663 	 14 	 200 	 560 	 1
1787310791662 	 17 	 200 	 560 	 0
1787310791712 	 14 	 200 	 562 	 1
1787310791728 	 14 	 200 	 562 	 0
1787310791754 	 14 	 200 	 563 	 0
1787310791772 	 12 	 200 	 565 	 1
1787310791781 	 14 	 200 	 565 	 0
1787310791800 	 17 	 200 	 566 	 0
1787310791851 	 31 	 200 	 569 	 2
1787310791856 	 34 	 200 	 569 	 1
1787310791880 	 19 	 200 	 570 	 1
1787310791892 	 13 	 200 	 571 	 1
1787310791902 	 13 	 200 	 572 	 1
1787310791910 	 16 	 200 	 572 	 0
1787310791930 	 13 	 200 	 574 	 1
1787310791935 	 13 	 200 	 574 	 0
1787310791964 	 12 	 200 	 575 	 0
1787310791990 	 14 	 200 	 577 	 1
1787310791992 	 14 	 200 	 577 	 0
1787310792028 	 28 	 200 	 582 	 4
1787310792024 	 34 	 200 	 582 	 3
1787310792037 	 26 	 200 	 583 	 3
1787310792051 	 19 	 200 	 583 	 2
1787310792059 	 16 	 200 	 583 	 1
1787310792060 	 20 	 200 	 583 	 0
1787310792090 	 12 	 200 	 586 	 2
1787310792094 	 15 	 200 	 586 	 1
1787310792087 	 22 	 200 	 586 	 0
1787310792118 	 15 	 200 	 588 	 1
1787310792124 	 12 	 200 	 588 	 0
1787310792156 	 32 	 200 	 592 	 3
1787310792174 	 20 	 200 	 592 	 2
1787310792179 	 15 	 200 	 592 	 1
1787310792180 	 20 	 200 	 592 	 0
1787310792227 	 25 	 200 	 595 	 2
1787310792224 	 31 	 200 	 596 	 2
1787310792244 	 15 	 200 	 596 	 1
1787310792254 	 14 	 200 	 596 	 0
1787310792275 	 21 	 200 	 598 	 1
1787310792293 	 13 	 200 	 598 	 0
1787310792308 	 14 	 200 	 600 	 1
1787310792319 	 32 	 200 	 603 	 3
1787310792342 	 17 	 200 	 603 	 2
1787310792344 	 18 	 200 	 603 	 1
1787310792347 	 16 	 200 	 603 	 0
1787310792365 	 17 	 200 	 605 	 1
1787310792371 	 23 	 200 	 607 	 2
1787310792384 	 23 	 200 	 608 	 2
1787310792393 	 17 	 200 	 608 	 1
1787310792405 	 17 	 200 	 609 	 1
1787310792413 	 14 	 200 	 609 	 0
1787310792433 	 19 	 200 	 611 	 1
1787310792440 	 15 	 200 	 611 	 0
1787310792458 	 16 	 200 	 617 	 5
1787310792469 	 24 	 200 	 618 	 5
1787310792462 	 34 	 200 	 618 	 4
1787310792467 	 31 	 200 	 618 	 3
1787310792472 	 31 	 200 	 618 	 2
1787310792485 	 22 	 200 	 619 	 2
1787310792474 	 36 	 200 	 620 	 2
1787310792507 	 17 	 200 	 622 	 3
1787310792510 	 15 	 200 	 622 	 2
1787310792514 	 13 	 200 	 622 	 1
1787310792525 	 32 	 200 	 623 	 1
1787310792543 	 15 	 200 	 623 	 0
1787310792600 	 20 	 200 	 628 	 4
1787310792611 	 19 	 200 	 631 	 6
1787310792624 	 17 	 200 	 632 	 6
1787310792620 	 22 	 200 	 632 	 5
1787310792615 	 28 	 200 	 632 	 4
1787310792617 	 27 	 200 	 633 	 4
1787310792627 	 19 	 200 	 633 	 3
1787310792639 	 21 	 200 	 633 	 2
1787310792629 	 65 	 200 	 633 	 1
1787310792645 	 49 	 200 	 633 	 0
1787310792698 	 17 	 200 	 635 	 1
1787310792711 	 12 	 200 	 635 	 0
1787310792728 	 14 	 200 	 637 	 1
1787310792730 	 13 	 200 	 637 	 0
1787310792761 	 16 	 200 	 639 	 1
1787310792771 	 26 	 200 	 639 	 0
1787310792802 	 12 	 200 	 641 	 1
1787310792816 	 15 	 200 	 642 	 1
1787310792824 	 17 	 200 	 645 	 3
1787310792833 	 19 	 200 	 645 	 2
1787310792836 	 18 	 200 	 645 	 1
1787310792837 	 18 	 200 	 645 	 0
1787310792879 	 14 	 200 	 647 	 1
1787310792889 	 18 	 200 	 647 	 0
1787310792915 	 12 	 200 	 650 	 2
1787310792923 	 13 	 200 	 650 	 1
1787310792924 	 15 	 200 	 651 	 2
1787310792941 	 16 	 200 	 654 	 3
1787310792942 	 17 	 200 	 654 	 2
1787310792939 	 20 	 200 	 654 	 2
1787310792954 	 14 	 200 	 655 	 1
1787310792961 	 15 	 200 	 655 	 0
1787310793039 	 34 	 200 	 658 	 3
1787310793037 	 40 	 200 	 659 	 2
1787310793061 	 24 	 200 	 659 	 1
1787310793075 	 20 	 200 	 659 	 0
1787310793097 	 15 	 200 	 662 	 2
1787310793101 	 15 	 200 	 662 	 1
1787310793113 	 18 	 200 	 664 	 2
1787310793122 	 16 	 200 	 664 	 1
1787310793131 	 17 	 200 	 664 	 0
1787310793160 	 11 	 200 	 665 	 0
1787310793230 	 16 	 200 	 667 	 1
1787310793235 	 19 	 200 	 668 	 1
1787310793250 	 16 	 200 	 669 	 1
1787310793264 	 13 	 200 	 669 	 0
1787310793284 	 15 	 200 	 670 	 0
1787310793332 	 19 	 200 	 674 	 3
1787310793328 	 26 	 200 	 675 	 3
1787310793335 	 28 	 200 	 678 	 5
1787310793351 	 21 	 200 	 679 	 5
1787310793354 	 23 	 200 	 679 	 4
1787310793358 	 36 	 200 	 682 	 6
1787310793356 	 37 	 200 	 682 	 5
1787310793359 	 38 	 200 	 682 	 4
1787310793367 	 30 	 200 	 682 	 3
1787310793386 	 59 	 200 	 685 	 5
1787310793381 	 67 	 200 	 685 	 4
1787310793426 	 30 	 200 	 686 	 4
1787310793390 	 67 	 200 	 686 	 3
1787310793408 	 52 	 200 	 686 	 2
1787310793435 	 25 	 200 	 686 	 1
1787310793453 	 16 	 200 	 686 	 0
1787310793491 	 17 	 200 	 687 	 0
1787310793515 	 12 	 200 	 688 	 0
1787310793529 	 32 	 200 	 690 	 1
1787310793546 	 17 	 200 	 690 	 0
1787310793586 	 15 	 200 	 692 	 1
1787310793595 	 15 	 200 	 693 	 1
1787310793606 	 12 	 200 	 693 	 0
1787310793622 	 14 	 200 	 694 	 0
1787310793658 	 14 	 200 	 695 	 0
1787310793684 	 16 	 200 	 699 	 3
1787310793684 	 17 	 200 	 699 	 2
1787310793688 	 17 	 200 	 699 	 1
1787310793694 	 15 	 200 	 699 	 0
1787310793714 	 24 	 200 	 703 	 3
1787310793727 	 19 	 200 	 703 	 2
1787310793732 	 15 	 200 	 703 	 1
1787310793734 	 19 	 200 	 704 	 1
1787310793752 	 18 	 200 	 705 	 1
1787310793770 	 16 	 200 	 705 	 0
1787310793813 	 14 	 200 	 707 	 1
1787310793823 	 19 	 200 	 711 	 4
1787310793833 	 15 	 200 	 712 	 4
1787310793834 	 17 	 200 	 712 	 3
1787310793835 	 25 	 200 	 714 	 4
1787310793843 	 20 	 200 	 714 	 3
1787310793849 	 20 	 200 	 714 	 2
1787310793855 	 15 	 200 	 714 	 1
1787310793904 	 16 	 200 	 715 	 1
1787310793931 	 12 	 200 	 716 	 2
1787310793944 	 27 	 200 	 717 	 1
1787310793989 	 35 	 200 	 718 	 1
1787310794106 	 14 	 200 	 719 	 1
1787310794122 	 17 	 200 	 722 	 3
1787310794127 	 16 	 200 	 722 	 2
1787310794158 	 15 	 200 	 724 	 4
1787310794149 	 24 	 200 	 725 	 3
1787310794128 	 93 	 200 	 727 	 4
1787310794174 	 52 	 200 	 727 	 3
1787310794211 	 18 	 200 	 728 	 3
1787310794228 	 13 	 200 	 728 	 2
1787310794254 	 25 	 200 	 733 	 6
1787310794243 	 77 	 200 	 736 	 8
1787310794253 	 71 	 200 	 736 	 7
1787310794319 	 17 	 200 	 737 	 7
1787310794214 	 152 	 200 	 738 	 7
1787310794336 	 38 	 200 	 738 	 6
1787310794341 	 33 	 200 	 738 	 5
1787310794283 	 133 	 200 	 740 	 6
1787310794313 	 107 	 200 	 740 	 5
1787310794267 	 153 	 200 	 740 	 4
1787310794385 	 39 	 200 	 741 	 4
1787310794410 	 17 	 200 	 741 	 3
1787310794261 	 169 	 200 	 741 	 2
1787310793854 	 578 	 200 	 742 	 2
1787310794422 	 16 	 200 	 743 	 2
1787310794431 	 15 	 200 	 744 	 2
1787310794437 	 15 	 200 	 744 	 1
1787310794443 	 16 	 200 	 744 	 0
1787310794496 	 16 	 200 	 746 	 1
1787310794503 	 18 	 200 	 747 	 1
1787310794514 	 14 	 200 	 747 	 0
1787310794581 	 12 	 200 	 748 	 0
1787310794597 	 12 	 200 	 750 	 1
1787310794608 	 14 	 200 	 752 	 2
1787310794616 	 18 	 200 	 753 	 2
1787310794620 	 15 	 200 	 753 	 1
1787310794626 	 17 	 200 	 753 	 0
1787310794647 	 19 	 200 	 755 	 1
1787310794662 	 15 	 200 	 755 	 0
1787310794684 	 17 	 200 	 758 	 2
1787310794687 	 17 	 200 	 758 	 1
1787310794699 	 17 	 200 	 758 	 0
1787310794738 	 13 	 200 	 760 	 1
1787310794747 	 12 	 200 	 760 	 0
1787310794765 	 15 	 200 	 762 	 1
1787310794767 	 19 	 200 	 762 	 0
1787310794821 	 14 	 200 	 764 	 1
1787310794835 	 17 	 200 	 766 	 2
1787310794839 	 16 	 200 	 767 	 2
1787310794842 	 16 	 200 	 767 	 1
1787310794854 	 16 	 200 	 769 	 2
1787310794866 	 18 	 200 	 769 	 1
1787310794867 	 18 	 200 	 769 	 0
1787310794940 	 35 	 200 	 770 	 1
1787310794977 	 16 	 200 	 773 	 2
1787310794988 	 19 	 200 	 773 	 1
1787310794986 	 36 	 200 	 774 	 1
1787310795015 	 14 	 200 	 775 	 1
1787310795025 	 12 	 200 	 775 	 0
1787310795044 	 12 	 200 	 777 	 1
1787310795055 	 34 	 200 	 779 	 2
1787310795087 	 78 	 200 	 782 	 4
1787310795146 	 28 	 200 	 783 	 4
1787310795150 	 26 	 200 	 783 	 3
1787310795162 	 16 	 200 	 783 	 2
1787310795169 	 15 	 200 	 783 	 1
1787310795207 	 13 	 200 	 785 	 2
1787310795218 	 14 	 200 	 785 	 1
1787310795250 	 20 	 200 	 786 	 1
1787310795284 	 15 	 200 	 788 	 2
1787310795280 	 19 	 200 	 788 	 1
1787310795308 	 13 	 200 	 790 	 2
1787310795316 	 55 	 200 	 792 	 3
1787310795357 	 28 	 200 	 792 	 2
1787310795367 	 19 	 200 	 792 	 1
1787310795393 	 14 	 200 	 795 	 3
1787310795398 	 18 	 200 	 796 	 3
1787310795403 	 63 	 200 	 796 	 2
1787310795417 	 52 	 200 	 796 	 1
1787310795060 	 423 	 200 	 796 	 0
1787310795519 	 13 	 200 	 799 	 2
1787310795529 	 15 	 200 	 800 	 2
1787310795531 	 15 	 200 	 800 	 1
1787310795543 	 14 	 200 	 801 	 1
1787310795549 	 20 	 200 	 802 	 1
1787310795561 	 17 	 200 	 803 	 1
1787310795573 	 15 	 200 	 805 	 2
1787310795582 	 17 	 200 	 806 	 2
1787310795588 	 19 	 200 	 806 	 1
1787310795591 	 17 	 200 	 806 	 1
1787310795609 	 14 	 200 	 808 	 1
1787310795622 	 13 	 200 	 809 	 1
1787310795626 	 16 	 200 	 809 	 0
1787310795648 	 15 	 200 	 811 	 1
1787310795649 	 16 	 200 	 811 	 0
1787310795669 	 13 	 200 	 812 	 0
1787310795688 	 14 	 200 	 813 	 0
1787310795720 	 16 	 200 	 816 	 2
1787310795713 	 22 	 200 	 816 	 1
1787310795736 	 14 	 200 	 816 	 0
1787310795762 	 20 	 200 	 817 	 0
1787310795821 	 16 	 200 	 820 	 2
1787310795832 	 22 	 200 	 821 	 2
1787310795833 	 21 	 200 	 821 	 1
1787310795843 	 14 	 200 	 822 	 1
1787310795856 	 13 	 200 	 822 	 0
1787310795887 	 13 	 200 	 823 	 0
1787310795927 	 13 	 200 	 826 	 2
1787310795918 	 27 	 200 	 826 	 1
1787310795938 	 14 	 200 	 827 	 1
1787310795947 	 13 	 200 	 827 	 0
1787310795966 	 15 	 200 	 829 	 1
1787310795974 	 14 	 200 	 829 	 0
1787310795990 	 12 	 200 	 832 	 2
1787310795992 	 18 	 200 	 832 	 1
1787310796002 	 36 	 200 	 832 	 0
1787310796054 	 16 	 200 	 834 	 1
1787310796060 	 18 	 200 	 835 	 1
1787310796078 	 14 	 200 	 835 	 0
1787310796094 	 14 	 200 	 836 	 0
1787310796122 	 13 	 200 	 837 	 0
1787310796151 	 12 	 200 	 838 	 0
1787310796188 	 14 	 200 	 841 	 2
1787310796181 	 20 	 200 	 841 	 1
1787310796193 	 18 	 200 	 841 	 0
1787310796212 	 13 	 200 	 842 	 0
1787310796234 	 12 	 200 	 843 	 0
1787310796265 	 14 	 200 	 846 	 2
1787310796266 	 19 	 200 	 847 	 2
1787310796266 	 19 	 200 	 847 	 1
1787310796281 	 13 	 200 	 847 	 0
1787310796319 	 19 	 200 	 848 	 0
1787310796409 	 14 	 200 	 849 	 0
1787310796429 	 15 	 200 	 852 	 2
1787310796440 	 13 	 200 	 852 	 1
1787310796438 	 17 	 200 	 853 	 1
1787310796455 	 14 	 200 	 853 	 0
1787310796485 	 15 	 200 	 855 	 1
1787310796494 	 15 	 200 	 855 	 0
1787310796512 	 12 	 200 	 856 	 0
1787310796547 	 17 	 200 	 858 	 1
1787310796549 	 16 	 200 	 858 	 0
1787310796572 	 16 	 200 	 862 	 3
1787310796577 	 16 	 200 	 862 	 2
1787310796586 	 18 	 200 	 863 	 2
1787310796584 	 22 	 200 	 863 	 1
1787310796598 	 19 	 200 	 864 	 1
1787310796610 	 17 	 200 	 864 	 0
1787310796638 	 14 	 200 	 867 	 2
1787310796634 	 24 	 200 	 867 	 1
1787310796637 	 24 	 200 	 867 	 0
1787310796668 	 14 	 200 	 868 	 0
1787310796687 	 15 	 200 	 870 	 1
1787310796683 	 19 	 200 	 870 	 0
1787310796726 	 15 	 200 	 874 	 3
1787310796724 	 17 	 200 	 874 	 2
1787310796735 	 17 	 200 	 876 	 3
1787310796740 	 24 	 200 	 876 	 2
1787310796744 	 23 	 200 	 876 	 1
1787310796744 	 24 	 200 	 877 	 1
1787310796769 	 16 	 200 	 877 	 0
1787310796803 	 24 	 200 	 880 	 2
1787310796820 	 20 	 200 	 882 	 3
1787310796823 	 19 	 200 	 882 	 2
1787310796832 	 15 	 200 	 882 	 1
1787310796838 	 14 	 200 	 883 	 1
1787310796851 	 14 	 200 	 883 	 0
1787310796867 	 14 	 200 	 886 	 2
1787310796875 	 18 	 200 	 886 	 1
1787310796879 	 15 	 200 	 886 	 0
1787310796907 	 16 	 200 	 889 	 2
1787310796911 	 22 	 200 	 891 	 3
1787310796918 	 18 	 200 	 891 	 2
1787310796932 	 16 	 200 	 892 	 2
1787310796928 	 21 	 200 	 892 	 1
1787310796957 	 13 	 200 	 893 	 1
1787310796945 	 32 	 200 	 893 	 0
1787310797036 	 34 	 200 	 895 	 1
1787310797031 	 40 	 200 	 895 	 0
1787310797094 	 34 	 200 	 897 	 1
1787310797110 	 29 	 200 	 897 	 0
1787310797444 	 24 	 200 	 898 	 0
1787310797907 	 34 	 200 	 899 	 0
1787310798453 	 16 	 200 	 901 	 1
1787310798467 	 24 	 200 	 902 	 1
1787310798477 	 14 	 200 	 902 	 0
1787310798512 	 13 	 200 	 904 	 1
1787310798517 	 14 	 200 	 904 	 0
1787310798541 	 17 	 200 	 906 	 1
1787310798555 	 14 	 200 	 906 	 0
1787310798960 	 34 	 200 	 907 	 0
1787310799348 	 16 	 200 	 908 	 0
1787310799801 	 14 	 200 	 909 	 0
1787310800312 	 37 	 200 	 911 	 1
1787310800339 	 26 	 200 	 912 	 1
1787310800354 	 19 	 200 	 912 	 0
1787310800389 	 12 	 200 	 913 	 0
1787310800405 	 15 	 200 	 916 	 2
1787310800410 	 14 	 200 	 916 	 1
1787310800419 	 13 	 200 	 917 	 1
1787310800432 	 16 	 200 	 917 	 0
1787310800452 	 14 	 200 	 920 	 2
1787310800453 	 14 	 200 	 920 	 1
1787310800458 	 23 	 200 	 921 	 1
1787310800482 	 19 	 200 	 924 	 3
1787310800484 	 18 	 200 	 924 	 2
1787310800479 	 23 	 200 	 924 	 1
1787310800496 	 19 	 200 	 924 	 0
1787310800549 	 14 	 200 	 926 	 1
1787310800560 	 16 	 200 	 926 	 0
1787310800597 	 14 	 200 	 927 	 0
1787310800628 	 12 	 200 	 929 	 1
1787310800624 	 18 	 200 	 929 	 0
1787310800664 	 20 	 200 	 931 	 1
1787310800654 	 39 	 200 	 932 	 1
1787310800689 	 13 	 200 	 932 	 0
1787310800709 	 14 	 200 	 935 	 2
1787310800715 	 14 	 200 	 935 	 1
1787310800717 	 13 	 200 	 935 	 0
1787310800769 	 14 	 200 	 937 	 1
1787310800767 	 16 	 200 	 937 	 0
1787310800820 	 22 	 200 	 938 	 0
1787310800849 	 12 	 200 	 939 	 0
1787310800869 	 15 	 200 	 940 	 0
1787310800927 	 19 	 200 	 941 	 0
1787310800979 	 15 	 200 	 942 	 0
1787310801003 	 14 	 200 	 944 	 1
1787310801010 	 13 	 200 	 944 	 0
1787310801033 	 15 	 200 	 947 	 2
1787310801034 	 15 	 200 	 947 	 1
1787310801045 	 16 	 200 	 948 	 1
1787310801054 	 12 	 200 	 948 	 0
1787310801071 	 18 	 200 	 950 	 1
1787310801088 	 13 	 200 	 951 	 1
1787310801101 	 18 	 200 	 951 	 0
1787310801127 	 11 	 200 	 952 	 0
1787310801169 	 19 	 200 	 956 	 3
1787310801171 	 19 	 200 	 956 	 2
1787310801175 	 17 	 200 	 956 	 1
1787310801176 	 21 	 200 	 956 	 0
1787310801208 	 13 	 200 	 958 	 1
1787310801220 	 13 	 200 	 958 	 0
1787310801261 	 13 	 200 	 961 	 2
1787310801262 	 15 	 200 	 961 	 1
1787310801257 	 19 	 200 	 961 	 0
1787310801288 	 13 	 200 	 962 	 0
1787310801329 	 26 	 200 	 966 	 3
1787310801337 	 20 	 200 	 966 	 2
1787310801324 	 33 	 200 	 966 	 1
1787310801339 	 28 	 200 	 966 	 0
1787310801383 	 14 	 200 	 968 	 1
1787310801389 	 15 	 200 	 970 	 2
1787310801399 	 15 	 200 	 970 	 1
1787310801400 	 16 	 200 	 970 	 0
1787310801435 	 18 	 200 	 973 	 2
1787310801433 	 21 	 200 	 973 	 1
1787310801444 	 16 	 200 	 974 	 1
1787310801461 	 15 	 200 	 974 	 0
1787310801481 	 15 	 200 	 975 	 0
1787310801525 	 13 	 200 	 977 	 1
1787310801533 	 14 	 200 	 977 	 0
1787310801556 	 22 	 200 	 982 	 4
1787310801554 	 24 	 200 	 982 	 3
1787310801564 	 18 	 200 	 982 	 2
1787310801566 	 18 	 200 	 983 	 2
1787310801577 	 17 	 200 	 983 	 1
1787310801584 	 16 	 200 	 983 	 0
1787310801630 	 15 	 200 	 987 	 3
1787310801629 	 17 	 200 	 987 	 2
1787310801637 	 16 	 200 	 987 	 1
1787310801645 	 13 	 200 	 987 	 0
1787310801690 	 15 	 200 	 988 	 0
1787310801719 	 14 	 200 	 990 	 1
1787310801721 	 17 	 200 	 991 	 1
1787310801738 	 18 	 200 	 992 	 1
1787310801750 	 22 	 200 	 992 	 0
1787310801807 	 17 	 200 	 996 	 3
1787310801814 	 16 	 200 	 997 	 3
1787310801822 	 14 	 200 	 997 	 2
1787310801827 	 13 	 200 	 997 	 1
1787310801825 	 18 	 200 	 997 	 0
1787310801855 	 14 	 200 	 999 	 1
1787310801864 	 14 	 200 	 999 	 0
1787310801880 	 13 	 200 	 1000 	 0
1787310801896 	 12 	 200 	 1001 	 1
1787310801909 	 15 	 200 	 1003 	 1
1787310801910 	 14 	 200 	 1003 	 0
1787310801933 	 25 	 200 	 1007 	 4
1787310801937 	 21 	 200 	 1008 	 3
1787310801939 	 19 	 200 	 1008 	 2
1787310801959 	 14 	 200 	 1009 	 2
1787310801952 	 14 	 200 	 1009 	 1
1787310801974 	 17 	 200 	 1011 	 2
1787310801978 	 15 	 200 	 1011 	 1
1787310801982 	 28 	 200 	 1011 	 0
1787310802020 	 15 	 200 	 1014 	 2
1787310802012 	 24 	 200 	 1014 	 1
1787310802018 	 22 	 200 	 1014 	 0
1787310802055 	 25 	 200 	 1016 	 1
1787310802055 	 38 	 200 	 1020 	 4
1787310802084 	 18 	 200 	 1021 	 4
1787310802087 	 15 	 200 	 1021 	 3
1787310802089 	 16 	 200 	 1021 	 2
1787310802096 	 27 	 200 	 1024 	 4
1787310802093 	 31 	 200 	 1024 	 3
1787310802112 	 17 	 200 	 1024 	 2
1787310802114 	 18 	 200 	 1024 	 1
1787310802113 	 19 	 200 	 1024 	 0
1787310802140 	 26 	 200 	 1029 	 4
1787310802149 	 44 	 200 	 1031 	 5
1787310802146 	 47 	 200 	 1031 	 4
1787310802150 	 44 	 200 	 1031 	 3
1787310802170 	 24 	 200 	 1031 	 2
1787310802136 	 58 	 200 	 1031 	 1
1787310802181 	 25 	 200 	 1032 	 1
1787310802202 	 13 	 200 	 1033 	 1
1787310802212 	 14 	 200 	 1033 	 0
1787310802234 	 16 	 200 	 1036 	 2
1787310802247 	 15 	 200 	 1037 	 2
1787310802245 	 18 	 200 	 1037 	 1
1787310802257 	 20 	 200 	 1037 	 0
1787310802301 	 13 	 200 	 1039 	 1
1787310802302 	 15 	 200 	 1039 	 0
1787310802325 	 20 	 200 	 1040 	 0
1787310802355 	 13 	 200 	 1042 	 1
1787310802366 	 15 	 200 	 1043 	 1
1787310802375 	 15 	 200 	 1043 	 0
1787310802426 	 13 	 200 	 1046 	 2
1787310802425 	 20 	 200 	 1047 	 2
1787310802436 	 14 	 200 	 1047 	 1
1787310802443 	 14 	 200 	 1047 	 0
1787310802461 	 18 	 200 	 1049 	 1
1787310802471 	 16 	 200 	 1049 	 0
1787310802501 	 21 	 200 	 1050 	 0
1787310802535 	 15 	 200 	 1051 	 0
1787310802910 	 14 	 200 	 1052 	 0
1787310802937 	 16 	 200 	 1053 	 0
1787310803066 	 36 	 200 	 1054 	 0
1787310803467 	 13 	 200 	 1055 	 0
1787310803785 	 14 	 200 	 1056 	 0
1787310803942 	 15 	 200 	 1057 	 0
1787310806035 	 31 	 200 	 1058 	 0
1787310806335 	 23 	 200 	 1059 	 0
1787310806577 	 22 	 200 	 1060 	 0
1787310806949 	 23 	 200 	 1061 	 0
1787310806991 	 18 	 200 	 1062 	 0
1787310807476 	 35 	 200 	 1063 	 0
1787310808242 	 34 	 200 	 1064 	 0
1787310808662 	 13 	 200 	 1065 	 0
1787310809249 	 36 	 200 	 1066 	 0
1787310809760 	 20 	 200 	 1067 	 0
1787310809855 	 37 	 200 	 1068 	 0
1787310810096 	 24 	 200 	 1069 	 0
1787310810199 	 18 	 200 	 1070 	 0
1787310810365 	 19 	 200 	 1071 	 0
1787310810607 	 12 	 200 	 1072 	 0
1787310810822 	 14 	 200 	 1073 	 0
1787310810862 	 26 	 200 	 1074 	 0
1787310811084 	 14 	 200 	 1075 	 0
1787310811522 	 13 	 200 	 1076 	 0
1787310811709 	 37 	 200 	 1077 	 0
1787310811776 	 13 	 200 	 1078 	 0
1787310812802 	 18 	 200 	 1079 	 0
1787310812828 	 16 	 200 	 1082 	 2
1787310812831 	 15 	 200 	 1082 	 1
1787310812829 	 23 	 200 	 1083 	 1
1787310812851 	 16 	 200 	 1083 	 0
1787310812876 	 15 	 200 	 1085 	 1
1787310812888 	 13 	 200 	 1085 	 0
1787310812902 	 16 	 200 	 1087 	 1
1787310812914 	 15 	 200 	 1090 	 3
1787310812920 	 17 	 200 	 1090 	 2
1787310812922 	 17 	 200 	 1090 	 1
1787310812928 	 15 	 200 	 1090 	 0
1787310812945 	 14 	 200 	 1091 	 0
1787310813756 	 24 	 200 	 1092 	 0
1787310814267 	 14 	 200 	 1093 	 0
1787310815649 	 16 	 200 	 1094 	 0
1787310816016 	 14 	 200 	 1095 	 0
1787310816188 	 38 	 200 	 1096 	 0
1787310816533 	 23 	 200 	 1097 	 0
1787310816629 	 13 	 200 	 1098 	 0
1787310817056 	 38 	 200 	 1099 	 0
1787310817158 	 26 	 200 	 1100 	 0
1787310817204 	 14 	 200 	 1101 	 0
1787310817951 	 37 	 200 	 1102 	 0
1787310818134 	 31 	 200 	 1103 	 0
1787310818710 	 14 	 200 	 1104 	 0
1787310818734 	 15 	 200 	 1105 	 0
1787310818762 	 25 	 200 	 1106 	 0
1787310818817 	 13 	 200 	 1107 	 0
1787310818842 	 24 	 200 	 1109 	 1
1787310818856 	 21 	 200 	 1111 	 2
1787310818872 	 17 	 200 	 1111 	 1
1787310818912 	 13 	 200 	 1112 	 1
1787310818939 	 16 	 200 	 1115 	 3
1787310818946 	 16 	 200 	 1115 	 2
1787310818964 	 21 	 200 	 1119 	 5
1787310818970 	 16 	 200 	 1119 	 4
1787310818872 	 117 	 200 	 1119 	 3
1787310818943 	 46 	 200 	 1119 	 2
1787310818976 	 17 	 200 	 1119 	 1
1787310818976 	 17 	 200 	 1119 	 0
1787310819007 	 14 	 200 	 1121 	 1
1787310819019 	 24 	 200 	 1124 	 3
1787310819029 	 15 	 200 	 1124 	 2
1787310819027 	 19 	 200 	 1125 	 2
1787310819045 	 15 	 200 	 1125 	 1
1787310819044 	 18 	 200 	 1125 	 0
1787310819065 	 16 	 200 	 1128 	 2
1787310819069 	 13 	 200 	 1128 	 1
1787310819077 	 24 	 200 	 1130 	 2
1787310819090 	 16 	 200 	 1130 	 1
1787310819083 	 23 	 200 	 1130 	 0
1787310819110 	 13 	 200 	 1131 	 0
1787310819132 	 12 	 200 	 1132 	 1
1787310819146 	 14 	 200 	 1136 	 3
1787310819147 	 15 	 200 	 1136 	 2
1787310819149 	 16 	 200 	 1137 	 2
1787310819145 	 21 	 200 	 1137 	 1
1787310819164 	 14 	 200 	 1137 	 0
1787310819181 	 13 	 200 	 1139 	 1
1787310819185 	 14 	 200 	 1139 	 0
1787310819202 	 14 	 200 	 1141 	 1
1787310819212 	 13 	 200 	 1143 	 2
1787310819220 	 14 	 200 	 1143 	 1
1787310819225 	 17 	 200 	 1143 	 0
1787310819246 	 21 	 200 	 1147 	 3
1787310819248 	 23 	 200 	 1147 	 2
1787310819257 	 15 	 200 	 1147 	 1
1787310819261 	 15 	 200 	 1147 	 0
1787310819279 	 14 	 200 	 1149 	 1
1787310819289 	 14 	 200 	 1149 	 0
1787310819305 	 14 	 200 	 1152 	 2
1787310819306 	 15 	 200 	 1152 	 1
1787310819313 	 31 	 200 	 1158 	 6
1787310819327 	 20 	 200 	 1158 	 5
1787310819327 	 22 	 200 	 1160 	 6
1787310819336 	 26 	 200 	 1160 	 5
1787310819343 	 37 	 200 	 1163 	 7
1787310819349 	 38 	 200 	 1163 	 6
1787310819332 	 61 	 200 	 1163 	 5
1787310819338 	 56 	 200 	 1163 	 4
1787310819349 	 46 	 200 	 1163 	 3
1787310819379 	 28 	 200 	 1164 	 4
1787310819372 	 37 	 200 	 1165 	 3
1787310819398 	 44 	 200 	 1166 	 3
1787310819369 	 74 	 200 	 1166 	 2
1787310819435 	 22 	 200 	 1166 	 1
1787310819409 	 49 	 200 	 1166 	 0
1787310819460 	 19 	 200 	 1168 	 1
1787310819461 	 21 	 200 	 1168 	 0
1787310819491 	 15 	 200 	 1171 	 2
1787310819490 	 17 	 200 	 1171 	 1
1787310819492 	 18 	 200 	 1171 	 0
1787310819529 	 12 	 200 	 1172 	 0
1787310819559 	 12 	 200 	 1174 	 1
1787310819572 	 13 	 200 	 1175 	 1
1787310819585 	 14 	 200 	 1175 	 0
1787310819603 	 26 	 200 	 1180 	 4
1787310819611 	 19 	 200 	 1180 	 3
1787310819614 	 18 	 200 	 1180 	 2
1787310819613 	 20 	 200 	 1180 	 1
1787310819619 	 17 	 200 	 1180 	 0
1787310819644 	 14 	 200 	 1182 	 1
1787310819658 	 15 	 200 	 1182 	 0
1787310819685 	 24 	 200 	 1183 	 0
1787310819723 	 14 	 200 	 1185 	 1
1787310819724 	 15 	 200 	 1185 	 0
1787310819756 	 14 	 200 	 1188 	 2
1787310819752 	 22 	 200 	 1188 	 1
1787310819771 	 14 	 200 	 1189 	 1
1787310819781 	 15 	 200 	 1191 	 2
1787310819788 	 15 	 200 	 1192 	 2
1787310819794 	 16 	 200 	 1194 	 3
1787310819800 	 15 	 200 	 1194 	 2
1787310819806 	 21 	 200 	 1196 	 3
1787310819821 	 17 	 200 	 1197 	 3
1787310819820 	 22 	 200 	 1197 	 2
1787310819809 	 34 	 200 	 1197 	 1
1787310819832 	 23 	 200 	 1197 	 0
1787310819868 	 18 	 200 	 1199 	 1
1787310819874 	 14 	 200 	 1199 	 0
1787310819894 	 12 	 200 	 1200 	 0
1787310819919 	 14 	 200 	 1201 	 0
1787310819951 	 14 	 200 	 1205 	 3
1787310819949 	 17 	 200 	 1205 	 2
1787310819944 	 25 	 200 	 1206 	 2
1787310819954 	 18 	 200 	 1206 	 1
1787310819968 	 14 	 200 	 1206 	 0
1787310819989 	 16 	 200 	 1208 	 1
1787310820005 	 15 	 200 	 1209 	 1
1787310820008 	 13 	 200 	 1209 	 0
1787310820031 	 18 	 200 	 1211 	 1
1787310820041 	 17 	 200 	 1211 	 0
1787310820062 	 22 	 200 	 1213 	 1
1787310820083 	 13 	 200 	 1214 	 1
1787310820092 	 14 	 200 	 1214 	 0
1787310820131 	 16 	 200 	 1216 	 1
1787310820143 	 14 	 200 	 1216 	 0
1787310820159 	 13 	 200 	 1217 	 0
1787310820173 	 20 	 200 	 1218 	 0
1787310820203 	 25 	 200 	 1222 	 3
1787310820220 	 21 	 200 	 1226 	 6
1787310820222 	 22 	 200 	 1226 	 5
1787310820218 	 31 	 200 	 1226 	 4
1787310820230 	 22 	 200 	 1227 	 4
1787310820236 	 21 	 200 	 1227 	 3
1787310820252 	 42 	 200 	 1231 	 6
1787310820242 	 53 	 200 	 1231 	 6
1787310820240 	 59 	 200 	 1232 	 5
1787310820267 	 44 	 200 	 1232 	 4
1787310820258 	 53 	 200 	 1232 	 3
1787310820294 	 23 	 200 	 1232 	 2
1787310820297 	 26 	 200 	 1232 	 1
1787310820268 	 59 	 200 	 1233 	 1
1787310820325 	 31 	 200 	 1234 	 1
1787310820354 	 14 	 200 	 1235 	 1
1787310820369 	 15 	 200 	 1236 	 1
1787310820379 	 15 	 200 	 1237 	 1
1787310820389 	 15 	 200 	 1238 	 1
1787310820401 	 14 	 200 	 1238 	 0
1787310820424 	 14 	 200 	 1239 	 0
1787310820664 	 13 	 200 	 1240 	 0
1787310821328 	 31 	 200 	 1241 	 0
1787310821750 	 27 	 200 	 1242 	 0
1787310821905 	 14 	 200 	 1243 	 0
1787310822163 	 20 	 200 	 1244 	 0
1787310822229 	 32 	 200 	 1246 	 1
1787310822253 	 17 	 200 	 1246 	 0
1787310822297 	 17 	 200 	 1247 	 0
1787310823216 	 35 	 200 	 1248 	 0
1787310823384 	 38 	 200 	 1249 	 0
1787310824166 	 20 	 200 	 1251 	 1
1787310823885 	 355 	 200 	 1251 	 0
1787310824241 	 13 	 200 	 1252 	 0
1787310824355 	 13 	 200 	 1253 	 0
1787310824586 	 13 	 200 	 1254 	 0
1787310824818 	 12 	 200 	 1255 	 0
1787310825113 	 26 	 200 	 1256 	 0
1787310825182 	 28 	 200 	 1257 	 0
1787310825369 	 15 	 200 	 1258 	 0
1787310825502 	 23 	 200 	 1259 	 0
1787310825712 	 26 	 200 	 1260 	 0
1787310825878 	 23 	 200 	 1261 	 0
1787310826242 	 36 	 200 	 1262 	 0
1787310826865 	 15 	 200 	 1263 	 0
1787310827281 	 13 	 200 	 1264 	 0
1787310827308 	 15 	 200 	 1265 	 0
1787310827348 	 12 	 200 	 1266 	 0
1787310827802 	 38 	 200 	 1267 	 0
1787310827936 	 16 	 200 	 1268 	 0
1787310828451 	 21 	 200 	 1269 	 0
1787310828878 	 13 	 200 	 1270 	 0
1787310829825 	 31 	 200 	 1275 	 4
1787310829831 	 37 	 200 	 1275 	 3
1787310829844 	 28 	 200 	 1275 	 2
1787310829852 	 22 	 200 	 1275 	 1
1787310829846 	 29 	 200 	 1275 	 0
1787310829904 	 14 	 200 	 1276 	 0
1787310829922 	 15 	 200 	 1278 	 1
1787310829929 	 13 	 200 	 1278 	 0
1787310829943 	 14 	 200 	 1279 	 0
1787310829985 	 17 	 200 	 1282 	 2
1787310829990 	 15 	 200 	 1282 	 1
1787310829997 	 13 	 200 	 1282 	 0
1787310830021 	 13 	 200 	 1283 	 0
1787310830046 	 14 	 200 	 1284 	 0
1787310830063 	 13 	 200 	 1285 	 0
1787310830089 	 13 	 200 	 1286 	 0
1787310830109 	 12 	 200 	 1287 	 0
1787310830127 	 13 	 200 	 1289 	 1
1787310830138 	 19 	 200 	 1290 	 1
1787310830153 	 13 	 200 	 1291 	 1
1787310830162 	 15 	 200 	 1294 	 3
1787310830168 	 18 	 200 	 1295 	 3
1787310830182 	 15 	 200 	 1295 	 2
1787310830179 	 22 	 200 	 1295 	 1
1787310830175 	 34 	 200 	 1295 	 0
1787310830226 	 19 	 200 	 1300 	 4
1787310830236 	 19 	 200 	 1300 	 3
1787310830240 	 18 	 200 	 1300 	 2
1787310830242 	 20 	 200 	 1300 	 1
1787310830243 	 22 	 200 	 1300 	 0
1787310830271 	 17 	 200 	 1302 	 1
1787310830273 	 17 	 200 	 1302 	 0
1787310830295 	 12 	 200 	 1303 	 0
1787310830322 	 16 	 200 	 1304 	 0
1787310830354 	 23 	 200 	 1307 	 2
1787310830356 	 21 	 200 	 1307 	 1
1787310830361 	 19 	 200 	 1307 	 0
1787310830383 	 14 	 200 	 1311 	 3
1787310830385 	 14 	 200 	 1311 	 2
1787310830392 	 30 	 200 	 1312 	 2
1787310830395 	 29 	 200 	 1312 	 1
1787310830421 	 20 	 200 	 1312 	 0
1787310830443 	 13 	 200 	 1313 	 0
1787310830468 	 15 	 200 	 1316 	 2
1787310830471 	 14 	 200 	 1316 	 1
1787310830487 	 12 	 200 	 1317 	 1
1787310830480 	 22 	 200 	 1317 	 0
1787310830504 	 19 	 200 	 1321 	 3
1787310830508 	 16 	 200 	 1321 	 2
1787310830517 	 24 	 200 	 1321 	 1
1787310830522 	 21 	 200 	 1322 	 1
1787310830569 	 15 	 200 	 1325 	 3
1787310830594 	 24 	 200 	 1327 	 4
1787310830552 	 69 	 200 	 1327 	 3
1787310830603 	 18 	 200 	 1327 	 2
1787310830630 	 39 	 200 	 1329 	 3
1787310830681 	 15 	 200 	 1330 	 3
1787310830563 	 152 	 200 	 1330 	 2
1787310830637 	 131 	 200 	 1334 	 5
1787310830753 	 19 	 200 	 1334 	 4
1787310830765 	 18 	 200 	 1335 	 4
1787310830776 	 15 	 200 	 1335 	 3
1787310830827 	 12 	 200 	 1336 	 3
1787310830853 	 21 	 200 	 1337 	 3
1787310830877 	 38 	 200 	 1341 	 6
1787310830758 	 158 	 200 	 1341 	 5
1787310830744 	 173 	 200 	 1341 	 4
1787310830879 	 39 	 200 	 1341 	 3
1787310830883 	 39 	 200 	 1341 	 2
1787310830899 	 23 	 200 	 1341 	 1
1787310830944 	 29 	 200 	 1345 	 4
1787310830942 	 37 	 200 	 1345 	 3
1787310830930 	 50 	 200 	 1345 	 2
1787310830972 	 15 	 200 	 1345 	 1
1787310831005 	 22 	 200 	 1348 	 3
1787310831000 	 78 	 200 	 1352 	 6
1787310831027 	 53 	 200 	 1352 	 5
1787310831032 	 52 	 200 	 1352 	 4
1787310831067 	 57 	 200 	 1353 	 4
1787310831069 	 96 	 200 	 1360 	 10
1787310831126 	 47 	 200 	 1360 	 9
1787310831122 	 52 	 200 	 1360 	 8
1787310831143 	 34 	 200 	 1360 	 7
1787310830543 	 635 	 200 	 1360 	 6
1787310831141 	 79 	 200 	 1360 	 5
1787310831142 	 78 	 200 	 1360 	 4
1787310831079 	 153 	 200 	 1360 	 3
1787310831154 	 85 	 200 	 1361 	 3
1787310831135 	 103 	 200 	 1361 	 2
1787310831157 	 83 	 200 	 1361 	 1
1787310831242 	 33 	 200 	 1363 	 2
1787310831243 	 34 	 200 	 1363 	 1
1787310831283 	 14 	 200 	 1364 	 1
1787310831310 	 13 	 200 	 1365 	 1
1787310831235 	 102 	 200 	 1366 	 1
1787310831327 	 13 	 200 	 1366 	 0
1787310831349 	 17 	 200 	 1369 	 2
1787310831351 	 19 	 200 	 1369 	 1
1787310831357 	 15 	 200 	 1369 	 0
1787310831384 	 13 	 200 	 1370 	 0
1787310831403 	 14 	 200 	 1372 	 1
1787310831402 	 17 	 200 	 1372 	 0
1787310831430 	 18 	 200 	 1377 	 4
1787310831432 	 16 	 200 	 1377 	 3
1787310831436 	 16 	 200 	 1377 	 2
1787310831422 	 31 	 200 	 1377 	 1
1787310831431 	 23 	 200 	 1377 	 0
1787310831463 	 13 	 200 	 1379 	 1
1787310831476 	 15 	 200 	 1379 	 0
1787310831495 	 16 	 200 	 1382 	 2
1787310831508 	 14 	 200 	 1385 	 4
1787310831507 	 18 	 200 	 1385 	 3
1787310831514 	 16 	 200 	 1386 	 3
1787310831519 	 17 	 200 	 1386 	 2
1787310831520 	 18 	 200 	 1386 	 1
1787310831527 	 16 	 200 	 1386 	 0
1787310831551 	 21 	 200 	 1389 	 2
1787310831561 	 14 	 200 	 1389 	 1
1787310831562 	 26 	 200 	 1389 	 0
1787310831598 	 19 	 200 	 1392 	 2
1787310831612 	 19 	 200 	 1395 	 4
1787310831612 	 31 	 200 	 1396 	 4
1787310831623 	 25 	 200 	 1396 	 3
1787310831629 	 19 	 200 	 1396 	 2
1787310831627 	 23 	 200 	 1396 	 1
1787310831638 	 17 	 200 	 1397 	 1
1787310831651 	 17 	 200 	 1399 	 2
1787310831655 	 15 	 200 	 1399 	 1
1787310831664 	 14 	 200 	 1399 	 0
1787310831681 	 13 	 200 	 1401 	 1
1787310831681 	 24 	 200 	 1401 	 0
1787310831737 	 20 	 200 	 1404 	 2
1787310831738 	 21 	 200 	 1404 	 1
1787310831749 	 15 	 200 	 1405 	 1
1787310831759 	 14 	 200 	 1405 	 0
1787310831846 	 19 	 200 	 1409 	 3
1787310831871 	 13 	 200 	 1410 	 3
1787310831839 	 89 	 200 	 1410 	 2
1787310831856 	 72 	 200 	 1410 	 1
1787310831935 	 16 	 200 	 1413 	 3
1787310831935 	 31 	 200 	 1415 	 4
1787310831958 	 15 	 200 	 1415 	 3
1787310831999 	 23 	 200 	 1418 	 5
1787310832047 	 28 	 200 	 1422 	 8
1787310831930 	 147 	 200 	 1422 	 7
1787310832047 	 32 	 200 	 1422 	 6
1787310831984 	 137 	 200 	 1426 	 9
1787310832088 	 39 	 200 	 1426 	 8
1787310831965 	 163 	 200 	 1426 	 7
1787310832085 	 45 	 200 	 1426 	 6
1787310832041 	 90 	 200 	 1426 	 5
1787310832153 	 19 	 200 	 1428 	 6
1787310832021 	 198 	 200 	 1434 	 11
1787310832201 	 29 	 200 	 1436 	 12
1787310832178 	 95 	 200 	 1438 	 13
1787310832217 	 60 	 200 	 1438 	 12
1787310832138 	 180 	 200 	 1438 	 11
1787310832211 	 109 	 200 	 1438 	 10
1787310832060 	 260 	 200 	 1438 	 9
1787310832221 	 100 	 200 	 1438 	 8
1787310832216 	 107 	 200 	 1438 	 7
1787310832272 	 54 	 200 	 1438 	 6
1787310832179 	 187 	 200 	 1441 	 8
1787310832351 	 20 	 200 	 1441 	 7
1787310832356 	 21 	 200 	 1442 	 7
1787310832340 	 79 	 200 	 1445 	 9
1787310832120 	 301 	 200 	 1445 	 8
1787310832380 	 42 	 200 	 1445 	 7
1787310832409 	 15 	 200 	 1445 	 6
1787310832377 	 49 	 200 	 1445 	 5
1787310832220 	 211 	 200 	 1445 	 4
1787310832111 	 326 	 200 	 1445 	 3
1787310832446 	 23 	 200 	 1449 	 6
1787310832454 	 16 	 200 	 1449 	 5
1787310832487 	 33 	 200 	 1451 	 6
1787310832508 	 14 	 200 	 1451 	 5
1787310832261 	 263 	 200 	 1451 	 4
1787310832387 	 152 	 200 	 1451 	 3
1787310832448 	 170 	 200 	 1455 	 6
1787310832440 	 178 	 200 	 1455 	 5
1787310832542 	 77 	 200 	 1455 	 4
1787310832549 	 71 	 200 	 1455 	 3
1787310831827 	 793 	 200 	 1455 	 2
1787310832604 	 18 	 200 	 1455 	 1
1787310832614 	 17 	 200 	 1456 	 1
1787310832624 	 12 	 200 	 1456 	 0
1787310832663 	 15 	 200 	 1458 	 1
1787310832674 	 13 	 200 	 1458 	 0
1787310832698 	 17 	 200 	 1459 	 0
1787310832718 	 45 	 200 	 1463 	 3
1787310832733 	 33 	 200 	 1463 	 2
1787310832719 	 49 	 200 	 1463 	 1
1787310832759 	 21 	 200 	 1466 	 3
1787310832770 	 16 	 200 	 1466 	 2
1787310832777 	 15 	 200 	 1466 	 1
1787310832776 	 25 	 200 	 1468 	 2
1787310832794 	 33 	 200 	 1470 	 3
1787310832799 	 28 	 200 	 1470 	 2
1787310832813 	 16 	 200 	 1470 	 1
1787310832821 	 16 	 200 	 1470 	 0
1787310832839 	 14 	 200 	 1473 	 2
1787310832845 	 13 	 200 	 1473 	 1
1787310832846 	 15 	 200 	 1473 	 0
1787310832877 	 13 	 200 	 1475 	 1
1787310832883 	 14 	 200 	 1475 	 0
1787310832982 	 19 	 200 	 1477 	 1
1787310832978 	 24 	 200 	 1477 	 0
1787310833041 	 13 	 200 	 1478 	 0
1787310833085 	 14 	 200 	 1480 	 1
1787310833087 	 13 	 200 	 1480 	 0
1787310833102 	 12 	 200 	 1482 	 1
1787310833109 	 13 	 200 	 1482 	 0
1787310833133 	 15 	 200 	 1483 	 0
1787310833150 	 14 	 200 	 1484 	 0
1787310833196 	 18 	 200 	 1487 	 2
1787310833198 	 19 	 200 	 1487 	 1
1787310833212 	 14 	 200 	 1487 	 0
1787310833236 	 24 	 200 	 1491 	 3
1787310833235 	 27 	 200 	 1491 	 2
1787310833235 	 29 	 200 	 1491 	 1
1787310833259 	 14 	 200 	 1493 	 2
1787310833266 	 12 	 200 	 1493 	 1
1787310833273 	 14 	 200 	 1494 	 1
1787310833286 	 12 	 200 	 1494 	 0
1787310833300 	 12 	 200 	 1495 	 0
1787310833317 	 14 	 200 	 1496 	 0
1787310833361 	 24 	 200 	 1498 	 1
1787310833368 	 20 	 200 	 1498 	 0
1787310833390 	 12 	 200 	 1499 	 0
1787310833403 	 15 	 200 	 1501 	 1
1787310833414 	 13 	 200 	 1502 	 1
1787310833421 	 13 	 200 	 1502 	 0
1787310833437 	 14 	 200 	 1505 	 2
1787310833443 	 14 	 200 	 1505 	 1
1787310833442 	 15 	 200 	 1505 	 0
1787310833463 	 14 	 200 	 1507 	 1
1787310833474 	 21 	 200 	 1509 	 2
1787310833481 	 17 	 200 	 1510 	 2
1787310833493 	 16 	 200 	 1511 	 2
1787310833498 	 12 	 200 	 1512 	 2
1787310833502 	 14 	 200 	 1512 	 1
1787310833511 	 14 	 200 	 1512 	 0
1787310833596 	 20 	 200 	 1514 	 1
1787310833601 	 16 	 200 	 1514 	 0
1787310833638 	 13 	 200 	 1517 	 2
1787310833648 	 16 	 200 	 1517 	 1
1787310833650 	 16 	 200 	 1517 	 0
1787310833679 	 13 	 200 	 1519 	 1
1787310833688 	 18 	 200 	 1519 	 0
1787310833722 	 14 	 200 	 1522 	 2
1787310833732 	 13 	 200 	 1522 	 1
1787310833731 	 18 	 200 	 1523 	 1
1787310833749 	 15 	 200 	 1523 	 0
1787310833777 	 15 	 200 	 1527 	 3
1787310833783 	 15 	 200 	 1527 	 2
1787310833790 	 19 	 200 	 1528 	 2
1787310833791 	 18 	 200 	 1528 	 1
1787310833802 	 13 	 200 	 1528 	 0
1787310833836 	 14 	 200 	 1529 	 0
1787310833864 	 13 	 200 	 1530 	 0
1787310833883 	 12 	 200 	 1531 	 0
1787310833922 	 30 	 200 	 1533 	 1
1787310833937 	 28 	 200 	 1534 	 1
1787310833961 	 15 	 200 	 1534 	 0
1787310834013 	 31 	 200 	 1535 	 0
1787310834103 	 33 	 200 	 1536 	 0
1787310834162 	 36 	 200 	 1537 	 0
1787310834787 	 28 	 200 	 1539 	 1
1787310834798 	 18 	 200 	 1539 	 0
1787310835121 	 12 	 200 	 1540 	 0
1787310835305 	 13 	 200 	 1541 	 0
1787310835956 	 32 	 200 	 1542 	 0
1787310836277 	 14 	 200 	 1543 	 0
1787310836656 	 12 	 200 	 1544 	 0
1787310836692 	 13 	 200 	 1545 	 0
1787310836840 	 33 	 200 	 1548 	 2
1787310836859 	 24 	 200 	 1548 	 1
1787310836892 	 14 	 200 	 1549 	 1
1787310836870 	 38 	 200 	 1549 	 0
1787310836918 	 16 	 200 	 1551 	 1
1787310836919 	 17 	 200 	 1551 	 0
1787310836973 	 14 	 200 	 1552 	 0
1787310836989 	 16 	 200 	 1554 	 1
1787310836998 	 15 	 200 	 1554 	 0
1787310837015 	 20 	 200 	 1556 	 1
1787310837021 	 17 	 200 	 1556 	 0
1787310837053 	 12 	 200 	 1557 	 0
1787310837075 	 13 	 200 	 1558 	 0
1787310837091 	 13 	 200 	 1560 	 1
1787310837094 	 12 	 200 	 1560 	 0
1787310837144 	 20 	 200 	 1562 	 1
1787310837153 	 16 	 200 	 1562 	 0
1787310837192 	 18 	 200 	 1568 	 5
1787310837189 	 25 	 200 	 1568 	 4
1787310837190 	 24 	 200 	 1568 	 3
1787310837195 	 24 	 200 	 1568 	 2
1787310837203 	 18 	 200 	 1569 	 2
1787310837197 	 26 	 200 	 1569 	 1
1787310837228 	 27 	 200 	 1570 	 1
1787310837222 	 32 	 200 	 1570 	 0
1787310837270 	 31 	 200 	 1571 	 0
1787310837304 	 13 	 200 	 1572 	 0
1787310837332 	 14 	 200 	 1574 	 1
1787310837337 	 15 	 200 	 1575 	 1
1787310837352 	 14 	 200 	 1577 	 2
1787310837364 	 16 	 200 	 1578 	 2
1787310837366 	 17 	 200 	 1579 	 2
1787310837371 	 16 	 200 	 1579 	 1
1787310837393 	 16 	 200 	 1581 	 2
1787310837383 	 34 	 200 	 1581 	 1
1787310837396 	 24 	 200 	 1581 	 0
1787310837438 	 16 	 200 	 1583 	 1
1787310837441 	 15 	 200 	 1583 	 0
1787310837457 	 14 	 200 	 1584 	 0
1787310837476 	 13 	 200 	 1586 	 1
1787310837490 	 13 	 200 	 1586 	 0
1787310837518 	 13 	 200 	 1588 	 1
1787310837530 	 15 	 200 	 1588 	 0
1787310837558 	 12 	 200 	 1591 	 2
1787310837556 	 21 	 200 	 1592 	 2
1787310837557 	 23 	 200 	 1592 	 1
1787310837573 	 16 	 200 	 1593 	 1
1787310837586 	 12 	 200 	 1593 	 0
1787310837602 	 12 	 200 	 1594 	 0
1787310837623 	 16 	 200 	 1596 	 1
1787310837632 	 17 	 200 	 1597 	 1
1787310837647 	 13 	 200 	 1598 	 1
1787310837657 	 17 	 200 	 1599 	 1
1787310837672 	 20 	 200 	 1600 	 1
1787310837677 	 18 	 200 	 1600 	 0
1787310837724 	 17 	 200 	 1602 	 1
1787310837734 	 21 	 200 	 1602 	 0
1787310837759 	 12 	 200 	 1603 	 0
1787310837776 	 20 	 200 	 1608 	 4
1787310837782 	 25 	 200 	 1610 	 5
1787310837792 	 16 	 200 	 1610 	 4
1787310837783 	 27 	 200 	 1610 	 3
1787310837781 	 31 	 200 	 1610 	 2
1787310837802 	 19 	 200 	 1611 	 2
1787310837805 	 15 	 200 	 1611 	 1
1787310837819 	 15 	 200 	 1612 	 1
1787310837825 	 16 	 200 	 1612 	 0
1787310837844 	 12 	 200 	 1613 	 0
1787310837864 	 12 	 200 	 1614 	 0
1787310837893 	 13 	 200 	 1615 	 0
1787310837949 	 15 	 200 	 1618 	 2
1787310837951 	 18 	 200 	 1619 	 2
1787310837958 	 13 	 200 	 1619 	 1
1787310837970 	 17 	 200 	 1621 	 2
1787310837976 	 15 	 200 	 1622 	 2
1787310837986 	 21 	 200 	 1626 	 5
1787310837995 	 21 	 200 	 1626 	 4
1787310837990 	 28 	 200 	 1626 	 3
1787310837996 	 22 	 200 	 1626 	 2
1787310838001 	 19 	 200 	 1626 	 1
1787310838008 	 36 	 200 	 1628 	 2
1787310838027 	 44 	 200 	 1631 	 4
1787310838060 	 16 	 200 	 1631 	 3
1787310838023 	 57 	 200 	 1632 	 3
1787310838057 	 25 	 200 	 1632 	 2
1787310838066 	 23 	 200 	 1633 	 2
1787310838079 	 17 	 200 	 1633 	 1
1787310838084 	 20 	 200 	 1633 	 0
1787310838106 	 17 	 200 	 1635 	 1
1787310838116 	 15 	 200 	 1636 	 1
1787310838127 	 29 	 200 	 1639 	 3
1787310838144 	 15 	 200 	 1639 	 2
1787310838143 	 17 	 200 	 1639 	 1
1787310838137 	 23 	 200 	 1639 	 0
1787310838187 	 20 	 200 	 1641 	 1
1787310838197 	 16 	 200 	 1641 	 0
1787310838248 	 31 	 200 	 1646 	 4
1787310838252 	 30 	 200 	 1646 	 3
1787310838261 	 22 	 200 	 1646 	 2
1787310838270 	 18 	 200 	 1646 	 1
1787310838259 	 31 	 200 	 1646 	 0
1787310838302 	 22 	 200 	 1648 	 1
1787310838318 	 15 	 200 	 1649 	 1
1787310838327 	 15 	 200 	 1650 	 1
1787310838339 	 15 	 200 	 1650 	 0
1787310838367 	 15 	 200 	 1652 	 1
1787310838375 	 15 	 200 	 1652 	 0
1787310838407 	 16 	 200 	 1653 	 0
1787310838427 	 14 	 200 	 1654 	 0
1787310838455 	 14 	 200 	 1657 	 2
1787310838449 	 20 	 200 	 1657 	 1
1787310838463 	 14 	 200 	 1658 	 1
1787310838476 	 14 	 200 	 1660 	 2
1787310838479 	 13 	 200 	 1661 	 2
1787310838491 	 14 	 200 	 1662 	 2
1787310838493 	 16 	 200 	 1662 	 1
1787310838503 	 19 	 200 	 1662 	 0
1787310838525 	 20 	 200 	 1664 	 1
1787310838529 	 19 	 200 	 1664 	 0
1787310838597 	 13 	 200 	 1665 	 0
1787310838614 	 13 	 200 	 1667 	 1
1787310838616 	 18 	 200 	 1667 	 0
1787310838672 	 32 	 200 	 1670 	 2
1787310838679 	 32 	 200 	 1671 	 2
1787310838703 	 14 	 200 	 1671 	 1
1787310838709 	 13 	 200 	 1671 	 0
1787310838751 	 14 	 200 	 1672 	 0
1787310838772 	 16 	 200 	 1675 	 2
1787310838775 	 13 	 200 	 1675 	 1
1787310838786 	 14 	 200 	 1678 	 3
1787310838797 	 15 	 200 	 1679 	 3
1787310838797 	 15 	 200 	 1679 	 2
1787310838799 	 19 	 200 	 1680 	 2
1787310838805 	 14 	 200 	 1680 	 1
1787310838815 	 18 	 200 	 1681 	 1
1787310838824 	 20 	 200 	 1682 	 1
1787310838838 	 15 	 200 	 1683 	 1
1787310838849 	 13 	 200 	 1684 	 1
1787310838855 	 12 	 200 	 1684 	 0
1787310838869 	 14 	 200 	 1686 	 1
1787310838872 	 20 	 200 	 1686 	 0
1787310838942 	 14 	 200 	 1687 	 0
1787310838962 	 16 	 200 	 1690 	 2
1787310838968 	 15 	 200 	 1690 	 1
1787310838974 	 16 	 200 	 1690 	 0
1787310839000 	 13 	 200 	 1692 	 1
1787310839012 	 12 	 200 	 1692 	 0
1787310839035 	 13 	 200 	 1694 	 1
1787310839030 	 19 	 200 	 1694 	 0
1787310839061 	 15 	 200 	 1696 	 1
1787310839068 	 15 	 200 	 1696 	 0
1787310839084 	 15 	 200 	 1697 	 0
1787310839143 	 20 	 200 	 1699 	 1
1787310839156 	 15 	 200 	 1699 	 0
1787310839180 	 12 	 200 	 1700 	 0
1787310839199 	 16 	 200 	 1701 	 0
1787310839217 	 13 	 200 	 1704 	 2
1787310839217 	 15 	 200 	 1704 	 1
1787310839227 	 16 	 200 	 1704 	 0
1787310839278 	 15 	 200 	 1705 	 0
1787310839301 	 15 	 200 	 1706 	 0
1787310839324 	 14 	 200 	 1708 	 1
1787310839336 	 13 	 200 	 1708 	 0
1787310839356 	 12 	 200 	 1709 	 1
1787310839369 	 13 	 200 	 1711 	 1
1787310839372 	 12 	 200 	 1711 	 0
1787310839386 	 14 	 200 	 1713 	 1
1787310839401 	 16 	 200 	 1713 	 0
1787310839429 	 13 	 200 	 1715 	 1
1787310839431 	 15 	 200 	 1715 	 0
1787310839449 	 13 	 200 	 1717 	 1
1787310839448 	 14 	 200 	 1717 	 0
1787310839495 	 19 	 200 	 1722 	 4
1787310839493 	 22 	 200 	 1722 	 3
1787310839495 	 19 	 200 	 1722 	 2
1787310839501 	 17 	 200 	 1722 	 1
1787310839503 	 17 	 200 	 1722 	 0
1787310839521 	 14 	 200 	 1724 	 1
1787310839529 	 14 	 200 	 1724 	 0
1787310839551 	 15 	 200 	 1725 	 0
1787310839589 	 15 	 200 	 1726 	 0
1787310839620 	 14 	 200 	 1727 	 0
1787310839641 	 16 	 200 	 1732 	 4
1787310839640 	 17 	 200 	 1732 	 3
1787310839647 	 16 	 200 	 1732 	 2
1787310839643 	 20 	 200 	 1732 	 1
1787310839652 	 15 	 200 	 1732 	 0
1787310839669 	 13 	 200 	 1734 	 1
1787310839680 	 13 	 200 	 1736 	 2
1787310839688 	 15 	 200 	 1736 	 1
1787310839686 	 17 	 200 	 1736 	 0
1787310839725 	 22 	 200 	 1739 	 2
1787310839731 	 32 	 200 	 1740 	 2
1787310839738 	 32 	 200 	 1740 	 1
1787310839760 	 16 	 200 	 1740 	 0
1787310839779 	 15 	 200 	 1742 	 1
1787310839826 	 17 	 200 	 1746 	 4
1787310839834 	 20 	 200 	 1748 	 5
1787310839850 	 25 	 200 	 1748 	 4
1787310839846 	 29 	 200 	 1748 	 3
1787310839909 	 20 	 200 	 1752 	 6
1787310839914 	 17 	 200 	 1752 	 5
1787310839830 	 104 	 200 	 1752 	 4
1787310839904 	 65 	 200 	 1755 	 6
1787310839936 	 81 	 200 	 1758 	 8
1787310839942 	 80 	 200 	 1759 	 8
1787310839989 	 35 	 200 	 1759 	 7
1787310839948 	 84 	 200 	 1759 	 6
1787310840013 	 21 	 200 	 1759 	 5
1787310839812 	 222 	 200 	 1759 	 4
1787310840018 	 26 	 200 	 1761 	 5
1787310840020 	 50 	 200 	 1761 	 4
1787310840037 	 92 	 200 	 1763 	 5
1787310840103 	 28 	 200 	 1763 	 4
1787310840128 	 12 	 200 	 1763 	 3
1787310839918 	 260 	 200 	 1764 	 3
1787310840199 	 22 	 200 	 1767 	 5
1787310840209 	 15 	 200 	 1767 	 4
1787310840204 	 22 	 200 	 1767 	 3
1787310840044 	 188 	 200 	 1768 	 3
1787310840234 	 36 	 200 	 1773 	 7
1787310840248 	 70 	 200 	 1775 	 8
1787310840257 	 68 	 200 	 1775 	 7
1787310840243 	 82 	 200 	 1775 	 6
1787310840261 	 64 	 200 	 1775 	 5
1787310840272 	 57 	 200 	 1775 	 4
1787310840313 	 18 	 200 	 1776 	 4
1787310840331 	 13 	 200 	 1777 	 4
1787310840228 	 138 	 200 	 1780 	 6
1787310840175 	 192 	 200 	 1780 	 5
1787310840347 	 21 	 200 	 1780 	 4
1787310840333 	 86 	 200 	 1785 	 8
1787310840361 	 61 	 200 	 1785 	 7
1787310840408 	 16 	 200 	 1785 	 6
1787310840393 	 34 	 200 	 1785 	 5
1787310840409 	 28 	 200 	 1787 	 6
1787310840417 	 20 	 200 	 1787 	 5
1787310840460 	 57 	 200 	 1791 	 8
1787310840436 	 84 	 200 	 1792 	 8
1787310840437 	 85 	 200 	 1792 	 7
1787310840459 	 65 	 200 	 1792 	 6
1787310840472 	 60 	 200 	 1792 	 5
1787310840365 	 169 	 200 	 1792 	 4
1787310840511 	 30 	 200 	 1792 	 3
1787310840519 	 25 	 200 	 1792 	 2
1787310840560 	 15 	 200 	 1793 	 2
1787310840381 	 195 	 200 	 1793 	 1
1787310840605 	 17 	 200 	 1796 	 3
1787310840592 	 32 	 200 	 1796 	 2
1787310840601 	 25 	 200 	 1796 	 1
1787310839795 	 846 	 200 	 1796 	 0
1787310840655 	 17 	 200 	 1798 	 1
1787310840660 	 17 	 200 	 1799 	 1
1787310840676 	 21 	 200 	 1799 	 0
1787310840712 	 15 	 200 	 1802 	 2
1787310840726 	 14 	 200 	 1803 	 2
1787310840713 	 28 	 200 	 1803 	 1
1787310840737 	 14 	 200 	 1803 	 0
1787310840757 	 18 	 200 	 1804 	 0
1787310840798 	 13 	 200 	 1805 	 0
1787310840835 	 17 	 200 	 1807 	 1
1787310840838 	 15 	 200 	 1807 	 0
1787310840870 	 21 	 200 	 1809 	 1
1787310840873 	 19 	 200 	 1809 	 0
1787310840910 	 14 	 200 	 1810 	 0
1787310840998 	 13 	 200 	 1812 	 1
1787310841006 	 20 	 200 	 1813 	 1
1787310841016 	 18 	 200 	 1813 	 0
1787310841058 	 12 	 200 	 1814 	 0
1787310841107 	 14 	 200 	 1815 	 0
1787310841146 	 13 	 200 	 1816 	 0
1787310841177 	 16 	 200 	 1820 	 3
1787310841178 	 17 	 200 	 1820 	 2
1787310841190 	 15 	 200 	 1820 	 1
1787310841192 	 17 	 200 	 1820 	 0
1787310841253 	 17 	 200 	 1822 	 1
1787310841258 	 53 	 200 	 1822 	 0
1787310841326 	 18 	 200 	 1824 	 1
1787310841337 	 14 	 200 	 1825 	 1
1787310841348 	 13 	 200 	 1825 	 0
1787310841389 	 18 	 200 	 1826 	 0
1787310841418 	 21 	 200 	 1831 	 4
1787310841427 	 18 	 200 	 1832 	 4
1787310841432 	 17 	 200 	 1833 	 4
1787310841431 	 20 	 200 	 1833 	 4
1787310841435 	 25 	 200 	 1834 	 3
1787310841449 	 15 	 200 	 1834 	 2
1787310841452 	 16 	 200 	 1834 	 1
1787310841444 	 31 	 200 	 1835 	 1
1787310841472 	 14 	 200 	 1835 	 0
1787310841495 	 13 	 200 	 1837 	 1
1787310841508 	 13 	 200 	 1837 	 0
1787310841532 	 17 	 200 	 1839 	 1
1787310841529 	 21 	 200 	 1839 	 0
1787310841561 	 15 	 200 	 1840 	 0
1787310841595 	 12 	 200 	 1841 	 0
1787310841622 	 15 	 200 	 1844 	 2
1787310841634 	 13 	 200 	 1844 	 1
1787310841632 	 15 	 200 	 1844 	 0
1787310841650 	 16 	 200 	 1849 	 4
1787310841653 	 16 	 200 	 1849 	 3
1787310841656 	 19 	 200 	 1851 	 4
1787310841662 	 17 	 200 	 1851 	 3
1787310841674 	 15 	 200 	 1851 	 2
1787310841666 	 30 	 200 	 1852 	 2
1787310841670 	 27 	 200 	 1852 	 1
1787310841695 	 13 	 200 	 1852 	 0
1787310841742 	 18 	 200 	 1854 	 1
1787310841747 	 15 	 200 	 1854 	 0
1787310841766 	 20 	 200 	 1857 	 2
1787310841766 	 21 	 200 	 1857 	 1
1787310841782 	 13 	 200 	 1857 	 0
1787310841800 	 18 	 200 	 1862 	 4
1787310841801 	 24 	 200 	 1862 	 3
1787310841803 	 22 	 200 	 1862 	 2
1787310841808 	 20 	 200 	 1863 	 2
1787310841827 	 16 	 200 	 1863 	 1
1787310841816 	 26 	 200 	 1863 	 0
1787310841861 	 15 	 200 	 1864 	 0
1787310841884 	 15 	 200 	 1867 	 2
1787310841879 	 26 	 200 	 1867 	 1
1787310841886 	 20 	 200 	 1867 	 0
1787310841923 	 15 	 200 	 1869 	 1
1787310841929 	 14 	 200 	 1870 	 1
1787310841943 	 19 	 200 	 1873 	 3
1787310841947 	 16 	 200 	 1873 	 2
1787310841949 	 17 	 200 	 1873 	 1
1787310841951 	 17 	 200 	 1873 	 0
1787310841972 	 22 	 200 	 1876 	 2
1787310841986 	 16 	 200 	 1876 	 1
1787310841994 	 12 	 200 	 1877 	 1
1787310842006 	 13 	 200 	 1878 	 1
1787310842015 	 16 	 200 	 1879 	 1
1787310842027 	 12 	 200 	 1879 	 0
1787310842047 	 13 	 200 	 1882 	 2
1787310842043 	 17 	 200 	 1882 	 1
1787310842051 	 12 	 200 	 1882 	 0
1787310842072 	 14 	 200 	 1883 	 0
1787310842105 	 21 	 200 	 1886 	 2
1787310842103 	 25 	 200 	 1886 	 1
1787310842114 	 14 	 200 	 1886 	 0
1787310842133 	 13 	 200 	 1890 	 3
1787310842132 	 20 	 200 	 1890 	 2
1787310842147 	 17 	 200 	 1891 	 2
1787310842146 	 19 	 200 	 1891 	 1
1787310842158 	 19 	 200 	 1892 	 1
1787310842169 	 19 	 200 	 1894 	 2
1787310842182 	 16 	 200 	 1895 	 2
1787310842184 	 15 	 200 	 1895 	 1
1787310842190 	 15 	 200 	 1897 	 3
1787310842201 	 16 	 200 	 1898 	 2
1787310842203 	 15 	 200 	 1898 	 1
1787310842207 	 18 	 200 	 1900 	 2
1787310842220 	 23 	 200 	 1901 	 2
1787310842221 	 31 	 200 	 1901 	 1
1787310842232 	 24 	 200 	 1902 	 1
1787310842256 	 13 	 200 	 1903 	 1
1787310842266 	 14 	 200 	 1904 	 1
1787310842276 	 14 	 200 	 1906 	 2
1787310842296 	 14 	 200 	 1907 	 2
1787310842286 	 25 	 200 	 1907 	 1
1787310842287 	 24 	 200 	 1907 	 0
1787310842320 	 13 	 200 	 1908 	 0
1787310842340 	 17 	 200 	 1910 	 1
1787310842347 	 15 	 200 	 1910 	 0
1787310842373 	 17 	 200 	 1911 	 0
1787310842393 	 15 	 200 	 1914 	 2
1787310842406 	 21 	 200 	 1916 	 3
1787310842414 	 15 	 200 	 1916 	 2
1787310842407 	 21 	 200 	 1916 	 1
1787310842413 	 17 	 200 	 1916 	 0
1787310842492 	 16 	 200 	 1917 	 0
1787310842532 	 13 	 200 	 1919 	 1
1787310842533 	 16 	 200 	 1919 	 0
1787310842574 	 15 	 200 	 1922 	 2
1787310842576 	 15 	 200 	 1922 	 1
1787310842582 	 18 	 200 	 1922 	 0
1787310842604 	 13 	 200 	 1923 	 0
1787310842626 	 12 	 200 	 1924 	 0
1787310842684 	 22 	 200 	 1927 	 2
1787310842699 	 13 	 200 	 1927 	 1
1787310842707 	 19 	 200 	 1927 	 0
1787310842781 	 25 	 200 	 1929 	 1
1787310842789 	 20 	 200 	 1929 	 0
1787310842819 	 13 	 200 	 1930 	 0
1787310842862 	 15 	 200 	 1932 	 1
1787310842855 	 22 	 200 	 1932 	 0
1787310842879 	 13 	 200 	 1933 	 0
1787310842895 	 12 	 200 	 1935 	 1
1787310842907 	 14 	 200 	 1935 	 0
1787310842923 	 15 	 200 	 1938 	 2
1787310842929 	 16 	 200 	 1939 	 2
1787310842932 	 17 	 200 	 1939 	 1
1787310842944 	 21 	 200 	 1940 	 1
1787310842955 	 12 	 200 	 1940 	 0
1787310842975 	 14 	 200 	 1945 	 4
1787310842978 	 17 	 200 	 1945 	 3
1787310842980 	 19 	 200 	 1945 	 2
1787310842984 	 16 	 200 	 1945 	 2
1787310842978 	 23 	 200 	 1946 	 1
1787310843001 	 13 	 200 	 1947 	 1
1787310843013 	 15 	 200 	 1948 	 1
1787310843024 	 13 	 200 	 1948 	 0
1787310843050 	 15 	 200 	 1951 	 2
1787310843054 	 15 	 200 	 1952 	 2
1787310843061 	 14 	 200 	 1952 	 1
1787310843066 	 14 	 200 	 1952 	 0
1787310843107 	 15 	 200 	 1953 	 0
1787310843126 	 13 	 200 	 1955 	 1
1787310843128 	 14 	 200 	 1955 	 0
1787310843153 	 15 	 200 	 1957 	 1
1787310843161 	 16 	 200 	 1957 	 0
1787310843183 	 12 	 200 	 1958 	 0
1787310843216 	 18 	 200 	 1963 	 5
1787310843215 	 24 	 200 	 1964 	 4
1787310843222 	 18 	 200 	 1964 	 3
1787310843219 	 22 	 200 	 1964 	 2
1787310843221 	 22 	 200 	 1964 	 1
1787310843236 	 15 	 200 	 1964 	 0
1787310843274 	 16 	 200 	 1970 	 5
1787310843286 	 33 	 200 	 1972 	 6
1787310843289 	 31 	 200 	 1972 	 5
1787310843319 	 18 	 200 	 1974 	 6
1787310843321 	 20 	 200 	 1974 	 5
1787310843253 	 113 	 200 	 1975 	 5
1787310843254 	 116 	 200 	 1975 	 4
1787310843282 	 88 	 200 	 1975 	 3
1787310843331 	 43 	 200 	 1975 	 2
1787310843336 	 39 	 200 	 1975 	 1
1787310843361 	 18 	 200 	 1975 	 0
1787310843381 	 18 	 200 	 1978 	 2
1787310843387 	 28 	 200 	 1978 	 1
1787310843400 	 20 	 200 	 1979 	 1
1787310843417 	 12 	 200 	 1981 	 2
1787310843423 	 17 	 200 	 1982 	 2
1787310843431 	 20 	 200 	 1984 	 3
1787310843447 	 24 	 200 	 1986 	 4
1787310843428 	 46 	 200 	 1986 	 3
1787310843451 	 31 	 200 	 1986 	 2
1787310843457 	 25 	 200 	 1986 	 1
1787310843456 	 30 	 200 	 1986 	 0
1787310843501 	 15 	 200 	 1987 	 0
1787310843533 	 13 	 200 	 1988 	 0
1787310843570 	 24 	 200 	 1991 	 2
1787310843584 	 17 	 200 	 1991 	 1
1787310843593 	 16 	 200 	 1992 	 1
1787310843603 	 18 	 200 	 1992 	 0
1787310843657 	 13 	 200 	 1993 	 0
1787310843700 	 17 	 200 	 1995 	 1
1787310843716 	 12 	 200 	 1995 	 0
1787310843739 	 13 	 200 	 1998 	 2
1787310843745 	 14 	 200 	 1999 	 2
1787310843753 	 20 	 200 	 2000 	 2
1787310843755 	 19 	 200 	 2000 	 1
1787310843762 	 13 	 200 	 2000 	 0
1787310843783 	 14 	 200 	 2002 	 1
1787310843793 	 15 	 200 	 2002 	 0
1787310843822 	 13 	 200 	 2004 	 1
1787310843827 	 16 	 200 	 2004 	 0
1787310843845 	 13 	 200 	 2005 	 0
1787310843870 	 17 	 200 	 2006 	 0
1787310843907 	 13 	 200 	 2008 	 1
1787310843919 	 13 	 200 	 2008 	 0
1787310843972 	 16 	 200 	 2011 	 2
1787310843983 	 15 	 200 	 2013 	 3
1787310843994 	 14 	 200 	 2014 	 3
1787310843985 	 25 	 200 	 2014 	 2
1787310843989 	 31 	 200 	 2014 	 1
1787310844009 	 13 	 200 	 2014 	 0
1787310844048 	 24 	 200 	 2015 	 0
1787310844076 	 35 	 200 	 2020 	 4
1787310844077 	 37 	 200 	 2020 	 3
1787310844099 	 21 	 200 	 2021 	 3
1787310844097 	 27 	 200 	 2021 	 2
1787310844104 	 23 	 200 	 2021 	 1
1787310844120 	 14 	 200 	 2022 	 1
1787310844135 	 16 	 200 	 2022 	 0
1787310844165 	 17 	 200 	 2024 	 1
1787310844168 	 14 	 200 	 2024 	 0
1787310844190 	 13 	 200 	 2025 	 0
1787310844210 	 12 	 200 	 2027 	 1
1787310844222 	 18 	 200 	 2028 	 1
1787310844232 	 13 	 200 	 2028 	 0
1787310844262 	 17 	 200 	 2030 	 1
1787310844268 	 14 	 200 	 2030 	 0
1787310844316 	 16 	 200 	 2032 	 1
1787310844316 	 22 	 200 	 2032 	 0
1787310844358 	 13 	 200 	 2033 	 0
1787310844409 	 14 	 200 	 2035 	 1
1787310844407 	 22 	 200 	 2035 	 0
1787310844525 	 18 	 200 	 2038 	 2
1787310844535 	 13 	 200 	 2038 	 1
1787310844538 	 20 	 200 	 2040 	 2
1787310844555 	 17 	 200 	 2040 	 1
1787310844552 	 32 	 200 	 2040 	 0
1787310844593 	 16 	 200 	 2042 	 1
1787310844605 	 13 	 200 	 2042 	 0
1787310844627 	 15 	 200 	 2044 	 1
1787310844635 	 18 	 200 	 2046 	 2
1787310844645 	 16 	 200 	 2047 	 2
1787310844653 	 15 	 200 	 2048 	 2
1787310844658 	 14 	 200 	 2048 	 1
1787310844668 	 13 	 200 	 2050 	 2
1787310844679 	 18 	 200 	 2050 	 1
1787310844679 	 20 	 200 	 2050 	 0
1787310844740 	 21 	 200 	 2052 	 1
1787310844749 	 14 	 200 	 2052 	 0
1787310844777 	 24 	 200 	 2053 	 0
1787310844814 	 15 	 200 	 2056 	 2
1787310844821 	 13 	 200 	 2056 	 1
1787310844829 	 20 	 200 	 2059 	 3
1787310844845 	 15 	 200 	 2060 	 3
1787310844841 	 20 	 200 	 2060 	 2
1787310844847 	 17 	 200 	 2060 	 1
1787310844852 	 24 	 200 	 2060 	 0
1787310844893 	 12 	 200 	 2062 	 1
1787310844906 	 14 	 200 	 2064 	 2
1787310844914 	 18 	 200 	 2066 	 3
1787310844916 	 19 	 200 	 2066 	 2
1787310844922 	 16 	 200 	 2066 	 1
1787310844930 	 19 	 200 	 2066 	 0
1787310844956 	 15 	 200 	 2068 	 1
1787310844967 	 13 	 200 	 2068 	 0
1787310844983 	 12 	 200 	 2069 	 0
1787310845004 	 13 	 200 	 2071 	 1
1787310845000 	 20 	 200 	 2071 	 0
1787310845030 	 15 	 200 	 2072 	 0
1787310845081 	 12 	 200 	 2073 	 0
1787310845097 	 17 	 200 	 2076 	 2
1787310845107 	 13 	 200 	 2076 	 1
1787310845110 	 13 	 200 	 2076 	 0
1787310845133 	 13 	 200 	 2078 	 1
1787310845136 	 19 	 200 	 2079 	 1
1787310845155 	 14 	 200 	 2080 	 1
1787310845165 	 13 	 200 	 2080 	 0
1787310845203 	 15 	 200 	 2082 	 1
1787310845214 	 13 	 200 	 2082 	 0
1787310845231 	 15 	 200 	 2085 	 2
1787310845230 	 17 	 200 	 2085 	 1
1787310845231 	 17 	 200 	 2085 	 0
1787310845259 	 15 	 200 	 2086 	 0
1787310845303 	 13 	 200 	 2087 	 0
1787310845319 	 13 	 200 	 2088 	 0
1787310845341 	 17 	 200 	 2090 	 1
1787310845349 	 14 	 200 	 2090 	 0
1787310845377 	 14 	 200 	 2092 	 1
1787310845381 	 18 	 200 	 2094 	 2
1787310845399 	 15 	 200 	 2095 	 2
1787310845399 	 17 	 200 	 2096 	 2
1787310845410 	 16 	 200 	 2096 	 1
1787310845417 	 14 	 200 	 2097 	 1
1787310845431 	 13 	 200 	 2097 	 0
1787310845462 	 14 	 200 	 2100 	 2
1787310845472 	 16 	 200 	 2102 	 3
1787310845448 	 47 	 200 	 2104 	 4
1787310845494 	 24 	 200 	 2106 	 5
1787310845494 	 27 	 200 	 2106 	 4
1787310845482 	 42 	 200 	 2106 	 3
1787310845511 	 16 	 200 	 2106 	 2
1787310845482 	 86 	 200 	 2108 	 3
1787310845506 	 64 	 200 	 2108 	 2
1787310845567 	 15 	 200 	 2108 	 1
1787310845568 	 19 	 200 	 2108 	 0
1787310845593 	 27 	 200 	 2110 	 1
1787310845610 	 14 	 200 	 2110 	 0
1787310845634 	 16 	 200 	 2111 	 0
1787310845672 	 17 	 200 	 2116 	 4
1787310845670 	 20 	 200 	 2117 	 4
1787310845674 	 23 	 200 	 2117 	 3
1787310845679 	 20 	 200 	 2117 	 2
1787310845676 	 24 	 200 	 2117 	 1
1787310845690 	 15 	 200 	 2117 	 0
1787310845716 	 14 	 200 	 2120 	 2
1787310845720 	 19 	 200 	 2121 	 2
1787310845728 	 14 	 200 	 2121 	 1
1787310845735 	 16 	 200 	 2122 	 1
1787310845743 	 14 	 200 	 2123 	 1
1787310845755 	 14 	 200 	 2123 	 0
1787310845825 	 15 	 200 	 2125 	 1
1787310845829 	 17 	 200 	 2126 	 1
1787310845846 	 19 	 200 	 2126 	 0
1787310845874 	 12 	 200 	 2127 	 0
1787310845890 	 15 	 200 	 2128 	 0
1787310845919 	 14 	 200 	 2129 	 0
1787310845941 	 24 	 200 	 2136 	 6
1787310845942 	 44 	 200 	 2138 	 7
1787310845963 	 26 	 200 	 2138 	 6
1787310845962 	 30 	 200 	 2138 	 5
1787310845949 	 46 	 200 	 2138 	 4
1787310845965 	 33 	 200 	 2138 	 3
1787310845961 	 78 	 200 	 2140 	 4
1787310845976 	 71 	 200 	 2140 	 3
1787310845984 	 64 	 200 	 2141 	 3
1787310846007 	 57 	 200 	 2144 	 5
1787310846020 	 75 	 200 	 2146 	 6
1787310846051 	 86 	 200 	 2147 	 6
1787310846049 	 101 	 200 	 2150 	 8
1787310846066 	 128 	 200 	 2151 	 8
1787310846062 	 134 	 200 	 2151 	 7
1787310846096 	 122 	 200 	 2152 	 7
1787310846139 	 100 	 200 	 2154 	 8
1787310846129 	 116 	 200 	 2154 	 7
1787310846062 	 184 	 200 	 2154 	 6
1787310846180 	 162 	 200 	 2158 	 9
1787310846228 	 116 	 200 	 2158 	 8
1787310846267 	 76 	 200 	 2158 	 7
1787310846214 	 130 	 200 	 2158 	 6
1787310846141 	 203 	 200 	 2158 	 5
1787310846143 	 201 	 200 	 2158 	 4
1787310846272 	 73 	 200 	 2158 	 3
1787310846334 	 26 	 200 	 2159 	 3
1787310846226 	 134 	 200 	 2159 	 2
1787310846321 	 43 	 200 	 2159 	 1
1787310846355 	 24 	 200 	 2160 	 1
1787310846383 	 42 	 200 	 2166 	 6
1787310846417 	 36 	 200 	 2166 	 5
1787310846385 	 74 	 200 	 2167 	 5
1787310846374 	 86 	 200 	 2167 	 4
1787310846390 	 71 	 200 	 2167 	 3
1787310846382 	 79 	 200 	 2167 	 2
1787310846424 	 37 	 200 	 2167 	 1
1787310846458 	 16 	 200 	 2168 	 1
1787310846464 	 31 	 200 	 2170 	 2
1787310846487 	 22 	 200 	 2170 	 1
1787310846485 	 26 	 200 	 2170 	 0
1787310846554 	 23 	 200 	 2172 	 1
1787310846574 	 13 	 200 	 2173 	 1
1787310846584 	 15 	 200 	 2173 	 0
1787310846639 	 17 	 200 	 2176 	 2
1787310846649 	 15 	 200 	 2176 	 1
1787310846640 	 30 	 200 	 2176 	 0
1787310846676 	 21 	 200 	 2178 	 1
1787310846682 	 16 	 200 	 2178 	 0
1787310846704 	 13 	 200 	 2179 	 0
1787310846751 	 20 	 200 	 2181 	 1
1787310846758 	 17 	 200 	 2181 	 0
1787310846780 	 17 	 200 	 2184 	 2
1787310846786 	 17 	 200 	 2184 	 1
1787310846781 	 25 	 200 	 2184 	 0
1787310846859 	 16 	 200 	 2187 	 2
1787310846869 	 16 	 200 	 2187 	 1
1787310846876 	 14 	 200 	 2187 	 0
1787310846918 	 21 	 200 	 2189 	 1
1787310846927 	 15 	 200 	 2189 	 0
1787310846944 	 22 	 200 	 2192 	 2
1787310846976 	 14 	 200 	 2193 	 2
1787310846960 	 35 	 200 	 2193 	 1
1787310846962 	 45 	 200 	 2194 	 1
1787310847000 	 12 	 200 	 2194 	 0
1787310847019 	 13 	 200 	 2197 	 2
1787310847020 	 14 	 200 	 2197 	 1
1787310847023 	 14 	 200 	 2197 	 0
1787310847041 	 15 	 200 	 2199 	 1
1787310847056 	 15 	 200 	 2199 	 0
1787310847076 	 18 	 200 	 2204 	 4
1787310847084 	 20 	 200 	 2207 	 6
1787310847082 	 24 	 200 	 2208 	 6
1787310847084 	 22 	 200 	 2208 	 5
1787310847089 	 25 	 200 	 2209 	 5
1787310847103 	 16 	 200 	 2209 	 4
1787310847135 	 58 	 200 	 2220 	 14
1787310847127 	 66 	 200 	 2220 	 13
1787310847157 	 36 	 200 	 2220 	 12
1787310847135 	 59 	 200 	 2220 	 11
1787310847142 	 54 	 200 	 2220 	 10
1787310847115 	 81 	 200 	 2220 	 9
1787310847143 	 75 	 200 	 2220 	 9
1787310847101 	 166 	 200 	 2222 	 9
1787310847163 	 105 	 200 	 2222 	 8
1787310847106 	 165 	 200 	 2222 	 7
1787310847185 	 87 	 200 	 2222 	 6
1787310847176 	 97 	 200 	 2222 	 5
1787310847170 	 106 	 200 	 2222 	 4
1787310847096 	 182 	 200 	 2222 	 3
1787310847219 	 73 	 200 	 2222 	 2
1787310847183 	 110 	 200 	 2222 	 1
1787310847254 	 43 	 200 	 2222 	 0
1787310847312 	 13 	 200 	 2224 	 1
1787310847324 	 15 	 200 	 2227 	 3
1787310847327 	 15 	 200 	 2228 	 3
1787310847352 	 20 	 200 	 2232 	 6
1787310847334 	 41 	 200 	 2232 	 5
1787310847353 	 23 	 200 	 2232 	 4
1787310847342 	 34 	 200 	 2232 	 3
1787310847337 	 42 	 200 	 2232 	 2
1787310847362 	 31 	 200 	 2236 	 5
1787310847370 	 24 	 200 	 2236 	 4
1787310847390 	 19 	 200 	 2237 	 4
1787310847381 	 62 	 200 	 2241 	 7
1787310847404 	 42 	 200 	 2241 	 6
1787310847385 	 62 	 200 	 2241 	 5
1787310847380 	 68 	 200 	 2241 	 4
1787310847423 	 43 	 200 	 2241 	 3
1787310847418 	 49 	 200 	 2241 	 2
1787310847428 	 48 	 200 	 2242 	 2
1787310847421 	 73 	 200 	 2244 	 3
1787310847479 	 15 	 200 	 2244 	 2
1787310847473 	 32 	 200 	 2244 	 1
1787310847493 	 14 	 200 	 2244 	 0
1787310847518 	 15 	 200 	 2247 	 2
1787310847524 	 14 	 200 	 2247 	 1
1787310847530 	 14 	 200 	 2247 	 0
1787310847555 	 13 	 200 	 2248 	 0
1787310847585 	 13 	 200 	 2249 	 0
1787310847640 	 16 	 200 	 2252 	 2
1787310847642 	 16 	 200 	 2252 	 1
1787310847648 	 17 	 200 	 2252 	 0
1787310847692 	 14 	 200 	 2255 	 2
1787310847695 	 20 	 200 	 2255 	 1
1787310847701 	 14 	 200 	 2255 	 0
1787310847751 	 30 	 200 	 2256 	 0
1787310847803 	 14 	 200 	 2258 	 1
1787310847808 	 14 	 200 	 2258 	 0
1787310847826 	 13 	 200 	 2260 	 1
1787310847836 	 13 	 200 	 2261 	 1
1787310847853 	 15 	 200 	 2263 	 2
1787310847849 	 20 	 200 	 2263 	 1
1787310847860 	 14 	 200 	 2263 	 0
1787310847886 	 14 	 200 	 2266 	 2
1787310847895 	 16 	 200 	 2267 	 2
1787310847893 	 21 	 200 	 2267 	 1
1787310847907 	 14 	 200 	 2268 	 1
1787310847921 	 16 	 200 	 2269 	 1
1787310847933 	 15 	 200 	 2269 	 0
1787310847950 	 12 	 200 	 2271 	 1
1787310847962 	 19 	 200 	 2271 	 0
1787310848008 	 17 	 200 	 2273 	 1
1787310848017 	 14 	 200 	 2273 	 0
1787310848035 	 13 	 200 	 2276 	 2
1787310848044 	 15 	 200 	 2276 	 1
1787310848049 	 21 	 200 	 2277 	 1
1787310848067 	 13 	 200 	 2277 	 0
1787310848092 	 12 	 200 	 2278 	 0
1787310848116 	 15 	 200 	 2280 	 1
1787310848124 	 15 	 200 	 2281 	 1
1787310848135 	 12 	 200 	 2281 	 0
1787310848150 	 14 	 200 	 2283 	 1
1787310848154 	 20 	 200 	 2284 	 1
1787310848170 	 12 	 200 	 2284 	 0
1787310848189 	 12 	 200 	 2285 	 0
1787310848212 	 15 	 200 	 2287 	 1
1787310848213 	 14 	 200 	 2287 	 0
1787310848283 	 18 	 200 	 2290 	 2
1787310848293 	 16 	 200 	 2290 	 1
1787310848301 	 16 	 200 	 2291 	 1
1787310848311 	 14 	 200 	 2291 	 0
1787310848349 	 15 	 200 	 2292 	 0
1787310848367 	 13 	 200 	 2294 	 1
1787310848379 	 12 	 200 	 2294 	 0
1787310848402 	 16 	 200 	 2296 	 1
1787310848409 	 14 	 200 	 2296 	 0
1787310848443 	 21 	 200 	 2298 	 1
1787310848454 	 15 	 200 	 2300 	 2
1787310848470 	 14 	 200 	 2300 	 1
1787310848471 	 15 	 200 	 2300 	 0
1787310848493 	 19 	 200 	 2302 	 1
1787310848509 	 14 	 200 	 2303 	 1
1787310848516 	 15 	 200 	 2305 	 2
1787310848531 	 40 	 200 	 2305 	 1
1787310848532 	 43 	 200 	 2305 	 0
1787310848594 	 13 	 200 	 2306 	 0
1787310848611 	 13 	 200 	 2308 	 1
1787310848618 	 13 	 200 	 2308 	 0
1787310848639 	 21 	 200 	 2309 	 0
1787310848690 	 13 	 200 	 2313 	 3
1787310848698 	 19 	 200 	 2314 	 3
1787310848698 	 19 	 200 	 2314 	 2
1787310848703 	 17 	 200 	 2314 	 1
1787310848714 	 15 	 200 	 2315 	 1
1787310848725 	 13 	 200 	 2316 	 1
1787310848738 	 16 	 200 	 2317 	 1
1787310848750 	 14 	 200 	 2318 	 1
1787310848759 	 14 	 200 	 2319 	 1
1787310848767 	 18 	 200 	 2319 	 0
1787310848789 	 14 	 200 	 2321 	 1
1787310848802 	 14 	 200 	 2322 	 1
1787310848813 	 18 	 200 	 2326 	 4
1787310848821 	 16 	 200 	 2326 	 3
1787310848819 	 21 	 200 	 2326 	 2
1787310848819 	 25 	 200 	 2326 	 1
1787310848829 	 15 	 200 	 2326 	 0
1787310848880 	 15 	 200 	 2328 	 1
1787310848878 	 19 	 200 	 2328 	 0
1787310848922 	 16 	 200 	 2332 	 3
1787310848925 	 17 	 200 	 2333 	 3
1787310848930 	 18 	 200 	 2333 	 2
1787310848939 	 14 	 200 	 2334 	 2
1787310848943 	 17 	 200 	 2334 	 1
1787310848953 	 16 	 200 	 2335 	 1
1787310848962 	 22 	 200 	 2336 	 1
1787310848971 	 16 	 200 	 2336 	 0
1787310848989 	 15 	 200 	 2339 	 2
1787310848995 	 13 	 200 	 2339 	 1
1787310849000 	 14 	 200 	 2339 	 0
1787310849027 	 14 	 200 	 2341 	 1
1787310849025 	 19 	 200 	 2341 	 0
1787310849055 	 13 	 200 	 2342 	 0
1787310849071 	 13 	 200 	 2343 	 0
1787310849088 	 14 	 200 	 2345 	 1
1787310849090 	 12 	 200 	 2345 	 0
1787310849157 	 26 	 200 	 2350 	 4
1787310849152 	 31 	 200 	 2350 	 3
1787310849159 	 28 	 200 	 2350 	 2
1787310849174 	 15 	 200 	 2350 	 1
1787310849162 	 33 	 200 	 2350 	 0
1787310849222 	 23 	 200 	 2354 	 3
1787310849226 	 20 	 200 	 2354 	 2
1787310849237 	 20 	 200 	 2355 	 2
1787310849234 	 24 	 200 	 2355 	 1
1787310849252 	 18 	 200 	 2357 	 2
1787310849261 	 15 	 200 	 2358 	 2
1787310849261 	 21 	 200 	 2359 	 2
1787310849275 	 17 	 200 	 2360 	 2
1787310849279 	 15 	 200 	 2360 	 1
1787310849292 	 19 	 200 	 2361 	 1
1787310849300 	 13 	 200 	 2361 	 0
1787310849321 	 37 	 200 	 2364 	 2
1787310849342 	 16 	 200 	 2364 	 1
1787310849318 	 41 	 200 	 2364 	 0
1787310849367 	 15 	 200 	 2367 	 2
1787310849368 	 21 	 200 	 2367 	 1
1787310849370 	 42 	 200 	 2370 	 3
1787310849401 	 19 	 200 	 2371 	 3
1787310849410 	 14 	 200 	 2372 	 3
1787310849404 	 21 	 200 	 2372 	 2
1787310849419 	 17 	 200 	 2372 	 1
1787310849423 	 21 	 200 	 2372 	 0
1787310849453 	 13 	 200 	 2374 	 1
1787310849464 	 14 	 200 	 2374 	 0
1787310849480 	 17 	 200 	 2376 	 1
1787310849493 	 13 	 200 	 2376 	 0
1787310849507 	 12 	 200 	 2377 	 0
1787310849521 	 17 	 200 	 2379 	 1
1787310849527 	 13 	 200 	 2379 	 0
1787310849555 	 21 	 200 	 2381 	 1
1787310849570 	 15 	 200 	 2381 	 0
1787310849595 	 14 	 200 	 2382 	 0
1787310849613 	 13 	 200 	 2384 	 1
1787310849618 	 13 	 200 	 2384 	 0
1787310849634 	 16 	 200 	 2390 	 5
1787310849633 	 21 	 200 	 2390 	 4
1787310849638 	 23 	 200 	 2390 	 3
1787310849636 	 26 	 200 	 2390 	 2
1787310849644 	 18 	 200 	 2390 	 1
1787310849647 	 15 	 200 	 2390 	 0
1787310849675 	 18 	 200 	 2395 	 4
1787310849664 	 30 	 200 	 2395 	 3
1787310849683 	 26 	 200 	 2396 	 3
1787310849693 	 23 	 200 	 2397 	 3
1787310849696 	 20 	 200 	 2397 	 2
1787310849729 	 18 	 200 	 2399 	 3
1787310849711 	 37 	 200 	 2399 	 2
1787310849744 	 28 	 200 	 2399 	 1
1787310849685 	 200 	 200 	 2400 	 1
1787310849882 	 16 	 200 	 2401 	 1
1787310849894 	 14 	 200 	 2403 	 2
1787310849904 	 16 	 200 	 2404 	 2
1787310849907 	 19 	 200 	 2406 	 3
1787310849912 	 18 	 200 	 2408 	 5
1787310849922 	 17 	 200 	 2409 	 4
1787310849921 	 20 	 200 	 2409 	 3
1787310849929 	 15 	 200 	 2409 	 2
1787310849932 	 15 	 200 	 2409 	 1
1787310849929 	 18 	 200 	 2409 	 0
1787310849957 	 12 	 200 	 2410 	 0
1787310850006 	 15 	 200 	 2412 	 1
1787310850017 	 13 	 200 	 2413 	 1
1787310850027 	 13 	 200 	 2413 	 0
1787310850044 	 13 	 200 	 2415 	 1
1787310850053 	 13 	 200 	 2415 	 0
1787310850080 	 16 	 200 	 2419 	 3
1787310850090 	 14 	 200 	 2419 	 2
1787310850092 	 14 	 200 	 2419 	 1
1787310850091 	 20 	 200 	 2419 	 0
1787310850113 	 18 	 200 	 2422 	 2
1787310850118 	 15 	 200 	 2422 	 1
1787310850123 	 12 	 200 	 2423 	 1
1787310850135 	 12 	 200 	 2425 	 2
1787310850138 	 18 	 200 	 2425 	 1
1787310850147 	 13 	 200 	 2425 	 0
1787310850167 	 15 	 200 	 2426 	 0
1787310850189 	 24 	 200 	 2430 	 3
1787310850201 	 16 	 200 	 2430 	 2
1787310850203 	 16 	 200 	 2430 	 1
1787310850205 	 14 	 200 	 2430 	 0
1787310850227 	 15 	 200 	 2431 	 0
1787310850253 	 14 	 200 	 2433 	 1
1787310850260 	 14 	 200 	 2433 	 0
1787310850286 	 12 	 200 	 2435 	 1
1787310850286 	 15 	 200 	 2435 	 0
1787310850305 	 12 	 200 	 2437 	 1
1787310850317 	 14 	 200 	 2437 	 0
1787310850386 	 15 	 200 	 2439 	 1
1787310850388 	 18 	 200 	 2439 	 0
1787310850414 	 13 	 200 	 2440 	 0
1787310850440 	 14 	 200 	 2442 	 1
1787310850435 	 69 	 200 	 2442 	 0
1787310850550 	 23 	 200 	 2445 	 2
1787310850559 	 16 	 200 	 2445 	 1
1787310850565 	 13 	 200 	 2445 	 0
1787310850590 	 16 	 200 	 2447 	 1
1787310850599 	 34 	 200 	 2447 	 0
1787310850676 	 20 	 200 	 2448 	 0
1787310850698 	 19 	 200 	 2450 	 1
1787310850702 	 15 	 200 	 2450 	 0
1787310850727 	 15 	 200 	 2452 	 1
1787310850740 	 15 	 200 	 2453 	 1
1787310850747 	 14 	 200 	 2453 	 0
1787310850766 	 16 	 200 	 2456 	 2
1787310850781 	 25 	 200 	 2462 	 7
1787310850786 	 26 	 200 	 2462 	 6
1787310850789 	 24 	 200 	 2462 	 5
1787310850783 	 31 	 200 	 2462 	 4
1787310850794 	 48 	 200 	 2465 	 6
1787310850793 	 50 	 200 	 2465 	 5
1787310850800 	 43 	 200 	 2465 	 4
1787310850805 	 39 	 200 	 2465 	 3
1787310850816 	 43 	 200 	 2467 	 4
1787310850822 	 38 	 200 	 2467 	 3
1787310850841 	 21 	 200 	 2467 	 2
1787310850846 	 46 	 200 	 2468 	 2
1787310850850 	 43 	 200 	 2468 	 1
1787310850880 	 24 	 200 	 2468 	 0
1787310850943 	 35 	 200 	 2471 	 2
1787310850960 	 27 	 200 	 2471 	 1
1787310850962 	 38 	 200 	 2471 	 0
1787310851011 	 12 	 200 	 2472 	 0
1787310851034 	 26 	 200 	 2473 	 0
1787310851072 	 21 	 200 	 2474 	 0
1787310851145 	 16 	 200 	 2475 	 0
1787310851175 	 16 	 200 	 2477 	 1
1787310851178 	 13 	 200 	 2477 	 0
1787310851208 	 12 	 200 	 2479 	 1
1787310851212 	 13 	 200 	 2479 	 0
1787310851231 	 12 	 200 	 2480 	 0
1787310851257 	 13 	 200 	 2481 	 0
1787310851279 	 16 	 200 	 2483 	 1
1787310851295 	 13 	 200 	 2484 	 1
1787310851306 	 12 	 200 	 2485 	 1
1787310851319 	 15 	 200 	 2487 	 2
1787310851323 	 13 	 200 	 2487 	 1
1787310851331 	 17 	 200 	 2488 	 1
1787310851340 	 19 	 200 	 2489 	 1
1787310851355 	 15 	 200 	 2489 	 0
1787310851387 	 13 	 200 	 2492 	 2
1787310851389 	 17 	 200 	 2493 	 2
1787310851399 	 14 	 200 	 2493 	 1
1787310851404 	 17 	 200 	 2493 	 0
1787310851446 	 13 	 200 	 2495 	 1
1787310851453 	 21 	 200 	 2495 	 0
1787310851498 	 21 	 200 	 2498 	 2
1787310851504 	 19 	 200 	 2498 	 1
1787310851504 	 19 	 200 	 2498 	 0
1787310851526 	 24 	 200 	 2500 	 1
1787310851546 	 13 	 200 	 2500 	 0
1787310851565 	 14 	 200 	 2502 	 1
1787310851575 	 14 	 200 	 2502 	 0
1787310851591 	 14 	 200 	 2505 	 2
1787310851599 	 15 	 200 	 2507 	 3
1787310851598 	 17 	 200 	 2507 	 2
1787310851610 	 14 	 200 	 2508 	 2
1787310851614 	 15 	 200 	 2510 	 3
1787310851622 	 16 	 200 	 2510 	 2
1787310851631 	 16 	 200 	 2510 	 1
1787310851626 	 21 	 200 	 2510 	 0
1787310851657 	 16 	 200 	 2512 	 1
1787310851663 	 15 	 200 	 2513 	 1
1787310851676 	 33 	 200 	 2516 	 3
1787310851688 	 22 	 200 	 2516 	 2
1787310851705 	 17 	 200 	 2518 	 3
1787310851698 	 25 	 200 	 2519 	 3
1787310851724 	 15 	 200 	 2519 	 2
1787310851725 	 14 	 200 	 2519 	 1
1787310851747 	 18 	 200 	 2522 	 3
1787310851722 	 46 	 200 	 2522 	 2
1787310851757 	 17 	 200 	 2522 	 1
1787310851758 	 17 	 200 	 2522 	 0
1787310851788 	 17 	 200 	 2525 	 2
1787310851796 	 14 	 200 	 2525 	 1
1787310851797 	 15 	 200 	 2525 	 0
1787310851844 	 13 	 200 	 2527 	 1
1787310851847 	 13 	 200 	 2527 	 0
1787310851865 	 15 	 200 	 2529 	 1
1787310851867 	 14 	 200 	 2529 	 0
1787310851883 	 13 	 200 	 2531 	 1
1787310851885 	 14 	 200 	 2531 	 0
1787310851926 	 13 	 200 	 2533 	 1
1787310851931 	 14 	 200 	 2533 	 0
1787310851958 	 14 	 200 	 2536 	 2
1787310851947 	 37 	 200 	 2536 	 1
1787310851951 	 40 	 200 	 2536 	 0
1787310851993 	 17 	 200 	 2540 	 3
1787310851996 	 17 	 200 	 2540 	 2
1787310852003 	 15 	 200 	 2540 	 1
1787310852009 	 15 	 200 	 2540 	 0
1787310852047 	 23 	 200 	 2545 	 4
1787310852066 	 19 	 200 	 2548 	 6
1787310852065 	 22 	 200 	 2548 	 5
1787310852031 	 59 	 200 	 2548 	 4
1787310852075 	 51 	 200 	 2551 	 6
1787310852027 	 100 	 200 	 2551 	 5
1787310852077 	 51 	 200 	 2551 	 4
1787310852081 	 47 	 200 	 2551 	 3
1787310852098 	 37 	 200 	 2551 	 2
1787310852116 	 22 	 200 	 2551 	 1
1787310852098 	 71 	 200 	 2552 	 1
1787310852141 	 28 	 200 	 2552 	 0
1787310852208 	 15 	 200 	 2556 	 3
1787310852216 	 14 	 200 	 2557 	 3
1787310852219 	 16 	 200 	 2557 	 2
1787310852218 	 19 	 200 	 2557 	 1
1787310852227 	 15 	 200 	 2557 	 0
1787310852246 	 16 	 200 	 2560 	 2
1787310852248 	 17 	 200 	 2560 	 1
1787310852254 	 20 	 200 	 2560 	 0
1787310852285 	 13 	 200 	 2562 	 1
1787310852288 	 14 	 200 	 2562 	 0
1787310852310 	 13 	 200 	 2563 	 0
1787310852331 	 13 	 200 	 2565 	 1
1787310852333 	 13 	 200 	 2565 	 0
1787310852410 	 13 	 200 	 2569 	 3
1787310852408 	 16 	 200 	 2569 	 2
1787310852421 	 16 	 200 	 2570 	 2
1787310852422 	 15 	 200 	 2570 	 1
1787310852437 	 14 	 200 	 2571 	 1
1787310852446 	 14 	 200 	 2571 	 0
1787310852465 	 16 	 200 	 2572 	 0
1787310852530 	 14 	 200 	 2573 	 0
1787310852744 	 13 	 200 	 2574 	 0
1787310853208 	 13 	 200 	 2575 	 0
1787310853994 	 36 	 200 	 2577 	 1
1787310854030 	 32 	 200 	 2577 	 0
1787310854073 	 30 	 200 	 2578 	 0
1787310854631 	 15 	 200 	 2579 	 0
1787310854987 	 22 	 200 	 2580 	 0
1787310855181 	 22 	 200 	 2581 	 0
1787310856505 	 27 	 200 	 2586 	 4
1787310856512 	 23 	 200 	 2587 	 4
1787310856510 	 32 	 200 	 2587 	 3
1787310856503 	 44 	 200 	 2587 	 2
1787310856522 	 30 	 200 	 2588 	 2
1787310856536 	 19 	 200 	 2588 	 1
1787310856550 	 58 	 200 	 2590 	 2
1787310856590 	 18 	 200 	 2590 	 1
1787310856573 	 36 	 200 	 2590 	 0
1787310856618 	 13 	 200 	 2591 	 0
1787310856636 	 14 	 200 	 2593 	 1
1787310856640 	 15 	 200 	 2594 	 1
1787310856651 	 15 	 200 	 2595 	 1
1787310856662 	 12 	 200 	 2595 	 0
1787310856682 	 14 	 200 	 2598 	 2
1787310856688 	 14 	 200 	 2598 	 1
1787310856687 	 16 	 200 	 2598 	 0
1787310856723 	 16 	 200 	 2599 	 0
1787310856770 	 17 	 200 	 2602 	 2
1787310856779 	 17 	 200 	 2603 	 2
1787310856781 	 16 	 200 	 2603 	 1
1787310856791 	 20 	 200 	 2604 	 1
1787310856805 	 19 	 200 	 2605 	 1
1787310856816 	 13 	 200 	 2605 	 0
1787310856874 	 24 	 200 	 2606 	 0
1787310856939 	 15 	 200 	 2607 	 0
1787310856982 	 16 	 200 	 2609 	 1
1787310856980 	 18 	 200 	 2609 	 0
1787310857012 	 16 	 200 	 2611 	 1
1787310857030 	 13 	 200 	 2612 	 1
1787310857023 	 21 	 200 	 2612 	 0
1787310857047 	 12 	 200 	 2613 	 0
1787310857070 	 12 	 200 	 2614 	 0
1787310857140 	 22 	 200 	 2621 	 6
1787310857138 	 25 	 200 	 2621 	 5
1787310857116 	 49 	 200 	 2621 	 4
1787310857140 	 27 	 200 	 2622 	 4
1787310857145 	 30 	 200 	 2622 	 3
1787310857147 	 36 	 200 	 2623 	 3
1787310857144 	 75 	 200 	 2626 	 5
1787310857168 	 53 	 200 	 2626 	 4
1787310857205 	 21 	 200 	 2626 	 3
1787310857179 	 46 	 200 	 2626 	 2
1787310857194 	 32 	 200 	 2626 	 1
1787310857212 	 18 	 200 	 2627 	 2
1787310857232 	 25 	 200 	 2630 	 3
1787310857231 	 28 	 200 	 2630 	 2
1787310857243 	 15 	 200 	 2630 	 1
1787310857258 	 13 	 200 	 2630 	 0
1787310857407 	 23 	 200 	 2631 	 0
1787310857693 	 21 	 200 	 2632 	 0
1787310857784 	 18 	 200 	 2633 	 0
1787310858444 	 17 	 200 	 2634 	 0
1787310858752 	 38 	 200 	 2636 	 1
1787310858767 	 28 	 200 	 2637 	 1
1787310858793 	 25 	 200 	 2639 	 2
1787310858811 	 13 	 200 	 2639 	 1
1787310858811 	 17 	 200 	 2639 	 0
1787310858829 	 18 	 200 	 2640 	 0
1787310858850 	 17 	 200 	 2641 	 0
1787310858877 	 15 	 200 	 2645 	 3
1787310858880 	 23 	 200 	 2646 	 3
1787310858888 	 18 	 200 	 2646 	 2
1787310858878 	 29 	 200 	 2646 	 1
1787310858898 	 21 	 200 	 2648 	 2
1787310858912 	 14 	 200 	 2648 	 1
1787310858917 	 19 	 200 	 2648 	 0
1787310858936 	 15 	 200 	 2649 	 0
1787310858958 	 13 	 200 	 2651 	 1
1787310858959 	 14 	 200 	 2651 	 0
1787310858978 	 13 	 200 	 2652 	 0
1787310858996 	 13 	 200 	 2654 	 1
1787310858999 	 18 	 200 	 2654 	 0
1787310859045 	 35 	 200 	 2657 	 2
1787310859056 	 33 	 200 	 2657 	 1
1787310859079 	 28 	 200 	 2660 	 3
1787310859101 	 20 	 200 	 2660 	 2
1787310859098 	 23 	 200 	 2660 	 1
1787310859103 	 20 	 200 	 2660 	 0
1787310859129 	 23 	 200 	 2662 	 1
1787310859124 	 30 	 200 	 2662 	 0
1787310859163 	 14 	 200 	 2663 	 0
1787310859185 	 15 	 200 	 2665 	 1
1787310859185 	 18 	 200 	 2665 	 0
1787310859210 	 21 	 200 	 2668 	 2
1787310859214 	 19 	 200 	 2668 	 1
1787310859215 	 18 	 200 	 2668 	 1
1787310859235 	 20 	 200 	 2671 	 2
1787310859249 	 16 	 200 	 2673 	 3
1787310859247 	 19 	 200 	 2673 	 2
1787310859258 	 16 	 200 	 2674 	 2
1787310859264 	 13 	 200 	 2674 	 1
1787310859275 	 13 	 200 	 2675 	 1
1787310859287 	 18 	 200 	 2678 	 3
1787310859294 	 25 	 200 	 2679 	 3
1787310859300 	 20 	 200 	 2679 	 2
1787310859299 	 23 	 200 	 2679 	 1
1787310859313 	 14 	 200 	 2679 	 0
1787310859332 	 14 	 200 	 2681 	 1
1787310859336 	 23 	 200 	 2683 	 2
1787310859347 	 23 	 200 	 2683 	 1
1787310859348 	 22 	 200 	 2683 	 0
1787310859377 	 15 	 200 	 2686 	 2
1787310859382 	 14 	 200 	 2686 	 1
1787310859391 	 14 	 200 	 2688 	 2
1787310859398 	 15 	 200 	 2688 	 1
1787310859401 	 15 	 200 	 2688 	 0
1787310859441 	 15 	 200 	 2689 	 0
1787310859470 	 43 	 200 	 2691 	 1
1787310859482 	 33 	 200 	 2691 	 0
1787310859519 	 18 	 200 	 2692 	 0
1787310859539 	 13 	 200 	 2694 	 1
1787310859547 	 13 	 200 	 2695 	 1
1787310859553 	 14 	 200 	 2696 	 1
1787310859561 	 14 	 200 	 2696 	 0
1787310859580 	 16 	 200 	 2700 	 3
1787310859585 	 16 	 200 	 2700 	 2
1787310859586 	 21 	 200 	 2701 	 2
1787310859593 	 16 	 200 	 2701 	 1
1787310859604 	 14 	 200 	 2701 	 0
1787310859639 	 13 	 200 	 2703 	 1
1787310859642 	 12 	 200 	 2703 	 0
1787310859666 	 16 	 200 	 2704 	 0
1787310859726 	 25 	 200 	 2705 	 0
1787310859772 	 16 	 200 	 2706 	 0
1787310860022 	 33 	 200 	 2707 	 0
1787310860155 	 45 	 200 	 2714 	 6
1787310860189 	 17 	 200 	 2714 	 5
1787310860175 	 31 	 200 	 2714 	 4
1787310860173 	 39 	 200 	 2715 	 4
1787310860178 	 35 	 200 	 2715 	 3
1787310860161 	 81 	 200 	 2718 	 5
1787310860194 	 50 	 200 	 2718 	 4
1787310860209 	 47 	 200 	 2718 	 3
1787310860242 	 16 	 200 	 2718 	 2
1787310860232 	 27 	 200 	 2718 	 1
1787310860218 	 44 	 200 	 2718 	 0
1787310860302 	 20 	 200 	 2721 	 2
1787310860268 	 73 	 200 	 2726 	 6
1787310860264 	 103 	 200 	 2727 	 6
1787310860324 	 46 	 200 	 2727 	 5
1787310860340 	 32 	 200 	 2727 	 4
1787310860328 	 91 	 200 	 2729 	 5
1787310860328 	 93 	 200 	 2729 	 4
1787310860346 	 77 	 200 	 2729 	 3
1787310860374 	 51 	 200 	 2729 	 2
1787310860451 	 22 	 200 	 2732 	 4
1787310860336 	 139 	 200 	 2732 	 3
1787310860450 	 26 	 200 	 2732 	 2
1787310860466 	 55 	 200 	 2735 	 4
1787310860405 	 123 	 200 	 2736 	 4
1787310860495 	 34 	 200 	 2736 	 3
1787310860514 	 16 	 200 	 2737 	 3
1787310860516 	 17 	 200 	 2737 	 2
1787310860527 	 15 	 200 	 2739 	 3
1787310860541 	 31 	 200 	 2739 	 2
1787310860531 	 41 	 200 	 2739 	 1
1787310860542 	 31 	 200 	 2739 	 0
1787310860629 	 14 	 200 	 2740 	 0
1787310860648 	 14 	 200 	 2742 	 1
1787310860649 	 16 	 200 	 2742 	 0
1787310860688 	 17 	 200 	 2743 	 0
1787310860722 	 15 	 200 	 2745 	 1
1787310860733 	 15 	 200 	 2745 	 0
1787310860751 	 15 	 200 	 2747 	 1
1787310860758 	 14 	 200 	 2747 	 0
1787310860813 	 19 	 200 	 2751 	 3
1787310860816 	 15 	 200 	 2751 	 2
1787310860814 	 20 	 200 	 2751 	 1
1787310860818 	 18 	 200 	 2751 	 0
1787310860845 	 13 	 200 	 2754 	 2
1787310860844 	 17 	 200 	 2754 	 1
1787310860857 	 15 	 200 	 2755 	 1
1787310860866 	 18 	 200 	 2755 	 0
1787310860920 	 22 	 200 	 2759 	 3
1787310860916 	 30 	 200 	 2759 	 2
1787310860924 	 25 	 200 	 2759 	 1
1787310860930 	 20 	 200 	 2759 	 0
1787310860954 	 12 	 200 	 2760 	 0
1787310860972 	 17 	 200 	 2761 	 0
1787310860992 	 16 	 200 	 2766 	 4
1787310860998 	 16 	 200 	 2766 	 3
1787310861003 	 18 	 200 	 2766 	 2
1787310861007 	 15 	 200 	 2766 	 1
1787310861005 	 20 	 200 	 2766 	 0
1787310861030 	 15 	 200 	 2768 	 1
1787310861043 	 14 	 200 	 2771 	 3
1787310861049 	 14 	 200 	 2771 	 2
1787310861046 	 18 	 200 	 2771 	 1
1787310861058 	 13 	 200 	 2772 	 1
1787310861066 	 12 	 200 	 2773 	 1
1787310861077 	 16 	 200 	 2773 	 0
1787310861141 	 22 	 200 	 2780 	 6
1787310861127 	 37 	 200 	 2780 	 5
1787310861136 	 59 	 200 	 2781 	 5
1787310861146 	 50 	 200 	 2781 	 4
1787310861131 	 66 	 200 	 2781 	 3
1787310861143 	 54 	 200 	 2781 	 2
1787310861189 	 58 	 200 	 2787 	 7
1787310861163 	 84 	 200 	 2787 	 6
1787310861207 	 53 	 200 	 2788 	 6
1787310861242 	 52 	 200 	 2791 	 8
1787310861241 	 54 	 200 	 2791 	 7
1787310861210 	 85 	 200 	 2791 	 6
1787310861235 	 60 	 200 	 2791 	 5
1787310861247 	 54 	 200 	 2791 	 4
1787310861253 	 61 	 200 	 2791 	 3
1787310861285 	 30 	 200 	 2791 	 2
1787310861264 	 52 	 200 	 2791 	 1
1787310861281 	 62 	 200 	 2791 	 0
1787310861356 	 18 	 200 	 2795 	 3
1787310861356 	 17 	 200 	 2795 	 2
1787310861364 	 17 	 200 	 2795 	 1
1787310861373 	 17 	 200 	 2795 	 0
1787310861393 	 14 	 200 	 2798 	 2
1787310861398 	 14 	 200 	 2798 	 1
1787310861407 	 15 	 200 	 2798 	 0
1787310861434 	 15 	 200 	 2801 	 2
1787310861432 	 25 	 200 	 2801 	 1
1787310861434 	 24 	 200 	 2801 	 0
1787310861461 	 14 	 200 	 2802 	 0
1787310861521 	 14 	 200 	 2804 	 1
1787310861523 	 30 	 200 	 2805 	 1
1787310861549 	 18 	 200 	 2806 	 1
1787310861556 	 13 	 200 	 2806 	 0
1787310861571 	 13 	 200 	 2807 	 0
1787310861587 	 13 	 200 	 2809 	 1
1787310861604 	 16 	 200 	 2810 	 1
1787310861600 	 21 	 200 	 2810 	 0
1787310861631 	 17 	 200 	 2813 	 2
1787310861630 	 22 	 200 	 2813 	 1
1787310861630 	 35 	 200 	 2814 	 1
1787310861666 	 18 	 200 	 2816 	 2
1787310861712 	 13 	 200 	 2817 	 2
1787310861677 	 55 	 200 	 2817 	 1
1787310861739 	 17 	 200 	 2821 	 5
1787310861675 	 81 	 200 	 2822 	 4
1787310861745 	 25 	 200 	 2823 	 4
1787310861745 	 26 	 200 	 2823 	 3
1787310861755 	 18 	 200 	 2823 	 2
1787310861757 	 17 	 200 	 2823 	 1
1787310861770 	 15 	 200 	 2823 	 0
1787310861796 	 14 	 200 	 2826 	 2
1787310861804 	 17 	 200 	 2827 	 2
1787310861821 	 15 	 200 	 2831 	 5
1787310861803 	 42 	 200 	 2831 	 4
1787310861824 	 21 	 200 	 2831 	 3
1787310861828 	 38 	 200 	 2831 	 2
1787310861836 	 37 	 200 	 2833 	 3
1787310861831 	 45 	 200 	 2833 	 2
1787310861868 	 24 	 200 	 2836 	 4
1787310861868 	 27 	 200 	 2836 	 3
1787310861883 	 17 	 200 	 2837 	 3
1787310861887 	 21 	 200 	 2837 	 2
1787310861892 	 16 	 200 	 2837 	 1
1787310861900 	 43 	 200 	 2842 	 5
1787310861912 	 36 	 200 	 2842 	 4
1787310861913 	 45 	 200 	 2843 	 4
1787310861920 	 42 	 200 	 2843 	 3
1787310861924 	 40 	 200 	 2843 	 2
1787310861918 	 48 	 200 	 2844 	 2
1787310861967 	 26 	 200 	 2845 	 2
1787310861956 	 38 	 200 	 2845 	 1
1787310861982 	 25 	 200 	 2846 	 1
1787310862007 	 13 	 200 	 2846 	 0
1787310862030 	 12 	 200 	 2847 	 0
1787310862121 	 26 	 200 	 2851 	 3
1787310862128 	 20 	 200 	 2851 	 2
1787310862099 	 52 	 200 	 2852 	 2
1787310862140 	 15 	 200 	 2852 	 1
1787310862150 	 14 	 200 	 2852 	 0
1787310862186 	 30 	 200 	 2858 	 5
1787310862197 	 24 	 200 	 2858 	 4
1787310862204 	 21 	 200 	 2858 	 3
1787310862207 	 18 	 200 	 2858 	 2
1787310862213 	 17 	 200 	 2858 	 1
1787310862217 	 16 	 200 	 2858 	 0
1787310862251 	 14 	 200 	 2859 	 0
1787310862273 	 12 	 200 	 2861 	 1
1787310862274 	 13 	 200 	 2861 	 0
1787310862346 	 34 	 200 	 2864 	 2
1787310862357 	 32 	 200 	 2864 	 1
1787310862379 	 16 	 200 	 2864 	 0
1787310862496 	 26 	 200 	 2865 	 0
1787310862553 	 30 	 200 	 2869 	 3
1787310862551 	 32 	 200 	 2869 	 2
1787310862573 	 18 	 200 	 2869 	 1
1787310862569 	 26 	 200 	 2869 	 0
1787310862599 	 15 	 200 	 2870 	 0
1787310862637 	 14 	 200 	 2872 	 1
1787310862636 	 17 	 200 	 2872 	 0
1787310862721 	 14 	 200 	 2874 	 1
1787310862725 	 14 	 200 	 2874 	 0
1787310862777 	 14 	 200 	 2877 	 2
1787310862753 	 48 	 200 	 2877 	 1
1787310862784 	 21 	 200 	 2877 	 0
1787310862811 	 13 	 200 	 2878 	 0
1787310862839 	 13 	 200 	 2880 	 1
1787310862842 	 20 	 200 	 2881 	 1
1787310862856 	 14 	 200 	 2881 	 0
1787310862880 	 14 	 200 	 2882 	 0
1787310862898 	 14 	 200 	 2883 	 0
1787310862935 	 17 	 200 	 2886 	 2
1787310862935 	 18 	 200 	 2886 	 1
1787310862953 	 14 	 200 	 2886 	 0
1787310862998 	 14 	 200 	 2888 	 1
1787310863026 	 13 	 200 	 2890 	 2
1787310863010 	 29 	 200 	 2890 	 1
1787310863023 	 17 	 200 	 2890 	 0
1787310863092 	 45 	 200 	 2893 	 2
1787310863124 	 19 	 200 	 2894 	 2
1787310863134 	 22 	 200 	 2897 	 4
1787310863140 	 16 	 200 	 2897 	 3
1787310863151 	 16 	 200 	 2898 	 3
1787310863150 	 21 	 200 	 2900 	 4
1787310863155 	 21 	 200 	 2900 	 3
1787310863159 	 21 	 200 	 2900 	 2
1787310863170 	 15 	 200 	 2900 	 1
1787310863170 	 17 	 200 	 2900 	 0
1787310863208 	 17 	 200 	 2903 	 2
1787310863211 	 16 	 200 	 2903 	 1
1787310863213 	 20 	 200 	 2904 	 1
1787310863232 	 13 	 200 	 2904 	 0
1787310863270 	 14 	 200 	 2905 	 0
1787310863304 	 16 	 200 	 2909 	 3
1787310863298 	 26 	 200 	 2909 	 2
1787310863317 	 16 	 200 	 2909 	 1
1787310863303 	 30 	 200 	 2909 	 0
1787310863354 	 14 	 200 	 2910 	 0
1787310863377 	 15 	 200 	 2911 	 0
1787310863405 	 15 	 200 	 2912 	 0
1787310863434 	 13 	 200 	 2913 	 0
1787310863483 	 15 	 200 	 2915 	 1
1787310863490 	 22 	 200 	 2915 	 0
1787310863533 	 19 	 200 	 2921 	 5
1787310863540 	 21 	 200 	 2921 	 4
1787310863542 	 20 	 200 	 2921 	 3
1787310863547 	 23 	 200 	 2921 	 2
1787310863552 	 18 	 200 	 2921 	 1
1787310863549 	 22 	 200 	 2921 	 0
1787310863597 	 13 	 200 	 2922 	 0
1787310863620 	 12 	 200 	 2923 	 0
1787310863669 	 14 	 200 	 2924 	 0
1787310863687 	 16 	 200 	 2926 	 1
1787310863684 	 19 	 200 	 2926 	 0
1787310863739 	 14 	 200 	 2927 	 0
1787310863757 	 17 	 200 	 2928 	 0
1787310863797 	 13 	 200 	 2929 	 0
1787310863820 	 13 	 200 	 2931 	 1
1787310863824 	 13 	 200 	 2932 	 1
1787310863837 	 14 	 200 	 2934 	 2
1787310863845 	 13 	 200 	 2934 	 1
1787310863863 	 13 	 200 	 2936 	 2
1787310863865 	 16 	 200 	 2936 	 1
1787310863840 	 41 	 200 	 2936 	 0
1787310863884 	 13 	 200 	 2937 	 0
1787310865073 	 24 	 200 	 2938 	 0
1787310865271 	 15 	 200 	 2939 	 0
1787310867339 	 37 	 200 	 2940 	 0
1787310868681 	 33 	 200 	 2942 	 1
1787310868693 	 35 	 200 	 2942 	 0
1787310869062 	 18 	 200 	 2943 	 0
1787310870078 	 25 	 200 	 2944 	 0
1787310871450 	 21 	 200 	 2945 	 0
1787310871548 	 18 	 200 	 2946 	 0
1787310871882 	 20 	 200 	 2947 	 0
1787310872987 	 24 	 200 	 2948 	 0
1787310873046 	 40 	 200 	 2949 	 0
1787310873594 	 18 	 200 	 2950 	 0
1787310873702 	 33 	 200 	 2951 	 0
1787310875319 	 24 	 200 	 2952 	 0
1787310875391 	 14 	 200 	 2953 	 0
1787310876258 	 15 	 200 	 2954 	 0
1787310876276 	 11 	 200 	 2955 	 0
1787310876291 	 13 	 200 	 2956 	 0
1787310876344 	 50 	 200 	 2966 	 9
1787310876333 	 61 	 200 	 2966 	 8
1787310876324 	 70 	 200 	 2966 	 7
1787310876347 	 48 	 200 	 2966 	 6
1787310876337 	 57 	 200 	 2966 	 5
1787310876357 	 50 	 200 	 2966 	 4
1787310876342 	 100 	 200 	 2967 	 4
1787310876349 	 95 	 200 	 2967 	 3
1787310876376 	 78 	 200 	 2967 	 2
1787310876428 	 27 	 200 	 2967 	 1
1787310876350 	 108 	 200 	 2967 	 0
1787310876461 	 14 	 200 	 2968 	 0
1787310876651 	 17 	 200 	 2969 	 0
1787310876967 	 17 	 200 	 2970 	 0
1787310877010 	 21 	 200 	 2971 	 0
1787310877271 	 20 	 200 	 2972 	 0
1787310878070 	 26 	 200 	 2973 	 0
1787310878490 	 16 	 200 	 2974 	 0
1787310878956 	 29 	 200 	 2975 	 0
1787310879026 	 41 	 200 	 2977 	 1
1787310879057 	 31 	 200 	 2977 	 0
1787310879805 	 26 	 200 	 2979 	 1
1787310879810 	 23 	 200 	 2979 	 0
1787310879855 	 15 	 200 	 2983 	 3
1787310879857 	 16 	 200 	 2983 	 2
1787310879859 	 27 	 200 	 2984 	 2
1787310879866 	 23 	 200 	 2984 	 1
1787310879886 	 13 	 200 	 2985 	 1
1787310879898 	 19 	 200 	 2985 	 0
1787310879932 	 15 	 200 	 2988 	 2
1787310879934 	 16 	 200 	 2988 	 1
1787310879947 	 12 	 200 	 2988 	 0
1787310879962 	 14 	 200 	 2991 	 2
1787310879971 	 15 	 200 	 2991 	 1
1787310879972 	 23 	 200 	 2991 	 0
1787310880015 	 19 	 200 	 2993 	 1
1787310880017 	 18 	 200 	 2993 	 0
1787310880058 	 23 	 200 	 2999 	 5
1787310880055 	 37 	 200 	 2999 	 4
1787310880053 	 40 	 200 	 2999 	 3
1787310880051 	 43 	 200 	 2999 	 2
1787310880079 	 26 	 200 	 3000 	 2
1787310880061 	 85 	 200 	 3006 	 7
1787310880098 	 48 	 200 	 3006 	 6
1787310880118 	 43 	 200 	 3006 	 5
1787310880132 	 35 	 200 	 3006 	 4
1787310880132 	 38 	 200 	 3006 	 3
1787310880145 	 29 	 200 	 3008 	 4
1787310880123 	 53 	 200 	 3008 	 3
1787310880128 	 51 	 200 	 3008 	 2
1787310880173 	 14 	 200 	 3009 	 2
1787310880176 	 70 	 200 	 3018 	 10
1787310880190 	 60 	 200 	 3018 	 9
1787310880230 	 63 	 200 	 3022 	 12
1787310880195 	 99 	 200 	 3022 	 11
1787310880212 	 82 	 200 	 3022 	 10
1787310880232 	 63 	 200 	 3022 	 9
1787310880239 	 104 	 200 	 3026 	 12
1787310880229 	 117 	 200 	 3026 	 11
1787310880182 	 164 	 200 	 3026 	 10
1787310880237 	 110 	 200 	 3026 	 9
1787310880226 	 122 	 200 	 3026 	 8
1787310880266 	 128 	 200 	 3033 	 14
1787310880279 	 164 	 200 	 3035 	 18
1787310880307 	 140 	 200 	 3036 	 17
1787310880322 	 125 	 200 	 3037 	 16
1787310880306 	 140 	 200 	 3038 	 15
1787310880272 	 178 	 200 	 3038 	 14
1787310880290 	 203 	 200 	 3039 	 14
1787310880370 	 173 	 200 	 3040 	 14
1787310880384 	 158 	 200 	 3040 	 13
1787310880355 	 190 	 200 	 3040 	 12
1787310880396 	 149 	 200 	 3040 	 11
1787310880375 	 170 	 200 	 3040 	 10
1787310880445 	 102 	 200 	 3040 	 9
1787310880319 	 233 	 200 	 3040 	 8
1787310880362 	 223 	 200 	 3040 	 7
1787310880388 	 199 	 200 	 3040 	 6
1787310880415 	 201 	 200 	 3040 	 5
1787310880451 	 169 	 200 	 3040 	 4
1787310880504 	 133 	 200 	 3040 	 3
1787310880393 	 244 	 200 	 3040 	 2
1787310880448 	 198 	 200 	 3040 	 1
1787310880448 	 198 	 200 	 3040 	 0
1787310880826 	 23 	 200 	 3041 	 0
1787310881562 	 31 	 200 	 3042 	 0
1787310882245 	 20 	 200 	 3043 	 0
1787310882461 	 13 	 200 	 3044 	 0
1787310882767 	 15 	 200 	 3045 	 0
1787310883575 	 13 	 200 	 3046 	 0
1787310883832 	 19 	 200 	 3047 	 0
1787310884685 	 14 	 200 	 3049 	 1
1787310884687 	 18 	 200 	 3049 	 0
1787310884740 	 16 	 200 	 3052 	 2
1787310884721 	 44 	 200 	 3052 	 1
1787310884751 	 14 	 200 	 3052 	 0
1787310884785 	 16 	 200 	 3053 	 0
1787310884809 	 12 	 200 	 3054 	 0
1787310884826 	 15 	 200 	 3056 	 1
1787310884841 	 14 	 200 	 3057 	 1
1787310884843 	 19 	 200 	 3057 	 0
1787310884864 	 13 	 200 	 3059 	 1
1787310884867 	 15 	 200 	 3059 	 0
1787310884929 	 14 	 200 	 3060 	 0
1787310884983 	 14 	 200 	 3061 	 0
1787310885008 	 17 	 200 	 3064 	 2
1787310885010 	 16 	 200 	 3064 	 1
1787310885018 	 23 	 200 	 3064 	 0
1787310885085 	 18 	 200 	 3066 	 1
1787310885093 	 14 	 200 	 3066 	 0
1787310885182 	 13 	 200 	 3067 	 0
1787310885224 	 14 	 200 	 3070 	 2
1787310885228 	 15 	 200 	 3070 	 1
1787310885264 	 14 	 200 	 3071 	 1
1787310885302 	 23 	 200 	 3076 	 5
1787310885310 	 19 	 200 	 3077 	 5
1787310885317 	 99 	 200 	 3082 	 9
1787310885301 	 119 	 200 	 3082 	 8
1787310885406 	 20 	 200 	 3083 	 8
1787310885368 	 59 	 200 	 3083 	 7
1787310885328 	 103 	 200 	 3083 	 6
1787310885337 	 95 	 200 	 3084 	 6
1787310885391 	 44 	 200 	 3084 	 5
1787310885433 	 34 	 200 	 3086 	 6
1787310885449 	 71 	 200 	 3088 	 7
1787310885436 	 84 	 200 	 3088 	 6
1787310885425 	 95 	 200 	 3088 	 5
1787310885470 	 54 	 200 	 3088 	 4
1787310885418 	 107 	 200 	 3088 	 3
1787310885323 	 203 	 200 	 3088 	 2
1787310885512 	 24 	 200 	 3088 	 1
1787310885551 	 22 	 200 	 3092 	 4
1787310885603 	 18 	 200 	 3097 	 8
1787310885564 	 59 	 200 	 3097 	 7
1787310885582 	 43 	 200 	 3097 	 6
1787310885570 	 55 	 200 	 3097 	 5
1787310885565 	 67 	 200 	 3100 	 7
1787310885633 	 39 	 200 	 3104 	 10
1787310885613 	 104 	 200 	 3107 	 12
1787310885635 	 83 	 200 	 3107 	 11
1787310885627 	 101 	 200 	 3107 	 10
1787310885707 	 62 	 200 	 3108 	 11
1787310885668 	 102 	 200 	 3109 	 10
1787310885701 	 70 	 200 	 3109 	 9
1787310885596 	 172 	 200 	 3109 	 8
1787310885628 	 147 	 200 	 3109 	 7
1787310885667 	 152 	 200 	 3111 	 8
1787310885588 	 240 	 200 	 3111 	 8
1787310885731 	 96 	 200 	 3112 	 7
1787310885772 	 93 	 200 	 3115 	 9
1787310885649 	 268 	 200 	 3119 	 12
1787310885835 	 87 	 200 	 3119 	 11
1787310885711 	 214 	 200 	 3119 	 10
1787310885803 	 163 	 200 	 3121 	 11
1787310885805 	 162 	 200 	 3121 	 10
1787310885902 	 69 	 200 	 3121 	 9
1787310885869 	 149 	 200 	 3122 	 9
1787310885850 	 173 	 200 	 3122 	 8
1787310885992 	 34 	 200 	 3122 	 7
1787310885965 	 62 	 200 	 3122 	 6
1787310885957 	 108 	 200 	 3122 	 5
1787310885840 	 229 	 200 	 3122 	 4
1787310885900 	 169 	 200 	 3122 	 3
1787310885868 	 206 	 200 	 3122 	 2
1787310885829 	 291 	 200 	 3122 	 1
1787310885197 	 973 	 200 	 3122 	 0
1787310886207 	 38 	 200 	 3123 	 0
1787310886623 	 16 	 200 	 3124 	 0
1787310886705 	 14 	 200 	 3125 	 0
1787310886800 	 15 	 200 	 3126 	 0
1787310887495 	 14 	 200 	 3127 	 0
1787310887517 	 12 	 200 	 3128 	 0
1787310887547 	 12 	 200 	 3129 	 0
1787310887573 	 16 	 200 	 3132 	 2
1787310887584 	 16 	 200 	 3133 	 2
1787310887586 	 19 	 200 	 3135 	 3
1787310887592 	 21 	 200 	 3135 	 2
1787310887602 	 18 	 200 	 3135 	 1
1787310887605 	 15 	 200 	 3135 	 0
1787310887633 	 12 	 200 	 3136 	 0
1787310887665 	 19 	 200 	 3139 	 2
1787310887665 	 22 	 200 	 3139 	 1
1787310887669 	 20 	 200 	 3139 	 0
1787310887695 	 19 	 200 	 3140 	 0
1787310887723 	 16 	 200 	 3143 	 2
1787310887727 	 14 	 200 	 3143 	 1
1787310887736 	 15 	 200 	 3143 	 0
1787310887774 	 16 	 200 	 3144 	 0
1787310887792 	 15 	 200 	 3146 	 1
1787310887797 	 13 	 200 	 3146 	 0
1787310887823 	 16 	 200 	 3148 	 1
1787310887833 	 15 	 200 	 3149 	 1
1787310887848 	 14 	 200 	 3152 	 3
1787310887850 	 19 	 200 	 3152 	 2
1787310887858 	 13 	 200 	 3153 	 2
1787310887851 	 21 	 200 	 3153 	 1
1787310887871 	 19 	 200 	 3154 	 1
1787310887874 	 18 	 200 	 3154 	 0
1787310887905 	 12 	 200 	 3155 	 0
1787310887918 	 12 	 200 	 3158 	 2
1787310887925 	 12 	 200 	 3158 	 1
1787310887927 	 13 	 200 	 3158 	 0
1787310887961 	 12 	 200 	 3159 	 0
1787310887982 	 12 	 200 	 3160 	 0
1787310887999 	 14 	 200 	 3163 	 3
1787310888004 	 19 	 200 	 3164 	 2
1787310888012 	 20 	 200 	 3165 	 2
1787310888014 	 20 	 200 	 3165 	 1
1787310888027 	 22 	 200 	 3165 	 0
1787310888077 	 12 	 200 	 3166 	 0
1787310888106 	 14 	 200 	 3167 	 0
1787310888122 	 14 	 200 	 3168 	 0
1787310888139 	 12 	 200 	 3170 	 1
1787310888144 	 14 	 200 	 3172 	 2
1787310888152 	 15 	 200 	 3172 	 1
1787310888152 	 15 	 200 	 3172 	 0
1787310888175 	 13 	 200 	 3173 	 0
1787310888197 	 15 	 200 	 3175 	 1
1787310888197 	 16 	 200 	 3175 	 0
1787310888233 	 19 	 200 	 3177 	 1
1787310888249 	 13 	 200 	 3177 	 0
1787310888263 	 15 	 200 	 3180 	 2
1787310888263 	 18 	 200 	 3180 	 1
1787310888267 	 16 	 200 	 3180 	 0
1787310888292 	 12 	 200 	 3182 	 1
1787310888297 	 15 	 200 	 3182 	 0
1787310888364 	 16 	 200 	 3186 	 3
1787310888348 	 31 	 200 	 3186 	 2
1787310888372 	 23 	 200 	 3188 	 3
1787310888379 	 19 	 200 	 3189 	 3
1787310888385 	 18 	 200 	 3189 	 2
1787310888390 	 16 	 200 	 3189 	 1
1787310888399 	 21 	 200 	 3190 	 1
1787310888416 	 13 	 200 	 3190 	 0
1787310888442 	 20 	 200 	 3194 	 3
1787310888462 	 15 	 200 	 3194 	 2
1787310888451 	 41 	 200 	 3195 	 2
1787310888479 	 14 	 200 	 3195 	 1
1787310888450 	 44 	 200 	 3195 	 0
1787310888506 	 13 	 200 	 3197 	 1
1787310888513 	 17 	 200 	 3198 	 1
1787310888529 	 14 	 200 	 3199 	 1
1787310888543 	 16 	 200 	 3202 	 3
1787310888550 	 14 	 200 	 3202 	 2
1787310888548 	 18 	 200 	 3202 	 1
1787310888551 	 25 	 200 	 3202 	 0
1787310888618 	 16 	 200 	 3204 	 1
1787310888633 	 13 	 200 	 3204 	 0
1787310888663 	 15 	 200 	 3206 	 1
1787310888667 	 32 	 200 	 3207 	 1
1787310888686 	 18 	 200 	 3207 	 0
1787310888719 	 16 	 200 	 3210 	 2
1787310888727 	 25 	 200 	 3211 	 2
1787310888725 	 28 	 200 	 3211 	 1
1787310888749 	 18 	 200 	 3211 	 0
1787310888784 	 20 	 200 	 3212 	 0
1787310888808 	 19 	 200 	 3213 	 0
1787310888832 	 13 	 200 	 3214 	 0
1787310888846 	 18 	 200 	 3216 	 1
1787310888862 	 13 	 200 	 3216 	 0
1787310888879 	 14 	 200 	 3217 	 0
1787310888899 	 13 	 200 	 3218 	 0
1787310888915 	 15 	 200 	 3219 	 0
1787310889004 	 13 	 200 	 3222 	 2
1787310889009 	 13 	 200 	 3222 	 1
1787310889017 	 13 	 200 	 3224 	 2
1787310889024 	 27 	 200 	 3225 	 2
1787310889025 	 29 	 200 	 3225 	 1
1787310889043 	 16 	 200 	 3227 	 2
1787310889059 	 14 	 200 	 3227 	 1
1787310889056 	 20 	 200 	 3227 	 0
1787310889079 	 13 	 200 	 3229 	 1
1787310889082 	 12 	 200 	 3230 	 1
1787310889094 	 17 	 200 	 3230 	 0
1787310889117 	 13 	 200 	 3231 	 0
1787310889152 	 33 	 200 	 3234 	 2
1787310889169 	 26 	 200 	 3234 	 1
1787310889180 	 21 	 200 	 3234 	 0
1787310889208 	 14 	 200 	 3235 	 0
1787310889235 	 31 	 200 	 3237 	 1
1787310889267 	 18 	 200 	 3241 	 4
1787310889278 	 20 	 200 	 3241 	 3
1787310889270 	 29 	 200 	 3241 	 2
1787310889271 	 30 	 200 	 3241 	 1
1787310889273 	 29 	 200 	 3242 	 1
1787310889303 	 13 	 200 	 3242 	 0
1787310889324 	 12 	 200 	 3244 	 1
1787310889327 	 16 	 200 	 3244 	 0
1787310889344 	 20 	 200 	 3248 	 3
1787310889350 	 14 	 200 	 3248 	 2
1787310889352 	 13 	 200 	 3248 	 1
1787310889358 	 22 	 200 	 3249 	 1
1787310889379 	 15 	 200 	 3250 	 1
1787310889384 	 25 	 200 	 3251 	 1
1787310889408 	 15 	 200 	 3254 	 3
1787310889414 	 18 	 200 	 3254 	 2
1787310889418 	 19 	 200 	 3254 	 1
1787310889423 	 15 	 200 	 3254 	 0
1787310889452 	 14 	 200 	 3256 	 1
1787310889462 	 13 	 200 	 3256 	 0
1787310889492 	 17 	 200 	 3258 	 1
1787310889505 	 34 	 200 	 3258 	 0
1787310889549 	 16 	 200 	 3260 	 1
1787310889548 	 17 	 200 	 3260 	 0
1787310889582 	 16 	 200 	 3262 	 1
1787310889593 	 14 	 200 	 3262 	 0
1787310889623 	 13 	 200 	 3266 	 3
1787310889630 	 14 	 200 	 3266 	 2
1787310889636 	 21 	 200 	 3266 	 1
1787310889637 	 21 	 200 	 3266 	 0
1787310889665 	 15 	 200 	 3270 	 3
1787310889668 	 16 	 200 	 3270 	 2
1787310889671 	 17 	 200 	 3270 	 1
1787310889679 	 16 	 200 	 3271 	 1
1787310889691 	 12 	 200 	 3271 	 0
1787310889727 	 19 	 200 	 3274 	 2
1787310889736 	 14 	 200 	 3274 	 1
1787310889742 	 14 	 200 	 3274 	 0
1787310889761 	 12 	 200 	 3275 	 0
1787310889783 	 14 	 200 	 3277 	 1
1787310889793 	 12 	 200 	 3277 	 0
1787310889808 	 12 	 200 	 3279 	 1
1787310889811 	 13 	 200 	 3279 	 0
1787310889826 	 16 	 200 	 3282 	 2
1787310889826 	 16 	 200 	 3282 	 1
1787310889831 	 15 	 200 	 3282 	 0
1787310889853 	 13 	 200 	 3284 	 1
1787310889856 	 15 	 200 	 3284 	 0
1787310889877 	 12 	 200 	 3286 	 1
1787310889887 	 12 	 200 	 3286 	 0
1787310889910 	 13 	 200 	 3288 	 1
1787310889909 	 15 	 200 	 3288 	 0
1787310889925 	 13 	 200 	 3289 	 0
1787310889947 	 12 	 200 	 3291 	 1
1787310889940 	 20 	 200 	 3291 	 0
1787310890009 	 32 	 200 	 3298 	 6
1787310890017 	 29 	 200 	 3298 	 5
1787310890005 	 42 	 200 	 3298 	 4
1787310890016 	 73 	 200 	 3303 	 8
1787310889998 	 94 	 200 	 3303 	 7
1787310890007 	 89 	 200 	 3303 	 6
1787310890049 	 61 	 200 	 3304 	 6
1787310890088 	 22 	 200 	 3304 	 5
1787310890022 	 89 	 200 	 3304 	 4
1787310890052 	 90 	 200 	 3309 	 8
1787310890069 	 123 	 200 	 3312 	 10
1787310890084 	 109 	 200 	 3312 	 10
1787310890113 	 80 	 200 	 3313 	 9
1787310890114 	 81 	 200 	 3313 	 8
1787310890106 	 89 	 200 	 3313 	 7
1787310890138 	 74 	 200 	 3314 	 7
1787310890164 	 52 	 200 	 3314 	 6
1787310890121 	 95 	 200 	 3314 	 5
1787310890135 	 87 	 200 	 3314 	 4
1787310890174 	 56 	 200 	 3314 	 3
1787310890207 	 25 	 200 	 3314 	 2
1787310890169 	 66 	 200 	 3314 	 1
1787310890195 	 43 	 200 	 3314 	 0
1787310891084 	 31 	 200 	 3315 	 0
1787310893244 	 22 	 200 	 3316 	 0
1787310893277 	 14 	 200 	 3319 	 2
1787310893283 	 19 	 200 	 3319 	 1
1787310893286 	 17 	 200 	 3319 	 0
1787310893331 	 13 	 200 	 3320 	 0
1787310893368 	 24 	 200 	 3323 	 2
1787310893380 	 15 	 200 	 3323 	 1
1787310893376 	 19 	 200 	 3323 	 0
1787310893399 	 15 	 200 	 3325 	 1
1787310893402 	 15 	 200 	 3325 	 0
1787310893421 	 21 	 200 	 3328 	 2
1787310893438 	 14 	 200 	 3329 	 2
1787310893444 	 14 	 200 	 3329 	 1
1787310893435 	 25 	 200 	 3330 	 1
1787310893460 	 14 	 200 	 3331 	 1
1787310893462 	 15 	 200 	 3331 	 0
1787310893492 	 13 	 200 	 3333 	 1
1787310893497 	 16 	 200 	 3335 	 2
1787310893509 	 18 	 200 	 3335 	 1
1787310893508 	 19 	 200 	 3335 	 0
1787310893588 	 13 	 200 	 3336 	 0
1787310893619 	 15 	 200 	 3339 	 2
1787310893620 	 19 	 200 	 3340 	 2
1787310893604 	 35 	 200 	 3340 	 1
1787310893637 	 16 	 200 	 3342 	 2
1787310893645 	 15 	 200 	 3342 	 1
1787310893653 	 15 	 200 	 3343 	 1
1787310893664 	 17 	 200 	 3345 	 2
1787310893674 	 15 	 200 	 3345 	 1
1787310893677 	 15 	 200 	 3345 	 0
1787310893694 	 13 	 200 	 3346 	 0
1787310893710 	 19 	 200 	 3348 	 1
1787310893715 	 14 	 200 	 3348 	 0
1787310893731 	 19 	 200 	 3350 	 1
1787310893747 	 14 	 200 	 3351 	 1
1787310893752 	 13 	 200 	 3351 	 1
1787310893766 	 16 	 200 	 3353 	 1
1787310893768 	 16 	 200 	 3353 	 0
1787310893795 	 14 	 200 	 3355 	 1
1787310893796 	 15 	 200 	 3355 	 0
1787310893817 	 23 	 200 	 3362 	 6
1787310893819 	 25 	 200 	 3363 	 6
1787310893816 	 28 	 200 	 3363 	 5
1787310893821 	 24 	 200 	 3363 	 4
1787310893824 	 21 	 200 	 3363 	 3
1787310893828 	 27 	 200 	 3364 	 3
1787310893847 	 16 	 200 	 3364 	 2
1787310893844 	 28 	 200 	 3367 	 4
1787310893833 	 61 	 200 	 3369 	 5
1787310893865 	 43 	 200 	 3369 	 4
1787310893884 	 34 	 200 	 3369 	 3
1787310893881 	 41 	 200 	 3369 	 2
1787310893870 	 53 	 200 	 3369 	 1
1787310893872 	 54 	 200 	 3370 	 1
1787310893925 	 28 	 200 	 3373 	 3
1787310893932 	 24 	 200 	 3373 	 2
1787310893932 	 24 	 200 	 3373 	 1
1787310893948 	 14 	 200 	 3373 	 0
1787310893983 	 13 	 200 	 3374 	 0
1787310894011 	 12 	 200 	 3375 	 0
1787310894028 	 15 	 200 	 3379 	 3
1787310894030 	 14 	 200 	 3379 	 2
1787310894031 	 13 	 200 	 3379 	 1
1787310894043 	 13 	 200 	 3379 	 0
1787310894061 	 17 	 200 	 3383 	 3
1787310894063 	 20 	 200 	 3383 	 2
1787310894071 	 15 	 200 	 3383 	 1
1787310894067 	 19 	 200 	 3383 	 0
1787310894139 	 30 	 200 	 3384 	 0
1787310894389 	 21 	 200 	 3385 	 0
1787310894431 	 14 	 200 	 3386 	 0
1787310894508 	 14 	 200 	 3387 	 0
1787310894524 	 13 	 200 	 3388 	 0
1787310894661 	 25 	 200 	 3389 	 0
1787310895308 	 14 	 200 	 3390 	 0
1787310895458 	 24 	 200 	 3391 	 0
1787310895995 	 16 	 200 	 3392 	 0
1787310896016 	 14 	 200 	 3394 	 1
1787310896016 	 14 	 200 	 3394 	 0
1787310896045 	 40 	 200 	 3399 	 4
1787310896062 	 28 	 200 	 3399 	 3
1787310896071 	 20 	 200 	 3399 	 2
1787310896064 	 30 	 200 	 3400 	 2
1787310896080 	 19 	 200 	 3400 	 1
1787310896093 	 14 	 200 	 3400 	 0
1787310896126 	 15 	 200 	 3402 	 1
1787310896126 	 25 	 200 	 3402 	 1
1787310896153 	 14 	 200 	 3405 	 2
1787310896163 	 18 	 200 	 3405 	 1
1787310896155 	 25 	 200 	 3405 	 0
1787310896213 	 18 	 200 	 3406 	 0
1787310896407 	 33 	 200 	 3407 	 0
1787310897168 	 28 	 200 	 3408 	 0
1787310897812 	 14 	 200 	 3409 	 0
1787310897836 	 13 	 200 	 3411 	 1
1787310897837 	 15 	 200 	 3411 	 0
1787310897855 	 13 	 200 	 3413 	 1
1787310897855 	 15 	 200 	 3413 	 0
1787310897899 	 16 	 200 	 3416 	 2
1787310897902 	 16 	 200 	 3416 	 1
1787310897910 	 14 	 200 	 3417 	 1
1787310897922 	 16 	 200 	 3417 	 0
1787310897947 	 13 	 200 	 3418 	 0
1787310897964 	 16 	 200 	 3422 	 3
1787310897967 	 20 	 200 	 3423 	 3
1787310897975 	 18 	 200 	 3423 	 2
1787310897981 	 15 	 200 	 3423 	 1
1787310897982 	 16 	 200 	 3423 	 0
1787310897999 	 12 	 200 	 3424 	 0
1787310898026 	 12 	 200 	 3425 	 0
1787310898081 	 27 	 200 	 3427 	 1
1787310898083 	 27 	 200 	 3427 	 0
1787310898122 	 14 	 200 	 3432 	 4
1787310898121 	 16 	 200 	 3432 	 3
1787310898131 	 19 	 200 	 3433 	 3
1787310898131 	 26 	 200 	 3433 	 2
1787310898141 	 17 	 200 	 3433 	 1
1787310898136 	 24 	 200 	 3434 	 1
1787310898160 	 14 	 200 	 3434 	 0
1787310898177 	 13 	 200 	 3435 	 0
1787310898199 	 14 	 200 	 3437 	 1
1787310898212 	 35 	 200 	 3438 	 1
1787310898224 	 25 	 200 	 3438 	 0
1787310898281 	 16 	 200 	 3440 	 1
1787310898298 	 13 	 200 	 3441 	 1
1787310898304 	 38 	 200 	 3444 	 3
1787310898315 	 29 	 200 	 3444 	 2
1787310898333 	 15 	 200 	 3444 	 1
1787310898335 	 16 	 200 	 3445 	 1
1787310898351 	 18 	 200 	 3447 	 2
1787310898355 	 14 	 200 	 3447 	 1
1787310898362 	 13 	 200 	 3447 	 0
1787310898386 	 13 	 200 	 3449 	 1
1787310898413 	 13 	 200 	 3451 	 2
1787310898379 	 52 	 200 	 3451 	 1
1787310898425 	 16 	 200 	 3451 	 0
1787310898493 	 13 	 200 	 3453 	 1
1787310898492 	 16 	 200 	 3454 	 1
1787310898510 	 14 	 200 	 3455 	 1
1787310898508 	 17 	 200 	 3455 	 0
1787310898539 	 13 	 200 	 3456 	 0
1787310898567 	 14 	 200 	 3457 	 0
1787310898599 	 15 	 200 	 3461 	 3
1787310898598 	 21 	 200 	 3461 	 2
1787310898609 	 17 	 200 	 3461 	 1
1787310898613 	 15 	 200 	 3461 	 0
1787310898666 	 32 	 200 	 3467 	 5
1787310898668 	 33 	 200 	 3467 	 4
1787310898671 	 35 	 200 	 3468 	 4
1787310898686 	 21 	 200 	 3468 	 3
1787310898694 	 17 	 200 	 3468 	 2
1787310898698 	 21 	 200 	 3468 	 1
1787310898707 	 39 	 200 	 3470 	 2
1787310898731 	 23 	 200 	 3470 	 1
1787310898740 	 15 	 200 	 3470 	 0
1787310898769 	 15 	 200 	 3473 	 2
1787310898780 	 15 	 200 	 3474 	 2
1787310898778 	 17 	 200 	 3474 	 1
1787310898790 	 15 	 200 	 3474 	 0
1787310898806 	 14 	 200 	 3477 	 2
1787310898808 	 12 	 200 	 3477 	 1
1787310898816 	 28 	 200 	 3481 	 4
1787310898828 	 25 	 200 	 3481 	 3
1787310898830 	 29 	 200 	 3482 	 3
1787310898828 	 31 	 200 	 3482 	 2
1787310898844 	 19 	 200 	 3483 	 2
1787310898858 	 18 	 200 	 3484 	 2
1787310898863 	 30 	 200 	 3485 	 3
1787310898878 	 28 	 200 	 3486 	 2
1787310898874 	 42 	 200 	 3486 	 1
1787310898894 	 24 	 200 	 3486 	 0
1787310898947 	 16 	 200 	 3491 	 4
1787310898939 	 26 	 200 	 3491 	 3
1787310898946 	 24 	 200 	 3491 	 2
1787310898951 	 19 	 200 	 3491 	 1
1787310898960 	 25 	 200 	 3492 	 1
1787310898972 	 15 	 200 	 3493 	 1
1787310898987 	 13 	 200 	 3494 	 1
1787310898996 	 12 	 200 	 3494 	 0
1787310899012 	 12 	 200 	 3495 	 0
1787310899031 	 14 	 200 	 3497 	 1
1787310899033 	 14 	 200 	 3497 	 0
1787310899064 	 13 	 200 	 3500 	 2
1787310899058 	 40 	 200 	 3501 	 2
1787310899054 	 43 	 200 	 3501 	 1
1787310899091 	 13 	 200 	 3501 	 0
1787310899141 	 23 	 200 	 3504 	 2
1787310899146 	 20 	 200 	 3504 	 1
1787310899157 	 17 	 200 	 3505 	 1
1787310899175 	 17 	 200 	 3508 	 3
1787310899176 	 23 	 200 	 3509 	 3
1787310899179 	 21 	 200 	 3509 	 2
1787310899181 	 22 	 200 	 3509 	 1
1787310899200 	 12 	 200 	 3509 	 0
1787310899221 	 17 	 200 	 3513 	 3
1787310899219 	 20 	 200 	 3513 	 2
1787310899235 	 17 	 200 	 3513 	 1
1787310899238 	 18 	 200 	 3513 	 0
1787310899278 	 15 	 200 	 3515 	 1
1787310899286 	 13 	 200 	 3516 	 1
1787310899295 	 14 	 200 	 3516 	 0
1787310899318 	 18 	 200 	 3518 	 1
1787310899336 	 14 	 200 	 3520 	 2
1787310899338 	 17 	 200 	 3520 	 1
1787310899346 	 16 	 200 	 3520 	 0
1787310899385 	 19 	 200 	 3521 	 0
1787310899413 	 13 	 200 	 3523 	 1
1787310899426 	 12 	 200 	 3523 	 0
1787310899448 	 13 	 200 	 3525 	 1
1787310899457 	 13 	 200 	 3525 	 0
1787310899473 	 12 	 200 	 3526 	 0
1787310899520 	 13 	 200 	 3529 	 2
1787310899522 	 13 	 200 	 3529 	 1
1787310899533 	 15 	 200 	 3531 	 2
1787310899544 	 15 	 200 	 3531 	 1
1787310899545 	 18 	 200 	 3531 	 0
1787310899586 	 16 	 200 	 3532 	 0
1787310899613 	 18 	 200 	 3534 	 1
1787310899623 	 15 	 200 	 3535 	 1
1787310899634 	 15 	 200 	 3535 	 0
1787310899675 	 18 	 200 	 3538 	 2
1787310899672 	 21 	 200 	 3538 	 1
1787310899688 	 16 	 200 	 3538 	 0
1787310899709 	 14 	 200 	 3541 	 2
1787310899707 	 24 	 200 	 3542 	 2
1787310899717 	 17 	 200 	 3542 	 1
1787310899731 	 12 	 200 	 3542 	 0
1787310899763 	 13 	 200 	 3544 	 1
1787310899773 	 16 	 200 	 3545 	 1
1787310899781 	 15 	 200 	 3545 	 0
1787310899839 	 15 	 200 	 3546 	 0
1787310899876 	 13 	 200 	 3547 	 0
1787310899898 	 14 	 200 	 3549 	 1
1787310899902 	 12 	 200 	 3549 	 0
1787310899952 	 31 	 200 	 3550 	 0
1787310900193 	 32 	 200 	 3551 	 0
1787310900251 	 31 	 200 	 3552 	 0
1787310900463 	 14 	 200 	 3553 	 0
1787310900945 	 18 	 200 	 3554 	 0
1787310901497 	 14 	 200 	 3555 	 0
1787310901639 	 13 	 200 	 3556 	 0
1787310902123 	 14 	 200 	 3557 	 0
1787310902911 	 12 	 200 	 3558 	 0
1787310903409 	 30 	 200 	 3559 	 0
1787310904505 	 20 	 200 	 3560 	 0
1787310904906 	 29 	 200 	 3561 	 0
1787310904996 	 15 	 200 	 3562 	 0
1787310905387 	 15 	 200 	 3563 	 0
1787310905524 	 15 	 200 	 3564 	 0
1787310905694 	 33 	 200 	 3565 	 0
1787310906140 	 34 	 200 	 3566 	 0
1787310907734 	 25 	 200 	 3567 	 0
1787310908153 	 18 	 200 	 3568 	 0
1787310909425 	 31 	 200 	 3569 	 0
1787310909704 	 30 	 200 	 3570 	 0
1787310910178 	 28 	 200 	 3571 	 0
1787310910334 	 33 	 200 	 3572 	 0
1787310910383 	 14 	 200 	 3573 	 0
1787310910557 	 26 	 200 	 3574 	 0
1787310910819 	 13 	 200 	 3575 	 0
1787310911157 	 34 	 200 	 3576 	 0
1787310911597 	 15 	 200 	 3577 	 0
1787310911813 	 34 	 200 	 3578 	 0
1787310912364 	 35 	 200 	 3579 	 0
1787310913101 	 13 	 200 	 3580 	 0
1787310913235 	 30 	 200 	 3581 	 0
1787310913987 	 20 	 200 	 3582 	 0
1787310914648 	 14 	 200 	 3585 	 2
1787310914650 	 20 	 200 	 3587 	 3
1787310914648 	 32 	 200 	 3587 	 2
1787310914670 	 18 	 200 	 3587 	 1
1787310914667 	 26 	 200 	 3588 	 2
1787310914694 	 15 	 200 	 3591 	 3
1787310914691 	 20 	 200 	 3591 	 2
1787310914703 	 16 	 200 	 3591 	 1
1787310914699 	 21 	 200 	 3591 	 0
1787310914731 	 14 	 200 	 3592 	 0
1787310914748 	 12 	 200 	 3594 	 1
1787310914754 	 13 	 200 	 3594 	 0
1787310914775 	 15 	 200 	 3596 	 1
1787310914775 	 23 	 200 	 3596 	 1
1787310914800 	 16 	 200 	 3598 	 1
1787310914802 	 15 	 200 	 3598 	 0
1787310914832 	 13 	 200 	 3599 	 0
1787310914852 	 13 	 200 	 3600 	 0
1787310914882 	 13 	 200 	 3601 	 0
1787310914903 	 13 	 200 	 3603 	 1
1787310914915 	 14 	 200 	 3604 	 1
1787310914919 	 16 	 200 	 3604 	 0
1787310914942 	 17 	 200 	 3605 	 0
1787310914966 	 16 	 200 	 3607 	 1
1787310914971 	 17 	 200 	 3608 	 1
1787310914988 	 18 	 200 	 3608 	 0
1787310915027 	 30 	 200 	 3610 	 1
1787310915034 	 29 	 200 	 3610 	 0
1787310915081 	 31 	 200 	 3611 	 0
1787310915137 	 36 	 200 	 3616 	 4
1787310915143 	 36 	 200 	 3617 	 4
1787310915155 	 29 	 200 	 3617 	 3
1787310915160 	 27 	 200 	 3617 	 2
1787310915157 	 35 	 200 	 3617 	 1
1787310915175 	 29 	 200 	 3618 	 1
1787310915197 	 14 	 200 	 3618 	 0
1787310915227 	 12 	 200 	 3619 	 0
1787310915254 	 14 	 200 	 3620 	 0
1787310915290 	 13 	 200 	 3621 	 0
1787310915309 	 12 	 200 	 3622 	 0
1787310915324 	 12 	 200 	 3623 	 0
1787310915345 	 12 	 200 	 3625 	 1
1787310915357 	 15 	 200 	 3626 	 1
1787310915371 	 15 	 200 	 3626 	 0
1787310915394 	 15 	 200 	 3627 	 0
1787310915444 	 17 	 200 	 3630 	 2
1787310915449 	 14 	 200 	 3630 	 1
1787310915452 	 24 	 200 	 3633 	 3
1787310915472 	 14 	 200 	 3634 	 3
1787310915469 	 22 	 200 	 3634 	 2
1787310915475 	 16 	 200 	 3634 	 1
1787310915486 	 15 	 200 	 3636 	 2
1787310915493 	 14 	 200 	 3636 	 1
1787310915501 	 16 	 200 	 3638 	 2
1787310915513 	 14 	 200 	 3638 	 1
1787310915515 	 15 	 200 	 3639 	 1
1787310915529 	 14 	 200 	 3641 	 2
1787310915533 	 21 	 200 	 3641 	 1
1787310915539 	 18 	 200 	 3641 	 0
1787310915560 	 14 	 200 	 3646 	 4
1787310915558 	 23 	 200 	 3646 	 3
1787310915568 	 25 	 200 	 3646 	 2
1787310915569 	 25 	 200 	 3646 	 1
1787310915563 	 31 	 200 	 3646 	 0
1787310915610 	 13 	 200 	 3647 	 0
1787310915624 	 24 	 200 	 3649 	 1
1787310915640 	 17 	 200 	 3650 	 1
1787310915650 	 14 	 200 	 3651 	 1
1787310915663 	 15 	 200 	 3652 	 1
1787310915670 	 17 	 200 	 3652 	 0
1787310915693 	 15 	 200 	 3657 	 4
1787310915699 	 18 	 200 	 3658 	 4
1787310915702 	 17 	 200 	 3658 	 3
1787310915706 	 16 	 200 	 3658 	 2
1787310915706 	 19 	 200 	 3659 	 2
1787310915717 	 17 	 200 	 3659 	 1
1787310915725 	 14 	 200 	 3661 	 2
1787310915738 	 30 	 200 	 3666 	 6
1787310915751 	 44 	 200 	 3668 	 7
1787310915745 	 50 	 200 	 3668 	 6
1787310915737 	 59 	 200 	 3668 	 5
1787310915742 	 55 	 200 	 3668 	 4
1787310915783 	 24 	 200 	 3668 	 3
1787310915769 	 41 	 200 	 3668 	 2
1787310915794 	 17 	 200 	 3668 	 1
1787310915758 	 57 	 200 	 3668 	 0
1787310915879 	 13 	 200 	 3669 	 0
1787310915906 	 13 	 200 	 3670 	 0
1787310915965 	 30 	 200 	 3674 	 3
1787310915967 	 30 	 200 	 3674 	 2
1787310915982 	 23 	 200 	 3674 	 1
1787310915991 	 26 	 200 	 3674 	 0
1787310916026 	 18 	 200 	 3676 	 1
1787310916040 	 12 	 200 	 3676 	 0
1787310916055 	 16 	 200 	 3677 	 0
1787310916103 	 39 	 200 	 3680 	 2
1787310916120 	 33 	 200 	 3680 	 1
1787310916126 	 27 	 200 	 3680 	 0
1787310916163 	 12 	 200 	 3681 	 0
1787310916358 	 17 	 200 	 3682 	 0
1787310916669 	 26 	 200 	 3683 	 0
1787310916802 	 13 	 200 	 3684 	 0
1787310917771 	 16 	 200 	 3685 	 0
1787310918461 	 19 	 200 	 3686 	 0
1787310918649 	 13 	 200 	 3687 	 0
1787310919299 	 13 	 200 	 3688 	 0
1787310919535 	 14 	 200 	 3689 	 0
1787310919553 	 12 	 200 	 3690 	 0
1787310920468 	 15 	 200 	 3691 	 0
1787310920552 	 19 	 200 	 3692 	 0
1787310920841 	 16 	 200 	 3693 	 0
1787310922026 	 54 	 200 	 3694 	 0
1787310922098 	 20 	 200 	 3695 	 0
1787310923351 	 37 	 200 	 3696 	 0
1787310923662 	 15 	 200 	 3698 	 1
1787310923659 	 22 	 200 	 3698 	 0
1787310923689 	 18 	 200 	 3699 	 0
1787310924133 	 16 	 200 	 3700 	 0
1787310924727 	 22 	 200 	 3701 	 0
1787310925529 	 15 	 200 	 3702 	 0
1787310925749 	 13 	 200 	 3703 	 0
1787310925793 	 12 	 200 	 3704 	 0
1787310926101 	 15 	 200 	 3705 	 0
1787310926587 	 14 	 200 	 3706 	 0
1787310928083 	 32 	 200 	 3708 	 1
1787310928098 	 21 	 200 	 3708 	 0
1787310928140 	 12 	 200 	 3709 	 0
1787310928161 	 16 	 200 	 3713 	 3
1787310928163 	 16 	 200 	 3715 	 4
1787310928180 	 13 	 200 	 3715 	 3
1787310928172 	 22 	 200 	 3715 	 2
1787310928178 	 19 	 200 	 3715 	 1
1787310928181 	 23 	 200 	 3716 	 1
1787310928204 	 13 	 200 	 3717 	 1
1787310928217 	 16 	 200 	 3719 	 2
1787310928238 	 15 	 200 	 3721 	 3
1787310928229 	 28 	 200 	 3721 	 2
1787310928233 	 35 	 200 	 3722 	 2
1787310928245 	 25 	 200 	 3724 	 3
1787310928260 	 16 	 200 	 3724 	 2
1787310928269 	 18 	 200 	 3725 	 2
1787310928269 	 17 	 200 	 3725 	 1
1787310928286 	 15 	 200 	 3726 	 1
1787310928297 	 14 	 200 	 3726 	 0
1787310928313 	 20 	 200 	 3728 	 1
1787310928327 	 14 	 200 	 3728 	 0
1787310928348 	 12 	 200 	 3729 	 0
1787310928361 	 13 	 200 	 3730 	 0
1787310928381 	 17 	 200 	 3732 	 1
1787310928379 	 20 	 200 	 3732 	 0
1787310928420 	 12 	 200 	 3734 	 1
1787310928422 	 21 	 200 	 3734 	 0
1787310928445 	 19 	 200 	 3737 	 2
1787310928450 	 16 	 200 	 3737 	 1
1787310928452 	 21 	 200 	 3738 	 1
1787310928473 	 19 	 200 	 3740 	 2
1787310928482 	 16 	 200 	 3740 	 1
1787310928490 	 14 	 200 	 3740 	 0
1787310928506 	 15 	 200 	 3742 	 1
1787310928527 	 15 	 200 	 3745 	 3
1787310928515 	 27 	 200 	 3745 	 2
1787310928529 	 15 	 200 	 3745 	 1
1787310928537 	 14 	 200 	 3745 	 0
1787310928560 	 13 	 200 	 3747 	 1
1787310928572 	 15 	 200 	 3747 	 0
1787310928621 	 14 	 200 	 3749 	 1
1787310928623 	 12 	 200 	 3749 	 0
1787310928640 	 14 	 200 	 3750 	 0
1787310928677 	 15 	 200 	 3751 	 0
1787310928701 	 33 	 200 	 3754 	 2
1787310928720 	 15 	 200 	 3754 	 1
1787310928727 	 18 	 200 	 3754 	 0
1787310928772 	 14 	 200 	 3756 	 1
1787310928784 	 13 	 200 	 3758 	 3
1787310928796 	 13 	 200 	 3759 	 2
1787310928799 	 17 	 200 	 3760 	 2
1787310928798 	 17 	 200 	 3760 	 1
1787310928812 	 20 	 200 	 3761 	 1
1787310928823 	 13 	 200 	 3761 	 0
1787310928867 	 14 	 200 	 3763 	 1
1787310928873 	 15 	 200 	 3763 	 0
1787310928894 	 15 	 200 	 3764 	 0
1787310928929 	 14 	 200 	 3767 	 2
1787310928935 	 14 	 200 	 3767 	 1
1787310928943 	 16 	 200 	 3768 	 1
1787310928959 	 14 	 200 	 3770 	 2
1787310928972 	 17 	 200 	 3771 	 2
1787310928976 	 14 	 200 	 3771 	 1
1787310928969 	 23 	 200 	 3771 	 0
1787310929003 	 14 	 200 	 3774 	 2
1787310929006 	 28 	 200 	 3775 	 2
1787310929009 	 28 	 200 	 3775 	 1
1787310929033 	 12 	 200 	 3775 	 0
1787310929062 	 14 	 200 	 3776 	 0
1787310929090 	 29 	 200 	 3777 	 0
1787310929131 	 13 	 200 	 3778 	 0
1787310929208 	 41 	 200 	 3784 	 5
1787310929218 	 39 	 200 	 3785 	 5
1787310929235 	 23 	 200 	 3785 	 4
1787310929237 	 25 	 200 	 3785 	 3
1787310929239 	 24 	 200 	 3785 	 2
1787310929230 	 33 	 200 	 3785 	 1
1787310929257 	 39 	 200 	 3790 	 5
1787310929291 	 19 	 200 	 3791 	 5
1787310929292 	 18 	 200 	 3791 	 4
1787310929275 	 38 	 200 	 3791 	 3
1787310929273 	 43 	 200 	 3791 	 2
1787310929307 	 36 	 200 	 3792 	 2
1787310929267 	 78 	 200 	 3792 	 1
1787310929356 	 14 	 200 	 3795 	 3
1787310929341 	 31 	 200 	 3795 	 2
1787310929347 	 27 	 200 	 3795 	 1
1787310929370 	 25 	 200 	 3797 	 2
1787310929376 	 29 	 200 	 3798 	 2
1787310929389 	 20 	 200 	 3799 	 2
1787310929402 	 18 	 200 	 3800 	 2
1787310929408 	 14 	 200 	 3801 	 3
1787310929414 	 32 	 200 	 3804 	 4
1787310929427 	 30 	 200 	 3805 	 4
1787310929431 	 29 	 200 	 3806 	 4
1787310929423 	 40 	 200 	 3806 	 3
1787310929451 	 42 	 200 	 3808 	 4
1787310929424 	 70 	 200 	 3808 	 3
1787310929459 	 46 	 200 	 3808 	 2
1787310929489 	 18 	 200 	 3808 	 1
1787310929487 	 42 	 200 	 3809 	 1
1787310929509 	 21 	 200 	 3809 	 0
1787310929540 	 16 	 200 	 3812 	 2
1787310929550 	 13 	 200 	 3813 	 2
1787310929556 	 15 	 200 	 3813 	 1
1787310929562 	 16 	 200 	 3815 	 2
1787310929574 	 25 	 200 	 3816 	 2
1787310929577 	 23 	 200 	 3816 	 1
1787310929591 	 18 	 200 	 3816 	 0
1787310929618 	 17 	 200 	 3817 	 0
1787310929650 	 17 	 200 	 3821 	 3
1787310929648 	 19 	 200 	 3821 	 2
1787310929662 	 14 	 200 	 3821 	 1
1787310929666 	 13 	 200 	 3821 	 0
1787310929700 	 17 	 200 	 3827 	 5
1787310929699 	 20 	 200 	 3827 	 4
1787310929701 	 18 	 200 	 3827 	 3
1787310929702 	 21 	 200 	 3827 	 2
1787310929712 	 30 	 200 	 3829 	 3
1787310929726 	 17 	 200 	 3829 	 2
1787310929713 	 30 	 200 	 3829 	 1
1787310929733 	 21 	 200 	 3830 	 1
1787310929747 	 13 	 200 	 3830 	 0
1787310929782 	 16 	 200 	 3832 	 1
1787310929794 	 13 	 200 	 3833 	 1
1787310929806 	 13 	 200 	 3833 	 0
1787310929906 	 14 	 200 	 3835 	 1
1787310929916 	 14 	 200 	 3835 	 0
1787310929938 	 13 	 200 	 3838 	 2
1787310929945 	 15 	 200 	 3838 	 1
1787310929949 	 14 	 200 	 3838 	 0
1787310929971 	 14 	 200 	 3839 	 0
1787310930005 	 13 	 200 	 3843 	 3
1787310929996 	 28 	 200 	 3844 	 3
1787310929991 	 34 	 200 	 3844 	 2
1787310930016 	 18 	 200 	 3845 	 2
1787310930024 	 15 	 200 	 3845 	 1
1787310930034 	 11 	 200 	 3845 	 0
1787310930050 	 12 	 200 	 3846 	 0
1787310930079 	 18 	 200 	 3847 	 0
1787310930103 	 19 	 200 	 3850 	 2
1787310930118 	 15 	 200 	 3851 	 2
1787310930120 	 15 	 200 	 3851 	 1
1787310930131 	 13 	 200 	 3853 	 2
1787310930143 	 14 	 200 	 3853 	 1
1787310930140 	 18 	 200 	 3853 	 0
1787310930187 	 47 	 200 	 3855 	 1
1787310930204 	 32 	 200 	 3855 	 0
1787310930255 	 29 	 200 	 3858 	 2
1787310930275 	 21 	 200 	 3860 	 3
1787310930285 	 15 	 200 	 3860 	 2
1787310930292 	 15 	 200 	 3862 	 3
1787310930295 	 19 	 200 	 3864 	 4
1787310930306 	 15 	 200 	 3865 	 4
1787310930313 	 29 	 200 	 3865 	 3
1787310930314 	 31 	 200 	 3865 	 2
1787310930317 	 28 	 200 	 3865 	 1
1787310930305 	 41 	 200 	 3865 	 0
1787310930353 	 16 	 200 	 3868 	 2
1787310930360 	 16 	 200 	 3868 	 1
1787310930369 	 15 	 200 	 3870 	 2
1787310930379 	 24 	 200 	 3870 	 1
1787310930378 	 27 	 200 	 3870 	 0
1787310930438 	 17 	 200 	 3872 	 1
1787310930444 	 14 	 200 	 3872 	 0
1787310930462 	 13 	 200 	 3874 	 1
1787310930474 	 17 	 200 	 3874 	 0
1787310930500 	 13 	 200 	 3875 	 0
1787310930527 	 13 	 200 	 3877 	 1
1787310930532 	 19 	 200 	 3879 	 2
1787310930546 	 16 	 200 	 3880 	 2
1787310930543 	 20 	 200 	 3880 	 1
1787310930562 	 13 	 200 	 3881 	 1
1787310930569 	 15 	 200 	 3881 	 1
1787310930585 	 12 	 200 	 3882 	 0
1787310930612 	 13 	 200 	 3884 	 1
1787310930630 	 14 	 200 	 3885 	 1
1787310930623 	 26 	 200 	 3885 	 0
1787310930666 	 14 	 200 	 3887 	 1
1787310930677 	 13 	 200 	 3888 	 1
1787310930683 	 12 	 200 	 3888 	 0
1787310930713 	 16 	 200 	 3890 	 1
1787310930723 	 13 	 200 	 3891 	 1
1787310930758 	 22 	 200 	 3897 	 6
1787310930760 	 20 	 200 	 3897 	 5
1787310930763 	 25 	 200 	 3899 	 6
1787310930765 	 28 	 200 	 3900 	 6
1787310930786 	 42 	 200 	 3903 	 8
1787310930779 	 63 	 200 	 3904 	 8
1787310930793 	 75 	 200 	 3905 	 8
1787310930747 	 122 	 200 	 3905 	 7
1787310930783 	 86 	 200 	 3905 	 6
1787310930814 	 62 	 200 	 3906 	 6
1787310930817 	 65 	 200 	 3907 	 6
1787310930842 	 41 	 200 	 3907 	 5
1787310930812 	 72 	 200 	 3907 	 4
1787310930733 	 155 	 200 	 3909 	 5
1787310930872 	 24 	 200 	 3909 	 4
1787310930862 	 54 	 200 	 3912 	 6
1787310930881 	 47 	 200 	 3913 	 6
1787310930928 	 54 	 200 	 3920 	 12
1787310930887 	 106 	 200 	 3920 	 11
1787310930916 	 78 	 200 	 3920 	 10
1787310930946 	 95 	 200 	 3924 	 13
1787310930885 	 158 	 200 	 3924 	 12
1787310930946 	 97 	 200 	 3924 	 11
1787310930914 	 134 	 200 	 3924 	 10
1787310930931 	 117 	 200 	 3924 	 9
1787310930915 	 133 	 200 	 3924 	 8
1787310930967 	 83 	 200 	 3924 	 7
1787310931015 	 78 	 200 	 3926 	 8
1787310931029 	 65 	 200 	 3926 	 7
1787310930959 	 136 	 200 	 3926 	 6
1787310930962 	 181 	 200 	 3927 	 6
1787310930965 	 177 	 200 	 3927 	 5
1787310931041 	 102 	 200 	 3927 	 4
1787310931041 	 106 	 200 	 3927 	 3
1787310931077 	 71 	 200 	 3927 	 2
1787310931113 	 44 	 200 	 3927 	 1
1787310931060 	 98 	 200 	 3927 	 0
1787310931352 	 15 	 200 	 3928 	 0
1787310933326 	 16 	 200 	 3930 	 1
1787310933325 	 32 	 200 	 3931 	 1
1787310933353 	 14 	 200 	 3932 	 1
1787310933366 	 16 	 200 	 3932 	 0
1787310933390 	 15 	 200 	 3933 	 0
1787310933416 	 18 	 200 	 3935 	 2
1787310933419 	 20 	 200 	 3936 	 1
1787310933440 	 13 	 200 	 3937 	 1
1787310933435 	 18 	 200 	 3937 	 0
1787310933459 	 15 	 200 	 3940 	 2
1787310933465 	 20 	 200 	 3940 	 1
1787310933474 	 14 	 200 	 3941 	 1
1787310933492 	 13 	 200 	 3945 	 4
1787310933488 	 20 	 200 	 3945 	 3
1787310933499 	 18 	 200 	 3945 	 2
1787310933501 	 19 	 200 	 3945 	 1
1787310933504 	 24 	 200 	 3945 	 0
1787310933534 	 14 	 200 	 3947 	 1
1787310933544 	 17 	 200 	 3950 	 3
1787310933552 	 22 	 200 	 3951 	 3
1787310933556 	 19 	 200 	 3951 	 2
1787310933555 	 25 	 200 	 3953 	 3
1787310933566 	 15 	 200 	 3953 	 2
1787310933580 	 28 	 200 	 3954 	 2
1787310933582 	 29 	 200 	 3954 	 1
1787310933604 	 16 	 200 	 3956 	 2
1787310933616 	 26 	 200 	 3959 	 4
1787310933614 	 29 	 200 	 3959 	 3
1787310933626 	 27 	 200 	 3959 	 2
1787310933628 	 44 	 200 	 3960 	 2
1787310933642 	 34 	 200 	 3960 	 1
1787310933668 	 15 	 200 	 3960 	 0
1787310933702 	 14 	 200 	 3961 	 0
1787310933725 	 12 	 200 	 3962 	 0
1787310933741 	 17 	 200 	 3966 	 3
1787310933752 	 13 	 200 	 3966 	 2
1787310933760 	 19 	 200 	 3968 	 3
1787310933760 	 22 	 200 	 3968 	 2
1787310933771 	 21 	 200 	 3968 	 1
1787310933774 	 20 	 200 	 3968 	 0
1787310933799 	 23 	 200 	 3970 	 1
1787310933822 	 14 	 200 	 3971 	 1
1787310933829 	 17 	 200 	 3972 	 1
1787310933843 	 16 	 200 	 3972 	 0
1787310933863 	 13 	 200 	 3973 	 0
1787310933902 	 16 	 200 	 3978 	 4
1787310933904 	 18 	 200 	 3979 	 4
1787310933920 	 19 	 200 	 3979 	 3
1787310933916 	 49 	 200 	 3981 	 4
1787310933949 	 67 	 200 	 3985 	 7
1787310933993 	 129 	 200 	 3994 	 17
1787310933986 	 141 	 200 	 3995 	 16
1787310933997 	 170 	 200 	 3996 	 18
1787310934053 	 172 	 200 	 3997 	 21
1787310934054 	 172 	 200 	 3998 	 20
1787310934015 	 217 	 200 	 3999 	 19
1787310933906 	 330 	 200 	 4000 	 18
1787310934092 	 225 	 200 	 4001 	 25
1787310934099 	 219 	 200 	 4002 	 24
1787310934051 	 268 	 200 	 4003 	 24
1787310934102 	 224 	 200 	 4004 	 23
1787310934038 	 330 	 200 	 4005 	 23
1787310934227 	 141 	 200 	 4006 	 23
1787310934069 	 305 	 200 	 4007 	 22
1787310934128 	 289 	 200 	 4008 	 24
1787310934234 	 183 	 200 	 4009 	 23
1787310934320 	 109 	 200 	 4010 	 24
1787310934231 	 235 	 200 	 4011 	 27
1787310934124 	 348 	 200 	 4012 	 26
1787310934168 	 308 	 200 	 4013 	 25
1787310934238 	 279 	 200 	 4014 	 26
1787310934327 	 192 	 200 	 4015 	 25
1787310934370 	 153 	 200 	 4016 	 24
1787310934371 	 153 	 200 	 4017 	 23
1787310934324 	 205 	 200 	 4018 	 22
1787310934473 	 98 	 200 	 4019 	 25
1787310934319 	 251 	 200 	 4020 	 24
1787310934523 	 95 	 200 	 4021 	 30
1787310934419 	 200 	 200 	 4022 	 29
1787310934376 	 243 	 200 	 4023 	 28
1787310934526 	 94 	 200 	 4024 	 27
1787310934468 	 158 	 200 	 4025 	 26
1787310934518 	 156 	 200 	 4026 	 26
1787310934572 	 121 	 200 	 4027 	 27
1787310934087 	 607 	 200 	 4028 	 26
1787310934622 	 97 	 200 	 4029 	 26
1787310934478 	 246 	 200 	 4030 	 26
1787310934619 	 107 	 200 	 4031 	 25
1787310934531 	 238 	 200 	 4032 	 25
1787310934628 	 190 	 200 	 4033 	 27
1787310934430 	 389 	 200 	 4034 	 27
1787310934696 	 127 	 200 	 4035 	 26
1787310934623 	 208 	 200 	 4036 	 25
1787310934695 	 143 	 200 	 4037 	 25
1787310934621 	 272 	 200 	 4038 	 30
1787310934676 	 223 	 200 	 4039 	 31
1787310934720 	 182 	 200 	 4040 	 32
1787310934524 	 420 	 200 	 4041 	 32
1787310934725 	 268 	 200 	 4042 	 32
1787310934772 	 220 	 200 	 4043 	 31
1787310934825 	 169 	 200 	 4044 	 30
1787310934840 	 178 	 200 	 4045 	 30
1787310934418 	 604 	 200 	 4046 	 30
1787310934572 	 450 	 200 	 4047 	 29
1787310934900 	 124 	 200 	 4048 	 29
1787310934904 	 160 	 200 	 4049 	 30
1787310934727 	 368 	 200 	 4050 	 33
1787310933954 	 1142 	 200 	 4051 	 32
1787310934997 	 100 	 200 	 4052 	 31
1787310934995 	 102 	 200 	 4053 	 30
1787310934820 	 312 	 200 	 4054 	 30
1787310935020 	 173 	 200 	 4055 	 31
1787310934833 	 387 	 200 	 4056 	 33
1787310934821 	 399 	 200 	 4057 	 32
1787310935030 	 193 	 200 	 4058 	 32
1787310934895 	 328 	 200 	 4059 	 31
1787310935024 	 197 	 200 	 4060 	 30
1787310935133 	 93 	 200 	 4061 	 29
1787310935067 	 160 	 200 	 4062 	 28
1787310935099 	 169 	 200 	 4063 	 28
1787310934946 	 347 	 200 	 4064 	 33
1787310935096 	 198 	 200 	 4065 	 32
1787310934995 	 298 	 200 	 4066 	 31
1787310935024 	 291 	 200 	 4067 	 30
1787310935099 	 223 	 200 	 4068 	 29
1787310935225 	 145 	 200 	 4069 	 30
1787310935226 	 147 	 200 	 4070 	 29
1787310935317 	 62 	 200 	 4071 	 28
1787310935098 	 295 	 200 	 4072 	 27
1787310935221 	 175 	 200 	 4073 	 26
1787310935195 	 272 	 200 	 4074 	 28
1787310935381 	 86 	 200 	 4075 	 27
1787310935223 	 253 	 200 	 4076 	 26
1787310935228 	 265 	 200 	 4077 	 26
1787310935398 	 138 	 200 	 4078 	 26
1787310935228 	 315 	 200 	 4079 	 25
1787310935296 	 248 	 200 	 4080 	 24
1787310935230 	 337 	 200 	 4081 	 25
1787310935470 	 146 	 200 	 4082 	 26
1787310935477 	 139 	 200 	 4083 	 25
1787310935297 	 330 	 200 	 4084 	 24
1787310935375 	 250 	 200 	 4085 	 23
1787310935539 	 93 	 200 	 4086 	 22
1787310935297 	 339 	 200 	 4087 	 21
1787310935469 	 176 	 200 	 4088 	 20
1787310935394 	 301 	 200 	 4089 	 26
1787310935545 	 153 	 200 	 4090 	 25
1787310935270 	 429 	 200 	 4091 	 24
1787310935371 	 330 	 200 	 4092 	 23
1787310935323 	 378 	 200 	 4093 	 23
1787310935619 	 126 	 200 	 4094 	 22
1787310935568 	 198 	 200 	 4095 	 21
1787310935495 	 320 	 200 	 4096 	 24
1787310935546 	 272 	 200 	 4097 	 23
1787310935628 	 193 	 200 	 4098 	 22
1787310935629 	 204 	 200 	 4099 	 21
1787310935699 	 149 	 200 	 4100 	 20
1787310935702 	 168 	 200 	 4101 	 22
1787310935637 	 255 	 200 	 4102 	 22
1787310935704 	 193 	 200 	 4103 	 23
1787310935746 	 154 	 200 	 4104 	 22
1787310935646 	 256 	 200 	 4105 	 21
1787310935703 	 202 	 200 	 4106 	 20
1787310935767 	 177 	 200 	 4107 	 22
1787310935836 	 109 	 200 	 4108 	 21
1787310935697 	 295 	 200 	 4109 	 22
1787310935851 	 144 	 200 	 4110 	 21
1787310933884 	 2112 	 200 	 4111 	 21
1787310935820 	 178 	 200 	 4112 	 20
1787310935620 	 379 	 200 	 4113 	 19
1787310935635 	 364 	 200 	 4114 	 18
1787310935817 	 183 	 200 	 4115 	 17
1787310935871 	 130 	 200 	 4116 	 16
1787310935827 	 216 	 200 	 4117 	 17
1787310935905 	 187 	 200 	 4118 	 17
1787310935894 	 199 	 200 	 4119 	 16
1787310935949 	 146 	 200 	 4120 	 15
1787310935899 	 197 	 200 	 4120 	 15
1787310935902 	 194 	 200 	 4121 	 14
1787310935946 	 151 	 200 	 4121 	 13
1787310936046 	 96 	 200 	 4123 	 14
1787310935906 	 237 	 200 	 4123 	 13
1787310936004 	 140 	 200 	 4123 	 12
1787310935997 	 148 	 200 	 4124 	 12
1787310936001 	 193 	 200 	 4125 	 12
1787310936005 	 191 	 200 	 4126 	 12
1787310935999 	 198 	 200 	 4126 	 11
1787310935994 	 204 	 200 	 4126 	 10
1787310936003 	 195 	 200 	 4126 	 9
1787310936001 	 200 	 200 	 4127 	 9
1787310936095 	 149 	 200 	 4132 	 13
1787310936132 	 113 	 200 	 4132 	 12
1787310936197 	 95 	 200 	 4134 	 13
1787310936094 	 200 	 200 	 4134 	 12
1787310936142 	 153 	 200 	 4134 	 11
1787310936226 	 118 	 200 	 4137 	 14
1787310936166 	 183 	 200 	 4139 	 14
1787310936208 	 185 	 200 	 4141 	 16
1787310936145 	 250 	 200 	 4142 	 15
1787310936223 	 175 	 200 	 4142 	 14
1787310936281 	 118 	 200 	 4142 	 13
1787310936346 	 95 	 200 	 4142 	 12
1787310936394 	 48 	 200 	 4142 	 11
1787310936203 	 242 	 200 	 4143 	 11
1787310936350 	 143 	 200 	 4144 	 11
1787310936228 	 266 	 200 	 4144 	 10
1787310936098 	 397 	 200 	 4144 	 9
1787310936313 	 181 	 200 	 4144 	 8
1787310936201 	 295 	 200 	 4144 	 7
1787310936334 	 162 	 200 	 4144 	 6
1787310936356 	 142 	 200 	 4144 	 5
1787310936299 	 209 	 200 	 4144 	 5
1787310936444 	 68 	 200 	 4145 	 4
1787310936371 	 159 	 200 	 4146 	 4
1787310936479 	 64 	 200 	 4146 	 3
1787310936265 	 283 	 200 	 4146 	 2
1787310936509 	 38 	 200 	 4146 	 1
1787310936519 	 43 	 200 	 4146 	 0
1787310936582 	 14 	 200 	 4147 	 0
1787310936619 	 14 	 200 	 4150 	 2
1787310936624 	 14 	 200 	 4150 	 1
1787310936626 	 18 	 200 	 4152 	 2
1787310936640 	 14 	 200 	 4152 	 1
1787310936640 	 14 	 200 	 4152 	 0
1787310936665 	 17 	 200 	 4154 	 1
1787310936675 	 15 	 200 	 4155 	 1
1787310936687 	 13 	 200 	 4156 	 1
1787310936697 	 14 	 200 	 4157 	 1
1787310936705 	 16 	 200 	 4157 	 0
1787310936722 	 14 	 200 	 4159 	 1
1787310936725 	 13 	 200 	 4159 	 0
1787310936781 	 17 	 200 	 4160 	 1
1787310936799 	 13 	 200 	 4162 	 1
1787310936808 	 16 	 200 	 4162 	 0
1787310936826 	 14 	 200 	 4165 	 2
1787310936826 	 20 	 200 	 4166 	 2
1787310936830 	 18 	 200 	 4166 	 2
1787310936849 	 13 	 200 	 4167 	 1
1787310936863 	 15 	 200 	 4170 	 3
1787310936867 	 16 	 200 	 4171 	 3
1787310936879 	 15 	 200 	 4172 	 3
1787310936883 	 39 	 200 	 4174 	 4
1787310936907 	 16 	 200 	 4175 	 4
1787310936893 	 32 	 200 	 4175 	 3
1787310936924 	 15 	 200 	 4176 	 3
1787310936928 	 39 	 200 	 4178 	 4
1787310936946 	 26 	 200 	 4178 	 3
1787310936953 	 19 	 200 	 4178 	 2
1787310936990 	 37 	 200 	 4187 	 11
1787310937009 	 21 	 200 	 4188 	 10
1787310936987 	 81 	 200 	 4190 	 11
1787310937010 	 60 	 200 	 4190 	 10
1787310936914 	 204 	 200 	 4194 	 13
1787310936982 	 138 	 200 	 4194 	 12
1787310937085 	 132 	 200 	 4196 	 13
1787310937015 	 204 	 200 	 4196 	 12
1787310937037 	 186 	 200 	 4196 	 11
1787310937019 	 207 	 200 	 4196 	 10
1787310937028 	 201 	 200 	 4196 	 9
1787310937087 	 143 	 200 	 4196 	 8
1787310937235 	 36 	 200 	 4199 	 10
1787310937246 	 25 	 200 	 4199 	 9
1787310937265 	 54 	 200 	 4203 	 12
1787310937306 	 18 	 200 	 4203 	 11
1787310937207 	 117 	 200 	 4203 	 10
1787310936843 	 483 	 200 	 4204 	 10
1787310937035 	 292 	 200 	 4204 	 9
1787310936992 	 336 	 200 	 4204 	 8
1787310937288 	 44 	 200 	 4204 	 7
1787310937112 	 221 	 200 	 4204 	 6
1787310937005 	 333 	 200 	 4204 	 5
1787310937125 	 240 	 200 	 4206 	 6
1787310937115 	 256 	 200 	 4207 	 6
1787310937293 	 80 	 200 	 4207 	 5
1787310937318 	 56 	 200 	 4207 	 4
1787310937326 	 54 	 200 	 4207 	 3
1787310937345 	 35 	 200 	 4207 	 2
1787310937344 	 49 	 200 	 4207 	 1
1787310937370 	 24 	 200 	 4207 	 0
1787310937767 	 20 	 200 	 4208 	 0
1787310938006 	 33 	 200 	 4209 	 0
1787310938169 	 33 	 200 	 4210 	 0
1787310938348 	 15 	 200 	 4211 	 0
1787310938677 	 39 	 200 	 4212 	 0
1787310939752 	 23 	 200 	 4213 	 0
1787310939871 	 20 	 200 	 4215 	 1
1787310939879 	 16 	 200 	 4215 	 0
1787310939930 	 29 	 200 	 4216 	 0
1787310940740 	 31 	 200 	 4220 	 4
1787310940742 	 32 	 200 	 4221 	 3
1787310940770 	 16 	 200 	 4221 	 2
1787310940773 	 18 	 200 	 4221 	 1
1787310940755 	 37 	 200 	 4221 	 0
1787310940796 	 18 	 200 	 4223 	 1
1787310940803 	 15 	 200 	 4223 	 0
1787310940819 	 12 	 200 	 4225 	 1
1787310940829 	 24 	 200 	 4226 	 1
1787310940849 	 14 	 200 	 4226 	 0
1787310940883 	 20 	 200 	 4229 	 2
1787310940890 	 25 	 200 	 4232 	 4
1787310940895 	 24 	 200 	 4232 	 3
1787310940910 	 17 	 200 	 4232 	 2
1787310940915 	 14 	 200 	 4232 	 1
1787310940912 	 19 	 200 	 4232 	 0
1787310940940 	 13 	 200 	 4234 	 1
1787310940946 	 14 	 200 	 4234 	 1
1787310940961 	 16 	 200 	 4236 	 1
1787310940973 	 12 	 200 	 4236 	 0
1787310941003 	 15 	 200 	 4241 	 4
1787310941002 	 16 	 200 	 4241 	 3
1787310941006 	 15 	 200 	 4242 	 3
1787310941009 	 14 	 200 	 4242 	 2
1787310941015 	 17 	 200 	 4243 	 2
1787310941020 	 14 	 200 	 4243 	 1
1787310941025 	 16 	 200 	 4244 	 1
1787310941041 	 17 	 200 	 4246 	 2
1787310941045 	 14 	 200 	 4246 	 1
1787310941054 	 13 	 200 	 4246 	 0
1787310941084 	 14 	 200 	 4248 	 1
1787310941104 	 13 	 200 	 4249 	 1
1787310941091 	 27 	 200 	 4249 	 0
1787310941154 	 35 	 200 	 4254 	 4
1787310941162 	 28 	 200 	 4254 	 3
1787310941165 	 28 	 200 	 4254 	 2
1787310941167 	 27 	 200 	 4254 	 1
1787310941185 	 15 	 200 	 4254 	 0
1787310941202 	 16 	 200 	 4255 	 0
1787310941244 	 22 	 200 	 4259 	 3
1787310941266 	 18 	 200 	 4261 	 4
1787310941263 	 21 	 200 	 4261 	 3
1787310941300 	 13 	 200 	 4264 	 5
1787310941313 	 17 	 200 	 4265 	 5
1787310941312 	 60 	 200 	 4270 	 9
1787310941343 	 34 	 200 	 4270 	 8
1787310941350 	 33 	 200 	 4270 	 7
1787310941320 	 65 	 200 	 4270 	 6
1787310941348 	 38 	 200 	 4270 	 5
1787310941342 	 78 	 200 	 4274 	 8
1787310941268 	 153 	 200 	 4274 	 7
1787310941404 	 18 	 200 	 4274 	 6
1787310941269 	 154 	 200 	 4274 	 5
1787310941366 	 57 	 200 	 4274 	 4
1787310941399 	 68 	 200 	 4278 	 7
1787310941409 	 58 	 200 	 4278 	 6
1787310941428 	 44 	 200 	 4278 	 5
1787310941458 	 21 	 200 	 4279 	 5
1787310941414 	 65 	 200 	 4279 	 4
1787310941475 	 14 	 200 	 4279 	 3
1787310941504 	 62 	 200 	 4282 	 5
1787310941510 	 59 	 200 	 4282 	 4
1787310941520 	 53 	 200 	 4282 	 3
1787310941431 	 152 	 200 	 4283 	 3
1787310941587 	 14 	 200 	 4286 	 5
1787310941592 	 15 	 200 	 4286 	 4
1787310941600 	 20 	 200 	 4286 	 3
1787310941459 	 167 	 200 	 4286 	 2
1787310941653 	 18 	 200 	 4288 	 3
1787310941575 	 113 	 200 	 4290 	 4
1787310941671 	 18 	 200 	 4290 	 3
1787310941702 	 18 	 200 	 4292 	 4
1787310941717 	 50 	 200 	 4296 	 7
1787310941730 	 44 	 200 	 4297 	 7
1787310941687 	 90 	 200 	 4297 	 6
1787310941768 	 18 	 200 	 4298 	 6
1787310941762 	 27 	 200 	 4298 	 5
1787310941780 	 90 	 200 	 4305 	 11
1787310941804 	 72 	 200 	 4305 	 10
1787310941824 	 95 	 200 	 4309 	 13
1787310941674 	 293 	 200 	 4310 	 13
1787310941830 	 141 	 200 	 4310 	 12
1787310941741 	 232 	 200 	 4310 	 11
1787310941890 	 94 	 200 	 4311 	 11
1787310941883 	 102 	 200 	 4311 	 10
1787310941820 	 196 	 200 	 4317 	 16
1787310941855 	 165 	 200 	 4318 	 15
1787310941756 	 319 	 200 	 4319 	 20
1787310941830 	 248 	 200 	 4320 	 19
1787310941982 	 101 	 200 	 4321 	 18
1787310941991 	 96 	 200 	 4322 	 19
1787310941899 	 192 	 200 	 4323 	 18
1787310941813 	 333 	 200 	 4324 	 20
1787310941899 	 267 	 200 	 4325 	 20
1787310942024 	 147 	 200 	 4326 	 19
1787310942076 	 121 	 200 	 4327 	 20
1787310942168 	 55 	 200 	 4328 	 21
1787310942017 	 252 	 200 	 4329 	 22
1787310942092 	 187 	 200 	 4330 	 21
1787310942005 	 274 	 200 	 4331 	 20
1787310942080 	 202 	 200 	 4332 	 20
1787310942000 	 320 	 200 	 4333 	 22
1787310942172 	 193 	 200 	 4334 	 31
1787310942089 	 280 	 200 	 4335 	 30
1787310941993 	 378 	 200 	 4336 	 29
1787310941938 	 450 	 200 	 4337 	 29
1787310942009 	 384 	 200 	 4338 	 28
1787310942009 	 389 	 200 	 4339 	 27
1787310942224 	 174 	 200 	 4340 	 26
1787310942282 	 154 	 200 	 4341 	 31
1787310942147 	 319 	 200 	 4342 	 31
1787310942282 	 192 	 200 	 4343 	 30
1787310942271 	 205 	 200 	 4344 	 29
1787310942401 	 82 	 200 	 4345 	 28
1787310942286 	 199 	 200 	 4346 	 27
1787310942395 	 93 	 200 	 4347 	 26
1787310942400 	 100 	 200 	 4348 	 25
1787310942389 	 170 	 200 	 4349 	 25
1787310942467 	 100 	 200 	 4350 	 25
1787310942085 	 508 	 200 	 4351 	 26
1787310942444 	 150 	 200 	 4352 	 25
1787310942321 	 275 	 200 	 4353 	 24
1787310942478 	 164 	 200 	 4354 	 24
1787310942484 	 160 	 200 	 4355 	 23
1787310941262 	 1382 	 200 	 4356 	 22
1787310942373 	 274 	 200 	 4357 	 21
1787310942371 	 276 	 200 	 4358 	 20
1787310942489 	 157 	 200 	 4359 	 19
1787310942200 	 450 	 200 	 4360 	 18
1787310942367 	 285 	 200 	 4361 	 17
1787310942487 	 166 	 200 	 4362 	 16
1787310942477 	 175 	 200 	 4363 	 15
1787310942501 	 149 	 200 	 4363 	 14
1787310942599 	 96 	 200 	 4365 	 17
1787310942569 	 127 	 200 	 4366 	 16
1787310942561 	 232 	 200 	 4367 	 21
1787310942651 	 143 	 200 	 4368 	 20
1787310942644 	 151 	 200 	 4369 	 19
1787310942596 	 201 	 200 	 4370 	 18
1787310942650 	 148 	 200 	 4371 	 17
1787310942600 	 199 	 200 	 4372 	 16
1787310942648 	 242 	 200 	 4373 	 23
1787310942663 	 236 	 200 	 4374 	 22
1787310942656 	 244 	 200 	 4375 	 21
1787310942655 	 246 	 200 	 4376 	 20
1787310942649 	 294 	 200 	 4377 	 20
1787310942664 	 285 	 200 	 4378 	 19
1787310942646 	 349 	 200 	 4379 	 22
1787310942796 	 246 	 200 	 4380 	 24
1787310942896 	 150 	 200 	 4381 	 23
1787310942696 	 397 	 200 	 4382 	 27
1787310942653 	 441 	 200 	 4383 	 26
1787310942800 	 294 	 200 	 4384 	 25
1787310942906 	 237 	 200 	 4385 	 25
1787310942945 	 201 	 200 	 4386 	 24
1787310942797 	 354 	 200 	 4387 	 23
1787310942795 	 403 	 200 	 4388 	 30
1787310942799 	 447 	 200 	 4389 	 34
1787310942997 	 296 	 200 	 4390 	 39
1787310943046 	 247 	 200 	 4391 	 38
1787310942902 	 393 	 200 	 4392 	 37
1787310943199 	 95 	 200 	 4393 	 36
1787310943098 	 199 	 200 	 4394 	 35
1787310942801 	 504 	 200 	 4395 	 34
1787310943049 	 295 	 200 	 4396 	 34
1787310942697 	 649 	 200 	 4397 	 33
1787310943295 	 100 	 200 	 4398 	 32
1787310943149 	 246 	 200 	 4399 	 31
1787310943248 	 149 	 200 	 4400 	 30
1787310943152 	 246 	 200 	 4401 	 29
1787310942950 	 450 	 200 	 4402 	 28
1787310943099 	 302 	 200 	 4403 	 27
1787310943297 	 147 	 200 	 4404 	 29
1787310943346 	 101 	 200 	 4405 	 29
1787310943403 	 53 	 200 	 4406 	 28
1787310943298 	 195 	 200 	 4407 	 31
1787310943458 	 70 	 200 	 4408 	 30
1787310942904 	 626 	 200 	 4409 	 29
1787310943401 	 130 	 200 	 4410 	 28
1787310943402 	 168 	 200 	 4411 	 28
1787310943348 	 245 	 200 	 4412 	 28
1787310943446 	 147 	 200 	 4413 	 27
1787310943301 	 293 	 200 	 4414 	 26
1787310943396 	 200 	 200 	 4415 	 25
1787310943398 	 220 	 200 	 4416 	 25
1787310943306 	 337 	 200 	 4417 	 27
1787310943529 	 115 	 200 	 4418 	 26
1787310943594 	 51 	 200 	 4419 	 25
1787310943494 	 152 	 200 	 4420 	 24
1787310943595 	 52 	 200 	 4421 	 23
1787310943534 	 111 	 200 	 4422 	 22
1787310943649 	 46 	 200 	 4423 	 25
1787310943648 	 48 	 200 	 4424 	 24
1787310943399 	 329 	 200 	 4425 	 26
1787310943448 	 282 	 200 	 4426 	 25
1787310943297 	 434 	 200 	 4427 	 24
1787310943144 	 622 	 200 	 4428 	 27
1787310943650 	 168 	 200 	 4429 	 29
1787310943697 	 127 	 200 	 4430 	 28
1787310943645 	 182 	 200 	 4431 	 27
1787310943697 	 136 	 200 	 4432 	 26
1787310943649 	 271 	 200 	 4433 	 37
1787310943645 	 274 	 200 	 4434 	 36
1787310943598 	 333 	 200 	 4435 	 36
1787310943830 	 111 	 200 	 4436 	 35
1787310943597 	 397 	 200 	 4437 	 38
1787310943835 	 161 	 200 	 4438 	 38
1787310943736 	 262 	 200 	 4439 	 37
1787310943770 	 252 	 200 	 4440 	 38
1787310943825 	 200 	 200 	 4441 	 38
1787310943532 	 505 	 200 	 4442 	 37
1787310943731 	 315 	 200 	 4443 	 37
1787310943096 	 1019 	 200 	 4444 	 43
1787310943820 	 299 	 200 	 4445 	 43
1787310943921 	 216 	 200 	 4446 	 42
1787310943945 	 225 	 200 	 4447 	 45
1787310944048 	 123 	 200 	 4448 	 44
1787310943734 	 441 	 200 	 4449 	 44
1787310943922 	 295 	 200 	 4450 	 44
1787310943996 	 228 	 200 	 4451 	 44
1787310944000 	 226 	 200 	 4452 	 43
1787310944139 	 182 	 200 	 4453 	 50
1787310944230 	 93 	 200 	 4454 	 49
1787310944002 	 330 	 200 	 4455 	 49
1787310944024 	 393 	 200 	 4456 	 53
1787310944122 	 295 	 200 	 4457 	 52
1787310944175 	 244 	 200 	 4458 	 51
1787310943932 	 489 	 200 	 4459 	 50
1787310944324 	 100 	 200 	 4460 	 49
1787310944219 	 209 	 200 	 4461 	 48
1787310944334 	 105 	 200 	 4462 	 47
1787310944228 	 215 	 200 	 4463 	 47
1787310944038 	 459 	 200 	 4464 	 49
1787310944178 	 340 	 200 	 4465 	 53
1787310944173 	 356 	 200 	 4466 	 52
1787310944420 	 110 	 200 	 4467 	 51
1787310944445 	 87 	 200 	 4468 	 50
1787310944325 	 291 	 200 	 4469 	 52
1787310944421 	 203 	 200 	 4470 	 51
1787310944423 	 206 	 200 	 4471 	 51
1787310943571 	 1097 	 200 	 4472 	 54
1787310944533 	 137 	 200 	 4473 	 54
1787310944425 	 245 	 200 	 4474 	 53
1787310944430 	 288 	 200 	 4475 	 56
1787310944531 	 188 	 200 	 4476 	 56
1787310944519 	 204 	 200 	 4477 	 55
1787310944631 	 96 	 200 	 4478 	 55
1787310944535 	 281 	 200 	 4479 	 62
1787310944671 	 156 	 200 	 4480 	 61
1787310944720 	 196 	 200 	 4481 	 62
1787310944733 	 190 	 200 	 4482 	 63
1787310944670 	 256 	 200 	 4483 	 62
1787310944729 	 200 	 200 	 4484 	 61
1787310944817 	 115 	 200 	 4485 	 60
1787310944028 	 911 	 200 	 4486 	 59
1787310944117 	 876 	 200 	 4487 	 58
1787310944720 	 267 	 200 	 4488 	 57
1787310944829 	 166 	 200 	 4489 	 57
1787310944617 	 404 	 200 	 4490 	 58
1787310944626 	 401 	 200 	 4491 	 57
1787310944934 	 185 	 200 	 4492 	 63
1787310944499 	 627 	 200 	 4493 	 62
1787310944941 	 198 	 200 	 4494 	 61
1787310944918 	 223 	 200 	 4495 	 60
1787310944933 	 234 	 200 	 4496 	 61
1787310944994 	 177 	 200 	 4497 	 60
1787310944997 	 269 	 200 	 4498 	 63
1787310944925 	 343 	 200 	 4499 	 62
1787310944418 	 851 	 200 	 4500 	 61
1787310944672 	 644 	 200 	 4501 	 62
1787310944995 	 323 	 200 	 4502 	 61
1787310945142 	 229 	 200 	 4503 	 61
1787310945028 	 397 	 200 	 4504 	 64
1787310945123 	 306 	 200 	 4505 	 63
1787310945144 	 286 	 200 	 4506 	 62
1787310945270 	 195 	 200 	 4507 	 63
1787310945170 	 295 	 200 	 4508 	 63
1787310944927 	 589 	 200 	 4509 	 66
1787310945173 	 348 	 200 	 4510 	 65
1787310945023 	 503 	 200 	 4511 	 64
1787310945374 	 154 	 200 	 4512 	 63
1787310945320 	 214 	 200 	 4513 	 62
1787310945127 	 437 	 200 	 4514 	 65
1787310945432 	 138 	 200 	 4515 	 65
1787310945469 	 103 	 200 	 4516 	 64
1787310945428 	 187 	 200 	 4517 	 67
1787310945517 	 148 	 200 	 4518 	 69
1787310945530 	 136 	 200 	 4519 	 68
1787310945318 	 356 	 200 	 4520 	 67
1787310945432 	 296 	 200 	 4521 	 70
1787310945567 	 164 	 200 	 4522 	 69
1787310945571 	 195 	 200 	 4523 	 69
1787310945523 	 245 	 200 	 4524 	 68
1787310945468 	 301 	 200 	 4525 	 67
1787310945273 	 546 	 200 	 4526 	 69
1787310945536 	 294 	 200 	 4527 	 68
1787310945573 	 350 	 200 	 4528 	 75
1787310945528 	 396 	 200 	 4529 	 74
1787310945267 	 655 	 200 	 4530 	 73
1787310943619 	 2312 	 200 	 4531 	 72
1787310945617 	 318 	 200 	 4532 	 73
1787310945770 	 164 	 200 	 4533 	 72
1787310945770 	 169 	 200 	 4534 	 71
1787310945676 	 260 	 200 	 4535 	 70
1787310945668 	 278 	 200 	 4536 	 69
1787310945732 	 261 	 200 	 4537 	 70
1787310945997 	 23 	 200 	 4538 	 71
1787310945948 	 83 	 200 	 4539 	 72
1787310945768 	 275 	 200 	 4540 	 71
1787310945733 	 311 	 200 	 4541 	 70
1787310945926 	 120 	 200 	 4542 	 69
1787310945831 	 214 	 200 	 4543 	 68
1787310945933 	 115 	 200 	 4544 	 67
1787310945928 	 244 	 200 	 4545 	 84
1787310945939 	 282 	 200 	 4546 	 89
1787310945667 	 600 	 200 	 4547 	 93
1787310945943 	 326 	 200 	 4548 	 92
1787310945939 	 383 	 200 	 4549 	 97
1787310946048 	 284 	 200 	 4550 	 96
1787310946022 	 353 	 200 	 4551 	 97
1787310946044 	 373 	 200 	 4552 	 101
1787310945924 	 495 	 200 	 4553 	 100
1787310946269 	 150 	 200 	 4554 	 99
1787310946033 	 388 	 200 	 4555 	 98
1787310946051 	 371 	 200 	 4556 	 98
1787310945821 	 608 	 200 	 4557 	 97
1787310946046 	 390 	 200 	 4558 	 97
1787310946225 	 215 	 200 	 4559 	 98
1787310946324 	 171 	 200 	 4560 	 97
1787310945950 	 546 	 200 	 4561 	 96
1787310946433 	 61 	 200 	 4562 	 95
1787310946376 	 119 	 200 	 4563 	 94
1787310946272 	 223 	 200 	 4564 	 93
1787310946175 	 326 	 200 	 4565 	 92
1787310946052 	 450 	 200 	 4566 	 91
1787310946421 	 171 	 200 	 4567 	 93
1787310946422 	 174 	 200 	 4568 	 92
1787310946424 	 172 	 200 	 4569 	 91
1787310946443 	 153 	 200 	 4570 	 90
1787310946334 	 358 	 200 	 4571 	 99
1787310946500 	 223 	 200 	 4572 	 98
1787310946419 	 311 	 200 	 4573 	 97
1787310946427 	 305 	 200 	 4574 	 96
1787310946499 	 318 	 200 	 4575 	 98
1787310946498 	 328 	 200 	 4576 	 97
1787310946497 	 334 	 200 	 4577 	 98
1787310946694 	 139 	 200 	 4578 	 97
1787310946503 	 413 	 200 	 4579 	 106
1787310946597 	 323 	 200 	 4580 	 105
1787310946505 	 417 	 200 	 4581 	 104
1787310946501 	 424 	 200 	 4582 	 104
1787310946595 	 339 	 200 	 4583 	 104
1787310946599 	 340 	 200 	 4584 	 103
1787310946725 	 211 	 200 	 4585 	 102
1787310946437 	 506 	 200 	 4586 	 103
1787310946836 	 160 	 200 	 4587 	 107
1787310946598 	 497 	 200 	 4588 	 115
1787310946819 	 299 	 200 	 4589 	 114
1787310946731 	 391 	 200 	 4590 	 115
1787310946921 	 294 	 200 	 4591 	 118
1787310946918 	 300 	 200 	 4592 	 117
1787310946828 	 443 	 200 	 4593 	 119
1787310946998 	 316 	 200 	 4594 	 123
1787310946927 	 393 	 200 	 4595 	 122
1787310946940 	 385 	 200 	 4596 	 121
1787310947220 	 104 	 200 	 4597 	 120
1787310947125 	 209 	 200 	 4598 	 119
1787310946833 	 534 	 200 	 4599 	 119
1787310946923 	 492 	 200 	 4600 	 118
1787310946946 	 484 	 200 	 4601 	 117
1787310947317 	 200 	 200 	 4602 	 124
1787310946936 	 583 	 200 	 4603 	 123
1787310947119 	 405 	 200 	 4604 	 122
1787310947327 	 196 	 200 	 4605 	 121
1787310946940 	 587 	 200 	 4606 	 120
1787310947096 	 427 	 200 	 4607 	 119
1787310947323 	 216 	 200 	 4608 	 118
1787310947217 	 325 	 200 	 4609 	 117
1787310947337 	 205 	 200 	 4610 	 116
1787310947369 	 166 	 200 	 4611 	 115
1787310947330 	 264 	 200 	 4612 	 116
1787310947433 	 164 	 200 	 4613 	 115
1787310947273 	 373 	 200 	 4614 	 116
1787310947418 	 265 	 200 	 4615 	 117
1787310947527 	 188 	 200 	 4616 	 118
1787310947596 	 122 	 200 	 4617 	 117
1787310947520 	 201 	 200 	 4618 	 117
1787310947541 	 191 	 200 	 4619 	 118
1787310947545 	 200 	 200 	 4620 	 117
1787310947647 	 148 	 200 	 4621 	 120
1787310947547 	 248 	 200 	 4622 	 119
1787310947531 	 263 	 200 	 4623 	 118
1787310947535 	 263 	 200 	 4624 	 117
1787310947522 	 274 	 200 	 4625 	 116
1787310944441 	 3404 	 200 	 4626 	 116
1787310947550 	 296 	 200 	 4627 	 116
1787310947720 	 172 	 200 	 4628 	 119
1787310947799 	 98 	 200 	 4629 	 118
1787310947798 	 147 	 200 	 4630 	 118
1787310947538 	 404 	 200 	 4631 	 117
1787310947734 	 212 	 200 	 4632 	 116
1787310947684 	 263 	 200 	 4633 	 115
1787310947598 	 354 	 200 	 4634 	 114
1787310947801 	 145 	 200 	 4635 	 113
1787310947718 	 237 	 200 	 4636 	 112
1787310947798 	 153 	 200 	 4637 	 111
1787310947850 	 144 	 200 	 4638 	 115
1787310947847 	 152 	 200 	 4639 	 115
1787310947951 	 91 	 200 	 4640 	 115
1787310947722 	 321 	 200 	 4641 	 114
1787310947958 	 91 	 200 	 4642 	 113
1787310947894 	 201 	 200 	 4643 	 117
1787310947800 	 295 	 200 	 4644 	 116
1787310947899 	 198 	 200 	 4645 	 115
1787310947961 	 136 	 200 	 4646 	 114
1787310947747 	 350 	 200 	 4647 	 113
1787310948045 	 100 	 200 	 4648 	 112
1787310947996 	 150 	 200 	 4649 	 111
1787310947956 	 243 	 200 	 4650 	 111
1787310948098 	 131 	 200 	 4651 	 112
1787310948149 	 81 	 200 	 4652 	 111
1787310948051 	 217 	 200 	 4653 	 110
1787310948096 	 175 	 200 	 4654 	 110
1787310948099 	 171 	 200 	 4655 	 109
1787310947948 	 357 	 200 	 4656 	 110
1787310948047 	 282 	 200 	 4657 	 110
1787310948230 	 139 	 200 	 4658 	 109
1787310948232 	 141 	 200 	 4659 	 109
1787310947963 	 413 	 200 	 4660 	 109
1787310948100 	 320 	 200 	 4661 	 110
1787310948375 	 53 	 200 	 4662 	 110
1787310948101 	 329 	 200 	 4663 	 109
1787310948372 	 62 	 200 	 4664 	 108
1787310947954 	 526 	 200 	 4665 	 108
1787310948273 	 243 	 200 	 4666 	 111
1787310948270 	 251 	 200 	 4667 	 110
1787310948332 	 192 	 200 	 4668 	 109
1787310948147 	 390 	 200 	 4669 	 108
1787310948273 	 268 	 200 	 4670 	 107
1787310947949 	 599 	 200 	 4671 	 107
1787310948482 	 68 	 200 	 4672 	 106
1787310948438 	 155 	 200 	 4673 	 106
1787310948378 	 216 	 200 	 4674 	 105
1787310948002 	 594 	 200 	 4675 	 104
1787310948432 	 164 	 200 	 4676 	 103
1787310948539 	 102 	 200 	 4677 	 104
1787310948553 	 91 	 200 	 4678 	 103
1787310948319 	 327 	 200 	 4679 	 102
1787310948523 	 124 	 200 	 4680 	 101
1787310948517 	 131 	 200 	 4681 	 101
1787310948201 	 495 	 200 	 4682 	 105
1787310948543 	 155 	 200 	 4683 	 104
1787310948434 	 265 	 200 	 4684 	 103
1787310948599 	 121 	 200 	 4685 	 105
1787310948600 	 144 	 200 	 4686 	 106
1787310948527 	 219 	 200 	 4687 	 105
1787310948551 	 198 	 200 	 4688 	 104
1787310948596 	 158 	 200 	 4689 	 103
1787310948697 	 96 	 200 	 4690 	 106
1787310948598 	 197 	 200 	 4691 	 105
1787310948721 	 74 	 200 	 4692 	 104
1787310948647 	 149 	 200 	 4693 	 103
1787310948794 	 55 	 200 	 4694 	 105
1787310948421 	 431 	 200 	 4695 	 104
1787310948796 	 75 	 200 	 4696 	 107
1787310948700 	 192 	 200 	 4697 	 109
1787310948751 	 143 	 200 	 4698 	 108
1787310948745 	 151 	 200 	 4699 	 108
1787310948645 	 253 	 200 	 4700 	 107
1787310948648 	 295 	 200 	 4701 	 107
1787310948700 	 242 	 200 	 4702 	 106
1787310948755 	 190 	 200 	 4703 	 105
1787310948850 	 95 	 200 	 4704 	 104
1787310948853 	 93 	 200 	 4705 	 103
1787310948644 	 302 	 200 	 4706 	 102
1787310948797 	 196 	 200 	 4707 	 102
1787310948873 	 122 	 200 	 4708 	 101
1787310948650 	 346 	 200 	 4709 	 100
1787310948748 	 249 	 200 	 4710 	 99
1787310948900 	 99 	 200 	 4711 	 98
1787310948994 	 50 	 200 	 4712 	 98
1787310948898 	 148 	 200 	 4713 	 97
1787310948947 	 97 	 200 	 4714 	 96
1787310948896 	 151 	 200 	 4715 	 95
1787310948949 	 150 	 200 	 4716 	 94
1787310948945 	 154 	 200 	 4717 	 93
1787310948894 	 203 	 200 	 4718 	 92
1787310948798 	 347 	 200 	 4719 	 91
1787310949000 	 197 	 200 	 4720 	 90
1787310948996 	 247 	 200 	 4721 	 89
1787310948998 	 249 	 200 	 4722 	 88
1787310949050 	 242 	 200 	 4723 	 87
1787310948948 	 347 	 200 	 4724 	 86
1787310948950 	 345 	 200 	 4725 	 85
1787310949001 	 297 	 200 	 4726 	 84
1787310948947 	 352 	 200 	 4727 	 83
1787310946735 	 2563 	 200 	 4728 	 82
1787310949101 	 243 	 200 	 4729 	 81
1787310949047 	 293 	 200 	 4730 	 80
1787310949103 	 244 	 200 	 4731 	 79
1787310949049 	 343 	 200 	 4732 	 78
1787310949249 	 145 	 200 	 4733 	 77
1787310949105 	 291 	 200 	 4734 	 76
1787310949294 	 102 	 200 	 4735 	 75
1787310949245 	 153 	 200 	 4736 	 74
1787310949147 	 252 	 200 	 4737 	 73
1787310949052 	 346 	 200 	 4738 	 72
1787310949297 	 148 	 200 	 4739 	 71
1787310949301 	 145 	 200 	 4740 	 70
1787310949348 	 131 	 200 	 4741 	 69
1787310949198 	 299 	 200 	 4742 	 68
1787310949402 	 141 	 200 	 4743 	 67
1787310949297 	 250 	 200 	 4744 	 66
1787310949303 	 249 	 200 	 4745 	 65
1787310949401 	 242 	 200 	 4746 	 64
1787310949346 	 298 	 200 	 4747 	 63
1787310949482 	 165 	 200 	 4748 	 62
1787310949448 	 200 	 200 	 4749 	 61
1787310949301 	 343 	 200 	 4750 	 60
1787310949348 	 303 	 200 	 4751 	 59
1787310949396 	 299 	 200 	 4752 	 58
1787310949545 	 151 	 200 	 4753 	 57
1787310949499 	 198 	 200 	 4754 	 56
1787310949553 	 190 	 200 	 4755 	 55
1787310949400 	 342 	 200 	 4756 	 54
1787310949394 	 352 	 200 	 4757 	 53
1787310949398 	 350 	 200 	 4758 	 52
1787310949400 	 350 	 200 	 4759 	 51
1787310949450 	 304 	 200 	 4760 	 50
1787310949645 	 150 	 200 	 4761 	 49
1787310949651 	 147 	 200 	 4762 	 48
1787310949697 	 144 	 200 	 4763 	 47
1787310949650 	 198 	 200 	 4764 	 46
1787310949652 	 197 	 200 	 4765 	 45
1787310949648 	 246 	 200 	 4766 	 44
1787310949646 	 245 	 200 	 4767 	 43
1787310949700 	 247 	 200 	 4768 	 42
1787310949698 	 251 	 200 	 4769 	 41
1787310949895 	 100 	 200 	 4770 	 40
1787310949845 	 149 	 200 	 4771 	 39
1787310949800 	 200 	 200 	 4772 	 38
1787310949802 	 202 	 200 	 4773 	 37
1787310949550 	 551 	 200 	 4774 	 37
1787310949852 	 247 	 200 	 4775 	 36
1787310949745 	 355 	 200 	 4776 	 35
1787310949850 	 260 	 200 	 4777 	 34
1787310949744 	 448 	 200 	 4778 	 33
1787310949999 	 197 	 200 	 4779 	 32
1787310949899 	 297 	 200 	 4780 	 31
1787310949747 	 452 	 200 	 4781 	 30
1787310949950 	 294 	 200 	 4782 	 29
1787310949999 	 246 	 200 	 4783 	 28
1787310949757 	 492 	 200 	 4784 	 27
1787310949756 	 493 	 200 	 4785 	 26
1787310950103 	 153 	 200 	 4786 	 25
1787310949949 	 346 	 200 	 4787 	 24
1787310950004 	 291 	 200 	 4788 	 23
1787310950109 	 188 	 200 	 4789 	 22
1787310950201 	 143 	 200 	 4790 	 21
1787310949750 	 599 	 200 	 4791 	 20
1787310950106 	 289 	 200 	 4792 	 19
1787310950255 	 142 	 200 	 4793 	 18
1787310950006 	 393 	 200 	 4794 	 17
1787310950112 	 331 	 200 	 4795 	 16
1787310950198 	 240 	 200 	 4796 	 15
1787310950200 	 244 	 200 	 4796 	 14
1787310950346 	 97 	 200 	 4796 	 13
1787310950199 	 247 	 200 	 4796 	 12
1787310950258 	 192 	 200 	 4796 	 11
1787310950251 	 200 	 200 	 4796 	 10
1787310950246 	 205 	 200 	 4796 	 9
1787310950297 	 158 	 200 	 4796 	 8
1787310950253 	 200 	 200 	 4796 	 7
1787310950401 	 92 	 200 	 4796 	 6
1787310950296 	 196 	 200 	 4796 	 5
1787310950350 	 144 	 200 	 4796 	 4
1787310950398 	 97 	 200 	 4796 	 3
1787310950299 	 196 	 200 	 4796 	 2
1787310950399 	 105 	 200 	 4796 	 1
1787310950445 	 62 	 200 	 4796 	 0
1787310951757 	 19 	 200 	 4797 	 0
1787310952563 	 18 	 200 	 4798 	 0
1787310952832 	 23 	 200 	 4799 	 0
1787310952989 	 17 	 200 	 4800 	 0
1787310953234 	 21 	 200 	 4801 	 0
1787310953347 	 12 	 200 	 4802 	 0
1787310953572 	 114 	 200 	 4804 	 1
1787310953555 	 179 	 200 	 4804 	 0
1787310954104 	 25 	 200 	 4805 	 0
1787310954295 	 15 	 200 	 4806 	 0
1787310954445 	 17 	 200 	 4807 	 0
1787310954823 	 17 	 200 	 4809 	 1
1787310954837 	 14 	 200 	 4810 	 1
1787310954848 	 13 	 200 	 4810 	 0
1787310954879 	 16 	 200 	 4811 	 0
1787310954903 	 13 	 200 	 4813 	 1
1787310954914 	 17 	 200 	 4814 	 1
1787310954923 	 14 	 200 	 4814 	 0
1787310954949 	 18 	 200 	 4816 	 1
1787310954950 	 25 	 200 	 4816 	 0
1787310955032 	 40 	 200 	 4820 	 3
1787310955050 	 25 	 200 	 4820 	 2
1787310955043 	 33 	 200 	 4820 	 1
1787310955070 	 15 	 200 	 4821 	 1
1787310955083 	 14 	 200 	 4822 	 1
1787310955093 	 15 	 200 	 4823 	 1
1787310955108 	 17 	 200 	 4826 	 3
1787310955109 	 22 	 200 	 4827 	 3
1787310955122 	 21 	 200 	 4827 	 2
1787310955114 	 30 	 200 	 4827 	 1
1787310955127 	 22 	 200 	 4827 	 0
1787310955154 	 13 	 200 	 4829 	 1
1787310955163 	 16 	 200 	 4830 	 1
1787310955171 	 16 	 200 	 4832 	 2
1787310955186 	 15 	 200 	 4834 	 3
1787310955186 	 19 	 200 	 4834 	 2
1787310955197 	 15 	 200 	 4834 	 1
1787310955200 	 13 	 200 	 4834 	 0
1787310955226 	 14 	 200 	 4836 	 1
1787310955235 	 18 	 200 	 4836 	 0
1787310955254 	 16 	 200 	 4838 	 1
1787310955256 	 17 	 200 	 4838 	 0
1787310955279 	 14 	 200 	 4839 	 0
1787310955320 	 19 	 200 	 4841 	 2
1787310955338 	 15 	 200 	 4843 	 2
1787310955341 	 17 	 200 	 4844 	 2
1787310955349 	 14 	 200 	 4845 	 2
1787310955360 	 19 	 200 	 4846 	 2
1787310955358 	 23 	 200 	 4846 	 1
1787310955374 	 17 	 200 	 4846 	 0
1787310955393 	 14 	 200 	 4849 	 2
1787310955396 	 19 	 200 	 4850 	 2
1787310955405 	 19 	 200 	 4850 	 1
1787310955409 	 17 	 200 	 4851 	 1
1787310955427 	 12 	 200 	 4851 	 0
1787310955463 	 16 	 200 	 4852 	 0
1787310955487 	 12 	 200 	 4853 	 0
1787310955508 	 14 	 200 	 4857 	 3
1787310955509 	 15 	 200 	 4857 	 2
1787310955506 	 17 	 200 	 4857 	 1
1787310955518 	 16 	 200 	 4858 	 1
1787310955525 	 14 	 200 	 4859 	 1
1787310955536 	 14 	 200 	 4860 	 1
1787310955543 	 16 	 200 	 4860 	 0
1787310955567 	 15 	 200 	 4862 	 1
1787310955578 	 14 	 200 	 4862 	 0
1787310955623 	 14 	 200 	 4865 	 2
1787310955630 	 13 	 200 	 4865 	 1
1787310955637 	 13 	 200 	 4865 	 0
1787310955659 	 14 	 200 	 4866 	 0
1787310955695 	 12 	 200 	 4868 	 1
1787310955708 	 14 	 200 	 4868 	 0
1787310955724 	 16 	 200 	 4870 	 1
1787310955726 	 16 	 200 	 4870 	 0
1787310955760 	 14 	 200 	 4872 	 1
1787310955757 	 18 	 200 	 4872 	 0
1787310955779 	 14 	 200 	 4875 	 2
1787310955787 	 12 	 200 	 4875 	 1
1787310955792 	 13 	 200 	 4875 	 0
1787310955814 	 13 	 200 	 4877 	 1
1787310955823 	 14 	 200 	 4877 	 1
1787310955842 	 16 	 200 	 4881 	 3
1787310955845 	 23 	 200 	 4883 	 4
1787310955838 	 33 	 200 	 4883 	 3
1787310955860 	 23 	 200 	 4884 	 3
1787310955864 	 22 	 200 	 4884 	 2
1787310955840 	 54 	 200 	 4884 	 1
1787310955873 	 46 	 200 	 4887 	 3
1787310955902 	 21 	 200 	 4887 	 2
1787310955914 	 14 	 200 	 4887 	 1
1787310955914 	 15 	 200 	 4887 	 0
1787310955946 	 13 	 200 	 4889 	 1
1787310955951 	 14 	 200 	 4890 	 1
1787310955964 	 15 	 200 	 4891 	 1
1787310955974 	 13 	 200 	 4893 	 2
1787310955983 	 20 	 200 	 4895 	 3
1787310955981 	 29 	 200 	 4895 	 2
1787310955996 	 14 	 200 	 4895 	 1
1787310956001 	 16 	 200 	 4896 	 1
1787310956013 	 14 	 200 	 4897 	 1
1787310956027 	 13 	 200 	 4898 	 1
1787310956039 	 16 	 200 	 4898 	 0
1787310956069 	 14 	 200 	 4901 	 3
1787310956065 	 19 	 200 	 4903 	 3
1787310956066 	 23 	 200 	 4903 	 2
1787310956085 	 13 	 200 	 4903 	 1
1787310956084 	 17 	 200 	 4903 	 0
1787310956114 	 13 	 200 	 4904 	 0
1787310956130 	 13 	 200 	 4905 	 0
1787310956163 	 25 	 200 	 4907 	 1
1787310956158 	 32 	 200 	 4907 	 0
1787310956201 	 16 	 200 	 4911 	 3
1787310956202 	 20 	 200 	 4911 	 2
1787310956210 	 17 	 200 	 4911 	 1
1787310956213 	 15 	 200 	 4912 	 1
1787310956229 	 17 	 200 	 4913 	 1
1787310956244 	 14 	 200 	 4913 	 0
1787310956261 	 13 	 200 	 4914 	 1
1787310956275 	 13 	 200 	 4915 	 0
1787310956298 	 13 	 200 	 4918 	 2
1787310956301 	 14 	 200 	 4918 	 1
1787310956310 	 15 	 200 	 4919 	 1
1787310956323 	 13 	 200 	 4919 	 0
1787310956363 	 18 	 200 	 4923 	 3
1787310956365 	 19 	 200 	 4925 	 4
1787310956370 	 20 	 200 	 4925 	 3
1787310956377 	 20 	 200 	 4926 	 3
1787310956384 	 23 	 200 	 4927 	 3
1787310956394 	 19 	 200 	 4929 	 4
1787310956411 	 17 	 200 	 4929 	 3
1787310956385 	 45 	 200 	 4929 	 3
1787310956413 	 19 	 200 	 4930 	 2
1787310956406 	 26 	 200 	 4930 	 1
1787310956436 	 39 	 200 	 4933 	 3
1787310956447 	 28 	 200 	 4934 	 3
1787310956458 	 18 	 200 	 4934 	 2
1787310956431 	 51 	 200 	 4934 	 1
1787310956477 	 29 	 200 	 4936 	 2
1787310956492 	 34 	 200 	 4938 	 3
1787310956511 	 17 	 200 	 4938 	 2
1787310956490 	 40 	 200 	 4938 	 1
1787310956526 	 14 	 200 	 4938 	 0
1787310956592 	 14 	 200 	 4940 	 1
1787310956601 	 14 	 200 	 4940 	 0
1787310956619 	 13 	 200 	 4941 	 0
1787310956660 	 21 	 200 	 4942 	 0
1787310956724 	 27 	 200 	 4946 	 3
1787310956729 	 27 	 200 	 4946 	 2
1787310956743 	 15 	 200 	 4946 	 1
1787310956749 	 15 	 200 	 4947 	 1
1787310956760 	 14 	 200 	 4947 	 0
1787310956840 	 28 	 200 	 4951 	 3
1787310956849 	 28 	 200 	 4952 	 3
1787310956846 	 31 	 200 	 4952 	 2
1787310956861 	 19 	 200 	 4952 	 1
1787310956872 	 13 	 200 	 4952 	 0
1787310956887 	 14 	 200 	 4955 	 2
1787310956897 	 16 	 200 	 4955 	 2
1787310956900 	 14 	 200 	 4956 	 1
1787310956932 	 25 	 200 	 4957 	 1
1787310956914 	 44 	 200 	 4957 	 0
1787310956993 	 23 	 200 	 4962 	 4
1787310956991 	 26 	 200 	 4962 	 3
1787310957006 	 18 	 200 	 4962 	 2
1787310956995 	 29 	 200 	 4962 	 1
1787310957008 	 17 	 200 	 4962 	 0
1787310957036 	 16 	 200 	 4963 	 0
1787310957060 	 26 	 200 	 4964 	 0
1787310957171 	 15 	 200 	 4967 	 2
1787310957163 	 23 	 200 	 4967 	 1
1787310957177 	 17 	 200 	 4968 	 1
1787310957190 	 14 	 200 	 4968 	 0
1787310957205 	 17 	 200 	 4972 	 3
1787310957205 	 16 	 200 	 4972 	 2
1787310957209 	 14 	 200 	 4972 	 1
1787310957214 	 20 	 200 	 4972 	 0
1787310957237 	 13 	 200 	 4974 	 1
1787310957242 	 15 	 200 	 4975 	 1
1787310957253 	 18 	 200 	 4977 	 2
1787310957259 	 15 	 200 	 4977 	 1
1787310957259 	 23 	 200 	 4979 	 2
1787310957276 	 15 	 200 	 4979 	 1
1787310957283 	 16 	 200 	 4979 	 0
1787310957302 	 13 	 200 	 4981 	 2
1787310957317 	 14 	 200 	 4985 	 4
1787310957320 	 18 	 200 	 4985 	 3
1787310957326 	 14 	 200 	 4985 	 2
1787310957332 	 15 	 200 	 4985 	 2
1787310957316 	 32 	 200 	 4986 	 1
1787310957349 	 16 	 200 	 4986 	 0
1787310957386 	 13 	 200 	 4987 	 0
1787310957410 	 13 	 200 	 4988 	 0
1787310957425 	 16 	 200 	 4990 	 1
1787310957435 	 13 	 200 	 4990 	 0
1787310957450 	 12 	 200 	 4991 	 0
1787310957483 	 15 	 200 	 4993 	 1
1787310957495 	 16 	 200 	 4994 	 1
1787310957501 	 13 	 200 	 4994 	 0
1787310957524 	 15 	 200 	 4996 	 1
1787310957532 	 13 	 200 	 4996 	 0
1787310957552 	 17 	 200 	 4997 	 0
1787310957695 	 14 	 200 	 4998 	 0
1787310958211 	 13 	 200 	 4999 	 0
1787310958378 	 17 	 200 	 5000 	 0