1787310572311 	 20 	 200 	 3 	 2
1787310572317 	 16 	 200 	 3 	 1
1787310572314 	 24 	 200 	 4 	 1
1787310572337 	 18 	 200 	 5 	 1
1787310572354 	 15 	 200 	 5 	 0
1787310572389 	 18 	 200 	 10 	 4
1787310572387 	 22 	 200 	 10 	 3
1787310572397 	 22 	 200 	 13 	 5
1787310572397 	 24 	 200 	 13 	 4
1787310572401 	 24 	 200 	 13 	 3
1787310572413 	 18 	 200 	 14 	 3
1787310572415 	 17 	 200 	 14 	 2
1787310572412 	 30 	 200 	 15 	 2
1787310572431 	 26 	 200 	 16 	 2
1787310572443 	 14 	 200 	 16 	 1
1787310572447 	 16 	 200 	 17 	 1
1787310572485 	 23 	 200 	 19 	 2
1787310572460 	 53 	 200 	 20 	 2
1787310572485 	 29 	 200 	 20 	 1
1787310572510 	 14 	 200 	 20 	 0
1787310572528 	 13 	 200 	 23 	 2
1787310572534 	 13 	 200 	 23 	 1
1787310572536 	 15 	 200 	 23 	 0
1787310572584 	 21 	 200 	 27 	 3
1787310572590 	 15 	 200 	 27 	 2
1787310572591 	 17 	 200 	 27 	 1
1787310572593 	 18 	 200 	 27 	 0
1787310572621 	 16 	 200 	 29 	 1
1787310572635 	 19 	 200 	 29 	 0
1787310572659 	 13 	 200 	 30 	 0
1787310572679 	 12 	 200 	 32 	 1
1787310572691 	 13 	 200 	 32 	 0
1787310572745 	 14 	 200 	 34 	 1
1787310572752 	 12 	 200 	 35 	 1
1787310572764 	 14 	 200 	 35 	 0
1787310572791 	 14 	 200 	 37 	 1
1787310572805 	 15 	 200 	 37 	 0
1787310572835 	 12 	 200 	 39 	 1
1787310572848 	 29 	 200 	 44 	 5
1787310572866 	 16 	 200 	 46 	 6
1787310572867 	 28 	 200 	 47 	 6
1787310572871 	 27 	 200 	 47 	 5
1787310572876 	 23 	 200 	 47 	 4
1787310572878 	 25 	 200 	 48 	 4
1787310572881 	 22 	 200 	 48 	 3
1787310572887 	 21 	 200 	 48 	 2
1787310572882 	 26 	 200 	 48 	 1
1787310572902 	 40 	 200 	 52 	 4
1787310572924 	 38 	 200 	 52 	 3
1787310572916 	 52 	 200 	 53 	 3
1787310572910 	 62 	 200 	 53 	 2
1787310572920 	 54 	 200 	 53 	 1
1787310572966 	 23 	 200 	 54 	 1
1787310572981 	 15 	 200 	 55 	 1
1787310572996 	 16 	 200 	 56 	 1
1787310572998 	 17 	 200 	 56 	 0
1787310573021 	 15 	 200 	 59 	 2
1787310573018 	 26 	 200 	 59 	 1
1787310573028 	 28 	 200 	 59 	 0
1787310573096 	 17 	 200 	 61 	 1
1787310573112 	 14 	 200 	 62 	 1
1787310573124 	 13 	 200 	 62 	 0
1787310573141 	 12 	 200 	 63 	 0
1787310573169 	 16 	 200 	 64 	 0
1787310573191 	 17 	 200 	 69 	 4
1787310573196 	 18 	 200 	 70 	 4
1787310573195 	 20 	 200 	 70 	 3
1787310573201 	 16 	 200 	 70 	 2
1787310573206 	 17 	 200 	 70 	 1
1787310573210 	 17 	 200 	 70 	 0
1787310573252 	 13 	 200 	 71 	 0
1787310573284 	 16 	 200 	 73 	 1
1787310573289 	 19 	 200 	 74 	 1
1787310573306 	 15 	 200 	 75 	 1
1787310573313 	 13 	 200 	 75 	 0
1787310573350 	 17 	 200 	 79 	 3
1787310573359 	 14 	 200 	 79 	 2
1787310573364 	 14 	 200 	 79 	 1
1787310573369 	 16 	 200 	 80 	 2
1787310573380 	 16 	 200 	 81 	 1
1787310573386 	 13 	 200 	 82 	 1
1787310573398 	 16 	 200 	 82 	 0
1787310573432 	 16 	 200 	 85 	 2
1787310573440 	 12 	 200 	 85 	 1
1787310573444 	 16 	 200 	 85 	 0
1787310573534 	 16 	 200 	 90 	 4
1787310573544 	 18 	 200 	 90 	 3
1787310573547 	 16 	 200 	 91 	 3
1787310573546 	 17 	 200 	 91 	 2
1787310573548 	 16 	 200 	 91 	 1
1787310573563 	 25 	 200 	 92 	 1
1787310573587 	 15 	 200 	 94 	 3
1787310573595 	 18 	 200 	 95 	 2
1787310573596 	 19 	 200 	 95 	 1
1787310573604 	 14 	 200 	 95 	 0
1787310573686 	 21 	 200 	 97 	 1
1787310573698 	 15 	 200 	 97 	 0
1787310573751 	 14 	 200 	 98 	 0
1787310573780 	 17 	 200 	 100 	 1
1787310573781 	 18 	 200 	 100 	 0
1787310573800 	 14 	 200 	 101 	 0
1787310573817 	 12 	 200 	 103 	 1
1787310573828 	 13 	 200 	 104 	 1
1787310573833 	 13 	 200 	 104 	 0
1787310573850 	 14 	 200 	 107 	 2
1787310573849 	 15 	 200 	 107 	 1
1787310573868 	 12 	 200 	 108 	 1
1787310573914 	 13 	 200 	 109 	 1
1787310573945 	 28 	 200 	 113 	 4
1787310573950 	 23 	 200 	 113 	 3
1787310573963 	 15 	 200 	 113 	 2
1787310573960 	 44 	 200 	 114 	 2
1787310573859 	 146 	 200 	 114 	 1
1787310574000 	 13 	 200 	 114 	 0
1787310574031 	 20 	 200 	 117 	 2
1787310574036 	 15 	 200 	 117 	 1
1787310574051 	 13 	 200 	 117 	 0
1787310574065 	 21 	 200 	 119 	 1
1787310574068 	 21 	 200 	 120 	 1
1787310574089 	 16 	 200 	 121 	 1
1787310574101 	 13 	 200 	 121 	 0
1787310574124 	 16 	 200 	 125 	 4
1787310574135 	 14 	 200 	 126 	 3
1787310574135 	 19 	 200 	 126 	 2
1787310574142 	 15 	 200 	 126 	 1
1787310574141 	 15 	 200 	 126 	 0
1787310574181 	 24 	 200 	 127 	 0
1787310574212 	 12 	 200 	 128 	 0
1787310574239 	 20 	 200 	 131 	 2
1787310574245 	 18 	 200 	 131 	 1
1787310574246 	 17 	 200 	 131 	 0
1787310574277 	 15 	 200 	 132 	 0
1787310574321 	 15 	 200 	 136 	 3
1787310574322 	 23 	 200 	 136 	 2
1787310574333 	 14 	 200 	 136 	 1
1787310574332 	 20 	 200 	 136 	 0
1787310574355 	 20 	 200 	 137 	 0
1787310574410 	 12 	 200 	 138 	 0
1787310574669 	 14 	 200 	 139 	 0
1787310574988 	 15 	 200 	 140 	 0
1787310575110 	 14 	 200 	 141 	 0
1787310575935 	 14 	 200 	 142 	 0
1787310576154 	 12 	 200 	 143 	 0
1787310576250 	 41 	 200 	 144 	 0
1787310576560 	 17 	 200 	 145 	 0
1787310577084 	 20 	 200 	 146 	 0
1787310577173 	 31 	 200 	 147 	 0
1787310577322 	 15 	 200 	 148 	 0
1787310579456 	 19 	 200 	 149 	 0
1787310579874 	 18 	 200 	 150 	 0
1787310580105 	 15 	 200 	 151 	 0
1787310580396 	 14 	 200 	 154 	 2
1787310580399 	 25 	 200 	 156 	 3
1787310580405 	 27 	 200 	 158 	 4
1787310580419 	 18 	 200 	 158 	 3
1787310580423 	 16 	 200 	 158 	 2
1787310580428 	 15 	 200 	 159 	 2
1787310580426 	 22 	 200 	 160 	 2
1787310580443 	 16 	 200 	 160 	 1
1787310580446 	 13 	 200 	 160 	 0
1787310580482 	 12 	 200 	 161 	 0
1787310580511 	 14 	 200 	 164 	 2
1787310580513 	 21 	 200 	 165 	 2
1787310580516 	 22 	 200 	 166 	 2
1787310580533 	 17 	 200 	 167 	 2
1787310580537 	 14 	 200 	 167 	 1
1787310580539 	 14 	 200 	 167 	 0
1787310580580 	 19 	 200 	 169 	 1
1787310580593 	 15 	 200 	 170 	 1
1787310580602 	 15 	 200 	 170 	 0
1787310580625 	 37 	 200 	 174 	 3
1787310580653 	 16 	 200 	 174 	 2
1787310580655 	 18 	 200 	 174 	 1
1787310580650 	 27 	 200 	 174 	 0
1787310580876 	 20 	 200 	 175 	 0
1787310581128 	 13 	 200 	 176 	 0
1787310581650 	 22 	 200 	 177 	 0
1787310582098 	 18 	 200 	 178 	 0
1787310583757 	 16 	 200 	 181 	 2
1787310583769 	 13 	 200 	 181 	 1
1787310583763 	 23 	 200 	 181 	 0
1787310583798 	 15 	 200 	 184 	 2
1787310583806 	 18 	 200 	 186 	 3
1787310583803 	 27 	 200 	 187 	 3
1787310583815 	 16 	 200 	 188 	 3
1787310583823 	 17 	 200 	 188 	 2
1787310583828 	 23 	 200 	 188 	 1
1787310583833 	 22 	 200 	 188 	 0
1787310583871 	 15 	 200 	 190 	 1
1787310583880 	 17 	 200 	 190 	 0
1787310583909 	 14 	 200 	 193 	 2
1787310583921 	 14 	 200 	 193 	 1
1787310583922 	 17 	 200 	 193 	 0
1787310584032 	 239 	 200 	 194 	 0
1787310585421 	 13 	 200 	 195 	 0
1787310586464 	 25 	 200 	 196 	 0
1787310587220 	 32 	 200 	 197 	 0
1787310587292 	 14 	 200 	 198 	 0
1787310587559 	 14 	 200 	 199 	 0
1787310587655 	 15 	 200 	 200 	 0
1787310587860 	 27 	 200 	 202 	 1
1787310587883 	 14 	 200 	 202 	 0
1787310588074 	 17 	 200 	 203 	 0
1787310589764 	 26 	 200 	 204 	 0
1787310589886 	 34 	 200 	 205 	 0
1787310590499 	 21 	 200 	 206 	 0
1787310590742 	 17 	 200 	 207 	 0
1787310590962 	 37 	 200 	 208 	 0
1787310592224 	 18 	 200 	 210 	 1
1787310592235 	 15 	 200 	 210 	 0
1787310592254 	 16 	 200 	 213 	 2
1787310592256 	 24 	 200 	 213 	 1
1787310592261 	 20 	 200 	 213 	 0
1787310592313 	 14 	 200 	 215 	 1
1787310592326 	 14 	 200 	 216 	 1
1787310592338 	 17 	 200 	 216 	 0
1787310592359 	 33 	 200 	 220 	 3
1787310592373 	 23 	 200 	 220 	 2
1787310592412 	 13 	 200 	 222 	 3
1787310592415 	 17 	 200 	 222 	 2
1787310592360 	 108 	 200 	 225 	 4
1787310592383 	 89 	 200 	 225 	 3
1787310592463 	 18 	 200 	 226 	 3
1787310592467 	 17 	 200 	 226 	 2
1787310592464 	 21 	 200 	 226 	 1
1787310592481 	 14 	 200 	 226 	 0
1787310592498 	 18 	 200 	 229 	 2
1787310592502 	 20 	 200 	 229 	 1
1787310592504 	 20 	 200 	 229 	 0
1787310592537 	 16 	 200 	 231 	 1
1787310592541 	 14 	 200 	 232 	 1
1787310592555 	 14 	 200 	 233 	 1
1787310592569 	 22 	 200 	 235 	 2
1787310592577 	 19 	 200 	 235 	 1
1787310592591 	 14 	 200 	 236 	 1
1787310592602 	 13 	 200 	 236 	 0
1787310592644 	 16 	 200 	 238 	 1
1787310592646 	 15 	 200 	 238 	 0
1787310592665 	 14 	 200 	 241 	 2
1787310592669 	 12 	 200 	 241 	 1
1787310592677 	 13 	 200 	 241 	 0
1787310592694 	 14 	 200 	 244 	 2
1787310592699 	 20 	 200 	 244 	 1
1787310592704 	 17 	 200 	 244 	 0
1787310592725 	 15 	 200 	 247 	 2
1787310592726 	 17 	 200 	 247 	 1
1787310592736 	 15 	 200 	 247 	 0
1787310592834 	 14 	 200 	 248 	 0
1787310592917 	 19 	 200 	 252 	 3
1787310592921 	 17 	 200 	 252 	 2
1787310592926 	 15 	 200 	 252 	 1
1787310592967 	 15 	 200 	 253 	 1
1787310592998 	 26 	 200 	 254 	 1
1787310593030 	 19 	 200 	 257 	 3
1787310593039 	 28 	 200 	 258 	 3
1787310592918 	 153 	 200 	 258 	 2
1787310593036 	 34 	 200 	 258 	 1
1787310593066 	 15 	 200 	 258 	 0
1787310593085 	 14 	 200 	 260 	 1
1787310593098 	 17 	 200 	 260 	 0
1787310593165 	 46 	 200 	 265 	 4
1787310593181 	 39 	 200 	 265 	 3
1787310593206 	 17 	 200 	 265 	 2
1787310593211 	 16 	 200 	 266 	 2
1787310593183 	 45 	 200 	 266 	 1
1787310593227 	 14 	 200 	 266 	 0
1787310593270 	 17 	 200 	 271 	 4
1787310593273 	 17 	 200 	 271 	 3
1787310593271 	 21 	 200 	 272 	 3
1787310593274 	 21 	 200 	 272 	 2
1787310593288 	 13 	 200 	 272 	 1
1787310593292 	 14 	 200 	 273 	 1
1787310593305 	 15 	 200 	 273 	 0
1787310593325 	 15 	 200 	 275 	 1
1787310593329 	 13 	 200 	 275 	 0
1787310593344 	 16 	 200 	 278 	 2
1787310593347 	 15 	 200 	 278 	 1
1787310593358 	 58 	 200 	 279 	 1
1787310593394 	 27 	 200 	 279 	 0
1787310593422 	 16 	 200 	 284 	 4
1787310593422 	 15 	 200 	 284 	 3
1787310593432 	 18 	 200 	 284 	 2
1787310593436 	 16 	 200 	 284 	 1
1787310593436 	 19 	 200 	 284 	 0
1787310593458 	 13 	 200 	 285 	 0
1787310593473 	 12 	 200 	 287 	 1
1787310593478 	 12 	 200 	 287 	 0
1787310593499 	 16 	 200 	 289 	 1
1787310593511 	 20 	 200 	 292 	 3
1787310593519 	 16 	 200 	 292 	 2
1787310593519 	 17 	 200 	 292 	 1
1787310593520 	 17 	 200 	 292 	 0
1787310593553 	 12 	 200 	 293 	 0
1787310593588 	 13 	 200 	 295 	 1
1787310593600 	 14 	 200 	 295 	 0
1787310593626 	 16 	 200 	 298 	 2
1787310593642 	 14 	 200 	 300 	 3
1787310593640 	 20 	 200 	 300 	 2
1787310593643 	 20 	 200 	 300 	 1
1787310593650 	 16 	 200 	 300 	 0
1787310593684 	 13 	 200 	 301 	 0
1787310593708 	 14 	 200 	 302 	 0
1787310593737 	 14 	 200 	 303 	 0
1787310593772 	 16 	 200 	 307 	 3
1787310593775 	 17 	 200 	 307 	 2
1787310593781 	 17 	 200 	 307 	 1
1787310593780 	 20 	 200 	 307 	 0
1787310593804 	 22 	 200 	 308 	 0
1787310593836 	 13 	 200 	 310 	 1
1787310593844 	 16 	 200 	 312 	 2
1787310593859 	 20 	 200 	 312 	 1
1787310593861 	 20 	 200 	 312 	 0
1787310593901 	 22 	 200 	 313 	 0
1787310593931 	 14 	 200 	 314 	 0
1787310593987 	 16 	 200 	 315 	 0
1787310594012 	 19 	 200 	 316 	 0
1787310594044 	 16 	 200 	 318 	 1
1787310594044 	 16 	 200 	 318 	 0
1787310594064 	 15 	 200 	 320 	 1
1787310594070 	 14 	 200 	 320 	 0
1787310594111 	 12 	 200 	 321 	 0
1787310594135 	 12 	 200 	 322 	 0
1787310594165 	 24 	 200 	 324 	 1
1787310594190 	 13 	 200 	 325 	 1
1787310594194 	 11 	 200 	 325 	 0
1787310594219 	 18 	 200 	 327 	 1
1787310594218 	 20 	 200 	 327 	 0
1787310594250 	 16 	 200 	 328 	 0
1787310594280 	 14 	 200 	 330 	 1
1787310594283 	 14 	 200 	 330 	 0
1787310594309 	 13 	 200 	 332 	 1
1787310594318 	 19 	 200 	 333 	 1
1787310594323 	 17 	 200 	 333 	 0
1787310594352 	 16 	 200 	 338 	 4
1787310594347 	 24 	 200 	 338 	 3
1787310594351 	 27 	 200 	 338 	 2
1787310594355 	 26 	 200 	 338 	 1
1787310594361 	 25 	 200 	 338 	 0
1787310594391 	 22 	 200 	 339 	 0
1787310594442 	 15 	 200 	 341 	 1
1787310594447 	 13 	 200 	 341 	 0
1787310594462 	 14 	 200 	 343 	 1
1787310594470 	 14 	 200 	 343 	 0
1787310594529 	 16 	 200 	 345 	 1
1787310594541 	 13 	 200 	 345 	 0
1787310594585 	 13 	 200 	 347 	 1
1787310594583 	 15 	 200 	 347 	 0
1787310594640 	 13 	 200 	 349 	 1
1787310594637 	 20 	 200 	 349 	 0
1787310594690 	 15 	 200 	 353 	 3
1787310594696 	 14 	 200 	 353 	 2
1787310594694 	 24 	 200 	 353 	 1
1787310594705 	 20 	 200 	 354 	 1
1787310594724 	 23 	 200 	 356 	 2
1787310594744 	 13 	 200 	 357 	 2
1787310594730 	 37 	 200 	 358 	 2
1787310594755 	 14 	 200 	 358 	 1
1787310594762 	 22 	 200 	 360 	 2
1787310594775 	 16 	 200 	 360 	 1
1787310594779 	 16 	 200 	 360 	 0
1787310594798 	 12 	 200 	 362 	 1
1787310594798 	 18 	 200 	 362 	 0
1787310594837 	 19 	 200 	 364 	 1
1787310594848 	 12 	 200 	 364 	 0
1787310594867 	 12 	 200 	 365 	 0
1787310594888 	 13 	 200 	 366 	 0
1787310594904 	 15 	 200 	 369 	 2
1787310594912 	 16 	 200 	 369 	 1
1787310594911 	 29 	 200 	 372 	 3
1787310594935 	 15 	 200 	 372 	 2
1787310594929 	 23 	 200 	 372 	 1
1787310594940 	 13 	 200 	 372 	 0
1787310594968 	 13 	 200 	 373 	 0
1787310594988 	 16 	 200 	 376 	 2
1787310594993 	 15 	 200 	 377 	 2
1787310594998 	 17 	 200 	 378 	 2
1787310595006 	 19 	 200 	 380 	 3
1787310595014 	 18 	 200 	 381 	 3
1787310595019 	 19 	 200 	 381 	 2
1787310595021 	 18 	 200 	 381 	 1
1787310595030 	 17 	 200 	 381 	 0
1787310595072 	 15 	 200 	 382 	 0
1787310595089 	 18 	 200 	 383 	 0
1787310595124 	 14 	 200 	 385 	 1
1787310595138 	 15 	 200 	 386 	 1
1787310595143 	 17 	 200 	 389 	 3
1787310595155 	 13 	 200 	 390 	 3
1787310595155 	 19 	 200 	 390 	 2
1787310595160 	 21 	 200 	 391 	 2
1787310595169 	 20 	 200 	 391 	 1
1787310595182 	 16 	 200 	 392 	 1
1787310595198 	 15 	 200 	 393 	 1
1787310595207 	 17 	 200 	 395 	 2
1787310595216 	 16 	 200 	 396 	 2
1787310595220 	 12 	 200 	 396 	 1
1787310595229 	 14 	 200 	 396 	 0
1787310595264 	 28 	 200 	 400 	 3
1787310595288 	 18 	 200 	 401 	 3
1787310595291 	 17 	 200 	 401 	 2
1787310595292 	 17 	 200 	 401 	 1
1787310595303 	 13 	 200 	 401 	 0
1787310595318 	 13 	 200 	 403 	 1
1787310595349 	 13 	 200 	 404 	 1
1787310595370 	 15 	 200 	 405 	 1
1787310595391 	 30 	 200 	 411 	 6
1787310595387 	 43 	 200 	 411 	 5
1787310595395 	 35 	 200 	 411 	 4
1787310595446 	 29 	 200 	 416 	 8
1787310595437 	 83 	 200 	 421 	 12
1787310595482 	 49 	 200 	 421 	 11
1787310595438 	 93 	 200 	 421 	 10
1787310595514 	 21 	 200 	 422 	 10
1787310595497 	 72 	 200 	 426 	 13
1787310595394 	 181 	 200 	 426 	 12
1787310595461 	 160 	 200 	 427 	 12
1787310595492 	 130 	 200 	 427 	 11
1787310595464 	 159 	 200 	 427 	 10
1787310595533 	 97 	 200 	 428 	 10
1787310595566 	 65 	 200 	 428 	 10
1787310595408 	 285 	 200 	 432 	 13
1787310595616 	 78 	 200 	 433 	 12
1787310595399 	 296 	 200 	 433 	 11
1787310595557 	 138 	 200 	 433 	 10
1787310595556 	 143 	 200 	 433 	 9
1787310595513 	 187 	 200 	 433 	 8
1787310595627 	 72 	 200 	 433 	 7
1787310595660 	 66 	 200 	 434 	 7
1787310595669 	 61 	 200 	 434 	 6
1787310595710 	 22 	 200 	 434 	 5
1787310595633 	 101 	 200 	 434 	 4
1787310595568 	 197 	 200 	 434 	 3
1787310595790 	 32 	 200 	 436 	 4
1787310595835 	 35 	 200 	 438 	 5
1787310595632 	 239 	 200 	 438 	 4
1787310595694 	 182 	 200 	 438 	 3
1787310595868 	 18 	 200 	 439 	 3
1787310595912 	 14 	 200 	 441 	 4
1787310595776 	 162 	 200 	 442 	 4
1787310595951 	 19 	 200 	 443 	 4
1787310595882 	 89 	 200 	 443 	 3
1787310595902 	 114 	 200 	 446 	 5
1787310595939 	 79 	 200 	 446 	 5
1787310595985 	 41 	 200 	 448 	 5
1787310595324 	 703 	 200 	 448 	 4
1787310596005 	 27 	 200 	 448 	 3
1787310596015 	 22 	 200 	 448 	 2
1787310596019 	 21 	 200 	 449 	 2
1787310596024 	 22 	 200 	 449 	 1
1787310596039 	 13 	 200 	 449 	 0
1787310596061 	 13 	 200 	 451 	 1
1787310596072 	 12 	 200 	 451 	 0
1787310596086 	 13 	 200 	 455 	 3
1787310596091 	 14 	 200 	 456 	 3
1787310596092 	 19 	 200 	 457 	 3
1787310596097 	 14 	 200 	 457 	 2
1787310596102 	 18 	 200 	 458 	 2
1787310596108 	 18 	 200 	 460 	 3
1787310596120 	 15 	 200 	 460 	 2
1787310596122 	 14 	 200 	 460 	 1
1787310596126 	 14 	 200 	 460 	 0
1787310596144 	 14 	 200 	 461 	 0
1787310596171 	 13 	 200 	 465 	 3
1787310596162 	 33 	 200 	 467 	 4
1787310596163 	 50 	 200 	 468 	 4
1787310596191 	 21 	 200 	 468 	 3
1787310596183 	 30 	 200 	 468 	 2
1787310596194 	 22 	 200 	 468 	 1
1787310596202 	 14 	 200 	 468 	 0
1787310596238 	 14 	 200 	 470 	 1
1787310596251 	 15 	 200 	 470 	 0
1787310596269 	 13 	 200 	 471 	 0
1787310596298 	 12 	 200 	 472 	 0
1787310596319 	 13 	 200 	 476 	 3
1787310596327 	 15 	 200 	 476 	 2
1787310596327 	 20 	 200 	 476 	 1
1787310596333 	 16 	 200 	 476 	 0
1787310596354 	 36 	 200 	 478 	 1
1787310596383 	 15 	 200 	 478 	 0
1787310596429 	 13 	 200 	 480 	 1
1787310596437 	 12 	 200 	 480 	 0
1787310596458 	 16 	 200 	 482 	 1
1787310596470 	 13 	 200 	 482 	 0
1787310596484 	 15 	 200 	 485 	 2
1787310596487 	 18 	 200 	 487 	 3
1787310596491 	 15 	 200 	 488 	 3
1787310596500 	 18 	 200 	 488 	 2
1787310596501 	 19 	 200 	 488 	 1
1787310596506 	 21 	 200 	 489 	 1
1787310596523 	 20 	 200 	 492 	 3
1787310596531 	 14 	 200 	 493 	 3
1787310596534 	 14 	 200 	 493 	 2
1787310596543 	 24 	 200 	 496 	 4
1787310596545 	 23 	 200 	 496 	 3
1787310596560 	 33 	 200 	 498 	 4
1787310596560 	 34 	 200 	 498 	 3
1787310596580 	 30 	 200 	 502 	 6
1787310596596 	 15 	 200 	 502 	 5
1787310596568 	 76 	 200 	 505 	 8
1787310596598 	 47 	 200 	 506 	 7
1787310596581 	 65 	 200 	 506 	 6
1787310596625 	 33 	 200 	 507 	 6
1787310596609 	 84 	 200 	 508 	 6
1787310596608 	 85 	 200 	 508 	 5
1787310596654 	 55 	 200 	 512 	 8
1787310596615 	 107 	 200 	 513 	 8
1787310596701 	 42 	 200 	 513 	 7
1787310596619 	 125 	 200 	 513 	 6
1787310596707 	 38 	 200 	 513 	 5
1787310596646 	 99 	 200 	 513 	 4
1787310596707 	 84 	 200 	 513 	 3
1787310596706 	 87 	 200 	 513 	 2
1787310596674 	 120 	 200 	 513 	 1
1787310596719 	 87 	 200 	 513 	 0
1787310596858 	 30 	 200 	 516 	 2
1787310596865 	 31 	 200 	 516 	 1
1787310596880 	 22 	 200 	 517 	 1
1787310596903 	 18 	 200 	 518 	 1
1787310596919 	 14 	 200 	 518 	 0
1787310596940 	 14 	 200 	 519 	 0
1787310596988 	 27 	 200 	 525 	 5
1787310596990 	 26 	 200 	 525 	 4
1787310596992 	 27 	 200 	 525 	 3
1787310596996 	 46 	 200 	 528 	 5
1787310596985 	 108 	 200 	 531 	 7
1787310597010 	 95 	 200 	 532 	 8
1787310597082 	 110 	 200 	 538 	 12
1787310597026 	 168 	 200 	 538 	 11
1787310597044 	 150 	 200 	 538 	 10
1787310597068 	 136 	 200 	 538 	 10
1787310597022 	 185 	 200 	 539 	 9
1787310597103 	 139 	 200 	 539 	 8
1787310597131 	 163 	 200 	 543 	 11
1787310597066 	 228 	 200 	 543 	 10
1787310597181 	 139 	 200 	 546 	 12
1787310597185 	 157 	 200 	 547 	 12
1787310597188 	 206 	 200 	 550 	 14
1787310597206 	 193 	 200 	 550 	 13
1787310597298 	 103 	 200 	 550 	 12
1787310597107 	 385 	 200 	 554 	 16
1787310597281 	 214 	 200 	 555 	 15
1787310597381 	 113 	 200 	 555 	 14
1787310597183 	 310 	 200 	 555 	 13
1787310597261 	 234 	 200 	 555 	 12
1787310597253 	 243 	 200 	 555 	 11
1787310597365 	 130 	 200 	 555 	 10
1787310597279 	 218 	 200 	 555 	 9
1787310597313 	 185 	 200 	 556 	 9
1787310597315 	 185 	 200 	 556 	 8
1787310597494 	 50 	 200 	 558 	 9
1787310597443 	 152 	 200 	 560 	 10
1787310597379 	 215 	 200 	 560 	 9
1787310597466 	 130 	 200 	 560 	 8
1787310597481 	 116 	 200 	 560 	 7
1787310597337 	 268 	 200 	 560 	 6
1787310597498 	 182 	 200 	 565 	 10
1787310597559 	 135 	 200 	 565 	 9
1787310597609 	 85 	 200 	 565 	 8
1787310597533 	 161 	 200 	 565 	 7
1787310597625 	 69 	 200 	 565 	 6
1787310597504 	 191 	 200 	 566 	 6
1787310597472 	 224 	 200 	 566 	 5
1787310597560 	 138 	 200 	 566 	 4
1787310597678 	 29 	 200 	 566 	 3
1787310597669 	 47 	 200 	 566 	 2
1787310597651 	 68 	 200 	 566 	 1
1787310597698 	 25 	 200 	 566 	 0
1787310597748 	 13 	 200 	 568 	 1
1787310597753 	 13 	 200 	 568 	 0
1787310597777 	 16 	 200 	 570 	 1
1787310597789 	 14 	 200 	 571 	 1
1787310597799 	 13 	 200 	 572 	 1
1787310597807 	 15 	 200 	 572 	 0
1787310597827 	 13 	 200 	 574 	 1
1787310597832 	 12 	 200 	 574 	 0
1787310597861 	 13 	 200 	 575 	 0
1787310597887 	 13 	 200 	 577 	 1
1787310597889 	 16 	 200 	 577 	 0
1787310597921 	 14 	 200 	 580 	 2
1787310597925 	 14 	 200 	 580 	 1
1787310597934 	 14 	 200 	 581 	 1
1787310597948 	 17 	 200 	 583 	 2
1787310597956 	 17 	 200 	 583 	 1
1787310597955 	 26 	 200 	 583 	 0
1787310597984 	 19 	 200 	 586 	 2
1787310597987 	 18 	 200 	 586 	 1
1787310597991 	 15 	 200 	 586 	 0
1787310598015 	 15 	 200 	 588 	 1
1787310598021 	 12 	 200 	 588 	 0
1787310598053 	 13 	 200 	 589 	 0
1787310598071 	 18 	 200 	 592 	 2
1787310598076 	 16 	 200 	 592 	 1
1787310598076 	 16 	 200 	 592 	 0
1787310598121 	 13 	 200 	 594 	 1
1787310598122 	 12 	 200 	 594 	 0
1787310598141 	 18 	 200 	 596 	 1
1787310598151 	 14 	 200 	 596 	 0
1787310598172 	 14 	 200 	 597 	 0
1787310598190 	 16 	 200 	 599 	 1
1787310598205 	 15 	 200 	 600 	 1
1787310598216 	 12 	 200 	 600 	 0
1787310598239 	 15 	 200 	 603 	 2
1787310598244 	 13 	 200 	 603 	 1
1787310598241 	 17 	 200 	 603 	 0
1787310598262 	 18 	 200 	 605 	 1
1787310598268 	 14 	 200 	 606 	 1
1787310598281 	 15 	 200 	 607 	 1
1787310598290 	 19 	 200 	 608 	 1
1787310598302 	 14 	 200 	 609 	 1
1787310598310 	 15 	 200 	 609 	 0
1787310598330 	 14 	 200 	 611 	 1
1787310598337 	 13 	 200 	 611 	 0
1787310598359 	 20 	 200 	 617 	 5
1787310598355 	 23 	 200 	 617 	 4
1787310598366 	 21 	 200 	 618 	 4
1787310598364 	 30 	 200 	 618 	 3
1787310598371 	 30 	 200 	 618 	 2
1787310598369 	 32 	 200 	 618 	 1
1787310598382 	 26 	 200 	 620 	 2
1787310598404 	 19 	 200 	 622 	 3
1787310598407 	 17 	 200 	 622 	 2
1787310598421 	 22 	 200 	 623 	 2
1787310598411 	 32 	 200 	 623 	 1
1787310598440 	 13 	 200 	 623 	 0
1787310598496 	 28 	 200 	 631 	 7
1787310598507 	 21 	 200 	 631 	 6
1787310598517 	 21 	 200 	 632 	 6
1787310598514 	 28 	 200 	 633 	 6
1787310598524 	 67 	 200 	 633 	 5
1787310598512 	 81 	 200 	 633 	 4
1787310598521 	 74 	 200 	 634 	 4
1787310598524 	 72 	 200 	 634 	 3
1787310598541 	 64 	 200 	 634 	 2
1787310598536 	 73 	 200 	 635 	 2
1787310598595 	 17 	 200 	 635 	 1
1787310598608 	 14 	 200 	 635 	 0
1787310598625 	 16 	 200 	 637 	 1
1787310598627 	 15 	 200 	 637 	 0
1787310598658 	 19 	 200 	 639 	 1
1787310598668 	 14 	 200 	 639 	 0
1787310598699 	 14 	 200 	 641 	 1
1787310598712 	 18 	 200 	 643 	 2
1787310598721 	 17 	 200 	 645 	 3
1787310598730 	 16 	 200 	 645 	 2
1787310598734 	 16 	 200 	 645 	 1
1787310598733 	 19 	 200 	 645 	 0
1787310598776 	 14 	 200 	 647 	 1
1787310598786 	 17 	 200 	 647 	 0
1787310598812 	 13 	 200 	 650 	 2
1787310598820 	 17 	 200 	 652 	 3
1787310598821 	 20 	 200 	 653 	 3
1787310598837 	 24 	 200 	 655 	 4
1787310598839 	 22 	 200 	 655 	 3
1787310598836 	 26 	 200 	 655 	 2
1787310598851 	 15 	 200 	 655 	 1
1787310598857 	 14 	 200 	 655 	 0
1787310598933 	 32 	 200 	 658 	 2
1787310598935 	 31 	 200 	 658 	 1
1787310598957 	 20 	 200 	 659 	 1
1787310598971 	 15 	 200 	 659 	 0
1787310598994 	 12 	 200 	 661 	 1
1787310598998 	 15 	 200 	 662 	 1
1787310599009 	 17 	 200 	 663 	 2
1787310599018 	 13 	 200 	 664 	 1
1787310599027 	 13 	 200 	 664 	 0
1787310599056 	 13 	 200 	 665 	 0
1787310599126 	 13 	 200 	 667 	 1
1787310599131 	 15 	 200 	 668 	 1
1787310599146 	 13 	 200 	 669 	 1
1787310599160 	 17 	 200 	 669 	 0
1787310599180 	 14 	 200 	 670 	 0
1787310599224 	 15 	 200 	 673 	 2
1787310599231 	 15 	 200 	 673 	 1
1787310599228 	 19 	 200 	 674 	 1
1787310599250 	 15 	 200 	 679 	 5
1787310599255 	 17 	 200 	 679 	 4
1787310599254 	 18 	 200 	 679 	 3
1787310599247 	 27 	 200 	 679 	 2
1787310599253 	 23 	 200 	 680 	 2
1787310599263 	 18 	 200 	 681 	 2
1787310599282 	 13 	 200 	 682 	 2
1787310599277 	 19 	 200 	 682 	 1
1787310599286 	 19 	 200 	 683 	 1
1787310599304 	 13 	 200 	 683 	 0
1787310599322 	 21 	 200 	 685 	 1
1787310599349 	 13 	 200 	 686 	 1
1787310599331 	 34 	 200 	 686 	 0
1787310599387 	 21 	 200 	 687 	 0
1787310599411 	 18 	 200 	 689 	 1
1787310599425 	 19 	 200 	 690 	 1
1787310599442 	 15 	 200 	 690 	 0
1787310599482 	 16 	 200 	 692 	 1
1787310599491 	 15 	 200 	 693 	 1
1787310599502 	 20 	 200 	 694 	 1
1787310599518 	 14 	 200 	 694 	 0
1787310599554 	 16 	 200 	 695 	 0
1787310599580 	 18 	 200 	 699 	 3
1787310599581 	 23 	 200 	 699 	 2
1787310599590 	 16 	 200 	 699 	 1
1787310599584 	 23 	 200 	 699 	 0
1787310599610 	 15 	 200 	 701 	 1
1787310599628 	 14 	 200 	 703 	 2
1787310599623 	 22 	 200 	 703 	 1
1787310599630 	 15 	 200 	 703 	 0
1787310599648 	 14 	 200 	 704 	 0
1787310599666 	 13 	 200 	 705 	 0
1787310599709 	 13 	 200 	 707 	 1
1787310599719 	 17 	 200 	 710 	 3
1787310599731 	 15 	 200 	 712 	 4
1787310599729 	 19 	 200 	 712 	 3
1787310599730 	 25 	 200 	 714 	 4
1787310599739 	 17 	 200 	 714 	 3
1787310599745 	 16 	 200 	 714 	 2
1787310599750 	 15 	 200 	 714 	 1
1787310599751 	 20 	 200 	 714 	 0
1787310599800 	 13 	 200 	 715 	 0
1787310599827 	 20 	 200 	 717 	 1
1787310599840 	 13 	 200 	 717 	 0
1787310599885 	 14 	 200 	 718 	 0
1787310600002 	 26 	 200 	 722 	 3
1787310600018 	 19 	 200 	 722 	 2
1787310600023 	 17 	 200 	 722 	 1
1787310600024 	 19 	 200 	 722 	 0
1787310600045 	 19 	 200 	 724 	 1
1787310600054 	 12 	 200 	 724 	 0
1787310600070 	 13 	 200 	 725 	 0
1787310600107 	 14 	 200 	 727 	 1
1787310600110 	 13 	 200 	 727 	 0
1787310600124 	 19 	 200 	 729 	 1
1787310600139 	 14 	 200 	 731 	 2
1787310600150 	 15 	 200 	 733 	 3
1787310600149 	 25 	 200 	 733 	 2
1787310600163 	 13 	 200 	 733 	 1
1787310600157 	 19 	 200 	 733 	 0
1787310600179 	 11 	 200 	 734 	 0
1787310600215 	 20 	 200 	 737 	 2
1787310600237 	 12 	 200 	 738 	 2
1787310600281 	 39 	 200 	 741 	 4
1787310600306 	 20 	 200 	 742 	 4
1787310600232 	 133 	 200 	 744 	 5
1787310600209 	 164 	 200 	 744 	 4
1787310600318 	 56 	 200 	 744 	 3
1787310600339 	 39 	 200 	 744 	 2
1787310600333 	 45 	 200 	 744 	 1
1787310600327 	 51 	 200 	 744 	 0
1787310600399 	 24 	 200 	 747 	 2
1787310600410 	 16 	 200 	 747 	 1
1787310600392 	 35 	 200 	 747 	 0
1787310600477 	 14 	 200 	 748 	 0
1787310600493 	 14 	 200 	 750 	 1
1787310600504 	 16 	 200 	 752 	 2
1787310600512 	 23 	 200 	 753 	 2
1787310600516 	 20 	 200 	 753 	 1
1787310600522 	 16 	 200 	 753 	 0
1787310600543 	 18 	 200 	 755 	 1
1787310600558 	 13 	 200 	 755 	 0
1787310600580 	 14 	 200 	 757 	 2
1787310600583 	 19 	 200 	 758 	 1
1787310600595 	 14 	 200 	 758 	 0
1787310600634 	 13 	 200 	 760 	 1
1787310600643 	 15 	 200 	 760 	 0
1787310600661 	 15 	 200 	 762 	 1
1787310600663 	 16 	 200 	 762 	 0
1787310600717 	 25 	 200 	 766 	 3
1787310600731 	 16 	 200 	 766 	 2
1787310600738 	 17 	 200 	 767 	 2
1787310600735 	 22 	 200 	 767 	 1
1787310600750 	 17 	 200 	 769 	 2
1787310600762 	 16 	 200 	 769 	 1
1787310600763 	 17 	 200 	 769 	 0
1787310600836 	 21 	 200 	 770 	 0
1787310600873 	 19 	 200 	 773 	 2
1787310600882 	 18 	 200 	 773 	 1
1787310600884 	 16 	 200 	 773 	 0
1787310600911 	 15 	 200 	 775 	 1
1787310600921 	 19 	 200 	 776 	 1
1787310600940 	 14 	 200 	 777 	 1
1787310600951 	 18 	 200 	 778 	 1
1787310600956 	 15 	 200 	 778 	 0
1787310600983 	 13 	 200 	 779 	 0
1787310601042 	 16 	 200 	 782 	 2
1787310601046 	 14 	 200 	 782 	 1
1787310601058 	 14 	 200 	 783 	 1
1787310601065 	 12 	 200 	 783 	 0
1787310601103 	 17 	 200 	 785 	 1
1787310601114 	 13 	 200 	 785 	 0
1787310601146 	 12 	 200 	 786 	 0
1787310601176 	 21 	 200 	 788 	 1
1787310601180 	 19 	 200 	 788 	 0
1787310601204 	 21 	 200 	 790 	 1
1787310601212 	 15 	 200 	 790 	 0
1787310601253 	 15 	 200 	 792 	 1
1787310601263 	 14 	 200 	 792 	 0
1787310601289 	 15 	 200 	 795 	 2
1787310601294 	 18 	 200 	 796 	 2
1787310601299 	 18 	 200 	 796 	 1
1787310601314 	 13 	 200 	 796 	 0
1787310601415 	 23 	 200 	 800 	 3
1787310601425 	 15 	 200 	 800 	 2
1787310601427 	 17 	 200 	 800 	 1
1787310601440 	 13 	 200 	 801 	 1
1787310601445 	 15 	 200 	 802 	 1
1787310601457 	 14 	 200 	 803 	 1
1787310601469 	 14 	 200 	 804 	 2
1787310601478 	 16 	 200 	 806 	 2
1787310601484 	 12 	 200 	 806 	 1
1787310601487 	 13 	 200 	 806 	 0
1787310601505 	 13 	 200 	 808 	 1
1787310601518 	 14 	 200 	 809 	 1
1787310601522 	 16 	 200 	 809 	 0
1787310601544 	 12 	 200 	 811 	 1
1787310601545 	 17 	 200 	 811 	 0
1787310601565 	 12 	 200 	 812 	 0
1787310601616 	 19 	 200 	 816 	 3
1787310601609 	 36 	 200 	 816 	 2
1787310601584 	 63 	 200 	 816 	 1
1787310601632 	 16 	 200 	 816 	 0
1787310601658 	 13 	 200 	 817 	 0
1787310601717 	 13 	 200 	 820 	 2
1787310601728 	 15 	 200 	 821 	 2
1787310601728 	 16 	 200 	 821 	 1
1787310601739 	 17 	 200 	 822 	 1
1787310601752 	 15 	 200 	 822 	 0
1787310601783 	 15 	 200 	 823 	 0
1787310601814 	 17 	 200 	 825 	 1
1787310601823 	 23 	 200 	 827 	 2
1787310601834 	 15 	 200 	 827 	 1
1787310601843 	 13 	 200 	 827 	 0
1787310601862 	 14 	 200 	 829 	 1
1787310601870 	 16 	 200 	 830 	 1
1787310601886 	 14 	 200 	 832 	 2
1787310601888 	 13 	 200 	 832 	 1
1787310601898 	 13 	 200 	 832 	 0
1787310601956 	 21 	 200 	 835 	 2
1787310601950 	 27 	 200 	 835 	 1
1787310601974 	 14 	 200 	 835 	 0
1787310601990 	 17 	 200 	 836 	 0
1787310602018 	 32 	 200 	 838 	 1
1787310602047 	 26 	 200 	 838 	 0
1787310602077 	 16 	 200 	 841 	 2
1787310602084 	 14 	 200 	 841 	 1
1787310602089 	 13 	 200 	 841 	 0
1787310602108 	 14 	 200 	 842 	 0
1787310602130 	 12 	 200 	 843 	 0
1787310602163 	 17 	 200 	 847 	 3
1787310602161 	 21 	 200 	 847 	 2
1787310602163 	 20 	 200 	 847 	 1
1787310602177 	 14 	 200 	 847 	 0
1787310602215 	 37 	 200 	 848 	 0
1787310602305 	 16 	 200 	 849 	 0
1787310602325 	 12 	 200 	 852 	 2
1787310602334 	 15 	 200 	 852 	 1
1787310602336 	 14 	 200 	 852 	 0
1787310602351 	 13 	 200 	 853 	 0
1787310602381 	 16 	 200 	 855 	 1
1787310602390 	 13 	 200 	 855 	 0
1787310602408 	 16 	 200 	 856 	 0
1787310602444 	 13 	 200 	 858 	 1
1787310602443 	 16 	 200 	 858 	 0
1787310602468 	 16 	 200 	 862 	 3
1787310602473 	 18 	 200 	 862 	 2
1787310602480 	 21 	 200 	 863 	 2
1787310602482 	 29 	 200 	 864 	 2
1787310602494 	 19 	 200 	 864 	 1
1787310602506 	 16 	 200 	 864 	 0
1787310602530 	 14 	 200 	 867 	 2
1787310602534 	 17 	 200 	 867 	 1
1787310602533 	 20 	 200 	 867 	 0
1787310602564 	 13 	 200 	 868 	 0
1787310602579 	 14 	 200 	 870 	 1
1787310602583 	 12 	 200 	 870 	 0
1787310602622 	 13 	 200 	 874 	 3
1787310602620 	 24 	 200 	 876 	 4
1787310602631 	 17 	 200 	 876 	 3
1787310602641 	 18 	 200 	 876 	 2
1787310602637 	 27 	 200 	 876 	 1
1787310602640 	 54 	 200 	 877 	 1
1787310602665 	 46 	 200 	 878 	 1
1787310602699 	 15 	 200 	 878 	 0
1787310602716 	 28 	 200 	 882 	 3
1787310602719 	 39 	 200 	 883 	 3
1787310602728 	 34 	 200 	 884 	 3
1787310602734 	 37 	 200 	 885 	 3
1787310602747 	 25 	 200 	 885 	 2
1787310602764 	 14 	 200 	 886 	 2
1787310602772 	 17 	 200 	 886 	 1
1787310602775 	 16 	 200 	 886 	 0
1787310602803 	 14 	 200 	 889 	 2
1787310602807 	 14 	 200 	 889 	 1
1787310602814 	 16 	 200 	 891 	 2
1787310602824 	 19 	 200 	 892 	 2
1787310602828 	 16 	 200 	 892 	 1
1787310602841 	 27 	 200 	 893 	 1
1787310602853 	 18 	 200 	 893 	 0
1787310602928 	 34 	 200 	 895 	 1
1787310602932 	 34 	 200 	 895 	 0
1787310602991 	 13 	 200 	 896 	 0
1787310603006 	 15 	 200 	 897 	 0
1787310603341 	 37 	 200 	 898 	 0
1787310603804 	 65 	 200 	 899 	 0
1787310604350 	 35 	 200 	 902 	 2
1787310604364 	 27 	 200 	 902 	 1
1787310604374 	 22 	 200 	 902 	 0
1787310604409 	 22 	 200 	 904 	 1
1787310604413 	 19 	 200 	 904 	 0
1787310604437 	 18 	 200 	 906 	 1
1787310604451 	 14 	 200 	 906 	 0
1787310604857 	 14 	 200 	 907 	 0
1787310605245 	 357 	 200 	 908 	 0
1787310605698 	 13 	 200 	 909 	 0
1787310606209 	 23 	 200 	 910 	 0
1787310606235 	 14 	 200 	 911 	 1
1787310606250 	 14 	 200 	 912 	 0
1787310606285 	 17 	 200 	 914 	 1
1787310606301 	 15 	 200 	 916 	 2
1787310606306 	 16 	 200 	 916 	 1
1787310606315 	 18 	 200 	 917 	 1
1787310606328 	 13 	 200 	 917 	 0
1787310606349 	 14 	 200 	 920 	 2
1787310606348 	 18 	 200 	 920 	 1
1787310606354 	 21 	 200 	 921 	 1
1787310606375 	 19 	 200 	 924 	 3
1787310606378 	 17 	 200 	 924 	 2
1787310606380 	 27 	 200 	 924 	 1
1787310606392 	 17 	 200 	 924 	 0
1787310606445 	 18 	 200 	 926 	 1
1787310606456 	 13 	 200 	 926 	 0
1787310606493 	 14 	 200 	 927 	 0
1787310606520 	 15 	 200 	 929 	 1
1787310606524 	 14 	 200 	 929 	 0
1787310606605 	 22 	 200 	 935 	 5
1787310606613 	 16 	 200 	 935 	 4
1787310606560 	 70 	 200 	 935 	 3
1787310606586 	 85 	 200 	 937 	 4
1787310606665 	 13 	 200 	 937 	 3
1787310606663 	 17 	 200 	 937 	 2
1787310606716 	 16 	 200 	 938 	 2
1787310606611 	 159 	 200 	 940 	 3
1787310606745 	 35 	 200 	 940 	 2
1787310606765 	 73 	 200 	 941 	 2
1787310606876 	 15 	 200 	 942 	 2
1787310606824 	 85 	 200 	 944 	 3
1787310606906 	 17 	 200 	 944 	 2
1787310606930 	 44 	 200 	 949 	 6
1787310606929 	 46 	 200 	 949 	 5
1787310606899 	 76 	 200 	 949 	 4
1787310606550 	 435 	 200 	 950 	 4
1787310606942 	 52 	 200 	 950 	 3
1787310606950 	 66 	 200 	 951 	 3
1787310606967 	 42 	 200 	 951 	 2
1787310606985 	 39 	 200 	 952 	 2
1787310606997 	 34 	 200 	 952 	 1
1787310607023 	 13 	 200 	 952 	 0
1787310607066 	 15 	 200 	 956 	 3
1787310607067 	 15 	 200 	 956 	 2
1787310607072 	 16 	 200 	 956 	 1
1787310607071 	 16 	 200 	 956 	 0
1787310607104 	 17 	 200 	 958 	 1
1787310607116 	 15 	 200 	 958 	 0
1787310607154 	 31 	 200 	 962 	 3
1787310607159 	 24 	 200 	 962 	 2
1787310607158 	 27 	 200 	 962 	 1
1787310607185 	 14 	 200 	 962 	 0
1787310607221 	 18 	 200 	 966 	 3
1787310607225 	 14 	 200 	 966 	 2
1787310607234 	 22 	 200 	 966 	 1
1787310607236 	 22 	 200 	 966 	 0
1787310607279 	 19 	 200 	 970 	 3
1787310607286 	 16 	 200 	 970 	 2
1787310607296 	 20 	 200 	 970 	 1
1787310607296 	 19 	 200 	 970 	 0
1787310607330 	 18 	 200 	 973 	 2
1787310607331 	 17 	 200 	 973 	 1
1787310607341 	 16 	 200 	 973 	 1
1787310607378 	 13 	 200 	 975 	 1
1787310607358 	 64 	 200 	 976 	 1
1787310607422 	 13 	 200 	 977 	 1
1787310607429 	 14 	 200 	 977 	 0
1787310607451 	 17 	 200 	 981 	 3
1787310607453 	 23 	 200 	 982 	 3
1787310607462 	 32 	 200 	 983 	 3
1787310607461 	 37 	 200 	 983 	 2
1787310607480 	 18 	 200 	 983 	 1
1787310607473 	 28 	 200 	 983 	 0
1787310607526 	 16 	 200 	 987 	 3
1787310607526 	 19 	 200 	 987 	 2
1787310607534 	 15 	 200 	 987 	 1
1787310607542 	 17 	 200 	 987 	 0
1787310607587 	 13 	 200 	 988 	 0
1787310607616 	 15 	 200 	 990 	 1
1787310607617 	 15 	 200 	 990 	 0
1787310607635 	 12 	 200 	 992 	 1
1787310607647 	 14 	 200 	 992 	 0
1787310607704 	 15 	 200 	 995 	 2
1787310607711 	 18 	 200 	 997 	 3
1787310607719 	 21 	 200 	 997 	 2
1787310607724 	 20 	 200 	 997 	 1
1787310607722 	 23 	 200 	 997 	 0
1787310607752 	 13 	 200 	 999 	 1
1787310607761 	 13 	 200 	 999 	 0
1787310607777 	 14 	 200 	 1000 	 0
1787310607793 	 19 	 200 	 1003 	 2
1787310607806 	 21 	 200 	 1003 	 1
1787310607807 	 23 	 200 	 1004 	 1
1787310607830 	 21 	 200 	 1008 	 4
1787310607834 	 18 	 200 	 1008 	 3
1787310607836 	 18 	 200 	 1008 	 2
1787310607849 	 29 	 200 	 1011 	 4
1787310607850 	 29 	 200 	 1011 	 3
1787310607871 	 18 	 200 	 1011 	 2
1787310607875 	 14 	 200 	 1011 	 1
1787310607879 	 15 	 200 	 1011 	 0
1787310607909 	 14 	 200 	 1014 	 2
1787310607915 	 17 	 200 	 1014 	 1
1787310607917 	 18 	 200 	 1014 	 0
1787310607952 	 14 	 200 	 1016 	 1
1787310607952 	 17 	 200 	 1016 	 0
1787310607984 	 16 	 200 	 1021 	 4
1787310607981 	 19 	 200 	 1021 	 3
1787310607986 	 20 	 200 	 1021 	 2
1787310607993 	 33 	 200 	 1024 	 4
1787310608009 	 25 	 200 	 1025 	 4
1787310607990 	 45 	 200 	 1025 	 3
1787310608010 	 25 	 200 	 1026 	 3
1787310608010 	 33 	 200 	 1027 	 3
1787310608033 	 19 	 200 	 1029 	 4
1787310608046 	 34 	 200 	 1031 	 5
1787310608037 	 45 	 200 	 1031 	 4
1787310608047 	 47 	 200 	 1031 	 3
1787310608043 	 51 	 200 	 1031 	 2
1787310608067 	 31 	 200 	 1032 	 2
1787310608078 	 26 	 200 	 1032 	 1
1787310608099 	 17 	 200 	 1033 	 1
1787310608109 	 12 	 200 	 1033 	 0
1787310608131 	 17 	 200 	 1036 	 2
1787310608142 	 14 	 200 	 1037 	 2
1787310608144 	 16 	 200 	 1037 	 1
1787310608154 	 17 	 200 	 1037 	 0
1787310608198 	 20 	 200 	 1039 	 1
1787310608200 	 21 	 200 	 1040 	 1
1787310608222 	 14 	 200 	 1040 	 0
1787310608252 	 31 	 200 	 1043 	 2
1787310608263 	 24 	 200 	 1043 	 1
1787310608272 	 18 	 200 	 1043 	 0
1787310608322 	 16 	 200 	 1046 	 2
1787310608323 	 19 	 200 	 1047 	 2
1787310608333 	 16 	 200 	 1047 	 1
1787310608340 	 13 	 200 	 1047 	 0
1787310608358 	 14 	 200 	 1049 	 1
1787310608368 	 13 	 200 	 1049 	 0
1787310608398 	 14 	 200 	 1050 	 0
1787310608432 	 19 	 200 	 1051 	 0
1787310608807 	 16 	 200 	 1052 	 0
1787310608834 	 13 	 200 	 1053 	 0
1787310608963 	 36 	 200 	 1054 	 0
1787310609364 	 24 	 200 	 1055 	 0
1787310609682 	 24 	 200 	 1056 	 0
1787310609839 	 21 	 200 	 1057 	 0
1787310611932 	 25 	 200 	 1058 	 0
1787310612232 	 18 	 200 	 1059 	 0
1787310612474 	 13 	 200 	 1060 	 0
1787310612846 	 20 	 200 	 1061 	 0
1787310612888 	 13 	 200 	 1062 	 0
1787310613372 	 31 	 200 	 1063 	 0
1787310614138 	 31 	 200 	 1064 	 0
1787310614559 	 13 	 200 	 1065 	 0
1787310615145 	 24 	 200 	 1066 	 0
1787310615656 	 13 	 200 	 1067 	 0
1787310615752 	 13 	 200 	 1068 	 0
1787310615993 	 16 	 200 	 1069 	 0
1787310616096 	 56 	 200 	 1070 	 0
1787310616262 	 25 	 200 	 1071 	 0
1787310616504 	 23 	 200 	 1072 	 0
1787310616719 	 12 	 200 	 1073 	 0
1787310616759 	 12 	 200 	 1074 	 0
1787310616981 	 29 	 200 	 1075 	 0
1787310617419 	 34 	 200 	 1076 	 0
1787310617606 	 16 	 200 	 1077 	 0
1787310617673 	 13 	 200 	 1078 	 0
1787310618698 	 15 	 200 	 1079 	 0
1787310618725 	 27 	 200 	 1083 	 3
1787310618726 	 28 	 200 	 1083 	 2
1787310618728 	 34 	 200 	 1083 	 1
1787310618748 	 17 	 200 	 1083 	 0
1787310618773 	 14 	 200 	 1085 	 1
1787310618785 	 14 	 200 	 1086 	 1
1787310618799 	 16 	 200 	 1087 	 1
1787310618811 	 14 	 200 	 1090 	 3
1787310618817 	 19 	 200 	 1090 	 2
1787310618819 	 20 	 200 	 1090 	 1
1787310618825 	 17 	 200 	 1091 	 1
1787310618842 	 16 	 200 	 1091 	 0
1787310619653 	 35 	 200 	 1092 	 0
1787310620163 	 37 	 200 	 1093 	 0
1787310621546 	 22 	 200 	 1094 	 0
1787310621912 	 39 	 200 	 1095 	 0
1787310622085 	 37 	 200 	 1096 	 0
1787310622430 	 23 	 200 	 1097 	 0
1787310622526 	 17 	 200 	 1098 	 0
1787310622953 	 15 	 200 	 1099 	 0
1787310623055 	 37 	 200 	 1100 	 0
1787310623101 	 13 	 200 	 1101 	 0
1787310623847 	 30 	 200 	 1102 	 0
1787310624031 	 31 	 200 	 1103 	 0
1787310624606 	 14 	 200 	 1104 	 0
1787310624631 	 12 	 200 	 1105 	 0
1787310624659 	 13 	 200 	 1106 	 0
1787310624714 	 27 	 200 	 1108 	 1
1787310624739 	 14 	 200 	 1109 	 1
1787310624753 	 13 	 200 	 1109 	 0
1787310624769 	 14 	 200 	 1111 	 1
1787310624769 	 15 	 200 	 1111 	 0
1787310624809 	 16 	 200 	 1112 	 0
1787310624836 	 14 	 200 	 1115 	 2
1787310624843 	 15 	 200 	 1115 	 1
1787310624840 	 22 	 200 	 1116 	 1
1787310624861 	 17 	 200 	 1119 	 3
1787310624873 	 16 	 200 	 1119 	 2
1787310624873 	 16 	 200 	 1119 	 1
1787310624867 	 23 	 200 	 1119 	 0
1787310624904 	 12 	 200 	 1121 	 1
1787310624916 	 18 	 200 	 1123 	 2
1787310624924 	 15 	 200 	 1123 	 1
1787310624926 	 15 	 200 	 1124 	 2
1787310624942 	 14 	 200 	 1125 	 1
1787310624941 	 15 	 200 	 1125 	 0
1787310624962 	 16 	 200 	 1128 	 2
1787310624966 	 18 	 200 	 1129 	 2
1787310624974 	 14 	 200 	 1130 	 2
1787310624980 	 24 	 200 	 1130 	 1
1787310624987 	 19 	 200 	 1130 	 1
1787310625007 	 12 	 200 	 1131 	 0
1787310625029 	 13 	 200 	 1134 	 2
1787310625043 	 15 	 200 	 1136 	 3
1787310625042 	 16 	 200 	 1136 	 2
1787310625044 	 15 	 200 	 1136 	 1
1787310625046 	 15 	 200 	 1137 	 1
1787310625061 	 17 	 200 	 1138 	 1
1787310625078 	 14 	 200 	 1139 	 1
1787310625082 	 14 	 200 	 1139 	 0
1787310625099 	 14 	 200 	 1141 	 1
1787310625109 	 18 	 200 	 1143 	 2
1787310625117 	 12 	 200 	 1143 	 1
1787310625122 	 17 	 200 	 1143 	 0
1787310625143 	 15 	 200 	 1147 	 3
1787310625145 	 18 	 200 	 1147 	 2
1787310625154 	 21 	 200 	 1147 	 2
1787310625158 	 17 	 200 	 1148 	 1
1787310625176 	 13 	 200 	 1149 	 1
1787310625186 	 12 	 200 	 1149 	 0
1787310625202 	 13 	 200 	 1152 	 2
1787310625203 	 15 	 200 	 1152 	 1
1787310625210 	 20 	 200 	 1155 	 3
1787310625224 	 21 	 200 	 1158 	 7
1787310625229 	 17 	 200 	 1160 	 6
1787310625224 	 22 	 200 	 1160 	 5
1787310625240 	 16 	 200 	 1160 	 4
1787310625235 	 29 	 200 	 1160 	 3
1787310625247 	 46 	 200 	 1164 	 6
1787310625233 	 61 	 200 	 1164 	 5
1787310625246 	 49 	 200 	 1164 	 4
1787310625266 	 43 	 200 	 1165 	 4
1787310625276 	 35 	 200 	 1165 	 3
1787310625269 	 42 	 200 	 1165 	 2
1787310625295 	 19 	 200 	 1165 	 1
1787310625305 	 38 	 200 	 1166 	 1
1787310625332 	 26 	 200 	 1168 	 2
1787310625357 	 26 	 200 	 1168 	 1
1787310625358 	 37 	 200 	 1171 	 3
1787310625387 	 18 	 200 	 1171 	 2
1787310625388 	 18 	 200 	 1171 	 1
1787310625389 	 17 	 200 	 1171 	 0
1787310625426 	 13 	 200 	 1172 	 0
1787310625456 	 15 	 200 	 1174 	 1
1787310625469 	 14 	 200 	 1175 	 1
1787310625482 	 14 	 200 	 1175 	 0
1787310625500 	 19 	 200 	 1180 	 4
1787310625508 	 16 	 200 	 1180 	 3
1787310625511 	 18 	 200 	 1180 	 2
1787310625510 	 20 	 200 	 1180 	 1
1787310625516 	 16 	 200 	 1180 	 0
1787310625541 	 14 	 200 	 1182 	 1
1787310625582 	 14 	 200 	 1183 	 1
1787310625621 	 14 	 200 	 1185 	 2
1787310625653 	 19 	 200 	 1188 	 4
1787310625649 	 24 	 200 	 1188 	 3
1787310625667 	 18 	 200 	 1190 	 4
1787310625685 	 38 	 200 	 1196 	 9
1787310625678 	 47 	 200 	 1196 	 8
1787310625697 	 28 	 200 	 1196 	 7
1787310625691 	 76 	 200 	 1198 	 8
1787310625706 	 64 	 200 	 1198 	 8
1787310625620 	 162 	 200 	 1199 	 7
1787310625719 	 74 	 200 	 1200 	 7
1787310625729 	 67 	 200 	 1200 	 6
1787310625719 	 77 	 200 	 1200 	 5
1787310625765 	 65 	 200 	 1201 	 5
1787310625772 	 58 	 200 	 1201 	 4
1787310625791 	 77 	 200 	 1206 	 8
1787310625848 	 26 	 200 	 1206 	 7
1787310625841 	 35 	 200 	 1206 	 6
1787310625851 	 26 	 200 	 1206 	 5
1787310625846 	 34 	 200 	 1206 	 4
1787310625865 	 20 	 200 	 1206 	 3
1787310625703 	 214 	 200 	 1209 	 5
1787310625902 	 20 	 200 	 1209 	 4
1787310625905 	 22 	 200 	 1209 	 3
1787310625886 	 41 	 200 	 1209 	 3
1787310625816 	 116 	 200 	 1210 	 2
1787310625555 	 414 	 200 	 1212 	 3
1787310625938 	 35 	 200 	 1212 	 2
1787310625928 	 48 	 200 	 1212 	 1
1787310625959 	 18 	 200 	 1212 	 0
1787310625989 	 13 	 200 	 1214 	 1
1787310625980 	 27 	 200 	 1214 	 0
1787310626040 	 24 	 200 	 1217 	 2
1787310626028 	 40 	 200 	 1218 	 2
1787310626055 	 15 	 200 	 1218 	 1
1787310626070 	 15 	 200 	 1218 	 0
1787310626100 	 15 	 200 	 1220 	 1
1787310626115 	 14 	 200 	 1223 	 3
1787310626117 	 13 	 200 	 1223 	 2
1787310626118 	 16 	 200 	 1224 	 2
1787310626127 	 14 	 200 	 1226 	 3
1787310626133 	 15 	 200 	 1226 	 3
1787310626137 	 13 	 200 	 1227 	 2
1787310626138 	 19 	 200 	 1228 	 2
1787310626164 	 27 	 200 	 1232 	 5
1787310626155 	 39 	 200 	 1232 	 4
1787310626149 	 45 	 200 	 1232 	 3
1787310626191 	 13 	 200 	 1232 	 2
1787310626164 	 42 	 200 	 1232 	 1
1787310626192 	 17 	 200 	 1232 	 0
1787310626222 	 15 	 200 	 1233 	 0
1787310626251 	 16 	 200 	 1235 	 1
1787310626266 	 13 	 200 	 1236 	 1
1787310626276 	 17 	 200 	 1237 	 1
1787310626286 	 14 	 200 	 1238 	 1
1787310626298 	 14 	 200 	 1238 	 0
1787310626321 	 16 	 200 	 1239 	 0
1787310626560 	 22 	 200 	 1240 	 0
1787310627225 	 33 	 200 	 1241 	 0
1787310627646 	 14 	 200 	 1242 	 0
1787310627801 	 38 	 200 	 1243 	 0
1787310628059 	 35 	 200 	 1244 	 0
1787310628125 	 26 	 200 	 1246 	 1
1787310628150 	 25 	 200 	 1246 	 0
1787310628194 	 13 	 200 	 1247 	 0
1787310629113 	 33 	 200 	 1248 	 0
1787310629280 	 20 	 200 	 1249 	 0
1787310629781 	 18 	 200 	 1250 	 0
1787310630062 	 33 	 200 	 1251 	 0
1787310630138 	 29 	 200 	 1252 	 0
1787310630252 	 32 	 200 	 1253 	 0
1787310630482 	 15 	 200 	 1254 	 0
1787310630714 	 14 	 200 	 1255 	 0
1787310631009 	 31 	 200 	 1256 	 0
1787310631079 	 39 	 200 	 1257 	 0
1787310631265 	 13 	 200 	 1258 	 0
1787310631398 	 14 	 200 	 1259 	 0
1787310631608 	 14 	 200 	 1260 	 0
1787310631774 	 35 	 200 	 1261 	 0
1787310632138 	 18 	 200 	 1262 	 0
1787310632761 	 27 	 200 	 1263 	 0
1787310633178 	 12 	 200 	 1264 	 0
1787310633205 	 12 	 200 	 1265 	 0
1787310633245 	 26 	 200 	 1266 	 0
1787310633698 	 16 	 200 	 1267 	 0
1787310633832 	 17 	 200 	 1268 	 0
1787310634347 	 15 	 200 	 1269 	 0
1787310634774 	 13 	 200 	 1270 	 0
1787310635728 	 24 	 200 	 1275 	 4
1787310635721 	 41 	 200 	 1275 	 3
1787310635741 	 22 	 200 	 1275 	 2
1787310635743 	 22 	 200 	 1275 	 1
1787310635749 	 24 	 200 	 1275 	 0
1787310635801 	 14 	 200 	 1276 	 0
1787310635819 	 16 	 200 	 1278 	 1
1787310635826 	 21 	 200 	 1279 	 1
1787310635840 	 12 	 200 	 1279 	 0
1787310635882 	 18 	 200 	 1282 	 2
1787310635887 	 16 	 200 	 1282 	 1
1787310635894 	 15 	 200 	 1282 	 0
1787310635918 	 12 	 200 	 1283 	 0
1787310635943 	 14 	 200 	 1284 	 0
1787310635960 	 12 	 200 	 1285 	 0
1787310635986 	 17 	 200 	 1286 	 0
1787310636006 	 13 	 200 	 1287 	 0
1787310636024 	 12 	 200 	 1289 	 1
1787310636035 	 14 	 200 	 1289 	 0
1787310636050 	 16 	 200 	 1292 	 2
1787310636059 	 15 	 200 	 1293 	 3
1787310636065 	 14 	 200 	 1295 	 3
1787310636072 	 17 	 200 	 1295 	 2
1787310636075 	 16 	 200 	 1295 	 1
1787310636079 	 14 	 200 	 1295 	 0
1787310636123 	 19 	 200 	 1300 	 4
1787310636133 	 32 	 200 	 1300 	 3
1787310636137 	 29 	 200 	 1300 	 2
1787310636139 	 29 	 200 	 1301 	 2
1787310636140 	 31 	 200 	 1302 	 2
1787310636168 	 14 	 200 	 1302 	 1
1787310636170 	 15 	 200 	 1302 	 0
1787310636192 	 14 	 200 	 1303 	 0
1787310636219 	 16 	 200 	 1304 	 0
1787310636251 	 14 	 200 	 1307 	 2
1787310636252 	 15 	 200 	 1307 	 1
1787310636258 	 22 	 200 	 1308 	 1
1787310636280 	 14 	 200 	 1311 	 3
1787310636282 	 13 	 200 	 1311 	 2
1787310636289 	 14 	 200 	 1311 	 1
1787310636292 	 35 	 200 	 1312 	 1
1787310636318 	 15 	 200 	 1312 	 0
1787310636340 	 14 	 200 	 1313 	 0
1787310636365 	 14 	 200 	 1316 	 2
1787310636368 	 16 	 200 	 1317 	 2
1787310636377 	 16 	 200 	 1317 	 1
1787310636384 	 14 	 200 	 1317 	 0
1787310636401 	 17 	 200 	 1320 	 2
1787310636405 	 14 	 200 	 1321 	 2
1787310636414 	 18 	 200 	 1321 	 1
1787310636419 	 13 	 200 	 1321 	 0
1787310636440 	 21 	 200 	 1324 	 2
1787310636449 	 13 	 200 	 1324 	 1
1787310636460 	 14 	 200 	 1325 	 1
1787310636466 	 14 	 200 	 1325 	 0
1787310636500 	 15 	 200 	 1327 	 1
1787310636527 	 13 	 200 	 1329 	 2
1787310636534 	 15 	 200 	 1329 	 1
1787310636578 	 15 	 200 	 1330 	 1
1787310636491 	 150 	 200 	 1331 	 1
1787310636641 	 13 	 200 	 1332 	 2
1787310636650 	 16 	 200 	 1334 	 2
1787310636655 	 16 	 200 	 1334 	 1
1787310636662 	 15 	 200 	 1335 	 1
1787310636673 	 13 	 200 	 1335 	 0
1787310636724 	 36 	 200 	 1337 	 1
1787310636750 	 21 	 200 	 1337 	 0
1787310636774 	 15 	 200 	 1340 	 2
1787310636776 	 20 	 200 	 1341 	 2
1787310636780 	 18 	 200 	 1341 	 1
1787310636796 	 13 	 200 	 1341 	 0
1787310636827 	 13 	 200 	 1343 	 1
1787310636839 	 14 	 200 	 1344 	 1
1787310636841 	 14 	 200 	 1344 	 0
1787310636869 	 15 	 200 	 1345 	 0
1787310636897 	 14 	 200 	 1347 	 1
1787310636902 	 16 	 200 	 1347 	 0
1787310636924 	 13 	 200 	 1349 	 1
1787310636929 	 14 	 200 	 1349 	 0
1787310636966 	 17 	 200 	 1352 	 2
1787310636964 	 21 	 200 	 1352 	 1
1787310636975 	 18 	 200 	 1352 	 0
1787310637019 	 13 	 200 	 1355 	 2
1787310637023 	 16 	 200 	 1356 	 4
1787310637032 	 20 	 200 	 1359 	 4
1787310637038 	 20 	 200 	 1360 	 4
1787310637040 	 21 	 200 	 1360 	 3
1787310637040 	 22 	 200 	 1360 	 2
1787310637050 	 19 	 200 	 1360 	 1
1787310637054 	 17 	 200 	 1360 	 0
1787310637132 	 13 	 200 	 1363 	 2
1787310637139 	 15 	 200 	 1363 	 1
1787310637140 	 17 	 200 	 1363 	 0
1787310637180 	 12 	 200 	 1364 	 0
1787310637207 	 14 	 200 	 1365 	 0
1787310637223 	 15 	 200 	 1366 	 0
1787310637246 	 14 	 200 	 1369 	 2
1787310637248 	 14 	 200 	 1369 	 1
1787310637254 	 14 	 200 	 1369 	 0
1787310637280 	 12 	 200 	 1370 	 0
1787310637298 	 16 	 200 	 1372 	 1
1787310637300 	 16 	 200 	 1372 	 0
1787310637319 	 15 	 200 	 1377 	 4
1787310637328 	 23 	 200 	 1377 	 3
1787310637327 	 25 	 200 	 1377 	 2
1787310637333 	 20 	 200 	 1377 	 1
1787310637329 	 26 	 200 	 1377 	 0
1787310637360 	 17 	 200 	 1379 	 1
1787310637372 	 14 	 200 	 1379 	 0
1787310637392 	 13 	 200 	 1382 	 2
1787310637405 	 15 	 200 	 1385 	 4
1787310637403 	 29 	 200 	 1386 	 4
1787310637410 	 24 	 200 	 1386 	 3
1787310637416 	 22 	 200 	 1386 	 2
1787310637415 	 24 	 200 	 1386 	 1
1787310637424 	 17 	 200 	 1386 	 0
1787310637448 	 13 	 200 	 1389 	 2
1787310637457 	 14 	 200 	 1389 	 1
1787310637459 	 14 	 200 	 1389 	 0
1787310637494 	 13 	 200 	 1390 	 0
1787310637508 	 17 	 200 	 1395 	 4
1787310637508 	 20 	 200 	 1395 	 3
1787310637519 	 17 	 200 	 1396 	 3
1787310637523 	 20 	 200 	 1396 	 2
1787310637525 	 19 	 200 	 1396 	 1
1787310637534 	 18 	 200 	 1398 	 2
1787310637548 	 16 	 200 	 1399 	 2
1787310637552 	 20 	 200 	 1399 	 1
1787310637560 	 13 	 200 	 1399 	 0
1787310637578 	 25 	 200 	 1401 	 1
1787310637577 	 28 	 200 	 1401 	 0
1787310637633 	 30 	 200 	 1405 	 3
1787310637634 	 30 	 200 	 1405 	 2
1787310637645 	 21 	 200 	 1405 	 1
1787310637656 	 17 	 200 	 1405 	 0
1787310637723 	 16 	 200 	 1407 	 1
1787310637735 	 14 	 200 	 1408 	 1
1787310637742 	 14 	 200 	 1409 	 1
1787310637752 	 19 	 200 	 1410 	 1
1787310637767 	 12 	 200 	 1410 	 0
1787310637826 	 35 	 200 	 1415 	 4
1787310637831 	 31 	 200 	 1415 	 3
1787310637831 	 31 	 200 	 1415 	 2
1787310637854 	 15 	 200 	 1415 	 1
1787310637861 	 14 	 200 	 1415 	 0
1787310637880 	 12 	 200 	 1416 	 0
1787310637895 	 22 	 200 	 1418 	 1
1787310637917 	 20 	 200 	 1419 	 1
1787310637937 	 18 	 200 	 1422 	 3
1787310637943 	 20 	 200 	 1422 	 2
1787310637944 	 20 	 200 	 1422 	 1
1787310637956 	 13 	 200 	 1422 	 0
1787310637981 	 15 	 200 	 1424 	 1
1787310637984 	 15 	 200 	 1424 	 0
1787310638049 	 14 	 200 	 1428 	 3
1787310638034 	 83 	 200 	 1435 	 10
1787310638016 	 100 	 200 	 1436 	 9
1787310638074 	 61 	 200 	 1436 	 8
1787310638075 	 61 	 200 	 1436 	 7
1787310638112 	 23 	 200 	 1436 	 6
1787310638117 	 22 	 200 	 1436 	 5
1787310638097 	 44 	 200 	 1436 	 4
1787310638119 	 47 	 200 	 1437 	 4
1787310638157 	 14 	 200 	 1438 	 4
1787310638107 	 66 	 200 	 1438 	 3
1787310638168 	 59 	 200 	 1438 	 2
1787310638112 	 131 	 200 	 1439 	 2
1787310638247 	 14 	 200 	 1441 	 3
1787310638305 	 17 	 200 	 1445 	 6
1787310638276 	 49 	 200 	 1445 	 5
1787310638236 	 97 	 200 	 1445 	 4
1787310638344 	 28 	 200 	 1449 	 7
1787310638342 	 32 	 200 	 1449 	 6
1787310638350 	 68 	 200 	 1451 	 7
1787310638273 	 145 	 200 	 1451 	 6
1787310638383 	 38 	 200 	 1451 	 5
1787310638252 	 171 	 200 	 1451 	 4
1787310638404 	 19 	 200 	 1451 	 3
1787310638283 	 146 	 200 	 1451 	 2
1787310638336 	 124 	 200 	 1453 	 3
1787310638445 	 20 	 200 	 1453 	 2
1787310638500 	 22 	 200 	 1456 	 4
1787310638520 	 14 	 200 	 1456 	 3
1787310638438 	 114 	 200 	 1456 	 2
1787310638510 	 70 	 200 	 1458 	 3
1787310638594 	 31 	 200 	 1461 	 5
1787310638570 	 57 	 200 	 1461 	 4
1787310638629 	 13 	 200 	 1462 	 4
1787310638559 	 95 	 200 	 1462 	 3
1787310638614 	 51 	 200 	 1464 	 4
1787310638616 	 66 	 200 	 1466 	 5
1787310638666 	 16 	 200 	 1466 	 4
1787310638007 	 711 	 200 	 1470 	 7
1787310638672 	 52 	 200 	 1470 	 6
1787310638656 	 70 	 200 	 1470 	 5
1787310638673 	 55 	 200 	 1470 	 4
1787310638695 	 36 	 200 	 1470 	 3
1787310638717 	 16 	 200 	 1470 	 2
1787310638690 	 45 	 200 	 1471 	 2
1787310638709 	 30 	 200 	 1471 	 1
1787310638742 	 14 	 200 	 1473 	 2
1787310638735 	 31 	 200 	 1473 	 1
1787310638741 	 32 	 200 	 1474 	 1
1787310638773 	 13 	 200 	 1475 	 1
1787310638779 	 13 	 200 	 1475 	 0
1787310638878 	 15 	 200 	 1477 	 1
1787310638874 	 20 	 200 	 1477 	 0
1787310638937 	 16 	 200 	 1478 	 0
1787310638981 	 21 	 200 	 1481 	 2
1787310638983 	 23 	 200 	 1482 	 2
1787310638998 	 16 	 200 	 1482 	 1
1787310639005 	 13 	 200 	 1482 	 0
1787310639029 	 13 	 200 	 1483 	 0
1787310639046 	 16 	 200 	 1484 	 0
1787310639092 	 30 	 200 	 1487 	 2
1787310639094 	 33 	 200 	 1487 	 1
1787310639108 	 21 	 200 	 1488 	 1
1787310639132 	 15 	 200 	 1490 	 2
1787310639133 	 24 	 200 	 1491 	 2
1787310639132 	 28 	 200 	 1491 	 1
1787310639155 	 15 	 200 	 1493 	 2
1787310639169 	 47 	 200 	 1496 	 4
1787310639196 	 23 	 200 	 1496 	 3
1787310639257 	 14 	 200 	 1498 	 4
1787310639182 	 91 	 200 	 1498 	 3
1787310639264 	 18 	 200 	 1498 	 2
1787310639213 	 80 	 200 	 1499 	 2
1787310639286 	 36 	 200 	 1502 	 4
1787310639310 	 14 	 200 	 1502 	 3
1787310639317 	 13 	 200 	 1502 	 2
1787310639333 	 38 	 200 	 1507 	 6
1787310639339 	 33 	 200 	 1507 	 5
1787310639370 	 16 	 200 	 1508 	 5
1787310639377 	 45 	 200 	 1512 	 8
1787310639394 	 29 	 200 	 1512 	 7
1787310639398 	 27 	 200 	 1512 	 6
1787310639389 	 38 	 200 	 1512 	 5
1787310639407 	 22 	 200 	 1512 	 4
1787310639299 	 171 	 200 	 1512 	 3
1787310639359 	 127 	 200 	 1512 	 2
1787310639338 	 150 	 200 	 1512 	 1
1787310639162 	 330 	 200 	 1513 	 1
1787310639492 	 24 	 200 	 1514 	 1
1787310639497 	 20 	 200 	 1514 	 0
1787310639534 	 14 	 200 	 1517 	 2
1787310639544 	 18 	 200 	 1517 	 1
1787310639546 	 18 	 200 	 1517 	 0
1787310639575 	 16 	 200 	 1519 	 1
1787310639584 	 16 	 200 	 1519 	 0
1787310639618 	 13 	 200 	 1522 	 2
1787310639627 	 25 	 200 	 1523 	 2
1787310639628 	 25 	 200 	 1523 	 1
1787310639645 	 14 	 200 	 1523 	 0
1787310639673 	 18 	 200 	 1527 	 3
1787310639679 	 13 	 200 	 1527 	 2
1787310639687 	 15 	 200 	 1528 	 2
1787310639686 	 17 	 200 	 1528 	 1
1787310639698 	 22 	 200 	 1528 	 0
1787310639732 	 13 	 200 	 1529 	 0
1787310639760 	 15 	 200 	 1530 	 0
1787310639779 	 14 	 200 	 1531 	 0
1787310639818 	 19 	 200 	 1533 	 1
1787310639833 	 35 	 200 	 1534 	 1
1787310639857 	 14 	 200 	 1534 	 0
1787310639909 	 13 	 200 	 1535 	 0
1787310639999 	 14 	 200 	 1536 	 0
1787310640058 	 15 	 200 	 1537 	 0
1787310640684 	 18 	 200 	 1539 	 1
1787310640694 	 16 	 200 	 1539 	 0
1787310641018 	 36 	 200 	 1540 	 0
1787310641202 	 13 	 200 	 1541 	 0
1787310641853 	 15 	 200 	 1542 	 0
1787310642174 	 25 	 200 	 1543 	 0
1787310642553 	 15 	 200 	 1544 	 0
1787310642588 	 15 	 200 	 1545 	 0
1787310642736 	 30 	 200 	 1548 	 2
1787310642755 	 16 	 200 	 1548 	 1
1787310642766 	 17 	 200 	 1548 	 0
1787310642788 	 13 	 200 	 1549 	 0
1787310642814 	 17 	 200 	 1551 	 1
1787310642815 	 21 	 200 	 1551 	 0
1787310642869 	 13 	 200 	 1552 	 0
1787310642885 	 14 	 200 	 1554 	 1
1787310642894 	 16 	 200 	 1554 	 1
1787310642912 	 13 	 200 	 1556 	 1
1787310642917 	 16 	 200 	 1556 	 0
1787310642949 	 12 	 200 	 1557 	 0
1787310642971 	 14 	 200 	 1558 	 0
1787310642987 	 12 	 200 	 1560 	 1
1787310642990 	 12 	 200 	 1560 	 0
1787310643040 	 30 	 200 	 1562 	 1
1787310643049 	 24 	 200 	 1562 	 0
1787310643085 	 23 	 200 	 1568 	 5
1787310643088 	 20 	 200 	 1568 	 4
1787310643086 	 26 	 200 	 1568 	 3
1787310643099 	 18 	 200 	 1569 	 3
1787310643093 	 26 	 200 	 1569 	 2
1787310643091 	 28 	 200 	 1569 	 1
1787310643119 	 15 	 200 	 1570 	 1
1787310643124 	 23 	 200 	 1570 	 0
1787310643166 	 20 	 200 	 1571 	 0
1787310643200 	 17 	 200 	 1572 	 0
1787310643228 	 15 	 200 	 1574 	 1
1787310643233 	 12 	 200 	 1574 	 0
1787310643248 	 19 	 200 	 1578 	 3
1787310643260 	 16 	 200 	 1578 	 2
1787310643262 	 17 	 200 	 1579 	 2
1787310643267 	 16 	 200 	 1579 	 1
1787310643279 	 17 	 200 	 1581 	 2
1787310643289 	 17 	 200 	 1581 	 1
1787310643292 	 16 	 200 	 1581 	 0
1787310643334 	 14 	 200 	 1583 	 1
1787310643337 	 13 	 200 	 1583 	 0
1787310643353 	 14 	 200 	 1584 	 0
1787310643372 	 12 	 200 	 1585 	 0
1787310643386 	 14 	 200 	 1586 	 0
1787310643414 	 16 	 200 	 1588 	 1
1787310643426 	 16 	 200 	 1588 	 0
1787310643452 	 16 	 200 	 1592 	 3
1787310643454 	 15 	 200 	 1592 	 2
1787310643453 	 25 	 200 	 1592 	 1
1787310643469 	 14 	 200 	 1593 	 1
1787310643482 	 14 	 200 	 1593 	 0
1787310643498 	 15 	 200 	 1594 	 0
1787310643519 	 26 	 200 	 1597 	 2
1787310643528 	 19 	 200 	 1597 	 1
1787310643553 	 18 	 200 	 1599 	 2
1787310643568 	 15 	 200 	 1600 	 2
1787310643573 	 14 	 200 	 1600 	 1
1787310643620 	 16 	 200 	 1602 	 2
1787310643543 	 101 	 200 	 1602 	 1
1787310643655 	 13 	 200 	 1603 	 1
1787310643672 	 17 	 200 	 1608 	 5
1787310643698 	 24 	 200 	 1612 	 8
1787310643677 	 92 	 200 	 1614 	 9
1787310643701 	 71 	 200 	 1614 	 8
1787310643760 	 65 	 200 	 1615 	 8
1787310643678 	 149 	 200 	 1615 	 7
1787310643789 	 76 	 200 	 1618 	 9
1787310643679 	 189 	 200 	 1619 	 9
1787310643721 	 226 	 200 	 1626 	 17
1787310643688 	 329 	 200 	 1627 	 23
1787310643715 	 305 	 200 	 1628 	 22
1787310643882 	 189 	 200 	 1629 	 25
1787310643740 	 331 	 200 	 1630 	 24
1787310643886 	 186 	 200 	 1631 	 23
1787310643845 	 326 	 200 	 1632 	 29
1787310643847 	 325 	 200 	 1633 	 28
1787310643949 	 268 	 200 	 1634 	 29
1787310643854 	 376 	 200 	 1635 	 29
1787310643892 	 342 	 200 	 1636 	 29
1787310643904 	 364 	 200 	 1637 	 29
1787310643868 	 408 	 200 	 1638 	 29
1787310643891 	 386 	 200 	 1639 	 28
1787310644175 	 148 	 200 	 1640 	 29
1787310644220 	 107 	 200 	 1641 	 28
1787310644019 	 324 	 200 	 1642 	 27
1787310643897 	 447 	 200 	 1643 	 26
1787310644270 	 74 	 200 	 1644 	 26
1787310644073 	 271 	 200 	 1645 	 25
1787310643872 	 474 	 200 	 1646 	 24
1787310644177 	 170 	 200 	 1647 	 23
1787310644278 	 67 	 200 	 1648 	 23
1787310644074 	 271 	 200 	 1649 	 22
1787310644330 	 63 	 200 	 1650 	 26
1787310644325 	 120 	 200 	 1651 	 28
1787310644279 	 214 	 200 	 1652 	 28
1787310644022 	 472 	 200 	 1653 	 27
1787310644352 	 164 	 200 	 1654 	 28
1787310644348 	 169 	 200 	 1655 	 27
1787310644345 	 174 	 200 	 1656 	 26
1787310644232 	 306 	 200 	 1657 	 25
1787310644346 	 197 	 200 	 1658 	 24
1787310644349 	 197 	 200 	 1659 	 23
1787310644395 	 153 	 200 	 1660 	 22
1787310644346 	 204 	 200 	 1661 	 21
1787310644073 	 491 	 200 	 1662 	 20
1787310644519 	 118 	 200 	 1663 	 23
1787310644351 	 287 	 200 	 1664 	 22
1787310644540 	 98 	 200 	 1665 	 21
1787310644525 	 115 	 200 	 1666 	 20
1787310644236 	 403 	 200 	 1667 	 19
1787310644447 	 222 	 200 	 1668 	 21
1787310644545 	 130 	 200 	 1669 	 20
1787310644551 	 132 	 200 	 1670 	 20
1787310644352 	 332 	 200 	 1671 	 19
1787310644494 	 198 	 200 	 1672 	 20
1787310644496 	 200 	 200 	 1673 	 20
1787310644518 	 199 	 200 	 1674 	 21
1787310644642 	 102 	 200 	 1675 	 22
1787310644643 	 103 	 200 	 1676 	 22
1787310644641 	 104 	 200 	 1677 	 21
1787310644549 	 198 	 200 	 1678 	 20
1787310644677 	 105 	 200 	 1679 	 22
1787310644685 	 97 	 200 	 1680 	 21
1787310644745 	 80 	 200 	 1681 	 20
1787310644640 	 198 	 200 	 1682 	 19
1787310644749 	 92 	 200 	 1683 	 19
1787310644694 	 152 	 200 	 1684 	 18
1787310644719 	 126 	 200 	 1685 	 17
1787310644748 	 146 	 200 	 1686 	 19
1787310644567 	 329 	 200 	 1687 	 18
1787310644639 	 253 	 200 	 1688 	 18
1787310644784 	 109 	 200 	 1689 	 17
1787310644697 	 203 	 200 	 1690 	 16
1787310644747 	 153 	 200 	 1691 	 15
1787310644547 	 354 	 200 	 1691 	 14
1787310644784 	 117 	 200 	 1691 	 13
1787310644843 	 102 	 200 	 1694 	 15
1787310644826 	 121 	 200 	 1694 	 14
1787310644849 	 96 	 200 	 1694 	 13
1787310644847 	 100 	 200 	 1694 	 12
1787310644895 	 100 	 200 	 1697 	 14
1787310644908 	 86 	 200 	 1697 	 13
1787310644899 	 97 	 200 	 1697 	 12
1787310644897 	 140 	 200 	 1697 	 11
1787310644839 	 198 	 200 	 1697 	 10
1787310644685 	 385 	 200 	 1699 	 11
1787310644964 	 163 	 200 	 1704 	 15
1787310644958 	 170 	 200 	 1704 	 14
1787310644672 	 459 	 200 	 1704 	 13
1787310644981 	 190 	 200 	 1704 	 12
1787310644926 	 245 	 200 	 1704 	 11
1787310644899 	 329 	 200 	 1707 	 13
1787310644931 	 298 	 200 	 1707 	 12
1787310645114 	 120 	 200 	 1708 	 12
1787310645040 	 227 	 200 	 1710 	 13
1787310645096 	 173 	 200 	 1711 	 13
1787310645198 	 80 	 200 	 1711 	 12
1787310645253 	 26 	 200 	 1711 	 11
1787310645053 	 263 	 200 	 1713 	 12
1787310645175 	 143 	 200 	 1713 	 11
1787310645124 	 194 	 200 	 1713 	 10
1787310645221 	 101 	 200 	 1713 	 9
1787310645233 	 93 	 200 	 1714 	 9
1787310645283 	 48 	 200 	 1715 	 9
1787310645298 	 35 	 200 	 1715 	 8
1787310644901 	 433 	 200 	 1715 	 7
1787310645266 	 69 	 200 	 1715 	 6
1787310645077 	 294 	 200 	 1717 	 7
1787310645344 	 28 	 200 	 1717 	 6
1787310645327 	 49 	 200 	 1717 	 5
1787310645345 	 34 	 200 	 1717 	 4
1787310645114 	 352 	 200 	 1725 	 11
1787310645392 	 77 	 200 	 1725 	 10
1787310645418 	 54 	 200 	 1725 	 9
1787310645400 	 73 	 200 	 1725 	 8
1787310645325 	 147 	 200 	 1725 	 7
1787310645398 	 118 	 200 	 1727 	 8
1787310645448 	 76 	 200 	 1727 	 7
1787310645485 	 41 	 200 	 1727 	 6
1787310645269 	 298 	 200 	 1733 	 11
1787310645549 	 24 	 200 	 1733 	 10
1787310645583 	 39 	 200 	 1737 	 13
1787310645426 	 197 	 200 	 1737 	 12
1787310645392 	 238 	 200 	 1738 	 12
1787310645544 	 180 	 200 	 1742 	 17
1787310645622 	 105 	 200 	 1743 	 17
1787310645537 	 228 	 200 	 1744 	 19
1787310645635 	 132 	 200 	 1745 	 18
1787310645566 	 212 	 200 	 1746 	 17
1787310645585 	 234 	 200 	 1747 	 20
1787310645537 	 287 	 200 	 1748 	 19
1787310643630 	 2240 	 200 	 1749 	 21
1787310645539 	 381 	 200 	 1750 	 24
1787310645628 	 297 	 200 	 1751 	 23
1787310645692 	 277 	 200 	 1752 	 24
1787310645769 	 204 	 200 	 1753 	 23
1787310645577 	 439 	 200 	 1754 	 23
1787310645676 	 345 	 200 	 1755 	 22
1787310645657 	 412 	 200 	 1756 	 22
1787310645767 	 355 	 200 	 1757 	 26
1787310645780 	 343 	 200 	 1758 	 25
1787310645728 	 399 	 200 	 1759 	 24
1787310645873 	 299 	 200 	 1760 	 29
1787310645821 	 405 	 200 	 1761 	 30
1787310645970 	 297 	 200 	 1762 	 33
1787310645725 	 590 	 200 	 1763 	 37
1787310645974 	 341 	 200 	 1764 	 36
1787310645922 	 403 	 200 	 1765 	 35
1787310646130 	 205 	 200 	 1766 	 36
1787310645825 	 567 	 200 	 1767 	 38
1787310646174 	 219 	 200 	 1768 	 37
1787310646270 	 146 	 200 	 1769 	 38
1787310646127 	 297 	 200 	 1770 	 37
1787310646317 	 110 	 200 	 1771 	 36
1787310646337 	 91 	 200 	 1772 	 35
1787310646125 	 344 	 200 	 1773 	 35
1787310646319 	 148 	 200 	 1774 	 34
1787310646017 	 459 	 200 	 1775 	 33
1787310646394 	 125 	 200 	 1776 	 35
1787310646228 	 294 	 200 	 1777 	 34
1787310645927 	 601 	 200 	 1778 	 33
1787310646022 	 509 	 200 	 1779 	 32
1787310646426 	 106 	 200 	 1780 	 31
1787310646429 	 138 	 200 	 1781 	 32
1787310646470 	 99 	 200 	 1782 	 31
1787310645517 	 1078 	 200 	 1783 	 31
1787310646418 	 181 	 200 	 1784 	 30
1787310646070 	 551 	 200 	 1785 	 32
1787310646524 	 119 	 200 	 1786 	 32
1787310645390 	 1256 	 200 	 1787 	 31
1787310646327 	 317 	 200 	 1788 	 30
1787310646477 	 215 	 200 	 1789 	 30
1787310646534 	 161 	 200 	 1790 	 30
1787310646431 	 264 	 200 	 1791 	 29
1787310646624 	 70 	 200 	 1792 	 28
1787310646571 	 127 	 200 	 1793 	 27
1787310646394 	 304 	 200 	 1794 	 26
1787310646473 	 225 	 200 	 1795 	 25
1787310646597 	 101 	 200 	 1796 	 24
1787310646520 	 183 	 200 	 1797 	 23
1787310646530 	 168 	 200 	 1798 	 22
1787310646568 	 137 	 200 	 1799 	 21
1787310646533 	 172 	 200 	 1800 	 20
1787310646601 	 97 	 200 	 1801 	 19
1787310646647 	 96 	 200 	 1802 	 20
1787310646696 	 99 	 200 	 1803 	 21
1787310646645 	 151 	 200 	 1804 	 20
1787310646701 	 98 	 200 	 1805 	 19
1787310646647 	 155 	 200 	 1806 	 18
1787310646702 	 191 	 200 	 1807 	 19
1787310646745 	 151 	 200 	 1808 	 18
1787310646698 	 201 	 200 	 1809 	 17
1787310646694 	 200 	 200 	 1810 	 16
1787310646701 	 202 	 200 	 1811 	 15
1787310646704 	 203 	 200 	 1811 	 14
1787310646706 	 200 	 200 	 1811 	 14
1787310646703 	 206 	 200 	 1812 	 13
1787310646708 	 285 	 200 	 1814 	 14
1787310646709 	 285 	 200 	 1814 	 13
1787310646800 	 195 	 200 	 1814 	 12
1787310646797 	 198 	 200 	 1814 	 11
1787310646707 	 290 	 200 	 1814 	 10
1787310646705 	 293 	 200 	 1814 	 9
1787310646803 	 197 	 200 	 1814 	 8
1787310646913 	 130 	 200 	 1816 	 9
1787310646905 	 140 	 200 	 1816 	 8
1787310646897 	 149 	 200 	 1816 	 7
1787310646910 	 135 	 200 	 1816 	 6
1787310646955 	 100 	 200 	 1816 	 5
1787310646797 	 296 	 200 	 1820 	 8
1787310646901 	 198 	 200 	 1820 	 7
1787310646895 	 206 	 200 	 1820 	 6
1787310647004 	 113 	 200 	 1820 	 5
1787310647043 	 75 	 200 	 1820 	 4
1787310647089 	 38 	 200 	 1820 	 3
1787310647077 	 65 	 200 	 1820 	 2
1787310647150 	 44 	 200 	 1822 	 3
1787310647074 	 119 	 200 	 1822 	 2
1787310647087 	 107 	 200 	 1822 	 1
1787310647155 	 50 	 200 	 1822 	 0
1787310647223 	 13 	 200 	 1824 	 1
1787310647234 	 13 	 200 	 1825 	 1
1787310647245 	 15 	 200 	 1825 	 0
1787310647286 	 14 	 200 	 1826 	 0
1787310647315 	 19 	 200 	 1831 	 4
1787310647324 	 14 	 200 	 1831 	 3
1787310647328 	 22 	 200 	 1834 	 5
1787310647329 	 23 	 200 	 1834 	 4
1787310647332 	 35 	 200 	 1834 	 3
1787310647341 	 30 	 200 	 1835 	 3
1787310647346 	 70 	 200 	 1837 	 4
1787310647405 	 18 	 200 	 1837 	 3
1787310647369 	 55 	 200 	 1837 	 2
1787310647426 	 14 	 200 	 1839 	 3
1787310647429 	 12 	 200 	 1839 	 2
1787310647458 	 59 	 200 	 1841 	 3
1787310647392 	 129 	 200 	 1842 	 3
1787310647492 	 31 	 200 	 1842 	 2
1787310647519 	 15 	 200 	 1844 	 3
1787310647529 	 18 	 200 	 1845 	 3
1787310647531 	 16 	 200 	 1845 	 2
1787310647547 	 15 	 200 	 1848 	 5
1787310647553 	 69 	 200 	 1852 	 7
1787310647559 	 66 	 200 	 1852 	 6
1787310647567 	 60 	 200 	 1852 	 5
1787310647563 	 66 	 200 	 1852 	 4
1787310647571 	 60 	 200 	 1852 	 3
1787310647550 	 220 	 200 	 1864 	 14
1787310647679 	 137 	 200 	 1866 	 16
1787310647724 	 112 	 200 	 1867 	 17
1787310647644 	 195 	 200 	 1868 	 17
1787310647663 	 204 	 200 	 1869 	 19
1787310647697 	 170 	 200 	 1870 	 18
1787310647698 	 224 	 200 	 1871 	 22
1787310647758 	 172 	 200 	 1872 	 22
1787310647817 	 122 	 200 	 1873 	 22
1787310647781 	 237 	 200 	 1874 	 27
1787310647713 	 323 	 200 	 1875 	 28
1787310647663 	 463 	 200 	 1876 	 39
1787310647868 	 263 	 200 	 1877 	 39
1787310647923 	 220 	 200 	 1878 	 38
1787310647868 	 302 	 200 	 1879 	 39
1787310647776 	 442 	 200 	 1880 	 43
1787310647931 	 289 	 200 	 1881 	 42
1787310648020 	 201 	 200 	 1882 	 41
1787310647705 	 516 	 200 	 1883 	 40
1787310647592 	 639 	 200 	 1884 	 39
1787310647840 	 386 	 200 	 1885 	 38
1787310647700 	 539 	 200 	 1886 	 38
1787310647940 	 355 	 200 	 1887 	 40
1787310648145 	 193 	 200 	 1888 	 43
1787310647838 	 502 	 200 	 1889 	 42
1787310647639 	 706 	 200 	 1890 	 41
1787310648171 	 247 	 200 	 1891 	 41
1787310648133 	 284 	 200 	 1892 	 40
1787310648298 	 123 	 200 	 1893 	 39
1787310648037 	 407 	 200 	 1894 	 40
1787310648229 	 237 	 200 	 1895 	 39
1787310648219 	 249 	 200 	 1896 	 38
1787310648343 	 172 	 200 	 1897 	 41
1787310648240 	 276 	 200 	 1898 	 40
1787310648129 	 394 	 200 	 1899 	 40
1787310648237 	 299 	 200 	 1900 	 39
1787310648420 	 123 	 200 	 1901 	 38
1787310648469 	 97 	 200 	 1902 	 37
1787310648233 	 383 	 200 	 1903 	 39
1787310648235 	 401 	 200 	 1904 	 38
1787310648341 	 324 	 200 	 1905 	 37
1787310648567 	 100 	 200 	 1906 	 36
1787310648420 	 246 	 200 	 1907 	 35
1787310648545 	 123 	 200 	 1908 	 34
1787310648224 	 444 	 200 	 1909 	 33
1787310648468 	 249 	 200 	 1910 	 35
1787310648525 	 197 	 200 	 1911 	 34
1787310648447 	 274 	 200 	 1912 	 33
1787310648422 	 305 	 200 	 1913 	 32
1787310648346 	 381 	 200 	 1914 	 31
1787310648670 	 79 	 200 	 1915 	 30
1787310648518 	 276 	 200 	 1916 	 33
1787310648518 	 298 	 200 	 1917 	 33
1787310648667 	 157 	 200 	 1918 	 33
1787310648617 	 302 	 200 	 1919 	 43
1787310648669 	 255 	 200 	 1920 	 43
1787310648736 	 230 	 200 	 1921 	 46
1787310648719 	 299 	 200 	 1922 	 46
1787310648750 	 270 	 200 	 1923 	 45
1787310648825 	 201 	 200 	 1924 	 46
1787310648969 	 62 	 200 	 1925 	 45
1787310648670 	 366 	 200 	 1926 	 44
1787310648795 	 243 	 200 	 1927 	 43
1787310648670 	 368 	 200 	 1928 	 42
1787310648637 	 402 	 200 	 1929 	 41
1787310648538 	 505 	 200 	 1930 	 40
1787310648732 	 383 	 200 	 1931 	 44
1787310648818 	 299 	 200 	 1932 	 44
1787310648928 	 214 	 200 	 1933 	 46
1787310648725 	 419 	 200 	 1934 	 45
1787310648921 	 309 	 200 	 1935 	 53
1787310649118 	 149 	 200 	 1936 	 54
1787310649020 	 300 	 200 	 1937 	 58
1787310649146 	 179 	 200 	 1938 	 57
1787310649033 	 296 	 200 	 1939 	 58
1787310649045 	 290 	 200 	 1940 	 57
1787310649029 	 308 	 200 	 1941 	 56
1787310649148 	 245 	 200 	 1942 	 59
1787310649040 	 376 	 200 	 1943 	 59
1787310649021 	 399 	 200 	 1944 	 58
1787310649331 	 90 	 200 	 1945 	 57
1787310648724 	 709 	 200 	 1946 	 57
1787310649045 	 399 	 200 	 1947 	 56
1787310649268 	 227 	 200 	 1948 	 58
1787310649042 	 476 	 200 	 1949 	 58
1787310649421 	 98 	 200 	 1950 	 57
1787310649232 	 302 	 200 	 1951 	 56
1787310649342 	 197 	 200 	 1952 	 55
1787310649423 	 120 	 200 	 1953 	 54
1787310649322 	 275 	 200 	 1954 	 55
1787310649039 	 555 	 200 	 1955 	 54
1787310649440 	 205 	 200 	 1956 	 56
1787310649118 	 528 	 200 	 1957 	 56
1787310649446 	 203 	 200 	 1958 	 56
1787310649521 	 174 	 200 	 1959 	 58
1787310649418 	 277 	 200 	 1960 	 57
1787310649497 	 224 	 200 	 1961 	 57
1787310649520 	 202 	 200 	 1962 	 56
1787310649653 	 90 	 200 	 1963 	 57
1787310649647 	 97 	 200 	 1964 	 56
1787310649547 	 246 	 200 	 1965 	 56
1787310649542 	 272 	 200 	 1966 	 57
1787310649651 	 185 	 200 	 1967 	 56
1787310649327 	 511 	 200 	 1968 	 55
1787310649744 	 149 	 200 	 1969 	 59
1787310649536 	 356 	 200 	 1970 	 58
1787310649394 	 500 	 200 	 1971 	 57
1787310649722 	 195 	 200 	 1972 	 57
1787310649599 	 319 	 200 	 1973 	 56
1787310649724 	 203 	 200 	 1974 	 55
1787310649339 	 604 	 200 	 1975 	 55
1787310649897 	 51 	 200 	 1976 	 54
1787310649818 	 129 	 200 	 1977 	 53
1787310649697 	 297 	 200 	 1978 	 55
1787310649895 	 125 	 200 	 1979 	 57
1787310649919 	 115 	 200 	 1980 	 57
1787310649950 	 84 	 200 	 1981 	 56
1787310649603 	 434 	 200 	 1982 	 55
1787310649795 	 298 	 200 	 1983 	 57
1787310649921 	 173 	 200 	 1984 	 56
1787310649748 	 373 	 200 	 1985 	 57
1787310650035 	 88 	 200 	 1986 	 56
1787310649996 	 129 	 200 	 1987 	 55
1787310649697 	 440 	 200 	 1988 	 55
1787310649895 	 251 	 200 	 1989 	 54
1787310650040 	 107 	 200 	 1990 	 53
1787310650094 	 107 	 200 	 1991 	 54
1787310650123 	 122 	 200 	 1992 	 55
1787310650096 	 151 	 200 	 1993 	 54
1787310647349 	 2898 	 200 	 1994 	 53
1787310649950 	 300 	 200 	 1995 	 52
1787310650139 	 198 	 200 	 1996 	 54
1787310650126 	 240 	 200 	 1997 	 53
1787310650203 	 213 	 200 	 1998 	 52
1787310650248 	 170 	 200 	 1999 	 51
1787310649838 	 585 	 200 	 2000 	 51
1787310649929 	 492 	 200 	 2001 	 50
1787310649841 	 590 	 200 	 2002 	 49
1787310650151 	 297 	 200 	 2003 	 51
1787310650254 	 239 	 200 	 2004 	 52
1787310650252 	 243 	 200 	 2005 	 51
1787310650149 	 346 	 200 	 2006 	 50
1787310649946 	 594 	 200 	 2007 	 53
1787310650252 	 287 	 200 	 2008 	 52
1787310650022 	 522 	 200 	 2009 	 51
1787310650368 	 226 	 200 	 2010 	 55
1787310650497 	 98 	 200 	 2011 	 54
1787310650340 	 256 	 200 	 2012 	 53
1787310650039 	 588 	 200 	 2013 	 52
1787310650547 	 108 	 200 	 2014 	 53
1787310650598 	 120 	 200 	 2015 	 55
1787310650595 	 123 	 200 	 2016 	 54
1787310650433 	 297 	 200 	 2017 	 54
1787310650657 	 78 	 200 	 2018 	 53
1787310650429 	 309 	 200 	 2019 	 52
1787310650125 	 668 	 200 	 2020 	 56
1787310650495 	 323 	 200 	 2021 	 59
1787310650450 	 368 	 200 	 2022 	 58
1787310650426 	 393 	 200 	 2023 	 57
1787310650628 	 189 	 200 	 2024 	 56
1787310650543 	 282 	 200 	 2025 	 56
1787310650733 	 159 	 200 	 2026 	 58
1787310650418 	 475 	 200 	 2027 	 57
1787310650597 	 296 	 200 	 2028 	 56
1787310650420 	 475 	 200 	 2029 	 56
1787310650549 	 348 	 200 	 2030 	 55
1787310650895 	 33 	 200 	 2031 	 56
1787310650819 	 110 	 200 	 2032 	 55
1787310650497 	 447 	 200 	 2033 	 54
1787310650720 	 224 	 200 	 2034 	 53
1787310650737 	 205 	 200 	 2035 	 52
1787310650828 	 116 	 200 	 2036 	 51
1787310650899 	 46 	 200 	 2037 	 50
1787310650820 	 124 	 200 	 2038 	 49
1787310650824 	 125 	 200 	 2039 	 48
1787310650794 	 157 	 200 	 2040 	 47
1787310650719 	 236 	 200 	 2041 	 46
1787310650741 	 213 	 200 	 2042 	 45
1787310650895 	 98 	 200 	 2043 	 46
1787310650822 	 174 	 200 	 2044 	 45
1787310650896 	 99 	 200 	 2045 	 44
1787310650929 	 163 	 200 	 2046 	 49
1787310650946 	 145 	 200 	 2047 	 48
1787310650932 	 163 	 200 	 2048 	 47
1787310650948 	 150 	 200 	 2049 	 46
1787310650898 	 200 	 200 	 2050 	 45
1787310650952 	 145 	 200 	 2051 	 45
1787310650946 	 242 	 200 	 2052 	 49
1787310650956 	 237 	 200 	 2053 	 48
1787310650947 	 248 	 200 	 2054 	 47
1787310650949 	 246 	 200 	 2055 	 46
1787310651196 	 35 	 200 	 2056 	 47
1787310650952 	 292 	 200 	 2057 	 48
1787310650996 	 286 	 200 	 2058 	 49
1787310651094 	 199 	 200 	 2059 	 48
1787310651099 	 195 	 200 	 2060 	 49
1787310651095 	 199 	 200 	 2061 	 48
1787310651099 	 194 	 200 	 2062 	 47
1787310651097 	 201 	 200 	 2063 	 46
1787310651198 	 141 	 200 	 2064 	 48
1787310651233 	 112 	 200 	 2065 	 48
1787310651195 	 150 	 200 	 2066 	 47
1787310651197 	 151 	 200 	 2067 	 46
1787310650955 	 391 	 200 	 2068 	 45
1787310650998 	 354 	 200 	 2069 	 44
1787310651101 	 250 	 200 	 2070 	 43
1787310650953 	 440 	 200 	 2071 	 48
1787310651248 	 148 	 200 	 2072 	 47
1787310650999 	 401 	 200 	 2073 	 46
1787310651296 	 149 	 200 	 2074 	 47
1787310651283 	 165 	 200 	 2075 	 46
1787310651299 	 194 	 200 	 2076 	 48
1787310651341 	 156 	 200 	 2077 	 47
1787310651298 	 246 	 200 	 2078 	 48
1787310651293 	 253 	 200 	 2079 	 47
1787310651395 	 199 	 200 	 2080 	 52
1787310651349 	 299 	 200 	 2081 	 56
1787310651447 	 277 	 200 	 2082 	 57
1787310651398 	 333 	 200 	 2083 	 57
1787310651401 	 334 	 200 	 2084 	 56
1787310651450 	 417 	 200 	 2085 	 66
1787310651498 	 375 	 200 	 2086 	 66
1787310651545 	 373 	 200 	 2087 	 68
1787310651296 	 627 	 200 	 2088 	 67
1787310651596 	 341 	 200 	 2089 	 66
1787310651548 	 478 	 200 	 2090 	 72
1787310651738 	 383 	 200 	 2091 	 78
1787310651924 	 202 	 200 	 2092 	 77
1787310651920 	 210 	 200 	 2093 	 76
1787310651939 	 196 	 200 	 2094 	 75
1787310651353 	 784 	 200 	 2095 	 74
1787310651727 	 413 	 200 	 2096 	 73
1787310651495 	 646 	 200 	 2097 	 72
1787310651354 	 786 	 200 	 2098 	 71
1787310651650 	 545 	 200 	 2099 	 72
1787310651734 	 463 	 200 	 2100 	 71
1787310651348 	 851 	 200 	 2101 	 70
1787310651870 	 333 	 200 	 2102 	 69
1787310652028 	 264 	 200 	 2103 	 76
1787310651874 	 421 	 200 	 2104 	 75
1787310652133 	 191 	 200 	 2105 	 76
1787310652143 	 183 	 200 	 2106 	 75
1787310652137 	 280 	 200 	 2107 	 78
1787310652297 	 121 	 200 	 2108 	 77
1787310652129 	 289 	 200 	 2109 	 76
1787310652147 	 275 	 200 	 2110 	 75
1787310652198 	 225 	 200 	 2111 	 74
1787310652145 	 276 	 200 	 2112 	 73
1787310652326 	 112 	 200 	 2113 	 72
1787310652205 	 234 	 200 	 2114 	 71
1787310652329 	 166 	 200 	 2115 	 73
1787310652200 	 318 	 200 	 2116 	 72
1787310651352 	 1170 	 200 	 2117 	 71
1787310652124 	 405 	 200 	 2118 	 70
1787310652444 	 173 	 200 	 2119 	 75
1787310652432 	 185 	 200 	 2120 	 74
1787310652420 	 201 	 200 	 2121 	 73
1787310652421 	 199 	 200 	 2122 	 72
1787310652428 	 195 	 200 	 2123 	 71
1787310652441 	 190 	 200 	 2124 	 70
1787310652294 	 342 	 200 	 2125 	 69
1787310652150 	 494 	 200 	 2126 	 68
1787310652419 	 272 	 200 	 2127 	 72
1787310652425 	 269 	 200 	 2128 	 71
1787310652519 	 176 	 200 	 2129 	 70
1787310652497 	 206 	 200 	 2130 	 69
1787310652201 	 541 	 200 	 2131 	 68
1787310652531 	 212 	 200 	 2132 	 67
1787310652625 	 121 	 200 	 2133 	 66
1787310652619 	 171 	 200 	 2134 	 68
1787310652695 	 100 	 200 	 2135 	 67
1787310652623 	 173 	 200 	 2136 	 66
1787310652633 	 162 	 200 	 2137 	 65
1787310652639 	 159 	 200 	 2138 	 64
1787310652646 	 153 	 200 	 2139 	 63
1787310652698 	 195 	 200 	 2140 	 68
1787310652746 	 148 	 200 	 2141 	 67
1787310652697 	 200 	 200 	 2142 	 67
1787310652522 	 399 	 200 	 2143 	 69
1787310652746 	 221 	 200 	 2144 	 70
1787310652620 	 397 	 200 	 2145 	 79
1787310652628 	 388 	 200 	 2146 	 78
1787310652796 	 238 	 200 	 2147 	 80
1787310652798 	 268 	 200 	 2148 	 84
1787310652798 	 267 	 200 	 2149 	 83
1787310652705 	 413 	 200 	 2150 	 86
1787310652795 	 328 	 200 	 2151 	 85
1787310652803 	 325 	 200 	 2152 	 84
1787310652801 	 331 	 200 	 2153 	 83
1787310652969 	 171 	 200 	 2154 	 82
1787310652895 	 249 	 200 	 2155 	 81
1787310652898 	 268 	 200 	 2156 	 81
1787310653019 	 174 	 200 	 2157 	 80
1787310653036 	 160 	 200 	 2158 	 79
1787310652748 	 475 	 200 	 2159 	 81
1787310653069 	 157 	 200 	 2160 	 80
1787310652895 	 332 	 200 	 2161 	 79
1787310653124 	 104 	 200 	 2162 	 78
1787310653130 	 112 	 200 	 2163 	 80
1787310653198 	 95 	 200 	 2164 	 87
1787310653120 	 173 	 200 	 2165 	 86
1787310653224 	 92 	 200 	 2166 	 87
1787310653227 	 91 	 200 	 2167 	 86
1787310652923 	 413 	 200 	 2168 	 88
1787310653295 	 130 	 200 	 2169 	 92
1787310653133 	 333 	 200 	 2170 	 93
1787310653142 	 327 	 200 	 2171 	 92
1787310653167 	 304 	 200 	 2172 	 91
1787310653069 	 403 	 200 	 2173 	 90
1787310653194 	 326 	 200 	 2174 	 90
1787310653019 	 508 	 200 	 2175 	 89
1787310653230 	 297 	 200 	 2176 	 88
1787310653229 	 301 	 200 	 2177 	 87
1787310653319 	 215 	 200 	 2178 	 86
1787310653474 	 65 	 200 	 2179 	 87
1787310653245 	 325 	 200 	 2180 	 87
1787310653318 	 253 	 200 	 2181 	 86
1787310653145 	 472 	 200 	 2182 	 88
1787310653477 	 144 	 200 	 2183 	 87
1787310653468 	 153 	 200 	 2184 	 86
1787310653426 	 195 	 200 	 2185 	 85
1787310653521 	 107 	 200 	 2186 	 84
1787310653529 	 110 	 200 	 2187 	 83
1787310653338 	 301 	 200 	 2188 	 82
1787310653475 	 217 	 200 	 2189 	 82
1787310653540 	 155 	 200 	 2190 	 81
1787310653530 	 168 	 200 	 2191 	 80
1787310653531 	 168 	 200 	 2192 	 79
1787310653294 	 404 	 200 	 2193 	 79
1787310653571 	 128 	 200 	 2194 	 78
1787310653697 	 46 	 200 	 2195 	 80
1787310653572 	 172 	 200 	 2196 	 79
1787310653620 	 126 	 200 	 2197 	 79
1787310653624 	 169 	 200 	 2198 	 83
1787310653622 	 172 	 200 	 2199 	 82
1787310653701 	 129 	 200 	 2200 	 84
1787310653535 	 299 	 200 	 2201 	 83
1787310653694 	 171 	 200 	 2202 	 84
1787310653702 	 217 	 200 	 2203 	 85
1787310653701 	 218 	 200 	 2204 	 84
1787310653641 	 330 	 200 	 2205 	 87
1787310653623 	 354 	 200 	 2206 	 86
1787310653699 	 276 	 200 	 2207 	 85
1787310653630 	 344 	 200 	 2208 	 84
1787310653795 	 179 	 200 	 2209 	 83
1787310653747 	 226 	 200 	 2210 	 82
1787310653644 	 377 	 200 	 2211 	 84
1787310653745 	 286 	 200 	 2212 	 84
1787310653921 	 145 	 200 	 2213 	 86
1787310653975 	 94 	 200 	 2214 	 85
1787310654033 	 43 	 200 	 2215 	 84
1787310653835 	 289 	 200 	 2216 	 86
1787310653867 	 265 	 200 	 2217 	 85
1787310653983 	 152 	 200 	 2218 	 84
1787310653985 	 160 	 200 	 2219 	 83
1787310653794 	 398 	 200 	 2220 	 84
1787310653980 	 215 	 200 	 2221 	 83
1787310653985 	 233 	 200 	 2222 	 84
1787310654023 	 218 	 200 	 2223 	 83
1787310653981 	 262 	 200 	 2224 	 82
1787310654126 	 117 	 200 	 2225 	 82
1787310654134 	 185 	 200 	 2226 	 85
1787310653744 	 577 	 200 	 2227 	 84
1787310653832 	 494 	 200 	 2228 	 83
1787310653926 	 394 	 200 	 2229 	 82
1787310654137 	 191 	 200 	 2230 	 81
1787310654195 	 125 	 200 	 2231 	 80
1787310654147 	 187 	 200 	 2232 	 79
1787310654070 	 326 	 200 	 2233 	 83
1787310654197 	 222 	 200 	 2234 	 84
1787310654074 	 346 	 200 	 2235 	 83
1787310654079 	 367 	 200 	 2236 	 84
1787310654219 	 227 	 200 	 2237 	 83
1787310654247 	 207 	 200 	 2238 	 82
1787310654340 	 181 	 200 	 2239 	 84
1787310654333 	 190 	 200 	 2240 	 83
1787310654328 	 207 	 200 	 2241 	 83
1787310654398 	 146 	 200 	 2242 	 82
1787310654250 	 295 	 200 	 2243 	 81
1787310654325 	 221 	 200 	 2244 	 80
1787310654245 	 367 	 200 	 2245 	 84
1787310654422 	 198 	 200 	 2246 	 84
1787310654452 	 169 	 200 	 2247 	 83
1787310654420 	 246 	 200 	 2248 	 86
1787310654338 	 333 	 200 	 2249 	 85
1787310654456 	 261 	 200 	 2250 	 90
1787310654548 	 171 	 200 	 2251 	 89
1787310654330 	 390 	 200 	 2252 	 88
1787310654448 	 281 	 200 	 2253 	 88
1787310654522 	 214 	 200 	 2254 	 87
1787310654322 	 444 	 200 	 2255 	 86
1787310654545 	 223 	 200 	 2256 	 85
1787310654623 	 170 	 200 	 2257 	 86
1787310654547 	 271 	 200 	 2258 	 86
1787310654672 	 149 	 200 	 2259 	 86
1787310654617 	 218 	 200 	 2260 	 87
1787310654768 	 73 	 200 	 2261 	 87
1787310654525 	 344 	 200 	 2262 	 89
1787310651350 	 3542 	 200 	 2263 	 90
1787310654733 	 160 	 200 	 2264 	 89
1787310654770 	 146 	 200 	 2265 	 89
1787310654668 	 252 	 200 	 2266 	 88
1787310654794 	 125 	 200 	 2267 	 87
1787310654622 	 305 	 200 	 2268 	 88
1787310654721 	 209 	 200 	 2269 	 87
1787310654738 	 254 	 200 	 2270 	 90
1787310654820 	 176 	 200 	 2271 	 89
1787310654544 	 452 	 200 	 2272 	 88
1787310654719 	 279 	 200 	 2273 	 87
1787310654894 	 122 	 200 	 2274 	 86
1787310654870 	 167 	 200 	 2275 	 85
1787310654921 	 123 	 200 	 2276 	 84
1787310654822 	 226 	 200 	 2277 	 84
1787310654895 	 198 	 200 	 2278 	 87
1787310654843 	 251 	 200 	 2279 	 86
1787310654837 	 278 	 200 	 2280 	 85
1787310654922 	 198 	 200 	 2281 	 85
1787310654931 	 191 	 200 	 2282 	 84
1787310654917 	 208 	 200 	 2283 	 84
1787310654994 	 138 	 200 	 2284 	 84
1787310655017 	 122 	 200 	 2285 	 84
1787310654723 	 417 	 200 	 2286 	 83
1787310654999 	 200 	 200 	 2287 	 89
1787310654998 	 245 	 200 	 2288 	 91
1787310654935 	 308 	 200 	 2289 	 90
1787310655000 	 293 	 200 	 2290 	 92
1787310655140 	 155 	 200 	 2291 	 91
1787310655046 	 249 	 200 	 2292 	 90
1787310655096 	 205 	 200 	 2293 	 89
1787310655050 	 244 	 200 	 2294 	 88
1787310655095 	 202 	 200 	 2295 	 87
1787310655145 	 166 	 200 	 2296 	 86
1787310655039 	 258 	 200 	 2297 	 85
1787310655117 	 200 	 200 	 2298 	 88
1787310655122 	 197 	 200 	 2299 	 87
1787310655200 	 196 	 200 	 2300 	 91
1787310655127 	 271 	 200 	 2301 	 90
1787310655124 	 275 	 200 	 2302 	 89
1787310655134 	 265 	 200 	 2303 	 88
1787310655244 	 159 	 200 	 2304 	 88
1787310655294 	 202 	 200 	 2305 	 92
1787310655247 	 247 	 200 	 2306 	 91
1787310655303 	 194 	 200 	 2307 	 90
1787310655297 	 207 	 200 	 2308 	 89
1787310655307 	 274 	 200 	 2309 	 100
1787310655398 	 195 	 200 	 2310 	 101
1787310655299 	 299 	 200 	 2311 	 100
1787310655309 	 290 	 200 	 2312 	 99
1787310655313 	 289 	 200 	 2313 	 98
1787310655321 	 280 	 200 	 2314 	 97
1787310655321 	 277 	 200 	 2315 	 96
1787310655400 	 201 	 200 	 2316 	 95
1787310655314 	 287 	 200 	 2317 	 94
1787310655504 	 134 	 200 	 2318 	 96
1787310655403 	 241 	 200 	 2319 	 95
1787310655595 	 99 	 200 	 2320 	 94
1787310655583 	 112 	 200 	 2321 	 93
1787310655505 	 190 	 200 	 2322 	 92
1787310655497 	 201 	 200 	 2323 	 91
1787310655407 	 294 	 200 	 2324 	 90
1787310655599 	 101 	 200 	 2325 	 89
1787310655401 	 303 	 200 	 2326 	 88
1787310655697 	 85 	 200 	 2327 	 88
1787310655645 	 137 	 200 	 2328 	 87
1787310655644 	 149 	 200 	 2329 	 87
1787310655500 	 293 	 200 	 2330 	 86
1787310655605 	 212 	 200 	 2331 	 89
1787310655607 	 212 	 200 	 2332 	 89
1787310655704 	 140 	 200 	 2333 	 91
1787310655604 	 269 	 200 	 2334 	 91
1787310655818 	 103 	 200 	 2335 	 92
1787310655874 	 49 	 200 	 2336 	 92
1787310655601 	 333 	 200 	 2337 	 91
1787310655605 	 335 	 200 	 2338 	 91
1787310655699 	 327 	 200 	 2339 	 98
1787310655794 	 239 	 200 	 2340 	 99
1787310655705 	 363 	 200 	 2341 	 100
1787310655701 	 369 	 200 	 2342 	 99
1787310655783 	 332 	 200 	 2343 	 102
1787310655796 	 322 	 200 	 2344 	 101
1787310655925 	 195 	 200 	 2345 	 100
1787310655821 	 309 	 200 	 2346 	 100
1787310655942 	 191 	 200 	 2347 	 99
1787310655695 	 444 	 200 	 2348 	 98
1787310655922 	 213 	 200 	 2349 	 97
1787310656028 	 165 	 200 	 2350 	 100
1787310656071 	 146 	 200 	 2351 	 101
1787310655936 	 331 	 200 	 2352 	 100
1787310655703 	 567 	 200 	 2353 	 99
1787310656141 	 175 	 200 	 2354 	 101
1787310655845 	 474 	 200 	 2355 	 100
1787310656069 	 249 	 200 	 2356 	 99
1787310656122 	 202 	 200 	 2357 	 98
1787310656119 	 203 	 200 	 2358 	 97
1787310656035 	 297 	 200 	 2359 	 96
1787310656136 	 198 	 200 	 2360 	 97
1787310655784 	 611 	 200 	 2361 	 96
1787310656268 	 153 	 200 	 2362 	 95
1787310656195 	 252 	 200 	 2363 	 95
1787310656218 	 231 	 200 	 2364 	 94
1787310656271 	 177 	 200 	 2365 	 93
1787310656132 	 313 	 200 	 2366 	 93
1787310656144 	 302 	 200 	 2367 	 92
1787310656395 	 105 	 200 	 2368 	 94
1787310656118 	 419 	 200 	 2369 	 93
1787310656321 	 222 	 200 	 2370 	 92
1787310656451 	 94 	 200 	 2371 	 91
1787310656453 	 140 	 200 	 2372 	 92
1787310656330 	 285 	 200 	 2373 	 92
1787310656334 	 282 	 200 	 2374 	 91
1787310656323 	 313 	 200 	 2375 	 91
1787310656320 	 349 	 200 	 2376 	 93
1787310656457 	 264 	 200 	 2377 	 102
1787310656338 	 389 	 200 	 2378 	 101
1787310656325 	 440 	 200 	 2379 	 103
1787310656453 	 364 	 200 	 2380 	 103
1787310656637 	 186 	 200 	 2381 	 102
1787310656456 	 366 	 200 	 2382 	 101
1787310656502 	 329 	 200 	 2383 	 100
1787310656596 	 276 	 200 	 2384 	 102
1787310656618 	 301 	 200 	 2385 	 102
1787310656538 	 386 	 200 	 2386 	 101
1787310656545 	 383 	 200 	 2387 	 100
1787310656424 	 545 	 200 	 2388 	 101
1787310656547 	 477 	 200 	 2389 	 100
1787310656723 	 302 	 200 	 2390 	 99
1787310656769 	 260 	 200 	 2391 	 98
1787310656730 	 385 	 200 	 2392 	 102
1787310656671 	 446 	 200 	 2393 	 101
1787310656825 	 289 	 200 	 2394 	 100
1787310656834 	 294 	 200 	 2395 	 100
1787310656925 	 206 	 200 	 2396 	 99
1787310656929 	 210 	 200 	 2397 	 98
1787310656819 	 374 	 200 	 2398 	 100
1787310656873 	 324 	 200 	 2399 	 99
1787310656972 	 255 	 200 	 2400 	 102
1787310657029 	 209 	 200 	 2401 	 102
1787310656921 	 320 	 200 	 2402 	 101
1787310657119 	 198 	 200 	 2403 	 105
1787310657200 	 118 	 200 	 2404 	 104
1787310656620 	 702 	 200 	 2405 	 103
1787310657243 	 81 	 200 	 2406 	 102
1787310657025 	 395 	 200 	 2407 	 106
1787310656831 	 598 	 200 	 2408 	 106
1787310657320 	 114 	 200 	 2409 	 105
1787310657323 	 115 	 200 	 2410 	 104
1787310657319 	 150 	 200 	 2411 	 105
1787310657117 	 378 	 200 	 2412 	 108
1787310657326 	 191 	 200 	 2413 	 110
1787310657423 	 114 	 200 	 2414 	 111
1787310657240 	 301 	 200 	 2415 	 110
1787310657470 	 123 	 200 	 2416 	 114
1787310657431 	 162 	 200 	 2417 	 113
1787310657142 	 452 	 200 	 2418 	 112
1787310657440 	 183 	 200 	 2419 	 115
1787310657539 	 89 	 200 	 2420 	 114
1787310657497 	 136 	 200 	 2421 	 113
1787310657435 	 201 	 200 	 2422 	 112
1787310657626 	 66 	 200 	 2423 	 117
1787310657596 	 99 	 200 	 2424 	 116
1787310657027 	 695 	 200 	 2425 	 115
1787310657597 	 130 	 200 	 2426 	 114
1787310657119 	 610 	 200 	 2427 	 113
1787310657229 	 563 	 200 	 2428 	 118
1787310657596 	 220 	 200 	 2429 	 117
1787310657544 	 274 	 200 	 2430 	 116
1787310657639 	 182 	 200 	 2431 	 116
1787310657521 	 310 	 200 	 2432 	 116
1787310657696 	 149 	 200 	 2433 	 116
1787310657635 	 282 	 200 	 2434 	 121
1787310657694 	 225 	 200 	 2435 	 120
1787310657135 	 785 	 200 	 2436 	 119
1787310657733 	 210 	 200 	 2437 	 121
1787310657820 	 127 	 200 	 2438 	 120
1787310657730 	 263 	 200 	 2439 	 126
1787310657824 	 173 	 200 	 2440 	 125
1787310657832 	 204 	 200 	 2441 	 126
1787310657631 	 414 	 200 	 2442 	 125
1787310657818 	 228 	 200 	 2443 	 124
1787310657996 	 96 	 200 	 2444 	 123
1787310657999 	 94 	 200 	 2445 	 122
1787310657919 	 175 	 200 	 2446 	 121
1787310657948 	 147 	 200 	 2447 	 120
1787310657921 	 182 	 200 	 2448 	 119
1787310657197 	 910 	 200 	 2449 	 119
1787310657794 	 400 	 200 	 2450 	 127
1787310657945 	 249 	 200 	 2451 	 126
1787310658047 	 150 	 200 	 2452 	 125
1787310657846 	 350 	 200 	 2453 	 124
1787310657922 	 295 	 200 	 2454 	 124
1787310658040 	 202 	 200 	 2455 	 125
1787310657130 	 1136 	 200 	 2456 	 124
1787310657724 	 589 	 200 	 2457 	 125
1787310658102 	 220 	 200 	 2458 	 126
1787310658047 	 281 	 200 	 2459 	 125
1787310658105 	 263 	 200 	 2460 	 127
1787310658196 	 222 	 200 	 2461 	 126
1787310658195 	 228 	 200 	 2462 	 125
1787310658094 	 335 	 200 	 2463 	 125
1787310658099 	 329 	 200 	 2464 	 124
1787310658198 	 238 	 200 	 2465 	 123
1787310658438 	 55 	 200 	 2466 	 122
1787310658109 	 407 	 200 	 2467 	 121
1787310658200 	 367 	 200 	 2468 	 120
1787310658220 	 347 	 200 	 2469 	 119
1787310658317 	 299 	 200 	 2470 	 118
1787310658324 	 295 	 200 	 2471 	 117
1787310658331 	 289 	 200 	 2472 	 116
1787310658495 	 134 	 200 	 2473 	 115
1787310658269 	 362 	 200 	 2474 	 114
1787310658434 	 197 	 200 	 2475 	 113
1787310658370 	 296 	 200 	 2476 	 113
1787310658243 	 428 	 200 	 2477 	 112
1787310658434 	 276 	 200 	 2478 	 111
1787310658569 	 154 	 200 	 2479 	 110
1787310658420 	 345 	 200 	 2480 	 109
1787310658518 	 249 	 200 	 2481 	 108
1787310658632 	 196 	 200 	 2482 	 107
1787310658622 	 210 	 200 	 2483 	 106
1787310658667 	 170 	 200 	 2484 	 105
1787310658618 	 250 	 200 	 2485 	 104
1787310658569 	 301 	 200 	 2486 	 103
1787310658830 	 139 	 200 	 2487 	 102
1787310658834 	 185 	 200 	 2488 	 101
1787310658621 	 498 	 200 	 2489 	 101
1787310658630 	 490 	 200 	 2490 	 100
1787310658724 	 402 	 200 	 2491 	 99
1787310658839 	 384 	 200 	 2492 	 98
1787310658767 	 462 	 200 	 2493 	 97
1787310659124 	 142 	 200 	 2494 	 96
1787310658870 	 447 	 200 	 2495 	 95
1787310659021 	 296 	 200 	 2496 	 94
1787310658097 	 1229 	 200 	 2497 	 93
1787310658872 	 463 	 200 	 2498 	 92
1787310658673 	 702 	 200 	 2499 	 91
1787310658769 	 650 	 200 	 2500 	 90
1787310658633 	 794 	 200 	 2501 	 89
1787310659122 	 309 	 200 	 2502 	 88
1787310659268 	 252 	 200 	 2503 	 87
1787310658426 	 1087 	 200 	 2504 	 86
1787310659231 	 292 	 200 	 2505 	 85
1787310658718 	 811 	 200 	 2506 	 84
1787310659127 	 404 	 200 	 2507 	 83
1787310659329 	 202 	 200 	 2508 	 82
1787310659225 	 309 	 200 	 2509 	 81
1787310659319 	 218 	 200 	 2510 	 80
1787310659429 	 109 	 200 	 2511 	 79
1787310659521 	 51 	 200 	 2512 	 78
1787310655606 	 3990 	 200 	 2513 	 77
1787310659377 	 219 	 200 	 2514 	 76
1787310659420 	 218 	 200 	 2515 	 75
1787310659432 	 234 	 200 	 2516 	 74
1787310659530 	 141 	 200 	 2517 	 73
1787310659598 	 119 	 200 	 2518 	 72
1787310659573 	 147 	 200 	 2519 	 71
1787310659535 	 193 	 200 	 2520 	 70
1787310659549 	 183 	 200 	 2521 	 69
1787310659525 	 213 	 200 	 2522 	 68
1787310659546 	 193 	 200 	 2523 	 67
1787310659673 	 122 	 200 	 2524 	 66
1787310659598 	 197 	 200 	 2525 	 65
1787310659669 	 128 	 200 	 2526 	 64
1787310659319 	 476 	 200 	 2527 	 63
1787310659541 	 257 	 200 	 2528 	 62
1787310659639 	 157 	 200 	 2529 	 61
1787310659721 	 121 	 200 	 2530 	 60
1787310659800 	 43 	 200 	 2531 	 59
1787310659735 	 108 	 200 	 2532 	 58
1787310659718 	 176 	 200 	 2533 	 58
1787310659742 	 153 	 200 	 2534 	 57
1787310659739 	 157 	 200 	 2535 	 56
1787310659337 	 559 	 200 	 2536 	 55
1787310659801 	 97 	 200 	 2537 	 54
1787310659731 	 187 	 200 	 2538 	 53
1787310659798 	 134 	 200 	 2539 	 53
1787310659896 	 38 	 200 	 2540 	 52
1787310659845 	 98 	 200 	 2541 	 51
1787310659895 	 78 	 200 	 2542 	 51
1787310659845 	 149 	 200 	 2543 	 50
1787310659900 	 95 	 200 	 2544 	 49
1787310659803 	 214 	 200 	 2545 	 48
1787310659522 	 495 	 200 	 2546 	 47
1787310659799 	 228 	 200 	 2547 	 46
1787310659945 	 104 	 200 	 2548 	 45
1787310659544 	 551 	 200 	 2549 	 44
1787310659898 	 198 	 200 	 2550 	 43
1787310659846 	 270 	 200 	 2551 	 42
1787310659797 	 321 	 200 	 2552 	 41
1787310659900 	 219 	 200 	 2553 	 40
1787310659920 	 199 	 200 	 2554 	 39
1787310659935 	 186 	 200 	 2555 	 38
1787310659996 	 148 	 200 	 2556 	 37
1787310659975 	 243 	 200 	 2557 	 36
1787310660018 	 202 	 200 	 2558 	 35
1787310659997 	 297 	 200 	 2559 	 34
1787310660028 	 264 	 200 	 2560 	 33
1787310660100 	 193 	 200 	 2561 	 32
1787310660019 	 277 	 200 	 2562 	 31
1787310659933 	 382 	 200 	 2563 	 30
1787310660121 	 196 	 200 	 2564 	 29
1787310660118 	 301 	 200 	 2565 	 28
1787310660296 	 127 	 200 	 2566 	 27
1787310660050 	 379 	 200 	 2567 	 26
1787310660317 	 200 	 200 	 2568 	 25
1787310660119 	 400 	 200 	 2569 	 24
1787310660098 	 420 	 200 	 2570 	 23
1787310660319 	 206 	 200 	 2571 	 23
1787310660420 	 110 	 200 	 2572 	 22
1787310660298 	 239 	 200 	 2573 	 21
1787310660145 	 437 	 200 	 2574 	 20
1787310660297 	 296 	 200 	 2575 	 19
1787310660222 	 392 	 200 	 2576 	 18
1787310660121 	 497 	 200 	 2577 	 17
1787310660296 	 370 	 200 	 2578 	 16
1787310660222 	 596 	 200 	 2579 	 15
1787310660425 	 397 	 200 	 2579 	 14
1787310660431 	 391 	 200 	 2579 	 13
1787310660584 	 245 	 200 	 2579 	 12
1787310660667 	 199 	 200 	 2579 	 11
1787310660595 	 322 	 200 	 2580 	 11
1787310660521 	 399 	 200 	 2580 	 10
1787310660533 	 389 	 200 	 2580 	 9
1787310660538 	 387 	 200 	 2580 	 8
1787310660883 	 51 	 200 	 2580 	 7
1787310660522 	 452 	 200 	 2580 	 6
1787310660519 	 457 	 200 	 2580 	 5
1787310660527 	 449 	 200 	 2580 	 4
1787310660619 	 409 	 200 	 2580 	 3
1787310660617 	 416 	 200 	 2580 	 2
1787310660123 	 920 	 200 	 2580 	 1
1787310661077 	 104 	 200 	 2581 	 1
1787310658971 	 2262 	 200 	 2581 	 0
1787310662400 	 28 	 200 	 2586 	 4
1787310662406 	 24 	 200 	 2586 	 3
1787310662403 	 30 	 200 	 2587 	 3
1787310662408 	 26 	 200 	 2587 	 2
1787310662419 	 16 	 200 	 2587 	 1
1787310662433 	 16 	 200 	 2588 	 1
1787310662487 	 18 	 200 	 2590 	 2
1787310662447 	 60 	 200 	 2590 	 1
1787310662470 	 38 	 200 	 2590 	 0
1787310662515 	 15 	 200 	 2591 	 0
1787310662532 	 16 	 200 	 2594 	 2
1787310662537 	 16 	 200 	 2594 	 1
1787310662548 	 18 	 200 	 2595 	 1
1787310662559 	 16 	 200 	 2595 	 0
1787310662579 	 15 	 200 	 2598 	 2
1787310662584 	 13 	 200 	 2598 	 1
1787310662585 	 15 	 200 	 2598 	 0
1787310662620 	 13 	 200 	 2599 	 0
1787310662666 	 15 	 200 	 2602 	 2
1787310662678 	 16 	 200 	 2603 	 2
1787310662676 	 20 	 200 	 2603 	 1
1787310662688 	 15 	 200 	 2604 	 1
1787310662702 	 15 	 200 	 2605 	 1
1787310662713 	 12 	 200 	 2605 	 0
1787310662770 	 13 	 200 	 2606 	 0
1787310662835 	 28 	 200 	 2607 	 0
1787310662876 	 20 	 200 	 2609 	 1
1787310662878 	 18 	 200 	 2609 	 0
1787310662908 	 17 	 200 	 2611 	 1
1787310662920 	 15 	 200 	 2612 	 1
1787310662927 	 21 	 200 	 2613 	 1
1787310662944 	 16 	 200 	 2613 	 0
1787310662966 	 13 	 200 	 2614 	 0
1787310663012 	 14 	 200 	 2615 	 0
1787310663034 	 20 	 200 	 2621 	 5
1787310663036 	 18 	 200 	 2621 	 4
1787310663035 	 20 	 200 	 2621 	 3
1787310663042 	 16 	 200 	 2621 	 2
1787310663041 	 20 	 200 	 2621 	 1
1787310663040 	 22 	 200 	 2621 	 0
1787310663065 	 14 	 200 	 2623 	 1
1787310663076 	 13 	 200 	 2623 	 0
1787310663091 	 14 	 200 	 2625 	 1
1787310663101 	 19 	 200 	 2626 	 1
1787310663109 	 13 	 200 	 2626 	 0
1787310663128 	 13 	 200 	 2629 	 2
1787310663127 	 17 	 200 	 2629 	 1
1787310663140 	 14 	 200 	 2630 	 1
1787310663154 	 13 	 200 	 2630 	 0
1787310663303 	 12 	 200 	 2631 	 0
1787310663589 	 18 	 200 	 2632 	 0
1787310663680 	 41 	 200 	 2633 	 0
1787310664341 	 14 	 200 	 2634 	 0
1787310664648 	 14 	 200 	 2636 	 1
1787310664663 	 17 	 200 	 2636 	 0
1787310664690 	 12 	 200 	 2637 	 0
1787310664707 	 16 	 200 	 2639 	 1
1787310664708 	 14 	 200 	 2639 	 0
1787310664726 	 14 	 200 	 2640 	 0
1787310664746 	 15 	 200 	 2641 	 0
1787310664774 	 16 	 200 	 2645 	 3
1787310664775 	 22 	 200 	 2646 	 3
1787310664776 	 23 	 200 	 2646 	 2
1787310664784 	 16 	 200 	 2646 	 1
1787310664794 	 13 	 200 	 2646 	 0
1787310664808 	 13 	 200 	 2648 	 1
1787310664813 	 13 	 200 	 2648 	 0
1787310664833 	 12 	 200 	 2649 	 0
1787310664856 	 32 	 200 	 2652 	 2
1787310664874 	 15 	 200 	 2652 	 1
1787310664854 	 43 	 200 	 2654 	 2
1787310664892 	 14 	 200 	 2654 	 1
1787310664895 	 13 	 200 	 2654 	 0
1787310664941 	 15 	 200 	 2656 	 1
1787310664952 	 16 	 200 	 2656 	 0
1787310664975 	 18 	 200 	 2658 	 1
1787310664997 	 16 	 200 	 2660 	 2
1787310664994 	 19 	 200 	 2660 	 1
1787310664999 	 17 	 200 	 2660 	 0
1787310665021 	 12 	 200 	 2662 	 1
1787310665026 	 21 	 200 	 2662 	 0
1787310665059 	 24 	 200 	 2665 	 2
1787310665081 	 18 	 200 	 2665 	 1
1787310665081 	 25 	 200 	 2666 	 1
1787310665106 	 19 	 200 	 2668 	 2
1787310665111 	 18 	 200 	 2669 	 2
1787310665112 	 20 	 200 	 2669 	 1
1787310665131 	 13 	 200 	 2671 	 2
1787310665143 	 14 	 200 	 2672 	 2
1787310665145 	 21 	 200 	 2673 	 2
1787310665154 	 14 	 200 	 2673 	 1
1787310665160 	 18 	 200 	 2674 	 1
1787310665171 	 14 	 200 	 2675 	 1
1787310665183 	 14 	 200 	 2678 	 3
1787310665190 	 22 	 200 	 2679 	 3
1787310665195 	 18 	 200 	 2679 	 2
1787310665196 	 18 	 200 	 2679 	 1
1787310665209 	 14 	 200 	 2679 	 0
1787310665228 	 16 	 200 	 2683 	 3
1787310665244 	 14 	 200 	 2683 	 2
1787310665232 	 38 	 200 	 2683 	 1
1787310665243 	 29 	 200 	 2684 	 1
1787310665273 	 15 	 200 	 2686 	 2
1787310665278 	 15 	 200 	 2687 	 2
1787310665287 	 15 	 200 	 2688 	 2
1787310665294 	 14 	 200 	 2688 	 1
1787310665297 	 17 	 200 	 2688 	 0
1787310665337 	 14 	 200 	 2689 	 0
1787310665366 	 18 	 200 	 2691 	 1
1787310665378 	 14 	 200 	 2691 	 0
1787310665415 	 14 	 200 	 2692 	 0
1787310665435 	 19 	 200 	 2695 	 2
1787310665443 	 18 	 200 	 2696 	 2
1787310665457 	 21 	 200 	 2697 	 2
1787310665449 	 29 	 200 	 2697 	 1
1787310665476 	 15 	 200 	 2700 	 3
1787310665481 	 23 	 200 	 2701 	 3
1787310665482 	 25 	 200 	 2701 	 2
1787310665489 	 20 	 200 	 2701 	 1
1787310665500 	 18 	 200 	 2701 	 0
1787310665535 	 13 	 200 	 2703 	 1
1787310665538 	 19 	 200 	 2703 	 0
1787310665562 	 19 	 200 	 2704 	 0
1787310665622 	 30 	 200 	 2705 	 0
1787310665668 	 14 	 200 	 2706 	 0
1787310665918 	 16 	 200 	 2707 	 0
1787310666051 	 19 	 200 	 2711 	 3
1787310666057 	 17 	 200 	 2712 	 3
1787310666069 	 19 	 200 	 2713 	 3
1787310666073 	 20 	 200 	 2714 	 3
1787310666069 	 26 	 200 	 2714 	 2
1787310666085 	 14 	 200 	 2714 	 1
1787310666090 	 15 	 200 	 2715 	 1
1787310666105 	 17 	 200 	 2716 	 1
1787310666114 	 26 	 200 	 2718 	 2
1787310666128 	 12 	 200 	 2718 	 1
1787310666138 	 12 	 200 	 2718 	 0
1787310666160 	 14 	 200 	 2720 	 1
1787310666164 	 14 	 200 	 2720 	 0
1787310666198 	 12 	 200 	 2721 	 0
1787310666220 	 16 	 200 	 2726 	 4
1787310666224 	 17 	 200 	 2726 	 4
1787310666224 	 17 	 200 	 2727 	 3
1787310666232 	 18 	 200 	 2727 	 2
1787310666236 	 18 	 200 	 2727 	 1
1787310666243 	 13 	 200 	 2727 	 0
1787310666270 	 14 	 200 	 2728 	 0
1787310666301 	 14 	 200 	 2729 	 0
1787310666346 	 14 	 200 	 2732 	 2
1787310666346 	 19 	 200 	 2732 	 1
1787310666362 	 18 	 200 	 2732 	 0
1787310666391 	 13 	 200 	 2733 	 0
1787310666412 	 16 	 200 	 2737 	 3
1787310666410 	 18 	 200 	 2737 	 2
1787310666423 	 15 	 200 	 2739 	 3
1787310666427 	 15 	 200 	 2739 	 2
1787310666437 	 16 	 200 	 2739 	 1
1787310666438 	 18 	 200 	 2739 	 0
1787310666525 	 13 	 200 	 2740 	 0
1787310666545 	 14 	 200 	 2742 	 1
1787310666544 	 18 	 200 	 2742 	 0
1787310666584 	 14 	 200 	 2743 	 0
1787310666618 	 15 	 200 	 2745 	 1
1787310666629 	 14 	 200 	 2745 	 0
1787310666647 	 14 	 200 	 2747 	 1
1787310666654 	 20 	 200 	 2747 	 0
1787310666709 	 17 	 200 	 2751 	 3
1787310666710 	 17 	 200 	 2751 	 2
1787310666712 	 18 	 200 	 2751 	 1
1787310666714 	 19 	 200 	 2751 	 0
1787310666740 	 17 	 200 	 2754 	 2
1787310666741 	 18 	 200 	 2754 	 1
1787310666753 	 13 	 200 	 2755 	 1
1787310666762 	 14 	 200 	 2755 	 0
1787310666812 	 27 	 200 	 2759 	 3
1787310666816 	 34 	 200 	 2760 	 3
1787310666820 	 32 	 200 	 2760 	 2
1787310666826 	 28 	 200 	 2760 	 1
1787310666850 	 14 	 200 	 2760 	 0
1787310666868 	 13 	 200 	 2761 	 0
1787310666888 	 14 	 200 	 2765 	 3
1787310666894 	 15 	 200 	 2766 	 3
1787310666899 	 15 	 200 	 2766 	 2
1787310666900 	 16 	 200 	 2766 	 1
1787310666903 	 15 	 200 	 2766 	 0
1787310666926 	 14 	 200 	 2768 	 1
1787310666942 	 15 	 200 	 2771 	 3
1787310666939 	 19 	 200 	 2771 	 2
1787310666945 	 15 	 200 	 2771 	 1
1787310666954 	 16 	 200 	 2772 	 1
1787310666962 	 13 	 200 	 2773 	 1
1787310666973 	 33 	 200 	 2773 	 0
1787310667023 	 19 	 200 	 2779 	 5
1787310667027 	 20 	 200 	 2779 	 4
1787310667032 	 19 	 200 	 2779 	 3
1787310667037 	 15 	 200 	 2779 	 2
1787310667039 	 15 	 200 	 2779 	 1
1787310667042 	 24 	 200 	 2780 	 1
1787310667059 	 19 	 200 	 2780 	 0
1787310667085 	 13 	 200 	 2781 	 0
1787310667104 	 14 	 200 	 2783 	 1
1787310667103 	 23 	 200 	 2783 	 0
1787310667131 	 20 	 200 	 2788 	 4
1787310667137 	 18 	 200 	 2788 	 3
1787310667138 	 19 	 200 	 2788 	 2
1787310667143 	 15 	 200 	 2788 	 1
1787310667149 	 17 	 200 	 2789 	 1
1787310667160 	 14 	 200 	 2789 	 0
1787310667177 	 15 	 200 	 2791 	 1
1787310667181 	 14 	 200 	 2791 	 0
1787310667252 	 18 	 200 	 2795 	 3
1787310667252 	 19 	 200 	 2795 	 2
1787310667260 	 17 	 200 	 2795 	 1
1787310667269 	 15 	 200 	 2795 	 0
1787310667289 	 21 	 200 	 2798 	 2
1787310667294 	 18 	 200 	 2798 	 1
1787310667303 	 15 	 200 	 2798 	 0
1787310667328 	 14 	 200 	 2801 	 2
1787310667330 	 19 	 200 	 2801 	 1
1787310667330 	 21 	 200 	 2801 	 0
1787310667357 	 69 	 200 	 2804 	 2
1787310667417 	 18 	 200 	 2804 	 1
1787310667419 	 19 	 200 	 2804 	 0
1787310667445 	 13 	 200 	 2806 	 1
1787310667452 	 21 	 200 	 2807 	 1
1787310667467 	 16 	 200 	 2808 	 1
1787310667483 	 13 	 200 	 2809 	 1
1787310667500 	 12 	 200 	 2810 	 1
1787310667496 	 17 	 200 	 2810 	 0
1787310667527 	 13 	 200 	 2813 	 2
1787310667526 	 17 	 200 	 2813 	 1
1787310667526 	 21 	 200 	 2813 	 0
1787310667562 	 14 	 200 	 2816 	 2
1787310667573 	 14 	 200 	 2816 	 1
1787310667571 	 16 	 200 	 2816 	 0
1787310667608 	 15 	 200 	 2817 	 0
1787310667635 	 17 	 200 	 2822 	 4
1787310667641 	 20 	 200 	 2822 	 3
1787310667651 	 19 	 200 	 2823 	 3
1787310667641 	 29 	 200 	 2823 	 2
1787310667653 	 22 	 200 	 2823 	 1
1787310667666 	 21 	 200 	 2823 	 0
1787310667692 	 19 	 200 	 2826 	 2
1787310667700 	 15 	 200 	 2826 	 1
1787310667699 	 20 	 200 	 2828 	 2
1787310667717 	 27 	 200 	 2831 	 4
1787310667720 	 25 	 200 	 2831 	 3
1787310667724 	 23 	 200 	 2831 	 2
1787310667727 	 27 	 200 	 2831 	 1
1787310667732 	 24 	 200 	 2831 	 0
1787310667764 	 17 	 200 	 2834 	 2
1787310667764 	 28 	 200 	 2836 	 3
1787310667788 	 22 	 200 	 2839 	 5
1787310667796 	 19 	 200 	 2841 	 6
1787310667783 	 60 	 200 	 2842 	 6
1787310667814 	 30 	 200 	 2842 	 5
1787310667808 	 37 	 200 	 2842 	 4
1787310667809 	 36 	 200 	 2842 	 3
1787310667779 	 66 	 200 	 2842 	 2
1787310667816 	 42 	 200 	 2843 	 2
1787310667820 	 40 	 200 	 2843 	 1
1787310667852 	 42 	 200 	 2845 	 2
1787310667878 	 26 	 200 	 2846 	 2
1787310667863 	 41 	 200 	 2846 	 1
1787310667903 	 13 	 200 	 2846 	 0
1787310667926 	 14 	 200 	 2847 	 0
1787310667995 	 41 	 200 	 2851 	 3
1787310668017 	 29 	 200 	 2852 	 3
1787310668024 	 23 	 200 	 2852 	 2
1787310668036 	 23 	 200 	 2852 	 1
1787310668046 	 15 	 200 	 2852 	 0
1787310668082 	 16 	 200 	 2854 	 1
1787310668093 	 16 	 200 	 2857 	 3
1787310668100 	 14 	 200 	 2858 	 3
1787310668113 	 12 	 200 	 2858 	 2
1787310668103 	 23 	 200 	 2858 	 1
1787310668109 	 17 	 200 	 2858 	 0
1787310668147 	 13 	 200 	 2859 	 0
1787310668169 	 14 	 200 	 2861 	 1
1787310668170 	 15 	 200 	 2861 	 0
1787310668242 	 24 	 200 	 2863 	 1
1787310668253 	 15 	 200 	 2863 	 0
1787310668275 	 15 	 200 	 2864 	 0
1787310668392 	 13 	 200 	 2865 	 0
1787310668447 	 30 	 200 	 2869 	 3
1787310668449 	 30 	 200 	 2869 	 2
1787310668465 	 16 	 200 	 2869 	 1
1787310668469 	 17 	 200 	 2869 	 0
1787310668495 	 18 	 200 	 2870 	 0
1787310668532 	 13 	 200 	 2872 	 1
1787310668533 	 16 	 200 	 2872 	 0
1787310668617 	 17 	 200 	 2874 	 1
1787310668621 	 17 	 200 	 2874 	 0
1787310668649 	 12 	 200 	 2875 	 0
1787310668673 	 24 	 200 	 2877 	 1
1787310668680 	 17 	 200 	 2877 	 0
1787310668707 	 13 	 200 	 2878 	 0
1787310668735 	 16 	 200 	 2880 	 2
1787310668738 	 16 	 200 	 2881 	 1
1787310668753 	 14 	 200 	 2881 	 0
1787310668776 	 14 	 200 	 2882 	 0
1787310668794 	 14 	 200 	 2883 	 0
1787310668831 	 15 	 200 	 2885 	 1
1787310668832 	 17 	 200 	 2886 	 1
1787310668849 	 15 	 200 	 2886 	 0
1787310668894 	 13 	 200 	 2888 	 1
1787310668906 	 13 	 200 	 2889 	 1
1787310668919 	 23 	 200 	 2890 	 1
1787310668922 	 22 	 200 	 2890 	 0
1787310668988 	 14 	 200 	 2891 	 0
1787310669020 	 15 	 200 	 2894 	 2
1787310669030 	 17 	 200 	 2896 	 3
1787310669036 	 12 	 200 	 2896 	 2
1787310669046 	 21 	 200 	 2900 	 5
1787310669047 	 21 	 200 	 2900 	 4
1787310669055 	 13 	 200 	 2900 	 3
1787310669051 	 18 	 200 	 2900 	 2
1787310669066 	 22 	 200 	 2900 	 1
1787310669067 	 23 	 200 	 2900 	 0
1787310669104 	 18 	 200 	 2903 	 2
1787310669107 	 16 	 200 	 2903 	 1
1787310669109 	 16 	 200 	 2903 	 0
1787310669128 	 13 	 200 	 2904 	 0
1787310669166 	 25 	 200 	 2905 	 0
1787310669194 	 20 	 200 	 2909 	 3
1787310669199 	 17 	 200 	 2909 	 2
1787310669201 	 23 	 200 	 2909 	 1
1787310669213 	 19 	 200 	 2909 	 0
1787310669250 	 16 	 200 	 2910 	 0
1787310669273 	 14 	 200 	 2911 	 0
1787310669301 	 17 	 200 	 2912 	 0
1787310669330 	 15 	 200 	 2913 	 0
1787310669379 	 15 	 200 	 2915 	 1
1787310669386 	 14 	 200 	 2915 	 0
1787310669429 	 23 	 200 	 2921 	 5
1787310669436 	 25 	 200 	 2921 	 4
1787310669443 	 22 	 200 	 2921 	 3
1787310669448 	 18 	 200 	 2921 	 2
1787310669438 	 28 	 200 	 2921 	 1
1787310669445 	 23 	 200 	 2921 	 0
1787310669493 	 12 	 200 	 2922 	 0
1787310669516 	 12 	 200 	 2923 	 0
1787310669565 	 33 	 200 	 2926 	 2
1787310669583 	 23 	 200 	 2926 	 1
1787310669580 	 60 	 200 	 2927 	 1
1787310669635 	 14 	 200 	 2927 	 0
1787310669653 	 12 	 200 	 2928 	 0
1787310669693 	 13 	 200 	 2929 	 0
1787310669716 	 13 	 200 	 2931 	 1
1787310669720 	 16 	 200 	 2933 	 2
1787310669733 	 15 	 200 	 2934 	 2
1787310669736 	 14 	 200 	 2934 	 1
1787310669741 	 13 	 200 	 2934 	 0
1787310669759 	 15 	 200 	 2936 	 1
1787310669761 	 13 	 200 	 2936 	 0
1787310669780 	 15 	 200 	 2937 	 0
1787310670969 	 14 	 200 	 2938 	 0
1787310671168 	 26 	 200 	 2939 	 0
1787310673235 	 34 	 200 	 2940 	 0
1787310674577 	 30 	 200 	 2942 	 1
1787310674589 	 20 	 200 	 2942 	 0
1787310674959 	 19 	 200 	 2943 	 0
1787310675975 	 24 	 200 	 2944 	 0
1787310677346 	 27 	 200 	 2945 	 0
1787310677444 	 26 	 200 	 2946 	 0
1787310677779 	 14 	 200 	 2947 	 0
1787310678883 	 35 	 200 	 2948 	 0
1787310678942 	 16 	 200 	 2949 	 0
1787310679490 	 14 	 200 	 2950 	 0
1787310679598 	 26 	 200 	 2951 	 0
1787310681216 	 33 	 200 	 2952 	 0
1787310681287 	 15 	 200 	 2953 	 0
1787310682154 	 30 	 200 	 2955 	 1
1787310682172 	 15 	 200 	 2956 	 1
1787310682187 	 14 	 200 	 2956 	 0
1787310682220 	 14 	 200 	 2959 	 2
1787310682229 	 20 	 200 	 2964 	 6
1787310682233 	 17 	 200 	 2964 	 5
1787310682238 	 21 	 200 	 2965 	 5
1787310682239 	 21 	 200 	 2965 	 4
1787310682243 	 20 	 200 	 2965 	 3
1787310682245 	 24 	 200 	 2965 	 2
1787310682245 	 26 	 200 	 2966 	 2
1787310682253 	 23 	 200 	 2966 	 1
1787310682272 	 20 	 200 	 2966 	 0
1787310682324 	 14 	 200 	 2967 	 0
1787310682357 	 16 	 200 	 2968 	 0
1787310682548 	 19 	 200 	 2969 	 0
1787310682864 	 13 	 200 	 2970 	 0
1787310682906 	 17 	 200 	 2971 	 0
1787310683168 	 40 	 200 	 2972 	 0
1787310683966 	 35 	 200 	 2973 	 0
1787310684387 	 20 	 200 	 2974 	 0
1787310684852 	 14 	 200 	 2975 	 0
1787310684922 	 37 	 200 	 2977 	 1
1787310684953 	 17 	 200 	 2977 	 0
1787310685701 	 19 	 200 	 2979 	 1
1787310685706 	 16 	 200 	 2979 	 0
1787310685753 	 24 	 200 	 2983 	 3
1787310685755 	 23 	 200 	 2983 	 2
1787310685762 	 17 	 200 	 2983 	 1
1787310685751 	 30 	 200 	 2983 	 1
1787310685783 	 15 	 200 	 2985 	 1
1787310685794 	 13 	 200 	 2985 	 0
1787310685828 	 14 	 200 	 2988 	 2
1787310685830 	 15 	 200 	 2988 	 1
1787310685844 	 13 	 200 	 2988 	 0
1787310685858 	 19 	 200 	 2991 	 2
1787310685867 	 16 	 200 	 2991 	 1
1787310685868 	 17 	 200 	 2991 	 0
1787310685911 	 16 	 200 	 2993 	 1
1787310685913 	 14 	 200 	 2993 	 0
1787310685947 	 19 	 200 	 2998 	 4
1787310685949 	 20 	 200 	 2998 	 3
1787310685951 	 21 	 200 	 2998 	 2
1787310685957 	 17 	 200 	 2999 	 2
1787310685954 	 32 	 200 	 2999 	 1
1787310685975 	 14 	 200 	 2999 	 0
1787310685994 	 12 	 200 	 3000 	 0
1787310686014 	 28 	 200 	 3006 	 5
1787310686024 	 20 	 200 	 3006 	 4
1787310686019 	 26 	 200 	 3006 	 3
1787310686028 	 30 	 200 	 3006 	 2
1787310686030 	 31 	 200 	 3006 	 1
1787310686041 	 23 	 200 	 3006 	 0
1787310686069 	 14 	 200 	 3009 	 2
1787310686071 	 19 	 200 	 3011 	 3
1787310686078 	 14 	 200 	 3011 	 2
1787310686086 	 15 	 200 	 3011 	 1
1787310686091 	 20 	 200 	 3012 	 1
1787310686108 	 13 	 200 	 3012 	 0
1787310686125 	 15 	 200 	 3018 	 5
1787310686122 	 21 	 200 	 3018 	 4
1787310686126 	 19 	 200 	 3018 	 3
1787310686128 	 29 	 200 	 3018 	 2
1787310686135 	 22 	 200 	 3018 	 1
1787310686133 	 27 	 200 	 3018 	 0
1787310686162 	 13 	 200 	 3021 	 2
1787310686168 	 12 	 200 	 3021 	 1
1787310686175 	 15 	 200 	 3022 	 1
1787310686186 	 14 	 200 	 3022 	 0
1787310686202 	 12 	 200 	 3025 	 2
1787310686203 	 17 	 200 	 3026 	 2
1787310686216 	 19 	 200 	 3026 	 1
1787310686218 	 19 	 200 	 3026 	 0
1787310686251 	 17 	 200 	 3029 	 2
1787310686258 	 14 	 200 	 3030 	 2
1787310686266 	 14 	 200 	 3031 	 2
1787310686271 	 25 	 200 	 3034 	 4
1787310686284 	 19 	 200 	 3034 	 3
1787310686280 	 23 	 200 	 3034 	 2
1787310686291 	 21 	 200 	 3035 	 2
1787310686291 	 21 	 200 	 3035 	 1
1787310686311 	 13 	 200 	 3035 	 0
1787310686327 	 15 	 200 	 3038 	 2
1787310686329 	 17 	 200 	 3039 	 2
1787310686335 	 24 	 200 	 3039 	 1
1787310686348 	 16 	 200 	 3039 	 0
1787310686400 	 14 	 200 	 3040 	 0
1787310686723 	 13 	 200 	 3041 	 0
1787310687458 	 14 	 200 	 3042 	 0
1787310688141 	 17 	 200 	 3043 	 0
1787310688358 	 28 	 200 	 3044 	 0
1787310688664 	 19 	 200 	 3045 	 0
1787310689471 	 40 	 200 	 3046 	 0
1787310689729 	 36 	 200 	 3047 	 0
1787310690582 	 23 	 200 	 3049 	 1
1787310690584 	 43 	 200 	 3050 	 1
1787310690617 	 13 	 200 	 3050 	 0
1787310690636 	 15 	 200 	 3052 	 1
1787310690647 	 13 	 200 	 3052 	 0
1787310690681 	 14 	 200 	 3053 	 0
1787310690706 	 13 	 200 	 3054 	 0
1787310690722 	 14 	 200 	 3055 	 1
1787310690738 	 13 	 200 	 3057 	 1
1787310690739 	 13 	 200 	 3057 	 0
1787310690760 	 13 	 200 	 3059 	 1
1787310690763 	 12 	 200 	 3059 	 0
1787310690826 	 32 	 200 	 3060 	 0
1787310690879 	 12 	 200 	 3061 	 0
1787310690904 	 14 	 200 	 3064 	 2
1787310690906 	 14 	 200 	 3064 	 1
1787310690915 	 17 	 200 	 3064 	 0
1787310690982 	 21 	 200 	 3066 	 1
1787310690989 	 23 	 200 	 3066 	 0
1787310691079 	 32 	 200 	 3068 	 1
1787310691094 	 28 	 200 	 3069 	 1
1787310691121 	 19 	 200 	 3070 	 1
1787310691161 	 12 	 200 	 3071 	 1
1787310691124 	 54 	 200 	 3071 	 0
1787310691198 	 16 	 200 	 3075 	 3
1787310691197 	 19 	 200 	 3075 	 2
1787310691206 	 17 	 200 	 3077 	 3
1787310691213 	 17 	 200 	 3077 	 2
1787310691219 	 14 	 200 	 3078 	 2
1787310691225 	 13 	 200 	 3078 	 1
1787310691233 	 12 	 200 	 3078 	 0
1787310691265 	 13 	 200 	 3079 	 0
1787310691287 	 12 	 200 	 3080 	 0
1787310691303 	 18 	 200 	 3083 	 2
1787310691313 	 17 	 200 	 3084 	 2
1787310691322 	 16 	 200 	 3085 	 2
1787310691329 	 16 	 200 	 3086 	 2
1787310691332 	 15 	 200 	 3086 	 1
1787310691346 	 13 	 200 	 3086 	 0
1787310691366 	 15 	 200 	 3087 	 0
1787310691409 	 15 	 200 	 3088 	 0
1787310691448 	 18 	 200 	 3091 	 2
1787310691461 	 14 	 200 	 3092 	 2
1787310691460 	 16 	 200 	 3092 	 1
1787310691466 	 15 	 200 	 3093 	 1
1787310691478 	 18 	 200 	 3095 	 2
1787310691484 	 17 	 200 	 3096 	 2
1787310691493 	 15 	 200 	 3096 	 1
1787310691499 	 13 	 200 	 3097 	 1
1787310691509 	 15 	 200 	 3099 	 2
1787310691523 	 19 	 200 	 3101 	 3
1787310691524 	 20 	 200 	 3101 	 2
1787310691531 	 23 	 200 	 3102 	 2
1787310691529 	 27 	 200 	 3102 	 1
1787310691545 	 14 	 200 	 3102 	 0
1787310691563 	 15 	 200 	 3104 	 1
1787310691564 	 17 	 200 	 3104 	 0
1787310691598 	 14 	 200 	 3107 	 2
1787310691603 	 15 	 200 	 3107 	 1
1787310691607 	 16 	 200 	 3107 	 0
1787310691627 	 13 	 200 	 3108 	 0
1787310691666 	 16 	 200 	 3109 	 0
1787310691700 	 13 	 200 	 3111 	 1
1787310691699 	 17 	 200 	 3111 	 0
1787310691732 	 14 	 200 	 3115 	 3
1787310691726 	 23 	 200 	 3115 	 2
1787310691737 	 14 	 200 	 3115 	 1
1787310691747 	 15 	 200 	 3115 	 0
1787310691764 	 16 	 200 	 3117 	 1
1787310691765 	 17 	 200 	 3117 	 0
1787310691797 	 15 	 200 	 3119 	 1
1787310691799 	 13 	 200 	 3119 	 0
1787310691854 	 29 	 200 	 3121 	 1
1787310691862 	 22 	 200 	 3121 	 0
1787310691888 	 16 	 200 	 3122 	 0
1787310692104 	 27 	 200 	 3123 	 0
1787310692519 	 14 	 200 	 3124 	 0
1787310692697 	 26 	 200 	 3126 	 1
1787310692602 	 346 	 200 	 3126 	 0
1787310693392 	 17 	 200 	 3127 	 0
1787310693414 	 13 	 200 	 3128 	 0
1787310693444 	 13 	 200 	 3129 	 0
1787310693470 	 15 	 200 	 3132 	 2
1787310693481 	 15 	 200 	 3133 	 2
1787310693483 	 17 	 200 	 3134 	 2
1787310693489 	 15 	 200 	 3135 	 2
1787310693499 	 13 	 200 	 3135 	 1
1787310693502 	 14 	 200 	 3135 	 0
1787310693530 	 13 	 200 	 3136 	 0
1787310693562 	 21 	 200 	 3139 	 2
1787310693564 	 20 	 200 	 3139 	 1
1787310693566 	 21 	 200 	 3139 	 0
1787310693592 	 16 	 200 	 3140 	 0
1787310693624 	 14 	 200 	 3143 	 2
1787310693633 	 13 	 200 	 3143 	 1
1787310693620 	 52 	 200 	 3144 	 1
1787310693671 	 13 	 200 	 3144 	 0
1787310693689 	 14 	 200 	 3146 	 1
1787310693694 	 13 	 200 	 3146 	 0
1787310693720 	 16 	 200 	 3148 	 1
1787310693730 	 15 	 200 	 3149 	 1
1787310693745 	 18 	 200 	 3152 	 3
1787310693747 	 19 	 200 	 3152 	 2
1787310693748 	 19 	 200 	 3152 	 2
1787310693755 	 16 	 200 	 3154 	 2
1787310693771 	 15 	 200 	 3154 	 1
1787310693768 	 19 	 200 	 3154 	 0
1787310693802 	 13 	 200 	 3156 	 1
1787310693815 	 17 	 200 	 3158 	 2
1787310693822 	 15 	 200 	 3158 	 1
1787310693824 	 14 	 200 	 3158 	 0
1787310693858 	 30 	 200 	 3160 	 1
1787310693879 	 20 	 200 	 3161 	 1
1787310693896 	 23 	 200 	 3164 	 3
1787310693901 	 22 	 200 	 3164 	 3
1787310693909 	 17 	 200 	 3165 	 2
1787310693911 	 16 	 200 	 3165 	 1
1787310693924 	 15 	 200 	 3165 	 0
1787310693974 	 18 	 200 	 3166 	 0
1787310694003 	 16 	 200 	 3168 	 1
1787310694019 	 18 	 200 	 3169 	 1
1787310694036 	 15 	 200 	 3172 	 3
1787310694041 	 13 	 200 	 3172 	 2
1787310694049 	 17 	 200 	 3172 	 1
1787310694049 	 16 	 200 	 3172 	 0
1787310694072 	 13 	 200 	 3173 	 0
1787310694094 	 12 	 200 	 3175 	 1
1787310694094 	 16 	 200 	 3175 	 0
1787310694130 	 15 	 200 	 3176 	 0
1787310694146 	 12 	 200 	 3177 	 0
1787310694160 	 20 	 200 	 3180 	 2
1787310694164 	 19 	 200 	 3180 	 1
1787310694189 	 16 	 200 	 3182 	 2
1787310694194 	 14 	 200 	 3182 	 1
1787310694245 	 28 	 200 	 3185 	 3
1787310694269 	 18 	 200 	 3188 	 5
1787310694282 	 15 	 200 	 3189 	 5
1787310694276 	 23 	 200 	 3189 	 4
1787310694287 	 18 	 200 	 3189 	 3
1787310694296 	 21 	 200 	 3190 	 3
1787310694313 	 54 	 200 	 3194 	 6
1787310694348 	 29 	 200 	 3195 	 6
1787310694347 	 31 	 200 	 3195 	 5
1787310694359 	 26 	 200 	 3195 	 4
1787310694339 	 47 	 200 	 3195 	 3
1787310694376 	 14 	 200 	 3195 	 2
1787310694261 	 156 	 200 	 3197 	 3
1787310694403 	 64 	 200 	 3202 	 7
1787310694448 	 26 	 200 	 3202 	 6
1787310694440 	 38 	 200 	 3202 	 5
1787310694426 	 53 	 200 	 3202 	 4
1787310694445 	 35 	 200 	 3202 	 3
1787310694447 	 34 	 200 	 3202 	 2
1787310694410 	 113 	 200 	 3203 	 2
1787310694515 	 56 	 200 	 3206 	 4
1787310694560 	 15 	 200 	 3206 	 3
1787310694564 	 19 	 200 	 3207 	 3
1787310694583 	 13 	 200 	 3207 	 2
1787310694646 	 24 	 200 	 3211 	 5
1787310694622 	 54 	 200 	 3211 	 4
1787310694624 	 52 	 200 	 3211 	 3
1787310694616 	 63 	 200 	 3211 	 2
1787310694530 	 151 	 200 	 3212 	 2
1787310694705 	 12 	 200 	 3213 	 2
1787310694729 	 45 	 200 	 3216 	 4
1787310694759 	 19 	 200 	 3217 	 4
1787310694681 	 107 	 200 	 3217 	 3
1787310694160 	 632 	 200 	 3217 	 2
1787310694776 	 16 	 200 	 3217 	 1
1787310694796 	 21 	 200 	 3219 	 2
1787310694812 	 58 	 200 	 3219 	 1
1787310694743 	 133 	 200 	 3219 	 0
1787310694901 	 18 	 200 	 3222 	 2
1787310694906 	 13 	 200 	 3222 	 1
1787310694914 	 16 	 200 	 3224 	 2
1787310694921 	 14 	 200 	 3224 	 1
1787310694922 	 14 	 200 	 3224 	 0
1787310694940 	 15 	 200 	 3226 	 2
1787310694953 	 13 	 200 	 3227 	 1
1787310694956 	 12 	 200 	 3227 	 0
1787310694976 	 15 	 200 	 3230 	 2
1787310694979 	 14 	 200 	 3230 	 1
1787310694991 	 16 	 200 	 3230 	 0
1787310695014 	 19 	 200 	 3231 	 0
1787310695049 	 17 	 200 	 3233 	 1
1787310695066 	 15 	 200 	 3234 	 1
1787310695077 	 15 	 200 	 3234 	 0
1787310695105 	 16 	 200 	 3235 	 0
1787310695132 	 14 	 200 	 3236 	 0
1787310695167 	 20 	 200 	 3241 	 4
1787310695164 	 24 	 200 	 3241 	 3
1787310695175 	 20 	 200 	 3241 	 2
1787310695168 	 28 	 200 	 3241 	 1
1787310695170 	 27 	 200 	 3241 	 0
1787310695200 	 13 	 200 	 3242 	 0
1787310695221 	 18 	 200 	 3244 	 1
1787310695224 	 17 	 200 	 3245 	 1
1787310695241 	 15 	 200 	 3248 	 3
1787310695247 	 16 	 200 	 3248 	 2
1787310695249 	 14 	 200 	 3248 	 1
1787310695255 	 15 	 200 	 3248 	 0
1787310695276 	 19 	 200 	 3250 	 1
1787310695281 	 19 	 200 	 3250 	 0
1787310695305 	 14 	 200 	 3253 	 2
1787310695315 	 13 	 200 	 3254 	 2
1787310695311 	 21 	 200 	 3254 	 1
1787310695320 	 14 	 200 	 3254 	 0
1787310695359 	 15 	 200 	 3256 	 1
1787310695349 	 25 	 200 	 3256 	 0
1787310695389 	 13 	 200 	 3258 	 1
1787310695402 	 18 	 200 	 3258 	 0
1787310695445 	 17 	 200 	 3260 	 1
1787310695447 	 16 	 200 	 3260 	 0
1787310695479 	 13 	 200 	 3262 	 1
1787310695490 	 12 	 200 	 3262 	 0
1787310695520 	 15 	 200 	 3266 	 3
1787310695527 	 13 	 200 	 3266 	 2
1787310695533 	 16 	 200 	 3266 	 1
1787310695533 	 17 	 200 	 3266 	 0
1787310695562 	 16 	 200 	 3270 	 3
1787310695568 	 22 	 200 	 3271 	 3
1787310695576 	 17 	 200 	 3271 	 2
1787310695588 	 16 	 200 	 3271 	 1
1787310695633 	 40 	 200 	 3275 	 4
1787310695624 	 54 	 200 	 3275 	 3
1787310695639 	 43 	 200 	 3276 	 3
1787310695658 	 27 	 200 	 3276 	 2
1787310695565 	 125 	 200 	 3277 	 2
1787310695680 	 14 	 200 	 3277 	 1
1787310695690 	 14 	 200 	 3278 	 1
1787310695708 	 14 	 200 	 3279 	 3
1787310695705 	 17 	 200 	 3281 	 2
1787310695724 	 13 	 200 	 3282 	 2
1787310695723 	 15 	 200 	 3282 	 1
1787310695728 	 12 	 200 	 3282 	 0
1787310695750 	 20 	 200 	 3284 	 1
1787310695753 	 19 	 200 	 3284 	 0
1787310695774 	 14 	 200 	 3286 	 1
1787310695784 	 13 	 200 	 3286 	 0
1787310695806 	 13 	 200 	 3288 	 1
1787310695807 	 32 	 200 	 3290 	 2
1787310695822 	 16 	 200 	 3290 	 1
1787310695837 	 15 	 200 	 3291 	 1
1787310695844 	 12 	 200 	 3291 	 0
1787310695902 	 32 	 200 	 3298 	 6
1787310695895 	 39 	 200 	 3298 	 5
1787310695915 	 27 	 200 	 3298 	 4
1787310695919 	 24 	 200 	 3298 	 3
1787310695906 	 37 	 200 	 3298 	 2
1787310695913 	 32 	 200 	 3299 	 2
1787310695904 	 90 	 200 	 3303 	 5
1787310695946 	 89 	 200 	 3308 	 10
1787310695985 	 113 	 200 	 3313 	 13
1787310695949 	 244 	 200 	 3314 	 13
1787310695966 	 230 	 200 	 3314 	 12
1787310696003 	 200 	 200 	 3314 	 11
1787310695981 	 226 	 200 	 3314 	 10
1787310696018 	 201 	 200 	 3314 	 9
1787310696009 	 274 	 200 	 3314 	 8
1787310696036 	 247 	 200 	 3314 	 7
1787310696011 	 273 	 200 	 3314 	 6
1787310696066 	 218 	 200 	 3314 	 5
1787310696061 	 223 	 200 	 3314 	 4
1787310696071 	 222 	 200 	 3314 	 3
1787310696104 	 215 	 200 	 3314 	 2
1787310696091 	 240 	 200 	 3314 	 1
1787310696032 	 300 	 200 	 3314 	 0
1787310696980 	 29 	 200 	 3315 	 0
1787310699141 	 13 	 200 	 3316 	 0
1787310699174 	 18 	 200 	 3319 	 2
1787310699180 	 17 	 200 	 3319 	 1
1787310699183 	 17 	 200 	 3319 	 0
1787310699228 	 34 	 200 	 3320 	 0
1787310699265 	 20 	 200 	 3323 	 2
1787310699277 	 17 	 200 	 3323 	 1
1787310699273 	 22 	 200 	 3324 	 1
1787310699296 	 13 	 200 	 3325 	 1
1787310699299 	 13 	 200 	 3325 	 0
1787310699318 	 15 	 200 	 3327 	 1
1787310699332 	 14 	 200 	 3329 	 2
1787310699335 	 15 	 200 	 3329 	 1
1787310699341 	 16 	 200 	 3330 	 2
1787310699357 	 19 	 200 	 3331 	 1
1787310699358 	 18 	 200 	 3331 	 0
1787310699389 	 14 	 200 	 3333 	 1
1787310699394 	 15 	 200 	 3335 	 2
1787310699406 	 14 	 200 	 3335 	 1
1787310699405 	 18 	 200 	 3335 	 0
1787310699484 	 13 	 200 	 3336 	 0
1787310699501 	 14 	 200 	 3338 	 1
1787310699516 	 16 	 200 	 3339 	 1
1787310699517 	 18 	 200 	 3340 	 1
1787310699534 	 14 	 200 	 3341 	 1
1787310699542 	 14 	 200 	 3342 	 1
1787310699550 	 13 	 200 	 3343 	 1
1787310699561 	 14 	 200 	 3345 	 2
1787310699571 	 14 	 200 	 3345 	 1
1787310699574 	 14 	 200 	 3345 	 0
1787310699591 	 13 	 200 	 3346 	 0
1787310699606 	 13 	 200 	 3348 	 1
1787310699612 	 14 	 200 	 3348 	 0
1787310699628 	 19 	 200 	 3350 	 1
1787310699644 	 18 	 200 	 3351 	 1
1787310699649 	 16 	 200 	 3353 	 2
1787310699663 	 14 	 200 	 3353 	 1
1787310699665 	 15 	 200 	 3353 	 0
1787310699692 	 13 	 200 	 3355 	 1
1787310699693 	 15 	 200 	 3355 	 0
1787310699713 	 17 	 200 	 3362 	 6
1787310699718 	 25 	 200 	 3364 	 7
1787310699721 	 24 	 200 	 3364 	 6
1787310699714 	 32 	 200 	 3364 	 5
1787310699716 	 30 	 200 	 3364 	 4
1787310699740 	 17 	 200 	 3364 	 3
1787310699725 	 67 	 200 	 3369 	 7
1787310699729 	 64 	 200 	 3369 	 6
1787310699762 	 39 	 200 	 3369 	 5
1787310699744 	 64 	 200 	 3369 	 4
1787310699778 	 33 	 200 	 3369 	 3
1787310699768 	 44 	 200 	 3369 	 2
1787310699767 	 48 	 200 	 3369 	 1
1787310699781 	 36 	 200 	 3369 	 0
1787310699822 	 27 	 200 	 3373 	 3
1787310699828 	 30 	 200 	 3373 	 2
1787310699845 	 16 	 200 	 3373 	 1
1787310699828 	 33 	 200 	 3373 	 0
1787310699880 	 13 	 200 	 3374 	 0
1787310699907 	 17 	 200 	 3376 	 1
1787310699924 	 15 	 200 	 3379 	 3
1787310699927 	 22 	 200 	 3379 	 2
1787310699939 	 18 	 200 	 3380 	 2
1787310699928 	 37 	 200 	 3382 	 3
1787310699958 	 15 	 200 	 3383 	 3
1787310699960 	 18 	 200 	 3383 	 2
1787310699964 	 14 	 200 	 3383 	 1
1787310699968 	 16 	 200 	 3383 	 0
1787310700035 	 37 	 200 	 3384 	 0
1787310700285 	 13 	 200 	 3385 	 0
1787310700327 	 14 	 200 	 3386 	 0
1787310700404 	 35 	 200 	 3388 	 1
1787310700420 	 26 	 200 	 3388 	 0
1787310700557 	 33 	 200 	 3389 	 0
1787310701205 	 69 	 200 	 3390 	 0
1787310701354 	 26 	 200 	 3391 	 0
1787310701891 	 13 	 200 	 3392 	 0
1787310701912 	 14 	 200 	 3394 	 1
1787310701913 	 14 	 200 	 3394 	 0
1787310701941 	 14 	 200 	 3395 	 0
1787310701958 	 22 	 200 	 3399 	 3
1787310701960 	 21 	 200 	 3399 	 2
1787310701967 	 17 	 200 	 3399 	 1
1787310701976 	 14 	 200 	 3400 	 1
1787310701990 	 13 	 200 	 3400 	 0
1787310702022 	 13 	 200 	 3402 	 1
1787310702023 	 14 	 200 	 3402 	 0
1787310702052 	 13 	 200 	 3405 	 2
1787310702049 	 21 	 200 	 3405 	 1
1787310702059 	 20 	 200 	 3405 	 0
1787310702109 	 15 	 200 	 3406 	 0
1787310702303 	 49 	 200 	 3407 	 0
1787310703065 	 32 	 200 	 3408 	 0
1787310703709 	 37 	 200 	 3411 	 2
1787310703732 	 30 	 200 	 3413 	 3
1787310703734 	 28 	 200 	 3413 	 2
1787310703751 	 17 	 200 	 3413 	 1
1787310703752 	 19 	 200 	 3413 	 0
1787310703795 	 16 	 200 	 3416 	 2
1787310703798 	 17 	 200 	 3416 	 1
1787310703806 	 15 	 200 	 3417 	 1
1787310703819 	 13 	 200 	 3417 	 0
1787310703843 	 14 	 200 	 3418 	 0
1787310703860 	 16 	 200 	 3422 	 4
1787310703863 	 16 	 200 	 3423 	 3
1787310703871 	 16 	 200 	 3423 	 2
1787310703877 	 18 	 200 	 3424 	 2
1787310703878 	 17 	 200 	 3424 	 1
1787310703895 	 13 	 200 	 3424 	 0
1787310703922 	 14 	 200 	 3425 	 0
1787310703977 	 14 	 200 	 3427 	 1
1787310703979 	 17 	 200 	 3427 	 0
1787310704019 	 16 	 200 	 3432 	 4
1787310704017 	 20 	 200 	 3433 	 4
1787310704028 	 16 	 200 	 3433 	 3
1787310704027 	 18 	 200 	 3433 	 2
1787310704032 	 23 	 200 	 3434 	 2
1787310704037 	 19 	 200 	 3434 	 1
1787310704056 	 12 	 200 	 3434 	 0
1787310704073 	 13 	 200 	 3435 	 0
1787310704095 	 11 	 200 	 3436 	 0
1787310704108 	 16 	 200 	 3438 	 1
1787310704120 	 12 	 200 	 3438 	 0
1787310704177 	 22 	 200 	 3441 	 2
1787310704194 	 13 	 200 	 3441 	 1
1787310704200 	 18 	 200 	 3442 	 1
1787310704211 	 13 	 200 	 3442 	 0
1787310704229 	 15 	 200 	 3444 	 1
1787310704231 	 16 	 200 	 3445 	 1
1787310704251 	 15 	 200 	 3447 	 2
1787310704258 	 16 	 200 	 3447 	 1
1787310704247 	 40 	 200 	 3449 	 2
1787310704275 	 13 	 200 	 3449 	 1
1787310704282 	 13 	 200 	 3449 	 0
1787310704309 	 12 	 200 	 3451 	 1
1787310704321 	 13 	 200 	 3451 	 0
1787310704390 	 20 	 200 	 3455 	 3
1787310704388 	 27 	 200 	 3455 	 2
1787310704404 	 17 	 200 	 3455 	 1
1787310704406 	 20 	 200 	 3455 	 0
1787310704435 	 14 	 200 	 3456 	 0
1787310704463 	 16 	 200 	 3457 	 0
1787310704494 	 12 	 200 	 3460 	 2
1787310704495 	 21 	 200 	 3461 	 2
1787310704505 	 15 	 200 	 3461 	 1
1787310704509 	 15 	 200 	 3461 	 0
1787310704567 	 16 	 200 	 3465 	 3
1787310704562 	 20 	 200 	 3465 	 2
1787310704564 	 19 	 200 	 3465 	 1
1787310704582 	 14 	 200 	 3467 	 2
1787310704590 	 18 	 200 	 3468 	 2
1787310704594 	 15 	 200 	 3468 	 1
1787310704603 	 17 	 200 	 3468 	 0
1787310704636 	 14 	 200 	 3470 	 1
1787310704627 	 40 	 200 	 3471 	 1
1787310704665 	 20 	 200 	 3474 	 3
1787310704674 	 14 	 200 	 3474 	 2
1787310704676 	 21 	 200 	 3474 	 1
1787310704686 	 15 	 200 	 3474 	 0
1787310704704 	 15 	 200 	 3477 	 2
1787310704702 	 18 	 200 	 3477 	 1
1787310704712 	 18 	 200 	 3480 	 3
1787310704724 	 16 	 200 	 3481 	 3
1787310704726 	 15 	 200 	 3481 	 2
1787310704724 	 17 	 200 	 3481 	 1
1787310704740 	 14 	 200 	 3482 	 1
1787310704754 	 13 	 200 	 3483 	 1
1787310704759 	 21 	 200 	 3485 	 2
1787310704770 	 16 	 200 	 3485 	 1
1787310704774 	 17 	 200 	 3486 	 1
1787310704790 	 15 	 200 	 3486 	 0
1787310704835 	 22 	 200 	 3491 	 4
1787310704842 	 16 	 200 	 3491 	 3
1787310704843 	 15 	 200 	 3491 	 2
1787310704847 	 17 	 200 	 3491 	 1
1787310704856 	 14 	 200 	 3492 	 1
1787310704868 	 13 	 200 	 3492 	 0
1787310704883 	 13 	 200 	 3494 	 1
1787310704892 	 14 	 200 	 3494 	 0
1787310704908 	 15 	 200 	 3495 	 0
1787310704927 	 15 	 200 	 3497 	 1
1787310704929 	 16 	 200 	 3497 	 0
1787310704954 	 16 	 200 	 3500 	 2
1787310704960 	 15 	 200 	 3500 	 1
1787310704950 	 28 	 200 	 3500 	 0
1787310704987 	 15 	 200 	 3501 	 0
1787310705037 	 30 	 200 	 3504 	 2
1787310705042 	 41 	 200 	 3508 	 5
1787310705071 	 17 	 200 	 3508 	 4
1787310705053 	 37 	 200 	 3508 	 3
1787310705077 	 16 	 200 	 3508 	 2
1787310705072 	 23 	 200 	 3509 	 2
1787310705075 	 24 	 200 	 3509 	 1
1787310705096 	 13 	 200 	 3509 	 0
1787310705115 	 27 	 200 	 3513 	 3
1787310705117 	 35 	 200 	 3513 	 2
1787310705134 	 21 	 200 	 3513 	 1
1787310705131 	 25 	 200 	 3513 	 0
1787310705174 	 27 	 200 	 3516 	 2
1787310705182 	 29 	 200 	 3516 	 1
1787310705191 	 21 	 200 	 3516 	 0
1787310705214 	 13 	 200 	 3517 	 0
1787310705232 	 18 	 200 	 3520 	 2
1787310705234 	 16 	 200 	 3520 	 1
1787310705242 	 16 	 200 	 3520 	 0
1787310705281 	 15 	 200 	 3521 	 0
1787310705309 	 14 	 200 	 3523 	 1
1787310705322 	 16 	 200 	 3523 	 0
1787310705344 	 12 	 200 	 3525 	 1
1787310705353 	 13 	 200 	 3525 	 0
1787310705369 	 16 	 200 	 3526 	 0
1787310705416 	 14 	 200 	 3529 	 2
1787310705418 	 18 	 200 	 3529 	 1
1787310705429 	 14 	 200 	 3531 	 2
1787310705440 	 14 	 200 	 3531 	 1
1787310705441 	 16 	 200 	 3531 	 0
1787310705482 	 19 	 200 	 3532 	 0
1787310705509 	 12 	 200 	 3534 	 1
1787310705519 	 15 	 200 	 3535 	 1
1787310705530 	 12 	 200 	 3535 	 0
1787310705568 	 27 	 200 	 3538 	 2
1787310705571 	 30 	 200 	 3538 	 1
1787310705584 	 19 	 200 	 3539 	 1
1787310705603 	 30 	 200 	 3542 	 3
1787310705613 	 24 	 200 	 3542 	 2
1787310705605 	 32 	 200 	 3542 	 1
1787310705627 	 18 	 200 	 3542 	 0
1787310705659 	 15 	 200 	 3544 	 1
1787310705669 	 16 	 200 	 3545 	 1
1787310705677 	 15 	 200 	 3545 	 0
1787310705735 	 13 	 200 	 3546 	 0
1787310705772 	 15 	 200 	 3547 	 0
1787310705794 	 13 	 200 	 3549 	 1
1787310705798 	 15 	 200 	 3549 	 0
1787310705848 	 14 	 200 	 3550 	 0
1787310706090 	 30 	 200 	 3551 	 0
1787310706147 	 34 	 200 	 3552 	 0
1787310706359 	 17 	 200 	 3553 	 0
1787310706842 	 36 	 200 	 3554 	 0
1787310707394 	 38 	 200 	 3555 	 0
1787310707535 	 34 	 200 	 3556 	 0
1787310708020 	 15 	 200 	 3557 	 0
1787310708808 	 38 	 200 	 3558 	 0
1787310709306 	 20 	 200 	 3559 	 0
1787310710402 	 23 	 200 	 3560 	 0
1787310710803 	 15 	 200 	 3561 	 0
1787310710892 	 40 	 200 	 3562 	 0
1787310711284 	 15 	 200 	 3563 	 0
1787310711420 	 15 	 200 	 3564 	 0
1787310711590 	 30 	 200 	 3565 	 0
1787310712037 	 22 	 200 	 3566 	 0
1787310713630 	 15 	 200 	 3567 	 0
1787310714050 	 30 	 200 	 3568 	 0
1787310715321 	 21 	 200 	 3569 	 0
1787310715601 	 22 	 200 	 3570 	 0
1787310716074 	 17 	 200 	 3571 	 0
1787310716230 	 35 	 200 	 3572 	 0
1787310716279 	 18 	 200 	 3573 	 0
1787310716453 	 14 	 200 	 3574 	 0
1787310716715 	 20 	 200 	 3575 	 0
1787310717054 	 21 	 200 	 3576 	 0
1787310717494 	 26 	 200 	 3577 	 0
1787310717709 	 20 	 200 	 3578 	 0
1787310718261 	 16 	 200 	 3579 	 0
1787310718998 	 16 	 200 	 3580 	 0
1787310719131 	 15 	 200 	 3581 	 0
1787310719884 	 13 	 200 	 3582 	 0
1787310720545 	 20 	 200 	 3587 	 4
1787310720547 	 24 	 200 	 3587 	 3
1787310720545 	 33 	 200 	 3587 	 2
1787310720563 	 19 	 200 	 3587 	 1
1787310720567 	 18 	 200 	 3587 	 0
1787310720587 	 17 	 200 	 3591 	 3
1787310720590 	 14 	 200 	 3591 	 2
1787310720595 	 19 	 200 	 3591 	 1
1787310720599 	 19 	 200 	 3591 	 0
1787310720627 	 17 	 200 	 3593 	 1
1787310720644 	 16 	 200 	 3594 	 1
1787310720650 	 15 	 200 	 3594 	 0
1787310720671 	 13 	 200 	 3596 	 1
1787310720671 	 19 	 200 	 3596 	 0
1787310720696 	 17 	 200 	 3598 	 1
1787310720698 	 15 	 200 	 3598 	 0
1787310720728 	 13 	 200 	 3599 	 0
1787310720748 	 12 	 200 	 3600 	 0
1787310720778 	 15 	 200 	 3601 	 0
1787310720799 	 16 	 200 	 3604 	 2
1787310720811 	 28 	 200 	 3605 	 2
1787310720815 	 27 	 200 	 3605 	 1
1787310720838 	 13 	 200 	 3605 	 0
1787310720862 	 14 	 200 	 3607 	 1
1787310720867 	 22 	 200 	 3608 	 1
1787310720884 	 14 	 200 	 3608 	 0
1787310720923 	 20 	 200 	 3610 	 1
1787310720930 	 14 	 200 	 3610 	 0
1787310720977 	 17 	 200 	 3611 	 0
1787310721033 	 22 	 200 	 3616 	 4
1787310721039 	 23 	 200 	 3616 	 3
1787310721051 	 21 	 200 	 3617 	 3
1787310721055 	 20 	 200 	 3617 	 2
1787310721051 	 27 	 200 	 3617 	 1
1787310721070 	 17 	 200 	 3617 	 0
1787310721093 	 15 	 200 	 3618 	 0
1787310721123 	 14 	 200 	 3619 	 0
1787310721150 	 13 	 200 	 3620 	 0
1787310721186 	 14 	 200 	 3621 	 0
1787310721205 	 14 	 200 	 3623 	 1
1787310721220 	 28 	 200 	 3624 	 1
1787310721241 	 17 	 200 	 3625 	 1
1787310721253 	 14 	 200 	 3626 	 1
1787310721267 	 13 	 200 	 3626 	 0
1787310721290 	 13 	 200 	 3627 	 0
1787310721345 	 28 	 200 	 3633 	 5
1787310721340 	 34 	 200 	 3633 	 4
1787310721348 	 35 	 200 	 3634 	 4
1787310721368 	 24 	 200 	 3635 	 4
1787310721365 	 28 	 200 	 3635 	 3
1787310721371 	 23 	 200 	 3635 	 2
1787310721382 	 62 	 200 	 3641 	 7
1787310721389 	 68 	 200 	 3643 	 8
1787310721425 	 39 	 200 	 3646 	 10
1787310721429 	 47 	 200 	 3646 	 9
1787310721459 	 43 	 200 	 3646 	 8
1787310721411 	 133 	 200 	 3649 	 11
1787310721435 	 110 	 200 	 3650 	 10
1787310721397 	 149 	 200 	 3650 	 9
1787310721456 	 90 	 200 	 3650 	 8
1787310721454 	 91 	 200 	 3650 	 7
1787310721409 	 136 	 200 	 3650 	 6
1787310721466 	 92 	 200 	 3650 	 5
1787310721506 	 53 	 200 	 3651 	 5
1787310721464 	 100 	 200 	 3651 	 4
1787310721520 	 46 	 200 	 3652 	 4
1787310721547 	 21 	 200 	 3652 	 3
1787310721536 	 35 	 200 	 3652 	 2
1787310721559 	 26 	 200 	 3652 	 1
1787310721566 	 25 	 200 	 3653 	 1
1787310721647 	 97 	 200 	 3668 	 15
1787310721634 	 111 	 200 	 3668 	 14
1787310721589 	 155 	 200 	 3668 	 13
1787310721641 	 106 	 200 	 3668 	 12
1787310721601 	 148 	 200 	 3668 	 11
1787310721595 	 158 	 200 	 3668 	 10
1787310721598 	 159 	 200 	 3668 	 9
1787310721654 	 107 	 200 	 3668 	 8
1787310721690 	 151 	 200 	 3670 	 9
1787310721658 	 184 	 200 	 3670 	 8
1787310721638 	 207 	 200 	 3670 	 7
1787310721680 	 165 	 200 	 3670 	 6
1787310721621 	 225 	 200 	 3670 	 5
1787310721613 	 233 	 200 	 3670 	 4
1787310721633 	 217 	 200 	 3670 	 3
1787310721602 	 251 	 200 	 3670 	 2
1787310721775 	 82 	 200 	 3670 	 1
1787310721802 	 68 	 200 	 3672 	 2
1787310721861 	 20 	 200 	 3673 	 2
1787310721861 	 20 	 200 	 3673 	 1
1787310721878 	 17 	 200 	 3674 	 1
1787310721887 	 14 	 200 	 3674 	 0
1787310721922 	 15 	 200 	 3676 	 1
1787310721936 	 12 	 200 	 3676 	 0
1787310721951 	 12 	 200 	 3677 	 0
1787310721999 	 13 	 200 	 3678 	 0
1787310722022 	 29 	 200 	 3680 	 1
1787310722016 	 36 	 200 	 3680 	 0
1787310722059 	 12 	 200 	 3681 	 0
1787310722255 	 17 	 200 	 3682 	 0
1787310722566 	 15 	 200 	 3683 	 0
1787310722699 	 18 	 200 	 3684 	 0
1787310723668 	 22 	 200 	 3685 	 0
1787310724358 	 21 	 200 	 3686 	 0
1787310724546 	 19 	 200 	 3687 	 0
1787310725196 	 22 	 200 	 3688 	 0
1787310725432 	 21 	 200 	 3690 	 1
1787310725449 	 15 	 200 	 3690 	 0
1787310726364 	 16 	 200 	 3691 	 0
1787310726449 	 24 	 200 	 3692 	 0
1787310726738 	 15 	 200 	 3693 	 0
1787310727923 	 22 	 200 	 3694 	 0
1787310727994 	 14 	 200 	 3695 	 0
1787310729248 	 37 	 200 	 3696 	 0
1787310729558 	 23 	 200 	 3698 	 1
1787310729556 	 38 	 200 	 3699 	 1
1787310729585 	 14 	 200 	 3699 	 0
1787310730030 	 33 	 200 	 3700 	 0
1787310730624 	 15 	 200 	 3701 	 0
1787310731425 	 26 	 200 	 3702 	 0
1787310731646 	 15 	 200 	 3703 	 0
1787310731689 	 14 	 200 	 3704 	 0
1787310731998 	 16 	 200 	 3705 	 0
1787310732484 	 29 	 200 	 3706 	 0
1787310733980 	 31 	 200 	 3708 	 1
1787310733994 	 27 	 200 	 3708 	 0
1787310734036 	 24 	 200 	 3711 	 2
1787310734059 	 30 	 200 	 3715 	 5
1787310734076 	 18 	 200 	 3715 	 4
1787310734068 	 27 	 200 	 3715 	 3
1787310734058 	 38 	 200 	 3715 	 2
1787310734077 	 22 	 200 	 3715 	 2
1787310734074 	 26 	 200 	 3716 	 1
1787310734101 	 14 	 200 	 3717 	 1
1787310734113 	 31 	 200 	 3721 	 4
1787310734125 	 32 	 200 	 3722 	 4
1787310734129 	 29 	 200 	 3722 	 3
1787310734141 	 18 	 200 	 3722 	 2
1787310734134 	 27 	 200 	 3722 	 1
1787310734156 	 14 	 200 	 3724 	 2
1787310734166 	 23 	 200 	 3725 	 2
1787310734165 	 26 	 200 	 3726 	 2
1787310734182 	 16 	 200 	 3726 	 1
1787310734193 	 16 	 200 	 3727 	 1
1787310734209 	 13 	 200 	 3728 	 1
1787310734223 	 14 	 200 	 3728 	 0
1787310734244 	 12 	 200 	 3729 	 0
1787310734258 	 12 	 200 	 3730 	 0
1787310734275 	 14 	 200 	 3732 	 1
1787310734277 	 16 	 200 	 3732 	 0
1787310734316 	 12 	 200 	 3734 	 1
1787310734341 	 14 	 200 	 3737 	 3
1787310734346 	 14 	 200 	 3737 	 2
1787310734318 	 45 	 200 	 3737 	 1
1787310734348 	 14 	 200 	 3737 	 0
1787310734369 	 13 	 200 	 3739 	 1
1787310734378 	 16 	 200 	 3740 	 1
1787310734386 	 12 	 200 	 3740 	 0
1787310734402 	 18 	 200 	 3742 	 1
1787310734411 	 16 	 200 	 3744 	 2
1787310734425 	 15 	 200 	 3745 	 2
1787310734423 	 17 	 200 	 3745 	 1
1787310734433 	 17 	 200 	 3745 	 0
1787310734456 	 16 	 200 	 3747 	 1
1787310734468 	 14 	 200 	 3747 	 0
1787310734517 	 17 	 200 	 3749 	 1
1787310734519 	 20 	 200 	 3750 	 1
1787310734536 	 16 	 200 	 3750 	 0
1787310734573 	 12 	 200 	 3751 	 0
1787310734597 	 14 	 200 	 3752 	 0
1787310734616 	 17 	 200 	 3754 	 1
1787310734623 	 16 	 200 	 3754 	 0
1787310734668 	 17 	 200 	 3756 	 1
1787310734680 	 21 	 200 	 3759 	 3
1787310734692 	 16 	 200 	 3760 	 3
1787310734695 	 14 	 200 	 3760 	 2
1787310734694 	 16 	 200 	 3760 	 1
1787310734708 	 15 	 200 	 3761 	 1
1787310734719 	 14 	 200 	 3761 	 0
1787310734763 	 20 	 200 	 3763 	 1
1787310734769 	 18 	 200 	 3763 	 0
1787310734790 	 17 	 200 	 3764 	 0
1787310734825 	 15 	 200 	 3767 	 2
1787310734831 	 16 	 200 	 3767 	 1
1787310734839 	 13 	 200 	 3767 	 0
1787310734855 	 15 	 200 	 3770 	 2
1787310734865 	 22 	 200 	 3771 	 2
1787310734868 	 20 	 200 	 3771 	 1
1787310734872 	 27 	 200 	 3772 	 1
1787310734899 	 16 	 200 	 3774 	 2
1787310734902 	 16 	 200 	 3774 	 1
1787310734905 	 16 	 200 	 3774 	 0
1787310734929 	 13 	 200 	 3775 	 0
1787310734958 	 13 	 200 	 3776 	 0
1787310734986 	 14 	 200 	 3777 	 0
1787310735028 	 30 	 200 	 3778 	 0
1787310735105 	 39 	 200 	 3784 	 5
1787310735115 	 31 	 200 	 3784 	 4
1787310735127 	 23 	 200 	 3784 	 3
1787310735132 	 24 	 200 	 3785 	 3
1787310735133 	 22 	 200 	 3785 	 2
1787310735135 	 22 	 200 	 3785 	 1
1787310735153 	 39 	 200 	 3790 	 5
1787310735169 	 38 	 200 	 3791 	 5
1787310735188 	 23 	 200 	 3791 	 4
1787310735187 	 25 	 200 	 3791 	 3
1787310735171 	 44 	 200 	 3791 	 2
1787310735163 	 54 	 200 	 3791 	 1
1787310735204 	 17 	 200 	 3791 	 0
1787310735237 	 21 	 200 	 3794 	 2
1787310735243 	 16 	 200 	 3794 	 1
1787310735252 	 14 	 200 	 3795 	 1
1787310735266 	 26 	 200 	 3797 	 2
1787310735272 	 41 	 200 	 3800 	 4
1787310735285 	 30 	 200 	 3800 	 3
1787310735298 	 19 	 200 	 3800 	 2
1787310735304 	 20 	 200 	 3803 	 4
1787310735310 	 18 	 200 	 3804 	 4
1787310735319 	 23 	 200 	 3804 	 3
1787310735323 	 24 	 200 	 3805 	 3
1787310735320 	 29 	 200 	 3805 	 2
1787310735355 	 20 	 200 	 3806 	 2
1787310735347 	 46 	 200 	 3808 	 3
1787310735327 	 89 	 200 	 3809 	 3
1787310735406 	 19 	 200 	 3809 	 2
1787310735385 	 40 	 200 	 3809 	 1
1787310735383 	 42 	 200 	 3809 	 0
1787310735436 	 14 	 200 	 3811 	 1
1787310735447 	 14 	 200 	 3813 	 2
1787310735452 	 15 	 200 	 3813 	 1
1787310735458 	 25 	 200 	 3815 	 2
1787310735470 	 17 	 200 	 3816 	 2
1787310735473 	 17 	 200 	 3816 	 1
1787310735487 	 20 	 200 	 3816 	 0
1787310735514 	 16 	 200 	 3817 	 0
1787310735545 	 18 	 200 	 3821 	 3
1787310735546 	 17 	 200 	 3821 	 2
1787310735559 	 14 	 200 	 3821 	 1
1787310735563 	 17 	 200 	 3821 	 0
1787310735596 	 17 	 200 	 3827 	 5
1787310735596 	 24 	 200 	 3827 	 4
1787310735598 	 24 	 200 	 3828 	 4
1787310735597 	 27 	 200 	 3828 	 3
1787310735610 	 18 	 200 	 3828 	 2
1787310735609 	 23 	 200 	 3829 	 2
1787310735622 	 20 	 200 	 3830 	 2
1787310735644 	 12 	 200 	 3830 	 1
1787310735629 	 30 	 200 	 3830 	 0
1787310735679 	 14 	 200 	 3832 	 1
1787310735691 	 16 	 200 	 3833 	 1
1787310735703 	 30 	 200 	 3833 	 0
1787310735803 	 14 	 200 	 3835 	 1
1787310735813 	 15 	 200 	 3835 	 0
1787310735835 	 16 	 200 	 3838 	 2
1787310735842 	 14 	 200 	 3838 	 1
1787310735846 	 16 	 200 	 3838 	 0
1787310735868 	 15 	 200 	 3839 	 0
1787310735888 	 15 	 200 	 3842 	 2
1787310735892 	 14 	 200 	 3842 	 1
1787310735902 	 16 	 200 	 3843 	 1
1787310735912 	 18 	 200 	 3845 	 2
1787310735921 	 15 	 200 	 3845 	 1
1787310735931 	 13 	 200 	 3845 	 0
1787310735947 	 17 	 200 	 3846 	 0
1787310735976 	 13 	 200 	 3847 	 0
1787310736000 	 13 	 200 	 3848 	 0
1787310736015 	 15 	 200 	 3851 	 2
1787310736016 	 16 	 200 	 3851 	 1
1787310736028 	 16 	 200 	 3853 	 2
1787310736037 	 13 	 200 	 3853 	 1
1787310736040 	 12 	 200 	 3853 	 0
1787310736084 	 30 	 200 	 3855 	 1
1787310736101 	 18 	 200 	 3855 	 0
1787310736152 	 33 	 200 	 3858 	 2
1787310736172 	 33 	 200 	 3862 	 5
1787310736189 	 19 	 200 	 3862 	 4
1787310736192 	 52 	 200 	 3865 	 6
1787310736203 	 40 	 200 	 3865 	 5
1787310736182 	 62 	 200 	 3865 	 4
1787310736210 	 46 	 200 	 3866 	 5
1787310736202 	 59 	 200 	 3867 	 4
1787310736211 	 52 	 200 	 3867 	 3
1787310736250 	 44 	 200 	 3870 	 5
1787310736214 	 80 	 200 	 3870 	 4
1787310736266 	 29 	 200 	 3870 	 3
1787310736257 	 39 	 200 	 3870 	 2
1787310736275 	 33 	 200 	 3870 	 1
1787310736275 	 34 	 200 	 3870 	 0
1787310736335 	 14 	 200 	 3872 	 1
1787310736341 	 15 	 200 	 3872 	 0
1787310736359 	 14 	 200 	 3874 	 1
1787310736371 	 16 	 200 	 3874 	 0
1787310736397 	 26 	 200 	 3876 	 1
1787310736424 	 14 	 200 	 3877 	 1
1787310736429 	 15 	 200 	 3879 	 2
1787310736440 	 13 	 200 	 3879 	 1
1787310736443 	 14 	 200 	 3879 	 0
1787310736459 	 18 	 200 	 3881 	 1
1787310736466 	 17 	 200 	 3882 	 1
1787310736482 	 15 	 200 	 3882 	 0
1787310736509 	 16 	 200 	 3884 	 1
1787310736520 	 13 	 200 	 3885 	 1
1787310736527 	 13 	 200 	 3885 	 0
1787310736563 	 15 	 200 	 3887 	 1
1787310736574 	 14 	 200 	 3888 	 1
1787310736580 	 18 	 200 	 3888 	 0
1787310736610 	 15 	 200 	 3890 	 1
1787310736620 	 13 	 200 	 3891 	 1
1787310736630 	 13 	 200 	 3891 	 0
1787310736644 	 17 	 200 	 3896 	 4
1787310736655 	 18 	 200 	 3896 	 3
1787310736657 	 19 	 200 	 3897 	 3
1787310736661 	 19 	 200 	 3898 	 3
1787310736660 	 25 	 200 	 3899 	 3
1787310736676 	 22 	 200 	 3900 	 3
1787310736680 	 18 	 200 	 3900 	 2
1787310736683 	 33 	 200 	 3903 	 4
1787310736709 	 13 	 200 	 3903 	 3
1787310736690 	 53 	 200 	 3904 	 3
1787310736714 	 43 	 200 	 3904 	 2
1787310736739 	 19 	 200 	 3905 	 2
1787310736711 	 50 	 200 	 3905 	 1
1787310736759 	 20 	 200 	 3907 	 2
1787310736768 	 15 	 200 	 3908 	 3
1787310736778 	 17 	 200 	 3909 	 2
1787310736784 	 14 	 200 	 3909 	 1
1787310736782 	 19 	 200 	 3909 	 0
1787310736812 	 14 	 200 	 3913 	 3
1787310736811 	 33 	 200 	 3916 	 5
1787310736812 	 32 	 200 	 3916 	 4
1787310736825 	 34 	 200 	 3918 	 5
1787310736845 	 17 	 200 	 3919 	 5
1787310736843 	 19 	 200 	 3919 	 5
1787310736828 	 37 	 200 	 3920 	 4
1787310736857 	 37 	 200 	 3920 	 3
1787310736856 	 43 	 200 	 3920 	 2
1787310736861 	 45 	 200 	 3920 	 1
1787310736864 	 55 	 200 	 3921 	 1
1787310736912 	 14 	 200 	 3922 	 1
1787310736926 	 27 	 200 	 3924 	 2
1787310736938 	 21 	 200 	 3925 	 2
1787310736938 	 24 	 200 	 3925 	 1
1787310736957 	 13 	 200 	 3925 	 0
1787310736974 	 19 	 200 	 3926 	 0
1787310737010 	 14 	 200 	 3927 	 0
1787310737248 	 23 	 200 	 3928 	 0
1787310739221 	 33 	 200 	 3931 	 2
1787310739250 	 16 	 200 	 3932 	 2
1787310739223 	 43 	 200 	 3932 	 1
1787310739263 	 16 	 200 	 3932 	 0
1787310739287 	 22 	 200 	 3933 	 0
1787310739313 	 16 	 200 	 3935 	 1
1787310739316 	 17 	 200 	 3936 	 1
1787310739332 	 13 	 200 	 3937 	 1
1787310739337 	 14 	 200 	 3937 	 0
1787310739356 	 24 	 200 	 3940 	 2
1787310739362 	 22 	 200 	 3940 	 1
1787310739371 	 15 	 200 	 3941 	 1
1787310739385 	 17 	 200 	 3945 	 4
1787310739389 	 17 	 200 	 3945 	 3
1787310739396 	 17 	 200 	 3945 	 2
1787310739401 	 15 	 200 	 3945 	 1
1787310739398 	 20 	 200 	 3945 	 0
1787310739431 	 15 	 200 	 3947 	 1
1787310739441 	 16 	 200 	 3950 	 3
1787310739453 	 17 	 200 	 3951 	 3
1787310739449 	 22 	 200 	 3951 	 2
1787310739452 	 20 	 200 	 3951 	 1
1787310739463 	 13 	 200 	 3951 	 1
1787310739478 	 28 	 200 	 3954 	 2
1787310739477 	 34 	 200 	 3955 	 2
1787310739501 	 16 	 200 	 3956 	 2
1787310739513 	 30 	 200 	 3959 	 4
1787310739511 	 33 	 200 	 3959 	 3
1787310739523 	 21 	 200 	 3959 	 2
1787310739525 	 32 	 200 	 3959 	 1
1787310739539 	 19 	 200 	 3959 	 0
1787310739565 	 13 	 200 	 3960 	 0
1787310739599 	 17 	 200 	 3961 	 0
1787310739622 	 13 	 200 	 3962 	 0
1787310739638 	 13 	 200 	 3964 	 1
1787310739649 	 13 	 200 	 3966 	 2
1787310739656 	 16 	 200 	 3968 	 3
1787310739656 	 15 	 200 	 3968 	 2
1787310739671 	 13 	 200 	 3968 	 1
1787310739668 	 17 	 200 	 3968 	 0
1787310739696 	 13 	 200 	 3969 	 0
1787310739719 	 13 	 200 	 3971 	 1
1787310739726 	 12 	 200 	 3971 	 0
1787310739740 	 14 	 200 	 3972 	 0
1787310739760 	 17 	 200 	 3973 	 0
1787310739781 	 15 	 200 	 3974 	 0
1787310739799 	 17 	 200 	 3978 	 4
1787310739803 	 16 	 200 	 3979 	 3
1787310739801 	 29 	 200 	 3979 	 2
1787310739813 	 19 	 200 	 3979 	 1
1787310739817 	 16 	 200 	 3979 	 0
1787310739846 	 13 	 200 	 3981 	 1
1787310739851 	 17 	 200 	 3981 	 0
1787310739883 	 15 	 200 	 3984 	 2
1787310739890 	 16 	 200 	 3984 	 1
1787310739894 	 14 	 200 	 3984 	 0
1787310739912 	 12 	 200 	 3985 	 0
1787310739935 	 18 	 200 	 3989 	 3
1787310739950 	 15 	 200 	 3990 	 3
1787310739948 	 19 	 200 	 3990 	 2
1787310739950 	 17 	 200 	 3990 	 1
1787310739966 	 19 	 200 	 3991 	 1
1787310739984 	 13 	 200 	 3993 	 2
1787310739989 	 15 	 200 	 3994 	 2
1787310739996 	 14 	 200 	 3994 	 1
1787310739999 	 12 	 200 	 3994 	 0
1787310740015 	 22 	 200 	 3996 	 1
1787310740019 	 20 	 200 	 3996 	 0
1787310740048 	 19 	 200 	 4000 	 3
1787310740056 	 16 	 200 	 4000 	 2
1787310740063 	 17 	 200 	 4000 	 1
1787310740068 	 14 	 200 	 4000 	 0
1787310740085 	 12 	 200 	 4001 	 0
1787310740106 	 15 	 200 	 4003 	 1
1787310740114 	 14 	 200 	 4003 	 0
1787310740137 	 15 	 200 	 4005 	 1
1787310740147 	 18 	 200 	 4007 	 2
1787310740154 	 14 	 200 	 4007 	 1
1787310740166 	 18 	 200 	 4010 	 3
1787310740170 	 17 	 200 	 4010 	 2
1787310740176 	 19 	 200 	 4010 	 1
1787310740182 	 15 	 200 	 4010 	 0
1787310740201 	 15 	 200 	 4011 	 0
1787310740220 	 12 	 200 	 4012 	 0
1787310740249 	 13 	 200 	 4013 	 0
1787310740266 	 16 	 200 	 4014 	 0
1787310740286 	 13 	 200 	 4016 	 1
1787310740295 	 15 	 200 	 4016 	 0
1787310740313 	 13 	 200 	 4019 	 3
1787310740319 	 14 	 200 	 4021 	 3
1787310740316 	 23 	 200 	 4021 	 2
1787310740327 	 13 	 200 	 4021 	 1
1787310740333 	 17 	 200 	 4022 	 1
1787310740345 	 14 	 200 	 4022 	 0
1787310740363 	 15 	 200 	 4023 	 0
1787310740382 	 18 	 200 	 4025 	 1
1787310740384 	 18 	 200 	 4025 	 0
1787310740434 	 19 	 200 	 4029 	 3
1787310740434 	 19 	 200 	 4029 	 2
1787310740436 	 20 	 200 	 4029 	 1
1787310740438 	 18 	 200 	 4029 	 0
1787310740477 	 20 	 200 	 4035 	 5
1787310740486 	 16 	 200 	 4036 	 5
1787310740491 	 23 	 200 	 4036 	 4
1787310740487 	 28 	 200 	 4036 	 3
1787310740500 	 16 	 200 	 4036 	 2
1787310740492 	 24 	 200 	 4036 	 1
1787310740492 	 27 	 200 	 4036 	 0
1787310740562 	 14 	 200 	 4038 	 1
1787310740576 	 17 	 200 	 4039 	 1
1787310740587 	 18 	 200 	 4039 	 1
1787310740606 	 14 	 200 	 4041 	 1
1787310740620 	 15 	 200 	 4041 	 0
1787310740663 	 18 	 200 	 4042 	 0
1787310740689 	 13 	 200 	 4043 	 0
1787310740705 	 17 	 200 	 4046 	 2
1787310740717 	 13 	 200 	 4046 	 1
1787310740713 	 18 	 200 	 4046 	 0
1787310740733 	 15 	 200 	 4047 	 0
1787310740757 	 14 	 200 	 4050 	 2
1787310740762 	 15 	 200 	 4051 	 2
1787310740763 	 15 	 200 	 4051 	 1
1787310740776 	 18 	 200 	 4055 	 4
1787310740791 	 20 	 200 	 4058 	 6
1787310740787 	 25 	 200 	 4058 	 5
1787310740794 	 22 	 200 	 4058 	 4
1787310740799 	 27 	 200 	 4058 	 3
1787310740801 	 42 	 200 	 4058 	 2
1787310740799 	 44 	 200 	 4058 	 1
1787310740795 	 48 	 200 	 4058 	 0
1787310740887 	 15 	 200 	 4059 	 0
1787310740910 	 18 	 200 	 4062 	 2
1787310740917 	 13 	 200 	 4062 	 1
1787310740924 	 17 	 200 	 4063 	 1
1787310740937 	 16 	 200 	 4064 	 1
1787310740948 	 13 	 200 	 4064 	 0
1787310740968 	 28 	 200 	 4068 	 3
1787310740969 	 27 	 200 	 4068 	 2
1787310740971 	 26 	 200 	 4068 	 1
1787310740976 	 23 	 200 	 4068 	 0
1787310741002 	 19 	 200 	 4069 	 0
1787310741039 	 41 	 200 	 4071 	 1
1787310741046 	 37 	 200 	 4071 	 0
1787310741095 	 17 	 200 	 4073 	 1
1787310741100 	 14 	 200 	 4074 	 1
1787310741114 	 18 	 200 	 4075 	 1
1787310741118 	 16 	 200 	 4075 	 0
1787310741157 	 17 	 200 	 4078 	 2
1787310741175 	 23 	 200 	 4082 	 5
1787310741170 	 29 	 200 	 4082 	 4
1787310741183 	 23 	 200 	 4082 	 3
1787310741184 	 26 	 200 	 4082 	 2
1787310741185 	 26 	 200 	 4082 	 1
1787310741191 	 21 	 200 	 4082 	 0
1787310741235 	 12 	 200 	 4083 	 0
1787310741259 	 14 	 200 	 4084 	 0
1787310741306 	 17 	 200 	 4085 	 0
1787310741337 	 13 	 200 	 4086 	 0
1787310741363 	 17 	 200 	 4088 	 1
1787310741375 	 14 	 200 	 4088 	 0
1787310741393 	 13 	 200 	 4089 	 0
1787310741444 	 27 	 200 	 4091 	 1
1787310741456 	 18 	 200 	 4091 	 0
1787310741478 	 14 	 200 	 4092 	 0
1787310741500 	 17 	 200 	 4093 	 0
1787310741548 	 18 	 200 	 4096 	 2
1787310741558 	 13 	 200 	 4096 	 1
1787310741567 	 13 	 200 	 4097 	 2
1787310741581 	 24 	 200 	 4101 	 4
1787310741584 	 25 	 200 	 4101 	 3
1787310741582 	 28 	 200 	 4101 	 2
1787310741580 	 30 	 200 	 4101 	 1
1787310741599 	 22 	 200 	 4101 	 0
1787310741676 	 14 	 200 	 4102 	 0
1787310741702 	 15 	 200 	 4105 	 2
1787310741693 	 63 	 200 	 4106 	 2
1787310741760 	 59 	 200 	 4112 	 7
1787310741760 	 60 	 200 	 4112 	 6
1787310741787 	 35 	 200 	 4112 	 5
1787310741809 	 20 	 200 	 4112 	 4
1787310741835 	 35 	 200 	 4114 	 5
1787310741836 	 36 	 200 	 4114 	 4
1787310741697 	 220 	 200 	 4117 	 6
1787310741796 	 126 	 200 	 4117 	 5
1787310741886 	 38 	 200 	 4117 	 4
1787310741796 	 128 	 200 	 4117 	 3
1787310741877 	 48 	 200 	 4117 	 2
1787310741749 	 177 	 200 	 4118 	 2
1787310741893 	 76 	 200 	 4119 	 2
1787310741927 	 42 	 200 	 4119 	 1
1787310741931 	 43 	 200 	 4119 	 0
1787310741975 	 13 	 200 	 4120 	 0
1787310741993 	 14 	 200 	 4121 	 0
1787310742029 	 14 	 200 	 4124 	 2
1787310742039 	 18 	 200 	 4124 	 1
1787310742042 	 17 	 200 	 4124 	 0
1787310742062 	 15 	 200 	 4125 	 0
1787310742093 	 19 	 200 	 4129 	 3
1787310742104 	 16 	 200 	 4131 	 4
1787310742119 	 17 	 200 	 4132 	 4
1787310742121 	 16 	 200 	 4132 	 3
1787310742123 	 16 	 200 	 4132 	 2
1787310742161 	 13 	 200 	 4133 	 2
1787310742100 	 115 	 200 	 4136 	 4
1787310742178 	 43 	 200 	 4136 	 3
1787310742194 	 28 	 200 	 4136 	 2
1787310742230 	 22 	 200 	 4140 	 5
1787310742209 	 67 	 200 	 4141 	 6
1787310742243 	 74 	 200 	 4142 	 5
1787310742267 	 55 	 200 	 4142 	 4
1787310742242 	 80 	 200 	 4142 	 3
1787310742252 	 71 	 200 	 4142 	 2
1787310742341 	 33 	 200 	 4144 	 3
1787310742277 	 144 	 200 	 4146 	 4
1787310742375 	 48 	 200 	 4146 	 3
1787310742405 	 18 	 200 	 4146 	 2
1787310742415 	 14 	 200 	 4146 	 1
1787310742478 	 39 	 200 	 4148 	 2
1787310742515 	 16 	 200 	 4150 	 3
1787310742523 	 18 	 200 	 4152 	 4
1787310742520 	 21 	 200 	 4152 	 3
1787310742537 	 37 	 200 	 4154 	 4
1787310742536 	 44 	 200 	 4154 	 3
1787310742561 	 20 	 200 	 4154 	 2
1787310742593 	 35 	 200 	 4159 	 6
1787310742583 	 46 	 200 	 4159 	 5
1787310742571 	 59 	 200 	 4159 	 4
1787310742618 	 20 	 200 	 4159 	 3
1787310742621 	 45 	 200 	 4159 	 2
1787310742601 	 81 	 200 	 4160 	 2
1787310742097 	 588 	 200 	 4160 	 1
1787310742677 	 14 	 200 	 4160 	 0
1787310742695 	 13 	 200 	 4162 	 1
1787310742704 	 31 	 200 	 4165 	 3
1787310742726 	 18 	 200 	 4166 	 4
1787310742722 	 22 	 200 	 4167 	 3
1787310742722 	 22 	 200 	 4167 	 2
1787310742739 	 15 	 200 	 4167 	 1
1787310742745 	 14 	 200 	 4168 	 1
1787310742759 	 13 	 200 	 4169 	 1
1787310742763 	 13 	 200 	 4170 	 1
1787310742775 	 13 	 200 	 4172 	 2
1787310742779 	 18 	 200 	 4172 	 1
1787310742789 	 14 	 200 	 4173 	 1
1787310742803 	 16 	 200 	 4175 	 2
1787310742810 	 17 	 200 	 4176 	 2
1787310742820 	 13 	 200 	 4176 	 1
1787310742824 	 14 	 200 	 4176 	 0
1787310742842 	 15 	 200 	 4178 	 1
1787310742849 	 17 	 200 	 4178 	 0
1787310742878 	 15 	 200 	 4182 	 3
1787310742883 	 18 	 200 	 4183 	 3
1787310742886 	 16 	 200 	 4183 	 2
1787310742888 	 18 	 200 	 4185 	 3
1787310742901 	 25 	 200 	 4188 	 5
1787310742911 	 19 	 200 	 4188 	 4
1787310742915 	 29 	 200 	 4190 	 5
1787310742906 	 38 	 200 	 4190 	 4
1787310742905 	 41 	 200 	 4190 	 3
1787310742931 	 24 	 200 	 4190 	 2
1787310742924 	 33 	 200 	 4190 	 1
1787310742933 	 24 	 200 	 4190 	 0
1787310742983 	 21 	 200 	 4192 	 1
1787310743008 	 12 	 200 	 4195 	 3
1787310743021 	 13 	 200 	 4195 	 2
1787310743011 	 110 	 200 	 4196 	 2
1787310743103 	 49 	 200 	 4198 	 3
1787310743131 	 23 	 200 	 4198 	 2
1787310743142 	 51 	 200 	 4201 	 4
1787310742981 	 236 	 200 	 4203 	 5
1787310743161 	 57 	 200 	 4203 	 4
1787310743184 	 39 	 200 	 4204 	 4
1787310743202 	 30 	 200 	 4204 	 3
1787310743189 	 43 	 200 	 4204 	 2
1787310743214 	 21 	 200 	 4204 	 1
1787310743222 	 15 	 200 	 4204 	 0
1787310743240 	 14 	 200 	 4206 	 1
1787310743241 	 13 	 200 	 4206 	 0
1787310743266 	 17 	 200 	 4207 	 0
1787310743663 	 16 	 200 	 4208 	 0
1787310743902 	 13 	 200 	 4209 	 0
1787310744065 	 34 	 200 	 4210 	 0
1787310744244 	 37 	 200 	 4211 	 0
1787310744574 	 32 	 200 	 4212 	 0
1787310745649 	 35 	 200 	 4213 	 0
1787310745767 	 14 	 200 	 4215 	 1
1787310745775 	 19 	 200 	 4215 	 0
1787310745826 	 15 	 200 	 4216 	 0
1787310746638 	 12 	 200 	 4219 	 2
1787310746636 	 21 	 200 	 4219 	 1
1787310746651 	 13 	 200 	 4219 	 0
1787310746666 	 21 	 200 	 4221 	 1
1787310746669 	 25 	 200 	 4222 	 1
1787310746692 	 15 	 200 	 4223 	 1
1787310746699 	 18 	 200 	 4224 	 1
1787310746715 	 13 	 200 	 4225 	 1
1787310746725 	 13 	 200 	 4225 	 0
1787310746745 	 14 	 200 	 4226 	 0
1787310746779 	 15 	 200 	 4229 	 2
1787310746791 	 23 	 200 	 4232 	 4
1787310746786 	 29 	 200 	 4232 	 3
1787310746808 	 15 	 200 	 4232 	 2
1787310746806 	 18 	 200 	 4232 	 1
1787310746811 	 16 	 200 	 4232 	 0
1787310746836 	 15 	 200 	 4234 	 1
1787310746842 	 18 	 200 	 4235 	 1
1787310746857 	 13 	 200 	 4236 	 1
1787310746869 	 13 	 200 	 4236 	 0
1787310746902 	 23 	 200 	 4243 	 6
1787310746898 	 27 	 200 	 4243 	 5
1787310746899 	 27 	 200 	 4243 	 4
1787310746905 	 23 	 200 	 4243 	 3
1787310746911 	 19 	 200 	 4243 	 2
1787310746916 	 21 	 200 	 4244 	 2
1787310746921 	 20 	 200 	 4245 	 2
1787310746937 	 18 	 200 	 4246 	 2
1787310746941 	 16 	 200 	 4246 	 1
1787310746950 	 15 	 200 	 4246 	 0
1787310746980 	 14 	 200 	 4248 	 1
1787310746987 	 17 	 200 	 4249 	 1
1787310747000 	 15 	 200 	 4249 	 0
1787310747050 	 34 	 200 	 4254 	 4
1787310747058 	 27 	 200 	 4254 	 3
1787310747063 	 22 	 200 	 4254 	 2
1787310747061 	 31 	 200 	 4254 	 1
1787310747081 	 17 	 200 	 4255 	 1
1787310747098 	 13 	 200 	 4255 	 0
1787310747140 	 53 	 200 	 4261 	 5
1787310747158 	 35 	 200 	 4261 	 4
1787310747163 	 49 	 200 	 4264 	 6
1787310747166 	 46 	 200 	 4264 	 5
1787310747208 	 15 	 200 	 4265 	 5
1787310747209 	 35 	 200 	 4268 	 7
1787310747196 	 50 	 200 	 4269 	 7
1787310747239 	 41 	 200 	 4270 	 7
1787310747216 	 64 	 200 	 4270 	 6
1787310747244 	 37 	 200 	 4270 	 5
1787310747262 	 22 	 200 	 4270 	 4
1787310747238 	 46 	 200 	 4270 	 3
1787310747165 	 151 	 200 	 4274 	 6
1787310747246 	 75 	 200 	 4274 	 5
1787310747300 	 70 	 200 	 4279 	 9
1787310747305 	 67 	 200 	 4279 	 8
1787310747310 	 63 	 200 	 4279 	 7
1787310747295 	 84 	 200 	 4279 	 6
1787310747324 	 62 	 200 	 4279 	 5
1787310747406 	 61 	 200 	 4282 	 7
1787310747416 	 56 	 200 	 4283 	 7
1787310747400 	 74 	 200 	 4283 	 6
1787310747372 	 102 	 200 	 4283 	 5
1787310747471 	 16 	 200 	 4284 	 6
1787310747327 	 191 	 200 	 4286 	 6
1787310747354 	 164 	 200 	 4286 	 5
1787310747488 	 30 	 200 	 4286 	 4
1787310747483 	 82 	 200 	 4287 	 4
1787310747549 	 22 	 200 	 4289 	 5
1787310747354 	 217 	 200 	 4289 	 4
1787310747496 	 126 	 200 	 4292 	 6
1787310747570 	 105 	 200 	 4297 	 11
1787310747637 	 42 	 200 	 4298 	 10
1787310747613 	 72 	 200 	 4298 	 9
1787310747598 	 87 	 200 	 4298 	 8
1787310747652 	 35 	 200 	 4298 	 7
1787310747583 	 103 	 200 	 4298 	 6
1787310747664 	 26 	 200 	 4298 	 5
1787310747567 	 124 	 200 	 4298 	 4
1787310747700 	 73 	 200 	 4305 	 10
1787310747678 	 96 	 200 	 4305 	 9
1787310747709 	 68 	 200 	 4305 	 8
1787310747658 	 124 	 200 	 4306 	 8
1787310747751 	 32 	 200 	 4306 	 7
1787310747716 	 76 	 200 	 4307 	 7
1787310747720 	 97 	 200 	 4309 	 8
1787310747726 	 93 	 200 	 4309 	 7
1787310747780 	 103 	 200 	 4311 	 8
1787310747626 	 259 	 200 	 4311 	 7
1787310747795 	 90 	 200 	 4311 	 8
1787310747786 	 99 	 200 	 4313 	 7
1787310747834 	 59 	 200 	 4313 	 6
1787310747896 	 98 	 200 	 4323 	 20
1787310747891 	 103 	 200 	 4324 	 19
1787310747878 	 119 	 200 	 4325 	 18
1787310747905 	 91 	 200 	 4326 	 17
1787310747901 	 99 	 200 	 4327 	 16
1787310747728 	 316 	 200 	 4328 	 16
1787310747943 	 152 	 200 	 4329 	 18
1787310747906 	 193 	 200 	 4330 	 18
1787310747795 	 304 	 200 	 4331 	 17
1787310747996 	 148 	 200 	 4332 	 18
1787310747940 	 207 	 200 	 4333 	 17
1787310747912 	 283 	 200 	 4334 	 20
1787310748003 	 197 	 200 	 4335 	 19
1787310747920 	 278 	 200 	 4336 	 18
1787310747963 	 238 	 200 	 4337 	 17
1787310748001 	 198 	 200 	 4338 	 16
1787310748045 	 196 	 200 	 4339 	 22
1787310748097 	 145 	 200 	 4340 	 21
1787310747933 	 361 	 200 	 4341 	 25
1787310748103 	 241 	 200 	 4342 	 30
1787310747889 	 478 	 200 	 4343 	 30
1787310748197 	 171 	 200 	 4344 	 29
1787310747998 	 373 	 200 	 4345 	 28
1787310748146 	 248 	 200 	 4346 	 27
1787310748296 	 100 	 200 	 4347 	 26
1787310748101 	 298 	 200 	 4348 	 25
1787310748000 	 403 	 200 	 4349 	 24
1787310748368 	 125 	 200 	 4350 	 27
1787310748244 	 250 	 200 	 4351 	 26
1787310748201 	 301 	 200 	 4352 	 25
1787310748346 	 155 	 200 	 4353 	 24
1787310748149 	 397 	 200 	 4354 	 24
1787310748370 	 177 	 200 	 4355 	 23
1787310748205 	 343 	 200 	 4356 	 22
1787310748244 	 305 	 200 	 4357 	 21
1787310748203 	 392 	 200 	 4358 	 26
1787310748398 	 197 	 200 	 4359 	 25
1787310748497 	 99 	 200 	 4360 	 24
1787310748207 	 437 	 200 	 4361 	 24
1787310748547 	 131 	 200 	 4362 	 25
1787310748504 	 179 	 200 	 4363 	 25
1787310748550 	 133 	 200 	 4364 	 24
1787310748404 	 312 	 200 	 4365 	 25
1787310748401 	 316 	 200 	 4366 	 24
1787310748688 	 54 	 200 	 4367 	 25
1787310748719 	 48 	 200 	 4368 	 27
1787310748372 	 397 	 200 	 4369 	 26
1787310748744 	 54 	 200 	 4370 	 27
1787310748597 	 204 	 200 	 4371 	 26
1787310748718 	 83 	 200 	 4372 	 25
1787310748551 	 252 	 200 	 4373 	 24
1787310748597 	 286 	 200 	 4374 	 26
1787310748504 	 387 	 200 	 4375 	 26
1787310748598 	 297 	 200 	 4376 	 25
1787310748768 	 128 	 200 	 4377 	 24
1787310748799 	 179 	 200 	 4378 	 29
1787310748497 	 486 	 200 	 4379 	 29
1787310748770 	 250 	 200 	 4380 	 30
1787310748896 	 180 	 200 	 4381 	 33
1787310748988 	 102 	 200 	 4382 	 36
1787310748679 	 440 	 200 	 4383 	 38
1787310748805 	 361 	 200 	 4384 	 43
1787310748807 	 361 	 200 	 4385 	 42
1787310749022 	 143 	 200 	 4386 	 41
1787310748897 	 275 	 200 	 4387 	 41
1787310748646 	 527 	 200 	 4388 	 40
1787310748809 	 361 	 200 	 4389 	 39
1787310748894 	 286 	 200 	 4390 	 38
1787310749077 	 106 	 200 	 4391 	 38
1787310748886 	 300 	 200 	 4392 	 37
1787310749092 	 102 	 200 	 4393 	 36
1787310749170 	 75 	 200 	 4394 	 36
1787310748548 	 731 	 200 	 4395 	 35
1787310748686 	 655 	 200 	 4396 	 38
1787310749123 	 220 	 200 	 4397 	 37
1787310748395 	 950 	 200 	 4398 	 36
1787310749172 	 176 	 200 	 4399 	 35
1787310749196 	 186 	 200 	 4400 	 37
1787310749344 	 55 	 200 	 4401 	 37
1787310749176 	 268 	 200 	 4402 	 36
1787310749345 	 99 	 200 	 4403 	 35
1787310749182 	 264 	 200 	 4404 	 34
1787310749281 	 164 	 200 	 4405 	 33
1787310749168 	 275 	 200 	 4406 	 32
1787310749347 	 130 	 200 	 4407 	 33
1787310749247 	 239 	 200 	 4408 	 32
1787310749350 	 192 	 200 	 4409 	 35
1787310749400 	 143 	 200 	 4410 	 34
1787310749386 	 162 	 200 	 4411 	 34
1787310749174 	 392 	 200 	 4412 	 35
1787310749178 	 415 	 200 	 4413 	 35
1787310749489 	 108 	 200 	 4414 	 34
1787310749449 	 149 	 200 	 4415 	 33
1787310749189 	 412 	 200 	 4416 	 32
1787310749545 	 58 	 200 	 4417 	 32
1787310749186 	 459 	 200 	 4418 	 37
1787310749447 	 200 	 200 	 4419 	 36
1787310748981 	 670 	 200 	 4420 	 35
1787310749449 	 295 	 200 	 4421 	 38
1787310749450 	 295 	 200 	 4422 	 38
1787310749604 	 141 	 200 	 4423 	 37
1787310749446 	 324 	 200 	 4424 	 42
1787310749550 	 225 	 200 	 4425 	 41
1787310749544 	 277 	 200 	 4426 	 45
1787310749567 	 257 	 200 	 4427 	 44
1787310749646 	 228 	 200 	 4428 	 46
1787310749606 	 266 	 200 	 4429 	 45
1787310749745 	 137 	 200 	 4430 	 45
1787310749479 	 441 	 200 	 4431 	 47
1787310749771 	 195 	 200 	 4432 	 50
1787310747161 	 2814 	 200 	 4433 	 51
1787310749748 	 233 	 200 	 4434 	 50
1787310749746 	 236 	 200 	 4435 	 49
1787310749649 	 335 	 200 	 4436 	 48
1787310749600 	 418 	 200 	 4437 	 51
1787310749876 	 190 	 200 	 4438 	 54
1787310749608 	 464 	 200 	 4439 	 53
1787310749879 	 219 	 200 	 4440 	 54
1787310749823 	 277 	 200 	 4441 	 53
1787310749653 	 492 	 200 	 4442 	 55
1787310749826 	 369 	 200 	 4443 	 58
1787310749595 	 624 	 200 	 4444 	 59
1787310749921 	 348 	 200 	 4445 	 61
1787310750102 	 170 	 200 	 4446 	 60
1787310749777 	 495 	 200 	 4447 	 59
1787310750069 	 216 	 200 	 4448 	 60
1787310749988 	 294 	 200 	 4449 	 59
1787310750021 	 266 	 200 	 4450 	 58
1787310749884 	 460 	 200 	 4451 	 59
1787310749984 	 383 	 200 	 4452 	 60
1787310749967 	 404 	 200 	 4453 	 59
1787310749990 	 403 	 200 	 4454 	 59
1787310749979 	 419 	 200 	 4455 	 58
1787310750279 	 116 	 200 	 4456 	 57
1787310750147 	 256 	 200 	 4457 	 60
1787310750289 	 148 	 200 	 4458 	 60
1787310750272 	 169 	 200 	 4459 	 59
1787310750197 	 250 	 200 	 4460 	 58
1787310750346 	 122 	 200 	 4461 	 58
1787310750102 	 390 	 200 	 4462 	 57
1787310750371 	 123 	 200 	 4463 	 56
1787310750275 	 213 	 200 	 4464 	 55
1787310750222 	 276 	 200 	 4465 	 54
1787310750400 	 141 	 200 	 4466 	 58
1787310750073 	 469 	 200 	 4467 	 57
1787310750403 	 142 	 200 	 4468 	 56
1787310750373 	 171 	 200 	 4469 	 55
1787310750292 	 254 	 200 	 4470 	 55
1787310750396 	 152 	 200 	 4471 	 54
1787310750289 	 253 	 200 	 4472 	 53
1787310750406 	 143 	 200 	 4473 	 52
1787310750445 	 148 	 200 	 4474 	 55
1787310750449 	 145 	 200 	 4475 	 54
1787310750447 	 147 	 200 	 4476 	 53
1787310750500 	 95 	 200 	 4477 	 52
1787310750502 	 145 	 200 	 4478 	 56
1787310750496 	 152 	 200 	 4479 	 56
1787310750552 	 190 	 200 	 4480 	 61
1787310750549 	 196 	 200 	 4481 	 60
1787310750547 	 196 	 200 	 4482 	 59
1787310750545 	 198 	 200 	 4483 	 58
1787310750501 	 245 	 200 	 4484 	 57
1787310750468 	 283 	 200 	 4485 	 56
1787310750551 	 234 	 200 	 4486 	 55
1787310750650 	 143 	 200 	 4487 	 54
1787310750597 	 197 	 200 	 4488 	 53
1787310750594 	 200 	 200 	 4489 	 52
1787310750553 	 290 	 200 	 4490 	 55
1787310750543 	 301 	 200 	 4491 	 54
1787310750550 	 298 	 200 	 4492 	 53
1787310750599 	 251 	 200 	 4493 	 52
1787310750596 	 295 	 200 	 4494 	 52
1787310750648 	 248 	 200 	 4495 	 51
1787310750747 	 199 	 200 	 4496 	 54
1787310750748 	 202 	 200 	 4497 	 53
1787310750786 	 164 	 200 	 4498 	 52
1787310750744 	 249 	 200 	 4499 	 55
1787310750846 	 148 	 200 	 4500 	 54
1787310750796 	 199 	 200 	 4501 	 53
1787310750751 	 244 	 200 	 4502 	 52
1787310750796 	 203 	 200 	 4503 	 51
1787310750746 	 296 	 200 	 4504 	 51
1787310750850 	 195 	 200 	 4505 	 51
1787310750844 	 203 	 200 	 4506 	 50
1787310750753 	 296 	 200 	 4507 	 49
1787310750797 	 254 	 200 	 4508 	 49
1787310751044 	 50 	 200 	 4509 	 48
1787310750998 	 144 	 200 	 4510 	 51
1787310750948 	 197 	 200 	 4511 	 50
1787310750852 	 295 	 200 	 4512 	 49
1787310750953 	 238 	 200 	 4513 	 48
1787310750895 	 298 	 200 	 4514 	 47
1787310750953 	 291 	 200 	 4515 	 49
1787310750999 	 248 	 200 	 4516 	 48
1787310751148 	 96 	 200 	 4517 	 47
1787310751152 	 103 	 200 	 4518 	 46
1787310750996 	 257 	 200 	 4519 	 45
1787310751095 	 157 	 200 	 4520 	 44
1787310751001 	 254 	 200 	 4521 	 43
1787310751049 	 245 	 200 	 4522 	 42
1787310750898 	 396 	 200 	 4523 	 42
1787310750996 	 296 	 200 	 4524 	 41
1787310751047 	 298 	 200 	 4525 	 45
1787310751259 	 136 	 200 	 4526 	 47
1787310751144 	 253 	 200 	 4527 	 46
1787310751050 	 352 	 200 	 4528 	 46
1787310751053 	 391 	 200 	 4529 	 46
1787310751195 	 249 	 200 	 4530 	 45
1787310751195 	 254 	 200 	 4531 	 44
1787310751300 	 147 	 200 	 4532 	 43
1787310751261 	 186 	 200 	 4533 	 42
1787310751248 	 196 	 200 	 4534 	 42
1787310751263 	 190 	 200 	 4535 	 41
1787310751346 	 138 	 200 	 4536 	 46
1787310751265 	 276 	 200 	 4537 	 49
1787310751299 	 246 	 200 	 4538 	 48
1787310751398 	 147 	 200 	 4539 	 47
1787310751297 	 251 	 200 	 4540 	 46
1787310751447 	 103 	 200 	 4541 	 45
1787310751449 	 194 	 200 	 4542 	 49
1787310751257 	 389 	 200 	 4543 	 48
1787310751452 	 197 	 200 	 4544 	 48
1787310751397 	 266 	 200 	 4545 	 47
1787310751450 	 243 	 200 	 4546 	 48
1787310751543 	 157 	 200 	 4547 	 47
1787310751454 	 271 	 200 	 4548 	 47
1787310751451 	 292 	 200 	 4549 	 48
1787310751453 	 292 	 200 	 4550 	 47
1787310751648 	 96 	 200 	 4551 	 46
1787310751403 	 340 	 200 	 4552 	 45
1787310751555 	 192 	 200 	 4553 	 44
1787310751549 	 199 	 200 	 4554 	 43
1787310751726 	 69 	 200 	 4555 	 47
1787310751644 	 151 	 200 	 4556 	 46
1787310751251 	 545 	 200 	 4557 	 46
1787310751748 	 48 	 200 	 4558 	 45
1787310751551 	 247 	 200 	 4559 	 44
1787310751486 	 358 	 200 	 4560 	 45
1787310751750 	 99 	 200 	 4561 	 44
1787310751651 	 199 	 200 	 4562 	 43
1787310751746 	 105 	 200 	 4563 	 42
1787310751751 	 104 	 200 	 4564 	 41
1787310751695 	 155 	 200 	 4565 	 40
1787310751701 	 190 	 200 	 4566 	 41
1787310751668 	 227 	 200 	 4567 	 40
1787310751546 	 397 	 200 	 4568 	 43
1787310751798 	 196 	 200 	 4569 	 51
1787310751747 	 246 	 200 	 4570 	 50
1787310751846 	 202 	 200 	 4571 	 53
1787310751856 	 286 	 200 	 4572 	 66
1787310751798 	 344 	 200 	 4573 	 65
1787310751799 	 347 	 200 	 4574 	 65
1787310751858 	 287 	 200 	 4575 	 64
1787310751750 	 397 	 200 	 4576 	 63
1787310751801 	 392 	 200 	 4577 	 66
1787310751853 	 384 	 200 	 4578 	 70
1787310751861 	 386 	 200 	 4579 	 69
1787310751853 	 394 	 200 	 4580 	 68
1787310751998 	 250 	 200 	 4581 	 67
1787310751800 	 451 	 200 	 4582 	 66
1787310752144 	 149 	 200 	 4583 	 67
1787310751945 	 347 	 200 	 4584 	 66
1787310751894 	 449 	 200 	 4585 	 72
1787310752050 	 295 	 200 	 4586 	 71
1787310752147 	 196 	 200 	 4587 	 70
1787310751896 	 450 	 200 	 4588 	 69
1787310752145 	 202 	 200 	 4589 	 68
1787310752148 	 205 	 200 	 4590 	 67
1787310752150 	 203 	 200 	 4591 	 66
1787310751996 	 357 	 200 	 4592 	 65
1787310752195 	 199 	 200 	 4593 	 64
1787310752247 	 195 	 200 	 4594 	 65
1787310752295 	 148 	 200 	 4595 	 64
1787310752295 	 149 	 200 	 4596 	 63
1787310752350 	 99 	 200 	 4597 	 62
1787310752245 	 209 	 200 	 4598 	 61
1787310752347 	 198 	 200 	 4599 	 67
1787310752351 	 194 	 200 	 4600 	 66
1787310752250 	 294 	 200 	 4601 	 65
1787310752355 	 193 	 200 	 4602 	 64
1787310752396 	 154 	 200 	 4603 	 63
1787310752256 	 295 	 200 	 4604 	 62
1787310752345 	 210 	 200 	 4605 	 61
1787310752447 	 146 	 200 	 4606 	 64
1787310752355 	 286 	 200 	 4607 	 64
1787310752252 	 388 	 200 	 4608 	 63
1787310752358 	 289 	 200 	 4609 	 62
1787310752556 	 89 	 200 	 4610 	 61
1787310752550 	 96 	 200 	 4611 	 60
1787310752444 	 206 	 200 	 4612 	 59
1787310752547 	 104 	 200 	 4613 	 58
1787310752456 	 190 	 200 	 4614 	 57
1787310752353 	 302 	 200 	 4615 	 56
1787310752554 	 101 	 200 	 4616 	 55
1787310752446 	 205 	 200 	 4617 	 54
1787310752450 	 208 	 200 	 4618 	 53
1787310752548 	 99 	 200 	 4619 	 52
1787310752653 	 90 	 200 	 4620 	 55
1787310752594 	 151 	 200 	 4621 	 55
1787310752650 	 95 	 200 	 4622 	 54
1787310752644 	 103 	 200 	 4623 	 54
1787310752546 	 200 	 200 	 4624 	 53
1787310752552 	 200 	 200 	 4625 	 52
1787310752644 	 148 	 200 	 4626 	 58
1787310752652 	 199 	 200 	 4627 	 62
1787310752649 	 203 	 200 	 4628 	 61
1787310752648 	 205 	 200 	 4629 	 61
1787310752748 	 197 	 200 	 4630 	 71
1787310752750 	 202 	 200 	 4631 	 70
1787310752745 	 299 	 200 	 4632 	 73
1787310752747 	 298 	 200 	 4633 	 72
1787310752749 	 295 	 200 	 4634 	 72
1787310752854 	 193 	 200 	 4635 	 71
1787310752795 	 349 	 200 	 4636 	 76
1787310752855 	 294 	 200 	 4637 	 75
1787310752756 	 396 	 200 	 4638 	 74
1787310752656 	 538 	 200 	 4639 	 76
1787310752654 	 540 	 200 	 4640 	 76
1787310752955 	 290 	 200 	 4641 	 77
1787310752947 	 302 	 200 	 4642 	 76
1787310752659 	 596 	 200 	 4643 	 75
1787310752666 	 590 	 200 	 4644 	 74
1787310752657 	 603 	 200 	 4645 	 73
1787310752662 	 604 	 200 	 4646 	 72
1787310753052 	 293 	 200 	 4647 	 71
1787310752859 	 489 	 200 	 4648 	 70
1787310753145 	 201 	 200 	 4649 	 69
1787310753047 	 305 	 200 	 4650 	 68
1787310753055 	 384 	 200 	 4651 	 75
1787310753264 	 180 	 200 	 4652 	 74
1787310753151 	 295 	 200 	 4653 	 73
1787310753259 	 189 	 200 	 4654 	 72
1787310753055 	 400 	 200 	 4655 	 71
1787310753252 	 289 	 200 	 4656 	 74
1787310753247 	 297 	 200 	 4657 	 73
1787310753198 	 347 	 200 	 4658 	 72
1787310753196 	 350 	 200 	 4659 	 72
1787310753451 	 99 	 200 	 4660 	 71
1787310753444 	 107 	 200 	 4661 	 70
1787310753358 	 190 	 200 	 4662 	 69
1787310753350 	 198 	 200 	 4663 	 68
1787310753355 	 288 	 200 	 4664 	 73
1787310753544 	 100 	 200 	 4665 	 72
1787310753447 	 199 	 200 	 4666 	 71
1787310753457 	 191 	 200 	 4667 	 70
1787310753449 	 201 	 200 	 4668 	 69
1787310753262 	 385 	 200 	 4669 	 69
1787310753155 	 493 	 200 	 4670 	 68
1787310753268 	 378 	 200 	 4671 	 67
1787310753348 	 301 	 200 	 4672 	 66
1787310753547 	 104 	 200 	 4673 	 65
1787310753545 	 199 	 200 	 4674 	 68
1787310753556 	 190 	 200 	 4675 	 68
1787310753552 	 194 	 200 	 4676 	 67
1787310753553 	 239 	 200 	 4677 	 70
1787310753549 	 294 	 200 	 4678 	 70
1787310753653 	 192 	 200 	 4679 	 69
1787310753661 	 186 	 200 	 4680 	 68
1787310753647 	 234 	 200 	 4681 	 73
1787310753745 	 191 	 200 	 4682 	 73
1787310753551 	 386 	 200 	 4683 	 72
1787310753664 	 281 	 200 	 4684 	 71
1787310753647 	 324 	 200 	 4685 	 72
1787310753747 	 231 	 200 	 4686 	 72
1787310753794 	 189 	 200 	 4687 	 72
1787310753646 	 340 	 200 	 4688 	 72
1787310753666 	 317 	 200 	 4689 	 71
1787310753672 	 318 	 200 	 4690 	 70
1787310753669 	 322 	 200 	 4691 	 69
1787310753748 	 320 	 200 	 4692 	 69
1787310753895 	 177 	 200 	 4693 	 68
1787310753655 	 419 	 200 	 4694 	 67
1787310753844 	 245 	 200 	 4695 	 66
1787310753847 	 247 	 200 	 4696 	 65
1787310753851 	 244 	 200 	 4697 	 64
1787310753938 	 178 	 200 	 4698 	 63
1787310753946 	 199 	 200 	 4699 	 64
1787310753947 	 198 	 200 	 4700 	 63
1787310753973 	 175 	 200 	 4701 	 62
1787310753987 	 161 	 200 	 4702 	 61
1787310753995 	 175 	 200 	 4703 	 61
1787310753982 	 190 	 200 	 4704 	 60
1787310754096 	 145 	 200 	 4705 	 62
1787310754098 	 146 	 200 	 4706 	 61
1787310754150 	 93 	 200 	 4707 	 60
1787310753993 	 251 	 200 	 4708 	 59
1787310754080 	 168 	 200 	 4709 	 58
1787310754117 	 134 	 200 	 4710 	 57
1787310753989 	 261 	 200 	 4711 	 56
1787310754147 	 101 	 200 	 4712 	 55
1787310754069 	 182 	 200 	 4713 	 54
1787310754074 	 175 	 200 	 4714 	 53
1787310754092 	 166 	 200 	 4715 	 54
1787310753990 	 260 	 200 	 4716 	 53
1787310754246 	 146 	 200 	 4717 	 58
1787310754151 	 242 	 200 	 4718 	 57
1787310754172 	 221 	 200 	 4719 	 56
1787310754174 	 270 	 200 	 4720 	 58
1787310754244 	 202 	 200 	 4721 	 57
1787310754248 	 200 	 200 	 4722 	 56
1787310754265 	 187 	 200 	 4723 	 55
1787310754147 	 305 	 200 	 4724 	 54
1787310754255 	 291 	 200 	 4725 	 57
1787310754270 	 278 	 200 	 4726 	 56
1787310754262 	 289 	 200 	 4727 	 56
1787310754395 	 156 	 200 	 4728 	 55
1787310754394 	 159 	 200 	 4729 	 55
1787310754249 	 311 	 200 	 4730 	 54
1787310754275 	 317 	 200 	 4731 	 56
1787310754447 	 195 	 200 	 4732 	 60
1787310754446 	 202 	 200 	 4733 	 59
1787310754260 	 390 	 200 	 4734 	 58
1787310754449 	 206 	 200 	 4735 	 58
1787310754268 	 421 	 200 	 4736 	 60
1787310754455 	 285 	 200 	 4737 	 62
1787310754257 	 487 	 200 	 4738 	 61
1787310754553 	 194 	 200 	 4739 	 60
1787310754456 	 293 	 200 	 4740 	 59
1787310754394 	 357 	 200 	 4741 	 59
1787310754556 	 191 	 200 	 4742 	 59
1787310754548 	 208 	 200 	 4743 	 58
1787310754563 	 200 	 200 	 4744 	 57
1787310754551 	 207 	 200 	 4745 	 58
1787310754644 	 199 	 200 	 4746 	 62
1787310754652 	 194 	 200 	 4747 	 61
1787310754649 	 200 	 200 	 4748 	 60
1787310754561 	 291 	 200 	 4749 	 59
1787310754746 	 197 	 200 	 4750 	 60
1787310754746 	 198 	 200 	 4751 	 59
1787310754696 	 253 	 200 	 4752 	 58
1787310754659 	 361 	 200 	 4753 	 57
1787310754762 	 255 	 200 	 4754 	 56
1787310754751 	 274 	 200 	 4755 	 55
1787310754844 	 230 	 200 	 4756 	 54
1787310754759 	 359 	 200 	 4757 	 53
1787310754765 	 355 	 200 	 4758 	 52
1787310754753 	 370 	 200 	 4759 	 51
1787310754854 	 271 	 200 	 4760 	 50
1787310754852 	 279 	 200 	 4761 	 49
1787310754850 	 280 	 200 	 4762 	 48
1787310755026 	 139 	 200 	 4763 	 47
1787310754947 	 221 	 200 	 4764 	 46
1787310755022 	 155 	 200 	 4765 	 45
1787310754749 	 453 	 200 	 4766 	 44
1787310754950 	 316 	 200 	 4767 	 43
1787310755133 	 136 	 200 	 4768 	 42
1787310754945 	 331 	 200 	 4769 	 41
1787310755126 	 152 	 200 	 4770 	 40
1787310755130 	 151 	 200 	 4771 	 39
1787310755028 	 288 	 200 	 4772 	 38
1787310755076 	 267 	 200 	 4773 	 37
1787310755135 	 210 	 200 	 4774 	 36
1787310755217 	 128 	 200 	 4775 	 35
1787310755169 	 177 	 200 	 4776 	 34
1787310755167 	 179 	 200 	 4777 	 33
1787310755120 	 226 	 200 	 4778 	 32
1787310754768 	 603 	 200 	 4779 	 31
1787310755277 	 115 	 200 	 4780 	 30
1787310755285 	 109 	 200 	 4781 	 29
1787310755181 	 258 	 200 	 4782 	 28
1787310755122 	 322 	 200 	 4783 	 27
1787310755318 	 127 	 200 	 4784 	 26
1787310755271 	 175 	 200 	 4785 	 25
1787310755268 	 181 	 200 	 4786 	 24
1787310755283 	 165 	 200 	 4787 	 23
1787310755345 	 139 	 200 	 4788 	 22
1787310755395 	 141 	 200 	 4789 	 21
1787310755349 	 188 	 200 	 4790 	 20
1787310755350 	 190 	 200 	 4791 	 19
1787310755349 	 190 	 200 	 4792 	 18
1787310755448 	 126 	 200 	 4793 	 17
1787310755450 	 136 	 200 	 4794 	 16
1787310755348 	 241 	 200 	 4795 	 15
1787310755398 	 192 	 200 	 4795 	 14
1787310755450 	 168 	 200 	 4795 	 13
1787310755541 	 96 	 200 	 4795 	 12
1787310755347 	 290 	 200 	 4795 	 11
1787310755445 	 192 	 200 	 4795 	 10
1787310755485 	 154 	 200 	 4795 	 9
1787310755539 	 127 	 200 	 4795 	 8
1787310755576 	 93 	 200 	 4795 	 7
1787310755374 	 300 	 200 	 4795 	 6
1787310755446 	 230 	 200 	 4795 	 5
1787310755542 	 135 	 200 	 4795 	 4
1787310755539 	 138 	 200 	 4795 	 3
1787310755441 	 240 	 200 	 4795 	 2
1787310755587 	 182 	 200 	 4795 	 1
1787310754594 	 1306 	 200 	 4795 	 0
1787310755956 	 35 	 200 	 4796 	 0
1787310757653 	 21 	 200 	 4797 	 0
1787310758460 	 16 	 200 	 4798 	 0
1787310758728 	 27 	 200 	 4799 	 0
1787310758885 	 33 	 200 	 4800 	 0
1787310759130 	 13 	 200 	 4801 	 0
1787310759243 	 14 	 200 	 4802 	 0
1787310759451 	 24 	 200 	 4804 	 1
1787310759468 	 12 	 200 	 4804 	 0
1787310760001 	 14 	 200 	 4805 	 0
1787310760191 	 16 	 200 	 4806 	 0
1787310760341 	 16 	 200 	 4807 	 0
1787310760720 	 34 	 200 	 4810 	 2
1787310760733 	 23 	 200 	 4810 	 1
1787310760744 	 25 	 200 	 4810 	 0
1787310760775 	 13 	 200 	 4811 	 0
1787310760799 	 12 	 200 	 4813 	 1
1787310760810 	 16 	 200 	 4814 	 1
1787310760819 	 13 	 200 	 4814 	 0
1787310760845 	 14 	 200 	 4816 	 1
1787310760846 	 14 	 200 	 4816 	 0
1787310760928 	 15 	 200 	 4818 	 1
1787310760939 	 13 	 200 	 4819 	 1
1787310760946 	 12 	 200 	 4819 	 0
1787310760966 	 15 	 200 	 4821 	 1
1787310760979 	 20 	 200 	 4822 	 1
1787310760989 	 26 	 200 	 4825 	 3
1787310761004 	 18 	 200 	 4827 	 4
1787310761010 	 15 	 200 	 4827 	 3
1787310761005 	 27 	 200 	 4827 	 2
1787310761024 	 16 	 200 	 4827 	 1
1787310761018 	 37 	 200 	 4828 	 1
1787310761050 	 22 	 200 	 4830 	 2
1787310761059 	 15 	 200 	 4830 	 1
1787310761067 	 13 	 200 	 4830 	 0
1787310761082 	 13 	 200 	 4833 	 2
1787310761082 	 12 	 200 	 4834 	 2
1787310761093 	 23 	 200 	 4834 	 1
1787310761096 	 26 	 200 	 4835 	 1
1787310761122 	 13 	 200 	 4836 	 1
1787310761131 	 12 	 200 	 4836 	 0
1787310761150 	 12 	 200 	 4838 	 1
1787310761152 	 14 	 200 	 4838 	 0
1787310761175 	 13 	 200 	 4839 	 0
1787310761216 	 16 	 200 	 4840 	 0
1787310761234 	 16 	 200 	 4843 	 2
1787310761237 	 17 	 200 	 4844 	 2
1787310761245 	 37 	 200 	 4846 	 3
1787310761256 	 34 	 200 	 4847 	 3
1787310761254 	 39 	 200 	 4848 	 3
1787310761270 	 28 	 200 	 4848 	 2
1787310761301 	 36 	 200 	 4851 	 4
1787310761292 	 46 	 200 	 4851 	 3
1787310761289 	 50 	 200 	 4851 	 2
1787310761305 	 50 	 200 	 4851 	 1
1787310761323 	 34 	 200 	 4851 	 0
1787310761359 	 15 	 200 	 4852 	 0
1787310761383 	 13 	 200 	 4853 	 0
1787310761404 	 15 	 200 	 4857 	 3
1787310761402 	 26 	 200 	 4858 	 3
1787310761405 	 27 	 200 	 4859 	 3
1787310761414 	 21 	 200 	 4859 	 2
1787310761421 	 17 	 200 	 4860 	 2
1787310761439 	 17 	 200 	 4860 	 1
1787310761432 	 25 	 200 	 4860 	 0
1787310761463 	 13 	 200 	 4862 	 1
1787310761474 	 13 	 200 	 4862 	 0
1787310761519 	 15 	 200 	 4865 	 2
1787310761526 	 15 	 200 	 4865 	 1
1787310761533 	 12 	 200 	 4865 	 0
1787310761555 	 12 	 200 	 4866 	 0
1787310761591 	 14 	 200 	 4868 	 1
1787310761604 	 16 	 200 	 4869 	 1
1787310761622 	 13 	 200 	 4870 	 1
1787310761620 	 18 	 200 	 4870 	 0
1787310761653 	 14 	 200 	 4872 	 1
1787310761656 	 15 	 200 	 4872 	 0
1787310761675 	 16 	 200 	 4875 	 2
1787310761683 	 14 	 200 	 4875 	 1
1787310761688 	 16 	 200 	 4875 	 0
1787310761710 	 19 	 200 	 4877 	 1
1787310761719 	 20 	 200 	 4880 	 3
1787310761734 	 14 	 200 	 4881 	 3
1787310761736 	 16 	 200 	 4881 	 2
1787310761741 	 13 	 200 	 4881 	 1
1787310761756 	 19 	 200 	 4884 	 3
1787310761760 	 16 	 200 	 4884 	 2
1787310761769 	 50 	 200 	 4887 	 4
1787310761810 	 17 	 200 	 4887 	 3
1787310761810 	 18 	 200 	 4887 	 2
1787310761798 	 70 	 200 	 4890 	 4
1787310761738 	 133 	 200 	 4891 	 4
1787310761847 	 27 	 200 	 4891 	 3
1787310761842 	 33 	 200 	 4891 	 2
1787310761860 	 25 	 200 	 4893 	 3
1787310761870 	 56 	 200 	 4897 	 6
1787310761877 	 56 	 200 	 4897 	 5
1787310761879 	 55 	 200 	 4897 	 4
1787310761892 	 43 	 200 	 4898 	 4
1787310761897 	 71 	 200 	 4901 	 6
1787310761909 	 67 	 200 	 4901 	 5
1787310761935 	 42 	 200 	 4901 	 4
1787310761923 	 94 	 200 	 4904 	 6
1787310761961 	 62 	 200 	 4904 	 5
1787310761980 	 46 	 200 	 4905 	 5
1787310761962 	 67 	 200 	 4905 	 4
1787310761965 	 65 	 200 	 4905 	 3
1787310761982 	 48 	 200 	 4905 	 2
1787310762010 	 32 	 200 	 4905 	 1
1787310762026 	 16 	 200 	 4905 	 0
1787310762059 	 13 	 200 	 4907 	 1
1787310762054 	 21 	 200 	 4907 	 0
1787310762097 	 14 	 200 	 4911 	 3
1787310762098 	 16 	 200 	 4911 	 2
1787310762109 	 17 	 200 	 4912 	 2
1787310762106 	 20 	 200 	 4912 	 1
1787310762125 	 15 	 200 	 4913 	 1
1787310762140 	 15 	 200 	 4913 	 0
1787310762157 	 12 	 200 	 4914 	 0
1787310762171 	 12 	 200 	 4915 	 0
1787310762197 	 17 	 200 	 4918 	 2
1787310762194 	 20 	 200 	 4918 	 1
1787310762206 	 20 	 200 	 4919 	 1
1787310762219 	 14 	 200 	 4919 	 0
1787310762261 	 20 	 200 	 4925 	 5
1787310762259 	 23 	 200 	 4925 	 4
1787310762266 	 18 	 200 	 4925 	 3
1787310762273 	 14 	 200 	 4925 	 2
1787310762281 	 14 	 200 	 4926 	 2
1787310762280 	 25 	 200 	 4927 	 2
1787310762290 	 17 	 200 	 4928 	 2
1787310762302 	 15 	 200 	 4929 	 2
1787310762309 	 15 	 200 	 4929 	 1
1787310762307 	 18 	 200 	 4929 	 0
1787310762343 	 13 	 200 	 4933 	 3
1787310762327 	 33 	 200 	 4933 	 2
1787310762332 	 29 	 200 	 4933 	 1
1787310762354 	 14 	 200 	 4933 	 0
1787310762372 	 14 	 200 	 4935 	 1
1787310762386 	 17 	 200 	 4936 	 1
1787310762388 	 18 	 200 	 4936 	 1
1787310762408 	 13 	 200 	 4937 	 1
1787310762422 	 53 	 200 	 4938 	 0
1787310762488 	 14 	 200 	 4940 	 1
1787310762497 	 14 	 200 	 4940 	 0
1787310762515 	 14 	 200 	 4941 	 0
1787310762556 	 14 	 200 	 4942 	 0
1787310762620 	 14 	 200 	 4944 	 1
1787310762625 	 13 	 200 	 4945 	 1
1787310762640 	 13 	 200 	 4946 	 1
1787310762645 	 16 	 200 	 4947 	 1
1787310762656 	 13 	 200 	 4947 	 0
1787310762736 	 19 	 200 	 4950 	 2
1787310762745 	 13 	 200 	 4951 	 2
1787310762742 	 14 	 200 	 4951 	 1
1787310762757 	 18 	 200 	 4952 	 1
1787310762768 	 16 	 200 	 4953 	 1
1787310762783 	 15 	 200 	 4955 	 2
1787310762793 	 14 	 200 	 4955 	 1
1787310762796 	 12 	 200 	 4955 	 0
1787310762810 	 18 	 200 	 4957 	 1
1787310762828 	 14 	 200 	 4957 	 0
1787310762890 	 30 	 200 	 4962 	 4
1787310762887 	 34 	 200 	 4962 	 3
1787310762904 	 22 	 200 	 4962 	 2
1787310762889 	 42 	 200 	 4963 	 2
1787310762902 	 34 	 200 	 4963 	 1
1787310762932 	 14 	 200 	 4963 	 0
1787310762956 	 13 	 200 	 4964 	 0
1787310763073 	 33 	 200 	 4971 	 6
1787310763086 	 21 	 200 	 4971 	 5
1787310763060 	 55 	 200 	 4972 	 5
1787310763067 	 57 	 200 	 4972 	 4
1787310763105 	 21 	 200 	 4972 	 3
1787310763102 	 41 	 200 	 4974 	 4
1787310763101 	 42 	 200 	 4974 	 3
1787310763110 	 35 	 200 	 4974 	 2
1787310763138 	 18 	 200 	 4977 	 4
1787310763133 	 25 	 200 	 4977 	 3
1787310763149 	 36 	 200 	 4979 	 4
1787310763179 	 16 	 200 	 4979 	 3
1787310763155 	 50 	 200 	 4980 	 3
1787310763156 	 54 	 200 	 4980 	 2
1787310763172 	 38 	 200 	 4980 	 1
1787310763212 	 54 	 200 	 4986 	 6
1787310763216 	 60 	 200 	 4986 	 5
1787310763213 	 64 	 200 	 4986 	 4
1787310763222 	 56 	 200 	 4986 	 3
1787310763228 	 52 	 200 	 4986 	 2
1787310763245 	 35 	 200 	 4986 	 1
1787310763282 	 39 	 200 	 4989 	 3
1787310763306 	 17 	 200 	 4989 	 2
1787310763321 	 56 	 200 	 4991 	 3
1787310763346 	 32 	 200 	 4992 	 3
1787310763331 	 49 	 200 	 4992 	 2
1787310763380 	 13 	 200 	 4993 	 2
1787310763391 	 37 	 200 	 4996 	 4
1787310763397 	 74 	 200 	 4997 	 4
1787310763448 	 23 	 200 	 4997 	 3
1787310763428 	 44 	 200 	 4997 	 2
1787310763420 	 101 	 200 	 4997 	 1
1787310763592 	 13 	 200 	 4998 	 1
1787310763198 	 525 	 200 	 4998 	 0
1787310764108 	 16 	 200 	 4999 	 0
1787310764265 	 24 	 200 	 5000 	 0