1787310378107 	 34 	 200 	 4 	 3
1787310378103 	 38 	 200 	 4 	 2
1787310378110 	 33 	 200 	 4 	 1
1787310378130 	 20 	 200 	 5 	 1
1787310378147 	 15 	 200 	 5 	 0
1787310378182 	 14 	 200 	 10 	 4
1787310378190 	 15 	 200 	 12 	 5
1787310378180 	 29 	 200 	 13 	 5
1787310378194 	 19 	 200 	 13 	 4
1787310378190 	 24 	 200 	 13 	 3
1787310378208 	 14 	 200 	 14 	 3
1787310378205 	 18 	 200 	 14 	 2
1787310378205 	 21 	 200 	 14 	 1
1787310378224 	 35 	 200 	 17 	 3
1787310378236 	 25 	 200 	 17 	 2
1787310378240 	 24 	 200 	 17 	 1
1787310378253 	 27 	 200 	 19 	 2
1787310378278 	 25 	 200 	 20 	 2
1787310378278 	 27 	 200 	 20 	 1
1787310378303 	 13 	 200 	 20 	 0
1787310378321 	 16 	 200 	 23 	 2
1787310378327 	 15 	 200 	 23 	 1
1787310378329 	 16 	 200 	 23 	 0
1787310378377 	 24 	 200 	 27 	 3
1787310378383 	 20 	 200 	 27 	 2
1787310378385 	 24 	 200 	 27 	 1
1787310378387 	 23 	 200 	 27 	 0
1787310378414 	 12 	 200 	 28 	 0
1787310378428 	 16 	 200 	 29 	 0
1787310378452 	 14 	 200 	 30 	 0
1787310378472 	 13 	 200 	 32 	 1
1787310378484 	 14 	 200 	 32 	 0
1787310378538 	 27 	 200 	 35 	 2
1787310378545 	 22 	 200 	 35 	 1
1787310378557 	 15 	 200 	 35 	 0
1787310378584 	 14 	 200 	 37 	 1
1787310378598 	 12 	 200 	 37 	 0
1787310378628 	 18 	 200 	 39 	 1
1787310378641 	 13 	 200 	 39 	 0
1787310378659 	 18 	 200 	 46 	 6
1787310378660 	 23 	 200 	 47 	 6
1787310378664 	 28 	 200 	 47 	 5
1787310378671 	 25 	 200 	 48 	 5
1787310378669 	 29 	 200 	 48 	 4
1787310378674 	 28 	 200 	 49 	 4
1787310378680 	 22 	 200 	 49 	 3
1787310378676 	 67 	 200 	 52 	 5
1787310378695 	 48 	 200 	 52 	 4
1787310378713 	 46 	 200 	 53 	 4
1787310378709 	 55 	 200 	 53 	 3
1787310378717 	 47 	 200 	 53 	 2
1787310378702 	 65 	 200 	 53 	 1
1787310378759 	 21 	 200 	 54 	 1
1787310378774 	 14 	 200 	 55 	 1
1787310378789 	 16 	 200 	 56 	 1
1787310378791 	 15 	 200 	 56 	 0
1787310378814 	 28 	 200 	 59 	 2
1787310378811 	 32 	 200 	 59 	 1
1787310378821 	 38 	 200 	 59 	 0
1787310378889 	 23 	 200 	 61 	 1
1787310378905 	 20 	 200 	 62 	 1
1787310378917 	 13 	 200 	 62 	 0
1787310378934 	 14 	 200 	 63 	 0
1787310378962 	 13 	 200 	 64 	 0
1787310378984 	 18 	 200 	 69 	 4
1787310378988 	 17 	 200 	 70 	 4
1787310378989 	 17 	 200 	 70 	 3
1787310378994 	 18 	 200 	 70 	 2
1787310378999 	 17 	 200 	 70 	 1
1787310379003 	 15 	 200 	 70 	 0
1787310379045 	 24 	 200 	 71 	 0
1787310379077 	 13 	 200 	 73 	 1
1787310379082 	 15 	 200 	 73 	 1
1787310379098 	 17 	 200 	 75 	 1
1787310379106 	 15 	 200 	 75 	 0
1787310379157 	 16 	 200 	 79 	 3
1787310379152 	 23 	 200 	 80 	 3
1787310379161 	 21 	 200 	 81 	 3
1787310379174 	 18 	 200 	 82 	 3
1787310379191 	 30 	 200 	 82 	 2
1787310379225 	 46 	 200 	 85 	 4
1787310379233 	 39 	 200 	 85 	 3
1787310379237 	 37 	 200 	 85 	 2
1787310379178 	 109 	 200 	 85 	 1
1787310379327 	 46 	 200 	 91 	 6
1787310379356 	 19 	 200 	 91 	 5
1787310379341 	 35 	 200 	 91 	 4
1787310379337 	 47 	 200 	 92 	 4
1787310379340 	 79 	 200 	 95 	 6
1787310379380 	 86 	 200 	 95 	 5
1787310379396 	 70 	 200 	 95 	 4
1787310379479 	 40 	 200 	 97 	 5
1787310379339 	 182 	 200 	 97 	 4
1787310379491 	 32 	 200 	 97 	 3
1787310379544 	 26 	 200 	 98 	 3
1787310379388 	 199 	 200 	 100 	 4
1787310379574 	 42 	 200 	 102 	 5
1787310379573 	 43 	 200 	 102 	 4
1787310379389 	 236 	 200 	 103 	 4
1787310379593 	 74 	 200 	 108 	 8
1787310379621 	 51 	 200 	 108 	 7
1787310379626 	 48 	 200 	 108 	 6
1787310379642 	 40 	 200 	 108 	 5
1787310379643 	 40 	 200 	 108 	 4
1787310379652 	 31 	 200 	 108 	 3
1787310379707 	 18 	 200 	 109 	 3
1787310379743 	 29 	 200 	 113 	 6
1787310379753 	 20 	 200 	 113 	 5
1787310379738 	 36 	 200 	 113 	 4
1787310379756 	 19 	 200 	 113 	 3
1787310379661 	 121 	 200 	 113 	 2
1787310379610 	 183 	 200 	 114 	 2
1787310379844 	 29 	 200 	 119 	 6
1787310379793 	 84 	 200 	 119 	 5
1787310379143 	 736 	 200 	 119 	 4
1787310379824 	 56 	 200 	 119 	 3
1787310379858 	 27 	 200 	 120 	 3
1787310379829 	 57 	 200 	 120 	 2
1787310379861 	 30 	 200 	 120 	 1
1787310379882 	 19 	 200 	 121 	 1
1787310379894 	 14 	 200 	 121 	 0
1787310379917 	 13 	 200 	 124 	 2
1787310379928 	 18 	 200 	 126 	 3
1787310379934 	 36 	 200 	 126 	 2
1787310379934 	 39 	 200 	 126 	 2
1787310379928 	 56 	 200 	 127 	 1
1787310379975 	 15 	 200 	 127 	 0
1787310380005 	 13 	 200 	 128 	 0
1787310380032 	 16 	 200 	 131 	 2
1787310380038 	 13 	 200 	 131 	 1
1787310380038 	 16 	 200 	 131 	 0
1787310380070 	 12 	 200 	 132 	 0
1787310380114 	 16 	 200 	 136 	 3
1787310380116 	 15 	 200 	 136 	 2
1787310380125 	 15 	 200 	 136 	 1
1787310380126 	 17 	 200 	 136 	 0
1787310380148 	 14 	 200 	 137 	 0
1787310380203 	 36 	 200 	 138 	 0
1787310380462 	 15 	 200 	 139 	 0
1787310380780 	 13 	 200 	 140 	 0
1787310380903 	 38 	 200 	 141 	 0
1787310381728 	 39 	 200 	 142 	 0
1787310381948 	 31 	 200 	 143 	 0
1787310382043 	 15 	 200 	 144 	 0
1787310382353 	 31 	 200 	 145 	 0
1787310382877 	 17 	 200 	 146 	 0
1787310382966 	 15 	 200 	 147 	 0
1787310383116 	 26 	 200 	 148 	 0
1787310385249 	 17 	 200 	 149 	 0
1787310385667 	 19 	 200 	 150 	 0
1787310385898 	 29 	 200 	 151 	 0
1787310386192 	 24 	 200 	 156 	 4
1787310386189 	 30 	 200 	 158 	 5
1787310386198 	 23 	 200 	 158 	 4
1787310386212 	 22 	 200 	 158 	 3
1787310386216 	 22 	 200 	 160 	 4
1787310386221 	 20 	 200 	 160 	 3
1787310386219 	 77 	 200 	 161 	 3
1787310386236 	 70 	 200 	 163 	 4
1787310386275 	 37 	 200 	 164 	 4
1787310386240 	 74 	 200 	 164 	 3
1787310386306 	 17 	 200 	 164 	 2
1787310386309 	 18 	 200 	 165 	 2
1787310386304 	 24 	 200 	 165 	 1
1787310386326 	 16 	 200 	 167 	 2
1787310386330 	 16 	 200 	 167 	 1
1787310386332 	 16 	 200 	 167 	 0
1787310386386 	 41 	 200 	 171 	 3
1787310386395 	 36 	 200 	 171 	 2
1787310386373 	 59 	 200 	 171 	 1
1787310386446 	 16 	 200 	 174 	 3
1787310386448 	 45 	 200 	 174 	 2
1787310386418 	 74 	 200 	 174 	 1
1787310386443 	 48 	 200 	 174 	 0
1787310386669 	 15 	 200 	 175 	 0
1787310386921 	 13 	 200 	 176 	 0
1787310387443 	 22 	 200 	 177 	 0
1787310387891 	 41 	 200 	 178 	 0
1787310389550 	 40 	 200 	 182 	 3
1787310389562 	 30 	 200 	 182 	 2
1787310389556 	 43 	 200 	 184 	 3
1787310389599 	 16 	 200 	 185 	 3
1787310389591 	 23 	 200 	 186 	 3
1787310389608 	 35 	 200 	 188 	 4
1787310389621 	 51 	 200 	 190 	 5
1787310389596 	 80 	 200 	 190 	 4
1787310389617 	 63 	 200 	 190 	 3
1787310389625 	 54 	 200 	 190 	 2
1787310389664 	 21 	 200 	 190 	 1
1787310389674 	 15 	 200 	 190 	 0
1787310389702 	 17 	 200 	 193 	 2
1787310389715 	 15 	 200 	 193 	 1
1787310389714 	 27 	 200 	 193 	 0
1787310389825 	 21 	 200 	 194 	 0
1787310391214 	 19 	 200 	 195 	 0
1787310392257 	 29 	 200 	 196 	 0
1787310393013 	 13 	 200 	 197 	 0
1787310393086 	 36 	 200 	 198 	 0
1787310393352 	 29 	 200 	 199 	 0
1787310393448 	 20 	 200 	 200 	 0
1787310393653 	 14 	 200 	 201 	 0
1787310393676 	 13 	 200 	 202 	 0
1787310393867 	 37 	 200 	 203 	 0
1787310395557 	 29 	 200 	 204 	 0
1787310395678 	 15 	 200 	 205 	 0
1787310396292 	 33 	 200 	 206 	 0
1787310396535 	 15 	 200 	 207 	 0
1787310396755 	 14 	 200 	 208 	 0
1787310398016 	 39 	 200 	 213 	 4
1787310398029 	 30 	 200 	 213 	 3
1787310398048 	 21 	 200 	 213 	 2
1787310398050 	 20 	 200 	 213 	 1
1787310398054 	 17 	 200 	 213 	 0
1787310398107 	 12 	 200 	 215 	 1
1787310398120 	 12 	 200 	 216 	 1
1787310398153 	 14 	 200 	 219 	 3
1787310398131 	 40 	 200 	 219 	 2
1787310398152 	 20 	 200 	 219 	 1
1787310398167 	 15 	 200 	 220 	 1
1787310398176 	 15 	 200 	 220 	 0
1787310398205 	 14 	 200 	 222 	 1
1787310398208 	 12 	 200 	 222 	 0
1787310398258 	 15 	 200 	 225 	 2
1787310398257 	 23 	 200 	 226 	 2
1787310398261 	 21 	 200 	 226 	 1
1787310398274 	 14 	 200 	 226 	 0
1787310398291 	 14 	 200 	 229 	 2
1787310398295 	 14 	 200 	 229 	 1
1787310398297 	 19 	 200 	 229 	 0
1787310398331 	 16 	 200 	 231 	 1
1787310398335 	 13 	 200 	 232 	 1
1787310398349 	 18 	 200 	 233 	 1
1787310398363 	 14 	 200 	 234 	 1
1787310398370 	 16 	 200 	 235 	 1
1787310398385 	 17 	 200 	 236 	 1
1787310398396 	 17 	 200 	 236 	 0
1787310398436 	 15 	 200 	 238 	 1
1787310398439 	 14 	 200 	 238 	 0
1787310398459 	 16 	 200 	 241 	 2
1787310398462 	 25 	 200 	 242 	 2
1787310398471 	 21 	 200 	 242 	 2
1787310398487 	 20 	 200 	 244 	 2
1787310398493 	 19 	 200 	 244 	 1
1787310398498 	 18 	 200 	 244 	 0
1787310398519 	 14 	 200 	 247 	 2
1787310398519 	 16 	 200 	 247 	 1
1787310398530 	 14 	 200 	 247 	 0
1787310398627 	 13 	 200 	 248 	 0
1787310398711 	 14 	 200 	 252 	 3
1787310398710 	 20 	 200 	 252 	 2
1787310398715 	 23 	 200 	 252 	 1
1787310398719 	 25 	 200 	 252 	 0
1787310398760 	 13 	 200 	 253 	 0
1787310398792 	 13 	 200 	 254 	 0
1787310398823 	 15 	 200 	 257 	 2
1787310398830 	 16 	 200 	 257 	 1
1787310398833 	 15 	 200 	 257 	 0
1787310398860 	 14 	 200 	 258 	 0
1787310398878 	 14 	 200 	 260 	 1
1787310398892 	 12 	 200 	 260 	 0
1787310398958 	 15 	 200 	 261 	 2
1787310398974 	 14 	 200 	 263 	 1
1787310398974 	 14 	 200 	 263 	 0
1787310398999 	 12 	 200 	 265 	 1
1787310399005 	 12 	 200 	 265 	 0
1787310399021 	 16 	 200 	 266 	 0
1787310399067 	 37 	 200 	 273 	 6
1787310399063 	 44 	 200 	 273 	 5
1787310399069 	 39 	 200 	 273 	 4
1787310399081 	 28 	 200 	 273 	 3
1787310399065 	 44 	 200 	 273 	 2
1787310399085 	 27 	 200 	 273 	 1
1787310399100 	 42 	 200 	 277 	 4
1787310399118 	 42 	 200 	 278 	 4
1787310399141 	 21 	 200 	 278 	 3
1787310399122 	 44 	 200 	 278 	 2
1787310399137 	 36 	 200 	 278 	 1
1787310399151 	 25 	 200 	 278 	 0
1787310399187 	 16 	 200 	 279 	 0
1787310399215 	 29 	 200 	 284 	 4
1787310399216 	 35 	 200 	 284 	 3
1787310399225 	 27 	 200 	 285 	 3
1787310399229 	 23 	 200 	 285 	 2
1787310399252 	 15 	 200 	 286 	 2
1787310399267 	 60 	 200 	 292 	 7
1787310399292 	 41 	 200 	 292 	 6
1787310399271 	 62 	 200 	 292 	 5
1787310399312 	 25 	 200 	 292 	 4
1787310399313 	 25 	 200 	 292 	 3
1787310399346 	 72 	 200 	 295 	 5
1787310399393 	 38 	 200 	 296 	 5
1787310399381 	 51 	 200 	 296 	 4
1787310399304 	 132 	 200 	 298 	 5
1787310399419 	 19 	 200 	 299 	 5
1787310399312 	 154 	 200 	 300 	 5
1787310399433 	 34 	 200 	 300 	 4
1787310399437 	 36 	 200 	 300 	 3
1787310399477 	 44 	 200 	 302 	 4
1787310399443 	 79 	 200 	 302 	 3
1787310399501 	 24 	 200 	 302 	 2
1787310399530 	 12 	 200 	 303 	 2
1787310399435 	 127 	 200 	 303 	 1
1787310399568 	 15 	 200 	 307 	 4
1787310399573 	 48 	 200 	 308 	 4
1787310399574 	 48 	 200 	 308 	 3
1787310399597 	 27 	 200 	 308 	 2
1787310399229 	 413 	 200 	 310 	 3
1787310399565 	 77 	 200 	 310 	 2
1787310399629 	 16 	 200 	 310 	 1
1787310399637 	 13 	 200 	 310 	 0
1787310399652 	 14 	 200 	 312 	 1
1787310399654 	 18 	 200 	 312 	 0
1787310399694 	 15 	 200 	 313 	 0
1787310399724 	 15 	 200 	 314 	 0
1787310399780 	 16 	 200 	 315 	 0
1787310399805 	 12 	 200 	 316 	 0
1787310399837 	 14 	 200 	 318 	 1
1787310399837 	 16 	 200 	 318 	 0
1787310399857 	 13 	 200 	 320 	 1
1787310399863 	 14 	 200 	 320 	 0
1787310399904 	 32 	 200 	 322 	 1
1787310399928 	 20 	 200 	 322 	 0
1787310399958 	 16 	 200 	 323 	 0
1787310399983 	 13 	 200 	 325 	 1
1787310399987 	 15 	 200 	 325 	 0
1787310400011 	 14 	 200 	 327 	 1
1787310400012 	 15 	 200 	 327 	 0
1787310400043 	 34 	 200 	 330 	 2
1787310400073 	 26 	 200 	 330 	 1
1787310400076 	 25 	 200 	 331 	 1
1787310400102 	 14 	 200 	 333 	 2
1787310400111 	 14 	 200 	 333 	 1
1787310400116 	 29 	 200 	 336 	 3
1787310400140 	 13 	 200 	 338 	 4
1787310400144 	 19 	 200 	 338 	 3
1787310400145 	 20 	 200 	 338 	 2
1787310400148 	 19 	 200 	 338 	 1
1787310400154 	 15 	 200 	 338 	 0
1787310400184 	 16 	 200 	 339 	 0
1787310400235 	 14 	 200 	 341 	 1
1787310400240 	 13 	 200 	 341 	 0
1787310400255 	 14 	 200 	 343 	 1
1787310400263 	 16 	 200 	 343 	 0
1787310400322 	 28 	 200 	 345 	 1
1787310400334 	 21 	 200 	 345 	 0
1787310400376 	 14 	 200 	 347 	 1
1787310400378 	 13 	 200 	 347 	 0
1787310400433 	 15 	 200 	 349 	 1
1787310400430 	 20 	 200 	 349 	 0
1787310400483 	 23 	 200 	 353 	 3
1787310400487 	 20 	 200 	 353 	 2
1787310400489 	 22 	 200 	 353 	 1
1787310400498 	 18 	 200 	 354 	 1
1787310400517 	 13 	 200 	 355 	 1
1787310400523 	 13 	 200 	 356 	 1
1787310400537 	 15 	 200 	 357 	 1
1787310400548 	 13 	 200 	 358 	 1
1787310400555 	 14 	 200 	 359 	 1
1787310400572 	 14 	 200 	 360 	 1
1787310400591 	 13 	 200 	 362 	 2
1787310400591 	 14 	 200 	 362 	 1
1787310400568 	 46 	 200 	 362 	 0
1787310400630 	 20 	 200 	 364 	 1
1787310400641 	 15 	 200 	 364 	 0
1787310400660 	 13 	 200 	 365 	 0
1787310400681 	 15 	 200 	 366 	 0
1787310400697 	 15 	 200 	 369 	 2
1787310400705 	 14 	 200 	 369 	 1
1787310400704 	 16 	 200 	 369 	 0
1787310400722 	 16 	 200 	 372 	 2
1787310400728 	 14 	 200 	 372 	 1
1787310400733 	 14 	 200 	 372 	 0
1787310400761 	 13 	 200 	 373 	 0
1787310400781 	 16 	 200 	 376 	 2
1787310400786 	 18 	 200 	 377 	 2
1787310400791 	 18 	 200 	 378 	 2
1787310400799 	 17 	 200 	 380 	 3
1787310400807 	 16 	 200 	 381 	 3
1787310400812 	 16 	 200 	 381 	 2
1787310400814 	 15 	 200 	 381 	 1
1787310400823 	 18 	 200 	 381 	 0
1787310400865 	 16 	 200 	 383 	 1
1787310400882 	 12 	 200 	 383 	 0
1787310400917 	 13 	 200 	 384 	 1
1787310400936 	 19 	 200 	 389 	 4
1787310400931 	 27 	 200 	 389 	 3
1787310400948 	 18 	 200 	 390 	 3
1787310400948 	 21 	 200 	 390 	 2
1787310400953 	 19 	 200 	 390 	 1
1787310400962 	 15 	 200 	 391 	 1
1787310400975 	 18 	 200 	 392 	 1
1787310400991 	 13 	 200 	 393 	 1
1787310401000 	 26 	 200 	 396 	 3
1787310401009 	 19 	 200 	 396 	 2
1787310401013 	 15 	 200 	 396 	 1
1787310401022 	 14 	 200 	 396 	 0
1787310401057 	 12 	 200 	 397 	 0
1787310401081 	 14 	 200 	 401 	 3
1787310401085 	 15 	 200 	 401 	 2
1787310401084 	 18 	 200 	 401 	 1
1787310401096 	 19 	 200 	 402 	 1
1787310401111 	 13 	 200 	 403 	 1
1787310401117 	 12 	 200 	 403 	 0
1787310401142 	 11 	 200 	 404 	 0
1787310401163 	 11 	 200 	 405 	 0
1787310401180 	 17 	 200 	 410 	 4
1787310401184 	 16 	 200 	 410 	 3
1787310401188 	 17 	 200 	 411 	 3
1787310401187 	 20 	 200 	 411 	 2
1787310401192 	 18 	 200 	 411 	 1
1787310401201 	 16 	 200 	 411 	 0
1787310401230 	 14 	 200 	 414 	 2
1787310401231 	 15 	 200 	 414 	 1
1787310401239 	 14 	 200 	 415 	 1
1787310401254 	 16 	 200 	 416 	 1
1787310401257 	 14 	 200 	 416 	 0
1787310401275 	 14 	 200 	 418 	 2
1787310401285 	 15 	 200 	 419 	 1
1787310401290 	 15 	 200 	 421 	 2
1787310401306 	 15 	 200 	 421 	 1
1787310401306 	 18 	 200 	 422 	 1
1787310401326 	 13 	 200 	 422 	 0
1787310401349 	 15 	 200 	 426 	 3
1787310401350 	 20 	 200 	 426 	 2
1787310401359 	 15 	 200 	 426 	 1
1787310401361 	 15 	 200 	 426 	 0
1787310401409 	 16 	 200 	 430 	 3
1787310401425 	 17 	 200 	 430 	 2
1787310401420 	 22 	 200 	 430 	 1
1787310401421 	 21 	 200 	 430 	 0
1787310401453 	 13 	 200 	 432 	 1
1787310401462 	 12 	 200 	 432 	 0
1787310401487 	 13 	 200 	 433 	 0
1787310401503 	 17 	 200 	 434 	 0
1787310401569 	 14 	 200 	 436 	 1
1787310401583 	 14 	 200 	 436 	 0
1787310401661 	 18 	 200 	 439 	 2
1787310401695 	 28 	 200 	 441 	 3
1787310401675 	 51 	 200 	 441 	 2
1787310401705 	 61 	 200 	 443 	 3
1787310401744 	 38 	 200 	 444 	 3
1787310401732 	 51 	 200 	 444 	 2
1787310401778 	 39 	 200 	 448 	 5
1787310401812 	 14 	 200 	 448 	 4
1787310401808 	 64 	 200 	 451 	 6
1787310401854 	 21 	 200 	 451 	 5
1787310401817 	 59 	 200 	 451 	 4
1787310401832 	 48 	 200 	 452 	 4
1787310401865 	 19 	 200 	 454 	 5
1787310401890 	 78 	 200 	 464 	 14
1787310401895 	 79 	 200 	 464 	 13
1787310401937 	 39 	 200 	 465 	 13
1787310401885 	 91 	 200 	 465 	 12
1787310401798 	 182 	 200 	 465 	 11
1787310401964 	 21 	 200 	 466 	 11
1787310401879 	 136 	 200 	 468 	 12
1787310401984 	 86 	 200 	 471 	 14
1787310401884 	 187 	 200 	 471 	 13
1787310401901 	 176 	 200 	 471 	 12
1787310401920 	 159 	 200 	 471 	 11
1787310401955 	 125 	 200 	 471 	 10
1787310402062 	 58 	 200 	 475 	 13
1787310401913 	 280 	 200 	 478 	 15
1787310401995 	 202 	 200 	 478 	 14
1787310401987 	 211 	 200 	 478 	 13
1787310402044 	 155 	 200 	 478 	 12
1787310402124 	 94 	 200 	 478 	 11
1787310401956 	 263 	 200 	 478 	 10
1787310401915 	 308 	 200 	 479 	 10
1787310402127 	 102 	 200 	 479 	 10
1787310401976 	 298 	 200 	 482 	 11
1787310402231 	 44 	 200 	 482 	 10
1787310402263 	 54 	 200 	 488 	 16
1787310402031 	 347 	 200 	 489 	 24
1787310402280 	 184 	 200 	 490 	 33
1787310402112 	 354 	 200 	 491 	 32
1787310402222 	 250 	 200 	 492 	 31
1787310402122 	 357 	 200 	 493 	 30
1787310402277 	 240 	 200 	 494 	 34
1787310402293 	 223 	 200 	 495 	 33
1787310402147 	 372 	 200 	 496 	 32
1787310402091 	 477 	 200 	 497 	 31
1787310402251 	 324 	 200 	 498 	 30
1787310402284 	 291 	 200 	 499 	 29
1787310402299 	 283 	 200 	 500 	 28
1787310402176 	 441 	 200 	 501 	 27
1787310402467 	 206 	 200 	 502 	 29
1787310402380 	 297 	 200 	 503 	 28
1787310402519 	 159 	 200 	 504 	 27
1787310402579 	 110 	 200 	 505 	 26
1787310402521 	 222 	 200 	 506 	 28
1787310402293 	 450 	 200 	 507 	 27
1787310402675 	 96 	 200 	 508 	 26
1787310402469 	 306 	 200 	 509 	 25
1787310402619 	 197 	 200 	 510 	 31
1787310402577 	 244 	 200 	 511 	 31
1787310402682 	 142 	 200 	 512 	 30
1787310402777 	 49 	 200 	 513 	 29
1787310402481 	 391 	 200 	 514 	 31
1787310402519 	 358 	 200 	 515 	 31
1787310402692 	 273 	 200 	 516 	 33
1787310402744 	 228 	 200 	 517 	 32
1787310402684 	 290 	 200 	 518 	 33
1787310402823 	 155 	 200 	 519 	 33
1787310402819 	 162 	 200 	 520 	 33
1787310402875 	 146 	 200 	 521 	 33
1787310402879 	 166 	 200 	 522 	 33
1787310402584 	 482 	 200 	 523 	 33
1787310402569 	 505 	 200 	 524 	 34
1787310402967 	 114 	 200 	 525 	 33
1787310402826 	 295 	 200 	 526 	 35
1787310402829 	 292 	 200 	 527 	 34
1787310403047 	 118 	 200 	 528 	 35
1787310402474 	 695 	 200 	 529 	 34
1787310402974 	 199 	 200 	 530 	 34
1787310402983 	 195 	 200 	 531 	 34
1787310401628 	 1565 	 200 	 532 	 33
1787310402979 	 265 	 200 	 533 	 33
1787310403077 	 172 	 200 	 534 	 32
1787310402773 	 475 	 200 	 535 	 31
1787310403023 	 231 	 200 	 536 	 30
1787310403123 	 219 	 200 	 537 	 36
1787310402745 	 598 	 200 	 538 	 35
1787310403083 	 262 	 200 	 539 	 34
1787310403194 	 150 	 200 	 540 	 33
1787310403167 	 182 	 200 	 541 	 32
1787310403175 	 172 	 200 	 542 	 31
1787310403170 	 182 	 200 	 543 	 30
1787310403125 	 224 	 200 	 544 	 29
1787310402977 	 371 	 200 	 545 	 28
1787310403351 	 72 	 200 	 546 	 31
1787310403247 	 199 	 200 	 547 	 31
1787310403351 	 120 	 200 	 548 	 32
1787310403355 	 123 	 200 	 549 	 31
1787310403259 	 234 	 200 	 550 	 31
1787310403256 	 287 	 200 	 551 	 31
1787310403067 	 479 	 200 	 552 	 31
1787310403181 	 363 	 200 	 553 	 30
1787310403347 	 197 	 200 	 554 	 29
1787310403354 	 196 	 200 	 555 	 28
1787310403345 	 205 	 200 	 556 	 27
1787310403449 	 116 	 200 	 557 	 26
1787310403425 	 146 	 200 	 558 	 26
1787310403344 	 247 	 200 	 559 	 27
1787310403546 	 120 	 200 	 560 	 30
1787310403550 	 119 	 200 	 561 	 29
1787310403552 	 118 	 200 	 562 	 28
1787310403495 	 179 	 200 	 563 	 27
1787310403567 	 121 	 200 	 564 	 28
1787310403472 	 271 	 200 	 565 	 31
1787310403353 	 391 	 200 	 566 	 30
1787310403594 	 152 	 200 	 567 	 29
1787310403252 	 494 	 200 	 568 	 29
1787310403548 	 222 	 200 	 569 	 29
1787310403552 	 221 	 200 	 570 	 28
1787310403573 	 202 	 200 	 571 	 27
1787310403348 	 433 	 200 	 572 	 28
1787310403548 	 299 	 200 	 573 	 31
1787310403748 	 103 	 200 	 574 	 30
1787310403480 	 371 	 200 	 575 	 29
1787310403745 	 112 	 200 	 576 	 28
1787310403672 	 182 	 200 	 577 	 27
1787310403667 	 186 	 200 	 578 	 29
1787310403691 	 251 	 200 	 579 	 32
1787310403747 	 201 	 200 	 580 	 31
1787310403777 	 173 	 200 	 581 	 30
1787310403774 	 219 	 200 	 582 	 31
1787310403676 	 368 	 200 	 583 	 35
1787310403670 	 381 	 200 	 584 	 34
1787310403749 	 307 	 200 	 585 	 34
1787310403864 	 192 	 200 	 586 	 33
1787310403782 	 270 	 200 	 587 	 32
1787310403849 	 216 	 200 	 588 	 32
1787310403772 	 370 	 200 	 589 	 37
1787310403945 	 198 	 200 	 590 	 36
1787310403869 	 275 	 200 	 591 	 35
1787310403862 	 284 	 200 	 592 	 34
1787310403859 	 292 	 200 	 593 	 35
1787310403949 	 203 	 200 	 594 	 34
1787310403855 	 297 	 200 	 595 	 33
1787310404059 	 278 	 200 	 596 	 52
1787310404054 	 283 	 200 	 597 	 51
1787310403995 	 349 	 200 	 598 	 50
1787310404061 	 282 	 200 	 599 	 49
1787310403952 	 393 	 200 	 600 	 48
1787310404153 	 210 	 200 	 601 	 47
1787310404145 	 226 	 200 	 602 	 46
1787310404049 	 320 	 200 	 603 	 45
1787310404146 	 228 	 200 	 604 	 44
1787310404061 	 317 	 200 	 605 	 43
1787310404347 	 69 	 200 	 606 	 44
1787310404154 	 271 	 200 	 607 	 45
1787310404348 	 88 	 200 	 608 	 44
1787310404155 	 287 	 200 	 609 	 43
1787310404338 	 108 	 200 	 610 	 42
1787310404143 	 304 	 200 	 611 	 41
1787310404346 	 103 	 200 	 612 	 40
1787310404148 	 303 	 200 	 613 	 39
1787310404339 	 112 	 200 	 614 	 38
1787310404068 	 385 	 200 	 615 	 37
1787310402319 	 2132 	 200 	 616 	 37
1787310404372 	 149 	 200 	 617 	 40
1787310404369 	 175 	 200 	 618 	 42
1787310404418 	 131 	 200 	 619 	 41
1787310404438 	 116 	 200 	 620 	 40
1787310404445 	 116 	 200 	 621 	 39
1787310404447 	 113 	 200 	 622 	 38
1787310404426 	 133 	 200 	 623 	 37
1787310404376 	 183 	 200 	 624 	 37
1787310404372 	 185 	 200 	 625 	 36
1787310404381 	 210 	 200 	 626 	 36
1787310404452 	 193 	 200 	 627 	 42
1787310404455 	 193 	 200 	 628 	 41
1787310404454 	 196 	 200 	 629 	 40
1787310404449 	 200 	 200 	 630 	 40
1787310404565 	 129 	 200 	 631 	 39
1787310404522 	 220 	 200 	 632 	 40
1787310404551 	 192 	 200 	 633 	 39
1787310404547 	 198 	 200 	 634 	 38
1787310404450 	 298 	 200 	 635 	 37
1787310404457 	 301 	 200 	 636 	 37
1787310404555 	 204 	 200 	 637 	 36
1787310404595 	 250 	 200 	 638 	 41
1787310404568 	 280 	 200 	 639 	 41
1787310404646 	 211 	 200 	 640 	 40
1787310404563 	 302 	 200 	 641 	 39
1787310404574 	 318 	 200 	 642 	 38
1787310404571 	 373 	 200 	 643 	 40
1787310404696 	 251 	 200 	 644 	 39
1787310404651 	 296 	 200 	 645 	 38
1787310404763 	 195 	 200 	 646 	 38
1787310404653 	 309 	 200 	 647 	 37
1787310404848 	 197 	 200 	 648 	 43
1787310404749 	 300 	 200 	 649 	 42
1787310404650 	 400 	 200 	 650 	 41
1787310404759 	 292 	 200 	 651 	 40
1787310404850 	 201 	 200 	 652 	 42
1787310404747 	 318 	 200 	 653 	 41
1787310404867 	 196 	 200 	 654 	 41
1787310404960 	 123 	 200 	 655 	 42
1787310404946 	 147 	 200 	 656 	 41
1787310404746 	 403 	 200 	 657 	 44
1787310404894 	 260 	 200 	 658 	 43
1787310404949 	 204 	 200 	 659 	 42
1787310404859 	 383 	 200 	 660 	 45
1787310404744 	 504 	 200 	 661 	 44
1787310405055 	 198 	 200 	 662 	 43
1787310404948 	 394 	 200 	 663 	 47
1787310405047 	 304 	 200 	 664 	 46
1787310404963 	 485 	 200 	 665 	 54
1787310405086 	 370 	 200 	 666 	 53
1787310405061 	 395 	 200 	 667 	 53
1787310405058 	 479 	 200 	 668 	 59
1787310405069 	 474 	 200 	 669 	 60
1787310405250 	 293 	 200 	 670 	 59
1787310405073 	 474 	 200 	 671 	 58
1787310405062 	 483 	 200 	 672 	 57
1787310405150 	 442 	 200 	 673 	 57
1787310405156 	 488 	 200 	 674 	 58
1787310405244 	 401 	 200 	 675 	 57
1787310405155 	 489 	 200 	 676 	 56
1787310405095 	 549 	 200 	 677 	 55
1787310405350 	 299 	 200 	 678 	 54
1787310405539 	 111 	 200 	 679 	 53
1787310405462 	 191 	 200 	 680 	 52
1787310405354 	 303 	 200 	 681 	 51
1787310405256 	 402 	 200 	 682 	 50
1787310405546 	 121 	 200 	 683 	 49
1787310405460 	 285 	 200 	 684 	 49
1787310405552 	 193 	 200 	 685 	 48
1787310405595 	 150 	 200 	 686 	 47
1787310405545 	 201 	 200 	 687 	 46
1787310405451 	 298 	 200 	 688 	 45
1787310405653 	 101 	 200 	 689 	 44
1787310405549 	 201 	 200 	 690 	 43
1787310405649 	 135 	 200 	 691 	 42
1787310405655 	 137 	 200 	 692 	 41
1787310405652 	 193 	 200 	 693 	 45
1787310405749 	 96 	 200 	 694 	 45
1787310405648 	 205 	 200 	 695 	 44
1787310405650 	 242 	 200 	 696 	 44
1787310405660 	 232 	 200 	 697 	 43
1787310405646 	 297 	 200 	 698 	 48
1787310405854 	 90 	 200 	 699 	 47
1787310405746 	 198 	 200 	 700 	 46
1787310405757 	 190 	 200 	 701 	 45
1787310405755 	 194 	 200 	 702 	 44
1787310405749 	 200 	 200 	 703 	 44
1787310405786 	 257 	 200 	 704 	 49
1787310405669 	 382 	 200 	 705 	 48
1787310405847 	 246 	 200 	 706 	 48
1787310405894 	 198 	 200 	 707 	 47
1787310405753 	 343 	 200 	 708 	 46
1787310405848 	 247 	 200 	 709 	 45
1787310405751 	 391 	 200 	 710 	 49
1787310405952 	 193 	 200 	 711 	 48
1787310405950 	 195 	 200 	 712 	 47
1787310405894 	 253 	 200 	 713 	 46
1787310405946 	 202 	 200 	 714 	 45
1787310405795 	 352 	 200 	 715 	 44
1787310406045 	 104 	 200 	 716 	 43
1787310405949 	 294 	 200 	 717 	 45
1787310405947 	 298 	 200 	 718 	 44
1787310406146 	 122 	 200 	 719 	 43
1787310405944 	 371 	 200 	 720 	 48
1787310406094 	 226 	 200 	 721 	 47
1787310406097 	 235 	 200 	 722 	 46
1787310406246 	 127 	 200 	 723 	 47
1787310406269 	 106 	 200 	 724 	 48
1787310406094 	 330 	 200 	 725 	 48
1787310406147 	 322 	 200 	 726 	 51
1787310406378 	 91 	 200 	 727 	 50
1787310406054 	 418 	 200 	 728 	 49
1787310406374 	 99 	 200 	 729 	 48
1787310406152 	 333 	 200 	 730 	 47
1787310406144 	 394 	 200 	 731 	 50
1787310406471 	 107 	 200 	 732 	 52
1787310406150 	 466 	 200 	 733 	 51
1787310406097 	 523 	 200 	 734 	 50
1787310406150 	 486 	 200 	 735 	 50
1787310406471 	 166 	 200 	 736 	 49
1787310406244 	 429 	 200 	 737 	 49
1787310406317 	 358 	 200 	 738 	 50
1787310406581 	 99 	 200 	 739 	 49
1787310406322 	 394 	 200 	 740 	 50
1787310406618 	 99 	 200 	 741 	 49
1787310406486 	 232 	 200 	 742 	 48
1787310406473 	 249 	 200 	 743 	 47
1787310406675 	 72 	 200 	 744 	 49
1787310406638 	 137 	 200 	 745 	 49
1787310406333 	 458 	 200 	 746 	 48
1787310406717 	 77 	 200 	 747 	 47
1787310406427 	 367 	 200 	 748 	 46
1787310406540 	 255 	 200 	 749 	 45
1787310406679 	 136 	 200 	 750 	 44
1787310405664 	 1180 	 200 	 751 	 45
1787310406475 	 372 	 200 	 752 	 44
1787310406640 	 234 	 200 	 753 	 45
1787310406796 	 121 	 200 	 754 	 46
1787310406796 	 127 	 200 	 755 	 45
1787310406777 	 151 	 200 	 756 	 44
1787310406725 	 208 	 200 	 757 	 43
1787310406848 	 96 	 200 	 758 	 43
1787310406794 	 151 	 200 	 759 	 42
1787310406920 	 74 	 200 	 760 	 43
1787310406683 	 312 	 200 	 761 	 42
1787310406817 	 177 	 200 	 762 	 41
1787310406719 	 302 	 200 	 763 	 42
1787310406622 	 422 	 200 	 764 	 41
1787310406849 	 243 	 200 	 765 	 45
1787310406149 	 946 	 200 	 766 	 44
1787310406797 	 297 	 200 	 767 	 43
1787310406721 	 374 	 200 	 768 	 42
1787310406930 	 211 	 200 	 769 	 42
1787310406996 	 147 	 200 	 770 	 41
1787310406750 	 394 	 200 	 771 	 40
1787310406947 	 196 	 200 	 772 	 39
1787310406925 	 240 	 200 	 773 	 38
1787310406935 	 232 	 200 	 774 	 37
1787310406950 	 243 	 200 	 775 	 36
1787310407097 	 122 	 200 	 776 	 37
1787310406998 	 219 	 200 	 777 	 36
1787310407098 	 124 	 200 	 778 	 36
1787310407148 	 78 	 200 	 779 	 35
1787310407046 	 175 	 200 	 780 	 34
1787310406876 	 367 	 200 	 781 	 35
1787310407194 	 86 	 200 	 782 	 39
1787310407023 	 271 	 200 	 783 	 38
1787310407145 	 151 	 200 	 784 	 37
1787310407146 	 151 	 200 	 785 	 36
1787310406998 	 303 	 200 	 786 	 35
1787310407170 	 130 	 200 	 787 	 35
1787310407094 	 206 	 200 	 788 	 34
1787310407168 	 131 	 200 	 789 	 33
1787310407246 	 97 	 200 	 790 	 36
1787310407220 	 120 	 200 	 791 	 35
1787310407233 	 111 	 200 	 792 	 34
1787310407147 	 196 	 200 	 793 	 33
1787310407096 	 251 	 200 	 794 	 32
1787310407230 	 117 	 200 	 795 	 31
1787310407282 	 113 	 200 	 796 	 32
1787310407227 	 216 	 200 	 797 	 34
1787310407348 	 101 	 200 	 798 	 33
1787310407347 	 103 	 200 	 799 	 32
1787310407296 	 246 	 200 	 800 	 36
1787310407451 	 89 	 200 	 801 	 35
1787310407396 	 147 	 200 	 802 	 34
1787310407446 	 97 	 200 	 803 	 34
1787310407299 	 248 	 200 	 804 	 33
1787310407301 	 248 	 200 	 805 	 32
1787310407303 	 248 	 200 	 806 	 31
1787310407349 	 204 	 200 	 807 	 30
1787310407305 	 246 	 200 	 808 	 29
1787310407303 	 249 	 200 	 809 	 28
1787310407220 	 330 	 200 	 810 	 27
1787310407302 	 341 	 200 	 811 	 31
1787310407556 	 90 	 200 	 812 	 30
1787310407553 	 129 	 200 	 813 	 33
1787310407350 	 343 	 200 	 814 	 33
1787310407555 	 141 	 200 	 815 	 32
1787310407546 	 151 	 200 	 816 	 31
1787310407646 	 52 	 200 	 817 	 30
1787310407546 	 151 	 200 	 818 	 29
1787310407545 	 148 	 200 	 819 	 28
1787310407557 	 145 	 200 	 820 	 27
1787310407452 	 250 	 200 	 821 	 26
1787310407345 	 361 	 200 	 822 	 25
1787310407548 	 160 	 200 	 823 	 24
1787310407351 	 393 	 200 	 824 	 24
1787310407558 	 228 	 200 	 825 	 26
1787310407683 	 112 	 200 	 826 	 25
1787310407556 	 241 	 200 	 827 	 24
1787310407549 	 247 	 200 	 828 	 23
1787310407695 	 148 	 200 	 829 	 24
1787310407787 	 59 	 200 	 830 	 23
1787310407700 	 146 	 200 	 831 	 22
1787310407706 	 141 	 200 	 832 	 21
1787310407704 	 170 	 200 	 833 	 21
1787310407796 	 99 	 200 	 834 	 22
1787310407644 	 300 	 200 	 835 	 23
1787310407745 	 205 	 200 	 836 	 22
1787310407706 	 287 	 200 	 837 	 25
1787310407848 	 145 	 200 	 838 	 24
1787310407798 	 196 	 200 	 839 	 23
1787310407701 	 292 	 200 	 840 	 22
1787310407850 	 147 	 200 	 841 	 21
1787310407844 	 153 	 200 	 842 	 20
1787310407798 	 201 	 200 	 843 	 19
1787310407697 	 347 	 200 	 844 	 19
1787310407847 	 197 	 200 	 845 	 18
1787310407701 	 341 	 200 	 846 	 17
1787310407945 	 105 	 200 	 847 	 16
1787310407897 	 198 	 200 	 848 	 15
1787310407951 	 143 	 200 	 848 	 14
1787310408000 	 144 	 200 	 850 	 17
1787310408051 	 93 	 200 	 851 	 17
1787310407707 	 437 	 200 	 852 	 16
1787310407996 	 151 	 200 	 853 	 15
1787310407995 	 198 	 200 	 854 	 16
1787310407876 	 318 	 200 	 855 	 15
1787310408002 	 195 	 200 	 855 	 14
1787310408055 	 141 	 200 	 855 	 13
1787310407710 	 488 	 200 	 855 	 12
1787310408046 	 150 	 200 	 855 	 11
1787310407995 	 249 	 200 	 858 	 13
1787310408000 	 249 	 200 	 858 	 12
1787310408119 	 130 	 200 	 858 	 11
1787310408147 	 146 	 200 	 863 	 15
1787310408196 	 98 	 200 	 863 	 14
1787310408202 	 93 	 200 	 863 	 13
1787310408276 	 45 	 200 	 864 	 13
1787310407999 	 344 	 200 	 867 	 15
1787310408262 	 83 	 200 	 867 	 14
1787310408267 	 79 	 200 	 867 	 13
1787310408148 	 198 	 200 	 867 	 12
1787310408053 	 291 	 200 	 867 	 11
1787310408274 	 73 	 200 	 867 	 10
1787310408238 	 110 	 200 	 867 	 9
1787310408288 	 79 	 200 	 868 	 9
1787310408324 	 43 	 200 	 868 	 8
1787310408099 	 295 	 200 	 870 	 9
1787310408300 	 95 	 200 	 870 	 8
1787310408175 	 222 	 200 	 870 	 7
1787310408237 	 207 	 200 	 876 	 12
1787310408327 	 117 	 200 	 876 	 11
1787310408145 	 302 	 200 	 876 	 10
1787310408434 	 60 	 200 	 878 	 11
1787310408328 	 167 	 200 	 878 	 10
1787310408493 	 50 	 200 	 883 	 14
1787310408373 	 173 	 200 	 883 	 13
1787310408377 	 171 	 200 	 883 	 12
1787310408358 	 189 	 200 	 883 	 11
1787310408435 	 158 	 200 	 886 	 13
1787310408430 	 164 	 200 	 886 	 12
1787310408425 	 219 	 200 	 890 	 17
1787310408414 	 230 	 200 	 891 	 16
1787310408522 	 123 	 200 	 892 	 16
1787310408416 	 227 	 200 	 893 	 15
1787310408569 	 79 	 200 	 893 	 14
1787310408459 	 190 	 200 	 893 	 13
1787310408516 	 176 	 200 	 893 	 12
1787310408557 	 138 	 200 	 893 	 11
1787310408597 	 99 	 200 	 893 	 10
1787310408510 	 184 	 200 	 893 	 9
1787310408541 	 155 	 200 	 893 	 8
1787310408528 	 169 	 200 	 893 	 7
1787310408647 	 59 	 200 	 893 	 6
1787310408648 	 62 	 200 	 893 	 5
1787310408601 	 112 	 200 	 893 	 4
1787310408565 	 150 	 200 	 893 	 3
1787310408618 	 125 	 200 	 895 	 4
1787310408608 	 152 	 200 	 895 	 3
1787310408721 	 40 	 200 	 895 	 2
1787310408646 	 123 	 200 	 895 	 1
1787310408726 	 48 	 200 	 895 	 0
1787310408784 	 13 	 200 	 896 	 0
1787310408800 	 13 	 200 	 897 	 0
1787310409134 	 13 	 200 	 898 	 0
1787310409597 	 15 	 200 	 899 	 0
1787310410143 	 13 	 200 	 901 	 1
1787310410157 	 14 	 200 	 902 	 1
1787310410167 	 15 	 200 	 902 	 0
1787310410207 	 15 	 200 	 904 	 1
1787310410202 	 21 	 200 	 904 	 0
1787310410231 	 13 	 200 	 906 	 1
1787310410245 	 21 	 200 	 906 	 0
1787310410650 	 25 	 200 	 907 	 0
1787310411038 	 16 	 200 	 908 	 0
1787310411491 	 31 	 200 	 909 	 0
1787310412002 	 22 	 200 	 910 	 0
1787310412029 	 15 	 200 	 912 	 1
1787310412044 	 14 	 200 	 912 	 0
1787310412079 	 15 	 200 	 914 	 1
1787310412095 	 24 	 200 	 916 	 2
1787310412122 	 16 	 200 	 917 	 2
1787310412142 	 16 	 200 	 920 	 4
1787310412169 	 14 	 200 	 923 	 6
1787310412172 	 15 	 200 	 924 	 6
1787310412186 	 13 	 200 	 924 	 5
1787310412250 	 13 	 200 	 926 	 6
1787310412287 	 17 	 200 	 927 	 6
1787310412314 	 15 	 200 	 929 	 7
1787310412318 	 14 	 200 	 929 	 6
1787310412344 	 13 	 200 	 931 	 7
1787310412354 	 13 	 200 	 931 	 6
1787310412379 	 17 	 200 	 932 	 6
1787310412399 	 17 	 200 	 935 	 8
1787310412459 	 16 	 200 	 937 	 9
1787310412457 	 19 	 200 	 937 	 8
1787310412143 	 362 	 200 	 937 	 7
1787310412239 	 271 	 200 	 938 	 7
1787310412174 	 340 	 200 	 938 	 6
1787310412405 	 117 	 200 	 938 	 5
1787310412109 	 413 	 200 	 938 	 4
1787310412148 	 389 	 200 	 938 	 3
1787310412100 	 438 	 200 	 938 	 2
1787310412407 	 161 	 200 	 940 	 3
1787310412510 	 62 	 200 	 940 	 2
1787310412539 	 34 	 200 	 940 	 1
1787310412559 	 21 	 200 	 940 	 0
1787310412617 	 15 	 200 	 941 	 0
1787310412669 	 14 	 200 	 942 	 0
1787310412693 	 13 	 200 	 944 	 1
1787310412700 	 17 	 200 	 944 	 0
1787310412724 	 19 	 200 	 947 	 2
1787310412723 	 23 	 200 	 948 	 2
1787310412735 	 13 	 200 	 948 	 1
1787310412744 	 13 	 200 	 948 	 0
1787310412761 	 12 	 200 	 949 	 0
1787310412778 	 12 	 200 	 950 	 1
1787310412791 	 12 	 200 	 951 	 0
1787310412817 	 17 	 200 	 952 	 0
1787310412859 	 17 	 200 	 956 	 3
1787310412861 	 20 	 200 	 956 	 2
1787310412865 	 23 	 200 	 956 	 1
1787310412866 	 26 	 200 	 956 	 0
1787310412898 	 13 	 200 	 958 	 1
1787310412910 	 13 	 200 	 958 	 0
1787310412947 	 14 	 200 	 961 	 2
1787310412952 	 14 	 200 	 961 	 1
1787310412951 	 15 	 200 	 961 	 0
1787310412978 	 19 	 200 	 962 	 0
1787310413014 	 13 	 200 	 965 	 2
1787310413019 	 16 	 200 	 966 	 2
1787310413027 	 15 	 200 	 966 	 1
1787310413029 	 16 	 200 	 966 	 0
1787310413079 	 14 	 200 	 970 	 3
1787310413073 	 28 	 200 	 970 	 2
1787310413090 	 13 	 200 	 970 	 1
1787310413089 	 23 	 200 	 970 	 0
1787310413123 	 13 	 200 	 973 	 2
1787310413125 	 16 	 200 	 973 	 1
1787310413134 	 16 	 200 	 974 	 1
1787310413151 	 11 	 200 	 974 	 0
1787310413171 	 13 	 200 	 975 	 0
1787310413215 	 36 	 200 	 979 	 3
1787310413223 	 35 	 200 	 981 	 4
1787310413244 	 19 	 200 	 981 	 3
1787310413246 	 24 	 200 	 982 	 3
1787310413266 	 16 	 200 	 983 	 3
1787310413274 	 14 	 200 	 983 	 2
1787310413256 	 69 	 200 	 985 	 3
1787310413254 	 75 	 200 	 986 	 3
1787310413319 	 16 	 200 	 987 	 3
1787310413320 	 18 	 200 	 987 	 2
1787310413335 	 32 	 200 	 987 	 1
1787310413327 	 40 	 200 	 987 	 0
1787310413380 	 13 	 200 	 988 	 0
1787310413409 	 17 	 200 	 990 	 1
1787310413411 	 18 	 200 	 991 	 1
1787310413428 	 14 	 200 	 992 	 1
1787310413440 	 12 	 200 	 992 	 0
1787310413497 	 21 	 200 	 997 	 4
1787310413504 	 19 	 200 	 997 	 3
1787310413515 	 15 	 200 	 997 	 2
1787310413512 	 22 	 200 	 997 	 1
1787310413517 	 20 	 200 	 997 	 0
1787310413545 	 14 	 200 	 999 	 1
1787310413554 	 19 	 200 	 1000 	 1
1787310413570 	 16 	 200 	 1001 	 1
1787310413586 	 17 	 200 	 1003 	 2
1787310413600 	 15 	 200 	 1003 	 1
1787310413599 	 17 	 200 	 1003 	 0
1787310413623 	 13 	 200 	 1006 	 2
1787310413627 	 15 	 200 	 1007 	 2
1787310413629 	 15 	 200 	 1008 	 2
1787310413642 	 14 	 200 	 1008 	 1
1787310413643 	 17 	 200 	 1008 	 0
1787310413664 	 19 	 200 	 1011 	 2
1787310413668 	 17 	 200 	 1011 	 1
1787310413672 	 15 	 200 	 1011 	 0
1787310413708 	 14 	 200 	 1014 	 2
1787310413710 	 16 	 200 	 1014 	 1
1787310413745 	 13 	 200 	 1016 	 2
1787310413745 	 21 	 200 	 1016 	 1
1787310413774 	 57 	 200 	 1026 	 10
1787310413783 	 49 	 200 	 1026 	 9
1787310413803 	 33 	 200 	 1027 	 9
1787310413803 	 64 	 200 	 1030 	 11
1787310413777 	 91 	 200 	 1030 	 10
1787310413786 	 89 	 200 	 1031 	 10
1787310413831 	 91 	 200 	 1033 	 11
1787310413802 	 124 	 200 	 1034 	 11
1787310413839 	 133 	 200 	 1037 	 13
1787310413902 	 118 	 200 	 1040 	 15
1787310413826 	 194 	 200 	 1040 	 14
1787310413836 	 191 	 200 	 1040 	 13
1787310413860 	 168 	 200 	 1040 	 12
1787310413779 	 251 	 200 	 1040 	 11
1787310413892 	 180 	 200 	 1043 	 13
1787310413871 	 200 	 200 	 1043 	 12
1787310413924 	 193 	 200 	 1045 	 13
1787310413991 	 128 	 200 	 1045 	 12
1787310413840 	 280 	 200 	 1045 	 11
1787310413935 	 201 	 200 	 1047 	 12
1787310413992 	 142 	 200 	 1047 	 11
1787310414045 	 93 	 200 	 1047 	 10
1787310413947 	 220 	 200 	 1049 	 11
1787310414115 	 105 	 200 	 1050 	 11
1787310414015 	 212 	 200 	 1051 	 11
1787310414065 	 164 	 200 	 1051 	 10
1787310413937 	 293 	 200 	 1051 	 9
1787310414126 	 193 	 200 	 1051 	 8
1787310414161 	 161 	 200 	 1051 	 7
1787310414191 	 139 	 200 	 1051 	 6
1787310414117 	 215 	 200 	 1051 	 5
1787310414056 	 275 	 200 	 1051 	 4
1787310414133 	 199 	 200 	 1051 	 3
1787310414151 	 182 	 200 	 1051 	 2
1787310414225 	 113 	 200 	 1051 	 1
1787310413702 	 639 	 200 	 1051 	 0
1787310414600 	 19 	 200 	 1052 	 0
1787310414627 	 15 	 200 	 1053 	 0
1787310414756 	 15 	 200 	 1054 	 0
1787310415157 	 15 	 200 	 1055 	 0
1787310415475 	 19 	 200 	 1056 	 0
1787310415632 	 17 	 200 	 1057 	 0
1787310417725 	 22 	 200 	 1058 	 0
1787310418025 	 27 	 200 	 1059 	 0
1787310418267 	 12 	 200 	 1060 	 0
1787310418639 	 20 	 200 	 1061 	 0
1787310418681 	 12 	 200 	 1062 	 0
1787310419166 	 30 	 200 	 1063 	 0
1787310419932 	 16 	 200 	 1064 	 0
1787310420352 	 15 	 200 	 1065 	 0
1787310420939 	 20 	 200 	 1066 	 0
1787310421450 	 15 	 200 	 1067 	 0
1787310421545 	 17 	 200 	 1068 	 0
1787310421786 	 15 	 200 	 1069 	 0
1787310421889 	 195 	 200 	 1071 	 1
1787310422055 	 40 	 200 	 1071 	 0
1787310422297 	 24 	 200 	 1072 	 0
1787310422512 	 15 	 200 	 1073 	 0
1787310422552 	 12 	 200 	 1074 	 0
1787310422774 	 21 	 200 	 1075 	 0
1787310423213 	 60 	 200 	 1076 	 0
1787310423399 	 12 	 200 	 1077 	 0
1787310423466 	 20 	 200 	 1078 	 0
1787310424492 	 13 	 200 	 1079 	 0
1787310424518 	 15 	 200 	 1082 	 2
1787310424519 	 25 	 200 	 1083 	 2
1787310424521 	 25 	 200 	 1083 	 1
1787310424541 	 13 	 200 	 1083 	 0
1787310424566 	 12 	 200 	 1085 	 1
1787310424578 	 20 	 200 	 1086 	 1
1787310424592 	 15 	 200 	 1087 	 1
1787310424604 	 14 	 200 	 1090 	 3
1787310424610 	 16 	 200 	 1090 	 2
1787310424618 	 21 	 200 	 1091 	 2
1787310424612 	 27 	 200 	 1091 	 1
1787310424635 	 15 	 200 	 1091 	 0
1787310425446 	 18 	 200 	 1092 	 0
1787310425957 	 31 	 200 	 1093 	 0
1787310427339 	 15 	 200 	 1094 	 0
1787310427705 	 24 	 200 	 1095 	 0
1787310427878 	 26 	 200 	 1096 	 0
1787310428224 	 41 	 200 	 1097 	 0
1787310428319 	 14 	 200 	 1098 	 0
1787310428747 	 22 	 200 	 1099 	 0
1787310428848 	 38 	 200 	 1100 	 0
1787310428894 	 18 	 200 	 1101 	 0
1787310429641 	 163 	 200 	 1102 	 0
1787310429824 	 16 	 200 	 1103 	 0
1787310430400 	 16 	 200 	 1104 	 0
1787310430424 	 13 	 200 	 1105 	 0
1787310430452 	 12 	 200 	 1106 	 0
1787310430507 	 14 	 200 	 1107 	 0
1787310430532 	 17 	 200 	 1109 	 1
1787310430546 	 13 	 200 	 1109 	 0
1787310430562 	 13 	 200 	 1111 	 1
1787310430562 	 19 	 200 	 1111 	 0
1787310430602 	 13 	 200 	 1112 	 0
1787310430629 	 21 	 200 	 1115 	 2
1787310430636 	 17 	 200 	 1115 	 2
1787310430633 	 20 	 200 	 1116 	 1
1787310430654 	 14 	 200 	 1119 	 3
1787310430660 	 15 	 200 	 1119 	 2
1787310430666 	 16 	 200 	 1119 	 1
1787310430666 	 19 	 200 	 1119 	 0
1787310430697 	 15 	 200 	 1121 	 1
1787310430709 	 16 	 200 	 1123 	 2
1787310430717 	 17 	 200 	 1125 	 3
1787310430719 	 21 	 200 	 1125 	 2
1787310430734 	 19 	 200 	 1125 	 1
1787310430736 	 18 	 200 	 1125 	 0
1787310430755 	 13 	 200 	 1128 	 2
1787310430759 	 15 	 200 	 1129 	 2
1787310430767 	 15 	 200 	 1130 	 2
1787310430780 	 14 	 200 	 1130 	 1
1787310430773 	 22 	 200 	 1130 	 0
1787310430800 	 13 	 200 	 1131 	 0
1787310430822 	 23 	 200 	 1136 	 4
1787310430835 	 18 	 200 	 1137 	 4
1787310430837 	 18 	 200 	 1137 	 3
1787310430839 	 16 	 200 	 1137 	 2
1787310430836 	 21 	 200 	 1137 	 1
1787310430854 	 13 	 200 	 1137 	 0
1787310430871 	 16 	 200 	 1139 	 1
1787310430875 	 20 	 200 	 1140 	 1
1787310430892 	 14 	 200 	 1141 	 1
1787310430902 	 14 	 200 	 1143 	 2
1787310430910 	 12 	 200 	 1143 	 1
1787310430915 	 13 	 200 	 1143 	 0
1787310430938 	 14 	 200 	 1147 	 3
1787310430936 	 20 	 200 	 1147 	 2
1787310430947 	 19 	 200 	 1147 	 1
1787310430951 	 16 	 200 	 1147 	 0
1787310430969 	 18 	 200 	 1149 	 1
1787310430979 	 13 	 200 	 1149 	 0
1787310430996 	 14 	 200 	 1152 	 2
1787310430995 	 23 	 200 	 1154 	 3
1787310431003 	 20 	 200 	 1155 	 3
1787310431022 	 16 	 200 	 1158 	 7
1787310431017 	 27 	 200 	 1160 	 6
1787310431017 	 27 	 200 	 1160 	 5
1787310431026 	 23 	 200 	 1160 	 4
1787310431033 	 60 	 200 	 1164 	 7
1787310431028 	 66 	 200 	 1164 	 6
1787310431039 	 55 	 200 	 1164 	 5
1787310431040 	 57 	 200 	 1164 	 4
1787310431059 	 49 	 200 	 1165 	 4
1787310431062 	 49 	 200 	 1165 	 3
1787310431069 	 46 	 200 	 1165 	 2
1787310431088 	 31 	 200 	 1165 	 1
1787310431098 	 21 	 200 	 1165 	 0
1787310431125 	 17 	 200 	 1166 	 0
1787310431151 	 12 	 200 	 1168 	 1
1787310431150 	 17 	 200 	 1168 	 0
1787310431180 	 13 	 200 	 1171 	 2
1787310431182 	 13 	 200 	 1171 	 1
1787310431181 	 14 	 200 	 1171 	 0
1787310431219 	 18 	 200 	 1172 	 0
1787310431249 	 14 	 200 	 1174 	 1
1787310431262 	 16 	 200 	 1175 	 1
1787310431275 	 13 	 200 	 1175 	 0
1787310431293 	 17 	 200 	 1180 	 4
1787310431301 	 17 	 200 	 1180 	 3
1787310431304 	 17 	 200 	 1180 	 2
1787310431303 	 19 	 200 	 1180 	 1
1787310431309 	 16 	 200 	 1180 	 0
1787310431334 	 19 	 200 	 1182 	 1
1787310431348 	 13 	 200 	 1182 	 0
1787310431375 	 16 	 200 	 1183 	 0
1787310431413 	 28 	 200 	 1185 	 2
1787310431414 	 28 	 200 	 1186 	 1
1787310431442 	 14 	 200 	 1187 	 1
1787310431446 	 13 	 200 	 1187 	 0
1787310431460 	 19 	 200 	 1190 	 2
1787310431471 	 15 	 200 	 1191 	 2
1787310431478 	 13 	 200 	 1192 	 2
1787310431490 	 16 	 200 	 1194 	 3
1787310431484 	 22 	 200 	 1194 	 2
1787310431496 	 19 	 200 	 1196 	 3
1787310431499 	 19 	 200 	 1196 	 2
1787310431510 	 33 	 200 	 1197 	 2
1787310431511 	 32 	 200 	 1197 	 1
1787310431522 	 33 	 200 	 1197 	 0
1787310431558 	 13 	 200 	 1199 	 1
1787310431564 	 18 	 200 	 1199 	 0
1787310431584 	 14 	 200 	 1200 	 0
1787310431609 	 15 	 200 	 1201 	 0
1787310431634 	 17 	 200 	 1205 	 3
1787310431644 	 15 	 200 	 1206 	 3
1787310431639 	 21 	 200 	 1206 	 2
1787310431641 	 21 	 200 	 1206 	 1
1787310431658 	 15 	 200 	 1206 	 0
1787310431679 	 12 	 200 	 1207 	 0
1787310431695 	 14 	 200 	 1209 	 1
1787310431698 	 17 	 200 	 1209 	 0
1787310431721 	 14 	 200 	 1211 	 1
1787310431731 	 13 	 200 	 1211 	 0
1787310431752 	 12 	 200 	 1212 	 0
1787310431773 	 17 	 200 	 1214 	 1
1787310431782 	 17 	 200 	 1214 	 0
1787310431821 	 13 	 200 	 1216 	 1
1787310431833 	 13 	 200 	 1216 	 0
1787310431848 	 12 	 200 	 1217 	 0
1787310431863 	 13 	 200 	 1218 	 0
1787310431893 	 13 	 200 	 1219 	 0
1787310431910 	 21 	 200 	 1226 	 6
1787310431908 	 23 	 200 	 1226 	 5
1787310431911 	 27 	 200 	 1226 	 4
1787310431920 	 18 	 200 	 1226 	 3
1787310431926 	 28 	 200 	 1228 	 4
1787310431930 	 26 	 200 	 1228 	 3
1787310431932 	 27 	 200 	 1230 	 4
1787310431948 	 16 	 200 	 1230 	 3
1787310431957 	 35 	 200 	 1232 	 4
1787310431942 	 51 	 200 	 1232 	 3
1787310431957 	 48 	 200 	 1232 	 2
1787310431984 	 24 	 200 	 1232 	 1
1787310431985 	 25 	 200 	 1232 	 0
1787310432015 	 12 	 200 	 1233 	 0
1787310432044 	 15 	 200 	 1235 	 1
1787310432059 	 14 	 200 	 1236 	 1
1787310432069 	 16 	 200 	 1237 	 1
1787310432079 	 13 	 200 	 1238 	 1
1787310432091 	 13 	 200 	 1238 	 0
1787310432114 	 14 	 200 	 1239 	 0
1787310432354 	 14 	 200 	 1240 	 0
1787310433018 	 32 	 200 	 1241 	 0
1787310433440 	 21 	 200 	 1242 	 0
1787310433594 	 13 	 200 	 1243 	 0
1787310433853 	 35 	 200 	 1244 	 0
1787310433919 	 17 	 200 	 1245 	 0
1787310433943 	 16 	 200 	 1246 	 0
1787310433987 	 14 	 200 	 1247 	 0
1787310434906 	 16 	 200 	 1248 	 0
1787310435074 	 106 	 200 	 1249 	 0
1787310435575 	 13 	 200 	 1250 	 0
1787310435856 	 28 	 200 	 1251 	 0
1787310435931 	 18 	 200 	 1252 	 0
1787310436045 	 36 	 200 	 1253 	 0
1787310436276 	 17 	 200 	 1254 	 0
1787310436508 	 13 	 200 	 1255 	 0
1787310436803 	 24 	 200 	 1256 	 0
1787310436872 	 14 	 200 	 1257 	 0
1787310437059 	 34 	 200 	 1258 	 0
1787310437192 	 19 	 200 	 1259 	 0
1787310437402 	 33 	 200 	 1260 	 0
1787310437568 	 33 	 200 	 1261 	 0
1787310437932 	 38 	 200 	 1262 	 0
1787310438555 	 20 	 200 	 1263 	 0
1787310438972 	 35 	 200 	 1265 	 1
1787310438998 	 20 	 200 	 1265 	 0
1787310439038 	 38 	 200 	 1266 	 0
1787310439491 	 15 	 200 	 1267 	 0
1787310439625 	 13 	 200 	 1268 	 0
1787310440141 	 21 	 200 	 1269 	 0
1787310440568 	 28 	 200 	 1270 	 0
1787310441515 	 13 	 200 	 1272 	 1
1787310441521 	 15 	 200 	 1274 	 2
1787310441534 	 15 	 200 	 1275 	 2
1787310441536 	 18 	 200 	 1275 	 1
1787310441542 	 35 	 200 	 1275 	 0
1787310441594 	 13 	 200 	 1276 	 0
1787310441612 	 14 	 200 	 1278 	 1
1787310441619 	 14 	 200 	 1279 	 1
1787310441633 	 13 	 200 	 1279 	 0
1787310441675 	 16 	 200 	 1282 	 2
1787310441680 	 15 	 200 	 1282 	 1
1787310441687 	 16 	 200 	 1282 	 0
1787310441711 	 18 	 200 	 1283 	 0
1787310441736 	 13 	 200 	 1284 	 0
1787310441753 	 14 	 200 	 1285 	 0
1787310441779 	 12 	 200 	 1286 	 0
1787310441799 	 13 	 200 	 1287 	 0
1787310441817 	 15 	 200 	 1289 	 1
1787310441828 	 14 	 200 	 1290 	 1
1787310441843 	 15 	 200 	 1292 	 2
1787310441852 	 18 	 200 	 1294 	 3
1787310441858 	 22 	 200 	 1295 	 3
1787310441865 	 16 	 200 	 1295 	 2
1787310441872 	 16 	 200 	 1295 	 1
1787310441868 	 20 	 200 	 1295 	 0
1787310441916 	 13 	 200 	 1297 	 2
1787310441926 	 18 	 200 	 1300 	 3
1787310441931 	 15 	 200 	 1300 	 2
1787310441932 	 18 	 200 	 1300 	 1
1787310441933 	 19 	 200 	 1300 	 0
1787310441961 	 15 	 200 	 1302 	 1
1787310441963 	 16 	 200 	 1302 	 0
1787310441985 	 12 	 200 	 1303 	 0
1787310442012 	 15 	 200 	 1304 	 0
1787310442044 	 14 	 200 	 1307 	 2
1787310442045 	 15 	 200 	 1307 	 1
1787310442051 	 17 	 200 	 1307 	 0
1787310442075 	 17 	 200 	 1311 	 3
1787310442073 	 26 	 200 	 1311 	 2
1787310442085 	 26 	 200 	 1312 	 2
1787310442082 	 29 	 200 	 1312 	 1
1787310442111 	 13 	 200 	 1312 	 0
1787310442133 	 12 	 200 	 1313 	 0
1787310442158 	 13 	 200 	 1316 	 2
1787310442161 	 15 	 200 	 1316 	 2
1787310442170 	 15 	 200 	 1317 	 1
1787310442178 	 21 	 200 	 1319 	 2
1787310442194 	 13 	 200 	 1320 	 2
1787310442198 	 19 	 200 	 1321 	 2
1787310442207 	 14 	 200 	 1321 	 1
1787310442212 	 16 	 200 	 1321 	 0
1787310442233 	 14 	 200 	 1323 	 1
1787310442242 	 13 	 200 	 1324 	 1
1787310442253 	 13 	 200 	 1325 	 1
1787310442259 	 12 	 200 	 1325 	 0
1787310442284 	 16 	 200 	 1327 	 1
1787310442293 	 13 	 200 	 1327 	 0
1787310442320 	 13 	 200 	 1329 	 1
1787310442327 	 15 	 200 	 1329 	 0
1787310442371 	 19 	 200 	 1330 	 0
1787310442435 	 34 	 200 	 1335 	 4
1787310442444 	 29 	 200 	 1335 	 3
1787310442448 	 24 	 200 	 1335 	 2
1787310442456 	 20 	 200 	 1335 	 1
1787310442466 	 19 	 200 	 1335 	 0
1787310442517 	 13 	 200 	 1336 	 0
1787310442543 	 13 	 200 	 1337 	 0
1787310442567 	 16 	 200 	 1340 	 2
1787310442569 	 17 	 200 	 1340 	 1
1787310442573 	 16 	 200 	 1341 	 1
1787310442589 	 13 	 200 	 1341 	 0
1787310442620 	 16 	 200 	 1344 	 2
1787310442634 	 14 	 200 	 1344 	 1
1787310442632 	 20 	 200 	 1344 	 0
1787310442662 	 13 	 200 	 1345 	 0
1787310442690 	 14 	 200 	 1347 	 1
1787310442695 	 14 	 200 	 1347 	 0
1787310442717 	 13 	 200 	 1349 	 1
1787310442722 	 18 	 200 	 1349 	 0
1787310442758 	 13 	 200 	 1352 	 2
1787310442759 	 21 	 200 	 1352 	 1
1787310442768 	 14 	 200 	 1352 	 0
1787310442813 	 14 	 200 	 1355 	 2
1787310442816 	 19 	 200 	 1358 	 4
1787310442825 	 19 	 200 	 1359 	 4
1787310442834 	 16 	 200 	 1360 	 4
1787310442831 	 24 	 200 	 1360 	 3
1787310442832 	 25 	 200 	 1360 	 2
1787310442844 	 18 	 200 	 1360 	 1
1787310442847 	 16 	 200 	 1360 	 0
1787310442926 	 30 	 200 	 1363 	 2
1787310442933 	 30 	 200 	 1363 	 1
1787310442935 	 29 	 200 	 1363 	 0
1787310442973 	 12 	 200 	 1364 	 0
1787310443001 	 14 	 200 	 1365 	 0
1787310443017 	 13 	 200 	 1366 	 0
1787310443039 	 17 	 200 	 1369 	 2
1787310443047 	 13 	 200 	 1369 	 1
1787310443042 	 20 	 200 	 1369 	 0
1787310443073 	 12 	 200 	 1370 	 0
1787310443092 	 15 	 200 	 1372 	 1
1787310443093 	 14 	 200 	 1372 	 0
1787310443112 	 14 	 200 	 1377 	 4
1787310443120 	 19 	 200 	 1377 	 3
1787310443121 	 21 	 200 	 1377 	 2
1787310443127 	 17 	 200 	 1377 	 1
1787310443122 	 23 	 200 	 1377 	 0
1787310443153 	 12 	 200 	 1379 	 1
1787310443166 	 20 	 200 	 1380 	 1
1787310443186 	 15 	 200 	 1382 	 2
1787310443197 	 13 	 200 	 1385 	 4
1787310443198 	 25 	 200 	 1386 	 4
1787310443203 	 22 	 200 	 1386 	 3
1787310443209 	 19 	 200 	 1386 	 2
1787310443210 	 19 	 200 	 1386 	 1
1787310443218 	 20 	 200 	 1386 	 0
1787310443242 	 18 	 200 	 1389 	 2
1787310443251 	 14 	 200 	 1389 	 1
1787310443252 	 13 	 200 	 1389 	 0
1787310443302 	 15 	 200 	 1394 	 4
1787310443302 	 16 	 200 	 1395 	 4
1787310443288 	 31 	 200 	 1395 	 3
1787310443313 	 19 	 200 	 1396 	 3
1787310443317 	 19 	 200 	 1396 	 2
1787310443319 	 20 	 200 	 1396 	 1
1787310443328 	 16 	 200 	 1397 	 1
1787310443342 	 13 	 200 	 1399 	 2
1787310443346 	 14 	 200 	 1399 	 1
1787310443354 	 17 	 200 	 1400 	 1
1787310443372 	 12 	 200 	 1401 	 1
1787310443371 	 18 	 200 	 1401 	 0
1787310443427 	 14 	 200 	 1404 	 2
1787310443427 	 21 	 200 	 1404 	 2
1787310443439 	 13 	 200 	 1405 	 1
1787310443450 	 14 	 200 	 1405 	 0
1787310443517 	 12 	 200 	 1407 	 1
1787310443529 	 15 	 200 	 1408 	 1
1787310443536 	 19 	 200 	 1409 	 1
1787310443546 	 15 	 200 	 1410 	 1
1787310443561 	 13 	 200 	 1410 	 0
1787310443620 	 14 	 200 	 1413 	 2
1787310443625 	 18 	 200 	 1413 	 1
1787310443648 	 17 	 200 	 1415 	 2
1787310443655 	 14 	 200 	 1415 	 1
1787310443674 	 14 	 200 	 1417 	 2
1787310443689 	 34 	 200 	 1418 	 2
1787310443711 	 14 	 200 	 1418 	 1
1787310443731 	 18 	 200 	 1421 	 3
1787310443738 	 28 	 200 	 1422 	 3
1787310443737 	 37 	 200 	 1422 	 2
1787310443750 	 26 	 200 	 1423 	 2
1787310443625 	 151 	 200 	 1423 	 1
1787310443775 	 41 	 200 	 1426 	 3
1787310443810 	 17 	 200 	 1426 	 2
1787310443778 	 51 	 200 	 1427 	 2
1787310443801 	 31 	 200 	 1427 	 1
1787310443828 	 13 	 200 	 1427 	 0
1787310443843 	 13 	 200 	 1428 	 0
1787310443869 	 14 	 200 	 1430 	 1
1787310443868 	 16 	 200 	 1430 	 0
1787310443891 	 14 	 200 	 1432 	 1
1787310443901 	 26 	 200 	 1436 	 4
1787310443910 	 18 	 200 	 1436 	 3
1787310443906 	 24 	 200 	 1436 	 2
1787310443910 	 22 	 200 	 1436 	 1
1787310443906 	 27 	 200 	 1436 	 0
1787310443951 	 13 	 200 	 1438 	 1
1787310443962 	 14 	 200 	 1438 	 0
1787310444030 	 13 	 200 	 1440 	 1
1787310444041 	 16 	 200 	 1441 	 1
1787310444046 	 13 	 200 	 1441 	 0
1787310444067 	 15 	 200 	 1444 	 2
1787310444070 	 15 	 200 	 1444 	 1
1787310444077 	 15 	 200 	 1444 	 0
1787310444099 	 12 	 200 	 1445 	 0
1787310444130 	 15 	 200 	 1449 	 3
1787310444136 	 20 	 200 	 1449 	 2
1787310444138 	 20 	 200 	 1449 	 1
1787310444144 	 14 	 200 	 1449 	 0
1787310444177 	 31 	 200 	 1451 	 1
1787310444198 	 29 	 200 	 1451 	 0
1787310444232 	 14 	 200 	 1453 	 1
1787310444239 	 14 	 200 	 1453 	 0
1787310444294 	 25 	 200 	 1456 	 2
1787310444304 	 17 	 200 	 1456 	 1
1787310444314 	 14 	 200 	 1456 	 0
1787310444353 	 14 	 200 	 1458 	 1
1787310444364 	 14 	 200 	 1458 	 0
1787310444388 	 20 	 200 	 1460 	 2
1787310444408 	 15 	 200 	 1462 	 2
1787310444409 	 15 	 200 	 1462 	 1
1787310444423 	 16 	 200 	 1462 	 0
1787310444449 	 14 	 200 	 1464 	 1
1787310444460 	 21 	 200 	 1466 	 2
1787310444466 	 22 	 200 	 1468 	 3
1787310444467 	 23 	 200 	 1468 	 2
1787310444484 	 15 	 200 	 1468 	 1
1787310444489 	 14 	 200 	 1469 	 1
1787310444503 	 15 	 200 	 1470 	 1
1787310444511 	 12 	 200 	 1470 	 0
1787310444529 	 20 	 200 	 1473 	 2
1787310444535 	 18 	 200 	 1473 	 1
1787310444536 	 19 	 200 	 1473 	 0
1787310444567 	 45 	 200 	 1475 	 1
1787310444672 	 14 	 200 	 1477 	 2
1787310444731 	 13 	 200 	 1478 	 2
1787310444668 	 80 	 200 	 1478 	 1
1787310444775 	 14 	 200 	 1480 	 2
1787310444792 	 14 	 200 	 1482 	 3
1787310444799 	 22 	 200 	 1482 	 2
1787310444823 	 14 	 200 	 1483 	 2
1787310444840 	 39 	 200 	 1484 	 2
1787310444777 	 113 	 200 	 1486 	 3
1787310444902 	 21 	 200 	 1487 	 3
1787310444926 	 14 	 200 	 1490 	 5
1787310444925 	 42 	 200 	 1493 	 7
1787310444925 	 42 	 200 	 1493 	 6
1787310444949 	 24 	 200 	 1493 	 5
1787310444963 	 20 	 200 	 1494 	 5
1787310444976 	 46 	 200 	 1496 	 6
1787310444990 	 33 	 200 	 1496 	 5
1787310445007 	 21 	 200 	 1496 	 4
1787310444888 	 181 	 200 	 1498 	 5
1787310444886 	 187 	 200 	 1498 	 4
1787310445051 	 22 	 200 	 1498 	 3
1787310444956 	 127 	 200 	 1499 	 3
1787310445104 	 20 	 200 	 1502 	 5
1787310444573 	 552 	 200 	 1502 	 4
1787310445111 	 15 	 200 	 1503 	 4
1787310445058 	 70 	 200 	 1503 	 3
1787310445093 	 38 	 200 	 1503 	 2
1787310445127 	 19 	 200 	 1505 	 3
1787310445080 	 67 	 200 	 1505 	 2
1787310445133 	 15 	 200 	 1505 	 1
1787310445132 	 37 	 200 	 1507 	 2
1787310445153 	 21 	 200 	 1508 	 2
1787310445164 	 12 	 200 	 1508 	 1
1787310445171 	 18 	 200 	 1510 	 2
1787310445183 	 18 	 200 	 1512 	 3
1787310445188 	 15 	 200 	 1512 	 2
1787310445192 	 16 	 200 	 1512 	 1
1787310445201 	 13 	 200 	 1512 	 0
1787310445286 	 20 	 200 	 1514 	 1
1787310445291 	 17 	 200 	 1514 	 0
1787310445328 	 17 	 200 	 1517 	 2
1787310445338 	 17 	 200 	 1517 	 1
1787310445340 	 17 	 200 	 1517 	 0
1787310445369 	 18 	 200 	 1519 	 1
1787310445378 	 17 	 200 	 1519 	 0
1787310445412 	 14 	 200 	 1522 	 2
1787310445422 	 21 	 200 	 1523 	 2
1787310445421 	 23 	 200 	 1523 	 1
1787310445439 	 15 	 200 	 1523 	 0
1787310445473 	 14 	 200 	 1527 	 3
1787310445481 	 20 	 200 	 1528 	 3
1787310445467 	 37 	 200 	 1528 	 2
1787310445480 	 24 	 200 	 1528 	 1
1787310445492 	 19 	 200 	 1528 	 0
1787310445526 	 17 	 200 	 1529 	 0
1787310445554 	 14 	 200 	 1530 	 0
1787310445573 	 14 	 200 	 1531 	 0
1787310445612 	 14 	 200 	 1532 	 0
1787310445627 	 15 	 200 	 1533 	 0
1787310445651 	 14 	 200 	 1534 	 0
1787310445703 	 27 	 200 	 1535 	 0
1787310445793 	 14 	 200 	 1536 	 0
1787310445852 	 15 	 200 	 1537 	 0
1787310446477 	 28 	 200 	 1539 	 1
1787310446488 	 19 	 200 	 1539 	 0
1787310446811 	 37 	 200 	 1540 	 0
1787310446995 	 17 	 200 	 1541 	 0
1787310447646 	 14 	 200 	 1542 	 0
1787310447967 	 26 	 200 	 1543 	 0
1787310448346 	 12 	 200 	 1544 	 0
1787310448382 	 14 	 200 	 1545 	 0
1787310448530 	 27 	 200 	 1547 	 1
1787310448549 	 22 	 200 	 1548 	 1
1787310448560 	 15 	 200 	 1548 	 0
1787310448582 	 13 	 200 	 1549 	 0
1787310448608 	 16 	 200 	 1551 	 1
1787310448609 	 19 	 200 	 1551 	 0
1787310448663 	 18 	 200 	 1553 	 1
1787310448679 	 22 	 200 	 1554 	 1
1787310448688 	 17 	 200 	 1555 	 1
1787310448705 	 14 	 200 	 1556 	 1
1787310448711 	 26 	 200 	 1556 	 0
1787310448743 	 13 	 200 	 1557 	 0
1787310448765 	 13 	 200 	 1558 	 0
1787310448781 	 15 	 200 	 1560 	 1
1787310448784 	 16 	 200 	 1560 	 0
1787310448834 	 15 	 200 	 1562 	 1
1787310448843 	 15 	 200 	 1562 	 0
1787310448879 	 19 	 200 	 1568 	 5
1787310448880 	 21 	 200 	 1568 	 4
1787310448882 	 35 	 200 	 1569 	 5
1787310448885 	 33 	 200 	 1570 	 4
1787310448887 	 38 	 200 	 1570 	 3
1787310448912 	 20 	 200 	 1570 	 2
1787310448918 	 17 	 200 	 1570 	 1
1787310448960 	 17 	 200 	 1571 	 1
1787310448893 	 137 	 200 	 1574 	 3
1787310448994 	 37 	 200 	 1574 	 2
1787310449022 	 15 	 200 	 1574 	 1
1787310449027 	 15 	 200 	 1575 	 1
1787310449042 	 12 	 200 	 1576 	 1
1787310449054 	 14 	 200 	 1578 	 2
1787310449056 	 15 	 200 	 1578 	 1
1787310449061 	 16 	 200 	 1579 	 1
1787310449073 	 17 	 200 	 1581 	 2
1787310449083 	 13 	 200 	 1581 	 1
1787310449086 	 13 	 200 	 1581 	 0
1787310449128 	 14 	 200 	 1583 	 1
1787310449131 	 13 	 200 	 1583 	 0
1787310449147 	 34 	 200 	 1586 	 2
1787310449166 	 16 	 200 	 1586 	 1
1787310449180 	 13 	 200 	 1586 	 0
1787310449208 	 28 	 200 	 1588 	 1
1787310449220 	 19 	 200 	 1588 	 0
1787310449246 	 16 	 200 	 1591 	 2
1787310449248 	 16 	 200 	 1592 	 2
1787310449247 	 20 	 200 	 1592 	 1
1787310449263 	 20 	 200 	 1593 	 1
1787310449276 	 21 	 200 	 1594 	 1
1787310449292 	 15 	 200 	 1594 	 0
1787310449313 	 14 	 200 	 1596 	 1
1787310449322 	 15 	 200 	 1597 	 1
1787310449337 	 16 	 200 	 1598 	 1
1787310449347 	 15 	 200 	 1599 	 1
1787310449362 	 18 	 200 	 1600 	 1
1787310449367 	 15 	 200 	 1600 	 0
1787310449414 	 16 	 200 	 1602 	 1
1787310449424 	 17 	 200 	 1602 	 0
1787310449449 	 14 	 200 	 1603 	 0
1787310449466 	 15 	 200 	 1607 	 3
1787310449471 	 19 	 200 	 1608 	 3
1787310449472 	 21 	 200 	 1609 	 3
1787310449482 	 16 	 200 	 1610 	 3
1787310449515 	 56 	 200 	 1614 	 6
1787310449492 	 81 	 200 	 1614 	 5
1787310449495 	 79 	 200 	 1614 	 4
1787310449509 	 70 	 200 	 1614 	 3
1787310449534 	 49 	 200 	 1615 	 3
1787310449554 	 30 	 200 	 1615 	 2
1787310449583 	 12 	 200 	 1615 	 1
1787310449639 	 34 	 200 	 1620 	 5
1787310449676 	 17 	 200 	 1625 	 9
1787310449641 	 129 	 200 	 1632 	 15
1787310449660 	 111 	 200 	 1632 	 14
1787310449691 	 87 	 200 	 1633 	 14
1787310449680 	 101 	 200 	 1633 	 13
1787310449713 	 71 	 200 	 1633 	 12
1787310449747 	 39 	 200 	 1633 	 11
1787310449698 	 90 	 200 	 1633 	 10
1787310449648 	 168 	 200 	 1635 	 11
1787310449750 	 69 	 200 	 1636 	 11
1787310449688 	 179 	 200 	 1639 	 13
1787310449717 	 156 	 200 	 1639 	 12
1787310449774 	 105 	 200 	 1640 	 12
1787310449796 	 84 	 200 	 1640 	 11
1787310449666 	 215 	 200 	 1640 	 10
1787310449833 	 142 	 200 	 1646 	 15
1787310449833 	 161 	 200 	 1647 	 15
1787310449686 	 308 	 200 	 1647 	 14
1787310449807 	 189 	 200 	 1647 	 13
1787310449756 	 319 	 200 	 1650 	 17
1787310449877 	 202 	 200 	 1651 	 16
1787310449938 	 149 	 200 	 1652 	 15
1787310449951 	 133 	 200 	 1652 	 14
1787310449949 	 141 	 200 	 1652 	 13
1787310449942 	 152 	 200 	 1652 	 12
1787310449769 	 373 	 200 	 1655 	 14
1787310450017 	 128 	 200 	 1656 	 14
1787310450029 	 143 	 200 	 1658 	 16
1787310449827 	 347 	 200 	 1659 	 15
1787310450076 	 106 	 200 	 1660 	 16
1787310450081 	 105 	 200 	 1661 	 15
1787310450097 	 168 	 200 	 1662 	 17
1787310450139 	 133 	 200 	 1663 	 16
1787310449992 	 283 	 200 	 1664 	 15
1787310449817 	 474 	 200 	 1665 	 15
1787310449960 	 328 	 200 	 1665 	 14
1787310449887 	 404 	 200 	 1665 	 13
1787310450167 	 179 	 200 	 1667 	 14
1787310450145 	 201 	 200 	 1667 	 13
1787310450185 	 181 	 200 	 1668 	 13
1787310450117 	 255 	 200 	 1669 	 13
1787310450193 	 190 	 200 	 1669 	 12
1787310450181 	 203 	 200 	 1669 	 11
1787310450173 	 209 	 200 	 1669 	 10
1787310450153 	 232 	 200 	 1669 	 9
1787310450304 	 138 	 200 	 1672 	 11
1787310450008 	 436 	 200 	 1672 	 10
1787310450287 	 157 	 200 	 1672 	 9
1787310450267 	 200 	 200 	 1674 	 10
1787310450273 	 204 	 200 	 1675 	 10
1787310450369 	 115 	 200 	 1675 	 9
1787310450393 	 93 	 200 	 1675 	 8
1787310450399 	 98 	 200 	 1679 	 11
1787310450441 	 102 	 200 	 1683 	 14
1787310450362 	 206 	 200 	 1685 	 16
1787310450462 	 115 	 200 	 1686 	 15
1787310450476 	 116 	 200 	 1686 	 14
1787310450545 	 73 	 200 	 1686 	 13
1787310450505 	 113 	 200 	 1686 	 12
1787310450465 	 205 	 200 	 1690 	 15
1787310450539 	 131 	 200 	 1690 	 14
1787310450528 	 151 	 200 	 1690 	 13
1787310450492 	 222 	 200 	 1692 	 14
1787310450492 	 224 	 200 	 1692 	 13
1787310450514 	 204 	 200 	 1693 	 13
1787310450497 	 268 	 200 	 1696 	 15
1787310450652 	 116 	 200 	 1696 	 14
1787310450489 	 282 	 200 	 1696 	 13
1787310450664 	 111 	 200 	 1697 	 13
1787310450306 	 469 	 200 	 1697 	 12
1787310450751 	 27 	 200 	 1697 	 11
1787310450702 	 81 	 200 	 1697 	 10
1787310450559 	 225 	 200 	 1697 	 9
1787310450725 	 67 	 200 	 1697 	 8
1787310450720 	 100 	 200 	 1697 	 7
1787310450658 	 207 	 200 	 1699 	 8
1787310450570 	 296 	 200 	 1699 	 7
1787310450774 	 101 	 200 	 1700 	 7
1787310450889 	 83 	 200 	 1705 	 11
1787310450917 	 100 	 200 	 1707 	 12
1787310450907 	 110 	 200 	 1707 	 11
1787310450758 	 322 	 200 	 1712 	 15
1787310450969 	 110 	 200 	 1712 	 14
1787310450991 	 87 	 200 	 1712 	 13
1787310450833 	 284 	 200 	 1713 	 14
1787310451059 	 108 	 200 	 1716 	 16
1787310450690 	 482 	 200 	 1717 	 15
1787310451091 	 129 	 200 	 1718 	 21
1787310450870 	 406 	 200 	 1719 	 21
1787310451026 	 248 	 200 	 1720 	 21
1787310451062 	 222 	 200 	 1721 	 20
1787310450907 	 378 	 200 	 1722 	 19
1787310451121 	 195 	 200 	 1723 	 19
1787310451046 	 271 	 200 	 1724 	 18
1787310451119 	 198 	 200 	 1725 	 17
1787310450846 	 520 	 200 	 1726 	 22
1787310451183 	 187 	 200 	 1727 	 22
1787310451014 	 373 	 200 	 1728 	 23
1787310451222 	 166 	 200 	 1729 	 22
1787310451076 	 389 	 200 	 1730 	 25
1787310451280 	 187 	 200 	 1731 	 24
1787310451138 	 335 	 200 	 1732 	 24
1787310451168 	 305 	 200 	 1733 	 23
1787310451285 	 195 	 200 	 1734 	 22
1787310451288 	 227 	 200 	 1735 	 24
1787310451367 	 153 	 200 	 1736 	 24
1787310451319 	 245 	 200 	 1737 	 26
1787310451372 	 246 	 200 	 1738 	 29
1787310451467 	 152 	 200 	 1739 	 28
1787310450632 	 987 	 200 	 1740 	 27
1787310451521 	 151 	 200 	 1741 	 29
1787310451390 	 293 	 200 	 1742 	 29
1787310451277 	 412 	 200 	 1743 	 28
1787310451468 	 223 	 200 	 1744 	 27
1787310451319 	 424 	 200 	 1745 	 31
1787310451621 	 144 	 200 	 1746 	 30
1787310451483 	 298 	 200 	 1747 	 29
1787310451475 	 311 	 200 	 1748 	 28
1787310451390 	 398 	 200 	 1749 	 27
1787310451620 	 177 	 200 	 1750 	 27
1787310451477 	 365 	 200 	 1751 	 27
1787310451685 	 183 	 200 	 1752 	 27
1787310451318 	 555 	 200 	 1753 	 26
1787310449473 	 2407 	 200 	 1754 	 25
1787310451620 	 263 	 200 	 1755 	 24
1787310451693 	 200 	 200 	 1756 	 25
1787310451800 	 148 	 200 	 1757 	 30
1787310451695 	 256 	 200 	 1758 	 30
1787310451517 	 476 	 200 	 1759 	 30
1787310451673 	 319 	 200 	 1760 	 29
1787310451874 	 124 	 200 	 1761 	 28
1787310451871 	 127 	 200 	 1762 	 27
1787310451783 	 214 	 200 	 1763 	 26
1787310451792 	 250 	 200 	 1764 	 29
1787310451767 	 277 	 200 	 1765 	 28
1787310451895 	 152 	 200 	 1766 	 27
1787310451567 	 482 	 200 	 1767 	 26
1787310451844 	 205 	 200 	 1768 	 25
1787310451745 	 309 	 200 	 1769 	 24
1787310451787 	 262 	 200 	 1770 	 23
1787310451884 	 212 	 200 	 1771 	 27
1787310451881 	 217 	 200 	 1772 	 26
1787310451950 	 196 	 200 	 1773 	 29
1787310452002 	 196 	 200 	 1774 	 31
1787310451955 	 294 	 200 	 1775 	 33
1787310452000 	 292 	 200 	 1776 	 34
1787310452060 	 234 	 200 	 1777 	 33
1787310451996 	 298 	 200 	 1778 	 32
1787310452046 	 296 	 200 	 1779 	 32
1787310452048 	 291 	 200 	 1780 	 31
1787310452058 	 285 	 200 	 1781 	 30
1787310452056 	 288 	 200 	 1782 	 29
1787310451994 	 349 	 200 	 1783 	 28
1787310452053 	 293 	 200 	 1784 	 27
1787310452201 	 148 	 200 	 1785 	 28
1787310452148 	 247 	 200 	 1786 	 28
1787310452102 	 296 	 200 	 1787 	 27
1787310452100 	 299 	 200 	 1788 	 26
1787310452005 	 399 	 200 	 1789 	 25
1787310452062 	 381 	 200 	 1790 	 28
1787310452294 	 152 	 200 	 1791 	 28
1787310452296 	 151 	 200 	 1792 	 27
1787310452349 	 99 	 200 	 1793 	 26
1787310452251 	 290 	 200 	 1794 	 28
1787310452352 	 191 	 200 	 1795 	 27
1787310452346 	 194 	 200 	 1796 	 26
1787310452297 	 250 	 200 	 1797 	 25
1787310452346 	 203 	 200 	 1798 	 24
1787310452347 	 247 	 200 	 1799 	 25
1787310452346 	 251 	 200 	 1800 	 25
1787310452350 	 293 	 200 	 1801 	 24
1787310452544 	 100 	 200 	 1802 	 23
1787310452402 	 243 	 200 	 1803 	 22
1787310452404 	 244 	 200 	 1804 	 21
1787310452445 	 203 	 200 	 1805 	 20
1787310452407 	 242 	 200 	 1806 	 19
1787310452544 	 105 	 200 	 1807 	 18
1787310452397 	 251 	 200 	 1808 	 17
1787310452450 	 246 	 200 	 1809 	 18
1787310452548 	 195 	 200 	 1810 	 18
1787310452456 	 288 	 200 	 1811 	 17
1787310452547 	 199 	 200 	 1812 	 16
1787310452453 	 299 	 200 	 1813 	 16
1787310452644 	 152 	 200 	 1814 	 15
1787310452651 	 192 	 200 	 1815 	 16
1787310452550 	 295 	 200 	 1816 	 15
1787310452647 	 198 	 200 	 1816 	 14
1787310452651 	 192 	 200 	 1816 	 13
1787310452651 	 194 	 200 	 1816 	 12
1787310452603 	 244 	 200 	 1816 	 11
1787310452596 	 252 	 200 	 1816 	 10
1787310452745 	 104 	 200 	 1816 	 9
1787310452647 	 246 	 200 	 1820 	 12
1787310452657 	 235 	 200 	 1820 	 11
1787310452751 	 192 	 200 	 1821 	 11
1787310452661 	 282 	 200 	 1821 	 10
1787310452755 	 188 	 200 	 1821 	 9
1787310452698 	 247 	 200 	 1821 	 8
1787310452844 	 101 	 200 	 1821 	 7
1787310452748 	 197 	 200 	 1821 	 6
1787310452868 	 115 	 200 	 1822 	 6
1787310452943 	 50 	 200 	 1822 	 5
1787310452882 	 112 	 200 	 1822 	 4
1787310452880 	 114 	 200 	 1822 	 3
1787310452867 	 150 	 200 	 1823 	 3
1787310452799 	 222 	 200 	 1823 	 2
1787310452948 	 76 	 200 	 1823 	 1
1787310453016 	 14 	 200 	 1824 	 1
1787310453027 	 15 	 200 	 1825 	 1
1787310453038 	 16 	 200 	 1825 	 0
1787310453109 	 14 	 200 	 1830 	 4
1787310453117 	 14 	 200 	 1831 	 4
1787310453122 	 43 	 200 	 1835 	 7
1787310453121 	 50 	 200 	 1835 	 6
1787310453134 	 38 	 200 	 1835 	 5
1787310453185 	 55 	 200 	 1839 	 8
1787310453079 	 239 	 200 	 1842 	 10
1787310453198 	 122 	 200 	 1842 	 9
1787310453162 	 160 	 200 	 1843 	 9
1787310453139 	 183 	 200 	 1843 	 8
1787310453125 	 198 	 200 	 1843 	 8
1787310453252 	 75 	 200 	 1844 	 7
1787310453285 	 47 	 200 	 1844 	 6
1787310453326 	 68 	 200 	 1852 	 13
1787310453312 	 83 	 200 	 1852 	 12
1787310453142 	 254 	 200 	 1852 	 11
1787310453220 	 177 	 200 	 1852 	 10
1787310453223 	 202 	 200 	 1852 	 9
1787310453322 	 120 	 200 	 1854 	 10
1787310453340 	 127 	 200 	 1856 	 11
1787310453352 	 141 	 200 	 1860 	 14
1787310453364 	 130 	 200 	 1860 	 13
1787310453346 	 147 	 200 	 1860 	 12
1787310453343 	 175 	 200 	 1863 	 14
1787310453360 	 164 	 200 	 1863 	 13
1787310453490 	 57 	 200 	 1863 	 12
1787310453437 	 110 	 200 	 1863 	 11
1787310453356 	 192 	 200 	 1863 	 10
1787310453385 	 183 	 200 	 1865 	 11
1787310453473 	 120 	 200 	 1867 	 12
1787310453491 	 104 	 200 	 1867 	 11
1787310453518 	 102 	 200 	 1869 	 12
1787310453493 	 129 	 200 	 1869 	 11
1787310453506 	 120 	 200 	 1869 	 10
1787310453570 	 74 	 200 	 1873 	 13
1787310453457 	 188 	 200 	 1873 	 12
1787310453574 	 69 	 200 	 1873 	 11
1787310453577 	 66 	 200 	 1873 	 10
1787310453456 	 236 	 200 	 1876 	 12
1787310453619 	 73 	 200 	 1876 	 11
1787310453637 	 56 	 200 	 1876 	 10
1787310453432 	 264 	 200 	 1877 	 10
1787310453551 	 167 	 200 	 1879 	 11
1787310453498 	 226 	 200 	 1879 	 10
1787310453641 	 103 	 200 	 1882 	 12
1787310453684 	 83 	 200 	 1883 	 12
1787310453662 	 134 	 200 	 1885 	 13
1787310453614 	 183 	 200 	 1885 	 12
1787310453696 	 100 	 200 	 1885 	 11
1787310453633 	 164 	 200 	 1885 	 10
1787310453639 	 159 	 200 	 1885 	 9
1787310453705 	 99 	 200 	 1886 	 9
1787310453676 	 166 	 200 	 1890 	 12
1787310453763 	 82 	 200 	 1890 	 11
1787310453738 	 154 	 200 	 1895 	 17
1787310453805 	 92 	 200 	 1896 	 17
1787310453718 	 180 	 200 	 1897 	 16
1787310453733 	 166 	 200 	 1898 	 15
1787310453793 	 149 	 200 	 1899 	 17
1787310453795 	 150 	 200 	 1900 	 17
1787310453741 	 208 	 200 	 1901 	 16
1787310453837 	 206 	 200 	 1902 	 23
1787310453859 	 187 	 200 	 1903 	 22
1787310453849 	 245 	 200 	 1904 	 23
1787310453880 	 220 	 200 	 1905 	 24
1787310453825 	 273 	 200 	 1906 	 23
1787310453944 	 162 	 200 	 1907 	 24
1787310453823 	 321 	 200 	 1908 	 23
1787310453895 	 251 	 200 	 1909 	 22
1787310454045 	 152 	 200 	 1910 	 22
1787310453898 	 301 	 200 	 1911 	 21
1787310453872 	 372 	 200 	 1912 	 22
1787310453839 	 406 	 200 	 1913 	 21
1787310453899 	 394 	 200 	 1914 	 23
1787310454102 	 194 	 200 	 1915 	 23
1787310453947 	 356 	 200 	 1916 	 22
1787310453874 	 471 	 200 	 1917 	 22
1787310454201 	 194 	 200 	 1918 	 23
1787310453910 	 490 	 200 	 1919 	 23
1787310454145 	 251 	 200 	 1920 	 22
1787310454108 	 384 	 200 	 1921 	 23
1787310454147 	 347 	 200 	 1922 	 22
1787310454105 	 389 	 200 	 1923 	 21
1787310454294 	 203 	 200 	 1924 	 20
1787310454299 	 199 	 200 	 1925 	 19
1787310453952 	 549 	 200 	 1926 	 18
1787310454048 	 452 	 200 	 1927 	 17
1787310454249 	 251 	 200 	 1928 	 16
1787310454247 	 297 	 200 	 1929 	 16
1787310454304 	 287 	 200 	 1930 	 19
1787310454397 	 196 	 200 	 1931 	 18
1787310454494 	 104 	 200 	 1932 	 17
1787310454403 	 194 	 200 	 1933 	 17
1787310454496 	 101 	 200 	 1934 	 16
1787310454402 	 194 	 200 	 1935 	 15
1787310454203 	 400 	 200 	 1935 	 14
1787310454095 	 548 	 200 	 1937 	 18
1787310454503 	 141 	 200 	 1938 	 17
1787310454347 	 298 	 200 	 1939 	 16
1787310454594 	 99 	 200 	 1940 	 21
1787310454504 	 189 	 200 	 1941 	 20
1787310454503 	 192 	 200 	 1942 	 19
1787310454497 	 201 	 200 	 1943 	 18
1787310454597 	 106 	 200 	 1944 	 17
1787310454545 	 156 	 200 	 1945 	 17
1787310454501 	 209 	 200 	 1946 	 16
1787310454614 	 178 	 200 	 1947 	 20
1787310454647 	 147 	 200 	 1948 	 19
1787310454499 	 298 	 200 	 1949 	 18
1787310454648 	 148 	 200 	 1950 	 17
1787310454603 	 192 	 200 	 1951 	 16
1787310454599 	 201 	 200 	 1952 	 16
1787310454601 	 205 	 200 	 1953 	 15
1787310454695 	 143 	 200 	 1954 	 16
1787310454620 	 224 	 200 	 1955 	 16
1787310454699 	 198 	 200 	 1956 	 17
1787310454649 	 250 	 200 	 1957 	 16
1787310454704 	 192 	 200 	 1958 	 15
1787310454708 	 237 	 200 	 1959 	 22
1787310454697 	 295 	 200 	 1960 	 25
1787310454796 	 198 	 200 	 1961 	 24
1787310454694 	 300 	 200 	 1962 	 23
1787310454901 	 98 	 200 	 1963 	 22
1787310454798 	 199 	 200 	 1964 	 21
1787310454795 	 204 	 200 	 1965 	 20
1787310454711 	 330 	 200 	 1966 	 23
1787310454800 	 297 	 200 	 1967 	 26
1787310454906 	 236 	 200 	 1968 	 31
1787310454798 	 394 	 200 	 1969 	 33
1787310454802 	 391 	 200 	 1970 	 32
1787310454994 	 201 	 200 	 1971 	 31
1787310454947 	 249 	 200 	 1972 	 30
1787310454846 	 351 	 200 	 1973 	 29
1787310454817 	 383 	 200 	 1974 	 28
1787310454839 	 358 	 200 	 1975 	 27
1787310454901 	 299 	 200 	 1976 	 26
1787310455100 	 143 	 200 	 1977 	 26
1787310454997 	 296 	 200 	 1978 	 29
1787310455144 	 151 	 200 	 1979 	 28
1787310454996 	 303 	 200 	 1980 	 27
1787310455007 	 293 	 200 	 1981 	 26
1787310455005 	 297 	 200 	 1982 	 25
1787310455001 	 298 	 200 	 1983 	 24
1787310455044 	 257 	 200 	 1984 	 23
1787310455198 	 142 	 200 	 1985 	 22
1787310455201 	 193 	 200 	 1986 	 23
1787310455199 	 196 	 200 	 1987 	 22
1787310455198 	 197 	 200 	 1988 	 21
1787310455194 	 205 	 200 	 1989 	 20
1787310455195 	 205 	 200 	 1990 	 19
1787310455294 	 148 	 200 	 1991 	 21
1787310455203 	 241 	 200 	 1992 	 21
1787310455245 	 199 	 200 	 1993 	 21
1787310455297 	 195 	 200 	 1994 	 23
1787310455205 	 289 	 200 	 1995 	 22
1787310455304 	 191 	 200 	 1996 	 21
1787310455346 	 152 	 200 	 1997 	 20
1787310455304 	 193 	 200 	 1998 	 19
1787310455306 	 194 	 200 	 1999 	 18
1787310455300 	 209 	 200 	 2000 	 17
1787310455402 	 138 	 200 	 2001 	 19
1787310455447 	 148 	 200 	 2002 	 19
1787310455398 	 198 	 200 	 2003 	 19
1787310455395 	 189 	 200 	 2004 	 18
1787310455396 	 201 	 200 	 2005 	 17
1787310455444 	 163 	 200 	 2006 	 16
1787310455403 	 241 	 200 	 2007 	 16
1787310455302 	 391 	 200 	 2008 	 20
1787310455495 	 205 	 200 	 2009 	 20
1787310455499 	 205 	 200 	 2010 	 19
1787310455446 	 297 	 200 	 2011 	 19
1787310455496 	 247 	 200 	 2012 	 18
1787310455598 	 188 	 200 	 2013 	 22
1787310455599 	 195 	 200 	 2014 	 21
1787310455511 	 284 	 200 	 2015 	 20
1787310455694 	 105 	 200 	 2016 	 19
1787310455504 	 295 	 200 	 2017 	 18
1787310455609 	 284 	 200 	 2018 	 22
1787310455746 	 149 	 500 	 2019 	 21
1787310455702 	 282 	 200 	 2020 	 25
1787310455596 	 390 	 200 	 2021 	 24
1787310455646 	 344 	 200 	 2022 	 23
1787310455545 	 444 	 200 	 2023 	 22
1787310455503 	 530 	 200 	 2024 	 23
1787310455602 	 477 	 200 	 2025 	 23
1787310455988 	 134 	 200 	 2026 	 24
1787310455706 	 419 	 200 	 2027 	 23
1787310455798 	 329 	 200 	 2028 	 22
1787310455796 	 336 	 200 	 2029 	 21
1787310456045 	 137 	 200 	 2030 	 20
1787310455801 	 381 	 200 	 2031 	 19
1787310455895 	 321 	 200 	 2032 	 19
1787310455995 	 226 	 200 	 2033 	 19
1787310455993 	 241 	 200 	 2034 	 19
1787310455803 	 466 	 200 	 2035 	 20
1787310456129 	 140 	 200 	 2036 	 19
1787310456131 	 140 	 200 	 2037 	 18
1787310456183 	 136 	 200 	 2038 	 20
1787310455991 	 332 	 200 	 2039 	 19
1787310456184 	 145 	 200 	 2040 	 19
1787310456236 	 95 	 200 	 2041 	 18
1787310456124 	 218 	 200 	 2042 	 19
1787310455744 	 650 	 200 	 2043 	 22
1787310456134 	 262 	 200 	 2044 	 21
1787310456271 	 128 	 200 	 2045 	 20
1787310455796 	 603 	 200 	 2046 	 19
1787310455897 	 545 	 200 	 2047 	 20
1787310456217 	 276 	 200 	 2048 	 20
1787310456276 	 218 	 200 	 2049 	 19
1787310456225 	 318 	 200 	 2050 	 25
1787310456082 	 535 	 200 	 2051 	 29
1787310456332 	 333 	 200 	 2052 	 31
1787310456404 	 261 	 200 	 2053 	 30
1787310456406 	 313 	 200 	 2054 	 33
1787310456402 	 323 	 200 	 2055 	 32
1787310456398 	 331 	 200 	 2056 	 31
1787310456497 	 232 	 200 	 2057 	 30
1787310456545 	 189 	 200 	 2058 	 29
1787310456667 	 158 	 200 	 2059 	 34
1787310456270 	 593 	 200 	 2060 	 35
1787310456727 	 146 	 200 	 2061 	 34
1787310456737 	 141 	 200 	 2062 	 33
1787310456731 	 193 	 200 	 2063 	 37
1787310456733 	 195 	 200 	 2064 	 36
1787310456330 	 600 	 200 	 2065 	 35
1787310456495 	 489 	 200 	 2066 	 35
1787310456668 	 317 	 200 	 2067 	 34
1787310456325 	 694 	 200 	 2068 	 35
1787310456876 	 145 	 200 	 2069 	 34
1787310456344 	 699 	 200 	 2070 	 35
1787310456880 	 163 	 200 	 2071 	 34
1787310456617 	 433 	 200 	 2072 	 33
1787310456444 	 622 	 200 	 2073 	 33
1787310456932 	 212 	 200 	 2074 	 39
1787310457026 	 118 	 200 	 2075 	 38
1787310456986 	 159 	 200 	 2076 	 37
1787310456988 	 178 	 200 	 2077 	 38
1787310456721 	 448 	 200 	 2078 	 37
1787310456828 	 395 	 200 	 2079 	 42
1787310456321 	 904 	 200 	 2080 	 41
1787310457048 	 196 	 200 	 2081 	 40
1787310456869 	 372 	 200 	 2082 	 39
1787310456933 	 312 	 200 	 2083 	 38
1787310457146 	 99 	 200 	 2084 	 37
1787310457224 	 118 	 200 	 2085 	 41
1787310457146 	 195 	 200 	 2086 	 40
1787310457052 	 291 	 200 	 2087 	 39
1787310457247 	 96 	 200 	 2088 	 38
1787310457249 	 97 	 200 	 2089 	 37
1787310457069 	 298 	 200 	 2090 	 40
1787310457228 	 141 	 200 	 2091 	 40
1787310457168 	 202 	 200 	 2092 	 39
1787310457251 	 174 	 200 	 2093 	 43
1787310457254 	 177 	 200 	 2094 	 43
1787310457348 	 94 	 200 	 2095 	 42
1787310457171 	 273 	 200 	 2096 	 41
1787310455498 	 1936 	 200 	 2097 	 40
1787310457046 	 399 	 200 	 2098 	 40
1787310457022 	 422 	 200 	 2099 	 39
1787310457148 	 325 	 200 	 2100 	 38
1787310457345 	 171 	 200 	 2101 	 38
1787310456926 	 592 	 200 	 2102 	 37
1787310457449 	 73 	 200 	 2103 	 37
1787310457369 	 174 	 200 	 2104 	 37
1787310457371 	 174 	 200 	 2105 	 36
1787310457372 	 178 	 200 	 2106 	 35
1787310457446 	 147 	 200 	 2107 	 36
1787310457345 	 251 	 200 	 2108 	 35
1787310457443 	 200 	 200 	 2109 	 38
1787310457523 	 122 	 200 	 2110 	 37
1787310457519 	 128 	 200 	 2111 	 36
1787310457347 	 302 	 200 	 2112 	 35
1787310457445 	 203 	 200 	 2113 	 34
1787310457548 	 102 	 200 	 2114 	 36
1787310457428 	 222 	 200 	 2115 	 35
1787310457474 	 180 	 200 	 2116 	 34
1787310457448 	 199 	 200 	 2117 	 34
1787310457646 	 97 	 200 	 2118 	 39
1787310457594 	 150 	 200 	 2119 	 38
1787310457521 	 225 	 200 	 2120 	 37
1787310457652 	 95 	 200 	 2121 	 36
1787310457348 	 401 	 200 	 2122 	 35
1787310457644 	 107 	 200 	 2123 	 34
1787310457552 	 203 	 200 	 2124 	 36
1787310457434 	 322 	 200 	 2125 	 35
1787310457546 	 246 	 200 	 2126 	 35
1787310457598 	 196 	 200 	 2127 	 34
1787310457794 	 52 	 200 	 2128 	 37
1787310457655 	 192 	 200 	 2129 	 36
1787310457648 	 204 	 200 	 2130 	 35
1787310457651 	 198 	 200 	 2131 	 34
1787310457796 	 99 	 200 	 2132 	 34
1787310457650 	 244 	 200 	 2133 	 33
1787310457659 	 283 	 200 	 2134 	 35
1787310457747 	 197 	 200 	 2135 	 34
1787310457657 	 290 	 200 	 2136 	 33
1787310457744 	 206 	 200 	 2137 	 32
1787310457749 	 206 	 200 	 2138 	 31
1787310457750 	 244 	 200 	 2139 	 32
1787310457851 	 193 	 200 	 2140 	 34
1787310457753 	 299 	 200 	 2141 	 33
1787310457899 	 197 	 200 	 2142 	 37
1787310457857 	 236 	 200 	 2143 	 36
1787310457760 	 336 	 200 	 2144 	 35
1787310457857 	 240 	 200 	 2145 	 34
1787310457849 	 244 	 200 	 2146 	 33
1787310457896 	 201 	 200 	 2147 	 32
1787310457751 	 391 	 200 	 2148 	 33
1787310457946 	 199 	 200 	 2149 	 32
1787310457758 	 388 	 200 	 2150 	 31
1787310457996 	 149 	 200 	 2151 	 30
1787310457952 	 196 	 200 	 2152 	 30
1787310457956 	 240 	 200 	 2153 	 32
1787310457944 	 255 	 200 	 2154 	 31
1787310458101 	 144 	 200 	 2155 	 31
1787310458101 	 144 	 200 	 2156 	 30
1787310458102 	 193 	 200 	 2157 	 31
1787310458046 	 251 	 200 	 2158 	 30
1787310458097 	 198 	 200 	 2159 	 29
1787310458100 	 198 	 200 	 2160 	 28
1787310458144 	 154 	 200 	 2161 	 27
1787310457948 	 395 	 200 	 2162 	 29
1787310458100 	 245 	 200 	 2163 	 28
1787310458054 	 293 	 200 	 2164 	 27
1787310458200 	 150 	 200 	 2165 	 26
1787310458148 	 247 	 200 	 2166 	 28
1787310458202 	 194 	 200 	 2167 	 27
1787310458299 	 143 	 200 	 2168 	 27
1787310458146 	 300 	 200 	 2169 	 26
1787310458299 	 149 	 200 	 2170 	 26
1787310458247 	 201 	 200 	 2171 	 25
1787310458344 	 105 	 200 	 2172 	 24
1787310458302 	 191 	 200 	 2173 	 26
1787310458352 	 173 	 200 	 2174 	 25
1787310458347 	 204 	 200 	 2175 	 25
1787310458301 	 283 	 200 	 2176 	 26
1787310458451 	 169 	 200 	 2177 	 27
1787310458444 	 181 	 200 	 2178 	 26
1787310458151 	 492 	 200 	 2179 	 26
1787310458494 	 154 	 200 	 2180 	 25
1787310458585 	 109 	 200 	 2181 	 28
1787310458452 	 270 	 200 	 2182 	 30
1787310458250 	 473 	 200 	 2183 	 29
1787310458297 	 519 	 200 	 2184 	 41
1787310458398 	 422 	 200 	 2185 	 40
1787310458527 	 297 	 200 	 2186 	 41
1787310458447 	 383 	 200 	 2187 	 40
1787310458449 	 381 	 200 	 2188 	 41
1787310458350 	 479 	 200 	 2189 	 40
1787310458397 	 432 	 200 	 2190 	 39
1787310458695 	 198 	 200 	 2191 	 44
1787310458553 	 341 	 200 	 2192 	 43
1787310458818 	 103 	 200 	 2193 	 43
1787310458621 	 306 	 200 	 2194 	 42
1787310458826 	 103 	 200 	 2195 	 41
1787310458644 	 286 	 200 	 2196 	 40
1787310458725 	 207 	 200 	 2197 	 39
1787310458149 	 845 	 200 	 2198 	 39
1787310458627 	 366 	 200 	 2199 	 38
1787310458840 	 156 	 200 	 2200 	 37
1787310458724 	 293 	 200 	 2201 	 39
1787310458934 	 91 	 200 	 2202 	 39
1787310458929 	 98 	 200 	 2203 	 39
1787310458834 	 195 	 200 	 2204 	 38
1787310458837 	 255 	 200 	 2205 	 47
1787310458998 	 122 	 200 	 2206 	 50
1787310458933 	 188 	 200 	 2207 	 49
1787310458832 	 293 	 200 	 2208 	 48
1787310458996 	 130 	 200 	 2209 	 47
1787310458897 	 248 	 200 	 2210 	 46
1787310459095 	 105 	 200 	 2211 	 48
1787310459031 	 167 	 200 	 2212 	 47
1787310459019 	 187 	 200 	 2213 	 46
1787310458822 	 375 	 200 	 2214 	 45
1787310458923 	 275 	 200 	 2215 	 44
1787310458650 	 559 	 200 	 2216 	 43
1787310459025 	 268 	 200 	 2217 	 47
1787310458895 	 399 	 200 	 2218 	 46
1787310458996 	 301 	 200 	 2219 	 45
1787310459129 	 169 	 200 	 2220 	 44
1787310458932 	 368 	 200 	 2221 	 43
1787310459213 	 130 	 200 	 2222 	 45
1787310459122 	 222 	 200 	 2223 	 44
1787310459211 	 169 	 200 	 2224 	 43
1787310459207 	 189 	 200 	 2225 	 45
1787310459204 	 192 	 200 	 2226 	 44
1787310459295 	 103 	 200 	 2227 	 43
1787310459029 	 367 	 200 	 2228 	 42
1787310459208 	 193 	 200 	 2229 	 41
1787310459131 	 271 	 200 	 2230 	 40
1787310459124 	 283 	 200 	 2231 	 39
1787310459201 	 193 	 200 	 2232 	 38
1787310459146 	 266 	 200 	 2233 	 37
1787310459298 	 194 	 200 	 2234 	 38
1787310459382 	 113 	 200 	 2235 	 37
1787310459299 	 203 	 200 	 2236 	 37
1787310459296 	 247 	 200 	 2237 	 40
1787310459411 	 181 	 200 	 2238 	 43
1787310459402 	 192 	 200 	 2239 	 42
1787310459398 	 198 	 200 	 2240 	 41
1787310459409 	 189 	 200 	 2241 	 41
1787310459401 	 197 	 200 	 2242 	 40
1787310459346 	 255 	 200 	 2243 	 39
1787310459399 	 245 	 200 	 2244 	 41
1787310459347 	 348 	 200 	 2245 	 41
1787310459496 	 230 	 200 	 2246 	 43
1787310459405 	 321 	 200 	 2247 	 42
1787310459494 	 236 	 200 	 2248 	 41
1787310459600 	 135 	 200 	 2249 	 41
1787310459595 	 221 	 200 	 2250 	 45
1787310459414 	 407 	 200 	 2251 	 44
1787310459597 	 238 	 200 	 2252 	 44
1787310459736 	 133 	 200 	 2253 	 46
1787310459504 	 370 	 200 	 2254 	 45
1787310459728 	 190 	 200 	 2255 	 47
1787310459731 	 189 	 200 	 2256 	 46
1787310459697 	 225 	 200 	 2257 	 45
1787310459601 	 324 	 200 	 2258 	 44
1787310459545 	 378 	 200 	 2259 	 43
1787310459403 	 523 	 200 	 2260 	 42
1787310459733 	 212 	 200 	 2261 	 41
1787310459602 	 345 	 200 	 2262 	 40
1787310459646 	 301 	 200 	 2263 	 39
1787310459594 	 399 	 200 	 2264 	 41
1787310459923 	 94 	 200 	 2265 	 41
1787310459824 	 220 	 200 	 2266 	 41
1787310459875 	 206 	 200 	 2267 	 42
1787310459930 	 151 	 200 	 2268 	 41
1787310459837 	 256 	 200 	 2269 	 41
1787310459818 	 280 	 200 	 2270 	 40
1787310459954 	 189 	 200 	 2271 	 42
1787310460018 	 127 	 200 	 2272 	 41
1787310459994 	 152 	 200 	 2273 	 40
1787310459872 	 273 	 200 	 2274 	 39
1787310459926 	 210 	 200 	 2275 	 38
1787310459920 	 226 	 200 	 2276 	 37
1787310459934 	 217 	 200 	 2277 	 36
1787310459922 	 291 	 200 	 2278 	 40
1787310460086 	 157 	 200 	 2279 	 41
1787310460145 	 176 	 200 	 2280 	 43
1787310460100 	 221 	 200 	 2281 	 42
1787310460221 	 106 	 200 	 2282 	 41
1787310460084 	 244 	 200 	 2283 	 41
1787310460149 	 219 	 200 	 2284 	 40
1787310460156 	 214 	 200 	 2285 	 39
1787310460046 	 369 	 200 	 2286 	 44
1787310460332 	 84 	 200 	 2287 	 43
1787310459950 	 469 	 200 	 2288 	 42
1787310460371 	 59 	 200 	 2289 	 42
1787310460096 	 336 	 200 	 2290 	 41
1787310460148 	 345 	 200 	 2291 	 45
1787310460154 	 361 	 200 	 2292 	 48
1787310459949 	 571 	 200 	 2293 	 48
1787310460153 	 376 	 200 	 2294 	 47
1787310460151 	 382 	 200 	 2295 	 46
1787310460330 	 199 	 200 	 2296 	 45
1787310460417 	 176 	 200 	 2297 	 46
1787310460323 	 272 	 200 	 2298 	 45
1787310460372 	 221 	 200 	 2299 	 44
1787310460419 	 176 	 200 	 2300 	 43
1787310460517 	 105 	 200 	 2301 	 45
1787310460432 	 189 	 200 	 2302 	 44
1787310460435 	 186 	 200 	 2303 	 43
1787310460421 	 211 	 200 	 2304 	 43
1787310460597 	 35 	 200 	 2305 	 42
1787310460494 	 137 	 200 	 2306 	 42
1787310460245 	 392 	 200 	 2307 	 41
1787310460535 	 103 	 200 	 2308 	 40
1787310460326 	 367 	 200 	 2309 	 45
1787310460525 	 170 	 200 	 2310 	 44
1787310460595 	 102 	 200 	 2311 	 43
1787310460597 	 99 	 200 	 2312 	 42
1787310460532 	 166 	 200 	 2313 	 41
1787310460695 	 80 	 200 	 2314 	 44
1787310460537 	 258 	 200 	 2315 	 45
1787310460597 	 201 	 200 	 2316 	 44
1787310460638 	 185 	 200 	 2317 	 43
1787310460624 	 218 	 200 	 2318 	 43
1787310460635 	 233 	 200 	 2319 	 46
1787310460697 	 174 	 200 	 2320 	 45
1787310460700 	 173 	 200 	 2321 	 44
1787310460700 	 215 	 200 	 2322 	 45
1787310460797 	 128 	 200 	 2323 	 45
1787310460800 	 130 	 200 	 2324 	 45
1787310460633 	 309 	 200 	 2325 	 45
1787310460843 	 103 	 200 	 2326 	 44
1787310460623 	 319 	 200 	 2327 	 43
1787310460776 	 217 	 200 	 2328 	 48
1787310460917 	 77 	 200 	 2329 	 47
1787310460876 	 216 	 200 	 2330 	 54
1787310460994 	 100 	 200 	 2331 	 53
1787310460996 	 129 	 200 	 2332 	 55
1787310460640 	 499 	 200 	 2333 	 54
1787310460944 	 199 	 200 	 2334 	 54
1787310460628 	 516 	 200 	 2335 	 53
1787310460927 	 221 	 200 	 2336 	 52
1787310461096 	 84 	 200 	 2337 	 53
1787310460872 	 322 	 200 	 2338 	 53
1787310460948 	 246 	 200 	 2339 	 52
1787310460931 	 262 	 200 	 2340 	 51
1787310460698 	 498 	 200 	 2341 	 51
1787310460870 	 328 	 200 	 2342 	 50
1787310460829 	 365 	 200 	 2343 	 49
1787310460950 	 248 	 200 	 2344 	 48
1787310461196 	 100 	 200 	 2345 	 52
1787310461127 	 169 	 200 	 2346 	 51
1787310460639 	 704 	 200 	 2347 	 58
1787310461146 	 197 	 200 	 2348 	 57
1787310461151 	 194 	 200 	 2349 	 56
1787310461203 	 213 	 200 	 2350 	 62
1787310461199 	 220 	 200 	 2351 	 62
1787310461196 	 231 	 200 	 2352 	 61
1787310461199 	 241 	 200 	 2353 	 61
1787310461098 	 343 	 200 	 2354 	 60
1787310461142 	 302 	 200 	 2355 	 59
1787310461350 	 118 	 200 	 2356 	 58
1787310461182 	 334 	 200 	 2357 	 57
1787310461297 	 229 	 200 	 2358 	 56
1787310461446 	 171 	 200 	 2359 	 62
1787310461418 	 211 	 200 	 2360 	 64
1787310461470 	 199 	 200 	 2361 	 64
1787310461421 	 260 	 200 	 2362 	 63
1787310461345 	 370 	 200 	 2363 	 65
1787310461517 	 201 	 200 	 2364 	 64
1787310461618 	 114 	 200 	 2365 	 63
1787310461200 	 565 	 200 	 2366 	 64
1787310461682 	 88 	 200 	 2367 	 64
1787310461299 	 517 	 200 	 2368 	 69
1787310461348 	 469 	 200 	 2369 	 68
1787310461198 	 626 	 200 	 2370 	 67
1787310461444 	 421 	 200 	 2371 	 70
1787310461719 	 202 	 200 	 2372 	 74
1787310461721 	 205 	 200 	 2373 	 73
1787310461733 	 198 	 200 	 2374 	 72
1787310461773 	 162 	 200 	 2375 	 71
1787310461529 	 438 	 200 	 2376 	 72
1787310461444 	 574 	 200 	 2377 	 75
1787310461767 	 257 	 200 	 2378 	 74
1787310461630 	 442 	 200 	 2379 	 73
1787310461922 	 299 	 200 	 2380 	 77
1787310461928 	 293 	 200 	 2381 	 76
1787310461936 	 283 	 200 	 2382 	 75
1787310461932 	 291 	 200 	 2383 	 74
1787310461825 	 405 	 200 	 2384 	 73
1787310462026 	 300 	 200 	 2385 	 77
1787310461817 	 550 	 200 	 2386 	 77
1787310462222 	 151 	 200 	 2387 	 76
1787310462226 	 196 	 200 	 2388 	 78
1787310462224 	 199 	 200 	 2389 	 77
1787310461969 	 460 	 200 	 2390 	 77
1787310462020 	 495 	 200 	 2391 	 88
1787310461819 	 697 	 200 	 2392 	 87
1787310462233 	 283 	 200 	 2393 	 86
1787310462223 	 298 	 200 	 2394 	 85
1787310462074 	 453 	 200 	 2395 	 84
1787310462376 	 217 	 200 	 2396 	 87
1787310462425 	 170 	 200 	 2397 	 86
1787310461866 	 758 	 200 	 2398 	 85
1787310459301 	 3415 	 200 	 2399 	 88
1787310462595 	 132 	 200 	 2400 	 88
1787310462328 	 402 	 200 	 2401 	 87
1787310462525 	 216 	 200 	 2402 	 86
1787310462597 	 168 	 200 	 2403 	 86
1787310462529 	 240 	 200 	 2404 	 85
1787310462518 	 301 	 200 	 2405 	 84
1787310462744 	 82 	 200 	 2406 	 83
1787310462767 	 65 	 200 	 2407 	 82
1787310462732 	 100 	 200 	 2408 	 81
1787310462626 	 290 	 200 	 2409 	 85
1787310461670 	 1249 	 200 	 2410 	 84
1787310462431 	 490 	 200 	 2411 	 83
1787310462428 	 491 	 200 	 2412 	 83
1787310462520 	 406 	 200 	 2413 	 82
1787310462833 	 100 	 200 	 2414 	 81
1787310462829 	 103 	 200 	 2415 	 80
1787310462717 	 223 	 200 	 2416 	 79
1787310462518 	 480 	 200 	 2417 	 82
1787310462918 	 108 	 200 	 2418 	 84
1787310462369 	 724 	 200 	 2419 	 89
1787310462834 	 261 	 200 	 2420 	 88
1787310462772 	 356 	 200 	 2421 	 87
1787310462939 	 227 	 200 	 2422 	 88
1787310463000 	 223 	 200 	 2423 	 91
1787310462921 	 304 	 200 	 2424 	 90
1787310462941 	 290 	 200 	 2425 	 89
1787310462730 	 502 	 200 	 2426 	 88
1787310462821 	 447 	 200 	 2427 	 90
1787310462929 	 362 	 200 	 2428 	 92
1787310461429 	 1865 	 200 	 2429 	 91
1787310463168 	 128 	 200 	 2430 	 90
1787310463095 	 223 	 200 	 2431 	 93
1787310462944 	 375 	 200 	 2432 	 93
1787310463027 	 310 	 200 	 2433 	 92
1787310463229 	 187 	 200 	 2434 	 100
1787310462935 	 487 	 200 	 2435 	 99
1787310463131 	 291 	 200 	 2436 	 98
1787310463269 	 160 	 200 	 2437 	 97
1787310463298 	 183 	 200 	 2438 	 100
1787310463297 	 197 	 200 	 2439 	 101
1787310463294 	 198 	 200 	 2440 	 100
1787310463234 	 260 	 200 	 2441 	 99
1787310463227 	 268 	 200 	 2442 	 98
1787310463319 	 177 	 200 	 2443 	 97
1787310463432 	 65 	 200 	 2444 	 96
1787310463420 	 102 	 200 	 2445 	 95
1787310463321 	 221 	 200 	 2446 	 96
1787310463097 	 447 	 200 	 2447 	 95
1787310463234 	 309 	 200 	 2448 	 94
1787310462923 	 622 	 200 	 2449 	 93
1787310463500 	 46 	 200 	 2450 	 92
1787310463426 	 167 	 200 	 2451 	 95
1787310463424 	 172 	 200 	 2452 	 94
1787310463499 	 102 	 200 	 2453 	 93
1787310463340 	 260 	 200 	 2454 	 92
1787310463482 	 119 	 200 	 2455 	 91
1787310463497 	 145 	 200 	 2456 	 94
1787310463495 	 148 	 200 	 2457 	 93
1787310463497 	 145 	 200 	 2458 	 92
1787310463523 	 124 	 200 	 2459 	 91
1787310463545 	 148 	 200 	 2460 	 94
1787310463498 	 198 	 200 	 2461 	 93
1787310463598 	 99 	 200 	 2462 	 92
1787310463550 	 146 	 200 	 2463 	 91
1787310463607 	 138 	 200 	 2464 	 94
1787310463548 	 245 	 200 	 2465 	 100
1787310463608 	 189 	 200 	 2466 	 99
1787310463605 	 195 	 200 	 2467 	 98
1787310463548 	 295 	 200 	 2468 	 99
1787310463603 	 241 	 200 	 2469 	 98
1787310463545 	 325 	 200 	 2470 	 97
1787310463646 	 251 	 200 	 2471 	 96
1787310463648 	 250 	 200 	 2472 	 95
1787310463695 	 222 	 200 	 2473 	 99
1787310463795 	 179 	 200 	 2474 	 101
1787310463702 	 317 	 200 	 2475 	 103
1787310463747 	 279 	 200 	 2476 	 104
1787310463647 	 379 	 200 	 2477 	 103
1787310463845 	 221 	 200 	 2478 	 102
1787310463871 	 200 	 200 	 2479 	 101
1787310463899 	 227 	 200 	 2480 	 104
1787310463802 	 329 	 200 	 2481 	 104
1787310463919 	 220 	 200 	 2482 	 104
1787310463701 	 438 	 200 	 2483 	 103
1787310463798 	 350 	 200 	 2484 	 102
1787310463845 	 370 	 200 	 2485 	 102
1787310464022 	 246 	 200 	 2486 	 102
1787310463975 	 341 	 200 	 2487 	 101
1787310464031 	 295 	 200 	 2488 	 100
1787310464127 	 243 	 200 	 2489 	 99
1787310464028 	 391 	 200 	 2490 	 98
1787310464069 	 356 	 200 	 2491 	 97
1787310464132 	 298 	 200 	 2492 	 96
1787310464217 	 223 	 200 	 2493 	 96
1787310464432 	 91 	 200 	 2494 	 95
1787310464372 	 154 	 200 	 2495 	 94
1787310464422 	 103 	 200 	 2496 	 93
1787310464271 	 257 	 200 	 2497 	 92
1787310464427 	 102 	 200 	 2498 	 91
1787310464329 	 237 	 200 	 2499 	 90
1787310463697 	 874 	 200 	 2500 	 89
1787310464525 	 68 	 200 	 2501 	 88
1787310463899 	 727 	 200 	 2502 	 87
1787310464595 	 37 	 200 	 2503 	 86
1787310464528 	 108 	 200 	 2504 	 85
1787310464140 	 526 	 200 	 2505 	 84
1787310464146 	 520 	 200 	 2506 	 83
1787310464531 	 136 	 200 	 2507 	 82
1787310464572 	 148 	 200 	 2508 	 81
1787310464150 	 573 	 200 	 2509 	 80
1787310464528 	 202 	 200 	 2510 	 79
1787310464317 	 418 	 200 	 2511 	 78
1787310464568 	 169 	 200 	 2512 	 77
1787310464634 	 160 	 200 	 2513 	 76
1787310464628 	 166 	 200 	 2514 	 75
1787310464530 	 287 	 200 	 2515 	 74
1787310464638 	 179 	 200 	 2516 	 73
1787310464670 	 152 	 200 	 2517 	 72
1787310464738 	 86 	 200 	 2518 	 71
1787310464725 	 120 	 200 	 2519 	 70
1787310464795 	 52 	 200 	 2520 	 69
1787310464819 	 110 	 200 	 2521 	 69
1787310464826 	 141 	 200 	 2522 	 68
1787310464846 	 122 	 200 	 2523 	 67
1787310464824 	 146 	 200 	 2524 	 66
1787310464820 	 200 	 200 	 2525 	 65
1787310464848 	 271 	 200 	 2526 	 64
1787310464930 	 193 	 200 	 2527 	 63
1787310464669 	 458 	 200 	 2528 	 62
1787310464669 	 505 	 200 	 2529 	 61
1787310464732 	 484 	 200 	 2530 	 60
1787310464972 	 254 	 200 	 2531 	 59
1787310464970 	 259 	 200 	 2532 	 58
1787310465125 	 145 	 200 	 2533 	 57
1787310464971 	 349 	 200 	 2534 	 56
1787310464443 	 922 	 200 	 2535 	 55
1787310465228 	 141 	 200 	 2536 	 54
1787310465022 	 350 	 200 	 2537 	 53
1787310465272 	 106 	 200 	 2538 	 52
1787310461148 	 4269 	 200 	 2539 	 51
1787310464721 	 707 	 200 	 2540 	 50
1787310465121 	 343 	 200 	 2541 	 49
1787310465129 	 386 	 200 	 2542 	 48
1787310464795 	 730 	 200 	 2543 	 47
1787310464740 	 786 	 200 	 2544 	 46
1787310465233 	 332 	 200 	 2545 	 45
1787310465175 	 446 	 200 	 2546 	 44
1787310465430 	 195 	 200 	 2547 	 43
1787310465373 	 257 	 200 	 2548 	 42
1787310465220 	 411 	 200 	 2549 	 41
1787310465376 	 256 	 200 	 2550 	 40
1787310465380 	 335 	 200 	 2551 	 40
1787310465321 	 395 	 200 	 2552 	 39
1787310465367 	 398 	 200 	 2553 	 40
1787310465528 	 289 	 200 	 2554 	 39
1787310465567 	 252 	 200 	 2555 	 38
1787310465623 	 203 	 200 	 2556 	 37
1787310465637 	 229 	 200 	 2557 	 36
1787310465420 	 500 	 200 	 2558 	 35
1787310465819 	 149 	 200 	 2559 	 34
1787310465466 	 552 	 200 	 2560 	 33
1787310465528 	 495 	 200 	 2561 	 32
1787310465639 	 430 	 200 	 2562 	 31
1787310465517 	 553 	 200 	 2563 	 30
1787310465829 	 298 	 200 	 2564 	 29
1787310465820 	 308 	 200 	 2565 	 28
1787310465922 	 207 	 200 	 2566 	 27
1787310465628 	 508 	 200 	 2567 	 26
1787310465968 	 202 	 200 	 2568 	 25
1787310466131 	 132 	 200 	 2569 	 24
1787310466135 	 133 	 200 	 2570 	 23
1787310466267 	 72 	 200 	 2571 	 23
1787310465634 	 734 	 200 	 2572 	 22
1787310466270 	 100 	 200 	 2573 	 21
1787310466072 	 298 	 200 	 2574 	 20
1787310465767 	 608 	 200 	 2575 	 19
1787310466172 	 204 	 200 	 2576 	 18
1787310466131 	 244 	 200 	 2577 	 17
1787310465719 	 657 	 200 	 2578 	 16
1787310466138 	 230 	 200 	 2579 	 15
1787310466025 	 395 	 200 	 2579 	 14
1787310463644 	 2778 	 200 	 2579 	 13
1787310465717 	 706 	 200 	 2579 	 12
1787310466340 	 83 	 200 	 2579 	 11
1787310466378 	 52 	 200 	 2579 	 10
1787310466379 	 53 	 200 	 2579 	 9
1787310466072 	 360 	 200 	 2579 	 8
1787310466371 	 94 	 200 	 2579 	 7
1787310466374 	 91 	 200 	 2579 	 6
1787310466376 	 91 	 200 	 2579 	 5
1787310466380 	 88 	 200 	 2579 	 4
1787310466020 	 457 	 200 	 2579 	 3
1787310465867 	 665 	 200 	 2579 	 2
1787310466372 	 175 	 200 	 2579 	 1
1787310464072 	 2584 	 200 	 2579 	 0
1787310466677 	 13 	 200 	 2580 	 0
1787310466871 	 16 	 200 	 2581 	 0
1787310468195 	 21 	 200 	 2586 	 4
1787310468194 	 25 	 200 	 2586 	 3
1787310468201 	 20 	 200 	 2586 	 2
1787310468200 	 23 	 200 	 2586 	 1
1787310468213 	 17 	 200 	 2587 	 1
1787310468227 	 16 	 200 	 2588 	 1
1787310468241 	 14 	 200 	 2588 	 0
1787310468264 	 17 	 200 	 2590 	 1
1787310468281 	 12 	 200 	 2590 	 0
1787310468309 	 12 	 200 	 2591 	 0
1787310468326 	 14 	 200 	 2593 	 1
1787310468331 	 16 	 200 	 2594 	 1
1787310468342 	 15 	 200 	 2595 	 1
1787310468353 	 20 	 200 	 2596 	 1
1787310468373 	 19 	 200 	 2598 	 2
1787310468378 	 16 	 200 	 2598 	 1
1787310468379 	 18 	 200 	 2598 	 0
1787310468414 	 13 	 200 	 2599 	 0
1787310468460 	 14 	 200 	 2602 	 2
1787310468470 	 16 	 200 	 2603 	 2
1787310468472 	 25 	 200 	 2604 	 2
1787310468482 	 15 	 200 	 2604 	 1
1787310468496 	 15 	 200 	 2605 	 1
1787310468507 	 13 	 200 	 2605 	 0
1787310468564 	 13 	 200 	 2606 	 0
1787310468629 	 15 	 200 	 2607 	 0
1787310468670 	 14 	 200 	 2609 	 1
1787310468672 	 15 	 200 	 2609 	 0
1787310468702 	 16 	 200 	 2611 	 1
1787310468714 	 15 	 200 	 2612 	 1
1787310468721 	 28 	 200 	 2613 	 1
1787310468738 	 13 	 200 	 2613 	 0
1787310468760 	 13 	 200 	 2614 	 0
1787310468806 	 13 	 200 	 2615 	 0
1787310468830 	 16 	 200 	 2621 	 5
1787310468828 	 20 	 200 	 2621 	 4
1787310468829 	 26 	 200 	 2621 	 3
1787310468836 	 20 	 200 	 2621 	 2
1787310468834 	 23 	 200 	 2621 	 1
1787310468835 	 24 	 200 	 2622 	 1
1787310468859 	 16 	 200 	 2623 	 1
1787310468870 	 17 	 200 	 2624 	 1
1787310468885 	 14 	 200 	 2625 	 1
1787310468895 	 16 	 200 	 2626 	 1
1787310468903 	 13 	 200 	 2626 	 0
1787310468921 	 20 	 200 	 2629 	 2
1787310468922 	 21 	 200 	 2629 	 1
1787310468934 	 14 	 200 	 2630 	 1
1787310468948 	 16 	 200 	 2630 	 0
1787310469097 	 22 	 200 	 2631 	 0
1787310469383 	 18 	 200 	 2632 	 0
1787310469474 	 13 	 200 	 2633 	 0
1787310470135 	 13 	 200 	 2634 	 0
1787310470442 	 19 	 200 	 2636 	 1
1787310470457 	 17 	 200 	 2636 	 0
1787310470484 	 13 	 200 	 2637 	 0
1787310470501 	 18 	 200 	 2640 	 2
1787310470502 	 21 	 200 	 2640 	 1
1787310470520 	 13 	 200 	 2640 	 0
1787310470540 	 13 	 200 	 2641 	 0
1787310470570 	 17 	 200 	 2645 	 3
1787310470568 	 21 	 200 	 2646 	 3
1787310470569 	 21 	 200 	 2646 	 2
1787310470578 	 18 	 200 	 2646 	 1
1787310470588 	 16 	 200 	 2647 	 1
1787310470602 	 17 	 200 	 2648 	 1
1787310470607 	 14 	 200 	 2648 	 0
1787310470627 	 13 	 200 	 2649 	 0
1787310470648 	 16 	 200 	 2651 	 1
1787310470650 	 14 	 200 	 2651 	 0
1787310470668 	 17 	 200 	 2652 	 0
1787310470686 	 17 	 200 	 2654 	 1
1787310470689 	 16 	 200 	 2654 	 0
1787310470735 	 15 	 200 	 2656 	 1
1787310470746 	 27 	 200 	 2657 	 1
1787310470769 	 14 	 200 	 2657 	 0
1787310470788 	 13 	 200 	 2660 	 2
1787310470791 	 13 	 200 	 2660 	 1
1787310470793 	 16 	 200 	 2660 	 0
1787310470815 	 16 	 200 	 2662 	 1
1787310470820 	 13 	 200 	 2662 	 0
1787310470853 	 12 	 200 	 2663 	 0
1787310470875 	 14 	 200 	 2665 	 1
1787310470875 	 15 	 200 	 2665 	 0
1787310470900 	 14 	 200 	 2668 	 2
1787310470906 	 23 	 200 	 2669 	 2
1787310470925 	 16 	 200 	 2671 	 3
1787310470905 	 37 	 200 	 2671 	 2
1787310470937 	 15 	 200 	 2672 	 2
1787310470939 	 17 	 200 	 2673 	 2
1787310470948 	 22 	 200 	 2674 	 2
1787310470954 	 20 	 200 	 2674 	 1
1787310470965 	 19 	 200 	 2676 	 2
1787310470977 	 17 	 200 	 2678 	 3
1787310470984 	 17 	 200 	 2678 	 2
1787310470989 	 15 	 200 	 2679 	 2
1787310470990 	 15 	 200 	 2679 	 1
1787310471003 	 13 	 200 	 2679 	 0
1787310471022 	 13 	 200 	 2681 	 1
1787310471026 	 15 	 200 	 2683 	 2
1787310471038 	 13 	 200 	 2683 	 1
1787310471037 	 18 	 200 	 2683 	 0
1787310471067 	 14 	 200 	 2686 	 2
1787310471072 	 13 	 200 	 2686 	 1
1787310471088 	 16 	 200 	 2688 	 2
1787310471081 	 25 	 200 	 2688 	 1
1787310471091 	 42 	 200 	 2689 	 1
1787310471131 	 12 	 200 	 2689 	 0
1787310471160 	 16 	 200 	 2691 	 1
1787310471172 	 14 	 200 	 2691 	 0
1787310471209 	 13 	 200 	 2692 	 0
1787310471229 	 13 	 200 	 2695 	 2
1787310471237 	 14 	 200 	 2696 	 2
1787310471243 	 15 	 200 	 2696 	 1
1787310471251 	 14 	 200 	 2696 	 0
1787310471270 	 18 	 200 	 2700 	 3
1787310471275 	 20 	 200 	 2701 	 3
1787310471276 	 19 	 200 	 2701 	 2
1787310471283 	 17 	 200 	 2701 	 1
1787310471294 	 16 	 200 	 2701 	 0
1787310471329 	 18 	 200 	 2703 	 1
1787310471332 	 15 	 200 	 2703 	 0
1787310471356 	 15 	 200 	 2704 	 0
1787310471416 	 17 	 200 	 2705 	 0
1787310471462 	 13 	 200 	 2706 	 0
1787310471712 	 14 	 200 	 2707 	 0
1787310471851 	 30 	 200 	 2713 	 5
1787310471845 	 39 	 200 	 2714 	 5
1787310471869 	 23 	 200 	 2714 	 4
1787310471884 	 17 	 200 	 2715 	 4
1787310471866 	 37 	 200 	 2715 	 3
1787310471880 	 64 	 200 	 2718 	 5
1787310471863 	 80 	 200 	 2718 	 4
1787310471899 	 69 	 200 	 2720 	 5
1787310471932 	 36 	 200 	 2720 	 4
1787310471922 	 51 	 200 	 2720 	 3
1787310471958 	 21 	 200 	 2720 	 2
1787310471954 	 38 	 200 	 2721 	 2
1787310471908 	 112 	 200 	 2724 	 4
1787310471992 	 32 	 200 	 2724 	 3
1787310472019 	 23 	 200 	 2727 	 5
1787310472014 	 31 	 200 	 2727 	 4
1787310472018 	 27 	 200 	 2727 	 3
1787310472026 	 19 	 200 	 2727 	 2
1787310472030 	 41 	 200 	 2728 	 2
1787310472036 	 37 	 200 	 2728 	 1
1787310472064 	 14 	 200 	 2728 	 0
1787310472095 	 12 	 200 	 2729 	 0
1787310472140 	 12 	 200 	 2731 	 1
1787310472140 	 13 	 200 	 2731 	 0
1787310472156 	 16 	 200 	 2732 	 0
1787310472185 	 19 	 200 	 2734 	 1
1787310472206 	 17 	 200 	 2737 	 3
1787310472217 	 15 	 200 	 2739 	 4
1787310472221 	 16 	 200 	 2739 	 3
1787310472232 	 15 	 200 	 2739 	 2
1787310472231 	 16 	 200 	 2739 	 1
1787310472204 	 51 	 200 	 2739 	 0
1787310472319 	 38 	 200 	 2742 	 2
1787310472338 	 26 	 200 	 2742 	 1
1787310472340 	 24 	 200 	 2742 	 0
1787310472378 	 17 	 200 	 2743 	 0
1787310472412 	 14 	 200 	 2745 	 1
1787310472423 	 17 	 200 	 2745 	 1
1787310472441 	 13 	 200 	 2747 	 1
1787310472448 	 13 	 200 	 2747 	 0
1787310472503 	 18 	 200 	 2751 	 3
1787310472506 	 17 	 200 	 2751 	 2
1787310472505 	 19 	 200 	 2751 	 1
1787310472508 	 19 	 200 	 2751 	 0
1787310472535 	 16 	 200 	 2754 	 2
1787310472534 	 27 	 200 	 2755 	 2
1787310472547 	 15 	 200 	 2755 	 1
1787310472556 	 15 	 200 	 2755 	 0
1787310472606 	 15 	 200 	 2759 	 3
1787310472610 	 19 	 200 	 2759 	 2
1787310472614 	 18 	 200 	 2759 	 1
1787310472620 	 16 	 200 	 2759 	 0
1787310472644 	 15 	 200 	 2760 	 0
1787310472662 	 15 	 200 	 2761 	 0
1787310472688 	 15 	 200 	 2766 	 4
1787310472682 	 24 	 200 	 2766 	 3
1787310472693 	 16 	 200 	 2766 	 2
1787310472694 	 18 	 200 	 2766 	 1
1787310472697 	 18 	 200 	 2766 	 0
1787310472720 	 19 	 200 	 2770 	 3
1787310472733 	 20 	 200 	 2771 	 3
1787310472736 	 22 	 200 	 2772 	 3
1787310472739 	 19 	 200 	 2772 	 2
1787310472748 	 15 	 200 	 2772 	 1
1787310472756 	 37 	 200 	 2773 	 1
1787310472767 	 36 	 200 	 2773 	 0
1787310472817 	 20 	 200 	 2779 	 5
1787310472831 	 18 	 200 	 2779 	 4
1787310472833 	 19 	 200 	 2779 	 3
1787310472836 	 58 	 200 	 2781 	 4
1787310472821 	 79 	 200 	 2783 	 5
1787310472853 	 90 	 200 	 2788 	 9
1787310472899 	 45 	 200 	 2788 	 8
1787310472826 	 167 	 200 	 2791 	 10
1787310472879 	 116 	 200 	 2791 	 9
1787310472931 	 70 	 200 	 2791 	 8
1787310472897 	 145 	 200 	 2791 	 7
1787310472933 	 161 	 200 	 2797 	 12
1787310472937 	 157 	 200 	 2797 	 11
1787310472925 	 170 	 200 	 2797 	 11
1787310472975 	 123 	 200 	 2798 	 10
1787310473054 	 88 	 200 	 2801 	 12
1787310472971 	 227 	 200 	 2802 	 12
1787310472954 	 288 	 200 	 2805 	 14
1787310473088 	 156 	 200 	 2805 	 13
1787310473046 	 245 	 200 	 2808 	 16
1787310473048 	 248 	 200 	 2809 	 16
1787310472943 	 356 	 200 	 2810 	 15
1787310473239 	 154 	 200 	 2811 	 20
1787310473213 	 181 	 200 	 2812 	 19
1787310473098 	 300 	 200 	 2813 	 18
1787310473122 	 274 	 200 	 2814 	 17
1787310473246 	 154 	 200 	 2815 	 16
1787310473127 	 275 	 200 	 2816 	 15
1787310473083 	 319 	 200 	 2816 	 14
1787310473063 	 340 	 200 	 2817 	 14
1787310473151 	 254 	 200 	 2817 	 13
1787310473124 	 319 	 200 	 2820 	 16
1787310473298 	 191 	 200 	 2821 	 18
1787310473294 	 204 	 200 	 2822 	 19
1787310473320 	 178 	 200 	 2823 	 18
1787310473261 	 239 	 200 	 2824 	 17
1787310473211 	 290 	 200 	 2825 	 16
1787310473401 	 169 	 200 	 2826 	 22
1787310473404 	 185 	 200 	 2827 	 25
1787310473571 	 22 	 200 	 2828 	 24
1787310473396 	 195 	 200 	 2829 	 23
1787310473399 	 196 	 200 	 2830 	 22
1787310473277 	 321 	 200 	 2831 	 21
1787310473396 	 200 	 200 	 2832 	 20
1787310473402 	 201 	 200 	 2833 	 21
1787310473429 	 173 	 200 	 2834 	 20
1787310473446 	 158 	 200 	 2835 	 19
1787310473490 	 156 	 200 	 2836 	 22
1787310473503 	 145 	 200 	 2837 	 21
1787310473501 	 193 	 200 	 2838 	 22
1787310473600 	 92 	 200 	 2839 	 21
1787310473435 	 263 	 200 	 2840 	 21
1787310473437 	 261 	 200 	 2841 	 20
1787310473502 	 195 	 200 	 2842 	 19
1787310473595 	 108 	 200 	 2843 	 18
1787310473499 	 205 	 200 	 2844 	 17
1787310473605 	 138 	 200 	 2845 	 17
1787310473596 	 148 	 200 	 2846 	 16
1787310473605 	 187 	 200 	 2847 	 16
1787310473647 	 148 	 200 	 2848 	 15
1787310473599 	 186 	 200 	 2848 	 14
1787310473607 	 188 	 200 	 2848 	 13
1787310473598 	 199 	 200 	 2848 	 12
1787310473595 	 195 	 200 	 2848 	 11
1787310473649 	 194 	 200 	 2852 	 14
1787310473706 	 138 	 200 	 2852 	 13
1787310473794 	 100 	 200 	 2855 	 15
1787310473695 	 199 	 200 	 2855 	 14
1787310473696 	 202 	 200 	 2856 	 14
1787310473699 	 200 	 200 	 2856 	 13
1787310473887 	 57 	 200 	 2859 	 15
1787310473830 	 115 	 200 	 2859 	 14
1787310473811 	 133 	 200 	 2859 	 13
1787310473818 	 128 	 200 	 2859 	 12
1787310473701 	 292 	 200 	 2861 	 13
1787310473876 	 118 	 200 	 2861 	 12
1787310473746 	 252 	 200 	 2861 	 11
1787310473840 	 162 	 200 	 2861 	 10
1787310473966 	 77 	 200 	 2862 	 10
1787310473894 	 150 	 200 	 2862 	 9
1787310473708 	 384 	 200 	 2864 	 10
1787310473941 	 152 	 200 	 2864 	 9
1787310473963 	 131 	 200 	 2864 	 8
1787310473903 	 193 	 200 	 2864 	 7
1787310473907 	 188 	 200 	 2864 	 6
1787310473897 	 201 	 200 	 2864 	 5
1787310473744 	 354 	 200 	 2864 	 4
1787310473702 	 430 	 200 	 2864 	 3
1787310474047 	 86 	 200 	 2864 	 2
1787310474036 	 99 	 200 	 2864 	 1
1787310474069 	 71 	 200 	 2864 	 0
1787310474187 	 24 	 200 	 2865 	 0
1787310474243 	 16 	 200 	 2868 	 2
1787310474241 	 20 	 200 	 2868 	 1
1787310474259 	 14 	 200 	 2869 	 1
1787310474263 	 13 	 200 	 2869 	 0
1787310474289 	 15 	 200 	 2870 	 0
1787310474326 	 17 	 200 	 2872 	 1
1787310474327 	 18 	 200 	 2872 	 0
1787310474411 	 15 	 200 	 2874 	 1
1787310474415 	 13 	 200 	 2874 	 0
1787310474443 	 16 	 200 	 2875 	 0
1787310474467 	 15 	 200 	 2877 	 1
1787310474474 	 15 	 200 	 2877 	 0
1787310474501 	 13 	 200 	 2878 	 0
1787310474529 	 13 	 200 	 2880 	 1
1787310474532 	 11 	 200 	 2880 	 0
1787310474546 	 14 	 200 	 2881 	 0
1787310474570 	 13 	 200 	 2882 	 0
1787310474588 	 14 	 200 	 2883 	 0
1787310474625 	 23 	 200 	 2886 	 2
1787310474626 	 26 	 200 	 2886 	 1
1787310474643 	 14 	 200 	 2886 	 0
1787310474688 	 14 	 200 	 2888 	 1
1787310474700 	 15 	 200 	 2890 	 2
1787310474713 	 14 	 200 	 2890 	 1
1787310474717 	 17 	 200 	 2890 	 0
1787310474782 	 14 	 200 	 2891 	 0
1787310474814 	 14 	 200 	 2893 	 1
1787310474824 	 16 	 200 	 2896 	 3
1787310474830 	 18 	 200 	 2898 	 4
1787310474840 	 15 	 200 	 2898 	 3
1787310474841 	 17 	 200 	 2898 	 2
1787310474845 	 16 	 200 	 2900 	 3
1787310474849 	 18 	 200 	 2900 	 2
1787310474860 	 14 	 200 	 2900 	 1
1787310474860 	 22 	 200 	 2900 	 0
1787310474898 	 17 	 200 	 2903 	 2
1787310474901 	 17 	 200 	 2903 	 1
1787310474903 	 15 	 200 	 2903 	 0
1787310474922 	 21 	 200 	 2904 	 0
1787310474960 	 15 	 200 	 2905 	 0
1787310474988 	 16 	 200 	 2908 	 2
1787310474993 	 14 	 200 	 2909 	 2
1787310474994 	 15 	 200 	 2909 	 1
1787310475007 	 17 	 200 	 2909 	 0
1787310475044 	 33 	 200 	 2911 	 1
1787310475067 	 17 	 200 	 2911 	 0
1787310475095 	 12 	 200 	 2912 	 0
1787310475124 	 13 	 200 	 2913 	 0
1787310475173 	 25 	 200 	 2915 	 1
1787310475180 	 21 	 200 	 2915 	 0
1787310475223 	 21 	 200 	 2921 	 5
1787310475232 	 15 	 200 	 2921 	 4
1787310475230 	 18 	 200 	 2921 	 3
1787310475239 	 17 	 200 	 2921 	 2
1787310475237 	 20 	 200 	 2921 	 1
1787310475242 	 16 	 200 	 2921 	 0
1787310475287 	 19 	 200 	 2922 	 0
1787310475310 	 18 	 200 	 2923 	 0
1787310475359 	 19 	 200 	 2926 	 2
1787310475374 	 13 	 200 	 2926 	 1
1787310475377 	 16 	 200 	 2926 	 0
1787310475430 	 35 	 200 	 2928 	 1
1787310475448 	 18 	 200 	 2928 	 0
1787310475487 	 24 	 200 	 2930 	 1
1787310475510 	 13 	 200 	 2931 	 1
1787310475514 	 13 	 200 	 2932 	 1
1787310475527 	 19 	 200 	 2934 	 2
1787310475530 	 18 	 200 	 2934 	 1
1787310475535 	 17 	 200 	 2935 	 1
1787310475554 	 12 	 200 	 2936 	 1
1787310475555 	 14 	 200 	 2936 	 0
1787310475574 	 14 	 200 	 2937 	 0
1787310476763 	 35 	 200 	 2938 	 0
1787310476962 	 39 	 200 	 2939 	 0
1787310479030 	 23 	 200 	 2940 	 0
1787310480371 	 29 	 200 	 2942 	 1
1787310480383 	 21 	 200 	 2942 	 0
1787310480753 	 13 	 200 	 2943 	 0
1787310481769 	 18 	 200 	 2944 	 0
1787310483140 	 42 	 200 	 2945 	 0
1787310483239 	 38 	 200 	 2946 	 0
1787310483573 	 22 	 200 	 2947 	 0
1787310484677 	 22 	 200 	 2948 	 0
1787310484736 	 17 	 200 	 2949 	 0
1787310485284 	 40 	 200 	 2950 	 0
1787310485393 	 23 	 200 	 2951 	 0
1787310487010 	 16 	 200 	 2952 	 0
1787310487082 	 23 	 200 	 2953 	 0
1787310487949 	 19 	 200 	 2955 	 1
1787310487966 	 15 	 200 	 2956 	 1
1787310487981 	 13 	 200 	 2956 	 0
1787310488015 	 44 	 200 	 2965 	 8
1787310488024 	 37 	 200 	 2965 	 7
1787310488039 	 54 	 200 	 2966 	 7
1787310488033 	 63 	 200 	 2966 	 6
1787310488034 	 62 	 200 	 2966 	 5
1787310488028 	 68 	 200 	 2966 	 4
1787310488037 	 111 	 200 	 2967 	 4
1787310488118 	 30 	 200 	 2967 	 3
1787310488047 	 103 	 200 	 2967 	 2
1787310488041 	 111 	 200 	 2968 	 2
1787310488067 	 86 	 200 	 2968 	 1
1787310488151 	 17 	 200 	 2968 	 0
1787310488342 	 35 	 200 	 2969 	 0
1787310488658 	 31 	 200 	 2970 	 0
1787310488701 	 13 	 200 	 2971 	 0
1787310488962 	 14 	 200 	 2972 	 0
1787310489760 	 22 	 200 	 2973 	 0
1787310490181 	 41 	 200 	 2974 	 0
1787310490646 	 13 	 200 	 2975 	 0
1787310490717 	 16 	 200 	 2976 	 0
1787310490748 	 15 	 200 	 2977 	 0
1787310491495 	 28 	 200 	 2979 	 1
1787310491501 	 33 	 200 	 2979 	 0
1787310491545 	 15 	 200 	 2983 	 3
1787310491557 	 15 	 200 	 2983 	 2
1787310491549 	 25 	 200 	 2983 	 1
1787310491547 	 27 	 200 	 2983 	 0
1787310491577 	 17 	 200 	 2985 	 1
1787310491589 	 14 	 200 	 2985 	 0
1787310491623 	 13 	 200 	 2987 	 1
1787310491625 	 15 	 200 	 2988 	 1
1787310491638 	 19 	 200 	 2989 	 1
1787310491653 	 17 	 200 	 2991 	 2
1787310491663 	 15 	 200 	 2991 	 1
1787310491662 	 18 	 200 	 2991 	 0
1787310491706 	 14 	 200 	 2993 	 1
1787310491708 	 15 	 200 	 2993 	 0
1787310491744 	 17 	 200 	 2998 	 4
1787310491742 	 19 	 200 	 2998 	 3
1787310491749 	 18 	 200 	 2998 	 2
1787310491752 	 16 	 200 	 2998 	 1
1787310491746 	 22 	 200 	 2998 	 0
1787310491770 	 13 	 200 	 2999 	 0
1787310491789 	 18 	 200 	 3000 	 0
1787310491809 	 19 	 200 	 3005 	 4
1787310491814 	 18 	 200 	 3005 	 3
1787310491823 	 19 	 200 	 3006 	 3
1787310491823 	 21 	 200 	 3006 	 2
1787310491819 	 25 	 200 	 3006 	 1
1787310491836 	 18 	 200 	 3006 	 0
1787310491864 	 18 	 200 	 3010 	 3
1787310491866 	 21 	 200 	 3011 	 3
1787310491873 	 16 	 200 	 3011 	 2
1787310491881 	 14 	 200 	 3011 	 1
1787310491886 	 14 	 200 	 3011 	 0
1787310491903 	 14 	 200 	 3013 	 1
1787310491920 	 15 	 200 	 3018 	 5
1787310491920 	 26 	 200 	 3018 	 4
1787310491917 	 29 	 200 	 3018 	 3
1787310491923 	 39 	 200 	 3019 	 3
1787310491928 	 35 	 200 	 3020 	 3
1787310491957 	 14 	 200 	 3021 	 3
1787310491930 	 42 	 200 	 3021 	 2
1787310491963 	 14 	 200 	 3021 	 1
1787310491970 	 15 	 200 	 3022 	 1
1787310491981 	 13 	 200 	 3022 	 0
1787310491997 	 13 	 200 	 3025 	 2
1787310491998 	 14 	 200 	 3025 	 2
1787310492010 	 18 	 200 	 3026 	 1
1787310492013 	 16 	 200 	 3026 	 0
1787310492046 	 25 	 200 	 3030 	 3
1787310492053 	 22 	 200 	 3031 	 3
1787310492061 	 19 	 200 	 3032 	 3
1787310492066 	 27 	 200 	 3034 	 4
1787310492079 	 17 	 200 	 3034 	 3
1787310492075 	 21 	 200 	 3034 	 2
1787310492084 	 24 	 200 	 3035 	 2
1787310492085 	 25 	 200 	 3035 	 1
1787310492106 	 16 	 200 	 3036 	 1
1787310492124 	 32 	 200 	 3039 	 3
1787310492142 	 14 	 200 	 3039 	 2
1787310492122 	 36 	 200 	 3039 	 1
1787310492130 	 28 	 200 	 3039 	 0
1787310492195 	 15 	 200 	 3040 	 0
1787310492517 	 21 	 200 	 3041 	 0
1787310493252 	 39 	 200 	 3042 	 0
1787310493935 	 16 	 200 	 3043 	 0
1787310494152 	 37 	 200 	 3044 	 0
1787310494458 	 14 	 200 	 3045 	 0
1787310495266 	 31 	 200 	 3046 	 0
1787310495523 	 17 	 200 	 3047 	 0
1787310496378 	 20 	 200 	 3049 	 1
1787310496376 	 37 	 200 	 3050 	 1
1787310496412 	 13 	 200 	 3050 	 0
1787310496431 	 42 	 200 	 3052 	 1
1787310496442 	 36 	 200 	 3053 	 1
1787310496476 	 13 	 200 	 3053 	 0
1787310496500 	 14 	 200 	 3054 	 0
1787310496517 	 15 	 200 	 3056 	 1
1787310496532 	 16 	 200 	 3057 	 1
1787310496534 	 16 	 200 	 3057 	 0
1787310496558 	 19 	 200 	 3059 	 1
1787310496555 	 35 	 200 	 3059 	 0
1787310496620 	 13 	 200 	 3060 	 0
1787310496674 	 14 	 200 	 3061 	 0
1787310496699 	 16 	 200 	 3064 	 2
1787310496701 	 16 	 200 	 3064 	 1
1787310496709 	 14 	 200 	 3064 	 0
1787310496776 	 21 	 200 	 3066 	 1
1787310496784 	 15 	 200 	 3066 	 0
1787310496873 	 20 	 200 	 3068 	 1
1787310496888 	 14 	 200 	 3068 	 0
1787310496915 	 17 	 200 	 3070 	 1
1787310496919 	 17 	 200 	 3070 	 0
1787310496955 	 13 	 200 	 3071 	 0
1787310496994 	 29 	 200 	 3077 	 5
1787310497001 	 32 	 200 	 3078 	 5
1787310496992 	 42 	 200 	 3078 	 4
1787310497028 	 15 	 200 	 3078 	 3
1787310497014 	 79 	 200 	 3080 	 4
1787310497019 	 77 	 200 	 3080 	 3
1787310497008 	 89 	 200 	 3081 	 3
1787310497108 	 20 	 200 	 3085 	 6
1787310497099 	 31 	 200 	 3085 	 5
1787310497059 	 84 	 200 	 3086 	 5
1787310497116 	 78 	 200 	 3087 	 5
1787310497082 	 114 	 200 	 3087 	 4
1787310497140 	 66 	 200 	 3088 	 4
1787310497127 	 84 	 200 	 3088 	 3
1787310497161 	 52 	 200 	 3088 	 2
1787310497124 	 91 	 200 	 3088 	 1
1787310497203 	 17 	 200 	 3088 	 0
1787310497242 	 17 	 200 	 3091 	 2
1787310497255 	 18 	 200 	 3093 	 3
1787310497256 	 19 	 200 	 3093 	 2
1787310497261 	 33 	 200 	 3096 	 4
1787310497279 	 26 	 200 	 3097 	 4
1787310497287 	 27 	 200 	 3097 	 3
1787310497294 	 20 	 200 	 3097 	 2
1787310497273 	 70 	 200 	 3102 	 6
1787310497319 	 54 	 200 	 3104 	 7
1787310497305 	 70 	 200 	 3104 	 6
1787310497324 	 57 	 200 	 3104 	 5
1787310497318 	 66 	 200 	 3104 	 4
1787310497340 	 46 	 200 	 3104 	 3
1787310497358 	 29 	 200 	 3104 	 2
1787310497326 	 67 	 200 	 3105 	 2
1787310497359 	 35 	 200 	 3105 	 1
1787310497392 	 14 	 200 	 3107 	 2
1787310497398 	 18 	 200 	 3107 	 1
1787310497402 	 18 	 200 	 3107 	 0
1787310497422 	 12 	 200 	 3108 	 0
1787310497460 	 12 	 200 	 3109 	 0
1787310497495 	 14 	 200 	 3111 	 1
1787310497494 	 15 	 200 	 3111 	 0
1787310497520 	 16 	 200 	 3114 	 2
1787310497526 	 15 	 200 	 3115 	 2
1787310497531 	 16 	 200 	 3115 	 1
1787310497541 	 13 	 200 	 3115 	 0
1787310497559 	 12 	 200 	 3117 	 1
1787310497591 	 16 	 200 	 3119 	 2
1787310497560 	 48 	 200 	 3119 	 1
1787310497593 	 16 	 200 	 3119 	 0
1787310497648 	 16 	 200 	 3121 	 1
1787310497656 	 13 	 200 	 3121 	 0
1787310497683 	 14 	 200 	 3122 	 0
1787310497898 	 13 	 200 	 3123 	 0
1787310498313 	 16 	 200 	 3124 	 0
1787310498396 	 27 	 200 	 3125 	 0
1787310498491 	 12 	 200 	 3126 	 0
1787310499186 	 17 	 200 	 3127 	 0
1787310499208 	 14 	 200 	 3128 	 0
1787310499238 	 13 	 200 	 3129 	 0
1787310499264 	 16 	 200 	 3132 	 2
1787310499275 	 16 	 200 	 3133 	 2
1787310499277 	 16 	 200 	 3134 	 2
1787310499283 	 16 	 200 	 3135 	 2
1787310499293 	 15 	 200 	 3135 	 1
1787310499296 	 14 	 200 	 3135 	 0
1787310499324 	 15 	 200 	 3136 	 0
1787310499357 	 13 	 200 	 3139 	 2
1787310499356 	 15 	 200 	 3139 	 1
1787310499360 	 14 	 200 	 3139 	 0
1787310499386 	 14 	 200 	 3140 	 0
1787310499414 	 18 	 200 	 3143 	 2
1787310499418 	 15 	 200 	 3143 	 1
1787310499427 	 16 	 200 	 3143 	 0
1787310499465 	 21 	 200 	 3145 	 1
1787310499483 	 12 	 200 	 3146 	 1
1787310499488 	 15 	 200 	 3146 	 0
1787310499514 	 14 	 200 	 3148 	 1
1787310499524 	 13 	 200 	 3148 	 0
1787310499541 	 16 	 200 	 3152 	 3
1787310499539 	 19 	 200 	 3152 	 2
1787310499549 	 16 	 200 	 3154 	 3
1787310499562 	 16 	 200 	 3154 	 2
1787310499542 	 37 	 200 	 3154 	 1
1787310499565 	 16 	 200 	 3154 	 0
1787310499596 	 12 	 200 	 3156 	 1
1787310499609 	 13 	 200 	 3158 	 2
1787310499618 	 17 	 200 	 3158 	 1
1787310499616 	 19 	 200 	 3158 	 0
1787310499652 	 12 	 200 	 3159 	 0
1787310499673 	 15 	 200 	 3160 	 0
1787310499690 	 14 	 200 	 3164 	 3
1787310499695 	 14 	 200 	 3164 	 2
1787310499703 	 15 	 200 	 3165 	 2
1787310499705 	 15 	 200 	 3165 	 1
1787310499718 	 14 	 200 	 3165 	 0
1787310499768 	 12 	 200 	 3166 	 0
1787310499797 	 14 	 200 	 3167 	 0
1787310499813 	 13 	 200 	 3168 	 0
1787310499830 	 15 	 200 	 3172 	 3
1787310499835 	 19 	 200 	 3172 	 2
1787310499843 	 17 	 200 	 3172 	 1
1787310499843 	 21 	 200 	 3173 	 1
1787310499866 	 23 	 200 	 3175 	 2
1787310499888 	 15 	 200 	 3175 	 1
1787310499888 	 16 	 200 	 3175 	 0
1787310499924 	 16 	 200 	 3177 	 1
1787310499940 	 13 	 200 	 3178 	 2
1787310499955 	 14 	 200 	 3180 	 2
1787310499954 	 15 	 200 	 3180 	 1
1787310499958 	 19 	 200 	 3180 	 0
1787310499983 	 12 	 200 	 3182 	 1
1787310499988 	 13 	 200 	 3182 	 0
1787310500039 	 15 	 200 	 3184 	 1
1787310500055 	 15 	 200 	 3186 	 2
1787310500063 	 19 	 200 	 3188 	 3
1787310500070 	 16 	 200 	 3188 	 2
1787310500076 	 18 	 200 	 3189 	 2
1787310500081 	 16 	 200 	 3189 	 1
1787310500090 	 15 	 200 	 3189 	 0
1787310500107 	 20 	 200 	 3190 	 0
1787310500133 	 15 	 200 	 3193 	 2
1787310500141 	 16 	 200 	 3194 	 2
1787310500142 	 17 	 200 	 3194 	 1
1787310500153 	 12 	 200 	 3194 	 0
1787310500170 	 14 	 200 	 3195 	 0
1787310500197 	 13 	 200 	 3197 	 1
1787310500204 	 13 	 200 	 3197 	 0
1787310500220 	 15 	 200 	 3199 	 1
1787310500234 	 17 	 200 	 3202 	 3
1787310500241 	 16 	 200 	 3202 	 2
1787310500242 	 17 	 200 	 3202 	 1
1787310500239 	 23 	 200 	 3202 	 0
1787310500309 	 14 	 200 	 3204 	 1
1787310500324 	 13 	 200 	 3204 	 0
1787310500354 	 29 	 200 	 3207 	 2
1787310500358 	 26 	 200 	 3207 	 1
1787310500377 	 17 	 200 	 3207 	 0
1787310500410 	 13 	 200 	 3210 	 2
1787310500416 	 17 	 200 	 3210 	 1
1787310500418 	 17 	 200 	 3210 	 0
1787310500440 	 15 	 200 	 3211 	 0
1787310500475 	 13 	 200 	 3212 	 0
1787310500499 	 15 	 200 	 3213 	 0
1787310500523 	 15 	 200 	 3215 	 1
1787310500537 	 14 	 200 	 3215 	 0
1787310500553 	 13 	 200 	 3216 	 0
1787310500570 	 14 	 200 	 3217 	 0
1787310500590 	 13 	 200 	 3218 	 0
1787310500606 	 14 	 200 	 3219 	 0
1787310500695 	 13 	 200 	 3222 	 2
1787310500700 	 13 	 200 	 3222 	 1
1787310500708 	 16 	 200 	 3224 	 2
1787310500715 	 15 	 200 	 3224 	 1
1787310500716 	 15 	 200 	 3224 	 0
1787310500734 	 13 	 200 	 3226 	 1
1787310500747 	 13 	 200 	 3227 	 1
1787310500750 	 14 	 200 	 3227 	 0
1787310500770 	 14 	 200 	 3230 	 2
1787310500773 	 16 	 200 	 3230 	 1
1787310500786 	 13 	 200 	 3230 	 0
1787310500808 	 13 	 200 	 3231 	 0
1787310500843 	 14 	 200 	 3232 	 0
1787310500860 	 12 	 200 	 3234 	 1
1787310500871 	 12 	 200 	 3234 	 0
1787310500899 	 13 	 200 	 3235 	 0
1787310500926 	 14 	 200 	 3236 	 0
1787310500962 	 16 	 200 	 3241 	 4
1787310500961 	 19 	 200 	 3241 	 3
1787310500958 	 26 	 200 	 3241 	 2
1787310500969 	 26 	 200 	 3242 	 2
1787310500994 	 22 	 200 	 3243 	 2
1787310501041 	 29 	 200 	 3249 	 7
1787310501018 	 58 	 200 	 3250 	 7
1787310501015 	 65 	 200 	 3250 	 6
1787310501035 	 47 	 200 	 3250 	 5
1787310501049 	 37 	 200 	 3250 	 4
1787310501070 	 21 	 200 	 3250 	 3
1787310501075 	 19 	 200 	 3250 	 2
1787310501105 	 66 	 200 	 3256 	 7
1787310501114 	 63 	 200 	 3256 	 6
1787310501109 	 71 	 200 	 3256 	 5
1787310501099 	 81 	 200 	 3256 	 4
1787310501153 	 30 	 200 	 3257 	 4
1787310501043 	 154 	 200 	 3258 	 4
1787310501183 	 14 	 200 	 3258 	 3
1787310501196 	 69 	 200 	 3260 	 4
1787310501143 	 123 	 200 	 3260 	 3
1787310501239 	 31 	 200 	 3260 	 2
1787310501273 	 18 	 200 	 3262 	 3
1787310501284 	 12 	 200 	 3262 	 2
1787310501327 	 47 	 200 	 3270 	 9
1787310501362 	 18 	 200 	 3270 	 8
1787310501327 	 65 	 200 	 3271 	 8
1787310501370 	 23 	 200 	 3271 	 7
1787310501321 	 72 	 200 	 3271 	 6
1787310501356 	 59 	 200 	 3271 	 5
1787310501382 	 88 	 200 	 3275 	 8
1787310501433 	 40 	 200 	 3275 	 7
1787310501359 	 114 	 200 	 3276 	 7
1787310501240 	 238 	 200 	 3276 	 6
1787310501418 	 65 	 200 	 3276 	 6
1787310501427 	 56 	 200 	 3277 	 5
1787310501452 	 32 	 200 	 3277 	 4
1787310501314 	 185 	 200 	 3278 	 4
1787310501484 	 92 	 200 	 3285 	 10
1787310501517 	 66 	 200 	 3286 	 10
1787310501502 	 80 	 200 	 3286 	 9
1787310501544 	 44 	 200 	 3286 	 8
1787310501517 	 75 	 200 	 3286 	 7
1787310501616 	 58 	 200 	 3291 	 11
1787310501499 	 188 	 200 	 3292 	 11
1787310501474 	 293 	 200 	 3297 	 19
1787310501522 	 247 	 200 	 3298 	 18
1787310501547 	 223 	 200 	 3299 	 17
1787310501568 	 229 	 200 	 3300 	 19
1787310501708 	 87 	 200 	 3301 	 18
1787310501602 	 197 	 200 	 3302 	 17
1787310501600 	 270 	 200 	 3303 	 24
1787310501579 	 295 	 200 	 3304 	 23
1787310501710 	 175 	 200 	 3305 	 23
1787310501631 	 262 	 200 	 3306 	 22
1787310501638 	 264 	 200 	 3307 	 22
1787310501698 	 273 	 200 	 3308 	 21
1787310501696 	 282 	 200 	 3309 	 20
1787310501798 	 194 	 200 	 3310 	 19
1787310501903 	 165 	 200 	 3311 	 18
1787310501872 	 196 	 200 	 3312 	 17
1787310501973 	 98 	 200 	 3313 	 16
1787310501772 	 303 	 200 	 3314 	 15
1787310501894 	 182 	 200 	 3314 	 14
1787310501701 	 380 	 200 	 3314 	 13
1787310501888 	 196 	 200 	 3314 	 12
1787310501773 	 326 	 200 	 3314 	 11
1787310501876 	 289 	 200 	 3314 	 10
1787310501800 	 377 	 200 	 3314 	 9
1787310501798 	 380 	 200 	 3314 	 8
1787310501689 	 493 	 200 	 3314 	 7
1787310501995 	 192 	 200 	 3314 	 6
1787310501769 	 419 	 200 	 3314 	 5
1787310502071 	 145 	 200 	 3314 	 4
1787310502073 	 143 	 200 	 3314 	 3
1787310502071 	 198 	 200 	 3314 	 2
1787310501981 	 302 	 200 	 3314 	 1
1787310500964 	 1359 	 200 	 3314 	 0
1787310502775 	 99 	 200 	 3315 	 0
1787310504935 	 20 	 200 	 3316 	 0
1787310504968 	 24 	 200 	 3319 	 2
1787310504974 	 18 	 200 	 3319 	 1
1787310504977 	 16 	 200 	 3319 	 0
1787310505022 	 14 	 200 	 3320 	 0
1787310505059 	 17 	 200 	 3323 	 2
1787310505067 	 14 	 200 	 3323 	 1
1787310505071 	 16 	 200 	 3323 	 0
1787310505090 	 13 	 200 	 3325 	 1
1787310505093 	 13 	 200 	 3325 	 0
1787310505112 	 12 	 200 	 3326 	 0
1787310505126 	 13 	 200 	 3329 	 2
1787310505129 	 15 	 200 	 3329 	 1
1787310505135 	 14 	 200 	 3329 	 0
1787310505151 	 20 	 200 	 3331 	 1
1787310505152 	 23 	 200 	 3331 	 0
1787310505183 	 13 	 200 	 3333 	 1
1787310505188 	 16 	 200 	 3335 	 2
1787310505199 	 17 	 200 	 3335 	 1
1787310505200 	 18 	 200 	 3335 	 0
1787310505278 	 27 	 200 	 3337 	 1
1787310505295 	 15 	 200 	 3339 	 2
1787310505310 	 14 	 200 	 3339 	 1
1787310505311 	 15 	 200 	 3339 	 0
1787310505328 	 15 	 200 	 3341 	 1
1787310505336 	 14 	 200 	 3342 	 1
1787310505344 	 12 	 200 	 3343 	 1
1787310505355 	 15 	 200 	 3345 	 2
1787310505365 	 17 	 200 	 3345 	 1
1787310505368 	 15 	 200 	 3345 	 0
1787310505385 	 12 	 200 	 3346 	 0
1787310505400 	 14 	 200 	 3348 	 1
1787310505406 	 14 	 200 	 3348 	 0
1787310505422 	 14 	 200 	 3349 	 0
1787310505438 	 14 	 200 	 3351 	 1
1787310505443 	 14 	 200 	 3352 	 1
1787310505457 	 13 	 200 	 3353 	 1
1787310505459 	 15 	 200 	 3353 	 0
1787310505486 	 14 	 200 	 3355 	 1
1787310505487 	 14 	 200 	 3355 	 0
1787310505508 	 28 	 200 	 3363 	 7
1787310505507 	 29 	 200 	 3363 	 6
1787310505515 	 22 	 200 	 3363 	 6
1787310505512 	 31 	 200 	 3364 	 5
1787310505510 	 34 	 200 	 3364 	 4
1787310505519 	 103 	 200 	 3372 	 11
1787310505561 	 106 	 200 	 3373 	 11
1787310505556 	 163 	 200 	 3376 	 13
1787310505572 	 148 	 200 	 3377 	 13
1787310505575 	 145 	 200 	 3377 	 12
1787310505562 	 163 	 200 	 3378 	 12
1787310505523 	 204 	 200 	 3378 	 11
1787310505538 	 194 	 200 	 3378 	 10
1787310505674 	 59 	 200 	 3378 	 10
1787310505626 	 111 	 200 	 3379 	 9
1787310505616 	 125 	 200 	 3379 	 8
1787310505701 	 45 	 200 	 3379 	 7
1787310505534 	 213 	 200 	 3379 	 6
1787310505622 	 124 	 200 	 3379 	 5
1787310505639 	 111 	 200 	 3379 	 4
1787310505718 	 75 	 200 	 3383 	 7
1787310505722 	 72 	 200 	 3383 	 6
1787310505723 	 71 	 200 	 3383 	 5
1787310505752 	 52 	 200 	 3383 	 4
1787310505735 	 87 	 200 	 3383 	 3
1787310505762 	 64 	 200 	 3383 	 2
1787310505758 	 69 	 200 	 3383 	 1
1787310505754 	 75 	 200 	 3384 	 1
1787310505829 	 14 	 200 	 3384 	 0
1787310506080 	 16 	 200 	 3385 	 0
1787310506121 	 13 	 200 	 3386 	 0
1787310506198 	 22 	 200 	 3388 	 1
1787310506214 	 17 	 200 	 3388 	 0
1787310506351 	 13 	 200 	 3389 	 0
1787310506999 	 15 	 200 	 3390 	 0
1787310507149 	 31 	 200 	 3391 	 0
1787310507686 	 21 	 200 	 3394 	 2
1787310507706 	 22 	 200 	 3394 	 1
1787310507707 	 21 	 200 	 3394 	 0
1787310507735 	 13 	 200 	 3395 	 0
1787310507752 	 26 	 200 	 3399 	 3
1787310507761 	 18 	 200 	 3399 	 2
1787310507754 	 25 	 200 	 3399 	 1
1787310507816 	 14 	 200 	 3402 	 3
1787310507784 	 82 	 200 	 3405 	 5
1787310507853 	 26 	 200 	 3405 	 4
1787310507843 	 42 	 200 	 3405 	 3
1787310507846 	 70 	 200 	 3406 	 3
1787310507903 	 22 	 200 	 3406 	 2
1787310507817 	 161 	 200 	 3406 	 1
1787310508097 	 79 	 200 	 3407 	 1
1787310507770 	 445 	 200 	 3407 	 0
1787310508859 	 38 	 200 	 3408 	 0
1787310509503 	 14 	 200 	 3409 	 0
1787310509526 	 13 	 200 	 3411 	 1
1787310509527 	 14 	 200 	 3411 	 0
1787310509545 	 23 	 200 	 3413 	 1
1787310509546 	 26 	 200 	 3413 	 0
1787310509589 	 15 	 200 	 3416 	 2
1787310509592 	 14 	 200 	 3416 	 1
1787310509600 	 14 	 200 	 3417 	 1
1787310509613 	 12 	 200 	 3417 	 0
1787310509637 	 14 	 200 	 3418 	 0
1787310509654 	 13 	 200 	 3421 	 2
1787310509657 	 13 	 200 	 3421 	 1
1787310509665 	 14 	 200 	 3423 	 2
1787310509672 	 16 	 200 	 3423 	 1
1787310509671 	 16 	 200 	 3423 	 0
1787310509689 	 13 	 200 	 3424 	 0
1787310509716 	 17 	 200 	 3425 	 0
1787310509771 	 14 	 200 	 3427 	 1
1787310509813 	 17 	 200 	 3432 	 5
1787310509811 	 21 	 200 	 3433 	 5
1787310509821 	 46 	 200 	 3435 	 6
1787310509826 	 44 	 200 	 3435 	 5
1787310509822 	 54 	 200 	 3435 	 4
1787310509831 	 52 	 200 	 3435 	 3
1787310509850 	 72 	 200 	 3438 	 5
1787310509773 	 157 	 200 	 3438 	 4
1787310509914 	 51 	 200 	 3438 	 3
1787310509889 	 79 	 200 	 3438 	 2
1787310509867 	 109 	 200 	 3439 	 2
1787310509902 	 77 	 200 	 3439 	 1
1787310509971 	 15 	 200 	 3439 	 0
1787310509988 	 16 	 200 	 3441 	 2
1787310509994 	 13 	 200 	 3442 	 1
1787310510006 	 12 	 200 	 3442 	 0
1787310510023 	 13 	 200 	 3444 	 1
1787310510025 	 13 	 200 	 3444 	 0
1787310510041 	 16 	 200 	 3447 	 2
1787310510045 	 13 	 200 	 3447 	 1
1787310510052 	 13 	 200 	 3447 	 0
1787310510069 	 12 	 200 	 3449 	 1
1787310510076 	 12 	 200 	 3449 	 0
1787310510103 	 16 	 200 	 3451 	 1
1787310510115 	 13 	 200 	 3451 	 0
1787310510183 	 18 	 200 	 3455 	 3
1787310510184 	 17 	 200 	 3455 	 2
1787310510198 	 16 	 200 	 3455 	 1
1787310510200 	 14 	 200 	 3455 	 0
1787310510229 	 15 	 200 	 3456 	 0
1787310510257 	 12 	 200 	 3457 	 0
1787310510289 	 14 	 200 	 3460 	 3
1787310510289 	 18 	 200 	 3461 	 2
1787310510299 	 14 	 200 	 3461 	 1
1787310510304 	 19 	 200 	 3461 	 0
1787310510358 	 14 	 200 	 3464 	 2
1787310510356 	 17 	 200 	 3464 	 1
1787310510361 	 14 	 200 	 3464 	 1
1787310510377 	 17 	 200 	 3467 	 2
1787310510384 	 16 	 200 	 3468 	 2
1787310510388 	 15 	 200 	 3468 	 1
1787310510397 	 16 	 200 	 3468 	 0
1787310510421 	 15 	 200 	 3470 	 1
1787310510430 	 15 	 200 	 3470 	 0
1787310510459 	 15 	 200 	 3473 	 2
1787310510468 	 17 	 200 	 3474 	 2
1787310510470 	 25 	 200 	 3474 	 2
1787310510480 	 16 	 200 	 3475 	 1
1787310510498 	 13 	 200 	 3477 	 2
1787310510506 	 14 	 200 	 3480 	 4
1787310510497 	 26 	 200 	 3480 	 3
1787310510519 	 16 	 200 	 3481 	 3
1787310510520 	 19 	 200 	 3481 	 2
1787310510518 	 21 	 200 	 3481 	 1
1787310510534 	 17 	 200 	 3482 	 1
1787310510548 	 14 	 200 	 3483 	 1
1787310510553 	 13 	 200 	 3484 	 1
1787310510564 	 16 	 200 	 3485 	 1
1787310510568 	 14 	 200 	 3485 	 0
1787310510584 	 21 	 200 	 3486 	 0
1787310510630 	 15 	 200 	 3490 	 3
1787310510636 	 14 	 200 	 3491 	 3
1787310510637 	 15 	 200 	 3491 	 2
1787310510641 	 16 	 200 	 3491 	 1
1787310510650 	 15 	 200 	 3492 	 1
1787310510662 	 15 	 200 	 3493 	 1
1787310510678 	 15 	 200 	 3494 	 1
1787310510686 	 13 	 200 	 3494 	 0
1787310510702 	 15 	 200 	 3495 	 0
1787310510721 	 17 	 200 	 3497 	 1
1787310510723 	 15 	 200 	 3497 	 0
1787310510745 	 13 	 200 	 3500 	 2
1787310510748 	 13 	 200 	 3500 	 1
1787310510754 	 14 	 200 	 3500 	 0
1787310510782 	 16 	 200 	 3501 	 0
1787310510832 	 22 	 200 	 3504 	 2
1787310510837 	 22 	 200 	 3504 	 1
1787310510847 	 16 	 200 	 3504 	 0
1787310510866 	 15 	 200 	 3508 	 3
1787310510869 	 14 	 200 	 3508 	 2
1787310510865 	 27 	 200 	 3509 	 2
1787310510871 	 26 	 200 	 3509 	 1
1787310510890 	 15 	 200 	 3509 	 0
1787310510911 	 15 	 200 	 3512 	 2
1787310510910 	 20 	 200 	 3513 	 2
1787310510926 	 16 	 200 	 3513 	 1
1787310510929 	 15 	 200 	 3513 	 0
1787310510969 	 15 	 200 	 3515 	 1
1787310510986 	 16 	 200 	 3516 	 1
1787310510977 	 25 	 200 	 3516 	 0
1787310511009 	 29 	 200 	 3520 	 3
1787310511028 	 16 	 200 	 3520 	 2
1787310511027 	 20 	 200 	 3520 	 1
1787310511037 	 13 	 200 	 3520 	 0
1787310511076 	 33 	 200 	 3522 	 1
1787310511104 	 31 	 200 	 3523 	 1
1787310511117 	 27 	 200 	 3524 	 1
1787310511139 	 17 	 200 	 3525 	 1
1787310511148 	 15 	 200 	 3525 	 1
1787310511164 	 14 	 200 	 3526 	 0
1787310511211 	 17 	 200 	 3529 	 2
1787310511212 	 19 	 200 	 3529 	 1
1787310511224 	 16 	 200 	 3531 	 2
1787310511235 	 15 	 200 	 3531 	 1
1787310511235 	 14 	 200 	 3531 	 0
1787310511277 	 14 	 200 	 3532 	 0
1787310511304 	 14 	 200 	 3534 	 1
1787310511314 	 16 	 200 	 3535 	 1
1787310511325 	 16 	 200 	 3535 	 0
1787310511363 	 13 	 200 	 3537 	 1
1787310511366 	 14 	 200 	 3538 	 1
1787310511379 	 13 	 200 	 3538 	 0
1787310511398 	 15 	 200 	 3541 	 2
1787310511399 	 14 	 200 	 3541 	 1
1787310511408 	 14 	 200 	 3542 	 1
1787310511422 	 12 	 200 	 3542 	 0
1787310511454 	 15 	 200 	 3544 	 1
1787310511464 	 15 	 200 	 3545 	 1
1787310511472 	 15 	 200 	 3545 	 0
1787310511530 	 13 	 200 	 3546 	 0
1787310511567 	 22 	 200 	 3548 	 1
1787310511589 	 15 	 200 	 3549 	 1
1787310511593 	 13 	 200 	 3549 	 0
1787310511643 	 18 	 200 	 3550 	 0
1787310511884 	 27 	 200 	 3551 	 0
1787310511942 	 13 	 200 	 3552 	 0
1787310512154 	 36 	 200 	 3553 	 0
1787310512636 	 13 	 200 	 3554 	 0
1787310513188 	 16 	 200 	 3555 	 0
1787310513330 	 14 	 200 	 3556 	 0
1787310513814 	 36 	 200 	 3557 	 0
1787310514602 	 17 	 200 	 3558 	 0
1787310515100 	 18 	 200 	 3559 	 0
1787310516196 	 14 	 200 	 3560 	 0
1787310516597 	 59 	 200 	 3561 	 0
1787310516687 	 13 	 200 	 3562 	 0
1787310517078 	 30 	 200 	 3563 	 0
1787310517215 	 33 	 200 	 3564 	 0
1787310517385 	 35 	 200 	 3565 	 0
1787310517831 	 17 	 200 	 3566 	 0
1787310519425 	 14 	 200 	 3567 	 0
1787310519844 	 29 	 200 	 3568 	 0
1787310521116 	 27 	 200 	 3569 	 0
1787310521395 	 41 	 200 	 3570 	 0
1787310521869 	 23 	 200 	 3571 	 0
1787310522025 	 37 	 200 	 3572 	 0
1787310522074 	 30 	 200 	 3573 	 0
1787310522248 	 36 	 200 	 3574 	 0
1787310522510 	 17 	 200 	 3575 	 0
1787310522848 	 35 	 200 	 3576 	 0
1787310523288 	 15 	 200 	 3577 	 0
1787310523504 	 15 	 200 	 3578 	 0
1787310524055 	 37 	 200 	 3579 	 0
1787310524792 	 25 	 200 	 3580 	 0
1787310524926 	 13 	 200 	 3581 	 0
1787310525679 	 18 	 200 	 3582 	 0
1787310526339 	 15 	 200 	 3585 	 2
1787310526342 	 14 	 200 	 3585 	 1
1787310526341 	 26 	 200 	 3587 	 2
1787310526358 	 16 	 200 	 3587 	 1
1787310526361 	 18 	 200 	 3587 	 0
1787310526382 	 18 	 200 	 3591 	 3
1787310526385 	 15 	 200 	 3591 	 2
1787310526390 	 17 	 200 	 3591 	 1
1787310526394 	 36 	 200 	 3592 	 1
1787310526422 	 16 	 200 	 3593 	 1
1787310526439 	 14 	 200 	 3594 	 1
1787310526445 	 17 	 200 	 3594 	 0
1787310526466 	 16 	 200 	 3596 	 1
1787310526466 	 17 	 200 	 3596 	 0
1787310526493 	 15 	 200 	 3598 	 1
1787310526491 	 18 	 200 	 3598 	 0
1787310526523 	 16 	 200 	 3599 	 0
1787310526543 	 22 	 200 	 3600 	 0
1787310526573 	 14 	 200 	 3601 	 0
1787310526594 	 16 	 200 	 3604 	 2
1787310526606 	 16 	 200 	 3604 	 1
1787310526610 	 14 	 200 	 3604 	 0
1787310526633 	 12 	 200 	 3605 	 0
1787310526657 	 14 	 200 	 3607 	 1
1787310526662 	 13 	 200 	 3607 	 0
1787310526679 	 17 	 200 	 3608 	 0
1787310526718 	 13 	 200 	 3610 	 1
1787310526725 	 21 	 200 	 3610 	 0
1787310526772 	 32 	 200 	 3611 	 0
1787310526828 	 13 	 200 	 3613 	 1
1787310526834 	 17 	 200 	 3616 	 3
1787310526846 	 19 	 200 	 3617 	 3
1787310526846 	 20 	 200 	 3617 	 2
1787310526850 	 20 	 200 	 3617 	 1
1787310526865 	 20 	 200 	 3617 	 0
1787310526888 	 13 	 200 	 3618 	 0
1787310526918 	 13 	 200 	 3619 	 0
1787310526945 	 12 	 200 	 3620 	 0
1787310526981 	 15 	 200 	 3621 	 0
1787310527000 	 14 	 200 	 3622 	 0
1787310527015 	 13 	 200 	 3623 	 0
1787310527036 	 17 	 200 	 3625 	 1
1787310527048 	 14 	 200 	 3626 	 1
1787310527062 	 12 	 200 	 3626 	 0
1787310527085 	 12 	 200 	 3627 	 0
1787310527140 	 14 	 200 	 3630 	 2
1787310527143 	 12 	 200 	 3630 	 1
1787310527135 	 35 	 200 	 3633 	 3
1787310527160 	 17 	 200 	 3634 	 3
1787310527163 	 15 	 200 	 3634 	 2
1787310527166 	 14 	 200 	 3634 	 1
1787310527177 	 13 	 200 	 3635 	 1
1787310527184 	 14 	 200 	 3636 	 1
1787310527192 	 14 	 200 	 3638 	 2
1787310527204 	 13 	 200 	 3638 	 1
1787310527206 	 14 	 200 	 3639 	 1
1787310527220 	 13 	 200 	 3641 	 2
1787310527224 	 20 	 200 	 3641 	 1
1787310527230 	 24 	 200 	 3644 	 3
1787310527249 	 16 	 200 	 3646 	 4
1787310527251 	 18 	 200 	 3646 	 3
1787310527254 	 16 	 200 	 3646 	 2
1787310527259 	 15 	 200 	 3646 	 1
1787310527260 	 25 	 200 	 3646 	 0
1787310527301 	 14 	 200 	 3648 	 1
1787310527315 	 16 	 200 	 3649 	 1
1787310527331 	 13 	 200 	 3650 	 1
1787310527341 	 13 	 200 	 3651 	 1
1787310527354 	 13 	 200 	 3652 	 1
1787310527361 	 14 	 200 	 3652 	 0
1787310527384 	 18 	 200 	 3657 	 4
1787310527390 	 18 	 200 	 3658 	 4
1787310527393 	 24 	 200 	 3659 	 4
1787310527397 	 22 	 200 	 3659 	 3
1787310527396 	 25 	 200 	 3659 	 2
1787310527408 	 16 	 200 	 3659 	 1
1787310527416 	 16 	 200 	 3661 	 3
1787310527428 	 15 	 200 	 3664 	 4
1787310527433 	 61 	 200 	 3668 	 7
1787310527429 	 65 	 200 	 3668 	 6
1787310527436 	 59 	 200 	 3668 	 5
1787310527442 	 52 	 200 	 3668 	 4
1787310527453 	 56 	 200 	 3668 	 3
1787310527449 	 61 	 200 	 3668 	 2
1787310527485 	 28 	 200 	 3668 	 1
1787310527474 	 39 	 200 	 3668 	 0
1787310527570 	 33 	 200 	 3670 	 1
1787310527597 	 14 	 200 	 3670 	 0
1787310527656 	 14 	 200 	 3672 	 1
1787310527657 	 15 	 200 	 3672 	 0
1787310527673 	 16 	 200 	 3674 	 1
1787310527682 	 14 	 200 	 3674 	 0
1787310527717 	 17 	 200 	 3676 	 1
1787310527731 	 14 	 200 	 3677 	 1
1787310527746 	 12 	 200 	 3677 	 0
1787310527817 	 17 	 200 	 3680 	 2
1787310527811 	 23 	 200 	 3680 	 1
1787310527794 	 41 	 200 	 3680 	 0
1787310527854 	 12 	 200 	 3681 	 0
1787310528049 	 38 	 200 	 3682 	 0
1787310528360 	 18 	 200 	 3683 	 0
1787310528493 	 13 	 200 	 3684 	 0
1787310529462 	 18 	 200 	 3685 	 0
1787310530153 	 29 	 200 	 3686 	 0
1787310530340 	 18 	 200 	 3687 	 0
1787310530990 	 14 	 200 	 3688 	 0
1787310531226 	 35 	 200 	 3690 	 1
1787310531244 	 25 	 200 	 3690 	 0
1787310532158 	 26 	 200 	 3691 	 0
1787310532243 	 32 	 200 	 3692 	 0
1787310532532 	 15 	 200 	 3693 	 0
1787310533717 	 14 	 200 	 3694 	 0
1787310533789 	 13 	 200 	 3695 	 0
1787310535042 	 38 	 200 	 3696 	 0
1787310535350 	 36 	 200 	 3699 	 2
1787310535353 	 35 	 200 	 3699 	 1
1787310535380 	 17 	 200 	 3699 	 0
1787310535824 	 21 	 200 	 3700 	 0
1787310536418 	 20 	 200 	 3701 	 0
1787310537219 	 15 	 200 	 3702 	 0
1787310537440 	 24 	 200 	 3703 	 0
1787310537484 	 15 	 200 	 3704 	 0
1787310537792 	 14 	 200 	 3705 	 0
1787310538278 	 37 	 200 	 3706 	 0
1787310539789 	 15 	 200 	 3708 	 1
1787310539774 	 36 	 200 	 3708 	 0
1787310539831 	 19 	 200 	 3709 	 0
1787310539852 	 13 	 200 	 3712 	 2
1787310539854 	 14 	 200 	 3713 	 2
1787310539869 	 15 	 200 	 3715 	 3
1787310539871 	 15 	 200 	 3715 	 2
1787310539872 	 17 	 200 	 3715 	 1
1787310539895 	 13 	 200 	 3717 	 2
1787310539908 	 17 	 200 	 3719 	 3
1787310539920 	 64 	 200 	 3725 	 8
1787310539929 	 57 	 200 	 3725 	 7
1787310539936 	 82 	 200 	 3728 	 9
1787310539960 	 59 	 200 	 3728 	 8
1787310539924 	 143 	 200 	 3730 	 9
1787310539961 	 114 	 200 	 3732 	 10
1787310539988 	 94 	 200 	 3732 	 9
1787310540018 	 64 	 200 	 3732 	 8
1787310540004 	 79 	 200 	 3732 	 7
1787310540039 	 44 	 200 	 3732 	 6
1787310539951 	 215 	 200 	 3738 	 11
1787310540070 	 100 	 200 	 3738 	 10
1787310540073 	 99 	 200 	 3738 	 10
1787310540111 	 74 	 200 	 3740 	 10
1787310540052 	 168 	 200 	 3744 	 13
1787310540113 	 110 	 200 	 3744 	 12
1787310540136 	 131 	 200 	 3747 	 14
1787310540141 	 129 	 200 	 3747 	 13
1787310540143 	 128 	 200 	 3747 	 12
1787310539977 	 305 	 200 	 3747 	 11
1787310540181 	 138 	 200 	 3749 	 12
1787310540164 	 158 	 200 	 3749 	 11
1787310540197 	 173 	 200 	 3751 	 12
1787310540206 	 167 	 200 	 3751 	 11
1787310540218 	 158 	 200 	 3751 	 10
1787310540174 	 210 	 200 	 3751 	 9
1787310540220 	 172 	 200 	 3752 	 9
1787310540368 	 109 	 200 	 3756 	 12
1787310540263 	 232 	 200 	 3759 	 14
1787310540228 	 292 	 200 	 3761 	 15
1787310540312 	 259 	 200 	 3762 	 16
1787310540331 	 251 	 200 	 3763 	 15
1787310540314 	 283 	 200 	 3764 	 15
1787310540392 	 278 	 200 	 3765 	 21
1787310540503 	 172 	 200 	 3766 	 20
1787310540463 	 215 	 200 	 3767 	 19
1787310540572 	 110 	 200 	 3768 	 18
1787310540475 	 212 	 200 	 3769 	 17
1787310540419 	 325 	 200 	 3770 	 20
1787310540492 	 253 	 200 	 3771 	 19
1787310540514 	 257 	 200 	 3772 	 19
1787310540411 	 381 	 200 	 3773 	 19
1787310540487 	 305 	 200 	 3774 	 18
1787310540585 	 290 	 200 	 3775 	 18
1787310540678 	 200 	 200 	 3776 	 17
1787310540683 	 281 	 200 	 3777 	 26
1787310540558 	 413 	 200 	 3778 	 25
1787310540620 	 358 	 200 	 3779 	 24
1787310540672 	 310 	 200 	 3780 	 25
1787310540747 	 235 	 200 	 3781 	 24
1787310540746 	 334 	 200 	 3782 	 30
1787310540490 	 627 	 200 	 3783 	 35
1787310540686 	 480 	 200 	 3784 	 37
1787310540878 	 291 	 200 	 3785 	 36
1787310540794 	 388 	 200 	 3786 	 37
1787310540882 	 303 	 200 	 3787 	 36
1787310540794 	 422 	 200 	 3788 	 36
1787310540774 	 442 	 200 	 3789 	 35
1787310540689 	 528 	 200 	 3790 	 34
1787310540967 	 306 	 200 	 3791 	 39
1787310540980 	 335 	 200 	 3792 	 40
1787310540985 	 386 	 200 	 3793 	 43
1787310541171 	 207 	 200 	 3794 	 42
1787310540972 	 491 	 200 	 3795 	 50
1787310541184 	 284 	 200 	 3796 	 50
1787310541081 	 397 	 200 	 3797 	 49
1787310540987 	 499 	 200 	 3798 	 49
1787310541317 	 173 	 200 	 3799 	 48
1787310541220 	 324 	 200 	 3800 	 48
1787310541187 	 360 	 200 	 3801 	 47
1787310541468 	 115 	 200 	 3802 	 46
1787310541373 	 210 	 200 	 3803 	 45
1787310541169 	 417 	 200 	 3804 	 44
1787310540251 	 1342 	 200 	 3805 	 43
1787310541381 	 215 	 200 	 3806 	 43
1787310541274 	 370 	 200 	 3807 	 46
1787310541119 	 528 	 200 	 3808 	 45
1787310541219 	 463 	 200 	 3809 	 46
1787310541476 	 220 	 200 	 3810 	 47
1787310541488 	 228 	 200 	 3811 	 48
1787310541491 	 274 	 200 	 3812 	 49
1787310541584 	 184 	 200 	 3813 	 48
1787310541585 	 189 	 200 	 3814 	 48
1787310541481 	 311 	 200 	 3815 	 48
1787310541587 	 281 	 200 	 3816 	 52
1787310541718 	 159 	 200 	 3817 	 51
1787310541698 	 185 	 200 	 3818 	 51
1787310541545 	 373 	 200 	 3819 	 51
1787310541549 	 369 	 200 	 3820 	 50
1787310541595 	 373 	 200 	 3821 	 51
1787310541598 	 373 	 200 	 3822 	 50
1787310541217 	 761 	 200 	 3823 	 50
1787310541646 	 372 	 200 	 3824 	 56
1787310541776 	 287 	 200 	 3825 	 58
1787310541923 	 153 	 200 	 3826 	 59
1787310541770 	 312 	 200 	 3827 	 58
1787310541878 	 200 	 200 	 3828 	 57
1787310541795 	 280 	 200 	 3829 	 56
1787310541648 	 440 	 200 	 3830 	 55
1787310541921 	 223 	 200 	 3831 	 56
1787310541684 	 481 	 200 	 3832 	 57
1787310541975 	 204 	 200 	 3833 	 56
1787310541970 	 247 	 200 	 3834 	 57
1787310541871 	 396 	 200 	 3835 	 61
1787310541885 	 395 	 200 	 3836 	 61
1787310542090 	 196 	 200 	 3837 	 60
1787310541980 	 306 	 200 	 3838 	 59
1787310542019 	 305 	 200 	 3839 	 61
1787310541767 	 598 	 200 	 3840 	 61
1787310542069 	 300 	 200 	 3841 	 61
1787310542092 	 326 	 200 	 3842 	 63
1787310542087 	 332 	 200 	 3843 	 62
1787310542079 	 392 	 200 	 3844 	 69
1787310542084 	 400 	 200 	 3845 	 70
1787310542167 	 320 	 200 	 3846 	 69
1787310542181 	 338 	 200 	 3847 	 71
1787310542270 	 300 	 200 	 3848 	 74
1787310542219 	 356 	 200 	 3849 	 74
1787310542146 	 435 	 200 	 3850 	 74
1787310542284 	 301 	 200 	 3851 	 73
1787310542327 	 290 	 200 	 3852 	 75
1787310542421 	 244 	 200 	 3853 	 82
1787310542367 	 299 	 200 	 3854 	 81
1787310542578 	 187 	 200 	 3855 	 85
1787310542587 	 178 	 200 	 3856 	 84
1787310542423 	 364 	 200 	 3857 	 84
1787310542667 	 149 	 200 	 3858 	 84
1787310542372 	 444 	 200 	 3859 	 83
1787310542289 	 576 	 200 	 3860 	 82
1787310542488 	 379 	 200 	 3861 	 81
1787310542572 	 300 	 200 	 3862 	 80
1787310542768 	 111 	 200 	 3863 	 79
1787310542522 	 363 	 200 	 3864 	 78
1787310542789 	 104 	 200 	 3865 	 77
1787310542619 	 279 	 200 	 3866 	 76
1787310542819 	 127 	 200 	 3867 	 75
1787310542476 	 491 	 200 	 3868 	 74
1787310542288 	 677 	 200 	 3869 	 73
1787310542767 	 203 	 200 	 3870 	 72
1787310542490 	 487 	 200 	 3871 	 71
1787310542896 	 99 	 200 	 3872 	 70
1787310542583 	 414 	 200 	 3873 	 69
1787310542667 	 348 	 200 	 3874 	 68
1787310542886 	 130 	 200 	 3875 	 67
1787310542980 	 91 	 200 	 3876 	 67
1787310542880 	 192 	 200 	 3877 	 66
1787310542874 	 203 	 200 	 3878 	 65
1787310542947 	 147 	 200 	 3879 	 64
1787310542998 	 97 	 200 	 3880 	 63
1787310542817 	 361 	 200 	 3881 	 62
1787310542869 	 349 	 200 	 3882 	 61
1787310542900 	 366 	 200 	 3883 	 60
1787310542867 	 401 	 200 	 3884 	 59
1787310543072 	 195 	 200 	 3885 	 58
1787310543018 	 251 	 200 	 3886 	 57
1787310539863 	 3426 	 200 	 3887 	 56
1787310542970 	 372 	 200 	 3888 	 55
1787310543018 	 325 	 200 	 3889 	 54
1787310543080 	 264 	 200 	 3890 	 53
1787310543098 	 246 	 200 	 3891 	 52
1787310543076 	 271 	 200 	 3892 	 51
1787310543096 	 318 	 200 	 3893 	 50
1787310543271 	 199 	 200 	 3894 	 49
1787310543180 	 303 	 200 	 3895 	 48
1787310543347 	 140 	 200 	 3896 	 47
1787310542999 	 521 	 200 	 3897 	 46
1787310543272 	 295 	 200 	 3898 	 45
1787310543417 	 159 	 200 	 3899 	 44
1787310542971 	 609 	 200 	 3900 	 43
1787310543270 	 315 	 200 	 3901 	 42
1787310543268 	 397 	 200 	 3902 	 41
1787310543471 	 198 	 200 	 3903 	 40
1787310543349 	 324 	 200 	 3904 	 39
1787310543489 	 229 	 200 	 3905 	 38
1787310543577 	 188 	 200 	 3906 	 37
1787310543344 	 425 	 200 	 3907 	 36
1787310543346 	 436 	 200 	 3908 	 35
1787310543674 	 111 	 200 	 3909 	 34
1787310543586 	 205 	 200 	 3910 	 33
1787310543569 	 226 	 200 	 3911 	 32
1787310543486 	 310 	 200 	 3912 	 31
1787310543220 	 645 	 200 	 3913 	 30
1787310543290 	 576 	 200 	 3914 	 29
1787310543346 	 527 	 200 	 3915 	 28
1787310543582 	 295 	 200 	 3916 	 27
1787310543720 	 224 	 200 	 3917 	 26
1787310543793 	 154 	 200 	 3918 	 25
1787310543798 	 149 	 200 	 3919 	 24
1787310543800 	 147 	 200 	 3920 	 23
1787310543769 	 179 	 200 	 3921 	 22
1787310543771 	 198 	 200 	 3922 	 21
1787310543788 	 183 	 200 	 3923 	 20
1787310543949 	 42 	 200 	 3924 	 19
1787310543784 	 209 	 200 	 3925 	 18
1787310543867 	 178 	 200 	 3926 	 17
1787310543950 	 101 	 200 	 3927 	 16
1787310543868 	 228 	 200 	 3928 	 15
1787310543951 	 149 	 200 	 3928 	 14
1787310543997 	 171 	 200 	 3928 	 13
1787310543945 	 235 	 200 	 3928 	 12
1787310543951 	 232 	 200 	 3928 	 11
1787310543521 	 745 	 200 	 3928 	 10
1787310543875 	 393 	 200 	 3928 	 9
1787310544052 	 217 	 200 	 3928 	 8
1787310543667 	 613 	 200 	 3928 	 7
1787310542973 	 1308 	 200 	 3928 	 6
1787310543670 	 611 	 200 	 3928 	 5
1787310543880 	 401 	 200 	 3928 	 4
1787310543996 	 286 	 200 	 3928 	 3
1787310544046 	 330 	 200 	 3928 	 2
1787310543970 	 409 	 200 	 3928 	 1
1787310543974 	 407 	 200 	 3928 	 0
1787310545016 	 35 	 200 	 3931 	 2
1787310545018 	 38 	 200 	 3932 	 2
1787310545044 	 21 	 200 	 3932 	 1
1787310545058 	 17 	 200 	 3932 	 0
1787310545081 	 14 	 200 	 3933 	 0
1787310545107 	 12 	 200 	 3935 	 1
1787310545110 	 20 	 200 	 3936 	 1
1787310545126 	 17 	 200 	 3937 	 1
1787310545131 	 15 	 200 	 3937 	 0
1787310545150 	 14 	 200 	 3939 	 2
1787310545156 	 14 	 200 	 3940 	 1
1787310545165 	 13 	 200 	 3941 	 1
1787310545183 	 13 	 200 	 3945 	 4
1787310545179 	 24 	 200 	 3945 	 3
1787310545190 	 15 	 200 	 3945 	 2
1787310545192 	 16 	 200 	 3945 	 1
1787310545195 	 15 	 200 	 3945 	 0
1787310545225 	 13 	 200 	 3947 	 1
1787310545236 	 15 	 200 	 3950 	 3
1787310545243 	 22 	 200 	 3951 	 3
1787310545247 	 23 	 200 	 3951 	 2
1787310545246 	 24 	 200 	 3952 	 2
1787310545257 	 14 	 200 	 3953 	 2
1787310545272 	 14 	 200 	 3953 	 1
1787310545271 	 15 	 200 	 3953 	 0
1787310545295 	 16 	 200 	 3956 	 2
1787310545307 	 16 	 200 	 3958 	 3
1787310545305 	 23 	 200 	 3958 	 2
1787310545317 	 13 	 200 	 3958 	 1
1787310545319 	 17 	 200 	 3959 	 1
1787310545333 	 20 	 200 	 3959 	 0
1787310545359 	 16 	 200 	 3960 	 0
1787310545393 	 14 	 200 	 3961 	 0
1787310545416 	 16 	 200 	 3963 	 1
1787310545432 	 12 	 200 	 3964 	 1
1787310545443 	 14 	 200 	 3966 	 2
1787310545450 	 14 	 200 	 3968 	 3
1787310545450 	 16 	 200 	 3968 	 2
1787310545462 	 18 	 200 	 3968 	 1
1787310545465 	 17 	 200 	 3968 	 0
1787310545490 	 13 	 200 	 3969 	 0
1787310545513 	 14 	 200 	 3971 	 1
1787310545520 	 14 	 200 	 3972 	 1
1787310545534 	 16 	 200 	 3972 	 0
1787310545554 	 13 	 200 	 3973 	 0
1787310545575 	 15 	 200 	 3974 	 0
1787310545595 	 14 	 200 	 3978 	 3
1787310545593 	 22 	 200 	 3979 	 3
1787310545597 	 20 	 200 	 3979 	 2
1787310545607 	 16 	 200 	 3979 	 1
1787310545611 	 14 	 200 	 3979 	 0
1787310545640 	 15 	 200 	 3981 	 1
1787310545645 	 13 	 200 	 3981 	 0
1787310545677 	 24 	 200 	 3984 	 2
1787310545684 	 18 	 200 	 3984 	 1
1787310545688 	 15 	 200 	 3984 	 0
1787310545706 	 12 	 200 	 3985 	 0
1787310545729 	 13 	 200 	 3987 	 1
1787310545742 	 16 	 200 	 3989 	 2
1787310545744 	 16 	 200 	 3990 	 2
1787310545744 	 21 	 200 	 3990 	 1
1787310545760 	 14 	 200 	 3990 	 0
1787310545778 	 14 	 200 	 3994 	 3
1787310545783 	 15 	 200 	 3994 	 2
1787310545790 	 16 	 200 	 3994 	 1
1787310545794 	 14 	 200 	 3994 	 0
1787310545809 	 14 	 200 	 3996 	 1
1787310545813 	 12 	 200 	 3996 	 0
1787310545842 	 14 	 200 	 3999 	 2
1787310545850 	 13 	 200 	 4000 	 2
1787310545857 	 15 	 200 	 4000 	 1
1787310545862 	 14 	 200 	 4000 	 0
1787310545879 	 18 	 200 	 4001 	 0
1787310545900 	 16 	 200 	 4003 	 1
1787310545908 	 15 	 200 	 4003 	 0
1787310545931 	 13 	 200 	 4005 	 1
1787310545941 	 17 	 200 	 4006 	 1
1787310545948 	 13 	 200 	 4007 	 1
1787310545960 	 17 	 200 	 4010 	 3
1787310545964 	 17 	 200 	 4010 	 2
1787310545970 	 16 	 200 	 4010 	 1
1787310545976 	 23 	 200 	 4011 	 1
1787310545995 	 15 	 200 	 4011 	 0
1787310546014 	 14 	 200 	 4012 	 0
1787310546043 	 16 	 200 	 4014 	 1
1787310546060 	 15 	 200 	 4014 	 0
1787310546080 	 14 	 200 	 4016 	 1
1787310546089 	 12 	 200 	 4016 	 0
1787310546107 	 13 	 200 	 4020 	 3
1787310546113 	 19 	 200 	 4021 	 3
1787310546122 	 17 	 200 	 4021 	 2
1787310546110 	 29 	 200 	 4021 	 2
1787310546127 	 14 	 200 	 4022 	 1
1787310546140 	 16 	 200 	 4022 	 1
1787310546157 	 18 	 200 	 4023 	 0
1787310546178 	 13 	 200 	 4025 	 1
1787310546176 	 19 	 200 	 4025 	 0
1787310546232 	 25 	 200 	 4029 	 3
1787310546229 	 30 	 200 	 4029 	 2
1787310546235 	 27 	 200 	 4029 	 1
1787310546228 	 34 	 200 	 4029 	 0
1787310546271 	 23 	 200 	 4036 	 6
1787310546280 	 18 	 200 	 4036 	 5
1787310546286 	 50 	 200 	 4036 	 4
1787310546281 	 57 	 200 	 4036 	 3
1787310546285 	 53 	 200 	 4036 	 2
1787310546294 	 51 	 200 	 4036 	 1
1787310546286 	 59 	 200 	 4036 	 0
1787310546356 	 14 	 200 	 4038 	 1
1787310546370 	 12 	 200 	 4039 	 1
1787310546381 	 14 	 200 	 4039 	 0
1787310546400 	 14 	 200 	 4041 	 1
1787310546414 	 14 	 200 	 4041 	 0
1787310546457 	 12 	 200 	 4042 	 0
1787310546483 	 13 	 200 	 4043 	 0
1787310546499 	 17 	 200 	 4046 	 2
1787310546507 	 16 	 200 	 4046 	 1
1787310546511 	 13 	 200 	 4046 	 0
1787310546527 	 19 	 200 	 4047 	 0
1787310546551 	 20 	 200 	 4051 	 3
1787310546556 	 19 	 200 	 4051 	 2
1787310546557 	 19 	 200 	 4051 	 1
1787310546570 	 18 	 200 	 4055 	 4
1787310546581 	 24 	 200 	 4058 	 6
1787310546585 	 23 	 200 	 4058 	 5
1787310546590 	 21 	 200 	 4058 	 4
1787310546588 	 25 	 200 	 4058 	 3
1787310546595 	 22 	 200 	 4058 	 2
1787310546593 	 23 	 200 	 4058 	 1
1787310546593 	 34 	 200 	 4058 	 0
1787310546682 	 20 	 200 	 4059 	 0
1787310546704 	 16 	 200 	 4062 	 2
1787310546711 	 15 	 200 	 4062 	 1
1787310546718 	 17 	 200 	 4063 	 1
1787310546731 	 13 	 200 	 4064 	 1
1787310546742 	 14 	 200 	 4064 	 0
1787310546762 	 14 	 200 	 4068 	 3
1787310546765 	 14 	 200 	 4068 	 2
1787310546763 	 21 	 200 	 4068 	 1
1787310546770 	 15 	 200 	 4068 	 0
1787310546796 	 13 	 200 	 4069 	 0
1787310546833 	 15 	 200 	 4071 	 1
1787310546840 	 14 	 200 	 4071 	 0
1787310546889 	 12 	 200 	 4073 	 1
1787310546894 	 12 	 200 	 4073 	 0
1787310546908 	 14 	 200 	 4075 	 1
1787310546912 	 13 	 200 	 4075 	 0
1787310546951 	 23 	 200 	 4078 	 2
1787310546964 	 27 	 200 	 4082 	 5
1787310546978 	 18 	 200 	 4082 	 4
1787310546977 	 21 	 200 	 4082 	 3
1787310546969 	 29 	 200 	 4082 	 2
1787310546979 	 21 	 200 	 4082 	 1
1787310546985 	 17 	 200 	 4082 	 0
1787310547029 	 13 	 200 	 4083 	 0
1787310547053 	 29 	 200 	 4084 	 0
1787310547100 	 14 	 200 	 4085 	 0
1787310547131 	 12 	 200 	 4086 	 0
1787310547157 	 13 	 200 	 4088 	 1
1787310547169 	 13 	 200 	 4088 	 0
1787310547187 	 13 	 200 	 4089 	 0
1787310547239 	 31 	 200 	 4091 	 1
1787310547250 	 32 	 200 	 4092 	 1
1787310547272 	 15 	 200 	 4092 	 0
1787310547294 	 17 	 200 	 4093 	 0
1787310547343 	 13 	 200 	 4095 	 1
1787310547352 	 21 	 200 	 4096 	 2
1787310547361 	 13 	 200 	 4097 	 1
1787310547376 	 15 	 200 	 4100 	 3
1787310547375 	 22 	 200 	 4101 	 3
1787310547376 	 23 	 200 	 4101 	 2
1787310547378 	 25 	 200 	 4101 	 1
1787310547393 	 18 	 200 	 4101 	 0
1787310547470 	 14 	 200 	 4102 	 0
1787310547487 	 14 	 200 	 4105 	 2
1787310547491 	 14 	 200 	 4105 	 1
1787310547496 	 13 	 200 	 4105 	 0
1787310547544 	 15 	 200 	 4108 	 2
1787310547555 	 14 	 200 	 4108 	 1
1787310547554 	 19 	 200 	 4108 	 0
1787310547603 	 14 	 200 	 4112 	 3
1787310547585 	 52 	 200 	 4114 	 4
1787310547587 	 51 	 200 	 4114 	 3
1787310547581 	 59 	 200 	 4114 	 2
1787310547629 	 16 	 200 	 4114 	 1
1787310547630 	 17 	 200 	 4114 	 0
1787310547671 	 17 	 200 	 4117 	 2
1787310547680 	 14 	 200 	 4117 	 1
1787310547687 	 15 	 200 	 4117 	 0
1787310547725 	 15 	 200 	 4119 	 1
1787310547721 	 19 	 200 	 4119 	 0
1787310547769 	 13 	 200 	 4120 	 0
1787310547787 	 13 	 200 	 4121 	 0
1787310547823 	 15 	 200 	 4124 	 2
1787310547833 	 19 	 200 	 4124 	 1
1787310547836 	 33 	 200 	 4125 	 1
1787310547856 	 14 	 200 	 4125 	 0
1787310547887 	 20 	 200 	 4129 	 3
1787310547894 	 14 	 200 	 4129 	 2
1787310547891 	 31 	 200 	 4132 	 4
1787310547915 	 22 	 200 	 4132 	 3
1787310547913 	 25 	 200 	 4132 	 2
1787310547955 	 15 	 200 	 4133 	 2
1787310547972 	 48 	 200 	 4136 	 4
1787310547988 	 34 	 200 	 4136 	 3
1787310548003 	 24 	 200 	 4137 	 3
1787310548024 	 18 	 200 	 4139 	 4
1787310547917 	 153 	 200 	 4141 	 5
1787310548046 	 72 	 200 	 4142 	 5
1787310548037 	 83 	 200 	 4142 	 4
1787310548062 	 73 	 200 	 4142 	 3
1787310548135 	 12 	 200 	 4143 	 3
1787310548036 	 179 	 200 	 4146 	 5
1787310548072 	 149 	 200 	 4146 	 4
1787310548169 	 54 	 200 	 4146 	 3
1787310548200 	 26 	 200 	 4146 	 2
1787310548210 	 22 	 200 	 4146 	 1
1787310547898 	 380 	 200 	 4147 	 1
1787310548273 	 17 	 200 	 4147 	 0
1787310548309 	 15 	 200 	 4150 	 2
1787310548314 	 15 	 200 	 4152 	 3
1787310548317 	 14 	 200 	 4152 	 2
1787310548331 	 14 	 200 	 4152 	 1
1787310548330 	 17 	 200 	 4152 	 0
1787310548355 	 28 	 200 	 4155 	 2
1787310548365 	 19 	 200 	 4155 	 1
1787310548387 	 16 	 200 	 4157 	 2
1787310548377 	 29 	 200 	 4157 	 1
1787310548395 	 17 	 200 	 4158 	 1
1787310548412 	 13 	 200 	 4159 	 1
1787310548415 	 15 	 200 	 4159 	 0
1787310548471 	 12 	 200 	 4160 	 0
1787310548489 	 14 	 200 	 4162 	 1
1787310548498 	 16 	 200 	 4162 	 0
1787310548517 	 16 	 200 	 4165 	 3
1787310548520 	 12 	 200 	 4166 	 2
1787310548516 	 25 	 200 	 4167 	 2
1787310548534 	 14 	 200 	 4167 	 1
1787310548539 	 19 	 200 	 4169 	 2
1787310548553 	 13 	 200 	 4169 	 1
1787310548558 	 13 	 200 	 4170 	 1
1787310548569 	 20 	 200 	 4172 	 2
1787310548573 	 17 	 200 	 4172 	 1
1787310548584 	 13 	 200 	 4173 	 1
1787310548597 	 20 	 200 	 4176 	 3
1787310548604 	 19 	 200 	 4176 	 2
1787310548614 	 15 	 200 	 4176 	 1
1787310548619 	 18 	 200 	 4177 	 1
1787310548636 	 14 	 200 	 4178 	 1
1787310548643 	 13 	 200 	 4178 	 0
1787310548673 	 17 	 200 	 4182 	 3
1787310548677 	 15 	 200 	 4182 	 2
1787310548680 	 20 	 200 	 4185 	 4
1787310548682 	 19 	 200 	 4185 	 3
1787310548695 	 21 	 200 	 4187 	 4
1787310548700 	 23 	 200 	 4188 	 4
1787310548705 	 22 	 200 	 4190 	 5
1787310548718 	 16 	 200 	 4190 	 4
1787310548725 	 63 	 200 	 4192 	 5
1787310548709 	 85 	 200 	 4192 	 4
1787310548727 	 89 	 200 	 4195 	 6
1787310548803 	 19 	 200 	 4195 	 5
1787310548778 	 50 	 200 	 4195 	 4
1787310548805 	 62 	 200 	 4195 	 3
1787310548816 	 71 	 200 	 4195 	 2
1787310548700 	 193 	 200 	 4195 	 1
1787310548776 	 117 	 200 	 4195 	 0
1787310548897 	 16 	 200 	 4196 	 0
1787310548926 	 13 	 200 	 4198 	 1
1787310548937 	 14 	 200 	 4198 	 0
1787310548956 	 13 	 200 	 4199 	 0
1787310548979 	 14 	 200 	 4201 	 1
1787310548984 	 13 	 200 	 4202 	 1
1787310548996 	 14 	 200 	 4203 	 1
1787310549009 	 13 	 200 	 4204 	 1
1787310549017 	 14 	 200 	 4204 	 0
1787310549035 	 12 	 200 	 4206 	 1
1787310549035 	 20 	 200 	 4206 	 0
1787310549061 	 14 	 200 	 4207 	 0
1787310549458 	 14 	 200 	 4208 	 0
1787310549697 	 15 	 200 	 4209 	 0
1787310549860 	 23 	 200 	 4210 	 0
1787310550039 	 37 	 200 	 4211 	 0
1787310550368 	 13 	 200 	 4212 	 0
1787310551444 	 27 	 200 	 4213 	 0
1787310551562 	 18 	 200 	 4215 	 1
1787310551570 	 25 	 200 	 4215 	 0
1787310551621 	 17 	 200 	 4216 	 0
1787310552430 	 16 	 200 	 4219 	 2
1787310552433 	 18 	 200 	 4219 	 1
1787310552446 	 13 	 200 	 4219 	 0
1787310552461 	 19 	 200 	 4221 	 1
1787310552464 	 19 	 200 	 4221 	 0
1787310552487 	 21 	 200 	 4223 	 1
1787310552494 	 16 	 200 	 4224 	 1
1787310552509 	 14 	 200 	 4225 	 1
1787310552520 	 14 	 200 	 4225 	 0
1787310552540 	 12 	 200 	 4226 	 0
1787310552574 	 16 	 200 	 4229 	 2
1787310552581 	 16 	 200 	 4229 	 1
1787310552586 	 24 	 200 	 4232 	 3
1787310552601 	 13 	 200 	 4232 	 2
1787310552606 	 15 	 200 	 4232 	 1
1787310552603 	 19 	 200 	 4232 	 0
1787310552631 	 22 	 200 	 4235 	 2
1787310552637 	 19 	 200 	 4235 	 1
1787310552652 	 14 	 200 	 4236 	 1
1787310552664 	 14 	 200 	 4236 	 0
1787310552693 	 16 	 200 	 4241 	 4
1787310552694 	 17 	 200 	 4242 	 4
1787310552697 	 24 	 200 	 4243 	 4
1787310552700 	 26 	 200 	 4243 	 3
1787310552706 	 21 	 200 	 4243 	 2
1787310552732 	 13 	 200 	 4246 	 4
1787310552711 	 38 	 200 	 4246 	 3
1787310552716 	 38 	 200 	 4246 	 2
1787310552736 	 19 	 200 	 4246 	 1
1787310552745 	 15 	 200 	 4246 	 0
1787310552775 	 34 	 200 	 4249 	 2
1787310552782 	 29 	 200 	 4249 	 1
1787310552795 	 20 	 200 	 4249 	 0
1787310552845 	 17 	 200 	 4253 	 3
1787310552853 	 15 	 200 	 4253 	 2
1787310552856 	 16 	 200 	 4253 	 1
1787310552857 	 17 	 200 	 4253 	 0
1787310552876 	 15 	 200 	 4254 	 0
1787310552893 	 12 	 200 	 4255 	 0
1787310552935 	 20 	 200 	 4258 	 2
1787310552953 	 17 	 200 	 4261 	 4
1787310552957 	 19 	 200 	 4261 	 3
1787310552954 	 24 	 200 	 4261 	 2
1787310552959 	 19 	 200 	 4261 	 1
1787310552960 	 20 	 200 	 4261 	 0
1787310552991 	 13 	 200 	 4264 	 2
1787310553003 	 16 	 200 	 4265 	 2
1787310553004 	 17 	 200 	 4265 	 1
1787310553011 	 14 	 200 	 4265 	 0
1787310553039 	 16 	 200 	 4269 	 3
1787310553033 	 24 	 200 	 4270 	 3
1787310553034 	 26 	 200 	 4270 	 2
1787310553041 	 23 	 200 	 4270 	 1
1787310553057 	 15 	 200 	 4270 	 0
1787310553090 	 14 	 200 	 4273 	 3
1787310553095 	 15 	 200 	 4274 	 2
1787310553100 	 14 	 200 	 4274 	 1
1787310553105 	 16 	 200 	 4276 	 2
1787310553122 	 15 	 200 	 4276 	 1
1787310553119 	 19 	 200 	 4276 	 0
1787310553149 	 13 	 200 	 4278 	 1
1787310553149 	 17 	 200 	 4279 	 1
1787310553166 	 15 	 200 	 4279 	 0
1787310553195 	 13 	 200 	 4281 	 1
1787310553201 	 15 	 200 	 4282 	 1
1787310553211 	 22 	 200 	 4282 	 0
1787310553266 	 27 	 200 	 4286 	 3
1787310553278 	 17 	 200 	 4286 	 2
1787310553283 	 16 	 200 	 4286 	 1
1787310553291 	 16 	 200 	 4286 	 0
1787310553344 	 14 	 200 	 4287 	 0
1787310553362 	 14 	 200 	 4289 	 1
1787310553365 	 15 	 200 	 4290 	 1
1787310553378 	 16 	 200 	 4291 	 1
1787310553393 	 14 	 200 	 4291 	 0
1787310553408 	 12 	 200 	 4292 	 1
1787310553421 	 12 	 200 	 4294 	 1
1787310553447 	 12 	 200 	 4297 	 3
1787310553453 	 14 	 200 	 4297 	 2
1787310553432 	 42 	 200 	 4298 	 2
1787310553459 	 19 	 200 	 4298 	 1
1787310553471 	 18 	 200 	 4298 	 0
1787310553495 	 14 	 200 	 4300 	 1
1787310553504 	 20 	 200 	 4304 	 4
1787310553511 	 19 	 200 	 4304 	 3
1787310553515 	 19 	 200 	 4304 	 2
1787310553521 	 17 	 200 	 4304 	 1
1787310553521 	 17 	 200 	 4304 	 0
1787310553546 	 13 	 200 	 4305 	 0
1787310553574 	 15 	 200 	 4307 	 3
1787310553581 	 24 	 200 	 4309 	 2
1787310553590 	 17 	 200 	 4309 	 1
1787310553590 	 18 	 200 	 4309 	 0
1787310553629 	 13 	 200 	 4310 	 0
1787310553673 	 23 	 200 	 4315 	 4
1787310553682 	 19 	 200 	 4317 	 5
1787310553683 	 23 	 200 	 4318 	 5
1787310553691 	 17 	 200 	 4318 	 4
1787310553696 	 20 	 200 	 4319 	 4
1787310553700 	 20 	 200 	 4319 	 3
1787310553700 	 21 	 200 	 4319 	 2
1787310553707 	 14 	 200 	 4319 	 1
1787310553715 	 14 	 200 	 4320 	 1
1787310553728 	 18 	 200 	 4322 	 2
1787310553735 	 13 	 200 	 4322 	 1
1787310553738 	 22 	 200 	 4323 	 1
1787310553758 	 38 	 200 	 4328 	 5
1787310553765 	 31 	 200 	 4328 	 4
1787310553785 	 24 	 200 	 4328 	 3
1787310553789 	 21 	 200 	 4328 	 2
1787310553777 	 34 	 200 	 4329 	 2
1787310553772 	 41 	 200 	 4329 	 1
1787310553811 	 17 	 200 	 4329 	 0
1787310553847 	 15 	 200 	 4330 	 0
1787310553872 	 15 	 200 	 4331 	 0
1787310553889 	 19 	 200 	 4333 	 1
1787310553894 	 15 	 200 	 4333 	 0
1787310553915 	 27 	 200 	 4335 	 1
1787310553939 	 15 	 200 	 4336 	 1
1787310553947 	 18 	 200 	 4336 	 0
1787310553976 	 16 	 200 	 4339 	 2
1787310553979 	 16 	 200 	 4339 	 1
1787310553984 	 16 	 200 	 4340 	 1
1787310553999 	 13 	 200 	 4340 	 0
1787310554014 	 12 	 200 	 4342 	 1
1787310554019 	 13 	 200 	 4342 	 0
1787310554033 	 14 	 200 	 4346 	 3
1787310554037 	 22 	 200 	 4350 	 6
1787310554036 	 29 	 200 	 4350 	 5
1787310554059 	 16 	 200 	 4351 	 5
1787310554058 	 22 	 200 	 4351 	 4
1787310554037 	 55 	 200 	 4351 	 3
1787310554049 	 45 	 200 	 4351 	 2
1787310554060 	 35 	 200 	 4351 	 1
1787310554097 	 29 	 200 	 4357 	 6
1787310554103 	 24 	 200 	 4357 	 5
1787310554077 	 59 	 200 	 4357 	 4
1787310554113 	 30 	 200 	 4357 	 3
1787310554101 	 43 	 200 	 4357 	 2
1787310554120 	 24 	 200 	 4357 	 1
1787310554125 	 41 	 200 	 4358 	 1
1787310554149 	 22 	 200 	 4358 	 0
1787310554242 	 42 	 200 	 4362 	 3
1787310554252 	 32 	 200 	 4362 	 2
1787310554275 	 17 	 200 	 4362 	 1
1787310554281 	 15 	 200 	 4362 	 0
1787310554309 	 15 	 200 	 4363 	 0
1787310554354 	 16 	 200 	 4365 	 1
1787310554355 	 15 	 200 	 4365 	 0
1787310554378 	 17 	 200 	 4369 	 3
1787310554379 	 17 	 200 	 4369 	 2
1787310554388 	 15 	 200 	 4369 	 1
1787310554391 	 15 	 200 	 4369 	 0
1787310554419 	 16 	 200 	 4370 	 0
1787310554445 	 13 	 200 	 4371 	 0
1787310554471 	 15 	 200 	 4373 	 1
1787310554473 	 14 	 200 	 4373 	 0
1787310554495 	 14 	 200 	 4375 	 1
1787310554499 	 17 	 200 	 4375 	 0
1787310554521 	 13 	 200 	 4377 	 1
1787310554530 	 12 	 200 	 4377 	 0
1787310554551 	 14 	 200 	 4380 	 2
1787310554550 	 18 	 200 	 4380 	 1
1787310554560 	 14 	 200 	 4380 	 0
1787310554582 	 14 	 200 	 4382 	 1
1787310554593 	 25 	 200 	 4382 	 0
1787310554653 	 14 	 200 	 4384 	 1
1787310554663 	 13 	 200 	 4384 	 0
1787310554680 	 14 	 200 	 4387 	 2
1787310554692 	 19 	 200 	 4389 	 3
1787310554686 	 26 	 200 	 4389 	 2
1787310554707 	 18 	 200 	 4389 	 1
1787310554707 	 21 	 200 	 4389 	 0
1787310554749 	 22 	 200 	 4392 	 2
1787310554760 	 17 	 200 	 4392 	 1
1787310554764 	 16 	 200 	 4393 	 1
1787310554779 	 19 	 200 	 4394 	 1
1787310554783 	 17 	 200 	 4394 	 0
1787310554816 	 14 	 200 	 4395 	 0
1787310554845 	 23 	 200 	 4399 	 3
1787310554851 	 20 	 200 	 4400 	 3
1787310554849 	 22 	 200 	 4400 	 2
1787310554866 	 20 	 200 	 4403 	 4
1787310554879 	 15 	 200 	 4403 	 3
1787310554872 	 23 	 200 	 4403 	 2
1787310554875 	 22 	 200 	 4403 	 1
1787310554881 	 19 	 200 	 4403 	 0
1787310554905 	 13 	 200 	 4406 	 2
1787310554905 	 15 	 200 	 4406 	 1
1787310554906 	 50 	 200 	 4409 	 3
1787310554938 	 20 	 200 	 4409 	 2
1787310554928 	 33 	 200 	 4411 	 3
1787310554952 	 15 	 200 	 4413 	 4
1787310554960 	 18 	 200 	 4413 	 3
1787310554959 	 22 	 200 	 4414 	 3
1787310554963 	 18 	 200 	 4414 	 2
1787310554964 	 29 	 200 	 4414 	 1
1787310554979 	 26 	 200 	 4414 	 0
1787310555019 	 13 	 200 	 4415 	 0
1787310555106 	 13 	 200 	 4416 	 0
1787310555120 	 14 	 200 	 4418 	 1
1787310555121 	 17 	 200 	 4419 	 1
1787310555137 	 17 	 200 	 4419 	 0
1787310555155 	 11 	 200 	 4420 	 0
1787310555178 	 14 	 200 	 4423 	 2
1787310555180 	 15 	 200 	 4423 	 1
1787310555184 	 16 	 200 	 4423 	 0
1787310555244 	 13 	 200 	 4424 	 0
1787310555268 	 15 	 200 	 4425 	 0
1787310555289 	 13 	 200 	 4426 	 0
1787310555322 	 14 	 200 	 4429 	 2
1787310555313 	 26 	 200 	 4429 	 1
1787310555325 	 17 	 200 	 4429 	 0
1787310555343 	 18 	 200 	 4432 	 2
1787310555350 	 28 	 200 	 4432 	 1
1787310555352 	 32 	 200 	 4432 	 0
1787310555386 	 14 	 200 	 4434 	 1
1787310555396 	 13 	 200 	 4435 	 2
1787310555405 	 16 	 200 	 4436 	 1
1787310555410 	 14 	 200 	 4436 	 0
1787310555431 	 15 	 200 	 4440 	 3
1787310555428 	 21 	 200 	 4440 	 2
1787310555434 	 17 	 200 	 4440 	 1
1787310555440 	 15 	 200 	 4440 	 0
1787310555460 	 14 	 200 	 4442 	 1
1787310555465 	 14 	 200 	 4442 	 0
1787310555492 	 14 	 200 	 4443 	 0
1787310555529 	 20 	 200 	 4447 	 3
1787310555541 	 23 	 200 	 4451 	 6
1787310555544 	 23 	 200 	 4451 	 5
1787310555542 	 27 	 200 	 4451 	 4
1787310555550 	 20 	 200 	 4451 	 3
1787310555554 	 16 	 200 	 4451 	 2
1787310555561 	 35 	 200 	 4455 	 5
1787310555562 	 38 	 200 	 4455 	 4
1787310555583 	 18 	 200 	 4455 	 3
1787310555576 	 29 	 200 	 4455 	 2
1787310555587 	 29 	 200 	 4456 	 2
1787310555587 	 56 	 200 	 4458 	 3
1787310555643 	 25 	 200 	 4459 	 3
1787310555616 	 53 	 200 	 4459 	 2
1787310555638 	 35 	 200 	 4459 	 1
1787310555662 	 14 	 200 	 4459 	 0
1787310555678 	 13 	 200 	 4461 	 1
1787310555689 	 15 	 200 	 4462 	 1
1787310555697 	 15 	 200 	 4463 	 1
1787310555708 	 18 	 200 	 4464 	 1
1787310555718 	 13 	 200 	 4465 	 1
1787310555730 	 12 	 200 	 4465 	 0
1787310555744 	 21 	 200 	 4467 	 1
1787310555750 	 17 	 200 	 4469 	 2
1787310555766 	 25 	 200 	 4471 	 3
1787310555767 	 27 	 200 	 4471 	 2
1787310555780 	 15 	 200 	 4471 	 1
1787310555779 	 18 	 200 	 4471 	 0
1787310555807 	 18 	 200 	 4473 	 1
1787310555809 	 18 	 200 	 4473 	 0
1787310555840 	 16 	 200 	 4477 	 3
1787310555843 	 17 	 200 	 4477 	 2
1787310555853 	 20 	 200 	 4478 	 2
1787310555855 	 20 	 200 	 4478 	 1
1787310555867 	 15 	 200 	 4478 	 0
1787310555894 	 17 	 200 	 4480 	 1
1787310555911 	 14 	 200 	 4481 	 1
1787310555922 	 14 	 200 	 4481 	 0
1787310555940 	 13 	 200 	 4484 	 2
1787310555944 	 16 	 200 	 4484 	 1
1787310555951 	 14 	 200 	 4485 	 2
1787310555965 	 16 	 200 	 4486 	 1
1787310555966 	 15 	 200 	 4486 	 0
1787310556006 	 13 	 200 	 4488 	 2
1787310556010 	 13 	 200 	 4489 	 1
1787310556020 	 15 	 200 	 4489 	 0
1787310556055 	 23 	 200 	 4492 	 2
1787310556053 	 25 	 200 	 4492 	 2
1787310556078 	 19 	 200 	 4494 	 2
1787310556080 	 18 	 200 	 4494 	 1
1787310556092 	 14 	 200 	 4494 	 0
1787310556141 	 76 	 200 	 4503 	 8
1787310556198 	 71 	 200 	 4504 	 8
1787310556197 	 75 	 200 	 4504 	 7
1787310556199 	 78 	 200 	 4504 	 6
1787310556205 	 79 	 200 	 4504 	 5
1787310556297 	 27 	 200 	 4507 	 7
1787310556298 	 26 	 200 	 4507 	 6
1787310556167 	 206 	 200 	 4513 	 11
1787310556343 	 31 	 200 	 4513 	 10
1787310556317 	 104 	 200 	 4518 	 14
1787310556193 	 273 	 200 	 4520 	 15
1787310556386 	 90 	 200 	 4520 	 15
1787310556362 	 156 	 200 	 4522 	 19
1787310556418 	 101 	 200 	 4523 	 18
1787310556332 	 190 	 200 	 4524 	 17
1787310556477 	 55 	 200 	 4525 	 16
1787310556365 	 203 	 200 	 4526 	 15
1787310556519 	 58 	 200 	 4526 	 14
1787310556533 	 82 	 200 	 4528 	 17
1787310556396 	 225 	 200 	 4529 	 16
1787310556248 	 375 	 200 	 4530 	 15
1787310556427 	 200 	 200 	 4530 	 14
1787310556594 	 75 	 200 	 4530 	 13
1787310556443 	 228 	 200 	 4530 	 12
1787310556521 	 197 	 200 	 4533 	 14
1787310556347 	 377 	 200 	 4534 	 14
1787310556617 	 107 	 200 	 4534 	 13
1787310556523 	 201 	 200 	 4534 	 12
1787310556603 	 122 	 200 	 4534 	 11
1787310556687 	 80 	 200 	 4537 	 13
1787310556700 	 123 	 200 	 4540 	 15
1787310556693 	 180 	 200 	 4541 	 16
1787310556721 	 155 	 200 	 4542 	 15
1787310556730 	 188 	 200 	 4543 	 17
1787310556840 	 79 	 200 	 4544 	 16
1787310556478 	 443 	 200 	 4545 	 15
1787310556893 	 28 	 200 	 4545 	 14
1787310556411 	 565 	 200 	 4546 	 14
1787310556623 	 452 	 200 	 4548 	 16
1787310556929 	 191 	 200 	 4549 	 19
1787310556990 	 178 	 200 	 4550 	 21
1787310556749 	 420 	 200 	 4551 	 20
1787310556329 	 848 	 200 	 4552 	 19
1787310556763 	 416 	 200 	 4553 	 18
1787310556776 	 406 	 200 	 4554 	 19
1787310556801 	 422 	 200 	 4555 	 20
1787310556920 	 345 	 200 	 4556 	 25
1787310556920 	 354 	 200 	 4557 	 24
1787310556780 	 498 	 200 	 4558 	 23
1787310556875 	 405 	 200 	 4559 	 24
1787310556133 	 1211 	 200 	 4560 	 26
1787310557178 	 246 	 200 	 4561 	 30
1787310557122 	 303 	 200 	 4562 	 29
1787310557174 	 291 	 200 	 4563 	 30
1787310557076 	 439 	 200 	 4564 	 31
1787310557225 	 295 	 200 	 4565 	 30
1787310557171 	 353 	 200 	 4566 	 30
1787310557181 	 384 	 200 	 4567 	 34
1787310557184 	 385 	 200 	 4568 	 33
1787310557276 	 298 	 200 	 4569 	 32
1787310557280 	 299 	 200 	 4570 	 31
1787310557427 	 153 	 200 	 4571 	 30
1787310557004 	 622 	 200 	 4572 	 33
1787310557429 	 241 	 200 	 4573 	 33
1787310557283 	 386 	 200 	 4574 	 32
1787310557526 	 154 	 200 	 4575 	 31
1787310557583 	 98 	 200 	 4576 	 30
1787310557266 	 419 	 200 	 4577 	 29
1787310557467 	 251 	 200 	 4578 	 31
1787310557585 	 157 	 200 	 4579 	 32
1787310557567 	 177 	 200 	 4580 	 32
1787310557522 	 224 	 200 	 4581 	 31
1787310557672 	 122 	 200 	 4582 	 38
1787310557518 	 278 	 200 	 4583 	 37
1787310557675 	 119 	 200 	 4584 	 36
1787310557689 	 109 	 200 	 4585 	 35
1787310557683 	 183 	 200 	 4586 	 44
1787310557346 	 572 	 200 	 4587 	 48
1787310557719 	 206 	 200 	 4588 	 49
1787310557686 	 289 	 200 	 4589 	 53
1787310557747 	 272 	 200 	 4590 	 56
1787310557744 	 328 	 200 	 4591 	 57
1787310557868 	 208 	 200 	 4592 	 58
1787310557926 	 154 	 200 	 4593 	 57
1787310557627 	 449 	 200 	 4594 	 56
1787310557801 	 283 	 200 	 4595 	 55
1787310557798 	 326 	 200 	 4596 	 58
1787310557745 	 421 	 200 	 4597 	 60
1787310558020 	 151 	 200 	 4598 	 59
1787310557577 	 602 	 200 	 4599 	 58
1787310557801 	 379 	 200 	 4600 	 57
1787310557978 	 260 	 200 	 4601 	 58
1787310558080 	 163 	 200 	 4602 	 57
1787310557800 	 464 	 200 	 4603 	 56
1787310558087 	 180 	 200 	 4604 	 55
1787310558082 	 207 	 200 	 4605 	 56
1787310557920 	 401 	 200 	 4606 	 59
1787310558085 	 280 	 200 	 4607 	 60
1787310558173 	 192 	 200 	 4608 	 59
1787310558126 	 256 	 200 	 4609 	 61
1787310558240 	 149 	 200 	 4610 	 60
1787310558073 	 320 	 200 	 4611 	 59
1787310558291 	 152 	 200 	 4612 	 59
1787310558269 	 198 	 200 	 4613 	 58
1787310558185 	 284 	 200 	 4614 	 58
1787310558244 	 225 	 200 	 4615 	 57
1787310558167 	 353 	 200 	 4616 	 57
1787310557572 	 1001 	 200 	 4617 	 65
1787310558267 	 306 	 200 	 4618 	 64
1787310558384 	 194 	 200 	 4619 	 63
1787310558397 	 183 	 200 	 4620 	 63
1787310558445 	 177 	 200 	 4621 	 66
1787310558368 	 255 	 200 	 4622 	 65
1787310558368 	 271 	 200 	 4623 	 66
1787310558470 	 252 	 200 	 4624 	 73
1787310558585 	 182 	 200 	 4625 	 76
1787310558391 	 432 	 200 	 4626 	 79
1787310558468 	 356 	 200 	 4627 	 78
1787310558582 	 285 	 200 	 4628 	 80
1787310558770 	 102 	 200 	 4629 	 80
1787310558644 	 232 	 200 	 4630 	 79
1787310558471 	 446 	 200 	 4631 	 78
1787310558574 	 342 	 200 	 4632 	 77
1787310558574 	 345 	 200 	 4633 	 76
1787310558726 	 201 	 200 	 4634 	 75
1787310558323 	 644 	 200 	 4635 	 78
1787310558521 	 455 	 200 	 4636 	 78
1787310558825 	 191 	 200 	 4637 	 80
1787310558827 	 195 	 200 	 4638 	 79
1787310558919 	 104 	 200 	 4639 	 78
1787310558627 	 441 	 200 	 4640 	 78
1787310558624 	 450 	 200 	 4641 	 77
1787310558928 	 148 	 200 	 4642 	 76
1787310558870 	 251 	 200 	 4643 	 75
1787310558874 	 250 	 200 	 4644 	 74
1787310558918 	 210 	 200 	 4645 	 73
1787310558923 	 244 	 200 	 4646 	 75
1787310558878 	 295 	 200 	 4647 	 75
1787310559018 	 258 	 200 	 4648 	 80
1787310559024 	 298 	 200 	 4649 	 81
1787310559025 	 297 	 200 	 4650 	 80
1787310559081 	 288 	 200 	 4651 	 80
1787310556148 	 3227 	 200 	 4652 	 79
1787310559077 	 342 	 200 	 4653 	 84
1787310559069 	 358 	 200 	 4654 	 83
1787310559376 	 51 	 200 	 4655 	 82
1787310559126 	 350 	 200 	 4656 	 85
1787310559325 	 194 	 200 	 4657 	 84
1787310559422 	 101 	 200 	 4658 	 83
1787310559371 	 196 	 200 	 4659 	 88
1787310559431 	 139 	 200 	 4660 	 87
1787310559478 	 90 	 200 	 4661 	 86
1787310559327 	 242 	 200 	 4662 	 85
1787310558968 	 607 	 200 	 4663 	 84
1787310558979 	 602 	 200 	 4664 	 83
1787310559123 	 520 	 200 	 4665 	 83
1787310559525 	 119 	 200 	 4666 	 82
1787310559175 	 470 	 200 	 4667 	 81
1787310559521 	 125 	 200 	 4668 	 80
1787310559277 	 394 	 200 	 4669 	 81
1787310559648 	 30 	 200 	 4670 	 83
1787310559577 	 144 	 200 	 4671 	 84
1787310559572 	 192 	 200 	 4672 	 85
1787310559680 	 88 	 200 	 4673 	 85
1787310559571 	 201 	 200 	 4674 	 84
1787310559646 	 128 	 200 	 4675 	 83
1787310559648 	 134 	 200 	 4676 	 84
1787310559169 	 676 	 200 	 4677 	 83
1787310559724 	 143 	 200 	 4678 	 83
1787310559569 	 310 	 200 	 4679 	 82
1787310559780 	 102 	 200 	 4680 	 81
1787310559432 	 489 	 200 	 4681 	 82
1787310559582 	 385 	 200 	 4682 	 82
1787310559645 	 328 	 200 	 4683 	 81
1787310559673 	 307 	 200 	 4684 	 80
1787310559881 	 134 	 200 	 4685 	 82
1787310559767 	 256 	 200 	 4686 	 81
1787310559769 	 296 	 200 	 4687 	 83
1787310559847 	 222 	 200 	 4688 	 82
1787310559784 	 283 	 200 	 4689 	 81
1787310559974 	 96 	 200 	 4690 	 80
1787310560017 	 56 	 200 	 4691 	 79
1787310560076 	 96 	 200 	 4692 	 81
1787310560071 	 105 	 200 	 4693 	 81
1787310559776 	 400 	 200 	 4694 	 80
1787310560073 	 130 	 200 	 4695 	 82
1787310559867 	 352 	 200 	 4696 	 81
1787310560069 	 177 	 200 	 4697 	 81
1787310560070 	 213 	 200 	 4698 	 81
1787310560173 	 194 	 200 	 4699 	 86
1787310560179 	 195 	 200 	 4700 	 85
1787310560247 	 128 	 200 	 4701 	 84
1787310559970 	 447 	 200 	 4702 	 88
1787310559885 	 537 	 200 	 4703 	 88
1787310560285 	 139 	 200 	 4704 	 87
1787310560204 	 221 	 200 	 4705 	 86
1787310560221 	 206 	 200 	 4706 	 86
1787310559573 	 920 	 200 	 4707 	 89
1787310560370 	 124 	 200 	 4708 	 88
1787310560420 	 97 	 200 	 4709 	 89
1787310560378 	 141 	 200 	 4710 	 88
1787310560430 	 136 	 200 	 4711 	 92
1787310560494 	 77 	 200 	 4712 	 91
1787310559922 	 649 	 200 	 4713 	 90
1787310560431 	 148 	 200 	 4714 	 89
1787310560427 	 238 	 200 	 4715 	 93
1787310560496 	 175 	 200 	 4716 	 92
1787310560520 	 158 	 200 	 4717 	 92
1787310560574 	 106 	 200 	 4718 	 91
1787310559982 	 711 	 200 	 4719 	 90
1787310560580 	 162 	 200 	 4720 	 90
1787310560572 	 171 	 200 	 4721 	 89
1787310560024 	 747 	 200 	 4722 	 88
1787310560179 	 597 	 200 	 4723 	 87
1787310560679 	 99 	 200 	 4724 	 86
1787310560672 	 110 	 200 	 4725 	 85
1787310560745 	 40 	 200 	 4726 	 84
1787310560772 	 72 	 200 	 4727 	 83
1787310560745 	 124 	 200 	 4728 	 82
1787310560683 	 187 	 200 	 4729 	 81
1787310560695 	 173 	 200 	 4730 	 80
1787310560521 	 395 	 200 	 4731 	 79
1787310560781 	 137 	 200 	 4732 	 78
1787310560784 	 159 	 200 	 4733 	 77
1787310560787 	 157 	 200 	 4734 	 76
1787310560872 	 110 	 200 	 4735 	 75
1787310560871 	 122 	 200 	 4736 	 74
1787310560430 	 589 	 200 	 4737 	 73
1787310560918 	 156 	 200 	 4738 	 72
1787310560380 	 735 	 200 	 4739 	 71
1787310560946 	 167 	 200 	 4740 	 70
1787310560920 	 203 	 200 	 4741 	 69
1787310560947 	 178 	 200 	 4742 	 68
1787310561075 	 52 	 200 	 4743 	 67
1787310560994 	 172 	 200 	 4744 	 66
1787310560984 	 182 	 200 	 4745 	 65
1787310561118 	 56 	 200 	 4746 	 64
1787310561127 	 51 	 200 	 4747 	 63
1787310561119 	 74 	 200 	 4748 	 62
1787310560577 	 619 	 200 	 4749 	 61
1787310561168 	 77 	 200 	 4750 	 60
1787310561176 	 142 	 200 	 4751 	 59
1787310561167 	 151 	 200 	 4752 	 58
1787310560875 	 449 	 200 	 4753 	 57
1787310561195 	 136 	 200 	 4754 	 56
1787310561198 	 167 	 200 	 4755 	 55
1787310560789 	 577 	 200 	 4756 	 54
1787310561246 	 150 	 200 	 4757 	 53
1787310561320 	 101 	 200 	 4758 	 52
1787310561326 	 96 	 200 	 4759 	 51
1787310561333 	 134 	 200 	 4760 	 50
1787310561368 	 100 	 200 	 4761 	 49
1787310561319 	 153 	 200 	 4762 	 48
1787310561370 	 149 	 200 	 4763 	 47
1787310561423 	 193 	 200 	 4764 	 46
1787310561424 	 201 	 200 	 4765 	 45
1787310561470 	 159 	 200 	 4766 	 44
1787310561520 	 146 	 200 	 4767 	 43
1787310559130 	 2598 	 200 	 4768 	 42
1787310561470 	 297 	 200 	 4769 	 42
1787310561630 	 144 	 200 	 4770 	 41
1787310561476 	 303 	 200 	 4771 	 40
1787310561180 	 644 	 200 	 4772 	 39
1787310561667 	 209 	 200 	 4773 	 38
1787310560845 	 1035 	 200 	 4774 	 37
1787310561626 	 257 	 200 	 4775 	 36
1787310561617 	 299 	 200 	 4776 	 35
1787310561782 	 190 	 200 	 4777 	 34
1787310561768 	 207 	 200 	 4778 	 33
1787310561398 	 583 	 200 	 4779 	 32
1787310561776 	 203 	 200 	 4780 	 31
1787310561129 	 935 	 200 	 4781 	 30
1787310561984 	 90 	 200 	 4782 	 29
1787310561979 	 97 	 200 	 4783 	 28
1787310561023 	 1093 	 200 	 4784 	 27
1787310561918 	 254 	 200 	 4785 	 26
1787310561124 	 1091 	 200 	 4786 	 25
1787310562078 	 142 	 200 	 4787 	 24
1787310562075 	 147 	 200 	 4788 	 23
1787310562117 	 110 	 200 	 4789 	 22
1787310561730 	 538 	 200 	 4790 	 21
1787310561878 	 393 	 200 	 4791 	 20
1787310561975 	 309 	 200 	 4792 	 19
1787310561882 	 443 	 200 	 4793 	 18
1787310562224 	 144 	 200 	 4794 	 17
1787310562226 	 148 	 200 	 4795 	 16
1787310562287 	 89 	 200 	 4796 	 15
1787310562376 	 105 	 200 	 4796 	 14
1787310562369 	 148 	 200 	 4796 	 13
1787310562067 	 451 	 200 	 4796 	 12
1787310561983 	 535 	 200 	 4796 	 11
1787310561826 	 695 	 200 	 4796 	 10
1787310562173 	 391 	 200 	 4796 	 9
1787310562270 	 355 	 200 	 4796 	 8
1787310562217 	 466 	 200 	 4796 	 7
1787310556394 	 6327 	 200 	 4796 	 6
1787310562229 	 549 	 200 	 4796 	 5
1787310562327 	 644 	 200 	 4796 	 4
1787310562274 	 745 	 200 	 4796 	 3
1787310558183 	 4902 	 200 	 4796 	 2
1787310563448 	 22 	 200 	 4797 	 2
1787310560667 	 2816 	 200 	 4797 	 1
1787310561886 	 1660 	 200 	 4797 	 0
1787310564254 	 14 	 200 	 4798 	 0
1787310564523 	 14 	 200 	 4799 	 0
1787310564680 	 14 	 200 	 4800 	 0
1787310564925 	 29 	 200 	 4801 	 0
1787310565038 	 47 	 200 	 4802 	 0
1787310565246 	 14 	 200 	 4803 	 0
1787310565263 	 13 	 200 	 4804 	 0
1787310565795 	 37 	 200 	 4805 	 0
1787310565986 	 16 	 200 	 4806 	 0
1787310566136 	 14 	 200 	 4807 	 0
1787310566514 	 20 	 200 	 4809 	 1
1787310566528 	 15 	 200 	 4810 	 1
1787310566539 	 12 	 200 	 4810 	 0
1787310566570 	 16 	 200 	 4811 	 0
1787310566594 	 12 	 200 	 4813 	 1
1787310566605 	 18 	 200 	 4814 	 1
1787310566614 	 12 	 200 	 4814 	 0
1787310566640 	 14 	 200 	 4816 	 1
1787310566641 	 14 	 200 	 4816 	 0
1787310566723 	 34 	 200 	 4819 	 2
1787310566741 	 24 	 200 	 4820 	 2
1787310566734 	 31 	 200 	 4820 	 1
1787310566761 	 14 	 200 	 4821 	 1
1787310566784 	 17 	 200 	 4824 	 3
1787310566774 	 26 	 200 	 4824 	 2
1787310566800 	 18 	 200 	 4827 	 4
1787310566799 	 24 	 200 	 4827 	 3
1787310566805 	 19 	 200 	 4827 	 2
1787310566813 	 21 	 200 	 4827 	 1
1787310566818 	 18 	 200 	 4827 	 0
1787310566845 	 14 	 200 	 4829 	 1
1787310566854 	 15 	 200 	 4830 	 1
1787310566862 	 15 	 200 	 4832 	 2
1787310566877 	 18 	 200 	 4834 	 3
1787310566877 	 18 	 200 	 4834 	 2
1787310566888 	 15 	 200 	 4834 	 1
1787310566891 	 26 	 200 	 4835 	 1
1787310566917 	 13 	 200 	 4836 	 1
1787310566926 	 15 	 200 	 4836 	 0
1787310566945 	 14 	 200 	 4838 	 1
1787310566947 	 14 	 200 	 4838 	 0
1787310566970 	 14 	 200 	 4839 	 0
1787310567011 	 16 	 200 	 4840 	 0
1787310567029 	 15 	 200 	 4843 	 2
1787310567032 	 16 	 200 	 4844 	 2
1787310567040 	 17 	 200 	 4845 	 2
1787310567049 	 15 	 200 	 4845 	 2
1787310567051 	 14 	 200 	 4846 	 1
1787310567065 	 35 	 200 	 4850 	 4
1787310567084 	 22 	 200 	 4850 	 3
1787310567087 	 19 	 200 	 4850 	 2
1787310567096 	 16 	 200 	 4850 	 1
1787310567100 	 15 	 200 	 4850 	 0
1787310567118 	 15 	 200 	 4851 	 0
1787310567154 	 15 	 200 	 4852 	 0
1787310567178 	 16 	 200 	 4853 	 0
1787310567197 	 17 	 200 	 4857 	 3
1787310567200 	 15 	 200 	 4857 	 3
1787310567199 	 19 	 200 	 4858 	 2
1787310567209 	 15 	 200 	 4858 	 1
1787310567216 	 15 	 200 	 4859 	 1
1787310567227 	 15 	 200 	 4860 	 1
1787310567234 	 14 	 200 	 4860 	 0
1787310567258 	 12 	 200 	 4862 	 1
1787310567269 	 15 	 200 	 4862 	 0
1787310567328 	 14 	 200 	 4865 	 2
1787310567350 	 12 	 200 	 4866 	 2
1787310567321 	 72 	 200 	 4867 	 2
1787310567417 	 14 	 200 	 4870 	 4
1787310567415 	 20 	 200 	 4870 	 3
1787310567448 	 24 	 200 	 4873 	 5
1787310567451 	 68 	 200 	 4877 	 8
1787310567399 	 124 	 200 	 4877 	 7
1787310567470 	 54 	 200 	 4877 	 6
1787310567386 	 182 	 200 	 4884 	 12
1787310567478 	 147 	 200 	 4887 	 14
1787310567536 	 89 	 200 	 4887 	 13
1787310567505 	 123 	 200 	 4887 	 12
1787310567483 	 147 	 200 	 4887 	 11
1787310567551 	 79 	 200 	 4887 	 10
1787310567531 	 99 	 200 	 4887 	 9
1787310567555 	 112 	 200 	 4891 	 12
1787310567514 	 152 	 200 	 4891 	 11
1787310567529 	 141 	 200 	 4891 	 10
1787310567564 	 108 	 200 	 4892 	 10
1787310567593 	 84 	 200 	 4893 	 10
1787310567642 	 36 	 200 	 4893 	 9
1787310567637 	 88 	 200 	 4897 	 12
1787310567605 	 124 	 200 	 4897 	 12
1787310567655 	 113 	 200 	 4901 	 14
1787310567606 	 164 	 200 	 4901 	 13
1787310567533 	 237 	 200 	 4901 	 12
1787310567665 	 104 	 200 	 4901 	 11
1787310567704 	 67 	 200 	 4901 	 10
1787310567672 	 104 	 200 	 4903 	 11
1787310567314 	 502 	 200 	 4904 	 11
1787310567756 	 71 	 200 	 4905 	 11
1787310567775 	 94 	 200 	 4907 	 12
1787310567776 	 96 	 200 	 4907 	 11
1787310567687 	 189 	 200 	 4907 	 10
1787310567692 	 184 	 200 	 4907 	 9
1787310567821 	 56 	 200 	 4907 	 8
1787310567805 	 70 	 200 	 4907 	 7
1787310567730 	 189 	 200 	 4911 	 10
1787310567674 	 244 	 200 	 4911 	 10
1787310567849 	 76 	 200 	 4912 	 9
1787310567854 	 72 	 200 	 4912 	 8
1787310567757 	 171 	 200 	 4912 	 7
1787310567760 	 169 	 200 	 4912 	 6
1787310567904 	 25 	 200 	 4912 	 5
1787310567892 	 37 	 200 	 4912 	 4
1787310567893 	 43 	 200 	 4913 	 4
1787310567920 	 22 	 200 	 4913 	 3
1787310567935 	 38 	 200 	 4915 	 4
1787310567952 	 25 	 200 	 4915 	 3
1787310567966 	 20 	 200 	 4915 	 2
1787310568001 	 26 	 200 	 4919 	 5
1787310568014 	 15 	 200 	 4919 	 4
1787310567989 	 41 	 200 	 4919 	 3
1787310567901 	 131 	 200 	 4919 	 2
1787310567992 	 40 	 200 	 4919 	 1
1787310568056 	 65 	 200 	 4929 	 11
1787310568085 	 60 	 200 	 4932 	 12
1787310568068 	 80 	 200 	 4933 	 12
1787310568097 	 88 	 200 	 4936 	 14
1787310568054 	 140 	 200 	 4936 	 13
1787310568104 	 144 	 200 	 4938 	 14
1787310568075 	 172 	 200 	 4938 	 13
1787310568061 	 207 	 200 	 4938 	 12
1787310568102 	 215 	 200 	 4941 	 14
1787310568122 	 250 	 200 	 4942 	 14
1787310568138 	 236 	 200 	 4942 	 13
1787310568167 	 207 	 200 	 4942 	 12
1787310568076 	 300 	 200 	 4942 	 11
1787310568283 	 135 	 200 	 4943 	 11
1787310568181 	 290 	 200 	 4947 	 14
1787310568351 	 120 	 200 	 4947 	 13
1787310568127 	 345 	 200 	 4947 	 12
1787310568183 	 332 	 200 	 4947 	 11
1787310568434 	 83 	 200 	 4947 	 10
1787310568415 	 107 	 200 	 4947 	 9
1787310568420 	 104 	 200 	 4947 	 8
1787310568217 	 307 	 200 	 4947 	 7
1787310568451 	 75 	 200 	 4947 	 6
1787310568440 	 87 	 200 	 4947 	 5
1787310568310 	 228 	 200 	 4949 	 7
1787310568202 	 335 	 200 	 4950 	 6
1787310568150 	 420 	 200 	 4952 	 7
1787310568531 	 88 	 200 	 4956 	 10
1787310568537 	 89 	 200 	 4957 	 10
1787310568591 	 36 	 200 	 4957 	 9
1787310568563 	 103 	 200 	 4957 	 8
1787310568605 	 65 	 200 	 4957 	 7
1787310568588 	 83 	 200 	 4957 	 6
1787310568623 	 143 	 200 	 4964 	 12
1787310568682 	 86 	 200 	 4964 	 11
1787310568683 	 84 	 200 	 4964 	 10
1787310568697 	 73 	 200 	 4964 	 9
1787310568540 	 283 	 200 	 4964 	 8
1787310568699 	 125 	 200 	 4964 	 7
1787310568727 	 101 	 200 	 4964 	 6
1787310568751 	 77 	 200 	 4964 	 5
1787310568578 	 257 	 200 	 4964 	 4
1787310568552 	 322 	 200 	 4967 	 6
1787310568896 	 50 	 200 	 4975 	 13
1787310568868 	 149 	 200 	 4978 	 21
1787310568862 	 160 	 200 	 4979 	 21
1787310568881 	 171 	 200 	 4980 	 21
1787310568898 	 155 	 200 	 4981 	 20
1787310568905 	 212 	 200 	 4982 	 22
1787310568682 	 462 	 200 	 4983 	 23
1787310568967 	 177 	 200 	 4984 	 22
1787310568928 	 219 	 200 	 4985 	 21
1787310569024 	 144 	 200 	 4986 	 20
1787310568900 	 368 	 200 	 4987 	 25
1787310569151 	 169 	 200 	 4988 	 24
1787310568933 	 391 	 200 	 4989 	 23
1787310568953 	 386 	 200 	 4990 	 22
1787310569147 	 225 	 200 	 4991 	 21
1787310569018 	 356 	 200 	 4992 	 20
1787310568854 	 525 	 200 	 4993 	 19
1787310569055 	 383 	 200 	 4994 	 19
1787310569171 	 267 	 200 	 4995 	 18
1787310568944 	 495 	 200 	 4996 	 17
1787310569326 	 113 	 200 	 4997 	 16
1787310569376 	 147 	 200 	 4998 	 15
1787310569441 	 84 	 200 	 4998 	 14
1787310569440 	 84 	 200 	 4998 	 13
1787310569341 	 226 	 200 	 4998 	 12
1787310569270 	 297 	 200 	 4998 	 11
1787310569149 	 421 	 200 	 4998 	 10
1787310569443 	 224 	 200 	 4998 	 9
1787310569323 	 394 	 200 	 4998 	 8
1787310569054 	 673 	 200 	 4998 	 7
1787310569381 	 349 	 200 	 4998 	 6
1787310569373 	 393 	 200 	 4998 	 5
1787310569442 	 331 	 200 	 4998 	 4
1787310569118 	 706 	 200 	 4998 	 3
1787310568950 	 981 	 200 	 4999 	 3
1787310569902 	 140 	 200 	 4999 	 2
1787310567718 	 2449 	 200 	 5000 	 2
1787310570061 	 107 	 200 	 5000 	 1
1787310568292 	 1888 	 200 	 5000 	 0