1787326922630 	 27 	 200 	 1 	 0
1787326922894 	 27 	 200 	 2 	 0
1787326923014 	 19 	 200 	 4 	 1
1787326923029 	 14 	 200 	 4 	 0
1787326923177 	 15 	 200 	 5 	 0
1787326923374 	 13 	 200 	 6 	 0
1787326923775 	 13 	 200 	 7 	 0
1787326923917 	 30 	 200 	 8 	 0
1787326924436 	 13 	 200 	 9 	 0
1787326924501 	 24 	 200 	 10 	 0
1787326924540 	 17 	 200 	 11 	 0
1787326925244 	 15 	 200 	 12 	 0
1787326925452 	 21 	 200 	 13 	 0
1787326925487 	 13 	 200 	 14 	 0
1787326925870 	 22 	 200 	 16 	 1
1787326925931 	 14 	 200 	 17 	 1
1787326925611 	 370 	 200 	 17 	 0
1787326926383 	 29 	 200 	 18 	 0
1787326926749 	 13 	 200 	 19 	 0
1787326927049 	 18 	 200 	 20 	 0
1787326927287 	 14 	 200 	 21 	 0
1787326927870 	 24 	 200 	 22 	 0
1787326928247 	 19 	 200 	 23 	 0
1787326929032 	 19 	 200 	 24 	 0
1787326929254 	 21 	 200 	 26 	 1
1787326929267 	 14 	 200 	 26 	 0
1787326929480 	 32 	 200 	 27 	 0
1787326929715 	 13 	 200 	 28 	 0
1787326929780 	 12 	 200 	 29 	 0
1787326930366 	 34 	 200 	 30 	 0
1787326930711 	 30 	 200 	 31 	 0
1787326930904 	 22 	 200 	 32 	 0
1787326931315 	 12 	 200 	 33 	 0
1787326931464 	 23 	 200 	 34 	 0
1787326931522 	 33 	 200 	 35 	 0
1787326931665 	 14 	 200 	 36 	 0
1787326931721 	 14 	 200 	 37 	 0
1787326931755 	 14 	 200 	 38 	 0
1787326931990 	 20 	 200 	 39 	 0
1787326932475 	 15 	 200 	 40 	 0
1787326932925 	 26 	 200 	 41 	 0
1787326933056 	 14 	 200 	 42 	 0
1787326933133 	 21 	 200 	 43 	 0
1787326933370 	 14 	 200 	 44 	 0
1787326933409 	 14 	 200 	 45 	 0
1787326934081 	 31 	 200 	 46 	 0
1787326934324 	 16 	 200 	 47 	 0
1787326934454 	 16 	 200 	 48 	 0
1787326934604 	 20 	 200 	 49 	 0
1787326934829 	 18 	 200 	 50 	 0
1787326934923 	 15 	 200 	 51 	 0
1787326935009 	 13 	 200 	 53 	 1
1787326935011 	 13 	 200 	 53 	 0
1787326935132 	 18 	 200 	 54 	 0
1787326935830 	 40 	 200 	 55 	 0
1787326936189 	 13 	 200 	 56 	 0
1787326936399 	 15 	 200 	 57 	 0
1787326936467 	 35 	 200 	 58 	 0
1787326936523 	 14 	 200 	 59 	 0
1787326936612 	 16 	 200 	 60 	 0
1787326936795 	 53 	 200 	 61 	 0
1787326936900 	 35 	 200 	 62 	 0
1787326937121 	 13 	 200 	 63 	 0
1787326937377 	 16 	 200 	 64 	 0
1787326937404 	 13 	 200 	 65 	 0
1787326937484 	 13 	 200 	 66 	 0
1787326937556 	 13 	 200 	 67 	 0
1787326937650 	 32 	 200 	 68 	 0
1787326937778 	 17 	 200 	 69 	 0
1787326937887 	 27 	 200 	 70 	 0
1787326938404 	 23 	 200 	 71 	 0
1787326938542 	 18 	 200 	 72 	 0
1787326938766 	 16 	 200 	 73 	 0
1787326938824 	 18 	 200 	 74 	 0
1787326939030 	 18 	 200 	 75 	 0
1787326939139 	 17 	 200 	 76 	 0
1787326939466 	 19 	 200 	 77 	 0
1787326939637 	 17 	 200 	 78 	 0
1787326939885 	 43 	 200 	 80 	 1
1787326939918 	 40 	 200 	 80 	 0
1787326940195 	 28 	 200 	 81 	 0
1787326940384 	 26 	 200 	 83 	 1
1787326940409 	 28 	 200 	 83 	 0
1787326940487 	 13 	 200 	 84 	 0
1787326940651 	 12 	 200 	 85 	 0
1787326940902 	 16 	 200 	 86 	 0
1787326941340 	 30 	 200 	 87 	 0
1787326941849 	 33 	 200 	 88 	 0
1787326942347 	 13 	 200 	 89 	 0
1787326942543 	 14 	 200 	 90 	 0
1787326942971 	 31 	 200 	 91 	 0
1787326943105 	 12 	 200 	 92 	 0
1787326943269 	 13 	 200 	 93 	 0
1787326943285 	 12 	 200 	 94 	 0
1787326943928 	 13 	 200 	 95 	 0
1787326944243 	 12 	 200 	 96 	 0
1787326944412 	 21 	 200 	 97 	 0
1787326944822 	 23 	 200 	 98 	 0
1787326945500 	 24 	 200 	 100 	 1
1787326945512 	 21 	 200 	 100 	 0
1787326946061 	 15 	 200 	 101 	 0
1787326946125 	 26 	 200 	 102 	 0
1787326946264 	 15 	 200 	 103 	 0
1787326946723 	 33 	 200 	 104 	 0
1787326947304 	 13 	 200 	 105 	 0
1787326947353 	 13 	 200 	 106 	 0
1787326947518 	 13 	 200 	 107 	 0
1787326947713 	 14 	 200 	 108 	 0
1787326948174 	 17 	 200 	 109 	 0
1787326948602 	 13 	 200 	 110 	 0
1787326948696 	 30 	 200 	 111 	 0
1787326948850 	 36 	 200 	 112 	 0
1787326948926 	 15 	 200 	 113 	 0
1787326949228 	 13 	 200 	 114 	 0
1787326949254 	 12 	 200 	 115 	 0
1787326949467 	 16 	 200 	 116 	 0
1787326949624 	 22 	 200 	 117 	 0
1787326950156 	 26 	 200 	 118 	 0
1787326950213 	 14 	 200 	 119 	 0
1787326950517 	 15 	 200 	 120 	 0
1787326950779 	 24 	 200 	 121 	 0
1787326951101 	 32 	 200 	 122 	 0
1787326951353 	 36 	 200 	 123 	 0
1787326951509 	 16 	 200 	 124 	 0
1787326951675 	 31 	 200 	 126 	 1
1787326951702 	 15 	 200 	 126 	 0
1787326951983 	 23 	 200 	 127 	 0
1787326952108 	 17 	 200 	 128 	 0
1787326952261 	 16 	 200 	 129 	 0
1787326952459 	 17 	 200 	 130 	 0
1787326952501 	 13 	 200 	 131 	 0
1787326952707 	 15 	 200 	 132 	 0
1787326952931 	 14 	 200 	 133 	 0
1787326953383 	 14 	 200 	 134 	 0
1787326953455 	 12 	 200 	 135 	 0
1787326953484 	 14 	 200 	 136 	 0
1787326953550 	 28 	 200 	 137 	 0
1787326953909 	 13 	 200 	 138 	 0
1787326954446 	 14 	 200 	 139 	 0
1787326954554 	 16 	 200 	 140 	 0
1787326954588 	 14 	 200 	 141 	 0
1787326954812 	 13 	 200 	 142 	 0
1787326954895 	 31 	 200 	 143 	 0
1787326955048 	 36 	 200 	 145 	 1
1787326955078 	 29 	 200 	 145 	 0
1787326955874 	 36 	 200 	 146 	 0
1787326956105 	 39 	 200 	 147 	 0
1787326956165 	 20 	 200 	 149 	 1
1787326956162 	 23 	 200 	 149 	 0
1787326956303 	 22 	 200 	 150 	 0
1787326956529 	 20 	 200 	 151 	 0
1787326956592 	 14 	 200 	 152 	 0
1787326956723 	 14 	 200 	 153 	 0
1787326956804 	 28 	 200 	 154 	 0
1787326957369 	 21 	 200 	 155 	 0
1787326957411 	 13 	 200 	 156 	 0
1787326957913 	 37 	 200 	 157 	 0
1787326958145 	 14 	 200 	 158 	 0
1787326958921 	 12 	 200 	 159 	 0
1787326959164 	 13 	 200 	 160 	 0
1787326959244 	 16 	 200 	 161 	 0
1787326959430 	 19 	 200 	 162 	 0
1787326959531 	 13 	 200 	 163 	 0
1787326959577 	 22 	 200 	 164 	 0
1787326959958 	 33 	 200 	 166 	 1
1787326959970 	 40 	 200 	 166 	 0
1787326960565 	 16 	 200 	 168 	 1
1787326960568 	 14 	 200 	 168 	 0
1787326960842 	 373 	 200 	 169 	 0
1787326961336 	 34 	 200 	 170 	 0
1787326961379 	 23 	 200 	 171 	 0
1787326961992 	 17 	 200 	 172 	 0
1787326962021 	 12 	 200 	 173 	 0
1787326962394 	 13 	 200 	 175 	 1
1787326962395 	 13 	 200 	 175 	 0
1787326962657 	 16 	 200 	 177 	 1
1787326962671 	 17 	 200 	 177 	 0
1787326962845 	 30 	 200 	 178 	 0
1787326963301 	 24 	 200 	 180 	 1
1787326963318 	 21 	 200 	 180 	 0
1787326963933 	 45 	 200 	 182 	 1
1787326963950 	 29 	 200 	 182 	 0
1787326964220 	 13 	 200 	 183 	 0
1787326964367 	 14 	 200 	 184 	 0
1787326964463 	 21 	 200 	 185 	 0
1787326964541 	 32 	 200 	 186 	 0
1787326964606 	 14 	 200 	 187 	 0
1787326964690 	 12 	 200 	 188 	 0
1787326964864 	 15 	 200 	 189 	 0
1787326964929 	 39 	 200 	 190 	 0
1787326965050 	 14 	 200 	 191 	 0
1787326965817 	 23 	 200 	 192 	 0
1787326966053 	 38 	 200 	 193 	 0
1787326966194 	 14 	 200 	 194 	 0
1787326966283 	 13 	 200 	 195 	 0
1787326966319 	 13 	 200 	 196 	 0
1787326966478 	 13 	 200 	 197 	 0
1787326966513 	 12 	 200 	 198 	 0
1787326967150 	 15 	 200 	 199 	 0
1787326967345 	 17 	 200 	 200 	 0
1787326967379 	 13 	 200 	 201 	 0
1787326967540 	 13 	 200 	 202 	 0
1787326967975 	 13 	 200 	 203 	 0
1787326967994 	 13 	 200 	 204 	 0
1787326968321 	 13 	 200 	 205 	 0
1787326968651 	 18 	 200 	 207 	 1
1787326968655 	 17 	 200 	 207 	 0
1787326968719 	 13 	 200 	 208 	 0
1787326968902 	 35 	 200 	 210 	 1
1787326968908 	 39 	 200 	 210 	 0
1787326969009 	 20 	 200 	 212 	 1
1787326969025 	 13 	 200 	 212 	 0
1787326969137 	 14 	 200 	 213 	 0
1787326969321 	 14 	 200 	 214 	 0
1787326969389 	 13 	 200 	 215 	 0
1787326969510 	 14 	 200 	 216 	 0
1787326970046 	 34 	 200 	 217 	 0
1787326970105 	 13 	 200 	 218 	 0
1787326970331 	 13 	 200 	 219 	 0
1787326970739 	 19 	 200 	 220 	 0
1787326970827 	 37 	 200 	 221 	 0
1787326971992 	 31 	 200 	 222 	 0
1787326972111 	 29 	 200 	 223 	 0
1787326972322 	 15 	 200 	 225 	 1
1787326972335 	 13 	 200 	 225 	 0
1787326972687 	 28 	 200 	 226 	 0
1787326972731 	 24 	 200 	 227 	 0
1787326972766 	 12 	 200 	 228 	 0
1787326972960 	 32 	 200 	 229 	 0
1787326973023 	 17 	 200 	 230 	 0
1787326973144 	 13 	 200 	 231 	 0
1787326973185 	 13 	 200 	 232 	 0
1787326973429 	 41 	 200 	 233 	 0
1787326973608 	 13 	 200 	 234 	 0
1787326973671 	 33 	 200 	 235 	 0
1787326973832 	 13 	 200 	 236 	 0
1787326973995 	 31 	 200 	 237 	 0
1787326974188 	 31 	 200 	 238 	 0
1787326974431 	 14 	 200 	 239 	 0
1787326974649 	 17 	 200 	 240 	 0
1787326974720 	 17 	 200 	 241 	 0
1787326974886 	 14 	 200 	 242 	 0
1787326975145 	 15 	 200 	 243 	 0
1787326975461 	 28 	 200 	 244 	 0
1787326975512 	 16 	 200 	 245 	 0
1787326976020 	 39 	 200 	 246 	 0
1787326976194 	 28 	 200 	 247 	 0
1787326976305 	 15 	 200 	 248 	 0
1787326976599 	 13 	 200 	 249 	 0
1787326977003 	 36 	 200 	 250 	 0
1787326977047 	 14 	 200 	 251 	 0
1787326977438 	 15 	 200 	 252 	 0
1787326977517 	 15 	 200 	 254 	 1
1787326977526 	 12 	 200 	 254 	 0
1787326977622 	 19 	 200 	 255 	 0
1787326977709 	 20 	 200 	 256 	 0
1787326977749 	 13 	 200 	 257 	 0
1787326978003 	 22 	 200 	 258 	 0
1787326978049 	 17 	 200 	 259 	 0
1787326978221 	 15 	 200 	 260 	 0
1787326979331 	 17 	 200 	 261 	 0
1787326979566 	 28 	 200 	 262 	 0
1787326979869 	 31 	 200 	 263 	 0
1787326980048 	 27 	 200 	 264 	 0
1787326980085 	 13 	 200 	 265 	 0
1787326980123 	 14 	 200 	 266 	 0
1787326980231 	 15 	 200 	 267 	 0
1787326980367 	 22 	 200 	 268 	 0
1787326980433 	 33 	 200 	 269 	 0
1787326980597 	 14 	 200 	 270 	 0
1787326980660 	 14 	 200 	 271 	 0
1787326980800 	 23 	 200 	 272 	 0
1787326980922 	 13 	 200 	 273 	 0
1787326981066 	 35 	 200 	 274 	 0
1787326981116 	 16 	 200 	 275 	 0
1787326981220 	 13 	 200 	 276 	 0
1787326981342 	 14 	 200 	 277 	 0
1787326981888 	 33 	 200 	 279 	 1
1787326981920 	 13 	 200 	 279 	 0
1787326982052 	 17 	 200 	 280 	 0
1787326982277 	 14 	 200 	 281 	 0
1787326982589 	 14 	 200 	 282 	 0
1787326982648 	 16 	 200 	 283 	 0
1787326982764 	 20 	 200 	 284 	 0
1787326983051 	 33 	 200 	 285 	 0
1787326983240 	 17 	 200 	 286 	 0
1787326983273 	 12 	 200 	 287 	 0
1787326983392 	 15 	 200 	 289 	 1
1787326983406 	 17 	 200 	 289 	 0
1787326983500 	 15 	 200 	 290 	 0
1787326983703 	 20 	 200 	 291 	 0
1787326983883 	 15 	 200 	 292 	 0
1787326984062 	 34 	 200 	 293 	 0
1787326984225 	 16 	 200 	 294 	 0
1787326984296 	 23 	 200 	 295 	 0
1787326984895 	 27 	 200 	 296 	 0
1787326984943 	 15 	 200 	 297 	 0
1787326985246 	 16 	 200 	 298 	 0
1787326985272 	 13 	 200 	 299 	 0
1787326985305 	 14 	 200 	 300 	 0
1787326985521 	 19 	 200 	 301 	 0
1787326986851 	 32 	 200 	 303 	 1
1787326986857 	 30 	 200 	 303 	 0
1787326986956 	 38 	 200 	 304 	 0
1787326987236 	 14 	 200 	 305 	 0
1787326987394 	 24 	 200 	 306 	 0
1787326987484 	 20 	 200 	 307 	 0
1787326987877 	 35 	 200 	 308 	 0
1787326988494 	 16 	 200 	 309 	 0
1787326988535 	 37 	 200 	 310 	 0
1787326988938 	 17 	 200 	 311 	 0
1787326989068 	 36 	 200 	 312 	 0
1787326989120 	 11 	 200 	 313 	 0
1787326989140 	 12 	 200 	 314 	 0
1787326989158 	 15 	 200 	 315 	 0
1787326989278 	 27 	 200 	 316 	 0
1787326989333 	 15 	 200 	 317 	 0
1787326989647 	 13 	 200 	 318 	 0
1787326989743 	 16 	 200 	 320 	 1
1787326989750 	 31 	 200 	 320 	 0
1787326990089 	 28 	 200 	 321 	 0
1787326990289 	 13 	 200 	 322 	 0
1787326990336 	 15 	 200 	 323 	 0
1787326990368 	 12 	 200 	 324 	 0
1787326990710 	 14 	 200 	 325 	 0
1787326990887 	 29 	 200 	 326 	 0
1787326991116 	 15 	 200 	 327 	 0
1787326991253 	 15 	 200 	 328 	 0
1787326992016 	 25 	 200 	 329 	 0
1787326992178 	 22 	 200 	 330 	 0
1787326992235 	 13 	 200 	 331 	 0
1787326992583 	 24 	 200 	 332 	 0
1787326992649 	 14 	 200 	 333 	 0
1787326992722 	 15 	 200 	 334 	 0
1787326992884 	 34 	 200 	 335 	 0
1787326993113 	 34 	 200 	 337 	 1
1787326993147 	 13 	 200 	 337 	 0
1787326993330 	 16 	 200 	 338 	 0
1787326993801 	 29 	 200 	 339 	 0
1787326993841 	 13 	 200 	 341 	 1
1787326993844 	 12 	 200 	 341 	 0
1787326994262 	 53 	 200 	 342 	 0
1787326994655 	 13 	 200 	 343 	 0
1787326994910 	 17 	 200 	 344 	 0
1787326995118 	 15 	 200 	 345 	 0
1787326995261 	 12 	 200 	 346 	 0
1787326995665 	 22 	 200 	 348 	 1
1787326995687 	 13 	 200 	 348 	 0
1787326995885 	 32 	 200 	 349 	 0
1787326995950 	 39 	 200 	 350 	 0
1787326996060 	 17 	 200 	 351 	 0
1787326996573 	 20 	 200 	 353 	 1
1787326996579 	 28 	 200 	 353 	 0
1787326996974 	 35 	 200 	 354 	 0
1787326997014 	 16 	 200 	 355 	 0
1787326997125 	 26 	 200 	 356 	 0
1787326997189 	 21 	 200 	 357 	 0
1787326997501 	 21 	 200 	 358 	 0
1787326997651 	 21 	 200 	 360 	 1
1787326997659 	 20 	 200 	 360 	 0
1787326997736 	 15 	 200 	 361 	 0
1787326997840 	 16 	 200 	 362 	 0
1787326997942 	 37 	 200 	 363 	 0
1787326998005 	 19 	 200 	 364 	 0
1787326998199 	 23 	 200 	 365 	 0
1787326998415 	 14 	 200 	 366 	 0
1787326998538 	 34 	 200 	 368 	 1
1787326998561 	 22 	 200 	 368 	 0
1787326998713 	 15 	 200 	 369 	 0
1787326998768 	 15 	 200 	 370 	 0
1787326999550 	 38 	 200 	 371 	 0
1787326999601 	 16 	 200 	 372 	 0
1787326999744 	 34 	 200 	 373 	 0
1787326999884 	 32 	 200 	 374 	 0
1787327000080 	 32 	 200 	 375 	 0
1787327000192 	 21 	 200 	 376 	 0
1787327000318 	 15 	 200 	 377 	 0
1787327000457 	 39 	 200 	 379 	 1
1787327000495 	 15 	 200 	 379 	 0
1787327000711 	 18 	 200 	 380 	 0
1787327001085 	 25 	 200 	 382 	 1
1787327001104 	 13 	 200 	 382 	 0
1787327001614 	 19 	 200 	 383 	 0
1787327002171 	 19 	 200 	 384 	 0
1787327002193 	 13 	 200 	 385 	 0
1787327002356 	 14 	 200 	 386 	 0
1787327002372 	 13 	 200 	 387 	 0
1787327002390 	 13 	 200 	 388 	 0
1787327002591 	 17 	 200 	 389 	 0
1787327002724 	 18 	 200 	 392 	 2
1787327002733 	 21 	 200 	 392 	 1
1787327002742 	 17 	 200 	 392 	 0
1787327002979 	 38 	 200 	 393 	 0
1787327003041 	 13 	 200 	 394 	 0
1787327003580 	 15 	 200 	 396 	 1
1787327003589 	 15 	 200 	 396 	 0
1787327003886 	 31 	 200 	 397 	 0
1787327003956 	 43 	 200 	 398 	 0
1787327004370 	 16 	 200 	 400 	 1
1787327004385 	 16 	 200 	 400 	 0
1787327004644 	 13 	 200 	 401 	 0
1787327005463 	 31 	 200 	 403 	 1
1787327005481 	 29 	 200 	 403 	 0
1787327005637 	 13 	 200 	 404 	 0
1787327005695 	 14 	 200 	 405 	 0
1787327005987 	 13 	 200 	 406 	 0
1787327006236 	 12 	 200 	 407 	 0
1787327006344 	 16 	 200 	 409 	 1
1787327006343 	 17 	 200 	 409 	 0
1787327006871 	 34 	 200 	 410 	 0
1787327007044 	 16 	 200 	 411 	 0
1787327007264 	 13 	 200 	 412 	 0
1787327007405 	 17 	 200 	 413 	 0
1787327007457 	 15 	 200 	 414 	 0
1787327007649 	 17 	 200 	 415 	 0
1787327008032 	 14 	 200 	 416 	 0
1787327008259 	 14 	 200 	 417 	 0
1787327008464 	 14 	 200 	 418 	 0
1787327008913 	 18 	 200 	 419 	 0
1787327009037 	 34 	 200 	 421 	 1
1787327009055 	 24 	 200 	 421 	 0
1787327009244 	 13 	 200 	 422 	 0
1787327009316 	 12 	 200 	 423 	 0
1787327009525 	 13 	 200 	 425 	 1
1787327009539 	 12 	 200 	 425 	 0
1787327009730 	 13 	 200 	 426 	 0
1787327010132 	 13 	 200 	 427 	 0
1787327010387 	 18 	 200 	 428 	 0
1787327010814 	 37 	 200 	 429 	 0
1787327010947 	 41 	 200 	 430 	 0
1787327011028 	 12 	 200 	 431 	 0
1787327011130 	 33 	 200 	 432 	 0
1787327011658 	 32 	 200 	 433 	 0
1787327011814 	 20 	 200 	 434 	 0
1787327012017 	 15 	 200 	 435 	 0
1787327012155 	 19 	 200 	 436 	 0
1787327012218 	 13 	 200 	 437 	 0
1787327012477 	 18 	 200 	 438 	 0
1787327012542 	 15 	 200 	 439 	 0
1787327012619 	 13 	 200 	 440 	 0
1787327012668 	 22 	 200 	 441 	 0
1787327012703 	 13 	 200 	 442 	 0
1787327013081 	 38 	 200 	 443 	 0
1787327013237 	 12 	 200 	 444 	 0
1787327013443 	 13 	 200 	 445 	 0
1787327013816 	 29 	 200 	 447 	 1
1787327013831 	 29 	 200 	 447 	 0
1787327014125 	 38 	 200 	 448 	 0
1787327014257 	 14 	 200 	 449 	 0
1787327014345 	 13 	 200 	 450 	 0
1787327014365 	 13 	 200 	 451 	 0
1787327014460 	 13 	 200 	 452 	 0
1787327015493 	 14 	 200 	 453 	 0
1787327015610 	 13 	 200 	 454 	 0
1787327015795 	 14 	 200 	 455 	 0
1787327016088 	 16 	 200 	 456 	 0
1787327016146 	 16 	 200 	 457 	 0
1787327016324 	 16 	 200 	 458 	 0
1787327016590 	 16 	 200 	 459 	 0
1787327016945 	 15 	 200 	 460 	 0
1787327017183 	 35 	 200 	 462 	 1
1787327017215 	 15 	 200 	 462 	 0
1787327017408 	 21 	 200 	 464 	 1
1787327017413 	 16 	 200 	 464 	 0
1787327017636 	 16 	 200 	 465 	 0
1787327017681 	 14 	 200 	 466 	 0
1787327018022 	 39 	 200 	 468 	 1
1787327018043 	 28 	 200 	 468 	 0
1787327018084 	 13 	 200 	 469 	 0
1787327018200 	 23 	 200 	 470 	 0
1787327018444 	 13 	 200 	 471 	 0
1787327018462 	 15 	 200 	 472 	 0
1787327018521 	 32 	 200 	 473 	 0
1787327018698 	 16 	 200 	 474 	 0
1787327019136 	 19 	 200 	 475 	 0
1787327019164 	 15 	 200 	 476 	 0
1787327019863 	 39 	 200 	 478 	 1
1787327019891 	 16 	 200 	 478 	 0
1787327021198 	 28 	 200 	 479 	 0
1787327021307 	 16 	 200 	 480 	 0
1787327021353 	 17 	 200 	 481 	 0
1787327021473 	 18 	 200 	 484 	 2
1787327021484 	 27 	 200 	 484 	 1
1787327021462 	 57 	 200 	 484 	 0
1787327021798 	 15 	 200 	 485 	 0
1787327022066 	 30 	 200 	 487 	 1
1787327022068 	 37 	 200 	 487 	 0
1787327022692 	 25 	 200 	 488 	 0
1787327022759 	 15 	 200 	 490 	 1
1787327022770 	 15 	 200 	 490 	 0
1787327023028 	 28 	 200 	 491 	 0
1787327023101 	 16 	 200 	 492 	 0
1787327023130 	 17 	 200 	 493 	 0
1787327023454 	 27 	 200 	 494 	 0
1787327023600 	 17 	 200 	 496 	 1
1787327023607 	 21 	 200 	 496 	 0
1787327023649 	 15 	 200 	 497 	 0
1787327024068 	 36 	 200 	 498 	 0
1787327024207 	 36 	 200 	 499 	 0
1787327024462 	 15 	 200 	 500 	 0
1787327024509 	 15 	 200 	 501 	 0
1787327025591 	 16 	 200 	 502 	 0
1787327025664 	 13 	 200 	 503 	 0
1787327026198 	 19 	 200 	 504 	 0
1787327026746 	 20 	 200 	 505 	 0
1787327026812 	 17 	 200 	 506 	 0
1787327027058 	 26 	 200 	 507 	 0
1787327027316 	 17 	 200 	 508 	 0
1787327027424 	 16 	 200 	 509 	 0
1787327027550 	 32 	 200 	 510 	 0
1787327027609 	 16 	 200 	 511 	 0
1787327027669 	 13 	 200 	 512 	 0
1787327027789 	 13 	 200 	 513 	 0
1787327028222 	 14 	 200 	 514 	 0
1787327028632 	 13 	 200 	 515 	 0
1787327028818 	 37 	 200 	 516 	 0
1787327028939 	 37 	 200 	 518 	 1
1787327028965 	 18 	 200 	 518 	 0
1787327029144 	 15 	 200 	 519 	 0
1787327029355 	 12 	 200 	 520 	 0
1787327029402 	 15 	 200 	 521 	 0
1787327029475 	 16 	 200 	 522 	 0
1787327029608 	 13 	 200 	 523 	 0
1787327030007 	 13 	 200 	 524 	 0
1787327030067 	 16 	 200 	 525 	 0
1787327030295 	 14 	 200 	 526 	 0
1787327030572 	 56 	 200 	 527 	 0
1787327031545 	 19 	 200 	 528 	 0
1787327031688 	 12 	 200 	 529 	 0
1787327031777 	 19 	 200 	 530 	 0
1787327031822 	 25 	 200 	 531 	 0
1787327031862 	 12 	 200 	 532 	 0
1787327031912 	 16 	 200 	 533 	 0
1787327031950 	 13 	 200 	 534 	 0
1787327032045 	 13 	 200 	 535 	 0
1787327032893 	 46 	 200 	 536 	 0
1787327032970 	 33 	 200 	 537 	 0
1787327033319 	 31 	 200 	 538 	 0
1787327033509 	 32 	 200 	 539 	 0
1787327033752 	 12 	 200 	 540 	 0
1787327033945 	 30 	 200 	 541 	 0
1787327034190 	 18 	 200 	 542 	 0
1787327034311 	 15 	 200 	 543 	 0
1787327034440 	 13 	 200 	 544 	 0
1787327034737 	 13 	 200 	 545 	 0
1787327034791 	 16 	 200 	 546 	 0
1787327034868 	 21 	 200 	 547 	 0
1787327035083 	 12 	 200 	 548 	 0
1787327035155 	 29 	 200 	 549 	 0
1787327035295 	 20 	 200 	 550 	 0
1787327035368 	 14 	 200 	 551 	 0
1787327035453 	 29 	 200 	 552 	 0
1787327035613 	 17 	 200 	 553 	 0
1787327035664 	 13 	 200 	 554 	 0
1787327035686 	 15 	 200 	 555 	 0
1787327035819 	 19 	 200 	 556 	 0
1787327035993 	 32 	 200 	 558 	 1
1787327036021 	 21 	 200 	 558 	 0
1787327036268 	 12 	 200 	 559 	 0
1787327036438 	 13 	 200 	 560 	 0
1787327036911 	 23 	 200 	 561 	 0
1787327037022 	 18 	 200 	 563 	 1
1787327037028 	 14 	 200 	 563 	 0
1787327037564 	 29 	 200 	 564 	 0
1787327037717 	 13 	 200 	 565 	 0
1787327037877 	 24 	 200 	 566 	 0
1787327038179 	 14 	 200 	 568 	 1
1787327038037 	 362 	 200 	 568 	 0
1787327038688 	 15 	 200 	 569 	 0
1787327038811 	 21 	 200 	 570 	 0
1787327039286 	 21 	 200 	 571 	 0
1787327039950 	 30 	 200 	 572 	 0
1787327040305 	 14 	 200 	 573 	 0
1787327040481 	 18 	 200 	 574 	 0
1787327040826 	 36 	 200 	 575 	 0
1787327040935 	 31 	 200 	 576 	 0
1787327041525 	 15 	 200 	 578 	 1
1787327041525 	 25 	 200 	 578 	 0
1787327041658 	 13 	 200 	 579 	 0
1787327041826 	 19 	 200 	 580 	 0
1787327042114 	 31 	 200 	 581 	 0
1787327042219 	 13 	 200 	 582 	 0
1787327042338 	 14 	 200 	 583 	 0
1787327042707 	 34 	 200 	 584 	 0
1787327042894 	 29 	 200 	 585 	 0
1787327043032 	 12 	 200 	 586 	 0
1787327043288 	 12 	 200 	 587 	 0
1787327043392 	 55 	 200 	 588 	 0
1787327043985 	 32 	 200 	 589 	 0
1787327044034 	 29 	 200 	 590 	 0
1787327044074 	 15 	 200 	 591 	 0
1787327044209 	 16 	 200 	 592 	 0
1787327044575 	 20 	 200 	 593 	 0
1787327045077 	 26 	 200 	 594 	 0
1787327045277 	 14 	 200 	 595 	 0
1787327045445 	 14 	 200 	 596 	 0
1787327045474 	 14 	 200 	 597 	 0
1787327045571 	 24 	 200 	 598 	 0
1787327045708 	 23 	 200 	 599 	 0
1787327045925 	 13 	 200 	 600 	 0
1787327046299 	 24 	 200 	 601 	 0
1787327046359 	 26 	 200 	 602 	 0
1787327046453 	 15 	 200 	 603 	 0
1787327046940 	 41 	 200 	 604 	 0
1787327047173 	 15 	 200 	 605 	 0
1787327047249 	 13 	 200 	 606 	 0
1787327047634 	 31 	 200 	 608 	 1
1787327047650 	 40 	 200 	 608 	 0
1787327048008 	 25 	 200 	 609 	 0
1787327048068 	 17 	 200 	 610 	 0
1787327048151 	 13 	 200 	 611 	 0
1787327048204 	 19 	 200 	 612 	 0
1787327048233 	 16 	 200 	 613 	 0
1787327048253 	 13 	 200 	 614 	 0
1787327048275 	 15 	 200 	 616 	 1
1787327048285 	 15 	 200 	 616 	 0
1787327048525 	 12 	 200 	 617 	 0
1787327048681 	 15 	 200 	 618 	 0
1787327048838 	 13 	 200 	 619 	 0
1787327048856 	 13 	 200 	 620 	 0
1787327048982 	 25 	 200 	 621 	 0
1787327049086 	 14 	 200 	 622 	 0
1787327049218 	 23 	 200 	 623 	 0
1787327049381 	 13 	 200 	 625 	 1
1787327049382 	 13 	 200 	 625 	 0
1787327050153 	 14 	 200 	 626 	 0
1787327050393 	 16 	 200 	 628 	 1
1787327050402 	 25 	 200 	 629 	 1
1787327050414 	 15 	 200 	 629 	 0
1787327050461 	 15 	 200 	 630 	 0
1787327050775 	 13 	 200 	 631 	 0
1787327050796 	 18 	 200 	 632 	 0
1787327050998 	 24 	 200 	 633 	 0
1787327051054 	 14 	 200 	 634 	 0
1787327051244 	 15 	 200 	 635 	 0
1787327051263 	 12 	 200 	 636 	 0
1787327051705 	 14 	 200 	 637 	 0
1787327051760 	 14 	 200 	 638 	 0
1787327052738 	 20 	 200 	 639 	 0
1787327052904 	 34 	 200 	 640 	 0
1787327053079 	 17 	 200 	 642 	 1
1787327053082 	 16 	 200 	 642 	 0
1787327053127 	 19 	 200 	 643 	 0
1787327053233 	 28 	 200 	 644 	 0
1787327053319 	 23 	 200 	 645 	 0
1787327054351 	 32 	 200 	 646 	 0
1787327054409 	 13 	 200 	 647 	 0
1787327054574 	 13 	 200 	 648 	 0
1787327054596 	 14 	 200 	 649 	 0
1787327054802 	 17 	 200 	 650 	 0
1787327054955 	 15 	 200 	 652 	 1
1787327054971 	 22 	 200 	 652 	 0
1787327055009 	 13 	 200 	 653 	 0
1787327055166 	 18 	 200 	 654 	 0
1787327055270 	 13 	 200 	 655 	 0
1787327055360 	 26 	 200 	 656 	 0
1787327055391 	 14 	 200 	 657 	 0
1787327055424 	 12 	 200 	 658 	 0
1787327055450 	 15 	 200 	 659 	 0
1787327055782 	 12 	 200 	 660 	 0
1787327055816 	 13 	 200 	 661 	 0
1787327056092 	 13 	 200 	 662 	 0
1787327056136 	 13 	 200 	 663 	 0
1787327056403 	 31 	 200 	 664 	 0
1787327056510 	 30 	 200 	 665 	 0
1787327057034 	 36 	 200 	 666 	 0
1787327057321 	 14 	 200 	 667 	 0
1787327057364 	 285 	 200 	 668 	 0
1787327057699 	 13 	 200 	 669 	 0
1787327057933 	 13 	 200 	 670 	 0
1787327058074 	 34 	 200 	 671 	 0
1787327058189 	 18 	 200 	 674 	 2
1787327058192 	 17 	 200 	 674 	 1
1787327058198 	 32 	 200 	 674 	 0
1787327058452 	 15 	 200 	 675 	 0
1787327058578 	 17 	 200 	 677 	 1
1787327058590 	 13 	 200 	 677 	 0
1787327058661 	 14 	 200 	 678 	 0
1787327058850 	 12 	 200 	 679 	 0
1787327058970 	 36 	 200 	 680 	 0
1787327059756 	 13 	 200 	 681 	 0
1787327060066 	 24 	 200 	 682 	 0
1787327060349 	 16 	 200 	 683 	 0
1787327060608 	 31 	 200 	 684 	 0
1787327060660 	 29 	 200 	 685 	 0
1787327060801 	 14 	 200 	 686 	 0
1787327061172 	 18 	 200 	 687 	 0
1787327061197 	 12 	 200 	 688 	 0
1787327061367 	 16 	 200 	 689 	 0
1787327061714 	 26 	 200 	 690 	 0
1787327062019 	 16 	 200 	 691 	 0
1787327062085 	 15 	 200 	 692 	 0
1787327062732 	 25 	 200 	 693 	 0
1787327063090 	 18 	 200 	 694 	 0
1787327063453 	 13 	 200 	 695 	 0
1787327063627 	 13 	 200 	 696 	 0
1787327063693 	 70 	 200 	 697 	 0
1787327064134 	 12 	 200 	 698 	 0
1787327064411 	 37 	 200 	 699 	 0
1787327064532 	 26 	 200 	 700 	 0
1787327065108 	 22 	 200 	 701 	 0
1787327065288 	 16 	 200 	 702 	 0
1787327065347 	 33 	 200 	 703 	 0
1787327065576 	 14 	 200 	 704 	 0
1787327066022 	 16 	 200 	 705 	 0
1787327066474 	 16 	 200 	 706 	 0
1787327066553 	 13 	 200 	 707 	 0
1787327066740 	 13 	 200 	 708 	 0
1787327066980 	 14 	 200 	 709 	 0
1787327067110 	 18 	 200 	 710 	 0
1787327067367 	 13 	 200 	 711 	 0
1787327067531 	 13 	 200 	 712 	 0
1787327067738 	 13 	 200 	 713 	 0
1787327067815 	 43 	 200 	 714 	 0
1787327068064 	 30 	 200 	 715 	 0
1787327068148 	 14 	 200 	 717 	 1
1787327068146 	 18 	 200 	 717 	 0
1787327068937 	 37 	 200 	 718 	 0
1787327069339 	 18 	 200 	 720 	 1
1787327069345 	 16 	 200 	 720 	 0
1787327069574 	 12 	 200 	 721 	 0
1787327070391 	 13 	 200 	 722 	 0
1787327070630 	 23 	 200 	 723 	 0
1787327071009 	 13 	 200 	 724 	 0
1787327071041 	 31 	 200 	 725 	 0
1787327071168 	 20 	 200 	 727 	 1
1787327071186 	 13 	 200 	 727 	 0
1787327071221 	 14 	 200 	 728 	 0
1787327071239 	 18 	 200 	 729 	 0
1787327071303 	 36 	 200 	 730 	 0
1787327071369 	 21 	 200 	 732 	 1
1787327071382 	 22 	 200 	 732 	 0
1787327071434 	 13 	 200 	 733 	 0
1787327071750 	 29 	 200 	 734 	 0
1787327071835 	 38 	 200 	 735 	 0
1787327071920 	 13 	 200 	 736 	 0
1787327071962 	 41 	 200 	 737 	 0
1787327072344 	 15 	 200 	 738 	 0
1787327072495 	 29 	 200 	 739 	 0
1787327072762 	 14 	 200 	 740 	 0
1787327072849 	 39 	 200 	 741 	 0
1787327073118 	 14 	 200 	 742 	 0
1787327073140 	 22 	 200 	 743 	 0
1787327073249 	 17 	 200 	 744 	 0
1787327073431 	 14 	 200 	 745 	 0
1787327073499 	 14 	 200 	 747 	 1
1787327073501 	 20 	 200 	 748 	 1
1787327073522 	 18 	 200 	 748 	 0
1787327073595 	 14 	 200 	 749 	 0
1787327075189 	 14 	 200 	 750 	 0
1787327075252 	 15 	 200 	 751 	 0
1787327075405 	 22 	 200 	 752 	 0
1787327075891 	 31 	 200 	 753 	 0
1787327076126 	 14 	 200 	 755 	 1
1787327076125 	 24 	 200 	 755 	 0
1787327076218 	 30 	 200 	 756 	 0
1787327076269 	 15 	 200 	 757 	 0
1787327076474 	 16 	 200 	 759 	 1
1787327076483 	 15 	 200 	 759 	 0
1787327077043 	 14 	 200 	 760 	 0
1787327077180 	 19 	 200 	 761 	 0
1787327077345 	 13 	 200 	 762 	 0
1787327077395 	 14 	 200 	 763 	 0
1787327077539 	 13 	 200 	 764 	 0
1787327077620 	 19 	 200 	 765 	 0
1787327078006 	 16 	 200 	 766 	 0
1787327078175 	 18 	 200 	 767 	 0
1787327078261 	 14 	 200 	 768 	 0
1787327078386 	 14 	 200 	 769 	 0
1787327078684 	 15 	 200 	 770 	 0
1787327078728 	 19 	 200 	 771 	 0
1787327078751 	 14 	 200 	 772 	 0
1787327078776 	 12 	 200 	 773 	 0
1787327079111 	 15 	 200 	 775 	 1
1787327079128 	 12 	 200 	 775 	 0
1787327079309 	 13 	 200 	 776 	 0
1787327079786 	 12 	 200 	 777 	 0
1787327080177 	 19 	 200 	 778 	 0
1787327080218 	 15 	 200 	 779 	 0
1787327080474 	 35 	 200 	 780 	 0
1787327081361 	 35 	 200 	 781 	 0
1787327081484 	 28 	 200 	 782 	 0
1787327081587 	 17 	 200 	 783 	 0
1787327082105 	 20 	 200 	 784 	 0
1787327082253 	 18 	 200 	 786 	 1
1787327082272 	 13 	 200 	 786 	 0
1787327082289 	 12 	 200 	 787 	 0
1787327082577 	 37 	 200 	 788 	 0
1787327083703 	 22 	 200 	 789 	 0
1787327083770 	 15 	 200 	 790 	 0
1787327083786 	 19 	 200 	 791 	 0
1787327084237 	 21 	 200 	 792 	 0
1787327084370 	 12 	 200 	 793 	 0
1787327084505 	 38 	 200 	 794 	 0
1787327084687 	 31 	 200 	 795 	 0
1787327084751 	 14 	 200 	 796 	 0
1787327085098 	 12 	 200 	 797 	 0
1787327085176 	 13 	 200 	 798 	 0
1787327085430 	 21 	 200 	 799 	 0
1787327085845 	 37 	 200 	 801 	 1
1787327085869 	 26 	 200 	 801 	 0
1787327085949 	 32 	 200 	 802 	 0
1787327086144 	 32 	 200 	 803 	 0
1787327086293 	 13 	 200 	 804 	 0
1787327086334 	 13 	 200 	 805 	 0
1787327086842 	 35 	 200 	 806 	 0
1787327087057 	 24 	 200 	 807 	 0
1787327087086 	 14 	 200 	 808 	 0
1787327087135 	 17 	 200 	 809 	 0
1787327087688 	 18 	 200 	 810 	 0
1787327088045 	 16 	 200 	 811 	 0
1787327088334 	 12 	 200 	 812 	 0
1787327088376 	 14 	 200 	 813 	 0
1787327088407 	 15 	 200 	 814 	 0
1787327088498 	 17 	 200 	 817 	 2
1787327088497 	 19 	 200 	 817 	 1
1787327088505 	 25 	 200 	 817 	 0
1787327088657 	 17 	 200 	 818 	 0
1787327088813 	 26 	 200 	 819 	 0
1787327089419 	 17 	 200 	 820 	 0
1787327089592 	 12 	 200 	 822 	 1
1787327089597 	 21 	 200 	 822 	 0
1787327089678 	 21 	 200 	 824 	 1
1787327089693 	 14 	 200 	 824 	 0
1787327089934 	 38 	 200 	 825 	 0
1787327090052 	 13 	 200 	 826 	 0
1787327090206 	 16 	 200 	 828 	 1
1787327090206 	 21 	 200 	 828 	 0
1787327090382 	 34 	 200 	 830 	 1
1787327090399 	 22 	 200 	 830 	 0
1787327090476 	 17 	 200 	 831 	 0
1787327090880 	 36 	 200 	 832 	 0
1787327090976 	 35 	 200 	 833 	 0
1787327091339 	 18 	 200 	 834 	 0
1787327091478 	 15 	 200 	 835 	 0
1787327091534 	 38 	 200 	 836 	 0
1787327091812 	 30 	 200 	 837 	 0
1787327091904 	 34 	 200 	 838 	 0
1787327091998 	 41 	 200 	 839 	 0
1787327092356 	 14 	 200 	 840 	 0
1787327092381 	 35 	 200 	 842 	 1
1787327092406 	 33 	 200 	 842 	 0
1787327092809 	 30 	 200 	 844 	 1
1787327092814 	 30 	 200 	 844 	 0
1787327093046 	 19 	 200 	 846 	 1
1787327093066 	 14 	 200 	 846 	 0
1787327093156 	 13 	 200 	 847 	 0
1787327093384 	 18 	 200 	 848 	 0
1787327093412 	 16 	 200 	 849 	 0
1787327093973 	 37 	 200 	 851 	 1
1787327093994 	 22 	 200 	 851 	 0
1787327094146 	 34 	 200 	 853 	 1
1787327094149 	 31 	 200 	 853 	 0
1787327094299 	 18 	 200 	 854 	 0
1787327094438 	 17 	 200 	 856 	 1
1787327094442 	 22 	 200 	 856 	 0
1787327094523 	 13 	 200 	 857 	 0
1787327094769 	 17 	 200 	 858 	 0
1787327094809 	 14 	 200 	 859 	 0
1787327095211 	 19 	 200 	 860 	 0
1787327095524 	 17 	 200 	 861 	 0
1787327095579 	 22 	 200 	 862 	 0
1787327095746 	 14 	 200 	 863 	 0
1787327096413 	 21 	 200 	 864 	 0
1787327096984 	 32 	 200 	 865 	 0
1787327097019 	 12 	 200 	 866 	 0
1787327097154 	 13 	 200 	 867 	 0
1787327097459 	 17 	 200 	 868 	 0
1787327097537 	 16 	 200 	 869 	 0
1787327097565 	 13 	 200 	 870 	 0
1787327097705 	 22 	 200 	 871 	 0
1787327097986 	 37 	 200 	 872 	 0
1787327098827 	 15 	 200 	 873 	 0
1787327098952 	 38 	 200 	 875 	 1
1787327098971 	 33 	 200 	 875 	 0
1787327099030 	 15 	 200 	 876 	 0
1787327099542 	 19 	 200 	 877 	 0
1787327099863 	 13 	 200 	 878 	 0
1787327100264 	 15 	 200 	 880 	 1
1787327100263 	 19 	 200 	 880 	 0
1787327100321 	 13 	 200 	 881 	 0
1787327100449 	 19 	 200 	 882 	 0
1787327100563 	 25 	 200 	 883 	 0
1787327100658 	 22 	 200 	 885 	 1
1787327100678 	 12 	 200 	 885 	 0
1787327100977 	 37 	 200 	 886 	 0
1787327101035 	 13 	 200 	 887 	 0
1787327101395 	 21 	 200 	 888 	 0
1787327101509 	 22 	 200 	 889 	 0
1787327101652 	 35 	 200 	 890 	 0
1787327102182 	 15 	 200 	 891 	 0
1787327102453 	 31 	 200 	 892 	 0
1787327102561 	 13 	 200 	 893 	 0
1787327103856 	 21 	 200 	 894 	 0
1787327104321 	 16 	 200 	 895 	 0
1787327104822 	 31 	 200 	 896 	 0
1787327104934 	 12 	 200 	 897 	 0
1787327105044 	 14 	 200 	 898 	 0
1787327105297 	 31 	 200 	 899 	 0
1787327105670 	 21 	 200 	 900 	 0
1787327105726 	 37 	 200 	 901 	 0
1787327105768 	 22 	 200 	 902 	 0
1787327106089 	 19 	 200 	 904 	 1
1787327106103 	 16 	 200 	 904 	 0
1787327106574 	 14 	 200 	 905 	 0
1787327106688 	 13 	 200 	 906 	 0
1787327106750 	 14 	 200 	 907 	 0
1787327107684 	 14 	 200 	 908 	 0
1787327107976 	 21 	 200 	 909 	 0
1787327108454 	 31 	 200 	 910 	 0
1787327108585 	 14 	 200 	 911 	 0
1787327108824 	 14 	 200 	 912 	 0
1787327108965 	 36 	 200 	 913 	 0
1787327109080 	 16 	 200 	 914 	 0
1787327109217 	 13 	 200 	 915 	 0
1787327109266 	 16 	 200 	 916 	 0
1787327109713 	 27 	 200 	 917 	 0
1787327109901 	 22 	 200 	 918 	 0
1787327109940 	 12 	 200 	 919 	 0
1787327110419 	 20 	 200 	 920 	 0
1787327110550 	 31 	 200 	 921 	 0
1787327110752 	 12 	 200 	 922 	 0
1787327110845 	 19 	 200 	 923 	 0
1787327111110 	 18 	 200 	 924 	 0
1787327111280 	 13 	 200 	 925 	 0
1787327111336 	 15 	 200 	 927 	 1
1787327111348 	 15 	 200 	 927 	 0
1787327111679 	 27 	 200 	 928 	 0
1787327111738 	 349 	 200 	 929 	 0
1787327112150 	 30 	 200 	 932 	 2
1787327112168 	 27 	 200 	 932 	 1
1787327112171 	 25 	 200 	 932 	 0
1787327112257 	 13 	 200 	 933 	 0
1787327112402 	 14 	 200 	 934 	 0
1787327112661 	 13 	 200 	 935 	 0
1787327113050 	 14 	 200 	 936 	 0
1787327113639 	 25 	 200 	 937 	 0
1787327113723 	 13 	 200 	 938 	 0
1787327114071 	 17 	 200 	 939 	 0
1787327114188 	 13 	 200 	 940 	 0
1787327114215 	 12 	 200 	 941 	 0
1787327114294 	 14 	 200 	 942 	 0
1787327114345 	 15 	 200 	 943 	 0
1787327114424 	 21 	 200 	 944 	 0
1787327114491 	 13 	 200 	 945 	 0
1787327114508 	 14 	 200 	 946 	 0
1787327114606 	 21 	 200 	 947 	 0
1787327115343 	 15 	 200 	 948 	 0
1787327115632 	 13 	 200 	 949 	 0
1787327115831 	 20 	 200 	 950 	 0
1787327115872 	 15 	 200 	 951 	 0
1787327115938 	 15 	 200 	 952 	 0
1787327116164 	 14 	 200 	 953 	 0
1787327116436 	 16 	 200 	 954 	 0
1787327116562 	 16 	 200 	 955 	 0
1787327116981 	 30 	 200 	 956 	 0
1787327117128 	 13 	 200 	 957 	 0
1787327117397 	 37 	 200 	 958 	 0
1787327117772 	 17 	 200 	 959 	 0
1787327118392 	 28 	 200 	 960 	 0
1787327118504 	 33 	 200 	 961 	 0
1787327118569 	 15 	 200 	 962 	 0
1787327118834 	 15 	 200 	 963 	 0
1787327119145 	 19 	 200 	 964 	 0
1787327119193 	 15 	 200 	 965 	 0
1787327119229 	 16 	 200 	 966 	 0
1787327119652 	 15 	 200 	 967 	 0
1787327119703 	 15 	 200 	 968 	 0
1787327119941 	 33 	 200 	 970 	 1
1787327119959 	 26 	 200 	 970 	 0
1787327120035 	 24 	 200 	 971 	 0
1787327120120 	 14 	 200 	 972 	 0
1787327120229 	 12 	 200 	 973 	 0
1787327120560 	 45 	 200 	 974 	 0
1787327120847 	 38 	 200 	 975 	 0
1787327121058 	 13 	 200 	 976 	 0
1787327121078 	 13 	 200 	 977 	 0
1787327121249 	 16 	 200 	 978 	 0
1787327121277 	 13 	 200 	 979 	 0
1787327121392 	 19 	 200 	 980 	 0
1787327121570 	 23 	 200 	 981 	 0
1787327121917 	 18 	 200 	 982 	 0
1787327122920 	 16 	 200 	 983 	 0
1787327123123 	 17 	 200 	 984 	 0
1787327123301 	 13 	 200 	 985 	 0
1787327123356 	 20 	 200 	 986 	 0
1787327123757 	 17 	 200 	 988 	 1
1787327123770 	 13 	 200 	 988 	 0
1787327123863 	 16 	 200 	 989 	 0
1787327124137 	 33 	 200 	 991 	 1
1787327124157 	 30 	 200 	 991 	 0
1787327124453 	 13 	 200 	 992 	 0
1787327124570 	 15 	 200 	 994 	 1
1787327124576 	 22 	 200 	 994 	 0
1787327124673 	 22 	 200 	 995 	 0
1787327125028 	 26 	 200 	 996 	 0
1787327125562 	 35 	 200 	 997 	 0
1787327126136 	 12 	 200 	 998 	 0
1787327126174 	 13 	 200 	 999 	 0
1787327126344 	 18 	 200 	 1000 	 0
1787327126422 	 12 	 200 	 1001 	 0
1787327127078 	 20 	 200 	 1002 	 0
1787327127160 	 16 	 200 	 1003 	 0
1787327127448 	 38 	 200 	 1004 	 0
1787327127552 	 14 	 200 	 1005 	 0
1787327127970 	 13 	 200 	 1006 	 0
1787327128710 	 15 	 200 	 1007 	 0
1787327128744 	 14 	 200 	 1008 	 0
1787327128880 	 37 	 200 	 1009 	 0
1787327129162 	 14 	 200 	 1010 	 0
1787327129186 	 14 	 200 	 1011 	 0
1787327129245 	 13 	 200 	 1012 	 0
1787327129421 	 16 	 200 	 1013 	 0
1787327129454 	 14 	 200 	 1014 	 0
1787327129628 	 14 	 200 	 1015 	 0
1787327129674 	 20 	 200 	 1016 	 0
1787327130166 	 41 	 200 	 1018 	 1
1787327130200 	 15 	 200 	 1018 	 0
1787327130398 	 37 	 200 	 1019 	 0
1787327130611 	 25 	 200 	 1020 	 0
1787327130977 	 33 	 200 	 1022 	 1
1787327130989 	 31 	 200 	 1022 	 0
1787327131408 	 14 	 200 	 1023 	 0
1787327131556 	 14 	 200 	 1024 	 0
1787327131942 	 38 	 200 	 1025 	 0
1787327132642 	 28 	 200 	 1026 	 0
1787327132676 	 25 	 200 	 1028 	 1
1787327132677 	 27 	 200 	 1028 	 0
1787327132847 	 33 	 200 	 1029 	 0
1787327132901 	 30 	 200 	 1030 	 0
1787327132945 	 13 	 200 	 1031 	 0
1787327133096 	 34 	 200 	 1032 	 0
1787327133950 	 32 	 200 	 1033 	 0
1787327134038 	 13 	 200 	 1034 	 0
1787327134267 	 14 	 200 	 1035 	 0
1787327134931 	 21 	 200 	 1036 	 0
1787327135187 	 24 	 200 	 1037 	 0
1787327135233 	 18 	 200 	 1038 	 0
1787327135438 	 15 	 200 	 1039 	 0
1787327135477 	 13 	 200 	 1040 	 0
1787327135858 	 35 	 200 	 1041 	 0
1787327135918 	 32 	 200 	 1042 	 0
1787327136078 	 32 	 200 	 1043 	 0
1787327136223 	 16 	 200 	 1044 	 0
1787327136809 	 16 	 200 	 1045 	 0
1787327137292 	 13 	 200 	 1046 	 0
1787327137441 	 34 	 200 	 1047 	 0
1787327137656 	 29 	 200 	 1048 	 0
1787327137920 	 13 	 200 	 1049 	 0
1787327138334 	 28 	 200 	 1050 	 0
1787327138526 	 24 	 200 	 1052 	 1
1787327138542 	 14 	 200 	 1052 	 0
1787327138880 	 19 	 200 	 1054 	 1
1787327138884 	 23 	 200 	 1054 	 0
1787327138954 	 15 	 200 	 1055 	 0
1787327139156 	 14 	 200 	 1056 	 0
1787327139663 	 15 	 200 	 1057 	 0
1787327139738 	 18 	 200 	 1058 	 0
1787327139841 	 36 	 200 	 1059 	 0
1787327140043 	 25 	 200 	 1060 	 0
1787327140620 	 13 	 200 	 1061 	 0
1787327140650 	 14 	 200 	 1062 	 0
1787327140717 	 14 	 200 	 1063 	 0
1787327141218 	 65 	 200 	 1064 	 0
1787327141314 	 13 	 200 	 1065 	 0
1787327141816 	 38 	 200 	 1067 	 1
1787327141841 	 27 	 200 	 1067 	 0
1787327141893 	 30 	 200 	 1068 	 0
1787327142178 	 14 	 200 	 1069 	 0
1787327142386 	 16 	 200 	 1070 	 0
1787327142679 	 20 	 200 	 1071 	 0
1787327142729 	 22 	 200 	 1072 	 0
1787327142834 	 30 	 200 	 1073 	 0
1787327143047 	 22 	 200 	 1074 	 0
1787327143091 	 15 	 200 	 1075 	 0
1787327143219 	 16 	 200 	 1076 	 0
1787327144213 	 13 	 200 	 1077 	 0
1787327144236 	 13 	 200 	 1078 	 0
1787327144407 	 16 	 200 	 1079 	 0
1787327144442 	 13 	 200 	 1080 	 0
1787327144847 	 34 	 200 	 1081 	 0
1787327144914 	 38 	 200 	 1083 	 1
1787327144930 	 44 	 200 	 1083 	 0
1787327145282 	 13 	 200 	 1084 	 0
1787327145337 	 20 	 200 	 1085 	 0
1787327145472 	 14 	 200 	 1086 	 0
1787327145901 	 34 	 200 	 1087 	 0
1787327146874 	 31 	 200 	 1088 	 0
1787327147006 	 34 	 200 	 1089 	 0
1787327147087 	 20 	 200 	 1090 	 0
1787327147511 	 14 	 200 	 1091 	 0
1787327147717 	 18 	 200 	 1092 	 0
1787327147818 	 357 	 200 	 1093 	 0
1787327148219 	 13 	 200 	 1094 	 0
1787327148447 	 13 	 200 	 1095 	 0
1787327148516 	 13 	 200 	 1096 	 0
1787327148534 	 14 	 200 	 1097 	 0
1787327148607 	 12 	 200 	 1098 	 0
1787327148977 	 12 	 200 	 1099 	 0
1787327149023 	 22 	 200 	 1100 	 0
1787327149184 	 16 	 200 	 1101 	 0
1787327149426 	 13 	 200 	 1102 	 0
1787327149522 	 29 	 200 	 1103 	 0
1787327149573 	 16 	 200 	 1104 	 0
1787327149854 	 22 	 200 	 1105 	 0
1787327150251 	 15 	 200 	 1106 	 0
1787327150424 	 37 	 200 	 1107 	 0
1787327150570 	 14 	 200 	 1108 	 0
1787327150749 	 24 	 200 	 1109 	 0
1787327150785 	 13 	 200 	 1111 	 1
1787327150794 	 12 	 200 	 1111 	 0
1787327150972 	 19 	 200 	 1112 	 0
1787327151034 	 77 	 200 	 1114 	 1
1787327151103 	 15 	 200 	 1114 	 0
1787327151139 	 14 	 200 	 1115 	 0
1787327151684 	 16 	 200 	 1117 	 1
1787327151697 	 17 	 200 	 1117 	 0
1787327151865 	 34 	 200 	 1118 	 0
1787327152144 	 21 	 200 	 1119 	 0
1787327152186 	 14 	 200 	 1120 	 0
1787327152304 	 42 	 200 	 1121 	 0
1787327152784 	 28 	 200 	 1122 	 0
1787327152916 	 34 	 200 	 1123 	 0
1787327153222 	 14 	 200 	 1124 	 0
1787327153296 	 14 	 200 	 1125 	 0
1787327153569 	 19 	 200 	 1126 	 0
1787327153736 	 13 	 200 	 1127 	 0
1787327153810 	 57 	 200 	 1128 	 0
1787327154060 	 22 	 200 	 1129 	 0
1787327154170 	 13 	 200 	 1130 	 0
1787327154208 	 14 	 200 	 1131 	 0
1787327154362 	 18 	 200 	 1132 	 0
1787327154655 	 12 	 200 	 1133 	 0
1787327154970 	 25 	 200 	 1134 	 0
1787327155318 	 15 	 200 	 1135 	 0
1787327155663 	 22 	 200 	 1136 	 0
1787327155715 	 28 	 200 	 1137 	 0
1787327155848 	 31 	 200 	 1138 	 0
1787327156051 	 25 	 200 	 1139 	 0
1787327156168 	 16 	 200 	 1140 	 0
1787327156342 	 13 	 200 	 1142 	 1
1787327156347 	 15 	 200 	 1142 	 0
1787327156387 	 14 	 200 	 1143 	 0
1787327156467 	 24 	 200 	 1144 	 0
1787327157406 	 22 	 200 	 1145 	 0
1787327157733 	 14 	 200 	 1147 	 1
1787327157741 	 25 	 200 	 1147 	 0
1787327157810 	 35 	 200 	 1148 	 0
1787327158110 	 20 	 200 	 1149 	 0
1787327158293 	 15 	 200 	 1150 	 0
1787327158399 	 14 	 200 	 1151 	 0
1787327158436 	 13 	 200 	 1153 	 1
1787327158448 	 12 	 200 	 1153 	 0
1787327158524 	 13 	 200 	 1154 	 0
1787327158657 	 13 	 200 	 1155 	 0
1787327158913 	 24 	 200 	 1156 	 0
1787327159760 	 13 	 200 	 1157 	 0
1787327160544 	 37 	 200 	 1158 	 0
1787327160743 	 18 	 200 	 1159 	 0
1787327160782 	 23 	 200 	 1160 	 0
1787327160989 	 13 	 200 	 1161 	 0
1787327161349 	 15 	 200 	 1162 	 0
1787327161771 	 16 	 200 	 1163 	 0
1787327162146 	 12 	 200 	 1164 	 0
1787327162420 	 14 	 200 	 1165 	 0
1787327162555 	 31 	 200 	 1167 	 1
1787327162584 	 19 	 200 	 1167 	 0
1787327162668 	 34 	 200 	 1168 	 0
1787327162756 	 14 	 200 	 1169 	 0
1787327162859 	 33 	 200 	 1170 	 0
1787327163476 	 24 	 200 	 1171 	 0
1787327164961 	 34 	 200 	 1172 	 0
1787327165115 	 15 	 200 	 1173 	 0
1787327165326 	 28 	 200 	 1174 	 0
1787327165518 	 20 	 200 	 1175 	 0
1787327165679 	 13 	 200 	 1177 	 1
1787327165694 	 15 	 200 	 1177 	 0
1787327165796 	 25 	 200 	 1178 	 0
1787327166080 	 31 	 200 	 1179 	 0
1787327166564 	 13 	 200 	 1180 	 0
1787327166614 	 13 	 200 	 1181 	 0
1787327167400 	 13 	 200 	 1182 	 0
1787327168400 	 15 	 200 	 1183 	 0
1787327168707 	 21 	 200 	 1184 	 0
1787327169002 	 20 	 200 	 1185 	 0
1787327169075 	 13 	 200 	 1186 	 0
1787327169107 	 16 	 200 	 1187 	 0
1787327169325 	 15 	 200 	 1188 	 0
1787327169557 	 12 	 200 	 1189 	 0
1787327169814 	 16 	 200 	 1190 	 0
1787327170155 	 15 	 200 	 1192 	 1
1787327170134 	 44 	 200 	 1192 	 0
1787327170711 	 13 	 200 	 1193 	 0
1787327170746 	 17 	 200 	 1194 	 0
1787327171196 	 21 	 200 	 1195 	 0
1787327171240 	 14 	 200 	 1196 	 0
1787327171377 	 18 	 200 	 1197 	 0
1787327171703 	 14 	 200 	 1198 	 0
1787327171889 	 44 	 200 	 1200 	 1
1787327171887 	 48 	 200 	 1200 	 0
1787327171955 	 14 	 200 	 1201 	 0
1787327172015 	 88 	 200 	 1202 	 0
1787327172169 	 15 	 200 	 1203 	 0
1787327172270 	 13 	 200 	 1204 	 0
1787327172367 	 14 	 200 	 1205 	 0
1787327172753 	 13 	 200 	 1206 	 0
1787327173083 	 43 	 200 	 1208 	 1
1787327173085 	 70 	 200 	 1208 	 0
1787327173183 	 20 	 200 	 1209 	 0
1787327173447 	 13 	 200 	 1210 	 0
1787327173613 	 21 	 200 	 1211 	 0
1787327173648 	 15 	 200 	 1212 	 0
1787327174099 	 16 	 200 	 1214 	 1
1787327174081 	 76 	 200 	 1214 	 0
1787327174347 	 15 	 200 	 1215 	 0
1787327174449 	 17 	 200 	 1216 	 0
1787327174856 	 17 	 200 	 1217 	 0
1787327174877 	 12 	 200 	 1218 	 0
1787327175364 	 13 	 200 	 1219 	 0
1787327175481 	 49 	 200 	 1221 	 1
1787327175499 	 33 	 200 	 1221 	 0
1787327175594 	 15 	 200 	 1223 	 1
1787327175601 	 40 	 200 	 1224 	 1
1787327175613 	 29 	 200 	 1224 	 0
1787327176047 	 12 	 200 	 1225 	 0
1787327176106 	 31 	 200 	 1226 	 0
1787327176625 	 15 	 200 	 1227 	 0
1787327176735 	 19 	 200 	 1228 	 0
1787327176819 	 19 	 200 	 1229 	 0
1787327176865 	 37 	 200 	 1230 	 0
1787327178099 	 34 	 200 	 1231 	 0
1787327178144 	 14 	 200 	 1232 	 0
1787327178241 	 14 	 200 	 1233 	 0
1787327178418 	 14 	 200 	 1234 	 0
1787327178541 	 14 	 200 	 1235 	 0
1787327178583 	 14 	 200 	 1236 	 0
1787327179029 	 12 	 200 	 1237 	 0
1787327179121 	 14 	 200 	 1238 	 0
1787327179160 	 27 	 200 	 1239 	 0
1787327179517 	 17 	 200 	 1240 	 0
1787327180242 	 16 	 200 	 1241 	 0
1787327180805 	 22 	 200 	 1242 	 0
1787327180993 	 30 	 200 	 1243 	 0
1787327181273 	 13 	 200 	 1244 	 0
1787327181433 	 15 	 200 	 1245 	 0
1787327181617 	 17 	 200 	 1246 	 0
1787327181778 	 19 	 200 	 1247 	 0
1787327181901 	 23 	 200 	 1248 	 0
1787327182096 	 28 	 200 	 1249 	 0
1787327182170 	 16 	 200 	 1250 	 0
1787327182985 	 51 	 200 	 1251 	 0
1787327183311 	 14 	 200 	 1253 	 1
1787327183324 	 12 	 200 	 1253 	 0
1787327183388 	 12 	 200 	 1254 	 0
1787327183723 	 20 	 200 	 1255 	 0
1787327183925 	 14 	 200 	 1256 	 0
1787327184127 	 14 	 200 	 1257 	 0
1787327184326 	 15 	 200 	 1258 	 0
1787327184389 	 14 	 200 	 1259 	 0
1787327184437 	 12 	 200 	 1260 	 0
1787327184505 	 17 	 200 	 1262 	 1
1787327184516 	 19 	 200 	 1262 	 0
1787327184989 	 36 	 200 	 1265 	 2
1787327184994 	 35 	 200 	 1265 	 1
1787327185002 	 31 	 200 	 1265 	 0
1787327185100 	 19 	 200 	 1266 	 0
1787327185681 	 15 	 200 	 1267 	 0
1787327185983 	 16 	 200 	 1268 	 0
1787327186478 	 17 	 200 	 1269 	 0
1787327186791 	 17 	 200 	 1270 	 0
1787327186826 	 13 	 200 	 1271 	 0
1787327186857 	 13 	 200 	 1272 	 0
1787327187841 	 35 	 200 	 1273 	 0
1787327187997 	 27 	 200 	 1274 	 0
1787327188045 	 15 	 200 	 1275 	 0
1787327188479 	 40 	 200 	 1276 	 0
1787327188988 	 36 	 200 	 1278 	 1
1787327189002 	 26 	 200 	 1278 	 0
1787327189418 	 15 	 200 	 1279 	 0
1787327189459 	 12 	 200 	 1280 	 0
1787327189482 	 14 	 200 	 1281 	 0
1787327189610 	 13 	 200 	 1282 	 0
1787327189628 	 15 	 200 	 1283 	 0
1787327189895 	 36 	 200 	 1284 	 0
1787327190085 	 21 	 200 	 1285 	 0
1787327191026 	 22 	 200 	 1287 	 1
1787327191044 	 13 	 200 	 1287 	 0
1787327191136 	 16 	 200 	 1288 	 0
1787327191387 	 16 	 200 	 1289 	 0
1787327191490 	 20 	 200 	 1290 	 0
1787327191570 	 24 	 200 	 1291 	 0
1787327192137 	 23 	 200 	 1292 	 0
1787327192305 	 24 	 200 	 1294 	 1
1787327192305 	 32 	 200 	 1294 	 0
1787327192606 	 14 	 200 	 1295 	 0
1787327192968 	 29 	 200 	 1297 	 1
1787327192997 	 13 	 200 	 1297 	 0
1787327193139 	 14 	 200 	 1298 	 0
1787327193244 	 16 	 200 	 1299 	 0
1787327193754 	 14 	 200 	 1300 	 0
1787327193782 	 20 	 200 	 1301 	 0
1787327193936 	 59 	 200 	 1302 	 0
1787327194284 	 14 	 200 	 1303 	 0
1787327194328 	 12 	 200 	 1304 	 0
1787327194531 	 14 	 200 	 1305 	 0
1787327194623 	 13 	 200 	 1306 	 0
1787327194786 	 13 	 200 	 1307 	 0
1787327194811 	 16 	 200 	 1308 	 0
1787327194897 	 28 	 200 	 1309 	 0
1787327194988 	 35 	 200 	 1310 	 0
1787327195198 	 23 	 200 	 1311 	 0
1787327195371 	 30 	 200 	 1312 	 0
1787327195409 	 13 	 200 	 1313 	 0
1787327195785 	 16 	 200 	 1314 	 0
1787327195821 	 12 	 200 	 1315 	 0
1787327195857 	 14 	 200 	 1316 	 0
1787327196266 	 12 	 200 	 1317 	 0
1787327196420 	 14 	 200 	 1318 	 0
1787327196480 	 29 	 200 	 1319 	 0
1787327196562 	 27 	 200 	 1320 	 0
1787327196836 	 12 	 200 	 1321 	 0
1787327197321 	 17 	 200 	 1322 	 0
1787327197586 	 17 	 200 	 1323 	 0
1787327197757 	 14 	 200 	 1324 	 0
1787327198178 	 30 	 200 	 1325 	 0
1787327198234 	 12 	 200 	 1326 	 0
1787327198986 	 30 	 200 	 1327 	 0
1787327199198 	 23 	 200 	 1328 	 0
1787327199233 	 16 	 200 	 1329 	 0
1787327199393 	 22 	 200 	 1330 	 0
1787327199468 	 30 	 200 	 1331 	 0
1787327199590 	 12 	 200 	 1332 	 0
1787327199782 	 12 	 200 	 1333 	 0
1787327199886 	 18 	 200 	 1334 	 0
1787327199995 	 34 	 200 	 1336 	 1
1787327200025 	 16 	 200 	 1336 	 0
1787327200075 	 18 	 200 	 1337 	 0
1787327200856 	 38 	 200 	 1338 	 0
1787327200950 	 14 	 200 	 1339 	 0
1787327201341 	 14 	 200 	 1340 	 0
1787327201563 	 12 	 200 	 1341 	 0
1787327201698 	 18 	 200 	 1342 	 0
1787327201928 	 17 	 200 	 1343 	 0
1787327202273 	 12 	 200 	 1344 	 0
1787327202291 	 12 	 200 	 1345 	 0
1787327202539 	 16 	 200 	 1346 	 0
1787327202600 	 15 	 200 	 1347 	 0
1787327202786 	 13 	 200 	 1348 	 1
1787327202800 	 16 	 200 	 1350 	 1
1787327202813 	 17 	 200 	 1350 	 0
1787327202920 	 15 	 200 	 1351 	 0
1787327203130 	 15 	 200 	 1353 	 1
1787327203146 	 13 	 200 	 1353 	 0
1787327203166 	 27 	 200 	 1354 	 0
1787327203213 	 14 	 200 	 1355 	 0
1787327203269 	 15 	 200 	 1356 	 0
1787327203652 	 14 	 200 	 1357 	 0
1787327204008 	 33 	 200 	 1358 	 0
1787327204117 	 14 	 200 	 1359 	 0
1787327204193 	 22 	 200 	 1360 	 0
1787327204329 	 15 	 200 	 1361 	 0
1787327204459 	 13 	 200 	 1362 	 0
1787327204670 	 14 	 200 	 1364 	 1
1787327204672 	 21 	 200 	 1364 	 0
1787327204787 	 13 	 200 	 1365 	 0
1787327204895 	 27 	 200 	 1367 	 1
1787327204923 	 18 	 200 	 1367 	 0
1787327205346 	 17 	 200 	 1368 	 0
1787327205421 	 17 	 200 	 1369 	 0
1787327205875 	 35 	 200 	 1370 	 0
1787327206352 	 13 	 200 	 1371 	 0
1787327206419 	 19 	 200 	 1372 	 0
1787327206486 	 17 	 200 	 1373 	 0
1787327206563 	 30 	 200 	 1374 	 0
1787327206782 	 13 	 200 	 1375 	 0
1787327207041 	 32 	 200 	 1376 	 0
1787327207147 	 18 	 200 	 1377 	 0
1787327207650 	 14 	 200 	 1378 	 0
1787327207799 	 32 	 200 	 1379 	 0
1787327208027 	 23 	 200 	 1380 	 0
1787327208224 	 14 	 200 	 1381 	 0
1787327208242 	 12 	 200 	 1382 	 0
1787327208388 	 14 	 200 	 1383 	 0
1787327209121 	 13 	 200 	 1384 	 0
1787327209385 	 21 	 200 	 1387 	 2
1787327209366 	 44 	 200 	 1387 	 1
1787327209368 	 73 	 200 	 1387 	 0
1787327209517 	 12 	 200 	 1388 	 0
1787327209539 	 15 	 200 	 1389 	 0
1787327209655 	 12 	 200 	 1390 	 0
1787327210310 	 19 	 200 	 1391 	 0
1787327210752 	 42 	 200 	 1392 	 0
1787327210917 	 16 	 200 	 1393 	 0
1787327211200 	 14 	 200 	 1394 	 0
1787327211280 	 14 	 200 	 1396 	 1
1787327211284 	 18 	 200 	 1396 	 0
1787327211744 	 13 	 200 	 1397 	 0
1787327211930 	 18 	 200 	 1398 	 0
1787327211977 	 33 	 200 	 1399 	 0
1787327212497 	 33 	 200 	 1400 	 0
1787327212537 	 12 	 200 	 1401 	 0
1787327212737 	 14 	 200 	 1402 	 0
1787327212854 	 19 	 200 	 1403 	 0
1787327213025 	 19 	 200 	 1404 	 0
1787327213141 	 14 	 200 	 1405 	 0
1787327213920 	 42 	 200 	 1406 	 0
1787327214118 	 14 	 200 	 1407 	 0
1787327214855 	 15 	 200 	 1408 	 0
1787327215395 	 15 	 200 	 1409 	 0
1787327215644 	 18 	 200 	 1411 	 1
1787327215653 	 16 	 200 	 1411 	 0
1787327215916 	 14 	 200 	 1412 	 0
1787327215974 	 13 	 200 	 1413 	 0
1787327216674 	 14 	 200 	 1414 	 0
1787327216808 	 22 	 200 	 1415 	 0
1787327216906 	 31 	 200 	 1416 	 0
1787327216947 	 13 	 200 	 1417 	 0
1787327217424 	 13 	 200 	 1418 	 0
1787327217443 	 24 	 200 	 1419 	 0
1787327217791 	 13 	 200 	 1420 	 0
1787327218163 	 24 	 200 	 1421 	 0
1787327218279 	 12 	 200 	 1422 	 0
1787327218319 	 15 	 200 	 1424 	 1
1787327218333 	 13 	 200 	 1424 	 0
1787327218357 	 12 	 200 	 1425 	 0
1787327218374 	 13 	 200 	 1426 	 0
1787327218391 	 13 	 200 	 1427 	 0
1787327218439 	 13 	 200 	 1428 	 0
1787327218678 	 14 	 200 	 1429 	 0
1787327219041 	 13 	 200 	 1430 	 0
1787327219568 	 17 	 200 	 1431 	 0
1787327219767 	 19 	 200 	 1432 	 0
1787327219812 	 17 	 200 	 1433 	 0
1787327219949 	 12 	 200 	 1434 	 0
1787327220070 	 20 	 200 	 1435 	 0
1787327220653 	 32 	 200 	 1437 	 1
1787327220659 	 30 	 200 	 1437 	 0
1787327220905 	 15 	 200 	 1438 	 0
1787327221165 	 17 	 200 	 1439 	 0
1787327221229 	 13 	 200 	 1440 	 0
1787327221354 	 13 	 200 	 1442 	 1
1787327221363 	 24 	 200 	 1442 	 0
1787327221667 	 14 	 200 	 1443 	 0
1787327221894 	 31 	 200 	 1444 	 0
1787327221985 	 14 	 200 	 1445 	 0
1787327222345 	 13 	 200 	 1446 	 0
1787327222369 	 13 	 200 	 1447 	 0
1787327222493 	 17 	 200 	 1448 	 0
1787327222816 	 14 	 200 	 1449 	 0
1787327223007 	 33 	 200 	 1450 	 0
1787327223281 	 14 	 200 	 1451 	 0
1787327224174 	 21 	 200 	 1452 	 0
1787327224344 	 15 	 200 	 1453 	 0
1787327224539 	 15 	 200 	 1454 	 0
1787327224579 	 12 	 200 	 1455 	 0
1787327224783 	 12 	 200 	 1456 	 0
1787327225219 	 16 	 200 	 1457 	 0
1787327225269 	 12 	 200 	 1458 	 0
1787327225312 	 15 	 200 	 1459 	 0
1787327225348 	 13 	 200 	 1460 	 0
1787327225770 	 12 	 200 	 1461 	 0
1787327225869 	 22 	 200 	 1462 	 0
1787327225911 	 12 	 200 	 1463 	 0
1787327226483 	 34 	 200 	 1464 	 0
1787327227034 	 19 	 200 	 1465 	 0
1787327227216 	 14 	 200 	 1466 	 0
1787327227249 	 13 	 200 	 1467 	 0
1787327227396 	 13 	 200 	 1468 	 0
1787327227679 	 36 	 200 	 1470 	 1
1787327227702 	 23 	 200 	 1470 	 0
1787327227778 	 13 	 200 	 1471 	 0
1787327227816 	 12 	 200 	 1472 	 0
1787327227909 	 25 	 200 	 1473 	 0
1787327228195 	 17 	 200 	 1474 	 0
1787327228558 	 17 	 200 	 1475 	 0
1787327229405 	 13 	 200 	 1476 	 0
1787327229479 	 33 	 200 	 1477 	 0
1787327229666 	 13 	 200 	 1478 	 0
1787327229831 	 13 	 200 	 1479 	 0
1787327229942 	 26 	 200 	 1480 	 0
1787327230494 	 22 	 200 	 1481 	 0
1787327230987 	 35 	 200 	 1482 	 0
1787327231781 	 13 	 200 	 1483 	 0
1787327231954 	 26 	 200 	 1484 	 0
1787327232105 	 32 	 200 	 1486 	 1
1787327232121 	 27 	 200 	 1486 	 0
1787327232365 	 26 	 200 	 1487 	 0
1787327232400 	 12 	 200 	 1488 	 0
1787327232820 	 21 	 200 	 1489 	 0
1787327233278 	 13 	 200 	 1490 	 0
1787327233576 	 28 	 200 	 1491 	 0
1787327233890 	 16 	 200 	 1492 	 0
1787327234003 	 32 	 200 	 1493 	 0
1787327234667 	 38 	 200 	 1494 	 0
1787327234732 	 14 	 200 	 1495 	 0
1787327235069 	 21 	 200 	 1496 	 0
1787327235267 	 13 	 200 	 1497 	 0
1787327235408 	 19 	 200 	 1498 	 0
1787327235494 	 33 	 200 	 1499 	 0
1787327235881 	 21 	 200 	 1500 	 0
1787327236423 	 30 	 200 	 1501 	 0
1787327236491 	 15 	 200 	 1502 	 0
1787327236547 	 25 	 200 	 1503 	 0
1787327236753 	 16 	 200 	 1504 	 0
1787327236914 	 27 	 200 	 1505 	 0
1787327237483 	 21 	 200 	 1506 	 0
1787327237650 	 14 	 200 	 1508 	 1
1787327237656 	 21 	 200 	 1508 	 0
1787327238237 	 14 	 200 	 1510 	 1
1787327238493 	 12 	 200 	 1511 	 1
1787327238172 	 343 	 200 	 1511 	 0
1787327238644 	 15 	 200 	 1512 	 0
1787327238719 	 17 	 200 	 1514 	 1
1787327238723 	 15 	 200 	 1514 	 0
1787327238819 	 17 	 200 	 1515 	 0
1787327238872 	 29 	 200 	 1516 	 0
1787327239292 	 13 	 200 	 1517 	 0
1787327239324 	 14 	 200 	 1518 	 0
1787327239454 	 12 	 200 	 1519 	 0
1787327239693 	 15 	 200 	 1520 	 0
1787327240192 	 14 	 200 	 1521 	 0
1787327240305 	 21 	 200 	 1522 	 0
1787327240387 	 15 	 200 	 1523 	 0
1787327240506 	 30 	 200 	 1524 	 0
1787327240635 	 39 	 200 	 1525 	 0
1787327240811 	 30 	 200 	 1526 	 0
1787327240968 	 12 	 200 	 1527 	 0
1787327241393 	 15 	 200 	 1528 	 0
1787327241481 	 15 	 200 	 1529 	 0
1787327241525 	 13 	 200 	 1530 	 0
1787327241719 	 16 	 200 	 1531 	 0
1787327241863 	 38 	 200 	 1532 	 0
1787327241943 	 25 	 200 	 1533 	 0
1787327242018 	 12 	 200 	 1534 	 0
1787327242303 	 15 	 200 	 1536 	 1
1787327242306 	 27 	 200 	 1536 	 0
1787327242529 	 14 	 200 	 1537 	 0
1787327242797 	 26 	 200 	 1538 	 0
1787327243221 	 14 	 200 	 1539 	 0
1787327243254 	 14 	 200 	 1540 	 0
1787327243598 	 15 	 200 	 1541 	 0
1787327243782 	 12 	 200 	 1542 	 0
1787327243850 	 33 	 200 	 1543 	 0
1787327243921 	 19 	 200 	 1544 	 0
1787327243975 	 36 	 200 	 1545 	 0
1787327244155 	 13 	 200 	 1546 	 0
1787327244279 	 13 	 200 	 1548 	 1
1787327244280 	 12 	 200 	 1548 	 0
1787327244367 	 27 	 200 	 1549 	 0
1787327245364 	 34 	 200 	 1550 	 0
1787327245455 	 15 	 200 	 1551 	 0
1787327245663 	 19 	 200 	 1552 	 0
1787327245710 	 30 	 200 	 1553 	 0
1787327245925 	 19 	 200 	 1554 	 0
1787327246152 	 22 	 200 	 1555 	 0
1787327246323 	 15 	 200 	 1557 	 1
1787327246332 	 13 	 200 	 1557 	 0
1787327246497 	 36 	 200 	 1558 	 0
1787327246614 	 21 	 200 	 1559 	 0
1787327246681 	 14 	 200 	 1560 	 0
1787327246852 	 45 	 200 	 1561 	 0
1787327246911 	 28 	 200 	 1562 	 0
1787327247378 	 19 	 200 	 1563 	 0
1787327247498 	 26 	 200 	 1564 	 0
1787327247942 	 17 	 200 	 1565 	 0
1787327248574 	 23 	 200 	 1566 	 0
1787327248615 	 15 	 200 	 1567 	 0
1787327249149 	 30 	 200 	 1568 	 0
1787327249353 	 12 	 200 	 1569 	 0
1787327249399 	 14 	 200 	 1570 	 0
1787327249538 	 15 	 200 	 1571 	 0
1787327250201 	 17 	 200 	 1573 	 1
1787327250163 	 54 	 200 	 1573 	 0
1787327250583 	 16 	 200 	 1575 	 1
1787327250585 	 17 	 200 	 1575 	 0
1787327250610 	 41 	 200 	 1576 	 0
1787327250970 	 33 	 200 	 1578 	 1
1787327250981 	 38 	 200 	 1578 	 0
1787327251078 	 34 	 200 	 1579 	 0
1787327251226 	 13 	 200 	 1580 	 0
1787327251299 	 15 	 200 	 1582 	 1
1787327251298 	 22 	 200 	 1582 	 0
1787327251736 	 21 	 200 	 1583 	 0
1787327251770 	 12 	 200 	 1584 	 0
1787327252309 	 15 	 200 	 1585 	 0
1787327252488 	 14 	 200 	 1586 	 0
1787327252727 	 15 	 200 	 1587 	 0
1787327253384 	 14 	 200 	 1588 	 0
1787327254145 	 13 	 200 	 1589 	 0
1787327254204 	 16 	 200 	 1590 	 0
1787327254393 	 15 	 200 	 1591 	 0
1787327254467 	 18 	 200 	 1592 	 0
1787327254623 	 12 	 200 	 1593 	 0
1787327254928 	 33 	 200 	 1594 	 0
1787327255341 	 15 	 200 	 1596 	 1
1787327255352 	 12 	 200 	 1596 	 0
1787327255750 	 14 	 200 	 1597 	 0
1787327256130 	 30 	 200 	 1598 	 0
1787327256505 	 18 	 200 	 1599 	 0
1787327256582 	 15 	 200 	 1602 	 2
1787327256598 	 13 	 200 	 1602 	 1
1787327256590 	 24 	 200 	 1602 	 0
1787327256629 	 19 	 200 	 1603 	 0
1787327256819 	 16 	 200 	 1604 	 0
1787327257068 	 22 	 200 	 1606 	 1
1787327257054 	 38 	 200 	 1606 	 0
1787327257132 	 14 	 200 	 1607 	 0
1787327257240 	 14 	 200 	 1608 	 0
1787327257463 	 13 	 200 	 1610 	 1
1787327257561 	 18 	 200 	 1611 	 1
1787327257636 	 32 	 200 	 1612 	 1
1787327257357 	 367 	 200 	 1612 	 0
1787327258113 	 18 	 200 	 1613 	 0
1787327258209 	 18 	 200 	 1614 	 0
1787327258809 	 20 	 200 	 1615 	 0
1787327258836 	 14 	 200 	 1616 	 0
1787327259034 	 15 	 200 	 1618 	 1
1787327259032 	 17 	 200 	 1618 	 0
1787327259437 	 13 	 200 	 1619 	 0
1787327260047 	 14 	 200 	 1620 	 0
1787327260279 	 21 	 200 	 1621 	 0
1787327260526 	 32 	 200 	 1623 	 1
1787327260538 	 22 	 200 	 1623 	 0
1787327260632 	 15 	 200 	 1624 	 0
1787327260750 	 13 	 200 	 1625 	 0
1787327260837 	 34 	 200 	 1626 	 0
1787327261307 	 33 	 200 	 1627 	 0
1787327261370 	 28 	 200 	 1628 	 0
1787327261474 	 16 	 200 	 1629 	 0
1787327261495 	 14 	 200 	 1630 	 0
1787327261599 	 15 	 200 	 1631 	 0
1787327261799 	 28 	 200 	 1632 	 0
1787327262013 	 16 	 200 	 1633 	 0
1787327262099 	 18 	 200 	 1635 	 1
1787327262106 	 24 	 200 	 1635 	 0
1787327262376 	 15 	 200 	 1636 	 0
1787327262516 	 31 	 200 	 1637 	 0
1787327262885 	 32 	 200 	 1639 	 1
1787327262889 	 29 	 200 	 1639 	 0
1787327262961 	 34 	 200 	 1640 	 0
1787327263018 	 14 	 200 	 1641 	 0
1787327263869 	 37 	 200 	 1642 	 0
1787327263959 	 33 	 200 	 1643 	 0
1787327264061 	 14 	 200 	 1644 	 0
1787327264406 	 22 	 200 	 1645 	 0
1787327264465 	 14 	 200 	 1646 	 0
1787327264623 	 15 	 200 	 1647 	 0
1787327264671 	 14 	 200 	 1648 	 0
1787327264844 	 27 	 200 	 1650 	 1
1787327264759 	 175 	 200 	 1650 	 0
1787327265023 	 15 	 200 	 1651 	 0
1787327265065 	 13 	 200 	 1652 	 0
1787327265119 	 12 	 200 	 1653 	 0
1787327265137 	 13 	 200 	 1654 	 0
1787327265462 	 14 	 200 	 1655 	 0
1787327265486 	 14 	 200 	 1656 	 0
1787327265596 	 30 	 200 	 1657 	 0
1787327265879 	 34 	 200 	 1658 	 0
1787327265935 	 31 	 200 	 1659 	 0
1787327266241 	 13 	 200 	 1660 	 0
1787327266334 	 13 	 200 	 1661 	 0
1787327266837 	 21 	 200 	 1663 	 1
1787327266855 	 14 	 200 	 1663 	 0
1787327266990 	 28 	 200 	 1664 	 0
1787327267300 	 12 	 200 	 1665 	 0
1787327267387 	 16 	 200 	 1666 	 0
1787327268590 	 23 	 200 	 1669 	 2
1787327268601 	 15 	 200 	 1669 	 1
1787327268608 	 17 	 200 	 1669 	 0
1787327268948 	 31 	 200 	 1670 	 0
1787327268982 	 32 	 200 	 1671 	 0
1787327269171 	 13 	 200 	 1672 	 0
1787327269380 	 16 	 200 	 1673 	 0
1787327269441 	 21 	 200 	 1674 	 0
1787327269493 	 23 	 200 	 1675 	 0
1787327269589 	 14 	 200 	 1676 	 0
1787327269692 	 22 	 200 	 1677 	 0
1787327269814 	 14 	 200 	 1678 	 0
1787327269833 	 14 	 200 	 1679 	 0
1787327269851 	 14 	 200 	 1680 	 0
1787327269906 	 35 	 200 	 1681 	 0
1787327269956 	 37 	 200 	 1682 	 0
1787327270158 	 16 	 200 	 1683 	 0
1787327270179 	 23 	 200 	 1685 	 1
1787327270201 	 13 	 200 	 1685 	 0
1787327270316 	 15 	 200 	 1686 	 0
1787327270419 	 16 	 200 	 1687 	 0
1787327270473 	 13 	 200 	 1688 	 0
1787327270712 	 12 	 200 	 1689 	 0
1787327270915 	 30 	 200 	 1690 	 0
1787327270991 	 22 	 200 	 1691 	 0
1787327271352 	 30 	 200 	 1692 	 0
1787327271605 	 19 	 200 	 1693 	 0
1787327271807 	 21 	 200 	 1694 	 0
1787327271856 	 17 	 200 	 1695 	 0
1787327272023 	 28 	 200 	 1696 	 0
1787327272172 	 15 	 200 	 1697 	 0
1787327272293 	 12 	 200 	 1698 	 0
1787327272513 	 16 	 200 	 1699 	 0
1787327272638 	 13 	 200 	 1700 	 0
1787327272661 	 13 	 200 	 1701 	 0
1787327272871 	 36 	 200 	 1703 	 1
1787327272897 	 21 	 200 	 1703 	 0
1787327272961 	 34 	 200 	 1704 	 0
1787327273342 	 14 	 200 	 1705 	 0
1787327273499 	 24 	 200 	 1706 	 0
1787327273611 	 13 	 200 	 1707 	 0
1787327273649 	 16 	 200 	 1708 	 0
1787327274135 	 23 	 200 	 1709 	 0
1787327274268 	 16 	 200 	 1711 	 1
1787327274276 	 13 	 200 	 1711 	 0
1787327274462 	 13 	 200 	 1712 	 0
1787327274698 	 15 	 200 	 1713 	 0
1787327274880 	 36 	 200 	 1715 	 1
1787327274896 	 31 	 200 	 1715 	 0
1787327275450 	 16 	 200 	 1717 	 1
1787327275457 	 22 	 200 	 1717 	 0
1787327275895 	 28 	 200 	 1718 	 0
1787327276042 	 30 	 200 	 1719 	 0
1787327276158 	 15 	 200 	 1720 	 0
1787327276442 	 13 	 200 	 1721 	 0
1787327276523 	 36 	 200 	 1722 	 0
1787327276801 	 13 	 200 	 1723 	 0
1787327277017 	 18 	 200 	 1724 	 0
1787327277142 	 35 	 200 	 1725 	 0
1787327277282 	 14 	 200 	 1726 	 0
1787327277321 	 13 	 200 	 1727 	 0
1787327277356 	 15 	 200 	 1728 	 1
1787327277372 	 17 	 200 	 1729 	 0
1787327277457 	 14 	 200 	 1730 	 0
1787327277486 	 14 	 200 	 1731 	 0
1787327277731 	 20 	 200 	 1732 	 0
1787327277787 	 15 	 200 	 1733 	 0
1787327277942 	 38 	 200 	 1734 	 0
1787327278005 	 13 	 200 	 1735 	 0
1787327278279 	 14 	 200 	 1736 	 0
1787327278412 	 84 	 200 	 1737 	 0
1787327278534 	 13 	 200 	 1738 	 0
1787327279023 	 18 	 200 	 1739 	 0
1787327279344 	 37 	 200 	 1740 	 0
1787327279517 	 12 	 200 	 1741 	 0
1787327279631 	 18 	 200 	 1742 	 0
1787327279772 	 21 	 200 	 1743 	 0
1787327279998 	 36 	 200 	 1744 	 0
1787327280348 	 19 	 200 	 1746 	 1
1787327280362 	 16 	 200 	 1746 	 0
1787327281199 	 16 	 200 	 1747 	 0
1787327281304 	 14 	 200 	 1748 	 0
1787327281335 	 13 	 200 	 1749 	 0
1787327281864 	 28 	 200 	 1750 	 0
1787327281982 	 17 	 200 	 1751 	 0
1787327282149 	 31 	 200 	 1752 	 0
1787327282237 	 13 	 200 	 1754 	 1
1787327282244 	 28 	 200 	 1754 	 0
1787327282318 	 16 	 200 	 1755 	 0
1787327282344 	 13 	 200 	 1756 	 0
1787327282408 	 19 	 200 	 1757 	 0
1787327282879 	 37 	 200 	 1758 	 0
1787327283083 	 15 	 200 	 1759 	 0
1787327283327 	 36 	 200 	 1760 	 0
1787327283698 	 32 	 200 	 1761 	 0
1787327284057 	 33 	 200 	 1762 	 0
1787327284958 	 29 	 200 	 1763 	 0
1787327285021 	 15 	 200 	 1764 	 0
1787327285048 	 14 	 200 	 1765 	 0
1787327285116 	 12 	 200 	 1766 	 0
1787327285214 	 23 	 200 	 1767 	 0
1787327285396 	 32 	 200 	 1768 	 0
1787327286109 	 16 	 200 	 1769 	 0
1787327286455 	 14 	 200 	 1770 	 0
1787327286515 	 14 	 200 	 1771 	 0
1787327286707 	 13 	 200 	 1772 	 0
1787327286817 	 21 	 200 	 1773 	 0
1787327286889 	 29 	 200 	 1774 	 0
1787327287027 	 13 	 200 	 1775 	 0
1787327287327 	 13 	 200 	 1776 	 0
1787327287415 	 16 	 200 	 1778 	 1
1787327287432 	 13 	 200 	 1778 	 0
1787327287498 	 31 	 200 	 1779 	 0
1787327287774 	 16 	 200 	 1780 	 0
1787327287852 	 34 	 200 	 1781 	 0
1787327288062 	 23 	 200 	 1782 	 0
1787327288109 	 27 	 200 	 1783 	 0
1787327288154 	 14 	 200 	 1784 	 0
1787327288369 	 14 	 200 	 1785 	 0
1787327288422 	 16 	 200 	 1786 	 0
1787327288639 	 18 	 200 	 1787 	 0
1787327288693 	 18 	 200 	 1788 	 0
1787327289245 	 14 	 200 	 1789 	 0
1787327289261 	 13 	 200 	 1790 	 0
1787327289588 	 13 	 200 	 1791 	 0
1787327289890 	 42 	 200 	 1792 	 0
1787327290048 	 19 	 200 	 1793 	 0
1787327290223 	 13 	 200 	 1794 	 0
1787327290299 	 12 	 200 	 1795 	 0
1787327290425 	 15 	 200 	 1796 	 0
1787327290625 	 14 	 200 	 1797 	 0
1787327291220 	 12 	 200 	 1798 	 0
1787327291250 	 14 	 200 	 1799 	 0
1787327291374 	 20 	 200 	 1800 	 0
1787327291760 	 26 	 200 	 1801 	 0
1787327291833 	 19 	 200 	 1802 	 0
1787327292388 	 20 	 200 	 1803 	 0
1787327292431 	 13 	 200 	 1804 	 0
1787327292662 	 12 	 200 	 1805 	 0
1787327292865 	 35 	 200 	 1806 	 0
1787327292989 	 28 	 200 	 1807 	 0
1787327293390 	 15 	 200 	 1808 	 0
1787327293424 	 19 	 200 	 1809 	 0
1787327293478 	 13 	 200 	 1810 	 0
1787327294012 	 25 	 200 	 1811 	 0
1787327294433 	 13 	 200 	 1812 	 0
1787327294799 	 12 	 200 	 1813 	 0
1787327295276 	 17 	 200 	 1814 	 0
1787327295339 	 15 	 200 	 1815 	 0
1787327295370 	 12 	 200 	 1816 	 0
1787327295575 	 33 	 200 	 1817 	 0
1787327295913 	 30 	 200 	 1818 	 0
1787327296212 	 18 	 200 	 1819 	 0
1787327296282 	 13 	 200 	 1820 	 0
1787327296325 	 15 	 200 	 1821 	 0
1787327296387 	 16 	 200 	 1823 	 1
1787327296398 	 22 	 200 	 1823 	 0
1787327296773 	 12 	 200 	 1824 	 0
1787327296949 	 34 	 200 	 1825 	 0
1787327297085 	 16 	 200 	 1826 	 0
1787327297256 	 16 	 200 	 1827 	 0
1787327297533 	 13 	 200 	 1828 	 0
1787327297563 	 15 	 200 	 1830 	 1
1787327297578 	 13 	 200 	 1831 	 1
1787327297585 	 22 	 200 	 1831 	 0
1787327297668 	 34 	 200 	 1832 	 0
1787327297781 	 12 	 200 	 1833 	 0
1787327297840 	 16 	 200 	 1835 	 1
1787327297845 	 14 	 200 	 1835 	 0
1787327298198 	 14 	 200 	 1836 	 0
1787327298347 	 13 	 200 	 1837 	 0
1787327298482 	 14 	 200 	 1838 	 0
1787327298861 	 34 	 200 	 1839 	 0
1787327299044 	 14 	 200 	 1840 	 0
1787327299648 	 33 	 200 	 1841 	 0
1787327300026 	 15 	 200 	 1842 	 0
1787327300142 	 12 	 200 	 1843 	 0
1787327300170 	 13 	 200 	 1845 	 1
1787327300180 	 14 	 200 	 1845 	 0
1787327300217 	 16 	 200 	 1846 	 0
1787327300328 	 14 	 200 	 1847 	 0
1787327300356 	 20 	 200 	 1848 	 0
1787327300405 	 13 	 200 	 1849 	 0
1787327300892 	 43 	 200 	 1850 	 0
1787327301383 	 14 	 200 	 1851 	 0
1787327301688 	 15 	 200 	 1852 	 0
1787327302093 	 21 	 200 	 1853 	 0
1787327302144 	 16 	 200 	 1854 	 0
1787327302342 	 37 	 200 	 1855 	 0
1787327302473 	 14 	 200 	 1856 	 0
1787327302497 	 24 	 200 	 1857 	 0
1787327302814 	 22 	 200 	 1858 	 0
1787327302971 	 33 	 200 	 1859 	 0
1787327303106 	 23 	 200 	 1860 	 0
1787327303183 	 13 	 200 	 1861 	 0
1787327303271 	 18 	 200 	 1862 	 0
1787327303383 	 53 	 200 	 1863 	 0
1787327303492 	 62 	 200 	 1864 	 0
1787327303594 	 13 	 200 	 1865 	 0
1787327303682 	 13 	 200 	 1866 	 0
1787327303737 	 14 	 200 	 1867 	 0
1787327303809 	 30 	 200 	 1868 	 0
1787327303913 	 35 	 200 	 1869 	 0
1787327304398 	 30 	 200 	 1870 	 0
1787327304471 	 15 	 200 	 1872 	 1
1787327304478 	 13 	 200 	 1872 	 0
1787327304516 	 14 	 200 	 1873 	 0
1787327304727 	 16 	 200 	 1874 	 0
1787327304859 	 32 	 200 	 1875 	 0
1787327304954 	 37 	 200 	 1876 	 0
1787327305220 	 15 	 200 	 1877 	 0
1787327305461 	 18 	 200 	 1878 	 0
1787327305489 	 14 	 200 	 1879 	 0
1787327305552 	 28 	 200 	 1881 	 1
1787327305545 	 36 	 200 	 1881 	 0
1787327305689 	 13 	 200 	 1882 	 0
1787327306497 	 17 	 200 	 1883 	 0
1787327306600 	 18 	 200 	 1884 	 0
1787327307337 	 14 	 200 	 1885 	 0
1787327307611 	 13 	 200 	 1886 	 0
1787327307799 	 26 	 200 	 1887 	 0
1787327307851 	 30 	 200 	 1888 	 0
1787327308108 	 19 	 200 	 1889 	 0
1787327308236 	 24 	 200 	 1890 	 0
1787327308374 	 18 	 200 	 1891 	 0
1787327308440 	 16 	 200 	 1892 	 0
1787327308520 	 13 	 200 	 1893 	 0
1787327308552 	 14 	 200 	 1894 	 0
1787327308698 	 14 	 200 	 1896 	 1
1787327308710 	 16 	 200 	 1896 	 0
1787327308730 	 16 	 200 	 1897 	 0
1787327309013 	 36 	 200 	 1898 	 0
1787327309369 	 16 	 200 	 1899 	 0
1787327309469 	 14 	 200 	 1900 	 0
1787327309630 	 14 	 200 	 1901 	 0
1787327310214 	 13 	 200 	 1902 	 0
1787327310289 	 14 	 200 	 1903 	 0
1787327310692 	 13 	 200 	 1904 	 0
1787327310728 	 13 	 200 	 1905 	 0
1787327310836 	 36 	 200 	 1906 	 0
1787327310890 	 29 	 200 	 1907 	 0
1787327311175 	 16 	 200 	 1908 	 0
1787327311475 	 16 	 200 	 1909 	 0
1787327311803 	 28 	 200 	 1910 	 0
1787327312029 	 38 	 200 	 1911 	 0
1787327312427 	 36 	 200 	 1912 	 0
1787327312589 	 17 	 200 	 1913 	 0
1787327313011 	 35 	 200 	 1914 	 0
1787327313073 	 14 	 200 	 1915 	 0
1787327313262 	 14 	 200 	 1916 	 0
1787327313489 	 13 	 200 	 1917 	 0
1787327313653 	 13 	 200 	 1918 	 0
1787327313750 	 15 	 200 	 1919 	 0
1787327313874 	 37 	 200 	 1920 	 0
1787327314141 	 39 	 200 	 1921 	 0
1787327314292 	 14 	 200 	 1922 	 0
1787327314646 	 17 	 200 	 1923 	 0
1787327314689 	 15 	 200 	 1924 	 0
1787327315298 	 20 	 200 	 1925 	 0
1787327315389 	 18 	 200 	 1926 	 0
1787327315417 	 17 	 200 	 1927 	 0
1787327315789 	 12 	 200 	 1928 	 0
1787327316062 	 34 	 200 	 1929 	 0
1787327316152 	 12 	 200 	 1930 	 0
1787327316394 	 18 	 200 	 1931 	 0
1787327316461 	 15 	 200 	 1932 	 0
1787327316773 	 16 	 200 	 1934 	 1
1787327316971 	 26 	 200 	 1935 	 1
1787327317073 	 15 	 200 	 1936 	 1
1787327316751 	 366 	 200 	 1936 	 0
1787327317273 	 15 	 200 	 1937 	 0
1787327317299 	 12 	 200 	 1938 	 0
1787327317574 	 24 	 200 	 1939 	 0
1787327317670 	 20 	 200 	 1940 	 0
1787327317702 	 18 	 200 	 1941 	 0
1787327318111 	 21 	 200 	 1942 	 0
1787327318555 	 13 	 200 	 1943 	 0
1787327318827 	 12 	 200 	 1944 	 0
1787327319197 	 27 	 200 	 1946 	 1
1787327319222 	 16 	 200 	 1946 	 0
1787327319263 	 16 	 200 	 1947 	 0
1787327319585 	 20 	 200 	 1948 	 0
1787327319849 	 13 	 200 	 1949 	 0
1787327319892 	 12 	 200 	 1950 	 0
1787327320034 	 35 	 200 	 1951 	 0
1787327320204 	 31 	 200 	 1952 	 0
1787327320254 	 14 	 200 	 1953 	 0
1787327320338 	 12 	 200 	 1954 	 0
1787327320671 	 14 	 200 	 1956 	 1
1787327320812 	 32 	 200 	 1957 	 1
1787327320500 	 377 	 200 	 1957 	 0
1787327321298 	 14 	 200 	 1958 	 0
1787327321847 	 17 	 200 	 1959 	 0
1787327322052 	 20 	 200 	 1960 	 0
1787327322259 	 16 	 200 	 1961 	 0
1787327322646 	 17 	 200 	 1962 	 0
1787327322981 	 37 	 200 	 1964 	 1
1787327322999 	 22 	 200 	 1964 	 0
1787327323489 	 14 	 200 	 1965 	 0
1787327323570 	 17 	 200 	 1966 	 0
1787327323700 	 15 	 200 	 1967 	 0
1787327323744 	 16 	 200 	 1968 	 0
1787327323857 	 21 	 200 	 1969 	 0
1787327324346 	 27 	 200 	 1970 	 0
1787327324850 	 16 	 200 	 1971 	 0
1787327324878 	 31 	 200 	 1972 	 0
1787327325189 	 30 	 200 	 1975 	 2
1787327325194 	 27 	 200 	 1975 	 1
1787327325191 	 36 	 200 	 1975 	 0
1787327325250 	 13 	 200 	 1976 	 0
1787327325310 	 15 	 200 	 1977 	 0
1787327325331 	 13 	 200 	 1978 	 0
1787327325382 	 13 	 200 	 1979 	 0
1787327325530 	 12 	 200 	 1980 	 0
1787327325567 	 13 	 200 	 1981 	 0
1787327326245 	 14 	 200 	 1982 	 0
1787327326501 	 15 	 200 	 1984 	 1
1787327326504 	 22 	 200 	 1984 	 0
1787327326729 	 14 	 200 	 1985 	 0
1787327326772 	 14 	 200 	 1986 	 0
1787327326811 	 13 	 200 	 1987 	 0
1787327327043 	 33 	 200 	 1988 	 0
1787327327196 	 22 	 200 	 1989 	 0
1787327327679 	 24 	 200 	 1990 	 0
1787327327894 	 23 	 200 	 1991 	 0
1787327327920 	 12 	 200 	 1992 	 0
1787327327940 	 21 	 200 	 1993 	 0
1787327328067 	 34 	 200 	 1994 	 0
1787327328260 	 13 	 200 	 1995 	 0
1787327328538 	 13 	 200 	 1996 	 0
1787327328727 	 16 	 200 	 1997 	 0
1787327329162 	 30 	 200 	 1999 	 1
1787327329172 	 24 	 200 	 1999 	 0
1787327329204 	 13 	 200 	 2000 	 0
1787327329526 	 24 	 200 	 2002 	 1
1787327329542 	 15 	 200 	 2002 	 0
1787327329564 	 13 	 200 	 2003 	 0
1787327330077 	 28 	 200 	 2004 	 0
1787327330419 	 15 	 200 	 2005 	 0
1787327330582 	 18 	 200 	 2006 	 0
1787327330636 	 14 	 200 	 2007 	 0
1787327331369 	 12 	 200 	 2008 	 0
1787327331459 	 35 	 200 	 2009 	 0
1787327331752 	 15 	 200 	 2010 	 0
1787327331935 	 14 	 200 	 2011 	 0
1787327332073 	 29 	 200 	 2012 	 0
1787327332582 	 21 	 200 	 2013 	 0
1787327332829 	 30 	 200 	 2014 	 0
1787327332991 	 28 	 200 	 2015 	 0
1787327333338 	 15 	 200 	 2016 	 0
1787327333630 	 16 	 200 	 2017 	 0
1787327333821 	 17 	 200 	 2018 	 0
1787327333922 	 15 	 200 	 2019 	 0
1787327333951 	 18 	 200 	 2020 	 0
1787327334295 	 22 	 200 	 2021 	 0
1787327334441 	 29 	 200 	 2022 	 0
1787327334864 	 41 	 200 	 2023 	 0
1787327335407 	 28 	 200 	 2024 	 0
1787327335622 	 23 	 200 	 2025 	 0
1787327335874 	 43 	 200 	 2026 	 0
1787327335956 	 34 	 200 	 2028 	 1
1787327335969 	 23 	 200 	 2028 	 0
1787327336053 	 49 	 200 	 2029 	 0
1787327336316 	 13 	 200 	 2030 	 0
1787327336353 	 15 	 200 	 2031 	 0
1787327336492 	 13 	 200 	 2032 	 0
1787327336535 	 14 	 200 	 2033 	 0
1787327336760 	 18 	 200 	 2034 	 0
1787327336819 	 12 	 200 	 2035 	 0
1787327336873 	 32 	 200 	 2036 	 0
1787327337094 	 24 	 200 	 2037 	 0
1787327337192 	 13 	 200 	 2038 	 0
1787327337606 	 13 	 200 	 2039 	 0
1787327337810 	 15 	 200 	 2040 	 0
1787327337935 	 16 	 200 	 2041 	 0
1787327338200 	 17 	 200 	 2042 	 0
1787327338298 	 14 	 200 	 2044 	 1
1787327338313 	 19 	 200 	 2044 	 0
1787327338393 	 15 	 200 	 2045 	 0
1787327338650 	 14 	 200 	 2046 	 0
1787327338678 	 12 	 200 	 2047 	 0
1787327339399 	 37 	 200 	 2048 	 0
1787327339585 	 21 	 200 	 2049 	 0
1787327339678 	 14 	 200 	 2050 	 0
1787327340085 	 16 	 200 	 2051 	 0
1787327340292 	 13 	 200 	 2052 	 0
1787327340478 	 13 	 200 	 2053 	 0
1787327340640 	 35 	 200 	 2054 	 0
1787327340711 	 16 	 200 	 2055 	 0
1787327340746 	 21 	 200 	 2056 	 0
1787327340797 	 12 	 200 	 2057 	 0
1787327341469 	 13 	 200 	 2058 	 0
1787327341499 	 14 	 200 	 2059 	 0
1787327341790 	 97 	 200 	 2060 	 0
1787327342093 	 12 	 200 	 2061 	 0
1787327342340 	 17 	 200 	 2062 	 0
1787327342515 	 14 	 200 	 2063 	 0
1787327342803 	 39 	 200 	 2064 	 0
1787327343025 	 15 	 200 	 2065 	 0
1787327343245 	 22 	 200 	 2066 	 0
1787327343315 	 15 	 200 	 2067 	 0
1787327344019 	 14 	 200 	 2068 	 0
1787327344096 	 15 	 200 	 2069 	 0
1787327344237 	 29 	 200 	 2070 	 0
1787327344622 	 14 	 200 	 2071 	 0
1787327344678 	 15 	 200 	 2073 	 1
1787327344681 	 18 	 200 	 2073 	 0
1787327344794 	 61 	 200 	 2074 	 0
1787327345145 	 24 	 200 	 2075 	 0
1787327345492 	 13 	 200 	 2076 	 0
1787327346008 	 40 	 200 	 2077 	 0
1787327346134 	 12 	 200 	 2078 	 0
1787327346155 	 14 	 200 	 2079 	 0
1787327346473 	 33 	 200 	 2082 	 2
1787327346478 	 29 	 200 	 2082 	 1
1787327346490 	 21 	 200 	 2082 	 0
1787327346732 	 12 	 200 	 2083 	 0
1787327346755 	 12 	 200 	 2084 	 0
1787327346770 	 14 	 200 	 2085 	 0
1787327346947 	 35 	 200 	 2086 	 0
1787327347429 	 13 	 200 	 2087 	 0
1787327347720 	 30 	 200 	 2088 	 0
1787327348102 	 35 	 200 	 2089 	 0
1787327348327 	 17 	 200 	 2090 	 0
1787327348687 	 14 	 200 	 2091 	 0
1787327348807 	 18 	 200 	 2092 	 0
1787327348890 	 15 	 200 	 2093 	 0
1787327349142 	 37 	 200 	 2094 	 0
1787327349222 	 16 	 200 	 2095 	 0
1787327349295 	 18 	 200 	 2096 	 0
1787327349317 	 15 	 200 	 2097 	 0
1787327349858 	 30 	 200 	 2098 	 0
1787327350201 	 14 	 200 	 2099 	 0
1787327350411 	 15 	 200 	 2100 	 0
1787327350477 	 14 	 200 	 2101 	 0
1787327350727 	 12 	 200 	 2102 	 0
1787327350760 	 27 	 200 	 2103 	 0
1787327350872 	 32 	 200 	 2105 	 1
1787327350905 	 14 	 200 	 2105 	 0
1787327351024 	 12 	 200 	 2106 	 0
1787327351067 	 14 	 200 	 2108 	 1
1787327351071 	 16 	 200 	 2108 	 0
1787327351098 	 15 	 200 	 2109 	 0
1787327351175 	 18 	 200 	 2110 	 0
1787327351361 	 23 	 200 	 2111 	 0
1787327351498 	 33 	 200 	 2113 	 1
1787327351508 	 27 	 200 	 2113 	 0
1787327351749 	 13 	 200 	 2114 	 0
1787327351836 	 17 	 200 	 2115 	 0
1787327351898 	 30 	 200 	 2117 	 1
1787327351902 	 28 	 200 	 2117 	 0
1787327352177 	 35 	 200 	 2118 	 0
1787327352527 	 13 	 200 	 2119 	 0
1787327352595 	 70 	 200 	 2121 	 1
1787327352579 	 108 	 200 	 2121 	 0
1787327352787 	 15 	 200 	 2122 	 0
1787327352897 	 14 	 200 	 2123 	 0
1787327353059 	 12 	 200 	 2124 	 0
1787327353376 	 13 	 200 	 2125 	 0
1787327353476 	 40 	 200 	 2126 	 0
1787327353567 	 15 	 200 	 2127 	 0
1787327353880 	 35 	 200 	 2129 	 1
1787327353902 	 40 	 200 	 2129 	 0
1787327353948 	 12 	 200 	 2130 	 0
1787327354275 	 12 	 200 	 2131 	 0
1787327354313 	 14 	 200 	 2132 	 0
1787327354369 	 19 	 200 	 2133 	 0
1787327354426 	 15 	 200 	 2134 	 0
1787327354484 	 12 	 200 	 2135 	 0
1787327354519 	 18 	 200 	 2136 	 0
1787327354637 	 19 	 200 	 2137 	 0
1787327354949 	 33 	 200 	 2139 	 1
1787327354953 	 40 	 200 	 2139 	 0
1787327355269 	 14 	 200 	 2140 	 0
1787327355304 	 13 	 200 	 2142 	 1
1787327355316 	 14 	 200 	 2142 	 0
1787327355332 	 12 	 200 	 2143 	 0
1787327355393 	 13 	 200 	 2145 	 1
1787327355392 	 20 	 200 	 2145 	 0
1787327355425 	 13 	 200 	 2146 	 0
1787327355476 	 17 	 200 	 2147 	 0
1787327355503 	 20 	 200 	 2148 	 0
1787327355647 	 12 	 200 	 2149 	 0
1787327355769 	 19 	 200 	 2150 	 0
1787327355792 	 13 	 200 	 2151 	 0
1787327355821 	 17 	 200 	 2152 	 0
1787327355849 	 30 	 200 	 2154 	 1
1787327355871 	 31 	 200 	 2154 	 0
1787327356298 	 25 	 200 	 2155 	 0
1787327356840 	 31 	 200 	 2156 	 0
1787327357110 	 20 	 200 	 2157 	 0
1787327357270 	 13 	 200 	 2158 	 0
1787327357488 	 37 	 200 	 2160 	 1
1787327357522 	 16 	 200 	 2160 	 0
1787327357571 	 14 	 200 	 2161 	 0
1787327357759 	 12 	 200 	 2162 	 0
1787327357913 	 33 	 200 	 2163 	 0
1787327358038 	 18 	 200 	 2164 	 0
1787327358246 	 13 	 200 	 2165 	 0
1787327358753 	 31 	 200 	 2166 	 0
1787327358915 	 13 	 200 	 2167 	 0
1787327359356 	 13 	 200 	 2168 	 0
1787327359590 	 19 	 200 	 2169 	 0
1787327359658 	 13 	 200 	 2170 	 0
1787327360912 	 33 	 200 	 2174 	 3
1787327360908 	 36 	 200 	 2174 	 2
1787327360937 	 14 	 200 	 2174 	 1
1787327360945 	 14 	 200 	 2174 	 0
1787327361415 	 15 	 200 	 2175 	 0
1787327361732 	 16 	 200 	 2176 	 0
1787327361824 	 14 	 200 	 2177 	 0
1787327361844 	 13 	 200 	 2178 	 0
1787327361944 	 13 	 200 	 2179 	 0
1787327362557 	 29 	 200 	 2180 	 0
1787327362638 	 13 	 200 	 2181 	 0
1787327363051 	 21 	 200 	 2182 	 0
1787327363383 	 13 	 200 	 2184 	 1
1787327363391 	 23 	 200 	 2184 	 0
1787327363613 	 13 	 200 	 2185 	 0
1787327363676 	 34 	 200 	 2186 	 0
1787327364174 	 34 	 200 	 2187 	 0
1787327364410 	 14 	 200 	 2189 	 1
1787327364412 	 14 	 200 	 2189 	 0
1787327364597 	 14 	 200 	 2190 	 0
1787327364665 	 31 	 200 	 2191 	 0
1787327364843 	 25 	 200 	 2192 	 0
1787327365202 	 31 	 200 	 2193 	 0
1787327365313 	 14 	 200 	 2195 	 1
1787327365323 	 19 	 200 	 2195 	 0
1787327365527 	 13 	 200 	 2196 	 0
1787327366026 	 42 	 200 	 2197 	 0
1787327366365 	 16 	 200 	 2198 	 0
1787327366835 	 23 	 200 	 2199 	 0
1787327366949 	 34 	 200 	 2201 	 1
1787327366980 	 12 	 200 	 2201 	 0
1787327367548 	 14 	 200 	 2203 	 1
1787327367557 	 24 	 200 	 2203 	 0
1787327367736 	 19 	 200 	 2204 	 0
1787327368179 	 33 	 200 	 2205 	 0
1787327368321 	 15 	 200 	 2206 	 0
1787327368601 	 20 	 200 	 2207 	 0
1787327368709 	 18 	 200 	 2208 	 0
1787327368900 	 25 	 200 	 2209 	 0
1787327369215 	 31 	 200 	 2210 	 0
1787327369286 	 13 	 200 	 2211 	 0
1787327369584 	 20 	 200 	 2212 	 0
1787327369712 	 13 	 200 	 2213 	 0
1787327369787 	 12 	 200 	 2214 	 0
1787327369915 	 14 	 200 	 2216 	 1
1787327369919 	 14 	 200 	 2216 	 0
1787327370119 	 14 	 200 	 2217 	 0
1787327370616 	 19 	 200 	 2218 	 0
1787327370700 	 21 	 200 	 2219 	 0
1787327370944 	 30 	 200 	 2220 	 0
1787327371139 	 16 	 200 	 2221 	 0
1787327371179 	 16 	 200 	 2222 	 0
1787327371254 	 13 	 200 	 2223 	 0
1787327371433 	 15 	 200 	 2224 	 0
1787327371568 	 20 	 200 	 2225 	 0
1787327371647 	 13 	 200 	 2226 	 0
1787327371845 	 25 	 200 	 2227 	 0
1787327371926 	 13 	 200 	 2228 	 0
1787327371993 	 31 	 200 	 2229 	 0
1787327372155 	 15 	 200 	 2230 	 0
1787327372655 	 21 	 200 	 2231 	 0
1787327372917 	 13 	 200 	 2233 	 1
1787327372923 	 20 	 200 	 2233 	 0
1787327372977 	 30 	 200 	 2234 	 0
1787327373042 	 15 	 200 	 2235 	 0
1787327373578 	 14 	 200 	 2236 	 0
1787327373647 	 15 	 200 	 2237 	 0
1787327373723 	 12 	 200 	 2238 	 0
1787327373877 	 14 	 200 	 2239 	 0
1787327374355 	 13 	 200 	 2240 	 0
1787327374528 	 14 	 200 	 2241 	 0
1787327374624 	 14 	 200 	 2242 	 0
1787327374857 	 28 	 200 	 2244 	 1
1787327374850 	 38 	 200 	 2244 	 0
1787327375148 	 18 	 200 	 2245 	 0
1787327375268 	 12 	 200 	 2246 	 0
1787327375530 	 14 	 200 	 2247 	 0
1787327375911 	 15 	 200 	 2248 	 0
1787327375971 	 38 	 200 	 2249 	 0
1787327376171 	 19 	 200 	 2250 	 0
1787327376429 	 14 	 200 	 2251 	 0
1787327376459 	 14 	 200 	 2252 	 0
1787327376571 	 31 	 200 	 2253 	 0
1787327376729 	 22 	 200 	 2254 	 0
1787327376752 	 17 	 200 	 2255 	 0
1787327377029 	 14 	 200 	 2256 	 0
1787327377527 	 19 	 200 	 2257 	 0
1787327378081 	 15 	 200 	 2258 	 0
1787327378134 	 24 	 200 	 2259 	 0
1787327378197 	 20 	 200 	 2260 	 0
1787327378372 	 15 	 200 	 2261 	 0
1787327378408 	 14 	 200 	 2262 	 0
1787327378706 	 15 	 200 	 2263 	 0
1787327378828 	 37 	 200 	 2264 	 0
1787327379067 	 13 	 200 	 2265 	 0
1787327379146 	 17 	 200 	 2266 	 0
1787327379281 	 21 	 200 	 2267 	 0
1787327379330 	 13 	 200 	 2268 	 0
1787327379395 	 19 	 200 	 2270 	 1
1787327379387 	 28 	 200 	 2270 	 0
1787327379454 	 16 	 200 	 2271 	 0
1787327379506 	 55 	 200 	 2272 	 0
1787327379707 	 16 	 200 	 2273 	 0
1787327379743 	 17 	 200 	 2274 	 0
1787327379785 	 13 	 200 	 2275 	 0
1787327379978 	 13 	 200 	 2276 	 0
1787327380253 	 17 	 200 	 2277 	 0
1787327380620 	 13 	 200 	 2278 	 0
1787327380731 	 13 	 200 	 2279 	 0
1787327380895 	 33 	 200 	 2280 	 0
1787327381795 	 14 	 200 	 2282 	 1
1787327381800 	 18 	 200 	 2282 	 0
1787327381831 	 13 	 200 	 2283 	 0
1787327382066 	 42 	 200 	 2284 	 0
1787327382133 	 14 	 200 	 2285 	 0
1787327382174 	 15 	 200 	 2286 	 0
1787327382713 	 13 	 200 	 2287 	 0
1787327382755 	 14 	 200 	 2288 	 0
1787327382846 	 31 	 200 	 2289 	 0
1787327382924 	 15 	 200 	 2290 	 0
1787327382998 	 24 	 200 	 2291 	 0
1787327383107 	 17 	 200 	 2292 	 0
1787327383207 	 17 	 200 	 2293 	 0
1787327383247 	 13 	 200 	 2294 	 0
1787327383270 	 12 	 200 	 2295 	 0
1787327383562 	 12 	 200 	 2296 	 0
1787327383636 	 15 	 200 	 2297 	 0
1787327384002 	 25 	 200 	 2298 	 0
1787327384051 	 12 	 200 	 2299 	 0
1787327384519 	 13 	 200 	 2300 	 0
1787327384593 	 14 	 200 	 2301 	 0
1787327384653 	 13 	 200 	 2302 	 0
1787327385063 	 37 	 200 	 2304 	 1
1787327385083 	 34 	 200 	 2304 	 0
1787327385264 	 24 	 200 	 2305 	 0
1787327385471 	 19 	 200 	 2306 	 0
1787327385666 	 24 	 200 	 2307 	 0
1787327385946 	 28 	 200 	 2308 	 0
1787327386216 	 12 	 200 	 2309 	 0
1787327386316 	 15 	 200 	 2310 	 0
1787327386349 	 12 	 200 	 2311 	 0
1787327386811 	 15 	 200 	 2313 	 1
1787327386823 	 13 	 200 	 2315 	 2
1787327386835 	 13 	 200 	 2315 	 1
1787327386833 	 26 	 200 	 2315 	 0
1787327386974 	 17 	 200 	 2316 	 0
1787327387011 	 16 	 200 	 2317 	 0
1787327387096 	 16 	 200 	 2318 	 0
1787327387117 	 14 	 200 	 2319 	 0
1787327387538 	 15 	 200 	 2320 	 0
1787327387915 	 16 	 200 	 2321 	 0
1787327387963 	 12 	 200 	 2322 	 0
1787327388257 	 14 	 200 	 2323 	 0
1787327388347 	 15 	 200 	 2324 	 0
1787327388764 	 16 	 200 	 2325 	 0
1787327388968 	 32 	 200 	 2326 	 0
1787327389098 	 26 	 200 	 2328 	 1
1787327389123 	 13 	 200 	 2328 	 0
1787327389553 	 28 	 200 	 2329 	 0
1787327389620 	 14 	 200 	 2330 	 0
1787327389705 	 27 	 200 	 2331 	 0
1787327389757 	 13 	 200 	 2332 	 0
1787327389816 	 14 	 200 	 2333 	 0
1787327390060 	 22 	 200 	 2334 	 1
1787327390083 	 16 	 200 	 2335 	 0
1787327390116 	 13 	 200 	 2336 	 0
1787327390255 	 14 	 200 	 2337 	 0
1787327390322 	 13 	 200 	 2338 	 0
1787327390470 	 16 	 200 	 2339 	 0
1787327390617 	 15 	 200 	 2340 	 0
1787327391138 	 18 	 200 	 2342 	 1
1787327391158 	 13 	 200 	 2342 	 0
1787327391595 	 13 	 200 	 2343 	 0
1787327392023 	 34 	 200 	 2345 	 1
1787327392034 	 26 	 200 	 2345 	 0
1787327392253 	 16 	 200 	 2347 	 1
1787327392247 	 24 	 200 	 2347 	 0
1787327392656 	 15 	 200 	 2348 	 0
1787327392723 	 14 	 200 	 2349 	 0
1787327392764 	 12 	 200 	 2350 	 0
1787327392842 	 13 	 200 	 2351 	 0
1787327393117 	 31 	 200 	 2352 	 0
1787327393338 	 12 	 200 	 2353 	 0
1787327393854 	 32 	 200 	 2354 	 0
1787327393946 	 18 	 200 	 2355 	 0
1787327394034 	 14 	 200 	 2356 	 0
1787327394072 	 14 	 200 	 2357 	 0
1787327394201 	 13 	 200 	 2358 	 0
1787327394525 	 13 	 200 	 2359 	 0
1787327394850 	 19 	 200 	 2360 	 0
1787327394958 	 33 	 200 	 2362 	 1
1787327394982 	 38 	 200 	 2363 	 1
1787327394995 	 34 	 200 	 2364 	 1
1787327395030 	 13 	 200 	 2364 	 0
1787327395119 	 13 	 200 	 2365 	 0
1787327395753 	 15 	 200 	 2366 	 0
1787327395833 	 12 	 200 	 2367 	 0
1787327395963 	 36 	 200 	 2368 	 0
1787327396204 	 16 	 200 	 2369 	 0
1787327396233 	 15 	 200 	 2370 	 0
1787327396381 	 15 	 200 	 2371 	 0
1787327396554 	 14 	 200 	 2372 	 0
1787327396572 	 12 	 200 	 2373 	 0
1787327396694 	 20 	 200 	 2374 	 0
1787327396789 	 13 	 200 	 2375 	 0
1787327396853 	 30 	 200 	 2376 	 0
1787327396987 	 24 	 200 	 2377 	 0
1787327397392 	 13 	 200 	 2378 	 0
1787327397613 	 14 	 200 	 2380 	 1
1787327397623 	 14 	 200 	 2380 	 0
1787327397670 	 14 	 200 	 2381 	 0
1787327398675 	 16 	 200 	 2382 	 0
1787327398736 	 33 	 200 	 2383 	 0
1787327398967 	 21 	 200 	 2384 	 0
1787327399251 	 14 	 200 	 2385 	 0
1787327399271 	 14 	 200 	 2387 	 1
1787327399283 	 13 	 200 	 2387 	 0
1787327399656 	 15 	 200 	 2388 	 0
1787327399779 	 15 	 200 	 2389 	 0
1787327399996 	 29 	 200 	 2390 	 0
1787327400378 	 18 	 200 	 2391 	 0
1787327400806 	 25 	 200 	 2392 	 0
1787327400931 	 15 	 200 	 2393 	 0
1787327401419 	 14 	 200 	 2394 	 0
1787327401549 	 13 	 200 	 2395 	 0
1787327401833 	 33 	 200 	 2397 	 1
1787327401856 	 27 	 200 	 2397 	 0
1787327402373 	 13 	 200 	 2398 	 0
1787327402405 	 14 	 200 	 2399 	 0
1787327402494 	 24 	 200 	 2400 	 0
1787327402614 	 14 	 200 	 2401 	 0
1787327402632 	 12 	 200 	 2402 	 0
1787327402685 	 25 	 200 	 2403 	 0
1787327403035 	 12 	 200 	 2404 	 0
1787327403062 	 14 	 200 	 2405 	 0
1787327403173 	 15 	 200 	 2406 	 0
1787327404084 	 33 	 200 	 2407 	 0
1787327404159 	 24 	 200 	 2409 	 1
1787327404156 	 30 	 200 	 2409 	 0
1787327404240 	 20 	 200 	 2410 	 0
1787327404325 	 13 	 200 	 2411 	 0
1787327404358 	 24 	 200 	 2412 	 0
1787327404387 	 13 	 200 	 2413 	 0
1787327405150 	 16 	 200 	 2414 	 0
1787327405893 	 36 	 200 	 2415 	 0
1787327405979 	 31 	 200 	 2417 	 1
1787327406004 	 25 	 200 	 2417 	 0
1787327406097 	 14 	 200 	 2419 	 1
1787327406077 	 36 	 200 	 2419 	 0
1787327406177 	 18 	 200 	 2421 	 1
1787327406185 	 13 	 200 	 2421 	 0
1787327406218 	 14 	 200 	 2423 	 1
1787327406220 	 15 	 200 	 2423 	 0
1787327406240 	 14 	 200 	 2424 	 0
1787327406345 	 16 	 200 	 2425 	 0
1787327406707 	 14 	 200 	 2426 	 0
1787327406814 	 18 	 200 	 2427 	 0
1787327406989 	 47 	 200 	 2430 	 2
1787327407021 	 27 	 200 	 2430 	 1
1787327407036 	 15 	 200 	 2430 	 0
1787327407356 	 16 	 200 	 2431 	 0
1787327407644 	 15 	 200 	 2432 	 0
1787327408363 	 14 	 200 	 2433 	 0
1787327408687 	 18 	 200 	 2434 	 0
1787327408741 	 14 	 200 	 2435 	 0
1787327408798 	 20 	 200 	 2436 	 0
1787327409341 	 17 	 200 	 2437 	 0
1787327409546 	 31 	 200 	 2438 	 0
1787327409632 	 15 	 200 	 2440 	 1
1787327409887 	 99 	 200 	 2441 	 1
1787327409642 	 354 	 200 	 2441 	 0
1787327410382 	 13 	 200 	 2442 	 0
1787327410439 	 15 	 200 	 2443 	 0
1787327410616 	 13 	 200 	 2444 	 0
1787327410775 	 13 	 200 	 2445 	 0
1787327411110 	 25 	 200 	 2447 	 1
1787327411135 	 12 	 200 	 2447 	 0
1787327411623 	 16 	 200 	 2448 	 0
1787327411710 	 18 	 200 	 2449 	 0
1787327412043 	 35 	 200 	 2450 	 0
1787327412476 	 29 	 200 	 2451 	 0
1787327412932 	 20 	 200 	 2452 	 0
1787327413219 	 16 	 200 	 2453 	 0
1787327413412 	 32 	 200 	 2455 	 1
1787327413417 	 37 	 200 	 2455 	 0
1787327413692 	 17 	 200 	 2457 	 1
1787327413705 	 24 	 200 	 2457 	 0
1787327414033 	 15 	 200 	 2458 	 0
1787327414062 	 13 	 200 	 2460 	 1
1787327414063 	 22 	 200 	 2460 	 0
1787327414110 	 13 	 200 	 2462 	 1
1787327414119 	 13 	 200 	 2462 	 0
1787327414140 	 13 	 200 	 2463 	 0
1787327414382 	 15 	 200 	 2464 	 0
1787327414751 	 18 	 200 	 2465 	 0
1787327415546 	 14 	 200 	 2466 	 0
1787327415654 	 15 	 200 	 2467 	 0
1787327415816 	 13 	 200 	 2468 	 0
1787327415903 	 19 	 200 	 2469 	 0
1787327415999 	 22 	 200 	 2470 	 0
1787327416083 	 14 	 200 	 2472 	 1
1787327416088 	 19 	 200 	 2472 	 0
1787327416592 	 14 	 200 	 2473 	 0
1787327416740 	 13 	 200 	 2474 	 0
1787327416925 	 37 	 200 	 2475 	 0
1787327417070 	 34 	 200 	 2476 	 0
1787327417359 	 12 	 200 	 2477 	 0
1787327417431 	 14 	 200 	 2478 	 0
1787327417555 	 18 	 200 	 2479 	 0
1787327417580 	 15 	 200 	 2480 	 0
1787327418023 	 16 	 200 	 2481 	 0
1787327418059 	 14 	 200 	 2482 	 0
1787327418127 	 33 	 200 	 2483 	 0
1787327418212 	 15 	 200 	 2484 	 0
1787327418616 	 14 	 200 	 2485 	 0
1787327418747 	 14 	 200 	 2486 	 0
1787327418908 	 29 	 200 	 2487 	 0
1787327418949 	 42 	 200 	 2488 	 0
1787327419302 	 15 	 200 	 2489 	 0
1787327419334 	 14 	 200 	 2490 	 0
1787327419356 	 19 	 200 	 2491 	 0
1787327419483 	 13 	 200 	 2492 	 0
1787327419516 	 13 	 200 	 2493 	 0
1787327421005 	 17 	 200 	 2494 	 0
1787327421360 	 15 	 200 	 2495 	 0
1787327421530 	 13 	 200 	 2496 	 0
1787327422239 	 16 	 200 	 2497 	 0
1787327422717 	 33 	 200 	 2498 	 0
1787327422909 	 26 	 200 	 2499 	 0
1787327423090 	 21 	 200 	 2500 	 0
1787327423260 	 19 	 200 	 2501 	 0
1787327423429 	 20 	 200 	 2503 	 1
1787327423428 	 27 	 200 	 2503 	 0
1787327423606 	 21 	 200 	 2504 	 0
1787327423714 	 16 	 200 	 2505 	 0
1787327423781 	 12 	 200 	 2506 	 0
1787327423852 	 30 	 200 	 2507 	 0
1787327423994 	 30 	 200 	 2508 	 0
1787327424199 	 15 	 200 	 2509 	 0
1787327424354 	 13 	 200 	 2510 	 0
1787327424487 	 19 	 200 	 2511 	 0
1787327424547 	 16 	 200 	 2512 	 0
1787327424575 	 15 	 200 	 2513 	 0
1787327424607 	 14 	 200 	 2514 	 0
1787327424745 	 15 	 200 	 2515 	 0
1787327424863 	 37 	 200 	 2516 	 0
1787327424933 	 13 	 200 	 2517 	 0
1787327424978 	 19 	 200 	 2518 	 0
1787327425522 	 17 	 200 	 2519 	 0
1787327425690 	 28 	 200 	 2521 	 1
1787327425669 	 346 	 200 	 2521 	 0
1787327426050 	 18 	 200 	 2522 	 0
1787327426284 	 13 	 200 	 2523 	 0
1787327426375 	 15 	 200 	 2524 	 0
1787327426414 	 16 	 200 	 2525 	 0
1787327426689 	 15 	 200 	 2526 	 0
1787327426891 	 33 	 200 	 2528 	 1
1787327426893 	 36 	 200 	 2528 	 0
1787327426955 	 33 	 200 	 2529 	 0
1787327427019 	 13 	 200 	 2530 	 0
1787327427393 	 13 	 200 	 2531 	 0
1787327427649 	 15 	 200 	 2532 	 0
1787327427933 	 23 	 200 	 2533 	 0
1787327428036 	 19 	 200 	 2534 	 0
1787327428284 	 12 	 200 	 2535 	 0
1787327428365 	 12 	 200 	 2536 	 0
1787327428447 	 12 	 200 	 2537 	 0
1787327428868 	 16 	 200 	 2538 	 0
1787327429129 	 23 	 200 	 2539 	 0
1787327430322 	 13 	 200 	 2540 	 0
1787327430655 	 14 	 200 	 2541 	 0
1787327430738 	 20 	 200 	 2542 	 0
1787327430786 	 13 	 200 	 2543 	 0
1787327430867 	 17 	 200 	 2544 	 0
1787327430925 	 31 	 200 	 2546 	 1
1787327430955 	 30 	 200 	 2546 	 0
1787327430998 	 15 	 200 	 2547 	 0
1787327431019 	 13 	 200 	 2548 	 0
1787327431135 	 13 	 200 	 2549 	 0
1787327431378 	 13 	 200 	 2550 	 0
1787327431496 	 17 	 200 	 2551 	 0
1787327431550 	 15 	 200 	 2552 	 0
1787327431741 	 15 	 200 	 2553 	 0
1787327431771 	 13 	 200 	 2554 	 0
1787327431828 	 16 	 200 	 2555 	 0
1787327431986 	 18 	 200 	 2556 	 0
1787327432011 	 16 	 200 	 2558 	 1
1787327432019 	 22 	 200 	 2558 	 0
1787327432172 	 16 	 200 	 2559 	 0
1787327432376 	 15 	 200 	 2560 	 0
1787327432529 	 13 	 200 	 2561 	 0
1787327432880 	 35 	 200 	 2562 	 0
1787327433106 	 15 	 200 	 2563 	 0
1787327433175 	 14 	 200 	 2564 	 0
1787327433296 	 14 	 200 	 2565 	 0
1787327433514 	 17 	 200 	 2566 	 0
1787327433858 	 13 	 200 	 2567 	 0
1787327434572 	 14 	 200 	 2568 	 0
1787327434617 	 18 	 200 	 2569 	 0
1787327434642 	 18 	 200 	 2570 	 0
1787327434757 	 12 	 200 	 2571 	 0
1787327435014 	 12 	 200 	 2572 	 0
1787327435371 	 22 	 200 	 2573 	 0
1787327435417 	 18 	 200 	 2575 	 1
1787327435430 	 12 	 200 	 2575 	 0
1787327435836 	 32 	 200 	 2576 	 0
1787327435896 	 25 	 200 	 2577 	 0
1787327436178 	 27 	 200 	 2578 	 0
1787327436223 	 14 	 200 	 2580 	 1
1787327436231 	 18 	 200 	 2580 	 0
1787327436531 	 26 	 200 	 2581 	 0
1787327437381 	 18 	 200 	 2583 	 1
1787327437390 	 20 	 200 	 2583 	 0
1787327437560 	 13 	 200 	 2584 	 0
1787327437781 	 18 	 200 	 2585 	 0
1787327437971 	 31 	 200 	 2586 	 0
1787327438063 	 15 	 200 	 2588 	 1
1787327438079 	 12 	 200 	 2588 	 0
1787327438224 	 13 	 200 	 2589 	 0
1787327438351 	 17 	 200 	 2591 	 1
1787327438361 	 22 	 200 	 2591 	 0
1787327438425 	 16 	 200 	 2592 	 0
1787327438732 	 13 	 200 	 2593 	 0
1787327438938 	 13 	 200 	 2594 	 0
1787327439477 	 46 	 200 	 2596 	 1
1787327439520 	 17 	 200 	 2596 	 0
1787327439959 	 30 	 200 	 2597 	 0
1787327440170 	 20 	 200 	 2598 	 0
1787327440557 	 32 	 200 	 2599 	 0
1787327440633 	 14 	 200 	 2600 	 0
1787327441170 	 25 	 200 	 2601 	 0
1787327441455 	 17 	 200 	 2602 	 0
1787327441767 	 13 	 200 	 2603 	 0
1787327441831 	 12 	 200 	 2604 	 0
1787327441940 	 37 	 200 	 2605 	 0
1787327441984 	 13 	 200 	 2606 	 0
1787327442427 	 12 	 200 	 2607 	 0
1787327442545 	 38 	 200 	 2608 	 0
1787327442605 	 16 	 200 	 2609 	 0
1787327442686 	 23 	 200 	 2610 	 0
1787327442952 	 41 	 200 	 2612 	 1
1787327442971 	 35 	 200 	 2612 	 0
1787327443486 	 14 	 200 	 2613 	 0
1787327443502 	 12 	 200 	 2614 	 0
1787327443952 	 14 	 200 	 2615 	 0
1787327444050 	 15 	 200 	 2616 	 0
1787327444181 	 16 	 200 	 2618 	 1
1787327444182 	 28 	 200 	 2618 	 0
1787327444564 	 13 	 200 	 2619 	 0
1787327444772 	 13 	 200 	 2620 	 0
1787327444950 	 37 	 200 	 2621 	 0
1787327445149 	 13 	 200 	 2622 	 0
1787327445357 	 13 	 200 	 2623 	 0
1787327445913 	 33 	 200 	 2624 	 0
1787327445962 	 35 	 200 	 2625 	 0
1787327446025 	 39 	 200 	 2626 	 0
1787327446281 	 12 	 200 	 2627 	 0
1787327446616 	 16 	 200 	 2628 	 0
1787327446757 	 20 	 200 	 2629 	 0
1787327446839 	 37 	 200 	 2630 	 0
1787327446935 	 32 	 200 	 2631 	 0
1787327446979 	 16 	 200 	 2632 	 0
1787327447235 	 25 	 200 	 2633 	 0
1787327447565 	 40 	 200 	 2634 	 0
1787327448136 	 16 	 200 	 2635 	 0
1787327448427 	 19 	 200 	 2636 	 0
1787327448474 	 15 	 200 	 2637 	 0
1787327448517 	 14 	 200 	 2638 	 0
1787327448643 	 16 	 200 	 2639 	 0
1787327448816 	 18 	 200 	 2640 	 0
1787327448842 	 17 	 200 	 2641 	 0
1787327448960 	 33 	 200 	 2642 	 0
1787327449003 	 18 	 200 	 2643 	 0
1787327449058 	 18 	 200 	 2644 	 0
1787327449083 	 14 	 200 	 2645 	 0
1787327449256 	 14 	 200 	 2648 	 2
1787327449257 	 16 	 200 	 2648 	 1
1787327449269 	 13 	 200 	 2648 	 0
1787327449300 	 18 	 200 	 2649 	 0
1787327449617 	 14 	 200 	 2650 	 0
1787327449790 	 14 	 200 	 2651 	 0
1787327449806 	 12 	 200 	 2652 	 0
1787327449843 	 15 	 200 	 2653 	 0
1787327449883 	 14 	 200 	 2655 	 1
1787327449886 	 15 	 200 	 2655 	 0
1787327450260 	 14 	 200 	 2656 	 0
1787327450939 	 17 	 200 	 2657 	 0
1787327451303 	 17 	 200 	 2658 	 0
1787327451480 	 12 	 200 	 2660 	 1
1787327451686 	 13 	 200 	 2661 	 1
1787327451457 	 274 	 200 	 2661 	 0
1787327451787 	 15 	 200 	 2662 	 0
1787327451828 	 38 	 200 	 2663 	 0
1787327451911 	 14 	 200 	 2664 	 0
1787327452356 	 20 	 200 	 2665 	 0
1787327452382 	 15 	 200 	 2666 	 0
1787327452627 	 17 	 200 	 2667 	 0
1787327453005 	 14 	 200 	 2668 	 0
1787327453408 	 16 	 200 	 2669 	 0
1787327453692 	 13 	 200 	 2670 	 0
1787327453764 	 14 	 200 	 2671 	 0
1787327454037 	 37 	 200 	 2672 	 0
1787327454104 	 15 	 200 	 2673 	 0
1787327454224 	 14 	 200 	 2674 	 0
1787327454617 	 15 	 200 	 2676 	 1
1787327454633 	 13 	 200 	 2676 	 0
1787327454865 	 32 	 200 	 2677 	 0
1787327454956 	 32 	 200 	 2678 	 0
1787327455027 	 14 	 200 	 2679 	 0
1787327455143 	 24 	 200 	 2680 	 0
1787327455208 	 27 	 200 	 2681 	 0
1787327455360 	 13 	 200 	 2682 	 0
1787327455549 	 12 	 200 	 2683 	 0
1787327455695 	 17 	 200 	 2684 	 0
1787327456014 	 29 	 200 	 2685 	 0
1787327456156 	 31 	 200 	 2686 	 0
1787327456234 	 14 	 200 	 2687 	 0
1787327456291 	 16 	 200 	 2688 	 0
1787327456699 	 26 	 200 	 2690 	 1
1787327456708 	 28 	 200 	 2690 	 0
1787327456815 	 21 	 200 	 2691 	 0
1787327456841 	 13 	 200 	 2692 	 0
1787327457031 	 13 	 200 	 2693 	 0
1787327457051 	 13 	 200 	 2694 	 0
1787327457428 	 14 	 200 	 2695 	 0
1787327457765 	 13 	 200 	 2696 	 0
1787327457854 	 29 	 200 	 2698 	 1
1787327457875 	 13 	 200 	 2698 	 0
1787327457900 	 13 	 200 	 2699 	 0
1787327458464 	 15 	 200 	 2700 	 0
1787327458608 	 13 	 200 	 2701 	 0
1787327459008 	 35 	 200 	 2702 	 0
1787327459048 	 13 	 200 	 2703 	 0
1787327459219 	 14 	 200 	 2704 	 0
1787327459408 	 14 	 200 	 2705 	 0
1787327459932 	 20 	 200 	 2706 	 0
1787327460099 	 21 	 200 	 2707 	 0
1787327460241 	 38 	 200 	 2708 	 0
1787327461455 	 14 	 200 	 2709 	 0
1787327461513 	 17 	 200 	 2711 	 1
1787327461523 	 21 	 200 	 2711 	 0
1787327461729 	 18 	 200 	 2712 	 0
1787327461835 	 30 	 200 	 2713 	 0
1787327462090 	 20 	 200 	 2714 	 0
1787327462657 	 36 	 200 	 2715 	 0
1787327463560 	 36 	 200 	 2716 	 0
1787327464404 	 16 	 200 	 2717 	 0
1787327465091 	 26 	 200 	 2718 	 0
1787327465202 	 32 	 200 	 2719 	 0
1787327465251 	 14 	 200 	 2720 	 0
1787327465410 	 16 	 200 	 2721 	 0
1787327465588 	 14 	 200 	 2722 	 0
1787327465605 	 13 	 200 	 2723 	 0
1787327465725 	 16 	 200 	 2724 	 0
1787327465832 	 36 	 200 	 2725 	 0
1787327466149 	 12 	 200 	 2726 	 0
1787327466204 	 30 	 200 	 2727 	 0
1787327466470 	 14 	 200 	 2728 	 0
1787327466535 	 17 	 200 	 2729 	 0
1787327466628 	 21 	 200 	 2730 	 0
1787327466717 	 12 	 200 	 2731 	 0
1787327467062 	 24 	 200 	 2732 	 0
1787327467156 	 15 	 200 	 2733 	 0
1787327467289 	 12 	 200 	 2734 	 0
1787327467411 	 17 	 200 	 2735 	 0
1787327467557 	 32 	 200 	 2736 	 0
1787327467600 	 15 	 200 	 2737 	 0
1787327468521 	 30 	 200 	 2738 	 0
1787327468597 	 14 	 200 	 2739 	 0
1787327468681 	 15 	 200 	 2740 	 0
1787327468740 	 13 	 200 	 2741 	 0
1787327469150 	 33 	 200 	 2742 	 0
1787327469432 	 16 	 200 	 2743 	 0
1787327469586 	 13 	 200 	 2744 	 0
1787327469789 	 13 	 200 	 2745 	 0
1787327470173 	 20 	 200 	 2746 	 0
1787327470391 	 12 	 200 	 2747 	 0
1787327470521 	 15 	 200 	 2748 	 0
1787327470553 	 14 	 200 	 2749 	 0
1787327470881 	 18 	 200 	 2750 	 0
1787327471021 	 21 	 200 	 2751 	 0
1787327471099 	 33 	 200 	 2752 	 0
1787327471481 	 14 	 200 	 2753 	 0
1787327471611 	 15 	 200 	 2754 	 0
1787327471840 	 28 	 200 	 2756 	 1
1787327471859 	 19 	 200 	 2756 	 0
1787327471973 	 34 	 200 	 2757 	 0
1787327472312 	 13 	 200 	 2758 	 0
1787327472404 	 13 	 200 	 2759 	 0
1787327472577 	 15 	 200 	 2761 	 1
1787327472588 	 15 	 200 	 2761 	 0
1787327472697 	 14 	 200 	 2762 	 0
1787327472822 	 13 	 200 	 2763 	 0
1787327472927 	 39 	 200 	 2764 	 0
1787327473190 	 27 	 200 	 2765 	 0
1787327474052 	 19 	 200 	 2766 	 0
1787327474165 	 15 	 200 	 2767 	 0
1787327474197 	 12 	 200 	 2768 	 0
1787327474211 	 15 	 200 	 2770 	 1
1787327474222 	 30 	 200 	 2771 	 1
1787327474238 	 14 	 200 	 2771 	 0
1787327474430 	 13 	 200 	 2773 	 1
1787327474416 	 54 	 200 	 2773 	 0
1787327474652 	 17 	 200 	 2774 	 0
1787327474902 	 12 	 200 	 2775 	 0
1787327475267 	 15 	 200 	 2776 	 0
1787327475293 	 13 	 200 	 2777 	 0
1787327475564 	 18 	 200 	 2778 	 0
1787327476391 	 13 	 200 	 2779 	 0
1787327476689 	 15 	 200 	 2780 	 0
1787327476749 	 16 	 200 	 2781 	 0
1787327477233 	 22 	 200 	 2782 	 0
1787327477607 	 16 	 200 	 2783 	 0
1787327477672 	 21 	 200 	 2784 	 0
1787327477954 	 32 	 200 	 2785 	 0
1787327478291 	 13 	 200 	 2786 	 0
1787327479110 	 37 	 200 	 2788 	 1
1787327479146 	 23 	 200 	 2788 	 0
1787327479373 	 20 	 200 	 2790 	 1
1787327479386 	 14 	 200 	 2790 	 0
1787327480398 	 20 	 200 	 2791 	 0
1787327481034 	 39 	 200 	 2792 	 0
1787327481372 	 13 	 200 	 2793 	 0
1787327481698 	 15 	 200 	 2794 	 0
1787327481921 	 13 	 200 	 2795 	 0
1787327482198 	 17 	 200 	 2796 	 0
1787327482589 	 13 	 200 	 2797 	 0
1787327482985 	 120 	 200 	 2798 	 0
1787327483242 	 19 	 200 	 2799 	 0
1787327483277 	 14 	 200 	 2800 	 0
1787327483967 	 32 	 200 	 2801 	 0
1787327484032 	 16 	 200 	 2802 	 0
1787327484132 	 23 	 200 	 2803 	 0
1787327484218 	 13 	 200 	 2804 	 0
1787327484758 	 23 	 200 	 2805 	 0
1787327484800 	 14 	 200 	 2806 	 0
1787327484895 	 38 	 200 	 2807 	 0
1787327485006 	 36 	 200 	 2808 	 0
1787327485612 	 16 	 200 	 2810 	 1
1787327485620 	 29 	 200 	 2811 	 1
1787327485641 	 15 	 200 	 2811 	 0
1787327485666 	 14 	 200 	 2812 	 0
1787327485922 	 39 	 200 	 2814 	 1
1787327485942 	 28 	 200 	 2814 	 0
1787327486696 	 15 	 200 	 2815 	 0
1787327486780 	 13 	 200 	 2816 	 0
1787327486913 	 32 	 200 	 2818 	 1
1787327486911 	 40 	 200 	 2818 	 0
1787327486963 	 17 	 200 	 2819 	 0
1787327487502 	 25 	 200 	 2820 	 0
1787327487699 	 28 	 200 	 2821 	 0
1787327487798 	 30 	 200 	 2822 	 0
1787327488024 	 13 	 200 	 2823 	 0
1787327488083 	 35 	 200 	 2824 	 0
1787327488145 	 29 	 200 	 2825 	 0
1787327489036 	 22 	 200 	 2827 	 1
1787327489049 	 21 	 200 	 2827 	 0
1787327489253 	 14 	 200 	 2828 	 0
1787327489483 	 22 	 200 	 2829 	 0
1787327489819 	 12 	 200 	 2830 	 0
1787327490074 	 27 	 200 	 2831 	 0
1787327490437 	 14 	 200 	 2832 	 0
1787327490496 	 20 	 200 	 2834 	 1
1787327490498 	 21 	 200 	 2834 	 0
1787327490744 	 14 	 200 	 2835 	 0
1787327491249 	 14 	 200 	 2836 	 0
1787327491344 	 17 	 200 	 2837 	 0
1787327491623 	 17 	 200 	 2838 	 0
1787327491730 	 14 	 200 	 2839 	 0
1787327491834 	 30 	 200 	 2840 	 0
1787327493049 	 21 	 200 	 2841 	 0
1787327493821 	 12 	 200 	 2842 	 0
1787327494160 	 38 	 200 	 2843 	 0
1787327494749 	 20 	 200 	 2844 	 0
1787327494830 	 14 	 200 	 2845 	 0
1787327494845 	 14 	 200 	 2846 	 0
1787327494961 	 37 	 200 	 2847 	 0
1787327495008 	 12 	 200 	 2848 	 0
1787327495221 	 28 	 200 	 2849 	 0
1787327495397 	 25 	 200 	 2850 	 0
1787327495657 	 14 	 200 	 2852 	 1
1787327495672 	 12 	 200 	 2852 	 0
1787327496040 	 32 	 200 	 2853 	 0
1787327496289 	 14 	 200 	 2854 	 0
1787327496317 	 23 	 200 	 2855 	 0
1787327496750 	 15 	 200 	 2856 	 0
1787327497234 	 25 	 200 	 2857 	 0
1787327497294 	 15 	 200 	 2858 	 0
1787327497433 	 14 	 200 	 2860 	 1
1787327497453 	 12 	 200 	 2861 	 1
1787327497392 	 94 	 200 	 2861 	 0
1787327497723 	 14 	 200 	 2863 	 1
1787327497726 	 15 	 200 	 2863 	 0
1787327497815 	 44 	 200 	 2864 	 0
1787327497997 	 38 	 200 	 2865 	 0
1787327498087 	 34 	 200 	 2866 	 0
1787327498303 	 23 	 200 	 2867 	 0
1787327498330 	 14 	 200 	 2868 	 0
1787327498441 	 12 	 200 	 2869 	 0
1787327498518 	 15 	 200 	 2871 	 1
1787327498524 	 25 	 200 	 2871 	 0
1787327498750 	 13 	 200 	 2872 	 0
1787327499014 	 19 	 200 	 2874 	 1
1787327499026 	 16 	 200 	 2874 	 0
1787327499192 	 14 	 200 	 2875 	 0
1787327499439 	 22 	 200 	 2876 	 0
1787327499465 	 16 	 200 	 2877 	 0
1787327499731 	 16 	 200 	 2878 	 0
1787327499915 	 39 	 200 	 2880 	 1
1787327499932 	 34 	 200 	 2880 	 0
1787327500150 	 32 	 200 	 2881 	 0
1787327500539 	 19 	 200 	 2882 	 0
1787327500742 	 12 	 200 	 2883 	 0
1787327501084 	 23 	 200 	 2884 	 0
1787327501371 	 32 	 200 	 2885 	 0
1787327501438 	 13 	 200 	 2886 	 0
1787327501493 	 14 	 200 	 2887 	 0
1787327501569 	 16 	 200 	 2889 	 1
1787327501572 	 24 	 200 	 2889 	 0
1787327501654 	 13 	 200 	 2890 	 0
1787327501885 	 35 	 200 	 2891 	 0
1787327502195 	 28 	 200 	 2892 	 0
1787327502638 	 13 	 200 	 2893 	 0
1787327502868 	 37 	 200 	 2894 	 0
1787327503248 	 15 	 200 	 2895 	 0
1787327503590 	 19 	 200 	 2896 	 0
1787327503794 	 13 	 200 	 2897 	 0
1787327503927 	 36 	 200 	 2898 	 0
1787327503978 	 24 	 200 	 2899 	 0
1787327504119 	 15 	 200 	 2900 	 0
1787327504785 	 14 	 200 	 2901 	 0
1787327504845 	 16 	 200 	 2902 	 0
1787327504880 	 14 	 200 	 2903 	 0
1787327505291 	 19 	 200 	 2904 	 0
1787327505540 	 13 	 200 	 2906 	 1
1787327505551 	 17 	 200 	 2906 	 0
1787327505793 	 33 	 200 	 2909 	 2
1787327505801 	 33 	 200 	 2909 	 1
1787327505828 	 11 	 200 	 2909 	 0
1787327505936 	 33 	 200 	 2910 	 0
1787327506202 	 14 	 200 	 2911 	 0
1787327506262 	 12 	 200 	 2912 	 0
1787327506527 	 22 	 200 	 2913 	 0
1787327506614 	 12 	 200 	 2914 	 0
1787327506996 	 25 	 200 	 2915 	 0
1787327507598 	 17 	 200 	 2916 	 0
1787327507830 	 13 	 200 	 2917 	 0
1787327507930 	 15 	 200 	 2918 	 0
1787327507992 	 35 	 200 	 2919 	 0
1787327508415 	 17 	 200 	 2920 	 0
1787327508663 	 13 	 200 	 2921 	 0
1787327508866 	 31 	 200 	 2922 	 0
1787327509767 	 17 	 200 	 2923 	 0
1787327509854 	 29 	 200 	 2924 	 0
1787327510301 	 14 	 200 	 2925 	 0
1787327510853 	 37 	 200 	 2926 	 0
1787327511108 	 23 	 200 	 2927 	 0
1787327511201 	 20 	 200 	 2928 	 0
1787327511631 	 17 	 200 	 2929 	 0
1787327512320 	 16 	 200 	 2930 	 0
1787327512375 	 14 	 200 	 2931 	 0
1787327512490 	 23 	 200 	 2933 	 1
1787327512494 	 22 	 200 	 2933 	 0
1787327512521 	 12 	 200 	 2934 	 0
1787327512616 	 14 	 200 	 2935 	 0
1787327512751 	 13 	 200 	 2936 	 0
1787327513096 	 29 	 200 	 2938 	 1
1787327513121 	 14 	 200 	 2938 	 0
1787327513604 	 15 	 200 	 2940 	 1
1787327513616 	 16 	 200 	 2940 	 0
1787327514207 	 22 	 200 	 2941 	 0
1787327514245 	 14 	 200 	 2942 	 0
1787327514301 	 12 	 200 	 2943 	 0
1787327514427 	 22 	 200 	 2945 	 1
1787327514430 	 434 	 200 	 2945 	 0
1787327514947 	 15 	 200 	 2946 	 0
1787327515476 	 14 	 200 	 2949 	 2
1787327515470 	 20 	 200 	 2949 	 1
1787327515480 	 24 	 200 	 2949 	 0
1787327515582 	 17 	 200 	 2950 	 0
1787327515671 	 19 	 200 	 2951 	 0
1787327515839 	 34 	 200 	 2952 	 0
1787327516182 	 20 	 200 	 2953 	 0
1787327516319 	 18 	 200 	 2954 	 0
1787327516367 	 15 	 200 	 2955 	 0
1787327516530 	 13 	 200 	 2956 	 0
1787327516936 	 13 	 200 	 2957 	 0
1787327517048 	 39 	 200 	 2959 	 1
1787327517073 	 20 	 200 	 2959 	 0
1787327517176 	 17 	 200 	 2960 	 0
1787327517433 	 17 	 200 	 2961 	 0
1787327518015 	 15 	 200 	 2962 	 0
1787327518060 	 13 	 200 	 2963 	 0
1787327518132 	 16 	 200 	 2964 	 0
1787327518542 	 15 	 200 	 2965 	 0
1787327518576 	 12 	 200 	 2966 	 0
1787327519045 	 32 	 200 	 2967 	 0
1787327519346 	 23 	 200 	 2968 	 0
1787327519597 	 15 	 200 	 2970 	 1
1787327519606 	 25 	 200 	 2970 	 0
1787327519675 	 17 	 200 	 2971 	 0
1787327519877 	 31 	 200 	 2972 	 0
1787327520120 	 14 	 200 	 2973 	 0
1787327520365 	 22 	 200 	 2974 	 0
1787327520546 	 12 	 200 	 2975 	 0
1787327520644 	 14 	 200 	 2976 	 0
1787327520834 	 20 	 200 	 2977 	 0
1787327521062 	 32 	 200 	 2978 	 0
1787327521112 	 13 	 200 	 2979 	 0
1787327521438 	 34 	 200 	 2980 	 0
1787327521694 	 23 	 200 	 2981 	 0
1787327521854 	 36 	 200 	 2983 	 1
1787327521865 	 29 	 200 	 2983 	 0
1787327522292 	 14 	 200 	 2984 	 0
1787327522607 	 13 	 200 	 2985 	 0
1787327522703 	 18 	 200 	 2986 	 0
1787327522786 	 12 	 200 	 2987 	 0
1787327523487 	 31 	 200 	 2989 	 1
1787327523518 	 15 	 200 	 2989 	 0
1787327523992 	 33 	 200 	 2990 	 0
1787327524474 	 18 	 200 	 2991 	 0
1787327524534 	 15 	 200 	 2992 	 0
1787327524554 	 16 	 200 	 2993 	 0
1787327525421 	 15 	 200 	 2994 	 0
1787327525466 	 13 	 200 	 2995 	 0
1787327525727 	 23 	 200 	 2996 	 0
1787327525908 	 34 	 200 	 2997 	 0
1787327526287 	 14 	 200 	 2998 	 0
1787327526442 	 16 	 200 	 2999 	 0
1787327526638 	 35 	 200 	 3000 	 0