1787326316457 	 115 	 200 	 1 	 0
1787326316721 	 14 	 200 	 2 	 0
1787326316840 	 35 	 200 	 4 	 1
1787326316856 	 49 	 200 	 4 	 0
1787326317003 	 22 	 200 	 5 	 0
1787326317201 	 26 	 200 	 6 	 0
1787326317602 	 17 	 200 	 7 	 0
1787326317744 	 27 	 200 	 8 	 0
1787326318263 	 14 	 200 	 9 	 0
1787326318327 	 37 	 200 	 11 	 1
1787326318366 	 17 	 200 	 11 	 0
1787326319071 	 40 	 200 	 12 	 0
1787326319278 	 15 	 200 	 13 	 0
1787326319313 	 12 	 200 	 14 	 0
1787326319437 	 26 	 200 	 15 	 0
1787326319697 	 29 	 200 	 16 	 0
1787326319757 	 23 	 200 	 17 	 0
1787326320210 	 65 	 200 	 18 	 0
1787326320576 	 15 	 200 	 19 	 0
1787326320876 	 43 	 200 	 20 	 0
1787326321114 	 19 	 200 	 21 	 0
1787326321697 	 16 	 200 	 22 	 0
1787326322074 	 29 	 200 	 23 	 0
1787326322858 	 37 	 200 	 24 	 0
1787326323081 	 22 	 200 	 26 	 1
1787326323093 	 15 	 200 	 26 	 0
1787326323307 	 38 	 200 	 27 	 0
1787326323542 	 17 	 200 	 28 	 0
1787326323606 	 17 	 200 	 29 	 0
1787326324193 	 14 	 200 	 30 	 0
1787326324538 	 19 	 200 	 31 	 0
1787326324730 	 14 	 200 	 32 	 0
1787326325142 	 16 	 200 	 33 	 0
1787326325290 	 12 	 200 	 34 	 0
1787326325348 	 14 	 200 	 35 	 0
1787326325492 	 29 	 200 	 36 	 0
1787326325547 	 13 	 200 	 37 	 0
1787326325581 	 13 	 200 	 38 	 0
1787326325817 	 35 	 200 	 39 	 0
1787326326302 	 16 	 200 	 40 	 0
1787326326752 	 25 	 200 	 41 	 0
1787326326883 	 31 	 200 	 42 	 0
1787326326960 	 33 	 200 	 43 	 0
1787326327197 	 19 	 200 	 44 	 0
1787326327235 	 15 	 200 	 45 	 0
1787326327908 	 14 	 200 	 46 	 0
1787326328151 	 25 	 200 	 47 	 0
1787326328280 	 12 	 200 	 48 	 0
1787326328431 	 39 	 200 	 49 	 0
1787326328656 	 12 	 200 	 50 	 0
1787326328749 	 13 	 200 	 51 	 0
1787326328838 	 23 	 200 	 53 	 1
1787326328836 	 32 	 200 	 53 	 0
1787326328959 	 36 	 200 	 54 	 0
1787326329657 	 15 	 200 	 55 	 0
1787326330016 	 17 	 200 	 56 	 0
1787326330226 	 26 	 200 	 57 	 0
1787326330293 	 14 	 200 	 58 	 0
1787326330349 	 17 	 200 	 59 	 0
1787326330438 	 14 	 200 	 60 	 0
1787326330622 	 14 	 200 	 61 	 0
1787326330727 	 16 	 200 	 62 	 0
1787326330948 	 33 	 200 	 63 	 0
1787326331204 	 27 	 200 	 65 	 1
1787326331230 	 15 	 200 	 65 	 0
1787326331311 	 34 	 200 	 66 	 0
1787326331383 	 19 	 200 	 67 	 0
1787326331477 	 12 	 200 	 68 	 0
1787326331604 	 13 	 200 	 69 	 0
1787326331714 	 13 	 200 	 70 	 0
1787326332231 	 20 	 200 	 71 	 0
1787326332369 	 20 	 200 	 72 	 0
1787326332593 	 16 	 200 	 73 	 0
1787326332651 	 23 	 200 	 74 	 0
1787326332857 	 28 	 200 	 75 	 0
1787326332965 	 15 	 200 	 76 	 0
1787326333293 	 14 	 200 	 77 	 0
1787326333463 	 13 	 200 	 78 	 0
1787326333712 	 36 	 200 	 80 	 1
1787326333744 	 18 	 200 	 80 	 0
1787326334022 	 38 	 200 	 81 	 0
1787326334211 	 16 	 200 	 82 	 0
1787326334235 	 15 	 200 	 83 	 0
1787326334314 	 37 	 200 	 84 	 0
1787326334478 	 14 	 200 	 85 	 0
1787326334729 	 16 	 200 	 86 	 0
1787326335167 	 36 	 200 	 87 	 0
1787326335676 	 13 	 200 	 88 	 0
1787326336174 	 24 	 200 	 89 	 0
1787326336370 	 39 	 200 	 90 	 0
1787326336798 	 24 	 200 	 91 	 0
1787326336932 	 13 	 200 	 92 	 0
1787326337096 	 18 	 200 	 94 	 1
1787326337111 	 17 	 200 	 94 	 0
1787326337755 	 28 	 200 	 95 	 0
1787326338070 	 28 	 200 	 96 	 0
1787326338239 	 60 	 200 	 97 	 0
1787326338649 	 13 	 200 	 98 	 0
1787326339327 	 13 	 200 	 100 	 1
1787326339338 	 38 	 200 	 100 	 0
1787326339888 	 16 	 200 	 101 	 0
1787326339952 	 32 	 200 	 102 	 0
1787326340091 	 15 	 200 	 103 	 0
1787326340550 	 22 	 200 	 104 	 0
1787326341131 	 41 	 200 	 105 	 0
1787326341179 	 15 	 200 	 106 	 0
1787326341345 	 13 	 200 	 107 	 0
1787326341540 	 13 	 200 	 108 	 0
1787326342001 	 31 	 200 	 109 	 0
1787326342429 	 15 	 200 	 110 	 0
1787326342522 	 14 	 200 	 111 	 0
1787326342677 	 12 	 200 	 112 	 0
1787326342753 	 12 	 200 	 113 	 0
1787326343055 	 37 	 200 	 115 	 1
1787326343080 	 24 	 200 	 115 	 0
1787326343294 	 12 	 200 	 116 	 0
1787326343451 	 15 	 200 	 117 	 0
1787326343983 	 13 	 200 	 118 	 0
1787326344039 	 14 	 200 	 119 	 0
1787326344344 	 22 	 200 	 120 	 0
1787326344606 	 15 	 200 	 121 	 0
1787326344928 	 36 	 200 	 122 	 0
1787326345180 	 27 	 200 	 123 	 0
1787326345336 	 15 	 200 	 124 	 0
1787326345502 	 12 	 200 	 125 	 0
1787326345528 	 31 	 200 	 126 	 0
1787326345810 	 26 	 200 	 127 	 0
1787326345935 	 35 	 200 	 128 	 0
1787326346088 	 25 	 200 	 129 	 0
1787326346286 	 16 	 200 	 130 	 0
1787326346328 	 16 	 200 	 131 	 0
1787326346758 	 103 	 200 	 133 	 1
1787326346534 	 360 	 200 	 133 	 0
1787326347210 	 33 	 200 	 134 	 0
1787326347282 	 19 	 200 	 135 	 0
1787326347310 	 16 	 200 	 136 	 0
1787326347377 	 20 	 200 	 137 	 0
1787326347736 	 13 	 200 	 138 	 0
1787326348273 	 14 	 200 	 139 	 0
1787326348381 	 13 	 200 	 140 	 0
1787326348414 	 16 	 200 	 141 	 0
1787326348639 	 13 	 200 	 142 	 0
1787326348722 	 34 	 200 	 143 	 0
1787326348875 	 41 	 200 	 145 	 1
1787326348905 	 16 	 200 	 145 	 0
1787326349700 	 20 	 200 	 146 	 0
1787326349932 	 19 	 200 	 147 	 0
1787326349989 	 30 	 200 	 149 	 1
1787326349992 	 36 	 200 	 149 	 0
1787326350130 	 16 	 200 	 150 	 0
1787326350356 	 13 	 200 	 151 	 0
1787326350419 	 16 	 200 	 152 	 0
1787326350550 	 15 	 200 	 153 	 0
1787326350631 	 15 	 200 	 154 	 0
1787326351195 	 20 	 200 	 155 	 0
1787326351238 	 15 	 200 	 156 	 0
1787326351740 	 14 	 200 	 157 	 0
1787326351972 	 13 	 200 	 158 	 0
1787326352747 	 14 	 200 	 159 	 0
1787326352991 	 18 	 200 	 160 	 0
1787326353071 	 15 	 200 	 161 	 0
1787326353257 	 15 	 200 	 162 	 0
1787326353358 	 19 	 200 	 163 	 0
1787326353404 	 14 	 200 	 164 	 0
1787326353785 	 13 	 200 	 166 	 1
1787326353797 	 13 	 200 	 166 	 0
1787326354392 	 27 	 200 	 168 	 1
1787326354395 	 35 	 200 	 168 	 0
1787326354669 	 31 	 200 	 169 	 0
1787326355163 	 13 	 200 	 170 	 0
1787326355206 	 29 	 200 	 171 	 0
1787326355819 	 14 	 200 	 172 	 0
1787326355848 	 16 	 200 	 173 	 0
1787326356221 	 31 	 200 	 175 	 1
1787326356223 	 35 	 200 	 175 	 0
1787326356484 	 38 	 200 	 177 	 1
1787326356498 	 35 	 200 	 177 	 0
1787326356672 	 21 	 200 	 178 	 0
1787326357145 	 14 	 200 	 180 	 1
1787326357128 	 41 	 200 	 180 	 0
1787326357759 	 14 	 200 	 181 	 0
1787326357777 	 13 	 200 	 182 	 0
1787326358047 	 17 	 200 	 183 	 0
1787326358194 	 19 	 200 	 184 	 0
1787326358290 	 13 	 200 	 185 	 0
1787326358368 	 15 	 200 	 186 	 0
1787326358433 	 13 	 200 	 187 	 0
1787326358517 	 19 	 200 	 188 	 0
1787326358691 	 16 	 200 	 189 	 0
1787326358756 	 13 	 200 	 190 	 0
1787326358877 	 13 	 200 	 191 	 0
1787326359643 	 14 	 200 	 192 	 0
1787326359880 	 13 	 200 	 193 	 0
1787326360021 	 19 	 200 	 194 	 0
1787326360110 	 13 	 200 	 195 	 0
1787326360146 	 15 	 200 	 196 	 0
1787326360340 	 15 	 200 	 198 	 1
1787326360305 	 154 	 200 	 198 	 0
1787326360976 	 13 	 200 	 199 	 0
1787326361172 	 14 	 200 	 200 	 0
1787326361206 	 14 	 200 	 201 	 0
1787326361367 	 35 	 200 	 202 	 0
1787326361802 	 23 	 200 	 204 	 1
1787326361821 	 16 	 200 	 204 	 0
1787326362148 	 26 	 200 	 205 	 0
1787326362478 	 15 	 200 	 207 	 1
1787326362482 	 14 	 200 	 207 	 0
1787326362546 	 13 	 200 	 208 	 0
1787326362735 	 14 	 200 	 210 	 1
1787326362836 	 13 	 200 	 211 	 1
1787326362852 	 17 	 200 	 212 	 1
1787326362964 	 36 	 200 	 213 	 1
1787326362729 	 371 	 200 	 213 	 0
1787326363148 	 13 	 200 	 214 	 0
1787326363216 	 23 	 200 	 215 	 0
1787326363337 	 14 	 200 	 216 	 0
1787326363872 	 15 	 200 	 217 	 0
1787326364158 	 14 	 200 	 219 	 1
1787326363932 	 364 	 200 	 219 	 0
1787326364566 	 15 	 200 	 220 	 0
1787326364654 	 19 	 200 	 221 	 0
1787326365819 	 40 	 200 	 222 	 0
1787326365938 	 38 	 200 	 223 	 0
1787326366149 	 17 	 200 	 225 	 1
1787326366162 	 21 	 200 	 225 	 0
1787326366514 	 19 	 200 	 226 	 0
1787326366558 	 12 	 200 	 227 	 0
1787326366593 	 16 	 200 	 228 	 0
1787326366787 	 14 	 200 	 229 	 0
1787326366850 	 37 	 200 	 230 	 0
1787326366971 	 35 	 200 	 231 	 0
1787326367012 	 15 	 200 	 232 	 0
1787326367256 	 20 	 200 	 233 	 0
1787326367435 	 19 	 200 	 234 	 0
1787326367498 	 22 	 200 	 235 	 0
1787326367659 	 38 	 200 	 236 	 0
1787326367822 	 18 	 200 	 237 	 0
1787326368015 	 40 	 200 	 238 	 0
1787326368258 	 12 	 200 	 239 	 0
1787326368476 	 16 	 200 	 240 	 0
1787326368547 	 15 	 200 	 241 	 0
1787326368713 	 14 	 200 	 242 	 0
1787326368972 	 25 	 200 	 243 	 0
1787326369288 	 14 	 200 	 244 	 0
1787326369339 	 19 	 200 	 245 	 0
1787326369846 	 14 	 200 	 246 	 0
1787326370021 	 34 	 200 	 247 	 0
1787326370132 	 36 	 200 	 248 	 0
1787326370426 	 15 	 200 	 249 	 0
1787326370829 	 12 	 200 	 250 	 0
1787326370874 	 24 	 200 	 251 	 0
1787326371264 	 21 	 200 	 252 	 0
1787326371344 	 27 	 200 	 254 	 1
1787326371353 	 24 	 200 	 254 	 0
1787326371449 	 26 	 200 	 255 	 0
1787326371536 	 13 	 200 	 256 	 0
1787326371576 	 17 	 200 	 257 	 0
1787326371830 	 31 	 200 	 258 	 0
1787326371876 	 13 	 200 	 259 	 0
1787326372048 	 13 	 200 	 260 	 0
1787326373158 	 47 	 200 	 261 	 0
1787326373393 	 26 	 200 	 262 	 0
1787326373695 	 19 	 200 	 263 	 0
1787326373875 	 16 	 200 	 264 	 0
1787326373912 	 14 	 200 	 265 	 0
1787326373950 	 29 	 200 	 266 	 0
1787326374058 	 140 	 200 	 268 	 1
1787326374194 	 15 	 200 	 268 	 0
1787326374260 	 14 	 200 	 269 	 0
1787326374424 	 13 	 200 	 270 	 0
1787326374487 	 15 	 200 	 271 	 0
1787326374627 	 15 	 200 	 272 	 0
1787326374749 	 13 	 200 	 273 	 0
1787326374893 	 28 	 200 	 274 	 0
1787326374943 	 13 	 200 	 275 	 0
1787326375047 	 32 	 200 	 276 	 0
1787326375169 	 12 	 200 	 277 	 0
1787326375714 	 13 	 200 	 278 	 0
1787326375747 	 16 	 200 	 279 	 0
1787326375879 	 13 	 200 	 280 	 0
1787326376104 	 24 	 200 	 281 	 0
1787326376416 	 14 	 200 	 282 	 0
1787326376475 	 18 	 200 	 283 	 0
1787326376591 	 20 	 200 	 284 	 0
1787326376878 	 35 	 200 	 285 	 0
1787326377067 	 21 	 200 	 286 	 0
1787326377100 	 15 	 200 	 287 	 0
1787326377219 	 23 	 200 	 289 	 1
1787326377233 	 18 	 200 	 289 	 0
1787326377327 	 27 	 200 	 290 	 0
1787326377530 	 23 	 200 	 291 	 0
1787326377710 	 18 	 200 	 292 	 0
1787326377889 	 31 	 200 	 293 	 0
1787326378052 	 14 	 200 	 294 	 0
1787326378123 	 35 	 200 	 295 	 0
1787326378721 	 13 	 200 	 296 	 0
1787326378770 	 13 	 200 	 297 	 0
1787326379073 	 15 	 200 	 298 	 0
1787326379099 	 16 	 200 	 299 	 0
1787326379132 	 13 	 200 	 300 	 0
1787326379348 	 12 	 200 	 301 	 0
1787326380678 	 16 	 200 	 303 	 1
1787326380684 	 30 	 200 	 303 	 0
1787326380783 	 13 	 200 	 304 	 0
1787326381063 	 36 	 200 	 305 	 0
1787326381221 	 34 	 200 	 306 	 0
1787326381311 	 17 	 200 	 307 	 0
1787326381703 	 18 	 200 	 308 	 0
1787326382320 	 15 	 200 	 309 	 0
1787326382362 	 12 	 200 	 310 	 0
1787326382765 	 13 	 200 	 311 	 0
1787326382895 	 12 	 200 	 312 	 0
1787326382947 	 25 	 200 	 314 	 1
1787326382967 	 14 	 200 	 314 	 0
1787326382985 	 16 	 200 	 315 	 0
1787326383105 	 14 	 200 	 316 	 0
1787326383160 	 15 	 200 	 317 	 0
1787326383474 	 15 	 200 	 318 	 0
1787326383570 	 19 	 200 	 320 	 1
1787326383577 	 15 	 200 	 320 	 0
1787326383915 	 15 	 200 	 321 	 0
1787326384116 	 14 	 200 	 322 	 0
1787326384163 	 14 	 200 	 323 	 0
1787326384195 	 12 	 200 	 324 	 0
1787326384537 	 20 	 200 	 325 	 0
1787326384714 	 16 	 200 	 326 	 0
1787326384943 	 24 	 200 	 327 	 0
1787326385080 	 23 	 200 	 328 	 0
1787326385843 	 32 	 200 	 329 	 0
1787326386005 	 24 	 200 	 330 	 0
1787326386062 	 16 	 200 	 331 	 0
1787326386409 	 14 	 200 	 332 	 0
1787326386476 	 17 	 200 	 333 	 0
1787326386549 	 14 	 200 	 334 	 0
1787326386711 	 14 	 200 	 335 	 0
1787326386940 	 42 	 200 	 337 	 1
1787326386974 	 21 	 200 	 337 	 0
1787326387157 	 14 	 200 	 338 	 0
1787326387627 	 28 	 200 	 339 	 0
1787326387671 	 16 	 200 	 341 	 1
1787326387668 	 29 	 200 	 341 	 0
1787326388088 	 26 	 200 	 342 	 0
1787326388482 	 14 	 200 	 343 	 0
1787326388737 	 13 	 200 	 344 	 0
1787326388945 	 15 	 200 	 345 	 0
1787326389088 	 15 	 200 	 346 	 0
1787326389491 	 28 	 200 	 348 	 1
1787326389514 	 15 	 200 	 348 	 0
1787326389711 	 12 	 200 	 349 	 0
1787326389777 	 13 	 200 	 350 	 0
1787326389887 	 37 	 200 	 351 	 0
1787326390399 	 24 	 200 	 353 	 1
1787326390406 	 26 	 200 	 353 	 0
1787326390800 	 16 	 200 	 354 	 0
1787326390841 	 14 	 200 	 355 	 0
1787326390952 	 14 	 200 	 356 	 0
1787326391016 	 18 	 200 	 357 	 0
1787326391478 	 29 	 200 	 360 	 2
1787326391563 	 14 	 200 	 361 	 2
1787326391486 	 126 	 200 	 361 	 1
1787326391327 	 351 	 200 	 362 	 1
1787326391667 	 14 	 200 	 362 	 0
1787326391769 	 20 	 200 	 363 	 0
1787326391832 	 14 	 200 	 364 	 0
1787326392026 	 33 	 200 	 365 	 0
1787326392242 	 16 	 200 	 366 	 0
1787326392365 	 13 	 200 	 367 	 0
1787326392388 	 13 	 200 	 368 	 0
1787326392540 	 35 	 200 	 369 	 0
1787326392595 	 13 	 200 	 370 	 0
1787326393377 	 13 	 200 	 371 	 0
1787326393428 	 14 	 200 	 372 	 0
1787326393571 	 22 	 200 	 373 	 0
1787326393711 	 13 	 200 	 374 	 0
1787326393907 	 20 	 200 	 375 	 0
1787326394019 	 21 	 200 	 376 	 0
1787326394145 	 13 	 200 	 377 	 0
1787326394284 	 17 	 200 	 378 	 0
1787326394322 	 13 	 200 	 379 	 0
1787326394538 	 13 	 200 	 380 	 0
1787326394911 	 38 	 200 	 382 	 1
1787326394931 	 31 	 200 	 382 	 0
1787326395440 	 16 	 200 	 383 	 0
1787326395997 	 36 	 200 	 385 	 1
1787326396020 	 26 	 200 	 385 	 0
1787326396183 	 15 	 200 	 387 	 1
1787326396199 	 14 	 200 	 387 	 0
1787326396217 	 13 	 200 	 388 	 0
1787326396418 	 14 	 200 	 389 	 0
1787326396551 	 13 	 200 	 391 	 1
1787326396560 	 15 	 200 	 392 	 1
1787326396568 	 12 	 200 	 392 	 0
1787326396805 	 30 	 200 	 393 	 0
1787326396868 	 16 	 200 	 394 	 0
1787326397406 	 15 	 200 	 396 	 1
1787326397416 	 23 	 200 	 396 	 0
1787326397712 	 17 	 200 	 397 	 0
1787326397783 	 14 	 200 	 398 	 0
1787326398212 	 20 	 200 	 400 	 1
1787326398196 	 37 	 200 	 400 	 0
1787326398471 	 37 	 200 	 401 	 0
1787326399290 	 14 	 200 	 402 	 0
1787326399308 	 15 	 200 	 403 	 0
1787326399464 	 18 	 200 	 404 	 0
1787326399522 	 14 	 200 	 405 	 0
1787326399813 	 36 	 200 	 406 	 0
1787326400063 	 21 	 200 	 407 	 0
1787326400170 	 14 	 200 	 409 	 1
1787326400171 	 20 	 200 	 409 	 0
1787326400697 	 16 	 200 	 410 	 0
1787326400871 	 18 	 200 	 411 	 0
1787326401090 	 25 	 200 	 412 	 0
1787326401232 	 13 	 200 	 413 	 0
1787326401284 	 12 	 200 	 414 	 0
1787326401476 	 14 	 200 	 415 	 0
1787326401858 	 33 	 200 	 416 	 0
1787326402086 	 15 	 200 	 417 	 0
1787326402290 	 12 	 200 	 418 	 0
1787326402739 	 13 	 200 	 419 	 0
1787326402864 	 37 	 200 	 421 	 1
1787326402882 	 26 	 200 	 421 	 0
1787326403071 	 21 	 200 	 422 	 0
1787326403143 	 22 	 200 	 423 	 0
1787326403352 	 18 	 200 	 425 	 1
1787326403366 	 14 	 200 	 425 	 0
1787326403557 	 36 	 200 	 426 	 0
1787326403958 	 18 	 200 	 427 	 0
1787326404213 	 17 	 200 	 428 	 0
1787326404640 	 17 	 200 	 429 	 0
1787326404773 	 17 	 200 	 430 	 0
1787326404855 	 32 	 200 	 431 	 0
1787326404956 	 15 	 200 	 432 	 0
1787326405484 	 22 	 200 	 433 	 0
1787326405640 	 14 	 200 	 434 	 0
1787326405844 	 16 	 200 	 435 	 0
1787326405982 	 31 	 200 	 436 	 0
1787326406045 	 25 	 200 	 437 	 0
1787326406303 	 15 	 200 	 438 	 0
1787326406369 	 32 	 200 	 439 	 0
1787326406446 	 13 	 200 	 440 	 0
1787326406495 	 14 	 200 	 441 	 0
1787326406530 	 19 	 200 	 442 	 0
1787326406907 	 23 	 200 	 443 	 0
1787326407064 	 15 	 200 	 444 	 0
1787326407270 	 12 	 200 	 445 	 0
1787326407642 	 15 	 200 	 447 	 1
1787326407657 	 13 	 200 	 447 	 0
1787326407951 	 36 	 200 	 448 	 0
1787326408084 	 24 	 200 	 449 	 0
1787326408172 	 30 	 200 	 451 	 1
1787326408192 	 17 	 200 	 451 	 0
1787326408287 	 27 	 200 	 452 	 0
1787326409320 	 12 	 200 	 453 	 0
1787326409437 	 17 	 200 	 454 	 0
1787326409622 	 16 	 200 	 455 	 0
1787326409914 	 30 	 200 	 456 	 0
1787326409973 	 35 	 200 	 457 	 0
1787326410150 	 16 	 200 	 458 	 0
1787326410416 	 13 	 200 	 459 	 0
1787326410771 	 14 	 200 	 460 	 0
1787326411009 	 20 	 200 	 461 	 0
1787326411042 	 13 	 200 	 462 	 0
1787326411235 	 14 	 200 	 464 	 1
1787326411240 	 49 	 200 	 464 	 0
1787326411462 	 14 	 200 	 465 	 0
1787326411508 	 13 	 200 	 466 	 0
1787326411848 	 31 	 200 	 468 	 1
1787326411870 	 35 	 200 	 468 	 0
1787326411911 	 15 	 200 	 469 	 0
1787326412026 	 41 	 200 	 470 	 0
1787326412270 	 14 	 200 	 471 	 0
1787326412289 	 14 	 200 	 472 	 0
1787326412348 	 12 	 200 	 473 	 0
1787326412525 	 13 	 200 	 474 	 0
1787326412962 	 35 	 200 	 476 	 1
1787326412991 	 19 	 200 	 476 	 0
1787326413690 	 23 	 200 	 477 	 0
1787326413718 	 13 	 200 	 478 	 0
1787326415024 	 19 	 200 	 479 	 0
1787326415134 	 14 	 200 	 480 	 0
1787326415180 	 16 	 200 	 481 	 0
1787326415288 	 23 	 200 	 484 	 2
1787326415299 	 20 	 200 	 484 	 1
1787326415311 	 12 	 200 	 484 	 0
1787326415624 	 21 	 200 	 485 	 0
1787326415892 	 18 	 200 	 487 	 1
1787326415895 	 17 	 200 	 487 	 0
1787326416519 	 21 	 200 	 488 	 0
1787326416586 	 23 	 200 	 490 	 1
1787326416597 	 16 	 200 	 490 	 0
1787326416854 	 17 	 200 	 491 	 0
1787326416927 	 15 	 200 	 492 	 0
1787326416957 	 18 	 200 	 493 	 0
1787326417280 	 15 	 200 	 494 	 0
1787326417426 	 14 	 200 	 496 	 1
1787326417434 	 16 	 200 	 496 	 0
1787326417476 	 17 	 200 	 497 	 0
1787326417894 	 29 	 200 	 498 	 0
1787326418033 	 14 	 200 	 499 	 0
1787326418288 	 15 	 200 	 500 	 0
1787326418336 	 18 	 200 	 501 	 0
1787326419418 	 17 	 200 	 502 	 0
1787326419491 	 16 	 200 	 503 	 0
1787326420024 	 13 	 200 	 504 	 0
1787326420573 	 19 	 200 	 505 	 0
1787326420638 	 34 	 200 	 506 	 0
1787326420884 	 33 	 200 	 507 	 0
1787326421142 	 14 	 200 	 508 	 0
1787326421251 	 14 	 200 	 509 	 0
1787326421376 	 13 	 200 	 510 	 0
1787326421436 	 14 	 200 	 511 	 0
1787326421496 	 22 	 200 	 512 	 0
1787326421615 	 15 	 200 	 513 	 0
1787326422048 	 13 	 200 	 514 	 0
1787326422459 	 16 	 200 	 515 	 0
1787326422644 	 14 	 200 	 516 	 0
1787326422765 	 13 	 200 	 517 	 0
1787326422792 	 15 	 200 	 518 	 0
1787326422970 	 34 	 200 	 519 	 0
1787326423181 	 13 	 200 	 520 	 0
1787326423229 	 14 	 200 	 521 	 0
1787326423301 	 15 	 200 	 522 	 0
1787326423434 	 22 	 200 	 523 	 0
1787326423833 	 22 	 200 	 524 	 0
1787326423894 	 18 	 200 	 525 	 0
1787326424121 	 15 	 200 	 526 	 0
1787326424398 	 15 	 200 	 527 	 0
1787326425372 	 38 	 200 	 528 	 0
1787326425514 	 17 	 200 	 529 	 0
1787326425604 	 15 	 200 	 530 	 0
1787326425649 	 28 	 200 	 531 	 0
1787326425689 	 20 	 200 	 532 	 0
1787326425739 	 17 	 200 	 533 	 0
1787326425777 	 18 	 200 	 534 	 0
1787326425871 	 23 	 200 	 535 	 0
1787326426720 	 21 	 200 	 536 	 0
1787326426796 	 20 	 200 	 537 	 0
1787326427145 	 14 	 200 	 538 	 0
1787326427335 	 14 	 200 	 539 	 0
1787326427578 	 14 	 200 	 540 	 0
1787326427771 	 17 	 200 	 541 	 0
1787326428016 	 16 	 200 	 542 	 0
1787326428137 	 15 	 200 	 543 	 0
1787326428266 	 17 	 200 	 544 	 0
1787326428563 	 34 	 200 	 545 	 0
1787326428617 	 13 	 200 	 546 	 0
1787326428695 	 20 	 200 	 547 	 0
1787326428909 	 14 	 200 	 548 	 0
1787326428981 	 28 	 200 	 549 	 0
1787326429121 	 13 	 200 	 550 	 0
1787326429194 	 28 	 200 	 551 	 0
1787326429279 	 15 	 200 	 552 	 0
1787326429439 	 14 	 200 	 553 	 0
1787326429490 	 18 	 200 	 554 	 0
1787326429513 	 13 	 200 	 555 	 0
1787326429646 	 15 	 200 	 556 	 0
1787326429819 	 20 	 200 	 557 	 0
1787326429847 	 14 	 200 	 558 	 0
1787326430094 	 14 	 200 	 559 	 0
1787326430264 	 29 	 200 	 560 	 0
1787326430738 	 14 	 200 	 561 	 0
1787326430848 	 17 	 200 	 563 	 1
1787326430855 	 16 	 200 	 563 	 0
1787326431391 	 15 	 200 	 564 	 0
1787326431543 	 42 	 200 	 565 	 0
1787326431703 	 14 	 200 	 566 	 0
1787326431863 	 28 	 200 	 567 	 0
1787326432005 	 20 	 200 	 568 	 0
1787326432515 	 15 	 200 	 569 	 0
1787326432637 	 16 	 200 	 570 	 0
1787326433113 	 28 	 200 	 571 	 0
1787326433777 	 17 	 200 	 572 	 0
1787326434131 	 20 	 200 	 573 	 0
1787326434307 	 32 	 200 	 574 	 0
1787326434652 	 14 	 200 	 575 	 0
1787326434761 	 16 	 200 	 576 	 0
1787326435353 	 14 	 200 	 578 	 1
1787326435352 	 16 	 200 	 578 	 0
1787326435484 	 13 	 200 	 579 	 0
1787326435652 	 15 	 200 	 580 	 0
1787326435941 	 31 	 200 	 581 	 0
1787326436045 	 16 	 200 	 582 	 0
1787326436164 	 14 	 200 	 583 	 0
1787326436533 	 23 	 200 	 584 	 0
1787326436720 	 14 	 200 	 585 	 0
1787326436858 	 38 	 200 	 586 	 0
1787326437115 	 35 	 200 	 587 	 0
1787326437218 	 20 	 200 	 588 	 0
1787326437812 	 13 	 200 	 589 	 0
1787326437860 	 14 	 200 	 590 	 0
1787326437900 	 16 	 200 	 591 	 0
1787326438035 	 21 	 200 	 592 	 0
1787326438402 	 17 	 200 	 593 	 0
1787326438904 	 35 	 200 	 594 	 0
1787326439103 	 14 	 200 	 595 	 0
1787326439271 	 32 	 200 	 597 	 1
1787326439300 	 14 	 200 	 597 	 0
1787326439397 	 30 	 200 	 598 	 0
1787326439534 	 15 	 200 	 599 	 0
1787326439751 	 15 	 200 	 600 	 0
1787326440125 	 13 	 200 	 601 	 0
1787326440185 	 14 	 200 	 602 	 0
1787326440279 	 17 	 200 	 603 	 0
1787326440767 	 16 	 200 	 604 	 0
1787326440999 	 17 	 200 	 605 	 0
1787326441075 	 13 	 200 	 606 	 0
1787326441460 	 20 	 200 	 608 	 1
1787326441476 	 13 	 200 	 608 	 0
1787326441835 	 76 	 200 	 610 	 1
1787326441894 	 21 	 200 	 610 	 0
1787326441977 	 12 	 200 	 611 	 0
1787326442030 	 14 	 200 	 612 	 0
1787326442059 	 14 	 200 	 613 	 0
1787326442079 	 15 	 200 	 614 	 0
1787326442101 	 20 	 200 	 616 	 1
1787326442111 	 14 	 200 	 616 	 0
1787326442351 	 14 	 200 	 617 	 0
1787326442507 	 13 	 200 	 618 	 0
1787326442664 	 13 	 200 	 619 	 0
1787326442682 	 14 	 200 	 620 	 0
1787326442808 	 20 	 200 	 621 	 0
1787326442912 	 33 	 200 	 622 	 0
1787326443044 	 31 	 200 	 623 	 0
1787326443207 	 19 	 200 	 625 	 1
1787326443209 	 19 	 200 	 625 	 0
1787326443980 	 15 	 200 	 626 	 0
1787326444219 	 22 	 200 	 629 	 2
1787326444228 	 22 	 200 	 629 	 1
1787326444240 	 37 	 200 	 629 	 0
1787326444287 	 16 	 200 	 630 	 0
1787326444601 	 16 	 200 	 631 	 0
1787326444622 	 12 	 200 	 632 	 0
1787326444824 	 15 	 200 	 633 	 0
1787326444880 	 12 	 200 	 634 	 0
1787326445070 	 24 	 200 	 636 	 1
1787326445089 	 13 	 200 	 636 	 0
1787326445532 	 19 	 200 	 637 	 0
1787326445586 	 16 	 200 	 638 	 0
1787326446565 	 32 	 200 	 639 	 0
1787326446730 	 13 	 200 	 640 	 0
1787326446906 	 37 	 200 	 642 	 1
1787326446908 	 40 	 200 	 642 	 0
1787326446953 	 13 	 200 	 643 	 0
1787326447059 	 13 	 200 	 644 	 0
1787326447145 	 14 	 200 	 645 	 0
1787326448177 	 13 	 200 	 646 	 0
1787326448235 	 15 	 200 	 647 	 0
1787326448400 	 26 	 200 	 649 	 1
1787326448422 	 16 	 200 	 649 	 0
1787326448628 	 15 	 200 	 650 	 0
1787326448781 	 20 	 200 	 652 	 1
1787326448797 	 17 	 200 	 652 	 0
1787326448835 	 16 	 200 	 653 	 0
1787326448992 	 31 	 200 	 654 	 0
1787326449096 	 19 	 200 	 655 	 0
1787326449186 	 13 	 200 	 656 	 0
1787326449217 	 16 	 200 	 657 	 0
1787326449250 	 13 	 200 	 658 	 0
1787326449276 	 15 	 200 	 659 	 0
1787326449609 	 14 	 200 	 660 	 0
1787326449642 	 12 	 200 	 661 	 0
1787326449919 	 18 	 200 	 662 	 0
1787326449962 	 14 	 200 	 663 	 0
1787326450229 	 14 	 200 	 664 	 0
1787326450336 	 14 	 200 	 665 	 0
1787326450861 	 13 	 200 	 666 	 0
1787326451147 	 17 	 200 	 667 	 0
1787326451190 	 13 	 200 	 668 	 0
1787326451526 	 31 	 200 	 669 	 0
1787326451759 	 15 	 200 	 670 	 0
1787326451900 	 34 	 200 	 671 	 0
1787326452018 	 30 	 200 	 674 	 2
1787326452024 	 28 	 200 	 674 	 1
1787326452016 	 36 	 200 	 674 	 0
1787326452278 	 13 	 200 	 675 	 0
1787326452404 	 23 	 200 	 677 	 1
1787326452416 	 13 	 200 	 677 	 0
1787326452487 	 13 	 200 	 678 	 0
1787326452676 	 18 	 200 	 679 	 0
1787326452796 	 18 	 200 	 680 	 0
1787326453583 	 18 	 200 	 681 	 0
1787326453893 	 41 	 200 	 682 	 0
1787326454176 	 30 	 200 	 683 	 0
1787326454434 	 17 	 200 	 684 	 0
1787326454486 	 16 	 200 	 685 	 0
1787326454627 	 14 	 200 	 686 	 0
1787326454999 	 16 	 200 	 687 	 0
1787326455023 	 19 	 200 	 688 	 0
1787326455193 	 16 	 200 	 689 	 0
1787326455541 	 15 	 200 	 690 	 0
1787326455846 	 15 	 200 	 691 	 0
1787326455911 	 13 	 200 	 692 	 0
1787326456559 	 31 	 200 	 693 	 0
1787326456917 	 356 	 200 	 694 	 0
1787326457280 	 13 	 200 	 695 	 0
1787326457454 	 19 	 200 	 696 	 0
1787326457519 	 24 	 200 	 697 	 0
1787326457961 	 35 	 200 	 698 	 0
1787326458238 	 16 	 200 	 699 	 0
1787326458359 	 37 	 200 	 700 	 0
1787326458935 	 17 	 200 	 701 	 0
1787326459115 	 15 	 200 	 702 	 0
1787326459173 	 24 	 200 	 703 	 0
1787326459402 	 20 	 200 	 704 	 0
1787326459849 	 38 	 200 	 705 	 0
1787326460301 	 12 	 200 	 706 	 0
1787326460379 	 27 	 200 	 707 	 0
1787326460567 	 14 	 200 	 708 	 0
1787326460807 	 32 	 200 	 709 	 0
1787326460936 	 15 	 200 	 710 	 0
1787326461194 	 16 	 200 	 711 	 0
1787326461358 	 13 	 200 	 712 	 0
1787326461564 	 13 	 200 	 713 	 0
1787326461641 	 13 	 200 	 714 	 0
1787326461891 	 41 	 200 	 715 	 0
1787326461972 	 17 	 200 	 717 	 1
1787326461974 	 23 	 200 	 717 	 0
1787326462763 	 16 	 200 	 718 	 0
1787326463166 	 13 	 200 	 720 	 1
1787326463171 	 13 	 200 	 720 	 0
1787326463401 	 14 	 200 	 721 	 0
1787326464217 	 13 	 200 	 722 	 0
1787326464457 	 15 	 200 	 723 	 0
1787326464836 	 38 	 200 	 725 	 1
1787326464867 	 16 	 200 	 725 	 0
1787326464994 	 17 	 200 	 727 	 1
1787326465012 	 13 	 200 	 727 	 0
1787326465047 	 14 	 200 	 728 	 0
1787326465065 	 12 	 200 	 729 	 0
1787326465129 	 37 	 200 	 730 	 0
1787326465195 	 20 	 200 	 732 	 1
1787326465208 	 35 	 200 	 732 	 0
1787326465260 	 13 	 200 	 733 	 0
1787326465577 	 17 	 200 	 734 	 0
1787326465661 	 12 	 200 	 735 	 0
1787326465746 	 14 	 200 	 736 	 0
1787326465788 	 23 	 200 	 737 	 0
1787326466171 	 19 	 200 	 738 	 0
1787326466321 	 14 	 200 	 739 	 0
1787326466589 	 14 	 200 	 740 	 0
1787326466676 	 15 	 200 	 741 	 0
1787326466945 	 20 	 200 	 743 	 1
1787326466967 	 15 	 200 	 743 	 0
1787326467075 	 19 	 200 	 744 	 0
1787326467257 	 13 	 200 	 745 	 0
1787326467325 	 15 	 200 	 747 	 1
1787326467327 	 16 	 200 	 747 	 0
1787326467348 	 17 	 200 	 748 	 0
1787326467421 	 355 	 200 	 749 	 0
1787326469016 	 16 	 200 	 750 	 0
1787326469078 	 14 	 200 	 751 	 0
1787326469231 	 12 	 200 	 752 	 0
1787326469718 	 14 	 200 	 753 	 0
1787326469952 	 25 	 200 	 755 	 1
1787326469954 	 30 	 200 	 755 	 0
1787326470045 	 34 	 200 	 756 	 0
1787326470095 	 13 	 200 	 757 	 0
1787326470301 	 30 	 200 	 759 	 1
1787326470309 	 25 	 200 	 759 	 0
1787326470870 	 36 	 200 	 760 	 0
1787326471007 	 17 	 200 	 761 	 0
1787326471172 	 13 	 200 	 762 	 0
1787326471221 	 17 	 200 	 763 	 0
1787326471365 	 12 	 200 	 764 	 0
1787326471446 	 17 	 200 	 765 	 0
1787326471833 	 13 	 200 	 766 	 0
1787326472002 	 15 	 200 	 767 	 0
1787326472088 	 19 	 200 	 768 	 0
1787326472213 	 14 	 200 	 769 	 0
1787326472511 	 14 	 200 	 770 	 0
1787326472554 	 14 	 200 	 771 	 0
1787326472577 	 14 	 200 	 772 	 0
1787326472602 	 16 	 200 	 773 	 0
1787326472938 	 23 	 200 	 775 	 1
1787326472954 	 13 	 200 	 775 	 0
1787326473136 	 16 	 200 	 776 	 0
1787326473613 	 17 	 200 	 777 	 0
1787326474004 	 35 	 200 	 778 	 0
1787326474044 	 13 	 200 	 779 	 0
1787326474301 	 14 	 200 	 780 	 0
1787326475187 	 13 	 200 	 781 	 0
1787326475311 	 13 	 200 	 782 	 0
1787326475413 	 15 	 200 	 783 	 0
1787326475932 	 19 	 200 	 784 	 0
1787326476079 	 13 	 200 	 785 	 0
1787326476098 	 13 	 200 	 786 	 0
1787326476115 	 12 	 200 	 787 	 0
1787326476404 	 17 	 200 	 788 	 0
1787326477529 	 14 	 200 	 789 	 0
1787326477596 	 13 	 200 	 790 	 0
1787326477612 	 13 	 200 	 791 	 0
1787326478064 	 19 	 200 	 792 	 0
1787326478197 	 23 	 200 	 793 	 0
1787326478332 	 13 	 200 	 794 	 0
1787326478513 	 13 	 200 	 795 	 0
1787326478578 	 27 	 200 	 796 	 0
1787326478925 	 15 	 200 	 797 	 0
1787326479002 	 22 	 200 	 798 	 0
1787326479257 	 18 	 200 	 799 	 0
1787326479672 	 15 	 200 	 800 	 0
1787326479695 	 17 	 200 	 801 	 0
1787326479776 	 15 	 200 	 802 	 0
1787326479971 	 35 	 200 	 803 	 0
1787326480120 	 15 	 200 	 804 	 0
1787326480161 	 13 	 200 	 805 	 0
1787326480669 	 13 	 200 	 806 	 0
1787326480884 	 32 	 200 	 808 	 1
1787326480913 	 36 	 200 	 808 	 0
1787326480962 	 32 	 200 	 809 	 0
1787326481515 	 13 	 200 	 810 	 0
1787326481872 	 18 	 200 	 811 	 0
1787326482161 	 12 	 200 	 812 	 0
1787326482202 	 13 	 200 	 813 	 0
1787326482233 	 15 	 200 	 814 	 0
1787326482324 	 15 	 200 	 817 	 2
1787326482325 	 16 	 200 	 817 	 1
1787326482331 	 22 	 200 	 817 	 0
1787326482484 	 18 	 200 	 818 	 0
1787326482640 	 14 	 200 	 819 	 0
1787326483245 	 14 	 200 	 820 	 0
1787326483419 	 34 	 200 	 822 	 1
1787326483424 	 30 	 200 	 822 	 0
1787326483505 	 21 	 200 	 824 	 1
1787326483520 	 15 	 200 	 824 	 0
1787326483761 	 18 	 200 	 825 	 0
1787326483879 	 13 	 200 	 826 	 0
1787326484033 	 18 	 200 	 828 	 1
1787326484033 	 19 	 200 	 828 	 0
1787326484209 	 17 	 200 	 830 	 1
1787326484226 	 14 	 200 	 830 	 0
1787326484303 	 17 	 200 	 831 	 0
1787326484707 	 14 	 200 	 832 	 0
1787326484803 	 16 	 200 	 833 	 0
1787326485166 	 28 	 200 	 834 	 0
1787326485305 	 13 	 200 	 835 	 0
1787326485360 	 15 	 200 	 836 	 0
1787326485639 	 15 	 200 	 837 	 0
1787326485731 	 13 	 200 	 838 	 0
1787326485825 	 14 	 200 	 839 	 0
1787326486183 	 27 	 200 	 841 	 1
1787326486207 	 14 	 200 	 841 	 0
1787326486232 	 13 	 200 	 842 	 0
1787326486636 	 19 	 200 	 844 	 1
1787326486641 	 16 	 200 	 844 	 0
1787326486873 	 15 	 200 	 845 	 0
1787326486892 	 17 	 200 	 846 	 0
1787326486983 	 28 	 200 	 847 	 0
1787326487211 	 19 	 200 	 848 	 0
1787326487239 	 12 	 200 	 849 	 0
1787326487799 	 14 	 200 	 850 	 0
1787326487820 	 13 	 200 	 851 	 0
1787326487976 	 13 	 200 	 853 	 1
1787326487973 	 21 	 200 	 853 	 0
1787326488126 	 12 	 200 	 854 	 0
1787326488265 	 13 	 200 	 856 	 1
1787326488268 	 36 	 200 	 856 	 0
1787326488350 	 12 	 200 	 857 	 0
1787326488596 	 15 	 200 	 858 	 0
1787326488636 	 14 	 200 	 859 	 0
1787326489038 	 15 	 200 	 860 	 0
1787326489351 	 32 	 200 	 861 	 0
1787326489406 	 15 	 200 	 862 	 0
1787326489573 	 12 	 200 	 863 	 0
1787326490239 	 15 	 200 	 864 	 0
1787326490810 	 15 	 200 	 865 	 0
1787326490846 	 15 	 200 	 866 	 0
1787326490981 	 13 	 200 	 867 	 0
1787326491286 	 15 	 200 	 868 	 0
1787326491364 	 35 	 200 	 870 	 1
1787326491392 	 18 	 200 	 870 	 0
1787326491532 	 14 	 200 	 871 	 0
1787326491813 	 13 	 200 	 872 	 0
1787326492653 	 14 	 200 	 873 	 0
1787326492779 	 13 	 200 	 874 	 0
1787326492798 	 14 	 200 	 875 	 0
1787326492857 	 27 	 200 	 876 	 0
1787326493369 	 15 	 200 	 877 	 0
1787326493690 	 14 	 200 	 878 	 0
1787326494090 	 25 	 200 	 880 	 1
1787326494090 	 28 	 200 	 880 	 0
1787326494148 	 21 	 200 	 881 	 0
1787326494276 	 14 	 200 	 882 	 0
1787326494390 	 32 	 200 	 883 	 0
1787326494485 	 16 	 200 	 884 	 0
1787326494505 	 13 	 200 	 885 	 0
1787326494804 	 13 	 200 	 886 	 0
1787326494862 	 34 	 200 	 887 	 0
1787326495336 	 26 	 200 	 889 	 1
1787326495479 	 21 	 200 	 890 	 1
1787326495223 	 379 	 200 	 890 	 0
1787326496008 	 107 	 200 	 891 	 0
1787326496280 	 13 	 200 	 892 	 0
1787326496388 	 37 	 200 	 893 	 0
1787326497683 	 28 	 200 	 894 	 0
1787326498148 	 14 	 200 	 895 	 0
1787326498648 	 15 	 200 	 896 	 0
1787326498761 	 15 	 200 	 897 	 0
1787326498871 	 40 	 200 	 898 	 0
1787326499124 	 20 	 200 	 899 	 0
1787326499497 	 17 	 200 	 900 	 0
1787326499553 	 15 	 200 	 901 	 0
1787326499595 	 13 	 200 	 902 	 0
1787326499930 	 19 	 200 	 904 	 1
1787326499916 	 36 	 200 	 904 	 0
1787326500401 	 13 	 200 	 905 	 0
1787326500515 	 16 	 200 	 906 	 0
1787326500577 	 20 	 200 	 907 	 0
1787326501510 	 19 	 200 	 908 	 0
1787326501803 	 31 	 200 	 909 	 0
1787326502280 	 14 	 200 	 910 	 0
1787326502412 	 61 	 200 	 911 	 0
1787326502651 	 12 	 200 	 912 	 0
1787326502792 	 13 	 200 	 913 	 0
1787326502907 	 27 	 200 	 914 	 0
1787326503044 	 29 	 200 	 915 	 0
1787326503093 	 15 	 200 	 916 	 0
1787326503540 	 13 	 200 	 917 	 0
1787326503728 	 14 	 200 	 918 	 0
1787326503767 	 15 	 200 	 919 	 0
1787326504245 	 15 	 200 	 920 	 0
1787326504377 	 33 	 200 	 921 	 0
1787326504579 	 13 	 200 	 922 	 0
1787326504672 	 35 	 200 	 923 	 0
1787326504937 	 61 	 200 	 924 	 0
1787326505107 	 21 	 200 	 925 	 0
1787326505163 	 17 	 200 	 927 	 1
1787326505175 	 13 	 200 	 927 	 0
1787326505506 	 18 	 200 	 928 	 0
1787326505565 	 22 	 200 	 929 	 0
1787326505977 	 42 	 200 	 932 	 2
1787326505995 	 32 	 200 	 932 	 1
1787326505997 	 34 	 200 	 932 	 0
1787326506084 	 13 	 200 	 933 	 0
1787326506229 	 21 	 200 	 934 	 0
1787326506488 	 31 	 200 	 935 	 0
1787326506877 	 21 	 200 	 936 	 0
1787326507465 	 31 	 200 	 937 	 0
1787326507550 	 16 	 200 	 938 	 0
1787326507898 	 20 	 200 	 939 	 0
1787326508015 	 23 	 200 	 940 	 0
1787326508042 	 16 	 200 	 941 	 0
1787326508121 	 17 	 200 	 942 	 0
1787326508172 	 12 	 200 	 943 	 0
1787326508251 	 16 	 200 	 944 	 0
1787326508318 	 27 	 200 	 946 	 1
1787326508335 	 16 	 200 	 946 	 0
1787326508433 	 13 	 200 	 947 	 0
1787326509169 	 32 	 200 	 948 	 0
1787326509459 	 21 	 200 	 949 	 0
1787326509658 	 14 	 200 	 950 	 0
1787326509699 	 16 	 200 	 951 	 0
1787326509765 	 14 	 200 	 952 	 0
1787326509991 	 29 	 200 	 953 	 0
1787326510263 	 16 	 200 	 954 	 0
1787326510389 	 21 	 200 	 955 	 0
1787326510807 	 15 	 200 	 956 	 0
1787326510955 	 16 	 200 	 957 	 0
1787326511224 	 15 	 200 	 958 	 0
1787326511599 	 50 	 200 	 959 	 0
1787326512218 	 28 	 200 	 960 	 0
1787326512331 	 15 	 200 	 961 	 0
1787326512396 	 40 	 200 	 962 	 0
1787326512661 	 15 	 200 	 963 	 0
1787326512972 	 25 	 200 	 964 	 0
1787326513020 	 13 	 200 	 965 	 0
1787326513056 	 17 	 200 	 966 	 0
1787326513479 	 12 	 200 	 967 	 0
1787326513530 	 14 	 200 	 968 	 0
1787326513768 	 12 	 200 	 969 	 0
1787326513786 	 15 	 200 	 970 	 0
1787326513862 	 13 	 200 	 971 	 0
1787326513947 	 19 	 200 	 972 	 0
1787326514056 	 13 	 200 	 973 	 0
1787326514386 	 28 	 200 	 974 	 0
1787326514674 	 16 	 200 	 975 	 0
1787326514885 	 34 	 200 	 977 	 1
1787326514905 	 22 	 200 	 977 	 0
1787326515076 	 17 	 200 	 978 	 0
1787326515104 	 12 	 200 	 979 	 0
1787326515219 	 17 	 200 	 980 	 0
1787326515397 	 14 	 200 	 981 	 0
1787326515743 	 13 	 200 	 982 	 0
1787326516747 	 18 	 200 	 983 	 0
1787326516950 	 50 	 200 	 984 	 0
1787326517128 	 14 	 200 	 985 	 0
1787326517183 	 13 	 200 	 986 	 0
1787326517583 	 15 	 200 	 988 	 1
1787326517597 	 13 	 200 	 988 	 0
1787326517690 	 16 	 200 	 989 	 0
1787326517963 	 32 	 200 	 991 	 1
1787326517984 	 15 	 200 	 991 	 0
1787326518280 	 14 	 200 	 992 	 0
1787326518397 	 15 	 200 	 994 	 1
1787326518403 	 15 	 200 	 994 	 0
1787326518500 	 13 	 200 	 995 	 0
1787326518854 	 14 	 200 	 996 	 0
1787326519388 	 21 	 200 	 997 	 0
1787326519962 	 17 	 200 	 998 	 0
1787326520001 	 39 	 200 	 999 	 0
1787326520171 	 35 	 200 	 1000 	 0
1787326520249 	 40 	 200 	 1001 	 0
1787326520904 	 68 	 200 	 1002 	 0
1787326520987 	 14 	 200 	 1003 	 0
1787326521275 	 13 	 200 	 1004 	 0
1787326521379 	 14 	 200 	 1005 	 0
1787326521797 	 15 	 200 	 1006 	 0
1787326522536 	 38 	 200 	 1008 	 1
1787326522707 	 15 	 200 	 1009 	 1
1787326522571 	 271 	 200 	 1009 	 0
1787326522989 	 22 	 200 	 1011 	 1
1787326523013 	 13 	 200 	 1011 	 0
1787326523072 	 14 	 200 	 1012 	 0
1787326523248 	 23 	 200 	 1013 	 0
1787326523281 	 138 	 200 	 1014 	 0
1787326523455 	 21 	 200 	 1015 	 0
1787326523501 	 32 	 200 	 1016 	 0
1787326523992 	 27 	 200 	 1017 	 0
1787326524027 	 13 	 200 	 1018 	 0
1787326524225 	 15 	 200 	 1019 	 0
1787326524438 	 15 	 200 	 1020 	 0
1787326524803 	 16 	 200 	 1022 	 1
1787326524816 	 13 	 200 	 1022 	 0
1787326525234 	 25 	 200 	 1023 	 0
1787326525383 	 16 	 200 	 1024 	 0
1787326525768 	 14 	 200 	 1025 	 0
1787326526468 	 13 	 200 	 1026 	 0
1787326526504 	 14 	 200 	 1028 	 1
1787326526503 	 20 	 200 	 1028 	 0
1787326526674 	 29 	 200 	 1029 	 0
1787326526728 	 14 	 200 	 1030 	 0
1787326526772 	 13 	 200 	 1031 	 0
1787326526923 	 18 	 200 	 1032 	 0
1787326527777 	 14 	 200 	 1033 	 0
1787326527865 	 27 	 200 	 1034 	 0
1787326528094 	 13 	 200 	 1035 	 0
1787326528757 	 13 	 200 	 1036 	 0
1787326529014 	 30 	 200 	 1037 	 0
1787326529060 	 15 	 200 	 1038 	 0
1787326529265 	 13 	 200 	 1039 	 0
1787326529304 	 13 	 200 	 1040 	 0
1787326529684 	 21 	 200 	 1041 	 0
1787326529745 	 14 	 200 	 1042 	 0
1787326529905 	 31 	 200 	 1043 	 0
1787326530050 	 40 	 200 	 1044 	 0
1787326530635 	 13 	 200 	 1045 	 0
1787326531118 	 15 	 200 	 1046 	 0
1787326531268 	 13 	 200 	 1047 	 0
1787326531483 	 18 	 200 	 1048 	 0
1787326531747 	 13 	 200 	 1049 	 0
1787326532160 	 15 	 200 	 1050 	 0
1787326532353 	 13 	 200 	 1051 	 0
1787326532369 	 14 	 200 	 1052 	 0
1787326532706 	 16 	 200 	 1054 	 1
1787326532711 	 14 	 200 	 1054 	 0
1787326532781 	 23 	 200 	 1055 	 0
1787326532983 	 14 	 200 	 1056 	 0
1787326533489 	 48 	 200 	 1057 	 0
1787326533565 	 14 	 200 	 1058 	 0
1787326533668 	 13 	 200 	 1059 	 0
1787326533871 	 22 	 200 	 1060 	 0
1787326534446 	 13 	 200 	 1061 	 0
1787326534477 	 14 	 200 	 1062 	 0
1787326534544 	 15 	 200 	 1063 	 0
1787326535044 	 32 	 200 	 1064 	 0
1787326535141 	 15 	 200 	 1065 	 0
1787326535642 	 26 	 200 	 1067 	 1
1787326535668 	 15 	 200 	 1067 	 0
1787326535720 	 14 	 200 	 1068 	 0
1787326536005 	 15 	 200 	 1069 	 0
1787326536213 	 14 	 200 	 1070 	 0
1787326536505 	 19 	 200 	 1071 	 0
1787326536556 	 14 	 200 	 1072 	 0
1787326536661 	 44 	 200 	 1073 	 0
1787326536874 	 17 	 200 	 1074 	 0
1787326536918 	 14 	 200 	 1075 	 0
1787326537046 	 13 	 200 	 1076 	 0
1787326538040 	 14 	 200 	 1077 	 0
1787326538063 	 18 	 200 	 1078 	 0
1787326538234 	 13 	 200 	 1079 	 0
1787326538269 	 13 	 200 	 1080 	 0
1787326538673 	 15 	 200 	 1081 	 0
1787326538741 	 14 	 200 	 1082 	 0
1787326538757 	 12 	 200 	 1083 	 0
1787326539108 	 22 	 200 	 1084 	 0
1787326539164 	 14 	 200 	 1085 	 0
1787326539299 	 16 	 200 	 1086 	 0
1787326539727 	 14 	 200 	 1087 	 0
1787326540701 	 14 	 200 	 1088 	 0
1787326540833 	 33 	 200 	 1089 	 0
1787326540914 	 14 	 200 	 1090 	 0
1787326541337 	 14 	 200 	 1091 	 0
1787326541544 	 26 	 200 	 1092 	 0
1787326541645 	 25 	 200 	 1093 	 0
1787326542045 	 29 	 200 	 1094 	 0
1787326542274 	 13 	 200 	 1095 	 0
1787326542343 	 15 	 200 	 1096 	 0
1787326542361 	 13 	 200 	 1097 	 0
1787326542434 	 14 	 200 	 1098 	 0
1787326542803 	 14 	 200 	 1099 	 0
1787326542850 	 13 	 200 	 1100 	 0
1787326543011 	 18 	 200 	 1101 	 0
1787326543253 	 15 	 200 	 1102 	 0
1787326543349 	 13 	 200 	 1103 	 0
1787326543400 	 19 	 200 	 1104 	 0
1787326543680 	 366 	 200 	 1105 	 0
1787326544077 	 14 	 200 	 1106 	 0
1787326544250 	 14 	 200 	 1107 	 0
1787326544397 	 97 	 200 	 1108 	 0
1787326544576 	 14 	 200 	 1109 	 0
1787326544612 	 14 	 200 	 1111 	 1
1787326544621 	 15 	 200 	 1111 	 0
1787326544799 	 19 	 200 	 1112 	 0
1787326544861 	 33 	 200 	 1113 	 0
1787326544930 	 30 	 200 	 1114 	 0
1787326544966 	 15 	 200 	 1115 	 0
1787326545510 	 18 	 200 	 1117 	 1
1787326545524 	 14 	 200 	 1117 	 0
1787326545691 	 28 	 200 	 1118 	 0
1787326545970 	 15 	 200 	 1119 	 0
1787326546013 	 13 	 200 	 1120 	 0
1787326546131 	 14 	 200 	 1121 	 0
1787326546610 	 15 	 200 	 1122 	 0
1787326546743 	 33 	 200 	 1123 	 0
1787326547048 	 13 	 200 	 1124 	 0
1787326547123 	 15 	 200 	 1125 	 0
1787326547396 	 14 	 200 	 1126 	 0
1787326547563 	 15 	 200 	 1127 	 0
1787326547637 	 15 	 200 	 1128 	 0
1787326547886 	 13 	 200 	 1129 	 0
1787326547997 	 21 	 200 	 1130 	 0
1787326548035 	 15 	 200 	 1131 	 0
1787326548189 	 15 	 200 	 1132 	 0
1787326548481 	 31 	 200 	 1133 	 0
1787326548796 	 17 	 200 	 1134 	 0
1787326549144 	 13 	 200 	 1135 	 0
1787326549489 	 30 	 200 	 1136 	 0
1787326549542 	 18 	 200 	 1137 	 0
1787326549675 	 15 	 200 	 1138 	 0
1787326549877 	 34 	 200 	 1139 	 0
1787326549995 	 18 	 200 	 1140 	 0
1787326550169 	 13 	 200 	 1142 	 1
1787326550214 	 21 	 200 	 1143 	 1
1787326550174 	 72 	 200 	 1143 	 0
1787326550294 	 17 	 200 	 1144 	 0
1787326551233 	 13 	 200 	 1145 	 0
1787326551559 	 13 	 200 	 1147 	 1
1787326551568 	 25 	 200 	 1147 	 0
1787326551636 	 14 	 200 	 1148 	 0
1787326551936 	 14 	 200 	 1149 	 0
1787326552120 	 18 	 200 	 1150 	 0
1787326552226 	 14 	 200 	 1151 	 0
1787326552263 	 14 	 200 	 1153 	 1
1787326552275 	 13 	 200 	 1153 	 0
1787326552351 	 13 	 200 	 1154 	 0
1787326552484 	 17 	 200 	 1155 	 0
1787326552739 	 14 	 200 	 1156 	 0
1787326553587 	 16 	 200 	 1157 	 0
1787326554371 	 35 	 200 	 1158 	 0
1787326554569 	 14 	 200 	 1159 	 0
1787326554609 	 14 	 200 	 1160 	 0
1787326554815 	 14 	 200 	 1161 	 0
1787326555175 	 19 	 200 	 1162 	 0
1787326555597 	 12 	 200 	 1163 	 0
1787326555972 	 17 	 200 	 1164 	 0
1787326556246 	 13 	 200 	 1165 	 0
1787326556382 	 17 	 200 	 1166 	 0
1787326556411 	 13 	 200 	 1167 	 0
1787326556495 	 17 	 200 	 1168 	 0
1787326556583 	 15 	 200 	 1169 	 0
1787326556685 	 13 	 200 	 1170 	 0
1787326557303 	 14 	 200 	 1171 	 0
1787326558787 	 12 	 200 	 1172 	 0
1787326558942 	 17 	 200 	 1173 	 0
1787326559152 	 18 	 200 	 1174 	 0
1787326559345 	 14 	 200 	 1175 	 0
1787326559506 	 15 	 200 	 1177 	 1
1787326559520 	 21 	 200 	 1177 	 0
1787326559623 	 14 	 200 	 1178 	 0
1787326559906 	 21 	 200 	 1179 	 0
1787326560390 	 21 	 200 	 1180 	 0
1787326560441 	 13 	 200 	 1181 	 0
1787326561227 	 23 	 200 	 1182 	 0
1787326562227 	 17 	 200 	 1183 	 0
1787326562533 	 13 	 200 	 1184 	 0
1787326562828 	 14 	 200 	 1185 	 0
1787326562902 	 14 	 200 	 1186 	 0
1787326562934 	 79 	 200 	 1187 	 0
1787326563151 	 16 	 200 	 1188 	 0
1787326563383 	 25 	 200 	 1189 	 0
1787326563640 	 19 	 200 	 1190 	 0
1787326563960 	 13 	 200 	 1191 	 0
1787326563982 	 15 	 200 	 1192 	 0
1787326564537 	 15 	 200 	 1193 	 0
1787326564573 	 49 	 200 	 1194 	 0
1787326565022 	 15 	 200 	 1195 	 0
1787326565067 	 12 	 200 	 1196 	 0
1787326565203 	 16 	 200 	 1197 	 0
1787326565529 	 14 	 200 	 1198 	 0
1787326565713 	 14 	 200 	 1200 	 1
1787326565713 	 14 	 200 	 1200 	 0
1787326565782 	 13 	 200 	 1201 	 0
1787326565841 	 14 	 200 	 1202 	 0
1787326565995 	 13 	 200 	 1203 	 0
1787326566097 	 25 	 200 	 1204 	 0
1787326566194 	 15 	 200 	 1205 	 0
1787326566579 	 25 	 200 	 1206 	 0
1787326566911 	 28 	 200 	 1208 	 1
1787326566909 	 33 	 200 	 1208 	 0
1787326567010 	 20 	 200 	 1209 	 0
1787326567273 	 18 	 200 	 1210 	 0
1787326567439 	 14 	 200 	 1211 	 0
1787326567475 	 14 	 200 	 1212 	 0
1787326567908 	 17 	 200 	 1214 	 1
1787326567926 	 13 	 200 	 1214 	 0
1787326568173 	 15 	 200 	 1215 	 0
1787326568275 	 13 	 200 	 1216 	 0
1787326568682 	 13 	 200 	 1217 	 0
1787326568704 	 12 	 200 	 1218 	 0
1787326569191 	 23 	 200 	 1219 	 0
1787326569307 	 14 	 200 	 1220 	 0
1787326569326 	 15 	 200 	 1221 	 0
1787326569421 	 13 	 200 	 1223 	 1
1787326569428 	 13 	 200 	 1224 	 1
1787326569440 	 14 	 200 	 1224 	 0
1787326569874 	 30 	 200 	 1225 	 0
1787326569933 	 13 	 200 	 1226 	 0
1787326570452 	 16 	 200 	 1227 	 0
1787326570561 	 13 	 200 	 1228 	 0
1787326570646 	 13 	 200 	 1229 	 0
1787326570691 	 14 	 200 	 1230 	 0
1787326571925 	 14 	 200 	 1231 	 0
1787326571971 	 20 	 200 	 1232 	 0
1787326572067 	 20 	 200 	 1233 	 0
1787326572244 	 13 	 200 	 1234 	 0
1787326572368 	 14 	 200 	 1235 	 0
1787326572410 	 15 	 200 	 1236 	 0
1787326572855 	 14 	 200 	 1237 	 0
1787326572947 	 16 	 200 	 1238 	 0
1787326572986 	 16 	 200 	 1239 	 0
1787326573343 	 13 	 200 	 1240 	 0
1787326574069 	 20 	 200 	 1241 	 0
1787326574632 	 38 	 200 	 1242 	 0
1787326574819 	 13 	 200 	 1243 	 0
1787326575099 	 24 	 200 	 1244 	 0
1787326575259 	 12 	 200 	 1245 	 0
1787326575443 	 13 	 200 	 1246 	 0
1787326575604 	 17 	 200 	 1247 	 0
1787326575727 	 14 	 200 	 1248 	 0
1787326575922 	 20 	 200 	 1249 	 0
1787326575997 	 22 	 200 	 1250 	 0
1787326576812 	 17 	 200 	 1251 	 0
1787326577137 	 20 	 200 	 1253 	 1
1787326577151 	 18 	 200 	 1253 	 0
1787326577215 	 13 	 200 	 1254 	 0
1787326577549 	 14 	 200 	 1255 	 0
1787326577751 	 15 	 200 	 1256 	 0
1787326577953 	 30 	 200 	 1257 	 0
1787326578152 	 22 	 200 	 1258 	 0
1787326578216 	 14 	 200 	 1259 	 0
1787326578263 	 14 	 200 	 1260 	 0
1787326578332 	 15 	 200 	 1262 	 1
1787326578343 	 25 	 200 	 1262 	 0
1787326578816 	 19 	 200 	 1265 	 2
1787326578821 	 17 	 200 	 1265 	 1
1787326578828 	 16 	 200 	 1265 	 0
1787326578926 	 32 	 200 	 1266 	 0
1787326579508 	 19 	 200 	 1267 	 0
1787326579809 	 17 	 200 	 1268 	 0
1787326580305 	 14 	 200 	 1269 	 0
1787326580617 	 21 	 200 	 1270 	 0
1787326580652 	 14 	 200 	 1271 	 0
1787326580684 	 19 	 200 	 1272 	 0
1787326581668 	 16 	 200 	 1273 	 0
1787326581823 	 22 	 200 	 1274 	 0
1787326581872 	 14 	 200 	 1275 	 0
1787326582306 	 19 	 200 	 1276 	 0
1787326582815 	 22 	 200 	 1278 	 1
1787326582828 	 19 	 200 	 1278 	 0
1787326583244 	 15 	 200 	 1279 	 0
1787326583285 	 14 	 200 	 1280 	 0
1787326583309 	 15 	 200 	 1281 	 0
1787326583436 	 12 	 200 	 1282 	 0
1787326583455 	 12 	 200 	 1283 	 0
1787326583721 	 17 	 200 	 1284 	 0
1787326583911 	 34 	 200 	 1285 	 0
1787326584853 	 14 	 200 	 1286 	 0
1787326584871 	 12 	 200 	 1287 	 0
1787326584962 	 25 	 200 	 1288 	 0
1787326585213 	 18 	 200 	 1289 	 0
1787326585316 	 17 	 200 	 1290 	 0
1787326585396 	 31 	 200 	 1291 	 0
1787326585964 	 16 	 200 	 1292 	 0
1787326586132 	 13 	 200 	 1294 	 1
1787326586131 	 16 	 200 	 1294 	 0
1787326586432 	 32 	 200 	 1295 	 0
1787326586795 	 25 	 200 	 1296 	 0
1787326586824 	 12 	 200 	 1297 	 0
1787326586965 	 40 	 200 	 1298 	 0
1787326587070 	 38 	 200 	 1299 	 0
1787326587581 	 14 	 200 	 1300 	 0
1787326587609 	 13 	 200 	 1301 	 0
1787326587762 	 15 	 200 	 1302 	 0
1787326588110 	 19 	 200 	 1303 	 0
1787326588155 	 17 	 200 	 1304 	 0
1787326588357 	 13 	 200 	 1305 	 0
1787326588449 	 29 	 200 	 1306 	 0
1787326588612 	 13 	 200 	 1307 	 0
1787326588638 	 13 	 200 	 1308 	 0
1787326588723 	 19 	 200 	 1309 	 0
1787326588814 	 16 	 200 	 1310 	 0
1787326589024 	 16 	 200 	 1311 	 0
1787326589197 	 35 	 200 	 1312 	 0
1787326589236 	 21 	 200 	 1313 	 0
1787326589611 	 16 	 200 	 1314 	 0
1787326589648 	 16 	 200 	 1315 	 0
1787326589684 	 15 	 200 	 1316 	 0
1787326590092 	 15 	 200 	 1317 	 0
1787326590246 	 14 	 200 	 1318 	 0
1787326590306 	 17 	 200 	 1319 	 0
1787326590388 	 14 	 200 	 1320 	 0
1787326590662 	 26 	 200 	 1321 	 0
1787326591148 	 34 	 200 	 1322 	 0
1787326591412 	 12 	 200 	 1323 	 0
1787326591583 	 13 	 200 	 1324 	 0
1787326592005 	 15 	 200 	 1325 	 0
1787326592061 	 35 	 200 	 1326 	 0
1787326592813 	 13 	 200 	 1327 	 0
1787326593024 	 30 	 200 	 1328 	 0
1787326593059 	 15 	 200 	 1329 	 0
1787326593219 	 12 	 200 	 1330 	 0
1787326593294 	 12 	 200 	 1331 	 0
1787326593416 	 19 	 200 	 1332 	 0
1787326593608 	 17 	 200 	 1333 	 0
1787326593712 	 13 	 200 	 1334 	 0
1787326593821 	 25 	 200 	 1335 	 0
1787326593851 	 17 	 200 	 1336 	 0
1787326593901 	 21 	 200 	 1337 	 0
1787326594683 	 14 	 200 	 1338 	 0
1787326594776 	 20 	 200 	 1339 	 0
1787326595168 	 19 	 200 	 1340 	 0
1787326595390 	 26 	 200 	 1341 	 0
1787326595524 	 15 	 200 	 1342 	 0
1787326595754 	 18 	 200 	 1343 	 0
1787326596100 	 28 	 200 	 1345 	 1
1787326596117 	 15 	 200 	 1345 	 0
1787326596366 	 32 	 200 	 1346 	 0
1787326596426 	 13 	 200 	 1347 	 0
1787326596612 	 17 	 200 	 1349 	 1
1787326596626 	 14 	 200 	 1350 	 1
1787326596639 	 14 	 200 	 1350 	 0
1787326596746 	 12 	 200 	 1351 	 0
1787326596957 	 23 	 200 	 1353 	 1
1787326596972 	 21 	 200 	 1354 	 1
1787326596992 	 19 	 200 	 1354 	 0
1787326597039 	 18 	 200 	 1355 	 0
1787326597095 	 13 	 200 	 1356 	 0
1787326597479 	 18 	 200 	 1357 	 0
1787326597835 	 18 	 200 	 1358 	 0
1787326597943 	 12 	 200 	 1359 	 0
1787326598019 	 13 	 200 	 1360 	 0
1787326598155 	 17 	 200 	 1361 	 0
1787326598285 	 16 	 200 	 1362 	 0
1787326598496 	 17 	 200 	 1364 	 1
1787326598498 	 22 	 200 	 1364 	 0
1787326598613 	 16 	 200 	 1365 	 0
1787326598721 	 25 	 200 	 1366 	 0
1787326598749 	 12 	 200 	 1367 	 0
1787326599173 	 24 	 200 	 1368 	 0
1787326599247 	 13 	 200 	 1369 	 0
1787326599702 	 22 	 200 	 1370 	 0
1787326600179 	 15 	 200 	 1371 	 0
1787326600245 	 17 	 200 	 1372 	 0
1787326600312 	 13 	 200 	 1373 	 0
1787326600389 	 25 	 200 	 1374 	 0
1787326600608 	 19 	 200 	 1375 	 0
1787326600868 	 40 	 200 	 1376 	 0
1787326600973 	 13 	 200 	 1377 	 0
1787326601477 	 18 	 200 	 1378 	 0
1787326601625 	 13 	 200 	 1379 	 0
1787326601854 	 39 	 200 	 1380 	 0
1787326602050 	 18 	 200 	 1382 	 1
1787326602068 	 13 	 200 	 1382 	 0
1787326602214 	 21 	 200 	 1383 	 0
1787326602948 	 26 	 200 	 1384 	 0
1787326603193 	 14 	 200 	 1386 	 1
1787326603192 	 22 	 200 	 1387 	 1
1787326603211 	 13 	 200 	 1387 	 0
1787326603343 	 12 	 200 	 1388 	 0
1787326603365 	 13 	 200 	 1389 	 0
1787326603481 	 33 	 200 	 1390 	 0
1787326604137 	 13 	 200 	 1391 	 0
1787326604579 	 13 	 200 	 1392 	 0
1787326604743 	 14 	 200 	 1393 	 0
1787326605027 	 29 	 200 	 1394 	 0
1787326605110 	 26 	 200 	 1396 	 1
1787326605106 	 39 	 200 	 1396 	 0
1787326605571 	 19 	 200 	 1397 	 0
1787326605756 	 17 	 200 	 1398 	 0
1787326605803 	 32 	 200 	 1399 	 0
1787326606324 	 14 	 200 	 1400 	 0
1787326606363 	 16 	 200 	 1401 	 0
1787326606563 	 14 	 200 	 1402 	 0
1787326606680 	 16 	 200 	 1403 	 0
1787326606851 	 35 	 200 	 1404 	 0
1787326606968 	 27 	 200 	 1405 	 0
1787326607746 	 31 	 200 	 1406 	 0
1787326607945 	 13 	 200 	 1407 	 0
1787326608682 	 15 	 200 	 1408 	 0
1787326609222 	 15 	 200 	 1409 	 0
1787326609479 	 23 	 200 	 1411 	 1
1787326609471 	 35 	 200 	 1411 	 0
1787326609743 	 15 	 200 	 1412 	 0
1787326609800 	 15 	 200 	 1413 	 0
1787326610501 	 13 	 200 	 1414 	 0
1787326610635 	 38 	 200 	 1415 	 0
1787326610732 	 14 	 200 	 1416 	 0
1787326610773 	 16 	 200 	 1417 	 0
1787326611251 	 14 	 200 	 1418 	 0
1787326611269 	 15 	 200 	 1419 	 0
1787326611618 	 14 	 200 	 1420 	 0
1787326611990 	 30 	 200 	 1421 	 0
1787326612105 	 29 	 200 	 1422 	 0
1787326612145 	 16 	 200 	 1424 	 1
1787326612159 	 14 	 200 	 1424 	 0
1787326612183 	 14 	 200 	 1425 	 0
1787326612200 	 14 	 200 	 1426 	 0
1787326612217 	 14 	 200 	 1427 	 0
1787326612265 	 14 	 200 	 1428 	 0
1787326612505 	 19 	 200 	 1429 	 0
1787326612868 	 42 	 200 	 1430 	 0
1787326613395 	 18 	 200 	 1431 	 0
1787326613593 	 15 	 200 	 1432 	 0
1787326613638 	 15 	 200 	 1433 	 0
1787326613775 	 18 	 200 	 1434 	 0
1787326613896 	 25 	 200 	 1435 	 0
1787326614480 	 15 	 200 	 1437 	 1
1787326614732 	 21 	 200 	 1438 	 1
1787326614485 	 268 	 200 	 1438 	 0
1787326614992 	 32 	 200 	 1439 	 0
1787326615055 	 15 	 200 	 1440 	 0
1787326615181 	 28 	 200 	 1442 	 1
1787326615189 	 31 	 200 	 1442 	 0
1787326615494 	 21 	 200 	 1443 	 0
1787326615721 	 16 	 200 	 1444 	 0
1787326615812 	 22 	 200 	 1445 	 0
1787326616172 	 18 	 200 	 1446 	 0
1787326616195 	 17 	 200 	 1447 	 0
1787326616319 	 17 	 200 	 1448 	 0
1787326616643 	 13 	 200 	 1449 	 0
1787326616834 	 30 	 200 	 1450 	 0
1787326617108 	 13 	 200 	 1451 	 0
1787326618000 	 34 	 200 	 1452 	 0
1787326618170 	 26 	 200 	 1453 	 0
1787326618366 	 24 	 200 	 1454 	 0
1787326618405 	 13 	 200 	 1455 	 0
1787326618609 	 21 	 200 	 1456 	 0
1787326619046 	 12 	 200 	 1457 	 0
1787326619095 	 34 	 200 	 1458 	 0
1787326619138 	 15 	 200 	 1459 	 0
1787326619175 	 16 	 200 	 1460 	 0
1787326619597 	 13 	 200 	 1461 	 0
1787326619695 	 16 	 200 	 1462 	 0
1787326619738 	 15 	 200 	 1463 	 0
1787326620310 	 13 	 200 	 1464 	 0
1787326620861 	 30 	 200 	 1465 	 0
1787326621043 	 39 	 200 	 1467 	 1
1787326621075 	 15 	 200 	 1467 	 0
1787326621223 	 26 	 200 	 1468 	 0
1787326621506 	 34 	 200 	 1470 	 1
1787326621528 	 29 	 200 	 1470 	 0
1787326621604 	 19 	 200 	 1471 	 0
1787326621642 	 12 	 200 	 1472 	 0
1787326621735 	 13 	 200 	 1473 	 0
1787326622022 	 28 	 200 	 1474 	 0
1787326622385 	 14 	 200 	 1475 	 0
1787326623231 	 16 	 200 	 1476 	 0
1787326623305 	 18 	 200 	 1477 	 0
1787326623493 	 21 	 200 	 1478 	 0
1787326623658 	 14 	 200 	 1479 	 0
1787326623769 	 13 	 200 	 1480 	 0
1787326624321 	 13 	 200 	 1481 	 0
1787326624814 	 26 	 200 	 1482 	 0
1787326625607 	 30 	 200 	 1483 	 0
1787326625781 	 14 	 200 	 1484 	 0
1787326625932 	 20 	 200 	 1486 	 1
1787326625947 	 21 	 200 	 1486 	 0
1787326626192 	 17 	 200 	 1487 	 0
1787326626226 	 21 	 200 	 1488 	 0
1787326626647 	 38 	 200 	 1489 	 0
1787326627105 	 38 	 200 	 1490 	 0
1787326627403 	 24 	 200 	 1491 	 0
1787326627717 	 15 	 200 	 1492 	 0
1787326627830 	 35 	 200 	 1493 	 0
1787326628494 	 15 	 200 	 1494 	 0
1787326628558 	 13 	 200 	 1495 	 0
1787326628896 	 18 	 200 	 1496 	 0
1787326629094 	 22 	 200 	 1497 	 0
1787326629234 	 18 	 200 	 1498 	 0
1787326629321 	 33 	 200 	 1499 	 0
1787326629708 	 15 	 200 	 1500 	 0
1787326630250 	 21 	 200 	 1501 	 0
1787326630317 	 25 	 200 	 1502 	 0
1787326630374 	 13 	 200 	 1503 	 0
1787326630580 	 20 	 200 	 1504 	 0
1787326630741 	 16 	 200 	 1505 	 0
1787326631310 	 16 	 200 	 1506 	 0
1787326631477 	 27 	 200 	 1508 	 1
1787326631482 	 22 	 200 	 1508 	 0
1787326631999 	 26 	 200 	 1509 	 0
1787326632063 	 15 	 200 	 1510 	 0
1787326632320 	 17 	 200 	 1511 	 0
1787326632471 	 27 	 200 	 1512 	 0
1787326632546 	 24 	 200 	 1514 	 1
1787326632550 	 22 	 200 	 1514 	 0
1787326632646 	 21 	 200 	 1515 	 0
1787326632699 	 14 	 200 	 1516 	 0
1787326633119 	 35 	 200 	 1518 	 1
1787326633151 	 19 	 200 	 1518 	 0
1787326633280 	 14 	 200 	 1519 	 0
1787326633520 	 15 	 200 	 1520 	 0
1787326634019 	 15 	 200 	 1521 	 0
1787326634132 	 26 	 200 	 1522 	 0
1787326634214 	 31 	 200 	 1523 	 0
1787326634333 	 13 	 200 	 1524 	 0
1787326634461 	 14 	 200 	 1525 	 0
1787326634638 	 16 	 200 	 1526 	 0
1787326634795 	 38 	 200 	 1527 	 0
1787326635220 	 33 	 200 	 1528 	 0
1787326635308 	 14 	 200 	 1529 	 0
1787326635351 	 13 	 200 	 1530 	 0
1787326635546 	 20 	 200 	 1531 	 0
1787326635690 	 23 	 200 	 1532 	 0
1787326635770 	 15 	 200 	 1533 	 0
1787326635845 	 41 	 200 	 1534 	 0
1787326636130 	 16 	 200 	 1536 	 1
1787326636132 	 14 	 200 	 1536 	 0
1787326636356 	 38 	 200 	 1537 	 0
1787326636624 	 17 	 200 	 1538 	 0
1787326637048 	 15 	 200 	 1539 	 0
1787326637081 	 13 	 200 	 1540 	 0
1787326637425 	 30 	 200 	 1541 	 0
1787326637609 	 13 	 200 	 1542 	 0
1787326637676 	 13 	 200 	 1543 	 0
1787326637748 	 14 	 200 	 1544 	 0
1787326637802 	 29 	 200 	 1545 	 0
1787326637982 	 36 	 200 	 1546 	 0
1787326638106 	 14 	 200 	 1548 	 1
1787326638106 	 13 	 200 	 1548 	 0
1787326638194 	 30 	 200 	 1549 	 0
1787326639190 	 39 	 200 	 1550 	 0
1787326639282 	 13 	 200 	 1551 	 0
1787326639490 	 15 	 200 	 1552 	 0
1787326639537 	 21 	 200 	 1553 	 0
1787326639752 	 30 	 200 	 1554 	 0
1787326639979 	 28 	 200 	 1555 	 0
1787326640150 	 26 	 200 	 1557 	 1
1787326640159 	 26 	 200 	 1557 	 0
1787326640324 	 13 	 200 	 1558 	 0
1787326640441 	 13 	 200 	 1559 	 0
1787326640508 	 14 	 200 	 1560 	 0
1787326640679 	 18 	 200 	 1561 	 0
1787326640738 	 13 	 200 	 1562 	 0
1787326641205 	 15 	 200 	 1563 	 0
1787326641325 	 13 	 200 	 1564 	 0
1787326641769 	 15 	 200 	 1565 	 0
1787326642400 	 27 	 200 	 1566 	 0
1787326642441 	 15 	 200 	 1567 	 0
1787326642976 	 24 	 200 	 1568 	 0
1787326643180 	 14 	 200 	 1569 	 0
1787326643226 	 13 	 200 	 1570 	 0
1787326643365 	 13 	 200 	 1571 	 0
1787326643989 	 16 	 200 	 1572 	 0
1787326644028 	 14 	 200 	 1573 	 0
1787326644410 	 15 	 200 	 1575 	 1
1787326644411 	 15 	 200 	 1575 	 0
1787326644436 	 13 	 200 	 1576 	 0
1787326644797 	 26 	 200 	 1578 	 1
1787326644808 	 31 	 200 	 1578 	 0
1787326644905 	 19 	 200 	 1579 	 0
1787326645053 	 38 	 200 	 1580 	 0
1787326645125 	 32 	 200 	 1582 	 1
1787326645127 	 39 	 200 	 1582 	 0
1787326645563 	 27 	 200 	 1583 	 0
1787326645596 	 15 	 200 	 1584 	 0
1787326646136 	 21 	 200 	 1585 	 0
1787326646315 	 14 	 200 	 1586 	 0
1787326646554 	 14 	 200 	 1587 	 0
1787326647211 	 21 	 200 	 1588 	 0
1787326647971 	 31 	 200 	 1589 	 0
1787326648031 	 13 	 200 	 1590 	 0
1787326648220 	 48 	 200 	 1591 	 0
1787326648294 	 13 	 200 	 1592 	 0
1787326648450 	 35 	 200 	 1593 	 0
1787326648755 	 13 	 200 	 1594 	 0
1787326649168 	 14 	 200 	 1596 	 1
1787326649179 	 14 	 200 	 1596 	 0
1787326649577 	 17 	 200 	 1597 	 0
1787326649957 	 44 	 200 	 1598 	 0
1787326650332 	 17 	 200 	 1599 	 0
1787326650409 	 29 	 200 	 1602 	 2
1787326650425 	 19 	 200 	 1602 	 1
1787326650417 	 36 	 200 	 1602 	 0
1787326650456 	 15 	 200 	 1603 	 0
1787326650646 	 17 	 200 	 1604 	 0
1787326650881 	 34 	 200 	 1606 	 1
1787326650895 	 25 	 200 	 1606 	 0
1787326650959 	 33 	 200 	 1607 	 0
1787326651067 	 37 	 200 	 1608 	 0
1787326651184 	 13 	 200 	 1609 	 0
1787326651290 	 15 	 200 	 1610 	 0
1787326651388 	 25 	 200 	 1611 	 0
1787326651463 	 14 	 200 	 1612 	 0
1787326651940 	 38 	 200 	 1613 	 0
1787326652036 	 20 	 200 	 1614 	 0
1787326652635 	 18 	 200 	 1615 	 0
1787326652663 	 15 	 200 	 1616 	 0
1787326652861 	 30 	 200 	 1618 	 1
1787326652859 	 42 	 200 	 1618 	 0
1787326653264 	 13 	 200 	 1619 	 0
1787326653874 	 38 	 200 	 1620 	 0
1787326654106 	 24 	 200 	 1621 	 0
1787326654353 	 20 	 200 	 1623 	 1
1787326654365 	 14 	 200 	 1623 	 0
1787326654459 	 18 	 200 	 1624 	 0
1787326654577 	 12 	 200 	 1625 	 0
1787326654664 	 12 	 200 	 1626 	 0
1787326655134 	 19 	 200 	 1627 	 0
1787326655197 	 28 	 200 	 1628 	 0
1787326655301 	 18 	 200 	 1629 	 0
1787326655322 	 18 	 200 	 1630 	 0
1787326655426 	 27 	 200 	 1631 	 0
1787326655626 	 16 	 200 	 1632 	 0
1787326655840 	 35 	 200 	 1633 	 0
1787326655926 	 17 	 200 	 1635 	 1
1787326655933 	 16 	 200 	 1635 	 0
1787326656203 	 30 	 200 	 1636 	 0
1787326656343 	 13 	 200 	 1637 	 0
1787326656712 	 14 	 200 	 1639 	 1
1787326656715 	 23 	 200 	 1639 	 0
1787326656788 	 21 	 200 	 1640 	 0
1787326656845 	 15 	 200 	 1641 	 0
1787326657696 	 21 	 200 	 1642 	 0
1787326657786 	 13 	 200 	 1643 	 0
1787326657888 	 35 	 200 	 1644 	 0
1787326658233 	 13 	 200 	 1645 	 0
1787326658292 	 15 	 200 	 1646 	 0
1787326658450 	 19 	 200 	 1647 	 0
1787326658498 	 13 	 200 	 1648 	 0
1787326658586 	 15 	 200 	 1649 	 0
1787326658671 	 14 	 200 	 1650 	 0
1787326658850 	 14 	 200 	 1651 	 0
1787326658892 	 15 	 200 	 1652 	 0
1787326658946 	 14 	 200 	 1653 	 0
1787326658964 	 19 	 200 	 1654 	 0
1787326659289 	 15 	 200 	 1655 	 0
1787326659313 	 17 	 200 	 1656 	 0
1787326659423 	 15 	 200 	 1657 	 0
1787326659706 	 13 	 200 	 1658 	 0
1787326659762 	 13 	 200 	 1659 	 0
1787326660068 	 22 	 200 	 1660 	 0
1787326660161 	 14 	 200 	 1661 	 0
1787326660664 	 13 	 200 	 1662 	 0
1787326660682 	 13 	 200 	 1663 	 0
1787326660817 	 12 	 200 	 1664 	 0
1787326661127 	 35 	 200 	 1665 	 0
1787326661214 	 19 	 200 	 1666 	 0
1787326662417 	 22 	 200 	 1669 	 2
1787326662428 	 23 	 200 	 1669 	 1
1787326662435 	 25 	 200 	 1669 	 0
1787326662775 	 13 	 200 	 1670 	 0
1787326662809 	 19 	 200 	 1671 	 0
1787326662998 	 26 	 200 	 1672 	 0
1787326663207 	 18 	 200 	 1673 	 0
1787326663268 	 15 	 200 	 1674 	 0
1787326663320 	 15 	 200 	 1675 	 0
1787326663416 	 13 	 200 	 1676 	 0
1787326663519 	 12 	 200 	 1677 	 0
1787326663641 	 16 	 200 	 1678 	 0
1787326663660 	 14 	 200 	 1679 	 0
1787326663678 	 14 	 200 	 1680 	 0
1787326663733 	 14 	 200 	 1681 	 0
1787326663783 	 25 	 200 	 1682 	 0
1787326663985 	 32 	 200 	 1684 	 1
1787326664006 	 23 	 200 	 1685 	 1
1787326664028 	 15 	 200 	 1685 	 0
1787326664143 	 31 	 200 	 1686 	 0
1787326664246 	 20 	 200 	 1687 	 0
1787326664300 	 13 	 200 	 1688 	 0
1787326664539 	 15 	 200 	 1689 	 0
1787326664742 	 19 	 200 	 1690 	 0
1787326664818 	 16 	 200 	 1691 	 0
1787326665179 	 34 	 200 	 1692 	 0
1787326665432 	 32 	 200 	 1693 	 0
1787326665634 	 17 	 200 	 1694 	 0
1787326665683 	 16 	 200 	 1695 	 0
1787326665850 	 13 	 200 	 1696 	 0
1787326665999 	 20 	 200 	 1697 	 0
1787326666120 	 38 	 200 	 1698 	 0
1787326666340 	 14 	 200 	 1699 	 0
1787326666465 	 32 	 200 	 1701 	 1
1787326666488 	 21 	 200 	 1701 	 0
1787326666698 	 18 	 200 	 1702 	 0
1787326666724 	 15 	 200 	 1703 	 0
1787326666788 	 14 	 200 	 1704 	 0
1787326667169 	 32 	 200 	 1705 	 0
1787326667326 	 26 	 200 	 1706 	 0
1787326667438 	 12 	 200 	 1707 	 0
1787326667476 	 20 	 200 	 1708 	 0
1787326667962 	 31 	 200 	 1709 	 0
1787326668095 	 16 	 200 	 1711 	 1
1787326668103 	 22 	 200 	 1711 	 0
1787326668289 	 13 	 200 	 1712 	 0
1787326668525 	 12 	 200 	 1713 	 0
1787326668707 	 15 	 200 	 1715 	 1
1787326668723 	 19 	 200 	 1715 	 0
1787326669276 	 13 	 200 	 1717 	 1
1787326669284 	 361 	 200 	 1717 	 0
1787326669721 	 80 	 200 	 1718 	 0
1787326669869 	 35 	 200 	 1719 	 0
1787326669985 	 36 	 200 	 1720 	 0
1787326670269 	 14 	 200 	 1721 	 0
1787326670350 	 17 	 200 	 1722 	 0
1787326670628 	 15 	 200 	 1723 	 0
1787326670844 	 26 	 200 	 1724 	 0
1787326670969 	 34 	 200 	 1725 	 0
1787326671109 	 19 	 200 	 1726 	 0
1787326671148 	 14 	 200 	 1727 	 0
1787326671183 	 13 	 200 	 1728 	 0
1787326671199 	 12 	 200 	 1729 	 0
1787326671284 	 13 	 200 	 1730 	 0
1787326671313 	 14 	 200 	 1731 	 0
1787326671558 	 13 	 200 	 1732 	 0
1787326671614 	 13 	 200 	 1733 	 0
1787326671769 	 13 	 200 	 1734 	 0
1787326671832 	 33 	 200 	 1735 	 0
1787326672106 	 23 	 200 	 1736 	 0
1787326672239 	 17 	 200 	 1737 	 0
1787326672361 	 14 	 200 	 1738 	 0
1787326672849 	 34 	 200 	 1739 	 0
1787326673171 	 14 	 200 	 1740 	 0
1787326673344 	 12 	 200 	 1741 	 0
1787326673458 	 25 	 200 	 1742 	 0
1787326673599 	 26 	 200 	 1743 	 0
1787326673825 	 37 	 200 	 1744 	 0
1787326674175 	 34 	 200 	 1746 	 1
1787326674189 	 25 	 200 	 1746 	 0
1787326675026 	 19 	 200 	 1747 	 0
1787326675162 	 18 	 200 	 1749 	 1
1787326675131 	 54 	 200 	 1749 	 0
1787326675690 	 26 	 200 	 1750 	 0
1787326675809 	 21 	 200 	 1751 	 0
1787326675976 	 20 	 200 	 1752 	 0
1787326676064 	 13 	 200 	 1754 	 1
1787326676071 	 13 	 200 	 1754 	 0
1787326676145 	 22 	 200 	 1755 	 0
1787326676171 	 13 	 200 	 1756 	 0
1787326676235 	 16 	 200 	 1757 	 0
1787326676705 	 14 	 200 	 1758 	 0
1787326676910 	 16 	 200 	 1759 	 0
1787326677154 	 33 	 200 	 1760 	 0
1787326677524 	 14 	 200 	 1761 	 0
1787326677883 	 32 	 200 	 1762 	 0
1787326678785 	 12 	 200 	 1763 	 0
1787326678848 	 14 	 200 	 1764 	 0
1787326678875 	 12 	 200 	 1765 	 0
1787326678943 	 26 	 200 	 1766 	 0
1787326679041 	 25 	 200 	 1767 	 0
1787326679223 	 32 	 200 	 1768 	 0
1787326679936 	 33 	 200 	 1769 	 0
1787326680282 	 20 	 200 	 1770 	 0
1787326680342 	 13 	 200 	 1771 	 0
1787326680534 	 15 	 200 	 1772 	 0
1787326680644 	 13 	 200 	 1773 	 0
1787326680716 	 14 	 200 	 1774 	 0
1787326680854 	 38 	 200 	 1775 	 0
1787326681154 	 23 	 200 	 1776 	 0
1787326681242 	 13 	 200 	 1777 	 0
1787326681259 	 18 	 200 	 1778 	 0
1787326681325 	 14 	 200 	 1779 	 0
1787326681601 	 13 	 200 	 1780 	 0
1787326681679 	 18 	 200 	 1781 	 0
1787326681889 	 35 	 200 	 1782 	 0
1787326681936 	 15 	 200 	 1783 	 0
1787326681981 	 12 	 200 	 1784 	 0
1787326682196 	 24 	 200 	 1785 	 0
1787326682249 	 21 	 200 	 1786 	 0
1787326682466 	 36 	 200 	 1787 	 0
1787326682520 	 143 	 200 	 1788 	 0
1787326683071 	 14 	 200 	 1789 	 0
1787326683088 	 16 	 200 	 1790 	 0
1787326683414 	 16 	 200 	 1791 	 0
1787326683716 	 31 	 200 	 1792 	 0
1787326683875 	 23 	 200 	 1793 	 0
1787326684050 	 12 	 200 	 1794 	 0
1787326684126 	 34 	 200 	 1795 	 0
1787326684252 	 13 	 200 	 1796 	 0
1787326684452 	 13 	 200 	 1797 	 0
1787326685047 	 36 	 200 	 1799 	 1
1787326685077 	 14 	 200 	 1799 	 0
1787326685201 	 29 	 200 	 1800 	 0
1787326685586 	 21 	 200 	 1801 	 0
1787326685660 	 15 	 200 	 1802 	 0
1787326686214 	 14 	 200 	 1803 	 0
1787326686258 	 12 	 200 	 1804 	 0
1787326686489 	 14 	 200 	 1805 	 0
1787326686692 	 15 	 200 	 1806 	 0
1787326686816 	 13 	 200 	 1807 	 0
1787326687216 	 16 	 200 	 1808 	 0
1787326687251 	 14 	 200 	 1809 	 0
1787326687305 	 13 	 200 	 1810 	 0
1787326687838 	 32 	 200 	 1811 	 0
1787326688259 	 13 	 200 	 1812 	 0
1787326688625 	 13 	 200 	 1813 	 0
1787326689102 	 23 	 200 	 1814 	 0
1787326689166 	 13 	 200 	 1815 	 0
1787326689197 	 14 	 200 	 1816 	 0
1787326689402 	 17 	 200 	 1817 	 0
1787326689739 	 13 	 200 	 1818 	 0
1787326690039 	 34 	 200 	 1819 	 0
1787326690109 	 16 	 200 	 1820 	 0
1787326690152 	 16 	 200 	 1821 	 0
1787326690214 	 15 	 200 	 1823 	 1
1787326690225 	 13 	 200 	 1823 	 0
1787326690599 	 14 	 200 	 1824 	 0
1787326690776 	 14 	 200 	 1825 	 0
1787326690912 	 18 	 200 	 1826 	 0
1787326691083 	 13 	 200 	 1827 	 0
1787326691360 	 24 	 200 	 1828 	 0
1787326691390 	 14 	 200 	 1830 	 1
1787326691405 	 14 	 200 	 1831 	 1
1787326691412 	 12 	 200 	 1831 	 0
1787326691495 	 14 	 200 	 1832 	 0
1787326691608 	 15 	 200 	 1833 	 0
1787326691667 	 31 	 200 	 1835 	 1
1787326691672 	 27 	 200 	 1835 	 0
1787326692025 	 32 	 200 	 1836 	 0
1787326692174 	 13 	 200 	 1837 	 0
1787326692309 	 14 	 200 	 1838 	 0
1787326692871 	 13 	 200 	 1840 	 1
1787326692687 	 332 	 200 	 1840 	 0
1787326693474 	 26 	 200 	 1841 	 0
1787326693852 	 25 	 200 	 1842 	 0
1787326693969 	 30 	 200 	 1844 	 1
1787326693997 	 15 	 200 	 1845 	 1
1787326694007 	 12 	 200 	 1845 	 0
1787326694044 	 14 	 200 	 1846 	 0
1787326694155 	 14 	 200 	 1847 	 0
1787326694183 	 14 	 200 	 1848 	 0
1787326694232 	 14 	 200 	 1849 	 0
1787326694718 	 16 	 200 	 1850 	 0
1787326695209 	 15 	 200 	 1851 	 0
1787326695514 	 21 	 200 	 1852 	 0
1787326695919 	 37 	 200 	 1853 	 0
1787326695971 	 33 	 200 	 1854 	 0
1787326696169 	 21 	 200 	 1855 	 0
1787326696300 	 25 	 200 	 1857 	 1
1787326696324 	 33 	 200 	 1857 	 0
1787326696640 	 15 	 200 	 1858 	 0
1787326696798 	 12 	 200 	 1859 	 0
1787326696933 	 18 	 200 	 1860 	 0
1787326697010 	 38 	 200 	 1861 	 0
1787326697098 	 13 	 200 	 1862 	 0
1787326697210 	 12 	 200 	 1863 	 0
1787326697319 	 14 	 200 	 1864 	 0
1787326697421 	 19 	 200 	 1865 	 0
1787326697509 	 18 	 200 	 1866 	 0
1787326697564 	 22 	 200 	 1867 	 0
1787326697636 	 14 	 200 	 1868 	 0
1787326697740 	 21 	 200 	 1869 	 0
1787326698224 	 13 	 200 	 1870 	 0
1787326698298 	 18 	 200 	 1872 	 1
1787326698305 	 13 	 200 	 1872 	 0
1787326698343 	 17 	 200 	 1873 	 0
1787326698554 	 20 	 200 	 1874 	 0
1787326698686 	 14 	 200 	 1875 	 0
1787326698780 	 12 	 200 	 1876 	 0
1787326699047 	 15 	 200 	 1877 	 0
1787326699288 	 14 	 200 	 1878 	 0
1787326699316 	 14 	 200 	 1879 	 0
1787326699372 	 34 	 200 	 1881 	 1
1787326699379 	 28 	 200 	 1881 	 0
1787326699516 	 14 	 200 	 1882 	 0
1787326700324 	 13 	 200 	 1883 	 0
1787326700427 	 16 	 200 	 1884 	 0
1787326701164 	 15 	 200 	 1885 	 0
1787326701438 	 19 	 200 	 1886 	 0
1787326701626 	 13 	 200 	 1887 	 0
1787326701678 	 41 	 200 	 1888 	 0
1787326701935 	 13 	 200 	 1889 	 0
1787326702063 	 20 	 200 	 1890 	 0
1787326702201 	 30 	 200 	 1891 	 0
1787326702267 	 13 	 200 	 1892 	 0
1787326702347 	 20 	 200 	 1893 	 0
1787326702379 	 14 	 200 	 1894 	 0
1787326702525 	 12 	 200 	 1896 	 1
1787326702537 	 20 	 200 	 1897 	 1
1787326702557 	 12 	 200 	 1897 	 0
1787326702839 	 31 	 200 	 1898 	 0
1787326703195 	 30 	 200 	 1899 	 0
1787326703296 	 15 	 200 	 1900 	 0
1787326703457 	 17 	 200 	 1901 	 0
1787326704041 	 14 	 200 	 1902 	 0
1787326704116 	 17 	 200 	 1903 	 0
1787326704518 	 13 	 200 	 1904 	 0
1787326704555 	 16 	 200 	 1905 	 0
1787326704663 	 13 	 200 	 1906 	 0
1787326704717 	 12 	 200 	 1907 	 0
1787326705001 	 22 	 200 	 1908 	 0
1787326705301 	 19 	 200 	 1909 	 0
1787326705629 	 17 	 200 	 1910 	 0
1787326705855 	 13 	 200 	 1911 	 0
1787326706253 	 16 	 200 	 1912 	 0
1787326706416 	 16 	 200 	 1913 	 0
1787326706838 	 30 	 200 	 1914 	 0
1787326706900 	 34 	 200 	 1915 	 0
1787326707089 	 14 	 200 	 1916 	 0
1787326707315 	 14 	 200 	 1917 	 0
1787326707480 	 12 	 200 	 1918 	 0
1787326707577 	 15 	 200 	 1919 	 0
1787326707701 	 14 	 200 	 1920 	 0
1787326707967 	 23 	 200 	 1921 	 0
1787326708119 	 25 	 200 	 1922 	 0
1787326708472 	 25 	 200 	 1923 	 0
1787326708516 	 16 	 200 	 1924 	 0
1787326709125 	 13 	 200 	 1925 	 0
1787326709216 	 20 	 200 	 1926 	 0
1787326709244 	 14 	 200 	 1927 	 0
1787326709615 	 14 	 200 	 1928 	 0
1787326709888 	 33 	 200 	 1929 	 0
1787326709979 	 25 	 200 	 1930 	 0
1787326710220 	 14 	 200 	 1931 	 0
1787326710288 	 14 	 200 	 1932 	 0
1787326710577 	 16 	 200 	 1933 	 0
1787326710600 	 19 	 200 	 1934 	 0
1787326710797 	 36 	 200 	 1935 	 0
1787326710900 	 12 	 200 	 1936 	 0
1787326711099 	 15 	 200 	 1937 	 0
1787326711126 	 12 	 200 	 1938 	 0
1787326711400 	 20 	 200 	 1939 	 0
1787326711497 	 19 	 200 	 1940 	 0
1787326711529 	 13 	 200 	 1941 	 0
1787326711938 	 31 	 200 	 1942 	 0
1787326712382 	 16 	 200 	 1943 	 0
1787326712653 	 68 	 200 	 1944 	 0
1787326713023 	 13 	 200 	 1945 	 0
1787326713049 	 13 	 200 	 1946 	 0
1787326713090 	 24 	 200 	 1947 	 0
1787326713411 	 18 	 200 	 1948 	 0
1787326713675 	 13 	 200 	 1949 	 0
1787326713719 	 18 	 200 	 1950 	 0
1787326713860 	 27 	 200 	 1951 	 0
1787326714031 	 28 	 200 	 1952 	 0
1787326714081 	 15 	 200 	 1953 	 0
1787326714165 	 17 	 200 	 1954 	 0
1787326714326 	 28 	 200 	 1955 	 0
1787326714498 	 15 	 200 	 1956 	 0
1787326714639 	 13 	 200 	 1957 	 0
1787326715124 	 14 	 200 	 1958 	 0
1787326715674 	 34 	 200 	 1959 	 0
1787326715879 	 43 	 200 	 1960 	 0
1787326716085 	 33 	 200 	 1961 	 0
1787326716473 	 17 	 200 	 1962 	 0
1787326716807 	 15 	 200 	 1963 	 0
1787326716826 	 14 	 200 	 1964 	 0
1787326717316 	 13 	 200 	 1965 	 0
1787326717397 	 28 	 200 	 1966 	 0
1787326717527 	 17 	 200 	 1967 	 0
1787326717571 	 24 	 200 	 1968 	 0
1787326717683 	 40 	 200 	 1969 	 0
1787326718173 	 15 	 200 	 1970 	 0
1787326718676 	 13 	 200 	 1971 	 0
1787326718705 	 15 	 200 	 1972 	 0
1787326719015 	 18 	 200 	 1975 	 2
1787326719021 	 14 	 200 	 1975 	 1
1787326719017 	 44 	 200 	 1975 	 0
1787326719077 	 14 	 200 	 1976 	 0
1787326719137 	 15 	 200 	 1977 	 0
1787326719158 	 14 	 200 	 1978 	 0
1787326719209 	 16 	 200 	 1979 	 0
1787326719356 	 16 	 200 	 1980 	 0
1787326719394 	 13 	 200 	 1981 	 0
1787326720072 	 25 	 200 	 1982 	 0
1787326720331 	 13 	 200 	 1984 	 1
1787326720327 	 17 	 200 	 1984 	 0
1787326720556 	 13 	 200 	 1985 	 0
1787326720599 	 14 	 200 	 1986 	 0
1787326720638 	 18 	 200 	 1987 	 0
1787326720869 	 34 	 200 	 1988 	 0
1787326721022 	 13 	 200 	 1989 	 0
1787326721506 	 20 	 200 	 1990 	 0
1787326721720 	 15 	 200 	 1991 	 0
1787326721747 	 16 	 200 	 1992 	 0
1787326721767 	 16 	 200 	 1993 	 0
1787326721893 	 35 	 200 	 1994 	 0
1787326722086 	 32 	 200 	 1995 	 0
1787326722364 	 13 	 200 	 1996 	 0
1787326722553 	 30 	 200 	 1997 	 0
1787326722989 	 33 	 200 	 1999 	 1
1787326722999 	 32 	 200 	 2000 	 1
1787326723031 	 14 	 200 	 2000 	 0
1787326723369 	 24 	 200 	 2003 	 2
1787326723391 	 94 	 200 	 2003 	 1
1787326723352 	 367 	 200 	 2003 	 0
1787326723903 	 39 	 200 	 2004 	 0
1787326724246 	 15 	 200 	 2005 	 0
1787326724408 	 17 	 200 	 2006 	 0
1787326724463 	 16 	 200 	 2007 	 0
1787326725196 	 15 	 200 	 2008 	 0
1787326725285 	 13 	 200 	 2009 	 0
1787326725578 	 29 	 200 	 2010 	 0
1787326725761 	 13 	 200 	 2011 	 0
1787326725899 	 35 	 200 	 2012 	 0
1787326726409 	 26 	 200 	 2013 	 0
1787326726655 	 32 	 200 	 2014 	 0
1787326726817 	 15 	 200 	 2015 	 0
1787326727165 	 13 	 200 	 2016 	 0
1787326727457 	 28 	 200 	 2017 	 0
1787326727647 	 16 	 200 	 2018 	 0
1787326727749 	 21 	 200 	 2019 	 0
1787326727778 	 14 	 200 	 2020 	 0
1787326728121 	 15 	 200 	 2021 	 0
1787326728267 	 13 	 200 	 2022 	 0
1787326728691 	 29 	 200 	 2023 	 0
1787326729234 	 13 	 200 	 2024 	 0
1787326729448 	 21 	 200 	 2025 	 0
1787326729701 	 17 	 200 	 2026 	 0
1787326729782 	 12 	 200 	 2027 	 0
1787326729796 	 13 	 200 	 2028 	 0
1787326729879 	 28 	 200 	 2029 	 0
1787326730142 	 45 	 200 	 2031 	 1
1787326730179 	 24 	 200 	 2031 	 0
1787326730318 	 45 	 200 	 2033 	 1
1787326730362 	 12 	 200 	 2033 	 0
1787326730586 	 20 	 200 	 2034 	 0
1787326730645 	 32 	 200 	 2035 	 0
1787326730699 	 15 	 200 	 2036 	 0
1787326730920 	 19 	 200 	 2037 	 0
1787326731019 	 13 	 200 	 2038 	 0
1787326731433 	 15 	 200 	 2039 	 0
1787326731636 	 15 	 200 	 2040 	 0
1787326731761 	 21 	 200 	 2041 	 0
1787326732027 	 19 	 200 	 2042 	 0
1787326732125 	 31 	 200 	 2044 	 1
1787326732140 	 25 	 200 	 2044 	 0
1787326732220 	 13 	 200 	 2045 	 0
1787326732476 	 33 	 200 	 2047 	 1
1787326732505 	 17 	 200 	 2047 	 0
1787326733226 	 27 	 200 	 2048 	 0
1787326733411 	 37 	 200 	 2049 	 0
1787326733505 	 19 	 200 	 2050 	 0
1787326733912 	 20 	 200 	 2051 	 0
1787326734118 	 13 	 200 	 2052 	 0
1787326734304 	 30 	 200 	 2053 	 0
1787326734466 	 15 	 200 	 2054 	 0
1787326734538 	 41 	 200 	 2056 	 1
1787326734573 	 14 	 200 	 2056 	 0
1787326734624 	 14 	 200 	 2057 	 0
1787326735296 	 19 	 200 	 2058 	 0
1787326735325 	 15 	 200 	 2059 	 0
1787326735617 	 23 	 200 	 2060 	 0
1787326735920 	 35 	 200 	 2061 	 0
1787326736167 	 18 	 200 	 2062 	 0
1787326736341 	 16 	 200 	 2063 	 0
1787326736630 	 14 	 200 	 2064 	 0
1787326736851 	 30 	 200 	 2065 	 0
1787326737071 	 35 	 200 	 2066 	 0
1787326737142 	 13 	 200 	 2067 	 0
1787326737846 	 31 	 200 	 2068 	 0
1787326737923 	 37 	 200 	 2069 	 0
1787326738063 	 30 	 200 	 2070 	 0
1787326738449 	 30 	 200 	 2071 	 0
1787326738508 	 17 	 200 	 2073 	 1
1787326738505 	 20 	 200 	 2073 	 0
1787326738620 	 21 	 200 	 2074 	 0
1787326738972 	 33 	 200 	 2075 	 0
1787326739319 	 13 	 200 	 2076 	 0
1787326739835 	 18 	 200 	 2077 	 0
1787326739960 	 17 	 200 	 2078 	 0
1787326739981 	 12 	 200 	 2079 	 0
1787326740299 	 25 	 200 	 2082 	 2
1787326740304 	 31 	 200 	 2082 	 1
1787326740316 	 26 	 200 	 2082 	 0
1787326740558 	 28 	 200 	 2084 	 1
1787326740582 	 16 	 200 	 2085 	 1
1787326740597 	 17 	 200 	 2085 	 0
1787326740773 	 13 	 200 	 2086 	 0
1787326741256 	 14 	 200 	 2087 	 0
1787326741547 	 15 	 200 	 2088 	 0
1787326741929 	 24 	 200 	 2089 	 0
1787326742153 	 12 	 200 	 2090 	 0
1787326742514 	 32 	 200 	 2091 	 0
1787326742633 	 12 	 200 	 2092 	 0
1787326742716 	 14 	 200 	 2093 	 0
1787326742969 	 21 	 200 	 2094 	 0
1787326743048 	 18 	 200 	 2095 	 0
1787326743121 	 38 	 200 	 2097 	 1
1787326743144 	 23 	 200 	 2097 	 0
1787326743685 	 34 	 200 	 2098 	 0
1787326744028 	 35 	 200 	 2099 	 0
1787326744237 	 19 	 200 	 2100 	 0
1787326744303 	 16 	 200 	 2101 	 0
1787326744553 	 13 	 200 	 2102 	 0
1787326744587 	 14 	 200 	 2103 	 0
1787326744698 	 16 	 200 	 2104 	 0
1787326744731 	 26 	 200 	 2105 	 0
1787326744850 	 15 	 200 	 2106 	 0
1787326744893 	 16 	 200 	 2108 	 1
1787326744898 	 14 	 200 	 2108 	 0
1787326744925 	 13 	 200 	 2109 	 0
1787326745001 	 34 	 200 	 2110 	 0
1787326745188 	 17 	 200 	 2111 	 0
1787326745324 	 18 	 200 	 2113 	 1
1787326745334 	 15 	 200 	 2113 	 0
1787326745575 	 13 	 200 	 2114 	 0
1787326745662 	 32 	 200 	 2115 	 0
1787326745724 	 21 	 200 	 2117 	 1
1787326745728 	 20 	 200 	 2117 	 0
1787326746004 	 18 	 200 	 2118 	 0
1787326746354 	 34 	 200 	 2119 	 0
1787326746405 	 20 	 200 	 2121 	 1
1787326746421 	 15 	 200 	 2121 	 0
1787326746613 	 13 	 200 	 2122 	 0
1787326746723 	 13 	 200 	 2123 	 0
1787326746886 	 14 	 200 	 2124 	 0
1787326747203 	 14 	 200 	 2125 	 0
1787326747302 	 20 	 200 	 2126 	 0
1787326747393 	 23 	 200 	 2127 	 0
1787326747728 	 12 	 200 	 2129 	 1
1787326747707 	 51 	 200 	 2129 	 0
1787326747774 	 15 	 200 	 2130 	 0
1787326748102 	 18 	 200 	 2131 	 0
1787326748139 	 14 	 200 	 2132 	 0
1787326748195 	 14 	 200 	 2133 	 0
1787326748252 	 12 	 200 	 2134 	 0
1787326748310 	 15 	 200 	 2135 	 0
1787326748345 	 14 	 200 	 2136 	 0
1787326748463 	 31 	 200 	 2137 	 0
1787326748775 	 15 	 200 	 2139 	 1
1787326748779 	 17 	 200 	 2139 	 0
1787326749096 	 17 	 200 	 2140 	 0
1787326749130 	 13 	 200 	 2142 	 1
1787326749142 	 15 	 200 	 2143 	 1
1787326749159 	 13 	 200 	 2143 	 0
1787326749220 	 14 	 200 	 2145 	 1
1787326749218 	 16 	 200 	 2145 	 0
1787326749251 	 14 	 200 	 2146 	 0
1787326749302 	 15 	 200 	 2147 	 0
1787326749329 	 14 	 200 	 2148 	 0
1787326749473 	 32 	 200 	 2149 	 0
1787326749595 	 14 	 200 	 2150 	 0
1787326749619 	 13 	 200 	 2151 	 0
1787326749647 	 13 	 200 	 2152 	 0
1787326749675 	 12 	 200 	 2153 	 0
1787326749697 	 14 	 200 	 2154 	 0
1787326750125 	 17 	 200 	 2155 	 0
1787326750667 	 30 	 200 	 2156 	 0
1787326750937 	 13 	 200 	 2157 	 0
1787326751096 	 14 	 200 	 2158 	 0
1787326751315 	 14 	 200 	 2159 	 0
1787326751348 	 15 	 200 	 2160 	 0
1787326751397 	 12 	 200 	 2161 	 0
1787326751586 	 35 	 200 	 2162 	 0
1787326751739 	 12 	 200 	 2163 	 0
1787326751864 	 38 	 200 	 2164 	 0
1787326752073 	 15 	 200 	 2165 	 0
1787326752580 	 20 	 200 	 2166 	 0
1787326752741 	 13 	 200 	 2167 	 0
1787326753183 	 13 	 200 	 2168 	 0
1787326753417 	 12 	 200 	 2169 	 0
1787326753484 	 19 	 200 	 2170 	 0
1787326754736 	 18 	 200 	 2172 	 1
1787326754738 	 33 	 200 	 2174 	 2
1787326754763 	 18 	 200 	 2174 	 1
1787326754771 	 13 	 200 	 2174 	 0
1787326755242 	 14 	 200 	 2175 	 0
1787326755559 	 21 	 200 	 2176 	 0
1787326755651 	 33 	 200 	 2178 	 1
1787326755670 	 15 	 200 	 2178 	 0
1787326755770 	 14 	 200 	 2179 	 0
1787326756384 	 24 	 200 	 2180 	 0
1787326756464 	 14 	 200 	 2181 	 0
1787326756878 	 22 	 200 	 2182 	 0
1787326757210 	 17 	 200 	 2184 	 1
1787326757217 	 15 	 200 	 2184 	 0
1787326757440 	 20 	 200 	 2185 	 0
1787326757503 	 23 	 200 	 2186 	 0
1787326758001 	 29 	 200 	 2187 	 0
1787326758238 	 18 	 200 	 2189 	 1
1787326758237 	 20 	 200 	 2189 	 0
1787326758424 	 13 	 200 	 2190 	 0
1787326758491 	 20 	 200 	 2191 	 0
1787326758670 	 13 	 200 	 2192 	 0
1787326759029 	 35 	 200 	 2193 	 0
1787326759139 	 14 	 200 	 2195 	 1
1787326759149 	 19 	 200 	 2195 	 0
1787326759354 	 32 	 200 	 2196 	 0
1787326759853 	 38 	 200 	 2197 	 0
1787326760192 	 16 	 200 	 2198 	 0
1787326760662 	 14 	 200 	 2199 	 0
1787326760775 	 17 	 200 	 2200 	 0
1787326760806 	 33 	 200 	 2201 	 0
1787326761375 	 20 	 200 	 2203 	 1
1787326761383 	 17 	 200 	 2203 	 0
1787326761563 	 57 	 200 	 2204 	 0
1787326762006 	 15 	 200 	 2205 	 0
1787326762148 	 15 	 200 	 2206 	 0
1787326762428 	 33 	 200 	 2207 	 0
1787326762536 	 18 	 200 	 2208 	 0
1787326762727 	 21 	 200 	 2209 	 0
1787326763042 	 26 	 200 	 2210 	 0
1787326763112 	 14 	 200 	 2211 	 0
1787326763411 	 22 	 200 	 2212 	 0
1787326763538 	 14 	 200 	 2213 	 0
1787326763613 	 41 	 200 	 2214 	 0
1787326763741 	 21 	 200 	 2216 	 1
1787326763745 	 136 	 200 	 2216 	 0
1787326763946 	 31 	 200 	 2217 	 0
1787326764443 	 25 	 200 	 2218 	 0
1787326764526 	 14 	 200 	 2219 	 0
1787326764771 	 19 	 200 	 2220 	 0
1787326764966 	 25 	 200 	 2221 	 0
1787326765005 	 15 	 200 	 2222 	 0
1787326765080 	 14 	 200 	 2223 	 0
1787326765260 	 13 	 200 	 2224 	 0
1787326765473 	 13 	 200 	 2226 	 1
1787326765395 	 196 	 200 	 2226 	 0
1787326765672 	 13 	 200 	 2227 	 0
1787326765752 	 15 	 200 	 2228 	 0
1787326765819 	 44 	 200 	 2229 	 0
1787326765982 	 35 	 200 	 2230 	 0
1787326766482 	 14 	 200 	 2231 	 0
1787326766744 	 25 	 200 	 2233 	 1
1787326766749 	 21 	 200 	 2233 	 0
1787326766803 	 14 	 200 	 2234 	 0
1787326766869 	 14 	 200 	 2235 	 0
1787326767405 	 37 	 200 	 2236 	 0
1787326767474 	 36 	 200 	 2237 	 0
1787326767549 	 13 	 200 	 2238 	 0
1787326767704 	 29 	 200 	 2239 	 0
1787326768182 	 15 	 200 	 2240 	 0
1787326768355 	 14 	 200 	 2241 	 0
1787326768450 	 18 	 200 	 2242 	 0
1787326768677 	 17 	 200 	 2244 	 1
1787326768683 	 14 	 200 	 2244 	 0
1787326768975 	 25 	 200 	 2245 	 0
1787326769095 	 26 	 200 	 2246 	 0
1787326769357 	 12 	 200 	 2247 	 0
1787326769738 	 14 	 200 	 2248 	 0
1787326769798 	 14 	 200 	 2249 	 0
1787326769998 	 31 	 200 	 2250 	 0
1787326770256 	 15 	 200 	 2251 	 0
1787326770285 	 13 	 200 	 2252 	 0
1787326770398 	 13 	 200 	 2253 	 0
1787326770556 	 13 	 200 	 2254 	 0
1787326770578 	 12 	 200 	 2255 	 0
1787326770856 	 33 	 200 	 2256 	 0
1787326771354 	 24 	 200 	 2257 	 0
1787326771908 	 21 	 200 	 2258 	 0
1787326771961 	 19 	 200 	 2259 	 0
1787326772024 	 33 	 200 	 2260 	 0
1787326772199 	 28 	 200 	 2261 	 0
1787326772234 	 13 	 200 	 2262 	 0
1787326772533 	 13 	 200 	 2263 	 0
1787326772655 	 22 	 200 	 2264 	 0
1787326772894 	 31 	 200 	 2265 	 0
1787326772973 	 16 	 200 	 2266 	 0
1787326773108 	 19 	 200 	 2267 	 0
1787326773157 	 15 	 200 	 2268 	 0
1787326773214 	 29 	 200 	 2270 	 1
1787326773222 	 25 	 200 	 2270 	 0
1787326773280 	 20 	 200 	 2271 	 0
1787326773333 	 15 	 200 	 2272 	 0
1787326773534 	 18 	 200 	 2273 	 0
1787326773569 	 13 	 200 	 2274 	 0
1787326773612 	 16 	 200 	 2275 	 0
1787326773805 	 34 	 200 	 2276 	 0
1787326774080 	 25 	 200 	 2277 	 0
1787326774447 	 18 	 200 	 2278 	 0
1787326774558 	 13 	 200 	 2279 	 0
1787326774722 	 15 	 200 	 2280 	 0
1787326775621 	 16 	 200 	 2282 	 1
1787326775627 	 27 	 200 	 2282 	 0
1787326775657 	 11 	 200 	 2283 	 0
1787326775893 	 31 	 200 	 2284 	 0
1787326775960 	 20 	 200 	 2285 	 0
1787326776001 	 24 	 200 	 2286 	 0
1787326776540 	 36 	 200 	 2287 	 0
1787326776582 	 17 	 200 	 2288 	 0
1787326776673 	 15 	 200 	 2289 	 0
1787326776751 	 13 	 200 	 2290 	 0
1787326776825 	 21 	 200 	 2291 	 0
1787326776934 	 27 	 200 	 2292 	 0
1787326777034 	 30 	 200 	 2293 	 0
1787326777073 	 12 	 200 	 2294 	 0
1787326777096 	 18 	 200 	 2295 	 0
1787326777389 	 13 	 200 	 2296 	 0
1787326777463 	 26 	 200 	 2297 	 0
1787326777829 	 12 	 200 	 2298 	 0
1787326777878 	 14 	 200 	 2299 	 0
1787326778346 	 33 	 200 	 2300 	 0
1787326778420 	 24 	 200 	 2301 	 0
1787326778480 	 13 	 200 	 2302 	 0
1787326778890 	 12 	 200 	 2303 	 0
1787326778909 	 16 	 200 	 2304 	 0
1787326779091 	 13 	 200 	 2305 	 0
1787326779298 	 26 	 200 	 2306 	 0
1787326779493 	 40 	 200 	 2307 	 0
1787326779773 	 17 	 200 	 2308 	 0
1787326780043 	 37 	 200 	 2309 	 0
1787326780143 	 17 	 200 	 2310 	 0
1787326780175 	 13 	 200 	 2311 	 0
1787326780638 	 36 	 200 	 2315 	 3
1787326780650 	 27 	 200 	 2315 	 2
1787326780660 	 28 	 200 	 2315 	 1
1787326780663 	 30 	 200 	 2315 	 0
1787326780838 	 15 	 200 	 2317 	 1
1787326780923 	 22 	 200 	 2319 	 2
1787326780944 	 13 	 200 	 2319 	 1
1787326780801 	 311 	 200 	 2319 	 0
1787326781365 	 16 	 200 	 2320 	 0
1787326781742 	 14 	 200 	 2321 	 0
1787326781790 	 29 	 200 	 2322 	 0
1787326782084 	 15 	 200 	 2323 	 0
1787326782174 	 16 	 200 	 2324 	 0
1787326782591 	 15 	 200 	 2325 	 0
1787326782795 	 13 	 200 	 2326 	 0
1787326782925 	 37 	 200 	 2328 	 1
1787326782950 	 33 	 200 	 2328 	 0
1787326783380 	 17 	 200 	 2329 	 0
1787326783447 	 15 	 200 	 2330 	 0
1787326783532 	 13 	 200 	 2331 	 0
1787326783584 	 20 	 200 	 2332 	 0
1787326783643 	 14 	 200 	 2333 	 0
1787326783887 	 14 	 200 	 2334 	 0
1787326783910 	 11 	 200 	 2335 	 0
1787326783943 	 33 	 200 	 2336 	 0
1787326784082 	 23 	 200 	 2337 	 0
1787326784149 	 16 	 200 	 2338 	 0
1787326784297 	 15 	 200 	 2339 	 0
1787326784444 	 25 	 200 	 2340 	 0
1787326784965 	 38 	 200 	 2342 	 1
1787326784985 	 33 	 200 	 2342 	 0
1787326785422 	 13 	 200 	 2343 	 0
1787326785850 	 29 	 200 	 2345 	 1
1787326785861 	 28 	 200 	 2345 	 0
1787326786074 	 25 	 200 	 2347 	 1
1787326786080 	 23 	 200 	 2347 	 0
1787326786483 	 29 	 200 	 2348 	 0
1787326786550 	 16 	 200 	 2349 	 0
1787326786591 	 13 	 200 	 2350 	 0
1787326786669 	 28 	 200 	 2351 	 0
1787326786944 	 30 	 200 	 2352 	 0
1787326787165 	 13 	 200 	 2353 	 0
1787326787681 	 17 	 200 	 2354 	 0
1787326787773 	 14 	 200 	 2355 	 0
1787326787861 	 17 	 200 	 2356 	 0
1787326787899 	 24 	 200 	 2357 	 0
1787326788028 	 30 	 200 	 2358 	 0
1787326788352 	 27 	 200 	 2359 	 0
1787326788677 	 13 	 200 	 2360 	 0
1787326788785 	 28 	 200 	 2362 	 1
1787326788809 	 13 	 200 	 2363 	 1
1787326788822 	 17 	 200 	 2363 	 0
1787326788857 	 39 	 200 	 2364 	 0
1787326788946 	 13 	 200 	 2365 	 0
1787326789580 	 16 	 200 	 2366 	 0
1787326789660 	 13 	 200 	 2367 	 0
1787326789790 	 17 	 200 	 2368 	 0
1787326790031 	 13 	 200 	 2369 	 0
1787326790060 	 14 	 200 	 2370 	 0
1787326790208 	 37 	 200 	 2371 	 0
1787326790381 	 13 	 200 	 2372 	 0
1787326790399 	 14 	 200 	 2373 	 0
1787326790521 	 13 	 200 	 2374 	 0
1787326790616 	 33 	 200 	 2375 	 0
1787326790680 	 13 	 200 	 2376 	 0
1787326790814 	 164 	 200 	 2377 	 0
1787326791219 	 13 	 200 	 2378 	 0
1787326791440 	 16 	 200 	 2380 	 1
1787326791450 	 13 	 200 	 2380 	 0
1787326791497 	 24 	 200 	 2381 	 0
1787326792502 	 22 	 200 	 2382 	 0
1787326792563 	 31 	 200 	 2383 	 0
1787326792794 	 13 	 200 	 2384 	 0
1787326793078 	 37 	 200 	 2387 	 2
1787326793098 	 21 	 200 	 2387 	 1
1787326793110 	 29 	 200 	 2387 	 0
1787326793483 	 32 	 200 	 2388 	 0
1787326793606 	 14 	 200 	 2389 	 0
1787326793823 	 31 	 200 	 2390 	 0
1787326794205 	 36 	 200 	 2391 	 0
1787326794633 	 16 	 200 	 2392 	 0
1787326794758 	 18 	 200 	 2393 	 0
1787326795246 	 18 	 200 	 2394 	 0
1787326795376 	 33 	 200 	 2395 	 0
1787326795660 	 15 	 200 	 2396 	 0
1787326795683 	 13 	 200 	 2397 	 0
1787326796200 	 18 	 200 	 2398 	 0
1787326796232 	 14 	 200 	 2399 	 0
1787326796321 	 15 	 200 	 2400 	 0
1787326796441 	 13 	 200 	 2401 	 0
1787326796459 	 15 	 200 	 2402 	 0
1787326796512 	 17 	 200 	 2403 	 0
1787326796862 	 36 	 200 	 2405 	 1
1787326796889 	 28 	 200 	 2405 	 0
1787326797000 	 26 	 200 	 2406 	 0
1787326797910 	 32 	 200 	 2407 	 0
1787326797983 	 13 	 200 	 2409 	 1
1787326797986 	 12 	 200 	 2409 	 0
1787326798067 	 13 	 200 	 2410 	 0
1787326798152 	 32 	 200 	 2412 	 1
1787326798185 	 14 	 200 	 2412 	 0
1787326798214 	 13 	 200 	 2413 	 0
1787326798976 	 40 	 200 	 2414 	 0
1787326799719 	 17 	 200 	 2415 	 0
1787326799806 	 12 	 200 	 2416 	 0
1787326799831 	 13 	 200 	 2417 	 0
1787326799904 	 24 	 200 	 2419 	 1
1787326799924 	 14 	 200 	 2419 	 0
1787326800004 	 20 	 200 	 2421 	 1
1787326800012 	 15 	 200 	 2421 	 0
1787326800045 	 14 	 200 	 2423 	 1
1787326800047 	 18 	 200 	 2423 	 0
1787326800067 	 13 	 200 	 2424 	 0
1787326800172 	 16 	 200 	 2425 	 0
1787326800534 	 31 	 200 	 2426 	 0
1787326800641 	 31 	 200 	 2427 	 0
1787326800816 	 36 	 200 	 2429 	 1
1787326800848 	 31 	 200 	 2430 	 1
1787326800863 	 30 	 200 	 2430 	 0
1787326801183 	 17 	 200 	 2431 	 0
1787326801471 	 19 	 200 	 2432 	 0
1787326802189 	 34 	 200 	 2433 	 0
1787326802514 	 16 	 200 	 2434 	 0
1787326802568 	 26 	 200 	 2435 	 0
1787326802625 	 32 	 200 	 2436 	 0
1787326803168 	 17 	 200 	 2437 	 0
1787326803373 	 14 	 200 	 2438 	 0
1787326803459 	 18 	 200 	 2440 	 1
1787326803469 	 17 	 200 	 2440 	 0
1787326803714 	 16 	 200 	 2441 	 0
1787326804209 	 19 	 200 	 2442 	 0
1787326804266 	 12 	 200 	 2443 	 0
1787326804443 	 12 	 200 	 2444 	 0
1787326804602 	 12 	 200 	 2445 	 0
1787326804937 	 39 	 200 	 2447 	 1
1787326804962 	 17 	 200 	 2447 	 0
1787326805450 	 36 	 200 	 2448 	 0
1787326805537 	 25 	 200 	 2449 	 0
1787326805870 	 37 	 200 	 2450 	 0
1787326806302 	 15 	 200 	 2451 	 0
1787326806759 	 28 	 200 	 2452 	 0
1787326807046 	 14 	 200 	 2453 	 0
1787326807239 	 19 	 200 	 2455 	 1
1787326807244 	 19 	 200 	 2455 	 0
1787326807519 	 26 	 200 	 2457 	 1
1787326807532 	 17 	 200 	 2457 	 0
1787326807860 	 26 	 200 	 2458 	 0
1787326807889 	 14 	 200 	 2460 	 1
1787326807890 	 23 	 200 	 2460 	 0
1787326807937 	 13 	 200 	 2462 	 1
1787326807946 	 13 	 200 	 2462 	 0
1787326807967 	 12 	 200 	 2463 	 0
1787326808209 	 292 	 200 	 2464 	 0
1787326808578 	 21 	 200 	 2465 	 0
1787326809372 	 12 	 200 	 2466 	 0
1787326809481 	 14 	 200 	 2467 	 0
1787326809643 	 13 	 200 	 2468 	 0
1787326809730 	 17 	 200 	 2469 	 0
1787326809826 	 14 	 200 	 2470 	 0
1787326809910 	 13 	 200 	 2472 	 1
1787326809915 	 19 	 200 	 2472 	 0
1787326810419 	 15 	 200 	 2473 	 0
1787326810567 	 19 	 200 	 2474 	 0
1787326810752 	 17 	 200 	 2475 	 0
1787326810897 	 27 	 200 	 2476 	 0
1787326811186 	 14 	 200 	 2477 	 0
1787326811258 	 15 	 200 	 2478 	 0
1787326811382 	 16 	 200 	 2479 	 0
1787326811407 	 14 	 200 	 2480 	 0
1787326811850 	 33 	 200 	 2481 	 0
1787326811886 	 21 	 200 	 2482 	 0
1787326811954 	 17 	 200 	 2483 	 0
1787326812039 	 16 	 200 	 2484 	 0
1787326812442 	 21 	 200 	 2485 	 0
1787326812574 	 14 	 200 	 2486 	 0
1787326812735 	 22 	 200 	 2487 	 0
1787326812776 	 13 	 200 	 2488 	 0
1787326813129 	 39 	 200 	 2490 	 1
1787326813161 	 15 	 200 	 2490 	 0
1787326813183 	 16 	 200 	 2491 	 0
1787326813310 	 13 	 200 	 2492 	 0
1787326813343 	 14 	 200 	 2493 	 0
1787326814831 	 15 	 200 	 2494 	 0
1787326815187 	 70 	 200 	 2495 	 0
1787326815357 	 12 	 200 	 2496 	 0
1787326816066 	 16 	 200 	 2497 	 0
1787326816544 	 13 	 200 	 2498 	 0
1787326816735 	 35 	 200 	 2499 	 0
1787326816917 	 36 	 200 	 2500 	 0
1787326817087 	 14 	 200 	 2501 	 0
1787326817258 	 19 	 200 	 2503 	 1
1787326817255 	 21 	 200 	 2503 	 0
1787326817433 	 18 	 200 	 2504 	 0
1787326817541 	 13 	 200 	 2505 	 0
1787326817608 	 16 	 200 	 2506 	 0
1787326817679 	 15 	 200 	 2507 	 0
1787326817820 	 17 	 200 	 2508 	 0
1787326818026 	 36 	 200 	 2509 	 0
1787326818181 	 16 	 200 	 2510 	 0
1787326818314 	 14 	 200 	 2511 	 0
1787326818374 	 25 	 200 	 2512 	 0
1787326818402 	 13 	 200 	 2513 	 0
1787326818434 	 19 	 200 	 2514 	 0
1787326818572 	 13 	 200 	 2515 	 0
1787326818690 	 20 	 200 	 2516 	 0
1787326818760 	 12 	 200 	 2517 	 0
1787326818805 	 14 	 200 	 2518 	 0
1787326819349 	 15 	 200 	 2519 	 0
1787326819496 	 24 	 200 	 2521 	 1
1787326819517 	 15 	 200 	 2521 	 0
1787326819876 	 18 	 200 	 2522 	 0
1787326820111 	 18 	 200 	 2523 	 0
1787326820202 	 24 	 200 	 2524 	 0
1787326820241 	 13 	 200 	 2525 	 0
1787326820515 	 17 	 200 	 2526 	 0
1787326820719 	 22 	 200 	 2528 	 1
1787326820717 	 31 	 200 	 2528 	 0
1787326820782 	 14 	 200 	 2529 	 0
1787326820846 	 16 	 200 	 2530 	 0
1787326821219 	 18 	 200 	 2531 	 0
1787326821475 	 13 	 200 	 2532 	 0
1787326821759 	 15 	 200 	 2533 	 0
1787326821863 	 18 	 200 	 2534 	 0
1787326822111 	 15 	 200 	 2535 	 0
1787326822192 	 15 	 200 	 2536 	 0
1787326822274 	 12 	 200 	 2537 	 0
1787326822695 	 34 	 200 	 2538 	 0
1787326822955 	 37 	 200 	 2539 	 0
1787326824148 	 27 	 200 	 2540 	 0
1787326824481 	 19 	 200 	 2541 	 0
1787326824565 	 34 	 200 	 2542 	 0
1787326824613 	 45 	 200 	 2543 	 0
1787326824694 	 13 	 200 	 2544 	 0
1787326824752 	 15 	 200 	 2545 	 0
1787326824782 	 16 	 200 	 2546 	 0
1787326824825 	 13 	 200 	 2547 	 0
1787326824846 	 12 	 200 	 2548 	 0
1787326824962 	 23 	 200 	 2549 	 0
1787326825205 	 22 	 200 	 2550 	 0
1787326825323 	 12 	 200 	 2551 	 0
1787326825377 	 13 	 200 	 2552 	 0
1787326825568 	 26 	 200 	 2553 	 0
1787326825598 	 15 	 200 	 2554 	 0
1787326825655 	 17 	 200 	 2555 	 0
1787326825813 	 19 	 200 	 2556 	 0
1787326825838 	 13 	 200 	 2558 	 1
1787326825846 	 15 	 200 	 2558 	 0
1787326825999 	 23 	 200 	 2559 	 0
1787326826202 	 13 	 200 	 2560 	 0
1787326826356 	 34 	 200 	 2561 	 0
1787326826706 	 15 	 200 	 2562 	 0
1787326826933 	 13 	 200 	 2563 	 0
1787326827002 	 35 	 200 	 2564 	 0
1787326827123 	 14 	 200 	 2565 	 0
1787326827341 	 12 	 200 	 2566 	 0
1787326827685 	 31 	 200 	 2567 	 0
1787326828399 	 12 	 200 	 2568 	 0
1787326828444 	 15 	 200 	 2569 	 0
1787326828469 	 13 	 200 	 2570 	 0
1787326828584 	 17 	 200 	 2571 	 0
1787326828840 	 13 	 200 	 2572 	 0
1787326829198 	 39 	 200 	 2573 	 0
1787326829244 	 17 	 200 	 2575 	 1
1787326829257 	 15 	 200 	 2575 	 0
1787326829663 	 15 	 200 	 2576 	 0
1787326829723 	 15 	 200 	 2577 	 0
1787326830004 	 23 	 200 	 2578 	 0
1787326830050 	 14 	 200 	 2580 	 1
1787326830058 	 18 	 200 	 2580 	 0
1787326830357 	 20 	 200 	 2581 	 0
1787326831208 	 18 	 200 	 2583 	 1
1787326831217 	 19 	 200 	 2583 	 0
1787326831386 	 12 	 200 	 2584 	 0
1787326831608 	 14 	 200 	 2585 	 0
1787326831797 	 14 	 200 	 2586 	 0
1787326831890 	 17 	 200 	 2588 	 1
1787326831906 	 13 	 200 	 2588 	 0
1787326832051 	 33 	 200 	 2589 	 0
1787326832178 	 17 	 200 	 2591 	 1
1787326832188 	 14 	 200 	 2591 	 0
1787326832252 	 13 	 200 	 2592 	 0
1787326832558 	 32 	 200 	 2593 	 0
1787326832765 	 12 	 200 	 2594 	 0
1787326833304 	 33 	 200 	 2595 	 0
1787326833347 	 13 	 200 	 2596 	 0
1787326833786 	 14 	 200 	 2597 	 0
1787326833996 	 24 	 200 	 2598 	 0
1787326834384 	 19 	 200 	 2599 	 0
1787326834460 	 15 	 200 	 2600 	 0
1787326834997 	 26 	 200 	 2601 	 0
1787326835281 	 17 	 200 	 2602 	 0
1787326835593 	 56 	 200 	 2603 	 0
1787326835658 	 15 	 200 	 2604 	 0
1787326835766 	 15 	 200 	 2605 	 0
1787326835811 	 14 	 200 	 2606 	 0
1787326836253 	 15 	 200 	 2607 	 0
1787326836372 	 37 	 200 	 2608 	 0
1787326836432 	 14 	 200 	 2609 	 0
1787326836513 	 14 	 200 	 2610 	 0
1787326836778 	 15 	 200 	 2611 	 0
1787326836798 	 15 	 200 	 2612 	 0
1787326837313 	 22 	 200 	 2614 	 1
1787326837329 	 20 	 200 	 2614 	 0
1787326837779 	 14 	 200 	 2615 	 0
1787326837877 	 14 	 200 	 2616 	 0
1787326838008 	 19 	 200 	 2618 	 1
1787326838011 	 19 	 200 	 2618 	 0
1787326838390 	 19 	 200 	 2619 	 0
1787326838598 	 14 	 200 	 2620 	 0
1787326838776 	 13 	 200 	 2621 	 0
1787326838975 	 36 	 200 	 2622 	 0
1787326839183 	 14 	 200 	 2623 	 0
1787326839740 	 24 	 200 	 2624 	 0
1787326839789 	 17 	 200 	 2625 	 0
1787326839851 	 12 	 200 	 2626 	 0
1787326840108 	 34 	 200 	 2627 	 0
1787326840442 	 13 	 200 	 2628 	 0
1787326840583 	 20 	 200 	 2629 	 0
1787326840665 	 28 	 200 	 2630 	 0
1787326840761 	 23 	 200 	 2631 	 0
1787326840805 	 15 	 200 	 2632 	 0
1787326841061 	 30 	 200 	 2633 	 0
1787326841391 	 27 	 200 	 2634 	 0
1787326842301 	 69 	 200 	 2638 	 3
1787326841963 	 411 	 200 	 2638 	 2
1787326842344 	 38 	 200 	 2638 	 1
1787326842253 	 129 	 200 	 2638 	 0
1787326842470 	 18 	 200 	 2639 	 0
1787326842642 	 14 	 200 	 2640 	 0
1787326842669 	 12 	 200 	 2641 	 0
1787326842786 	 13 	 200 	 2642 	 0
1787326842829 	 32 	 200 	 2643 	 0
1787326842884 	 34 	 200 	 2645 	 1
1787326842910 	 31 	 200 	 2645 	 0
1787326843084 	 19 	 200 	 2648 	 2
1787326843085 	 18 	 200 	 2648 	 1
1787326843096 	 16 	 200 	 2648 	 0
1787326843127 	 13 	 200 	 2649 	 0
1787326843444 	 31 	 200 	 2650 	 0
1787326843616 	 13 	 200 	 2651 	 0
1787326843633 	 19 	 200 	 2652 	 0
1787326843670 	 16 	 200 	 2653 	 0
1787326843713 	 16 	 200 	 2655 	 1
1787326843710 	 20 	 200 	 2655 	 0
1787326844087 	 34 	 200 	 2656 	 0
1787326844766 	 12 	 200 	 2657 	 0
1787326845130 	 18 	 200 	 2658 	 0
1787326845283 	 13 	 200 	 2659 	 0
1787326845307 	 16 	 200 	 2660 	 0
1787326845512 	 12 	 200 	 2661 	 0
1787326845614 	 13 	 200 	 2662 	 0
1787326845655 	 13 	 200 	 2663 	 0
1787326845738 	 15 	 200 	 2664 	 0
1787326846183 	 13 	 200 	 2665 	 0
1787326846209 	 14 	 200 	 2666 	 0
1787326846453 	 15 	 200 	 2667 	 0
1787326846832 	 32 	 200 	 2668 	 0
1787326847235 	 25 	 200 	 2669 	 0
1787326847519 	 20 	 200 	 2670 	 0
1787326847591 	 14 	 200 	 2671 	 0
1787326847864 	 33 	 200 	 2672 	 0
1787326847930 	 13 	 200 	 2673 	 0
1787326848051 	 23 	 200 	 2674 	 0
1787326848444 	 14 	 200 	 2675 	 0
1787326848459 	 13 	 200 	 2676 	 0
1787326848691 	 19 	 200 	 2677 	 0
1787326848782 	 12 	 200 	 2678 	 0
1787326848854 	 41 	 200 	 2679 	 0
1787326848970 	 34 	 200 	 2680 	 0
1787326849035 	 17 	 200 	 2681 	 0
1787326849186 	 32 	 200 	 2682 	 0
1787326849376 	 16 	 200 	 2683 	 0
1787326849521 	 15 	 200 	 2684 	 0
1787326849841 	 38 	 200 	 2685 	 0
1787326849983 	 32 	 200 	 2686 	 0
1787326850060 	 13 	 200 	 2687 	 0
1787326850118 	 14 	 200 	 2688 	 0
1787326850526 	 30 	 200 	 2690 	 1
1787326850534 	 30 	 200 	 2690 	 0
1787326850641 	 16 	 200 	 2691 	 0
1787326850668 	 13 	 200 	 2692 	 0
1787326850858 	 41 	 200 	 2694 	 1
1787326850878 	 24 	 200 	 2694 	 0
1787326851255 	 17 	 200 	 2695 	 0
1787326851592 	 14 	 200 	 2696 	 0
1787326851680 	 16 	 200 	 2697 	 0
1787326851702 	 20 	 200 	 2698 	 0
1787326851727 	 14 	 200 	 2699 	 0
1787326852291 	 29 	 200 	 2700 	 0
1787326852434 	 34 	 200 	 2701 	 0
1787326852835 	 17 	 200 	 2702 	 0
1787326852874 	 35 	 200 	 2703 	 0
1787326853045 	 15 	 200 	 2704 	 0
1787326853234 	 20 	 200 	 2705 	 0
1787326853759 	 12 	 200 	 2706 	 0
1787326853925 	 20 	 200 	 2707 	 0
1787326854068 	 32 	 200 	 2708 	 0
1787326855281 	 15 	 200 	 2709 	 0
1787326855339 	 27 	 200 	 2711 	 1
1787326855350 	 24 	 200 	 2711 	 0
1787326855555 	 26 	 200 	 2712 	 0
1787326855661 	 13 	 200 	 2713 	 0
1787326855917 	 38 	 200 	 2714 	 0
1787326856484 	 14 	 200 	 2715 	 0
1787326857387 	 15 	 200 	 2716 	 0
1787326858231 	 14 	 200 	 2717 	 0
1787326858918 	 33 	 200 	 2718 	 0
1787326859028 	 13 	 200 	 2719 	 0
1787326859077 	 28 	 200 	 2720 	 0
1787326859237 	 27 	 200 	 2721 	 0
1787326859414 	 21 	 200 	 2723 	 1
1787326859431 	 17 	 200 	 2723 	 0
1787326859551 	 15 	 200 	 2724 	 0
1787326859658 	 14 	 200 	 2725 	 0
1787326859976 	 12 	 200 	 2726 	 0
1787326860030 	 39 	 200 	 2727 	 0
1787326860297 	 14 	 200 	 2728 	 0
1787326860361 	 13 	 200 	 2729 	 0
1787326860454 	 13 	 200 	 2730 	 0
1787326860543 	 17 	 200 	 2731 	 0
1787326860889 	 36 	 200 	 2732 	 0
1787326860983 	 30 	 200 	 2733 	 0
1787326861116 	 15 	 200 	 2734 	 0
1787326861237 	 17 	 200 	 2735 	 0
1787326861384 	 17 	 200 	 2736 	 0
1787326861427 	 14 	 200 	 2737 	 0
1787326862348 	 14 	 200 	 2738 	 0
1787326862423 	 22 	 200 	 2739 	 0
1787326862508 	 31 	 200 	 2740 	 0
1787326862566 	 29 	 200 	 2741 	 0
1787326862977 	 38 	 200 	 2742 	 0
1787326863259 	 14 	 200 	 2743 	 0
1787326863413 	 12 	 200 	 2744 	 0
1787326863616 	 22 	 200 	 2745 	 0
1787326864000 	 32 	 200 	 2746 	 0
1787326864218 	 14 	 200 	 2747 	 0
1787326864347 	 22 	 200 	 2748 	 0
1787326864379 	 12 	 200 	 2749 	 0
1787326864708 	 14 	 200 	 2750 	 0
1787326864848 	 15 	 200 	 2751 	 0
1787326864926 	 34 	 200 	 2752 	 0
1787326865308 	 12 	 200 	 2753 	 0
1787326865438 	 14 	 200 	 2754 	 0
1787326865667 	 33 	 200 	 2756 	 1
1787326865685 	 29 	 200 	 2756 	 0
1787326865800 	 30 	 200 	 2757 	 0
1787326866139 	 57 	 200 	 2758 	 0
1787326866231 	 21 	 200 	 2759 	 0
1787326866404 	 24 	 200 	 2761 	 1
1787326866414 	 16 	 200 	 2761 	 0
1787326866523 	 14 	 200 	 2762 	 0
1787326866649 	 32 	 200 	 2763 	 0
1787326866754 	 18 	 200 	 2764 	 0
1787326867017 	 17 	 200 	 2765 	 0
1787326867879 	 28 	 200 	 2766 	 0
1787326867992 	 39 	 200 	 2768 	 1
1787326868024 	 32 	 200 	 2770 	 2
1787326868037 	 20 	 200 	 2770 	 1
1787326868048 	 14 	 200 	 2770 	 0
1787326868064 	 12 	 200 	 2771 	 0
1787326868242 	 15 	 200 	 2773 	 1
1787326868256 	 12 	 200 	 2773 	 0
1787326868479 	 25 	 200 	 2774 	 0
1787326868729 	 13 	 200 	 2775 	 0
1787326869094 	 28 	 200 	 2777 	 1
1787326869119 	 12 	 200 	 2777 	 0
1787326869391 	 14 	 200 	 2778 	 0
1787326870218 	 16 	 200 	 2779 	 0
1787326870516 	 13 	 200 	 2780 	 0
1787326870576 	 14 	 200 	 2781 	 0
1787326871060 	 21 	 200 	 2782 	 0
1787326871434 	 46 	 200 	 2783 	 0
1787326871498 	 14 	 200 	 2784 	 0
1787326871781 	 14 	 200 	 2785 	 0
1787326872118 	 25 	 200 	 2786 	 0
1787326872937 	 13 	 200 	 2787 	 0
1787326872972 	 15 	 200 	 2788 	 0
1787326873200 	 27 	 200 	 2790 	 1
1787326873213 	 27 	 200 	 2790 	 0
1787326874225 	 14 	 200 	 2791 	 0
1787326874861 	 29 	 200 	 2792 	 0
1787326875199 	 37 	 200 	 2793 	 0
1787326875525 	 40 	 200 	 2794 	 0
1787326875748 	 16 	 200 	 2795 	 0
1787326876025 	 34 	 200 	 2796 	 0
1787326876416 	 13 	 200 	 2797 	 0
1787326876812 	 20 	 200 	 2798 	 0
1787326877069 	 38 	 200 	 2800 	 1
1787326877104 	 28 	 200 	 2800 	 0
1787326877794 	 13 	 200 	 2801 	 0
1787326877859 	 36 	 200 	 2802 	 0
1787326877959 	 13 	 200 	 2803 	 0
1787326878045 	 19 	 200 	 2804 	 0
1787326878585 	 41 	 200 	 2806 	 1
1787326878626 	 18 	 200 	 2806 	 0
1787326878722 	 15 	 200 	 2807 	 0
1787326878833 	 13 	 200 	 2808 	 0
1787326879439 	 13 	 200 	 2810 	 1
1787326879446 	 19 	 200 	 2810 	 0
1787326879467 	 13 	 200 	 2811 	 0
1787326879493 	 14 	 200 	 2812 	 0
1787326879749 	 20 	 200 	 2814 	 1
1787326879769 	 14 	 200 	 2814 	 0
1787326880523 	 38 	 200 	 2815 	 0
1787326880607 	 16 	 200 	 2816 	 0
1787326880738 	 19 	 200 	 2818 	 1
1787326880738 	 23 	 200 	 2818 	 0
1787326880790 	 15 	 200 	 2819 	 0
1787326881329 	 31 	 200 	 2820 	 0
1787326881526 	 30 	 200 	 2821 	 0
1787326881625 	 15 	 200 	 2822 	 0
1787326881851 	 25 	 200 	 2823 	 0
1787326881910 	 19 	 200 	 2824 	 0
1787326881972 	 21 	 200 	 2825 	 0
1787326882876 	 40 	 200 	 2827 	 1
1787326882863 	 73 	 200 	 2827 	 0
1787326883080 	 32 	 200 	 2828 	 0
1787326883310 	 24 	 200 	 2829 	 0
1787326883646 	 13 	 200 	 2830 	 0
1787326883901 	 22 	 200 	 2831 	 0
1787326884264 	 15 	 200 	 2832 	 0
1787326884323 	 16 	 200 	 2834 	 1
1787326884323 	 24 	 200 	 2834 	 0
1787326884571 	 17 	 200 	 2835 	 0
1787326885076 	 45 	 200 	 2836 	 0
1787326885171 	 18 	 200 	 2837 	 0
1787326885450 	 23 	 200 	 2838 	 0
1787326885557 	 14 	 200 	 2839 	 0
1787326885661 	 33 	 200 	 2840 	 0
1787326886876 	 33 	 200 	 2841 	 0
1787326887648 	 17 	 200 	 2842 	 0
1787326887987 	 25 	 200 	 2843 	 0
1787326888576 	 24 	 200 	 2844 	 0
1787326888657 	 17 	 200 	 2846 	 1
1787326888672 	 16 	 200 	 2846 	 0
1787326888788 	 12 	 200 	 2847 	 0
1787326888835 	 32 	 200 	 2848 	 0
1787326889048 	 16 	 200 	 2849 	 0
1787326889224 	 32 	 200 	 2850 	 0
1787326889484 	 13 	 200 	 2851 	 0
1787326889499 	 13 	 200 	 2852 	 0
1787326889867 	 13 	 200 	 2853 	 0
1787326890116 	 23 	 200 	 2854 	 0
1787326890143 	 12 	 200 	 2855 	 0
1787326890577 	 26 	 200 	 2856 	 0
1787326891061 	 36 	 200 	 2857 	 0
1787326891121 	 37 	 200 	 2858 	 0
1787326891219 	 13 	 200 	 2859 	 0
1787326891260 	 12 	 200 	 2860 	 0
1787326891280 	 12 	 200 	 2861 	 0
1787326891550 	 31 	 200 	 2863 	 1
1787326891553 	 31 	 200 	 2863 	 0
1787326891642 	 16 	 200 	 2864 	 0
1787326891824 	 19 	 200 	 2865 	 0
1787326891914 	 14 	 200 	 2866 	 0
1787326892130 	 28 	 200 	 2868 	 1
1787326892157 	 16 	 200 	 2868 	 0
1787326892268 	 12 	 200 	 2869 	 0
1787326892345 	 28 	 200 	 2871 	 1
1787326892351 	 26 	 200 	 2871 	 0
1787326892577 	 13 	 200 	 2872 	 0
1787326892841 	 28 	 200 	 2874 	 1
1787326892853 	 29 	 200 	 2874 	 0
1787326893019 	 13 	 200 	 2875 	 0
1787326893266 	 15 	 200 	 2876 	 0
1787326893292 	 14 	 200 	 2877 	 0
1787326893558 	 14 	 200 	 2878 	 0
1787326893742 	 14 	 200 	 2879 	 0
1787326893759 	 12 	 200 	 2880 	 0
1787326893977 	 39 	 200 	 2881 	 0
1787326894366 	 37 	 200 	 2882 	 0
1787326894569 	 14 	 200 	 2883 	 0
1787326894911 	 23 	 200 	 2884 	 0
1787326895198 	 17 	 200 	 2885 	 0
1787326895265 	 15 	 200 	 2886 	 0
1787326895320 	 13 	 200 	 2887 	 0
1787326895396 	 26 	 200 	 2889 	 1
1787326895399 	 29 	 200 	 2889 	 0
1787326895481 	 13 	 200 	 2890 	 0
1787326895712 	 22 	 200 	 2891 	 0
1787326896022 	 14 	 200 	 2892 	 0
1787326896465 	 15 	 200 	 2893 	 0
1787326896695 	 14 	 200 	 2894 	 0
1787326897075 	 25 	 200 	 2895 	 0
1787326897417 	 13 	 200 	 2896 	 0
1787326897621 	 22 	 200 	 2897 	 0
1787326897754 	 14 	 200 	 2898 	 0
1787326897805 	 26 	 200 	 2899 	 0
1787326897946 	 40 	 200 	 2900 	 0
1787326898612 	 24 	 200 	 2901 	 0
1787326898672 	 13 	 200 	 2902 	 0
1787326898707 	 14 	 200 	 2903 	 0
1787326899118 	 27 	 200 	 2904 	 0
1787326899378 	 23 	 200 	 2906 	 1
1787326899367 	 38 	 200 	 2906 	 0
1787326899620 	 30 	 200 	 2908 	 1
1787326899628 	 31 	 200 	 2909 	 1
1787326899655 	 15 	 200 	 2909 	 0
1787326899763 	 12 	 200 	 2910 	 0
1787326900029 	 25 	 200 	 2911 	 0
1787326900089 	 14 	 200 	 2912 	 0
1787326900354 	 13 	 200 	 2913 	 0
1787326900441 	 13 	 200 	 2914 	 0
1787326900823 	 15 	 200 	 2915 	 0
1787326901425 	 13 	 200 	 2916 	 0
1787326901657 	 14 	 200 	 2917 	 0
1787326901757 	 13 	 200 	 2918 	 0
1787326901819 	 14 	 200 	 2919 	 0
1787326902242 	 24 	 200 	 2920 	 0
1787326902490 	 14 	 200 	 2921 	 0
1787326902693 	 14 	 200 	 2922 	 0
1787326903594 	 13 	 200 	 2923 	 0
1787326903681 	 14 	 200 	 2924 	 0
1787326904128 	 32 	 200 	 2925 	 0
1787326904680 	 13 	 200 	 2926 	 0
1787326904935 	 22 	 200 	 2927 	 0
1787326905028 	 19 	 200 	 2928 	 0
1787326905458 	 14 	 200 	 2929 	 0
1787326906148 	 28 	 200 	 2930 	 0
1787326906202 	 13 	 200 	 2931 	 0
1787326906317 	 13 	 200 	 2933 	 1
1787326906321 	 22 	 200 	 2933 	 0
1787326906348 	 15 	 200 	 2934 	 0
1787326906443 	 15 	 200 	 2935 	 0
1787326906578 	 24 	 200 	 2936 	 0
1787326906923 	 16 	 200 	 2937 	 0
1787326906948 	 12 	 200 	 2938 	 0
1787326907431 	 15 	 200 	 2940 	 1
1787326907443 	 15 	 200 	 2940 	 0
1787326908034 	 15 	 200 	 2941 	 0
1787326908072 	 14 	 200 	 2942 	 0
1787326908128 	 38 	 200 	 2943 	 0
1787326908254 	 14 	 200 	 2945 	 1
1787326908257 	 60 	 200 	 2945 	 0
1787326908774 	 14 	 200 	 2946 	 0
1787326909297 	 20 	 200 	 2949 	 2
1787326909303 	 18 	 200 	 2949 	 1
1787326909307 	 23 	 200 	 2949 	 0
1787326909409 	 19 	 200 	 2950 	 0
1787326909498 	 13 	 200 	 2951 	 0
1787326909666 	 34 	 200 	 2952 	 0
1787326910009 	 22 	 200 	 2953 	 0
1787326910146 	 18 	 200 	 2954 	 0
1787326910194 	 15 	 200 	 2955 	 0
1787326910357 	 36 	 200 	 2956 	 0
1787326910763 	 13 	 200 	 2957 	 0
1787326910875 	 40 	 200 	 2959 	 1
1787326910900 	 22 	 200 	 2959 	 0
1787326911003 	 15 	 200 	 2960 	 0
1787326911260 	 13 	 200 	 2961 	 0
1787326911843 	 33 	 200 	 2962 	 0
1787326911887 	 13 	 200 	 2963 	 0
1787326911959 	 15 	 200 	 2964 	 0
1787326912369 	 22 	 200 	 2965 	 0
1787326912403 	 14 	 200 	 2966 	 0
1787326912872 	 22 	 200 	 2967 	 0
1787326913173 	 39 	 200 	 2968 	 0
1787326913424 	 13 	 200 	 2970 	 1
1787326913433 	 14 	 200 	 2970 	 0
1787326913502 	 13 	 200 	 2971 	 0
1787326913704 	 27 	 200 	 2972 	 0
1787326913947 	 13 	 200 	 2973 	 0
1787326914192 	 14 	 200 	 2974 	 0
1787326914373 	 16 	 200 	 2975 	 0
1787326914471 	 19 	 200 	 2976 	 0
1787326914661 	 20 	 200 	 2977 	 0
1787326914889 	 32 	 200 	 2978 	 0
1787326914939 	 34 	 200 	 2979 	 0
1787326915265 	 13 	 200 	 2980 	 0
1787326915521 	 14 	 200 	 2981 	 0
1787326915681 	 21 	 200 	 2983 	 1
1787326915692 	 22 	 200 	 2983 	 0
1787326916119 	 14 	 200 	 2984 	 0
1787326916434 	 34 	 200 	 2985 	 0
1787326916530 	 14 	 200 	 2986 	 0
1787326916613 	 16 	 200 	 2987 	 0
1787326917314 	 20 	 200 	 2988 	 0
1787326917345 	 15 	 200 	 2989 	 0
1787326917818 	 14 	 200 	 2990 	 0
1787326918301 	 22 	 200 	 2991 	 0
1787326918361 	 28 	 200 	 2993 	 1
1787326918381 	 15 	 200 	 2993 	 0
1787326919248 	 14 	 200 	 2994 	 0
1787326919293 	 120 	 200 	 2995 	 0
1787326919554 	 28 	 200 	 2996 	 0
1787326919735 	 34 	 200 	 2997 	 0
1787326920114 	 17 	 200 	 2998 	 0
1787326920269 	 15 	 200 	 2999 	 0
1787326920465 	 31 	 200 	 3000 	 0