1787327528796 	 26 	 200 	 1 	 0
1787327529061 	 12 	 200 	 2 	 0
1787327529180 	 24 	 200 	 4 	 1
1787327529195 	 13 	 200 	 4 	 0
1787327529343 	 21 	 200 	 5 	 0
1787327529540 	 14 	 200 	 6 	 0
1787327529942 	 26 	 200 	 7 	 0
1787327530083 	 15 	 200 	 8 	 0
1787327530603 	 27 	 200 	 9 	 0
1787327530667 	 30 	 200 	 10 	 0
1787327530706 	 13 	 200 	 11 	 0
1787327531411 	 15 	 200 	 12 	 0
1787327531618 	 18 	 200 	 13 	 0
1787327531653 	 13 	 200 	 14 	 0
1787327531777 	 13 	 200 	 15 	 0
1787327532037 	 36 	 200 	 16 	 0
1787327532097 	 24 	 200 	 17 	 0
1787327532550 	 33 	 200 	 18 	 0
1787327532916 	 14 	 200 	 19 	 0
1787327533215 	 13 	 200 	 20 	 0
1787327533454 	 17 	 200 	 21 	 0
1787327534037 	 29 	 200 	 22 	 0
1787327534414 	 21 	 200 	 23 	 0
1787327535198 	 14 	 200 	 24 	 0
1787327535420 	 13 	 200 	 26 	 1
1787327535433 	 14 	 200 	 26 	 0
1787327535646 	 15 	 200 	 27 	 0
1787327535882 	 31 	 200 	 28 	 0
1787327535946 	 33 	 200 	 29 	 0
1787327536533 	 18 	 200 	 30 	 0
1787327536878 	 30 	 200 	 31 	 0
1787327537071 	 14 	 200 	 32 	 0
1787327537482 	 17 	 200 	 33 	 0
1787327537630 	 14 	 200 	 34 	 0
1787327537688 	 18 	 200 	 35 	 0
1787327537831 	 38 	 200 	 36 	 0
1787327537887 	 14 	 200 	 37 	 0
1787327537921 	 15 	 200 	 38 	 0
1787327538157 	 15 	 200 	 39 	 0
1787327538642 	 18 	 200 	 40 	 0
1787327539092 	 33 	 200 	 41 	 0
1787327539223 	 34 	 200 	 42 	 0
1787327539299 	 17 	 200 	 43 	 0
1787327539536 	 13 	 200 	 44 	 0
1787327539575 	 25 	 200 	 45 	 0
1787327540248 	 13 	 200 	 46 	 0
1787327540490 	 13 	 200 	 47 	 0
1787327540620 	 14 	 200 	 48 	 0
1787327540770 	 13 	 200 	 49 	 0
1787327540996 	 22 	 200 	 50 	 0
1787327541089 	 20 	 200 	 51 	 0
1787327541178 	 19 	 200 	 53 	 1
1787327541175 	 22 	 200 	 53 	 0
1787327541299 	 28 	 200 	 54 	 0
1787327541997 	 25 	 200 	 55 	 0
1787327542356 	 20 	 200 	 56 	 0
1787327542566 	 28 	 200 	 57 	 0
1787327542633 	 14 	 200 	 58 	 0
1787327542689 	 18 	 200 	 59 	 0
1787327542778 	 14 	 200 	 60 	 0
1787327543066 	 14 	 200 	 62 	 1
1787327543287 	 22 	 200 	 63 	 1
1787327542961 	 352 	 200 	 63 	 0
1787327543544 	 42 	 200 	 65 	 1
1787327543570 	 24 	 200 	 65 	 0
1787327543650 	 14 	 200 	 66 	 0
1787327543722 	 17 	 200 	 67 	 0
1787327543816 	 15 	 200 	 68 	 0
1787327543945 	 26 	 200 	 69 	 0
1787327544054 	 36 	 200 	 70 	 0
1787327544571 	 17 	 200 	 71 	 0
1787327544709 	 19 	 200 	 72 	 0
1787327544932 	 13 	 200 	 73 	 0
1787327544990 	 50 	 200 	 74 	 0
1787327545197 	 21 	 200 	 75 	 0
1787327545305 	 16 	 200 	 76 	 0
1787327545633 	 14 	 200 	 77 	 0
1787327545804 	 27 	 200 	 78 	 0
1787327546052 	 15 	 200 	 79 	 0
1787327546084 	 12 	 200 	 80 	 0
1787327546362 	 17 	 200 	 81 	 0
1787327546551 	 36 	 200 	 83 	 1
1787327546575 	 31 	 200 	 83 	 0
1787327546653 	 40 	 200 	 84 	 0
1787327546818 	 19 	 200 	 85 	 0
1787327547069 	 24 	 200 	 86 	 0
1787327547507 	 20 	 200 	 87 	 0
1787327548016 	 36 	 200 	 88 	 0
1787327548514 	 15 	 200 	 89 	 0
1787327548709 	 12 	 200 	 90 	 0
1787327549138 	 23 	 200 	 91 	 0
1787327549271 	 14 	 200 	 92 	 0
1787327549436 	 14 	 200 	 93 	 0
1787327549451 	 15 	 200 	 94 	 0
1787327550095 	 15 	 200 	 95 	 0
1787327550410 	 13 	 200 	 96 	 0
1787327550579 	 19 	 200 	 97 	 0
1787327550989 	 13 	 200 	 98 	 0
1787327551667 	 15 	 200 	 100 	 1
1787327551678 	 17 	 200 	 100 	 0
1787327552228 	 28 	 200 	 101 	 0
1787327552291 	 13 	 200 	 102 	 0
1787327552430 	 13 	 200 	 103 	 0
1787327552890 	 29 	 200 	 104 	 0
1787327553471 	 16 	 200 	 105 	 0
1787327553519 	 14 	 200 	 106 	 0
1787327553685 	 25 	 200 	 107 	 0
1787327553880 	 37 	 200 	 108 	 0
1787327554341 	 15 	 200 	 109 	 0
1787327554769 	 14 	 200 	 110 	 0
1787327554863 	 51 	 200 	 111 	 0
1787327555017 	 14 	 200 	 112 	 0
1787327555092 	 30 	 200 	 113 	 0
1787327555395 	 24 	 200 	 114 	 0
1787327555420 	 17 	 200 	 115 	 0
1787327555634 	 13 	 200 	 116 	 0
1787327555791 	 15 	 200 	 117 	 0
1787327556323 	 34 	 200 	 118 	 0
1787327556379 	 13 	 200 	 119 	 0
1787327556684 	 135 	 200 	 120 	 0
1787327556946 	 30 	 200 	 121 	 0
1787327557268 	 17 	 200 	 122 	 0
1787327557520 	 19 	 200 	 123 	 0
1787327557676 	 16 	 200 	 124 	 0
1787327557842 	 25 	 200 	 125 	 1
1787327557869 	 13 	 200 	 126 	 0
1787327558150 	 13 	 200 	 127 	 0
1787327558275 	 14 	 200 	 128 	 0
1787327558427 	 14 	 200 	 129 	 0
1787327558626 	 24 	 200 	 130 	 0
1787327558667 	 14 	 200 	 131 	 0
1787327558874 	 18 	 200 	 132 	 0
1787327559098 	 14 	 200 	 133 	 0
1787327559550 	 14 	 200 	 134 	 0
1787327559621 	 14 	 200 	 135 	 0
1787327559650 	 15 	 200 	 136 	 0
1787327559716 	 15 	 200 	 137 	 0
1787327560076 	 32 	 200 	 138 	 0
1787327560613 	 12 	 200 	 139 	 0
1787327560721 	 14 	 200 	 140 	 0
1787327560754 	 14 	 200 	 141 	 0
1787327560979 	 37 	 200 	 142 	 0
1787327561061 	 13 	 200 	 143 	 0
1787327561215 	 18 	 200 	 144 	 0
1787327561244 	 25 	 200 	 145 	 0
1787327562040 	 16 	 200 	 146 	 0
1787327562272 	 17 	 200 	 147 	 0
1787327562328 	 14 	 200 	 149 	 1
1787327562331 	 14 	 200 	 149 	 0
1787327562470 	 16 	 200 	 150 	 0
1787327562696 	 13 	 200 	 151 	 0
1787327562758 	 13 	 200 	 152 	 0
1787327562890 	 25 	 200 	 153 	 0
1787327562971 	 33 	 200 	 154 	 0
1787327563535 	 19 	 200 	 155 	 0
1787327563578 	 21 	 200 	 156 	 0
1787327564080 	 39 	 200 	 157 	 0
1787327564312 	 14 	 200 	 158 	 0
1787327565087 	 15 	 200 	 159 	 0
1787327565331 	 15 	 200 	 160 	 0
1787327565410 	 13 	 200 	 161 	 0
1787327565597 	 28 	 200 	 162 	 0
1787327565697 	 12 	 200 	 163 	 0
1787327565743 	 12 	 200 	 164 	 0
1787327566125 	 32 	 200 	 166 	 1
1787327566136 	 22 	 200 	 166 	 0
1787327566732 	 14 	 200 	 168 	 1
1787327566734 	 15 	 200 	 168 	 0
1787327567009 	 39 	 200 	 169 	 0
1787327567503 	 24 	 200 	 170 	 0
1787327567545 	 16 	 200 	 171 	 0
1787327568159 	 12 	 200 	 172 	 0
1787327568188 	 14 	 200 	 173 	 0
1787327568563 	 31 	 200 	 175 	 1
1787327568561 	 40 	 200 	 175 	 0
1787327568838 	 23 	 200 	 177 	 1
1787327568824 	 51 	 200 	 177 	 0
1787327569012 	 35 	 200 	 178 	 0
1787327569468 	 12 	 200 	 179 	 0
1787327569484 	 18 	 200 	 180 	 0
1787327570099 	 16 	 200 	 181 	 0
1787327570116 	 12 	 200 	 182 	 0
1787327570387 	 32 	 200 	 183 	 0
1787327570534 	 37 	 200 	 184 	 0
1787327570630 	 18 	 200 	 185 	 0
1787327570708 	 16 	 200 	 186 	 0
1787327570772 	 12 	 200 	 187 	 0
1787327570857 	 35 	 200 	 188 	 0
1787327571031 	 13 	 200 	 189 	 0
1787327571096 	 28 	 200 	 190 	 0
1787327571217 	 12 	 200 	 191 	 0
1787327571983 	 34 	 200 	 192 	 0
1787327572220 	 23 	 200 	 193 	 0
1787327572361 	 15 	 200 	 194 	 0
1787327572450 	 22 	 200 	 195 	 0
1787327572486 	 19 	 200 	 196 	 0
1787327572645 	 32 	 200 	 197 	 0
1787327572679 	 12 	 200 	 198 	 0
1787327573316 	 13 	 200 	 199 	 0
1787327573512 	 30 	 200 	 200 	 0
1787327573545 	 17 	 200 	 201 	 0
1787327573707 	 15 	 200 	 202 	 0
1787327574142 	 13 	 200 	 203 	 0
1787327574160 	 12 	 200 	 204 	 0
1787327574488 	 22 	 200 	 205 	 0
1787327574818 	 34 	 200 	 207 	 1
1787327574822 	 33 	 200 	 207 	 0
1787327574886 	 21 	 200 	 208 	 0
1787327575069 	 33 	 200 	 210 	 1
1787327575075 	 33 	 200 	 210 	 0
1787327575176 	 19 	 200 	 212 	 1
1787327575191 	 17 	 200 	 212 	 0
1787327575304 	 21 	 200 	 213 	 0
1787327575488 	 34 	 200 	 214 	 0
1787327575556 	 15 	 200 	 215 	 0
1787327575677 	 14 	 200 	 216 	 0
1787327576212 	 13 	 200 	 217 	 0
1787327576272 	 18 	 200 	 218 	 0
1787327576498 	 14 	 200 	 219 	 0
1787327576906 	 31 	 200 	 220 	 0
1787327576994 	 37 	 200 	 221 	 0
1787327578159 	 14 	 200 	 222 	 0
1787327578278 	 12 	 200 	 223 	 0
1787327578489 	 25 	 200 	 225 	 1
1787327578501 	 21 	 200 	 225 	 0
1787327578854 	 24 	 200 	 226 	 0
1787327578898 	 12 	 200 	 227 	 0
1787327578933 	 37 	 200 	 228 	 0
1787327579127 	 22 	 200 	 229 	 0
1787327579190 	 24 	 200 	 230 	 0
1787327579311 	 13 	 200 	 231 	 0
1787327579351 	 14 	 200 	 232 	 0
1787327579596 	 13 	 200 	 233 	 0
1787327579775 	 23 	 200 	 234 	 0
1787327579838 	 37 	 200 	 235 	 0
1787327579999 	 25 	 200 	 236 	 0
1787327580162 	 23 	 200 	 237 	 0
1787327580355 	 14 	 200 	 238 	 0
1787327580598 	 16 	 200 	 239 	 0
1787327580816 	 17 	 200 	 240 	 0
1787327580887 	 38 	 200 	 241 	 0
1787327581053 	 34 	 200 	 242 	 0
1787327581312 	 14 	 200 	 243 	 0
1787327581628 	 20 	 200 	 244 	 0
1787327581679 	 18 	 200 	 245 	 0
1787327582186 	 16 	 200 	 246 	 0
1787327582361 	 15 	 200 	 247 	 0
1787327582472 	 15 	 200 	 248 	 0
1787327582766 	 22 	 200 	 249 	 0
1787327583169 	 18 	 200 	 250 	 0
1787327583214 	 14 	 200 	 251 	 0
1787327583604 	 20 	 200 	 252 	 0
1787327583684 	 19 	 200 	 254 	 1
1787327583693 	 17 	 200 	 254 	 0
1787327583789 	 70 	 200 	 255 	 0
1787327583876 	 14 	 200 	 256 	 0
1787327583916 	 12 	 200 	 257 	 0
1787327584170 	 30 	 200 	 258 	 0
1787327584216 	 20 	 200 	 259 	 0
1787327584388 	 14 	 200 	 260 	 0
1787327585498 	 15 	 200 	 261 	 0
1787327585733 	 13 	 200 	 262 	 0
1787327586035 	 14 	 200 	 263 	 0
1787327586215 	 25 	 200 	 264 	 0
1787327586252 	 14 	 200 	 265 	 0
1787327586290 	 14 	 200 	 266 	 0
1787327586398 	 26 	 200 	 267 	 0
1787327586534 	 39 	 200 	 268 	 0
1787327586600 	 20 	 200 	 269 	 0
1787327586764 	 13 	 200 	 270 	 0
1787327586827 	 39 	 200 	 271 	 0
1787327586967 	 18 	 200 	 272 	 0
1787327587089 	 14 	 200 	 273 	 0
1787327587233 	 17 	 200 	 274 	 0
1787327587283 	 19 	 200 	 275 	 0
1787327587387 	 13 	 200 	 276 	 0
1787327587509 	 14 	 200 	 277 	 0
1787327588054 	 13 	 200 	 278 	 0
1787327588087 	 17 	 200 	 279 	 0
1787327588219 	 22 	 200 	 280 	 0
1787327588444 	 13 	 200 	 281 	 0
1787327588756 	 22 	 200 	 282 	 0
1787327588815 	 14 	 200 	 283 	 0
1787327588931 	 12 	 200 	 284 	 0
1787327589218 	 16 	 200 	 285 	 0
1787327589407 	 15 	 200 	 286 	 0
1787327589440 	 18 	 200 	 287 	 0
1787327589559 	 13 	 200 	 288 	 0
1787327589573 	 12 	 200 	 289 	 0
1787327589667 	 14 	 200 	 290 	 0
1787327589870 	 30 	 200 	 291 	 0
1787327590050 	 25 	 200 	 292 	 0
1787327590229 	 13 	 200 	 293 	 0
1787327590392 	 15 	 200 	 294 	 0
1787327590463 	 15 	 200 	 295 	 0
1787327591061 	 33 	 200 	 296 	 0
1787327591110 	 18 	 200 	 297 	 0
1787327591413 	 15 	 200 	 298 	 0
1787327591439 	 12 	 200 	 299 	 0
1787327591472 	 35 	 200 	 300 	 0
1787327591688 	 26 	 200 	 301 	 0
1787327593024 	 18 	 200 	 303 	 1
1787327593018 	 30 	 200 	 303 	 0
1787327593123 	 13 	 200 	 304 	 0
1787327593403 	 23 	 200 	 305 	 0
1787327593561 	 35 	 200 	 306 	 0
1787327593651 	 15 	 200 	 307 	 0
1787327594043 	 42 	 200 	 308 	 0
1787327594660 	 13 	 200 	 309 	 0
1787327594702 	 21 	 200 	 310 	 0
1787327595105 	 47 	 200 	 311 	 0
1787327595235 	 13 	 200 	 312 	 0
1787327595287 	 12 	 200 	 313 	 0
1787327595307 	 14 	 200 	 314 	 0
1787327595325 	 13 	 200 	 315 	 0
1787327595445 	 13 	 200 	 316 	 0
1787327595500 	 27 	 200 	 317 	 0
1787327595814 	 29 	 200 	 318 	 0
1787327595910 	 23 	 200 	 320 	 1
1787327595917 	 25 	 200 	 320 	 0
1787327596255 	 16 	 200 	 321 	 0
1787327596456 	 14 	 200 	 322 	 0
1787327596503 	 14 	 200 	 323 	 0
1787327596535 	 29 	 200 	 324 	 0
1787327596877 	 36 	 200 	 325 	 0
1787327597054 	 20 	 200 	 326 	 0
1787327597283 	 13 	 200 	 327 	 0
1787327597420 	 13 	 200 	 328 	 0
1787327598182 	 13 	 200 	 329 	 0
1787327598345 	 14 	 200 	 330 	 0
1787327598402 	 30 	 200 	 331 	 0
1787327598749 	 16 	 200 	 332 	 0
1787327598816 	 14 	 200 	 333 	 0
1787327598889 	 13 	 200 	 334 	 0
1787327599051 	 35 	 200 	 335 	 0
1787327599280 	 12 	 200 	 336 	 0
1787327599314 	 33 	 200 	 337 	 0
1787327599497 	 32 	 200 	 338 	 0
1787327599967 	 21 	 200 	 339 	 0
1787327600008 	 32 	 200 	 341 	 1
1787327600011 	 31 	 200 	 341 	 0
1787327600428 	 16 	 200 	 342 	 0
1787327600822 	 13 	 200 	 343 	 0
1787327601077 	 38 	 200 	 344 	 0
1787327601285 	 17 	 200 	 345 	 0
1787327601428 	 14 	 200 	 346 	 0
1787327601831 	 19 	 200 	 347 	 0
1787327601854 	 12 	 200 	 348 	 0
1787327602051 	 12 	 200 	 349 	 0
1787327602117 	 13 	 200 	 350 	 0
1787327602227 	 16 	 200 	 351 	 0
1787327602739 	 17 	 200 	 353 	 1
1787327602746 	 12 	 200 	 353 	 0
1787327603140 	 20 	 200 	 354 	 0
1787327603181 	 17 	 200 	 355 	 0
1787327603292 	 13 	 200 	 356 	 0
1787327603356 	 12 	 200 	 357 	 0
1787327603667 	 18 	 200 	 358 	 0
1787327603818 	 23 	 200 	 360 	 1
1787327603826 	 25 	 200 	 360 	 0
1787327603903 	 23 	 200 	 361 	 0
1787327604007 	 48 	 200 	 362 	 0
1787327604109 	 31 	 200 	 363 	 0
1787327604172 	 32 	 200 	 364 	 0
1787327604366 	 34 	 200 	 365 	 0
1787327604582 	 16 	 200 	 366 	 0
1787327604705 	 13 	 200 	 367 	 0
1787327604728 	 13 	 200 	 368 	 0
1787327604880 	 13 	 200 	 369 	 0
1787327604935 	 14 	 200 	 370 	 0
1787327605717 	 17 	 200 	 371 	 0
1787327605768 	 13 	 200 	 372 	 0
1787327605911 	 28 	 200 	 373 	 0
1787327606051 	 33 	 200 	 374 	 0
1787327606247 	 26 	 200 	 375 	 0
1787327606359 	 12 	 200 	 376 	 0
1787327606485 	 13 	 200 	 377 	 0
1787327606624 	 39 	 200 	 379 	 1
1787327606662 	 25 	 200 	 379 	 0
1787327606878 	 29 	 200 	 380 	 0
1787327607251 	 14 	 200 	 381 	 0
1787327607271 	 14 	 200 	 382 	 0
1787327607780 	 15 	 200 	 383 	 0
1787327608337 	 14 	 200 	 384 	 0
1787327608360 	 12 	 200 	 385 	 0
1787327608539 	 13 	 200 	 387 	 1
1787327608523 	 34 	 200 	 388 	 1
1787327608557 	 18 	 200 	 388 	 0
1787327608758 	 20 	 200 	 389 	 0
1787327608891 	 25 	 200 	 392 	 2
1787327608900 	 27 	 200 	 392 	 1
1787327608908 	 24 	 200 	 392 	 0
1787327609145 	 17 	 200 	 393 	 0
1787327609208 	 37 	 200 	 394 	 0
1787327609746 	 15 	 200 	 396 	 1
1787327609756 	 16 	 200 	 396 	 0
1787327610052 	 34 	 200 	 397 	 0
1787327610123 	 13 	 200 	 398 	 0
1787327610536 	 24 	 200 	 400 	 1
1787327610552 	 16 	 200 	 400 	 0
1787327610811 	 19 	 200 	 401 	 0
1787327611630 	 17 	 200 	 402 	 0
1787327611648 	 14 	 200 	 403 	 0
1787327611804 	 36 	 200 	 404 	 0
1787327611862 	 34 	 200 	 405 	 0
1787327612153 	 34 	 200 	 406 	 0
1787327612403 	 16 	 200 	 407 	 0
1787327612511 	 12 	 200 	 409 	 1
1787327612510 	 22 	 200 	 409 	 0
1787327613037 	 13 	 200 	 410 	 0
1787327613211 	 20 	 200 	 411 	 0
1787327613430 	 30 	 200 	 412 	 0
1787327613572 	 28 	 200 	 413 	 0
1787327613624 	 18 	 200 	 414 	 0
1787327613816 	 13 	 200 	 415 	 0
1787327614198 	 26 	 200 	 416 	 0
1787327614426 	 16 	 200 	 417 	 0
1787327614630 	 12 	 200 	 418 	 0
1787327615079 	 15 	 200 	 419 	 0
1787327615204 	 16 	 200 	 421 	 1
1787327615222 	 14 	 200 	 421 	 0
1787327615411 	 16 	 200 	 422 	 0
1787327615483 	 15 	 200 	 423 	 0
1787327615692 	 17 	 200 	 425 	 1
1787327615706 	 15 	 200 	 425 	 0
1787327615897 	 24 	 200 	 426 	 0
1787327616298 	 15 	 200 	 427 	 0
1787327616553 	 19 	 200 	 428 	 0
1787327616980 	 32 	 200 	 429 	 0
1787327617113 	 22 	 200 	 430 	 0
1787327617195 	 15 	 200 	 431 	 0
1787327617296 	 14 	 200 	 432 	 0
1787327617824 	 32 	 200 	 433 	 0
1787327617980 	 33 	 200 	 434 	 0
1787327618184 	 38 	 200 	 435 	 0
1787327618322 	 15 	 200 	 436 	 0
1787327618385 	 17 	 200 	 437 	 0
1787327618643 	 13 	 200 	 438 	 0
1787327618709 	 13 	 200 	 439 	 0
1787327618786 	 15 	 200 	 440 	 0
1787327618835 	 21 	 200 	 441 	 0
1787327618870 	 17 	 200 	 442 	 0
1787327619247 	 17 	 200 	 443 	 0
1787327619404 	 20 	 200 	 444 	 0
1787327619610 	 15 	 200 	 445 	 0
1787327619997 	 13 	 200 	 447 	 1
1787327619982 	 62 	 200 	 447 	 0
1787327620291 	 17 	 200 	 448 	 0
1787327620424 	 24 	 200 	 449 	 0
1787327620512 	 15 	 200 	 450 	 0
1787327620532 	 13 	 200 	 451 	 0
1787327620627 	 12 	 200 	 452 	 0
1787327621660 	 37 	 200 	 453 	 0
1787327621777 	 13 	 200 	 454 	 0
1787327621962 	 39 	 200 	 455 	 0
1787327622254 	 14 	 200 	 456 	 0
1787327622313 	 13 	 200 	 457 	 0
1787327622490 	 20 	 200 	 458 	 0
1787327622756 	 15 	 200 	 459 	 0
1787327623111 	 16 	 200 	 460 	 0
1787327623349 	 25 	 200 	 461 	 0
1787327623382 	 16 	 200 	 462 	 0
1787327623575 	 14 	 200 	 464 	 1
1787327623580 	 24 	 200 	 464 	 0
1787327623802 	 34 	 200 	 465 	 0
1787327623848 	 30 	 200 	 466 	 0
1787327624188 	 31 	 200 	 468 	 1
1787327624210 	 13 	 200 	 468 	 0
1787327624251 	 17 	 200 	 469 	 0
1787327624366 	 35 	 200 	 470 	 0
1787327624610 	 15 	 200 	 471 	 0
1787327624629 	 32 	 200 	 472 	 0
1787327624688 	 13 	 200 	 473 	 0
1787327624865 	 21 	 200 	 474 	 0
1787327625302 	 15 	 200 	 475 	 0
1787327625331 	 13 	 200 	 476 	 0
1787327626030 	 27 	 200 	 477 	 1
1787327626059 	 15 	 200 	 478 	 0
1787327627364 	 35 	 200 	 479 	 0
1787327627474 	 21 	 200 	 480 	 0
1787327627520 	 20 	 200 	 481 	 0
1787327627628 	 13 	 200 	 483 	 1
1787327627651 	 15 	 200 	 484 	 1
1787327627964 	 14 	 200 	 485 	 1
1787327627639 	 362 	 200 	 485 	 0
1787327628232 	 13 	 200 	 487 	 1
1787327628235 	 20 	 200 	 487 	 0
1787327628859 	 33 	 200 	 488 	 0
1787327628926 	 16 	 200 	 490 	 1
1787327628937 	 17 	 200 	 490 	 0
1787327629194 	 28 	 200 	 491 	 0
1787327629267 	 13 	 200 	 492 	 0
1787327629297 	 14 	 200 	 493 	 0
1787327629620 	 14 	 200 	 494 	 0
1787327629766 	 19 	 200 	 496 	 1
1787327629774 	 14 	 200 	 496 	 0
1787327629816 	 16 	 200 	 497 	 0
1787327630234 	 15 	 200 	 498 	 0
1787327630373 	 15 	 200 	 499 	 0
1787327630628 	 12 	 200 	 500 	 0
1787327630676 	 14 	 200 	 501 	 0
1787327631758 	 13 	 200 	 502 	 0
1787327631831 	 25 	 200 	 503 	 0
1787327632364 	 31 	 200 	 504 	 0
1787327632913 	 36 	 200 	 505 	 0
1787327632978 	 34 	 200 	 506 	 0
1787327633224 	 15 	 200 	 507 	 0
1787327633482 	 16 	 200 	 508 	 0
1787327633591 	 27 	 200 	 509 	 0
1787327633716 	 12 	 200 	 510 	 0
1787327633776 	 15 	 200 	 511 	 0
1787327633836 	 28 	 200 	 512 	 0
1787327633955 	 35 	 200 	 513 	 0
1787327634388 	 24 	 200 	 514 	 0
1787327634799 	 23 	 200 	 515 	 0
1787327634984 	 33 	 200 	 516 	 0
1787327635105 	 27 	 200 	 518 	 1
1787327635132 	 14 	 200 	 518 	 0
1787327635310 	 14 	 200 	 519 	 0
1787327635521 	 12 	 200 	 520 	 0
1787327635569 	 13 	 200 	 521 	 0
1787327635641 	 24 	 200 	 522 	 0
1787327635774 	 13 	 200 	 523 	 0
1787327636174 	 41 	 200 	 524 	 0
1787327636234 	 15 	 200 	 525 	 0
1787327636461 	 31 	 200 	 526 	 0
1787327636738 	 12 	 200 	 527 	 0
1787327637712 	 14 	 200 	 528 	 0
1787327637854 	 13 	 200 	 529 	 0
1787327637944 	 25 	 200 	 530 	 0
1787327637989 	 35 	 200 	 531 	 0
1787327638029 	 14 	 200 	 532 	 0
1787327638079 	 17 	 200 	 533 	 0
1787327638117 	 16 	 200 	 534 	 0
1787327638211 	 14 	 200 	 535 	 0
1787327639060 	 27 	 200 	 536 	 0
1787327639136 	 29 	 200 	 537 	 0
1787327639485 	 33 	 200 	 538 	 0
1787327639675 	 13 	 200 	 539 	 0
1787327639918 	 32 	 200 	 540 	 0
1787327640111 	 19 	 200 	 541 	 0
1787327640356 	 38 	 200 	 542 	 0
1787327640477 	 21 	 200 	 543 	 0
1787327640606 	 16 	 200 	 544 	 0
1787327640903 	 35 	 200 	 545 	 0
1787327640957 	 19 	 200 	 546 	 0
1787327641035 	 38 	 200 	 547 	 0
1787327641249 	 13 	 200 	 548 	 0
1787327641321 	 16 	 200 	 549 	 0
1787327641461 	 13 	 200 	 550 	 0
1787327641534 	 17 	 200 	 551 	 0
1787327641619 	 13 	 200 	 552 	 0
1787327641779 	 12 	 200 	 553 	 0
1787327641830 	 14 	 200 	 554 	 0
1787327641853 	 12 	 200 	 555 	 0
1787327641986 	 35 	 200 	 556 	 0
1787327642159 	 13 	 200 	 557 	 0
1787327642187 	 12 	 200 	 558 	 0
1787327642434 	 35 	 200 	 559 	 0
1787327642604 	 13 	 200 	 560 	 0
1787327643077 	 13 	 200 	 561 	 0
1787327643188 	 30 	 200 	 563 	 1
1787327643195 	 25 	 200 	 563 	 0
1787327643731 	 19 	 200 	 564 	 0
1787327643883 	 14 	 200 	 565 	 0
1787327644043 	 32 	 200 	 566 	 0
1787327644203 	 24 	 200 	 567 	 0
1787327644345 	 21 	 200 	 568 	 0
1787327644855 	 31 	 200 	 569 	 0
1787327644977 	 31 	 200 	 570 	 0
1787327645452 	 14 	 200 	 571 	 0
1787327646117 	 26 	 200 	 572 	 0
1787327646471 	 23 	 200 	 573 	 0
1787327646647 	 14 	 200 	 574 	 0
1787327646993 	 68 	 200 	 575 	 0
1787327647101 	 16 	 200 	 576 	 0
1787327647692 	 14 	 200 	 578 	 1
1787327647692 	 14 	 200 	 578 	 0
1787327647824 	 16 	 200 	 579 	 0
1787327647992 	 14 	 200 	 580 	 0
1787327648280 	 17 	 200 	 581 	 0
1787327648385 	 12 	 200 	 582 	 0
1787327648504 	 35 	 200 	 583 	 0
1787327648874 	 17 	 200 	 584 	 0
1787327649060 	 141 	 200 	 586 	 1
1787327649198 	 14 	 200 	 586 	 0
1787327649454 	 14 	 200 	 587 	 0
1787327649558 	 14 	 200 	 588 	 0
1787327650152 	 14 	 200 	 589 	 0
1787327650200 	 33 	 200 	 590 	 0
1787327650240 	 12 	 200 	 591 	 0
1787327650375 	 16 	 200 	 592 	 0
1787327650742 	 16 	 200 	 593 	 0
1787327651244 	 18 	 200 	 594 	 0
1787327651443 	 15 	 200 	 595 	 0
1787327651611 	 13 	 200 	 596 	 0
1787327651640 	 12 	 200 	 597 	 0
1787327651737 	 14 	 200 	 598 	 0
1787327651874 	 39 	 200 	 599 	 0
1787327652091 	 28 	 200 	 600 	 0
1787327652465 	 36 	 200 	 601 	 0
1787327652525 	 14 	 200 	 602 	 0
1787327652619 	 14 	 200 	 603 	 0
1787327653107 	 35 	 200 	 604 	 0
1787327653339 	 12 	 200 	 605 	 0
1787327653415 	 32 	 200 	 606 	 0
1787327653800 	 25 	 200 	 608 	 1
1787327653816 	 28 	 200 	 608 	 0
1787327654175 	 21 	 200 	 609 	 0
1787327654234 	 16 	 200 	 610 	 0
1787327654317 	 16 	 200 	 611 	 0
1787327654370 	 27 	 200 	 613 	 1
1787327654399 	 17 	 200 	 613 	 0
1787327654419 	 21 	 200 	 614 	 0
1787327654441 	 13 	 200 	 616 	 1
1787327654451 	 40 	 200 	 616 	 0
1787327654691 	 12 	 200 	 617 	 0
1787327654847 	 31 	 200 	 618 	 0
1787327655004 	 20 	 200 	 620 	 1
1787327655022 	 15 	 200 	 620 	 0
1787327655148 	 13 	 200 	 621 	 0
1787327655252 	 22 	 200 	 622 	 0
1787327655384 	 26 	 200 	 623 	 0
1787327655549 	 16 	 200 	 625 	 1
1787327655547 	 19 	 200 	 625 	 0
1787327656320 	 21 	 200 	 626 	 0
1787327656559 	 17 	 200 	 628 	 1
1787327656568 	 16 	 200 	 629 	 1
1787327656580 	 16 	 200 	 629 	 0
1787327656627 	 13 	 200 	 630 	 0
1787327656962 	 13 	 200 	 632 	 1
1787327656941 	 43 	 200 	 632 	 0
1787327657164 	 32 	 200 	 633 	 0
1787327657220 	 18 	 200 	 634 	 0
1787327657410 	 17 	 200 	 636 	 1
1787327657429 	 15 	 200 	 636 	 0
1787327657872 	 40 	 200 	 637 	 0
1787327657926 	 12 	 200 	 638 	 0
1787327658905 	 21 	 200 	 639 	 0
1787327659070 	 14 	 200 	 640 	 0
1787327659245 	 15 	 200 	 642 	 1
1787327659248 	 18 	 200 	 642 	 0
1787327659293 	 16 	 200 	 643 	 0
1787327659399 	 25 	 200 	 644 	 0
1787327659485 	 26 	 200 	 645 	 0
1787327660517 	 18 	 200 	 646 	 0
1787327660575 	 21 	 200 	 647 	 0
1787327660740 	 13 	 200 	 648 	 0
1787327660762 	 13 	 200 	 649 	 0
1787327660968 	 32 	 200 	 650 	 0
1787327661121 	 14 	 200 	 651 	 0
1787327661137 	 13 	 200 	 652 	 0
1787327661175 	 13 	 200 	 653 	 0
1787327661332 	 14 	 200 	 654 	 0
1787327661436 	 18 	 200 	 655 	 0
1787327661526 	 18 	 200 	 656 	 0
1787327661557 	 12 	 200 	 657 	 0
1787327661590 	 18 	 200 	 658 	 0
1787327661616 	 13 	 200 	 659 	 0
1787327661949 	 32 	 200 	 660 	 0
1787327661982 	 13 	 200 	 661 	 0
1787327662258 	 13 	 200 	 662 	 0
1787327662302 	 13 	 200 	 663 	 0
1787327662570 	 27 	 200 	 664 	 0
1787327662676 	 13 	 200 	 665 	 0
1787327663201 	 22 	 200 	 666 	 0
1787327663487 	 25 	 200 	 667 	 0
1787327663530 	 13 	 200 	 668 	 0
1787327663866 	 39 	 200 	 669 	 0
1787327664099 	 27 	 200 	 670 	 0
1787327664240 	 18 	 200 	 671 	 0
1787327664358 	 17 	 200 	 674 	 2
1787327664355 	 23 	 200 	 674 	 1
1787327664618 	 13 	 200 	 675 	 1
1787327664364 	 332 	 200 	 675 	 0
1787327664744 	 16 	 200 	 677 	 1
1787327664756 	 14 	 200 	 677 	 0
1787327664827 	 13 	 200 	 678 	 0
1787327665016 	 15 	 200 	 679 	 0
1787327665136 	 36 	 200 	 680 	 0
1787327665923 	 14 	 200 	 681 	 0
1787327666233 	 15 	 200 	 682 	 0
1787327666516 	 15 	 200 	 683 	 0
1787327666775 	 18 	 200 	 684 	 0
1787327666826 	 14 	 200 	 685 	 0
1787327666967 	 24 	 200 	 686 	 0
1787327667339 	 35 	 200 	 688 	 1
1787327667363 	 19 	 200 	 688 	 0
1787327667533 	 17 	 200 	 689 	 0
1787327667881 	 35 	 200 	 690 	 0
1787327668186 	 19 	 200 	 691 	 0
1787327668251 	 20 	 200 	 692 	 0
1787327668899 	 24 	 200 	 693 	 0
1787327669257 	 12 	 200 	 694 	 0
1787327669620 	 19 	 200 	 695 	 0
1787327669793 	 13 	 200 	 696 	 0
1787327669859 	 32 	 200 	 697 	 0
1787327670301 	 14 	 200 	 698 	 0
1787327670578 	 35 	 200 	 699 	 0
1787327670698 	 13 	 200 	 700 	 0
1787327671275 	 16 	 200 	 701 	 0
1787327671454 	 13 	 200 	 702 	 0
1787327671513 	 16 	 200 	 703 	 0
1787327671743 	 14 	 200 	 704 	 0
1787327672189 	 14 	 200 	 705 	 0
1787327672641 	 34 	 200 	 706 	 0
1787327672719 	 16 	 200 	 707 	 0
1787327672906 	 16 	 200 	 708 	 0
1787327673147 	 15 	 200 	 709 	 0
1787327673276 	 12 	 200 	 710 	 0
1787327673533 	 13 	 200 	 711 	 0
1787327673697 	 12 	 200 	 712 	 0
1787327673905 	 39 	 200 	 713 	 0
1787327673981 	 28 	 200 	 714 	 0
1787327674231 	 16 	 200 	 715 	 0
1787327674312 	 17 	 200 	 717 	 1
1787327674314 	 23 	 200 	 717 	 0
1787327675103 	 30 	 200 	 718 	 0
1787327675506 	 17 	 200 	 720 	 1
1787327675511 	 13 	 200 	 720 	 0
1787327675740 	 14 	 200 	 721 	 0
1787327676557 	 29 	 200 	 722 	 0
1787327676796 	 13 	 200 	 723 	 0
1787327677176 	 13 	 200 	 724 	 0
1787327677207 	 13 	 200 	 725 	 0
1787327677334 	 16 	 200 	 727 	 1
1787327677352 	 13 	 200 	 727 	 0
1787327677387 	 15 	 200 	 728 	 0
1787327677405 	 13 	 200 	 729 	 0
1787327677469 	 26 	 200 	 730 	 0
1787327677535 	 13 	 200 	 732 	 1
1787327677548 	 16 	 200 	 732 	 0
1787327677600 	 13 	 200 	 733 	 0
1787327677917 	 14 	 200 	 734 	 0
1787327678001 	 38 	 200 	 735 	 0
1787327678086 	 13 	 200 	 736 	 0
1787327678128 	 12 	 200 	 737 	 0
1787327678511 	 13 	 200 	 738 	 0
1787327678661 	 14 	 200 	 739 	 0
1787327678928 	 14 	 200 	 740 	 0
1787327679015 	 15 	 200 	 741 	 0
1787327679285 	 12 	 200 	 742 	 0
1787327679306 	 21 	 200 	 743 	 0
1787327679415 	 21 	 200 	 744 	 0
1787327679597 	 15 	 200 	 745 	 0
1787327679665 	 13 	 200 	 747 	 1
1787327679667 	 16 	 200 	 747 	 0
1787327679688 	 13 	 200 	 748 	 0
1787327679761 	 32 	 200 	 749 	 0
1787327681356 	 13 	 200 	 750 	 0
1787327681418 	 16 	 200 	 751 	 0
1787327681571 	 13 	 200 	 752 	 0
1787327682058 	 36 	 200 	 753 	 0
1787327682292 	 15 	 200 	 755 	 1
1787327682292 	 15 	 200 	 755 	 0
1787327682384 	 34 	 200 	 756 	 0
1787327682435 	 14 	 200 	 757 	 0
1787327682641 	 21 	 200 	 759 	 1
1787327682649 	 22 	 200 	 759 	 0
1787327683210 	 35 	 200 	 760 	 0
1787327683346 	 12 	 200 	 761 	 0
1787327683511 	 26 	 200 	 762 	 0
1787327683561 	 13 	 200 	 763 	 0
1787327683706 	 25 	 200 	 764 	 0
1787327683786 	 29 	 200 	 765 	 0
1787327684173 	 14 	 200 	 766 	 0
1787327684341 	 35 	 200 	 767 	 0
1787327684427 	 14 	 200 	 768 	 0
1787327684553 	 20 	 200 	 769 	 0
1787327684851 	 13 	 200 	 770 	 0
1787327684894 	 36 	 200 	 772 	 1
1787327684917 	 21 	 200 	 772 	 0
1787327684942 	 19 	 200 	 773 	 0
1787327685278 	 18 	 200 	 775 	 1
1787327685294 	 15 	 200 	 775 	 0
1787327685476 	 14 	 200 	 776 	 0
1787327685953 	 33 	 200 	 777 	 0
1787327686344 	 12 	 200 	 778 	 0
1787327686384 	 14 	 200 	 779 	 0
1787327686640 	 17 	 200 	 780 	 0
1787327687527 	 15 	 200 	 781 	 0
1787327687650 	 25 	 200 	 782 	 0
1787327687754 	 17 	 200 	 783 	 0
1787327688272 	 13 	 200 	 784 	 0
1787327688419 	 15 	 200 	 785 	 0
1787327688438 	 14 	 200 	 786 	 0
1787327688455 	 14 	 200 	 787 	 0
1787327688743 	 14 	 200 	 788 	 0
1787327689870 	 12 	 200 	 789 	 0
1787327689937 	 35 	 200 	 791 	 1
1787327689952 	 31 	 200 	 791 	 0
1787327690404 	 21 	 200 	 792 	 0
1787327690536 	 14 	 200 	 793 	 0
1787327690672 	 37 	 200 	 794 	 0
1787327690854 	 38 	 200 	 795 	 0
1787327690917 	 13 	 200 	 796 	 0
1787327691265 	 14 	 200 	 797 	 0
1787327691342 	 21 	 200 	 798 	 0
1787327691597 	 17 	 200 	 799 	 0
1787327692012 	 33 	 200 	 801 	 1
1787327692035 	 27 	 200 	 801 	 0
1787327692115 	 16 	 200 	 802 	 0
1787327692311 	 19 	 200 	 803 	 0
1787327692460 	 28 	 200 	 804 	 0
1787327692500 	 15 	 200 	 805 	 0
1787327693009 	 32 	 200 	 806 	 0
1787327693224 	 15 	 200 	 807 	 0
1787327693252 	 58 	 200 	 809 	 1
1787327693301 	 14 	 200 	 809 	 0
1787327693855 	 14 	 200 	 810 	 0
1787327694212 	 17 	 200 	 811 	 0
1787327694501 	 29 	 200 	 812 	 0
1787327694542 	 17 	 200 	 813 	 0
1787327694573 	 14 	 200 	 814 	 0
1787327694663 	 31 	 200 	 817 	 2
1787327694666 	 30 	 200 	 817 	 1
1787327694671 	 27 	 200 	 817 	 0
1787327694824 	 13 	 200 	 818 	 0
1787327694980 	 26 	 200 	 819 	 0
1787327695585 	 35 	 200 	 820 	 0
1787327695759 	 21 	 200 	 822 	 1
1787327695763 	 19 	 200 	 822 	 0
1787327695845 	 18 	 200 	 824 	 1
1787327695859 	 15 	 200 	 824 	 0
1787327696101 	 25 	 200 	 825 	 0
1787327696219 	 20 	 200 	 826 	 0
1787327696374 	 20 	 200 	 828 	 1
1787327696373 	 25 	 200 	 828 	 0
1787327696548 	 14 	 200 	 829 	 0
1787327696565 	 13 	 200 	 830 	 0
1787327696642 	 16 	 200 	 831 	 0
1787327697047 	 13 	 200 	 832 	 0
1787327697143 	 13 	 200 	 833 	 0
1787327697506 	 22 	 200 	 834 	 0
1787327697645 	 13 	 200 	 835 	 0
1787327697700 	 15 	 200 	 836 	 0
1787327697979 	 14 	 200 	 837 	 0
1787327698070 	 15 	 200 	 838 	 0
1787327698165 	 21 	 200 	 839 	 0
1787327698523 	 14 	 200 	 840 	 0
1787327698547 	 18 	 200 	 841 	 0
1787327698572 	 16 	 200 	 842 	 0
1787327698976 	 35 	 200 	 844 	 1
1787327698980 	 44 	 200 	 844 	 0
1787327699213 	 16 	 200 	 845 	 0
1787327699232 	 15 	 200 	 846 	 0
1787327699323 	 15 	 200 	 847 	 0
1787327699551 	 13 	 200 	 848 	 0
1787327699578 	 14 	 200 	 849 	 0
1787327700139 	 38 	 200 	 851 	 1
1787327700161 	 23 	 200 	 851 	 0
1787327700313 	 13 	 200 	 853 	 1
1787327700315 	 18 	 200 	 853 	 0
1787327700466 	 30 	 200 	 854 	 0
1787327700605 	 16 	 200 	 856 	 1
1787327700608 	 14 	 200 	 856 	 0
1787327700690 	 21 	 200 	 857 	 0
1787327700936 	 14 	 200 	 858 	 0
1787327700976 	 33 	 200 	 859 	 0
1787327701378 	 22 	 200 	 860 	 0
1787327701691 	 13 	 200 	 861 	 0
1787327701746 	 26 	 200 	 862 	 0
1787327701913 	 14 	 200 	 863 	 0
1787327702579 	 22 	 200 	 864 	 0
1787327703150 	 27 	 200 	 865 	 0
1787327703185 	 11 	 200 	 866 	 0
1787327703321 	 13 	 200 	 867 	 0
1787327703626 	 14 	 200 	 868 	 0
1787327703703 	 15 	 200 	 869 	 0
1787327703731 	 13 	 200 	 870 	 0
1787327703872 	 14 	 200 	 871 	 0
1787327704153 	 16 	 200 	 872 	 0
1787327704993 	 26 	 200 	 873 	 0
1787327705119 	 14 	 200 	 874 	 0
1787327705137 	 15 	 200 	 875 	 0
1787327705196 	 13 	 200 	 876 	 0
1787327705709 	 15 	 200 	 877 	 0
1787327706030 	 27 	 200 	 878 	 0
1787327706430 	 17 	 200 	 880 	 1
1787327706430 	 26 	 200 	 880 	 0
1787327706488 	 15 	 200 	 881 	 0
1787327706616 	 14 	 200 	 882 	 0
1787327706730 	 17 	 200 	 883 	 0
1787327706825 	 13 	 200 	 884 	 0
1787327706844 	 18 	 200 	 885 	 0
1787327707144 	 12 	 200 	 886 	 0
1787327707202 	 16 	 200 	 887 	 0
1787327707562 	 31 	 200 	 888 	 0
1787327707676 	 74 	 200 	 889 	 0
1787327707819 	 13 	 200 	 890 	 0
1787327708348 	 33 	 200 	 891 	 0
1787327708620 	 14 	 200 	 892 	 0
1787327708728 	 12 	 200 	 893 	 0
1787327710023 	 20 	 200 	 894 	 0
1787327710488 	 13 	 200 	 895 	 0
1787327710988 	 36 	 200 	 896 	 0
1787327711101 	 28 	 200 	 897 	 0
1787327711211 	 22 	 200 	 898 	 0
1787327711464 	 20 	 200 	 899 	 0
1787327711837 	 36 	 200 	 900 	 0
1787327711893 	 36 	 200 	 901 	 0
1787327711934 	 12 	 200 	 902 	 0
1787327712256 	 19 	 200 	 904 	 1
1787327712269 	 15 	 200 	 904 	 0
1787327712741 	 12 	 200 	 905 	 0
1787327712855 	 34 	 200 	 906 	 0
1787327712917 	 13 	 200 	 907 	 0
1787327713850 	 40 	 200 	 908 	 0
1787327714143 	 24 	 200 	 909 	 0
1787327714620 	 18 	 200 	 910 	 0
1787327714752 	 12 	 200 	 911 	 0
1787327714991 	 29 	 200 	 912 	 0
1787327715132 	 18 	 200 	 913 	 0
1787327715247 	 18 	 200 	 914 	 0
1787327715384 	 25 	 200 	 915 	 0
1787327715433 	 19 	 200 	 916 	 0
1787327715880 	 24 	 200 	 917 	 0
1787327716068 	 15 	 200 	 918 	 0
1787327716107 	 23 	 200 	 919 	 0
1787327716585 	 17 	 200 	 920 	 0
1787327716717 	 14 	 200 	 921 	 0
1787327716919 	 14 	 200 	 922 	 0
1787327717012 	 12 	 200 	 923 	 0
1787327717277 	 13 	 200 	 924 	 0
1787327717447 	 16 	 200 	 925 	 0
1787327717503 	 15 	 200 	 927 	 1
1787327717515 	 14 	 200 	 927 	 0
1787327717846 	 12 	 200 	 928 	 0
1787327717905 	 14 	 200 	 929 	 0
1787327718317 	 32 	 200 	 932 	 2
1787327718336 	 22 	 200 	 932 	 1
1787327718335 	 25 	 200 	 932 	 0
1787327718424 	 15 	 200 	 933 	 0
1787327718569 	 13 	 200 	 934 	 0
1787327718828 	 14 	 200 	 935 	 0
1787327719217 	 13 	 200 	 936 	 0
1787327719805 	 21 	 200 	 937 	 0
1787327719890 	 35 	 200 	 938 	 0
1787327720238 	 16 	 200 	 939 	 0
1787327720355 	 18 	 200 	 940 	 0
1787327720382 	 13 	 200 	 941 	 0
1787327720461 	 25 	 200 	 942 	 0
1787327720512 	 15 	 200 	 943 	 0
1787327720591 	 14 	 200 	 944 	 0
1787327720658 	 14 	 200 	 945 	 0
1787327720675 	 13 	 200 	 946 	 0
1787327720773 	 61 	 200 	 947 	 0
1787327721509 	 20 	 200 	 948 	 0
1787327721799 	 29 	 200 	 949 	 0
1787327721998 	 37 	 200 	 950 	 0
1787327722039 	 21 	 200 	 951 	 0
1787327722105 	 15 	 200 	 952 	 0
1787327722331 	 35 	 200 	 953 	 0
1787327722603 	 14 	 200 	 954 	 0
1787327722729 	 17 	 200 	 955 	 0
1787327723147 	 23 	 200 	 956 	 0
1787327723295 	 23 	 200 	 957 	 0
1787327723564 	 28 	 200 	 958 	 0
1787327723939 	 32 	 200 	 959 	 0
1787327724558 	 35 	 200 	 960 	 0
1787327724671 	 27 	 200 	 961 	 0
1787327724736 	 13 	 200 	 962 	 0
1787327725001 	 38 	 200 	 963 	 0
1787327725312 	 23 	 200 	 964 	 0
1787327725360 	 23 	 200 	 965 	 0
1787327725396 	 12 	 200 	 966 	 0
1787327725819 	 28 	 200 	 967 	 0
1787327725870 	 31 	 200 	 968 	 0
1787327726108 	 13 	 200 	 969 	 0
1787327726126 	 13 	 200 	 970 	 0
1787327726202 	 16 	 200 	 971 	 0
1787327726287 	 16 	 200 	 972 	 0
1787327726396 	 25 	 200 	 973 	 0
1787327726726 	 13 	 200 	 974 	 0
1787327727014 	 31 	 200 	 975 	 0
1787327727225 	 12 	 200 	 976 	 0
1787327727245 	 17 	 200 	 977 	 0
1787327727416 	 35 	 200 	 979 	 1
1787327727444 	 22 	 200 	 979 	 0
1787327727559 	 15 	 200 	 980 	 0
1787327727737 	 16 	 200 	 981 	 0
1787327728083 	 28 	 200 	 982 	 0
1787327729086 	 38 	 200 	 983 	 0
1787327729290 	 20 	 200 	 984 	 0
1787327729468 	 13 	 200 	 985 	 0
1787327729523 	 13 	 200 	 986 	 0
1787327729923 	 24 	 200 	 988 	 1
1787327729937 	 16 	 200 	 988 	 0
1787327730030 	 14 	 200 	 989 	 0
1787327730303 	 25 	 200 	 991 	 1
1787327730324 	 18 	 200 	 991 	 0
1787327730620 	 14 	 200 	 992 	 0
1787327730737 	 15 	 200 	 994 	 1
1787327730743 	 13 	 200 	 994 	 0
1787327730840 	 35 	 200 	 995 	 0
1787327731194 	 14 	 200 	 996 	 0
1787327731728 	 31 	 200 	 997 	 0
1787327732302 	 16 	 200 	 998 	 0
1787327732341 	 12 	 200 	 999 	 0
1787327732511 	 16 	 200 	 1000 	 0
1787327732589 	 16 	 200 	 1001 	 0
1787327733244 	 12 	 200 	 1002 	 0
1787327733327 	 13 	 200 	 1003 	 0
1787327733615 	 16 	 200 	 1004 	 0
1787327733719 	 38 	 200 	 1005 	 0
1787327734137 	 15 	 200 	 1006 	 0
1787327734876 	 40 	 200 	 1008 	 1
1787327734911 	 27 	 200 	 1008 	 0
1787327735047 	 34 	 200 	 1009 	 0
1787327735329 	 14 	 200 	 1010 	 0
1787327735353 	 13 	 200 	 1011 	 0
1787327735412 	 13 	 200 	 1012 	 0
1787327735588 	 14 	 200 	 1013 	 0
1787327735621 	 14 	 200 	 1014 	 0
1787327735795 	 29 	 200 	 1015 	 0
1787327735841 	 14 	 200 	 1016 	 0
1787327736332 	 14 	 200 	 1017 	 0
1787327736367 	 15 	 200 	 1018 	 0
1787327736565 	 16 	 200 	 1019 	 0
1787327736778 	 15 	 200 	 1020 	 0
1787327737143 	 36 	 200 	 1022 	 1
1787327737156 	 35 	 200 	 1022 	 0
1787327737574 	 41 	 200 	 1023 	 0
1787327737723 	 14 	 200 	 1024 	 0
1787327738108 	 35 	 200 	 1025 	 0
1787327738808 	 13 	 200 	 1026 	 0
1787327738844 	 13 	 200 	 1028 	 1
1787327738843 	 17 	 200 	 1028 	 0
1787327739014 	 35 	 200 	 1029 	 0
1787327739068 	 14 	 200 	 1030 	 0
1787327739112 	 15 	 200 	 1031 	 0
1787327739263 	 14 	 200 	 1032 	 0
1787327740116 	 39 	 200 	 1033 	 0
1787327740205 	 15 	 200 	 1034 	 0
1787327740434 	 30 	 200 	 1035 	 0
1787327741097 	 22 	 200 	 1036 	 0
1787327741354 	 13 	 200 	 1037 	 0
1787327741400 	 16 	 200 	 1038 	 0
1787327741605 	 38 	 200 	 1040 	 1
1787327741644 	 19 	 200 	 1040 	 0
1787327742024 	 15 	 200 	 1041 	 0
1787327742085 	 29 	 200 	 1042 	 0
1787327742245 	 15 	 200 	 1043 	 0
1787327742390 	 24 	 200 	 1044 	 0
1787327742975 	 23 	 200 	 1045 	 0
1787327743458 	 17 	 200 	 1046 	 0
1787327743608 	 14 	 200 	 1047 	 0
1787327743823 	 13 	 200 	 1048 	 0
1787327744087 	 33 	 200 	 1049 	 0
1787327744500 	 24 	 200 	 1050 	 0
1787327744693 	 14 	 200 	 1051 	 0
1787327744709 	 15 	 200 	 1052 	 0
1787327745046 	 31 	 200 	 1054 	 1
1787327745051 	 29 	 200 	 1054 	 0
1787327745121 	 12 	 200 	 1055 	 0
1787327745323 	 15 	 200 	 1056 	 0
1787327745829 	 12 	 200 	 1057 	 0
1787327745905 	 39 	 200 	 1058 	 0
1787327746008 	 16 	 200 	 1059 	 0
1787327746210 	 29 	 200 	 1060 	 0
1787327746786 	 15 	 200 	 1061 	 0
1787327746817 	 35 	 200 	 1062 	 0
1787327746884 	 34 	 200 	 1063 	 0
1787327747384 	 13 	 200 	 1064 	 0
1787327747481 	 12 	 200 	 1065 	 0
1787327747982 	 34 	 200 	 1067 	 1
1787327748008 	 20 	 200 	 1067 	 0
1787327748060 	 12 	 200 	 1068 	 0
1787327748345 	 13 	 200 	 1069 	 0
1787327748553 	 16 	 200 	 1070 	 0
1787327748845 	 36 	 200 	 1071 	 0
1787327748896 	 21 	 200 	 1072 	 0
1787327749001 	 30 	 200 	 1073 	 0
1787327749214 	 14 	 200 	 1074 	 0
1787327749258 	 17 	 200 	 1075 	 0
1787327749386 	 12 	 200 	 1076 	 0
1787327750380 	 35 	 200 	 1078 	 1
1787327750403 	 20 	 200 	 1078 	 0
1787327750574 	 13 	 200 	 1079 	 0
1787327750609 	 15 	 200 	 1080 	 0
1787327751013 	 16 	 200 	 1081 	 0
1787327751081 	 35 	 200 	 1083 	 1
1787327751097 	 25 	 200 	 1083 	 0
1787327751448 	 24 	 200 	 1084 	 0
1787327751504 	 12 	 200 	 1085 	 0
1787327751639 	 12 	 200 	 1086 	 0
1787327752067 	 24 	 200 	 1087 	 0
1787327753041 	 35 	 200 	 1088 	 0
1787327753173 	 25 	 200 	 1089 	 0
1787327753254 	 16 	 200 	 1090 	 0
1787327753677 	 13 	 200 	 1091 	 0
1787327753884 	 35 	 200 	 1092 	 0
1787327753985 	 13 	 200 	 1093 	 0
1787327754385 	 39 	 200 	 1094 	 0
1787327754614 	 13 	 200 	 1095 	 0
1787327754683 	 15 	 200 	 1096 	 0
1787327754701 	 13 	 200 	 1097 	 0
1787327754774 	 12 	 200 	 1098 	 0
1787327755143 	 36 	 200 	 1099 	 0
1787327755190 	 17 	 200 	 1100 	 0
1787327755351 	 14 	 200 	 1101 	 0
1787327755593 	 12 	 200 	 1102 	 0
1787327755689 	 35 	 200 	 1103 	 0
1787327755740 	 14 	 200 	 1104 	 0
1787327756020 	 17 	 200 	 1105 	 0
1787327756417 	 16 	 200 	 1106 	 0
1787327756590 	 19 	 200 	 1107 	 0
1787327756737 	 13 	 200 	 1108 	 0
1787327756952 	 13 	 200 	 1111 	 2
1787327756961 	 33 	 200 	 1111 	 1
1787327757139 	 28 	 200 	 1112 	 1
1787327757201 	 44 	 200 	 1113 	 1
1787327756916 	 334 	 200 	 1113 	 0
1787327757270 	 17 	 200 	 1114 	 0
1787327757306 	 13 	 200 	 1115 	 0
1787327757864 	 32 	 200 	 1117 	 1
1787327757850 	 46 	 200 	 1117 	 0
1787327758031 	 16 	 200 	 1118 	 0
1787327758310 	 19 	 200 	 1119 	 0
1787327758353 	 22 	 200 	 1120 	 0
1787327758471 	 14 	 200 	 1121 	 0
1787327758950 	 15 	 200 	 1122 	 0
1787327759083 	 37 	 200 	 1123 	 0
1787327759388 	 15 	 200 	 1124 	 0
1787327759463 	 14 	 200 	 1125 	 0
1787327759736 	 15 	 200 	 1126 	 0
1787327759903 	 20 	 200 	 1127 	 0
1787327759977 	 14 	 200 	 1128 	 0
1787327760226 	 15 	 200 	 1129 	 0
1787327760337 	 29 	 200 	 1130 	 0
1787327760375 	 16 	 200 	 1131 	 0
1787327760529 	 16 	 200 	 1132 	 0
1787327760821 	 27 	 200 	 1133 	 0
1787327761136 	 14 	 200 	 1134 	 0
1787327761484 	 13 	 200 	 1135 	 0
1787327761829 	 13 	 200 	 1136 	 0
1787327761882 	 22 	 200 	 1137 	 0
1787327762015 	 13 	 200 	 1138 	 0
1787327762217 	 12 	 200 	 1139 	 0
1787327762335 	 29 	 200 	 1140 	 0
1787327762509 	 20 	 200 	 1142 	 1
1787327762514 	 21 	 200 	 1142 	 0
1787327762554 	 13 	 200 	 1143 	 0
1787327762634 	 13 	 200 	 1144 	 0
1787327763573 	 22 	 200 	 1145 	 0
1787327763899 	 27 	 200 	 1147 	 1
1787327763908 	 21 	 200 	 1147 	 0
1787327763976 	 20 	 200 	 1148 	 0
1787327764276 	 22 	 200 	 1149 	 0
1787327764460 	 12 	 200 	 1150 	 0
1787327764566 	 18 	 200 	 1151 	 0
1787327764603 	 20 	 200 	 1153 	 1
1787327764615 	 17 	 200 	 1153 	 0
1787327764691 	 28 	 200 	 1154 	 0
1787327764824 	 16 	 200 	 1155 	 0
1787327765079 	 14 	 200 	 1156 	 0
1787327765927 	 13 	 200 	 1157 	 0
1787327766711 	 18 	 200 	 1158 	 0
1787327766909 	 20 	 200 	 1159 	 0
1787327766949 	 15 	 200 	 1160 	 0
1787327767155 	 35 	 200 	 1161 	 0
1787327767515 	 33 	 200 	 1162 	 0
1787327767937 	 18 	 200 	 1163 	 0
1787327768312 	 21 	 200 	 1164 	 0
1787327768586 	 16 	 200 	 1165 	 0
1787327768722 	 12 	 200 	 1166 	 0
1787327768751 	 14 	 200 	 1167 	 0
1787327768835 	 15 	 200 	 1168 	 0
1787327768923 	 14 	 200 	 1169 	 0
1787327769025 	 12 	 200 	 1170 	 0
1787327769642 	 14 	 200 	 1171 	 0
1787327771127 	 13 	 200 	 1172 	 0
1787327771282 	 13 	 200 	 1173 	 0
1787327771492 	 14 	 200 	 1174 	 0
1787327771685 	 26 	 200 	 1175 	 0
1787327771846 	 21 	 200 	 1177 	 1
1787327771860 	 12 	 200 	 1177 	 0
1787327771963 	 35 	 200 	 1178 	 0
1787327772246 	 13 	 200 	 1179 	 0
1787327772730 	 18 	 200 	 1180 	 0
1787327772781 	 18 	 200 	 1181 	 0
1787327773567 	 23 	 200 	 1182 	 0
1787327774567 	 28 	 200 	 1183 	 0
1787327774873 	 26 	 200 	 1184 	 0
1787327775168 	 29 	 200 	 1185 	 0
1787327775242 	 12 	 200 	 1186 	 0
1787327775274 	 18 	 200 	 1187 	 0
1787327775491 	 14 	 200 	 1188 	 0
1787327775723 	 13 	 200 	 1189 	 0
1787327775980 	 47 	 200 	 1190 	 0
1787327776300 	 15 	 200 	 1191 	 0
1787327776322 	 12 	 200 	 1192 	 0
1787327776878 	 35 	 200 	 1194 	 1
1787327776913 	 13 	 200 	 1194 	 0
1787327777362 	 17 	 200 	 1195 	 0
1787327777407 	 15 	 200 	 1196 	 0
1787327777543 	 32 	 200 	 1197 	 0
1787327777869 	 38 	 200 	 1198 	 0
1787327778055 	 15 	 200 	 1200 	 1
1787327778053 	 21 	 200 	 1200 	 0
1787327778122 	 36 	 200 	 1201 	 0
1787327778181 	 15 	 200 	 1202 	 0
1787327778335 	 13 	 200 	 1203 	 0
1787327778437 	 15 	 200 	 1204 	 0
1787327778534 	 18 	 200 	 1205 	 0
1787327778919 	 14 	 200 	 1206 	 0
1787327779252 	 18 	 200 	 1208 	 1
1787327779249 	 20 	 200 	 1208 	 0
1787327779350 	 13 	 200 	 1209 	 0
1787327779613 	 14 	 200 	 1210 	 0
1787327779779 	 13 	 200 	 1211 	 0
1787327779815 	 13 	 200 	 1212 	 0
1787327780247 	 18 	 200 	 1214 	 1
1787327780266 	 14 	 200 	 1214 	 0
1787327780513 	 16 	 200 	 1215 	 0
1787327780615 	 22 	 200 	 1216 	 0
1787327781022 	 13 	 200 	 1217 	 0
1787327781044 	 16 	 200 	 1218 	 0
1787327781530 	 16 	 200 	 1219 	 0
1787327781647 	 23 	 200 	 1221 	 1
1787327781666 	 13 	 200 	 1221 	 0
1787327781761 	 13 	 200 	 1223 	 1
1787327781768 	 16 	 200 	 1224 	 1
1787327781780 	 14 	 200 	 1224 	 0
1787327782213 	 31 	 200 	 1225 	 0
1787327782273 	 19 	 200 	 1226 	 0
1787327782792 	 31 	 200 	 1227 	 0
1787327782901 	 20 	 200 	 1228 	 0
1787327782986 	 33 	 200 	 1229 	 0
1787327783031 	 14 	 200 	 1230 	 0
1787327784265 	 15 	 200 	 1231 	 0
1787327784311 	 30 	 200 	 1232 	 0
1787327784407 	 29 	 200 	 1233 	 0
1787327784584 	 52 	 200 	 1234 	 0
1787327784708 	 19 	 200 	 1235 	 0
1787327784750 	 13 	 200 	 1236 	 0
1787327785195 	 12 	 200 	 1237 	 0
1787327785287 	 20 	 200 	 1238 	 0
1787327785326 	 15 	 200 	 1239 	 0
1787327785683 	 19 	 200 	 1240 	 0
1787327786409 	 29 	 200 	 1241 	 0
1787327786971 	 110 	 200 	 1242 	 0
1787327787159 	 13 	 200 	 1243 	 0
1787327787439 	 20 	 200 	 1244 	 0
1787327787599 	 17 	 200 	 1245 	 0
1787327787783 	 12 	 200 	 1246 	 0
1787327787944 	 37 	 200 	 1247 	 0
1787327788067 	 12 	 200 	 1248 	 0
1787327788262 	 12 	 200 	 1249 	 0
1787327788337 	 13 	 200 	 1250 	 0
1787327789152 	 17 	 200 	 1251 	 0
1787327789477 	 17 	 200 	 1253 	 1
1787327789491 	 13 	 200 	 1253 	 0
1787327789555 	 21 	 200 	 1254 	 0
1787327789889 	 32 	 200 	 1255 	 0
1787327790091 	 13 	 200 	 1256 	 0
1787327790293 	 14 	 200 	 1257 	 0
1787327790492 	 19 	 200 	 1258 	 0
1787327790556 	 16 	 200 	 1259 	 0
1787327790603 	 15 	 200 	 1260 	 0
1787327790672 	 40 	 200 	 1262 	 1
1787327790683 	 39 	 200 	 1262 	 0
1787327791156 	 30 	 200 	 1265 	 2
1787327791168 	 27 	 200 	 1265 	 1
1787327791161 	 35 	 200 	 1265 	 0
1787327791266 	 12 	 200 	 1266 	 0
1787327791848 	 37 	 200 	 1267 	 0
1787327792149 	 15 	 200 	 1268 	 0
1787327792645 	 15 	 200 	 1269 	 0
1787327792957 	 33 	 200 	 1271 	 1
1787327792992 	 25 	 200 	 1271 	 0
1787327793024 	 13 	 200 	 1272 	 0
1787327794008 	 21 	 200 	 1273 	 0
1787327794163 	 23 	 200 	 1274 	 0
1787327794212 	 21 	 200 	 1275 	 0
1787327794645 	 21 	 200 	 1276 	 0
1787327795155 	 30 	 200 	 1278 	 1
1787327795168 	 19 	 200 	 1278 	 0
1787327795584 	 18 	 200 	 1279 	 0
1787327795625 	 16 	 200 	 1280 	 0
1787327795649 	 17 	 200 	 1281 	 0
1787327795776 	 14 	 200 	 1282 	 0
1787327795795 	 13 	 200 	 1283 	 0
1787327796061 	 12 	 200 	 1284 	 0
1787327796251 	 17 	 200 	 1285 	 0
1787327797193 	 23 	 200 	 1287 	 1
1787327797211 	 15 	 200 	 1287 	 0
1787327797302 	 13 	 200 	 1288 	 0
1787327797553 	 18 	 200 	 1289 	 0
1787327797656 	 38 	 200 	 1290 	 0
1787327797736 	 36 	 200 	 1291 	 0
1787327798304 	 13 	 200 	 1292 	 0
1787327798471 	 13 	 200 	 1294 	 1
1787327798472 	 17 	 200 	 1294 	 0
1787327798772 	 12 	 200 	 1295 	 0
1787327799134 	 14 	 200 	 1296 	 0
1787327799164 	 14 	 200 	 1297 	 0
1787327799305 	 13 	 200 	 1298 	 0
1787327799410 	 33 	 200 	 1299 	 0
1787327799921 	 15 	 200 	 1300 	 0
1787327799949 	 12 	 200 	 1301 	 0
1787327800102 	 16 	 200 	 1302 	 0
1787327800451 	 20 	 200 	 1303 	 0
1787327800495 	 18 	 200 	 1304 	 0
1787327800697 	 34 	 200 	 1305 	 0
1787327800789 	 12 	 200 	 1306 	 0
1787327800952 	 24 	 200 	 1307 	 1
1787327800978 	 16 	 200 	 1308 	 0
1787327801063 	 40 	 200 	 1309 	 0
1787327801154 	 34 	 200 	 1310 	 0
1787327801364 	 14 	 200 	 1311 	 0
1787327801537 	 17 	 200 	 1312 	 0
1787327801576 	 14 	 200 	 1313 	 0
1787327801952 	 21 	 200 	 1314 	 0
1787327801988 	 13 	 200 	 1315 	 0
1787327802024 	 15 	 200 	 1316 	 0
1787327802432 	 15 	 200 	 1317 	 0
1787327802586 	 23 	 200 	 1318 	 0
1787327802646 	 13 	 200 	 1319 	 0
1787327802728 	 13 	 200 	 1320 	 0
1787327803003 	 22 	 200 	 1321 	 0
1787327803488 	 19 	 200 	 1322 	 0
1787327803752 	 13 	 200 	 1323 	 0
1787327803923 	 30 	 200 	 1324 	 0
1787327804345 	 20 	 200 	 1325 	 0
1787327804401 	 16 	 200 	 1326 	 0
1787327805153 	 30 	 200 	 1327 	 0
1787327805364 	 24 	 200 	 1328 	 0
1787327805399 	 20 	 200 	 1329 	 0
1787327805559 	 21 	 200 	 1330 	 0
1787327805634 	 13 	 200 	 1331 	 0
1787327805756 	 15 	 200 	 1332 	 0
1787327805948 	 26 	 200 	 1333 	 0
1787327806052 	 17 	 200 	 1334 	 0
1787327806161 	 23 	 200 	 1335 	 0
1787327806191 	 20 	 200 	 1336 	 0
1787327806241 	 14 	 200 	 1337 	 0
1787327807023 	 16 	 200 	 1338 	 0
1787327807116 	 20 	 200 	 1339 	 0
1787327807508 	 14 	 200 	 1340 	 0
1787327807729 	 28 	 200 	 1341 	 0
1787327807864 	 33 	 200 	 1342 	 0
1787327808094 	 15 	 200 	 1343 	 0
1787327808439 	 14 	 200 	 1344 	 0
1787327808457 	 12 	 200 	 1345 	 0
1787327808705 	 18 	 200 	 1346 	 0
1787327808766 	 13 	 200 	 1347 	 0
1787327808966 	 31 	 200 	 1350 	 2
1787327808979 	 23 	 200 	 1350 	 1
1787327808952 	 51 	 200 	 1350 	 0
1787327809086 	 27 	 200 	 1351 	 0
1787327809296 	 26 	 200 	 1353 	 1
1787327809312 	 16 	 200 	 1353 	 0
1787327809332 	 12 	 200 	 1354 	 0
1787327809379 	 13 	 200 	 1355 	 0
1787327809435 	 15 	 200 	 1356 	 0
1787327809819 	 14 	 200 	 1357 	 0
1787327810174 	 19 	 200 	 1358 	 0
1787327810283 	 18 	 200 	 1359 	 0
1787327810359 	 16 	 200 	 1360 	 0
1787327810495 	 28 	 200 	 1361 	 0
1787327810625 	 40 	 200 	 1362 	 0
1787327810836 	 27 	 200 	 1364 	 1
1787327810838 	 26 	 200 	 1364 	 0
1787327810953 	 32 	 200 	 1365 	 0
1787327811061 	 38 	 200 	 1367 	 1
1787327811089 	 32 	 200 	 1367 	 0
1787327811513 	 21 	 200 	 1368 	 0
1787327811587 	 15 	 200 	 1369 	 0
1787327812042 	 35 	 200 	 1370 	 0
1787327812519 	 35 	 200 	 1371 	 0
1787327812585 	 17 	 200 	 1372 	 0
1787327812652 	 14 	 200 	 1373 	 0
1787327812729 	 15 	 200 	 1374 	 0
1787327812949 	 30 	 200 	 1375 	 0
1787327813207 	 19 	 200 	 1376 	 0
1787327813313 	 21 	 200 	 1377 	 0
1787327813817 	 14 	 200 	 1378 	 0
1787327813965 	 23 	 200 	 1379 	 0
1787327814193 	 17 	 200 	 1380 	 0
1787327814390 	 33 	 200 	 1382 	 1
1787327814408 	 21 	 200 	 1382 	 0
1787327814554 	 14 	 200 	 1383 	 0
1787327815288 	 14 	 200 	 1384 	 0
1787327815533 	 27 	 200 	 1387 	 2
1787327815535 	 28 	 200 	 1387 	 1
1787327815551 	 14 	 200 	 1387 	 0
1787327815683 	 21 	 200 	 1388 	 1
1787327815705 	 13 	 200 	 1389 	 0
1787327815821 	 19 	 200 	 1390 	 0
1787327816477 	 18 	 200 	 1391 	 0
1787327816919 	 13 	 200 	 1392 	 0
1787327817083 	 15 	 200 	 1393 	 0
1787327817367 	 32 	 200 	 1394 	 0
1787327817446 	 19 	 200 	 1396 	 1
1787327817450 	 19 	 200 	 1396 	 0
1787327817911 	 13 	 200 	 1397 	 0
1787327818096 	 34 	 200 	 1398 	 0
1787327818143 	 34 	 200 	 1399 	 0
1787327818664 	 14 	 200 	 1400 	 0
1787327818703 	 14 	 200 	 1401 	 0
1787327818903 	 31 	 200 	 1402 	 0
1787327819020 	 31 	 200 	 1403 	 0
1787327819191 	 16 	 200 	 1404 	 0
1787327819307 	 13 	 200 	 1405 	 0
1787327820086 	 13 	 200 	 1406 	 0
1787327820284 	 14 	 200 	 1407 	 0
1787327821022 	 17 	 200 	 1408 	 0
1787327821562 	 15 	 200 	 1409 	 0
1787327821810 	 18 	 200 	 1411 	 1
1787327821819 	 23 	 200 	 1411 	 0
1787327822082 	 15 	 200 	 1412 	 0
1787327822140 	 22 	 200 	 1413 	 0
1787327822841 	 32 	 200 	 1414 	 0
1787327822974 	 27 	 200 	 1415 	 0
1787327823072 	 14 	 200 	 1416 	 0
1787327823113 	 15 	 200 	 1417 	 0
1787327823591 	 33 	 200 	 1419 	 1
1787327823609 	 19 	 200 	 1419 	 0
1787327823958 	 39 	 200 	 1420 	 0
1787327824330 	 13 	 200 	 1421 	 0
1787327824445 	 12 	 200 	 1422 	 0
1787327824485 	 34 	 200 	 1424 	 1
1787327824499 	 23 	 200 	 1425 	 1
1787327824523 	 13 	 200 	 1425 	 0
1787327824540 	 13 	 200 	 1426 	 0
1787327824557 	 20 	 200 	 1427 	 0
1787327824605 	 13 	 200 	 1428 	 0
1787327824845 	 14 	 200 	 1429 	 0
1787327825208 	 13 	 200 	 1430 	 0
1787327825735 	 39 	 200 	 1431 	 0
1787327825933 	 31 	 200 	 1432 	 0
1787327825978 	 14 	 200 	 1433 	 0
1787327826115 	 13 	 200 	 1434 	 0
1787327826236 	 27 	 200 	 1435 	 0
1787327826820 	 16 	 200 	 1437 	 1
1787327826825 	 22 	 200 	 1437 	 0
1787327827071 	 38 	 200 	 1438 	 0
1787327827332 	 15 	 200 	 1439 	 0
1787327827395 	 41 	 200 	 1440 	 0
1787327827529 	 12 	 200 	 1442 	 1
1787327827520 	 39 	 200 	 1442 	 0
1787327827834 	 32 	 200 	 1443 	 0
1787327828061 	 28 	 200 	 1444 	 0
1787327828151 	 13 	 200 	 1445 	 0
1787327828512 	 18 	 200 	 1446 	 0
1787327828535 	 14 	 200 	 1447 	 0
1787327828659 	 15 	 200 	 1448 	 0
1787327828983 	 35 	 200 	 1449 	 0
1787327829173 	 14 	 200 	 1450 	 0
1787327829447 	 14 	 200 	 1451 	 0
1787327830340 	 19 	 200 	 1452 	 0
1787327830510 	 17 	 200 	 1453 	 0
1787327830705 	 23 	 200 	 1454 	 0
1787327830745 	 15 	 200 	 1455 	 0
1787327830950 	 36 	 200 	 1456 	 0
1787327831386 	 32 	 200 	 1457 	 0
1787327831435 	 25 	 200 	 1458 	 0
1787327831478 	 18 	 200 	 1459 	 0
1787327831514 	 15 	 200 	 1460 	 0
1787327831937 	 16 	 200 	 1461 	 0
1787327832035 	 14 	 200 	 1462 	 0
1787327832077 	 20 	 200 	 1463 	 0
1787327832650 	 12 	 200 	 1464 	 0
1787327833201 	 25 	 200 	 1465 	 0
1787327833382 	 14 	 200 	 1466 	 0
1787327833415 	 17 	 200 	 1467 	 0
1787327833562 	 17 	 200 	 1468 	 0
1787327833846 	 39 	 200 	 1470 	 1
1787327833868 	 22 	 200 	 1470 	 0
1787327833944 	 37 	 200 	 1472 	 1
1787327833982 	 31 	 200 	 1472 	 0
1787327834075 	 35 	 200 	 1473 	 0
1787327834362 	 23 	 200 	 1474 	 0
1787327834725 	 18 	 200 	 1475 	 0
1787327835571 	 23 	 200 	 1476 	 0
1787327835645 	 15 	 200 	 1477 	 0
1787327835833 	 69 	 200 	 1478 	 0
1787327835997 	 15 	 200 	 1479 	 0
1787327836108 	 14 	 200 	 1480 	 0
1787327836661 	 27 	 200 	 1481 	 0
1787327837154 	 134 	 200 	 1482 	 0
1787327837947 	 30 	 200 	 1483 	 0
1787327838121 	 32 	 200 	 1484 	 0
1787327838271 	 17 	 200 	 1486 	 1
1787327838287 	 20 	 200 	 1486 	 0
1787327838532 	 14 	 200 	 1487 	 0
1787327838566 	 54 	 200 	 1488 	 0
1787327838987 	 79 	 200 	 1489 	 0
1787327839445 	 36 	 200 	 1490 	 0
1787327839743 	 15 	 200 	 1491 	 0
1787327840057 	 12 	 200 	 1492 	 0
1787327840169 	 13 	 200 	 1493 	 0
1787327840834 	 35 	 200 	 1494 	 0
1787327840898 	 15 	 200 	 1495 	 0
1787327841236 	 27 	 200 	 1496 	 0
1787327841433 	 15 	 200 	 1497 	 0
1787327841574 	 16 	 200 	 1498 	 0
1787327841660 	 29 	 200 	 1499 	 0
1787327842048 	 14 	 200 	 1500 	 0
1787327842590 	 14 	 200 	 1501 	 0
1787327842657 	 31 	 200 	 1502 	 0
1787327842713 	 14 	 200 	 1503 	 0
1787327842920 	 15 	 200 	 1504 	 0
1787327843080 	 28 	 200 	 1505 	 0
1787327843650 	 30 	 200 	 1506 	 0
1787327843816 	 24 	 200 	 1508 	 1
1787327843822 	 29 	 200 	 1508 	 0
1787327844339 	 13 	 200 	 1509 	 0
1787327844403 	 14 	 200 	 1510 	 0
1787327844660 	 32 	 200 	 1511 	 0
1787327844811 	 34 	 200 	 1512 	 0
1787327844885 	 40 	 200 	 1514 	 1
1787327844889 	 38 	 200 	 1514 	 0
1787327844985 	 27 	 200 	 1515 	 0
1787327845038 	 14 	 200 	 1516 	 0
1787327845459 	 15 	 200 	 1517 	 0
1787327845490 	 13 	 200 	 1518 	 0
1787327845621 	 21 	 200 	 1519 	 0
1787327845860 	 35 	 200 	 1520 	 0
1787327846359 	 38 	 200 	 1521 	 0
1787327846471 	 14 	 200 	 1522 	 0
1787327846553 	 13 	 200 	 1523 	 0
1787327846672 	 20 	 200 	 1524 	 0
1787327846802 	 36 	 200 	 1525 	 0
1787327846978 	 41 	 200 	 1526 	 0
1787327847134 	 12 	 200 	 1527 	 0
1787327847560 	 15 	 200 	 1528 	 0
1787327847647 	 14 	 200 	 1529 	 0
1787327847691 	 13 	 200 	 1530 	 0
1787327847885 	 18 	 200 	 1531 	 0
1787327848029 	 20 	 200 	 1532 	 0
1787327848109 	 22 	 200 	 1533 	 0
1787327848184 	 15 	 200 	 1534 	 0
1787327848470 	 19 	 200 	 1536 	 1
1787327848472 	 17 	 200 	 1536 	 0
1787327848696 	 14 	 200 	 1537 	 0
1787327848964 	 38 	 200 	 1538 	 0
1787327849388 	 30 	 200 	 1539 	 0
1787327849420 	 13 	 200 	 1540 	 0
1787327849765 	 14 	 200 	 1541 	 0
1787327849949 	 14 	 200 	 1542 	 0
1787327850016 	 29 	 200 	 1543 	 0
1787327850087 	 12 	 200 	 1544 	 0
1787327850141 	 16 	 200 	 1545 	 0
1787327850322 	 14 	 200 	 1546 	 0
1787327850446 	 26 	 200 	 1548 	 1
1787327850447 	 26 	 200 	 1548 	 0
1787327850533 	 12 	 200 	 1549 	 0
1787327851530 	 34 	 200 	 1550 	 0
1787327851621 	 26 	 200 	 1551 	 0
1787327851830 	 23 	 200 	 1552 	 0
1787327851876 	 36 	 200 	 1553 	 0
1787327852092 	 14 	 200 	 1554 	 0
1787327852319 	 13 	 200 	 1555 	 0
1787327852489 	 22 	 200 	 1557 	 1
1787327852498 	 21 	 200 	 1557 	 0
1787327852664 	 13 	 200 	 1558 	 0
1787327852780 	 14 	 200 	 1559 	 0
1787327852847 	 14 	 200 	 1560 	 0
1787327853019 	 15 	 200 	 1561 	 0
1787327853077 	 14 	 200 	 1562 	 0
1787327853545 	 20 	 200 	 1563 	 0
1787327853665 	 24 	 200 	 1564 	 0
1787327854109 	 13 	 200 	 1565 	 0
1787327854740 	 14 	 200 	 1566 	 0
1787327854781 	 13 	 200 	 1567 	 0
1787327855316 	 15 	 200 	 1568 	 0
1787327855520 	 14 	 200 	 1569 	 0
1787327855565 	 14 	 200 	 1570 	 0
1787327855705 	 13 	 200 	 1571 	 0
1787327856329 	 35 	 200 	 1572 	 0
1787327856367 	 14 	 200 	 1573 	 0
1787327856750 	 13 	 200 	 1575 	 1
1787327856751 	 12 	 200 	 1575 	 0
1787327856776 	 12 	 200 	 1576 	 0
1787327857137 	 18 	 200 	 1578 	 1
1787327857147 	 17 	 200 	 1578 	 0
1787327857244 	 17 	 200 	 1579 	 0
1787327857393 	 20 	 200 	 1580 	 0
1787327857467 	 26 	 200 	 1582 	 1
1787327857465 	 34 	 200 	 1582 	 0
1787327857903 	 38 	 200 	 1584 	 1
1787327857936 	 15 	 200 	 1584 	 0
1787327858476 	 17 	 200 	 1585 	 0
1787327858654 	 13 	 200 	 1586 	 0
1787327858894 	 14 	 200 	 1587 	 0
1787327859551 	 13 	 200 	 1588 	 0
1787327860311 	 14 	 200 	 1589 	 0
1787327860370 	 14 	 200 	 1590 	 0
1787327860560 	 29 	 200 	 1591 	 0
1787327860634 	 34 	 200 	 1592 	 0
1787327860790 	 17 	 200 	 1593 	 0
1787327861095 	 20 	 200 	 1594 	 0
1787327861508 	 16 	 200 	 1596 	 1
1787327861518 	 14 	 200 	 1596 	 0
1787327861917 	 20 	 200 	 1597 	 0
1787327862297 	 25 	 200 	 1598 	 0
1787327862672 	 21 	 200 	 1599 	 0
1787327862749 	 16 	 200 	 1602 	 2
1787327862756 	 16 	 200 	 1602 	 1
1787327862764 	 13 	 200 	 1602 	 0
1787327862795 	 15 	 200 	 1603 	 0
1787327862986 	 16 	 200 	 1604 	 0
1787327863221 	 14 	 200 	 1606 	 1
1787327863234 	 16 	 200 	 1606 	 0
1787327863299 	 13 	 200 	 1607 	 0
1787327863407 	 20 	 200 	 1608 	 0
1787327863524 	 42 	 200 	 1609 	 0
1787327863629 	 14 	 200 	 1610 	 0
1787327863728 	 14 	 200 	 1611 	 0
1787327863803 	 22 	 200 	 1612 	 0
1787327864280 	 12 	 200 	 1613 	 0
1787327864375 	 17 	 200 	 1614 	 0
1787327864975 	 33 	 200 	 1616 	 1
1787327865002 	 33 	 200 	 1616 	 0
1787327865199 	 13 	 200 	 1618 	 1
1787327865199 	 16 	 200 	 1618 	 0
1787327865604 	 16 	 200 	 1619 	 0
1787327866214 	 15 	 200 	 1620 	 0
1787327866446 	 12 	 200 	 1621 	 0
1787327866693 	 33 	 200 	 1623 	 1
1787327866705 	 23 	 200 	 1623 	 0
1787327866798 	 15 	 200 	 1624 	 0
1787327866917 	 32 	 200 	 1625 	 0
1787327867004 	 26 	 200 	 1626 	 0
1787327867474 	 14 	 200 	 1627 	 0
1787327867537 	 17 	 200 	 1628 	 0
1787327867640 	 17 	 200 	 1629 	 0
1787327867661 	 12 	 200 	 1630 	 0
1787327867766 	 27 	 200 	 1631 	 0
1787327867966 	 34 	 200 	 1632 	 0
1787327868180 	 15 	 200 	 1633 	 0
1787327868265 	 16 	 200 	 1635 	 1
1787327868272 	 21 	 200 	 1635 	 0
1787327868543 	 14 	 200 	 1636 	 0
1787327868683 	 20 	 200 	 1637 	 0
1787327869052 	 31 	 200 	 1639 	 1
1787327869056 	 30 	 200 	 1639 	 0
1787327869128 	 12 	 200 	 1640 	 0
1787327869185 	 16 	 200 	 1641 	 0
1787327870035 	 37 	 200 	 1642 	 0
1787327870126 	 19 	 200 	 1643 	 0
1787327870228 	 20 	 200 	 1644 	 0
1787327870573 	 36 	 200 	 1645 	 0
1787327870632 	 14 	 200 	 1646 	 0
1787327870790 	 21 	 200 	 1647 	 0
1787327870838 	 33 	 200 	 1648 	 0
1787327870926 	 37 	 200 	 1649 	 0
1787327871011 	 16 	 200 	 1650 	 0
1787327871190 	 15 	 200 	 1651 	 0
1787327871231 	 19 	 200 	 1652 	 0
1787327871285 	 19 	 200 	 1654 	 1
1787327871304 	 16 	 200 	 1654 	 0
1787327871629 	 16 	 200 	 1655 	 0
1787327871652 	 13 	 200 	 1656 	 0
1787327871763 	 13 	 200 	 1657 	 0
1787327872046 	 19 	 200 	 1658 	 0
1787327872102 	 14 	 200 	 1659 	 0
1787327872408 	 29 	 200 	 1660 	 0
1787327872501 	 20 	 200 	 1661 	 0
1787327873004 	 36 	 200 	 1663 	 1
1787327873022 	 33 	 200 	 1663 	 0
1787327873157 	 26 	 200 	 1664 	 0
1787327873467 	 21 	 200 	 1665 	 0
1787327873554 	 32 	 200 	 1666 	 0
1787327874757 	 15 	 200 	 1668 	 1
1787327874767 	 16 	 200 	 1669 	 1
1787327874774 	 23 	 200 	 1669 	 0
1787327875115 	 18 	 200 	 1670 	 0
1787327875148 	 12 	 200 	 1671 	 0
1787327875338 	 15 	 200 	 1672 	 0
1787327875547 	 25 	 200 	 1673 	 0
1787327875608 	 13 	 200 	 1674 	 0
1787327875660 	 13 	 200 	 1675 	 0
1787327875756 	 13 	 200 	 1676 	 0
1787327875859 	 28 	 200 	 1677 	 0
1787327875981 	 35 	 200 	 1680 	 2
1787327876000 	 25 	 200 	 1680 	 1
1787327876018 	 14 	 200 	 1680 	 0
1787327876073 	 13 	 200 	 1681 	 0
1787327876123 	 19 	 200 	 1682 	 0
1787327876325 	 12 	 200 	 1683 	 0
1787327876346 	 14 	 200 	 1684 	 0
1787327876367 	 14 	 200 	 1685 	 0
1787327876483 	 14 	 200 	 1686 	 0
1787327876586 	 17 	 200 	 1687 	 0
1787327876640 	 14 	 200 	 1688 	 0
1787327876879 	 32 	 200 	 1689 	 0
1787327877082 	 42 	 200 	 1690 	 0
1787327877158 	 13 	 200 	 1691 	 0
1787327877519 	 25 	 200 	 1692 	 0
1787327877772 	 14 	 200 	 1693 	 0
1787327877974 	 16 	 200 	 1694 	 0
1787327878023 	 15 	 200 	 1695 	 0
1787327878190 	 33 	 200 	 1696 	 0
1787327878339 	 34 	 200 	 1697 	 0
1787327878460 	 13 	 200 	 1698 	 0
1787327878680 	 13 	 200 	 1699 	 0
1787327878805 	 30 	 200 	 1701 	 1
1787327878828 	 30 	 200 	 1701 	 0
1787327879038 	 13 	 200 	 1702 	 0
1787327879063 	 14 	 200 	 1703 	 0
1787327879128 	 27 	 200 	 1704 	 0
1787327879509 	 21 	 200 	 1705 	 0
1787327879666 	 14 	 200 	 1706 	 0
1787327879778 	 13 	 200 	 1707 	 0
1787327879816 	 27 	 200 	 1708 	 0
1787327880302 	 22 	 200 	 1709 	 0
1787327880435 	 31 	 200 	 1711 	 1
1787327880443 	 35 	 200 	 1711 	 0
1787327880865 	 18 	 200 	 1713 	 1
1787327880629 	 258 	 200 	 1713 	 0
1787327881047 	 16 	 200 	 1715 	 1
1787327881063 	 15 	 200 	 1715 	 0
1787327881616 	 24 	 200 	 1717 	 1
1787327881624 	 28 	 200 	 1717 	 0
1787327882061 	 33 	 200 	 1718 	 0
1787327882209 	 18 	 200 	 1719 	 0
1787327882325 	 24 	 200 	 1720 	 0
1787327882609 	 25 	 200 	 1721 	 0
1787327882690 	 13 	 200 	 1722 	 0
1787327882968 	 28 	 200 	 1723 	 0
1787327883184 	 36 	 200 	 1724 	 0
1787327883309 	 13 	 200 	 1725 	 0
1787327883449 	 13 	 200 	 1726 	 0
1787327883488 	 14 	 200 	 1727 	 0
1787327883523 	 14 	 200 	 1728 	 0
1787327883538 	 17 	 200 	 1729 	 0
1787327883624 	 14 	 200 	 1730 	 0
1787327883653 	 14 	 200 	 1731 	 0
1787327883898 	 28 	 200 	 1732 	 0
1787327883954 	 12 	 200 	 1733 	 0
1787327884109 	 19 	 200 	 1734 	 0
1787327884172 	 33 	 200 	 1735 	 0
1787327884446 	 15 	 200 	 1736 	 0
1787327884579 	 19 	 200 	 1737 	 0
1787327884701 	 18 	 200 	 1738 	 0
1787327885189 	 39 	 200 	 1739 	 0
1787327885511 	 26 	 200 	 1740 	 0
1787327885684 	 14 	 200 	 1741 	 0
1787327885798 	 22 	 200 	 1742 	 0
1787327885939 	 32 	 200 	 1743 	 0
1787327886165 	 20 	 200 	 1744 	 0
1787327886515 	 18 	 200 	 1746 	 1
1787327886529 	 13 	 200 	 1746 	 0
1787327887365 	 13 	 200 	 1747 	 0
1787327887471 	 17 	 200 	 1748 	 0
1787327887502 	 13 	 200 	 1749 	 0
1787327888030 	 16 	 200 	 1750 	 0
1787327888149 	 15 	 200 	 1751 	 0
1787327888316 	 17 	 200 	 1752 	 0
1787327888404 	 32 	 200 	 1754 	 1
1787327888411 	 27 	 200 	 1754 	 0
1787327888485 	 15 	 200 	 1755 	 0
1787327888511 	 17 	 200 	 1756 	 0
1787327888575 	 15 	 200 	 1757 	 0
1787327889045 	 18 	 200 	 1758 	 0
1787327889250 	 26 	 200 	 1759 	 0
1787327889494 	 13 	 200 	 1760 	 0
1787327889864 	 37 	 200 	 1761 	 0
1787327890223 	 13 	 200 	 1762 	 0
1787327891124 	 14 	 200 	 1763 	 0
1787327891188 	 13 	 200 	 1764 	 0
1787327891215 	 13 	 200 	 1765 	 0
1787327891283 	 20 	 200 	 1766 	 0
1787327891381 	 15 	 200 	 1767 	 0
1787327891563 	 19 	 200 	 1768 	 0
1787327892275 	 12 	 200 	 1769 	 0
1787327892682 	 25 	 200 	 1771 	 1
1787327892874 	 17 	 200 	 1772 	 1
1787327892622 	 375 	 200 	 1773 	 1
1787327892984 	 14 	 200 	 1773 	 0
1787327893056 	 17 	 200 	 1774 	 0
1787327893194 	 13 	 200 	 1775 	 0
1787327893494 	 15 	 200 	 1776 	 0
1787327893582 	 19 	 200 	 1778 	 1
1787327893599 	 15 	 200 	 1778 	 0
1787327893665 	 31 	 200 	 1779 	 0
1787327893941 	 37 	 200 	 1780 	 0
1787327894019 	 13 	 200 	 1781 	 0
1787327894229 	 14 	 200 	 1782 	 0
1787327894276 	 19 	 200 	 1783 	 0
1787327894321 	 13 	 200 	 1784 	 0
1787327894536 	 13 	 200 	 1785 	 0
1787327894589 	 12 	 200 	 1786 	 0
1787327894806 	 12 	 200 	 1787 	 0
1787327894860 	 38 	 200 	 1788 	 0
1787327895411 	 20 	 200 	 1790 	 1
1787327895428 	 22 	 200 	 1790 	 0
1787327895754 	 13 	 200 	 1791 	 0
1787327896056 	 13 	 200 	 1792 	 0
1787327896215 	 15 	 200 	 1793 	 0
1787327896390 	 31 	 200 	 1794 	 0
1787327896466 	 12 	 200 	 1795 	 0
1787327896592 	 42 	 200 	 1796 	 0
1787327896792 	 16 	 200 	 1797 	 0
1787327897386 	 20 	 200 	 1798 	 0
1787327897417 	 14 	 200 	 1799 	 0
1787327897541 	 13 	 200 	 1800 	 0
1787327897926 	 23 	 200 	 1801 	 0
1787327898000 	 15 	 200 	 1802 	 0
1787327898554 	 13 	 200 	 1803 	 0
1787327898598 	 29 	 200 	 1804 	 0
1787327898829 	 13 	 200 	 1805 	 0
1787327899032 	 19 	 200 	 1806 	 0
1787327899156 	 17 	 200 	 1807 	 0
1787327899556 	 14 	 200 	 1808 	 0
1787327899591 	 13 	 200 	 1809 	 0
1787327899645 	 16 	 200 	 1810 	 0
1787327900178 	 17 	 200 	 1811 	 0
1787327900599 	 13 	 200 	 1812 	 0
1787327900965 	 37 	 200 	 1813 	 0
1787327901442 	 13 	 200 	 1814 	 0
1787327901506 	 13 	 200 	 1815 	 0
1787327901537 	 13 	 200 	 1816 	 0
1787327901742 	 30 	 200 	 1817 	 0
1787327902079 	 37 	 200 	 1818 	 0
1787327902379 	 17 	 200 	 1819 	 0
1787327902449 	 13 	 200 	 1820 	 0
1787327902492 	 14 	 200 	 1821 	 0
1787327902554 	 15 	 200 	 1823 	 1
1787327902565 	 15 	 200 	 1823 	 0
1787327902939 	 14 	 200 	 1824 	 0
1787327903116 	 17 	 200 	 1825 	 0
1787327903252 	 14 	 200 	 1826 	 0
1787327903423 	 15 	 200 	 1827 	 0
1787327903700 	 43 	 200 	 1829 	 1
1787327903730 	 32 	 200 	 1831 	 2
1787327903745 	 18 	 200 	 1831 	 1
1787327903752 	 15 	 200 	 1831 	 0
1787327903835 	 34 	 200 	 1832 	 0
1787327903948 	 35 	 200 	 1833 	 0
1787327904007 	 24 	 200 	 1835 	 1
1787327904012 	 20 	 200 	 1835 	 0
1787327904365 	 12 	 200 	 1836 	 0
1787327904514 	 17 	 200 	 1837 	 0
1787327904649 	 12 	 200 	 1838 	 0
1787327905027 	 22 	 200 	 1839 	 0
1787327905211 	 13 	 200 	 1840 	 0
1787327905814 	 14 	 200 	 1841 	 0
1787327906192 	 14 	 200 	 1842 	 0
1787327906309 	 15 	 200 	 1843 	 0
1787327906337 	 14 	 200 	 1845 	 1
1787327906347 	 15 	 200 	 1845 	 0
1787327906384 	 15 	 200 	 1846 	 0
1787327906495 	 14 	 200 	 1847 	 0
1787327906523 	 15 	 200 	 1848 	 0
1787327906572 	 13 	 200 	 1849 	 0
1787327907058 	 14 	 200 	 1850 	 0
1787327907549 	 13 	 200 	 1851 	 0
1787327907854 	 35 	 200 	 1852 	 0
1787327908259 	 27 	 200 	 1853 	 0
1787327908311 	 13 	 200 	 1854 	 0
1787327908509 	 14 	 200 	 1855 	 0
1787327908640 	 30 	 200 	 1857 	 1
1787327908664 	 16 	 200 	 1857 	 0
1787327908980 	 14 	 200 	 1858 	 0
1787327909138 	 13 	 200 	 1859 	 0
1787327909273 	 18 	 200 	 1860 	 0
1787327909350 	 16 	 200 	 1861 	 0
1787327909438 	 14 	 200 	 1862 	 0
1787327909550 	 15 	 200 	 1863 	 0
1787327909849 	 19 	 200 	 1866 	 2
1787327909761 	 108 	 200 	 1866 	 1
1787327909904 	 17 	 200 	 1867 	 1
1787327909976 	 92 	 200 	 1868 	 1
1787327909659 	 414 	 200 	 1868 	 0
1787327910080 	 13 	 200 	 1869 	 0
1787327910564 	 13 	 200 	 1870 	 0
1787327910638 	 17 	 200 	 1872 	 1
1787327910645 	 16 	 200 	 1872 	 0
1787327910683 	 12 	 200 	 1873 	 0
1787327910894 	 30 	 200 	 1874 	 0
1787327911026 	 14 	 200 	 1875 	 0
1787327911120 	 17 	 200 	 1876 	 0
1787327911387 	 15 	 200 	 1877 	 0
1787327911628 	 13 	 200 	 1878 	 0
1787327911656 	 15 	 200 	 1879 	 0
1787327911712 	 16 	 200 	 1881 	 1
1787327911719 	 16 	 200 	 1881 	 0
1787327911856 	 33 	 200 	 1882 	 0
1787327912663 	 15 	 200 	 1883 	 0
1787327912767 	 18 	 200 	 1884 	 0
1787327913504 	 24 	 200 	 1885 	 0
1787327913778 	 15 	 200 	 1886 	 0
1787327913966 	 16 	 200 	 1887 	 0
1787327914018 	 12 	 200 	 1888 	 0
1787327914275 	 16 	 200 	 1889 	 0
1787327914403 	 15 	 200 	 1890 	 0
1787327914541 	 17 	 200 	 1891 	 0
1787327914607 	 15 	 200 	 1892 	 0
1787327914687 	 12 	 200 	 1893 	 0
1787327914719 	 23 	 200 	 1894 	 0
1787327914865 	 15 	 200 	 1896 	 1
1787327914877 	 12 	 200 	 1896 	 0
1787327914897 	 13 	 200 	 1897 	 0
1787327915179 	 31 	 200 	 1898 	 0
1787327915535 	 12 	 200 	 1899 	 0
1787327915636 	 13 	 200 	 1900 	 0
1787327915797 	 27 	 200 	 1901 	 0
1787327916380 	 37 	 200 	 1902 	 0
1787327916456 	 29 	 200 	 1903 	 0
1787327916858 	 34 	 200 	 1904 	 0
1787327916895 	 21 	 200 	 1905 	 0
1787327917003 	 15 	 200 	 1906 	 0
1787327917057 	 15 	 200 	 1907 	 0
1787327917341 	 19 	 200 	 1908 	 0
1787327917641 	 17 	 200 	 1909 	 0
1787327917969 	 30 	 200 	 1910 	 0
1787327918195 	 33 	 200 	 1911 	 0
1787327918593 	 13 	 200 	 1912 	 0
1787327918756 	 15 	 200 	 1913 	 0
1787327919177 	 14 	 200 	 1914 	 0
1787327919240 	 19 	 200 	 1915 	 0
1787327919429 	 14 	 200 	 1916 	 0
1787327919655 	 21 	 200 	 1917 	 0
1787327919820 	 16 	 200 	 1918 	 0
1787327919917 	 15 	 200 	 1919 	 0
1787327920041 	 34 	 200 	 1920 	 0
1787327920307 	 14 	 200 	 1921 	 0
1787327920459 	 13 	 200 	 1922 	 0
1787327920812 	 33 	 200 	 1923 	 0
1787327920856 	 11 	 200 	 1924 	 0
1787327921464 	 29 	 200 	 1925 	 0
1787327921556 	 19 	 200 	 1926 	 0
1787327921584 	 14 	 200 	 1927 	 0
1787327921955 	 29 	 200 	 1928 	 0
1787327922228 	 16 	 200 	 1929 	 0
1787327922319 	 16 	 200 	 1930 	 0
1787327922560 	 18 	 200 	 1931 	 0
1787327922628 	 13 	 200 	 1932 	 0
1787327922917 	 19 	 200 	 1933 	 0
1787327922940 	 13 	 200 	 1934 	 0
1787327923137 	 19 	 200 	 1935 	 0
1787327923240 	 18 	 200 	 1936 	 0
1787327923439 	 20 	 200 	 1937 	 0
1787327923466 	 13 	 200 	 1938 	 0
1787327923740 	 19 	 200 	 1939 	 0
1787327923837 	 12 	 200 	 1940 	 0
1787327923869 	 37 	 200 	 1941 	 0
1787327924277 	 13 	 200 	 1942 	 0
1787327924721 	 17 	 200 	 1943 	 0
1787327924993 	 18 	 200 	 1944 	 0
1787327925363 	 16 	 200 	 1945 	 0
1787327925389 	 15 	 200 	 1946 	 0
1787327925430 	 25 	 200 	 1947 	 0
1787327925751 	 14 	 200 	 1948 	 0
1787327926015 	 13 	 200 	 1949 	 0
1787327926059 	 13 	 200 	 1950 	 0
1787327926200 	 21 	 200 	 1951 	 0
1787327926371 	 17 	 200 	 1952 	 0
1787327926421 	 14 	 200 	 1953 	 0
1787327926505 	 12 	 200 	 1954 	 0
1787327926666 	 15 	 200 	 1955 	 0
1787327926838 	 15 	 200 	 1956 	 0
1787327926979 	 12 	 200 	 1957 	 0
1787327927464 	 13 	 200 	 1958 	 0
1787327928013 	 19 	 200 	 1959 	 0
1787327928219 	 15 	 200 	 1960 	 0
1787327928425 	 37 	 200 	 1961 	 0
1787327928812 	 14 	 200 	 1962 	 0
1787327929147 	 17 	 200 	 1963 	 0
1787327929166 	 12 	 200 	 1964 	 0
1787327929655 	 25 	 200 	 1965 	 0
1787327929737 	 14 	 200 	 1966 	 0
1787327929867 	 17 	 200 	 1967 	 0
1787327929911 	 15 	 200 	 1968 	 0
1787327930023 	 38 	 200 	 1969 	 0
1787327930512 	 36 	 200 	 1970 	 0
1787327931016 	 23 	 200 	 1971 	 0
1787327931045 	 15 	 200 	 1972 	 0
1787327931355 	 15 	 200 	 1975 	 2
1787327931357 	 14 	 200 	 1975 	 1
1787327931361 	 33 	 200 	 1975 	 0
1787327931417 	 20 	 200 	 1976 	 0
1787327931477 	 28 	 200 	 1978 	 1
1787327931498 	 21 	 200 	 1978 	 0
1787327931549 	 17 	 200 	 1979 	 0
1787327931696 	 14 	 200 	 1980 	 0
1787327931734 	 14 	 200 	 1981 	 0
1787327932412 	 33 	 200 	 1982 	 0
1787327932667 	 13 	 200 	 1984 	 1
1787327932671 	 21 	 200 	 1984 	 0
1787327932896 	 25 	 200 	 1985 	 0
1787327932939 	 13 	 200 	 1986 	 0
1787327932978 	 14 	 200 	 1987 	 0
1787327933209 	 37 	 200 	 1988 	 0
1787327933362 	 14 	 200 	 1989 	 0
1787327933845 	 14 	 200 	 1990 	 0
1787327934060 	 14 	 200 	 1991 	 0
1787327934087 	 15 	 200 	 1992 	 0
1787327934107 	 16 	 200 	 1993 	 0
1787327934233 	 14 	 200 	 1994 	 0
1787327934426 	 33 	 200 	 1995 	 0
1787327934704 	 23 	 200 	 1996 	 0
1787327934893 	 14 	 200 	 1997 	 0
1787327935328 	 17 	 200 	 1999 	 1
1787327935339 	 13 	 200 	 1999 	 0
1787327935371 	 15 	 200 	 2000 	 0
1787327935692 	 26 	 200 	 2002 	 1
1787327935709 	 15 	 200 	 2002 	 0
1787327935731 	 14 	 200 	 2003 	 0
1787327936243 	 15 	 200 	 2004 	 0
1787327936585 	 30 	 200 	 2005 	 0
1787327936748 	 13 	 200 	 2006 	 0
1787327936803 	 21 	 200 	 2007 	 0
1787327937536 	 40 	 200 	 2008 	 0
1787327937625 	 16 	 200 	 2009 	 0
1787327937918 	 13 	 200 	 2010 	 0
1787327938101 	 31 	 200 	 2011 	 0
1787327938239 	 16 	 200 	 2012 	 0
1787327938748 	 15 	 200 	 2013 	 0
1787327938995 	 16 	 200 	 2014 	 0
1787327939157 	 27 	 200 	 2015 	 0
1787327939504 	 23 	 200 	 2016 	 0
1787327939796 	 15 	 200 	 2017 	 0
1787327939987 	 23 	 200 	 2018 	 0
1787327940089 	 27 	 200 	 2020 	 1
1787327940118 	 14 	 200 	 2020 	 0
1787327940461 	 17 	 200 	 2021 	 0
1787327940607 	 14 	 200 	 2022 	 0
1787327941030 	 15 	 200 	 2023 	 0
1787327941573 	 13 	 200 	 2024 	 0
1787327941788 	 16 	 200 	 2025 	 0
1787327942040 	 13 	 200 	 2026 	 0
1787327942122 	 14 	 200 	 2028 	 1
1787327942136 	 16 	 200 	 2028 	 0
1787327942219 	 14 	 200 	 2029 	 0
1787327942482 	 37 	 200 	 2031 	 1
1787327942519 	 16 	 200 	 2031 	 0
1787327942658 	 38 	 200 	 2032 	 0
1787327942702 	 14 	 200 	 2033 	 0
1787327942926 	 33 	 200 	 2034 	 0
1787327942985 	 15 	 200 	 2035 	 0
1787327943039 	 13 	 200 	 2036 	 0
1787327943260 	 12 	 200 	 2037 	 0
1787327943359 	 36 	 200 	 2038 	 0
1787327943772 	 16 	 200 	 2039 	 0
1787327943976 	 17 	 200 	 2040 	 0
1787327944101 	 13 	 200 	 2041 	 0
1787327944366 	 26 	 200 	 2042 	 0
1787327944465 	 13 	 200 	 2043 	 0
1787327944480 	 12 	 200 	 2044 	 0
1787327944560 	 15 	 200 	 2045 	 0
1787327944816 	 16 	 200 	 2046 	 0
1787327944845 	 13 	 200 	 2047 	 0
1787327945566 	 17 	 200 	 2048 	 0
1787327945751 	 15 	 200 	 2049 	 0
1787327945845 	 25 	 200 	 2050 	 0
1787327946252 	 30 	 200 	 2051 	 0
1787327946458 	 13 	 200 	 2052 	 0
1787327946644 	 19 	 200 	 2053 	 0
1787327946806 	 13 	 200 	 2054 	 0
1787327946878 	 35 	 200 	 2056 	 1
1787327946913 	 14 	 200 	 2056 	 0
1787327946964 	 14 	 200 	 2057 	 0
1787327947636 	 15 	 200 	 2058 	 0
1787327947665 	 14 	 200 	 2059 	 0
1787327947956 	 21 	 200 	 2060 	 0
1787327948259 	 12 	 200 	 2061 	 0
1787327948506 	 19 	 200 	 2062 	 0
1787327948681 	 13 	 200 	 2063 	 0
1787327948969 	 16 	 200 	 2064 	 0
1787327949191 	 18 	 200 	 2065 	 0
1787327949411 	 25 	 200 	 2066 	 0
1787327949482 	 26 	 200 	 2067 	 0
1787327950186 	 14 	 200 	 2068 	 0
1787327950263 	 14 	 200 	 2069 	 0
1787327950403 	 23 	 200 	 2070 	 0
1787327950788 	 28 	 200 	 2071 	 0
1787327950845 	 32 	 200 	 2073 	 1
1787327950848 	 41 	 200 	 2073 	 0
1787327950960 	 47 	 200 	 2074 	 0
1787327951311 	 15 	 200 	 2075 	 0
1787327951658 	 20 	 200 	 2076 	 0
1787327952175 	 24 	 200 	 2077 	 0
1787327952300 	 19 	 200 	 2078 	 0
1787327952321 	 13 	 200 	 2079 	 0
1787327952639 	 16 	 200 	 2082 	 2
1787327952644 	 23 	 200 	 2082 	 1
1787327952656 	 15 	 200 	 2082 	 0
1787327952898 	 43 	 200 	 2085 	 2
1787327952923 	 33 	 200 	 2085 	 1
1787327952937 	 25 	 200 	 2085 	 0
1787327953113 	 15 	 200 	 2086 	 0
1787327953595 	 14 	 200 	 2087 	 0
1787327953886 	 32 	 200 	 2088 	 0
1787327954268 	 13 	 200 	 2089 	 0
1787327954493 	 27 	 200 	 2090 	 0
1787327954853 	 12 	 200 	 2091 	 0
1787327954973 	 13 	 200 	 2092 	 0
1787327955056 	 34 	 200 	 2093 	 0
1787327955308 	 18 	 200 	 2094 	 0
1787327955388 	 14 	 200 	 2095 	 0
1787327955461 	 26 	 200 	 2097 	 1
1787327955484 	 13 	 200 	 2097 	 0
1787327956025 	 32 	 200 	 2098 	 0
1787327956367 	 19 	 200 	 2099 	 0
1787327956577 	 26 	 200 	 2100 	 0
1787327956643 	 16 	 200 	 2101 	 0
1787327956893 	 16 	 200 	 2102 	 0
1787327956927 	 18 	 200 	 2103 	 0
1787327957038 	 13 	 200 	 2104 	 0
1787327957071 	 20 	 200 	 2105 	 0
1787327957190 	 19 	 200 	 2106 	 0
1787327957233 	 13 	 200 	 2108 	 1
1787327957238 	 21 	 200 	 2108 	 0
1787327957265 	 15 	 200 	 2109 	 0
1787327957341 	 13 	 200 	 2110 	 0
1787327957527 	 13 	 200 	 2111 	 0
1787327957664 	 26 	 200 	 2113 	 1
1787327957674 	 21 	 200 	 2113 	 0
1787327957915 	 33 	 200 	 2114 	 0
1787327958002 	 26 	 200 	 2115 	 0
1787327958068 	 16 	 200 	 2117 	 1
1787327958064 	 23 	 200 	 2117 	 0
1787327958343 	 15 	 200 	 2118 	 0
1787327958693 	 17 	 200 	 2119 	 0
1787327958745 	 21 	 200 	 2121 	 1
1787327958761 	 16 	 200 	 2121 	 0
1787327958953 	 54 	 200 	 2122 	 0
1787327959063 	 16 	 200 	 2123 	 0
1787327959225 	 15 	 200 	 2124 	 0
1787327959542 	 16 	 200 	 2125 	 0
1787327959642 	 16 	 200 	 2126 	 0
1787327959733 	 14 	 200 	 2127 	 0
1787327960046 	 15 	 200 	 2128 	 0
1787327960068 	 14 	 200 	 2129 	 0
1787327960114 	 15 	 200 	 2130 	 0
1787327960441 	 37 	 200 	 2132 	 1
1787327960479 	 18 	 200 	 2132 	 0
1787327960535 	 15 	 200 	 2133 	 0
1787327960592 	 17 	 200 	 2134 	 0
1787327960650 	 13 	 200 	 2135 	 0
1787327960685 	 18 	 200 	 2136 	 0
1787327960803 	 22 	 200 	 2137 	 0
1787327961115 	 17 	 200 	 2139 	 1
1787327961119 	 15 	 200 	 2139 	 0
1787327961436 	 15 	 200 	 2140 	 0
1787327961470 	 15 	 200 	 2142 	 1
1787327961482 	 13 	 200 	 2142 	 0
1787327961498 	 13 	 200 	 2143 	 0
1787327961558 	 16 	 200 	 2145 	 1
1787327961560 	 14 	 200 	 2145 	 0
1787327961591 	 14 	 200 	 2146 	 0
1787327961642 	 15 	 200 	 2147 	 0
1787327961669 	 12 	 200 	 2148 	 0
1787327961813 	 13 	 200 	 2149 	 0
1787327961935 	 16 	 200 	 2150 	 0
1787327961959 	 14 	 200 	 2151 	 0
1787327961987 	 12 	 200 	 2152 	 0
1787327962015 	 16 	 200 	 2153 	 0
1787327962037 	 15 	 200 	 2154 	 0
1787327962464 	 19 	 200 	 2155 	 0
1787327963007 	 37 	 200 	 2156 	 0
1787327963276 	 13 	 200 	 2157 	 0
1787327963436 	 18 	 200 	 2158 	 0
1787327963654 	 13 	 200 	 2159 	 0
1787327963688 	 13 	 200 	 2160 	 0
1787327963737 	 14 	 200 	 2161 	 0
1787327963925 	 34 	 200 	 2162 	 0
1787327964079 	 12 	 200 	 2163 	 0
1787327964204 	 16 	 200 	 2164 	 0
1787327964412 	 14 	 200 	 2165 	 0
1787327964920 	 13 	 200 	 2166 	 0
1787327965081 	 14 	 200 	 2167 	 0
1787327965522 	 28 	 200 	 2168 	 0
1787327965756 	 15 	 200 	 2169 	 0
1787327965824 	 13 	 200 	 2170 	 0
1787327967078 	 14 	 200 	 2172 	 1
1787327967075 	 33 	 200 	 2173 	 1
1787327967103 	 15 	 200 	 2174 	 1
1787327967111 	 14 	 200 	 2174 	 0
1787327967582 	 15 	 200 	 2175 	 0
1787327967899 	 40 	 200 	 2176 	 0
1787327967990 	 23 	 200 	 2178 	 1
1787327968010 	 14 	 200 	 2178 	 0
1787327968110 	 15 	 200 	 2179 	 0
1787327968724 	 12 	 200 	 2180 	 0
1787327968804 	 12 	 200 	 2181 	 0
1787327969218 	 12 	 200 	 2182 	 0
1787327969550 	 17 	 200 	 2184 	 1
1787327969557 	 25 	 200 	 2184 	 0
1787327969779 	 14 	 200 	 2185 	 0
1787327969842 	 34 	 200 	 2186 	 0
1787327970341 	 12 	 200 	 2187 	 0
1787327970578 	 14 	 200 	 2189 	 1
1787327970576 	 16 	 200 	 2189 	 0
1787327970763 	 12 	 200 	 2190 	 0
1787327970831 	 14 	 200 	 2191 	 0
1787327971009 	 26 	 200 	 2192 	 0
1787327971369 	 16 	 200 	 2193 	 0
1787327971479 	 16 	 200 	 2195 	 1
1787327971489 	 18 	 200 	 2195 	 0
1787327971693 	 14 	 200 	 2196 	 0
1787327972193 	 12 	 200 	 2197 	 0
1787327972532 	 17 	 200 	 2198 	 0
1787327973002 	 25 	 200 	 2199 	 0
1787327973115 	 13 	 200 	 2200 	 0
1787327973146 	 16 	 200 	 2201 	 0
1787327973715 	 16 	 200 	 2203 	 1
1787327973723 	 15 	 200 	 2203 	 0
1787327973902 	 31 	 200 	 2204 	 0
1787327974346 	 16 	 200 	 2205 	 0
1787327974487 	 16 	 200 	 2206 	 0
1787327974767 	 13 	 200 	 2207 	 0
1787327974875 	 13 	 200 	 2208 	 0
1787327975067 	 36 	 200 	 2209 	 0
1787327975382 	 17 	 200 	 2210 	 0
1787327975452 	 14 	 200 	 2211 	 0
1787327975750 	 16 	 200 	 2212 	 0
1787327975878 	 15 	 200 	 2213 	 0
1787327975953 	 35 	 200 	 2214 	 0
1787327976081 	 16 	 200 	 2216 	 1
1787327976085 	 14 	 200 	 2216 	 0
1787327976285 	 16 	 200 	 2217 	 0
1787327976783 	 13 	 200 	 2218 	 0
1787327976866 	 12 	 200 	 2219 	 0
1787327977111 	 16 	 200 	 2220 	 0
1787327977305 	 22 	 200 	 2221 	 0
1787327977345 	 14 	 200 	 2222 	 0
1787327977420 	 16 	 200 	 2223 	 0
1787327977599 	 13 	 200 	 2224 	 0
1787327977734 	 21 	 200 	 2225 	 0
1787327977813 	 20 	 200 	 2226 	 0
1787327978011 	 19 	 200 	 2227 	 0
1787327978092 	 15 	 200 	 2228 	 0
1787327978159 	 34 	 200 	 2229 	 0
1787327978321 	 14 	 200 	 2230 	 0
1787327978822 	 30 	 200 	 2231 	 0
1787327979083 	 16 	 200 	 2233 	 1
1787327979089 	 24 	 200 	 2233 	 0
1787327979143 	 17 	 200 	 2234 	 0
1787327979208 	 13 	 200 	 2235 	 0
1787327979745 	 18 	 200 	 2236 	 0
1787327979813 	 13 	 200 	 2237 	 0
1787327979889 	 14 	 200 	 2238 	 0
1787327980043 	 32 	 200 	 2239 	 0
1787327980522 	 21 	 200 	 2240 	 0
1787327980694 	 19 	 200 	 2241 	 0
1787327980790 	 13 	 200 	 2242 	 0
1787327981016 	 16 	 200 	 2244 	 1
1787327981023 	 21 	 200 	 2244 	 0
1787327981315 	 14 	 200 	 2245 	 0
1787327981434 	 17 	 200 	 2246 	 0
1787327981697 	 32 	 200 	 2247 	 0
1787327982078 	 13 	 200 	 2248 	 0
1787327982137 	 14 	 200 	 2249 	 0
1787327982337 	 17 	 200 	 2250 	 0
1787327982595 	 14 	 200 	 2251 	 0
1787327982625 	 13 	 200 	 2252 	 0
1787327982737 	 16 	 200 	 2253 	 0
1787327982895 	 31 	 200 	 2255 	 1
1787327982918 	 21 	 200 	 2255 	 0
1787327983195 	 15 	 200 	 2256 	 0
1787327983694 	 31 	 200 	 2257 	 0
1787327984248 	 15 	 200 	 2258 	 0
1787327984300 	 32 	 200 	 2259 	 0
1787327984363 	 32 	 200 	 2260 	 0
1787327984538 	 14 	 200 	 2261 	 0
1787327984574 	 15 	 200 	 2262 	 0
1787327984873 	 13 	 200 	 2263 	 0
1787327984994 	 34 	 200 	 2264 	 0
1787327985234 	 14 	 200 	 2265 	 0
1787327985312 	 19 	 200 	 2266 	 0
1787327985447 	 13 	 200 	 2267 	 0
1787327985496 	 25 	 200 	 2268 	 0
1787327985553 	 30 	 200 	 2270 	 1
1787327985561 	 24 	 200 	 2270 	 0
1787327985620 	 17 	 200 	 2271 	 0
1787327985672 	 13 	 200 	 2272 	 0
1787327985874 	 41 	 200 	 2274 	 1
1787327985909 	 15 	 200 	 2274 	 0
1787327985951 	 22 	 200 	 2275 	 0
1787327986145 	 19 	 200 	 2276 	 0
1787327986419 	 19 	 200 	 2277 	 0
1787327986787 	 16 	 200 	 2278 	 0
1787327986898 	 31 	 200 	 2279 	 0
1787327987062 	 39 	 200 	 2280 	 0
1787327987961 	 40 	 200 	 2283 	 2
1787327987966 	 62 	 200 	 2283 	 1
1787327987997 	 34 	 200 	 2283 	 0
1787327988233 	 16 	 200 	 2284 	 0
1787327988299 	 30 	 200 	 2285 	 0
1787327988340 	 21 	 200 	 2286 	 0
1787327988880 	 18 	 200 	 2287 	 0
1787327988921 	 13 	 200 	 2288 	 0
1787327989012 	 33 	 200 	 2289 	 0
1787327989164 	 14 	 200 	 2291 	 1
1787327989273 	 15 	 200 	 2292 	 1
1787327989373 	 13 	 200 	 2293 	 1
1787327989413 	 35 	 200 	 2295 	 2
1787327989436 	 13 	 200 	 2295 	 1
1787327989090 	 379 	 200 	 2295 	 0
1787327989729 	 16 	 200 	 2296 	 0
1787327989802 	 32 	 200 	 2297 	 0
1787327990169 	 12 	 200 	 2298 	 0
1787327990217 	 13 	 200 	 2299 	 0
1787327990686 	 20 	 200 	 2300 	 0
1787327990759 	 13 	 200 	 2301 	 0
1787327990819 	 14 	 200 	 2302 	 0
1787327991230 	 23 	 200 	 2304 	 1
1787327991249 	 20 	 200 	 2304 	 0
1787327991431 	 19 	 200 	 2305 	 0
1787327991637 	 12 	 200 	 2306 	 0
1787327991833 	 38 	 200 	 2307 	 0
1787327992113 	 19 	 200 	 2308 	 0
1787327992383 	 42 	 200 	 2309 	 0
1787327992482 	 14 	 200 	 2310 	 0
1787327992515 	 14 	 200 	 2311 	 0
1787327992978 	 36 	 200 	 2315 	 3
1787327992989 	 33 	 200 	 2315 	 2
1787327993002 	 27 	 200 	 2315 	 1
1787327992999 	 36 	 200 	 2315 	 0
1787327993141 	 39 	 200 	 2317 	 1
1787327993177 	 14 	 200 	 2317 	 0
1787327993262 	 15 	 200 	 2318 	 0
1787327993283 	 12 	 200 	 2319 	 0
1787327993705 	 14 	 200 	 2320 	 0
1787327994082 	 39 	 200 	 2321 	 0
1787327994129 	 16 	 200 	 2322 	 0
1787327994424 	 13 	 200 	 2323 	 0
1787327994514 	 16 	 200 	 2324 	 0
1787327994931 	 29 	 200 	 2325 	 0
1787327995135 	 23 	 200 	 2326 	 0
1787327995264 	 12 	 200 	 2327 	 0
1787327995289 	 12 	 200 	 2328 	 0
1787327995720 	 16 	 200 	 2329 	 0
1787327995786 	 12 	 200 	 2330 	 0
1787327995871 	 14 	 200 	 2331 	 0
1787327995924 	 32 	 200 	 2332 	 0
1787327995982 	 14 	 200 	 2333 	 0
1787327996227 	 14 	 200 	 2334 	 0
1787327996249 	 17 	 200 	 2335 	 0
1787327996282 	 18 	 200 	 2336 	 0
1787327996421 	 18 	 200 	 2337 	 0
1787327996488 	 15 	 200 	 2338 	 0
1787327996637 	 18 	 200 	 2339 	 0
1787327996784 	 14 	 200 	 2340 	 0
1787327997305 	 18 	 200 	 2341 	 0
1787327997324 	 13 	 200 	 2342 	 0
1787327997762 	 12 	 200 	 2343 	 0
1787327998190 	 13 	 200 	 2345 	 1
1787327998200 	 14 	 200 	 2345 	 0
1787327998414 	 29 	 200 	 2347 	 1
1787327998419 	 38 	 200 	 2347 	 0
1787327998823 	 14 	 200 	 2348 	 0
1787327998889 	 32 	 200 	 2349 	 0
1787327998930 	 14 	 200 	 2350 	 0
1787327999008 	 17 	 200 	 2351 	 0
1787327999284 	 16 	 200 	 2352 	 0
1787327999505 	 19 	 200 	 2353 	 0
1787328000021 	 16 	 200 	 2354 	 0
1787328000112 	 13 	 200 	 2355 	 0
1787328000201 	 13 	 200 	 2356 	 0
1787328000238 	 14 	 200 	 2357 	 0
1787328000368 	 20 	 200 	 2358 	 0
1787328000692 	 19 	 200 	 2359 	 0
1787328001017 	 18 	 200 	 2360 	 0
1787328001125 	 31 	 200 	 2362 	 1
1787328001148 	 16 	 200 	 2363 	 1
1787328001161 	 13 	 200 	 2363 	 0
1787328001196 	 14 	 200 	 2364 	 0
1787328001285 	 14 	 200 	 2365 	 0
1787328001920 	 13 	 200 	 2366 	 0
1787328002000 	 25 	 200 	 2367 	 0
1787328002129 	 15 	 200 	 2368 	 0
1787328002399 	 13 	 200 	 2370 	 1
1787328002371 	 71 	 200 	 2370 	 0
1787328002548 	 17 	 200 	 2371 	 0
1787328002721 	 12 	 200 	 2372 	 0
1787328002738 	 11 	 200 	 2373 	 0
1787328002861 	 18 	 200 	 2374 	 0
1787328002956 	 29 	 200 	 2375 	 0
1787328003020 	 34 	 200 	 2376 	 0
1787328003154 	 15 	 200 	 2377 	 0
1787328003559 	 22 	 200 	 2378 	 0
1787328003780 	 19 	 200 	 2380 	 1
1787328003789 	 13 	 200 	 2380 	 0
1787328003836 	 14 	 200 	 2381 	 0
1787328004841 	 26 	 200 	 2382 	 0
1787328004902 	 14 	 200 	 2383 	 0
1787328005134 	 37 	 200 	 2384 	 0
1787328005418 	 14 	 200 	 2385 	 0
1787328005437 	 14 	 200 	 2387 	 1
1787328005449 	 12 	 200 	 2387 	 0
1787328005823 	 38 	 200 	 2388 	 0
1787328005946 	 29 	 200 	 2389 	 0
1787328006163 	 13 	 200 	 2390 	 0
1787328006545 	 28 	 200 	 2391 	 0
1787328006973 	 22 	 200 	 2392 	 0
1787328007098 	 15 	 200 	 2393 	 0
1787328007586 	 18 	 200 	 2394 	 0
1787328007715 	 15 	 200 	 2395 	 0
1787328008023 	 18 	 200 	 2397 	 1
1787328008000 	 46 	 200 	 2397 	 0
1787328008540 	 14 	 200 	 2398 	 0
1787328008571 	 17 	 200 	 2399 	 0
1787328008660 	 17 	 200 	 2400 	 0
1787328008781 	 16 	 200 	 2401 	 0
1787328008798 	 15 	 200 	 2402 	 0
1787328008851 	 13 	 200 	 2403 	 0
1787328009202 	 13 	 200 	 2404 	 0
1787328009228 	 17 	 200 	 2405 	 0
1787328009339 	 24 	 200 	 2406 	 0
1787328010251 	 17 	 200 	 2407 	 0
1787328010322 	 19 	 200 	 2409 	 1
1787328010325 	 16 	 200 	 2409 	 0
1787328010407 	 14 	 200 	 2410 	 0
1787328010491 	 17 	 200 	 2411 	 0
1787328010524 	 14 	 200 	 2412 	 0
1787328010553 	 14 	 200 	 2413 	 0
1787328011316 	 17 	 200 	 2414 	 0
1787328012059 	 32 	 200 	 2415 	 0
1787328012146 	 29 	 200 	 2417 	 1
1787328012170 	 14 	 200 	 2417 	 0
1787328012243 	 16 	 200 	 2418 	 0
1787328012263 	 14 	 200 	 2419 	 0
1787328012344 	 13 	 200 	 2421 	 1
1787328012351 	 14 	 200 	 2421 	 0
1787328012384 	 16 	 200 	 2423 	 1
1787328012386 	 23 	 200 	 2424 	 1
1787328012512 	 32 	 200 	 2425 	 1
1787328012406 	 143 	 200 	 2425 	 0
1787328012874 	 42 	 200 	 2426 	 0
1787328012981 	 22 	 200 	 2427 	 0
1787328013156 	 15 	 200 	 2428 	 0
1787328013187 	 13 	 200 	 2429 	 0
1787328013202 	 12 	 200 	 2430 	 0
1787328013523 	 12 	 200 	 2431 	 0
1787328013811 	 38 	 200 	 2432 	 0
1787328014529 	 26 	 200 	 2433 	 0
1787328014907 	 13 	 200 	 2435 	 1
1787328014964 	 16 	 200 	 2436 	 1
1787328014854 	 129 	 200 	 2436 	 0
1787328015508 	 30 	 200 	 2437 	 0
1787328015713 	 23 	 200 	 2438 	 0
1787328015799 	 24 	 200 	 2440 	 1
1787328015809 	 39 	 200 	 2440 	 0
1787328016054 	 12 	 200 	 2441 	 0
1787328016549 	 18 	 200 	 2442 	 0
1787328016606 	 13 	 200 	 2443 	 0
1787328016783 	 20 	 200 	 2444 	 0
1787328016942 	 21 	 200 	 2445 	 0
1787328017277 	 15 	 200 	 2446 	 0
1787328017301 	 20 	 200 	 2447 	 0
1787328017790 	 17 	 200 	 2448 	 0
1787328017877 	 26 	 200 	 2449 	 0
1787328018210 	 16 	 200 	 2450 	 0
1787328018642 	 12 	 200 	 2451 	 0
1787328019099 	 15 	 200 	 2452 	 0
1787328019386 	 13 	 200 	 2453 	 0
1787328019579 	 14 	 200 	 2455 	 1
1787328019583 	 16 	 200 	 2455 	 0
1787328019859 	 37 	 200 	 2457 	 1
1787328019872 	 31 	 200 	 2457 	 0
1787328020200 	 20 	 200 	 2458 	 0
1787328020228 	 14 	 200 	 2460 	 1
1787328020229 	 19 	 200 	 2460 	 0
1787328020277 	 16 	 200 	 2462 	 1
1787328020285 	 12 	 200 	 2462 	 0
1787328020306 	 19 	 200 	 2463 	 0
1787328020549 	 36 	 200 	 2464 	 0
1787328020918 	 44 	 200 	 2465 	 0
1787328021712 	 19 	 200 	 2466 	 0
1787328021821 	 35 	 200 	 2467 	 0
1787328021983 	 77 	 200 	 2468 	 0
1787328022070 	 16 	 200 	 2469 	 0
1787328022166 	 15 	 200 	 2470 	 0
1787328022250 	 13 	 200 	 2472 	 1
1787328022254 	 21 	 200 	 2472 	 0
1787328022759 	 13 	 200 	 2473 	 0
1787328022907 	 29 	 200 	 2474 	 0
1787328023092 	 42 	 200 	 2475 	 0
1787328023237 	 15 	 200 	 2476 	 0
1787328023526 	 31 	 200 	 2477 	 0
1787328023598 	 16 	 200 	 2478 	 0
1787328023722 	 14 	 200 	 2479 	 0
1787328023747 	 13 	 200 	 2480 	 0
1787328024190 	 13 	 200 	 2481 	 0
1787328024226 	 12 	 200 	 2482 	 0
1787328024294 	 15 	 200 	 2483 	 0
1787328024379 	 40 	 200 	 2484 	 0
1787328024782 	 13 	 200 	 2485 	 0
1787328024914 	 14 	 200 	 2486 	 0
1787328025075 	 21 	 200 	 2487 	 0
1787328025116 	 12 	 200 	 2488 	 0
1787328025468 	 14 	 200 	 2489 	 0
1787328025501 	 15 	 200 	 2490 	 0
1787328025523 	 12 	 200 	 2491 	 0
1787328025650 	 13 	 200 	 2492 	 0
1787328025683 	 13 	 200 	 2493 	 0
1787328027171 	 16 	 200 	 2494 	 0
1787328027527 	 20 	 200 	 2495 	 0
1787328027697 	 24 	 200 	 2496 	 0
1787328028405 	 19 	 200 	 2497 	 0
1787328028883 	 32 	 200 	 2498 	 0
1787328029075 	 13 	 200 	 2499 	 0
1787328029257 	 20 	 200 	 2500 	 0
1787328029427 	 13 	 200 	 2501 	 0
1787328029595 	 17 	 200 	 2503 	 1
1787328029596 	 21 	 200 	 2503 	 0
1787328029773 	 13 	 200 	 2504 	 0
1787328029881 	 28 	 200 	 2505 	 0
1787328029948 	 13 	 200 	 2506 	 0
1787328030019 	 12 	 200 	 2507 	 0
1787328030160 	 12 	 200 	 2508 	 0
1787328030366 	 15 	 200 	 2509 	 0
1787328030521 	 15 	 200 	 2510 	 0
1787328030654 	 47 	 200 	 2511 	 0
1787328030714 	 13 	 200 	 2512 	 0
1787328030742 	 13 	 200 	 2513 	 0
1787328030774 	 18 	 200 	 2514 	 0
1787328030912 	 14 	 200 	 2515 	 0
1787328031030 	 15 	 200 	 2516 	 0
1787328031100 	 21 	 200 	 2517 	 0
1787328031145 	 12 	 200 	 2518 	 0
1787328031688 	 18 	 200 	 2519 	 0
1787328031836 	 30 	 200 	 2521 	 1
1787328031857 	 32 	 200 	 2521 	 0
1787328032216 	 14 	 200 	 2522 	 0
1787328032451 	 12 	 200 	 2523 	 0
1787328032542 	 12 	 200 	 2524 	 0
1787328032581 	 15 	 200 	 2525 	 0
1787328032855 	 32 	 200 	 2526 	 0
1787328033057 	 23 	 200 	 2528 	 1
1787328033059 	 22 	 200 	 2528 	 0
1787328033122 	 14 	 200 	 2529 	 0
1787328033186 	 24 	 200 	 2530 	 0
1787328033559 	 31 	 200 	 2531 	 0
1787328033815 	 16 	 200 	 2532 	 0
1787328034099 	 23 	 200 	 2533 	 0
1787328034203 	 12 	 200 	 2534 	 0
1787328034451 	 12 	 200 	 2535 	 0
1787328034532 	 16 	 200 	 2536 	 0
1787328034614 	 12 	 200 	 2537 	 0
1787328035034 	 16 	 200 	 2538 	 0
1787328035295 	 13 	 200 	 2539 	 0
1787328036488 	 15 	 200 	 2540 	 0
1787328036821 	 16 	 200 	 2541 	 0
1787328036905 	 25 	 200 	 2542 	 0
1787328036953 	 12 	 200 	 2543 	 0
1787328037034 	 37 	 200 	 2544 	 0
1787328037092 	 21 	 200 	 2545 	 0
1787328037122 	 14 	 200 	 2546 	 0
1787328037165 	 14 	 200 	 2547 	 0
1787328037186 	 14 	 200 	 2548 	 0
1787328037302 	 15 	 200 	 2549 	 0
1787328037545 	 15 	 200 	 2550 	 0
1787328037663 	 14 	 200 	 2551 	 0
1787328037717 	 13 	 200 	 2552 	 0
1787328037908 	 16 	 200 	 2553 	 0
1787328037938 	 12 	 200 	 2554 	 0
1787328037995 	 38 	 200 	 2555 	 0
1787328038153 	 15 	 200 	 2556 	 0
1787328038178 	 13 	 200 	 2558 	 1
1787328038186 	 12 	 200 	 2558 	 0
1787328038339 	 13 	 200 	 2559 	 0
1787328038542 	 16 	 200 	 2560 	 0
1787328038696 	 14 	 200 	 2561 	 0
1787328039046 	 23 	 200 	 2562 	 0
1787328039273 	 14 	 200 	 2563 	 0
1787328039342 	 22 	 200 	 2564 	 0
1787328039463 	 35 	 200 	 2565 	 0
1787328039681 	 13 	 200 	 2566 	 0
1787328040024 	 21 	 200 	 2567 	 0
1787328040739 	 14 	 200 	 2568 	 0
1787328040784 	 12 	 200 	 2569 	 0
1787328040809 	 18 	 200 	 2570 	 0
1787328040924 	 23 	 200 	 2571 	 0
1787328041180 	 14 	 200 	 2572 	 0
1787328041537 	 13 	 200 	 2573 	 0
1787328041584 	 14 	 200 	 2575 	 1
1787328041597 	 15 	 200 	 2575 	 0
1787328042002 	 23 	 200 	 2576 	 0
1787328042063 	 16 	 200 	 2577 	 0
1787328042344 	 16 	 200 	 2578 	 0
1787328042390 	 13 	 200 	 2580 	 1
1787328042398 	 20 	 200 	 2580 	 0
1787328042697 	 16 	 200 	 2581 	 0
1787328043548 	 34 	 200 	 2583 	 1
1787328043557 	 32 	 200 	 2583 	 0
1787328043726 	 19 	 200 	 2584 	 0
1787328043948 	 13 	 200 	 2585 	 0
1787328044137 	 34 	 200 	 2586 	 0
1787328044230 	 15 	 200 	 2587 	 1
1787328044246 	 13 	 200 	 2588 	 0
1787328044391 	 23 	 200 	 2589 	 0
1787328044518 	 33 	 200 	 2591 	 1
1787328044528 	 36 	 200 	 2591 	 0
1787328044592 	 20 	 200 	 2592 	 0
1787328044898 	 37 	 200 	 2593 	 0
1787328045105 	 28 	 200 	 2594 	 0
1787328045643 	 14 	 200 	 2595 	 0
1787328045687 	 16 	 200 	 2596 	 0
1787328046125 	 14 	 200 	 2597 	 0
1787328046336 	 13 	 200 	 2598 	 0
1787328046723 	 13 	 200 	 2599 	 0
1787328046800 	 16 	 200 	 2600 	 0
1787328047336 	 34 	 200 	 2601 	 0
1787328047621 	 14 	 200 	 2602 	 0
1787328047933 	 38 	 200 	 2603 	 0
1787328047998 	 25 	 200 	 2604 	 0
1787328048106 	 19 	 200 	 2605 	 0
1787328048151 	 20 	 200 	 2606 	 0
1787328048593 	 15 	 200 	 2607 	 0
1787328048712 	 15 	 200 	 2608 	 0
1787328048772 	 15 	 200 	 2609 	 0
1787328048853 	 14 	 200 	 2610 	 0
1787328049118 	 13 	 200 	 2611 	 0
1787328049138 	 14 	 200 	 2612 	 0
1787328049652 	 35 	 200 	 2614 	 1
1787328049669 	 32 	 200 	 2614 	 0
1787328050118 	 13 	 200 	 2615 	 0
1787328050217 	 14 	 200 	 2616 	 0
1787328050349 	 13 	 200 	 2618 	 1
1787328050348 	 16 	 200 	 2618 	 0
1787328050730 	 13 	 200 	 2619 	 0
1787328050938 	 13 	 200 	 2620 	 0
1787328051116 	 14 	 200 	 2621 	 0
1787328051315 	 14 	 200 	 2622 	 0
1787328051523 	 15 	 200 	 2623 	 0
1787328052079 	 15 	 200 	 2624 	 0
1787328052129 	 14 	 200 	 2625 	 0
1787328052191 	 15 	 200 	 2626 	 0
1787328052447 	 35 	 200 	 2627 	 0
1787328052782 	 18 	 200 	 2628 	 0
1787328052923 	 40 	 200 	 2629 	 0
1787328053005 	 22 	 200 	 2630 	 0
1787328053101 	 30 	 200 	 2631 	 0
1787328053145 	 13 	 200 	 2632 	 0
1787328053401 	 37 	 200 	 2633 	 0
1787328053731 	 27 	 200 	 2634 	 0
1787328054303 	 24 	 200 	 2635 	 0
1787328054593 	 14 	 200 	 2636 	 0
1787328054641 	 20 	 200 	 2637 	 0
1787328054684 	 14 	 200 	 2638 	 0
1787328054810 	 14 	 200 	 2639 	 0
1787328054982 	 13 	 200 	 2640 	 0
1787328055009 	 59 	 200 	 2641 	 0
1787328055126 	 37 	 200 	 2642 	 0
1787328055169 	 12 	 200 	 2643 	 0
1787328055224 	 24 	 200 	 2644 	 0
1787328055250 	 13 	 200 	 2645 	 0
1787328055423 	 21 	 200 	 2648 	 2
1787328055424 	 21 	 200 	 2648 	 1
1787328055436 	 23 	 200 	 2648 	 0
1787328055467 	 13 	 200 	 2649 	 0
1787328055783 	 15 	 200 	 2650 	 0
1787328055956 	 13 	 200 	 2651 	 0
1787328055973 	 21 	 200 	 2652 	 0
1787328056010 	 17 	 200 	 2653 	 0
1787328056050 	 14 	 200 	 2655 	 1
1787328056053 	 17 	 200 	 2655 	 0
1787328056426 	 14 	 200 	 2656 	 0
1787328057106 	 23 	 200 	 2657 	 0
1787328057469 	 14 	 200 	 2658 	 0
1787328057623 	 17 	 200 	 2659 	 0
1787328057647 	 12 	 200 	 2660 	 0
1787328057852 	 33 	 200 	 2661 	 0
1787328057954 	 12 	 200 	 2662 	 0
1787328057995 	 14 	 200 	 2663 	 0
1787328058078 	 35 	 200 	 2664 	 0
1787328058522 	 16 	 200 	 2665 	 0
1787328058549 	 14 	 200 	 2666 	 0
1787328058793 	 16 	 200 	 2667 	 0
1787328059171 	 33 	 200 	 2668 	 0
1787328059574 	 21 	 200 	 2669 	 0
1787328059858 	 37 	 200 	 2670 	 0
1787328059931 	 19 	 200 	 2671 	 0
1787328060203 	 23 	 200 	 2672 	 0
1787328060270 	 12 	 200 	 2673 	 0
1787328060391 	 13 	 200 	 2674 	 0
1787328060783 	 15 	 200 	 2676 	 1
1787328060799 	 12 	 200 	 2676 	 0
1787328061031 	 29 	 200 	 2677 	 0
1787328061122 	 33 	 200 	 2678 	 0
1787328061194 	 27 	 200 	 2679 	 0
1787328061309 	 15 	 200 	 2680 	 0
1787328061375 	 13 	 200 	 2681 	 0
1787328061526 	 41 	 200 	 2682 	 0
1787328061715 	 58 	 200 	 2683 	 0
1787328061861 	 31 	 200 	 2684 	 0
1787328062180 	 15 	 200 	 2685 	 0
1787328062322 	 25 	 200 	 2686 	 0
1787328062400 	 24 	 200 	 2687 	 0
1787328062458 	 20 	 200 	 2688 	 0
1787328062865 	 14 	 200 	 2690 	 1
1787328062874 	 15 	 200 	 2690 	 0
1787328062981 	 31 	 200 	 2692 	 1
1787328063008 	 24 	 200 	 2692 	 0
1787328063197 	 16 	 200 	 2693 	 0
1787328063218 	 12 	 200 	 2694 	 0
1787328063594 	 14 	 200 	 2695 	 0
1787328063932 	 34 	 200 	 2696 	 0
1787328064020 	 14 	 200 	 2697 	 0
1787328064042 	 21 	 200 	 2698 	 0
1787328064067 	 16 	 200 	 2699 	 0
1787328064631 	 22 	 200 	 2700 	 0
1787328064774 	 12 	 200 	 2701 	 0
1787328065175 	 20 	 200 	 2702 	 0
1787328065214 	 13 	 200 	 2703 	 0
1787328065385 	 15 	 200 	 2704 	 0
1787328065574 	 22 	 200 	 2705 	 0
1787328066099 	 26 	 200 	 2706 	 0
1787328066265 	 16 	 200 	 2707 	 0
1787328066407 	 14 	 200 	 2708 	 0
1787328067621 	 12 	 200 	 2709 	 0
1787328067679 	 36 	 200 	 2711 	 1
1787328067690 	 31 	 200 	 2711 	 0
1787328067895 	 32 	 200 	 2712 	 0
1787328068001 	 31 	 200 	 2713 	 0
1787328068256 	 15 	 200 	 2714 	 0
1787328068824 	 24 	 200 	 2715 	 0
1787328069727 	 14 	 200 	 2716 	 0
1787328070571 	 46 	 200 	 2717 	 0
1787328071258 	 14 	 200 	 2718 	 0
1787328071368 	 23 	 200 	 2719 	 0
1787328071417 	 13 	 200 	 2720 	 0
1787328071576 	 22 	 200 	 2721 	 0
1787328071754 	 13 	 200 	 2722 	 0
1787328071771 	 15 	 200 	 2723 	 0
1787328071891 	 24 	 200 	 2724 	 0
1787328071998 	 46 	 200 	 2725 	 0
1787328072315 	 15 	 200 	 2726 	 0
1787328072370 	 16 	 200 	 2727 	 0
1787328072636 	 13 	 200 	 2728 	 0
1787328072701 	 14 	 200 	 2729 	 0
1787328072794 	 21 	 200 	 2730 	 0
1787328072883 	 39 	 200 	 2731 	 0
1787328073229 	 17 	 200 	 2732 	 0
1787328073322 	 15 	 200 	 2733 	 0
1787328073455 	 12 	 200 	 2734 	 0
1787328073577 	 17 	 200 	 2735 	 0
1787328073723 	 15 	 200 	 2736 	 0
1787328073767 	 14 	 200 	 2737 	 0
1787328074688 	 14 	 200 	 2738 	 0
1787328074763 	 32 	 200 	 2739 	 0
1787328074847 	 14 	 200 	 2740 	 0
1787328074906 	 15 	 200 	 2741 	 0
1787328075316 	 14 	 200 	 2742 	 0
1787328075598 	 14 	 200 	 2743 	 0
1787328075752 	 15 	 200 	 2744 	 0
1787328075955 	 14 	 200 	 2745 	 0
1787328076339 	 12 	 200 	 2746 	 0
1787328076557 	 21 	 200 	 2747 	 0
1787328076687 	 16 	 200 	 2748 	 0
1787328076719 	 14 	 200 	 2749 	 0
1787328077047 	 13 	 200 	 2750 	 0
1787328077187 	 18 	 200 	 2751 	 0
1787328077265 	 12 	 200 	 2752 	 0
1787328077647 	 13 	 200 	 2753 	 0
1787328077777 	 22 	 200 	 2754 	 0
1787328078006 	 20 	 200 	 2756 	 1
1787328078025 	 13 	 200 	 2756 	 0
1787328078139 	 14 	 200 	 2757 	 0
1787328078478 	 17 	 200 	 2758 	 0
1787328078570 	 26 	 200 	 2759 	 0
1787328078743 	 15 	 200 	 2761 	 1
1787328078754 	 13 	 200 	 2761 	 0
1787328078863 	 19 	 200 	 2762 	 0
1787328078988 	 14 	 200 	 2763 	 0
1787328079093 	 23 	 200 	 2764 	 0
1787328079356 	 35 	 200 	 2765 	 0
1787328080219 	 26 	 200 	 2766 	 0
1787328080331 	 13 	 200 	 2767 	 0
1787328080363 	 16 	 200 	 2769 	 1
1787328080377 	 14 	 200 	 2770 	 1
1787328080388 	 15 	 200 	 2771 	 1
1787328080404 	 17 	 200 	 2771 	 0
1787328080582 	 14 	 200 	 2773 	 1
1787328080596 	 13 	 200 	 2773 	 0
1787328080819 	 27 	 200 	 2774 	 0
1787328081068 	 32 	 200 	 2775 	 0
1787328081459 	 15 	 200 	 2777 	 1
1787328081433 	 63 	 200 	 2777 	 0
1787328081730 	 14 	 200 	 2778 	 0
1787328082558 	 23 	 200 	 2779 	 0
1787328082855 	 22 	 200 	 2780 	 0
1787328082915 	 14 	 200 	 2781 	 0
1787328083400 	 21 	 200 	 2782 	 0
1787328083774 	 15 	 200 	 2783 	 0
1787328083838 	 24 	 200 	 2784 	 0
1787328084121 	 15 	 200 	 2785 	 0
1787328084457 	 13 	 200 	 2786 	 0
1787328085277 	 14 	 200 	 2787 	 0
1787328085312 	 12 	 200 	 2788 	 0
1787328085539 	 33 	 200 	 2790 	 1
1787328085552 	 28 	 200 	 2790 	 0
1787328086565 	 13 	 200 	 2791 	 0
1787328087201 	 39 	 200 	 2792 	 0
1787328087538 	 15 	 200 	 2793 	 0
1787328087865 	 24 	 200 	 2794 	 0
1787328088087 	 13 	 200 	 2795 	 0
1787328088364 	 28 	 200 	 2796 	 0
1787328088755 	 16 	 200 	 2797 	 0
1787328089152 	 12 	 200 	 2798 	 0
1787328089408 	 15 	 200 	 2799 	 0
1787328089443 	 15 	 200 	 2800 	 0
1787328090134 	 15 	 200 	 2801 	 0
1787328090198 	 26 	 200 	 2802 	 0
1787328090298 	 14 	 200 	 2803 	 0
1787328090384 	 12 	 200 	 2804 	 0
1787328090925 	 14 	 200 	 2805 	 0
1787328090966 	 12 	 200 	 2806 	 0
1787328091061 	 13 	 200 	 2807 	 0
1787328091172 	 24 	 200 	 2808 	 0
1787328091779 	 13 	 200 	 2810 	 1
1787328091786 	 17 	 200 	 2810 	 0
1787328091807 	 13 	 200 	 2811 	 0
1787328091832 	 33 	 200 	 2812 	 0
1787328092088 	 15 	 200 	 2813 	 0
1787328092108 	 14 	 200 	 2814 	 0
1787328092863 	 18 	 200 	 2815 	 0
1787328092946 	 28 	 200 	 2816 	 0
1787328093077 	 15 	 200 	 2818 	 1
1787328093078 	 14 	 200 	 2818 	 0
1787328093129 	 12 	 200 	 2819 	 0
1787328093669 	 14 	 200 	 2820 	 0
1787328093865 	 23 	 200 	 2821 	 0
1787328093964 	 36 	 200 	 2822 	 0
1787328094190 	 27 	 200 	 2823 	 0
1787328094249 	 13 	 200 	 2824 	 0
1787328094311 	 17 	 200 	 2825 	 0
1787328095203 	 26 	 200 	 2827 	 1
1787328095216 	 15 	 200 	 2827 	 0
1787328095419 	 13 	 200 	 2828 	 0
1787328095649 	 23 	 200 	 2829 	 0
1787328095985 	 12 	 200 	 2830 	 0
1787328096240 	 17 	 200 	 2831 	 0
1787328096603 	 12 	 200 	 2832 	 0
1787328096664 	 18 	 200 	 2834 	 1
1787328096662 	 20 	 200 	 2834 	 0
1787328096910 	 13 	 200 	 2835 	 0
1787328097416 	 13 	 200 	 2836 	 0
1787328097510 	 17 	 200 	 2837 	 0
1787328097790 	 15 	 200 	 2838 	 0
1787328097896 	 17 	 200 	 2839 	 0
1787328098000 	 27 	 200 	 2840 	 0
1787328099215 	 16 	 200 	 2841 	 0
1787328099988 	 18 	 200 	 2842 	 0
1787328100327 	 29 	 200 	 2843 	 0
1787328100916 	 34 	 200 	 2844 	 0
1787328100996 	 21 	 200 	 2846 	 1
1787328101011 	 28 	 200 	 2846 	 0
1787328101127 	 13 	 200 	 2847 	 0
1787328101174 	 17 	 200 	 2848 	 0
1787328101387 	 16 	 200 	 2849 	 0
1787328101563 	 12 	 200 	 2850 	 0
1787328101823 	 14 	 200 	 2852 	 1
1787328101838 	 13 	 200 	 2852 	 0
1787328102207 	 13 	 200 	 2853 	 0
1787328102483 	 14 	 200 	 2855 	 1
1787328102456 	 44 	 200 	 2855 	 0
1787328102917 	 34 	 200 	 2856 	 0
1787328103401 	 33 	 200 	 2857 	 0
1787328103460 	 36 	 200 	 2858 	 0
1787328103558 	 30 	 200 	 2859 	 0
1787328103599 	 13 	 200 	 2860 	 0
1787328103619 	 15 	 200 	 2861 	 0
1787328103892 	 23 	 200 	 2863 	 1
1787328103890 	 36 	 200 	 2863 	 0
1787328103981 	 37 	 200 	 2864 	 0
1787328104163 	 14 	 200 	 2865 	 0
1787328104253 	 13 	 200 	 2866 	 0
1787328104469 	 13 	 200 	 2867 	 0
1787328104496 	 12 	 200 	 2868 	 0
1787328104607 	 14 	 200 	 2869 	 0
1787328104684 	 16 	 200 	 2871 	 1
1787328104690 	 14 	 200 	 2871 	 0
1787328104917 	 33 	 200 	 2872 	 0
1787328105180 	 13 	 200 	 2874 	 1
1787328105192 	 15 	 200 	 2874 	 0
1787328105358 	 19 	 200 	 2875 	 0
1787328105606 	 17 	 200 	 2876 	 0
1787328105631 	 20 	 200 	 2877 	 0
1787328105898 	 36 	 200 	 2878 	 0
1787328106081 	 37 	 200 	 2880 	 1
1787328106098 	 28 	 200 	 2880 	 0
1787328106317 	 14 	 200 	 2881 	 0
1787328106706 	 14 	 200 	 2882 	 0
1787328106909 	 36 	 200 	 2883 	 0
1787328107250 	 13 	 200 	 2884 	 0
1787328107538 	 35 	 200 	 2885 	 0
1787328107604 	 14 	 200 	 2886 	 0
1787328107659 	 31 	 200 	 2887 	 0
1787328107735 	 14 	 200 	 2889 	 1
1787328107738 	 21 	 200 	 2889 	 0
1787328107820 	 13 	 200 	 2890 	 0
1787328108052 	 18 	 200 	 2891 	 0
1787328108362 	 33 	 200 	 2892 	 0
1787328108805 	 36 	 200 	 2893 	 0
1787328109035 	 14 	 200 	 2894 	 0
1787328109415 	 34 	 200 	 2895 	 0
1787328109757 	 15 	 200 	 2896 	 0
1787328109961 	 38 	 200 	 2897 	 0
1787328110093 	 15 	 200 	 2898 	 0
1787328110144 	 15 	 200 	 2899 	 0
1787328110285 	 23 	 200 	 2900 	 0
1787328110952 	 31 	 200 	 2901 	 0
1787328111011 	 14 	 200 	 2902 	 0
1787328111046 	 13 	 200 	 2903 	 0
1787328111458 	 37 	 200 	 2904 	 0
1787328111706 	 15 	 200 	 2906 	 1
1787328111717 	 15 	 200 	 2906 	 0
1787328111960 	 36 	 200 	 2909 	 2
1787328111967 	 35 	 200 	 2909 	 1
1787328111994 	 14 	 200 	 2909 	 0
1787328112102 	 23 	 200 	 2910 	 0
1787328112369 	 31 	 200 	 2911 	 0
1787328112428 	 33 	 200 	 2912 	 0
1787328112694 	 34 	 200 	 2913 	 0
1787328112780 	 15 	 200 	 2914 	 0
1787328113163 	 15 	 200 	 2915 	 0
1787328113765 	 13 	 200 	 2916 	 0
1787328113997 	 35 	 200 	 2917 	 0
1787328114096 	 16 	 200 	 2918 	 0
1787328114158 	 16 	 200 	 2919 	 0
1787328114582 	 63 	 200 	 2920 	 0
1787328114830 	 23 	 200 	 2921 	 0
1787328115032 	 15 	 200 	 2922 	 0
1787328115933 	 13 	 200 	 2923 	 0
1787328116020 	 33 	 200 	 2924 	 0
1787328116468 	 12 	 200 	 2925 	 0
1787328117020 	 28 	 200 	 2926 	 0
1787328117275 	 17 	 200 	 2927 	 0
1787328117367 	 13 	 200 	 2928 	 0
1787328117798 	 38 	 200 	 2929 	 0
1787328118487 	 13 	 200 	 2930 	 0
1787328118541 	 15 	 200 	 2931 	 0
1787328118656 	 18 	 200 	 2933 	 1
1787328118687 	 16 	 200 	 2934 	 1
1787328118660 	 49 	 200 	 2934 	 0
1787328118782 	 14 	 200 	 2935 	 0
1787328118918 	 28 	 200 	 2936 	 0
1787328119263 	 14 	 200 	 2937 	 0
1787328119287 	 12 	 200 	 2938 	 0
1787328119771 	 16 	 200 	 2940 	 1
1787328119782 	 24 	 200 	 2940 	 0
1787328120374 	 12 	 200 	 2941 	 0
1787328120411 	 32 	 200 	 2942 	 0
1787328120467 	 15 	 200 	 2943 	 0
1787328120596 	 13 	 200 	 2945 	 1
1787328120593 	 17 	 200 	 2945 	 0
1787328121114 	 24 	 200 	 2946 	 0
1787328121637 	 14 	 200 	 2949 	 2
1787328121646 	 19 	 200 	 2949 	 1
1787328121642 	 23 	 200 	 2949 	 0
1787328121748 	 13 	 200 	 2950 	 0
1787328121837 	 14 	 200 	 2951 	 0
1787328122006 	 53 	 200 	 2952 	 0
1787328122349 	 20 	 200 	 2953 	 0
1787328122485 	 14 	 200 	 2954 	 0
1787328122533 	 23 	 200 	 2955 	 0
1787328122697 	 28 	 200 	 2956 	 0
1787328123103 	 25 	 200 	 2957 	 0
1787328123215 	 14 	 200 	 2958 	 0
1787328123239 	 12 	 200 	 2959 	 0
1787328123342 	 22 	 200 	 2960 	 0
1787328123600 	 14 	 200 	 2961 	 0
1787328124182 	 13 	 200 	 2962 	 0
1787328124226 	 13 	 200 	 2963 	 0
1787328124299 	 31 	 200 	 2964 	 0
1787328124709 	 58 	 200 	 2966 	 1
1787328124742 	 27 	 200 	 2966 	 0
1787328125212 	 37 	 200 	 2967 	 0
1787328125513 	 15 	 200 	 2968 	 0
1787328125764 	 21 	 200 	 2970 	 1
1787328125772 	 14 	 200 	 2970 	 0
1787328125841 	 15 	 200 	 2971 	 0
1787328126044 	 17 	 200 	 2972 	 0
1787328126287 	 16 	 200 	 2973 	 0
1787328126532 	 14 	 200 	 2974 	 0
1787328126713 	 18 	 200 	 2975 	 0
1787328126811 	 36 	 200 	 2976 	 0
1787328127001 	 33 	 200 	 2977 	 0
1787328127229 	 14 	 200 	 2978 	 0
1787328127278 	 19 	 200 	 2979 	 0
1787328127605 	 15 	 200 	 2980 	 0
1787328127861 	 35 	 200 	 2981 	 0
1787328128021 	 15 	 200 	 2983 	 1
1787328128031 	 18 	 200 	 2983 	 0
1787328128459 	 18 	 200 	 2984 	 0
1787328128774 	 13 	 200 	 2985 	 0
1787328128869 	 16 	 200 	 2986 	 0
1787328128953 	 20 	 200 	 2987 	 0
1787328129653 	 13 	 200 	 2988 	 0
1787328129684 	 15 	 200 	 2989 	 0
1787328130158 	 14 	 200 	 2990 	 0
1787328130641 	 17 	 200 	 2991 	 0
1787328130700 	 14 	 200 	 2992 	 0
1787328130720 	 13 	 200 	 2993 	 0
1787328131587 	 14 	 200 	 2994 	 0
1787328131632 	 16 	 200 	 2995 	 0
1787328131894 	 27 	 200 	 2996 	 0
1787328132075 	 21 	 200 	 2997 	 0
1787328132454 	 15 	 200 	 2998 	 0
1787328132609 	 19 	 200 	 2999 	 0
1787328132804 	 27 	 200 	 3000 	 0