1788204785370 	 15 	 200 	 2 	 1
1788204785381 	 17 	 200 	 4 	 2
1788204785387 	 17 	 200 	 4 	 1
1788204785398 	 13 	 200 	 4 	 0
1788204785449 	 17 	 200 	 6 	 1
1788204785453 	 14 	 200 	 6 	 0
1788204785515 	 12 	 200 	 7 	 0
1788204785530 	 16 	 200 	 8 	 0
1788204785565 	 15 	 200 	 9 	 0
1788204785622 	 22 	 200 	 10 	 0
1788204785665 	 31 	 200 	 11 	 1
1788204785698 	 13 	 200 	 13 	 1
1788204785753 	 13 	 200 	 15 	 2
1788204785764 	 55 	 200 	 15 	 1
1788204785707 	 115 	 200 	 16 	 1
1788204785822 	 12 	 200 	 16 	 0
1788204785839 	 15 	 200 	 20 	 3
1788204785843 	 19 	 200 	 20 	 2
1788204785842 	 23 	 200 	 20 	 1
1788204785853 	 18 	 200 	 21 	 1
1788204785868 	 13 	 200 	 22 	 1
1788204785881 	 15 	 200 	 22 	 1
1788204785897 	 14 	 200 	 24 	 1
1788204785906 	 14 	 200 	 25 	 1
1788204785913 	 12 	 200 	 25 	 0
1788204785942 	 12 	 200 	 26 	 0
1788204785957 	 14 	 200 	 27 	 0
1788204785983 	 16 	 200 	 28 	 0
1788204786003 	 15 	 200 	 30 	 1
1788204786007 	 15 	 200 	 30 	 0
1788204786040 	 17 	 200 	 31 	 0
1788204786068 	 13 	 200 	 33 	 1
1788204786078 	 19 	 200 	 34 	 1
1788204786097 	 13 	 200 	 34 	 0
1788204786123 	 17 	 200 	 37 	 2
1788204786134 	 16 	 200 	 37 	 1
1788204786133 	 19 	 200 	 37 	 0
1788204786155 	 13 	 200 	 39 	 1
1788204786166 	 13 	 200 	 39 	 0
1788204786182 	 14 	 200 	 41 	 1
1788204786186 	 11 	 200 	 41 	 0
1788204786212 	 14 	 200 	 43 	 1
1788204786211 	 16 	 200 	 43 	 0
1788204786288 	 14 	 200 	 45 	 1
1788204786294 	 13 	 200 	 45 	 0
1788204786310 	 12 	 200 	 47 	 1
1788204786322 	 16 	 200 	 49 	 2
1788204786329 	 15 	 200 	 49 	 1
1788204786333 	 13 	 200 	 49 	 0
1788204786387 	 18 	 200 	 53 	 3
1788204786395 	 13 	 200 	 53 	 2
1788204786401 	 14 	 200 	 53 	 1
1788204786406 	 13 	 200 	 54 	 1
1788204786418 	 15 	 200 	 54 	 0
1788204786466 	 14 	 200 	 55 	 0
1788204786485 	 12 	 200 	 56 	 0
1788204786519 	 12 	 200 	 58 	 1
1788204786518 	 17 	 200 	 58 	 0
1788204786590 	 16 	 200 	 61 	 2
1788204786601 	 14 	 200 	 61 	 1
1788204786606 	 12 	 200 	 62 	 1
1788204786619 	 12 	 200 	 62 	 0
1788204786647 	 14 	 200 	 63 	 0
1788204786672 	 13 	 200 	 64 	 0
1788204786694 	 15 	 200 	 65 	 0
1788204786713 	 12 	 200 	 66 	 0
1788204786730 	 12 	 200 	 68 	 1
1788204786731 	 15 	 200 	 68 	 0
1788204786768 	 14 	 200 	 69 	 0
1788204786788 	 13 	 200 	 70 	 0
1788204786841 	 12 	 200 	 72 	 1
1788204786853 	 12 	 200 	 72 	 0
1788204786890 	 15 	 200 	 75 	 2
1788204786889 	 16 	 200 	 75 	 1
1788204786886 	 19 	 200 	 75 	 0
1788204786919 	 11 	 200 	 76 	 0
1788204786947 	 34 	 200 	 78 	 1
1788204786976 	 13 	 200 	 78 	 0
1788204787006 	 15 	 200 	 79 	 0
1788204787065 	 27 	 200 	 81 	 1
1788204787068 	 27 	 200 	 81 	 0
1788204787104 	 13 	 200 	 83 	 1
1788204787117 	 33 	 200 	 84 	 1
1788204787122 	 28 	 200 	 84 	 0
1788204787191 	 13 	 200 	 86 	 1
1788204787203 	 16 	 200 	 87 	 1
1788204787215 	 13 	 200 	 87 	 0
1788204787278 	 12 	 200 	 88 	 0
1788204787351 	 34 	 200 	 89 	 0
1788204787409 	 36 	 200 	 94 	 4
1788204787419 	 30 	 200 	 94 	 3
1788204787422 	 28 	 200 	 94 	 2
1788204787442 	 17 	 200 	 95 	 2
1788204787460 	 19 	 200 	 97 	 3
1788204787465 	 15 	 200 	 97 	 2
1788204787481 	 18 	 200 	 98 	 2
1788204787558 	 13 	 200 	 101 	 4
1788204787473 	 106 	 200 	 101 	 3
1788204787570 	 14 	 200 	 102 	 3
1788204787536 	 60 	 200 	 102 	 2
1788204787583 	 13 	 200 	 102 	 1
1788204787625 	 23 	 200 	 107 	 5
1788204787615 	 33 	 200 	 107 	 4
1788204787614 	 35 	 200 	 107 	 3
1788204787627 	 23 	 200 	 107 	 2
1788204787641 	 16 	 200 	 107 	 1
1788204787442 	 238 	 200 	 108 	 1
1788204787678 	 63 	 200 	 111 	 3
1788204787686 	 58 	 200 	 111 	 2
1788204787695 	 51 	 200 	 111 	 1
1788204787703 	 43 	 200 	 111 	 0
1788204787764 	 15 	 200 	 112 	 0
1788204787788 	 13 	 200 	 113 	 0
1788204787808 	 13 	 200 	 114 	 0
1788204787875 	 18 	 200 	 117 	 2
1788204787877 	 18 	 200 	 117 	 1
1788204787882 	 23 	 200 	 118 	 1
1788204787898 	 15 	 200 	 118 	 0
1788204787914 	 13 	 200 	 120 	 1
1788204787922 	 15 	 200 	 120 	 0
1788204788001 	 34 	 200 	 123 	 2
1788204788017 	 28 	 200 	 124 	 2
1788204788027 	 19 	 200 	 124 	 1
1788204788039 	 12 	 200 	 124 	 0
1788204788086 	 21 	 200 	 128 	 3
1788204788080 	 29 	 200 	 128 	 2
1788204788077 	 34 	 200 	 129 	 2
1788204788095 	 19 	 200 	 129 	 1
1788204788112 	 17 	 200 	 131 	 2
1788204788120 	 15 	 200 	 131 	 1
1788204788116 	 30 	 200 	 131 	 0
1788204788147 	 13 	 200 	 133 	 1
1788204788150 	 13 	 200 	 133 	 0
1788204788189 	 12 	 200 	 134 	 1
1788204788202 	 14 	 200 	 136 	 1
1788204788206 	 13 	 200 	 136 	 0
1788204788221 	 13 	 200 	 137 	 0
1788204788267 	 18 	 200 	 140 	 2
1788204788281 	 14 	 200 	 140 	 1
1788204788285 	 13 	 200 	 140 	 0
1788204788322 	 12 	 200 	 141 	 0
1788204788350 	 18 	 200 	 142 	 0
1788204788405 	 33 	 200 	 144 	 1
1788204788418 	 31 	 200 	 145 	 1
1788204788450 	 15 	 200 	 145 	 0
1788204788495 	 16 	 200 	 148 	 2
1788204788498 	 17 	 200 	 148 	 1
1788204788504 	 16 	 200 	 149 	 1
1788204788517 	 14 	 200 	 150 	 1
1788204788522 	 12 	 200 	 150 	 0
1788204788544 	 14 	 200 	 152 	 1
1788204788536 	 22 	 200 	 152 	 0
1788204788578 	 14 	 200 	 154 	 1
1788204788588 	 15 	 200 	 156 	 2
1788204788598 	 18 	 200 	 156 	 1
1788204788603 	 13 	 200 	 156 	 0
1788204788625 	 12 	 200 	 157 	 0
1788204788659 	 18 	 200 	 158 	 0
1788204788683 	 19 	 200 	 159 	 0
1788204788717 	 18 	 200 	 160 	 0
1788204788747 	 12 	 200 	 162 	 1
1788204788751 	 18 	 200 	 163 	 1
1788204788769 	 14 	 200 	 164 	 1
1788204788773 	 13 	 200 	 164 	 0
1788204788819 	 21 	 200 	 165 	 0
1788204788920 	 29 	 200 	 167 	 1
1788204788938 	 18 	 200 	 167 	 0
1788204788970 	 13 	 200 	 168 	 0
1788204788986 	 15 	 200 	 169 	 0
1788204789002 	 12 	 200 	 170 	 0
1788204789034 	 16 	 200 	 171 	 0
1788204789077 	 13 	 200 	 172 	 0
1788204789092 	 13 	 200 	 175 	 2
1788204789098 	 15 	 200 	 175 	 1
1788204789101 	 14 	 200 	 175 	 0
1788204789124 	 16 	 200 	 177 	 1
1788204789133 	 13 	 200 	 177 	 0
1788204789171 	 15 	 200 	 178 	 0
1788204789192 	 13 	 200 	 180 	 1
1788204789203 	 13 	 200 	 182 	 2
1788204789211 	 15 	 200 	 182 	 1
1788204789216 	 12 	 200 	 182 	 0
1788204789245 	 15 	 200 	 185 	 2
1788204789248 	 13 	 200 	 185 	 1
1788204789252 	 15 	 200 	 185 	 0
1788204789274 	 12 	 200 	 187 	 1
1788204789278 	 12 	 200 	 187 	 0
1788204789293 	 13 	 200 	 189 	 1
1788204789292 	 15 	 200 	 189 	 0
1788204789321 	 13 	 200 	 190 	 0
1788204789352 	 16 	 200 	 191 	 0
1788204789387 	 28 	 200 	 195 	 3
1788204789389 	 28 	 200 	 195 	 2
1788204789403 	 18 	 200 	 195 	 1
1788204789392 	 35 	 200 	 195 	 0
1788204789439 	 15 	 200 	 196 	 0
1788204789469 	 13 	 200 	 197 	 0
1788204789511 	 17 	 200 	 198 	 0
1788204789540 	 12 	 200 	 200 	 1
1788204789550 	 12 	 200 	 200 	 0
1788204789584 	 16 	 200 	 202 	 1
1788204789593 	 18 	 200 	 204 	 2
1788204789605 	 12 	 200 	 204 	 1
1788204789603 	 37 	 200 	 204 	 0
1788204789654 	 14 	 200 	 208 	 3
1788204789668 	 14 	 200 	 208 	 2
1788204789666 	 17 	 200 	 208 	 1
1788204789667 	 22 	 200 	 208 	 0
1788204789706 	 16 	 200 	 210 	 1
1788204789714 	 13 	 200 	 211 	 1
1788204789724 	 13 	 200 	 213 	 2
1788204789730 	 15 	 200 	 213 	 1
1788204789734 	 13 	 200 	 213 	 0
1788204789772 	 21 	 200 	 215 	 1
1788204789775 	 20 	 200 	 215 	 0
1788204789797 	 14 	 200 	 217 	 1
1788204789811 	 15 	 200 	 217 	 0
1788204789856 	 13 	 200 	 219 	 1
1788204789861 	 16 	 200 	 220 	 1
1788204789873 	 13 	 200 	 221 	 1
1788204789885 	 14 	 200 	 221 	 0
1788204789913 	 13 	 200 	 222 	 0
1788204789943 	 13 	 200 	 223 	 0
1788204789968 	 29 	 200 	 224 	 0
1788204790018 	 31 	 200 	 226 	 1
1788204790032 	 29 	 200 	 226 	 0
1788204790133 	 23 	 200 	 227 	 0
1788204790190 	 36 	 200 	 229 	 1
1788204790223 	 30 	 200 	 232 	 3
1788204790249 	 15 	 200 	 233 	 3
1788204790244 	 25 	 200 	 233 	 2
1788204790253 	 19 	 200 	 233 	 1
1788204790257 	 18 	 200 	 233 	 0
1788204790344 	 19 	 200 	 236 	 2
1788204790352 	 14 	 200 	 236 	 1
1788204790318 	 66 	 200 	 238 	 2
1788204790373 	 15 	 200 	 238 	 1
1788204790384 	 16 	 200 	 239 	 1
1788204790392 	 17 	 200 	 239 	 0
1788204790453 	 23 	 200 	 242 	 2
1788204790468 	 17 	 200 	 242 	 1
1788204790476 	 12 	 200 	 242 	 0
1788204790523 	 35 	 200 	 245 	 3
1788204790542 	 29 	 200 	 246 	 2
1788204790557 	 19 	 200 	 246 	 1
1788204790560 	 17 	 200 	 246 	 0
1788204790611 	 31 	 200 	 249 	 2
1788204790623 	 27 	 200 	 249 	 1
1788204790632 	 21 	 200 	 249 	 0
1788204790687 	 13 	 200 	 251 	 1
1788204790697 	 14 	 200 	 251 	 0
1788204790714 	 14 	 200 	 252 	 0
1788204790732 	 12 	 200 	 253 	 0
1788204790772 	 20 	 200 	 255 	 1
1788204790774 	 19 	 200 	 255 	 0
1788204790804 	 13 	 200 	 256 	 0
1788204790829 	 31 	 200 	 259 	 2
1788204790851 	 17 	 200 	 260 	 2
1788204790858 	 16 	 200 	 260 	 1
1788204790878 	 20 	 200 	 261 	 1
1788204790870 	 31 	 200 	 261 	 0
1788204790914 	 15 	 200 	 265 	 3
1788204790917 	 18 	 200 	 265 	 2
1788204790920 	 17 	 200 	 265 	 1
1788204790922 	 15 	 200 	 265 	 0
1788204790953 	 13 	 200 	 267 	 1
1788204790959 	 17 	 200 	 268 	 1
1788204790970 	 17 	 200 	 269 	 1
1788204790981 	 17 	 200 	 269 	 0
1788204791021 	 17 	 200 	 270 	 0
1788204791053 	 19 	 200 	 275 	 4
1788204791068 	 19 	 200 	 275 	 3
1788204791067 	 20 	 200 	 275 	 2
1788204791040 	 57 	 200 	 276 	 2
1788204791062 	 38 	 200 	 276 	 1
1788204791098 	 44 	 200 	 279 	 3
1788204791107 	 41 	 200 	 280 	 3
1788204791121 	 27 	 200 	 280 	 2
1788204791142 	 15 	 200 	 280 	 1
1788204791144 	 15 	 200 	 280 	 0
1788204791165 	 12 	 200 	 281 	 0
1788204791180 	 20 	 200 	 283 	 1
1788204791190 	 13 	 200 	 283 	 0
1788204791263 	 39 	 200 	 287 	 3
1788204791286 	 22 	 200 	 287 	 2
1788204791265 	 58 	 200 	 288 	 2
1788204791301 	 25 	 200 	 288 	 1
1788204791316 	 23 	 200 	 289 	 1
1788204791339 	 13 	 200 	 290 	 1
1788204791345 	 15 	 200 	 290 	 0
1788204791412 	 17 	 200 	 293 	 2
1788204791427 	 16 	 200 	 293 	 1
1788204791430 	 14 	 200 	 293 	 0
1788204791485 	 28 	 200 	 299 	 5
1788204791493 	 23 	 200 	 299 	 4
1788204791496 	 22 	 200 	 300 	 4
1788204791491 	 28 	 200 	 300 	 3
1788204791503 	 17 	 200 	 300 	 2
1788204791510 	 18 	 200 	 300 	 1
1788204791520 	 13 	 200 	 300 	 0
1788204791535 	 16 	 200 	 301 	 0
1788204791585 	 15 	 200 	 302 	 0
1788204791616 	 14 	 200 	 303 	 0
1788204791643 	 32 	 200 	 304 	 0
1788204791692 	 19 	 200 	 305 	 0
1788204791741 	 14 	 200 	 307 	 1
1788204791737 	 18 	 200 	 307 	 0
1788204791798 	 19 	 200 	 309 	 1
1788204791806 	 15 	 200 	 309 	 0
1788204791878 	 44 	 200 	 311 	 1
1788204791892 	 35 	 200 	 312 	 1
1788204791925 	 26 	 200 	 314 	 2
1788204791933 	 21 	 200 	 314 	 1
1788204791950 	 15 	 200 	 315 	 1
1788204791961 	 17 	 200 	 317 	 2
1788204791967 	 14 	 200 	 317 	 1
1788204791973 	 13 	 200 	 318 	 1
1788204791986 	 13 	 200 	 318 	 0
1788204792041 	 37 	 200 	 319 	 0
1788204792090 	 36 	 200 	 322 	 2
1788204792114 	 21 	 200 	 323 	 2
1788204792121 	 17 	 200 	 323 	 1
1788204792131 	 17 	 200 	 323 	 0
1788204792154 	 17 	 200 	 325 	 1
1788204792159 	 15 	 200 	 325 	 0
1788204792183 	 14 	 200 	 326 	 0
1788204792199 	 15 	 200 	 328 	 1
1788204792204 	 19 	 200 	 328 	 0
1788204792234 	 14 	 200 	 331 	 2
1788204792241 	 13 	 200 	 331 	 1
1788204792247 	 14 	 200 	 331 	 0
1788204792279 	 29 	 200 	 332 	 0
1788204792351 	 38 	 200 	 338 	 5
1788204792357 	 33 	 200 	 338 	 4
1788204792362 	 35 	 200 	 339 	 4
1788204792383 	 18 	 200 	 339 	 3
1788204792369 	 31 	 200 	 339 	 2
1788204792384 	 21 	 200 	 339 	 1
1788204792399 	 14 	 200 	 339 	 0
1788204792430 	 14 	 200 	 341 	 1
1788204792440 	 13 	 200 	 341 	 0
1788204792456 	 17 	 200 	 343 	 1
1788204792469 	 13 	 200 	 343 	 0
1788204792506 	 14 	 200 	 344 	 0
1788204792522 	 13 	 200 	 345 	 0
1788204792536 	 14 	 200 	 346 	 0
1788204792575 	 17 	 200 	 347 	 0
1788204792621 	 14 	 200 	 348 	 0
1788204792639 	 16 	 200 	 349 	 0
1788204792663 	 15 	 200 	 350 	 0
1788204792684 	 13 	 200 	 352 	 1
1788204792694 	 12 	 200 	 352 	 0
1788204792736 	 30 	 200 	 355 	 2
1788204792738 	 31 	 200 	 355 	 1
1788204792749 	 30 	 200 	 355 	 0
1788204792810 	 19 	 200 	 356 	 0
1788204792833 	 18 	 200 	 359 	 2
1788204792843 	 14 	 200 	 359 	 1
1788204792847 	 22 	 200 	 360 	 1
1788204792862 	 14 	 200 	 360 	 0
1788204792914 	 25 	 200 	 362 	 1
1788204792903 	 37 	 200 	 362 	 0
1788204792942 	 17 	 200 	 364 	 1
1788204792949 	 13 	 200 	 364 	 0
1788204793035 	 39 	 200 	 365 	 0
1788204793088 	 13 	 200 	 367 	 1
1788204793092 	 15 	 200 	 367 	 0
1788204793118 	 13 	 200 	 368 	 0
1788204793158 	 17 	 200 	 371 	 2
1788204793168 	 13 	 200 	 372 	 2
1788204793166 	 15 	 200 	 372 	 1
1788204793177 	 15 	 200 	 372 	 0
1788204793212 	 14 	 200 	 373 	 0
1788204793231 	 12 	 200 	 374 	 0
1788204793290 	 31 	 200 	 377 	 2
1788204793302 	 29 	 200 	 377 	 1
1788204793339 	 19 	 200 	 378 	 1
1788204793324 	 44 	 200 	 378 	 0
1788204793409 	 48 	 200 	 381 	 2
1788204793438 	 19 	 200 	 381 	 1
1788204793453 	 15 	 200 	 382 	 1
1788204793461 	 20 	 200 	 382 	 0
1788204793497 	 12 	 200 	 383 	 0
1788204793519 	 33 	 200 	 387 	 3
1788204793517 	 37 	 200 	 388 	 3
1788204793536 	 23 	 200 	 389 	 3
1788204793546 	 26 	 200 	 390 	 3
1788204793555 	 17 	 200 	 390 	 2
1788204793558 	 16 	 200 	 390 	 1
1788204793569 	 13 	 200 	 390 	 0
1788204793608 	 14 	 200 	 392 	 1
1788204793611 	 12 	 200 	 392 	 0
1788204793642 	 16 	 200 	 394 	 1
1788204793654 	 12 	 200 	 394 	 0
1788204793679 	 23 	 200 	 395 	 0
1788204793745 	 26 	 200 	 397 	 1
1788204793760 	 21 	 200 	 397 	 0
1788204793786 	 22 	 200 	 399 	 1
1788204793790 	 20 	 200 	 399 	 0
1788204793819 	 12 	 200 	 400 	 0
1788204793844 	 12 	 200 	 401 	 0
1788204793917 	 34 	 200 	 406 	 4
1788204793920 	 31 	 200 	 406 	 3
1788204793942 	 16 	 200 	 406 	 2
1788204793940 	 23 	 200 	 406 	 1
1788204793943 	 22 	 200 	 406 	 0
1788204793992 	 14 	 200 	 407 	 0
1788204794023 	 14 	 200 	 408 	 0
1788204794039 	 12 	 200 	 409 	 0
1788204794086 	 13 	 200 	 410 	 0
1788204794104 	 17 	 200 	 412 	 1
1788204794113 	 22 	 200 	 413 	 1
1788204794136 	 15 	 200 	 415 	 2
1788204794144 	 17 	 200 	 418 	 4
1788204794148 	 17 	 200 	 418 	 3
1788204794156 	 17 	 200 	 418 	 2
1788204794159 	 20 	 200 	 418 	 1
1788204794158 	 22 	 200 	 419 	 1
1788204794180 	 14 	 200 	 419 	 0
1788204794207 	 14 	 200 	 422 	 2
1788204794208 	 20 	 200 	 422 	 1
1788204794214 	 15 	 200 	 422 	 0
1788204794288 	 17 	 200 	 424 	 1
1788204794286 	 21 	 200 	 424 	 0
1788204794328 	 12 	 200 	 425 	 0
1788204794343 	 13 	 200 	 426 	 0
1788204794360 	 15 	 200 	 429 	 2
1788204794365 	 14 	 200 	 429 	 1
1788204794367 	 15 	 200 	 429 	 0
1788204794398 	 12 	 200 	 431 	 1
1788204794408 	 15 	 200 	 431 	 0
1788204794432 	 15 	 200 	 432 	 0
1788204794459 	 16 	 200 	 433 	 0
1788204794490 	 13 	 200 	 435 	 1
1788204794503 	 12 	 200 	 435 	 0
1788204794524 	 12 	 200 	 437 	 1
1788204794519 	 19 	 200 	 437 	 0
1788204794567 	 13 	 200 	 439 	 1
1788204794572 	 12 	 200 	 440 	 1
1788204794584 	 15 	 200 	 440 	 0
1788204794641 	 32 	 200 	 444 	 3
1788204794648 	 26 	 200 	 444 	 2
1788204794657 	 22 	 200 	 444 	 1
1788204794664 	 25 	 200 	 445 	 1
1788204794685 	 14 	 200 	 445 	 0
1788204794721 	 13 	 200 	 446 	 1
1788204794736 	 12 	 200 	 447 	 0
1788204794797 	 12 	 200 	 449 	 1
1788204794791 	 24 	 200 	 450 	 1
1788204794811 	 12 	 200 	 450 	 0
1788204794859 	 17 	 200 	 451 	 0
1788204794897 	 28 	 200 	 456 	 4
1788204794905 	 21 	 200 	 456 	 3
1788204794908 	 21 	 200 	 456 	 2
1788204794893 	 47 	 200 	 459 	 4
1788204794890 	 50 	 200 	 459 	 3
1788204794932 	 15 	 200 	 459 	 2
1788204794938 	 19 	 200 	 460 	 2
1788204794940 	 19 	 200 	 460 	 1
1788204794950 	 53 	 200 	 461 	 1
1788204795010 	 18 	 200 	 462 	 1
1788204794992 	 43 	 200 	 462 	 0
1788204795038 	 12 	 200 	 463 	 0
1788204795062 	 15 	 200 	 464 	 0
1788204795110 	 15 	 200 	 466 	 1
1788204795113 	 19 	 200 	 467 	 1
1788204795128 	 18 	 200 	 467 	 0
1788204795153 	 16 	 200 	 469 	 1
1788204795156 	 17 	 200 	 469 	 0
1788204795179 	 20 	 200 	 472 	 2
1788204795191 	 17 	 200 	 473 	 2
1788204795187 	 22 	 200 	 473 	 1
1788204795209 	 14 	 200 	 474 	 1
1788204795214 	 13 	 200 	 474 	 0
1788204795228 	 12 	 200 	 476 	 1
1788204795237 	 15 	 200 	 478 	 2
1788204795244 	 14 	 200 	 479 	 2
1788204795257 	 16 	 200 	 480 	 2
1788204795247 	 39 	 200 	 480 	 1
1788204795275 	 17 	 200 	 481 	 1
1788204795289 	 14 	 200 	 482 	 1
1788204795303 	 12 	 200 	 483 	 1
1788204795315 	 12 	 200 	 483 	 0
1788204795339 	 12 	 200 	 484 	 0
1788204795371 	 15 	 200 	 486 	 1
1788204795382 	 15 	 200 	 486 	 0
1788204795423 	 14 	 200 	 489 	 2
1788204795425 	 16 	 200 	 489 	 1
1788204795424 	 21 	 200 	 489 	 0
1788204795506 	 16 	 200 	 490 	 0
1788204795524 	 16 	 200 	 492 	 1
1788204795535 	 16 	 200 	 492 	 0
1788204795583 	 24 	 200 	 494 	 1
1788204795600 	 14 	 200 	 494 	 0
1788204795629 	 15 	 200 	 496 	 1
1788204795639 	 23 	 200 	 496 	 0
1788204795675 	 26 	 200 	 500 	 3
1788204795685 	 21 	 200 	 500 	 2
1788204795699 	 16 	 200 	 500 	 1
1788204795703 	 16 	 200 	 500 	 0
1788204795723 	 16 	 200 	 501 	 0
1788204795766 	 14 	 200 	 502 	 0
1788204795809 	 16 	 200 	 505 	 2
1788204795818 	 15 	 200 	 505 	 1
1788204795827 	 19 	 200 	 505 	 0
1788204795889 	 15 	 200 	 507 	 1
1788204795890 	 19 	 200 	 507 	 0
1788204795920 	 14 	 200 	 508 	 0
1788204795954 	 14 	 200 	 509 	 0
1788204796013 	 17 	 200 	 511 	 1
1788204796018 	 14 	 200 	 511 	 0
1788204796120 	 33 	 200 	 513 	 1
1788204796152 	 37 	 200 	 514 	 1
1788204796184 	 25 	 200 	 515 	 1
1788204796205 	 12 	 200 	 516 	 1
1788204796215 	 14 	 200 	 516 	 0
1788204796260 	 29 	 200 	 520 	 3
1788204796267 	 24 	 200 	 520 	 2
1788204796263 	 29 	 200 	 520 	 1
1788204796276 	 22 	 200 	 520 	 0
1788204796330 	 26 	 200 	 523 	 2
1788204796356 	 14 	 200 	 524 	 2
1788204796355 	 18 	 200 	 524 	 1
1788204796365 	 15 	 200 	 524 	 0
1788204796398 	 12 	 200 	 526 	 1
1788204796397 	 13 	 200 	 526 	 0
1788204796450 	 18 	 200 	 527 	 0
1788204796517 	 35 	 200 	 530 	 2
1788204796527 	 29 	 200 	 530 	 1
1788204796519 	 39 	 200 	 530 	 0
1788204796593 	 18 	 200 	 534 	 3
1788204796602 	 15 	 200 	 534 	 2
1788204796603 	 15 	 200 	 534 	 1
1788204796606 	 13 	 200 	 534 	 0
1788204796632 	 17 	 200 	 537 	 2
1788204796642 	 17 	 200 	 538 	 2
1788204796645 	 17 	 200 	 538 	 1
1788204796660 	 15 	 200 	 538 	 0
1788204796680 	 12 	 200 	 541 	 2
1788204796688 	 15 	 200 	 542 	 2
1788204796690 	 13 	 200 	 542 	 1
1788204796702 	 16 	 200 	 543 	 1
1788204796711 	 15 	 200 	 543 	 0
1788204796779 	 39 	 200 	 546 	 2
1788204796796 	 30 	 200 	 546 	 1
1788204796813 	 18 	 200 	 546 	 0
1788204796865 	 25 	 200 	 549 	 2
1788204796881 	 19 	 200 	 550 	 2
1788204796885 	 18 	 200 	 550 	 1
1788204796897 	 15 	 200 	 550 	 0
1788204796939 	 12 	 200 	 551 	 0
1788204796955 	 13 	 200 	 552 	 0
1788204796992 	 13 	 200 	 553 	 0
1788204797055 	 32 	 200 	 555 	 1
1788204797062 	 37 	 200 	 557 	 2
1788204797091 	 14 	 200 	 558 	 2
1788204797096 	 17 	 200 	 559 	 2
1788204797107 	 13 	 200 	 559 	 1
1788204797122 	 11 	 200 	 561 	 2
1788204797126 	 12 	 200 	 561 	 1
1788204797106 	 48 	 200 	 561 	 0
1788204797163 	 12 	 200 	 562 	 0
1788204797205 	 35 	 200 	 565 	 2
1788204797238 	 19 	 200 	 566 	 2
1788204797228 	 34 	 200 	 566 	 1
1788204797257 	 15 	 200 	 566 	 0
1788204797276 	 13 	 200 	 567 	 0
1788204797322 	 21 	 200 	 569 	 1
1788204797324 	 25 	 200 	 569 	 0
1788204797355 	 12 	 200 	 570 	 0
1788204797376 	 14 	 200 	 572 	 1
1788204797389 	 13 	 200 	 574 	 2
1788204797392 	 14 	 200 	 574 	 1
1788204797400 	 13 	 200 	 575 	 1
1788204797412 	 13 	 200 	 575 	 0
1788204797437 	 17 	 200 	 578 	 2
1788204797442 	 15 	 200 	 580 	 3
1788204797451 	 18 	 200 	 580 	 2
1788204797458 	 15 	 200 	 580 	 1
1788204797458 	 16 	 200 	 580 	 0
1788204797513 	 25 	 200 	 582 	 1
1788204797535 	 17 	 200 	 583 	 1
1788204797548 	 17 	 200 	 584 	 1
1788204797565 	 13 	 200 	 584 	 0
1788204797602 	 39 	 200 	 587 	 2
1788204797617 	 27 	 200 	 587 	 1
1788204797633 	 20 	 200 	 589 	 2
1788204797650 	 13 	 200 	 590 	 2
1788204797652 	 15 	 200 	 590 	 1
1788204797658 	 15 	 200 	 591 	 1
1788204797674 	 16 	 200 	 592 	 1
1788204797683 	 14 	 200 	 592 	 0
1788204797704 	 18 	 200 	 596 	 3
1788204797704 	 17 	 200 	 596 	 2
1788204797705 	 17 	 200 	 596 	 1
1788204797708 	 20 	 200 	 596 	 0
1788204797758 	 19 	 200 	 598 	 2
1788204797778 	 16 	 200 	 603 	 5
1788204797778 	 23 	 200 	 603 	 4
1788204797781 	 23 	 200 	 603 	 3
1788204797790 	 20 	 200 	 604 	 3
1788204797791 	 21 	 200 	 604 	 2
1788204797808 	 12 	 200 	 604 	 1
1788204797826 	 12 	 200 	 605 	 1
1788204797866 	 37 	 200 	 607 	 2
1788204797862 	 43 	 200 	 607 	 1
1788204797966 	 35 	 200 	 610 	 3
1788204797974 	 30 	 200 	 610 	 2
1788204797996 	 19 	 200 	 611 	 2
1788204797790 	 225 	 200 	 611 	 1
1788204798006 	 14 	 200 	 611 	 0
1788204798048 	 12 	 200 	 612 	 0
1788204798065 	 16 	 200 	 615 	 2
1788204798079 	 13 	 200 	 616 	 2
1788204798078 	 15 	 200 	 616 	 1
1788204798088 	 13 	 200 	 617 	 1
1788204798101 	 12 	 200 	 617 	 0
1788204798146 	 33 	 200 	 619 	 1
1788204798156 	 27 	 200 	 620 	 1
1788204798183 	 13 	 200 	 621 	 1
1788204798196 	 16 	 200 	 622 	 1
1788204798204 	 17 	 200 	 624 	 2
1788204798214 	 15 	 200 	 624 	 1
1788204798221 	 18 	 200 	 624 	 0
1788204798270 	 12 	 200 	 626 	 1
1788204798280 	 16 	 200 	 626 	 0
1788204798309 	 12 	 200 	 627 	 0
1788204798324 	 16 	 200 	 629 	 1
1788204798328 	 12 	 200 	 629 	 0
1788204798364 	 16 	 200 	 633 	 3
1788204798366 	 18 	 200 	 633 	 2
1788204798368 	 18 	 200 	 633 	 1
1788204798379 	 15 	 200 	 633 	 0
1788204798452 	 15 	 200 	 634 	 0
1788204798502 	 13 	 200 	 635 	 0
1788204798523 	 11 	 200 	 636 	 0
1788204798618 	 42 	 200 	 638 	 1
1788204798640 	 28 	 200 	 638 	 0
1788204798702 	 13 	 200 	 639 	 0
1788204798729 	 12 	 200 	 640 	 0
1788204798828 	 31 	 200 	 643 	 2
1788204798833 	 30 	 200 	 643 	 1
1788204798844 	 24 	 200 	 644 	 1
1788204798869 	 16 	 200 	 644 	 0
1788204798903 	 13 	 200 	 646 	 1
1788204798914 	 15 	 200 	 649 	 3
1788204798920 	 13 	 200 	 649 	 2
1788204798927 	 18 	 200 	 649 	 1
1788204798927 	 19 	 200 	 649 	 0
1788204798979 	 17 	 200 	 651 	 1
1788204798989 	 13 	 200 	 652 	 1
1788204799002 	 13 	 200 	 652 	 0
1788204799020 	 19 	 200 	 654 	 1
1788204799032 	 13 	 200 	 654 	 0
1788204799069 	 31 	 200 	 658 	 3
1788204799081 	 32 	 200 	 659 	 3
1788204799096 	 19 	 200 	 659 	 2
1788204799089 	 26 	 200 	 659 	 1
1788204799106 	 14 	 200 	 659 	 0
1788204799192 	 17 	 200 	 662 	 2
1788204799164 	 54 	 200 	 662 	 1
1788204799175 	 44 	 200 	 662 	 0
1788204799223 	 16 	 200 	 663 	 0
1788204799243 	 17 	 200 	 667 	 3
1788204799250 	 13 	 200 	 667 	 2
1788204799257 	 17 	 200 	 667 	 1
1788204799259 	 17 	 200 	 667 	 0
1788204799305 	 17 	 200 	 669 	 1
1788204799305 	 16 	 200 	 669 	 0
1788204799339 	 14 	 200 	 671 	 1
1788204799346 	 12 	 200 	 671 	 0
1788204799383 	 15 	 200 	 673 	 1
1788204799391 	 12 	 200 	 673 	 0
1788204799416 	 17 	 200 	 677 	 3
1788204799418 	 19 	 200 	 677 	 2
1788204799429 	 17 	 200 	 677 	 1
1788204799432 	 14 	 200 	 677 	 0
1788204799453 	 14 	 200 	 678 	 0
1788204799499 	 33 	 200 	 682 	 3
1788204799505 	 36 	 200 	 683 	 3
1788204799523 	 20 	 200 	 683 	 2
1788204799533 	 15 	 200 	 683 	 1
1788204799541 	 15 	 200 	 683 	 0
1788204799581 	 14 	 200 	 686 	 2
1788204799584 	 13 	 200 	 686 	 1
1788204799591 	 15 	 200 	 686 	 0
1788204799612 	 13 	 200 	 687 	 0
1788204799641 	 11 	 200 	 688 	 0
1788204799663 	 13 	 200 	 689 	 0
1788204799711 	 15 	 200 	 692 	 2
1788204799711 	 18 	 200 	 692 	 1
1788204799721 	 15 	 200 	 692 	 0
1788204799756 	 21 	 200 	 693 	 0
1788204799781 	 12 	 200 	 695 	 1
1788204799784 	 14 	 200 	 695 	 0
1788204799809 	 13 	 200 	 696 	 0
1788204799848 	 15 	 200 	 697 	 0
1788204799955 	 19 	 200 	 701 	 3
1788204799930 	 45 	 200 	 701 	 2
1788204799963 	 16 	 200 	 701 	 1
1788204799970 	 19 	 200 	 702 	 1
1788204799982 	 13 	 200 	 702 	 0
1788204800018 	 37 	 200 	 705 	 2
1788204800028 	 33 	 200 	 705 	 1
1788204800037 	 27 	 200 	 705 	 0
1788204800097 	 21 	 200 	 710 	 4
1788204800103 	 16 	 200 	 710 	 3
1788204800104 	 15 	 200 	 710 	 2
1788204800098 	 24 	 200 	 710 	 1
1788204800117 	 14 	 200 	 712 	 2
1788204800129 	 19 	 200 	 715 	 4
1788204800131 	 18 	 200 	 715 	 3
1788204800133 	 17 	 200 	 715 	 2
1788204800133 	 18 	 200 	 715 	 1
1788204800139 	 16 	 200 	 716 	 1
1788204800156 	 13 	 200 	 717 	 1
1788204800160 	 16 	 200 	 718 	 1
1788204800176 	 32 	 200 	 721 	 3
1788204800189 	 21 	 200 	 721 	 2
1788204800201 	 16 	 200 	 721 	 1
1788204800203 	 14 	 200 	 721 	 0
1788204800237 	 19 	 200 	 722 	 0
1788204800258 	 16 	 200 	 725 	 2
1788204800265 	 18 	 200 	 727 	 3
1788204800278 	 16 	 200 	 728 	 3
1788204800273 	 22 	 200 	 729 	 3
1788204800283 	 14 	 200 	 729 	 2
1788204800287 	 14 	 200 	 729 	 1
1788204800295 	 14 	 200 	 729 	 0
1788204800311 	 12 	 200 	 730 	 0
1788204800392 	 40 	 200 	 732 	 1
1788204800411 	 32 	 200 	 733 	 1
1788204800444 	 16 	 200 	 735 	 2
1788204800454 	 16 	 200 	 737 	 3
1788204800456 	 16 	 200 	 737 	 2
1788204800463 	 15 	 200 	 737 	 1
1788204800483 	 13 	 200 	 739 	 2
1788204800488 	 13 	 200 	 740 	 2
1788204800465 	 46 	 200 	 740 	 1
1788204800501 	 16 	 200 	 740 	 0
1788204800518 	 12 	 200 	 741 	 0
1788204800539 	 12 	 200 	 742 	 0
1788204800574 	 16 	 200 	 747 	 4
1788204800566 	 23 	 200 	 747 	 3
1788204800575 	 20 	 200 	 748 	 3
1788204800589 	 16 	 200 	 748 	 2
1788204800589 	 16 	 200 	 748 	 1
1788204800595 	 13 	 200 	 748 	 0
1788204800615 	 15 	 200 	 749 	 0
1788204800644 	 17 	 200 	 752 	 2
1788204800649 	 14 	 200 	 752 	 1
1788204800662 	 17 	 200 	 752 	 0
1788204800729 	 22 	 200 	 755 	 2
1788204800736 	 20 	 200 	 755 	 1
1788204800713 	 43 	 200 	 755 	 0
1788204800774 	 23 	 200 	 757 	 1
1788204800784 	 18 	 200 	 757 	 0
1788204800811 	 12 	 200 	 758 	 0
1788204800869 	 15 	 200 	 760 	 1
1788204800883 	 16 	 200 	 760 	 0
1788204800903 	 17 	 200 	 762 	 1
1788204800905 	 19 	 200 	 762 	 0
1788204800982 	 26 	 200 	 766 	 3
1788204800985 	 24 	 200 	 767 	 3
1788204801001 	 18 	 200 	 768 	 3
1788204801005 	 16 	 200 	 769 	 4
1788204801011 	 14 	 200 	 770 	 3
1788204801016 	 15 	 200 	 770 	 2
1788204801022 	 20 	 200 	 770 	 1
1788204801022 	 22 	 200 	 770 	 0
1788204801067 	 34 	 200 	 771 	 0
1788204801106 	 15 	 200 	 773 	 1
1788204801111 	 16 	 200 	 773 	 0
1788204801150 	 11 	 200 	 775 	 1
1788204801144 	 24 	 200 	 776 	 1
1788204801165 	 15 	 200 	 776 	 0
1788204801239 	 16 	 200 	 778 	 1
1788204801242 	 15 	 200 	 778 	 0
1788204801298 	 32 	 200 	 782 	 3
1788204801306 	 24 	 200 	 782 	 2
1788204801312 	 18 	 200 	 782 	 1
1788204801315 	 19 	 200 	 782 	 0
1788204801370 	 14 	 200 	 784 	 1
1788204801376 	 18 	 200 	 784 	 0
1788204801417 	 13 	 200 	 785 	 0
1788204801444 	 17 	 200 	 789 	 3
1788204801447 	 15 	 200 	 789 	 2
1788204801443 	 21 	 200 	 789 	 1
1788204801456 	 13 	 200 	 789 	 0
1788204801481 	 12 	 200 	 790 	 0
1788204801516 	 29 	 200 	 793 	 2
1788204801533 	 13 	 200 	 793 	 1
1788204801530 	 18 	 200 	 793 	 0
1788204801561 	 14 	 200 	 794 	 0
1788204801579 	 13 	 200 	 796 	 1
1788204801586 	 15 	 200 	 797 	 1
1788204801600 	 18 	 200 	 801 	 4
1788204801605 	 19 	 200 	 801 	 3
1788204801607 	 19 	 200 	 801 	 2
1788204801616 	 15 	 200 	 801 	 1
1788204801616 	 18 	 200 	 802 	 1
1788204801635 	 14 	 200 	 803 	 1
1788204801649 	 18 	 200 	 803 	 0
1788204801678 	 26 	 200 	 804 	 0
1788204801733 	 36 	 200 	 807 	 2
1788204801772 	 20 	 200 	 809 	 3
1788204801768 	 25 	 200 	 809 	 2
1788204801766 	 30 	 200 	 810 	 2
1788204801780 	 18 	 200 	 810 	 1
1788204801796 	 13 	 200 	 811 	 1
1788204801801 	 15 	 200 	 811 	 0
1788204801819 	 12 	 200 	 812 	 0
1788204801848 	 14 	 200 	 814 	 1
1788204801851 	 13 	 200 	 814 	 0
1788204801878 	 25 	 200 	 816 	 1
1788204801902 	 32 	 200 	 817 	 1
1788204801940 	 18 	 200 	 819 	 2
1788204801934 	 25 	 200 	 819 	 1
1788204801957 	 13 	 200 	 820 	 1
1788204801963 	 12 	 200 	 820 	 0
1788204802018 	 32 	 200 	 822 	 1
1788204802024 	 30 	 200 	 822 	 0
1788204802062 	 12 	 200 	 823 	 0
1788204802077 	 14 	 200 	 824 	 0
1788204802098 	 14 	 200 	 825 	 0
1788204802115 	 12 	 200 	 826 	 0
1788204802143 	 12 	 200 	 828 	 1
1788204802136 	 21 	 200 	 829 	 1
1788204802157 	 12 	 200 	 829 	 0
1788204802219 	 28 	 200 	 834 	 4
1788204802217 	 33 	 200 	 834 	 3
1788204802230 	 20 	 200 	 834 	 2
1788204802241 	 15 	 200 	 834 	 1
1788204802274 	 65 	 200 	 841 	 7
1788204802287 	 55 	 200 	 841 	 6
1788204802289 	 54 	 200 	 841 	 5
1788204802279 	 66 	 200 	 841 	 4
1788204802333 	 15 	 200 	 841 	 3
1788204802371 	 31 	 200 	 844 	 5
1788204802388 	 17 	 200 	 844 	 4
1788204802291 	 117 	 200 	 844 	 3
1788204802308 	 130 	 200 	 845 	 3
1788204802432 	 15 	 200 	 845 	 2
1788204802515 	 32 	 200 	 851 	 7
1788204802399 	 153 	 200 	 851 	 6
1788204802531 	 23 	 200 	 851 	 5
1788204802535 	 19 	 200 	 851 	 4
1788204802539 	 20 	 200 	 852 	 4
1788204802540 	 21 	 200 	 852 	 3
1788204802558 	 84 	 200 	 858 	 8
1788204802619 	 34 	 200 	 859 	 9
1788204802594 	 61 	 200 	 860 	 8
1788204802589 	 64 	 200 	 860 	 7
1788204802511 	 188 	 200 	 864 	 10
1788204802645 	 95 	 200 	 865 	 10
1788204802606 	 145 	 200 	 865 	 9
1788204802661 	 90 	 200 	 865 	 8
1788204802690 	 61 	 200 	 865 	 7
1788204802655 	 101 	 200 	 865 	 6
1788204802641 	 113 	 200 	 865 	 5
1788204802657 	 101 	 200 	 865 	 4
1788204802678 	 163 	 200 	 872 	 10
1788204802770 	 75 	 200 	 872 	 9
1788204802765 	 83 	 200 	 872 	 8
1788204802798 	 53 	 200 	 872 	 7
1788204802604 	 248 	 200 	 872 	 6
1788204802832 	 24 	 200 	 872 	 5
1788204802796 	 105 	 200 	 873 	 5
1788204802803 	 99 	 200 	 873 	 4
1788204802832 	 73 	 200 	 873 	 3
1788204802726 	 228 	 200 	 877 	 6
1788204802894 	 64 	 200 	 877 	 5
1788204802937 	 129 	 200 	 884 	 11
1788204802942 	 291 	 200 	 889 	 20
1788204803030 	 203 	 200 	 890 	 19
1788204803039 	 196 	 200 	 891 	 18
1788204803089 	 209 	 200 	 892 	 20
1788204802933 	 410 	 200 	 893 	 21
1788204803062 	 286 	 200 	 894 	 22
1788204803035 	 313 	 200 	 895 	 21
1788204803050 	 345 	 200 	 896 	 21
1788204803146 	 293 	 200 	 897 	 22
1788204803065 	 375 	 200 	 898 	 21
1788204803235 	 211 	 200 	 899 	 21
1788204803237 	 261 	 200 	 900 	 22
1788204802933 	 563 	 200 	 901 	 21
1788204802209 	 1292 	 200 	 902 	 20
1788204802988 	 554 	 200 	 903 	 22
1788204803110 	 444 	 200 	 904 	 21
1788204803075 	 484 	 200 	 905 	 20
1788204803442 	 159 	 200 	 906 	 20
1788204803346 	 287 	 200 	 907 	 21
1788204803301 	 333 	 200 	 908 	 20
1788204803354 	 280 	 200 	 909 	 19
1788204803151 	 490 	 200 	 910 	 18
1788204803351 	 292 	 200 	 911 	 17
1788204803441 	 212 	 200 	 912 	 16
1788204803236 	 499 	 200 	 913 	 19
1788204803545 	 189 	 200 	 914 	 18
1788204803503 	 231 	 200 	 915 	 17
1788204803505 	 233 	 200 	 916 	 16
1788204803560 	 175 	 200 	 917 	 15
1788204803636 	 105 	 200 	 917 	 14
1788204803451 	 288 	 200 	 917 	 13
1788204803557 	 184 	 200 	 917 	 13
1788204803636 	 105 	 200 	 918 	 12
1788204803643 	 99 	 200 	 918 	 11
1788204803399 	 341 	 200 	 918 	 10
1788204803635 	 104 	 200 	 918 	 9
1788204803500 	 238 	 200 	 918 	 8
1788204803602 	 139 	 200 	 918 	 7
1788204803645 	 99 	 200 	 918 	 6
1788204803657 	 148 	 200 	 921 	 8
1788204803743 	 90 	 200 	 922 	 8
1788204803738 	 102 	 200 	 922 	 7
1788204803737 	 110 	 200 	 922 	 6
1788204803740 	 112 	 200 	 922 	 5
1788204803802 	 51 	 200 	 922 	 4
1788204803765 	 89 	 200 	 922 	 3
1788204803737 	 123 	 200 	 922 	 2
1788204803830 	 30 	 200 	 922 	 1
1788204803770 	 93 	 200 	 922 	 0
1788204803876 	 17 	 200 	 925 	 2
1788204803878 	 19 	 200 	 926 	 2
1788204803891 	 46 	 200 	 929 	 4
1788204803897 	 99 	 200 	 933 	 7
1788204803924 	 110 	 200 	 936 	 9
1788204803911 	 137 	 200 	 937 	 9
1788204803953 	 122 	 200 	 937 	 8
1788204804026 	 52 	 200 	 937 	 7
1788204804000 	 102 	 200 	 937 	 6
1788204803926 	 181 	 200 	 937 	 5
1788204803961 	 192 	 200 	 939 	 6
1788204803966 	 190 	 200 	 939 	 5
1788204804003 	 164 	 200 	 940 	 5
1788204803985 	 278 	 200 	 946 	 10
1788204804124 	 213 	 200 	 950 	 13
1788204804171 	 165 	 200 	 950 	 12
1788204804159 	 193 	 200 	 951 	 12
1788204804113 	 251 	 200 	 954 	 14
1788204804239 	 194 	 200 	 956 	 16
1788204804038 	 405 	 200 	 957 	 15
1788204804243 	 212 	 200 	 958 	 15
1788204804246 	 215 	 200 	 958 	 14
1788204804298 	 203 	 200 	 960 	 15
1788204804357 	 181 	 200 	 960 	 14
1788204804362 	 177 	 200 	 960 	 13
1788204804251 	 304 	 200 	 960 	 12
1788204804339 	 218 	 200 	 960 	 11
1788204804389 	 171 	 200 	 961 	 11
1788204804332 	 270 	 200 	 963 	 12
1788204804258 	 385 	 200 	 966 	 14
1788204804360 	 291 	 200 	 967 	 14
1788204804316 	 337 	 200 	 967 	 13
1788204804411 	 287 	 200 	 969 	 14
1788204804468 	 270 	 200 	 969 	 13
1788204804436 	 315 	 200 	 969 	 12
1788204804296 	 456 	 200 	 969 	 11
1788204804582 	 172 	 200 	 969 	 10
1788204804447 	 307 	 200 	 969 	 9
1788204804673 	 86 	 200 	 969 	 8
1788204804483 	 279 	 200 	 970 	 8
1788204804559 	 205 	 200 	 970 	 7
1788204804648 	 116 	 200 	 970 	 6
1788204804636 	 206 	 200 	 975 	 10
1788204804587 	 259 	 200 	 975 	 9
1788204804623 	 229 	 200 	 976 	 9
1788204804764 	 113 	 200 	 976 	 8
1788204804781 	 140 	 200 	 977 	 8
1788204804787 	 160 	 200 	 980 	 10
1788204804821 	 128 	 200 	 980 	 9
1788204804831 	 127 	 200 	 980 	 8
1788204804849 	 201 	 200 	 986 	 13
1788204804913 	 211 	 200 	 989 	 19
1788204804656 	 476 	 200 	 990 	 18
1788204804793 	 345 	 200 	 991 	 17
1788204804998 	 149 	 200 	 992 	 17
1788204804945 	 295 	 200 	 993 	 20
1788204804943 	 295 	 200 	 994 	 19
1788204804966 	 273 	 200 	 995 	 19
1788204805007 	 244 	 200 	 996 	 18
1788204805019 	 313 	 200 	 997 	 23
1788204805150 	 205 	 200 	 998 	 22
1788204804976 	 469 	 200 	 999 	 27
1788204804979 	 467 	 200 	 1000 	 27
1788204804945 	 525 	 200 	 1001 	 27
1788204805135 	 406 	 200 	 1002 	 26
1788204805069 	 473 	 200 	 1003 	 25
1788204805074 	 481 	 200 	 1004 	 25
1788204805254 	 384 	 200 	 1005 	 26
1788204805250 	 389 	 200 	 1006 	 25
1788204805072 	 579 	 200 	 1007 	 24
1788204805247 	 405 	 200 	 1008 	 24
1788204805126 	 568 	 200 	 1009 	 26
1788204805139 	 601 	 200 	 1010 	 28
1788204805447 	 298 	 200 	 1011 	 27
1788204805640 	 123 	 200 	 1012 	 26
1788204805655 	 183 	 200 	 1013 	 26
1788204805243 	 599 	 200 	 1014 	 27
1788204805334 	 511 	 200 	 1015 	 26
1788204805766 	 86 	 200 	 1016 	 25
1788204805358 	 502 	 200 	 1017 	 24
1788204805545 	 352 	 200 	 1018 	 23
1788204805743 	 154 	 200 	 1019 	 22
1788204805545 	 404 	 200 	 1020 	 22
1788204805557 	 400 	 200 	 1021 	 21
1788204805642 	 403 	 200 	 1022 	 26
1788204805658 	 394 	 200 	 1023 	 27
1788204805473 	 581 	 200 	 1024 	 26
1788204805450 	 608 	 200 	 1025 	 25
1788204805846 	 199 	 200 	 1026 	 24
1788204805863 	 198 	 200 	 1027 	 24
1788204805749 	 317 	 200 	 1028 	 23
1788204805846 	 350 	 200 	 1029 	 28
1788204805955 	 283 	 200 	 1030 	 28
1788204805854 	 393 	 200 	 1031 	 27
1788204806069 	 186 	 200 	 1032 	 26
1788204805901 	 351 	 200 	 1033 	 25
1788204805696 	 557 	 200 	 1034 	 24
1788204806197 	 67 	 200 	 1035 	 24
1788204806049 	 212 	 200 	 1036 	 23
1788204805901 	 374 	 200 	 1037 	 23
1788204805959 	 317 	 200 	 1038 	 22
1788204805840 	 499 	 200 	 1039 	 22
1788204806060 	 374 	 200 	 1040 	 28
1788204806054 	 382 	 200 	 1041 	 27
1788204806260 	 177 	 200 	 1042 	 26
1788204806241 	 198 	 200 	 1043 	 25
1788204806257 	 183 	 200 	 1044 	 24
1788204806268 	 179 	 200 	 1045 	 23
1788204806249 	 185 	 200 	 1046 	 22
1788204806278 	 255 	 200 	 1047 	 27
1788204806271 	 264 	 200 	 1048 	 26
1788204806065 	 472 	 200 	 1049 	 25
1788204806264 	 273 	 200 	 1050 	 24
1788204806341 	 215 	 200 	 1051 	 24
1788204806280 	 321 	 200 	 1052 	 27
1788204806057 	 578 	 200 	 1053 	 28
1788204806442 	 211 	 200 	 1054 	 28
1788204806439 	 219 	 200 	 1055 	 28
1788204806446 	 248 	 200 	 1056 	 28
1788204806063 	 670 	 200 	 1057 	 29
1788204806537 	 216 	 200 	 1058 	 30
1788204806438 	 303 	 200 	 1059 	 29
1788204806436 	 358 	 200 	 1060 	 30
1788204806539 	 301 	 200 	 1061 	 33
1788204806450 	 404 	 200 	 1062 	 33
1788204806559 	 297 	 200 	 1063 	 32
1788204806656 	 286 	 200 	 1064 	 39
1788204806541 	 415 	 200 	 1065 	 38
1788204806455 	 504 	 200 	 1066 	 37
1788204806735 	 228 	 200 	 1067 	 36
1788204806842 	 213 	 200 	 1068 	 40
1788204806696 	 362 	 200 	 1069 	 39
1788204806859 	 199 	 200 	 1070 	 38
1788204806962 	 132 	 200 	 1071 	 37
1788204806944 	 207 	 200 	 1072 	 42
1788204807060 	 98 	 200 	 1073 	 42
1788204806659 	 503 	 200 	 1074 	 41
1788204807062 	 99 	 200 	 1075 	 40
1788204807059 	 130 	 200 	 1076 	 39
1788204807096 	 143 	 200 	 1077 	 41
1788204806758 	 484 	 200 	 1078 	 40
1788204806603 	 644 	 200 	 1079 	 40
1788204807164 	 88 	 200 	 1080 	 39
1788204807165 	 92 	 200 	 1081 	 39
1788204806534 	 728 	 200 	 1082 	 38
1788204807153 	 122 	 200 	 1083 	 37
1788204807160 	 178 	 200 	 1084 	 39
1788204807196 	 141 	 200 	 1085 	 38
1788204806754 	 591 	 200 	 1086 	 37
1788204806958 	 383 	 200 	 1087 	 36
1788204806795 	 559 	 200 	 1088 	 35
1788204807240 	 199 	 200 	 1089 	 37
1788204806637 	 807 	 200 	 1090 	 36
1788204807244 	 297 	 200 	 1091 	 41
1788204807248 	 297 	 200 	 1092 	 40
1788204807260 	 299 	 200 	 1093 	 39
1788204807278 	 356 	 200 	 1094 	 47
1788204807344 	 312 	 200 	 1095 	 47
1788204806965 	 782 	 200 	 1096 	 50
1788204807348 	 402 	 200 	 1097 	 49
1788204807264 	 486 	 200 	 1098 	 48
1788204807446 	 311 	 200 	 1099 	 47
1788204807658 	 100 	 200 	 1100 	 46
1788204807254 	 508 	 200 	 1101 	 45
1788204807340 	 494 	 200 	 1102 	 47
1788204806856 	 983 	 200 	 1103 	 46
1788204807561 	 279 	 200 	 1104 	 45
1788204807441 	 401 	 200 	 1105 	 44
1788204807635 	 214 	 200 	 1106 	 43
1788204807352 	 581 	 200 	 1107 	 47
1788204807753 	 180 	 200 	 1108 	 46
1788204807756 	 183 	 200 	 1109 	 45
1788204807760 	 185 	 200 	 1110 	 44
1788204807355 	 596 	 200 	 1111 	 43
1788204807543 	 491 	 200 	 1112 	 47
1788204807845 	 194 	 200 	 1113 	 46
1788204807766 	 277 	 200 	 1114 	 45
1788204807548 	 589 	 200 	 1115 	 49
1788204807843 	 302 	 200 	 1116 	 48
1788204807841 	 303 	 200 	 1117 	 47
1788204807851 	 300 	 200 	 1118 	 46
1788204807765 	 374 	 200 	 1119 	 45
1788204807953 	 207 	 200 	 1120 	 45
1788204807937 	 305 	 200 	 1121 	 46
1788204807935 	 319 	 200 	 1122 	 46
1788204807942 	 316 	 200 	 1123 	 45
1788204807762 	 501 	 200 	 1124 	 44
1788204808037 	 295 	 200 	 1125 	 46
1788204807947 	 386 	 200 	 1126 	 45
1788204808155 	 192 	 200 	 1127 	 44
1788204807836 	 511 	 200 	 1128 	 43
1788204808041 	 313 	 200 	 1129 	 43
1788204808147 	 212 	 200 	 1130 	 42
1788204808261 	 111 	 200 	 1131 	 41
1788204808163 	 211 	 200 	 1132 	 40
1788204808140 	 235 	 200 	 1133 	 39
1788204808048 	 385 	 200 	 1134 	 41
1788204808150 	 292 	 200 	 1135 	 40
1788204808336 	 114 	 200 	 1136 	 40
1788204808351 	 108 	 200 	 1137 	 39
1788204808377 	 167 	 200 	 1138 	 44
1788204808444 	 108 	 200 	 1139 	 44
1788204808461 	 98 	 200 	 1140 	 43
1788204808358 	 296 	 200 	 1141 	 47
1788204808374 	 284 	 200 	 1142 	 46
1788204808154 	 500 	 200 	 1143 	 46
1788204808561 	 97 	 200 	 1144 	 45
1788204808376 	 319 	 200 	 1145 	 44
1788204808256 	 440 	 200 	 1146 	 43
1788204808451 	 297 	 200 	 1147 	 42
1788204808662 	 181 	 200 	 1148 	 46
1788204808696 	 153 	 200 	 1149 	 47
1788204808662 	 186 	 200 	 1150 	 46
1788204808666 	 186 	 200 	 1151 	 45
1788204808750 	 106 	 200 	 1152 	 44
1788204808244 	 617 	 200 	 1153 	 44
1788204808436 	 498 	 200 	 1154 	 44
1788204808337 	 599 	 200 	 1155 	 43
1788204808265 	 681 	 200 	 1156 	 42
1788204808546 	 402 	 200 	 1157 	 41
1788204808656 	 297 	 200 	 1158 	 40
1788204808350 	 604 	 200 	 1159 	 39
1788204808851 	 112 	 200 	 1160 	 40
1788204808845 	 192 	 200 	 1161 	 44
1788204808853 	 185 	 200 	 1162 	 43
1788204808852 	 193 	 200 	 1163 	 42
1788204808363 	 684 	 200 	 1164 	 41
1788204808935 	 131 	 200 	 1165 	 42
1788204808957 	 177 	 200 	 1166 	 46
1788204808937 	 197 	 200 	 1167 	 46
1788204808554 	 581 	 200 	 1168 	 45
1788204808951 	 188 	 200 	 1169 	 45
1788204809048 	 99 	 200 	 1170 	 46
1788204809068 	 173 	 200 	 1171 	 49
1788204809136 	 105 	 200 	 1172 	 48
1788204809138 	 109 	 200 	 1173 	 47
1788204809137 	 115 	 200 	 1174 	 46
1788204808698 	 564 	 200 	 1175 	 46
1788204809142 	 199 	 200 	 1176 	 52
1788204809150 	 198 	 200 	 1177 	 52
1788204809242 	 113 	 200 	 1178 	 51
1788204809038 	 319 	 200 	 1179 	 50
1788204808947 	 415 	 200 	 1180 	 49
1788204809040 	 356 	 200 	 1181 	 48
1788204808858 	 579 	 200 	 1182 	 51
1788204808959 	 479 	 200 	 1183 	 50
1788204808965 	 492 	 200 	 1184 	 50
1788204809342 	 117 	 200 	 1185 	 49
1788204809248 	 252 	 200 	 1186 	 50
1788204809253 	 287 	 200 	 1187 	 50
1788204809442 	 111 	 200 	 1188 	 50
1788204809243 	 310 	 200 	 1189 	 49
1788204809397 	 163 	 200 	 1190 	 48
1788204809501 	 58 	 200 	 1191 	 47
1788204809361 	 294 	 200 	 1192 	 51
1788204809461 	 198 	 200 	 1193 	 50
1788204809349 	 308 	 200 	 1194 	 49
1788204809543 	 364 	 200 	 1195 	 60
1788204809562 	 390 	 200 	 1196 	 61
1788204809564 	 434 	 200 	 1197 	 63
1788204809463 	 591 	 200 	 1198 	 67
1788204809909 	 146 	 200 	 1199 	 66
1788204809555 	 500 	 200 	 1200 	 66
1788204809264 	 881 	 200 	 1201 	 72
1788204809954 	 202 	 200 	 1202 	 72
1788204809359 	 836 	 200 	 1203 	 74
1788204810058 	 185 	 200 	 1204 	 75
1788204810062 	 181 	 200 	 1205 	 74
1788204809663 	 583 	 200 	 1206 	 73
1788204809364 	 885 	 200 	 1207 	 72
1788204810060 	 192 	 200 	 1208 	 71
1788204809558 	 698 	 200 	 1209 	 70
1788204810158 	 101 	 200 	 1210 	 69
1788204809661 	 692 	 200 	 1211 	 71
1788204810245 	 209 	 200 	 1212 	 80
1788204810245 	 214 	 200 	 1213 	 79
1788204809657 	 804 	 200 	 1214 	 79
1788204810000 	 496 	 200 	 1215 	 80
1788204810258 	 286 	 200 	 1216 	 82
1788204809440 	 1102 	 200 	 1217 	 81
1788204810248 	 304 	 200 	 1218 	 81
1788204810261 	 292 	 200 	 1219 	 81
1788204810251 	 345 	 200 	 1220 	 80
1788204810355 	 286 	 200 	 1221 	 83
1788204810254 	 403 	 200 	 1222 	 82
1788204810555 	 105 	 200 	 1223 	 82
1788204809046 	 1609 	 200 	 1224 	 81
1788204810598 	 136 	 200 	 1225 	 84
1788204810464 	 280 	 200 	 1226 	 83
1788204810457 	 290 	 200 	 1227 	 82
1788204810549 	 206 	 200 	 1228 	 81
1788204810546 	 218 	 200 	 1229 	 81
1788204810665 	 172 	 200 	 1230 	 85
1788204810735 	 108 	 200 	 1231 	 84
1788204810662 	 186 	 200 	 1232 	 83
1788204810461 	 387 	 200 	 1233 	 82
1788204810498 	 442 	 200 	 1234 	 84
1788204810146 	 800 	 200 	 1235 	 83
1788204810557 	 400 	 200 	 1236 	 84
1788204810197 	 769 	 200 	 1237 	 83
1788204810750 	 247 	 200 	 1238 	 82
1788204810758 	 294 	 200 	 1239 	 85
1788204810767 	 290 	 200 	 1240 	 84
1788204810644 	 414 	 200 	 1241 	 83
1788204804642 	 6416 	 200 	 1242 	 82
1788204810659 	 483 	 200 	 1243 	 93
1788204810999 	 157 	 200 	 1244 	 94
1788204810846 	 316 	 200 	 1245 	 93
1788204810746 	 415 	 200 	 1246 	 92
1788204810839 	 328 	 200 	 1247 	 91
1788204810942 	 223 	 200 	 1248 	 92
1788204810948 	 225 	 200 	 1249 	 91
1788204810851 	 315 	 200 	 1250 	 90
1788204811063 	 139 	 500 	 1251 	 89
1788204810968 	 284 	 200 	 1252 	 90
1788204810853 	 491 	 200 	 1253 	 95
1788204811159 	 191 	 200 	 1254 	 94
1788204811203 	 149 	 200 	 1255 	 94
1788204810959 	 393 	 200 	 1256 	 93
1788204811054 	 307 	 200 	 1257 	 93
1788204811169 	 287 	 200 	 1258 	 97
1788204811144 	 316 	 200 	 1259 	 97
1788204811171 	 332 	 200 	 1260 	 96
1788204811181 	 370 	 200 	 1261 	 96
1788204811176 	 418 	 200 	 1262 	 97
1788204811061 	 578 	 200 	 1263 	 101
1788204811357 	 284 	 200 	 1264 	 100
1788204811178 	 466 	 200 	 1265 	 99
1788204811167 	 469 	 200 	 1266 	 98
1788204811255 	 387 	 200 	 1267 	 97
1788204811064 	 583 	 200 	 1268 	 96
1788204811462 	 196 	 200 	 1269 	 95
1788204811553 	 183 	 200 	 1270 	 98
1788204811505 	 237 	 200 	 1271 	 97
1788204811359 	 387 	 200 	 1272 	 96
1788204811365 	 468 	 200 	 1273 	 103
1788204811660 	 175 	 200 	 1274 	 102
1788204811654 	 186 	 200 	 1275 	 101
1788204811459 	 384 	 200 	 1276 	 100
1788204811355 	 503 	 200 	 1277 	 99
1788204811644 	 222 	 200 	 1278 	 98
1788204811744 	 188 	 200 	 1279 	 103
1788204811748 	 194 	 200 	 1280 	 102
1788204811739 	 216 	 200 	 1281 	 102
1788204811647 	 313 	 200 	 1282 	 101
1788204811641 	 354 	 200 	 1283 	 103
1788204811349 	 684 	 200 	 1284 	 102
1788204811596 	 444 	 200 	 1285 	 101
1788204811861 	 177 	 200 	 1286 	 100
1788204811842 	 199 	 200 	 1287 	 99
1788204811844 	 208 	 200 	 1288 	 98
1788204811651 	 407 	 200 	 1289 	 99
1788204811835 	 310 	 200 	 1290 	 105
1788204811945 	 205 	 200 	 1291 	 104
1788204811959 	 194 	 200 	 1292 	 103
1788204811963 	 194 	 200 	 1293 	 102
1788204812035 	 199 	 200 	 1294 	 101
1788204812055 	 179 	 200 	 1295 	 100
1788204811997 	 245 	 200 	 1296 	 99
1788204812060 	 185 	 200 	 1297 	 98
1788204812151 	 143 	 200 	 1298 	 100
1788204811650 	 678 	 200 	 1299 	 101
1788204811838 	 506 	 200 	 1300 	 100
1788204812156 	 194 	 200 	 1301 	 100
1788204812041 	 313 	 200 	 1302 	 99
1788204812235 	 208 	 200 	 1303 	 102
1788204812044 	 403 	 200 	 1304 	 101
1788204811867 	 626 	 200 	 1305 	 100
1788204812355 	 183 	 200 	 1306 	 101
1788204812247 	 298 	 200 	 1307 	 100
1788204812297 	 260 	 200 	 1308 	 99
1788204812243 	 316 	 200 	 1309 	 98
1788204812042 	 604 	 200 	 1310 	 102
1788204812540 	 118 	 200 	 1311 	 101
1788204812495 	 250 	 200 	 1312 	 107
1788204812660 	 99 	 200 	 1313 	 107
1788204812348 	 448 	 200 	 1314 	 110
1788204812761 	 84 	 200 	 1315 	 114
1788204812558 	 291 	 200 	 1316 	 114
1788204812352 	 500 	 200 	 1317 	 113
1788204812237 	 621 	 200 	 1318 	 112
1788204812561 	 299 	 200 	 1319 	 111
1788204812649 	 211 	 200 	 1320 	 110
1788204812548 	 316 	 200 	 1321 	 109
1788204812747 	 190 	 200 	 1322 	 113
1788204811934 	 1007 	 200 	 1323 	 112
1788204812444 	 506 	 200 	 1324 	 113
1788204812160 	 883 	 200 	 1325 	 115
1788204812866 	 285 	 200 	 1326 	 120
1788204812147 	 1007 	 200 	 1327 	 119
1788204813045 	 153 	 200 	 1328 	 121
1788204812449 	 749 	 200 	 1329 	 120
1788204812345 	 893 	 200 	 1330 	 123
1788204812855 	 395 	 200 	 1331 	 123
1788204812798 	 457 	 200 	 1332 	 123
1788204813154 	 140 	 200 	 1333 	 124
1788204812864 	 479 	 200 	 1334 	 124
1788204812868 	 476 	 200 	 1335 	 123
1788204812859 	 486 	 200 	 1336 	 122
1788204812851 	 501 	 200 	 1337 	 121
1788204812943 	 503 	 200 	 1338 	 125
1788204813200 	 342 	 200 	 1339 	 126
1788204813257 	 294 	 200 	 1340 	 125
1788204813253 	 303 	 200 	 1341 	 124
1788204812939 	 618 	 200 	 1342 	 123
1788204813157 	 399 	 200 	 1343 	 122
1788204813351 	 289 	 200 	 1344 	 127
1788204813348 	 345 	 200 	 1345 	 127
1788204813241 	 504 	 200 	 1346 	 127
1788204813296 	 453 	 200 	 1347 	 126
1788204813201 	 552 	 200 	 1348 	 125
1788204813347 	 403 	 200 	 1349 	 125
1788204813553 	 211 	 200 	 1350 	 126
1788204813559 	 209 	 200 	 1351 	 125
1788204812847 	 1009 	 200 	 1352 	 128
1788204812954 	 904 	 200 	 1353 	 127
1788204813448 	 491 	 200 	 1354 	 130
1788204813747 	 193 	 200 	 1355 	 129
1788204813544 	 399 	 200 	 1356 	 128
1788204813752 	 204 	 200 	 1357 	 128
1788204813562 	 395 	 200 	 1358 	 127
1788204813354 	 610 	 200 	 1359 	 126
1788204813642 	 328 	 200 	 1360 	 125
1788204813564 	 470 	 200 	 1361 	 130
1788204813857 	 179 	 200 	 1362 	 129
1788204813695 	 344 	 200 	 1363 	 128
1788204813767 	 285 	 200 	 1364 	 128
1788204813756 	 305 	 200 	 1365 	 128
1788204813771 	 371 	 200 	 1366 	 135
1788204813943 	 205 	 200 	 1367 	 134
1788204813942 	 212 	 200 	 1368 	 133
1788204813972 	 262 	 200 	 1369 	 135
1788204814038 	 201 	 200 	 1370 	 135
1788204813967 	 272 	 200 	 1371 	 134
1788204813963 	 281 	 200 	 1372 	 133
1788204813761 	 484 	 200 	 1373 	 132
1788204813860 	 404 	 200 	 1374 	 131
1788204814041 	 299 	 200 	 1375 	 134
1788204813960 	 433 	 200 	 1376 	 137
1788204814064 	 331 	 200 	 1377 	 136
1788204814246 	 197 	 200 	 1378 	 139
1788204814145 	 351 	 200 	 1379 	 140
1788204814036 	 462 	 200 	 1380 	 139
1788204814267 	 276 	 200 	 1381 	 141
1788204813945 	 597 	 200 	 1382 	 141
1788204814397 	 198 	 200 	 1383 	 141
1788204814149 	 445 	 200 	 1384 	 140
1788204814395 	 247 	 200 	 1385 	 144
1788204814499 	 144 	 200 	 1386 	 143
1788204814156 	 492 	 200 	 1387 	 142
1788204814597 	 54 	 200 	 1388 	 141
1788204814446 	 210 	 200 	 1389 	 140
1788204814553 	 107 	 200 	 1390 	 139
1788204814242 	 427 	 200 	 1391 	 138
1788204814055 	 613 	 200 	 1392 	 137
1788204814500 	 172 	 200 	 1393 	 136
1788204814240 	 497 	 200 	 1394 	 139
1788204814236 	 505 	 200 	 1395 	 138
1788204814596 	 152 	 200 	 1396 	 137
1788204814545 	 205 	 200 	 1397 	 136
1788204814349 	 485 	 200 	 1398 	 140
1788204814644 	 193 	 200 	 1399 	 139
1788204814671 	 167 	 200 	 1400 	 138
1788204814647 	 198 	 200 	 1401 	 137
1788204814248 	 684 	 200 	 1402 	 141
1788204814676 	 264 	 200 	 1403 	 140
1788204814659 	 284 	 200 	 1404 	 141
1788204814739 	 211 	 200 	 1405 	 140
1788204814654 	 379 	 200 	 1406 	 143
1788204814749 	 306 	 200 	 1407 	 144
1788204814839 	 264 	 200 	 1408 	 145
1788204814836 	 299 	 200 	 1409 	 145
1788204814663 	 487 	 200 	 1410 	 146
1788204814754 	 419 	 200 	 1411 	 146
1788204814936 	 263 	 200 	 1412 	 147
1788204814674 	 559 	 200 	 1413 	 148
1788204814743 	 490 	 200 	 1414 	 147
1788204814941 	 297 	 200 	 1415 	 146
1788204814953 	 301 	 200 	 1416 	 145
1788204815036 	 220 	 200 	 1417 	 144
1788204814946 	 315 	 200 	 1418 	 143
1788204814651 	 689 	 200 	 1419 	 146
1788204815176 	 177 	 200 	 1420 	 146
1788204815235 	 126 	 200 	 1421 	 145
1788204815058 	 303 	 200 	 1422 	 144
1788204814841 	 527 	 200 	 1423 	 143
1788204815201 	 241 	 200 	 1424 	 146
1788204814847 	 596 	 200 	 1425 	 145
1788204815264 	 183 	 200 	 1426 	 144
1788204815235 	 215 	 200 	 1427 	 143
1788204815104 	 344 	 200 	 1428 	 143
1788204815343 	 119 	 200 	 1429 	 142
1788204815153 	 312 	 200 	 1430 	 141
1788204815258 	 206 	 200 	 1431 	 140
1788204815364 	 174 	 200 	 1432 	 146
1788204815138 	 401 	 200 	 1433 	 145
1788204815241 	 303 	 200 	 1434 	 144
1788204815364 	 179 	 200 	 1435 	 143
1788204815257 	 373 	 200 	 1436 	 145
1788204815443 	 192 	 200 	 1437 	 144
1788204808866 	 6773 	 200 	 1438 	 143
1788204815452 	 190 	 200 	 1439 	 142
1788204815370 	 273 	 200 	 1440 	 141
1788204815355 	 295 	 200 	 1441 	 140
1788204815464 	 269 	 200 	 1442 	 143
1788204815470 	 272 	 200 	 1443 	 142
1788204815446 	 387 	 200 	 1444 	 148
1788204815455 	 379 	 200 	 1445 	 147
1788204815449 	 475 	 200 	 1446 	 151
1788204815467 	 471 	 200 	 1447 	 150
1788204815650 	 294 	 200 	 1448 	 149
1788204815637 	 306 	 200 	 1449 	 148
1788204815640 	 306 	 200 	 1450 	 147
1788204815648 	 303 	 200 	 1451 	 146
1788204815551 	 487 	 200 	 1452 	 150
1788204815735 	 301 	 200 	 1453 	 149
1788204815744 	 298 	 200 	 1454 	 148
1788204815653 	 391 	 200 	 1455 	 147
1788204815547 	 585 	 200 	 1456 	 151
1788204815542 	 594 	 200 	 1457 	 151
1788204815941 	 291 	 200 	 1458 	 153
1788204815641 	 594 	 200 	 1459 	 152
1788204815953 	 290 	 200 	 1460 	 151
1788204815553 	 681 	 200 	 1461 	 150
1788204815840 	 406 	 200 	 1462 	 149
1788204815835 	 415 	 200 	 1463 	 149
1788204816044 	 296 	 200 	 1464 	 152
1788204816040 	 372 	 200 	 1465 	 158
1788204815949 	 487 	 200 	 1466 	 158
1788204815955 	 482 	 200 	 1467 	 158
1788204815946 	 498 	 200 	 1468 	 157
1788204816047 	 487 	 200 	 1469 	 161
1788204816238 	 300 	 200 	 1470 	 160
1788204816249 	 286 	 200 	 1471 	 159
1788204815936 	 699 	 200 	 1472 	 164
1788204816050 	 590 	 200 	 1473 	 165
1788204816415 	 225 	 200 	 1474 	 164
1788204816245 	 401 	 200 	 1475 	 163
1788204816135 	 514 	 200 	 1476 	 162
1788204816254 	 482 	 200 	 1477 	 164
1788204816443 	 291 	 200 	 1478 	 163
1788204816241 	 598 	 200 	 1479 	 167
1788204816440 	 417 	 200 	 1480 	 166
1788204816140 	 795 	 200 	 1481 	 168
1788204816649 	 285 	 200 	 1482 	 167
1788204816343 	 593 	 200 	 1483 	 166
1788204816541 	 491 	 200 	 1484 	 172
1788204816739 	 301 	 200 	 1485 	 171
1788204816637 	 408 	 200 	 1486 	 170
1788204816447 	 604 	 200 	 1487 	 169
1788204816544 	 596 	 200 	 1488 	 170
1788204816538 	 610 	 200 	 1489 	 169
1788204816939 	 260 	 200 	 1490 	 170
1788204816652 	 580 	 200 	 1491 	 170
1788204816842 	 396 	 200 	 1492 	 169
1788204816742 	 500 	 200 	 1493 	 168
1788204816642 	 607 	 200 	 1494 	 167
1788204816942 	 397 	 200 	 1495 	 171
1788204817043 	 294 	 200 	 1496 	 170
1788204816945 	 400 	 200 	 1497 	 169
1788204817053 	 297 	 200 	 1498 	 169
1788204816860 	 574 	 200 	 1499 	 171
1788204817201 	 243 	 200 	 1500 	 170
1788204816645 	 799 	 200 	 1501 	 169
1788204817048 	 401 	 200 	 1502 	 168
1788204817035 	 414 	 200 	 1503 	 168
1788204817143 	 389 	 200 	 1504 	 169
1788204817150 	 394 	 200 	 1505 	 168
1788204817241 	 400 	 200 	 1506 	 170
1788204817348 	 295 	 200 	 1507 	 169
1788204817235 	 415 	 200 	 1508 	 168
1788204817252 	 480 	 200 	 1509 	 173
1788204817246 	 497 	 200 	 1510 	 172
1788204817451 	 381 	 200 	 1511 	 175
1788204817457 	 384 	 200 	 1512 	 174
1788204817344 	 501 	 200 	 1513 	 173
1788204817352 	 497 	 200 	 1514 	 172
1788204817448 	 401 	 200 	 1515 	 171
1788204817536 	 320 	 200 	 1516 	 173
1788204817746 	 191 	 200 	 1517 	 176
1788204817547 	 403 	 200 	 1518 	 175
1788204817735 	 297 	 200 	 1519 	 180
1788204817644 	 387 	 200 	 1520 	 179
1788204817341 	 693 	 200 	 1521 	 178
1788204817447 	 583 	 200 	 1522 	 177
1788204817436 	 599 	 200 	 1523 	 176
1788204816251 	 1784 	 200 	 1524 	 175
1788204817649 	 398 	 200 	 1525 	 174
1788204817848 	 198 	 200 	 1526 	 173
1788204817835 	 222 	 200 	 1527 	 172
1788204817854 	 281 	 200 	 1528 	 181
1788204817653 	 487 	 200 	 1529 	 180
1788204817843 	 300 	 200 	 1530 	 179
1788204817940 	 292 	 200 	 1531 	 184
1788204818041 	 204 	 200 	 1532 	 183
1788204817852 	 394 	 200 	 1533 	 182
1788204817859 	 474 	 200 	 1534 	 187
1788204818039 	 295 	 200 	 1535 	 186
1788204818037 	 298 	 200 	 1536 	 185
1788204818035 	 308 	 200 	 1537 	 184
1788204818038 	 389 	 200 	 1538 	 189
1788204818060 	 376 	 200 	 1539 	 188
1788204818237 	 204 	 200 	 1540 	 187
1788204818137 	 325 	 200 	 1541 	 186
1788204818251 	 290 	 200 	 1542 	 189
1788204818055 	 582 	 200 	 1543 	 192
1788204818248 	 397 	 200 	 1544 	 191
1788204818440 	 210 	 200 	 1545 	 190
1788204818543 	 109 	 200 	 1546 	 189
1788204818444 	 212 	 200 	 1547 	 188
1788204818042 	 623 	 200 	 1548 	 188
1788204818337 	 416 	 200 	 1549 	 191
1788204818142 	 611 	 200 	 1550 	 190
1788204818465 	 292 	 200 	 1551 	 189
1788204818436 	 407 	 200 	 1552 	 194
1788204818647 	 209 	 200 	 1553 	 193
1788204818335 	 559 	 200 	 1554 	 194
1788204818655 	 240 	 200 	 1555 	 193
1788204818666 	 233 	 200 	 1556 	 192
1788204818338 	 601 	 200 	 1557 	 193
1788204818652 	 290 	 200 	 1558 	 192
1788204818857 	 99 	 200 	 1559 	 191
1788204818147 	 811 	 200 	 1560 	 190
1788204818896 	 150 	 200 	 1561 	 190
1788204818895 	 151 	 200 	 1562 	 189
1788204818640 	 410 	 200 	 1563 	 188
1788204818761 	 300 	 200 	 1564 	 187
1788204819052 	 91 	 200 	 1565 	 192
1788204818756 	 387 	 200 	 1566 	 191
1788204819048 	 101 	 200 	 1567 	 190
1788204818901 	 255 	 200 	 1568 	 190
1788204818759 	 400 	 200 	 1569 	 190
1788204819146 	 96 	 200 	 1570 	 193
1788204819158 	 90 	 200 	 1571 	 192
1788204818958 	 391 	 200 	 1572 	 194
1788204819248 	 102 	 200 	 1573 	 193
1788204818845 	 511 	 200 	 1574 	 192
1788204819063 	 331 	 200 	 1575 	 192
1788204819147 	 293 	 200 	 1576 	 192
1788204818940 	 508 	 200 	 1577 	 191
1788204818944 	 508 	 200 	 1578 	 190
1788204819161 	 295 	 200 	 1579 	 190
1788204819358 	 103 	 200 	 1580 	 189
1788204819049 	 412 	 200 	 1581 	 188
1788204818658 	 877 	 200 	 1582 	 191
1788204819250 	 301 	 200 	 1583 	 191
1788204818960 	 593 	 200 	 1584 	 190
1788204818051 	 1581 	 200 	 1585 	 194
1788204819152 	 503 	 200 	 1586 	 193
1788204819454 	 203 	 200 	 1587 	 192
1788204819458 	 202 	 200 	 1588 	 191
1788204819556 	 188 	 200 	 1589 	 193
1788204819463 	 281 	 200 	 1590 	 192
1788204819396 	 354 	 200 	 1591 	 191
1788204819355 	 398 	 200 	 1592 	 190
1788204819663 	 88 	 200 	 1593 	 189
1788204819352 	 405 	 200 	 1594 	 188
1788204819659 	 174 	 200 	 1595 	 194
1788204819663 	 176 	 200 	 1596 	 194
1788204819636 	 209 	 200 	 1597 	 193
1788204819465 	 383 	 200 	 1598 	 192
1788204819443 	 412 	 200 	 1599 	 191
1788204819450 	 402 	 200 	 1600 	 190
1788204818345 	 1514 	 200 	 1601 	 189
1788204819552 	 381 	 200 	 1602 	 193
1788204819746 	 189 	 200 	 1603 	 192
1788204819760 	 186 	 200 	 1604 	 191
1788204819762 	 272 	 200 	 1605 	 199
1788204819537 	 497 	 200 	 1606 	 198
1788204819752 	 284 	 200 	 1607 	 197
1788204819842 	 208 	 200 	 1608 	 198
1788204819746 	 388 	 200 	 1609 	 205
1788204819864 	 271 	 200 	 1610 	 204
1788204819847 	 308 	 200 	 1611 	 207
1788204819836 	 324 	 200 	 1612 	 208
1788204819938 	 321 	 200 	 1613 	 212
1788204820053 	 207 	 200 	 1614 	 211
1788204819857 	 437 	 200 	 1615 	 215
1788204819948 	 351 	 200 	 1616 	 214
1788204820038 	 262 	 200 	 1617 	 213
1788204820041 	 300 	 200 	 1618 	 212
1788204819935 	 413 	 200 	 1619 	 211
1788204819757 	 591 	 200 	 1620 	 210
1788204820137 	 215 	 200 	 1621 	 209
1788204820139 	 219 	 200 	 1622 	 210
1788204820157 	 206 	 200 	 1623 	 209
1788204819851 	 517 	 200 	 1624 	 208
1788204820297 	 74 	 200 	 1625 	 207
1788204820162 	 291 	 200 	 1626 	 209
1788204820260 	 196 	 200 	 1627 	 208
1788204820264 	 197 	 200 	 1628 	 208
1788204820343 	 194 	 200 	 1629 	 209
1788204820037 	 500 	 200 	 1630 	 208
1788204819861 	 695 	 200 	 1631 	 207
1788204820362 	 293 	 200 	 1632 	 211
1788204820371 	 371 	 200 	 1633 	 215
1788204820358 	 389 	 200 	 1634 	 214
1788204820367 	 385 	 200 	 1635 	 213
1788204820558 	 201 	 200 	 1636 	 212
1788204820354 	 489 	 200 	 1637 	 214
1788204820303 	 547 	 200 	 1638 	 213
1788204820455 	 398 	 200 	 1639 	 212
1788204820762 	 179 	 200 	 1640 	 220
1788204820373 	 569 	 200 	 1641 	 219
1788204820750 	 203 	 200 	 1642 	 221
1788204820349 	 611 	 200 	 1643 	 220
1788204820855 	 110 	 200 	 1644 	 219
1788204820463 	 505 	 200 	 1645 	 218
1788204820745 	 224 	 200 	 1646 	 217
1788204820458 	 599 	 200 	 1647 	 219
1788204820301 	 832 	 200 	 1648 	 222
1788204820656 	 480 	 200 	 1649 	 221
1788204820944 	 215 	 200 	 1650 	 220
1788204820847 	 384 	 200 	 1651 	 224
1788204820974 	 259 	 200 	 1652 	 223
1788204820754 	 493 	 200 	 1653 	 224
1788204820972 	 280 	 200 	 1654 	 223
1788204821139 	 116 	 200 	 1655 	 222
1788204820968 	 295 	 200 	 1656 	 221
1788204821234 	 44 	 200 	 1657 	 220
1788204821135 	 305 	 200 	 1658 	 233
1788204821060 	 381 	 200 	 1659 	 232
1788204820946 	 511 	 200 	 1660 	 233
1788204821267 	 194 	 200 	 1661 	 232
1788204821234 	 260 	 200 	 1662 	 233
1788204820547 	 947 	 200 	 1663 	 232
1788204821161 	 380 	 200 	 1664 	 234
1788204821279 	 265 	 200 	 1665 	 233
1788204820956 	 616 	 200 	 1666 	 237
1788204820851 	 721 	 200 	 1667 	 236
1788204820539 	 1057 	 200 	 1668 	 235
1788204821464 	 188 	 200 	 1669 	 237
1788204821446 	 228 	 200 	 1670 	 237
1788204821444 	 289 	 200 	 1671 	 239
1788204821254 	 479 	 200 	 1672 	 238
1788204821250 	 491 	 200 	 1673 	 237
1788204821496 	 249 	 200 	 1674 	 237
1788204821258 	 486 	 200 	 1675 	 236
1788204821460 	 291 	 200 	 1676 	 235
1788204820964 	 873 	 200 	 1677 	 238
1788204821738 	 106 	 200 	 1678 	 237
1788204821497 	 451 	 200 	 1679 	 245
1788204821598 	 363 	 200 	 1680 	 245
1788204821840 	 155 	 200 	 1681 	 249
1788204821549 	 489 	 200 	 1682 	 251
1788204821847 	 193 	 200 	 1683 	 250
1788204821742 	 306 	 200 	 1684 	 249
1788204821753 	 303 	 200 	 1685 	 248
1788204821676 	 388 	 200 	 1686 	 248
1788204821654 	 415 	 200 	 1687 	 247
1788204821747 	 325 	 200 	 1688 	 246
1788204821996 	 147 	 200 	 1689 	 247
1788204821963 	 196 	 200 	 1690 	 246
1788204821950 	 212 	 200 	 1691 	 245
1788204821546 	 616 	 200 	 1692 	 244
1788204822059 	 162 	 200 	 1693 	 246
1788204821576 	 659 	 200 	 1694 	 245
1788204822075 	 169 	 200 	 1695 	 244
1788204822161 	 89 	 200 	 1696 	 244
1788204822246 	 96 	 200 	 1697 	 246
1788204822071 	 275 	 200 	 1698 	 245
1788204822040 	 326 	 200 	 1699 	 245
1788204821736 	 705 	 200 	 1700 	 246
1788204821575 	 871 	 200 	 1701 	 246
1788204822041 	 413 	 200 	 1702 	 245
1788204822349 	 110 	 200 	 1703 	 245
1788204822051 	 408 	 200 	 1704 	 244
1788204822253 	 301 	 200 	 1705 	 249
1788204822165 	 394 	 200 	 1706 	 248
1788204822066 	 496 	 200 	 1707 	 248
1788204821750 	 849 	 200 	 1708 	 249
1788204822167 	 471 	 200 	 1709 	 248
1788204822451 	 199 	 200 	 1710 	 249
1788204822368 	 372 	 200 	 1711 	 252
1788204822561 	 188 	 200 	 1712 	 251
1788204822223 	 539 	 200 	 1713 	 250
1788204822652 	 110 	 200 	 1714 	 249
1788204822742 	 118 	 200 	 1715 	 253
1788204822767 	 176 	 200 	 1716 	 254
1788204822462 	 482 	 200 	 1717 	 253
1788204822443 	 510 	 200 	 1718 	 253
1788204822145 	 850 	 200 	 1719 	 254
1788204822345 	 705 	 200 	 1720 	 255
1788204822862 	 187 	 200 	 1721 	 254
1788204822462 	 596 	 200 	 1722 	 253
1788204822951 	 116 	 200 	 1723 	 252
1788204822639 	 458 	 200 	 1724 	 254
1788204822601 	 542 	 200 	 1725 	 254
1788204822565 	 589 	 200 	 1726 	 253
1788204822557 	 603 	 200 	 1727 	 252
1788204822237 	 958 	 200 	 1728 	 254
1788204822765 	 430 	 200 	 1729 	 253
1788204822997 	 200 	 200 	 1730 	 252
1788204822455 	 787 	 200 	 1731 	 252
1788204823071 	 173 	 200 	 1732 	 251
1788204822752 	 492 	 200 	 1733 	 250
1788204822945 	 315 	 200 	 1734 	 249
1788204823197 	 67 	 200 	 1735 	 248
1788204823057 	 290 	 200 	 1736 	 248
1788204822956 	 397 	 200 	 1737 	 247
1788204823052 	 306 	 200 	 1738 	 246
1788204823060 	 299 	 200 	 1739 	 245
1788204823248 	 117 	 200 	 1740 	 245
1788204823197 	 265 	 200 	 1741 	 245
1788204823099 	 363 	 200 	 1742 	 244
1788204823349 	 148 	 200 	 1743 	 244
1788204823146 	 387 	 200 	 1744 	 244
1788204823268 	 271 	 200 	 1745 	 243
1788204823199 	 357 	 200 	 1746 	 244
1788204823362 	 199 	 200 	 1747 	 243
1788204823464 	 183 	 200 	 1748 	 246
1788204823467 	 188 	 200 	 1749 	 245
1788204823156 	 502 	 200 	 1750 	 244
1788204823245 	 495 	 200 	 1751 	 248
1788204823558 	 182 	 200 	 1752 	 247
1788204823541 	 209 	 200 	 1753 	 246
1788204823356 	 398 	 200 	 1754 	 245
1788204823362 	 395 	 200 	 1755 	 244
1788204823563 	 198 	 200 	 1756 	 243
1788204823162 	 597 	 200 	 1757 	 242
1788204823247 	 524 	 200 	 1758 	 242
1788204823657 	 185 	 200 	 1759 	 244
1788204823266 	 582 	 200 	 1760 	 243
1788204823763 	 182 	 200 	 1761 	 248
1788204823367 	 579 	 200 	 1762 	 247
1788204823772 	 271 	 200 	 1763 	 253
1788204823661 	 394 	 200 	 1764 	 254
1788204823950 	 143 	 200 	 1765 	 256
1788204823502 	 654 	 200 	 1766 	 257
1788204823765 	 394 	 200 	 1767 	 256
1788204823768 	 392 	 200 	 1768 	 255
1788204823536 	 629 	 200 	 1769 	 254
1788204823758 	 437 	 200 	 1770 	 254
1788204824046 	 197 	 200 	 1771 	 257
1788204823650 	 593 	 200 	 1772 	 256
1788204823741 	 507 	 200 	 1773 	 255
1788204824098 	 156 	 200 	 1774 	 254
1788204823742 	 516 	 200 	 1775 	 255
1788204824197 	 65 	 200 	 1776 	 254
1788204823845 	 419 	 200 	 1777 	 253
1788204823752 	 581 	 200 	 1778 	 254
1788204824167 	 177 	 200 	 1779 	 253
1788204817953 	 6394 	 200 	 1780 	 252
1788204823850 	 500 	 200 	 1781 	 251
1788204824162 	 273 	 200 	 1782 	 253
1788204824158 	 280 	 200 	 1783 	 252
1788204824246 	 188 	 200 	 1784 	 251
1788204824257 	 197 	 200 	 1785 	 252
1788204823948 	 587 	 200 	 1786 	 255
1788204824268 	 283 	 200 	 1787 	 255
1788204824058 	 498 	 200 	 1788 	 254
1788204824249 	 310 	 200 	 1789 	 253
1788204824353 	 291 	 200 	 1790 	 256
1788204824164 	 495 	 200 	 1791 	 255
1788204824457 	 209 	 200 	 1792 	 254
1788204824346 	 387 	 200 	 1793 	 254
1788204824441 	 298 	 200 	 1794 	 253
1788204824265 	 480 	 200 	 1795 	 252
1788204824261 	 535 	 200 	 1796 	 253
1788204824441 	 358 	 200 	 1797 	 252
1788204824537 	 358 	 200 	 1798 	 257
1788204824647 	 307 	 200 	 1799 	 258
1788204824562 	 482 	 200 	 1800 	 264
1788204824349 	 704 	 200 	 1801 	 263
1788204824748 	 310 	 200 	 1802 	 262
1788204824663 	 396 	 200 	 1803 	 261
1788204824558 	 509 	 200 	 1804 	 262
1788204824802 	 262 	 200 	 1805 	 261
1788204824735 	 326 	 200 	 1806 	 260
1788204824336 	 807 	 200 	 1807 	 263
1788204824554 	 607 	 200 	 1808 	 264
1788204824957 	 282 	 200 	 1809 	 267
1788204825066 	 177 	 200 	 1810 	 266
1788204825063 	 183 	 200 	 1811 	 265
1788204824745 	 503 	 200 	 1812 	 264
1788204824437 	 813 	 200 	 1813 	 263
1788204824897 	 352 	 200 	 1814 	 263
1788204825056 	 204 	 200 	 1815 	 262
1788204824799 	 534 	 200 	 1816 	 267
1788204825046 	 293 	 200 	 1817 	 266
1788204825072 	 271 	 200 	 1818 	 266
1788204825241 	 106 	 200 	 1819 	 265
1788204825263 	 91 	 200 	 1820 	 264
1788204824668 	 692 	 200 	 1821 	 263
1788204825164 	 271 	 200 	 1822 	 265
1788204825253 	 184 	 200 	 1823 	 264
1788204825256 	 191 	 200 	 1824 	 263
1788204825335 	 117 	 200 	 1825 	 262
1788204825246 	 217 	 200 	 1826 	 261
1788204825342 	 124 	 200 	 1827 	 260
1788204825248 	 300 	 200 	 1828 	 268
1788204825439 	 114 	 200 	 1829 	 267
1788204825344 	 257 	 200 	 1830 	 266
1788204825363 	 271 	 200 	 1831 	 266
1788204825437 	 201 	 200 	 1832 	 265
1788204825349 	 294 	 200 	 1833 	 265
1788204825249 	 492 	 200 	 1834 	 270
1788204825144 	 601 	 200 	 1835 	 270
1788204825555 	 210 	 200 	 1836 	 269
1788204825455 	 313 	 200 	 1837 	 268
1788204825450 	 319 	 200 	 1838 	 267
1788204825550 	 289 	 200 	 1839 	 271
1788204825468 	 373 	 200 	 1840 	 270
1788204825636 	 206 	 200 	 1841 	 269
1788204825358 	 487 	 200 	 1842 	 268
1788204825646 	 201 	 200 	 1843 	 268
1788204825640 	 207 	 200 	 1844 	 267
1788204825070 	 791 	 200 	 1845 	 266
1788204825774 	 161 	 200 	 1846 	 267
1788204825772 	 171 	 200 	 1847 	 266
1788204825742 	 205 	 200 	 1848 	 265
1788204825074 	 958 	 200 	 1849 	 266
1788204825604 	 433 	 200 	 1850 	 265
1788204825748 	 299 	 200 	 1851 	 264
1788204825768 	 284 	 200 	 1852 	 264
1788204825842 	 217 	 200 	 1853 	 263
1788204825843 	 219 	 200 	 1854 	 262
1788204824246 	 1819 	 200 	 1855 	 261
1788204825849 	 286 	 200 	 1856 	 262
1788204825863 	 283 	 200 	 1857 	 261
1788204825845 	 306 	 200 	 1858 	 260
1788204825852 	 382 	 200 	 1859 	 261
1788204825847 	 387 	 200 	 1860 	 260
1788204825945 	 297 	 200 	 1861 	 259
1788204826034 	 217 	 200 	 1862 	 258
1788204825937 	 330 	 200 	 1863 	 257
1788204826064 	 275 	 200 	 1864 	 258
1788204826068 	 276 	 200 	 1865 	 257
1788204826055 	 294 	 200 	 1866 	 257
1788204826061 	 302 	 200 	 1867 	 256
1788204826050 	 393 	 200 	 1868 	 258
1788204825464 	 988 	 200 	 1869 	 257
1788204825949 	 510 	 200 	 1870 	 256
1788204826137 	 325 	 200 	 1871 	 255
1788204826269 	 197 	 200 	 1872 	 255
1788204826255 	 293 	 200 	 1873 	 258
1788204826236 	 317 	 200 	 1874 	 257
1788204826237 	 319 	 200 	 1875 	 256
1788204826244 	 315 	 200 	 1876 	 255
1788204826365 	 198 	 200 	 1877 	 254
1788204826153 	 500 	 200 	 1878 	 262
1788204826039 	 619 	 200 	 1879 	 261
1788204826455 	 218 	 200 	 1880 	 263
1788204826149 	 589 	 200 	 1881 	 266
1788204826462 	 284 	 200 	 1882 	 265
1788204826561 	 190 	 200 	 1883 	 264
1788204826342 	 418 	 200 	 1884 	 263
1788204826554 	 199 	 200 	 1885 	 262
1788204826558 	 204 	 200 	 1886 	 261
1788204826445 	 311 	 200 	 1887 	 260
1788204826346 	 509 	 200 	 1888 	 263
1788204826468 	 393 	 200 	 1889 	 262
1788204826754 	 300 	 200 	 1890 	 274
1788204826660 	 397 	 200 	 1891 	 273
1788204826741 	 403 	 200 	 1892 	 277
1788204826551 	 597 	 200 	 1893 	 276
1788204826465 	 682 	 200 	 1894 	 275
1788204826749 	 405 	 200 	 1895 	 274
1788204826676 	 478 	 200 	 1896 	 273
1788204826768 	 394 	 200 	 1897 	 272
1788204826565 	 675 	 200 	 1898 	 273
1788204826863 	 386 	 200 	 1899 	 272
1788204826764 	 489 	 200 	 1900 	 271
1788204826656 	 607 	 200 	 1901 	 270
1788204826858 	 474 	 200 	 1902 	 271
1788204827059 	 276 	 200 	 1903 	 271
1788204826761 	 575 	 200 	 1904 	 270
1788204827059 	 302 	 200 	 1905 	 272
1788204826766 	 596 	 200 	 1906 	 271
1788204827160 	 202 	 200 	 1907 	 271
1788204827145 	 291 	 200 	 1908 	 271
1788204827158 	 286 	 200 	 1909 	 270
1788204827153 	 304 	 200 	 1910 	 269
1788204827150 	 383 	 200 	 1911 	 272
1788204827243 	 292 	 200 	 1912 	 271
1788204827266 	 281 	 200 	 1913 	 270
1788204827164 	 394 	 200 	 1914 	 269
1788204827251 	 384 	 200 	 1915 	 274
1788204827366 	 286 	 200 	 1916 	 273
1788204827368 	 331 	 200 	 1917 	 276
1788204827447 	 296 	 200 	 1918 	 275
1788204827256 	 496 	 200 	 1919 	 274
1788204827335 	 422 	 200 	 1920 	 273
1788204827365 	 476 	 200 	 1921 	 277
1788204826351 	 1498 	 200 	 1922 	 276
1788204827440 	 417 	 200 	 1923 	 275
1788204827341 	 521 	 200 	 1924 	 275
1788204827339 	 527 	 200 	 1925 	 274
1788204827536 	 334 	 200 	 1926 	 274
1788204827542 	 394 	 200 	 1927 	 279
1788204827460 	 485 	 200 	 1928 	 279
1788204827560 	 384 	 200 	 1929 	 278
1788204827654 	 298 	 200 	 1930 	 277
1788204827701 	 255 	 200 	 1931 	 276
1788204827758 	 199 	 200 	 1932 	 275
1788204827550 	 411 	 200 	 1933 	 274
1788204827746 	 220 	 200 	 1934 	 278
1788204827638 	 323 	 200 	 1935 	 277
1788204827754 	 220 	 200 	 1936 	 277
1788204827848 	 183 	 200 	 1937 	 280
1788204827872 	 170 	 200 	 1938 	 279
1788204827860 	 275 	 200 	 1939 	 283
1788204827853 	 283 	 200 	 1940 	 283
1788204827938 	 209 	 200 	 1941 	 282
1788204827954 	 190 	 200 	 1942 	 282
1788204827947 	 208 	 200 	 1943 	 281
1788204827958 	 275 	 200 	 1944 	 286
1788204828035 	 210 	 200 	 1945 	 285
1788204827964 	 280 	 200 	 1946 	 284
1788204827971 	 283 	 200 	 1947 	 283
1788204827974 	 284 	 200 	 1948 	 282
1788204828149 	 192 	 200 	 1949 	 284
1788204828246 	 119 	 200 	 1950 	 285
1788204827960 	 481 	 200 	 1951 	 289
1788204827978 	 474 	 200 	 1952 	 289
1788204828142 	 311 	 200 	 1953 	 288
1788204828153 	 388 	 200 	 1954 	 292
1788204827950 	 593 	 200 	 1955 	 291
1788204828138 	 414 	 200 	 1956 	 291
1788204828369 	 187 	 200 	 1957 	 290
1788204828256 	 303 	 200 	 1958 	 289
1788204828443 	 118 	 200 	 1959 	 288
1788204828251 	 317 	 200 	 1960 	 287
1788204828343 	 227 	 200 	 1961 	 286
1788204828459 	 112 	 200 	 1962 	 285
1788204828261 	 312 	 200 	 1963 	 284
1788204828543 	 115 	 200 	 1964 	 286
1788204828545 	 118 	 200 	 1965 	 285
1788204828456 	 209 	 200 	 1966 	 284
1788204828044 	 695 	 200 	 1967 	 286
1788204828558 	 183 	 200 	 1968 	 285
1788204828564 	 182 	 200 	 1969 	 284
1788204828570 	 203 	 200 	 1970 	 286
1788204827868 	 970 	 200 	 1971 	 289
1788204828555 	 285 	 200 	 1972 	 288
1788204828241 	 708 	 200 	 1973 	 290
1788204828572 	 382 	 200 	 1974 	 289
1788204828660 	 294 	 200 	 1975 	 289
1788204828664 	 281 	 200 	 1976 	 288
1788204828573 	 375 	 200 	 1977 	 287
1788204828743 	 222 	 200 	 1978 	 286
1788204828561 	 407 	 200 	 1979 	 285
1788204828158 	 817 	 200 	 1980 	 284
1788204828841 	 130 	 200 	 1981 	 283
1788204828775 	 197 	 200 	 1982 	 282
1788204828576 	 398 	 200 	 1983 	 281
1788204828958 	 178 	 200 	 1984 	 285
1788204828740 	 403 	 200 	 1985 	 284
1788204828962 	 178 	 200 	 1986 	 283
1788204828842 	 306 	 200 	 1987 	 284
1788204828951 	 283 	 200 	 1988 	 284
1788204827864 	 1381 	 200 	 1989 	 283
1788204829151 	 171 	 200 	 1990 	 288
1788204828982 	 351 	 200 	 1991 	 287
1788204828972 	 359 	 200 	 1992 	 286
1788204828748 	 587 	 200 	 1993 	 286
1788204828668 	 667 	 200 	 1994 	 285
1788204829145 	 193 	 200 	 1995 	 284
1788204828962 	 361 	 200 	 1996 	 283
1788204828970 	 372 	 200 	 1997 	 282
1788204828986 	 358 	 200 	 1998 	 281
1788204828966 	 381 	 200 	 1999 	 280
1788204829139 	 311 	 200 	 2000 	 283
1788204828984 	 481 	 200 	 2001 	 283
1788204829248 	 252 	 200 	 2002 	 284
1788204828978 	 526 	 200 	 2003 	 283
1788204829324 	 210 	 200 	 2004 	 282
1788204829346 	 188 	 200 	 2005 	 281
1788204829237 	 299 	 200 	 2006 	 280
1788204829145 	 383 	 200 	 2007 	 279
1788204829338 	 229 	 200 	 2008 	 279
1788204829339 	 295 	 200 	 2009 	 280
1788204829336 	 304 	 200 	 2010 	 279
1788204829334 	 312 	 200 	 2011 	 278
1788204829351 	 300 	 200 	 2012 	 278
1788204829467 	 188 	 200 	 2013 	 277
1788204829505 	 195 	 200 	 2014 	 278
1788204829345 	 383 	 200 	 2015 	 281
1788204829340 	 402 	 200 	 2016 	 281
1788204829453 	 303 	 200 	 2017 	 281
1788204829342 	 461 	 200 	 2018 	 282
1788204829536 	 305 	 200 	 2019 	 284
1788204829535 	 314 	 200 	 2020 	 283
1788204829540 	 315 	 200 	 2021 	 283
1788204829636 	 216 	 200 	 2022 	 282
1788204829503 	 357 	 200 	 2023 	 283
1788204829654 	 218 	 200 	 2024 	 283
1788204829569 	 302 	 200 	 2025 	 282
1788204829648 	 221 	 200 	 2026 	 281
1788204829743 	 191 	 200 	 2027 	 283
1788204829701 	 238 	 200 	 2028 	 282
1788204829658 	 282 	 200 	 2029 	 281
1788204829740 	 201 	 200 	 2030 	 281
1788204829804 	 142 	 200 	 2031 	 280
1788204829851 	 184 	 200 	 2032 	 283
1788204829539 	 498 	 200 	 2033 	 282
1788204829862 	 176 	 200 	 2034 	 282
1788204829843 	 202 	 200 	 2035 	 281
1788204829642 	 396 	 200 	 2036 	 280
1788204829760 	 280 	 200 	 2037 	 279
1788204829877 	 259 	 200 	 2038 	 284
1788204829935 	 203 	 200 	 2039 	 283
1788204829860 	 272 	 200 	 2040 	 282
1788204829948 	 196 	 200 	 2041 	 281
1788204829857 	 279 	 200 	 2042 	 280
1788204829941 	 208 	 200 	 2043 	 279
1788204829943 	 291 	 200 	 2044 	 282
1788204829874 	 361 	 200 	 2045 	 281
1788204829944 	 356 	 200 	 2046 	 282
1788204829878 	 423 	 200 	 2047 	 281
1788204830049 	 293 	 200 	 2048 	 282
1788204830042 	 302 	 200 	 2049 	 281
1788204830046 	 302 	 200 	 2050 	 280
1788204830146 	 208 	 200 	 2051 	 279
1788204830137 	 231 	 200 	 2052 	 278
1788204830140 	 230 	 200 	 2053 	 277
1788204830304 	 64 	 200 	 2054 	 276
1788204830038 	 395 	 200 	 2055 	 280
1788204830142 	 293 	 200 	 2056 	 279
1788204830237 	 237 	 200 	 2057 	 282
1788204830304 	 198 	 200 	 2058 	 283
1788204830037 	 470 	 200 	 2059 	 282
1788204830154 	 351 	 200 	 2060 	 281
1788204830235 	 301 	 200 	 2061 	 281
1788204830052 	 498 	 200 	 2062 	 283
1788204830357 	 276 	 200 	 2063 	 289
1788204830375 	 267 	 200 	 2064 	 288
1788204830345 	 290 	 200 	 2065 	 287
1788204830151 	 488 	 200 	 2066 	 286
1788204830347 	 295 	 200 	 2067 	 285
1788204830351 	 289 	 200 	 2068 	 284
1788204830510 	 233 	 200 	 2069 	 291
1788204830371 	 375 	 200 	 2070 	 290
1788204830506 	 246 	 200 	 2071 	 289
1788204830553 	 203 	 200 	 2072 	 288
1788204830538 	 213 	 200 	 2073 	 288
1788204830435 	 409 	 200 	 2074 	 292
1788204830373 	 477 	 200 	 2075 	 291
1788204830647 	 286 	 200 	 2076 	 293
1788204830437 	 499 	 200 	 2077 	 292
1788204830644 	 291 	 200 	 2078 	 291
1788204830476 	 459 	 200 	 2079 	 290
1788204830512 	 422 	 200 	 2080 	 290
1788204830656 	 283 	 200 	 2081 	 289
1788204830755 	 279 	 200 	 2082 	 290
1788204830759 	 277 	 200 	 2083 	 290
1788204830654 	 395 	 200 	 2084 	 289
1788204830637 	 428 	 200 	 2085 	 288
1788204830763 	 307 	 200 	 2086 	 287
1788204830941 	 209 	 200 	 2087 	 290
1788204830846 	 311 	 200 	 2088 	 290
1788204830745 	 495 	 200 	 2089 	 297
1788204830749 	 491 	 200 	 2090 	 296
1788204830937 	 306 	 200 	 2091 	 295
1788204831151 	 98 	 200 	 2092 	 294
1788204831036 	 219 	 200 	 2093 	 293
1788204831068 	 192 	 200 	 2094 	 292
1788204830852 	 497 	 200 	 2095 	 299
1788204830939 	 414 	 200 	 2096 	 298
1788204830938 	 421 	 200 	 2097 	 297
1788204830937 	 417 	 200 	 2098 	 296
1788204831242 	 119 	 200 	 2099 	 295
1788204831060 	 391 	 200 	 2100 	 294
1788204830942 	 516 	 200 	 2101 	 293
1788204831252 	 224 	 200 	 2102 	 295
1788204831258 	 218 	 200 	 2103 	 294
1788204831072 	 428 	 200 	 2104 	 293
1788204831039 	 493 	 200 	 2105 	 293
1788204831244 	 297 	 200 	 2106 	 292
1788204831351 	 195 	 200 	 2107 	 292
1788204831160 	 386 	 200 	 2108 	 291
1788204831263 	 289 	 200 	 2109 	 290
1788204831362 	 278 	 200 	 2110 	 293
1788204831479 	 173 	 200 	 2111 	 293
1788204831365 	 385 	 200 	 2112 	 295
1788204831555 	 199 	 200 	 2113 	 294
1788204831553 	 198 	 200 	 2114 	 293
1788204831459 	 289 	 200 	 2115 	 293
1788204831479 	 276 	 200 	 2116 	 292
1788204830650 	 1117 	 200 	 2117 	 291
1788204831242 	 527 	 200 	 2118 	 290
1788204831643 	 134 	 200 	 2119 	 290
1788204831549 	 301 	 200 	 2120 	 290
1788204831535 	 400 	 200 	 2121 	 292
1788204831454 	 480 	 200 	 2122 	 291
1788204831356 	 589 	 200 	 2123 	 290
1788204831501 	 443 	 200 	 2124 	 289
1788204831543 	 400 	 200 	 2125 	 288
1788204831368 	 587 	 200 	 2126 	 288
1788204831656 	 298 	 200 	 2127 	 287
1788204831763 	 269 	 200 	 2128 	 292
1788204831761 	 384 	 200 	 2129 	 296
1788204831950 	 206 	 200 	 2130 	 296
1788204831767 	 393 	 200 	 2131 	 295
1788204831938 	 303 	 200 	 2132 	 299
1788204831958 	 289 	 200 	 2133 	 299
1788204831854 	 393 	 200 	 2134 	 298
1788204831961 	 297 	 200 	 2135 	 297
1788204831947 	 309 	 200 	 2136 	 296
1788204831779 	 565 	 200 	 2137 	 301
1788204831752 	 596 	 200 	 2138 	 300
1788204831940 	 421 	 200 	 2139 	 300
1788204832163 	 279 	 200 	 2140 	 300
1788204831772 	 670 	 200 	 2141 	 299
1788204832035 	 427 	 200 	 2142 	 298
1788204832250 	 306 	 200 	 2143 	 299
1788204831953 	 700 	 200 	 2144 	 301
1788204831774 	 967 	 200 	 2145 	 308
1788204832261 	 492 	 200 	 2146 	 307
1788204832351 	 405 	 200 	 2147 	 306
1788204832159 	 603 	 200 	 2148 	 305
1788204832347 	 413 	 200 	 2149 	 304
1788204832244 	 516 	 200 	 2150 	 303
1788204832559 	 284 	 200 	 2151 	 305
1788204832364 	 493 	 200 	 2152 	 304
1788204832260 	 669 	 200 	 2153 	 308
1788204832655 	 295 	 200 	 2154 	 308
1788204832147 	 810 	 200 	 2155 	 307
1788204832447 	 513 	 200 	 2156 	 306
1788204832463 	 497 	 200 	 2157 	 305
1788204832254 	 768 	 200 	 2158 	 306
1788204832444 	 595 	 200 	 2159 	 305
1788204832745 	 305 	 200 	 2160 	 305
1788204832935 	 124 	 200 	 2161 	 304
1788204832764 	 303 	 200 	 2162 	 304
1788204832767 	 385 	 200 	 2163 	 310
1788204832755 	 401 	 200 	 2164 	 309
1788204832770 	 471 	 200 	 2165 	 313
1788204833061 	 193 	 200 	 2166 	 312
1788204832958 	 382 	 200 	 2167 	 316
1788204832760 	 583 	 200 	 2168 	 315
1788204833042 	 312 	 200 	 2169 	 314
1788204832965 	 392 	 200 	 2170 	 313
1788204832846 	 521 	 200 	 2171 	 312
1788204832953 	 419 	 200 	 2172 	 311
1788204833053 	 399 	 200 	 2173 	 313
1788204833243 	 212 	 200 	 2174 	 312
1788204833159 	 394 	 200 	 2175 	 314
1788204833070 	 488 	 200 	 2176 	 313
1788204833458 	 189 	 200 	 2177 	 317
1788204833257 	 391 	 200 	 2178 	 316
1788204833155 	 497 	 200 	 2179 	 315
1788204833343 	 317 	 200 	 2180 	 314
1788204833455 	 205 	 200 	 2181 	 313
1788204833024 	 646 	 200 	 2182 	 313
1788204832859 	 887 	 200 	 2183 	 322
1788204832963 	 783 	 200 	 2184 	 321
1788204833356 	 405 	 200 	 2185 	 321
1788204833360 	 404 	 200 	 2186 	 320
1788204833347 	 418 	 200 	 2187 	 321
1788204833555 	 206 	 200 	 2188 	 320
1788204833561 	 272 	 200 	 2189 	 321
1788204833655 	 177 	 200 	 2190 	 320
1788204833651 	 246 	 200 	 2191 	 321
1788204833371 	 563 	 200 	 2192 	 320
1788204833667 	 267 	 200 	 2193 	 319
1788204833375 	 559 	 200 	 2194 	 318
1788204833664 	 295 	 200 	 2195 	 318
1788204833767 	 191 	 200 	 2196 	 317
1788204833671 	 295 	 200 	 2197 	 316
1788204833749 	 216 	 200 	 2198 	 316
1788204833651 	 383 	 200 	 2199 	 317
1788204833759 	 280 	 200 	 2200 	 316
1788204833836 	 211 	 200 	 2201 	 316
1788204833904 	 238 	 200 	 2202 	 318
1788204833970 	 177 	 200 	 2203 	 317
1788204833938 	 216 	 200 	 2204 	 317
1788204833772 	 390 	 200 	 2205 	 316
1788204833774 	 386 	 200 	 2206 	 315
1788204834037 	 201 	 200 	 2207 	 318
1788204834042 	 200 	 200 	 2208 	 317
1788204833835 	 411 	 200 	 2209 	 316
1788204833770 	 567 	 200 	 2210 	 318
1788204834049 	 289 	 200 	 2211 	 317
1788204833936 	 412 	 200 	 2212 	 316
1788204834168 	 190 	 200 	 2213 	 318
1788204834150 	 283 	 200 	 2214 	 324
1788204833961 	 480 	 200 	 2215 	 324
1788204834244 	 209 	 200 	 2216 	 324
1788204834156 	 378 	 200 	 2217 	 324
1788204834247 	 302 	 200 	 2218 	 325
1788204834143 	 410 	 200 	 2219 	 324
1788204834239 	 395 	 200 	 2220 	 325
1788204834444 	 201 	 200 	 2221 	 324
1788204833936 	 727 	 200 	 2222 	 324
1788204834340 	 405 	 200 	 2223 	 326
1788204834436 	 316 	 200 	 2224 	 325
1788204834456 	 301 	 200 	 2225 	 326
1788204834164 	 594 	 200 	 2226 	 325
1788204834350 	 410 	 200 	 2227 	 324
1788204834637 	 129 	 200 	 2228 	 323
1788204834360 	 480 	 200 	 2229 	 325
1788204834537 	 305 	 200 	 2230 	 324
1788204834553 	 291 	 200 	 2231 	 323
1788204833968 	 893 	 200 	 2232 	 322
1788204834343 	 589 	 200 	 2233 	 321
1788204834557 	 377 	 200 	 2234 	 320
1788204834648 	 396 	 200 	 2235 	 327
1788204834748 	 305 	 200 	 2236 	 326
1788204833964 	 1097 	 200 	 2237 	 325
1788204834864 	 202 	 200 	 2238 	 324
1788204834753 	 388 	 200 	 2239 	 326
1788204834767 	 379 	 200 	 2240 	 325
1788204834842 	 319 	 200 	 2241 	 324
1788204834763 	 402 	 200 	 2242 	 323
1788204834665 	 502 	 200 	 2243 	 322
1788204834936 	 300 	 200 	 2244 	 323
1788204834844 	 403 	 200 	 2245 	 322
1788204834774 	 473 	 200 	 2246 	 321
1788204835046 	 198 	 200 	 2247 	 320
1788204834846 	 401 	 200 	 2248 	 319
1788204835064 	 203 	 200 	 2249 	 319
1788204834936 	 407 	 200 	 2250 	 323
1788204835162 	 187 	 200 	 2251 	 323
1788204834767 	 662 	 200 	 2252 	 327
1788204835068 	 365 	 200 	 2253 	 326
1788204835243 	 192 	 200 	 2254 	 326
1788204835150 	 286 	 200 	 2255 	 325
1788204835172 	 273 	 200 	 2256 	 324
1788204835169 	 279 	 200 	 2257 	 323
1788204835351 	 148 	 200 	 2258 	 323
1788204835252 	 290 	 200 	 2259 	 323
1788204835438 	 212 	 200 	 2260 	 324
1788204835250 	 402 	 200 	 2261 	 323
1788204835258 	 400 	 200 	 2262 	 322
1788204835056 	 605 	 200 	 2263 	 321
1788204835436 	 231 	 200 	 2264 	 320
1788204835346 	 396 	 200 	 2265 	 322
1788204835270 	 474 	 200 	 2266 	 321
1788204835145 	 603 	 200 	 2267 	 320
1788204835435 	 325 	 200 	 2268 	 321
1788204835447 	 321 	 200 	 2269 	 320
1788204835450 	 317 	 200 	 2270 	 319
1788204835502 	 273 	 200 	 2271 	 320
1788204835652 	 181 	 200 	 2272 	 320
1788204835544 	 294 	 200 	 2273 	 319
1788204835668 	 175 	 200 	 2274 	 318
1788204835657 	 192 	 200 	 2275 	 318
1788204835664 	 270 	 200 	 2276 	 324
1788204835439 	 497 	 200 	 2277 	 323
1788204835747 	 202 	 200 	 2278 	 322
1788204835775 	 260 	 200 	 2279 	 329
1788204835255 	 781 	 200 	 2280 	 328
1788204835763 	 282 	 200 	 2281 	 327
1788204835752 	 296 	 200 	 2282 	 327
1788204835661 	 393 	 200 	 2283 	 326
1788204835841 	 292 	 200 	 2284 	 329
1788204835769 	 372 	 200 	 2285 	 328
1788204835771 	 375 	 200 	 2286 	 327
1788204835838 	 308 	 200 	 2287 	 326
1788204835745 	 411 	 200 	 2288 	 325
1788204835851 	 307 	 200 	 2289 	 324
1788204835951 	 282 	 200 	 2290 	 327
1788204836052 	 181 	 200 	 2291 	 326
1788204836050 	 177 	 200 	 2292 	 325
1788204835846 	 390 	 200 	 2293 	 324
1788204835942 	 296 	 200 	 2294 	 323
1788204831758 	 4480 	 200 	 2295 	 322
1788204836060 	 181 	 200 	 2296 	 321
1788204835938 	 305 	 200 	 2297 	 320
1788204836135 	 202 	 200 	 2298 	 326
1788204836039 	 302 	 200 	 2299 	 326
1788204836149 	 201 	 200 	 2300 	 325
1788204836037 	 312 	 200 	 2301 	 324
1788204836143 	 296 	 200 	 2302 	 328
1788204836158 	 288 	 200 	 2303 	 327
1788204836237 	 208 	 200 	 2304 	 326
1788204836236 	 218 	 200 	 2305 	 326
1788204836149 	 377 	 200 	 2306 	 331
1788204836246 	 288 	 200 	 2307 	 330
1788204836339 	 203 	 200 	 2308 	 329
1788204836354 	 247 	 200 	 2309 	 331
1788204836239 	 406 	 200 	 2310 	 332
1788204836243 	 413 	 200 	 2311 	 333
1788204836235 	 504 	 200 	 2312 	 336
1788204836241 	 512 	 200 	 2313 	 336
1788204836161 	 638 	 200 	 2314 	 338
1788204836451 	 348 	 200 	 2315 	 337
1788204836350 	 496 	 200 	 2316 	 342
1788204836244 	 607 	 200 	 2317 	 341
1788204836442 	 413 	 200 	 2318 	 340
1788204836358 	 497 	 200 	 2319 	 339
1788204836658 	 204 	 200 	 2320 	 338
1788204836646 	 221 	 200 	 2321 	 337
1788204836748 	 185 	 200 	 2322 	 340
1788204836448 	 486 	 200 	 2323 	 339
1788204836538 	 401 	 200 	 2324 	 338
1788204836457 	 483 	 200 	 2325 	 337
1788204836604 	 338 	 200 	 2326 	 336
1788204836534 	 414 	 200 	 2327 	 335
1788204836545 	 403 	 200 	 2328 	 334
1788204836754 	 201 	 200 	 2329 	 333
1788204836858 	 103 	 200 	 2330 	 332
1788204836861 	 274 	 200 	 2331 	 339
1788204836936 	 208 	 200 	 2332 	 338
1788204836802 	 348 	 200 	 2333 	 337
1788204836865 	 287 	 200 	 2334 	 336
1788204836802 	 352 	 200 	 2335 	 335
1788204836870 	 272 	 200 	 2336 	 334
1788204836849 	 298 	 200 	 2337 	 333
1788204836942 	 296 	 200 	 2338 	 335
1788204836957 	 375 	 200 	 2339 	 340
1788204836960 	 372 	 200 	 2340 	 339
1788204836943 	 387 	 200 	 2341 	 338
1788204837146 	 195 	 200 	 2342 	 338
1788204837138 	 214 	 200 	 2343 	 337
1788204837160 	 209 	 200 	 2344 	 336
1788204837335 	 111 	 200 	 2345 	 339
1788204837167 	 285 	 200 	 2346 	 338
1788204837239 	 218 	 200 	 2347 	 337
1788204836964 	 492 	 200 	 2348 	 336
1788204837343 	 212 	 200 	 2349 	 337
1788204836940 	 619 	 200 	 2350 	 336
1788204836938 	 659 	 200 	 2351 	 336
1788204836951 	 695 	 200 	 2352 	 341
1788204837358 	 292 	 200 	 2353 	 340
1788204837336 	 320 	 200 	 2354 	 340
1788204837154 	 532 	 200 	 2355 	 342
1788204837454 	 293 	 200 	 2356 	 345
1788204837448 	 308 	 200 	 2357 	 344
1788204837335 	 430 	 200 	 2358 	 343
1788204837164 	 674 	 200 	 2359 	 347
1788204837459 	 380 	 200 	 2360 	 346
1788204837658 	 185 	 200 	 2361 	 345
1788204837461 	 383 	 200 	 2362 	 344
1788204837598 	 263 	 200 	 2363 	 343
1788204837653 	 208 	 200 	 2364 	 342
1788204837152 	 708 	 200 	 2365 	 341
1788204837766 	 168 	 200 	 2366 	 345
1788204837649 	 303 	 200 	 2367 	 345
1788204837561 	 473 	 200 	 2368 	 353
1788204837840 	 303 	 200 	 2369 	 356
1788204837845 	 303 	 200 	 2370 	 355
1788204837936 	 216 	 200 	 2371 	 354
1788204837557 	 599 	 200 	 2372 	 355
1788204837696 	 547 	 200 	 2373 	 356
1788204837751 	 502 	 200 	 2374 	 355
1788204837759 	 498 	 200 	 2375 	 355
1788204837841 	 422 	 200 	 2376 	 354
1788204837867 	 473 	 200 	 2377 	 353
1788204838149 	 206 	 200 	 2378 	 352
1788204837370 	 989 	 200 	 2379 	 351
1788204837864 	 530 	 200 	 2380 	 353
1788204837868 	 573 	 200 	 2381 	 353
1788204838145 	 300 	 200 	 2382 	 352
1788204838159 	 291 	 200 	 2383 	 351
1788204836853 	 1601 	 200 	 2384 	 350
1788204838244 	 216 	 200 	 2385 	 349
1788204838358 	 108 	 200 	 2386 	 348
1788204838256 	 214 	 200 	 2387 	 347
1788204837954 	 588 	 200 	 2388 	 350
1788204838260 	 333 	 200 	 2389 	 352
1788204838449 	 199 	 200 	 2390 	 353
1788204838154 	 498 	 200 	 2391 	 353
1788204838463 	 192 	 200 	 2392 	 352
1788204838453 	 241 	 200 	 2393 	 353
1788204838036 	 659 	 200 	 2394 	 352
1788204838264 	 483 	 200 	 2395 	 352
1788204838361 	 393 	 200 	 2396 	 352
1788204838444 	 313 	 200 	 2397 	 351
1788204838546 	 215 	 200 	 2398 	 350
1788204838341 	 504 	 200 	 2399 	 357
1788204838469 	 374 	 200 	 2400 	 356
1788204838651 	 193 	 200 	 2401 	 355
1788204838660 	 195 	 200 	 2402 	 354
1788204838395 	 549 	 200 	 2403 	 355
1788204838596 	 348 	 200 	 2404 	 354
1788204838697 	 260 	 200 	 2405 	 353
1788204838697 	 264 	 200 	 2406 	 352
1788204838756 	 240 	 200 	 2407 	 353
1788204838848 	 195 	 200 	 2408 	 355
1788204838760 	 292 	 200 	 2409 	 354
1788204838458 	 599 	 200 	 2410 	 353
1788204838750 	 306 	 200 	 2411 	 352
1788204838764 	 388 	 200 	 2412 	 356
1788204838472 	 681 	 200 	 2413 	 355
1788204838859 	 295 	 200 	 2414 	 355
1788204838851 	 307 	 200 	 2415 	 354
1788204838946 	 283 	 200 	 2416 	 356
1788204838852 	 383 	 200 	 2417 	 355
1788204838998 	 250 	 200 	 2418 	 355
1788204839062 	 198 	 200 	 2419 	 355
1788204839055 	 286 	 200 	 2420 	 362
1788204837847 	 1499 	 200 	 2421 	 361
1788204838656 	 695 	 200 	 2422 	 360
1788204839164 	 194 	 200 	 2423 	 359
1788204839157 	 209 	 200 	 2424 	 358
1788204839251 	 116 	 200 	 2425 	 357
1788204838963 	 478 	 200 	 2426 	 360
1788204838948 	 501 	 200 	 2427 	 359
1788204839161 	 293 	 200 	 2428 	 358
1788204839159 	 337 	 200 	 2429 	 360
1788204839059 	 474 	 200 	 2430 	 361
1788204839262 	 283 	 200 	 2431 	 362
1788204839238 	 400 	 200 	 2432 	 367
1788204839347 	 299 	 200 	 2433 	 366
1788204839353 	 298 	 200 	 2434 	 365
1788204839343 	 355 	 200 	 2435 	 367
1788204839370 	 372 	 200 	 2436 	 366
1788204838958 	 801 	 200 	 2437 	 365
1788204839644 	 125 	 200 	 2438 	 364
1788204839238 	 603 	 200 	 2439 	 366
1788204839047 	 795 	 200 	 2440 	 365
1788204839373 	 481 	 200 	 2441 	 364
1788204839648 	 210 	 200 	 2442 	 363
1788204839535 	 329 	 200 	 2443 	 362
1788204839744 	 122 	 200 	 2444 	 361
1788204839361 	 572 	 200 	 2445 	 363
1788204839699 	 239 	 200 	 2446 	 362
1788204839443 	 510 	 200 	 2447 	 362
1788204839772 	 189 	 200 	 2448 	 361
1788204839451 	 581 	 200 	 2449 	 362
1788204839869 	 165 	 200 	 2450 	 361
1788204839844 	 191 	 200 	 2451 	 360
1788204839655 	 381 	 200 	 2452 	 359
1788204839548 	 496 	 200 	 2453 	 358
1788204839456 	 590 	 200 	 2454 	 357
1788204839865 	 186 	 200 	 2455 	 356
1788204839498 	 558 	 200 	 2456 	 355
1788204839861 	 273 	 200 	 2457 	 358
1788204839856 	 279 	 200 	 2458 	 357
1788204839940 	 200 	 200 	 2459 	 356
1788204839761 	 382 	 200 	 2460 	 355
1788204839955 	 193 	 200 	 2461 	 354
1788204839846 	 386 	 200 	 2462 	 354
1788204840036 	 199 	 200 	 2463 	 354
1788204840058 	 186 	 200 	 2464 	 354
1788204840039 	 222 	 200 	 2465 	 355
1788204840054 	 244 	 200 	 2466 	 356
1788204840145 	 199 	 200 	 2467 	 358
1788204840037 	 307 	 200 	 2468 	 357
1788204840035 	 319 	 200 	 2469 	 357
1788204840046 	 348 	 200 	 2470 	 359
1788204840143 	 298 	 200 	 2471 	 358
1788204840136 	 309 	 200 	 2472 	 357
1788204840300 	 153 	 200 	 2473 	 357
1788204840151 	 312 	 200 	 2474 	 356
1788204840247 	 286 	 200 	 2475 	 359
1788204840048 	 500 	 200 	 2476 	 358
1788204840138 	 411 	 200 	 2477 	 357
1788204839935 	 811 	 200 	 2478 	 361
1788204840551 	 199 	 200 	 2479 	 360
1788204840443 	 305 	 200 	 2480 	 359
1788204840262 	 491 	 200 	 2481 	 358
1788204840234 	 523 	 200 	 2482 	 357
1788204840455 	 305 	 200 	 2483 	 357
1788204840237 	 526 	 200 	 2484 	 356
1788204840466 	 377 	 200 	 2485 	 357
1788204840447 	 402 	 200 	 2486 	 356
1788204840347 	 501 	 200 	 2487 	 355
1788204840747 	 189 	 200 	 2488 	 355
1788204839963 	 979 	 200 	 2489 	 355
1788204840352 	 595 	 200 	 2490 	 354
1788204840396 	 557 	 200 	 2491 	 353
1788204840356 	 678 	 200 	 2492 	 356
1788204840554 	 485 	 200 	 2493 	 355
1788204840755 	 382 	 200 	 2494 	 357
1788204840752 	 378 	 200 	 2495 	 356
1788204840847 	 294 	 200 	 2496 	 355
1788204840856 	 285 	 200 	 2497 	 354
1788204840853 	 289 	 200 	 2498 	 353
1788204840768 	 388 	 200 	 2499 	 353
1788204840766 	 467 	 200 	 2500 	 355
1788204840536 	 712 	 200 	 2501 	 355
1788204840938 	 313 	 200 	 2502 	 355
1788204841148 	 186 	 200 	 2503 	 359
1788204840945 	 388 	 200 	 2504 	 358
1788204841036 	 301 	 200 	 2505 	 357
1788204841145 	 194 	 200 	 2506 	 356
1788204840758 	 580 	 200 	 2507 	 355
1788204840950 	 392 	 200 	 2508 	 354
1788204840954 	 389 	 200 	 2509 	 354
1788204840753 	 580 	 200 	 2510 	 353
1788204841152 	 281 	 200 	 2511 	 357
1788204841250 	 186 	 200 	 2512 	 356
1788204841235 	 204 	 200 	 2513 	 355
1788204841154 	 293 	 200 	 2514 	 354
1788204841141 	 383 	 200 	 2515 	 362
1788204841255 	 279 	 200 	 2516 	 361
1788204841336 	 200 	 200 	 2517 	 360
1788204841344 	 197 	 200 	 2518 	 359
1788204841159 	 385 	 200 	 2519 	 358
1788204841041 	 501 	 200 	 2520 	 357
1788204841346 	 196 	 200 	 2521 	 356
1788204841337 	 220 	 200 	 2522 	 355
1788204841342 	 304 	 200 	 2523 	 361
1788204841339 	 395 	 200 	 2524 	 368
1788204841535 	 206 	 200 	 2525 	 367
1788204841550 	 278 	 200 	 2526 	 369
1788204841440 	 395 	 200 	 2527 	 368
1788204841648 	 189 	 200 	 2528 	 367
1788204841544 	 295 	 200 	 2529 	 366
1788204841441 	 406 	 200 	 2530 	 365
1788204841341 	 517 	 200 	 2531 	 364
1788204841347 	 592 	 200 	 2532 	 365
1788204841536 	 403 	 200 	 2533 	 365
1788204841538 	 457 	 200 	 2534 	 369
1788204841839 	 208 	 200 	 2535 	 371
1788204841450 	 610 	 200 	 2536 	 372
1788204841736 	 359 	 200 	 2537 	 373
1788204841942 	 196 	 200 	 2538 	 374
1788204841560 	 591 	 200 	 2539 	 373
1788204842049 	 103 	 200 	 2540 	 372
1788204841546 	 610 	 200 	 2541 	 371
1788204841836 	 327 	 200 	 2542 	 370
1788204841743 	 425 	 200 	 2543 	 369
1788204841944 	 222 	 200 	 2544 	 368
1788204842098 	 150 	 200 	 2545 	 375
1788204841836 	 418 	 200 	 2546 	 375
1788204842156 	 178 	 200 	 2547 	 376
1788204842162 	 185 	 200 	 2548 	 375
1788204841849 	 504 	 200 	 2549 	 374
1788204841853 	 509 	 200 	 2550 	 374
1788204841998 	 456 	 200 	 2551 	 376
1788204842170 	 378 	 200 	 2552 	 382
1788204842165 	 386 	 200 	 2553 	 381
1788204842336 	 223 	 200 	 2554 	 380
1788204842172 	 385 	 200 	 2555 	 379
1788204842258 	 297 	 200 	 2556 	 378
1788204842357 	 208 	 200 	 2557 	 378
1788204842140 	 514 	 200 	 2558 	 382
1788204841859 	 798 	 200 	 2559 	 381
1788204842065 	 672 	 200 	 2560 	 384
1788204842250 	 491 	 200 	 2561 	 383
1788204842350 	 399 	 200 	 2562 	 382
1788204842455 	 298 	 200 	 2563 	 381
1788204841547 	 1202 	 200 	 2564 	 380
1788204842554 	 207 	 200 	 2565 	 379
1788204842160 	 674 	 200 	 2566 	 382
1788204842365 	 470 	 200 	 2567 	 381
1788204842563 	 273 	 200 	 2568 	 380
1788204841435 	 1412 	 200 	 2569 	 379
1788204842655 	 208 	 200 	 2570 	 380
1788204842744 	 189 	 200 	 2571 	 382
1788204842756 	 179 	 200 	 2572 	 381
1788204842560 	 378 	 200 	 2573 	 380
1788204842568 	 378 	 200 	 2574 	 379
1788204842551 	 400 	 200 	 2575 	 378
1788204842752 	 205 	 200 	 2576 	 377
1788204842758 	 296 	 200 	 2577 	 379
1788204842565 	 531 	 200 	 2578 	 380
1788204842661 	 493 	 200 	 2579 	 380
1788204842837 	 319 	 200 	 2580 	 379
1788204842936 	 225 	 200 	 2581 	 378
1788204842837 	 324 	 200 	 2582 	 377
1788204842765 	 480 	 200 	 2583 	 382
1788204842949 	 299 	 200 	 2584 	 381
1788204842740 	 509 	 200 	 2585 	 380
1788204842866 	 384 	 200 	 2586 	 379
1788204843098 	 157 	 200 	 2587 	 378
1788204842849 	 445 	 200 	 2588 	 377
1788204842840 	 493 	 200 	 2589 	 377
1788204842954 	 383 	 200 	 2590 	 376
1788204843057 	 289 	 200 	 2591 	 376
1788204843165 	 190 	 200 	 2592 	 376
1788204842959 	 399 	 200 	 2593 	 376
1788204843250 	 114 	 200 	 2594 	 376
1788204842945 	 408 	 200 	 2595 	 375
1788204843164 	 277 	 200 	 2596 	 379
1788204843257 	 276 	 200 	 2597 	 380
1788204842942 	 590 	 200 	 2598 	 379
1788204843254 	 282 	 200 	 2599 	 378
1788204843158 	 388 	 200 	 2600 	 378
1788204843334 	 221 	 200 	 2601 	 377
1788204843252 	 307 	 200 	 2602 	 376
1788204843160 	 477 	 200 	 2603 	 377
1788204843366 	 275 	 200 	 2604 	 376
1788204843248 	 398 	 200 	 2605 	 375
1788204843535 	 130 	 200 	 2606 	 374
1788204843366 	 299 	 200 	 2607 	 373
1788204843535 	 198 	 200 	 2608 	 376
1788204843361 	 377 	 200 	 2609 	 375
1788204843446 	 303 	 200 	 2610 	 375
1788204843561 	 190 	 200 	 2611 	 374
1788204843557 	 197 	 200 	 2612 	 373
1788204843640 	 163 	 200 	 2613 	 375
1788204843667 	 170 	 200 	 2614 	 376
1788204843643 	 198 	 200 	 2615 	 375
1788204843340 	 504 	 200 	 2616 	 375
1788204843537 	 319 	 200 	 2617 	 374
1788204843357 	 504 	 200 	 2618 	 375
1788204843548 	 315 	 200 	 2619 	 374
1788204843845 	 88 	 200 	 2620 	 377
1788204843648 	 297 	 200 	 2621 	 376
1788204843348 	 596 	 200 	 2622 	 375
1788204843670 	 372 	 200 	 2623 	 381
1788204843858 	 191 	 200 	 2624 	 380
1788204843865 	 187 	 200 	 2625 	 379
1788204843753 	 400 	 200 	 2626 	 382
1788204843741 	 505 	 200 	 2627 	 386
1788204843840 	 411 	 200 	 2628 	 386
1788204843804 	 449 	 200 	 2629 	 385
1788204843752 	 507 	 200 	 2630 	 384
1788204843757 	 504 	 200 	 2631 	 383
1788204843935 	 417 	 200 	 2632 	 388
1788204843735 	 660 	 200 	 2633 	 391
1788204844248 	 194 	 200 	 2634 	 392
1788204844255 	 190 	 200 	 2635 	 391
1788204844253 	 196 	 200 	 2636 	 391
1788204843843 	 616 	 200 	 2637 	 390
1788204844052 	 587 	 200 	 2638 	 393
1788204843951 	 702 	 200 	 2639 	 392
1788204844155 	 538 	 200 	 2640 	 393
1788204844445 	 303 	 200 	 2641 	 395
1788204844260 	 494 	 200 	 2642 	 395
1788204844460 	 383 	 200 	 2643 	 399
1788204844263 	 580 	 200 	 2644 	 398
1788204843863 	 979 	 200 	 2645 	 397
1788204844456 	 400 	 200 	 2646 	 397
1788204844056 	 796 	 200 	 2647 	 396
1788204844355 	 580 	 200 	 2648 	 397
1788204844396 	 548 	 200 	 2649 	 396
1788204844044 	 911 	 200 	 2650 	 395
1788204844643 	 450 	 200 	 2651 	 398
1788204843296 	 1845 	 200 	 2652 	 397
1788204844858 	 298 	 200 	 2653 	 397
1788204844757 	 437 	 200 	 2654 	 397
1788204844696 	 499 	 200 	 2655 	 396
1788204844447 	 749 	 200 	 2656 	 395
1788204844749 	 490 	 200 	 2657 	 396
1788204844851 	 393 	 200 	 2658 	 395
1788204844846 	 395 	 200 	 2659 	 394
1788204845162 	 93 	 200 	 2660 	 393
1788204843948 	 1318 	 200 	 2661 	 392
1788204844656 	 614 	 200 	 2662 	 391
1788204844945 	 394 	 200 	 2663 	 393
1788204844848 	 495 	 200 	 2664 	 392
1788204844859 	 488 	 200 	 2665 	 392
1788204844958 	 391 	 200 	 2666 	 391
1788204845095 	 346 	 200 	 2667 	 394
1788204844937 	 504 	 200 	 2668 	 393
1788204845342 	 105 	 200 	 2669 	 393
1788204845142 	 309 	 200 	 2670 	 392
1788204845252 	 204 	 200 	 2671 	 391
1788204845198 	 276 	 200 	 2672 	 390
1788204845197 	 299 	 200 	 2673 	 390
1788204845240 	 310 	 200 	 2674 	 393
1788204845257 	 298 	 200 	 2675 	 393
1788204845354 	 286 	 200 	 2676 	 398
1788204845454 	 198 	 200 	 2677 	 397
1788204845272 	 421 	 200 	 2678 	 397
1788204845346 	 394 	 200 	 2679 	 398
1788204845497 	 253 	 200 	 2680 	 398
1788204845351 	 401 	 200 	 2681 	 397
1788204845449 	 308 	 200 	 2682 	 396
1788204845247 	 595 	 200 	 2683 	 402
1788204845443 	 403 	 200 	 2684 	 401
1788204845558 	 308 	 200 	 2685 	 401
1788204845268 	 603 	 200 	 2686 	 400
1788204845443 	 432 	 200 	 2687 	 399
1788204845459 	 474 	 200 	 2688 	 398
1788204845695 	 253 	 200 	 2689 	 397
1788204845552 	 400 	 200 	 2690 	 397
1788204845643 	 313 	 200 	 2691 	 398
1788204845743 	 214 	 200 	 2692 	 397
1788204845760 	 285 	 200 	 2693 	 400
1788204845476 	 574 	 200 	 2694 	 399
1788204845756 	 385 	 200 	 2695 	 404
1788204845845 	 302 	 200 	 2696 	 403
1788204845874 	 277 	 200 	 2697 	 403
1788204845848 	 347 	 200 	 2698 	 404
1788204845936 	 259 	 200 	 2699 	 403
1788204845877 	 365 	 200 	 2700 	 402
1788204846144 	 104 	 200 	 2701 	 401
1788204846149 	 106 	 200 	 2702 	 401
1788204846197 	 145 	 200 	 2703 	 403
1788204846052 	 293 	 200 	 2704 	 402
1788204845955 	 394 	 200 	 2705 	 401
1788204846153 	 203 	 200 	 2706 	 400
1788204846047 	 394 	 200 	 2707 	 405
1788204845962 	 486 	 200 	 2708 	 405
1788204845949 	 506 	 200 	 2709 	 405
1788204845960 	 579 	 200 	 2710 	 405
1788204846251 	 289 	 200 	 2711 	 404
1788204845754 	 803 	 200 	 2712 	 403
1788204846257 	 304 	 200 	 2713 	 402
1788204846343 	 299 	 200 	 2714 	 405
1788204846347 	 297 	 200 	 2715 	 404
1788204846351 	 293 	 200 	 2716 	 403
1788204846358 	 294 	 200 	 2717 	 402
1788204846451 	 201 	 200 	 2718 	 402
1788204846541 	 205 	 200 	 2719 	 407
1788204845655 	 1097 	 200 	 2720 	 407
1788204846559 	 191 	 200 	 2721 	 407
1788204846542 	 215 	 500 	 2722 	 406
1788204846564 	 198 	 200 	 2723 	 405
1788204846198 	 649 	 200 	 2724 	 406
1788204846243 	 608 	 200 	 2725 	 405
1788204846659 	 198 	 200 	 2726 	 405
1788204846647 	 247 	 200 	 2727 	 406
1788204846657 	 238 	 200 	 2728 	 405
1788204846444 	 504 	 200 	 2729 	 405
1788204846459 	 496 	 200 	 2730 	 405
1788204846754 	 204 	 200 	 2731 	 404
1788204845196 	 1765 	 200 	 2732 	 403
1788204846651 	 308 	 200 	 2733 	 402
1788204846759 	 287 	 200 	 2734 	 404
1788204846897 	 165 	 200 	 2735 	 404
1788204846764 	 381 	 200 	 2736 	 408
1788204846952 	 202 	 200 	 2737 	 408
1788204846848 	 305 	 200 	 2738 	 408
1788204846853 	 309 	 200 	 2739 	 408
1788204846761 	 400 	 200 	 2740 	 407
1788204846655 	 586 	 200 	 2741 	 407
1788204846964 	 284 	 200 	 2742 	 406
1788204846860 	 393 	 200 	 2743 	 405
1788204846897 	 360 	 200 	 2744 	 405
1788204847049 	 225 	 200 	 2745 	 404
1788204846966 	 373 	 200 	 2746 	 409
1788204846958 	 387 	 200 	 2747 	 408
1788204847147 	 196 	 200 	 2748 	 407
1788204846962 	 383 	 200 	 2749 	 406
1788204847063 	 289 	 200 	 2750 	 405
1788204847160 	 273 	 200 	 2751 	 407
1788204847157 	 284 	 200 	 2752 	 407
1788204847260 	 182 	 200 	 2753 	 406
1788204847251 	 204 	 200 	 2754 	 406
1788204847244 	 290 	 200 	 2755 	 410
1788204846747 	 787 	 200 	 2756 	 409
1788204847255 	 284 	 200 	 2757 	 408
1788204847342 	 207 	 200 	 2758 	 407
1788204847276 	 285 	 200 	 2759 	 406
1788204847443 	 124 	 200 	 2760 	 405
1788204847167 	 488 	 200 	 2761 	 409
1788204847348 	 354 	 200 	 2762 	 411
1788204847164 	 569 	 200 	 2763 	 412
1788204847435 	 321 	 200 	 2764 	 414
1788204847445 	 312 	 200 	 2765 	 413
1788204847542 	 220 	 200 	 2766 	 413
1788204847358 	 475 	 200 	 2767 	 416
1788204847552 	 298 	 200 	 2768 	 416
1788204847569 	 290 	 200 	 2769 	 416
1788204847544 	 319 	 200 	 2770 	 415
1788204847562 	 305 	 200 	 2771 	 414
1788204847538 	 398 	 200 	 2772 	 419
1788204847359 	 585 	 200 	 2773 	 419
1788204847735 	 261 	 200 	 2774 	 422
1788204847354 	 678 	 200 	 2775 	 424
1788204847458 	 589 	 200 	 2776 	 424
1788204847765 	 291 	 200 	 2777 	 424
1788204847838 	 221 	 200 	 2778 	 423
1788204847759 	 436 	 200 	 2779 	 429
1788204847705 	 536 	 200 	 2780 	 431
1788204847761 	 483 	 200 	 2781 	 430
1788204847657 	 601 	 200 	 2782 	 429
1788204845869 	 2394 	 200 	 2783 	 429
1788204848035 	 232 	 200 	 2784 	 429
1788204848058 	 211 	 200 	 2785 	 428
1788204848049 	 284 	 200 	 2786 	 436
1788204847861 	 473 	 200 	 2787 	 435
1788204847869 	 472 	 200 	 2788 	 434
1788204847939 	 405 	 200 	 2789 	 433
1788204848061 	 301 	 200 	 2790 	 433
1788204848196 	 239 	 200 	 2791 	 434
1788204847866 	 569 	 200 	 2792 	 433
1788204847853 	 586 	 200 	 2793 	 432
1788204847946 	 500 	 200 	 2794 	 431
1788204847999 	 454 	 200 	 2795 	 432
1788204848242 	 219 	 200 	 2796 	 431
1788204848265 	 193 	 200 	 2797 	 430
1788204848260 	 279 	 200 	 2798 	 437
1788204848344 	 203 	 200 	 2799 	 436
1788204848337 	 208 	 200 	 2800 	 435
1788204848245 	 300 	 200 	 2801 	 434
1788204848268 	 289 	 200 	 2802 	 433
1788204848272 	 279 	 200 	 2803 	 432
1788204848348 	 215 	 200 	 2804 	 431
1788204848337 	 211 	 200 	 2805 	 430
1788204848445 	 190 	 200 	 2806 	 432
1788204848437 	 203 	 200 	 2807 	 431
1788204848553 	 280 	 200 	 2808 	 441
1788204848455 	 381 	 200 	 2809 	 440
1788204848450 	 398 	 200 	 2810 	 440
1788204848559 	 291 	 200 	 2811 	 439
1788204848463 	 384 	 200 	 2812 	 438
1788204848364 	 486 	 200 	 2813 	 438
1788204848441 	 494 	 200 	 2814 	 441
1788204848543 	 394 	 200 	 2815 	 440
1788204848550 	 388 	 200 	 2816 	 439
1788204848561 	 376 	 200 	 2817 	 438
1788204848462 	 472 	 200 	 2818 	 437
1788204848556 	 387 	 200 	 2819 	 436
1788204848643 	 357 	 200 	 2820 	 437
1788204848567 	 471 	 200 	 2821 	 436
1788204848638 	 404 	 200 	 2822 	 435
1788204848566 	 565 	 200 	 2823 	 436
1788204848840 	 298 	 200 	 2824 	 435
1788204848836 	 307 	 200 	 2825 	 434
1788204848940 	 293 	 200 	 2826 	 441
1788204848858 	 376 	 200 	 2827 	 440
1788204848938 	 299 	 200 	 2828 	 439
1788204848853 	 389 	 200 	 2829 	 438
1788204848856 	 392 	 200 	 2830 	 437
1788204848941 	 312 	 200 	 2831 	 438
1788204848861 	 406 	 200 	 2832 	 438
1788204849142 	 193 	 200 	 2833 	 438
1788204849002 	 349 	 200 	 2834 	 437
1788204848952 	 487 	 200 	 2835 	 445
1788204849238 	 296 	 200 	 2836 	 450
1788204849041 	 495 	 200 	 2837 	 450
1788204848947 	 599 	 200 	 2838 	 449
1788204849045 	 518 	 200 	 2839 	 449
1788204849338 	 295 	 200 	 2840 	 449
1788204849352 	 281 	 200 	 2841 	 448
1788204849137 	 499 	 200 	 2842 	 447
1788204849269 	 376 	 200 	 2843 	 446
1788204848942 	 760 	 200 	 2844 	 446
1788204849250 	 483 	 200 	 2845 	 446
1788204849237 	 512 	 200 	 2846 	 445
1788204849442 	 314 	 200 	 2847 	 444
1788204849245 	 518 	 200 	 2848 	 443
1788204849536 	 297 	 200 	 2849 	 443
1788204849256 	 577 	 200 	 2850 	 442
1788204849636 	 210 	 200 	 2851 	 442
1788204849565 	 287 	 200 	 2852 	 442
1788204849704 	 161 	 200 	 2853 	 442
1788204849146 	 719 	 200 	 2854 	 441
1788204849647 	 221 	 200 	 2855 	 440
1788204849640 	 306 	 200 	 2856 	 443
1788204849539 	 410 	 200 	 2857 	 443
1788204849235 	 716 	 200 	 2858 	 442
1788204849549 	 484 	 200 	 2859 	 446
1788204849635 	 407 	 200 	 2860 	 445
1788204849751 	 305 	 200 	 2861 	 444
1788204849835 	 299 	 200 	 2862 	 445
1788204849761 	 394 	 200 	 2863 	 444
1788204849869 	 290 	 200 	 2864 	 445
1788204849767 	 392 	 200 	 2865 	 444
1788204849848 	 393 	 200 	 2866 	 448
1788204849855 	 393 	 200 	 2867 	 448
1788204849948 	 306 	 200 	 2868 	 447
1788204849867 	 392 	 200 	 2869 	 446
1788204849952 	 311 	 200 	 2870 	 445
1788204849836 	 429 	 200 	 2871 	 444
1788204850162 	 110 	 200 	 2872 	 444
1788204849871 	 473 	 200 	 2873 	 446
1788204850157 	 189 	 200 	 2874 	 446
1788204850059 	 299 	 200 	 2875 	 445
1788204850036 	 325 	 200 	 2876 	 444
1788204850242 	 121 	 200 	 2877 	 443
1788204849953 	 487 	 200 	 2878 	 447
1788204850252 	 204 	 200 	 2879 	 446
1788204850273 	 259 	 200 	 2880 	 449
1788204850136 	 397 	 200 	 2881 	 448
1788204850269 	 286 	 200 	 2882 	 448
1788204850044 	 516 	 200 	 2883 	 447
1788204850267 	 356 	 200 	 2884 	 447
1788204850346 	 303 	 200 	 2885 	 447
1788204850366 	 286 	 200 	 2886 	 448
1788204850163 	 495 	 200 	 2887 	 448
1788204850261 	 400 	 200 	 2888 	 447
1788204850361 	 390 	 200 	 2889 	 447
1788204850365 	 390 	 200 	 2890 	 446
1788204850257 	 503 	 200 	 2891 	 446
1788204850536 	 301 	 200 	 2892 	 449
1788204850562 	 285 	 200 	 2893 	 448
1788204850351 	 505 	 200 	 2894 	 447
1788204850449 	 491 	 200 	 2895 	 451
1788204850459 	 485 	 200 	 2896 	 450
1788204850558 	 396 	 200 	 2897 	 449
1788204850538 	 421 	 200 	 2898 	 449
1788204850753 	 286 	 200 	 2899 	 451
1788204850625 	 422 	 200 	 2900 	 450
1788204850663 	 391 	 200 	 2901 	 450
1788204850655 	 398 	 200 	 2902 	 449
1788204850763 	 283 	 200 	 2903 	 448
1788204850660 	 391 	 200 	 2904 	 447
1788204850850 	 202 	 200 	 2905 	 446
1788204850957 	 113 	 200 	 2906 	 445
1788204850650 	 418 	 200 	 2907 	 444
1788204850839 	 236 	 200 	 2908 	 443
1788204850947 	 274 	 200 	 2909 	 449
1788204850859 	 376 	 200 	 2910 	 448
1788204850757 	 479 	 200 	 2911 	 447
1788204849736 	 1500 	 200 	 2912 	 447
1788204850942 	 393 	 200 	 2913 	 448
1788204851049 	 286 	 200 	 2914 	 447
1788204850962 	 373 	 200 	 2915 	 446
1788204851060 	 291 	 200 	 2916 	 447
1788204851078 	 286 	 200 	 2917 	 446
1788204851041 	 324 	 200 	 2918 	 445
1788204851074 	 299 	 200 	 2919 	 444
1788204851224 	 216 	 200 	 2920 	 446
1788204851057 	 384 	 200 	 2921 	 445
1788204851070 	 367 	 200 	 2922 	 444
1788204851072 	 373 	 200 	 2923 	 444
1788204851242 	 207 	 200 	 2924 	 443
1788204851239 	 219 	 200 	 2925 	 443
1788204851367 	 167 	 200 	 2926 	 446
1788204851337 	 203 	 200 	 2927 	 445
1788204851361 	 185 	 200 	 2928 	 445
1788204851065 	 490 	 200 	 2929 	 445
1788204851236 	 399 	 200 	 2930 	 446
1788204851443 	 203 	 200 	 2931 	 446
1788204851460 	 194 	 200 	 2932 	 445
1788204851339 	 322 	 200 	 2933 	 444
1788204851369 	 294 	 200 	 2934 	 443
1788204851447 	 312 	 200 	 2935 	 446
1788204851445 	 408 	 200 	 2936 	 453
1788204851337 	 519 	 200 	 2937 	 453
1788204851452 	 496 	 200 	 2938 	 452
1788204851636 	 317 	 200 	 2939 	 451
1788204851536 	 419 	 200 	 2940 	 453
1788204851375 	 582 	 200 	 2941 	 452
1788204851542 	 416 	 200 	 2942 	 451
1788204851548 	 409 	 200 	 2943 	 450
1788204851657 	 306 	 200 	 2944 	 450
1788204851442 	 610 	 200 	 2945 	 455
1788204851558 	 579 	 200 	 2946 	 457
1788204851648 	 488 	 200 	 2947 	 456
1788204851760 	 376 	 200 	 2948 	 455
1788204851061 	 1087 	 200 	 2949 	 454
1788204851855 	 299 	 200 	 2950 	 453
1788204851859 	 294 	 200 	 2951 	 452
1788204851665 	 489 	 200 	 2952 	 452
1788204851662 	 502 	 200 	 2953 	 451
1788204851961 	 367 	 200 	 2954 	 467
1788204851964 	 370 	 200 	 2955 	 466
1788204852054 	 281 	 200 	 2956 	 465
1788204851950 	 384 	 200 	 2957 	 464
1788204852146 	 199 	 200 	 2958 	 464
1788204851962 	 386 	 200 	 2959 	 464
1788204851967 	 384 	 200 	 2960 	 463
1788204852167 	 267 	 200 	 2961 	 467
1788204851955 	 479 	 200 	 2962 	 466
1788204852143 	 290 	 200 	 2963 	 465
1788204852157 	 287 	 200 	 2964 	 464
1788204851970 	 486 	 200 	 2965 	 464
1788204852140 	 326 	 200 	 2966 	 463
1788204852337 	 168 	 200 	 2967 	 463
1788204852348 	 246 	 200 	 2968 	 467
1788204852335 	 361 	 200 	 2969 	 471
1788204852350 	 394 	 200 	 2970 	 471
1788204852339 	 409 	 200 	 2971 	 470
1788204852437 	 315 	 200 	 2972 	 469
1788204852353 	 396 	 200 	 2973 	 468
1788204852458 	 308 	 200 	 2974 	 467
1788204852447 	 325 	 200 	 2975 	 467
1788204852595 	 240 	 200 	 2976 	 470
1788204852160 	 676 	 200 	 2977 	 469
1788204852335 	 507 	 200 	 2978 	 468
1788204852436 	 411 	 200 	 2979 	 467
1788204852436 	 416 	 200 	 2980 	 466
1788204852507 	 351 	 200 	 2981 	 466
1788204852150 	 790 	 200 	 2982 	 472
1788204852746 	 197 	 200 	 2983 	 471
1788204852698 	 247 	 200 	 2984 	 471
1788204852163 	 783 	 200 	 2985 	 470
1788204852765 	 272 	 200 	 2986 	 474
1788204852844 	 192 	 200 	 2987 	 473
1788204852838 	 204 	 200 	 2988 	 472
1788204852469 	 584 	 200 	 2989 	 471
1788204852837 	 300 	 200 	 2990 	 473
1788204852860 	 280 	 200 	 2991 	 472
1788204852850 	 294 	 200 	 2992 	 471
1788204852946 	 285 	 200 	 2993 	 474
1788204852949 	 286 	 200 	 2994 	 473
1788204852769 	 475 	 200 	 2995 	 472
1788204852854 	 393 	 200 	 2996 	 471
1788204852953 	 299 	 200 	 2997 	 470
1788204852754 	 579 	 200 	 2998 	 470
1788204853043 	 284 	 200 	 2999 	 469
1788204853138 	 201 	 200 	 3000 	 468
1788204853055 	 289 	 200 	 3001 	 467
1788204852774 	 574 	 200 	 3002 	 466
1788204852956 	 477 	 200 	 3003 	 467
1788204853147 	 301 	 200 	 3004 	 466
1788204853143 	 309 	 200 	 3005 	 465
1788204853336 	 200 	 200 	 3006 	 467
1788204853040 	 511 	 200 	 3007 	 466
1788204853336 	 222 	 200 	 3008 	 467
1788204853046 	 696 	 200 	 3009 	 478
1788204853255 	 500 	 200 	 3010 	 477
1788204853346 	 406 	 200 	 3011 	 476
1788204853560 	 203 	 200 	 3012 	 476
1788204853451 	 303 	 200 	 3013 	 475
1788204853235 	 608 	 200 	 3014 	 480
1788204853454 	 390 	 200 	 3015 	 479
1788204853239 	 610 	 200 	 3016 	 478
1788204853251 	 610 	 200 	 3017 	 477
1788204853747 	 112 	 200 	 3018 	 476
1788204853768 	 96 	 200 	 3019 	 475
1788204853353 	 587 	 200 	 3020 	 479
1788204853758 	 283 	 200 	 3021 	 482
1788204853761 	 285 	 200 	 3022 	 481
1788204853865 	 191 	 200 	 3023 	 480
1788204853845 	 214 	 200 	 3024 	 480
1788204853539 	 523 	 200 	 3025 	 479
1788204853247 	 816 	 200 	 3026 	 478
1788204853341 	 801 	 200 	 3027 	 481
1788204853553 	 598 	 200 	 3028 	 480
1788204853942 	 300 	 200 	 3029 	 482
1788204853864 	 382 	 200 	 3030 	 482
1788204853866 	 382 	 200 	 3031 	 481
1788204854044 	 214 	 200 	 3032 	 481
1788204854049 	 210 	 200 	 3033 	 480
1788204853853 	 485 	 200 	 3034 	 484
1788204853436 	 903 	 200 	 3035 	 483
1788204854068 	 281 	 200 	 3036 	 482
1788204854146 	 209 	 200 	 3037 	 482
1788204853847 	 523 	 200 	 3038 	 481
1788204854245 	 194 	 200 	 3039 	 482
1788204854155 	 284 	 200 	 3040 	 481
1788204854058 	 395 	 200 	 3041 	 482
1788204854065 	 392 	 200 	 3042 	 481
1788204854061 	 400 	 200 	 3043 	 480
1788204854263 	 202 	 200 	 3044 	 479
1788204854249 	 308 	 200 	 3045 	 483
1788204854247 	 313 	 200 	 3046 	 482
1788204854341 	 304 	 200 	 3047 	 484
1788204854440 	 210 	 200 	 3048 	 483
1788204854341 	 314 	 200 	 3049 	 483
1788204854261 	 478 	 200 	 3050 	 487
1788204854455 	 284 	 200 	 3051 	 486
1788204854558 	 196 	 200 	 3052 	 485
1788204854467 	 386 	 200 	 3053 	 491
1788204854359 	 499 	 200 	 3054 	 490
1788204854463 	 487 	 200 	 3055 	 495
1788204854741 	 216 	 200 	 3056 	 494
1788204854352 	 603 	 200 	 3057 	 493
1788204854562 	 397 	 200 	 3058 	 492
1788204854743 	 225 	 200 	 3059 	 491
1788204854756 	 240 	 200 	 3060 	 492
1788204854442 	 596 	 200 	 3061 	 495
1788204854652 	 390 	 200 	 3062 	 495
1788204854657 	 390 	 200 	 3063 	 494
1788204852750 	 2301 	 200 	 3064 	 493
1788204854460 	 591 	 200 	 3065 	 492
1788204854860 	 204 	 200 	 3066 	 491
1788204854372 	 696 	 200 	 3067 	 490
1788204854966 	 175 	 200 	 3068 	 492
1788204854855 	 287 	 200 	 3069 	 491
1788204854647 	 497 	 200 	 3070 	 490
1788204854954 	 279 	 200 	 3071 	 495
1788204854960 	 293 	 200 	 3072 	 494
1788204855045 	 221 	 200 	 3073 	 493
1788204854961 	 305 	 200 	 3074 	 492
1788204855049 	 295 	 200 	 3075 	 496
1788204854999 	 347 	 200 	 3076 	 495
1788204855041 	 313 	 200 	 3077 	 494
1788204855059 	 390 	 200 	 3078 	 495
1788204854969 	 485 	 200 	 3079 	 494
1788204855259 	 198 	 200 	 3080 	 493
1788204855143 	 319 	 200 	 3081 	 492
1788204855071 	 393 	 200 	 3082 	 491
1788204855145 	 411 	 200 	 3083 	 497
1788204855146 	 412 	 200 	 3084 	 496
1788204855066 	 585 	 200 	 3085 	 500
1788204855269 	 389 	 200 	 3086 	 499
1788204855348 	 398 	 200 	 3087 	 504
1788204855351 	 400 	 200 	 3088 	 504
1788204855054 	 701 	 200 	 3089 	 503
1788204855456 	 303 	 200 	 3090 	 502
1788204855271 	 572 	 200 	 3091 	 508
1788204855236 	 609 	 200 	 3092 	 508
1788204855460 	 391 	 200 	 3093 	 507
1788204855356 	 517 	 200 	 3094 	 507
1788204855557 	 384 	 200 	 3095 	 508
1788204855755 	 203 	 200 	 3096 	 508
1788204855451 	 509 	 200 	 3097 	 507
1788204855467 	 579 	 200 	 3098 	 509
1788204855464 	 590 	 200 	 3099 	 508
1788204855560 	 498 	 200 	 3100 	 507
1788204855749 	 309 	 200 	 3101 	 506
1788204855758 	 382 	 200 	 3102 	 506
1788204855661 	 486 	 200 	 3103 	 506
1788204855654 	 499 	 200 	 3104 	 506
1788204855943 	 296 	 200 	 3105 	 510
1788204855847 	 400 	 200 	 3106 	 509
1788204855850 	 402 	 200 	 3107 	 508
1788204855960 	 292 	 200 	 3108 	 507
1788204855876 	 382 	 200 	 3109 	 506
1788204856060 	 199 	 200 	 3110 	 505
1788204855962 	 379 	 200 	 3111 	 512
1788204856063 	 282 	 200 	 3112 	 511
1788204855762 	 583 	 200 	 3113 	 510
1788204855854 	 498 	 200 	 3114 	 509
1788204856242 	 114 	 200 	 3115 	 508
1788204856250 	 206 	 200 	 3116 	 511
1788204856149 	 311 	 200 	 3117 	 510
1788204856256 	 209 	 200 	 3118 	 509
1788204856255 	 252 	 200 	 3119 	 511
1788204856142 	 396 	 200 	 3120 	 511
1788204856056 	 482 	 200 	 3121 	 510
1788204856360 	 181 	 200 	 3122 	 509
1788204856261 	 282 	 200 	 3123 	 509
1788204856049 	 495 	 200 	 3124 	 508
1788204856265 	 300 	 200 	 3125 	 507
1788204856348 	 296 	 200 	 3126 	 509
1788204853765 	 2884 	 200 	 3127 	 508
1788204856157 	 496 	 200 	 3128 	 507
1788204856347 	 307 	 200 	 3129 	 507
1788204856468 	 196 	 200 	 3130 	 506
1788204856343 	 391 	 200 	 3131 	 511
1788204856543 	 201 	 200 	 3132 	 510
1788204856516 	 234 	 200 	 3133 	 509
1788204856651 	 112 	 200 	 3134 	 509
1788204856539 	 296 	 200 	 3135 	 511
1788204856458 	 376 	 200 	 3136 	 510
1788204856545 	 299 	 200 	 3137 	 509
1788204856568 	 279 	 200 	 3138 	 508
1788204856355 	 507 	 200 	 3139 	 510
1788204856748 	 192 	 200 	 3140 	 511
1788204856736 	 222 	 200 	 3141 	 511
1788204856464 	 497 	 200 	 3142 	 510
1788204856541 	 422 	 200 	 3143 	 509
1788204856647 	 323 	 200 	 3144 	 508
1788204856547 	 497 	 200 	 3145 	 507
1788204856849 	 195 	 200 	 3146 	 506
1788204856752 	 300 	 200 	 3147 	 505
1788204856655 	 486 	 200 	 3148 	 505
1788204856959 	 191 	 200 	 3149 	 504
1788204856836 	 330 	 200 	 3150 	 503
1788204856846 	 321 	 200 	 3151 	 502
1788204856963 	 275 	 200 	 3152 	 505
1788204856661 	 597 	 200 	 3153 	 504
1788204856967 	 375 	 200 	 3154 	 505
1788204856973 	 377 	 200 	 3155 	 506
1788204856766 	 590 	 200 	 3156 	 505
1788204857050 	 310 	 200 	 3157 	 505
1788204857046 	 315 	 200 	 3158 	 504
1788204857054 	 379 	 200 	 3159 	 505
1788204856836 	 611 	 200 	 3160 	 506
1788204856667 	 791 	 200 	 3161 	 505
1788204856864 	 596 	 200 	 3162 	 504
1788204857352 	 195 	 200 	 3163 	 509
1788204856943 	 610 	 200 	 3164 	 509
1788204857169 	 394 	 200 	 3165 	 508
1788204857171 	 463 	 200 	 3166 	 512
1788204857359 	 287 	 200 	 3167 	 513
1788204857344 	 305 	 200 	 3168 	 512
1788204857153 	 495 	 200 	 3169 	 512
1788204857463 	 195 	 200 	 3170 	 511
1788204857261 	 401 	 200 	 3171 	 510
1788204857241 	 426 	 200 	 3172 	 510
1788204857144 	 593 	 200 	 3173 	 512
1788204857366 	 377 	 200 	 3174 	 512
1788204857363 	 378 	 200 	 3175 	 511
1788204857460 	 295 	 200 	 3176 	 511
1788204857656 	 199 	 200 	 3177 	 516
1788204857450 	 410 	 200 	 3178 	 516
1788204857652 	 210 	 200 	 3179 	 515
1788204857660 	 274 	 200 	 3180 	 515
1788204857436 	 498 	 200 	 3181 	 514
1788204857746 	 200 	 200 	 3182 	 514
1788204857866 	 93 	 200 	 3183 	 513
1788204857550 	 499 	 200 	 3184 	 518
1788204857635 	 417 	 200 	 3185 	 517
1788204857669 	 381 	 200 	 3186 	 516
1788204857565 	 496 	 200 	 3187 	 515
1788204857936 	 131 	 200 	 3188 	 515
1788204857751 	 318 	 200 	 3189 	 514
1788204857742 	 326 	 200 	 3190 	 513
1788204857556 	 584 	 200 	 3191 	 519
1788204857758 	 445 	 200 	 3192 	 522
1788204857664 	 568 	 200 	 3193 	 522
1788204858053 	 181 	 200 	 3194 	 521
1788204857648 	 587 	 200 	 3195 	 520
1788204857956 	 282 	 200 	 3196 	 519
1788204858056 	 183 	 200 	 3197 	 518
1788204857961 	 288 	 200 	 3198 	 517
1788204857864 	 473 	 200 	 3199 	 523
1788204857858 	 487 	 200 	 3200 	 523
1788204857937 	 408 	 200 	 3201 	 522
1788204858072 	 362 	 200 	 3202 	 528
1788204858063 	 374 	 200 	 3203 	 528
1788204858235 	 219 	 200 	 3204 	 529
1788204858237 	 224 	 200 	 3205 	 528
1788204858057 	 475 	 200 	 3206 	 533
1788204858238 	 297 	 200 	 3207 	 532
1788204858205 	 342 	 200 	 3208 	 532
1788204858142 	 411 	 200 	 3209 	 531
1788204858347 	 297 	 200 	 3210 	 532
1788204858436 	 214 	 200 	 3211 	 532
1788204858240 	 412 	 200 	 3212 	 531
1788204858339 	 318 	 200 	 3213 	 530
1788204858537 	 205 	 200 	 3214 	 531
1788204858456 	 290 	 200 	 3215 	 531
1788204858252 	 508 	 200 	 3216 	 530
1788204858441 	 322 	 200 	 3217 	 529
1788204858069 	 698 	 200 	 3218 	 528
1788204858245 	 521 	 200 	 3219 	 527
1788204858656 	 178 	 200 	 3220 	 530
1788204858351 	 581 	 200 	 3221 	 532
1788204858549 	 384 	 200 	 3222 	 531
1788204858535 	 399 	 200 	 3223 	 530
1788204858661 	 281 	 200 	 3224 	 529
1788204858647 	 316 	 200 	 3225 	 530
1788204858556 	 490 	 200 	 3226 	 535
1788204858463 	 593 	 200 	 3227 	 535
1788204858967 	 91 	 200 	 3228 	 534
1788204858654 	 411 	 200 	 3229 	 534
1788204858744 	 319 	 200 	 3230 	 533
1788204858749 	 394 	 200 	 3231 	 542
1788204858836 	 318 	 200 	 3232 	 542
1788204859059 	 97 	 200 	 3233 	 541
1788204858766 	 476 	 200 	 3234 	 544
1788204859145 	 103 	 200 	 3235 	 543
1788204858935 	 415 	 200 	 3236 	 550
1788204858936 	 419 	 200 	 3237 	 549
1788204858762 	 592 	 200 	 3238 	 548
1788204859244 	 118 	 200 	 3239 	 547
1788204858770 	 595 	 200 	 3240 	 546
1788204858773 	 593 	 200 	 3241 	 545
1788204859159 	 210 	 200 	 3242 	 544
1788204859067 	 374 	 200 	 3243 	 544
1788204859250 	 197 	 200 	 3244 	 543
1788204858935 	 521 	 200 	 3245 	 543
1788204858944 	 591 	 200 	 3246 	 547
1788204859070 	 465 	 200 	 3247 	 546
1788204859352 	 205 	 200 	 3248 	 545
1788204859157 	 492 	 200 	 3249 	 546
1788204859459 	 190 	 200 	 3250 	 545
1788204859360 	 295 	 200 	 3251 	 545
1788204859536 	 123 	 200 	 3252 	 544
1788204859357 	 338 	 200 	 3253 	 544
1788204859364 	 377 	 200 	 3254 	 544
1788204859368 	 374 	 200 	 3255 	 543
1788204859661 	 89 	 200 	 3256 	 542
1788204859652 	 101 	 200 	 3257 	 542
1788204859048 	 706 	 200 	 3258 	 541
1788204859373 	 388 	 200 	 3259 	 541
1788204859062 	 772 	 200 	 3260 	 546
1788204859443 	 404 	 200 	 3261 	 546
1788204859450 	 402 	 200 	 3262 	 545
1788204859560 	 297 	 200 	 3263 	 544
1788204859751 	 187 	 200 	 3264 	 549
1788204859651 	 298 	 200 	 3265 	 549
1788204859697 	 254 	 200 	 3266 	 548
1788204859757 	 202 	 200 	 3267 	 547
1788204859744 	 218 	 200 	 3268 	 547
1788204859658 	 307 	 200 	 3269 	 546
1788204859763 	 200 	 200 	 3270 	 545
1788204859859 	 182 	 200 	 3271 	 548
1788204859756 	 288 	 200 	 3272 	 547
1788204859837 	 220 	 200 	 3273 	 546
1788204859743 	 316 	 200 	 3274 	 545
1788204859955 	 202 	 200 	 3275 	 547
1788204859941 	 255 	 200 	 3276 	 547
1788204859851 	 392 	 200 	 3277 	 549
1788204859969 	 278 	 200 	 3278 	 548
1788204859962 	 286 	 200 	 3279 	 547
1788204859955 	 306 	 200 	 3280 	 548
1788204860197 	 74 	 200 	 3281 	 547
1788204859966 	 366 	 200 	 3282 	 552
1788204860062 	 276 	 200 	 3283 	 551
1788204860059 	 281 	 200 	 3284 	 550
1788204860160 	 184 	 200 	 3285 	 550
1788204859971 	 377 	 200 	 3286 	 549
1788204859371 	 981 	 200 	 3287 	 548
1788204860250 	 198 	 200 	 3288 	 552
1788204860250 	 205 	 200 	 3289 	 551
1788204860266 	 195 	 200 	 3290 	 552
1788204860050 	 494 	 200 	 3291 	 555
1788204860334 	 220 	 200 	 3292 	 554
1788204860342 	 254 	 200 	 3293 	 555
1788204860340 	 300 	 200 	 3294 	 556
1788204860246 	 404 	 200 	 3295 	 555
1788204860548 	 106 	 200 	 3296 	 554
1788204860464 	 192 	 200 	 3297 	 553
1788204860351 	 313 	 200 	 3298 	 552
1788204860456 	 208 	 200 	 3299 	 551
1788204860273 	 391 	 200 	 3300 	 550
1788204859856 	 889 	 200 	 3301 	 553
1788204860451 	 383 	 200 	 3302 	 555
1788204860346 	 489 	 200 	 3303 	 554
1788204860641 	 194 	 200 	 3304 	 553
1788204860652 	 186 	 200 	 3305 	 552
1788204860658 	 190 	 200 	 3306 	 552
1788204860667 	 188 	 200 	 3307 	 552
1788204860747 	 116 	 200 	 3308 	 551
1788204860836 	 121 	 200 	 3309 	 558
1788204860837 	 123 	 200 	 3310 	 558
1788204860662 	 300 	 200 	 3311 	 557
1788204860598 	 399 	 200 	 3312 	 558
1788204860841 	 199 	 200 	 3313 	 560
1788204860837 	 204 	 200 	 3314 	 559
1788204860866 	 186 	 200 	 3315 	 558
1788204860044 	 1053 	 200 	 3316 	 558
1788204860355 	 747 	 200 	 3317 	 558
1788204860958 	 146 	 200 	 3318 	 557
1788204860555 	 550 	 200 	 3319 	 556
1788204860964 	 182 	 200 	 3320 	 560
1788204860964 	 236 	 200 	 3321 	 562
1788204860673 	 568 	 200 	 3322 	 564
1788204860852 	 390 	 200 	 3323 	 563
1788204860857 	 387 	 200 	 3324 	 562
1788204860998 	 344 	 200 	 3325 	 566
1788204861041 	 309 	 200 	 3326 	 565
1788204861054 	 387 	 200 	 3327 	 571
1788204861202 	 247 	 200 	 3328 	 570
1788204861043 	 414 	 200 	 3329 	 571
1788204861247 	 209 	 200 	 3330 	 570
1788204861108 	 346 	 200 	 3331 	 569
1788204861244 	 217 	 200 	 3332 	 568
1788204861244 	 298 	 200 	 3333 	 572
1788204861110 	 448 	 200 	 3334 	 575
1788204861344 	 215 	 200 	 3335 	 574
1788204860670 	 890 	 200 	 3336 	 573
1788204861150 	 409 	 200 	 3337 	 572
1788204861351 	 298 	 200 	 3338 	 578
1788204861100 	 572 	 200 	 3339 	 578
1788204861451 	 299 	 200 	 3340 	 582
1788204861458 	 295 	 200 	 3341 	 581
1788204859538 	 2257 	 200 	 3342 	 582
1788204861461 	 382 	 200 	 3343 	 583
1788204861443 	 404 	 200 	 3344 	 582
1788204861464 	 475 	 200 	 3345 	 588
1788204861104 	 836 	 200 	 3346 	 588
1788204861562 	 381 	 200 	 3347 	 587
1788204861568 	 375 	 200 	 3348 	 586
1788204861467 	 480 	 200 	 3349 	 585
1788204861544 	 407 	 200 	 3350 	 584
1788204861845 	 187 	 200 	 3351 	 587
1788204861652 	 380 	 200 	 3352 	 586
1788204861675 	 360 	 200 	 3353 	 585
1788204861756 	 281 	 200 	 3354 	 584
1788204861850 	 187 	 200 	 3355 	 583
1788204861753 	 287 	 200 	 3356 	 582
1788204861566 	 569 	 200 	 3357 	 584
1788204861796 	 340 	 200 	 3358 	 583
1788204861954 	 186 	 200 	 3359 	 582
1788204862035 	 112 	 200 	 3360 	 581
1788204861564 	 586 	 200 	 3361 	 580
1788204861942 	 218 	 200 	 3362 	 579
1788204861947 	 288 	 200 	 3363 	 582
1788204861946 	 307 	 200 	 3364 	 584
1788204862040 	 218 	 200 	 3365 	 583
1788204861941 	 317 	 200 	 3366 	 582
1788204862161 	 171 	 200 	 3367 	 590
1788204862039 	 295 	 200 	 3368 	 590
1788204862036 	 303 	 200 	 3369 	 589
1788204862042 	 308 	 200 	 3370 	 588
1788204862143 	 210 	 200 	 3371 	 588
1788204862237 	 127 	 200 	 3372 	 587
1788204862138 	 288 	 200 	 3373 	 590
1788204862152 	 283 	 200 	 3374 	 589
1788204862036 	 400 	 200 	 3375 	 588
1788204862337 	 105 	 200 	 3376 	 587
1788204862254 	 303 	 200 	 3377 	 591
1788204862341 	 218 	 200 	 3378 	 590
1788204862365 	 231 	 200 	 3379 	 591
1788204862335 	 306 	 200 	 3380 	 592
1788204862360 	 287 	 200 	 3381 	 591
1788204862262 	 389 	 200 	 3382 	 590
1788204862351 	 307 	 200 	 3383 	 590
1788204862561 	 181 	 200 	 3384 	 592
1788204862598 	 152 	 200 	 3385 	 592
1788204862564 	 189 	 200 	 3386 	 591
1788204862435 	 322 	 200 	 3387 	 590
1788204861949 	 812 	 200 	 3388 	 589
1788204862150 	 686 	 200 	 3389 	 589
1788204862259 	 590 	 200 	 3390 	 588
1788204862643 	 211 	 200 	 3391 	 587
1788204862439 	 421 	 200 	 3392 	 587
1788204862443 	 419 	 200 	 3393 	 586
1788204862759 	 214 	 200 	 3394 	 588
1788204862446 	 600 	 200 	 3395 	 588
1788204862756 	 298 	 200 	 3396 	 588
1788204862661 	 400 	 200 	 3397 	 587
1788204862745 	 320 	 200 	 3398 	 586
1788204862649 	 499 	 200 	 3399 	 588
1788204862975 	 268 	 200 	 3400 	 590
1788204862844 	 399 	 200 	 3401 	 589
1788204862764 	 479 	 200 	 3402 	 588
1788204862857 	 392 	 200 	 3403 	 587
1788204862867 	 384 	 200 	 3404 	 587
1788204863056 	 204 	 200 	 3405 	 586
1788204863067 	 198 	 200 	 3406 	 585
1788204863063 	 202 	 200 	 3407 	 584
1788204862654 	 680 	 200 	 3408 	 589
1788204863048 	 286 	 200 	 3409 	 588
1788204862139 	 1198 	 200 	 3410 	 587
1788204863152 	 187 	 200 	 3411 	 586
1788204863248 	 90 	 200 	 3412 	 585
1788204862864 	 571 	 200 	 3413 	 588
1788204862851 	 583 	 200 	 3414 	 587
1788204863246 	 195 	 200 	 3415 	 586
1788204863245 	 204 	 200 	 3416 	 585
1788204862752 	 700 	 200 	 3417 	 584
1788204863336 	 165 	 200 	 3418 	 585
1788204863262 	 275 	 200 	 3419 	 586
1788204863268 	 270 	 200 	 3420 	 585
1788204863339 	 210 	 200 	 3421 	 585
1788204863251 	 297 	 200 	 3422 	 584
1788204863341 	 295 	 200 	 3423 	 587
1788204863271 	 372 	 200 	 3424 	 586
1788204863443 	 200 	 200 	 3425 	 585
1788204863342 	 313 	 200 	 3426 	 584
1788204863502 	 234 	 200 	 3427 	 592
1788204863455 	 299 	 200 	 3428 	 595
1788204863552 	 203 	 200 	 3429 	 594
1788204863556 	 201 	 200 	 3430 	 593
1788204863451 	 311 	 200 	 3431 	 592
1788204863541 	 319 	 200 	 3432 	 595
1788204863644 	 219 	 200 	 3433 	 595
1788204863540 	 398 	 200 	 3434 	 597
1788204863637 	 310 	 200 	 3435 	 596
1788204863256 	 689 	 200 	 3436 	 595
1788204863646 	 309 	 200 	 3437 	 595
1788204863738 	 221 	 200 	 3438 	 594
1788204863761 	 282 	 200 	 3439 	 597
1788204863767 	 287 	 200 	 3440 	 596
1788204863657 	 401 	 200 	 3441 	 595
1788204863865 	 194 	 200 	 3442 	 594
1788204863759 	 307 	 200 	 3443 	 593
1788204863438 	 696 	 200 	 3444 	 597
1788204863446 	 689 	 200 	 3445 	 596
1788204863758 	 396 	 200 	 3446 	 596
1788204863862 	 300 	 200 	 3447 	 595
1788204863949 	 288 	 200 	 3448 	 597
1788204863943 	 354 	 200 	 3449 	 600
1788204863337 	 1001 	 200 	 3450 	 600
1788204863961 	 384 	 200 	 3451 	 600
1788204863956 	 392 	 200 	 3452 	 600
1788204864046 	 312 	 200 	 3453 	 599
1788204864164 	 197 	 200 	 3454 	 598
1788204864061 	 386 	 200 	 3455 	 600
1788204864238 	 223 	 200 	 3456 	 599
1788204864138 	 414 	 200 	 3457 	 604
1788204864069 	 487 	 200 	 3458 	 603
1788204864164 	 430 	 200 	 3459 	 603
1788204864450 	 194 	 200 	 3460 	 603
1788204863948 	 699 	 200 	 3461 	 602
1788204864363 	 287 	 200 	 3462 	 602
1788204864056 	 687 	 200 	 3463 	 607
1788204858076 	 6673 	 200 	 3464 	 606
1788204864141 	 612 	 200 	 3465 	 606
1788204864350 	 409 	 200 	 3466 	 607
1788204864299 	 461 	 200 	 3467 	 606
1788204864065 	 694 	 200 	 3468 	 605
1788204864340 	 511 	 200 	 3469 	 608
1788204864558 	 298 	 200 	 3470 	 607
1788204864463 	 405 	 200 	 3471 	 606
1788204864649 	 286 	 200 	 3472 	 609
1788204864652 	 284 	 200 	 3473 	 608
1788204864347 	 590 	 200 	 3474 	 607
1788204864360 	 601 	 200 	 3475 	 608
1788204864655 	 377 	 200 	 3476 	 609
1788204864757 	 300 	 200 	 3477 	 609
1788204864598 	 547 	 200 	 3478 	 612
1788204864746 	 409 	 200 	 3479 	 611
1788204864762 	 400 	 200 	 3480 	 610
1788204864939 	 256 	 200 	 3481 	 610
1788204864963 	 275 	 200 	 3482 	 610
1788204864870 	 370 	 200 	 3483 	 610
1788204864766 	 494 	 200 	 3484 	 610
1788204865163 	 97 	 200 	 3485 	 609
1788204864939 	 352 	 200 	 3486 	 611
1788204865059 	 282 	 200 	 3487 	 611
1788204865197 	 153 	 200 	 3488 	 611
1788204865158 	 193 	 200 	 3489 	 610
1788204864859 	 498 	 200 	 3490 	 609
1788204865245 	 114 	 200 	 3491 	 608
1788204865241 	 120 	 200 	 3492 	 607
1788204864752 	 690 	 200 	 3493 	 610
1788204865035 	 408 	 200 	 3494 	 609
1788204865354 	 140 	 200 	 3495 	 610
1788204864945 	 550 	 200 	 3496 	 609
1788204865364 	 230 	 200 	 3497 	 612
1788204865265 	 330 	 200 	 3498 	 611
1788204865366 	 272 	 200 	 3499 	 613
1788204865343 	 298 	 200 	 3500 	 612
1788204865261 	 378 	 200 	 3501 	 611
1788204865596 	 51 	 200 	 3502 	 610
1788204865148 	 548 	 200 	 3503 	 612
1788204865444 	 397 	 200 	 3504 	 621
1788204865643 	 200 	 200 	 3505 	 620
1788204865640 	 206 	 200 	 3506 	 619
1788204865597 	 256 	 200 	 3507 	 618
1788204865642 	 212 	 200 	 3508 	 617
1788204865361 	 497 	 200 	 3509 	 616
1788204865295 	 558 	 200 	 3510 	 615
1788204865498 	 437 	 200 	 3511 	 620
1788204865650 	 307 	 200 	 3512 	 620
1788204865845 	 150 	 200 	 3513 	 620
1788204865849 	 190 	 200 	 3514 	 624
1788204865857 	 191 	 200 	 3515 	 623
1788204865354 	 700 	 200 	 3516 	 623
1788204865866 	 281 	 200 	 3517 	 629
1788204865937 	 215 	 200 	 3518 	 630
1788204865997 	 247 	 200 	 3519 	 632
1788204866051 	 193 	 200 	 3520 	 631
1788204866149 	 98 	 200 	 3521 	 630
1788204865698 	 558 	 200 	 3522 	 630
1788204865863 	 481 	 200 	 3523 	 632
1788204865445 	 909 	 200 	 3524 	 631
1788204865500 	 894 	 200 	 3525 	 631
1788204866258 	 189 	 200 	 3526 	 631
1788204866245 	 207 	 200 	 3527 	 630
1788204866247 	 205 	 200 	 3528 	 629
1788204865856 	 593 	 200 	 3529 	 628
1788204866059 	 400 	 200 	 3530 	 627
1788204866042 	 421 	 200 	 3531 	 626
1788204865842 	 623 	 200 	 3532 	 625
1788204866153 	 389 	 200 	 3533 	 625
1788204866356 	 195 	 200 	 3534 	 624
1788204864554 	 2078 	 200 	 3535 	 632
1788204865959 	 674 	 200 	 3536 	 631
1788204866449 	 184 	 200 	 3537 	 630
1788204866455 	 201 	 200 	 3538 	 632
1788204866468 	 193 	 200 	 3539 	 631
1788204866395 	 446 	 200 	 3540 	 638
1788204866639 	 210 	 200 	 3541 	 637
1788204866347 	 511 	 200 	 3542 	 636
1788204866659 	 202 	 200 	 3543 	 635
1788204866635 	 230 	 200 	 3544 	 634
1788204866454 	 485 	 200 	 3545 	 636
1788204866463 	 491 	 200 	 3546 	 637
1788204866250 	 710 	 200 	 3547 	 636
1788204866636 	 331 	 200 	 3548 	 636
1788204866663 	 306 	 200 	 3549 	 635
1788204866851 	 200 	 200 	 3550 	 638
1788204866554 	 503 	 200 	 3551 	 637
1788204866458 	 603 	 200 	 3552 	 636
1788204866544 	 516 	 200 	 3553 	 635
1788204866863 	 296 	 200 	 3554 	 640
1788204866860 	 305 	 200 	 3555 	 639
1788204866470 	 770 	 200 	 3556 	 640
1788204866949 	 300 	 200 	 3557 	 639
1788204866962 	 296 	 200 	 3558 	 638
1788204866970 	 326 	 200 	 3559 	 639
1788204867055 	 286 	 200 	 3560 	 640
1788204866972 	 374 	 200 	 3561 	 639
1788204867059 	 296 	 200 	 3562 	 638
1788204867067 	 327 	 200 	 3563 	 638
1788204866842 	 557 	 200 	 3564 	 638
1788204867064 	 388 	 200 	 3565 	 638
1788204867261 	 281 	 200 	 3566 	 645
1788204867167 	 381 	 200 	 3567 	 644
1788204867161 	 394 	 200 	 3568 	 643
1788204866867 	 692 	 200 	 3569 	 642
1788204867252 	 343 	 200 	 3570 	 641
1788204867358 	 286 	 200 	 3571 	 641
1788204867348 	 395 	 200 	 3572 	 640
1788204867243 	 550 	 200 	 3573 	 643
1788204867400 	 395 	 200 	 3574 	 642
1788204867597 	 249 	 200 	 3575 	 642
1788204867561 	 283 	 200 	 3576 	 641
1788204867343 	 511 	 200 	 3577 	 640
1788204867646 	 215 	 200 	 3578 	 640
1788204867746 	 150 	 200 	 3579 	 641
1788204867558 	 384 	 200 	 3580 	 643
1788204867796 	 150 	 200 	 3581 	 642
1788204867550 	 408 	 200 	 3582 	 642
1788204866957 	 1080 	 200 	 3583 	 645
1788204864764 	 3283 	 200 	 3584 	 644
1788204867298 	 753 	 200 	 3585 	 643
1788204867396 	 661 	 200 	 3586 	 643
1788204867960 	 137 	 200 	 3587 	 644
1788204867455 	 696 	 200 	 3588 	 647
1788204867796 	 402 	 200 	 3589 	 648
1788204868040 	 159 	 200 	 3590 	 647
1788204867852 	 387 	 200 	 3591 	 649
1788204867856 	 388 	 200 	 3592 	 648
1788204868201 	 45 	 200 	 3593 	 647
1788204867898 	 352 	 200 	 3594 	 646
1788204867848 	 406 	 200 	 3595 	 648
1788204867862 	 395 	 200 	 3596 	 647
1788204867546 	 703 	 200 	 3597 	 646
1788204867948 	 384 	 200 	 3598 	 649
1788204867944 	 389 	 200 	 3599 	 648
1788204868054 	 339 	 200 	 3600 	 651
1788204868253 	 189 	 200 	 3601 	 653
1788204868241 	 205 	 200 	 3602 	 652
1788204868058 	 388 	 200 	 3603 	 651
1788204868100 	 350 	 200 	 3604 	 650
1788204868153 	 295 	 200 	 3605 	 649
1788204868259 	 195 	 200 	 3606 	 648
1788204868265 	 199 	 200 	 3607 	 647
1788204868248 	 287 	 200 	 3608 	 648
1788204868263 	 277 	 200 	 3609 	 647
1788204868201 	 345 	 200 	 3610 	 646
1788204868335 	 300 	 200 	 3611 	 647
1788204868396 	 241 	 200 	 3612 	 648
1788204868049 	 587 	 200 	 3613 	 647
1788204868336 	 311 	 200 	 3614 	 646
1788204868449 	 197 	 200 	 3615 	 645
1788204868246 	 396 	 200 	 3616 	 644
1788204868447 	 214 	 200 	 3617 	 643
1788204868453 	 283 	 200 	 3618 	 650
1788204868444 	 295 	 200 	 3619 	 649
1788204868463 	 283 	 200 	 3620 	 648
1788204868538 	 295 	 200 	 3621 	 656
1788204868467 	 370 	 200 	 3622 	 655
1788204868644 	 208 	 200 	 3623 	 654
1788204868459 	 490 	 200 	 3624 	 659
1788204868656 	 301 	 200 	 3625 	 660
1788204868649 	 316 	 200 	 3626 	 659
1788204868659 	 382 	 200 	 3627 	 662
1788204868739 	 305 	 200 	 3628 	 662
1788204868653 	 401 	 200 	 3629 	 661
1788204868749 	 312 	 200 	 3630 	 660
1788204868542 	 522 	 200 	 3631 	 659
1788204868639 	 429 	 200 	 3632 	 659
1788204868664 	 469 	 200 	 3633 	 661
1788204868839 	 304 	 200 	 3634 	 661
1788204868836 	 323 	 200 	 3635 	 660
1788204868953 	 210 	 200 	 3636 	 659
1788204868550 	 644 	 200 	 3637 	 663
1788204868961 	 294 	 200 	 3638 	 663
1788204868744 	 549 	 200 	 3639 	 663
1788204869067 	 278 	 200 	 3640 	 667
1788204868855 	 493 	 200 	 3641 	 666
1788204869071 	 285 	 200 	 3642 	 666
1788204868969 	 393 	 200 	 3643 	 665
1788204869044 	 323 	 200 	 3644 	 664
1788204869058 	 308 	 200 	 3645 	 663
1788204869049 	 313 	 200 	 3646 	 662
1788204869145 	 223 	 200 	 3647 	 661
1788204869165 	 211 	 200 	 3648 	 660
1788204864853 	 4578 	 200 	 3649 	 661
1788204869161 	 273 	 200 	 3650 	 660
1788204869256 	 178 	 200 	 3651 	 659
1788204869134 	 405 	 200 	 3652 	 662
1788204869295 	 264 	 200 	 3653 	 662
1788204869373 	 226 	 200 	 3654 	 661
1788204869348 	 251 	 200 	 3655 	 660
1788204869063 	 539 	 200 	 3656 	 659
1788204869359 	 286 	 200 	 3657 	 660
1788204869365 	 284 	 200 	 3658 	 660
1788204869380 	 281 	 200 	 3659 	 659
1788204869375 	 289 	 200 	 3660 	 658
1788204869353 	 314 	 200 	 3661 	 657
1788204869434 	 234 	 200 	 3662 	 656
1788204869601 	 137 	 200 	 3663 	 657
1788204869605 	 196 	 200 	 3664 	 660
1788204869370 	 432 	 200 	 3665 	 659
1788204869602 	 231 	 200 	 3666 	 659
1788204869647 	 194 	 200 	 3667 	 658
1788204869541 	 310 	 200 	 3668 	 657
1788204869670 	 195 	 200 	 3669 	 657
1788204869663 	 285 	 200 	 3670 	 658
1788204869561 	 391 	 200 	 3671 	 657
1788204869436 	 518 	 200 	 3672 	 656
1788204869667 	 288 	 200 	 3673 	 655
1788204869805 	 157 	 200 	 3674 	 654
1788204869740 	 224 	 200 	 3675 	 653
1788204869672 	 297 	 200 	 3676 	 652
1788204869867 	 175 	 200 	 3677 	 658
1788204869377 	 668 	 200 	 3678 	 657
1788204869438 	 612 	 200 	 3679 	 656
1788204869802 	 339 	 200 	 3680 	 664
1788204869835 	 311 	 200 	 3681 	 664
1788204869843 	 306 	 200 	 3682 	 664
1788204869950 	 293 	 200 	 3683 	 665
1788204869966 	 280 	 200 	 3684 	 664
1788204869971 	 284 	 200 	 3685 	 663
1788204870152 	 113 	 200 	 3686 	 663
1788204869968 	 304 	 200 	 3687 	 663
1788204870143 	 130 	 200 	 3688 	 662
1788204869854 	 479 	 200 	 3689 	 668
1788204869955 	 374 	 200 	 3690 	 668
1788204869651 	 692 	 200 	 3691 	 667
1788204870148 	 200 	 200 	 3692 	 666
1788204870048 	 299 	 200 	 3693 	 665
1788204870275 	 87 	 200 	 3694 	 665
1788204870245 	 120 	 200 	 3695 	 664
1788204869960 	 489 	 200 	 3696 	 665
1788204869957 	 538 	 200 	 3697 	 666
1788204870258 	 279 	 200 	 3698 	 666
1788204870044 	 495 	 200 	 3699 	 665
1788204870267 	 328 	 200 	 3700 	 665
1788204870340 	 356 	 200 	 3701 	 668
1788204870345 	 405 	 200 	 3702 	 672
1788204869197 	 1555 	 200 	 3703 	 671
1788204870365 	 392 	 200 	 3704 	 670
1788204870351 	 444 	 200 	 3705 	 672
1788204870051 	 901 	 200 	 3706 	 673
1788204870540 	 417 	 200 	 3707 	 672
1788204870452 	 506 	 200 	 3708 	 671
1788204870761 	 203 	 200 	 3709 	 670
1788204870597 	 369 	 200 	 3710 	 669
1788204870753 	 244 	 200 	 3711 	 668
1788204870797 	 244 	 200 	 3712 	 667
1788204870497 	 546 	 200 	 3713 	 666
1788204870279 	 766 	 200 	 3714 	 665
1788204870956 	 95 	 200 	 3715 	 664
1788204870753 	 295 	 200 	 3716 	 663
1788204870969 	 172 	 200 	 3717 	 665
1788204870248 	 900 	 200 	 3718 	 664
1788204871042 	 136 	 200 	 3719 	 664
1788204870369 	 866 	 200 	 3720 	 665
1788204870961 	 294 	 200 	 3721 	 664
1788204871002 	 345 	 200 	 3722 	 669
1788204870543 	 805 	 200 	 3723 	 668
1788204871150 	 205 	 200 	 3724 	 667
1788204871055 	 298 	 200 	 3725 	 666
1788204871257 	 105 	 200 	 3726 	 665
1788204871045 	 319 	 200 	 3727 	 665
1788204871237 	 132 	 200 	 3728 	 664
1788204871046 	 316 	 200 	 3729 	 663
1788204871144 	 296 	 200 	 3730 	 667
1788204870966 	 482 	 200 	 3731 	 666
1788204871055 	 398 	 200 	 3732 	 666
1788204871366 	 167 	 200 	 3733 	 668
1788204871348 	 177 	 200 	 3734 	 667
1788204871368 	 174 	 200 	 3735 	 667
1788204870963 	 582 	 200 	 3736 	 666
1788204871350 	 193 	 200 	 3737 	 665
1788204871360 	 193 	 200 	 3738 	 664
1788204870698 	 855 	 200 	 3739 	 663
1788204870335 	 1307 	 200 	 3740 	 666
1788204871365 	 272 	 200 	 3741 	 665
1788204871444 	 209 	 200 	 3742 	 664
1788204871180 	 554 	 200 	 3743 	 665
1788204871374 	 369 	 200 	 3744 	 664
1788204871458 	 288 	 200 	 3745 	 663
1788204871450 	 301 	 200 	 3746 	 663
1788204871372 	 450 	 200 	 3747 	 664
1788204871535 	 298 	 200 	 3748 	 664
1788204871537 	 298 	 200 	 3749 	 663
1788204871643 	 196 	 200 	 3750 	 662
1788204871548 	 291 	 200 	 3751 	 661
1788204871735 	 197 	 200 	 3752 	 667
1788204871544 	 389 	 200 	 3753 	 666
1788204871836 	 99 	 200 	 3754 	 665
1788204871558 	 378 	 200 	 3755 	 664
1788204871654 	 283 	 200 	 3756 	 663
1788204871754 	 186 	 200 	 3757 	 662
1788204871844 	 179 	 200 	 3758 	 668
1788204871555 	 467 	 200 	 3759 	 667
1788204871842 	 182 	 200 	 3760 	 666
1788204871749 	 283 	 200 	 3761 	 666
1788204871549 	 481 	 200 	 3762 	 665
1788204870350 	 1681 	 200 	 3763 	 664
1788204871824 	 213 	 200 	 3764 	 664
1788204871745 	 290 	 200 	 3765 	 663
1788204871650 	 385 	 200 	 3766 	 662
1788204871935 	 188 	 200 	 3767 	 668
1788204872024 	 99 	 200 	 3768 	 667
1788204871936 	 197 	 200 	 3769 	 666
1788204871940 	 196 	 200 	 3770 	 666
1788204871835 	 365 	 200 	 3771 	 670
1788204872039 	 162 	 200 	 3772 	 669
1788204872035 	 165 	 200 	 3773 	 668
1788204872038 	 167 	 200 	 3774 	 667
1788204871937 	 303 	 200 	 3775 	 667
1788204872035 	 214 	 200 	 3776 	 667
1788204872025 	 229 	 200 	 3777 	 666
1788204871942 	 318 	 200 	 3778 	 666
1788204872036 	 231 	 200 	 3779 	 666
1788204872206 	 90 	 200 	 3780 	 666
1788204872039 	 282 	 200 	 3781 	 667
1788204872025 	 321 	 200 	 3782 	 666
1788204871939 	 456 	 200 	 3783 	 668
1788204872134 	 261 	 200 	 3784 	 667
1788204872204 	 191 	 200 	 3785 	 666
1788204872124 	 315 	 200 	 3786 	 666
1788204872138 	 303 	 200 	 3787 	 665
1788204872203 	 240 	 200 	 3788 	 664
1788204872124 	 327 	 200 	 3789 	 663
1788204872324 	 142 	 200 	 3790 	 662
1788204872251 	 220 	 200 	 3791 	 661
1788204872268 	 272 	 200 	 3792 	 665
1788204872241 	 300 	 200 	 3793 	 664
1788204872261 	 284 	 200 	 3794 	 663
1788204872398 	 165 	 200 	 3795 	 662
1788204872396 	 255 	 200 	 3796 	 667
1788204872443 	 298 	 200 	 3797 	 672
1788204872564 	 182 	 200 	 3798 	 671
1788204872548 	 206 	 200 	 3799 	 670
1788204872473 	 281 	 200 	 3800 	 669
1788204872445 	 388 	 200 	 3801 	 675
1788204872467 	 383 	 200 	 3802 	 676
1788204872453 	 401 	 200 	 3803 	 676
1788204872441 	 500 	 200 	 3804 	 679
1788204872653 	 291 	 200 	 3805 	 678
1788204872201 	 753 	 200 	 3806 	 677
1788204872397 	 564 	 200 	 3807 	 676
1788204872297 	 665 	 200 	 3808 	 675
1788204872349 	 611 	 200 	 3809 	 674
1788204872758 	 198 	 200 	 3810 	 673
1788204872749 	 290 	 200 	 3811 	 678
1788204872760 	 301 	 200 	 3812 	 679
1788204872542 	 591 	 200 	 3813 	 683
1788204872943 	 196 	 200 	 3814 	 682
1788204872852 	 288 	 200 	 3815 	 681
1788204872834 	 309 	 200 	 3816 	 680
1788204872857 	 292 	 200 	 3817 	 679
1788204872965 	 190 	 200 	 3818 	 678
1788204872967 	 266 	 200 	 3819 	 680
1788204873063 	 172 	 200 	 3820 	 679
1788204872543 	 704 	 200 	 3821 	 679
1788204872742 	 552 	 200 	 3822 	 681
1788204872958 	 398 	 200 	 3823 	 685
1788204872947 	 410 	 200 	 3824 	 684
1788204873158 	 244 	 200 	 3825 	 688
1788204873152 	 293 	 200 	 3826 	 687
1788204873141 	 310 	 200 	 3827 	 686
1788204872969 	 487 	 200 	 3828 	 686
1788204873235 	 224 	 200 	 3829 	 685
1788204872964 	 501 	 200 	 3830 	 684
1788204873249 	 218 	 200 	 3831 	 683
1788204873135 	 399 	 200 	 3832 	 687
1788204873042 	 491 	 200 	 3833 	 686
1788204873143 	 401 	 200 	 3834 	 686
1788204873295 	 254 	 200 	 3835 	 685
1788204873237 	 325 	 200 	 3836 	 684
1788204873144 	 490 	 200 	 3837 	 685
1788204872256 	 1379 	 200 	 3838 	 684
1788204873404 	 235 	 200 	 3839 	 683
1788204873359 	 287 	 200 	 3840 	 682
1788204873362 	 289 	 200 	 3841 	 681
1788204873461 	 194 	 200 	 3842 	 680
1788204873458 	 193 	 200 	 3843 	 679
1788204873453 	 190 	 200 	 3844 	 679
1788204873546 	 186 	 200 	 3845 	 683
1788204873551 	 194 	 200 	 3846 	 682
1788204873466 	 288 	 200 	 3847 	 681
1788204873448 	 308 	 200 	 3848 	 681
1788204873535 	 298 	 200 	 3849 	 683
1788204873654 	 180 	 200 	 3850 	 682
1788204873641 	 195 	 200 	 3851 	 681
1788204873536 	 316 	 200 	 3852 	 680
1788204873657 	 280 	 200 	 3853 	 684
1788204873734 	 203 	 200 	 3854 	 683
1788204873762 	 182 	 200 	 3855 	 682
1788204873649 	 299 	 200 	 3856 	 682
1788204873637 	 314 	 200 	 3857 	 681
1788204873470 	 479 	 200 	 3858 	 682
1788204873566 	 391 	 200 	 3859 	 681
1788204873748 	 214 	 200 	 3860 	 681
1788204873663 	 302 	 200 	 3861 	 680
1788204873660 	 374 	 200 	 3862 	 682
1788204873645 	 390 	 200 	 3863 	 681
1788204873758 	 275 	 200 	 3864 	 680
1788204873836 	 210 	 200 	 3865 	 680
1788204873853 	 195 	 200 	 3866 	 679
1788204873836 	 297 	 200 	 3867 	 681
1788204873943 	 197 	 200 	 3868 	 680
1788204873959 	 181 	 200 	 3869 	 679
1788204873940 	 201 	 200 	 3870 	 678
1788204873968 	 178 	 200 	 3871 	 677
1788204873839 	 315 	 200 	 3872 	 676
1788204873946 	 286 	 200 	 3873 	 681
1788204874037 	 197 	 200 	 3874 	 680
1788204873962 	 274 	 200 	 3875 	 679
1788204874040 	 205 	 200 	 3876 	 679
1788204873954 	 380 	 200 	 3877 	 687
1788204873965 	 370 	 200 	 3878 	 686
1788204874147 	 195 	 200 	 3879 	 685
1788204874052 	 294 	 200 	 3880 	 684
1788204874135 	 215 	 200 	 3881 	 684
1788204874152 	 281 	 200 	 3882 	 687
1788204874144 	 292 	 200 	 3883 	 686
1788204874049 	 387 	 200 	 3884 	 685
1788204873952 	 482 	 200 	 3885 	 684
1788204874155 	 280 	 200 	 3886 	 683
1788204874036 	 400 	 200 	 3887 	 682
1788204874340 	 292 	 200 	 3888 	 696
1788204874238 	 396 	 200 	 3889 	 695
1788204874348 	 286 	 200 	 3890 	 694
1788204874150 	 499 	 200 	 3891 	 693
1788204874440 	 218 	 200 	 3892 	 692
1788204874247 	 413 	 200 	 3893 	 691
1788204874353 	 310 	 200 	 3894 	 690
1788204874435 	 312 	 200 	 3895 	 694
1788204874635 	 201 	 200 	 3896 	 700
1788204874438 	 409 	 200 	 3897 	 699
1788204874236 	 614 	 200 	 3898 	 698
1788204874663 	 200 	 200 	 3899 	 697
1788204874666 	 198 	 200 	 3900 	 696
1788204874659 	 209 	 200 	 3901 	 696
1788204874337 	 535 	 200 	 3902 	 696
1788204874636 	 339 	 200 	 3903 	 699
1788204874344 	 630 	 200 	 3904 	 698
1788204874637 	 410 	 200 	 3905 	 698
1788204874442 	 611 	 200 	 3906 	 697
1788204874234 	 906 	 200 	 3907 	 699
1788204874654 	 492 	 200 	 3908 	 700
1788204874849 	 299 	 200 	 3909 	 699
1788204874875 	 285 	 200 	 3910 	 698
1788204874853 	 310 	 200 	 3911 	 697
1788204874871 	 366 	 200 	 3912 	 701
1788204874866 	 374 	 200 	 3913 	 700
1788204874977 	 262 	 200 	 3914 	 699
1788204874749 	 504 	 200 	 3915 	 698
1788204874977 	 284 	 200 	 3916 	 697
1788204875142 	 120 	 200 	 3917 	 696
1788204874868 	 467 	 200 	 3918 	 698
1788204875150 	 194 	 200 	 3919 	 698
1788204875243 	 190 	 200 	 3920 	 699
1788204874837 	 606 	 200 	 3921 	 698
1788204875243 	 214 	 200 	 3922 	 698
1788204874441 	 1115 	 200 	 3923 	 700
1788204875049 	 512 	 200 	 3924 	 699
1788204875166 	 473 	 200 	 3925 	 699
1788204875055 	 606 	 200 	 3926 	 700
1788204875265 	 476 	 200 	 3927 	 705
1788204875337 	 500 	 200 	 3928 	 710
1788204875264 	 573 	 200 	 3929 	 710
1788204875444 	 401 	 200 	 3930 	 709
1788204875153 	 703 	 200 	 3931 	 708
1788204875436 	 427 	 200 	 3932 	 707
1788204875840 	 117 	 200 	 3933 	 710
1788204875459 	 501 	 200 	 3934 	 709
1788204875347 	 613 	 200 	 3935 	 710
1788204875240 	 806 	 200 	 3936 	 714
1788204875847 	 202 	 200 	 3937 	 714
1788204875557 	 493 	 200 	 3938 	 713
1788204875163 	 900 	 200 	 3939 	 712
1788204875642 	 506 	 200 	 3940 	 713
1788204875744 	 494 	 200 	 3941 	 715
1788204875962 	 277 	 200 	 3942 	 714
1788204876065 	 175 	 200 	 3943 	 713
1788204875842 	 416 	 200 	 3944 	 713
1788204875859 	 406 	 200 	 3945 	 713
1788204875256 	 1024 	 200 	 3946 	 716
1788204876242 	 107 	 200 	 3947 	 718
1788204876240 	 108 	 200 	 3948 	 717
1788204876285 	 69 	 200 	 3949 	 716
1788204875564 	 794 	 200 	 3950 	 715
1788204875959 	 403 	 200 	 3951 	 714
1788204875663 	 703 	 200 	 3952 	 713
1788204876053 	 316 	 200 	 3953 	 712
1788204876259 	 177 	 200 	 3954 	 712
1788204876243 	 198 	 200 	 3955 	 711
1788204876267 	 176 	 200 	 3956 	 710
1788204876355 	 98 	 200 	 3957 	 709
1788204875864 	 593 	 200 	 3958 	 708
1788204874443 	 2020 	 200 	 3959 	 707
1788204876364 	 191 	 200 	 3960 	 711
1788204875965 	 637 	 200 	 3961 	 711
1788204876372 	 262 	 200 	 3962 	 712
1788204876350 	 293 	 200 	 3963 	 711
1788204876439 	 210 	 200 	 3964 	 710
1788204876047 	 605 	 200 	 3965 	 709
1788204876465 	 274 	 200 	 3966 	 712
1788204876352 	 392 	 200 	 3967 	 711
1788204876151 	 597 	 200 	 3968 	 710
1788204876456 	 382 	 200 	 3969 	 716
1788204876359 	 481 	 200 	 3970 	 715
1788204876368 	 476 	 200 	 3971 	 714
1788204876654 	 192 	 200 	 3972 	 713
1788204876746 	 118 	 200 	 3973 	 715
1788204876604 	 261 	 200 	 3974 	 714
1788204876443 	 501 	 200 	 3975 	 716
1788204876741 	 206 	 200 	 3976 	 715
1788204876750 	 208 	 200 	 3977 	 714
1788204876847 	 194 	 200 	 3978 	 718
1788204876840 	 205 	 200 	 3979 	 717
1788204876051 	 1000 	 200 	 3980 	 717
1788204876445 	 649 	 200 	 3981 	 718
1788204876460 	 633 	 200 	 3982 	 717
1788204877059 	 97 	 200 	 3983 	 723
1788204877096 	 67 	 200 	 3984 	 722
1788204876842 	 414 	 200 	 3985 	 726
1788204876650 	 687 	 200 	 3986 	 728
1788204876636 	 709 	 200 	 3987 	 728
1788204876646 	 701 	 200 	 3988 	 727
1788204877164 	 192 	 200 	 3989 	 726
1788204877158 	 205 	 200 	 3990 	 726
1788204877047 	 319 	 200 	 3991 	 725
1788204876868 	 494 	 200 	 3992 	 724
1788204877258 	 114 	 200 	 3993 	 724
1788204877097 	 277 	 200 	 3994 	 723
1788204876951 	 521 	 200 	 3995 	 728
1788204877350 	 184 	 200 	 3996 	 728
1788204876961 	 579 	 200 	 3997 	 727
1788204876852 	 694 	 200 	 3998 	 726
1788204877043 	 509 	 200 	 3999 	 725
1788204877340 	 211 	 200 	 4000 	 724
1788204876946 	 686 	 200 	 4001 	 726
1788204877365 	 270 	 200 	 4002 	 725
1788204877353 	 285 	 200 	 4003 	 724
1788204876868 	 772 	 200 	 4004 	 723
1788204877359 	 283 	 200 	 4005 	 722
1788204877369 	 291 	 200 	 4006 	 722
1788204877371 	 364 	 200 	 4007 	 726
1788204877474 	 267 	 200 	 4008 	 725
1788204877377 	 369 	 200 	 4009 	 724
1788204877537 	 298 	 200 	 4010 	 727
1788204877543 	 300 	 200 	 4011 	 727
1788204877638 	 205 	 200 	 4012 	 726
1788204877375 	 476 	 200 	 4013 	 725
1788204877645 	 211 	 200 	 4014 	 724
1788204877549 	 310 	 200 	 4015 	 724
1788204877554 	 378 	 200 	 4016 	 725
1788204877641 	 295 	 200 	 4017 	 724
1788204877662 	 296 	 200 	 4018 	 723
1788204877635 	 328 	 200 	 4019 	 722
1788204877558 	 403 	 200 	 4020 	 721
1788204877646 	 319 	 200 	 4021 	 720
1788204877744 	 294 	 200 	 4022 	 720
1788204877853 	 190 	 200 	 4023 	 719
1788204877937 	 123 	 200 	 4024 	 718
1788204877838 	 223 	 200 	 4025 	 717
1788204877847 	 308 	 200 	 4026 	 719
1788204877960 	 197 	 200 	 4027 	 718
1788204877967 	 187 	 200 	 4028 	 717
1788204878040 	 122 	 200 	 4029 	 716
1788204877935 	 232 	 200 	 4030 	 715
1788204877858 	 480 	 200 	 4031 	 720
1788204878061 	 281 	 200 	 4032 	 719
1788204878064 	 280 	 200 	 4033 	 718
1788204878165 	 178 	 200 	 4034 	 718
1788204878161 	 192 	 200 	 4035 	 717
1788204878168 	 196 	 200 	 4036 	 716
1788204878164 	 278 	 200 	 4037 	 717
1788204877737 	 705 	 200 	 4038 	 716
1788204877964 	 481 	 200 	 4039 	 715
1788204878347 	 100 	 200 	 4040 	 714
1788204877846 	 601 	 200 	 4041 	 713
1788204878159 	 286 	 200 	 4042 	 712
1788204878340 	 121 	 200 	 4043 	 712
1788204878367 	 99 	 200 	 4044 	 711
1788204878348 	 152 	 200 	 4045 	 712
1788204877966 	 565 	 200 	 4046 	 711
1788204877862 	 690 	 200 	 4047 	 710
1788204877748 	 886 	 200 	 4048 	 714
1788204878444 	 197 	 200 	 4049 	 713
1788204878045 	 603 	 200 	 4050 	 712
1788204878346 	 306 	 200 	 4051 	 711
1788204878355 	 296 	 200 	 4052 	 710
1788204878447 	 286 	 200 	 4053 	 714
1788204878501 	 232 	 200 	 4054 	 713
1788204878463 	 277 	 200 	 4055 	 713
1788204878449 	 293 	 200 	 4056 	 712
1788204878449 	 299 	 200 	 4057 	 711
1788204878736 	 98 	 200 	 4058 	 714
1788204878469 	 366 	 200 	 4059 	 713
1788204878637 	 203 	 200 	 4060 	 713
1788204878450 	 393 	 200 	 4061 	 712
1788204878555 	 308 	 200 	 4062 	 713
1788204878659 	 215 	 200 	 4063 	 712
1788204878650 	 289 	 200 	 4064 	 713
1788204878735 	 207 	 200 	 4065 	 712
1788204878643 	 303 	 200 	 4066 	 711
1788204878655 	 299 	 200 	 4067 	 711
1788204878745 	 289 	 200 	 4068 	 714
1788204878747 	 293 	 200 	 4069 	 714
1788204878876 	 164 	 200 	 4070 	 713
1788204878535 	 512 	 200 	 4071 	 712
1788204878444 	 606 	 200 	 4072 	 711
1788204878957 	 101 	 200 	 4073 	 711
1788204878837 	 305 	 200 	 4074 	 715
1788204878835 	 313 	 200 	 4075 	 714
1788204878866 	 281 	 200 	 4076 	 713
1788204878941 	 208 	 200 	 4077 	 712
1788204878843 	 310 	 200 	 4078 	 711
1788204879041 	 199 	 200 	 4079 	 714
1788204879036 	 206 	 200 	 4080 	 713
1788204879061 	 182 	 200 	 4081 	 712
1788204878943 	 308 	 200 	 4082 	 711
1788204878844 	 415 	 200 	 4083 	 711
1788204879043 	 221 	 200 	 4084 	 710
1788204878951 	 382 	 200 	 4085 	 715
1788204878753 	 586 	 200 	 4086 	 714
1788204879150 	 194 	 200 	 4087 	 714
1788204879242 	 253 	 200 	 4088 	 724
1788204879265 	 273 	 200 	 4089 	 725
1788204879150 	 396 	 200 	 4090 	 725
1788204879054 	 496 	 200 	 4091 	 725
1788204879261 	 290 	 200 	 4092 	 724
1788204876557 	 3004 	 200 	 4093 	 723
1788204879253 	 312 	 200 	 4094 	 722
1788204879049 	 520 	 200 	 4095 	 721
1788204879245 	 390 	 200 	 4096 	 723
1788204879149 	 499 	 200 	 4097 	 723
1788204879342 	 313 	 200 	 4098 	 723
1788204879154 	 580 	 200 	 4099 	 726
1788204879337 	 398 	 200 	 4100 	 725
1788204879348 	 394 	 200 	 4101 	 724
1788204879548 	 204 	 200 	 4102 	 723
1788204879243 	 592 	 200 	 4103 	 727
1788204879564 	 280 	 200 	 4104 	 726
1788204879559 	 288 	 200 	 4105 	 725
1788204879555 	 311 	 200 	 4106 	 724
1788204879539 	 404 	 200 	 4107 	 725
1788204879572 	 378 	 200 	 4108 	 724
1788204879567 	 389 	 200 	 4109 	 723
1788204879737 	 304 	 200 	 4110 	 727
1788204879637 	 406 	 200 	 4111 	 726
1788204879737 	 304 	 200 	 4112 	 725
1788204879496 	 556 	 200 	 4113 	 724
1788204879755 	 295 	 200 	 4114 	 723
1788204879745 	 313 	 200 	 4115 	 723
1788204879953 	 111 	 200 	 4116 	 722
1788204879870 	 274 	 200 	 4117 	 726
1788204879847 	 299 	 200 	 4118 	 725
1788204879959 	 201 	 200 	 4119 	 726
1788204879659 	 582 	 200 	 4120 	 730
1788204879652 	 593 	 200 	 4121 	 729
1788204879946 	 306 	 200 	 4122 	 728
1788204879837 	 422 	 200 	 4123 	 728
1788204880054 	 209 	 200 	 4124 	 727
1788204880048 	 211 	 200 	 4125 	 726
1788204880045 	 303 	 200 	 4126 	 727
1788204880063 	 289 	 200 	 4127 	 726
1788204880044 	 313 	 200 	 4128 	 725
1788204880148 	 209 	 200 	 4129 	 724
1788204880057 	 386 	 200 	 4130 	 729
1788204880066 	 483 	 200 	 4131 	 734
1788204880148 	 399 	 200 	 4132 	 733
1788204880261 	 296 	 200 	 4133 	 732
1788204880163 	 398 	 200 	 4134 	 731
1788204880248 	 312 	 200 	 4135 	 730
1788204879143 	 1417 	 200 	 4136 	 729
1788204880265 	 306 	 200 	 4137 	 729
1788204880350 	 291 	 200 	 4138 	 729
1788204880359 	 285 	 200 	 4139 	 728
1788204880355 	 299 	 200 	 4140 	 727
1788204880267 	 394 	 200 	 4141 	 727
1788204880243 	 492 	 200 	 4142 	 729
1788204880556 	 179 	 200 	 4143 	 728
1788204880255 	 489 	 200 	 4144 	 727
1788204880568 	 268 	 200 	 4145 	 728
1788204880360 	 482 	 200 	 4146 	 727
1788204880563 	 273 	 200 	 4147 	 726
1788204880445 	 406 	 200 	 4148 	 725
1788204880570 	 271 	 200 	 4149 	 724
1788204880565 	 294 	 200 	 4150 	 724
1788204880573 	 361 	 200 	 4151 	 729
1788204880737 	 210 	 200 	 4152 	 729
1788204880553 	 399 	 200 	 4153 	 729
1788204880743 	 256 	 200 	 4154 	 730
1788204880748 	 293 	 200 	 4155 	 731
1788204880663 	 384 	 200 	 4156 	 731
1788204880648 	 402 	 200 	 4157 	 730
1788204880839 	 216 	 200 	 4158 	 731
1788204880844 	 215 	 200 	 4159 	 730
1788204880644 	 492 	 200 	 4160 	 732
1788204880847 	 385 	 200 	 4161 	 734
1788204880951 	 283 	 200 	 4162 	 733
1788204880861 	 373 	 200 	 4163 	 732
1788204881002 	 255 	 200 	 4164 	 731
1788204881057 	 210 	 200 	 4165 	 731
1788204880955 	 377 	 200 	 4166 	 735
1788204880853 	 480 	 200 	 4167 	 734
1788204880657 	 673 	 200 	 4168 	 733
1788204881049 	 296 	 200 	 4169 	 733
1788204881237 	 118 	 200 	 4170 	 732
1788204881139 	 219 	 200 	 4171 	 731
1788204881270 	 94 	 200 	 4172 	 730
1788204881235 	 128 	 200 	 4173 	 729
1788204881062 	 301 	 200 	 4174 	 728
1788204880936 	 435 	 200 	 4175 	 727
1788204880856 	 517 	 200 	 4176 	 726
1788204881238 	 202 	 200 	 4177 	 728
1788204881044 	 396 	 200 	 4178 	 727
1788204881356 	 144 	 200 	 4179 	 727
1788204881335 	 168 	 200 	 4180 	 726
1788204881360 	 187 	 200 	 4181 	 728
1788204881054 	 501 	 200 	 4182 	 727
1788204881368 	 278 	 200 	 4183 	 732
1788204881348 	 306 	 200 	 4184 	 731
1788204881335 	 321 	 200 	 4185 	 730
1788204881372 	 369 	 200 	 4186 	 733
1788204881444 	 304 	 200 	 4187 	 732
1788204881370 	 383 	 200 	 4188 	 731
1788204881442 	 324 	 200 	 4189 	 731
1788204881366 	 404 	 200 	 4190 	 730
1788204881376 	 473 	 200 	 4191 	 734
1788204881504 	 390 	 200 	 4192 	 735
1788204881656 	 291 	 200 	 4193 	 735
1788204881651 	 294 	 200 	 4194 	 734
1788204881557 	 392 	 200 	 4195 	 733
1788204881658 	 292 	 200 	 4196 	 732
1788204881550 	 404 	 200 	 4197 	 731
1788204881744 	 225 	 200 	 4198 	 731
1788204881336 	 698 	 200 	 4199 	 735
1788204881768 	 266 	 200 	 4200 	 734
1788204881755 	 281 	 200 	 4201 	 733
1788204881772 	 274 	 200 	 4202 	 733
1788204881750 	 299 	 200 	 4203 	 732
1788204881948 	 151 	 200 	 4204 	 732
1788204881952 	 182 	 200 	 4205 	 734
1788204881503 	 639 	 200 	 4206 	 734
1788204881972 	 184 	 200 	 4207 	 733
1788204881949 	 284 	 200 	 4208 	 737
1788204881852 	 386 	 200 	 4209 	 737
1788204881957 	 282 	 200 	 4210 	 736
1788204882035 	 207 	 200 	 4211 	 735
1788204881259 	 995 	 200 	 4212 	 734
1788204882038 	 223 	 200 	 4213 	 735
1788204882036 	 231 	 200 	 4214 	 734
1788204881895 	 438 	 200 	 4215 	 739
1788204882143 	 190 	 200 	 4216 	 738
1788204882136 	 200 	 200 	 4217 	 737
1788204882049 	 301 	 200 	 4218 	 737
1788204882100 	 335 	 200 	 4219 	 740
1788204882240 	 200 	 200 	 4220 	 739
1788204882258 	 186 	 200 	 4221 	 738
1788204881954 	 505 	 200 	 4222 	 738
1788204882053 	 410 	 200 	 4223 	 737
1788204882159 	 376 	 200 	 4224 	 746
1788204882244 	 293 	 200 	 4225 	 745
1788204882338 	 210 	 200 	 4226 	 746
1788204882235 	 318 	 200 	 4227 	 745
1788204882270 	 369 	 200 	 4228 	 749
1788204882447 	 215 	 200 	 4229 	 751
1788204882335 	 398 	 200 	 4230 	 752
1788204882461 	 282 	 200 	 4231 	 752
1788204882242 	 510 	 200 	 4232 	 751
1788204882539 	 293 	 200 	 4233 	 754
1788204882549 	 305 	 200 	 4234 	 753
1788204882352 	 599 	 200 	 4235 	 763
1788204882465 	 490 	 200 	 4236 	 762
1788204882665 	 377 	 200 	 4237 	 764
1788204882856 	 193 	 200 	 4238 	 763
1788204882736 	 320 	 200 	 4239 	 763
1788204882835 	 261 	 200 	 4240 	 764
1788204882754 	 384 	 200 	 4241 	 764
1788204883098 	 69 	 200 	 4242 	 763
1788204882336 	 859 	 200 	 4243 	 762
1788204882263 	 978 	 200 	 4244 	 765
1788204882442 	 802 	 200 	 4245 	 764
1788204883045 	 204 	 200 	 4246 	 763
1788204882437 	 815 	 200 	 4247 	 762
1788204883051 	 282 	 200 	 4248 	 766
1788204882554 	 801 	 200 	 4249 	 766
1788204882641 	 719 	 200 	 4249 	 765
1788204883169 	 277 	 200 	 4251 	 764
1788204883058 	 389 	 200 	 4252 	 763
1788204883196 	 260 	 200 	 4253 	 762
1788204883251 	 208 	 200 	 4254 	 761
1788204882954 	 506 	 200 	 4255 	 760
1788204883140 	 322 	 200 	 4256 	 759
1788204882746 	 708 	 200 	 4257 	 758
1788204883255 	 300 	 200 	 4258 	 757
1788204882543 	 1017 	 200 	 4259 	 756
1788204883450 	 205 	 200 	 4260 	 755
1788204883336 	 406 	 200 	 4261 	 754
1788204883465 	 282 	 200 	 4262 	 753
1788204883458 	 294 	 200 	 4263 	 752
1788204883373 	 384 	 200 	 4264 	 751
1788204883560 	 234 	 200 	 4265 	 750
1788204883795 	 56 	 200 	 4266 	 749
1788204882958 	 894 	 200 	 4267 	 748
1788204883372 	 482 	 200 	 4268 	 747
1788204883248 	 609 	 200 	 4269 	 746
1788204883468 	 392 	 200 	 4270 	 745
1788204883660 	 234 	 200 	 4271 	 744
1788204883256 	 682 	 200 	 4272 	 743
1788204883469 	 472 	 200 	 4273 	 742
1788204883450 	 500 	 200 	 4274 	 741
1788204883856 	 100 	 200 	 4275 	 740
1788204883563 	 431 	 200 	 4276 	 739
1788204883744 	 307 	 200 	 4277 	 738
1788204883859 	 199 	 200 	 4278 	 737
1788204883759 	 296 	 200 	 4279 	 736
1788204883958 	 106 	 200 	 4280 	 735
1788204883861 	 203 	 200 	 4281 	 734
1788204883755 	 310 	 200 	 4282 	 733
1788204883463 	 681 	 200 	 4283 	 732
1788204883864 	 281 	 200 	 4284 	 731
1788204883895 	 261 	 200 	 4285 	 730
1788204883751 	 482 	 200 	 4286 	 729
1788204883943 	 292 	 200 	 4287 	 728
1788204884063 	 232 	 200 	 4288 	 727
1788204883953 	 345 	 200 	 4289 	 726
1788204883996 	 343 	 200 	 4290 	 725
1788204883854 	 490 	 200 	 4291 	 724
1788204884060 	 293 	 200 	 4292 	 723
1788204884235 	 124 	 200 	 4293 	 722
1788204884068 	 387 	 200 	 4294 	 721
1788204884346 	 149 	 200 	 4295 	 720
1788204884148 	 378 	 200 	 4296 	 719
1788204883940 	 601 	 200 	 4297 	 718
1788204884163 	 379 	 200 	 4298 	 717
1788204884457 	 101 	 200 	 4299 	 716
1788204884070 	 488 	 200 	 4300 	 715
1788204884053 	 518 	 200 	 4301 	 714
1788204884496 	 155 	 200 	 4302 	 713
1788204884146 	 606 	 200 	 4303 	 712
1788204884540 	 217 	 200 	 4304 	 711
1788204884542 	 220 	 200 	 4305 	 710
1788204884652 	 114 	 200 	 4306 	 709
1788204884561 	 204 	 200 	 4307 	 708
1788204884356 	 490 	 200 	 4308 	 707
1788204884236 	 616 	 200 	 4309 	 706
1788204884564 	 308 	 200 	 4310 	 705
1788204884340 	 539 	 200 	 4311 	 704
1788204884765 	 180 	 200 	 4312 	 703
1788204884874 	 76 	 200 	 4313 	 702
1788204884297 	 658 	 200 	 4314 	 701
1788204884762 	 191 	 200 	 4315 	 700
1788204884958 	 138 	 200 	 4316 	 699
1788204884361 	 779 	 200 	 4317 	 698
1788204884960 	 184 	 200 	 4318 	 697
1788204885098 	 60 	 200 	 4319 	 696
1788204884855 	 400 	 200 	 4320 	 695
1788204884545 	 797 	 200 	 4321 	 694
1788204884769 	 589 	 200 	 4322 	 693
1788204884758 	 603 	 200 	 4323 	 692
1788204884952 	 409 	 200 	 4324 	 691
1788204885146 	 221 	 200 	 4325 	 690
1788204884574 	 822 	 200 	 4326 	 689
1788204884880 	 562 	 200 	 4327 	 688
1788204884771 	 675 	 200 	 4328 	 687
1788204884300 	 1153 	 200 	 4329 	 686
1788204885256 	 206 	 200 	 4330 	 685
1788204885361 	 182 	 200 	 4331 	 684
1788204885365 	 184 	 200 	 4332 	 683
1788204884849 	 699 	 200 	 4333 	 682
1788204884067 	 1481 	 200 	 4334 	 681
1788204885370 	 185 	 200 	 4335 	 680
1788204885345 	 217 	 200 	 4336 	 679
1788204885160 	 408 	 200 	 4337 	 678
1788204885367 	 203 	 200 	 4338 	 677
1788204884948 	 792 	 200 	 4339 	 676
1788204885398 	 342 	 200 	 4340 	 675
1788204885448 	 295 	 200 	 4341 	 674
1788204885545 	 207 	 200 	 4342 	 673
1788204885456 	 299 	 200 	 4343 	 672
1788204885444 	 310 	 200 	 4344 	 671
1788204885551 	 209 	 200 	 4345 	 670
1788204885143 	 701 	 200 	 4346 	 669
1788204885465 	 378 	 200 	 4347 	 668
1788204885572 	 371 	 200 	 4348 	 667
1788204885568 	 385 	 200 	 4349 	 666
1788204885574 	 379 	 200 	 4350 	 665
1788204885566 	 394 	 200 	 4351 	 664
1788204885751 	 286 	 200 	 4352 	 663
1788204885759 	 294 	 200 	 4353 	 662
1788204885561 	 490 	 200 	 4354 	 661
1788204885850 	 286 	 200 	 4355 	 660
1788204885743 	 406 	 200 	 4356 	 659
1788204885768 	 428 	 200 	 4357 	 658
1788204885846 	 393 	 200 	 4358 	 657
1788204885762 	 478 	 200 	 4359 	 656
1788204885956 	 302 	 200 	 4360 	 655
1788204885554 	 705 	 200 	 4361 	 654
1788204885765 	 499 	 200 	 4362 	 653
1788204885958 	 311 	 200 	 4363 	 652
1788204886199 	 72 	 200 	 4364 	 651
1788204885745 	 595 	 200 	 4365 	 650
1788204885962 	 381 	 200 	 4366 	 649
1788204886058 	 287 	 200 	 4367 	 648
1788204886165 	 180 	 200 	 4368 	 647
1788204886243 	 112 	 200 	 4369 	 646
1788204886266 	 167 	 200 	 4370 	 645
1788204886056 	 381 	 200 	 4371 	 644
1788204886276 	 169 	 200 	 4372 	 643
1788204885945 	 505 	 200 	 4373 	 642
1788204886343 	 202 	 200 	 4374 	 641
1788204886352 	 200 	 200 	 4375 	 640
1788204886140 	 417 	 200 	 4376 	 639
1788204886040 	 605 	 200 	 4377 	 638
1788204886356 	 310 	 200 	 4378 	 637
1788204886260 	 407 	 200 	 4379 	 636
1788204886447 	 303 	 200 	 4380 	 635
1788204886453 	 301 	 200 	 4381 	 634
1788204886349 	 409 	 200 	 4382 	 633
1788204886269 	 680 	 200 	 4383 	 632
1788204886560 	 397 	 200 	 4384 	 631
1788204886554 	 408 	 200 	 4385 	 630
1788204886671 	 292 	 200 	 4386 	 629
1788204886273 	 688 	 200 	 4387 	 628
1788204886753 	 221 	 200 	 4388 	 627
1788204886760 	 211 	 200 	 4389 	 626
1788204886241 	 735 	 200 	 4390 	 625
1788204886549 	 485 	 200 	 4391 	 624
1788204886436 	 604 	 200 	 4392 	 623
1788204886647 	 398 	 200 	 4393 	 622
1788204886439 	 612 	 200 	 4394 	 621
1788204886969 	 164 	 200 	 4395 	 620
1788204886669 	 465 	 200 	 4396 	 619
1788204886757 	 380 	 200 	 4397 	 618
1788204886345 	 791 	 200 	 4398 	 617
1788204886973 	 173 	 200 	 4399 	 616
1788204886966 	 190 	 200 	 4400 	 615
1788204879850 	 7319 	 200 	 4401 	 614
1788204887054 	 179 	 200 	 4402 	 613
1788204886952 	 289 	 200 	 4403 	 612
1788204887135 	 125 	 200 	 4404 	 611
1788204887038 	 296 	 200 	 4405 	 610
1788204886978 	 357 	 200 	 4406 	 609
1788204886959 	 378 	 200 	 4407 	 608
1788204886976 	 359 	 200 	 4408 	 607
1788204887137 	 216 	 200 	 4409 	 606
1788204887148 	 286 	 200 	 4410 	 605
1788204887043 	 392 	 200 	 4411 	 604
1788204887140 	 297 	 200 	 4412 	 603
1788204887172 	 269 	 200 	 4413 	 602
1788204887159 	 293 	 200 	 4414 	 601
1788204887236 	 222 	 200 	 4415 	 600
1788204887262 	 273 	 200 	 4416 	 599
1788204887139 	 400 	 200 	 4417 	 598
1788204886980 	 562 	 200 	 4418 	 597
1788204887335 	 208 	 200 	 4419 	 596
1788204887049 	 501 	 200 	 4420 	 595
1788204887244 	 391 	 200 	 4421 	 594
1788204887339 	 297 	 200 	 4422 	 593
1788204887344 	 302 	 200 	 4423 	 592
1788204887439 	 211 	 200 	 4424 	 591
1788204887443 	 210 	 200 	 4425 	 590
1788204887546 	 188 	 200 	 4426 	 589
1788204887461 	 283 	 200 	 4427 	 588
1788204887436 	 309 	 200 	 4428 	 587
1788204887555 	 244 	 200 	 4429 	 586
1788204887638 	 196 	 200 	 4430 	 585
1788204887538 	 307 	 200 	 4431 	 584
1788204887801 	 54 	 200 	 4432 	 583
1788204887337 	 526 	 200 	 4433 	 582
1788204887651 	 291 	 200 	 4434 	 581
1788204887656 	 291 	 200 	 4435 	 580
1788204887639 	 313 	 200 	 4436 	 579
1788204887649 	 299 	 200 	 4437 	 578
1788204887736 	 237 	 200 	 4438 	 577
1788204887747 	 293 	 200 	 4439 	 576
1788204887847 	 199 	 200 	 4440 	 575
1788204887954 	 95 	 200 	 4441 	 574
1788204887750 	 302 	 200 	 4442 	 573
1788204887541 	 526 	 200 	 4443 	 572
1788204887549 	 515 	 200 	 4444 	 571
1788204887856 	 210 	 200 	 4445 	 570
1788204887956 	 109 	 200 	 4446 	 569
1788204887835 	 300 	 200 	 4447 	 568
1788204888054 	 179 	 200 	 4448 	 567
1788204887455 	 781 	 200 	 4449 	 566
1788204887945 	 289 	 200 	 4450 	 565
1788204887437 	 798 	 200 	 4451 	 564
1788204887950 	 302 	 200 	 4452 	 563
1788204888048 	 210 	 200 	 4453 	 562
1788204888051 	 282 	 200 	 4454 	 561
1788204888042 	 292 	 200 	 4455 	 560
1788204888074 	 262 	 200 	 4456 	 559
1788204887865 	 470 	 200 	 4457 	 558
1788204887977 	 357 	 200 	 4458 	 557
1788204888241 	 106 	 200 	 4459 	 556
1788204888255 	 95 	 200 	 4460 	 555
1788204887355 	 1078 	 200 	 4461 	 554
1788204888236 	 206 	 200 	 4462 	 553
1788204888239 	 219 	 200 	 4463 	 552
1788204888260 	 201 	 200 	 4464 	 551
1788204888136 	 326 	 200 	 4465 	 550
1788204888072 	 481 	 200 	 4466 	 549
1788204888335 	 223 	 200 	 4467 	 548
1788204888071 	 521 	 200 	 4468 	 547
1788204888340 	 304 	 200 	 4469 	 546
1788204888353 	 293 	 200 	 4470 	 545
1788204888464 	 276 	 200 	 4471 	 544
1788204888444 	 305 	 200 	 4472 	 543
1788204888348 	 407 	 200 	 4473 	 542
1788204888238 	 520 	 200 	 4474 	 541
1788204888335 	 505 	 200 	 4475 	 540
1788204888649 	 203 	 200 	 4476 	 539
1788204888555 	 307 	 200 	 4477 	 538
1788204888338 	 528 	 200 	 4478 	 537
1788204888436 	 511 	 200 	 4479 	 536
1788204888339 	 616 	 200 	 4480 	 535
1788204888760 	 285 	 200 	 4481 	 534
1788204888752 	 298 	 200 	 4482 	 533
1788204888841 	 220 	 200 	 4483 	 532
1788204888561 	 585 	 200 	 4484 	 531
1788204888855 	 296 	 200 	 4485 	 530
1788204888864 	 286 	 200 	 4486 	 529
1788204888465 	 690 	 200 	 4487 	 528
1788204888598 	 647 	 200 	 4488 	 527
1788204888645 	 599 	 200 	 4489 	 526
1788204889063 	 187 	 200 	 4490 	 525
1788204888756 	 500 	 200 	 4491 	 524
1788204889149 	 115 	 200 	 4492 	 523
1788204889046 	 226 	 200 	 4493 	 522
1788204888746 	 595 	 200 	 4494 	 521
1788204888956 	 391 	 200 	 4495 	 520
1788204889157 	 196 	 200 	 4496 	 519
1788204888867 	 485 	 200 	 4497 	 518
1788204889053 	 304 	 200 	 4498 	 517
1788204888460 	 906 	 200 	 4499 	 516
1788204889159 	 202 	 200 	 4500 	 515
1788204888949 	 413 	 200 	 4501 	 514
1788204889267 	 106 	 200 	 4502 	 513
1788204889154 	 215 	 200 	 4503 	 512
1788204889247 	 195 	 200 	 4504 	 511
1788204889252 	 282 	 200 	 4505 	 510
1788204889343 	 197 	 200 	 4506 	 509
1788204889359 	 274 	 200 	 4507 	 508
1788204889445 	 195 	 200 	 4508 	 507
1788204889246 	 389 	 200 	 4509 	 506
1788204889275 	 370 	 200 	 4510 	 505
1788204888069 	 1571 	 200 	 4511 	 504
1788204889355 	 295 	 200 	 4512 	 503
1788204889263 	 383 	 200 	 4513 	 502
1788204889349 	 389 	 200 	 4514 	 501
1788204889375 	 363 	 200 	 4515 	 500
1788204889536 	 208 	 200 	 4516 	 499
1788204889371 	 377 	 200 	 4517 	 498
1788204889546 	 206 	 200 	 4518 	 497
1788204889365 	 387 	 200 	 4519 	 496
1788204889369 	 464 	 200 	 4520 	 495
1788204889373 	 462 	 200 	 4521 	 494
1788204889375 	 459 	 200 	 4522 	 493
1788204889648 	 189 	 200 	 4523 	 492
1788204889643 	 291 	 200 	 4524 	 491
1788204889638 	 302 	 200 	 4525 	 490
1788204889653 	 290 	 200 	 4526 	 489
1788204889662 	 285 	 200 	 4527 	 488
1788204889835 	 199 	 200 	 4528 	 487
1788204889659 	 375 	 200 	 4529 	 486
1788204889837 	 206 	 200 	 4530 	 485
1788204889656 	 390 	 200 	 4531 	 484
1788204889746 	 303 	 200 	 4532 	 483
1788204889752 	 384 	 200 	 4533 	 482
1788204889758 	 380 	 200 	 4534 	 481
1788204889750 	 398 	 200 	 4535 	 480
1788204889936 	 210 	 200 	 4536 	 479
1788204889839 	 394 	 200 	 4537 	 478
1788204890037 	 200 	 200 	 4538 	 477
1788204889942 	 300 	 200 	 4539 	 476
1788204889742 	 506 	 200 	 4540 	 475
1788204889756 	 506 	 200 	 4541 	 474
1788204889949 	 384 	 200 	 4542 	 473
1788204889945 	 389 	 200 	 4543 	 472
1788204890140 	 203 	 200 	 4544 	 471
1788204889838 	 512 	 200 	 4545 	 470
1788204890041 	 293 	 200 	 4546 	 469
1788204890243 	 156 	 200 	 4547 	 468
1788204890044 	 389 	 200 	 4548 	 467
1788204890048 	 386 	 200 	 4549 	 466
1788204890153 	 281 	 200 	 4550 	 465
1788204890058 	 377 	 200 	 4551 	 464
1788204890150 	 291 	 200 	 4552 	 463
1788204890144 	 390 	 200 	 4553 	 462
1788204890356 	 180 	 200 	 4554 	 461
1788204890251 	 282 	 200 	 4555 	 460
1788204890239 	 295 	 200 	 4556 	 459
1788204890234 	 309 	 200 	 4557 	 458
1788204890352 	 189 	 200 	 4558 	 457
1788204890264 	 284 	 200 	 4559 	 456
1788204890440 	 195 	 200 	 4560 	 455
1788204890336 	 301 	 200 	 4561 	 454
1788204890436 	 199 	 200 	 4562 	 453
1788204890347 	 294 	 200 	 4563 	 452
1788204890445 	 195 	 200 	 4564 	 451
1788204890402 	 241 	 200 	 4565 	 450
1788204890538 	 207 	 200 	 4566 	 449
1788204890537 	 212 	 200 	 4567 	 448
1788204890340 	 495 	 200 	 4568 	 447
1788204890437 	 403 	 200 	 4569 	 446
1788204890438 	 403 	 200 	 4570 	 445
1788204890640 	 209 	 200 	 4571 	 444
1788204890644 	 249 	 200 	 4572 	 443
1788204890645 	 293 	 200 	 4573 	 442
1788204890543 	 408 	 200 	 4574 	 441
1788204890643 	 392 	 200 	 4575 	 440
1788204890748 	 306 	 200 	 4576 	 439
1788204890551 	 509 	 200 	 4577 	 438
1788204890851 	 283 	 200 	 4578 	 437
1788204890842 	 295 	 200 	 4579 	 436
1788204890637 	 517 	 200 	 4580 	 435
1788204890845 	 327 	 200 	 4581 	 434
1788204890540 	 695 	 200 	 4582 	 433
1788204890753 	 485 	 200 	 4583 	 432
1788204890641 	 604 	 200 	 4584 	 431
1788204890544 	 698 	 200 	 4585 	 430
1788204890957 	 300 	 200 	 4586 	 429
1788204890899 	 435 	 200 	 4587 	 428
1788204890941 	 393 	 200 	 4588 	 427
1788204891062 	 289 	 200 	 4589 	 426
1788204891141 	 212 	 200 	 4590 	 425
1788204891175 	 258 	 200 	 4591 	 424
1788204891057 	 381 	 200 	 4592 	 423
1788204891249 	 191 	 200 	 4593 	 422
1788204891136 	 306 	 200 	 4594 	 421
1788204890837 	 608 	 200 	 4595 	 420
1788204891156 	 300 	 200 	 4596 	 419
1788204891238 	 287 	 200 	 4597 	 418
1788204891252 	 296 	 200 	 4598 	 417
1788204891353 	 204 	 200 	 4599 	 416
1788204891337 	 224 	 200 	 4600 	 415
1788204891036 	 523 	 200 	 4601 	 414
1788204891446 	 189 	 200 	 4602 	 413
1788204891240 	 395 	 200 	 4603 	 412
1788204891448 	 199 	 200 	 4604 	 411
1788204891535 	 160 	 200 	 4605 	 410
1788204891259 	 438 	 200 	 4606 	 409
1788204891559 	 188 	 200 	 4607 	 408
1788204891355 	 395 	 200 	 4608 	 407
1788204890554 	 1197 	 200 	 4609 	 406
1788204891338 	 456 	 200 	 4610 	 405
1788204891443 	 410 	 200 	 4611 	 404
1788204891637 	 220 	 200 	 4612 	 403
1788204891638 	 219 	 200 	 4613 	 402
1788204891552 	 395 	 200 	 4614 	 401
1788204891648 	 306 	 200 	 4615 	 400
1788204891563 	 437 	 200 	 4616 	 399
1788204891459 	 582 	 200 	 4617 	 398
1788204891698 	 347 	 200 	 4618 	 397
1788204891700 	 455 	 200 	 4619 	 396
1788204891858 	 339 	 200 	 4620 	 395
1788204891442 	 794 	 200 	 4621 	 394
1788204892043 	 195 	 200 	 4622 	 393
1788204892001 	 240 	 200 	 4623 	 392
1788204892047 	 197 	 200 	 4624 	 391
1788204891860 	 394 	 200 	 4625 	 390
1788204891956 	 299 	 200 	 4626 	 389
1788204891749 	 507 	 200 	 4627 	 388
1788204891754 	 500 	 200 	 4628 	 387
1788204892199 	 61 	 200 	 4629 	 386
1788204892241 	 21 	 200 	 4630 	 385
1788204892260 	 74 	 200 	 4631 	 384
1788204891950 	 404 	 200 	 4632 	 383
1788204891855 	 500 	 200 	 4633 	 382
1788204892258 	 189 	 200 	 4634 	 381
1788204892262 	 187 	 200 	 4635 	 380
1788204892335 	 122 	 200 	 4636 	 379
1788204892259 	 280 	 200 	 4637 	 378
1788204892244 	 311 	 200 	 4638 	 377
1788204892263 	 335 	 200 	 4639 	 376
1788204891795 	 803 	 200 	 4640 	 375
1788204892247 	 394 	 200 	 4641 	 374
1788204892452 	 202 	 200 	 4642 	 373
1788204892450 	 208 	 200 	 4643 	 372
1788204892157 	 544 	 200 	 4644 	 371
1788204892357 	 344 	 200 	 4645 	 370
1788204891754 	 988 	 200 	 4646 	 369
1788204892260 	 494 	 200 	 4647 	 368
1788204892556 	 283 	 200 	 4648 	 367
1788204892357 	 496 	 200 	 4649 	 366
1788204892660 	 194 	 200 	 4650 	 365
1788204892241 	 655 	 200 	 4651 	 364
1788204892643 	 299 	 200 	 4652 	 363
1788204892459 	 486 	 200 	 4653 	 362
1788204892745 	 201 	 200 	 4654 	 361
1788204892540 	 459 	 200 	 4655 	 360
1788204892755 	 286 	 200 	 4656 	 359
1788204892657 	 395 	 200 	 4657 	 358
1788204892706 	 437 	 200 	 4658 	 357
1788204892602 	 599 	 200 	 4659 	 356
1788204892947 	 250 	 200 	 4660 	 355
1788204892841 	 398 	 200 	 4661 	 354
1788204892949 	 290 	 200 	 4662 	 353
1788204892944 	 296 	 200 	 4663 	 352
1788204892856 	 388 	 200 	 4664 	 351
1788204893054 	 200 	 200 	 4665 	 350
1788204893204 	 57 	 200 	 4666 	 349
1788204892600 	 660 	 200 	 4667 	 348
1788204892704 	 629 	 200 	 4668 	 347
1788204893044 	 296 	 200 	 4669 	 346
1788204893205 	 140 	 200 	 4670 	 345
1788204892858 	 539 	 200 	 4671 	 344
1788204893245 	 195 	 200 	 4672 	 343
1788204893242 	 204 	 200 	 4673 	 342
1788204893256 	 295 	 200 	 4674 	 341
1788204891435 	 2121 	 200 	 4675 	 340
1788204892899 	 697 	 200 	 4676 	 339
1788204893263 	 336 	 200 	 4677 	 338
1788204893555 	 200 	 200 	 4678 	 337
1788204893001 	 755 	 200 	 4679 	 336
1788204893398 	 361 	 200 	 4680 	 335
1788204893342 	 422 	 200 	 4681 	 334
1788204893146 	 651 	 200 	 4682 	 333
1788204893766 	 88 	 200 	 4683 	 332
1788204893601 	 294 	 200 	 4684 	 331
1788204893243 	 652 	 200 	 4685 	 330
1788204893266 	 631 	 200 	 4686 	 329
1788204893348 	 554 	 200 	 4687 	 328
1788204893758 	 183 	 200 	 4688 	 327
1788204893763 	 180 	 200 	 4689 	 326
1788204893558 	 391 	 200 	 4690 	 325
1788204893857 	 103 	 200 	 4691 	 324
1788204893943 	 62 	 200 	 4692 	 323
1788204893799 	 235 	 200 	 4693 	 322
1788204893335 	 712 	 200 	 4694 	 321
1788204893442 	 609 	 200 	 4695 	 320
1788204893240 	 822 	 200 	 4696 	 319
1788204893598 	 466 	 200 	 4697 	 318
1788204893904 	 229 	 200 	 4698 	 317
1788204893901 	 242 	 200 	 4699 	 316
1788204893448 	 696 	 200 	 4700 	 315
1788204893897 	 256 	 200 	 4701 	 314
1788204893760 	 396 	 200 	 4702 	 313
1788204894063 	 172 	 200 	 4703 	 312
1788204894007 	 234 	 200 	 4704 	 311
1788204894146 	 155 	 200 	 4705 	 310
1788204894049 	 284 	 200 	 4706 	 309
1788204893899 	 435 	 200 	 4707 	 308
1788204893946 	 387 	 200 	 4708 	 307
1788204894066 	 269 	 200 	 4709 	 306
1788204894160 	 182 	 200 	 4710 	 305
1788204893961 	 395 	 200 	 4711 	 304
1788204894037 	 397 	 200 	 4712 	 303
1788204894243 	 194 	 200 	 4713 	 302
1788204893951 	 492 	 200 	 4714 	 301
1788204894150 	 306 	 200 	 4715 	 300
1788204894156 	 384 	 200 	 4716 	 299
1788204894237 	 305 	 200 	 4717 	 298
1788204894336 	 207 	 200 	 4718 	 297
1788204894054 	 494 	 200 	 4719 	 296
1788204894436 	 119 	 200 	 4720 	 295
1788204894338 	 299 	 200 	 4721 	 294
1788204894446 	 192 	 200 	 4722 	 293
1788204894302 	 352 	 200 	 4723 	 292
1788204894135 	 530 	 200 	 4724 	 291
1788204894542 	 195 	 200 	 4725 	 290
1788204894343 	 413 	 200 	 4726 	 289
1788204894334 	 424 	 200 	 4727 	 288
1788204894558 	 276 	 200 	 4728 	 287
1788204894439 	 394 	 200 	 4729 	 286
1788204894459 	 375 	 200 	 4730 	 285
1788204894544 	 290 	 200 	 4731 	 284
1788204894547 	 292 	 200 	 4732 	 283
1788204894358 	 481 	 200 	 4733 	 282
1788204894638 	 209 	 200 	 4734 	 281
1788204894760 	 180 	 200 	 4735 	 280
1788204894836 	 110 	 200 	 4736 	 279
1788204894841 	 111 	 200 	 4737 	 278
1788204894950 	 55 	 200 	 4738 	 277
1788204894337 	 712 	 200 	 4739 	 276
1788204894840 	 211 	 200 	 4740 	 275
1788204894837 	 307 	 200 	 4741 	 274
1788204894955 	 198 	 200 	 4742 	 273
1788204894942 	 256 	 200 	 4743 	 272
1788204895052 	 148 	 200 	 4744 	 271
1788204894552 	 652 	 200 	 4745 	 270
1788204894762 	 486 	 200 	 4746 	 269
1788204894838 	 412 	 200 	 4747 	 268
1788204895007 	 246 	 200 	 4748 	 267
1788204894850 	 449 	 200 	 4749 	 266
1788204895145 	 200 	 200 	 4750 	 265
1788204895156 	 186 	 200 	 4751 	 264
1788204894641 	 700 	 200 	 4752 	 263
1788204895054 	 303 	 200 	 4753 	 262
1788204894657 	 698 	 200 	 4754 	 261
1788204895202 	 159 	 200 	 4755 	 260
1788204895206 	 230 	 200 	 4756 	 259
1788204895250 	 192 	 200 	 4757 	 258
1788204895349 	 183 	 200 	 4758 	 257
1788204894843 	 692 	 200 	 4759 	 256
1788204894739 	 798 	 200 	 4760 	 255
1788204895347 	 211 	 200 	 4761 	 254
1788204895439 	 120 	 200 	 4762 	 253
1788204895354 	 279 	 200 	 4763 	 252
1788204895445 	 303 	 200 	 4764 	 251
1788204895253 	 501 	 200 	 4765 	 250
1788204895204 	 635 	 200 	 4766 	 249
1788204895543 	 298 	 200 	 4767 	 248
1788204895540 	 300 	 200 	 4768 	 247
1788204895363 	 486 	 200 	 4769 	 246
1788204895751 	 143 	 200 	 4770 	 245
1788204895563 	 333 	 200 	 4771 	 244
1788204895359 	 590 	 200 	 4772 	 243
1788204895561 	 479 	 200 	 4773 	 242
1788204895844 	 201 	 200 	 4774 	 241
1788204895365 	 684 	 200 	 4775 	 240
1788204895301 	 841 	 200 	 4776 	 239
1788204895896 	 248 	 200 	 4777 	 238
1788204895897 	 256 	 200 	 4778 	 237
1788204895852 	 304 	 200 	 4779 	 236
1788204895256 	 941 	 200 	 4780 	 235
1788204895537 	 662 	 200 	 4781 	 234
1788204896052 	 149 	 200 	 4782 	 233
1788204895756 	 477 	 200 	 4783 	 232
1788204895840 	 457 	 200 	 4784 	 231
1788204896159 	 182 	 200 	 4785 	 230
1788204895636 	 718 	 200 	 4786 	 229
1788204896144 	 213 	 200 	 4787 	 228
1788204896043 	 350 	 200 	 4788 	 227
1788204896155 	 289 	 200 	 4789 	 226
1788204896360 	 86 	 200 	 4790 	 225
1788204896203 	 341 	 200 	 4791 	 224
1788204896357 	 188 	 200 	 4792 	 223
1788204895951 	 596 	 200 	 4793 	 222
1788204896235 	 317 	 200 	 4794 	 221
1788204896395 	 160 	 200 	 4795 	 220
1788204896205 	 359 	 200 	 4796 	 219
1788204895847 	 748 	 200 	 4797 	 218
1788204896049 	 589 	 200 	 4798 	 217
1788204896446 	 195 	 200 	 4799 	 216
1788204896300 	 351 	 200 	 4800 	 215
1788204896448 	 215 	 200 	 4801 	 214
1788204896548 	 194 	 200 	 4802 	 213
1788204896545 	 203 	 200 	 4803 	 212
1788204896597 	 163 	 200 	 4804 	 211
1788204896343 	 498 	 200 	 4805 	 210
1788204896549 	 300 	 200 	 4806 	 209
1788204896640 	 215 	 200 	 4807 	 208
1788204896554 	 387 	 200 	 4808 	 207
1788204896744 	 203 	 200 	 4809 	 206
1788204896750 	 199 	 200 	 4810 	 205
1788204896762 	 281 	 200 	 4811 	 204
1788204896954 	 100 	 200 	 4812 	 203
1788204896944 	 154 	 200 	 4813 	 202
1788204896857 	 295 	 200 	 4814 	 201
1788204897057 	 145 	 200 	 4815 	 200
1788204896951 	 291 	 200 	 4816 	 199
1788204896852 	 391 	 200 	 4817 	 198
1788204897100 	 152 	 200 	 4818 	 197
1788204896557 	 700 	 200 	 4819 	 196
1788204896664 	 594 	 200 	 4820 	 195
1788204896566 	 693 	 200 	 4821 	 194
1788204897155 	 114 	 200 	 4822 	 193
1788204896145 	 1129 	 200 	 4823 	 192
1788204897044 	 290 	 200 	 4824 	 191
1788204897203 	 133 	 200 	 4825 	 190
1788204896643 	 696 	 200 	 4826 	 189
1788204897262 	 111 	 200 	 4827 	 188
1788204896655 	 783 	 200 	 4828 	 187
1788204897341 	 106 	 200 	 4829 	 186
1788204897374 	 76 	 200 	 4830 	 185
1788204896843 	 611 	 200 	 4831 	 184
1788204896199 	 1263 	 200 	 4832 	 183
1788204897271 	 269 	 200 	 4833 	 182
1788204897255 	 285 	 200 	 4834 	 181
1788204897337 	 206 	 200 	 4835 	 180
1788204897264 	 288 	 200 	 4836 	 179
1788204897452 	 106 	 200 	 4837 	 178
1788204897544 	 90 	 200 	 4838 	 177
1788204897261 	 369 	 200 	 4839 	 176
1788204897464 	 177 	 200 	 4840 	 175
1788204897560 	 94 	 200 	 4841 	 174
1788204897545 	 112 	 200 	 4842 	 173
1788204897636 	 60 	 200 	 4843 	 172
1788204897276 	 475 	 200 	 4844 	 171
1788204897245 	 510 	 200 	 4845 	 170
1788204897339 	 425 	 200 	 4846 	 169
1788204897656 	 142 	 200 	 4847 	 168
1788204897697 	 105 	 200 	 4848 	 167
1788204897542 	 298 	 200 	 4849 	 166
1788204897643 	 198 	 200 	 4850 	 165
1788204891565 	 6282 	 200 	 4851 	 164
1788204897660 	 195 	 200 	 4852 	 163
1788204897245 	 613 	 200 	 4853 	 162
1788204897635 	 224 	 200 	 4854 	 161
1788204897456 	 477 	 200 	 4855 	 160
1788204897861 	 99 	 200 	 4856 	 159
1788204897554 	 441 	 200 	 4857 	 158
1788204897753 	 289 	 200 	 4858 	 157
1788204897440 	 611 	 200 	 4859 	 156
1788204897841 	 299 	 200 	 4860 	 155
1788204897760 	 381 	 200 	 4861 	 154
1788204897448 	 694 	 200 	 4862 	 153
1788204897843 	 300 	 200 	 4863 	 152
1788204897857 	 293 	 200 	 4864 	 151
1788204897800 	 354 	 200 	 4865 	 150
1788204897848 	 305 	 200 	 4866 	 149
1788204897962 	 197 	 200 	 4867 	 148
1788204897936 	 226 	 200 	 4868 	 147
1788204897766 	 491 	 200 	 4869 	 146
1788204898045 	 288 	 200 	 4870 	 145
1788204897862 	 473 	 200 	 4871 	 144
1788204897997 	 349 	 200 	 4872 	 143
1788204898141 	 212 	 200 	 4873 	 142
1788204898152 	 250 	 200 	 4874 	 141
1788204898146 	 301 	 200 	 4875 	 140
1788204898156 	 292 	 200 	 4876 	 139
1788204898053 	 399 	 200 	 4877 	 138
1788204898161 	 339 	 200 	 4878 	 137
1788204898164 	 384 	 200 	 4879 	 136
1788204898144 	 410 	 200 	 4880 	 135
1788204898349 	 207 	 200 	 4881 	 134
1788204898148 	 411 	 200 	 4882 	 133
1788204898456 	 142 	 200 	 4883 	 132
1788204898335 	 299 	 200 	 4884 	 131
1788204898354 	 299 	 200 	 4885 	 130
1788204898338 	 319 	 200 	 4886 	 129
1788204898166 	 590 	 200 	 4887 	 128
1788204898551 	 249 	 200 	 4888 	 127
1788204898454 	 392 	 200 	 4889 	 126
1788204898659 	 194 	 200 	 4890 	 125
1788204898559 	 382 	 200 	 4891 	 124
1788204898636 	 306 	 200 	 4892 	 123
1788204898656 	 291 	 200 	 4893 	 122
1788204898502 	 450 	 200 	 4894 	 121
1788204898449 	 690 	 200 	 4895 	 120
1788204898757 	 390 	 200 	 4896 	 119
1788204898848 	 297 	 200 	 4897 	 118
1788204898855 	 299 	 200 	 4898 	 117
1788204898404 	 792 	 200 	 4899 	 116
1788204898945 	 351 	 200 	 4900 	 115
1788204898804 	 535 	 200 	 4901 	 114
1788204898555 	 790 	 200 	 4902 	 113
1788204898260 	 1087 	 200 	 4903 	 112
1788204899144 	 296 	 200 	 4904 	 111
1788204897804 	 1638 	 200 	 4905 	 110
1788204899299 	 145 	 200 	 4906 	 109
1788204899156 	 291 	 200 	 4907 	 108
1788204898944 	 505 	 200 	 4908 	 107
1788204899150 	 310 	 200 	 4909 	 106
1788204899197 	 267 	 200 	 4910 	 105
1788204899444 	 100 	 200 	 4911 	 104
1788204899340 	 209 	 200 	 4912 	 103
1788204898950 	 601 	 200 	 4913 	 102
1788204898600 	 952 	 200 	 4914 	 101
1788204899150 	 404 	 200 	 4915 	 100
1788204898953 	 686 	 200 	 4916 	 99
1788204899555 	 94 	 200 	 4917 	 98
1788204899348 	 350 	 200 	 4918 	 97
1788204899350 	 393 	 200 	 4919 	 96
1788204899450 	 293 	 200 	 4920 	 95
1788204899462 	 331 	 200 	 4921 	 94
1788204899443 	 353 	 200 	 4922 	 93
1788204899455 	 340 	 200 	 4923 	 92
1788204899641 	 161 	 200 	 4924 	 91
1788204899550 	 288 	 200 	 4925 	 90
1788204899555 	 285 	 200 	 4926 	 89
1788204899654 	 200 	 200 	 4927 	 88
1788204899467 	 478 	 200 	 4928 	 87
1788204899446 	 504 	 200 	 4929 	 86
1788204899546 	 408 	 200 	 4930 	 85
1788204899842 	 154 	 200 	 4931 	 84
1788204899841 	 202 	 200 	 4932 	 83
1788204899560 	 494 	 200 	 4933 	 82
1788204899798 	 257 	 200 	 4934 	 81
1788204899746 	 312 	 200 	 4935 	 80
1788204899699 	 401 	 200 	 4936 	 79
1788204899804 	 389 	 200 	 4937 	 78
1788204899956 	 239 	 200 	 4938 	 77
1788204899952 	 290 	 200 	 4939 	 76
1788204899857 	 390 	 200 	 4940 	 75
1788204899749 	 501 	 200 	 4941 	 74
1788204899796 	 458 	 200 	 4942 	 73
1788204900044 	 252 	 200 	 4943 	 72
1788204900062 	 276 	 200 	 4944 	 71
1788204894667 	 5673 	 200 	 4945 	 70
1788204900101 	 240 	 200 	 4946 	 69
1788204899798 	 549 	 200 	 4947 	 68
1788204900057 	 298 	 200 	 4948 	 67
1788204900252 	 106 	 200 	 4949 	 66
1788204899947 	 414 	 200 	 4950 	 65
1788204900249 	 196 	 200 	 4951 	 64
1788204900342 	 157 	 200 	 4952 	 63
1788204900197 	 303 	 200 	 4953 	 62
1788204899998 	 505 	 200 	 4954 	 61
1788204900196 	 359 	 200 	 4955 	 60
1788204900361 	 292 	 200 	 4956 	 59
1788204900357 	 381 	 200 	 4957 	 58
1788204900345 	 405 	 200 	 4958 	 57
1788204900256 	 498 	 200 	 4959 	 56
1788204900244 	 517 	 200 	 4960 	 55
1788204900364 	 396 	 200 	 4961 	 54
1788204900447 	 314 	 200 	 4962 	 53
1788204900502 	 258 	 200 	 4963 	 52
1788204900060 	 780 	 200 	 4964 	 51
1788204900501 	 341 	 200 	 4965 	 50
1788204900740 	 108 	 200 	 4966 	 49
1788204900350 	 503 	 200 	 4967 	 48
1788204900340 	 614 	 200 	 4968 	 47
1788204900769 	 284 	 200 	 4969 	 46
1788204900842 	 217 	 200 	 4970 	 45
1788204900757 	 303 	 200 	 4971 	 44
1788204900763 	 325 	 200 	 4972 	 43
1788204900764 	 333 	 200 	 4973 	 42
1788204900556 	 592 	 200 	 4974 	 41
1788204900846 	 330 	 200 	 4975 	 40
1788204900850 	 328 	 200 	 4976 	 39
1788204900753 	 486 	 200 	 4977 	 38
1788204900856 	 385 	 200 	 4978 	 37
1788204900299 	 944 	 200 	 4979 	 36
1788204900655 	 587 	 200 	 4980 	 35
1788204898562 	 2683 	 200 	 4981 	 34
1788204900765 	 486 	 200 	 4982 	 33
1788204901099 	 154 	 200 	 4983 	 32
1788204900956 	 345 	 200 	 4984 	 31
1788204901243 	 90 	 200 	 4985 	 30
1788204901150 	 183 	 200 	 4986 	 29
1788204901102 	 233 	 200 	 4987 	 28
1788204901063 	 272 	 200 	 4988 	 27
1788204901181 	 154 	 200 	 4989 	 26
1788204901241 	 98 	 200 	 4990 	 25
1788204901057 	 284 	 200 	 4991 	 24
1788204900506 	 836 	 200 	 4992 	 23
1788204901178 	 163 	 200 	 4993 	 22
1788204901249 	 102 	 200 	 4994 	 21
1788204901245 	 97 	 200 	 4995 	 20
1788204901247 	 187 	 200 	 4996 	 19
1788204901337 	 103 	 200 	 4997 	 18
1788204901253 	 282 	 200 	 4998 	 17
1788204901256 	 282 	 200 	 4999 	 16
1788204901335 	 208 	 200 	 5000 	 15
1788204901339 	 203 	 200 	 5000 	 14
1788204901355 	 188 	 200 	 5000 	 13
1788204901060 	 485 	 200 	 5000 	 12
1788204901303 	 331 	 200 	 5000 	 11
1788204901442 	 192 	 200 	 5000 	 10
1788204901339 	 298 	 200 	 5000 	 9
1788204901345 	 294 	 200 	 5000 	 8
1788204901335 	 300 	 200 	 5000 	 7
1788204901352 	 287 	 200 	 5000 	 6
1788204901344 	 297 	 200 	 5000 	 5
1788204901341 	 302 	 200 	 5000 	 4
1788204901541 	 193 	 200 	 5000 	 3
1788204901436 	 303 	 200 	 5000 	 2
1788204901347 	 391 	 200 	 5000 	 1
1788204901536 	 226 	 200 	 5000 	 0