1788204903904 	 34 	 200 	 4 	 3
1788204903915 	 27 	 200 	 4 	 2
1788204903920 	 27 	 200 	 4 	 1
1788204903931 	 19 	 200 	 4 	 0
1788204903986 	 14 	 200 	 6 	 1
1788204903982 	 18 	 200 	 6 	 0
1788204904048 	 32 	 200 	 8 	 1
1788204904063 	 30 	 200 	 8 	 0
1788204904098 	 16 	 200 	 9 	 0
1788204904155 	 23 	 200 	 10 	 0
1788204904198 	 14 	 200 	 11 	 0
1788204904231 	 13 	 200 	 13 	 1
1788204904240 	 16 	 200 	 13 	 0
1788204904286 	 20 	 200 	 15 	 1
1788204904297 	 14 	 200 	 15 	 0
1788204904355 	 35 	 200 	 20 	 4
1788204904372 	 25 	 200 	 20 	 3
1788204904375 	 23 	 200 	 20 	 2
1788204904378 	 23 	 200 	 21 	 2
1788204904386 	 19 	 200 	 21 	 1
1788204904401 	 14 	 200 	 22 	 1
1788204904414 	 12 	 200 	 22 	 0
1788204904430 	 15 	 200 	 25 	 2
1788204904439 	 13 	 200 	 25 	 1
1788204904446 	 15 	 200 	 25 	 0
1788204904475 	 12 	 200 	 26 	 0
1788204904490 	 14 	 200 	 27 	 0
1788204904516 	 13 	 200 	 28 	 0
1788204904540 	 12 	 200 	 30 	 1
1788204904536 	 17 	 200 	 30 	 0
1788204904573 	 16 	 200 	 31 	 0
1788204904601 	 14 	 200 	 33 	 1
1788204904611 	 13 	 200 	 33 	 0
1788204904630 	 12 	 200 	 34 	 0
1788204904656 	 15 	 200 	 37 	 2
1788204904666 	 17 	 200 	 37 	 1
1788204904667 	 17 	 200 	 37 	 0
1788204904688 	 13 	 200 	 39 	 1
1788204904699 	 12 	 200 	 39 	 0
1788204904715 	 14 	 200 	 41 	 1
1788204904719 	 12 	 200 	 41 	 0
1788204904745 	 18 	 200 	 43 	 1
1788204904744 	 29 	 200 	 43 	 0
1788204904821 	 41 	 200 	 48 	 4
1788204904827 	 41 	 200 	 49 	 4
1788204904855 	 24 	 200 	 49 	 3
1788204904843 	 35 	 200 	 49 	 2
1788204904862 	 23 	 200 	 49 	 1
1788204904866 	 21 	 200 	 49 	 0
1788204904934 	 17 	 200 	 54 	 4
1788204904939 	 17 	 200 	 54 	 3
1788204904920 	 39 	 200 	 54 	 2
1788204904928 	 49 	 200 	 54 	 1
1788204904951 	 28 	 200 	 54 	 0
1788204904999 	 14 	 200 	 55 	 0
1788204905018 	 17 	 200 	 56 	 0
1788204905053 	 28 	 200 	 58 	 1
1788204905051 	 63 	 200 	 58 	 0
1788204905123 	 17 	 200 	 61 	 2
1788204905134 	 13 	 200 	 61 	 1
1788204905139 	 13 	 200 	 62 	 1
1788204905152 	 13 	 200 	 62 	 0
1788204905180 	 30 	 200 	 64 	 1
1788204905205 	 24 	 200 	 65 	 1
1788204905227 	 16 	 200 	 65 	 0
1788204905246 	 12 	 200 	 66 	 0
1788204905263 	 21 	 200 	 68 	 1
1788204905264 	 20 	 200 	 68 	 0
1788204905301 	 24 	 200 	 70 	 1
1788204905321 	 15 	 200 	 70 	 0
1788204905374 	 16 	 200 	 72 	 1
1788204905386 	 15 	 200 	 72 	 0
1788204905422 	 28 	 200 	 75 	 2
1788204905419 	 33 	 200 	 76 	 2
1788204905424 	 30 	 200 	 76 	 1
1788204905452 	 13 	 200 	 76 	 0
1788204905480 	 22 	 200 	 77 	 0
1788204905509 	 34 	 200 	 79 	 1
1788204905539 	 14 	 200 	 79 	 0
1788204905598 	 31 	 200 	 81 	 1
1788204905601 	 35 	 200 	 81 	 1
1788204905650 	 20 	 200 	 84 	 2
1788204905638 	 38 	 200 	 84 	 1
1788204905655 	 22 	 200 	 84 	 0
1788204905724 	 28 	 200 	 87 	 2
1788204905736 	 19 	 200 	 87 	 1
1788204905748 	 14 	 200 	 87 	 0
1788204905811 	 36 	 200 	 88 	 0
1788204905884 	 15 	 200 	 89 	 0
1788204905942 	 23 	 200 	 92 	 2
1788204905952 	 15 	 200 	 92 	 1
1788204905955 	 21 	 200 	 94 	 2
1788204905975 	 15 	 200 	 94 	 1
1788204905975 	 18 	 200 	 95 	 1
1788204905993 	 18 	 200 	 97 	 2
1788204905998 	 14 	 200 	 97 	 1
1788204906006 	 22 	 200 	 98 	 1
1788204906014 	 14 	 200 	 98 	 0
1788204906069 	 18 	 200 	 99 	 0
1788204906091 	 16 	 200 	 101 	 1
1788204906103 	 14 	 200 	 102 	 1
1788204906116 	 17 	 200 	 102 	 0
1788204906147 	 17 	 200 	 106 	 3
1788204906148 	 17 	 200 	 106 	 2
1788204906158 	 15 	 200 	 107 	 2
1788204906160 	 17 	 200 	 107 	 1
1788204906175 	 16 	 200 	 107 	 0
1788204906219 	 27 	 200 	 111 	 3
1788204906211 	 36 	 200 	 111 	 2
1788204906228 	 25 	 200 	 111 	 1
1788204906236 	 18 	 200 	 111 	 0
1788204906297 	 21 	 200 	 112 	 0
1788204906321 	 13 	 200 	 113 	 0
1788204906341 	 12 	 200 	 114 	 0
1788204906410 	 20 	 200 	 118 	 3
1788204906408 	 25 	 200 	 118 	 2
1788204906415 	 20 	 200 	 118 	 1
1788204906431 	 15 	 200 	 119 	 1
1788204906447 	 15 	 200 	 120 	 1
1788204906455 	 14 	 200 	 120 	 0
1788204906535 	 35 	 200 	 123 	 2
1788204906550 	 30 	 200 	 124 	 2
1788204906560 	 25 	 200 	 124 	 1
1788204906572 	 14 	 200 	 124 	 0
1788204906610 	 14 	 200 	 127 	 2
1788204906613 	 14 	 200 	 127 	 1
1788204906619 	 22 	 200 	 128 	 1
1788204906645 	 15 	 200 	 131 	 3
1788204906649 	 15 	 200 	 131 	 2
1788204906628 	 57 	 200 	 133 	 3
1788204906653 	 44 	 200 	 133 	 2
1788204906683 	 14 	 200 	 133 	 1
1788204906680 	 19 	 200 	 133 	 0
1788204906722 	 17 	 200 	 136 	 2
1788204906735 	 12 	 200 	 136 	 1
1788204906739 	 13 	 200 	 136 	 0
1788204906754 	 15 	 200 	 137 	 0
1788204906800 	 33 	 200 	 140 	 2
1788204906814 	 26 	 200 	 140 	 1
1788204906818 	 24 	 200 	 140 	 0
1788204906855 	 24 	 200 	 141 	 0
1788204906883 	 13 	 200 	 142 	 0
1788204906938 	 41 	 200 	 144 	 1
1788204906951 	 29 	 200 	 144 	 0
1788204906983 	 16 	 200 	 145 	 0
1788204907028 	 35 	 200 	 150 	 4
1788204907031 	 33 	 200 	 150 	 3
1788204907037 	 27 	 200 	 150 	 2
1788204907050 	 17 	 200 	 150 	 1
1788204907055 	 15 	 200 	 151 	 1
1788204907069 	 21 	 200 	 152 	 1
1788204907077 	 12 	 200 	 152 	 0
1788204907121 	 42 	 200 	 157 	 4
1788204907111 	 56 	 200 	 157 	 3
1788204907136 	 32 	 200 	 157 	 2
1788204907131 	 37 	 200 	 157 	 1
1788204907158 	 17 	 200 	 157 	 0
1788204907192 	 30 	 200 	 159 	 1
1788204907216 	 25 	 200 	 159 	 0
1788204907250 	 17 	 200 	 160 	 0
1788204907280 	 26 	 200 	 164 	 3
1788204907284 	 23 	 200 	 164 	 2
1788204907302 	 16 	 200 	 164 	 1
1788204907306 	 14 	 200 	 164 	 0
1788204907352 	 15 	 200 	 165 	 0
1788204907453 	 15 	 200 	 166 	 0
1788204907471 	 15 	 200 	 167 	 0
1788204907503 	 12 	 200 	 168 	 0
1788204907519 	 13 	 200 	 169 	 0
1788204907535 	 19 	 200 	 170 	 0
1788204907567 	 21 	 200 	 171 	 0
1788204907610 	 31 	 200 	 175 	 3
1788204907625 	 26 	 200 	 175 	 2
1788204907631 	 24 	 200 	 175 	 1
1788204907634 	 22 	 200 	 176 	 1
1788204907658 	 16 	 200 	 177 	 1
1788204907666 	 16 	 200 	 177 	 0
1788204907704 	 12 	 200 	 178 	 0
1788204907725 	 16 	 200 	 180 	 1
1788204907736 	 20 	 200 	 182 	 2
1788204907744 	 21 	 200 	 182 	 1
1788204907749 	 20 	 200 	 182 	 0
1788204907778 	 16 	 200 	 185 	 2
1788204907781 	 15 	 200 	 185 	 1
1788204907785 	 20 	 200 	 185 	 0
1788204907807 	 13 	 200 	 187 	 1
1788204907811 	 12 	 200 	 187 	 0
1788204907825 	 36 	 200 	 190 	 2
1788204907826 	 35 	 200 	 190 	 1
1788204907854 	 18 	 200 	 190 	 0
1788204907885 	 12 	 200 	 191 	 0
1788204907921 	 31 	 200 	 195 	 3
1788204907923 	 31 	 200 	 195 	 2
1788204907920 	 33 	 200 	 195 	 1
1788204907936 	 17 	 200 	 195 	 0
1788204907972 	 15 	 200 	 196 	 0
1788204908002 	 12 	 200 	 197 	 0
1788204908044 	 33 	 200 	 199 	 1
1788204908073 	 25 	 200 	 200 	 1
1788204908083 	 20 	 200 	 200 	 0
1788204908117 	 13 	 200 	 202 	 1
1788204908126 	 15 	 200 	 204 	 2
1788204908136 	 15 	 200 	 204 	 1
1788204908138 	 14 	 200 	 204 	 0
1788204908187 	 12 	 200 	 207 	 2
1788204908199 	 16 	 200 	 208 	 2
1788204908199 	 20 	 200 	 208 	 1
1788204908201 	 19 	 200 	 208 	 0
1788204908239 	 20 	 200 	 211 	 2
1788204908247 	 14 	 200 	 211 	 1
1788204908257 	 17 	 200 	 213 	 2
1788204908263 	 14 	 200 	 213 	 1
1788204908267 	 13 	 200 	 213 	 0
1788204908305 	 22 	 200 	 215 	 1
1788204908308 	 22 	 200 	 216 	 1
1788204908330 	 13 	 200 	 216 	 0
1788204908344 	 14 	 200 	 217 	 0
1788204908389 	 16 	 200 	 220 	 2
1788204908394 	 13 	 200 	 220 	 1
1788204908407 	 15 	 200 	 221 	 1
1788204908418 	 16 	 200 	 221 	 0
1788204908446 	 16 	 200 	 222 	 0
1788204908476 	 12 	 200 	 223 	 0
1788204908501 	 21 	 200 	 224 	 0
1788204908551 	 33 	 200 	 226 	 1
1788204908566 	 21 	 200 	 226 	 0
1788204908666 	 15 	 200 	 227 	 0
1788204908724 	 40 	 200 	 229 	 1
1788204908756 	 31 	 200 	 232 	 3
1788204908777 	 14 	 200 	 233 	 3
1788204908782 	 17 	 200 	 233 	 2
1788204908786 	 15 	 200 	 233 	 1
1788204908791 	 19 	 200 	 233 	 0
1788204908851 	 13 	 200 	 234 	 0
1788204908877 	 16 	 200 	 236 	 1
1788204908885 	 16 	 200 	 236 	 0
1788204908906 	 18 	 200 	 238 	 1
1788204908917 	 12 	 200 	 239 	 1
1788204908925 	 12 	 200 	 239 	 0
1788204908987 	 37 	 200 	 242 	 2
1788204909002 	 26 	 200 	 242 	 1
1788204909010 	 20 	 200 	 242 	 0
1788204909057 	 29 	 200 	 244 	 1
1788204909075 	 28 	 200 	 246 	 2
1788204909092 	 19 	 200 	 246 	 1
1788204909090 	 21 	 200 	 246 	 0
1788204909145 	 30 	 200 	 249 	 2
1788204909156 	 25 	 200 	 249 	 1
1788204909166 	 20 	 200 	 249 	 0
1788204909221 	 34 	 200 	 252 	 2
1788204909230 	 29 	 200 	 252 	 1
1788204909248 	 29 	 200 	 253 	 1
1788204909265 	 15 	 200 	 253 	 0
1788204909307 	 13 	 200 	 255 	 1
1788204909305 	 15 	 200 	 255 	 0
1788204909337 	 13 	 200 	 256 	 0
1788204909362 	 16 	 200 	 257 	 0
1788204909384 	 13 	 200 	 259 	 1
1788204909391 	 19 	 200 	 260 	 1
1788204909403 	 18 	 200 	 261 	 1
1788204909411 	 13 	 200 	 261 	 0
1788204909450 	 17 	 200 	 265 	 3
1788204909447 	 20 	 200 	 265 	 2
1788204909453 	 16 	 200 	 265 	 1
1788204909455 	 17 	 200 	 265 	 0
1788204909486 	 15 	 200 	 267 	 1
1788204909492 	 15 	 200 	 268 	 1
1788204909503 	 13 	 200 	 269 	 1
1788204909514 	 15 	 200 	 269 	 0
1788204909554 	 15 	 200 	 270 	 0
1788204909573 	 18 	 200 	 272 	 1
1788204909586 	 13 	 200 	 274 	 2
1788204909595 	 18 	 200 	 275 	 2
1788204909600 	 15 	 200 	 275 	 1
1788204909602 	 16 	 200 	 275 	 0
1788204909631 	 13 	 200 	 277 	 1
1788204909640 	 13 	 200 	 278 	 1
1788204909653 	 12 	 200 	 278 	 0
1788204909675 	 15 	 200 	 280 	 1
1788204909677 	 18 	 200 	 280 	 0
1788204909698 	 12 	 200 	 281 	 0
1788204909713 	 13 	 200 	 283 	 1
1788204909723 	 12 	 200 	 283 	 0
1788204909797 	 25 	 200 	 286 	 2
1788204909798 	 24 	 200 	 286 	 1
1788204909819 	 12 	 200 	 286 	 0
1788204909834 	 14 	 200 	 288 	 1
1788204909850 	 14 	 200 	 288 	 0
1788204909878 	 15 	 200 	 290 	 1
1788204909872 	 27 	 200 	 290 	 0
1788204909946 	 33 	 200 	 293 	 2
1788204909964 	 23 	 200 	 293 	 1
1788204909961 	 26 	 200 	 293 	 0
1788204910019 	 24 	 200 	 298 	 4
1788204910024 	 18 	 200 	 299 	 3
1788204910025 	 21 	 200 	 299 	 3
1788204910029 	 19 	 200 	 299 	 2
1788204910036 	 22 	 200 	 300 	 2
1788204910044 	 15 	 200 	 300 	 1
1788204910052 	 14 	 200 	 300 	 0
1788204910068 	 18 	 200 	 301 	 0
1788204910119 	 30 	 200 	 302 	 1
1788204910150 	 30 	 200 	 304 	 1
1788204910177 	 23 	 200 	 304 	 0
1788204910226 	 34 	 200 	 305 	 0
1788204910274 	 12 	 200 	 307 	 1
1788204910271 	 18 	 200 	 307 	 0
1788204910331 	 21 	 200 	 309 	 1
1788204910339 	 15 	 200 	 309 	 0
1788204910412 	 13 	 200 	 310 	 0
1788204910426 	 14 	 200 	 311 	 0
1788204910458 	 12 	 200 	 313 	 1
1788204910466 	 13 	 200 	 313 	 0
1788204910483 	 13 	 200 	 315 	 1
1788204910495 	 14 	 200 	 317 	 2
1788204910506 	 12 	 200 	 318 	 2
1788204910500 	 20 	 200 	 318 	 1
1788204910520 	 14 	 200 	 318 	 0
1788204910575 	 13 	 200 	 319 	 0
1788204910624 	 37 	 200 	 322 	 2
1788204910648 	 22 	 200 	 323 	 2
1788204910655 	 20 	 200 	 323 	 1
1788204910665 	 15 	 200 	 323 	 0
1788204910687 	 18 	 200 	 325 	 1
1788204910693 	 15 	 200 	 325 	 0
1788204910716 	 12 	 200 	 326 	 0
1788204910733 	 16 	 200 	 328 	 1
1788204910737 	 13 	 200 	 328 	 0
1788204910767 	 13 	 200 	 331 	 2
1788204910781 	 14 	 200 	 331 	 1
1788204910775 	 20 	 200 	 331 	 0
1788204910813 	 12 	 200 	 332 	 0
1788204910885 	 33 	 200 	 338 	 5
1788204910896 	 25 	 200 	 338 	 4
1788204910891 	 32 	 200 	 338 	 3
1788204910903 	 25 	 200 	 338 	 2
1788204910917 	 17 	 200 	 339 	 2
1788204910917 	 17 	 200 	 339 	 1
1788204910932 	 14 	 200 	 339 	 0
1788204910964 	 19 	 200 	 341 	 1
1788204910974 	 13 	 200 	 341 	 0
1788204910989 	 13 	 200 	 343 	 1
1788204911003 	 13 	 200 	 343 	 0
1788204911040 	 13 	 200 	 344 	 0
1788204911055 	 13 	 200 	 345 	 0
1788204911069 	 14 	 200 	 346 	 0
1788204911109 	 17 	 200 	 347 	 0
1788204911155 	 19 	 200 	 349 	 1
1788204911173 	 14 	 200 	 349 	 0
1788204911197 	 13 	 200 	 350 	 0
1788204911218 	 14 	 200 	 352 	 1
1788204911228 	 14 	 200 	 352 	 0
1788204911270 	 17 	 200 	 355 	 2
1788204911271 	 18 	 200 	 355 	 1
1788204911283 	 13 	 200 	 355 	 0
1788204911344 	 27 	 200 	 357 	 1
1788204911367 	 14 	 200 	 359 	 2
1788204911377 	 18 	 200 	 360 	 2
1788204911381 	 23 	 200 	 360 	 1
1788204911396 	 12 	 200 	 360 	 0
1788204911437 	 14 	 200 	 362 	 1
1788204911448 	 13 	 200 	 362 	 0
1788204911476 	 16 	 200 	 364 	 1
1788204911483 	 15 	 200 	 364 	 0
1788204911569 	 15 	 200 	 365 	 0
1788204911622 	 30 	 200 	 368 	 2
1788204911626 	 27 	 200 	 368 	 1
1788204911652 	 21 	 200 	 368 	 0
1788204911692 	 31 	 200 	 372 	 3
1788204911700 	 24 	 200 	 372 	 2
1788204911702 	 22 	 200 	 372 	 1
1788204911711 	 22 	 200 	 372 	 0
1788204911746 	 25 	 200 	 374 	 1
1788204911765 	 13 	 200 	 374 	 0
1788204911824 	 33 	 200 	 377 	 2
1788204911836 	 32 	 200 	 377 	 1
1788204911857 	 21 	 200 	 378 	 1
1788204911873 	 14 	 200 	 378 	 0
1788204911943 	 12 	 200 	 379 	 0
1788204911972 	 14 	 200 	 380 	 0
1788204911987 	 13 	 200 	 382 	 1
1788204911995 	 20 	 200 	 382 	 0
1788204912031 	 13 	 200 	 383 	 0
1788204912051 	 13 	 200 	 385 	 1
1788204912052 	 14 	 200 	 385 	 0
1788204912070 	 13 	 200 	 387 	 1
1788204912092 	 14 	 200 	 390 	 3
1788204912089 	 19 	 200 	 390 	 2
1788204912080 	 28 	 200 	 390 	 1
1788204912103 	 19 	 200 	 390 	 0
1788204912142 	 14 	 200 	 392 	 1
1788204912145 	 13 	 200 	 392 	 0
1788204912176 	 13 	 200 	 394 	 1
1788204912188 	 14 	 200 	 394 	 0
1788204912213 	 13 	 200 	 395 	 0
1788204912279 	 27 	 200 	 397 	 1
1788204912294 	 23 	 200 	 397 	 0
1788204912320 	 16 	 200 	 399 	 1
1788204912324 	 16 	 200 	 399 	 0
1788204912353 	 13 	 200 	 400 	 0
1788204912378 	 17 	 200 	 401 	 0
1788204912450 	 15 	 200 	 403 	 1
1788204912454 	 13 	 200 	 403 	 0
1788204912474 	 21 	 200 	 406 	 2
1788204912475 	 21 	 200 	 406 	 1
1788204912476 	 21 	 200 	 406 	 0
1788204912526 	 37 	 200 	 408 	 1
1788204912557 	 31 	 200 	 409 	 1
1788204912573 	 28 	 200 	 409 	 0
1788204912620 	 27 	 200 	 412 	 2
1788204912638 	 21 	 200 	 412 	 1
1788204912647 	 21 	 200 	 412 	 1
1788204912670 	 23 	 200 	 418 	 5
1788204912682 	 29 	 200 	 418 	 4
1788204912690 	 33 	 200 	 419 	 4
1788204912692 	 41 	 200 	 419 	 3
1788204912678 	 56 	 200 	 419 	 2
1788204912692 	 50 	 200 	 421 	 3
1788204912714 	 30 	 200 	 421 	 2
1788204912741 	 18 	 200 	 422 	 2
1788204912742 	 17 	 200 	 422 	 1
1788204912748 	 14 	 200 	 422 	 0
1788204912820 	 14 	 200 	 424 	 1
1788204912822 	 14 	 200 	 424 	 0
1788204912862 	 16 	 200 	 426 	 1
1788204912877 	 13 	 200 	 426 	 0
1788204912894 	 13 	 200 	 429 	 2
1788204912899 	 25 	 200 	 429 	 1
1788204912901 	 25 	 200 	 429 	 0
1788204912932 	 15 	 200 	 431 	 1
1788204912942 	 14 	 200 	 431 	 0
1788204912966 	 15 	 200 	 432 	 0
1788204912993 	 16 	 200 	 433 	 0
1788204913024 	 13 	 200 	 435 	 1
1788204913037 	 13 	 200 	 435 	 0
1788204913058 	 14 	 200 	 437 	 1
1788204913053 	 20 	 200 	 437 	 0
1788204913101 	 34 	 200 	 440 	 2
1788204913106 	 33 	 200 	 440 	 1
1788204913118 	 31 	 200 	 440 	 0
1788204913174 	 13 	 200 	 442 	 1
1788204913182 	 15 	 200 	 444 	 2
1788204913191 	 15 	 200 	 444 	 1
1788204913198 	 13 	 200 	 444 	 0
1788204913219 	 12 	 200 	 445 	 0
1788204913255 	 18 	 200 	 447 	 1
1788204913269 	 16 	 200 	 447 	 0
1788204913325 	 17 	 200 	 449 	 1
1788204913331 	 14 	 200 	 450 	 1
1788204913345 	 16 	 200 	 450 	 0
1788204913393 	 18 	 200 	 451 	 0
1788204913424 	 15 	 200 	 455 	 3
1788204913427 	 13 	 200 	 455 	 3
1788204913431 	 17 	 200 	 456 	 2
1788204913441 	 16 	 200 	 456 	 1
1788204913439 	 18 	 200 	 456 	 0
1788204913466 	 16 	 200 	 459 	 2
1788204913472 	 19 	 200 	 460 	 2
1788204913474 	 21 	 200 	 460 	 1
1788204913484 	 14 	 200 	 460 	 0
1788204913525 	 13 	 200 	 461 	 0
1788204913544 	 13 	 200 	 462 	 0
1788204913572 	 35 	 200 	 464 	 1
1788204913596 	 12 	 200 	 464 	 0
1788204913662 	 23 	 200 	 467 	 2
1788204913647 	 43 	 200 	 469 	 3
1788204913644 	 47 	 200 	 469 	 2
1788204913687 	 14 	 200 	 469 	 1
1788204913690 	 14 	 200 	 469 	 0
1788204913713 	 13 	 200 	 472 	 2
1788204913721 	 20 	 200 	 472 	 1
1788204913725 	 17 	 200 	 472 	 1
1788204913743 	 12 	 200 	 474 	 1
1788204913748 	 12 	 200 	 474 	 0
1788204913762 	 30 	 200 	 479 	 4
1788204913778 	 16 	 200 	 479 	 3
1788204913781 	 16 	 200 	 479 	 2
1788204913771 	 27 	 200 	 479 	 1
1788204913791 	 19 	 200 	 480 	 1
1788204913808 	 17 	 200 	 481 	 1
1788204913823 	 15 	 200 	 482 	 1
1788204913837 	 17 	 200 	 483 	 1
1788204913849 	 13 	 200 	 483 	 0
1788204913873 	 13 	 200 	 484 	 0
1788204913905 	 14 	 200 	 486 	 1
1788204913916 	 15 	 200 	 486 	 0
1788204913957 	 13 	 200 	 489 	 2
1788204913959 	 18 	 200 	 489 	 1
1788204913958 	 19 	 200 	 489 	 0
1788204914040 	 38 	 200 	 492 	 2
1788204914058 	 29 	 200 	 492 	 1
1788204914069 	 28 	 200 	 492 	 0
1788204914116 	 36 	 200 	 494 	 1
1788204914134 	 21 	 200 	 494 	 0
1788204914163 	 13 	 200 	 496 	 1
1788204914173 	 44 	 200 	 497 	 1
1788204914209 	 16 	 200 	 498 	 1
1788204914219 	 16 	 200 	 499 	 1
1788204914233 	 15 	 200 	 500 	 1
1788204914236 	 14 	 200 	 500 	 0
1788204914257 	 12 	 200 	 501 	 0
1788204914300 	 15 	 200 	 502 	 0
1788204914343 	 16 	 200 	 505 	 2
1788204914360 	 12 	 200 	 505 	 1
1788204914352 	 21 	 200 	 505 	 0
1788204914423 	 42 	 200 	 508 	 2
1788204914425 	 43 	 200 	 508 	 1
1788204914454 	 21 	 200 	 508 	 0
1788204914488 	 19 	 200 	 509 	 0
1788204914547 	 16 	 200 	 511 	 1
1788204914552 	 14 	 200 	 511 	 0
1788204914653 	 30 	 200 	 513 	 1
1788204914685 	 16 	 200 	 513 	 0
1788204914717 	 15 	 200 	 514 	 0
1788204914739 	 16 	 200 	 516 	 1
1788204914749 	 13 	 200 	 516 	 0
1788204914798 	 13 	 200 	 520 	 3
1788204914810 	 13 	 200 	 520 	 2
1788204914797 	 38 	 200 	 520 	 1
1788204914793 	 42 	 200 	 520 	 0
1788204914864 	 22 	 200 	 521 	 0
1788204914890 	 15 	 200 	 524 	 2
1788204914889 	 17 	 200 	 524 	 1
1788204914899 	 15 	 200 	 524 	 0
1788204914932 	 14 	 200 	 526 	 1
1788204914931 	 14 	 200 	 526 	 0
1788204914983 	 32 	 200 	 527 	 0
1788204915050 	 28 	 200 	 530 	 2
1788204915052 	 28 	 200 	 530 	 1
1788204915060 	 23 	 200 	 530 	 0
1788204915126 	 32 	 200 	 534 	 3
1788204915136 	 24 	 200 	 534 	 2
1788204915138 	 22 	 200 	 534 	 1
1788204915140 	 25 	 200 	 535 	 1
1788204915166 	 13 	 200 	 537 	 2
1788204915176 	 16 	 200 	 537 	 1
1788204915179 	 14 	 200 	 538 	 1
1788204915222 	 36 	 200 	 543 	 5
1788204915245 	 19 	 200 	 543 	 4
1788204915224 	 51 	 200 	 543 	 3
1788204915236 	 86 	 200 	 544 	 3
1788204915214 	 109 	 200 	 544 	 2
1788204915193 	 140 	 200 	 545 	 2
1788204915312 	 42 	 200 	 546 	 2
1788204915329 	 28 	 200 	 546 	 1
1788204915346 	 12 	 200 	 546 	 0
1788204915398 	 41 	 200 	 550 	 3
1788204915414 	 27 	 200 	 550 	 2
1788204915419 	 25 	 200 	 550 	 1
1788204915431 	 21 	 200 	 550 	 0
1788204915472 	 25 	 200 	 552 	 1
1788204915489 	 24 	 200 	 552 	 0
1788204915526 	 17 	 200 	 553 	 0
1788204915588 	 36 	 200 	 556 	 2
1788204915595 	 30 	 200 	 556 	 1
1788204915625 	 15 	 200 	 558 	 2
1788204915630 	 13 	 200 	 559 	 2
1788204915641 	 12 	 200 	 559 	 1
1788204915656 	 13 	 200 	 561 	 2
1788204915639 	 30 	 200 	 561 	 1
1788204915660 	 12 	 200 	 561 	 0
1788204915697 	 32 	 200 	 562 	 0
1788204915738 	 34 	 200 	 565 	 2
1788204915771 	 15 	 200 	 565 	 1
1788204915761 	 26 	 200 	 565 	 0
1788204915790 	 14 	 200 	 566 	 0
1788204915810 	 14 	 200 	 567 	 0
1788204915855 	 12 	 200 	 569 	 1
1788204915857 	 13 	 200 	 569 	 0
1788204915889 	 13 	 200 	 570 	 0
1788204915909 	 15 	 200 	 572 	 1
1788204915922 	 15 	 200 	 574 	 2
1788204915926 	 13 	 200 	 574 	 1
1788204915933 	 16 	 200 	 575 	 1
1788204915945 	 14 	 200 	 575 	 0
1788204915971 	 13 	 200 	 578 	 2
1788204915976 	 20 	 200 	 580 	 3
1788204915984 	 19 	 200 	 580 	 2
1788204915991 	 15 	 200 	 580 	 1
1788204915991 	 15 	 200 	 580 	 0
1788204916046 	 31 	 200 	 582 	 1
1788204916068 	 21 	 200 	 583 	 1
1788204916081 	 19 	 200 	 584 	 1
1788204916098 	 17 	 200 	 584 	 0
1788204916135 	 12 	 200 	 585 	 0
1788204916150 	 13 	 200 	 586 	 0
1788204916166 	 21 	 200 	 589 	 2
1788204916183 	 14 	 200 	 590 	 2
1788204916185 	 14 	 200 	 590 	 1
1788204916191 	 15 	 200 	 590 	 0
1788204916207 	 13 	 200 	 592 	 1
1788204916216 	 13 	 200 	 592 	 0
1788204916237 	 15 	 200 	 596 	 3
1788204916239 	 15 	 200 	 596 	 2
1788204916237 	 20 	 200 	 596 	 1
1788204916241 	 20 	 200 	 596 	 0
1788204916291 	 18 	 200 	 597 	 0
1788204916311 	 14 	 200 	 603 	 5
1788204916311 	 19 	 200 	 603 	 4
1788204916314 	 17 	 200 	 603 	 3
1788204916323 	 17 	 200 	 603 	 2
1788204916324 	 18 	 200 	 604 	 2
1788204916323 	 18 	 200 	 604 	 1
1788204916341 	 14 	 200 	 604 	 0
1788204916359 	 14 	 200 	 605 	 0
1788204916395 	 15 	 200 	 607 	 1
1788204916399 	 13 	 200 	 607 	 0
1788204916499 	 28 	 200 	 610 	 2
1788204916507 	 22 	 200 	 610 	 1
1788204916529 	 12 	 200 	 611 	 1
1788204916539 	 16 	 200 	 611 	 0
1788204916581 	 14 	 200 	 612 	 0
1788204916598 	 14 	 200 	 615 	 2
1788204916612 	 16 	 200 	 616 	 2
1788204916611 	 18 	 200 	 616 	 1
1788204916621 	 14 	 200 	 617 	 1
1788204916634 	 13 	 200 	 617 	 0
1788204916679 	 14 	 200 	 619 	 1
1788204916689 	 13 	 200 	 619 	 0
1788204916716 	 15 	 200 	 621 	 1
1788204916737 	 13 	 200 	 623 	 2
1788204916747 	 17 	 200 	 624 	 2
1788204916754 	 12 	 200 	 624 	 1
1788204916729 	 66 	 200 	 624 	 0
1788204916803 	 18 	 200 	 626 	 1
1788204916813 	 31 	 200 	 627 	 1
1788204916842 	 13 	 200 	 627 	 0
1788204916857 	 13 	 200 	 629 	 1
1788204916861 	 14 	 200 	 629 	 0
1788204916897 	 18 	 200 	 633 	 3
1788204916899 	 21 	 200 	 633 	 2
1788204916901 	 22 	 200 	 633 	 1
1788204916912 	 15 	 200 	 633 	 0
1788204916985 	 13 	 200 	 634 	 0
1788204917035 	 34 	 200 	 636 	 1
1788204917056 	 25 	 200 	 636 	 0
1788204917151 	 23 	 200 	 638 	 1
1788204917173 	 12 	 200 	 638 	 0
1788204917235 	 20 	 200 	 639 	 0
1788204917262 	 19 	 200 	 640 	 0
1788204917361 	 28 	 200 	 643 	 2
1788204917366 	 26 	 200 	 643 	 1
1788204917377 	 16 	 200 	 643 	 0
1788204917447 	 15 	 200 	 649 	 5
1788204917453 	 14 	 200 	 649 	 4
1788204917461 	 40 	 200 	 649 	 3
1788204917512 	 33 	 200 	 652 	 5
1788204917522 	 26 	 200 	 652 	 4
1788204917436 	 164 	 200 	 654 	 5
1788204917553 	 48 	 200 	 654 	 5
1788204917602 	 45 	 200 	 659 	 8
1788204917565 	 81 	 200 	 659 	 7
1788204917629 	 20 	 200 	 659 	 6
1788204917535 	 208 	 200 	 662 	 8
1788204917639 	 160 	 200 	 667 	 12
1788204917725 	 78 	 200 	 667 	 11
1788204917697 	 150 	 200 	 669 	 12
1788204917776 	 72 	 200 	 669 	 11
1788204917790 	 59 	 200 	 669 	 10
1788204917402 	 452 	 200 	 669 	 9
1788204917622 	 232 	 200 	 669 	 8
1788204917614 	 242 	 200 	 669 	 7
1788204917838 	 64 	 200 	 671 	 8
1788204917783 	 156 	 200 	 673 	 9
1788204917879 	 61 	 200 	 673 	 8
1788204917872 	 69 	 200 	 673 	 7
1788204917708 	 236 	 200 	 673 	 6
1788204917924 	 25 	 200 	 674 	 6
1788204917916 	 35 	 200 	 675 	 6
1788204917756 	 240 	 200 	 678 	 8
1788204917965 	 35 	 200 	 678 	 7
1788204917951 	 94 	 200 	 680 	 8
1788204917949 	 99 	 200 	 680 	 7
1788204918032 	 18 	 200 	 680 	 6
1788204917962 	 138 	 200 	 683 	 8
1788204917838 	 262 	 200 	 683 	 7
1788204918074 	 28 	 200 	 683 	 6
1788204917986 	 157 	 200 	 686 	 8
1788204918117 	 35 	 200 	 687 	 8
1788204918038 	 115 	 200 	 687 	 7
1788204918114 	 39 	 200 	 687 	 6
1788204918056 	 98 	 200 	 687 	 5
1788204917792 	 363 	 200 	 687 	 4
1788204918066 	 89 	 200 	 687 	 3
1788204918124 	 72 	 200 	 689 	 4
1788204918145 	 55 	 200 	 689 	 3
1788204918174 	 27 	 200 	 689 	 2
1788204918196 	 14 	 200 	 689 	 1
1788204918244 	 14 	 200 	 692 	 3
1788204918244 	 22 	 200 	 692 	 2
1788204918289 	 13 	 200 	 693 	 2
1788204918314 	 35 	 200 	 696 	 4
1788204918342 	 56 	 200 	 697 	 4
1788204918317 	 86 	 200 	 697 	 3
1788204918381 	 61 	 200 	 697 	 2
1788204918463 	 32 	 200 	 700 	 4
1788204918488 	 16 	 200 	 701 	 4
1788204918503 	 49 	 200 	 703 	 5
1788204918496 	 58 	 200 	 703 	 4
1788204918515 	 89 	 200 	 705 	 5
1788204918551 	 101 	 200 	 710 	 9
1788204918254 	 402 	 200 	 710 	 8
1788204918640 	 93 	 200 	 718 	 17
1788204918561 	 175 	 200 	 719 	 17
1788204918570 	 165 	 200 	 720 	 16
1788204918632 	 107 	 200 	 721 	 15
1788204918630 	 109 	 200 	 721 	 14
1788204918668 	 167 	 200 	 723 	 21
1788204918670 	 164 	 200 	 724 	 20
1788204918665 	 173 	 200 	 725 	 19
1788204918709 	 129 	 200 	 726 	 18
1788204918662 	 184 	 200 	 727 	 18
1788204918689 	 161 	 200 	 728 	 17
1788204918737 	 199 	 200 	 729 	 17
1788204918637 	 303 	 200 	 730 	 16
1788204918674 	 262 	 200 	 731 	 16
1788204918650 	 298 	 200 	 732 	 15
1788204917460 	 1574 	 200 	 733 	 22
1788204918693 	 347 	 200 	 734 	 21
1788204918736 	 406 	 200 	 735 	 28
1788204918841 	 303 	 200 	 736 	 28
1788204918791 	 356 	 200 	 737 	 27
1788204918770 	 431 	 200 	 738 	 29
1788204918852 	 378 	 200 	 739 	 28
1788204918939 	 356 	 200 	 740 	 30
1788204919145 	 157 	 200 	 741 	 29
1788204918838 	 503 	 200 	 742 	 30
1788204918739 	 602 	 200 	 743 	 29
1788204919153 	 193 	 200 	 744 	 29
1788204918849 	 505 	 200 	 745 	 28
1788204919233 	 125 	 200 	 746 	 27
1788204918947 	 415 	 200 	 747 	 26
1788204918977 	 456 	 200 	 748 	 27
1788204919298 	 137 	 200 	 749 	 27
1788204919150 	 296 	 200 	 750 	 27
1788204918943 	 508 	 200 	 751 	 26
1788204918837 	 619 	 200 	 752 	 25
1788204919356 	 180 	 200 	 753 	 27
1788204919343 	 192 	 200 	 754 	 26
1788204919036 	 507 	 200 	 755 	 26
1788204919449 	 187 	 200 	 756 	 30
1788204919042 	 598 	 200 	 757 	 29
1788204918842 	 805 	 200 	 758 	 28
1788204919343 	 297 	 200 	 759 	 27
1788204919437 	 209 	 200 	 760 	 26
1788204919348 	 291 	 200 	 761 	 27
1788204919538 	 110 	 200 	 762 	 26
1788204919364 	 293 	 200 	 763 	 25
1788204919454 	 191 	 200 	 764 	 24
1788204919304 	 350 	 200 	 765 	 23
1788204919204 	 444 	 200 	 766 	 22
1788204919436 	 295 	 200 	 767 	 24
1788204919361 	 379 	 200 	 768 	 23
1788204919458 	 290 	 200 	 769 	 22
1788204919663 	 172 	 200 	 770 	 24
1788204919666 	 168 	 200 	 771 	 23
1788204919652 	 184 	 200 	 772 	 22
1788204919544 	 294 	 200 	 773 	 21
1788204919661 	 183 	 200 	 774 	 20
1788204919643 	 195 	 200 	 775 	 19
1788204919657 	 186 	 200 	 776 	 18
1788204919651 	 198 	 200 	 777 	 20
1788204919655 	 187 	 200 	 778 	 19
1788204919541 	 311 	 200 	 779 	 18
1788204919841 	 94 	 200 	 780 	 19
1788204919671 	 264 	 200 	 781 	 18
1788204919669 	 273 	 200 	 782 	 17
1788204919654 	 287 	 200 	 783 	 16
1788204919737 	 204 	 200 	 784 	 15
1788204919742 	 208 	 200 	 784 	 15
1788204919857 	 142 	 200 	 786 	 18
1788204919863 	 174 	 200 	 787 	 18
1788204919846 	 195 	 200 	 788 	 17
1788204919854 	 181 	 200 	 789 	 16
1788204919839 	 207 	 200 	 790 	 15
1788204919750 	 383 	 200 	 791 	 21
1788204919952 	 292 	 200 	 792 	 27
1788204919937 	 313 	 200 	 793 	 26
1788204919948 	 301 	 200 	 794 	 25
1788204919838 	 416 	 200 	 795 	 24
1788204920049 	 251 	 200 	 796 	 26
1788204919848 	 486 	 200 	 797 	 29
1788204920135 	 203 	 200 	 798 	 28
1788204919944 	 393 	 200 	 799 	 27
1788204920043 	 302 	 200 	 800 	 26
1788204919936 	 495 	 200 	 801 	 30
1788204920252 	 186 	 200 	 802 	 29
1788204920045 	 390 	 200 	 803 	 28
1788204919976 	 467 	 200 	 804 	 27
1788204920039 	 405 	 200 	 805 	 26
1788204919837 	 685 	 200 	 806 	 29
1788204920302 	 239 	 200 	 807 	 28
1788204919859 	 775 	 200 	 808 	 32
1788204920347 	 292 	 200 	 809 	 31
1788204920247 	 396 	 200 	 810 	 30
1788204920336 	 310 	 200 	 811 	 29
1788204920255 	 479 	 200 	 812 	 32
1788204920341 	 394 	 200 	 813 	 31
1788204920450 	 293 	 200 	 814 	 31
1788204920258 	 487 	 200 	 815 	 30
1788204920538 	 212 	 200 	 816 	 29
1788204920543 	 294 	 200 	 817 	 37
1788204920001 	 839 	 200 	 818 	 37
1788204920738 	 194 	 200 	 819 	 40
1788204920440 	 492 	 200 	 820 	 39
1788204920753 	 181 	 200 	 821 	 38
1788204920436 	 501 	 200 	 822 	 37
1788204920344 	 591 	 200 	 823 	 36
1788204920453 	 494 	 200 	 824 	 35
1788204920446 	 507 	 200 	 825 	 34
1788204920842 	 198 	 200 	 826 	 34
1788204920749 	 297 	 200 	 827 	 33
1788204920637 	 408 	 200 	 828 	 34
1788204920741 	 391 	 200 	 829 	 40
1788204920943 	 190 	 200 	 830 	 39
1788204920937 	 199 	 200 	 831 	 39
1788204920643 	 491 	 200 	 832 	 38
1788204920839 	 299 	 200 	 833 	 37
1788204920648 	 497 	 200 	 834 	 37
1788204920747 	 396 	 200 	 835 	 36
1788204920650 	 499 	 200 	 836 	 36
1788204920936 	 209 	 200 	 837 	 35
1788204920945 	 206 	 200 	 838 	 34
1788204921048 	 150 	 200 	 839 	 38
1788204921053 	 180 	 200 	 840 	 39
1788204921135 	 99 	 200 	 841 	 38
1788204920950 	 284 	 200 	 842 	 37
1788204920957 	 281 	 200 	 843 	 36
1788204920936 	 305 	 200 	 844 	 35
1788204921140 	 195 	 200 	 845 	 39
1788204921043 	 292 	 200 	 846 	 39
1788204921156 	 182 	 200 	 847 	 38
1788204921154 	 184 	 200 	 848 	 37
1788204921135 	 206 	 200 	 849 	 36
1788204921147 	 201 	 200 	 850 	 35
1788204921138 	 290 	 200 	 851 	 37
1788204921138 	 300 	 200 	 852 	 36
1788204921236 	 215 	 200 	 853 	 35
1788204921152 	 345 	 200 	 854 	 38
1788204921201 	 334 	 200 	 855 	 38
1788204921235 	 299 	 200 	 856 	 37
1788204921338 	 206 	 200 	 857 	 36
1788204921158 	 441 	 200 	 858 	 41
1788204921240 	 360 	 200 	 859 	 40
1788204921347 	 255 	 500 	 860 	 39
1788204921242 	 392 	 200 	 861 	 40
1788204921453 	 220 	 200 	 862 	 40
1788204921351 	 350 	 200 	 863 	 42
1788204921336 	 374 	 200 	 864 	 42
1788204921434 	 278 	 200 	 865 	 41
1788204921238 	 511 	 200 	 866 	 42
1788204921439 	 361 	 200 	 867 	 43
1788204921507 	 331 	 200 	 868 	 44
1788204921545 	 297 	 200 	 869 	 43
1788204921602 	 251 	 200 	 870 	 42
1788204921538 	 318 	 200 	 871 	 41
1788204921541 	 320 	 200 	 872 	 40
1788204921802 	 63 	 200 	 873 	 40
1788204921636 	 235 	 200 	 874 	 40
1788204921676 	 195 	 200 	 875 	 39
1788204921704 	 196 	 200 	 876 	 40
1788204921340 	 593 	 200 	 877 	 40
1788204921855 	 94 	 200 	 878 	 41
1788204921604 	 431 	 200 	 879 	 43
1788204921601 	 433 	 200 	 880 	 42
1788204921859 	 184 	 200 	 881 	 41
1788204921714 	 347 	 200 	 882 	 42
1788204921869 	 230 	 200 	 883 	 42
1788204921712 	 433 	 200 	 884 	 43
1788204921952 	 198 	 200 	 885 	 42
1788204921876 	 279 	 200 	 886 	 41
1788204921863 	 295 	 200 	 887 	 41
1788204922038 	 121 	 200 	 888 	 40
1788204922063 	 169 	 200 	 889 	 39
1788204922101 	 154 	 200 	 890 	 40
1788204921845 	 411 	 200 	 891 	 40
1788204921751 	 513 	 200 	 892 	 40
1788204921935 	 361 	 200 	 893 	 40
1788204922037 	 298 	 200 	 894 	 42
1788204922147 	 198 	 200 	 895 	 41
1788204921873 	 475 	 200 	 896 	 40
1788204922157 	 198 	 200 	 897 	 39
1788204921840 	 611 	 200 	 898 	 44
1788204922261 	 187 	 200 	 899 	 43
1788204922266 	 194 	 200 	 900 	 44
1788204922152 	 311 	 200 	 901 	 43
1788204922164 	 295 	 200 	 902 	 42
1788204922161 	 296 	 200 	 903 	 41
1788204922297 	 238 	 200 	 904 	 46
1788204922256 	 282 	 200 	 905 	 45
1788204922341 	 201 	 200 	 906 	 44
1788204922346 	 202 	 200 	 907 	 43
1788204921901 	 678 	 200 	 908 	 44
1788204922351 	 281 	 200 	 909 	 43
1788204922235 	 419 	 200 	 910 	 43
1788204922453 	 204 	 200 	 911 	 43
1788204922540 	 119 	 200 	 912 	 42
1788204922536 	 158 	 200 	 913 	 42
1788204922462 	 291 	 200 	 914 	 42
1788204922456 	 301 	 200 	 915 	 41
1788204922045 	 749 	 200 	 916 	 45
1788204922661 	 284 	 200 	 917 	 54
1788204922581 	 369 	 200 	 918 	 53
1788204922759 	 196 	 200 	 919 	 52
1788204922552 	 408 	 200 	 920 	 51
1788204922466 	 493 	 200 	 921 	 50
1788204922756 	 202 	 200 	 922 	 49
1788204922357 	 610 	 200 	 923 	 49
1788204922696 	 265 	 200 	 924 	 48
1788204922470 	 568 	 200 	 925 	 50
1788204922957 	 175 	 200 	 926 	 52
1788204922544 	 589 	 200 	 927 	 51
1788204922660 	 469 	 200 	 928 	 50
1788204922636 	 499 	 200 	 929 	 49
1788204922468 	 670 	 200 	 930 	 48
1788204922948 	 193 	 200 	 931 	 47
1788204922797 	 436 	 200 	 932 	 52
1788204922972 	 271 	 200 	 933 	 51
1788204923040 	 215 	 200 	 934 	 50
1788204922952 	 306 	 200 	 935 	 49
1788204922970 	 377 	 200 	 936 	 52
1788204922963 	 430 	 200 	 937 	 54
1788204922967 	 428 	 200 	 938 	 53
1788204923137 	 304 	 200 	 939 	 52
1788204923144 	 298 	 200 	 940 	 52
1788204923137 	 314 	 200 	 941 	 51
1788204923135 	 361 	 200 	 942 	 53
1788204922963 	 530 	 200 	 943 	 52
1788204923140 	 402 	 200 	 944 	 56
1788204923245 	 297 	 200 	 945 	 55
1788204923235 	 307 	 200 	 946 	 54
1788204923136 	 419 	 200 	 947 	 54
1788204922656 	 940 	 200 	 948 	 53
1788204923397 	 206 	 200 	 949 	 53
1788204923261 	 340 	 200 	 950 	 52
1788204923395 	 253 	 200 	 951 	 56
1788204923349 	 391 	 200 	 952 	 60
1788204923544 	 209 	 200 	 953 	 60
1788204923544 	 212 	 200 	 954 	 59
1788204923258 	 543 	 200 	 955 	 60
1788204923444 	 401 	 200 	 956 	 63
1788204923556 	 294 	 200 	 957 	 63
1788204923447 	 407 	 200 	 958 	 62
1788204923598 	 257 	 200 	 959 	 61
1788204923650 	 210 	 200 	 960 	 60
1788204923604 	 329 	 200 	 961 	 61
1788204923498 	 437 	 200 	 962 	 61
1788204923743 	 191 	 200 	 963 	 60
1788204923604 	 332 	 200 	 964 	 59
1788204923499 	 448 	 200 	 965 	 58
1788204923848 	 105 	 200 	 966 	 57
1788204923759 	 279 	 200 	 967 	 61
1788204923755 	 292 	 200 	 968 	 60
1788204923852 	 198 	 200 	 969 	 59
1788204923938 	 209 	 200 	 970 	 61
1788204923857 	 381 	 200 	 971 	 65
1788204923863 	 376 	 200 	 972 	 64
1788204923937 	 305 	 200 	 973 	 63
1788204923940 	 304 	 200 	 974 	 62
1788204924053 	 198 	 200 	 975 	 61
1788204923935 	 336 	 200 	 976 	 62
1788204924040 	 231 	 200 	 977 	 61
1788204923545 	 791 	 200 	 978 	 60
1788204923860 	 478 	 200 	 979 	 59
1788204924240 	 104 	 200 	 980 	 58
1788204924243 	 110 	 200 	 981 	 57
1788204924254 	 115 	 200 	 982 	 57
1788204923955 	 486 	 200 	 983 	 58
1788204924242 	 214 	 200 	 984 	 57
1788204924274 	 221 	 200 	 985 	 57
1788204924245 	 251 	 200 	 986 	 56
1788204923950 	 588 	 200 	 987 	 61
1788204924341 	 254 	 200 	 988 	 63
1788204924346 	 251 	 200 	 989 	 62
1788204924149 	 545 	 200 	 990 	 65
1788204924497 	 249 	 200 	 991 	 66
1788204924443 	 303 	 200 	 992 	 65
1788204924273 	 476 	 200 	 993 	 64
1788204924355 	 403 	 200 	 994 	 63
1788204923453 	 1385 	 200 	 995 	 66
1788204924371 	 469 	 200 	 996 	 65
1788204924498 	 345 	 200 	 997 	 64
1788204924760 	 87 	 200 	 998 	 63
1788204924541 	 315 	 200 	 999 	 62
1788204924598 	 259 	 200 	 1000 	 61
1788204924597 	 258 	 200 	 1001 	 60
1788204924756 	 176 	 200 	 1002 	 65
1788204924340 	 612 	 200 	 1003 	 65
1788204924458 	 594 	 200 	 1004 	 66
1788204924697 	 399 	 200 	 1005 	 70
1788204924842 	 299 	 200 	 1006 	 73
1788204924859 	 280 	 200 	 1007 	 73
1788204924754 	 485 	 200 	 1008 	 76
1788204924750 	 501 	 200 	 1009 	 76
1788204924935 	 325 	 200 	 1010 	 76
1788204924859 	 403 	 200 	 1011 	 75
1788204924840 	 426 	 200 	 1012 	 74
1788204924954 	 381 	 200 	 1013 	 78
1788204924849 	 496 	 200 	 1014 	 77
1788204924844 	 515 	 200 	 1015 	 79
1788204925144 	 297 	 200 	 1016 	 82
1788204925148 	 295 	 200 	 1017 	 81
1788204925265 	 197 	 200 	 1018 	 84
1788204925253 	 294 	 200 	 1019 	 86
1788204925268 	 284 	 200 	 1020 	 85
1788204925242 	 310 	 200 	 1021 	 84
1788204925262 	 379 	 200 	 1022 	 87
1788204924864 	 783 	 200 	 1023 	 86
1788204925446 	 206 	 200 	 1024 	 85
1788204925444 	 221 	 200 	 1025 	 87
1788204925643 	 196 	 200 	 1026 	 96
1788204925650 	 198 	 200 	 1027 	 96
1788204925054 	 801 	 200 	 1028 	 95
1788204925350 	 509 	 200 	 1029 	 94
1788204925655 	 205 	 200 	 1030 	 93
1788204921344 	 4599 	 200 	 1031 	 94
1788204925337 	 613 	 200 	 1032 	 93
1788204925555 	 393 	 200 	 1033 	 92
1788204925842 	 115 	 200 	 1034 	 92
1788204925550 	 406 	 200 	 1035 	 91
1788204925098 	 863 	 200 	 1036 	 90
1788204925464 	 503 	 200 	 1037 	 89
1788204925858 	 111 	 200 	 1038 	 88
1788204925863 	 106 	 200 	 1039 	 87
1788204925557 	 411 	 200 	 1040 	 86
1788204925361 	 690 	 200 	 1041 	 91
1788204925666 	 468 	 200 	 1042 	 94
1788204925960 	 185 	 200 	 1043 	 95
1788204925966 	 184 	 200 	 1044 	 94
1788204925973 	 272 	 200 	 1045 	 100
1788204925852 	 397 	 200 	 1046 	 99
1788204925952 	 300 	 200 	 1047 	 98
1788204926148 	 108 	 200 	 1048 	 97
1788204926152 	 112 	 200 	 1049 	 96
1788204925945 	 388 	 200 	 1050 	 97
1788204925971 	 372 	 200 	 1051 	 97
1788204926248 	 106 	 200 	 1052 	 97
1788204925964 	 391 	 200 	 1053 	 96
1788204925976 	 383 	 200 	 1054 	 95
1788204925865 	 528 	 200 	 1055 	 94
1788204926252 	 184 	 200 	 1056 	 96
1788204925955 	 485 	 200 	 1057 	 96
1788204926266 	 173 	 200 	 1058 	 95
1788204926254 	 207 	 200 	 1059 	 95
1788204926335 	 211 	 200 	 1060 	 99
1788204926346 	 205 	 200 	 1061 	 98
1788204926360 	 200 	 200 	 1062 	 97
1788204926258 	 383 	 200 	 1063 	 99
1788204926054 	 592 	 200 	 1064 	 99
1788204926356 	 300 	 200 	 1065 	 98
1788204926137 	 558 	 200 	 1066 	 99
1788204926438 	 261 	 200 	 1067 	 98
1788204926443 	 255 	 200 	 1068 	 97
1788204925978 	 721 	 200 	 1069 	 96
1788204926445 	 394 	 200 	 1070 	 101
1788204926548 	 295 	 200 	 1071 	 100
1788204926463 	 394 	 200 	 1072 	 99
1788204926562 	 296 	 200 	 1073 	 98
1788204926696 	 165 	 200 	 1074 	 97
1788204926644 	 291 	 200 	 1075 	 98
1788204926703 	 248 	 200 	 1076 	 98
1788204926841 	 115 	 200 	 1077 	 97
1788204926846 	 113 	 200 	 1078 	 96
1788204926701 	 348 	 200 	 1079 	 100
1788204926866 	 183 	 200 	 1080 	 99
1788204926961 	 181 	 200 	 1081 	 104
1788204926396 	 753 	 200 	 1082 	 103
1788204926705 	 447 	 200 	 1083 	 103
1788204926864 	 331 	 200 	 1084 	 105
1788204926955 	 293 	 200 	 1085 	 104
1788204927144 	 106 	 200 	 1086 	 103
1788204927052 	 197 	 200 	 1087 	 102
1788204926552 	 697 	 200 	 1088 	 101
1788204926937 	 402 	 200 	 1089 	 103
1788204926362 	 977 	 200 	 1090 	 102
1788204927055 	 283 	 200 	 1091 	 101
1788204926659 	 682 	 200 	 1092 	 100
1788204926649 	 706 	 200 	 1093 	 100
1788204927154 	 205 	 200 	 1094 	 99
1788204926959 	 487 	 200 	 1095 	 103
1788204927197 	 254 	 200 	 1096 	 102
1788204927341 	 201 	 200 	 1097 	 106
1788204926861 	 733 	 200 	 1098 	 108
1788204927361 	 279 	 200 	 1099 	 112
1788204927452 	 204 	 200 	 1100 	 111
1788204927344 	 408 	 200 	 1101 	 118
1788204927544 	 211 	 200 	 1102 	 117
1788204927658 	 105 	 200 	 1103 	 117
1788204927642 	 154 	 200 	 1104 	 117
1788204927595 	 204 	 200 	 1105 	 116
1788204927253 	 601 	 200 	 1106 	 120
1788204927753 	 143 	 200 	 1107 	 122
1788204927757 	 182 	 200 	 1108 	 121
1788204927358 	 585 	 200 	 1109 	 122
1788204927801 	 153 	 200 	 1110 	 122
1788204927898 	 60 	 200 	 1111 	 122
1788204927343 	 653 	 200 	 1112 	 123
1788204927250 	 798 	 200 	 1113 	 123
1788204927766 	 329 	 200 	 1114 	 124
1788204927945 	 207 	 200 	 1115 	 126
1788204927941 	 216 	 200 	 1116 	 126
1788204927960 	 234 	 200 	 1117 	 126
1788204927799 	 441 	 200 	 1118 	 125
1788204928154 	 95 	 200 	 1119 	 124
1788204928159 	 95 	 200 	 1120 	 124
1788204927447 	 891 	 200 	 1121 	 126
1788204928256 	 89 	 200 	 1122 	 125
1788204928252 	 94 	 200 	 1123 	 124
1788204928347 	 200 	 200 	 1124 	 139
1788204928348 	 207 	 200 	 1125 	 139
1788204928550 	 192 	 200 	 1126 	 151
1788204927956 	 792 	 200 	 1127 	 150
1788204927856 	 895 	 200 	 1128 	 150
1788204928557 	 210 	 200 	 1129 	 149
1788204928241 	 597 	 200 	 1130 	 149
1788204928097 	 742 	 200 	 1131 	 148
1788204927255 	 1586 	 200 	 1132 	 147
1788204928196 	 662 	 200 	 1133 	 146
1788204928754 	 186 	 200 	 1134 	 155
1788204928769 	 226 	 200 	 1135 	 158
1788204927998 	 1043 	 200 	 1136 	 161
1788204928744 	 309 	 200 	 1137 	 161
1788204928750 	 397 	 200 	 1138 	 163
1788204928840 	 305 	 200 	 1139 	 162
1788204928843 	 312 	 200 	 1140 	 162
1788204928050 	 1107 	 200 	 1141 	 161
1788204928943 	 252 	 200 	 1142 	 164
1788204928997 	 249 	 200 	 1143 	 166
1788204928841 	 416 	 200 	 1144 	 165
1788204929159 	 179 	 200 	 1145 	 169
1788204929042 	 298 	 200 	 1146 	 168
1788204929150 	 188 	 200 	 1147 	 167
1788204929197 	 146 	 200 	 1148 	 166
1788204927341 	 2008 	 200 	 1149 	 165
1788204928341 	 1026 	 200 	 1150 	 165
1788204928859 	 596 	 200 	 1151 	 167
1788204929156 	 393 	 200 	 1152 	 170
1788204929343 	 211 	 200 	 1153 	 169
1788204929341 	 216 	 200 	 1154 	 168
1788204929342 	 299 	 200 	 1155 	 176
1788204929352 	 301 	 200 	 1156 	 177
1788204929258 	 590 	 200 	 1157 	 190
1788204929458 	 395 	 200 	 1158 	 189
1788204929552 	 342 	 200 	 1159 	 191
1788204929643 	 253 	 200 	 1160 	 190
1788204929655 	 243 	 200 	 1161 	 189
1788204929558 	 383 	 200 	 1162 	 191
1788204929249 	 746 	 200 	 1163 	 193
1788204929896 	 200 	 200 	 1164 	 194
1788204929898 	 252 	 200 	 1165 	 196
1788204929899 	 251 	 200 	 1166 	 197
1788204930097 	 143 	 200 	 1167 	 199
1788204929555 	 689 	 200 	 1168 	 198
1788204929943 	 303 	 200 	 1169 	 197
1788204929855 	 396 	 200 	 1170 	 196
1788204929150 	 1111 	 200 	 1171 	 196
1788204929345 	 952 	 200 	 1172 	 198
1788204929368 	 931 	 200 	 1173 	 197
1788204929997 	 335 	 200 	 1174 	 200
1788204929850 	 494 	 200 	 1175 	 200
1788204924049 	 6346 	 200 	 1176 	 200
1788204929056 	 1384 	 200 	 1177 	 203
1788204930152 	 345 	 200 	 1178 	 205
1788204930301 	 238 	 200 	 1179 	 207
1788204930264 	 291 	 200 	 1180 	 206
1788204930347 	 210 	 200 	 1181 	 205
1788204930247 	 400 	 200 	 1182 	 211
1788204930252 	 401 	 200 	 1183 	 210
1788204930241 	 413 	 200 	 1184 	 209
1788204930397 	 398 	 200 	 1185 	 211
1788204930499 	 341 	 200 	 1186 	 212
1788204930658 	 182 	 200 	 1187 	 212
1788204930154 	 687 	 200 	 1188 	 211
1788204930541 	 316 	 200 	 1189 	 210
1788204930559 	 488 	 200 	 1190 	 216
1788204930841 	 304 	 200 	 1191 	 219
1788204930843 	 303 	 200 	 1192 	 218
1788204930842 	 309 	 200 	 1193 	 217
1788204930797 	 358 	 200 	 1194 	 216
1788204930248 	 947 	 200 	 1195 	 217
1788204930859 	 382 	 200 	 1196 	 219
1788204930561 	 683 	 200 	 1197 	 218
1788204931197 	 54 	 200 	 1198 	 218
1788204931049 	 202 	 200 	 1199 	 217
1788204931152 	 144 	 200 	 1200 	 220
1788204931149 	 140 	 200 	 1201 	 219
1788204931148 	 207 	 200 	 1202 	 225
1788204931245 	 204 	 200 	 1203 	 229
1788204931254 	 197 	 200 	 1204 	 228
1788204931300 	 153 	 200 	 1205 	 227
1788204930335 	 1161 	 200 	 1206 	 231
1788204931243 	 253 	 200 	 1207 	 230
1788204930298 	 1243 	 200 	 1208 	 231
1788204931300 	 257 	 200 	 1209 	 230
1788204931252 	 388 	 200 	 1210 	 233
1788204931453 	 187 	 200 	 1211 	 232
1788204931451 	 198 	 200 	 1212 	 231
1788204931358 	 293 	 200 	 1213 	 230
1788204931543 	 113 	 200 	 1214 	 230
1788204930442 	 1252 	 200 	 1215 	 231
1788204930656 	 1038 	 200 	 1216 	 230
1788204931454 	 299 	 200 	 1217 	 234
1788204931560 	 282 	 200 	 1218 	 239
1788204931659 	 282 	 200 	 1219 	 242
1788204931641 	 310 	 200 	 1220 	 241
1788204931653 	 299 	 200 	 1221 	 240
1788204931755 	 204 	 200 	 1222 	 239
1788204927150 	 4890 	 200 	 1223 	 240
1788204931650 	 402 	 200 	 1224 	 241
1788204931696 	 370 	 200 	 1225 	 240
1788204931156 	 937 	 200 	 1226 	 239
1788204931498 	 644 	 200 	 1227 	 242
1788204932068 	 88 	 200 	 1228 	 241
1788204931696 	 465 	 200 	 1229 	 240
1788204931641 	 521 	 200 	 1230 	 240
1788204931844 	 315 	 200 	 1231 	 239
1788204931961 	 292 	 200 	 1232 	 241
1788204931943 	 313 	 200 	 1233 	 240
1788204931497 	 762 	 200 	 1234 	 239
1788204931958 	 341 	 200 	 1235 	 241
1788204932159 	 141 	 200 	 1236 	 240
1788204932167 	 172 	 200 	 1237 	 242
1788204932255 	 84 	 200 	 1238 	 241
1788204932163 	 182 	 200 	 1239 	 240
1788204932262 	 93 	 200 	 1240 	 240
1788204932302 	 58 	 200 	 1241 	 239
1788204932301 	 100 	 200 	 1242 	 239
1788204931955 	 483 	 200 	 1243 	 240
1788204932342 	 112 	 200 	 1244 	 240
1788204932361 	 134 	 200 	 1245 	 240
1788204932348 	 149 	 200 	 1246 	 239
1788204932043 	 594 	 200 	 1247 	 250
1788204932455 	 200 	 200 	 1248 	 251
1788204932501 	 243 	 200 	 1249 	 254
1788204932053 	 692 	 200 	 1250 	 253
1788204932498 	 265 	 200 	 1251 	 253
1788204932440 	 401 	 200 	 1252 	 255
1788204932357 	 580 	 200 	 1253 	 262
1788204932402 	 537 	 200 	 1254 	 261
1788204932657 	 301 	 200 	 1255 	 261
1788204932746 	 212 	 200 	 1256 	 261
1788204932765 	 233 	 200 	 1257 	 262
1788204932165 	 875 	 200 	 1258 	 261
1788204932340 	 755 	 200 	 1259 	 265
1788204932842 	 303 	 200 	 1260 	 266
1788204932751 	 398 	 200 	 1261 	 265
1788204932640 	 515 	 200 	 1262 	 264
1788204932941 	 222 	 200 	 1263 	 264
1788204932260 	 936 	 200 	 1264 	 265
1788204923803 	 9394 	 200 	 1265 	 264
1788204933097 	 150 	 200 	 1266 	 266
1788204933165 	 86 	 200 	 1267 	 265
1788204933147 	 107 	 200 	 1268 	 265
1788204932941 	 318 	 200 	 1269 	 264
1788204933249 	 149 	 200 	 1270 	 269
1788204933000 	 401 	 200 	 1271 	 268
1788204933252 	 190 	 200 	 1272 	 269
1788204932960 	 492 	 200 	 1273 	 269
1788204932143 	 1313 	 200 	 1274 	 269
1788204933042 	 416 	 200 	 1275 	 268
1788204933403 	 95 	 200 	 1276 	 269
1788204933444 	 199 	 200 	 1277 	 277
1788204933199 	 449 	 200 	 1278 	 276
1788204933198 	 452 	 200 	 1279 	 275
1788204933156 	 498 	 200 	 1280 	 274
1788204933499 	 155 	 200 	 1281 	 273
1788204933261 	 581 	 200 	 1282 	 283
1788204933257 	 642 	 200 	 1283 	 283
1788204933654 	 284 	 200 	 1284 	 285
1788204933399 	 552 	 200 	 1285 	 284
1788204933659 	 336 	 200 	 1286 	 285
1788204933661 	 388 	 200 	 1287 	 289
1788204933459 	 635 	 200 	 1288 	 290
1788204933454 	 686 	 200 	 1289 	 292
1788204933151 	 996 	 200 	 1290 	 291
1788204933954 	 286 	 200 	 1291 	 292
1788204934051 	 190 	 200 	 1292 	 291
1788204933997 	 248 	 200 	 1293 	 290
1788204933650 	 592 	 200 	 1294 	 289
1788204933460 	 790 	 200 	 1295 	 290
1788204933902 	 352 	 200 	 1296 	 289
1788204933646 	 611 	 200 	 1297 	 288
1788204933845 	 451 	 200 	 1298 	 287
1788204934098 	 249 	 200 	 1299 	 292
1788204934244 	 202 	 200 	 1300 	 296
1788204933942 	 512 	 200 	 1301 	 295
1788204934252 	 205 	 200 	 1302 	 294
1788204934259 	 287 	 200 	 1303 	 299
1788204934447 	 197 	 200 	 1304 	 302
1788204934459 	 192 	 200 	 1305 	 301
1788204927252 	 7403 	 200 	 1306 	 300
1788204934458 	 196 	 200 	 1307 	 299
1788204934350 	 307 	 200 	 1308 	 298
1788204934242 	 416 	 200 	 1309 	 298
1788204934547 	 110 	 200 	 1310 	 297
1788204934298 	 367 	 200 	 1311 	 297
1788204934246 	 449 	 200 	 1312 	 297
1788204934653 	 143 	 200 	 1313 	 299
1788204934646 	 152 	 200 	 1314 	 299
1788204934668 	 172 	 200 	 1315 	 298
1788204934142 	 703 	 200 	 1316 	 298
1788204934800 	 50 	 200 	 1317 	 298
1788204934150 	 703 	 200 	 1318 	 297
1788204934256 	 602 	 200 	 1319 	 297
1788204934657 	 285 	 200 	 1320 	 303
1788204934248 	 795 	 200 	 1321 	 308
1788204934661 	 386 	 200 	 1322 	 308
1788204934848 	 215 	 200 	 1323 	 307
1788204934697 	 444 	 200 	 1324 	 312
1788204934841 	 317 	 200 	 1325 	 311
1788204934660 	 498 	 200 	 1326 	 310
1788204934797 	 398 	 200 	 1327 	 311
1788204934851 	 343 	 200 	 1328 	 310
1788204934662 	 584 	 200 	 1329 	 312
1788204935162 	 86 	 200 	 1330 	 311
1788204934664 	 587 	 200 	 1331 	 310
1788204935197 	 60 	 200 	 1332 	 309
1788204935258 	 88 	 200 	 1333 	 313
1788204934944 	 413 	 200 	 1334 	 312
1788204935044 	 316 	 200 	 1335 	 311
1788204934855 	 594 	 200 	 1336 	 313
1788204934859 	 593 	 200 	 1337 	 312
1788204935347 	 110 	 200 	 1338 	 311
1788204935142 	 314 	 200 	 1339 	 310
1788204935051 	 592 	 200 	 1340 	 317
1788204935160 	 582 	 200 	 1341 	 319
1788204935195 	 554 	 200 	 1342 	 319
1788204935247 	 549 	 200 	 1343 	 320
1788204935065 	 773 	 200 	 1344 	 320
1788204935451 	 398 	 200 	 1345 	 319
1788204935455 	 400 	 200 	 1346 	 318
1788204935250 	 702 	 200 	 1347 	 323
1788204935253 	 790 	 200 	 1348 	 325
1788204935461 	 582 	 200 	 1349 	 324
1788204935744 	 317 	 200 	 1350 	 323
1788204935459 	 606 	 200 	 1351 	 322
1788204935858 	 208 	 200 	 1352 	 321
1788204935359 	 782 	 200 	 1353 	 321
1788204936046 	 155 	 200 	 1354 	 322
1788204935363 	 840 	 200 	 1355 	 321
1788204935646 	 692 	 200 	 1356 	 329
1788204935954 	 386 	 200 	 1357 	 328
1788204936064 	 277 	 200 	 1358 	 327
1788204935797 	 546 	 200 	 1359 	 326
1788204936071 	 276 	 200 	 1360 	 325
1788204936205 	 235 	 200 	 1361 	 332
1788204936343 	 299 	 200 	 1362 	 345
1788204936341 	 305 	 200 	 1363 	 344
1788204936068 	 578 	 200 	 1364 	 344
1788204936045 	 611 	 200 	 1365 	 344
1788204936442 	 256 	 200 	 1366 	 344
1788204936349 	 407 	 200 	 1367 	 348
1788204936206 	 589 	 200 	 1368 	 348
1788204936662 	 176 	 200 	 1369 	 352
1788204936651 	 193 	 200 	 1370 	 351
1788204935851 	 994 	 200 	 1371 	 350
1788204936342 	 509 	 200 	 1372 	 349
1788204936144 	 711 	 200 	 1373 	 348
1788204936841 	 112 	 200 	 1374 	 352
1788204935840 	 1116 	 200 	 1375 	 351
1788204936345 	 649 	 200 	 1376 	 351
1788204936957 	 83 	 200 	 1377 	 353
1788204936758 	 297 	 200 	 1378 	 353
1788204936644 	 420 	 200 	 1379 	 352
1788204937066 	 76 	 200 	 1380 	 353
1788204936857 	 290 	 200 	 1381 	 353
1788204936648 	 513 	 200 	 1382 	 353
1788204936700 	 551 	 200 	 1383 	 356
1788204936797 	 499 	 200 	 1384 	 356
1788204937057 	 289 	 200 	 1385 	 359
1788204935751 	 1602 	 200 	 1386 	 358
1788204937144 	 249 	 200 	 1387 	 360
1788204937396 	 61 	 200 	 1388 	 361
1788204937149 	 352 	 200 	 1389 	 361
1788204937043 	 495 	 200 	 1390 	 361
1788204937459 	 85 	 200 	 1391 	 360
1788204936848 	 713 	 200 	 1392 	 359
1788204936996 	 654 	 200 	 1393 	 362
1788204937349 	 304 	 200 	 1394 	 362
1788204937253 	 445 	 200 	 1395 	 364
1788204937503 	 240 	 200 	 1396 	 363
1788204937546 	 204 	 200 	 1397 	 364
1788204936847 	 991 	 200 	 1398 	 367
1788204937297 	 542 	 200 	 1399 	 366
1788204937744 	 104 	 200 	 1400 	 365
1788204937164 	 695 	 200 	 1401 	 365
1788204937540 	 401 	 200 	 1402 	 365
1788204937851 	 193 	 200 	 1403 	 370
1788204937842 	 207 	 200 	 1404 	 369
1788204937355 	 697 	 200 	 1405 	 368
1788204937700 	 358 	 200 	 1406 	 367
1788204937655 	 406 	 200 	 1407 	 366
1788204936954 	 1111 	 200 	 1408 	 365
1788204937752 	 392 	 200 	 1409 	 370
1788204937563 	 588 	 200 	 1410 	 369
1788204937652 	 542 	 200 	 1411 	 368
1788204937943 	 301 	 200 	 1412 	 367
1788204937840 	 411 	 200 	 1413 	 367
1788204936853 	 1401 	 200 	 1414 	 366
1788204938051 	 214 	 200 	 1415 	 365
1788204938154 	 145 	 200 	 1416 	 368
1788204938268 	 76 	 200 	 1417 	 371
1788204938047 	 305 	 200 	 1418 	 370
1788204938301 	 57 	 200 	 1419 	 369
1788204938055 	 302 	 200 	 1420 	 368
1788204937862 	 576 	 200 	 1421 	 372
1788204938195 	 248 	 200 	 1422 	 371
1788204938346 	 100 	 200 	 1423 	 370
1788204938060 	 389 	 200 	 1424 	 369
1788204932962 	 5498 	 200 	 1425 	 369
1788204938246 	 218 	 200 	 1426 	 369
1788204938063 	 480 	 200 	 1427 	 374
1788204938256 	 385 	 200 	 1428 	 383
1788204938440 	 206 	 200 	 1429 	 384
1788204938448 	 201 	 200 	 1430 	 383
1788204938445 	 214 	 200 	 1431 	 383
1788204938067 	 666 	 200 	 1432 	 391
1788204938252 	 542 	 200 	 1433 	 392
1788204938452 	 343 	 200 	 1434 	 391
1788204938360 	 435 	 200 	 1435 	 390
1788204938355 	 497 	 200 	 1436 	 394
1788204938647 	 208 	 200 	 1437 	 393
1788204938661 	 197 	 200 	 1438 	 392
1788204938147 	 748 	 200 	 1439 	 393
1788204938545 	 398 	 200 	 1440 	 393
1788204938466 	 477 	 200 	 1441 	 392
1788204938797 	 160 	 200 	 1442 	 393
1788204938860 	 103 	 200 	 1443 	 392
1788204938642 	 320 	 200 	 1444 	 391
1788204938735 	 236 	 200 	 1445 	 390
1788204938858 	 113 	 200 	 1446 	 389
1788204938855 	 179 	 200 	 1447 	 389
1788204938462 	 572 	 200 	 1448 	 389
1788204938360 	 772 	 200 	 1449 	 392
1788204938652 	 486 	 200 	 1450 	 391
1788204930649 	 8506 	 200 	 1451 	 391
1788204938946 	 215 	 200 	 1452 	 391
1788204932095 	 7149 	 200 	 1453 	 392
1788204938960 	 286 	 200 	 1454 	 393
1788204938974 	 272 	 200 	 1455 	 392
1788204938967 	 275 	 200 	 1456 	 391
1788204939036 	 222 	 200 	 1457 	 390
1788204938966 	 287 	 200 	 1458 	 389
1788204939157 	 100 	 200 	 1459 	 388
1788204938977 	 288 	 200 	 1460 	 388
1788204938797 	 470 	 200 	 1461 	 387
1788204939136 	 132 	 200 	 1462 	 386
1788204939162 	 171 	 200 	 1463 	 385
1788204938798 	 546 	 200 	 1464 	 385
1788204939141 	 215 	 200 	 1465 	 385
1788204938945 	 412 	 200 	 1466 	 384
1788204939037 	 359 	 200 	 1467 	 387
1788204939267 	 133 	 200 	 1468 	 386
1788204939252 	 183 	 200 	 1469 	 389
1788204938897 	 547 	 200 	 1470 	 388
1788204939269 	 279 	 200 	 1471 	 392
1788204939249 	 300 	 200 	 1472 	 391
1788204939260 	 295 	 200 	 1473 	 390
1788204939245 	 403 	 200 	 1474 	 396
1788204939259 	 396 	 200 	 1475 	 395
1788204939360 	 298 	 200 	 1476 	 394
1788204939345 	 313 	 200 	 1477 	 393
1788204939250 	 409 	 200 	 1478 	 392
1788204939554 	 179 	 200 	 1479 	 394
1788204939402 	 342 	 200 	 1480 	 393
1788204939335 	 413 	 200 	 1481 	 392
1788204939558 	 186 	 200 	 1482 	 391
1788204939436 	 312 	 200 	 1483 	 390
1788204939445 	 312 	 200 	 1484 	 390
1788204939271 	 496 	 200 	 1485 	 389
1788204939399 	 434 	 200 	 1486 	 393
1788204939651 	 190 	 200 	 1487 	 393
1788204939550 	 305 	 200 	 1488 	 394
1788204939735 	 201 	 200 	 1489 	 398
1788204939262 	 676 	 200 	 1490 	 398
1788204939661 	 298 	 200 	 1491 	 397
1788204939362 	 682 	 200 	 1492 	 405
1788204939656 	 394 	 200 	 1493 	 404
1788204939768 	 286 	 200 	 1494 	 403
1788204939750 	 302 	 200 	 1495 	 402
1788204939835 	 311 	 200 	 1496 	 409
1788204939859 	 293 	 200 	 1497 	 409
1788204939663 	 488 	 200 	 1498 	 408
1788204939943 	 214 	 200 	 1499 	 407
1788204939747 	 487 	 200 	 1500 	 409
1788204939844 	 395 	 200 	 1501 	 408
1788204939665 	 583 	 200 	 1502 	 407
1788204940059 	 195 	 200 	 1503 	 407
1788204940046 	 211 	 200 	 1504 	 406
1788204940148 	 110 	 200 	 1505 	 405
1788204940155 	 139 	 200 	 1506 	 405
1788204940157 	 138 	 200 	 1507 	 404
1788204939962 	 378 	 200 	 1508 	 404
1788204939753 	 588 	 200 	 1509 	 403
1788204939940 	 406 	 200 	 1510 	 402
1788204940053 	 302 	 200 	 1511 	 403
1788204939760 	 599 	 200 	 1512 	 402
1788204940235 	 198 	 200 	 1513 	 404
1788204940241 	 193 	 200 	 1514 	 404
1788204940261 	 180 	 200 	 1515 	 403
1788204940256 	 187 	 200 	 1516 	 402
1788204940297 	 146 	 200 	 1517 	 401
1788204940250 	 196 	 200 	 1518 	 401
1788204940260 	 199 	 200 	 1519 	 403
1788204940056 	 481 	 200 	 1520 	 411
1788204940344 	 209 	 200 	 1521 	 411
1788204940160 	 399 	 200 	 1522 	 410
1788204940361 	 289 	 200 	 1523 	 413
1788204940436 	 220 	 200 	 1524 	 412
1788204940449 	 284 	 200 	 1525 	 414
1788204940296 	 444 	 200 	 1526 	 413
1788204940442 	 305 	 200 	 1527 	 412
1788204940343 	 486 	 200 	 1528 	 414
1788204940448 	 385 	 200 	 1529 	 413
1788204940434 	 415 	 200 	 1530 	 413
1788204940461 	 385 	 200 	 1531 	 412
1788204940657 	 179 	 200 	 1532 	 411
1788204940444 	 407 	 200 	 1533 	 410
1788204940557 	 381 	 200 	 1534 	 411
1788204940539 	 398 	 200 	 1535 	 410
1788204939751 	 1189 	 200 	 1536 	 410
1788204940742 	 205 	 200 	 1537 	 409
1788204940357 	 588 	 200 	 1538 	 408
1788204940561 	 385 	 200 	 1539 	 407
1788204940349 	 605 	 200 	 1540 	 406
1788204940749 	 285 	 200 	 1541 	 411
1788204940652 	 387 	 200 	 1542 	 410
1788204940736 	 302 	 200 	 1543 	 409
1788204940842 	 292 	 200 	 1544 	 413
1788204940845 	 296 	 200 	 1545 	 412
1788204940854 	 287 	 200 	 1546 	 411
1788204941038 	 196 	 200 	 1547 	 412
1788204940945 	 295 	 200 	 1548 	 412
1788204940954 	 286 	 200 	 1549 	 411
1788204940858 	 416 	 200 	 1550 	 413
1788204941042 	 290 	 200 	 1551 	 413
1788204940851 	 482 	 200 	 1552 	 412
1788204940952 	 382 	 200 	 1553 	 411
1788204941143 	 192 	 200 	 1554 	 410
1788204941144 	 192 	 200 	 1555 	 410
1788204940943 	 392 	 200 	 1556 	 409
1788204940959 	 394 	 200 	 1557 	 409
1788204941236 	 120 	 200 	 1558 	 408
1788204940950 	 407 	 200 	 1559 	 407
1788204941045 	 387 	 200 	 1560 	 408
1788204940860 	 574 	 200 	 1561 	 407
1788204941244 	 193 	 200 	 1562 	 406
1788204941136 	 303 	 200 	 1563 	 405
1788204941243 	 198 	 200 	 1564 	 404
1788204940954 	 485 	 200 	 1565 	 403
1788204941276 	 172 	 200 	 1566 	 404
1788204941341 	 197 	 200 	 1567 	 406
1788204941340 	 204 	 200 	 1568 	 405
1788204941361 	 181 	 200 	 1569 	 404
1788204941336 	 206 	 200 	 1570 	 403
1788204941335 	 216 	 200 	 1571 	 403
1788204941355 	 195 	 200 	 1572 	 402
1788204941337 	 210 	 200 	 1573 	 401
1788204941359 	 201 	 200 	 1574 	 400
1788204941438 	 196 	 200 	 1575 	 403
1788204941437 	 203 	 200 	 1576 	 403
1788204941435 	 210 	 200 	 1577 	 402
1788204941339 	 301 	 200 	 1578 	 401
1788204941446 	 194 	 200 	 1579 	 400
1788204941444 	 389 	 200 	 1580 	 404
1788204941545 	 287 	 200 	 1581 	 403
1788204941451 	 382 	 200 	 1582 	 402
1788204941552 	 287 	 200 	 1583 	 401
1788204941558 	 283 	 200 	 1584 	 400
1788204941548 	 297 	 200 	 1585 	 399
1788204941539 	 304 	 200 	 1586 	 398
1788204941637 	 299 	 200 	 1587 	 398
1788204941455 	 578 	 200 	 1588 	 399
1788204941649 	 389 	 200 	 1589 	 398
1788204941562 	 480 	 200 	 1590 	 397
1788204941646 	 397 	 200 	 1591 	 396
1788204941837 	 214 	 200 	 1592 	 395
1788204941648 	 403 	 200 	 1593 	 394
1788204941643 	 414 	 200 	 1594 	 393
1788204941836 	 209 	 200 	 1595 	 393
1788204941555 	 580 	 200 	 1596 	 396
1788204941841 	 304 	 200 	 1597 	 395
1788204941851 	 303 	 200 	 1598 	 395
1788204941556 	 677 	 200 	 1599 	 398
1788204941839 	 395 	 200 	 1600 	 397
1788204941844 	 391 	 200 	 1601 	 396
1788204942046 	 187 	 200 	 1602 	 395
1788204941938 	 295 	 200 	 1603 	 394
1788204941847 	 387 	 200 	 1604 	 393
1788204942062 	 284 	 200 	 1605 	 398
1788204942049 	 305 	 200 	 1606 	 397
1788204942040 	 320 	 200 	 1607 	 396
1788204942036 	 333 	 200 	 1608 	 395
1788204942053 	 380 	 200 	 1609 	 399
1788204942157 	 288 	 200 	 1610 	 399
1788204942239 	 209 	 200 	 1611 	 398
1788204942242 	 209 	 200 	 1612 	 397
1788204942148 	 307 	 200 	 1613 	 396
1788204942348 	 109 	 200 	 1614 	 395
1788204942363 	 95 	 200 	 1615 	 394
1788204942137 	 321 	 200 	 1616 	 393
1788204942236 	 320 	 200 	 1617 	 396
1788204942240 	 394 	 200 	 1618 	 403
1788204942060 	 574 	 200 	 1619 	 402
1788204942434 	 208 	 200 	 1620 	 401
1788204942465 	 189 	 200 	 1621 	 401
1788204942372 	 287 	 200 	 1622 	 401
1788204942238 	 421 	 200 	 1623 	 400
1788204942056 	 606 	 200 	 1624 	 399
1788204942453 	 209 	 200 	 1625 	 398
1788204942358 	 314 	 200 	 1626 	 397
1788204942461 	 288 	 200 	 1627 	 397
1788204942450 	 385 	 200 	 1628 	 403
1788204942463 	 372 	 200 	 1629 	 403
1788204942236 	 599 	 200 	 1630 	 402
1788204942636 	 212 	 200 	 1631 	 401
1788204942668 	 287 	 200 	 1632 	 403
1788204942643 	 318 	 200 	 1633 	 402
1788204942657 	 386 	 200 	 1634 	 406
1788204942661 	 386 	 200 	 1635 	 405
1788204942636 	 426 	 200 	 1636 	 405
1788204942675 	 391 	 200 	 1637 	 404
1788204942837 	 232 	 200 	 1638 	 403
1788204942665 	 405 	 200 	 1639 	 402
1788204942958 	 188 	 200 	 1640 	 404
1788204942447 	 705 	 200 	 1641 	 403
1788204942852 	 308 	 200 	 1642 	 402
1788204942458 	 768 	 200 	 1643 	 404
1788204942666 	 575 	 200 	 1644 	 403
1788204943045 	 197 	 200 	 1645 	 402
1788204942558 	 695 	 200 	 1646 	 401
1788204943063 	 196 	 200 	 1647 	 400
1788204942841 	 423 	 200 	 1648 	 399
1788204943068 	 274 	 200 	 1649 	 400
1788204943075 	 268 	 200 	 1650 	 399
1788204943072 	 271 	 200 	 1651 	 398
1788204943150 	 194 	 200 	 1652 	 397
1788204943154 	 203 	 200 	 1653 	 397
1788204943163 	 272 	 200 	 1654 	 402
1788204943256 	 192 	 200 	 1655 	 402
1788204942843 	 610 	 200 	 1656 	 401
1788204943244 	 292 	 200 	 1657 	 406
1788204943237 	 304 	 200 	 1658 	 405
1788204943243 	 306 	 200 	 1659 	 404
1788204943267 	 287 	 200 	 1660 	 403
1788204942751 	 801 	 200 	 1661 	 402
1788204942962 	 688 	 200 	 1662 	 408
1788204943348 	 312 	 200 	 1663 	 407
1788204943344 	 414 	 200 	 1664 	 412
1788204943360 	 482 	 200 	 1665 	 416
1788204943262 	 586 	 200 	 1666 	 416
1788204943543 	 312 	 200 	 1667 	 415
1788204943050 	 803 	 200 	 1668 	 414
1788204943437 	 424 	 200 	 1669 	 414
1788204943559 	 306 	 200 	 1670 	 413
1788204943347 	 519 	 200 	 1671 	 412
1788204943550 	 313 	 200 	 1672 	 411
1788204943556 	 397 	 200 	 1673 	 413
1788204943346 	 689 	 200 	 1674 	 418
1788204943457 	 582 	 200 	 1675 	 417
1788204943760 	 284 	 200 	 1676 	 417
1788204943538 	 510 	 200 	 1677 	 416
1788204943844 	 294 	 200 	 1678 	 418
1788204943654 	 486 	 200 	 1679 	 417
1788204943451 	 695 	 200 	 1680 	 417
1788204943871 	 382 	 200 	 1681 	 421
1788204943956 	 383 	 200 	 1682 	 424
1788204943875 	 471 	 200 	 1683 	 425
1788204943868 	 485 	 200 	 1684 	 424
1788204943858 	 495 	 200 	 1685 	 423
1788204943871 	 487 	 200 	 1686 	 423
1788204944041 	 325 	 200 	 1687 	 423
1788204944046 	 325 	 200 	 1688 	 422
1788204943851 	 519 	 200 	 1689 	 421
1788204944143 	 230 	 200 	 1690 	 420
1788204944256 	 184 	 200 	 1691 	 420
1788204944149 	 291 	 200 	 1692 	 419
1788204944037 	 427 	 200 	 1693 	 420
1788204944145 	 390 	 200 	 1694 	 420
1788204944052 	 500 	 200 	 1695 	 419
1788204944341 	 216 	 200 	 1696 	 419
1788204944375 	 274 	 200 	 1697 	 420
1788204943863 	 787 	 200 	 1698 	 419
1788204944443 	 215 	 200 	 1699 	 418
1788204944378 	 279 	 200 	 1700 	 417
1788204944358 	 384 	 200 	 1701 	 419
1788204944365 	 384 	 200 	 1702 	 418
1788204944379 	 374 	 200 	 1703 	 417
1788204944555 	 210 	 200 	 1704 	 416
1788204944661 	 181 	 200 	 1705 	 417
1788204944370 	 481 	 200 	 1706 	 416
1788204944357 	 593 	 200 	 1707 	 418
1788204944467 	 571 	 200 	 1708 	 422
1788204944745 	 296 	 200 	 1709 	 421
1788204944653 	 389 	 200 	 1710 	 420
1788204944349 	 693 	 200 	 1711 	 419
1788204944752 	 296 	 200 	 1712 	 418
1788204944538 	 516 	 200 	 1713 	 417
1788204944444 	 613 	 200 	 1714 	 416
1788204944756 	 319 	 200 	 1715 	 416
1788204944846 	 288 	 200 	 1716 	 418
1788204944767 	 366 	 200 	 1717 	 417
1788204944853 	 289 	 200 	 1718 	 416
1788204945044 	 192 	 200 	 1719 	 426
1788204944659 	 582 	 200 	 1720 	 425
1788204945044 	 201 	 200 	 1721 	 424
1788204945040 	 206 	 200 	 1722 	 423
1788204943663 	 1589 	 200 	 1723 	 424
1788204944656 	 597 	 200 	 1724 	 423
1788204944958 	 298 	 200 	 1725 	 422
1788204944559 	 773 	 200 	 1726 	 424
1788204945061 	 275 	 200 	 1727 	 423
1788204945058 	 283 	 200 	 1728 	 422
1788204945146 	 288 	 200 	 1729 	 424
1788204945045 	 395 	 200 	 1730 	 423
1788204945051 	 388 	 200 	 1731 	 422
1788204945077 	 456 	 200 	 1732 	 428
1788204945255 	 284 	 200 	 1733 	 427
1788204945137 	 498 	 200 	 1734 	 431
1788204945251 	 389 	 200 	 1735 	 430
1788204945249 	 391 	 200 	 1736 	 429
1788204945238 	 499 	 200 	 1737 	 434
1788204945344 	 395 	 200 	 1738 	 433
1788204945340 	 407 	 200 	 1739 	 432
1788204945336 	 412 	 200 	 1740 	 431
1788204945258 	 495 	 200 	 1741 	 430
1788204945140 	 692 	 200 	 1742 	 430
1788204945260 	 572 	 200 	 1743 	 429
1788204945443 	 392 	 200 	 1744 	 428
1788204945541 	 394 	 200 	 1745 	 433
1788204945244 	 709 	 200 	 1746 	 433
1788204945535 	 422 	 200 	 1747 	 432
1788204945643 	 317 	 200 	 1748 	 431
1788204945443 	 588 	 200 	 1749 	 434
1788204945437 	 618 	 200 	 1750 	 433
1788204945750 	 378 	 200 	 1751 	 435
1788204945742 	 393 	 200 	 1752 	 434
1788204945645 	 503 	 200 	 1753 	 433
1788204945741 	 414 	 200 	 1754 	 434
1788204945758 	 476 	 200 	 1755 	 438
1788204945956 	 298 	 200 	 1756 	 437
1788204945835 	 507 	 200 	 1757 	 440
1788204946162 	 183 	 200 	 1758 	 439
1788204946135 	 220 	 200 	 1759 	 438
1788204945937 	 424 	 200 	 1760 	 438
1788204946059 	 307 	 200 	 1761 	 437
1788204945960 	 407 	 200 	 1762 	 436
1788204945751 	 623 	 200 	 1763 	 435
1788204945962 	 410 	 200 	 1764 	 434
1788204946138 	 306 	 200 	 1765 	 438
1788204945837 	 611 	 200 	 1766 	 438
1788204946256 	 209 	 200 	 1767 	 439
1788204945835 	 633 	 200 	 1768 	 438
1788204946345 	 123 	 200 	 1769 	 437
1788204946374 	 184 	 200 	 1770 	 445
1788204946364 	 192 	 200 	 1771 	 444
1788204946357 	 206 	 200 	 1772 	 445
1788204945638 	 926 	 200 	 1773 	 444
1788204946237 	 324 	 200 	 1774 	 443
1788204946036 	 530 	 200 	 1775 	 442
1788204946369 	 283 	 200 	 1776 	 446
1788204946150 	 585 	 200 	 1777 	 451
1788204946376 	 426 	 200 	 1778 	 453
1788204946348 	 492 	 200 	 1779 	 453
1788204946468 	 375 	 200 	 1780 	 452
1788204946378 	 473 	 200 	 1781 	 451
1788204946473 	 382 	 200 	 1782 	 450
1788204946447 	 414 	 200 	 1783 	 450
1788204946450 	 409 	 200 	 1784 	 449
1788204946572 	 378 	 200 	 1785 	 452
1788204946739 	 229 	 200 	 1786 	 454
1788204946570 	 401 	 200 	 1787 	 453
1788204946560 	 478 	 200 	 1788 	 455
1788204946563 	 478 	 200 	 1789 	 454
1788204946842 	 219 	 200 	 1790 	 456
1788204946568 	 496 	 200 	 1791 	 455
1788204946853 	 287 	 200 	 1792 	 457
1788204946857 	 291 	 200 	 1793 	 456
1788204946574 	 587 	 200 	 1794 	 455
1788204946865 	 301 	 200 	 1795 	 454
1788204946470 	 787 	 200 	 1796 	 457
1788204946952 	 308 	 200 	 1797 	 456
1788204946804 	 552 	 200 	 1798 	 462
1788204946848 	 508 	 200 	 1799 	 461
1788204946655 	 706 	 200 	 1800 	 460
1788204947151 	 298 	 200 	 1801 	 462
1788204946970 	 513 	 200 	 1802 	 461
1788204947169 	 314 	 200 	 1803 	 460
1788204946863 	 621 	 200 	 1804 	 459
1788204947163 	 320 	 200 	 1805 	 458
1788204947263 	 226 	 200 	 1806 	 458
1788204947040 	 444 	 200 	 1807 	 457
1788204947259 	 230 	 200 	 1808 	 456
1788204946973 	 520 	 200 	 1809 	 455
1788204947064 	 476 	 200 	 1810 	 455
1788204947143 	 402 	 200 	 1811 	 454
1788204947043 	 503 	 200 	 1812 	 453
1788204947066 	 491 	 200 	 1813 	 452
1788204947359 	 194 	 200 	 1814 	 451
1788204947361 	 199 	 200 	 1815 	 450
1788204947364 	 279 	 200 	 1816 	 452
1788204947487 	 167 	 200 	 1817 	 451
1788204947489 	 171 	 200 	 1818 	 450
1788204947452 	 211 	 200 	 1819 	 450
1788204947486 	 249 	 200 	 1820 	 451
1788204947495 	 258 	 200 	 1821 	 450
1788204947548 	 209 	 200 	 1822 	 449
1788204947564 	 197 	 200 	 1823 	 449
1788204947542 	 221 	 200 	 1824 	 448
1788204947656 	 195 	 200 	 1825 	 453
1788204947492 	 366 	 200 	 1826 	 452
1788204947559 	 300 	 200 	 1827 	 451
1788204947645 	 299 	 200 	 1828 	 454
1788204947488 	 461 	 200 	 1829 	 453
1788204947492 	 472 	 200 	 1830 	 452
1788204947855 	 186 	 200 	 1831 	 455
1788204947555 	 491 	 200 	 1832 	 454
1788204947662 	 386 	 200 	 1833 	 453
1788204947491 	 558 	 200 	 1834 	 452
1788204947666 	 393 	 200 	 1835 	 451
1788204947737 	 407 	 200 	 1836 	 452
1788204947862 	 336 	 200 	 1837 	 453
1788204947754 	 491 	 200 	 1838 	 456
1788204947859 	 403 	 200 	 1839 	 456
1788204947766 	 575 	 200 	 1840 	 460
1788204948054 	 386 	 200 	 1841 	 467
1788204947562 	 885 	 200 	 1842 	 466
1788204948045 	 407 	 200 	 1843 	 465
1788204947951 	 507 	 200 	 1844 	 465
1788204947966 	 494 	 200 	 1845 	 465
1788204948343 	 206 	 200 	 1846 	 466
1788204948148 	 409 	 200 	 1847 	 467
1788204948051 	 509 	 200 	 1848 	 466
1788204948199 	 443 	 200 	 1849 	 469
1788204947760 	 888 	 200 	 1850 	 472
1788204947946 	 711 	 200 	 1851 	 471
1788204948057 	 607 	 200 	 1852 	 470
1788204948061 	 601 	 200 	 1853 	 469
1788204948450 	 305 	 200 	 1854 	 472
1788204948443 	 320 	 200 	 1855 	 471
1788204948461 	 301 	 200 	 1856 	 470
1788204948465 	 381 	 200 	 1857 	 471
1788204948645 	 200 	 200 	 1858 	 470
1788204948559 	 288 	 200 	 1859 	 469
1788204948666 	 186 	 200 	 1860 	 468
1788204948562 	 297 	 200 	 1861 	 467
1788204948650 	 215 	 200 	 1862 	 467
1788204948249 	 617 	 200 	 1863 	 466
1788204948552 	 314 	 200 	 1864 	 465
1788204948264 	 769 	 200 	 1865 	 476
1788204947764 	 1270 	 200 	 1866 	 475
1788204948661 	 373 	 200 	 1867 	 474
1788204948758 	 276 	 200 	 1868 	 473
1788204948768 	 267 	 200 	 1869 	 472
1788204948455 	 585 	 200 	 1870 	 471
1788204948668 	 376 	 200 	 1871 	 470
1788204948766 	 282 	 200 	 1872 	 469
1788204948850 	 201 	 200 	 1873 	 469
1788204948848 	 194 	 200 	 1874 	 468
1788204948869 	 269 	 200 	 1875 	 474
1788204948854 	 282 	 200 	 1876 	 473
1788204949037 	 108 	 200 	 1877 	 474
1788204948858 	 376 	 200 	 1878 	 480
1788204948874 	 366 	 200 	 1879 	 479
1788204948864 	 378 	 200 	 1880 	 478
1788204949036 	 200 	 200 	 1881 	 477
1788204948872 	 371 	 200 	 1882 	 476
1788204949036 	 213 	 200 	 1883 	 475
1788204949039 	 213 	 200 	 1884 	 476
1788204949042 	 213 	 200 	 1885 	 475
1788204949050 	 287 	 200 	 1886 	 477
1788204949037 	 305 	 200 	 1887 	 476
1788204949055 	 283 	 200 	 1888 	 475
1788204949046 	 297 	 200 	 1889 	 474
1788204949058 	 379 	 200 	 1890 	 479
1788204949262 	 277 	 200 	 1891 	 481
1788204949256 	 288 	 200 	 1892 	 480
1788204949146 	 487 	 200 	 1893 	 483
1788204949140 	 497 	 200 	 1894 	 482
1788204949242 	 395 	 200 	 1895 	 481
1788204949245 	 403 	 200 	 1896 	 480
1788204949254 	 486 	 200 	 1897 	 484
1788204949439 	 296 	 200 	 1898 	 483
1788204949143 	 594 	 200 	 1899 	 482
1788204949237 	 500 	 200 	 1900 	 481
1788204949339 	 394 	 200 	 1901 	 480
1788204949344 	 389 	 200 	 1902 	 481
1788204949347 	 486 	 200 	 1903 	 485
1788204949345 	 490 	 200 	 1904 	 484
1788204949547 	 299 	 200 	 1905 	 484
1788204949541 	 321 	 200 	 1906 	 486
1788204949259 	 674 	 200 	 1907 	 487
1788204949648 	 287 	 200 	 1908 	 486
1788204949248 	 688 	 200 	 1909 	 485
1788204949835 	 107 	 200 	 1910 	 484
1788204949640 	 309 	 200 	 1911 	 483
1788204949636 	 318 	 200 	 1912 	 482
1788204949652 	 301 	 200 	 1913 	 481
1788204949745 	 219 	 200 	 1914 	 480
1788204949837 	 120 	 200 	 1915 	 479
1788204949748 	 209 	 200 	 1916 	 478
1788204949848 	 186 	 200 	 1917 	 480
1788204949752 	 283 	 200 	 1918 	 479
1788204949741 	 295 	 200 	 1919 	 478
1788204949745 	 280 	 200 	 1920 	 477
1788204949755 	 283 	 200 	 1921 	 476
1788204949947 	 186 	 200 	 1922 	 481
1788204949958 	 179 	 200 	 1923 	 480
1788204949940 	 200 	 200 	 1924 	 479
1788204949865 	 280 	 200 	 1925 	 478
1788204950039 	 203 	 200 	 1926 	 481
1788204950038 	 208 	 200 	 1927 	 480
1788204950036 	 297 	 200 	 1928 	 481
1788204950041 	 293 	 200 	 1929 	 480
1788204949938 	 393 	 200 	 1930 	 479
1788204949971 	 367 	 200 	 1931 	 478
1788204949961 	 380 	 200 	 1932 	 477
1788204950136 	 205 	 200 	 1933 	 476
1788204950247 	 187 	 200 	 1934 	 478
1788204949963 	 470 	 200 	 1935 	 477
1788204949967 	 470 	 200 	 1936 	 476
1788204950147 	 292 	 200 	 1937 	 475
1788204950140 	 300 	 200 	 1938 	 474
1788204950040 	 403 	 200 	 1939 	 473
1788204950338 	 137 	 200 	 1940 	 473
1788204950344 	 190 	 200 	 1941 	 475
1788204950335 	 203 	 200 	 1942 	 475
1788204950347 	 191 	 200 	 1943 	 474
1788204949969 	 577 	 200 	 1944 	 475
1788204949936 	 589 	 200 	 1945 	 474
1788204950143 	 396 	 200 	 1946 	 473
1788204950243 	 297 	 200 	 1947 	 472
1788204950340 	 216 	 200 	 1948 	 471
1788204950436 	 119 	 200 	 1949 	 470
1788204950441 	 157 	 200 	 1950 	 472
1788204950540 	 195 	 200 	 1951 	 478
1788204950339 	 400 	 200 	 1952 	 478
1788204950475 	 270 	 200 	 1953 	 477
1788204950442 	 302 	 200 	 1954 	 476
1788204950537 	 202 	 200 	 1955 	 475
1788204950544 	 211 	 200 	 1956 	 474
1788204950439 	 318 	 200 	 1957 	 473
1788204950437 	 320 	 200 	 1958 	 472
1788204950445 	 389 	 200 	 1959 	 478
1788204950550 	 291 	 200 	 1960 	 477
1788204950553 	 292 	 200 	 1961 	 476
1788204950563 	 284 	 200 	 1962 	 475
1788204950599 	 339 	 200 	 1963 	 477
1788204950836 	 117 	 200 	 1964 	 476
1788204950557 	 446 	 200 	 1965 	 476
1788204950747 	 287 	 200 	 1966 	 475
1788204950759 	 288 	 200 	 1967 	 474
1788204950560 	 492 	 200 	 1968 	 473
1788204950742 	 313 	 200 	 1969 	 472
1788204950849 	 214 	 200 	 1970 	 471
1788204950939 	 207 	 200 	 1971 	 473
1788204950737 	 458 	 200 	 1972 	 474
1788204950955 	 242 	 200 	 1973 	 473
1788204951049 	 146 	 200 	 1974 	 472
1788204950753 	 484 	 200 	 1975 	 475
1788204951036 	 210 	 200 	 1976 	 475
1788204950761 	 486 	 200 	 1977 	 474
1788204950847 	 401 	 200 	 1978 	 474
1788204950750 	 503 	 200 	 1979 	 473
1788204951006 	 253 	 200 	 1980 	 472
1788204950765 	 575 	 200 	 1981 	 474
1788204951148 	 193 	 200 	 1982 	 473
1788204951065 	 278 	 200 	 1983 	 472
1788204950548 	 799 	 200 	 1984 	 472
1788204951247 	 107 	 200 	 1985 	 471
1788204951260 	 101 	 200 	 1986 	 470
1788204951256 	 139 	 200 	 1987 	 471
1788204951251 	 183 	 200 	 1988 	 472
1788204951199 	 236 	 200 	 1989 	 471
1788204950844 	 590 	 200 	 1990 	 470
1788204951058 	 381 	 200 	 1991 	 469
1788204951240 	 202 	 200 	 1992 	 468
1788204951258 	 200 	 200 	 1993 	 468
1788204951349 	 185 	 200 	 1994 	 469
1788204951356 	 186 	 200 	 1995 	 468
1788204951441 	 112 	 200 	 1996 	 468
1788204951198 	 360 	 200 	 1997 	 467
1788204951054 	 580 	 200 	 1998 	 472
1788204951436 	 203 	 200 	 1999 	 471
1788204951344 	 303 	 200 	 2000 	 470
1788204951397 	 270 	 200 	 2001 	 472
1788204951545 	 193 	 200 	 2002 	 473
1788204951342 	 404 	 200 	 2003 	 472
1788204951555 	 277 	 200 	 2004 	 477
1788204951437 	 402 	 200 	 2005 	 476
1788204951437 	 405 	 200 	 2006 	 475
1788204951459 	 385 	 200 	 2007 	 474
1788204951364 	 485 	 200 	 2008 	 473
1788204951199 	 643 	 200 	 2009 	 472
1788204951637 	 221 	 200 	 2010 	 471
1788204951536 	 327 	 200 	 2011 	 472
1788204951346 	 511 	 200 	 2012 	 471
1788204951668 	 197 	 200 	 2013 	 470
1788204951443 	 423 	 200 	 2014 	 469
1788204951560 	 302 	 200 	 2015 	 468
1788204951644 	 231 	 200 	 2016 	 467
1788204951741 	 194 	 200 	 2017 	 467
1788204951835 	 104 	 200 	 2018 	 466
1788204951649 	 288 	 200 	 2019 	 465
1788204951749 	 193 	 200 	 2020 	 464
1788204951841 	 193 	 200 	 2021 	 466
1788204951844 	 191 	 200 	 2022 	 465
1788204951852 	 183 	 200 	 2023 	 464
1788204951847 	 192 	 200 	 2024 	 463
1788204951868 	 170 	 200 	 2025 	 462
1788204951870 	 179 	 200 	 2026 	 462
1788204951855 	 197 	 200 	 2027 	 461
1788204951878 	 261 	 200 	 2028 	 463
1788204951940 	 204 	 200 	 2029 	 463
1788204951874 	 272 	 200 	 2030 	 462
1788204951872 	 362 	 200 	 2031 	 468
1788204951940 	 300 	 200 	 2032 	 467
1788204951944 	 302 	 200 	 2033 	 466
1788204951938 	 316 	 200 	 2034 	 467
1788204951875 	 377 	 200 	 2035 	 467
1788204951860 	 397 	 200 	 2036 	 466
1788204952054 	 288 	 200 	 2037 	 472
1788204952038 	 396 	 200 	 2038 	 474
1788204952039 	 394 	 200 	 2039 	 473
1788204952041 	 396 	 200 	 2040 	 472
1788204952147 	 296 	 200 	 2041 	 471
1788204952043 	 402 	 200 	 2042 	 470
1788204952141 	 392 	 200 	 2043 	 472
1788204952262 	 272 	 200 	 2044 	 471
1788204952035 	 500 	 200 	 2045 	 470
1788204952236 	 302 	 200 	 2046 	 469
1788204952051 	 486 	 200 	 2047 	 468
1788204952255 	 287 	 200 	 2048 	 467
1788204952150 	 398 	 200 	 2049 	 466
1788204952345 	 288 	 200 	 2050 	 469
1788204952249 	 397 	 200 	 2051 	 468
1788204952241 	 404 	 200 	 2052 	 467
1788204952435 	 217 	 200 	 2053 	 466
1788204952441 	 295 	 200 	 2054 	 469
1788204952447 	 291 	 200 	 2055 	 468
1788204952551 	 191 	 200 	 2056 	 469
1788204952537 	 212 	 200 	 2057 	 468
1788204952451 	 383 	 200 	 2058 	 469
1788204952636 	 202 	 200 	 2059 	 468
1788204952435 	 402 	 200 	 2060 	 467
1788204952536 	 306 	 200 	 2061 	 466
1788204952540 	 395 	 200 	 2062 	 474
1788204952541 	 395 	 200 	 2063 	 473
1788204952545 	 399 	 200 	 2064 	 472
1788204952656 	 288 	 200 	 2065 	 471
1788204952653 	 289 	 200 	 2066 	 471
1788204952259 	 772 	 200 	 2067 	 473
1788204952741 	 293 	 200 	 2068 	 472
1788204952837 	 197 	 200 	 2069 	 471
1788204952542 	 497 	 200 	 2070 	 470
1788204952649 	 390 	 200 	 2071 	 469
1788204952753 	 287 	 200 	 2072 	 468
1788204952849 	 285 	 200 	 2073 	 472
1788204952841 	 296 	 200 	 2074 	 471
1788204952938 	 218 	 200 	 2075 	 470
1788204952739 	 411 	 200 	 2076 	 469
1788204953040 	 289 	 200 	 2077 	 474
1788204952750 	 583 	 200 	 2078 	 473
1788204952951 	 387 	 200 	 2079 	 472
1788204952941 	 402 	 200 	 2080 	 473
1788204952947 	 397 	 200 	 2081 	 472
1788204952843 	 499 	 200 	 2082 	 471
1788204952947 	 408 	 200 	 2083 	 470
1788204953034 	 326 	 200 	 2084 	 469
1788204953043 	 391 	 200 	 2085 	 469
1788204953037 	 398 	 200 	 2086 	 468
1788204953042 	 404 	 200 	 2087 	 467
1788204953039 	 406 	 200 	 2088 	 466
1788204953330 	 205 	 200 	 2089 	 470
1788204953137 	 400 	 200 	 2090 	 469
1788204953145 	 396 	 200 	 2091 	 468
1788204953162 	 380 	 200 	 2092 	 467
1788204953336 	 208 	 200 	 2093 	 467
1788204953160 	 389 	 200 	 2094 	 466
1788204953354 	 205 	 200 	 2095 	 465
1788204953362 	 260 	 200 	 2096 	 466
1788204953442 	 193 	 200 	 2097 	 465
1788204953351 	 290 	 200 	 2098 	 464
1788204953543 	 103 	 200 	 2099 	 463
1788204953448 	 285 	 200 	 2100 	 466
1788204953357 	 376 	 200 	 2101 	 465
1788204953341 	 397 	 200 	 2102 	 464
1788204953537 	 211 	 200 	 2103 	 463
1788204953561 	 185 	 200 	 2104 	 462
1788204953540 	 208 	 200 	 2105 	 461
1788204953450 	 391 	 200 	 2106 	 465
1788204953547 	 299 	 200 	 2107 	 464
1788204953437 	 496 	 200 	 2108 	 470
1788204953649 	 292 	 200 	 2109 	 469
1788204953637 	 303 	 200 	 2110 	 468
1788204953551 	 485 	 200 	 2111 	 470
1788204953644 	 393 	 200 	 2112 	 469
1788204953736 	 298 	 200 	 2113 	 468
1788204953348 	 686 	 200 	 2114 	 467
1788204953740 	 296 	 200 	 2115 	 466
1788204953624 	 411 	 200 	 2116 	 465
1788204953545 	 499 	 200 	 2117 	 464
1788204953743 	 298 	 200 	 2118 	 463
1788204953847 	 286 	 200 	 2119 	 463
1788204954039 	 95 	 200 	 2120 	 462
1788204953947 	 200 	 200 	 2121 	 462
1788204954037 	 197 	 200 	 2122 	 462
1788204953938 	 297 	 200 	 2123 	 461
1788204953843 	 399 	 200 	 2124 	 461
1788204954042 	 260 	 200 	 2125 	 465
1788204954047 	 260 	 200 	 2126 	 465
1788204954046 	 298 	 200 	 2127 	 465
1788204954135 	 208 	 200 	 2128 	 464
1788204954135 	 212 	 200 	 2129 	 463
1788204954150 	 244 	 200 	 2130 	 464
1788204954044 	 354 	 200 	 2131 	 463
1788204954236 	 166 	 200 	 2132 	 462
1788204954245 	 195 	 200 	 2133 	 464
1788204954347 	 95 	 200 	 2134 	 463
1788204954303 	 141 	 200 	 2135 	 462
1788204953944 	 502 	 200 	 2136 	 462
1788204954041 	 461 	 200 	 2137 	 466
1788204954043 	 490 	 200 	 2138 	 469
1788204953756 	 782 	 200 	 2139 	 468
1788204954404 	 139 	 200 	 2140 	 467
1788204954309 	 237 	 200 	 2141 	 466
1788204954237 	 308 	 200 	 2142 	 465
1788204954350 	 246 	 200 	 2143 	 466
1788204954345 	 263 	 200 	 2144 	 465
1788204954534 	 90 	 200 	 2145 	 466
1788204954445 	 188 	 200 	 2146 	 465
1788204954397 	 244 	 200 	 2147 	 465
1788204954399 	 248 	 200 	 2148 	 465
1788204953753 	 894 	 200 	 2149 	 464
1788204954625 	 96 	 200 	 2150 	 464
1788204954548 	 187 	 200 	 2151 	 464
1788204954448 	 287 	 200 	 2152 	 463
1788204954444 	 294 	 200 	 2153 	 462
1788204954611 	 125 	 200 	 2154 	 461
1788204954598 	 143 	 200 	 2155 	 460
1788204954540 	 209 	 200 	 2156 	 460
1788204954546 	 202 	 200 	 2157 	 459
1788204954548 	 289 	 200 	 2158 	 463
1788204954504 	 339 	 200 	 2159 	 463
1788204954652 	 194 	 200 	 2160 	 462
1788204954442 	 404 	 200 	 2161 	 461
1788204954723 	 215 	 200 	 2162 	 467
1788204954643 	 292 	 200 	 2163 	 466
1788204954635 	 306 	 200 	 2164 	 465
1788204954649 	 293 	 200 	 2165 	 465
1788204954751 	 288 	 200 	 2166 	 470
1788204954941 	 103 	 200 	 2167 	 469
1788204954739 	 310 	 200 	 2168 	 468
1788204955051 	 95 	 200 	 2169 	 471
1788204954850 	 292 	 200 	 2170 	 470
1788204954737 	 458 	 200 	 2171 	 473
1788204954743 	 496 	 200 	 2172 	 474
1788204955042 	 200 	 200 	 2173 	 473
1788204955149 	 99 	 200 	 2174 	 472
1788204954839 	 462 	 200 	 2175 	 474
1788204954939 	 370 	 200 	 2176 	 473
1788204954943 	 365 	 200 	 2177 	 473
1788204954846 	 500 	 200 	 2178 	 476
1788204954852 	 498 	 200 	 2179 	 476
1788204955243 	 199 	 200 	 2180 	 480
1788204955241 	 202 	 200 	 2181 	 479
1788204955250 	 203 	 200 	 2182 	 479
1788204954739 	 756 	 200 	 2183 	 479
1788204955312 	 188 	 200 	 2184 	 478
1788204954945 	 597 	 200 	 2185 	 478
1788204954752 	 790 	 200 	 2186 	 477
1788204955306 	 292 	 200 	 2187 	 479
1788204955350 	 253 	 200 	 2188 	 480
1788204955445 	 197 	 200 	 2189 	 479
1788204955445 	 201 	 200 	 2190 	 478
1788204954737 	 910 	 200 	 2191 	 477
1788204955353 	 302 	 200 	 2192 	 477
1788204955151 	 550 	 200 	 2193 	 477
1788204955455 	 248 	 200 	 2194 	 477
1788204955310 	 390 	 200 	 2195 	 476
1788204955498 	 209 	 200 	 2196 	 475
1788204955045 	 688 	 200 	 2197 	 476
1788204955605 	 136 	 200 	 2198 	 475
1788204955601 	 239 	 200 	 2199 	 477
1788204955651 	 191 	 200 	 2200 	 476
1788204955644 	 198 	 200 	 2201 	 475
1788204955197 	 646 	 200 	 2202 	 475
1788204955705 	 142 	 200 	 2203 	 475
1788204955657 	 197 	 200 	 2204 	 474
1788204955711 	 200 	 200 	 2205 	 475
1788204955705 	 228 	 200 	 2206 	 476
1788204955744 	 190 	 200 	 2207 	 476
1788204955703 	 235 	 200 	 2208 	 475
1788204955842 	 101 	 200 	 2209 	 474
1788204955846 	 195 	 200 	 2210 	 476
1788204955852 	 247 	 200 	 2211 	 476
1788204955936 	 167 	 200 	 2212 	 475
1788204955547 	 594 	 200 	 2213 	 476
1788204955735 	 463 	 200 	 2214 	 481
1788204955937 	 266 	 200 	 2215 	 481
1788204955844 	 360 	 200 	 2216 	 480
1788204955913 	 288 	 200 	 2217 	 479
1788204955945 	 263 	 200 	 2218 	 478
1788204955857 	 389 	 200 	 2219 	 478
1788204956102 	 149 	 200 	 2220 	 477
1788204956106 	 166 	 200 	 2221 	 478
1788204955848 	 453 	 200 	 2222 	 479
1788204956043 	 263 	 200 	 2223 	 478
1788204956254 	 79 	 200 	 2224 	 482
1788204956207 	 133 	 200 	 2225 	 481
1788204956206 	 132 	 200 	 2226 	 480
1788204956200 	 150 	 200 	 2227 	 479
1788204956308 	 91 	 200 	 2228 	 479
1788204956274 	 128 	 200 	 2229 	 479
1788204956335 	 99 	 200 	 2230 	 480
1788204956211 	 221 	 200 	 2231 	 479
1788204956249 	 185 	 200 	 2232 	 478
1788204956213 	 226 	 200 	 2233 	 478
1788204955544 	 902 	 200 	 2234 	 477
1788204955503 	 952 	 200 	 2235 	 476
1788204955939 	 517 	 200 	 2236 	 475
1788204956404 	 130 	 200 	 2237 	 480
1788204956343 	 192 	 200 	 2238 	 479
1788204956342 	 193 	 200 	 2239 	 478
1788204956304 	 230 	 200 	 2240 	 477
1788204956436 	 104 	 200 	 2241 	 476
1788204956352 	 192 	 200 	 2242 	 476
1788204956401 	 151 	 200 	 2243 	 476
1788204956435 	 199 	 200 	 2244 	 479
1788204956537 	 100 	 200 	 2245 	 478
1788204956448 	 198 	 200 	 2246 	 478
1788204956440 	 253 	 200 	 2247 	 480
1788204956536 	 165 	 200 	 2248 	 479
1788204956546 	 161 	 200 	 2249 	 480
1788204956538 	 170 	 200 	 2250 	 479
1788204956458 	 253 	 200 	 2251 	 478
1788204956554 	 188 	 200 	 2252 	 477
1788204956541 	 204 	 200 	 2253 	 476
1788204956648 	 155 	 200 	 2254 	 476
1788204955648 	 1193 	 200 	 2255 	 475
1788204956709 	 132 	 200 	 2256 	 474
1788204956710 	 140 	 200 	 2257 	 473
1788204956637 	 263 	 200 	 2258 	 472
1788204956695 	 206 	 200 	 2259 	 471
1788204956747 	 159 	 200 	 2260 	 470
1788204956635 	 316 	 200 	 2261 	 473
1788204956744 	 252 	 200 	 2262 	 472
1788204956536 	 464 	 200 	 2263 	 471
1788204956846 	 191 	 200 	 2264 	 472
1788204956851 	 191 	 200 	 2265 	 471
1788204956903 	 147 	 200 	 2266 	 470
1788204956713 	 387 	 200 	 2267 	 473
1788204956905 	 198 	 200 	 2268 	 472
1788204956435 	 673 	 200 	 2269 	 471
1788204956844 	 264 	 200 	 2270 	 471
1788204957053 	 85 	 200 	 2271 	 470
1788204956706 	 437 	 200 	 2272 	 469
1788204957110 	 39 	 200 	 2273 	 468
1788204956144 	 1057 	 200 	 2274 	 470
1788204957140 	 103 	 200 	 2275 	 471
1788204957039 	 209 	 200 	 2276 	 471
1788204956953 	 341 	 200 	 2277 	 471
1788204957250 	 50 	 200 	 2278 	 470
1788204957002 	 297 	 200 	 2279 	 469
1788204956999 	 310 	 200 	 2280 	 469
1788204956806 	 547 	 200 	 2281 	 471
1788204957144 	 254 	 200 	 2282 	 474
1788204957106 	 294 	 200 	 2283 	 473
1788204956908 	 495 	 200 	 2284 	 472
1788204956458 	 942 	 200 	 2285 	 471
1788204957245 	 166 	 200 	 2286 	 470
1788204957355 	 86 	 200 	 2287 	 471
1788204957296 	 145 	 200 	 2288 	 470
1788204957102 	 345 	 200 	 2289 	 469
1788204957311 	 138 	 200 	 2290 	 468
1788204957301 	 159 	 200 	 2291 	 467
1788204957407 	 128 	 200 	 2292 	 469
1788204957111 	 425 	 200 	 2293 	 468
1788204957045 	 496 	 200 	 2294 	 468
1788204957399 	 147 	 200 	 2295 	 467
1788204957444 	 166 	 200 	 2296 	 469
1788204957152 	 482 	 200 	 2297 	 469
1788204957444 	 197 	 200 	 2298 	 469
1788204957302 	 338 	 200 	 2299 	 468
1788204957204 	 444 	 200 	 2300 	 468
1788204957412 	 238 	 200 	 2301 	 467
1788204957452 	 197 	 200 	 2302 	 466
1788204957402 	 331 	 200 	 2303 	 468
1788204957544 	 188 	 200 	 2304 	 467
1788204957454 	 281 	 200 	 2305 	 466
1788204957405 	 343 	 200 	 2306 	 465
1788204957540 	 270 	 200 	 2307 	 468
1788204953750 	 4083 	 200 	 2308 	 468
1788204957636 	 201 	 200 	 2309 	 467
1788204957613 	 226 	 200 	 2310 	 466
1788204957739 	 161 	 200 	 2311 	 471
1788204957465 	 439 	 200 	 2312 	 470
1788204957651 	 253 	 200 	 2313 	 470
1788204957838 	 96 	 200 	 2314 	 471
1788204957656 	 286 	 200 	 2315 	 470
1788204957841 	 158 	 200 	 2316 	 471
1788204957750 	 250 	 200 	 2317 	 470
1788204957538 	 465 	 200 	 2318 	 470
1788204957902 	 105 	 200 	 2319 	 469
1788204957646 	 386 	 200 	 2320 	 469
1788204957655 	 378 	 200 	 2321 	 468
1788204957907 	 127 	 200 	 2322 	 468
1788204957737 	 310 	 200 	 2323 	 468
1788204957549 	 501 	 200 	 2324 	 467
1788204957936 	 199 	 200 	 2325 	 473
1788204957813 	 321 	 200 	 2326 	 472
1788204957910 	 226 	 200 	 2327 	 471
1788204957835 	 302 	 200 	 2328 	 470
1788204958009 	 143 	 200 	 2329 	 469
1788204957642 	 502 	 200 	 2330 	 468
1788204958002 	 148 	 200 	 2331 	 467
1788204957735 	 413 	 200 	 2332 	 466
1788204958035 	 206 	 200 	 2333 	 469
1788204958036 	 210 	 200 	 2334 	 468
1788204958000 	 251 	 200 	 2335 	 467
1788204958053 	 282 	 200 	 2336 	 467
1788204958006 	 343 	 200 	 2337 	 467
1788204958147 	 212 	 200 	 2338 	 466
1788204958139 	 273 	 200 	 2339 	 466
1788204958153 	 279 	 200 	 2340 	 466
1788204958156 	 280 	 200 	 2341 	 465
1788204958150 	 287 	 200 	 2342 	 464
1788204958162 	 277 	 200 	 2343 	 463
1788204958143 	 296 	 200 	 2344 	 462
1788204957944 	 491 	 200 	 2345 	 461
1788204958037 	 399 	 200 	 2346 	 460
1788204958158 	 277 	 200 	 2347 	 459
1788204958243 	 195 	 200 	 2348 	 459
1788204958049 	 392 	 200 	 2349 	 458
1788204958247 	 197 	 200 	 2350 	 457
1788204958415 	 82 	 200 	 2351 	 458
1788204958435 	 106 	 200 	 2352 	 458
1788204958362 	 180 	 200 	 2353 	 458
1788204958351 	 194 	 200 	 2354 	 457
1788204958451 	 122 	 200 	 2355 	 456
1788204958449 	 186 	 200 	 2356 	 457
1788204958439 	 196 	 200 	 2357 	 456
1788204958550 	 283 	 200 	 2358 	 464
1788204958575 	 259 	 200 	 2359 	 463
1788204958253 	 581 	 200 	 2360 	 462
1788204958544 	 291 	 200 	 2361 	 461
1788204958548 	 287 	 200 	 2362 	 460
1788204958499 	 342 	 200 	 2363 	 459
1788204958445 	 397 	 200 	 2364 	 458
1788204958439 	 403 	 200 	 2365 	 457
1788204958338 	 503 	 200 	 2366 	 456
1788204958446 	 394 	 200 	 2367 	 455
1788204958637 	 205 	 200 	 2368 	 455
1788204958641 	 298 	 200 	 2369 	 460
1788204958443 	 498 	 200 	 2370 	 459
1788204958441 	 504 	 200 	 2371 	 458
1788204958838 	 196 	 200 	 2372 	 460
1788204958448 	 592 	 200 	 2373 	 459
1788204958444 	 594 	 200 	 2374 	 458
1788204958838 	 200 	 200 	 2375 	 457
1788204958839 	 209 	 200 	 2376 	 457
1788204958837 	 211 	 200 	 2377 	 456
1788204958837 	 298 	 200 	 2378 	 457
1788204958848 	 299 	 200 	 2379 	 456
1788204958842 	 307 	 200 	 2380 	 455
1788204958846 	 302 	 200 	 2381 	 454
1788204958847 	 393 	 200 	 2382 	 454
1788204958851 	 393 	 200 	 2383 	 453
1788204958942 	 302 	 200 	 2384 	 452
1788204958947 	 390 	 200 	 2385 	 457
1788204959052 	 285 	 200 	 2386 	 456
1788204958949 	 394 	 200 	 2387 	 455
1788204958845 	 497 	 200 	 2388 	 454
1788204959035 	 399 	 200 	 2389 	 453
1788204959241 	 197 	 200 	 2390 	 453
1788204959143 	 389 	 200 	 2391 	 454
1788204959247 	 287 	 200 	 2392 	 453
1788204959042 	 596 	 200 	 2393 	 456
1788204959056 	 586 	 200 	 2394 	 455
1788204959041 	 687 	 200 	 2395 	 457
1788204959351 	 383 	 200 	 2396 	 456
1788204959048 	 687 	 200 	 2397 	 455
1788204959155 	 581 	 200 	 2398 	 454
1788204959345 	 391 	 200 	 2399 	 453
1788204959341 	 395 	 200 	 2400 	 453
1788204959150 	 585 	 200 	 2401 	 452
1788204959247 	 504 	 200 	 2402 	 451
1788204959539 	 300 	 200 	 2403 	 457
1788204959153 	 694 	 200 	 2404 	 456
1788204959536 	 309 	 200 	 2405 	 456
1788204959641 	 294 	 200 	 2406 	 461
1788204959734 	 206 	 200 	 2407 	 460
1788204959348 	 590 	 200 	 2408 	 459
1788204959744 	 198 	 200 	 2409 	 458
1788204959644 	 295 	 200 	 2410 	 457
1788204959436 	 512 	 200 	 2411 	 456
1788204959441 	 511 	 200 	 2412 	 456
1788204959736 	 213 	 200 	 2413 	 455
1788204959739 	 294 	 200 	 2414 	 460
1788204959747 	 291 	 200 	 2415 	 459
1788204959754 	 289 	 200 	 2416 	 461
1788204959843 	 294 	 200 	 2417 	 465
1788204959851 	 293 	 200 	 2418 	 464
1788204959742 	 491 	 200 	 2419 	 468
1788204959848 	 386 	 200 	 2420 	 467
1788204959750 	 484 	 200 	 2421 	 466
1788204959946 	 296 	 200 	 2422 	 465
1788204960041 	 293 	 200 	 2423 	 472
1788204959937 	 398 	 200 	 2424 	 471
1788204960036 	 299 	 200 	 2425 	 470
1788204959944 	 395 	 200 	 2426 	 469
1788204959952 	 392 	 200 	 2427 	 468
1788204960141 	 299 	 200 	 2428 	 469
1788204960245 	 212 	 200 	 2429 	 468
1788204959954 	 579 	 200 	 2430 	 474
1788204960236 	 299 	 200 	 2431 	 473
1788204960234 	 374 	 200 	 2432 	 478
1788204960146 	 462 	 200 	 2433 	 477
1788204960237 	 398 	 200 	 2434 	 477
1788204959942 	 710 	 200 	 2435 	 477
1788204959948 	 785 	 200 	 2436 	 481
1788204960338 	 414 	 200 	 2437 	 481
1788204960460 	 297 	 200 	 2438 	 480
1788204960612 	 227 	 200 	 2439 	 483
1788204960346 	 496 	 200 	 2440 	 482
1788204960443 	 404 	 200 	 2441 	 481
1788204960654 	 205 	 200 	 2442 	 480
1788204960735 	 138 	 200 	 2443 	 480
1788204960337 	 606 	 200 	 2444 	 481
1788204960338 	 610 	 200 	 2445 	 480
1788204960759 	 195 	 200 	 2446 	 479
1788204960754 	 200 	 200 	 2447 	 478
1788204960045 	 919 	 200 	 2448 	 478
1788204960845 	 186 	 200 	 2449 	 481
1788204960862 	 196 	 200 	 2450 	 482
1788204960636 	 423 	 200 	 2451 	 482
1788204960850 	 215 	 200 	 2452 	 481
1788204960842 	 299 	 200 	 2453 	 486
1788204960341 	 900 	 200 	 2454 	 489
1788204960540 	 703 	 200 	 2455 	 488
1788204960876 	 369 	 200 	 2456 	 487
1788204960961 	 286 	 200 	 2457 	 486
1788204959956 	 1294 	 200 	 2458 	 485
1788204961034 	 221 	 200 	 2459 	 484
1788204960958 	 287 	 200 	 2460 	 483
1788204960944 	 318 	 200 	 2461 	 482
1788204960966 	 298 	 200 	 2462 	 482
1788204960536 	 737 	 200 	 2463 	 481
1788204961061 	 273 	 200 	 2464 	 484
1788204960952 	 385 	 200 	 2465 	 483
1788204960612 	 725 	 200 	 2466 	 482
1788204961064 	 278 	 200 	 2467 	 481
1788204961068 	 284 	 200 	 2468 	 480
1788204961245 	 191 	 200 	 2469 	 483
1788204961243 	 204 	 200 	 2470 	 482
1788204961144 	 307 	 200 	 2471 	 481
1788204961252 	 292 	 200 	 2472 	 482
1788204961257 	 289 	 200 	 2473 	 481
1788204961276 	 283 	 200 	 2474 	 481
1788204961247 	 313 	 200 	 2475 	 480
1788204961340 	 304 	 200 	 2476 	 482
1788204961339 	 314 	 200 	 2477 	 481
1788204961261 	 391 	 200 	 2478 	 480
1788204961354 	 302 	 200 	 2479 	 479
1788204961660 	 38 	 200 	 2480 	 479
1788204961562 	 189 	 200 	 2481 	 481
1788204961345 	 412 	 200 	 2482 	 481
1788204961700 	 62 	 200 	 2483 	 481
1788204961656 	 199 	 200 	 2484 	 482
1788204961549 	 307 	 200 	 2485 	 481
1788204961764 	 176 	 200 	 2486 	 486
1788204961756 	 184 	 200 	 2487 	 485
1788204961645 	 301 	 200 	 2488 	 486
1788204961261 	 683 	 200 	 2489 	 485
1788204961550 	 413 	 200 	 2490 	 484
1788204961268 	 699 	 200 	 2491 	 483
1788204961454 	 595 	 200 	 2492 	 484
1788204961273 	 778 	 200 	 2493 	 484
1788204961449 	 608 	 200 	 2494 	 483
1788204961760 	 384 	 200 	 2495 	 485
1788204961437 	 713 	 200 	 2496 	 484
1788204961863 	 291 	 200 	 2497 	 483
1788204961942 	 216 	 200 	 2498 	 482
1788204961655 	 501 	 200 	 2499 	 481
1788204961942 	 223 	 200 	 2500 	 480
1788204961966 	 203 	 200 	 2501 	 479
1788204961949 	 390 	 200 	 2502 	 486
1788204961563 	 780 	 200 	 2503 	 485
1788204962147 	 196 	 200 	 2504 	 484
1788204962167 	 184 	 200 	 2505 	 485
1788204962162 	 197 	 200 	 2506 	 484
1788204961956 	 404 	 200 	 2507 	 483
1788204962057 	 380 	 200 	 2508 	 486
1788204961857 	 581 	 200 	 2509 	 485
1788204961969 	 481 	 200 	 2510 	 486
1788204962157 	 337 	 200 	 2511 	 486
1788204962164 	 384 	 200 	 2512 	 489
1788204962171 	 381 	 200 	 2513 	 490
1788204962061 	 491 	 200 	 2514 	 489
1788204962152 	 404 	 200 	 2515 	 488
1788204962344 	 306 	 200 	 2516 	 488
1788204962362 	 292 	 200 	 2517 	 487
1788204962353 	 305 	 200 	 2518 	 487
1788204962340 	 320 	 200 	 2519 	 486
1788204962550 	 146 	 200 	 2520 	 489
1788204962555 	 179 	 200 	 2521 	 491
1788204962346 	 408 	 200 	 2522 	 491
1788204962364 	 478 	 200 	 2523 	 495
1788204962652 	 202 	 200 	 2524 	 494
1788204962496 	 449 	 200 	 2525 	 499
1788204962453 	 496 	 200 	 2526 	 498
1788204962698 	 257 	 200 	 2527 	 497
1788204962657 	 302 	 200 	 2528 	 496
1788204962561 	 402 	 200 	 2529 	 495
1788204962662 	 371 	 200 	 2530 	 498
1788204962737 	 319 	 200 	 2531 	 497
1788204962755 	 306 	 200 	 2532 	 496
1788204962947 	 201 	 200 	 2533 	 498
1788204962440 	 720 	 200 	 2534 	 497
1788204962664 	 578 	 200 	 2535 	 500
1788204962844 	 406 	 200 	 2536 	 499
1788204962957 	 297 	 200 	 2537 	 498
1788204962559 	 701 	 200 	 2538 	 498
1788204962965 	 298 	 200 	 2539 	 497
1788204963064 	 205 	 200 	 2540 	 496
1788204962857 	 484 	 200 	 2541 	 499
1788204962951 	 393 	 200 	 2542 	 498
1788204963058 	 335 	 200 	 2543 	 501
1788204963162 	 284 	 200 	 2544 	 500
1788204963035 	 413 	 200 	 2545 	 499
1788204963271 	 223 	 200 	 2546 	 499
1788204963258 	 289 	 200 	 2547 	 498
1788204962440 	 1206 	 200 	 2548 	 501
1788204963245 	 496 	 200 	 2549 	 502
1788204963347 	 403 	 200 	 2550 	 501
1788204963253 	 500 	 200 	 2551 	 500
1788204963262 	 493 	 200 	 2552 	 500
1788204963395 	 445 	 200 	 2553 	 501
1788204963452 	 386 	 200 	 2554 	 500
1788204963449 	 398 	 200 	 2555 	 500
1788204963744 	 111 	 200 	 2556 	 499
1788204963496 	 364 	 200 	 2557 	 498
1788204963343 	 520 	 200 	 2558 	 498
1788204963550 	 391 	 200 	 2559 	 500
1788204963753 	 205 	 200 	 2560 	 500
1788204963150 	 811 	 200 	 2561 	 499
1788204963758 	 295 	 200 	 2562 	 503
1788204963647 	 501 	 200 	 2563 	 509
1788204963841 	 313 	 200 	 2564 	 508
1788204963842 	 313 	 200 	 2565 	 508
1788204963760 	 398 	 200 	 2566 	 507
1788204963866 	 330 	 200 	 2567 	 507
1788204963861 	 386 	 200 	 2568 	 507
1788204963266 	 983 	 200 	 2569 	 506
1788204962962 	 1294 	 200 	 2570 	 505
1788204963850 	 412 	 200 	 2571 	 505
1788204963965 	 301 	 200 	 2572 	 504
1788204963960 	 373 	 200 	 2573 	 510
1788204963858 	 480 	 200 	 2574 	 509
1788204964163 	 196 	 200 	 2575 	 509
1788204964055 	 308 	 200 	 2576 	 509
1788204964199 	 245 	 200 	 2577 	 509
1788204964161 	 294 	 200 	 2578 	 508
1788204964252 	 245 	 200 	 2579 	 510
1788204964249 	 289 	 200 	 2580 	 513
1788204964267 	 289 	 200 	 2581 	 512
1788204964340 	 220 	 200 	 2582 	 511
1788204964446 	 147 	 200 	 2583 	 510
1788204964157 	 485 	 200 	 2584 	 514
1788204964259 	 390 	 200 	 2585 	 513
1788204963943 	 704 	 200 	 2586 	 512
1788204964562 	 133 	 200 	 2587 	 513
1788204964498 	 243 	 200 	 2588 	 514
1788204964361 	 476 	 200 	 2589 	 517
1788204964651 	 190 	 200 	 2590 	 516
1788204964152 	 693 	 200 	 2591 	 515
1788204964698 	 153 	 200 	 2592 	 514
1788204964540 	 323 	 200 	 2593 	 513
1788204964336 	 604 	 200 	 2594 	 515
1788204964265 	 695 	 200 	 2595 	 517
1788204964457 	 536 	 200 	 2596 	 519
1788204964596 	 447 	 200 	 2597 	 518
1788204964559 	 485 	 200 	 2598 	 517
1788204964656 	 389 	 200 	 2599 	 516
1788204964742 	 306 	 200 	 2600 	 515
1788204964845 	 206 	 200 	 2601 	 514
1788204964852 	 205 	 200 	 2602 	 513
1788204964645 	 414 	 200 	 2603 	 512
1788204964995 	 66 	 200 	 2604 	 511
1788204964848 	 214 	 200 	 2605 	 510
1788204964840 	 225 	 200 	 2606 	 509
1788204964943 	 122 	 200 	 2607 	 508
1788204964866 	 202 	 200 	 2608 	 507
1788204965065 	 171 	 500 	 2609 	 512
1788204965053 	 191 	 200 	 2610 	 511
1788204965071 	 179 	 200 	 2611 	 512
1788204965044 	 207 	 200 	 2612 	 511
1788204965065 	 189 	 200 	 2613 	 510
1788204965059 	 201 	 200 	 2614 	 509
1788204964366 	 893 	 200 	 2615 	 508
1788204965046 	 289 	 200 	 2616 	 512
1788204964961 	 476 	 200 	 2617 	 516
1788204965245 	 207 	 200 	 2618 	 516
1788204965049 	 408 	 200 	 2619 	 515
1788204965251 	 210 	 200 	 2620 	 514
1788204965255 	 205 	 200 	 2621 	 513
1788204965066 	 491 	 200 	 2622 	 516
1788204965462 	 99 	 200 	 2623 	 515
1788204965458 	 190 	 200 	 2624 	 519
1788204965069 	 581 	 200 	 2625 	 518
1788204965265 	 387 	 200 	 2626 	 517
1788204965563 	 99 	 200 	 2627 	 516
1788204965241 	 600 	 200 	 2628 	 524
1788204965337 	 506 	 200 	 2629 	 524
1788204965657 	 194 	 200 	 2630 	 524
1788204965661 	 198 	 200 	 2631 	 523
1788204965464 	 402 	 200 	 2632 	 522
1788204965454 	 480 	 200 	 2633 	 525
1788204961337 	 4603 	 200 	 2634 	 524
1788204965665 	 282 	 200 	 2635 	 523
1788204965051 	 924 	 200 	 2636 	 523
1788204965653 	 378 	 200 	 2637 	 526
1788204965263 	 784 	 200 	 2638 	 526
1788204965252 	 851 	 200 	 2639 	 527
1788204965559 	 584 	 200 	 2640 	 528
1788204965846 	 295 	 200 	 2641 	 527
1788204965849 	 390 	 200 	 2642 	 531
1788204965937 	 302 	 200 	 2643 	 530
1788204965063 	 1178 	 200 	 2644 	 529
1788204965861 	 379 	 200 	 2645 	 529
1788204966106 	 143 	 200 	 2646 	 529
1788204965855 	 406 	 200 	 2647 	 528
1788204965440 	 896 	 200 	 2648 	 534
1788204965976 	 384 	 200 	 2649 	 533
1788204966145 	 305 	 200 	 2650 	 541
1788204965869 	 591 	 200 	 2651 	 540
1788204965942 	 604 	 200 	 2652 	 545
1788204965949 	 603 	 200 	 2653 	 545
1788204966036 	 621 	 200 	 2654 	 550
1788204966244 	 501 	 200 	 2655 	 555
1788204966251 	 495 	 200 	 2656 	 554
1788204966242 	 506 	 200 	 2657 	 554
1788204966362 	 395 	 200 	 2658 	 553
1788204966463 	 296 	 200 	 2659 	 552
1788204966337 	 423 	 200 	 2660 	 551
1788204966264 	 502 	 200 	 2661 	 550
1788204966049 	 815 	 200 	 2662 	 559
1788204966148 	 721 	 200 	 2663 	 559
1788204966747 	 199 	 200 	 2664 	 560
1788204966452 	 503 	 200 	 2665 	 560
1788204966549 	 405 	 200 	 2666 	 559
1788204966749 	 212 	 200 	 2667 	 558
1788204966765 	 203 	 200 	 2668 	 557
1788204966762 	 278 	 200 	 2669 	 563
1788204966756 	 287 	 200 	 2670 	 562
1788204966868 	 182 	 200 	 2671 	 562
1788204966958 	 176 	 200 	 2672 	 565
1788204966660 	 479 	 200 	 2673 	 564
1788204966768 	 387 	 200 	 2674 	 563
1788204966242 	 918 	 200 	 2675 	 562
1788204966970 	 269 	 200 	 2676 	 565
1788204966770 	 471 	 200 	 2677 	 564
1788204966951 	 296 	 200 	 2678 	 563
1788204966961 	 290 	 200 	 2679 	 562
1788204966872 	 385 	 200 	 2680 	 561
1788204966245 	 1020 	 200 	 2681 	 561
1788204967046 	 216 	 200 	 2682 	 560
1788204967043 	 219 	 200 	 2683 	 559
1788204966555 	 707 	 200 	 2684 	 558
1788204966966 	 294 	 200 	 2685 	 557
1788204967053 	 227 	 200 	 2686 	 556
1788204967136 	 145 	 200 	 2687 	 555
1788204967158 	 180 	 200 	 2688 	 558
1788204967267 	 171 	 200 	 2689 	 566
1788204967272 	 226 	 200 	 2690 	 566
1788204967250 	 302 	 200 	 2691 	 566
1788204967244 	 318 	 200 	 2692 	 565
1788204967141 	 427 	 200 	 2693 	 564
1788204967254 	 389 	 200 	 2694 	 565
1788204967241 	 409 	 200 	 2695 	 564
1788204967162 	 499 	 200 	 2696 	 563
1788204967279 	 389 	 200 	 2697 	 562
1788204967340 	 401 	 200 	 2698 	 567
1788204967555 	 188 	 200 	 2699 	 566
1788204967646 	 99 	 200 	 2700 	 565
1788204967283 	 469 	 200 	 2701 	 564
1788204967663 	 95 	 200 	 2702 	 564
1788204967501 	 335 	 200 	 2703 	 568
1788204967651 	 195 	 200 	 2704 	 567
1788204967570 	 287 	 200 	 2705 	 566
1788204967275 	 586 	 200 	 2706 	 565
1788204967754 	 185 	 200 	 2707 	 570
1788204967285 	 658 	 200 	 2708 	 570
1788204967748 	 293 	 200 	 2709 	 576
1788204967743 	 302 	 200 	 2710 	 575
1788204967564 	 481 	 200 	 2711 	 574
1788204967746 	 303 	 200 	 2712 	 573
1788204967270 	 790 	 200 	 2713 	 573
1788204967670 	 396 	 200 	 2714 	 572
1788204967441 	 699 	 200 	 2715 	 573
1788204967259 	 894 	 200 	 2716 	 573
1788204967837 	 396 	 200 	 2717 	 573
1788204968069 	 181 	 200 	 2718 	 572
1788204968143 	 112 	 200 	 2719 	 571
1788204967858 	 403 	 200 	 2720 	 571
1788204967944 	 402 	 200 	 2721 	 571
1788204968042 	 305 	 200 	 2722 	 570
1788204968048 	 312 	 200 	 2723 	 569
1788204967761 	 605 	 200 	 2724 	 568
1788204967941 	 424 	 200 	 2725 	 568
1788204968062 	 302 	 200 	 2726 	 567
1788204968051 	 325 	 200 	 2727 	 566
1788204967849 	 516 	 200 	 2728 	 565
1788204967864 	 501 	 200 	 2729 	 564
1788204968234 	 212 	 200 	 2730 	 568
1788204968264 	 209 	 200 	 2731 	 568
1788204968252 	 281 	 200 	 2732 	 569
1788204968349 	 201 	 200 	 2733 	 570
1788204968372 	 193 	 200 	 2734 	 571
1788204968381 	 268 	 200 	 2735 	 571
1788204968448 	 208 	 200 	 2736 	 571
1788204968374 	 289 	 200 	 2737 	 570
1788204968362 	 393 	 200 	 2738 	 574
1788204968348 	 404 	 200 	 2739 	 573
1788204968658 	 185 	 200 	 2740 	 579
1788204968476 	 376 	 200 	 2741 	 578
1788204968666 	 187 	 200 	 2742 	 577
1788204968378 	 491 	 200 	 2743 	 576
1788204968156 	 784 	 200 	 2744 	 576
1788204968536 	 415 	 200 	 2745 	 576
1788204968846 	 106 	 200 	 2746 	 576
1788204968567 	 401 	 200 	 2747 	 575
1788204968761 	 278 	 200 	 2748 	 578
1788204968554 	 501 	 200 	 2749 	 580
1788204968954 	 185 	 200 	 2750 	 581
1788204968943 	 198 	 200 	 2751 	 580
1788204968053 	 1087 	 200 	 2752 	 579
1788204968259 	 896 	 200 	 2753 	 578
1788204969143 	 99 	 200 	 2754 	 581
1788204968652 	 592 	 200 	 2755 	 580
1788204969057 	 189 	 200 	 2756 	 579
1788204968971 	 275 	 200 	 2757 	 578
1788204968858 	 388 	 200 	 2758 	 577
1788204968757 	 501 	 200 	 2759 	 577
1788204968855 	 410 	 200 	 2760 	 576
1788204968384 	 966 	 200 	 2761 	 580
1788204968871 	 486 	 200 	 2762 	 579
1788204969249 	 116 	 200 	 2763 	 578
1788204969250 	 203 	 200 	 2764 	 581
1788204969041 	 418 	 200 	 2765 	 581
1788204968957 	 504 	 200 	 2766 	 580
1788204969359 	 115 	 200 	 2767 	 579
1788204969368 	 178 	 200 	 2768 	 582
1788204969260 	 286 	 200 	 2769 	 581
1788204969248 	 306 	 200 	 2770 	 580
1788204969268 	 293 	 200 	 2771 	 579
1788204969143 	 511 	 200 	 2772 	 583
1788204969552 	 189 	 200 	 2773 	 585
1788204969246 	 515 	 200 	 2774 	 584
1788204969549 	 212 	 200 	 2775 	 583
1788204969157 	 610 	 200 	 2776 	 582
1788204969143 	 709 	 200 	 2777 	 583
1788204969245 	 612 	 200 	 2778 	 582
1788204969477 	 469 	 200 	 2779 	 584
1788204969564 	 383 	 200 	 2780 	 583
1788204969655 	 300 	 200 	 2781 	 582
1788204969455 	 498 	 200 	 2782 	 581
1788204969766 	 283 	 200 	 2783 	 588
1788204969556 	 499 	 200 	 2784 	 587
1788204969763 	 296 	 200 	 2785 	 587
1788204969958 	 94 	 200 	 2786 	 586
1788204962054 	 8010 	 200 	 2787 	 585
1788204969352 	 804 	 200 	 2788 	 588
1788204969460 	 698 	 200 	 2789 	 587
1788204969463 	 781 	 200 	 2790 	 589
1788204969952 	 292 	 200 	 2791 	 588
1788204969855 	 408 	 200 	 2792 	 589
1788204970052 	 209 	 200 	 2793 	 588
1788204969744 	 526 	 200 	 2794 	 587
1788204969769 	 575 	 200 	 2795 	 589
1788204969859 	 490 	 200 	 2796 	 590
1788204969949 	 409 	 200 	 2797 	 589
1788204969958 	 407 	 200 	 2798 	 588
1788204970247 	 199 	 200 	 2799 	 591
1788204970266 	 187 	 200 	 2800 	 590
1788204970062 	 390 	 200 	 2801 	 589
1788204970158 	 383 	 200 	 2802 	 595
1788204970067 	 478 	 200 	 2803 	 594
1788204970058 	 488 	 200 	 2804 	 594
1788204970065 	 488 	 200 	 2805 	 594
1788204970272 	 299 	 200 	 2806 	 594
1788204970161 	 478 	 200 	 2807 	 594
1788204970269 	 376 	 200 	 2808 	 594
1788204970451 	 209 	 200 	 2809 	 593
1788204970351 	 314 	 200 	 2810 	 593
1788204970543 	 198 	 200 	 2811 	 600
1788204970455 	 297 	 200 	 2812 	 601
1788204970367 	 390 	 200 	 2813 	 600
1788204970574 	 191 	 200 	 2814 	 599
1788204970347 	 421 	 200 	 2815 	 598
1788204970248 	 521 	 200 	 2816 	 597
1788204970361 	 485 	 200 	 2817 	 601
1788204970550 	 303 	 200 	 2818 	 600
1788204970667 	 274 	 200 	 2819 	 608
1788204970647 	 311 	 200 	 2820 	 608
1788204970548 	 407 	 200 	 2821 	 607
1788204970662 	 299 	 200 	 2822 	 606
1788204970754 	 279 	 200 	 2823 	 607
1788204970760 	 303 	 200 	 2824 	 608
1788204970767 	 378 	 200 	 2825 	 614
1788204970744 	 503 	 200 	 2826 	 614
1788204970857 	 398 	 200 	 2827 	 613
1788204970560 	 705 	 200 	 2828 	 612
1788204970458 	 810 	 200 	 2829 	 611
1788204970964 	 305 	 200 	 2830 	 610
1788204970848 	 499 	 200 	 2831 	 614
1788204970640 	 712 	 200 	 2832 	 613
1788204970944 	 412 	 200 	 2833 	 612
1788204971251 	 193 	 200 	 2834 	 619
1788204971271 	 267 	 200 	 2835 	 622
1788204971273 	 280 	 200 	 2836 	 623
1788204970966 	 591 	 200 	 2837 	 622
1788204970960 	 680 	 200 	 2838 	 624
1788204970771 	 870 	 200 	 2839 	 623
1788204971037 	 614 	 200 	 2840 	 623
1788204971354 	 300 	 200 	 2841 	 622
1788204971065 	 593 	 200 	 2842 	 621
1788204971257 	 401 	 200 	 2843 	 620
1788204971446 	 309 	 200 	 2844 	 623
1788204971268 	 493 	 200 	 2845 	 622
1788204971556 	 206 	 200 	 2846 	 621
1788204971149 	 651 	 200 	 2847 	 620
1788204971350 	 450 	 200 	 2848 	 619
1788204971540 	 316 	 200 	 2849 	 618
1788204971559 	 383 	 200 	 2850 	 619
1788204971647 	 296 	 200 	 2851 	 618
1788204971653 	 296 	 200 	 2852 	 617
1788204971657 	 296 	 200 	 2853 	 617
1788204971757 	 211 	 200 	 2854 	 616
1788204971858 	 175 	 200 	 2855 	 616
1788204971764 	 270 	 200 	 2856 	 615
1788204971767 	 280 	 200 	 2857 	 615
1788204971644 	 413 	 200 	 2858 	 614
1788204971358 	 698 	 200 	 2859 	 614
1788204971803 	 358 	 200 	 2860 	 622
1788204971661 	 502 	 200 	 2861 	 621
1788204971946 	 309 	 200 	 2862 	 624
1788204972049 	 301 	 200 	 2863 	 628
1788204971952 	 402 	 200 	 2864 	 628
1788204971957 	 401 	 200 	 2865 	 628
1788204972258 	 182 	 200 	 2866 	 631
1788204971970 	 577 	 200 	 2867 	 636
1788204972037 	 514 	 200 	 2868 	 635
1788204972357 	 198 	 200 	 2869 	 634
1788204971664 	 975 	 200 	 2870 	 636
1788204972353 	 291 	 200 	 2871 	 635
1788204972360 	 293 	 200 	 2872 	 634
1788204972550 	 111 	 200 	 2873 	 634
1788204972060 	 696 	 200 	 2874 	 636
1788204972063 	 784 	 200 	 2875 	 640
1788204972162 	 689 	 200 	 2876 	 640
1788204972641 	 214 	 200 	 2877 	 639
1788204972664 	 192 	 200 	 2878 	 638
1788204972656 	 285 	 200 	 2879 	 641
1788204972165 	 883 	 200 	 2880 	 647
1788204972646 	 408 	 200 	 2881 	 646
1788204972850 	 199 	 200 	 2882 	 645
1788204972857 	 202 	 200 	 2883 	 644
1788204972442 	 701 	 200 	 2884 	 647
1788204972036 	 1111 	 200 	 2885 	 646
1788204972558 	 599 	 200 	 2886 	 645
1788204972944 	 215 	 200 	 2887 	 644
1788204973052 	 294 	 200 	 2888 	 655
1788204973162 	 191 	 200 	 2889 	 654
1788204973155 	 202 	 200 	 2890 	 653
1788204973055 	 307 	 200 	 2891 	 652
1788204972759 	 606 	 200 	 2892 	 651
1788204973145 	 222 	 200 	 2893 	 650
1788204972554 	 987 	 200 	 2894 	 660
1788204973063 	 492 	 200 	 2895 	 660
1788204972860 	 696 	 200 	 2896 	 659
1788204973058 	 593 	 200 	 2897 	 662
1788204973349 	 389 	 200 	 2898 	 666
1788204973372 	 376 	 200 	 2899 	 665
1788204973355 	 396 	 200 	 2900 	 664
1788204973359 	 395 	 200 	 2901 	 663
1788204972853 	 907 	 200 	 2902 	 663
1788204973367 	 480 	 200 	 2903 	 666
1788204973544 	 496 	 200 	 2904 	 673
1788204973740 	 308 	 200 	 2905 	 672
1788204973763 	 290 	 200 	 2906 	 671
1788204973755 	 301 	 200 	 2907 	 670
1788204973370 	 691 	 200 	 2908 	 669
1788204973159 	 906 	 200 	 2909 	 668
1788204973558 	 508 	 200 	 2910 	 667
1788204973849 	 299 	 200 	 2911 	 671
1788204973751 	 494 	 200 	 2912 	 676
1788204973654 	 591 	 200 	 2913 	 675
1788204973558 	 688 	 200 	 2914 	 674
1788204974050 	 506 	 200 	 2915 	 691
1788204974060 	 593 	 200 	 2916 	 692
1788204974043 	 611 	 200 	 2917 	 691
1788204974070 	 591 	 200 	 2918 	 690
1788204973759 	 902 	 200 	 2919 	 689
1788204974151 	 513 	 200 	 2920 	 688
1788204974064 	 599 	 200 	 2921 	 687
1788204974056 	 606 	 200 	 2922 	 686
1788204974067 	 781 	 200 	 2923 	 698
1788204974657 	 194 	 200 	 2924 	 698
1788204974665 	 184 	 200 	 2925 	 697
1788204974666 	 195 	 200 	 2926 	 697
1788204974558 	 307 	 200 	 2927 	 696
1788204974249 	 614 	 200 	 2928 	 695
1788204974248 	 697 	 200 	 2929 	 695
1788204974248 	 799 	 200 	 2930 	 700
1788204971944 	 3108 	 200 	 2931 	 699
1788204974660 	 403 	 200 	 2932 	 699
1788204974671 	 477 	 200 	 2933 	 701
1788204974674 	 479 	 200 	 2934 	 700
1788204974948 	 290 	 200 	 2935 	 705
1788204974858 	 398 	 200 	 2936 	 705
1788204974870 	 482 	 200 	 2937 	 707
1788204974850 	 500 	 200 	 2938 	 706
1788204974855 	 503 	 200 	 2939 	 706
1788204974668 	 693 	 200 	 2940 	 706
1788204975054 	 310 	 200 	 2941 	 705
1788204975151 	 218 	 200 	 2942 	 704
1788204975154 	 302 	 200 	 2943 	 707
1788204974868 	 776 	 200 	 2944 	 709
1788204975241 	 409 	 200 	 2945 	 708
1788204968369 	 7279 	 200 	 2946 	 707
1788204975458 	 200 	 200 	 2947 	 706
1788204974863 	 799 	 200 	 2948 	 705
1788204975259 	 408 	 200 	 2949 	 704
1788204975655 	 100 	 200 	 2950 	 706
1788204975370 	 388 	 200 	 2951 	 706
1788204975065 	 694 	 200 	 2952 	 705
1788204975355 	 491 	 200 	 2953 	 706
1788204975363 	 496 	 200 	 2954 	 705
1788204975368 	 578 	 200 	 2955 	 708
1788204975049 	 897 	 200 	 2956 	 707
1788204975365 	 589 	 200 	 2957 	 706
1788204975358 	 597 	 200 	 2958 	 706
1788204975646 	 320 	 200 	 2959 	 705
1788204975762 	 296 	 200 	 2960 	 710
1788204975652 	 407 	 200 	 2961 	 710
1788204975762 	 377 	 200 	 2962 	 712
1788204975758 	 391 	 200 	 2963 	 714
1788204975861 	 293 	 200 	 2964 	 713
1788204975661 	 497 	 200 	 2965 	 712
1788204975669 	 492 	 200 	 2966 	 711
1788204975665 	 498 	 200 	 2967 	 711
1788204975952 	 216 	 200 	 2968 	 710
1788204975848 	 320 	 200 	 2969 	 709
1788204975948 	 291 	 200 	 2970 	 714
1788204975958 	 386 	 200 	 2971 	 720
1788204976061 	 303 	 200 	 2972 	 719
1788204976143 	 302 	 200 	 2973 	 721
1788204976063 	 387 	 200 	 2974 	 720
1788204975969 	 491 	 200 	 2975 	 719
1788204976161 	 482 	 200 	 2976 	 731
1788204976173 	 472 	 200 	 2977 	 731
1788204976166 	 485 	 200 	 2978 	 730
1788204976157 	 501 	 200 	 2979 	 729
1788204976165 	 483 	 200 	 2980 	 728
1788204976171 	 563 	 200 	 2981 	 733
1788204976346 	 391 	 200 	 2982 	 732
1788204975961 	 798 	 200 	 2983 	 732
1788204976366 	 466 	 200 	 2984 	 735
1788204976151 	 685 	 200 	 2985 	 734
1788204976242 	 593 	 200 	 2986 	 733
1788204976463 	 471 	 200 	 2987 	 741
1788204976647 	 286 	 200 	 2988 	 740
1788204976650 	 288 	 200 	 2989 	 739
1788204976453 	 512 	 200 	 2990 	 740
1788204976655 	 399 	 200 	 2991 	 747
1788204976447 	 695 	 200 	 2992 	 749
1788204976935 	 211 	 200 	 2993 	 748
1788204976664 	 498 	 200 	 2994 	 747
1788204976736 	 432 	 200 	 2995 	 746
1788204976936 	 232 	 200 	 2996 	 745
1788204976835 	 336 	 200 	 2997 	 744
1788204976941 	 304 	 200 	 2998 	 746
1788204976842 	 412 	 200 	 2999 	 745
1788204976740 	 522 	 200 	 3000 	 745
1788204976661 	 600 	 200 	 3001 	 744
1788204977149 	 194 	 200 	 3002 	 747
1788204977164 	 187 	 200 	 3003 	 746
1788204977145 	 211 	 200 	 3004 	 746
1788204977057 	 304 	 200 	 3005 	 745
1788204976968 	 475 	 200 	 3006 	 747
1788204977171 	 275 	 200 	 3007 	 746
1788204977176 	 283 	 200 	 3008 	 745
1788204977172 	 286 	 200 	 3009 	 744
1788204977258 	 297 	 200 	 3010 	 749
1788204977246 	 399 	 200 	 3011 	 759
1788204977354 	 301 	 200 	 3012 	 759
1788204977450 	 393 	 200 	 3013 	 770
1788204977345 	 595 	 200 	 3014 	 773
1788204977268 	 674 	 200 	 3015 	 772
1788204977446 	 504 	 200 	 3016 	 771
1788204977358 	 599 	 200 	 3017 	 770
1788204977557 	 491 	 200 	 3018 	 772
1788204976762 	 1290 	 200 	 3019 	 771
1788204977363 	 731 	 200 	 3020 	 773
1788204977467 	 692 	 200 	 3021 	 774
1788204978162 	 82 	 200 	 3022 	 775
1788204977265 	 979 	 200 	 3023 	 774
1788204977658 	 592 	 200 	 3024 	 773
1788204977846 	 410 	 200 	 3025 	 772
1788204977953 	 310 	 200 	 3026 	 772
1788204977646 	 622 	 200 	 3027 	 771
1788204977949 	 324 	 200 	 3028 	 770
1788204978097 	 275 	 200 	 3029 	 778
1788204977462 	 911 	 200 	 3030 	 777
1788204978054 	 320 	 200 	 3031 	 776
1788204977944 	 430 	 200 	 3032 	 775
1788204977960 	 417 	 200 	 3033 	 774
1788204978246 	 210 	 200 	 3034 	 779
1788204978253 	 205 	 200 	 3035 	 778
1788204978258 	 282 	 200 	 3036 	 781
1788204978247 	 311 	 200 	 3037 	 781
1788204978377 	 263 	 200 	 3038 	 783
1788204976839 	 1811 	 200 	 3039 	 782
1788204978377 	 278 	 200 	 3040 	 781
1788204978275 	 385 	 200 	 3041 	 780
1788204978266 	 393 	 200 	 3042 	 779
1788204978375 	 284 	 200 	 3043 	 778
1788204978050 	 614 	 200 	 3044 	 777
1788204978560 	 187 	 200 	 3045 	 779
1788204978375 	 376 	 200 	 3046 	 778
1788204978271 	 562 	 200 	 3047 	 782
1788204978643 	 190 	 200 	 3048 	 781
1788204978461 	 374 	 200 	 3049 	 780
1788204978754 	 94 	 200 	 3050 	 780
1788204978665 	 202 	 200 	 3051 	 783
1788204978657 	 209 	 200 	 3052 	 782
1788204978458 	 489 	 200 	 3053 	 784
1788204978835 	 207 	 200 	 3054 	 791
1788204978869 	 173 	 200 	 3055 	 790
1788204978837 	 225 	 200 	 3056 	 790
1788204978869 	 272 	 200 	 3057 	 792
1788204978542 	 602 	 200 	 3058 	 791
1788204978850 	 305 	 200 	 3059 	 791
1788204979046 	 125 	 200 	 3060 	 790
1788204978667 	 526 	 200 	 3061 	 789
1788204979063 	 182 	 200 	 3062 	 790
1788204979043 	 208 	 200 	 3063 	 789
1788204979144 	 111 	 200 	 3064 	 788
1788204979159 	 112 	 200 	 3065 	 788
1788204979172 	 166 	 200 	 3066 	 790
1788204978669 	 677 	 200 	 3067 	 790
1788204978835 	 522 	 200 	 3068 	 789
1788204979253 	 113 	 200 	 3069 	 788
1788204979248 	 121 	 200 	 3070 	 787
1788204978662 	 710 	 200 	 3071 	 786
1788204979259 	 118 	 200 	 3072 	 786
1788204978749 	 697 	 200 	 3073 	 791
1788204979359 	 92 	 200 	 3074 	 790
1788204979380 	 82 	 200 	 3075 	 790
1788204979368 	 98 	 200 	 3076 	 789
1788204979374 	 162 	 200 	 3077 	 794
1788204978379 	 1164 	 200 	 3078 	 793
1788204978652 	 899 	 200 	 3079 	 792
1788204979273 	 283 	 200 	 3080 	 791
1788204979454 	 188 	 200 	 3081 	 794
1788204978949 	 698 	 200 	 3082 	 793
1788204979340 	 321 	 200 	 3083 	 795
1788204979449 	 211 	 200 	 3084 	 794
1788204979148 	 595 	 200 	 3085 	 799
1788204970774 	 8982 	 200 	 3086 	 799
1788204979468 	 364 	 200 	 3087 	 802
1788204979545 	 299 	 200 	 3088 	 802
1788204979371 	 474 	 200 	 3089 	 801
1788204979746 	 102 	 200 	 3090 	 800
1788204979195 	 659 	 200 	 3091 	 799
1788204979650 	 283 	 200 	 3092 	 804
1788204979559 	 376 	 200 	 3093 	 803
1788204979555 	 379 	 200 	 3094 	 803
1788204979349 	 683 	 200 	 3095 	 807
1788204979465 	 571 	 200 	 3096 	 806
1788204979759 	 290 	 200 	 3097 	 807
1788204979664 	 480 	 200 	 3098 	 816
1788204979856 	 296 	 200 	 3099 	 816
1788204979539 	 618 	 200 	 3100 	 815
1788204979943 	 219 	 200 	 3101 	 814
1788204979645 	 524 	 200 	 3102 	 813
1788204979664 	 569 	 200 	 3103 	 816
1788204980035 	 206 	 200 	 3104 	 815
1788204980038 	 215 	 200 	 3105 	 814
1788204979834 	 425 	 200 	 3106 	 813
1788204979847 	 415 	 200 	 3107 	 812
1788204980161 	 190 	 200 	 3108 	 816
1788204979846 	 510 	 200 	 3109 	 816
1788204979941 	 422 	 200 	 3110 	 816
1788204980165 	 196 	 200 	 3111 	 815
1788204980051 	 400 	 200 	 3112 	 818
1788204980172 	 283 	 200 	 3113 	 817
1788204980235 	 219 	 200 	 3114 	 819
1788204979851 	 619 	 200 	 3115 	 818
1788204980243 	 302 	 200 	 3116 	 822
1788204979938 	 615 	 200 	 3117 	 821
1788204980148 	 446 	 200 	 3118 	 821
1788204980365 	 277 	 200 	 3119 	 822
1788204980457 	 185 	 200 	 3120 	 821
1788204980155 	 538 	 200 	 3121 	 820
1788204980368 	 480 	 200 	 3122 	 834
1788204980647 	 207 	 200 	 3123 	 833
1788204980360 	 500 	 200 	 3124 	 833
1788204971803 	 9058 	 200 	 3125 	 832
1788204980255 	 610 	 200 	 3126 	 831
1788204980597 	 344 	 200 	 3127 	 832
1788204980645 	 305 	 200 	 3128 	 833
1788204980455 	 494 	 200 	 3129 	 833
1788204980473 	 485 	 200 	 3130 	 833
1788204980850 	 188 	 200 	 3131 	 837
1788204980696 	 352 	 200 	 3132 	 836
1788204980547 	 505 	 200 	 3133 	 835
1788204980857 	 202 	 200 	 3134 	 834
1788204980555 	 514 	 200 	 3135 	 833
1788204980463 	 608 	 200 	 3136 	 832
1788204980953 	 119 	 200 	 3137 	 831
1788204980261 	 873 	 200 	 3138 	 832
1788204981041 	 195 	 200 	 3139 	 834
1788204980863 	 372 	 200 	 3140 	 833
1788204980956 	 276 	 200 	 3141 	 832
1788204980868 	 366 	 200 	 3142 	 831
1788204980354 	 879 	 200 	 3143 	 830
1788204980960 	 273 	 200 	 3144 	 829
1788204980865 	 390 	 200 	 3145 	 828
1788204980264 	 987 	 200 	 3146 	 827
1788204980943 	 317 	 200 	 3147 	 826
1788204981050 	 214 	 200 	 3148 	 825
1788204981074 	 361 	 200 	 3149 	 831
1788204981077 	 364 	 200 	 3150 	 830
1788204981136 	 318 	 200 	 3151 	 829
1788204981055 	 403 	 200 	 3152 	 828
1788204981253 	 209 	 200 	 3153 	 827
1788204981062 	 403 	 200 	 3154 	 826
1788204981243 	 254 	 200 	 3155 	 826
1788204981246 	 287 	 200 	 3156 	 826
1788204981073 	 457 	 200 	 3157 	 825
1788204981240 	 294 	 200 	 3158 	 824
1788204981249 	 295 	 200 	 3159 	 823
1788204981438 	 112 	 200 	 3160 	 822
1788204981263 	 369 	 200 	 3161 	 825
1788204981268 	 366 	 200 	 3162 	 824
1788204981258 	 377 	 200 	 3163 	 823
1788204981237 	 495 	 200 	 3164 	 824
1788204981445 	 289 	 200 	 3165 	 823
1788204981465 	 277 	 200 	 3166 	 822
1788204981261 	 481 	 200 	 3167 	 821
1788204981460 	 294 	 200 	 3168 	 822
1788204981537 	 224 	 200 	 3169 	 821
1788204981468 	 294 	 200 	 3170 	 820
1788204981637 	 296 	 200 	 3171 	 829
1788204981456 	 479 	 200 	 3172 	 828
1788204981499 	 437 	 200 	 3173 	 827
1788204981539 	 408 	 200 	 3174 	 826
1788204981547 	 408 	 200 	 3175 	 825
1788204981552 	 405 	 200 	 3176 	 824
1788204981536 	 423 	 200 	 3177 	 823
1788204981640 	 328 	 200 	 3178 	 822
1788204981636 	 393 	 200 	 3179 	 824
1788204981764 	 274 	 200 	 3180 	 823
1788204981939 	 106 	 200 	 3181 	 823
1788204981735 	 313 	 200 	 3182 	 823
1788204981749 	 305 	 200 	 3183 	 822
1788204981758 	 299 	 200 	 3184 	 821
1788204981948 	 185 	 200 	 3185 	 824
1788204981767 	 371 	 200 	 3186 	 823
1788204981739 	 408 	 200 	 3187 	 822
1788204982053 	 104 	 200 	 3188 	 821
1788204981935 	 224 	 200 	 3189 	 820
1788204981938 	 224 	 200 	 3190 	 819
1788204981956 	 208 	 200 	 3191 	 818
1788204982036 	 128 	 200 	 3192 	 817
1788204982136 	 33 	 200 	 3193 	 817
1788204981959 	 273 	 200 	 3194 	 819
1788204982040 	 207 	 200 	 3195 	 820
1788204982056 	 200 	 200 	 3196 	 822
1788204981745 	 517 	 200 	 3197 	 821
1788204982163 	 103 	 200 	 3198 	 820
1788204982047 	 217 	 200 	 3199 	 819
1788204981960 	 304 	 200 	 3200 	 819
1788204982141 	 193 	 200 	 3201 	 823
1788204981970 	 371 	 200 	 3202 	 822
1788204982061 	 283 	 200 	 3203 	 821
1788204982167 	 182 	 200 	 3204 	 821
1788204982159 	 185 	 200 	 3205 	 820
1788204982236 	 124 	 200 	 3206 	 819
1788204982150 	 211 	 200 	 3207 	 819
1788204982335 	 31 	 200 	 3208 	 818
1788204982161 	 274 	 200 	 3209 	 820
1788204982170 	 265 	 200 	 3210 	 819
1788204982251 	 196 	 200 	 3211 	 819
1788204982168 	 287 	 200 	 3212 	 818
1788204982265 	 192 	 200 	 3213 	 817
1788204982259 	 200 	 200 	 3214 	 816
1788204982267 	 195 	 200 	 3215 	 815
1788204982352 	 189 	 200 	 3216 	 820
1788204982437 	 104 	 200 	 3217 	 819
1788204982342 	 207 	 200 	 3218 	 818
1788204982267 	 289 	 200 	 3219 	 817
1788204982350 	 213 	 200 	 3220 	 816
1788204982363 	 278 	 200 	 3221 	 817
1788204982449 	 194 	 200 	 3222 	 816
1788204982457 	 192 	 200 	 3223 	 815
1788204982542 	 109 	 200 	 3224 	 815
1788204982346 	 306 	 200 	 3225 	 814
1788204982461 	 201 	 200 	 3226 	 814
1788204982436 	 307 	 200 	 3227 	 818
1788204982361 	 385 	 200 	 3228 	 817
1788204982464 	 286 	 200 	 3229 	 816
1788204982651 	 101 	 200 	 3230 	 815
1788204982367 	 385 	 200 	 3231 	 814
1788204982564 	 188 	 200 	 3232 	 813
1788204982655 	 104 	 200 	 3233 	 812
1788204982543 	 219 	 200 	 3234 	 811
1788204982458 	 305 	 200 	 3235 	 810
1788204982557 	 204 	 200 	 3236 	 809
1788204982654 	 188 	 200 	 3237 	 812
1788204982644 	 201 	 200 	 3238 	 811
1788204982642 	 203 	 200 	 3239 	 810
1788204982552 	 290 	 200 	 3240 	 809
1788204982747 	 146 	 200 	 3241 	 811
1788204982754 	 194 	 200 	 3242 	 811
1788204982769 	 183 	 200 	 3243 	 810
1788204982847 	 108 	 200 	 3244 	 809
1788204982760 	 203 	 200 	 3245 	 809
1788204982895 	 69 	 200 	 3246 	 808
1788204982849 	 146 	 200 	 3247 	 808
1788204982755 	 285 	 200 	 3248 	 809
1788204982763 	 281 	 200 	 3249 	 808
1788204982752 	 294 	 200 	 3250 	 807
1788204982765 	 285 	 200 	 3251 	 806
1788204982663 	 394 	 200 	 3252 	 807
1788204982957 	 102 	 200 	 3253 	 806
1788204982955 	 190 	 200 	 3254 	 808
1788204982846 	 305 	 200 	 3255 	 807
1788204982844 	 396 	 200 	 3256 	 813
1788204983049 	 195 	 200 	 3257 	 812
1788204983041 	 206 	 200 	 3258 	 811
1788204982953 	 297 	 200 	 3259 	 810
1788204983061 	 190 	 200 	 3260 	 809
1788204982750 	 506 	 200 	 3261 	 808
1788204983147 	 114 	 200 	 3262 	 807
1788204982966 	 293 	 200 	 3263 	 807
1788204982966 	 305 	 200 	 3264 	 806
1788204982756 	 514 	 200 	 3265 	 805
1788204983152 	 183 	 200 	 3266 	 809
1788204983046 	 295 	 200 	 3267 	 808
1788204983059 	 286 	 200 	 3268 	 807
1788204983052 	 382 	 200 	 3269 	 809
1788204983242 	 194 	 200 	 3270 	 808
1788204983253 	 189 	 200 	 3271 	 809
1788204983248 	 199 	 200 	 3272 	 808
1788204983268 	 232 	 200 	 3273 	 810
1788204983245 	 289 	 200 	 3274 	 811
1788204983338 	 196 	 200 	 3275 	 810
1788204982997 	 541 	 200 	 3276 	 809
1788204983264 	 279 	 200 	 3277 	 808
1788204983257 	 376 	 200 	 3278 	 810
1788204983275 	 369 	 200 	 3279 	 809
1788204983536 	 164 	 200 	 3280 	 810
1788204983438 	 264 	 200 	 3281 	 809
1788204983636 	 123 	 200 	 3282 	 809
1788204983273 	 568 	 200 	 3283 	 814
1788204983646 	 303 	 200 	 3284 	 818
1788204983703 	 255 	 200 	 3285 	 818
1788204983347 	 614 	 200 	 3286 	 817
1788204983761 	 280 	 200 	 3287 	 818
1788204983952 	 100 	 200 	 3288 	 817
1788204983450 	 609 	 200 	 3289 	 816
1788204983262 	 794 	 200 	 3290 	 815
1788204983963 	 101 	 200 	 3291 	 814
1788204983536 	 530 	 200 	 3292 	 813
1788204983436 	 629 	 200 	 3293 	 812
1788204983702 	 364 	 200 	 3294 	 811
1788204983843 	 234 	 200 	 3295 	 810
1788204983547 	 592 	 200 	 3296 	 814
1788204983445 	 789 	 200 	 3297 	 818
1788204983502 	 735 	 200 	 3298 	 817
1788204983960 	 295 	 200 	 3299 	 816
1788204983540 	 796 	 200 	 3300 	 822
1788204984072 	 268 	 200 	 3301 	 822
1788204983343 	 1002 	 200 	 3302 	 821
1788204984043 	 392 	 200 	 3303 	 825
1788204984062 	 377 	 200 	 3304 	 824
1788204984080 	 383 	 200 	 3305 	 826
1788204984074 	 468 	 200 	 3306 	 828
1788204984142 	 408 	 200 	 3307 	 827
1788204984437 	 118 	 200 	 3308 	 826
1788204984244 	 310 	 200 	 3309 	 826
1788204984338 	 221 	 200 	 3310 	 825
1788204984465 	 167 	 200 	 3311 	 833
1788204984257 	 377 	 200 	 3312 	 832
1788204984077 	 564 	 200 	 3313 	 831
1788204984055 	 593 	 200 	 3314 	 830
1788204984068 	 667 	 200 	 3315 	 834
1788204984070 	 664 	 200 	 3316 	 833
1788204984348 	 392 	 200 	 3317 	 832
1788204984238 	 506 	 200 	 3318 	 831
1788204984558 	 376 	 200 	 3319 	 837
1788204984640 	 298 	 200 	 3320 	 836
1788204984751 	 388 	 200 	 3321 	 843
1788204984652 	 489 	 200 	 3322 	 842
1788204984743 	 394 	 200 	 3323 	 841
1788204984937 	 206 	 200 	 3324 	 840
1788204984643 	 597 	 200 	 3325 	 850
1788204984738 	 508 	 200 	 3326 	 849
1788204984637 	 614 	 200 	 3327 	 849
1788204984743 	 510 	 200 	 3328 	 848
1788204984565 	 686 	 200 	 3329 	 847
1788204984545 	 715 	 200 	 3330 	 846
1788204985146 	 196 	 200 	 3331 	 847
1788204985142 	 204 	 200 	 3332 	 846
1788204984441 	 909 	 200 	 3333 	 845
1788204984940 	 429 	 200 	 3334 	 844
1788204984561 	 878 	 200 	 3335 	 845
1788204982269 	 3185 	 200 	 3336 	 844
1788204985262 	 196 	 200 	 3337 	 844
1788204984553 	 909 	 200 	 3338 	 843
1788204985145 	 317 	 200 	 3339 	 842
1788204985260 	 273 	 200 	 3340 	 844
1788204985249 	 310 	 200 	 3341 	 846
1788204985344 	 308 	 200 	 3342 	 850
1788204985354 	 302 	 200 	 3343 	 849
1788204985254 	 403 	 200 	 3344 	 848
1788204985144 	 608 	 200 	 3345 	 851
1788204985348 	 415 	 200 	 3346 	 850
1788204985464 	 301 	 200 	 3347 	 849
1788204985560 	 207 	 200 	 3348 	 848
1788204985455 	 393 	 200 	 3349 	 851
1788204985258 	 598 	 200 	 3350 	 850
1788204985661 	 198 	 200 	 3351 	 849
1788204985466 	 392 	 200 	 3352 	 848
1788204985658 	 285 	 200 	 3353 	 849
1788204985771 	 174 	 200 	 3354 	 848
1788204985535 	 416 	 200 	 3355 	 847
1788204985372 	 589 	 200 	 3356 	 846
1788204985767 	 277 	 200 	 3357 	 850
1788204985863 	 184 	 200 	 3358 	 850
1788204985769 	 282 	 200 	 3359 	 851
1788204985947 	 107 	 200 	 3360 	 850
1788204985964 	 180 	 200 	 3361 	 851
1788204985459 	 687 	 200 	 3362 	 850
1788204985243 	 915 	 200 	 3363 	 849
1788204984343 	 1815 	 200 	 3364 	 848
1788204985954 	 210 	 200 	 3365 	 847
1788204985655 	 514 	 200 	 3366 	 846
1788204985754 	 418 	 200 	 3367 	 845
1788204985443 	 792 	 200 	 3368 	 844
1788204986166 	 107 	 200 	 3369 	 843
1788204986149 	 197 	 200 	 3370 	 847
1788204985851 	 502 	 200 	 3371 	 846
1788204986046 	 408 	 200 	 3372 	 849
1788204986149 	 305 	 200 	 3373 	 848
1788204986058 	 398 	 200 	 3374 	 847
1788204986053 	 410 	 200 	 3375 	 848
1788204986163 	 301 	 200 	 3376 	 847
1788204986275 	 263 	 200 	 3377 	 849
1788204986049 	 489 	 200 	 3378 	 848
1788204986236 	 306 	 200 	 3379 	 847
1788204985862 	 701 	 200 	 3380 	 848
1788204985952 	 614 	 200 	 3381 	 847
1788204986463 	 110 	 200 	 3382 	 846
1788204986352 	 223 	 200 	 3383 	 845
1788204986358 	 266 	 200 	 3384 	 847
1788204985857 	 780 	 200 	 3385 	 846
1788204986461 	 190 	 200 	 3386 	 847
1788204986469 	 232 	 200 	 3387 	 849
1788204986541 	 204 	 200 	 3388 	 849
1788204986544 	 215 	 200 	 3389 	 851
1788204986174 	 590 	 200 	 3390 	 850
1788204986171 	 594 	 200 	 3391 	 849
1788204986467 	 303 	 200 	 3392 	 848
1788204986578 	 272 	 200 	 3393 	 853
1788204986568 	 288 	 200 	 3394 	 853
1788204986575 	 281 	 200 	 3395 	 852
1788204986565 	 295 	 200 	 3396 	 851
1788204986767 	 97 	 200 	 3397 	 850
1788204986541 	 322 	 200 	 3398 	 849
1788204986640 	 295 	 200 	 3399 	 853
1788204986760 	 193 	 200 	 3400 	 852
1788204986626 	 372 	 200 	 3401 	 853
1788204986864 	 175 	 200 	 3402 	 852
1788204986458 	 586 	 200 	 3403 	 851
1788204986747 	 303 	 200 	 3404 	 850
1788204986703 	 348 	 200 	 3405 	 849
1788204986767 	 289 	 200 	 3406 	 849
1788204986161 	 903 	 200 	 3407 	 849
1788204986956 	 185 	 200 	 3408 	 850
1788204986772 	 375 	 200 	 3409 	 849
1788204987000 	 144 	 200 	 3410 	 848
1788204986862 	 292 	 200 	 3411 	 847
1788204986869 	 285 	 200 	 3412 	 846
1788204986654 	 584 	 200 	 3413 	 851
1788204987047 	 211 	 200 	 3414 	 852
1788204987067 	 199 	 200 	 3415 	 852
1788204986867 	 398 	 200 	 3416 	 851
1788204987041 	 298 	 200 	 3417 	 856
1788204986938 	 411 	 200 	 3418 	 857
1788204987149 	 205 	 200 	 3419 	 857
1788204987056 	 303 	 200 	 3420 	 856
1788204986853 	 509 	 200 	 3421 	 855
1788204986859 	 510 	 200 	 3422 	 854
1788204987240 	 122 	 200 	 3423 	 853
1788204987157 	 214 	 200 	 3424 	 852
1788204987060 	 300 	 200 	 3425 	 851
1788204987161 	 281 	 200 	 3426 	 852
1788204987053 	 394 	 200 	 3427 	 852
1788204987352 	 100 	 200 	 3428 	 852
1788204987340 	 195 	 200 	 3429 	 856
1788204987367 	 167 	 200 	 3430 	 855
1788204987376 	 163 	 200 	 3431 	 854
1788204987261 	 295 	 200 	 3432 	 854
1788204987365 	 271 	 200 	 3433 	 860
1788204987268 	 367 	 200 	 3434 	 859
1788204987444 	 194 	 200 	 3435 	 858
1788204987144 	 497 	 200 	 3436 	 857
1788204987153 	 489 	 200 	 3437 	 856
1788204987455 	 206 	 200 	 3438 	 856
1788204987271 	 463 	 200 	 3439 	 861
1788204987371 	 366 	 200 	 3440 	 860
1788204987374 	 366 	 200 	 3441 	 859
1788204987378 	 364 	 200 	 3442 	 858
1788204987541 	 202 	 200 	 3443 	 857
1788204987638 	 121 	 200 	 3444 	 856
1788204987543 	 288 	 200 	 3445 	 858
1788204987649 	 187 	 200 	 3446 	 857
1788204987645 	 192 	 200 	 3447 	 856
1788204987559 	 286 	 200 	 3448 	 856
1788204987537 	 326 	 200 	 3449 	 856
1788204987739 	 195 	 200 	 3450 	 859
1788204987450 	 489 	 200 	 3451 	 858
1788204987746 	 200 	 200 	 3452 	 857
1788204987736 	 211 	 200 	 3453 	 856
1788204987357 	 588 	 200 	 3454 	 855
1788204987665 	 334 	 200 	 3455 	 856
1788204987642 	 391 	 200 	 3456 	 856
1788204987742 	 293 	 200 	 3457 	 855
1788204987640 	 396 	 200 	 3458 	 854
1788204987835 	 207 	 200 	 3459 	 853
1788204987763 	 291 	 200 	 3460 	 853
1788204987935 	 198 	 200 	 3461 	 854
1788204987843 	 295 	 200 	 3462 	 853
1788204987744 	 401 	 200 	 3463 	 853
1788204987847 	 302 	 200 	 3464 	 852
1788204988036 	 117 	 200 	 3465 	 852
1788204987954 	 280 	 200 	 3466 	 853
1788204987840 	 393 	 200 	 3467 	 852
1788204987866 	 368 	 200 	 3468 	 851
1788204988034 	 201 	 200 	 3469 	 850
1788204987949 	 382 	 200 	 3470 	 854
1788204988044 	 293 	 200 	 3471 	 853
1788204988140 	 195 	 200 	 3472 	 852
1788204987942 	 394 	 200 	 3473 	 851
1788204988000 	 345 	 200 	 3474 	 850
1788204988241 	 119 	 200 	 3475 	 849
1788204988038 	 325 	 200 	 3476 	 849
1788204988147 	 253 	 200 	 3477 	 849
1788204988239 	 162 	 200 	 3478 	 848
1788204988236 	 197 	 200 	 3479 	 849
1788204988057 	 380 	 200 	 3480 	 848
1788204987949 	 491 	 200 	 3481 	 847
1788204988158 	 287 	 200 	 3482 	 846
1788204988136 	 315 	 200 	 3483 	 845
1788204988347 	 188 	 200 	 3484 	 846
1788204988236 	 302 	 200 	 3485 	 846
1788204988337 	 208 	 200 	 3486 	 845
1788204988340 	 294 	 200 	 3487 	 854
1788204988341 	 297 	 200 	 3488 	 853
1788204988342 	 298 	 200 	 3489 	 852
1788204988403 	 235 	 200 	 3490 	 851
1788204988403 	 240 	 200 	 3491 	 852
1788204988435 	 297 	 200 	 3492 	 854
1788204988155 	 579 	 200 	 3493 	 853
1788204988365 	 371 	 200 	 3494 	 852
1788204988362 	 377 	 200 	 3495 	 851
1788204988536 	 201 	 200 	 3496 	 850
1788204988636 	 164 	 200 	 3497 	 853
1788204988448 	 390 	 200 	 3498 	 856
1788204988439 	 412 	 200 	 3499 	 858
1788204988455 	 484 	 200 	 3500 	 860
1788204988444 	 499 	 200 	 3501 	 859
1788204988547 	 403 	 200 	 3502 	 858
1788204988645 	 390 	 200 	 3503 	 860
1788204988542 	 501 	 200 	 3504 	 860
1788204988647 	 399 	 200 	 3505 	 859
1788204988737 	 318 	 200 	 3506 	 858
1788204988650 	 482 	 200 	 3507 	 858
1788204988641 	 493 	 200 	 3508 	 857
1788204988853 	 283 	 200 	 3509 	 856
1788204988735 	 404 	 200 	 3510 	 855
1788204988942 	 218 	 200 	 3511 	 855
1788204988841 	 395 	 200 	 3512 	 857
1788204988741 	 499 	 200 	 3513 	 856
1788204988744 	 508 	 200 	 3514 	 856
1788204988802 	 456 	 200 	 3515 	 855
1788204988738 	 523 	 200 	 3516 	 854
1788204989138 	 196 	 200 	 3517 	 860
1788204988953 	 381 	 200 	 3518 	 859
1788204989162 	 175 	 200 	 3519 	 858
1788204989135 	 211 	 200 	 3520 	 857
1788204989056 	 292 	 200 	 3521 	 856
1788204989037 	 401 	 200 	 3522 	 857
1788204989137 	 306 	 200 	 3523 	 856
1788204989239 	 210 	 200 	 3524 	 855
1788204989263 	 196 	 200 	 3525 	 854
1788204989049 	 414 	 200 	 3526 	 853
1788204988946 	 520 	 200 	 3527 	 852
1788204989242 	 294 	 200 	 3528 	 851
1788204989259 	 282 	 200 	 3529 	 850
1788204989337 	 206 	 200 	 3530 	 849
1788204989255 	 298 	 200 	 3531 	 848
1788204989347 	 290 	 200 	 3532 	 848
1788204989141 	 502 	 200 	 3533 	 847
1788204989341 	 307 	 200 	 3534 	 846
1788204989470 	 187 	 200 	 3535 	 845
1788204989461 	 277 	 200 	 3536 	 848
1788204989350 	 391 	 200 	 3537 	 847
1788204989544 	 209 	 200 	 3538 	 846
1788204989466 	 287 	 200 	 3539 	 846
1788204989538 	 223 	 200 	 3540 	 845
1788204989545 	 222 	 200 	 3541 	 844
1788204989336 	 496 	 200 	 3542 	 847
1788204989744 	 125 	 200 	 3543 	 848
1788204989441 	 498 	 200 	 3544 	 852
1788204989762 	 182 	 200 	 3545 	 851
1788204989556 	 401 	 200 	 3546 	 851
1788204989842 	 120 	 200 	 3547 	 850
1788204989758 	 209 	 200 	 3548 	 849
1788204989450 	 590 	 200 	 3549 	 852
1788204989741 	 302 	 200 	 3550 	 851
1788204989755 	 294 	 200 	 3551 	 850
1788204989644 	 408 	 200 	 3552 	 849
1788204989960 	 193 	 200 	 3553 	 853
1788204989769 	 389 	 200 	 3554 	 852
1788204990048 	 192 	 200 	 3555 	 851
1788204989640 	 607 	 200 	 3556 	 850
1788204989947 	 306 	 200 	 3557 	 850
1788204989650 	 606 	 200 	 3558 	 849
1788204990161 	 96 	 200 	 3559 	 849
1788204989444 	 815 	 200 	 3560 	 848
1788204990057 	 209 	 200 	 3561 	 847
1788204990052 	 213 	 200 	 3562 	 846
1788204989660 	 600 	 200 	 3563 	 845
1788204989965 	 371 	 200 	 3564 	 846
1788204989870 	 503 	 200 	 3565 	 847
1788204990242 	 132 	 200 	 3566 	 846
1788204990263 	 131 	 200 	 3567 	 846
1788204990250 	 149 	 200 	 3568 	 845
1788204990045 	 393 	 200 	 3569 	 847
1788204990255 	 189 	 200 	 3570 	 847
1788204989940 	 509 	 200 	 3571 	 846
1788204989970 	 487 	 200 	 3572 	 847
1788204990396 	 70 	 200 	 3573 	 846
1788204990376 	 158 	 200 	 3574 	 851
1788204990377 	 177 	 200 	 3575 	 851
1788204990402 	 158 	 200 	 3576 	 850
1788204990460 	 173 	 200 	 3577 	 857
1788204990454 	 195 	 200 	 3578 	 857
1788204990268 	 388 	 200 	 3579 	 856
1788204990272 	 390 	 200 	 3580 	 855
1788204990537 	 216 	 200 	 3581 	 860
1788204990561 	 280 	 200 	 3582 	 866
1788204990659 	 180 	 200 	 3583 	 865
1788204990663 	 187 	 200 	 3584 	 864
1788204990756 	 110 	 200 	 3585 	 863
1788204990271 	 662 	 200 	 3586 	 865
1788204990847 	 97 	 200 	 3587 	 864
1788204990868 	 83 	 200 	 3588 	 863
1788204990844 	 108 	 200 	 3589 	 862
1788204990338 	 615 	 200 	 3590 	 861
1788204990446 	 507 	 200 	 3591 	 860
1788204990157 	 815 	 200 	 3592 	 860
1788204990635 	 400 	 200 	 3593 	 861
1788204990946 	 90 	 200 	 3594 	 860
1788204990652 	 392 	 200 	 3595 	 860
1788204990853 	 191 	 200 	 3596 	 860
1788204990962 	 85 	 200 	 3597 	 859
1788204990259 	 872 	 200 	 3598 	 861
1788204990940 	 206 	 200 	 3599 	 861
1788204990274 	 874 	 200 	 3600 	 860
1788204990953 	 199 	 200 	 3601 	 859
1788204991037 	 119 	 200 	 3602 	 858
1788204990955 	 204 	 200 	 3603 	 857
1788204990958 	 207 	 200 	 3604 	 856
1788204990973 	 196 	 200 	 3605 	 856
1788204990555 	 617 	 200 	 3606 	 855
1788204991047 	 187 	 200 	 3607 	 862
1788204991135 	 102 	 200 	 3608 	 861
1788204991036 	 206 	 200 	 3609 	 860
1788204991175 	 178 	 200 	 3610 	 865
1788204991150 	 202 	 200 	 3611 	 864
1788204990440 	 917 	 200 	 3612 	 863
1788204991235 	 123 	 200 	 3613 	 862
1788204991049 	 320 	 200 	 3614 	 864
1788204991244 	 127 	 200 	 3615 	 863
1788204991167 	 272 	 200 	 3616 	 866
1788204991172 	 273 	 200 	 3617 	 865
1788204991162 	 294 	 200 	 3618 	 864
1788204991146 	 314 	 200 	 3619 	 863
1788204991158 	 305 	 200 	 3620 	 862
1788204991356 	 117 	 200 	 3621 	 862
1788204991154 	 387 	 200 	 3622 	 861
1788204991048 	 492 	 200 	 3623 	 860
1788204991372 	 168 	 200 	 3624 	 861
1788204990468 	 1079 	 200 	 3625 	 860
1788204991363 	 191 	 200 	 3626 	 861
1788204991459 	 95 	 200 	 3627 	 860
1788204991466 	 94 	 200 	 3628 	 860
1788204991442 	 191 	 200 	 3629 	 865
1788204991366 	 273 	 200 	 3630 	 864
1788204991447 	 205 	 200 	 3631 	 863
1788204991372 	 290 	 200 	 3632 	 864
1788204991360 	 303 	 200 	 3633 	 863
1788204991238 	 431 	 200 	 3634 	 862
1788204991557 	 188 	 200 	 3635 	 862
1788204991549 	 200 	 200 	 3636 	 861
1788204991463 	 298 	 200 	 3637 	 861
1788204991543 	 295 	 200 	 3638 	 866
1788204991562 	 278 	 200 	 3639 	 865
1788204991558 	 285 	 200 	 3640 	 864
1788204991635 	 212 	 200 	 3641 	 864
1788204991670 	 193 	 200 	 3642 	 865
1788204991746 	 123 	 200 	 3643 	 864
1788204991666 	 204 	 200 	 3644 	 863
1788204991642 	 303 	 200 	 3645 	 868
1788204991763 	 183 	 200 	 3646 	 867
1788204991843 	 197 	 200 	 3647 	 869
1788204991840 	 201 	 200 	 3648 	 868
1788204991848 	 195 	 200 	 3649 	 867
1788204991875 	 172 	 200 	 3650 	 866
1788204991872 	 181 	 200 	 3651 	 866
1788204991866 	 187 	 200 	 3652 	 865
1788204991946 	 119 	 200 	 3653 	 866
1788204991547 	 600 	 200 	 3654 	 867
1788204992046 	 103 	 200 	 3655 	 866
1788204991654 	 503 	 200 	 3656 	 865
1788204992042 	 117 	 200 	 3657 	 865
1788204991666 	 497 	 200 	 3658 	 864
1788204992056 	 102 	 200 	 3659 	 863
1788204992048 	 124 	 200 	 3660 	 862
1788204992043 	 132 	 200 	 3661 	 861
1788204992056 	 192 	 200 	 3662 	 863
1788204991476 	 779 	 200 	 3663 	 862
1788204991844 	 416 	 200 	 3664 	 863
1788204991545 	 794 	 200 	 3665 	 866
1788204992161 	 184 	 200 	 3666 	 866
1788204992148 	 200 	 200 	 3667 	 865
1788204991948 	 402 	 200 	 3668 	 864
1788204992174 	 184 	 200 	 3669 	 863
1788204992171 	 192 	 200 	 3670 	 862
1788204992168 	 193 	 200 	 3671 	 861
1788204992257 	 177 	 200 	 3672 	 865
1788204992177 	 265 	 200 	 3673 	 864
1788204992340 	 123 	 200 	 3674 	 863
1788204992347 	 192 	 200 	 3675 	 868
1788204992366 	 176 	 200 	 3676 	 867
1788204992360 	 194 	 200 	 3677 	 866
1788204991750 	 810 	 200 	 3678 	 865
1788204992436 	 130 	 200 	 3679 	 865
1788204992365 	 200 	 200 	 3680 	 864
1788204992352 	 213 	 200 	 3681 	 863
1788204992465 	 171 	 200 	 3682 	 866
1788204992444 	 198 	 200 	 3683 	 865
1788204992251 	 392 	 200 	 3684 	 864
1788204992350 	 299 	 200 	 3685 	 863
1788204992575 	 86 	 200 	 3686 	 862
1788204992151 	 583 	 200 	 3687 	 862
1788204992541 	 193 	 200 	 3688 	 861
1788204989052 	 3683 	 200 	 3689 	 861
1788204992166 	 568 	 200 	 3690 	 860
1788204992262 	 477 	 200 	 3691 	 859
1788204992563 	 179 	 200 	 3692 	 858
1788204992544 	 199 	 200 	 3693 	 857
1788204992739 	 61 	 200 	 3694 	 863
1788204992558 	 276 	 200 	 3695 	 864
1788204992573 	 267 	 200 	 3696 	 863
1788204992646 	 201 	 200 	 3697 	 863
1788204992570 	 278 	 200 	 3698 	 863
1788204992664 	 189 	 200 	 3699 	 862
1788204992745 	 125 	 200 	 3700 	 864
1788204992745 	 125 	 200 	 3701 	 863
1788204992644 	 289 	 200 	 3702 	 865
1788204992653 	 285 	 200 	 3703 	 865
1788204992736 	 209 	 200 	 3704 	 864
1788204992849 	 113 	 200 	 3705 	 864
1788204992837 	 126 	 200 	 3706 	 863
1788204992801 	 232 	 200 	 3707 	 863
1788204992738 	 303 	 200 	 3708 	 864
1788204992874 	 168 	 200 	 3709 	 864
1788204992843 	 199 	 200 	 3710 	 863
1788204992854 	 190 	 200 	 3711 	 862
1788204992637 	 409 	 200 	 3712 	 861
1788204992736 	 308 	 200 	 3713 	 860
1788204992741 	 320 	 200 	 3714 	 861
1788204992967 	 175 	 200 	 3715 	 869
1788204992872 	 272 	 200 	 3716 	 868
1788204992851 	 293 	 200 	 3717 	 867
1788204992941 	 208 	 200 	 3718 	 866
1788204993049 	 189 	 200 	 3719 	 867
1788204992934 	 306 	 200 	 3720 	 867
1788204993042 	 209 	 200 	 3721 	 866
1788204993034 	 223 	 200 	 3722 	 865
1788204993064 	 197 	 200 	 3723 	 866
1788204993047 	 295 	 200 	 3724 	 870
1788204993151 	 191 	 200 	 3725 	 869
1788204992964 	 378 	 200 	 3726 	 868
1788204993046 	 295 	 200 	 3727 	 868
1788204993259 	 94 	 200 	 3728 	 867
1788204993150 	 206 	 200 	 3729 	 867
1788204992946 	 423 	 200 	 3730 	 866
1788204993154 	 279 	 200 	 3731 	 867
1788204993044 	 400 	 200 	 3732 	 867
1788204993252 	 197 	 200 	 3733 	 866
1788204993048 	 403 	 200 	 3734 	 865
1788204993240 	 213 	 200 	 3735 	 865
1788204993146 	 317 	 200 	 3736 	 864
1788204993241 	 224 	 200 	 3737 	 863
1788204993263 	 206 	 200 	 3738 	 862
1788204993364 	 178 	 200 	 3739 	 863
1788204993346 	 198 	 200 	 3740 	 862
1788204993343 	 204 	 200 	 3741 	 861
1788204993355 	 193 	 200 	 3742 	 860
1788204993435 	 122 	 200 	 3743 	 860
1788204993345 	 217 	 200 	 3744 	 859
1788204993348 	 213 	 200 	 3745 	 858
1788204993454 	 186 	 200 	 3746 	 859
1788204993472 	 263 	 200 	 3747 	 864
1788204993371 	 371 	 200 	 3748 	 863
1788204993544 	 207 	 200 	 3749 	 864
1788204993446 	 306 	 200 	 3750 	 863
1788204993469 	 292 	 200 	 3751 	 862
1788204993545 	 221 	 200 	 3752 	 861
1788204993450 	 387 	 200 	 3753 	 862
1788204993467 	 379 	 200 	 3754 	 861
1788204993550 	 300 	 200 	 3755 	 860
1788204993568 	 297 	 200 	 3756 	 860
1788204993452 	 486 	 200 	 3757 	 862
1788204993558 	 381 	 200 	 3758 	 861
1788204993737 	 218 	 200 	 3759 	 860
1788204993564 	 393 	 200 	 3760 	 859
1788204993552 	 408 	 200 	 3761 	 858
1788204993754 	 286 	 200 	 3762 	 859
1788204993867 	 185 	 200 	 3763 	 858
1788204993759 	 297 	 200 	 3764 	 857
1788204993642 	 417 	 200 	 3765 	 856
1788204993744 	 314 	 200 	 3766 	 855
1788204993958 	 182 	 200 	 3767 	 857
1788204993838 	 312 	 200 	 3768 	 856
1788204994059 	 94 	 200 	 3769 	 855
1788204993764 	 390 	 200 	 3770 	 854
1788204994054 	 109 	 200 	 3771 	 853
1788204993852 	 315 	 200 	 3772 	 852
1788204993769 	 469 	 200 	 3773 	 856
1788204994042 	 200 	 200 	 3774 	 855
1788204993849 	 403 	 200 	 3775 	 855
1788204993962 	 300 	 200 	 3776 	 855
1788204994143 	 119 	 200 	 3777 	 854
1788204993940 	 325 	 200 	 3778 	 853
1788204994155 	 194 	 200 	 3779 	 859
1788204994063 	 292 	 200 	 3780 	 858
1788204994063 	 298 	 200 	 3781 	 857
1788204993942 	 420 	 200 	 3782 	 856
1788204994156 	 212 	 200 	 3783 	 855
1788204994166 	 205 	 200 	 3784 	 854
1788204994152 	 284 	 200 	 3785 	 856
1788204994170 	 272 	 200 	 3786 	 855
1788204993965 	 492 	 200 	 3787 	 854
1788204994267 	 276 	 200 	 3788 	 859
1788204994254 	 286 	 200 	 3789 	 858
1788204994265 	 282 	 200 	 3790 	 857
1788204994352 	 202 	 200 	 3791 	 857
1788204994240 	 415 	 200 	 3792 	 860
1788204994370 	 371 	 200 	 3793 	 861
1788204994364 	 382 	 200 	 3794 	 861
1788204994365 	 389 	 200 	 3795 	 860
1788204994443 	 313 	 200 	 3796 	 859
1788204994373 	 392 	 200 	 3797 	 858
1788204994552 	 288 	 200 	 3798 	 866
1788204994270 	 577 	 200 	 3799 	 865
1788204994438 	 412 	 200 	 3800 	 864
1788204994545 	 339 	 200 	 3801 	 864
1788204994547 	 337 	 200 	 3802 	 863
1788204994243 	 641 	 200 	 3803 	 862
1788204994757 	 184 	 200 	 3804 	 861
1788204994657 	 288 	 200 	 3805 	 860
1788204994743 	 203 	 200 	 3806 	 859
1788204994751 	 198 	 200 	 3807 	 858
1788204994360 	 595 	 200 	 3808 	 857
1788204994761 	 273 	 200 	 3809 	 858
1788204994843 	 192 	 200 	 3810 	 857
1788204994886 	 170 	 200 	 3811 	 857
1788204994766 	 289 	 200 	 3812 	 856
1788204994460 	 603 	 200 	 3813 	 856
1788204994849 	 306 	 200 	 3814 	 859
1788204994945 	 306 	 200 	 3815 	 863
1788204994948 	 307 	 200 	 3816 	 862
1788204994558 	 702 	 200 	 3817 	 861
1788204994887 	 376 	 200 	 3818 	 860
1788204994851 	 408 	 200 	 3819 	 859
1788204994958 	 310 	 200 	 3820 	 858
1788204995040 	 231 	 200 	 3821 	 857
1788204994888 	 388 	 200 	 3822 	 856
1788204995059 	 213 	 200 	 3823 	 855
1788204995037 	 306 	 200 	 3824 	 859
1788204995062 	 289 	 200 	 3825 	 858
1788204994947 	 409 	 200 	 3826 	 857
1788204995157 	 201 	 200 	 3827 	 857
1788204995066 	 296 	 200 	 3828 	 856
1788204995257 	 178 	 200 	 3829 	 861
1788204995279 	 160 	 200 	 3830 	 860
1788204995264 	 172 	 200 	 3831 	 859
1788204995253 	 195 	 200 	 3832 	 858
1788204994953 	 501 	 200 	 3833 	 858
1788204995275 	 189 	 200 	 3834 	 857
1788204995281 	 253 	 200 	 3835 	 857
1788204995271 	 282 	 200 	 3836 	 856
1788204995354 	 283 	 200 	 3837 	 864
1788204995268 	 374 	 200 	 3838 	 863
1788204995357 	 283 	 200 	 3839 	 862
1788204995346 	 303 	 200 	 3840 	 861
1788204995537 	 205 	 200 	 3841 	 866
1788204995439 	 304 	 200 	 3842 	 865
1788204995278 	 472 	 200 	 3843 	 864
1788204995446 	 388 	 200 	 3844 	 869
1788204995555 	 280 	 200 	 3845 	 868
1788204995364 	 482 	 200 	 3846 	 867
1788204995466 	 382 	 200 	 3847 	 867
1788204995362 	 573 	 200 	 3848 	 873
1788204995441 	 495 	 200 	 3849 	 872
1788204995457 	 576 	 200 	 3850 	 873
1788204995645 	 388 	 200 	 3851 	 872
1788204995640 	 401 	 200 	 3852 	 872
1788204995756 	 384 	 200 	 3853 	 874
1788204995745 	 404 	 200 	 3854 	 873
1788204995938 	 311 	 200 	 3855 	 877
1788204996036 	 312 	 200 	 3856 	 880
1788204995751 	 600 	 200 	 3857 	 879
1788204995852 	 501 	 200 	 3858 	 878
1788204995838 	 526 	 200 	 3859 	 878
1788204995652 	 790 	 200 	 3860 	 880
1788204996142 	 306 	 200 	 3861 	 880
1788204996252 	 201 	 200 	 3862 	 879
1788204995644 	 810 	 200 	 3863 	 878
1788204995841 	 718 	 200 	 3864 	 877
1788204996358 	 292 	 200 	 3865 	 878
1788204996044 	 612 	 200 	 3866 	 878
1788204995450 	 1206 	 200 	 3867 	 877
1788204996038 	 702 	 200 	 3868 	 881
1788204995941 	 805 	 200 	 3869 	 880
1788204996152 	 602 	 200 	 3870 	 879
1788204996356 	 397 	 200 	 3871 	 878
1788204996452 	 400 	 200 	 3872 	 878
1788204996659 	 281 	 200 	 3873 	 880
1788204996367 	 582 	 200 	 3874 	 879
1788204996445 	 509 	 200 	 3875 	 878
1788204996750 	 212 	 200 	 3876 	 877
1788204996659 	 380 	 200 	 3877 	 880
1788204992066 	 4979 	 200 	 3878 	 879
1788204995847 	 1204 	 200 	 3879 	 878
1788204996854 	 207 	 200 	 3880 	 877
1788204996460 	 604 	 200 	 3881 	 876
1788204996561 	 507 	 200 	 3882 	 875
1788204996759 	 387 	 200 	 3883 	 878
1788204996350 	 802 	 200 	 3884 	 877
1788204996953 	 211 	 200 	 3885 	 876
1788204996457 	 707 	 200 	 3886 	 876
1788204996965 	 269 	 200 	 3887 	 879
1788204997048 	 191 	 200 	 3888 	 878
1788204996743 	 501 	 200 	 3889 	 877
1788204996653 	 682 	 200 	 3890 	 880
1788204997070 	 271 	 200 	 3891 	 879
1788204997054 	 292 	 200 	 3892 	 879
1788204997064 	 279 	 200 	 3893 	 879
1788204997066 	 366 	 200 	 3894 	 883
1788204996943 	 489 	 200 	 3895 	 882
1788204997149 	 286 	 200 	 3896 	 881
1788204997043 	 399 	 200 	 3897 	 880
1788204996756 	 690 	 200 	 3898 	 879
1788204996956 	 486 	 200 	 3899 	 878
1788204997166 	 290 	 200 	 3900 	 877
1788204997237 	 297 	 200 	 3901 	 880
1788204997169 	 374 	 200 	 3902 	 879
1788204997156 	 479 	 200 	 3903 	 884
1788204997353 	 282 	 200 	 3904 	 883
1788204997343 	 294 	 200 	 3905 	 882
1788204997339 	 305 	 200 	 3906 	 881
1788204997349 	 288 	 200 	 3907 	 881
1788204997242 	 410 	 200 	 3908 	 880
1788204997247 	 488 	 200 	 3909 	 883
1788204997441 	 297 	 200 	 3910 	 882
1788204997537 	 203 	 200 	 3911 	 881
1788204997445 	 293 	 200 	 3912 	 880
1788204997546 	 198 	 200 	 3913 	 879
1788204997637 	 196 	 200 	 3914 	 884
1788204997643 	 191 	 200 	 3915 	 883
1788204997646 	 187 	 200 	 3916 	 882
1788204997453 	 381 	 200 	 3917 	 881
1788204997460 	 378 	 200 	 3918 	 880
1788204997655 	 185 	 200 	 3919 	 879
1788204997640 	 202 	 200 	 3920 	 878
1788204997450 	 393 	 200 	 3921 	 878
1788204997650 	 195 	 200 	 3922 	 877
1788204997743 	 200 	 200 	 3923 	 882
1788204997836 	 106 	 200 	 3924 	 881
1788204997839 	 109 	 200 	 3925 	 880
1788204997435 	 519 	 200 	 3926 	 879
1788204997741 	 200 	 200 	 3927 	 879
1788204997744 	 216 	 200 	 3928 	 878
1788204997843 	 191 	 200 	 3929 	 884
1788204997844 	 192 	 200 	 3930 	 883
1788204997838 	 198 	 200 	 3931 	 882
1788204997747 	 294 	 200 	 3932 	 881
1788204997438 	 608 	 200 	 3933 	 880
1788204997846 	 196 	 200 	 3934 	 879
1788204997849 	 200 	 200 	 3935 	 878
1788204997738 	 317 	 200 	 3936 	 877
1788204997945 	 187 	 200 	 3937 	 880
1788204997838 	 296 	 200 	 3938 	 879
1788204997952 	 184 	 200 	 3939 	 878
1788204997840 	 295 	 200 	 3940 	 877
1788204998035 	 201 	 200 	 3941 	 883
1788204997962 	 279 	 200 	 3942 	 882
1788204997949 	 296 	 200 	 3943 	 881
1788204998043 	 292 	 200 	 3944 	 884
1788204998054 	 286 	 200 	 3945 	 884
1788204997955 	 379 	 200 	 3946 	 883
1788204998046 	 299 	 200 	 3947 	 882
1788204998248 	 188 	 200 	 3948 	 882
1788204998058 	 383 	 200 	 3949 	 882
1788204998140 	 393 	 200 	 3950 	 884
1788204998239 	 296 	 200 	 3951 	 883
1788204998143 	 392 	 200 	 3952 	 882
1788204997958 	 582 	 200 	 3953 	 882
1788204998052 	 497 	 200 	 3954 	 881
1788204998138 	 497 	 200 	 3955 	 887
1788204998343 	 299 	 200 	 3956 	 886
1788204998135 	 513 	 200 	 3957 	 885
1788204998535 	 204 	 200 	 3958 	 890
1788204998438 	 303 	 200 	 3959 	 890
1788204998343 	 400 	 200 	 3960 	 889
1788204998443 	 390 	 200 	 3961 	 890
1788204998347 	 487 	 200 	 3962 	 889
1788204998039 	 797 	 200 	 3963 	 888
1788204998338 	 507 	 200 	 3964 	 887
1788204998539 	 305 	 200 	 3965 	 886
1788204998243 	 605 	 200 	 3966 	 886
1788204998537 	 324 	 200 	 3967 	 885
1788204998049 	 818 	 200 	 3968 	 884
1788204998638 	 295 	 200 	 3969 	 886
1788204998740 	 199 	 200 	 3970 	 885
1788204998838 	 121 	 200 	 3971 	 886
1788204998649 	 349 	 200 	 3972 	 891
1788204998550 	 487 	 200 	 3973 	 890
1788204998547 	 494 	 200 	 3974 	 889
1788204998645 	 403 	 200 	 3975 	 889
1788204998836 	 218 	 200 	 3976 	 888
1788204998743 	 309 	 200 	 3977 	 887
1788204998836 	 218 	 200 	 3978 	 886
1788204998935 	 127 	 200 	 3979 	 885
1788204998851 	 297 	 200 	 3980 	 887
1788204998859 	 305 	 200 	 3981 	 886
1788204998961 	 205 	 200 	 3982 	 885
1788204998751 	 484 	 200 	 3983 	 886
1788204999040 	 205 	 200 	 3984 	 887
1788204998869 	 400 	 200 	 3985 	 886
1788204999066 	 268 	 200 	 3986 	 886
1788204999051 	 290 	 200 	 3987 	 886
1788204999000 	 343 	 200 	 3988 	 885
1788204998941 	 401 	 200 	 3989 	 884
1788204999057 	 287 	 200 	 3990 	 883
1788204999153 	 200 	 200 	 3991 	 882
1788204998863 	 574 	 200 	 3992 	 885
1788204998847 	 598 	 200 	 3993 	 884
1788204999169 	 279 	 200 	 3994 	 883
1788204999060 	 402 	 200 	 3995 	 883
1788204999166 	 372 	 200 	 3996 	 889
1788204999345 	 196 	 200 	 3997 	 888
1788204999247 	 304 	 200 	 3998 	 887
1788204999056 	 486 	 200 	 3999 	 887
1788204999241 	 312 	 200 	 4000 	 886
1788204999043 	 592 	 200 	 4001 	 889
1788204999347 	 297 	 200 	 4002 	 890
1788204999344 	 392 	 200 	 4003 	 891
1788204999449 	 291 	 200 	 4004 	 890
1788204999441 	 293 	 200 	 4005 	 889
1788204999540 	 206 	 200 	 4006 	 888
1788204999271 	 484 	 200 	 4007 	 888
1788204999335 	 412 	 200 	 4008 	 887
1788204999453 	 310 	 200 	 4009 	 886
1788204999356 	 403 	 200 	 4010 	 885
1788204999343 	 493 	 200 	 4011 	 889
1788204999557 	 436 	 200 	 4012 	 893
1788204999637 	 357 	 200 	 4013 	 892
1788204999646 	 348 	 200 	 4014 	 891
1788204999548 	 493 	 200 	 4015 	 891
1788204999465 	 577 	 200 	 4016 	 890
1788204999553 	 494 	 200 	 4017 	 889
1788204999751 	 300 	 200 	 4018 	 888
1788204999744 	 313 	 200 	 4019 	 888
1788204999560 	 500 	 200 	 4020 	 887
1788204999837 	 312 	 200 	 4021 	 893
1788204999768 	 392 	 200 	 4022 	 892
1788204999996 	 168 	 200 	 4023 	 892
1788204999996 	 250 	 200 	 4024 	 894
1788204999738 	 516 	 200 	 4025 	 893
1788204999748 	 503 	 200 	 4026 	 892
1788204999757 	 501 	 200 	 4027 	 892
1788205000044 	 209 	 200 	 4028 	 891
1788204999758 	 505 	 200 	 4029 	 890
1788205000045 	 287 	 200 	 4030 	 892
1788205000162 	 179 	 200 	 4031 	 892
1788205000055 	 290 	 200 	 4032 	 891
1788205000057 	 292 	 200 	 4033 	 890
1788205000060 	 302 	 200 	 4034 	 890
1788204999997 	 367 	 200 	 4035 	 889
1788205000165 	 199 	 200 	 4036 	 888
1788205000248 	 118 	 200 	 4037 	 887
1788205000152 	 220 	 200 	 4038 	 886
1788204999765 	 669 	 200 	 4039 	 888
1788205000063 	 374 	 200 	 4040 	 887
1788205000257 	 190 	 200 	 4041 	 886
1788205000437 	 97 	 200 	 4042 	 891
1788205000261 	 273 	 200 	 4043 	 890
1788205000269 	 267 	 200 	 4044 	 889
1788205000271 	 264 	 200 	 4045 	 888
1788205000266 	 280 	 200 	 4046 	 888
1788205000372 	 264 	 200 	 4047 	 889
1788205000335 	 303 	 200 	 4048 	 888
1788205000454 	 190 	 200 	 4049 	 888
1788205000347 	 303 	 200 	 4050 	 887
1788205000352 	 303 	 200 	 4051 	 886
1788205000366 	 293 	 200 	 4052 	 887
1788205000371 	 365 	 200 	 4053 	 891
1788205000375 	 361 	 200 	 4054 	 890
1788205000539 	 199 	 200 	 4055 	 889
1788205000343 	 459 	 200 	 4056 	 892
1788205000658 	 175 	 200 	 4057 	 894
1788205000549 	 284 	 200 	 4058 	 893
1788205000538 	 298 	 200 	 4059 	 892
1788205000647 	 192 	 200 	 4060 	 891
1788205000640 	 198 	 200 	 4061 	 892
1788205000535 	 302 	 200 	 4062 	 891
1788205000440 	 418 	 200 	 4063 	 891
1788205000738 	 162 	 200 	 4064 	 891
1788205000653 	 247 	 200 	 4065 	 890
1788205000369 	 563 	 200 	 4066 	 890
1788205000662 	 271 	 200 	 4067 	 889
1788205000537 	 399 	 200 	 4068 	 888
1788205000738 	 197 	 200 	 4069 	 887
1788205000639 	 295 	 200 	 4070 	 886
1788205000836 	 105 	 200 	 4071 	 885
1788205000843 	 196 	 200 	 4072 	 894
1788205000804 	 252 	 200 	 4073 	 894
1788205000839 	 294 	 200 	 4074 	 900
1788205000741 	 394 	 200 	 4075 	 899
1788205000860 	 274 	 200 	 4076 	 898
1788205000934 	 202 	 200 	 4077 	 897
1788205000936 	 203 	 200 	 4078 	 896
1788205000837 	 324 	 200 	 4079 	 897
1788205000842 	 391 	 200 	 4080 	 901
1788205000902 	 343 	 200 	 4081 	 900
1788205001057 	 189 	 200 	 4082 	 899
1788205000841 	 418 	 200 	 4083 	 898
1788205001234 	 105 	 200 	 4084 	 900
1788205000939 	 406 	 200 	 4085 	 899
1788205001041 	 307 	 200 	 4086 	 899
1788205000940 	 421 	 200 	 4087 	 900
1788205001163 	 270 	 200 	 4088 	 902
1788205001136 	 302 	 200 	 4089 	 902
1788205001261 	 178 	 200 	 4090 	 901
1788205000943 	 508 	 200 	 4091 	 901
1788205001341 	 119 	 200 	 4092 	 902
1788205001351 	 117 	 200 	 4093 	 903
1788205001435 	 102 	 200 	 4094 	 906
1788205001363 	 174 	 200 	 4095 	 905
1788205001141 	 405 	 200 	 4096 	 904
1788205001140 	 417 	 200 	 4097 	 904
1788205001136 	 498 	 200 	 4098 	 906
1788205001137 	 501 	 200 	 4099 	 905
1788205000902 	 758 	 200 	 4100 	 904
1788205001443 	 254 	 200 	 4101 	 904
1788205001441 	 308 	 200 	 4102 	 905
1788205001347 	 407 	 200 	 4103 	 904
1788205001249 	 603 	 200 	 4104 	 909
1788205001636 	 262 	 200 	 4105 	 910
1788205001453 	 497 	 200 	 4106 	 909
1788205001548 	 407 	 200 	 4107 	 908
1788205001699 	 299 	 200 	 4108 	 907
1788205001462 	 581 	 200 	 4109 	 906
1788205001472 	 578 	 200 	 4110 	 905
1788205001639 	 408 	 200 	 4111 	 904
1788205001899 	 240 	 200 	 4112 	 903
1788205001953 	 187 	 200 	 4113 	 902
1788205001999 	 143 	 200 	 4114 	 901
1788205001253 	 891 	 200 	 4115 	 900
1788205001539 	 611 	 200 	 4116 	 899
1788205002047 	 185 	 200 	 4117 	 898
1788205002051 	 182 	 200 	 4118 	 897
1788205001559 	 676 	 200 	 4119 	 896
1788205001856 	 385 	 200 	 4120 	 895
1788205001662 	 573 	 200 	 4121 	 894
1788205002054 	 188 	 200 	 4122 	 893
1788205000938 	 1317 	 200 	 4123 	 892
1788205002144 	 192 	 200 	 4124 	 891
1788205002158 	 179 	 200 	 4125 	 890
1788205002142 	 195 	 200 	 4126 	 889
1788205002147 	 257 	 200 	 4127 	 888
1788205001959 	 474 	 200 	 4128 	 887
1788205002247 	 186 	 200 	 4129 	 886
1788205002235 	 194 	 200 	 4130 	 885
1788205001756 	 684 	 200 	 4131 	 884
1788205001540 	 897 	 200 	 4132 	 883
1788205001752 	 685 	 200 	 4133 	 882
1788205002142 	 300 	 200 	 4134 	 881
1788205002245 	 193 	 200 	 4135 	 880
1788205002256 	 239 	 200 	 4136 	 879
1788205002250 	 283 	 200 	 4137 	 878
1788205002442 	 93 	 200 	 4138 	 877
1788205002252 	 284 	 200 	 4139 	 876
1788205002337 	 203 	 200 	 4140 	 875
1788205002435 	 111 	 200 	 4141 	 874
1788205002406 	 229 	 200 	 4142 	 873
1788205002341 	 297 	 200 	 4143 	 872
1788205002340 	 307 	 200 	 4144 	 871
1788205002445 	 206 	 200 	 4145 	 870
1788205002238 	 495 	 200 	 4146 	 869
1788205002438 	 303 	 200 	 4147 	 868
1788205002534 	 208 	 200 	 4148 	 867
1788205002435 	 309 	 200 	 4149 	 866
1788205002446 	 302 	 200 	 4150 	 865
1788205002449 	 384 	 200 	 4151 	 864
1788205002536 	 299 	 200 	 4152 	 863
1788205002444 	 391 	 200 	 4153 	 862
1788205002636 	 199 	 200 	 4154 	 861
1788205002497 	 343 	 200 	 4155 	 860
1788205002543 	 301 	 200 	 4156 	 859
1788205002548 	 286 	 200 	 4157 	 858
1788205002537 	 400 	 200 	 4158 	 857
1788205002640 	 302 	 200 	 4159 	 856
1788205002649 	 294 	 200 	 4160 	 855
1788205002742 	 217 	 200 	 4161 	 854
1788205002753 	 249 	 200 	 4162 	 853
1788205002751 	 284 	 200 	 4163 	 852
1788205002736 	 299 	 200 	 4164 	 851
1788205002847 	 189 	 200 	 4165 	 850
1788205002839 	 202 	 200 	 4166 	 849
1788205002747 	 292 	 200 	 4167 	 848
1788205002652 	 386 	 200 	 4168 	 847
1788205002837 	 198 	 200 	 4169 	 846
1788205002842 	 202 	 200 	 4170 	 845
1788205002946 	 101 	 200 	 4171 	 844
1788205002840 	 191 	 200 	 4172 	 843
1788205002940 	 111 	 200 	 4173 	 842
1788205003004 	 132 	 200 	 4174 	 841
1788205002963 	 172 	 200 	 4175 	 840
1788205002945 	 194 	 200 	 4176 	 839
1788205003046 	 92 	 200 	 4177 	 838
1788205002853 	 292 	 200 	 4178 	 837
1788205002845 	 294 	 200 	 4179 	 836
1788205003044 	 193 	 200 	 4180 	 835
1788205003038 	 203 	 200 	 4181 	 834
1788205003138 	 109 	 200 	 4182 	 833
1788205003045 	 202 	 200 	 4183 	 832
1788205003038 	 205 	 200 	 4184 	 831
1788205003040 	 209 	 200 	 4185 	 830
1788205003049 	 211 	 200 	 4186 	 829
1788205003044 	 250 	 200 	 4187 	 828
1788205003141 	 193 	 200 	 4188 	 827
1788205003140 	 199 	 200 	 4189 	 826
1788205003139 	 206 	 200 	 4190 	 825
1788205003042 	 392 	 200 	 4191 	 824
1788205003251 	 182 	 200 	 4192 	 823
1788205003054 	 381 	 200 	 4193 	 822
1788205003147 	 293 	 200 	 4194 	 821
1788205003151 	 294 	 200 	 4195 	 820
1788205003262 	 241 	 200 	 4196 	 819
1788205003347 	 197 	 200 	 4197 	 818
1788205003238 	 315 	 200 	 4198 	 817
1788205003341 	 232 	 200 	 4199 	 816
1788205003254 	 322 	 200 	 4200 	 815
1788205003251 	 378 	 200 	 4201 	 814
1788205003258 	 376 	 200 	 4202 	 813
1788205003056 	 586 	 200 	 4203 	 812
1788205003437 	 211 	 200 	 4204 	 811
1788205003442 	 206 	 200 	 4205 	 810
1788205003304 	 349 	 200 	 4206 	 809
1788205003437 	 298 	 200 	 4207 	 808
1788205003547 	 186 	 200 	 4208 	 807
1788205003556 	 181 	 200 	 4209 	 806
1788205003436 	 327 	 200 	 4210 	 805
1788205003449 	 316 	 200 	 4211 	 804
1788205003636 	 197 	 200 	 4212 	 803
1788205003575 	 260 	 200 	 4213 	 802
1788205003639 	 203 	 200 	 4214 	 801
1788205003644 	 203 	 200 	 4215 	 800
1788205003243 	 600 	 200 	 4216 	 799
1788205003335 	 521 	 200 	 4217 	 798
1788205003765 	 169 	 200 	 4218 	 797
1788205003652 	 279 	 200 	 4219 	 796
1788205003578 	 362 	 200 	 4220 	 795
1788205003660 	 275 	 200 	 4221 	 794
1788205003737 	 203 	 200 	 4222 	 793
1788205003651 	 284 	 200 	 4223 	 792
1788205003740 	 200 	 200 	 4224 	 791
1788205003767 	 189 	 200 	 4225 	 790
1788205003505 	 454 	 200 	 4226 	 789
1788205003738 	 218 	 200 	 4227 	 788
1788205003837 	 194 	 200 	 4228 	 787
1788205003850 	 188 	 200 	 4229 	 786
1788205003840 	 204 	 200 	 4230 	 785
1788205003936 	 165 	 200 	 4231 	 784
1788205003853 	 291 	 200 	 4232 	 783
1788205003949 	 291 	 200 	 4233 	 782
1788205003946 	 303 	 200 	 4234 	 781
1788205003939 	 315 	 200 	 4235 	 780
1788205004041 	 222 	 200 	 4236 	 779
1788205003955 	 384 	 200 	 4237 	 778
1788205004103 	 241 	 200 	 4238 	 777
1788205003952 	 402 	 200 	 4239 	 776
1788205003857 	 498 	 200 	 4240 	 775
1788205003964 	 402 	 200 	 4241 	 774
1788205004242 	 128 	 200 	 4242 	 773
1788205004252 	 119 	 200 	 4243 	 772
1788205003942 	 428 	 200 	 4244 	 771
1788205004256 	 180 	 200 	 4245 	 770
1788205004368 	 165 	 200 	 4246 	 769
1788205004034 	 502 	 200 	 4247 	 768
1788205004356 	 174 	 200 	 4248 	 767
1788205004358 	 179 	 200 	 4249 	 766
1788205003846 	 694 	 200 	 4250 	 765
1788205004377 	 161 	 200 	 4251 	 764
1788205003961 	 582 	 200 	 4252 	 763
1788205004147 	 387 	 200 	 4253 	 762
1788205004265 	 274 	 200 	 4254 	 761
1788205004374 	 173 	 200 	 4255 	 760
1788205003958 	 589 	 200 	 4256 	 759
1788205004341 	 197 	 200 	 4257 	 758
1788205004348 	 205 	 200 	 4258 	 757
1788205004046 	 508 	 200 	 4259 	 756
1788205004375 	 263 	 200 	 4260 	 755
1788205004543 	 101 	 200 	 4261 	 754
1788205004438 	 206 	 200 	 4262 	 753
1788205004540 	 110 	 200 	 4263 	 752
1788205004536 	 197 	 200 	 4264 	 751
1788205004544 	 192 	 200 	 4265 	 750
1788205004537 	 297 	 200 	 4266 	 749
1788205004546 	 292 	 200 	 4267 	 748
1788205004547 	 295 	 200 	 4268 	 747
1788205004550 	 296 	 200 	 4269 	 746
1788205004541 	 304 	 200 	 4270 	 745
1788205004647 	 287 	 200 	 4271 	 744
1788205004557 	 380 	 200 	 4272 	 743
1788205004549 	 473 	 200 	 4273 	 742
1788205004545 	 493 	 200 	 4274 	 741
1788205004840 	 203 	 200 	 4275 	 740
1788205004552 	 486 	 200 	 4276 	 739
1788205004640 	 492 	 200 	 4277 	 738
1788205004738 	 397 	 200 	 4278 	 737
1788205004836 	 301 	 200 	 4279 	 736
1788205004848 	 288 	 200 	 4280 	 735
1788205004848 	 286 	 200 	 4281 	 734
1788205004936 	 296 	 200 	 4282 	 733
1788205004652 	 583 	 200 	 4283 	 732
1788205004649 	 586 	 200 	 4284 	 731
1788205004844 	 393 	 200 	 4285 	 730
1788205004941 	 298 	 200 	 4286 	 729
1788205005041 	 204 	 200 	 4287 	 728
1788205005048 	 286 	 200 	 4288 	 727
1788205005135 	 200 	 200 	 4289 	 726
1788205004563 	 772 	 200 	 4290 	 725
1788205005045 	 301 	 200 	 4291 	 724
1788205004737 	 609 	 200 	 4292 	 723
1788205005036 	 322 	 200 	 4293 	 722
1788205005140 	 293 	 200 	 4294 	 721
1788205005235 	 202 	 200 	 4295 	 720
1788205005139 	 301 	 200 	 4296 	 719
1788205005239 	 205 	 200 	 4297 	 718
1788205005137 	 309 	 200 	 4298 	 717
1788205005142 	 312 	 200 	 4299 	 716
1788205005360 	 172 	 200 	 4300 	 715
1788205005337 	 197 	 200 	 4301 	 714
1788205005337 	 196 	 200 	 4302 	 713
1788205005349 	 187 	 200 	 4303 	 712
1788205005340 	 200 	 200 	 4304 	 711
1788205005249 	 305 	 200 	 4305 	 710
1788205005242 	 364 	 200 	 4306 	 709
1788205005238 	 412 	 200 	 4307 	 708
1788205005446 	 212 	 200 	 4308 	 707
1788205005237 	 420 	 200 	 4309 	 706
1788205005438 	 226 	 200 	 4310 	 705
1788205005435 	 303 	 200 	 4311 	 704
1788205005351 	 397 	 200 	 4312 	 703
1788205005557 	 276 	 200 	 4313 	 702
1788205005442 	 394 	 200 	 4314 	 701
1788205005448 	 389 	 200 	 4315 	 700
1788205005455 	 389 	 200 	 4316 	 699
1788205005659 	 290 	 200 	 4317 	 698
1788205005536 	 421 	 200 	 4318 	 697
1788205005651 	 309 	 200 	 4319 	 696
1788205005538 	 515 	 200 	 4320 	 695
1788205005665 	 392 	 200 	 4321 	 694
1788205005662 	 488 	 200 	 4322 	 693
1788205005739 	 416 	 200 	 4323 	 692
1788205005535 	 620 	 200 	 4324 	 691
1788205005752 	 409 	 200 	 4325 	 690
1788205005963 	 203 	 200 	 4326 	 689
1788205005608 	 646 	 200 	 4327 	 688
1788205005535 	 723 	 200 	 4328 	 687
1788205005846 	 416 	 200 	 4329 	 686
1788205005543 	 717 	 200 	 4330 	 685
1788205005838 	 425 	 200 	 4331 	 684
1788205005835 	 608 	 200 	 4332 	 683
1788205006168 	 278 	 200 	 4333 	 682
1788205005959 	 493 	 200 	 4334 	 681
1788205006256 	 200 	 200 	 4335 	 680
1788205006153 	 308 	 200 	 4336 	 679
1788205006158 	 306 	 200 	 4337 	 678
1788205005953 	 581 	 200 	 4338 	 677
1788205006161 	 376 	 200 	 4339 	 676
1788205005843 	 702 	 200 	 4340 	 675
1788205006055 	 501 	 200 	 4341 	 674
1788205006165 	 477 	 200 	 4342 	 673
1788205006060 	 583 	 200 	 4343 	 672
1788205006266 	 382 	 200 	 4344 	 671
1788205006455 	 278 	 200 	 4345 	 670
1788205006542 	 218 	 200 	 4346 	 669
1788205006449 	 312 	 200 	 4347 	 668
1788205006460 	 373 	 200 	 4348 	 667
1788205006444 	 390 	 200 	 4349 	 666
1788205006266 	 578 	 200 	 4350 	 665
1788205006468 	 391 	 200 	 4351 	 664
1788205006268 	 674 	 200 	 4352 	 663
1788205006735 	 218 	 200 	 4353 	 662
1788205006537 	 421 	 200 	 4354 	 661
1788205006464 	 585 	 200 	 4355 	 660
1788205006651 	 405 	 200 	 4356 	 659
1788205006862 	 200 	 200 	 4357 	 658
1788205006262 	 794 	 200 	 4358 	 657
1788205006851 	 282 	 200 	 4359 	 656
1788205006763 	 370 	 200 	 4360 	 655
1788205006836 	 306 	 200 	 4361 	 654
1788205006956 	 190 	 200 	 4362 	 653
1788205006548 	 605 	 200 	 4363 	 652
1788205006961 	 198 	 200 	 4364 	 651
1788205007063 	 103 	 200 	 4365 	 650
1788205006766 	 468 	 200 	 4366 	 649
1788205007053 	 183 	 200 	 4367 	 648
1788205006559 	 676 	 200 	 4368 	 647
1788205007059 	 188 	 200 	 4369 	 646
1788205007065 	 180 	 200 	 4370 	 645
1788205006646 	 693 	 200 	 4371 	 644
1788205007135 	 218 	 200 	 4372 	 643
1788205007162 	 194 	 200 	 4373 	 642
1788205007143 	 291 	 200 	 4374 	 641
1788205007149 	 286 	 200 	 4375 	 640
1788205006836 	 600 	 200 	 4376 	 639
1788205007156 	 280 	 200 	 4377 	 638
1788205007242 	 199 	 200 	 4378 	 637
1788205007342 	 190 	 200 	 4379 	 636
1788205007168 	 365 	 200 	 4380 	 635
1788205007248 	 285 	 200 	 4381 	 634
1788205006945 	 593 	 200 	 4382 	 633
1788205007250 	 295 	 200 	 4383 	 632
1788205007440 	 197 	 200 	 4384 	 631
1788205007136 	 522 	 200 	 4385 	 630
1788205007435 	 224 	 200 	 4386 	 629
1788205007555 	 110 	 200 	 4387 	 628
1788205007444 	 278 	 200 	 4388 	 627
1788205007438 	 302 	 200 	 4389 	 626
1788205007238 	 503 	 200 	 4390 	 625
1788205007668 	 86 	 200 	 4391 	 624
1788205006644 	 1187 	 200 	 4392 	 623
1788205007253 	 588 	 200 	 4393 	 622
1788205007724 	 125 	 200 	 4394 	 621
1788205007354 	 492 	 200 	 4395 	 620
1788205007358 	 497 	 200 	 4396 	 619
1788205007535 	 328 	 200 	 4397 	 618
1788205007661 	 202 	 200 	 4398 	 617
1788205007437 	 496 	 200 	 4399 	 616
1788205007537 	 396 	 200 	 4400 	 615
1788205007663 	 279 	 200 	 4401 	 614
1788205007843 	 115 	 200 	 4402 	 613
1788205007541 	 423 	 200 	 4403 	 612
1788205007844 	 124 	 200 	 4404 	 611
1788205007536 	 498 	 200 	 4405 	 610
1788205007742 	 392 	 200 	 4406 	 609
1788205007966 	 171 	 200 	 4407 	 608
1788205007638 	 505 	 200 	 4408 	 607
1788205007850 	 299 	 200 	 4409 	 606
1788205007745 	 399 	 200 	 4410 	 605
1788205007853 	 303 	 200 	 4411 	 604
1788205007935 	 230 	 200 	 4412 	 603
1788205007858 	 283 	 200 	 4413 	 602
1788205007757 	 397 	 200 	 4414 	 601
1788205007865 	 308 	 200 	 4415 	 600
1788205007868 	 364 	 200 	 4416 	 599
1788205007945 	 288 	 200 	 4417 	 598
1788205007962 	 274 	 200 	 4418 	 597
1788205007934 	 305 	 200 	 4419 	 596
1788205008036 	 205 	 200 	 4420 	 595
1788205008140 	 194 	 200 	 4421 	 594
1788205007970 	 365 	 200 	 4422 	 593
1788205008147 	 190 	 200 	 4423 	 592
1788205008166 	 171 	 200 	 4424 	 591
1788205008136 	 205 	 200 	 4425 	 590
1788205008156 	 184 	 200 	 4426 	 589
1788205008243 	 191 	 200 	 4427 	 588
1788205008239 	 196 	 200 	 4428 	 587
1788205008177 	 263 	 200 	 4429 	 586
1788205008151 	 287 	 200 	 4430 	 585
1788205008172 	 274 	 200 	 4431 	 584
1788205008169 	 266 	 200 	 4432 	 583
1788205008236 	 301 	 200 	 4433 	 582
1788205008235 	 301 	 200 	 4434 	 581
1788205008160 	 379 	 200 	 4435 	 580
1788205008338 	 201 	 200 	 4436 	 579
1788205008347 	 194 	 200 	 4437 	 578
1788205008241 	 306 	 200 	 4438 	 577
1788205008437 	 200 	 200 	 4439 	 576
1788205008337 	 306 	 200 	 4440 	 575
1788205008345 	 389 	 200 	 4441 	 574
1788205008452 	 283 	 200 	 4442 	 573
1788205008340 	 396 	 200 	 4443 	 572
1788205008537 	 197 	 200 	 4444 	 571
1788205008435 	 306 	 200 	 4445 	 570
1788205008449 	 293 	 200 	 4446 	 569
1788205008442 	 302 	 200 	 4447 	 568
1788205008542 	 207 	 200 	 4448 	 567
1788205008341 	 407 	 200 	 4449 	 566
1788205008539 	 299 	 200 	 4450 	 565
1788205008549 	 309 	 200 	 4451 	 564
1788205008743 	 203 	 200 	 4452 	 563
1788205008744 	 206 	 200 	 4453 	 562
1788205008739 	 216 	 200 	 4454 	 561
1788205008545 	 448 	 200 	 4455 	 560
1788205008736 	 307 	 200 	 4456 	 559
1788205008750 	 298 	 200 	 4457 	 558
1788205008445 	 609 	 200 	 4458 	 557
1788205008839 	 300 	 200 	 4459 	 556
1788205008753 	 386 	 200 	 4460 	 555
1788205008952 	 190 	 200 	 4461 	 554
1788205008746 	 415 	 200 	 4462 	 553
1788205009057 	 105 	 200 	 4463 	 552
1788205008948 	 295 	 200 	 4464 	 551
1788205008542 	 697 	 200 	 4465 	 550
1788205008644 	 611 	 200 	 4466 	 549
1788205008957 	 390 	 200 	 4467 	 548
1788205009046 	 348 	 200 	 4468 	 547
1788205008640 	 812 	 200 	 4469 	 546
1788205009146 	 350 	 200 	 4470 	 545
1788205008740 	 756 	 200 	 4471 	 544
1788205008996 	 545 	 200 	 4472 	 543
1788205009052 	 496 	 200 	 4473 	 542
1788205009349 	 210 	 200 	 4474 	 541
1788205009246 	 319 	 200 	 4475 	 540
1788205008738 	 903 	 200 	 4476 	 539
1788205009141 	 506 	 200 	 4477 	 538
1788205009164 	 528 	 200 	 4478 	 537
1788205009258 	 483 	 200 	 4479 	 536
1788205009498 	 243 	 200 	 4480 	 535
1788205009396 	 348 	 200 	 4481 	 534
1788205009142 	 698 	 200 	 4482 	 533
1788205009568 	 274 	 200 	 4483 	 532
1788205009499 	 345 	 200 	 4484 	 531
1788205009649 	 198 	 200 	 4485 	 530
1788205009454 	 395 	 200 	 4486 	 529
1788205009696 	 152 	 200 	 4487 	 528
1788205009164 	 770 	 200 	 4488 	 527
1788205009252 	 704 	 200 	 4489 	 526
1788205009643 	 331 	 200 	 4490 	 525
1788205009752 	 250 	 200 	 4491 	 524
1788205009543 	 498 	 200 	 4492 	 523
1788205009550 	 491 	 200 	 4493 	 522
1788205009749 	 299 	 200 	 4494 	 521
1788205009842 	 254 	 200 	 4495 	 520
1788205009563 	 578 	 200 	 4496 	 519
1788205009844 	 350 	 200 	 4497 	 518
1788205009851 	 392 	 200 	 4498 	 517
1788205009959 	 287 	 200 	 4499 	 516
1788205010005 	 244 	 200 	 4500 	 515
1788205010098 	 158 	 200 	 4501 	 514
1788205009976 	 285 	 200 	 4502 	 513
1788205009846 	 497 	 200 	 4503 	 512
1788205010143 	 214 	 200 	 4504 	 511
1788205010044 	 313 	 200 	 4505 	 510
1788205010195 	 165 	 200 	 4506 	 509
1788205010047 	 395 	 200 	 4507 	 508
1788205010052 	 396 	 200 	 4508 	 507
1788205010262 	 194 	 200 	 4509 	 506
1788205009854 	 641 	 200 	 4510 	 505
1788205009936 	 602 	 200 	 4511 	 504
1788205010246 	 306 	 200 	 4512 	 503
1788205010247 	 307 	 200 	 4513 	 502
1788205010362 	 193 	 200 	 4514 	 501
1788205010259 	 297 	 200 	 4515 	 500
1788205010344 	 299 	 200 	 4516 	 499
1788205010361 	 285 	 200 	 4517 	 498
1788205010365 	 296 	 200 	 4518 	 497
1788205010450 	 295 	 200 	 4519 	 496
1788205009857 	 896 	 200 	 4520 	 495
1788205010557 	 240 	 200 	 4521 	 494
1788205010558 	 285 	 200 	 4522 	 493
1788205010646 	 207 	 200 	 4523 	 492
1788205010445 	 409 	 200 	 4524 	 491
1788205010554 	 340 	 200 	 4525 	 490
1788205010540 	 401 	 200 	 4526 	 489
1788205010556 	 403 	 200 	 4527 	 488
1788205010895 	 101 	 200 	 4528 	 487
1788205010844 	 151 	 200 	 4529 	 486
1788205010798 	 244 	 200 	 4530 	 485
1788205010651 	 394 	 200 	 4531 	 484
1788205010250 	 804 	 200 	 4532 	 483
1788205010757 	 304 	 200 	 4533 	 482
1788205010997 	 98 	 200 	 4534 	 481
1788205010748 	 390 	 200 	 4535 	 480
1788205010960 	 235 	 200 	 4536 	 479
1788205010997 	 202 	 200 	 4537 	 478
1788205010497 	 747 	 200 	 4538 	 477
1788205010663 	 587 	 200 	 4539 	 476
1788205011057 	 197 	 200 	 4540 	 475
1788205010459 	 935 	 200 	 4541 	 474
1788205011097 	 343 	 200 	 4542 	 473
1788205010944 	 495 	 200 	 4543 	 472
1788205010857 	 583 	 200 	 4544 	 471
1788205011200 	 249 	 200 	 4545 	 470
1788205011044 	 404 	 200 	 4546 	 469
1788205011255 	 204 	 200 	 4547 	 468
1788205011063 	 387 	 200 	 4548 	 467
1788205011253 	 214 	 200 	 4549 	 466
1788205011198 	 335 	 200 	 4550 	 465
1788205011048 	 506 	 200 	 4551 	 464
1788205011442 	 127 	 200 	 4552 	 463
1788205011141 	 497 	 200 	 4553 	 462
1788205010856 	 782 	 200 	 4554 	 461
1788205011452 	 281 	 200 	 4555 	 460
1788205011443 	 291 	 200 	 4556 	 459
1788205011462 	 280 	 200 	 4557 	 458
1788205011535 	 212 	 200 	 4558 	 457
1788205011247 	 504 	 200 	 4559 	 456
1788205011446 	 455 	 200 	 4560 	 455
1788205011465 	 440 	 200 	 4561 	 454
1788205011557 	 348 	 200 	 4562 	 453
1788205011396 	 514 	 200 	 4563 	 452
1788205011642 	 290 	 200 	 4564 	 451
1788205011639 	 294 	 200 	 4565 	 450
1788205011737 	 255 	 200 	 4566 	 449
1788205011756 	 277 	 200 	 4567 	 448
1788205011570 	 482 	 200 	 4568 	 447
1788205011469 	 582 	 200 	 4569 	 446
1788205011456 	 603 	 200 	 4570 	 445
1788205011744 	 315 	 200 	 4571 	 444
1788205011750 	 393 	 200 	 4572 	 443
1788205011740 	 418 	 200 	 4573 	 442
1788205011909 	 259 	 200 	 4574 	 441
1788205012065 	 280 	 200 	 4575 	 440
1788205011904 	 446 	 200 	 4576 	 439
1788205011935 	 419 	 200 	 4577 	 438
1788205012035 	 312 	 200 	 4578 	 437
1788205012161 	 196 	 200 	 4579 	 436
1788205011995 	 445 	 200 	 4580 	 435
1788205012057 	 387 	 200 	 4581 	 434
1788205011936 	 520 	 200 	 4582 	 433
1788205011912 	 548 	 200 	 4583 	 432
1788205012145 	 410 	 200 	 4584 	 431
1788205012170 	 386 	 200 	 4585 	 430
1788205012062 	 497 	 200 	 4586 	 429
1788205012356 	 204 	 200 	 4587 	 428
1788205012352 	 299 	 200 	 4588 	 427
1788205011913 	 825 	 200 	 4589 	 426
1788205012347 	 404 	 200 	 4590 	 425
1788205012442 	 316 	 200 	 4591 	 424
1788205012359 	 397 	 200 	 4592 	 423
1788205012054 	 786 	 200 	 4593 	 422
1788205012360 	 494 	 200 	 4594 	 421
1788205012462 	 396 	 200 	 4595 	 420
1788205012564 	 334 	 200 	 4596 	 419
1788205012447 	 451 	 200 	 4597 	 418
1788205012654 	 293 	 200 	 4598 	 417
1788205012763 	 191 	 200 	 4599 	 416
1788205012559 	 399 	 200 	 4600 	 415
1788205012458 	 580 	 200 	 4601 	 414
1788205012902 	 154 	 200 	 4602 	 413
1788205012562 	 496 	 200 	 4603 	 412
1788205012741 	 353 	 200 	 4604 	 411
1788205012900 	 238 	 200 	 4605 	 410
1788205012857 	 283 	 200 	 4606 	 409
1788205012843 	 300 	 200 	 4607 	 408
1788205013041 	 121 	 200 	 4608 	 407
1788205013061 	 105 	 200 	 4609 	 406
1788205012959 	 275 	 200 	 4610 	 405
1788205013058 	 180 	 200 	 4611 	 404
1788205012755 	 501 	 200 	 4612 	 403
1788205012565 	 696 	 200 	 4613 	 402
1788205012950 	 382 	 200 	 4614 	 401
1788205012761 	 574 	 200 	 4615 	 400
1788205012860 	 483 	 200 	 4616 	 399
1788205013142 	 202 	 200 	 4617 	 398
1788205013146 	 202 	 200 	 4618 	 397
1788205013241 	 152 	 200 	 4619 	 396
1788205013169 	 264 	 200 	 4620 	 395
1788205013141 	 293 	 200 	 4621 	 394
1788205013165 	 269 	 200 	 4622 	 393
1788205013236 	 203 	 200 	 4623 	 392
1788205013337 	 107 	 200 	 4624 	 391
1788205013346 	 103 	 200 	 4625 	 390
1788205012956 	 577 	 200 	 4626 	 389
1788205013095 	 448 	 200 	 4627 	 388
1788205013258 	 301 	 200 	 4628 	 387
1788205013346 	 249 	 200 	 4629 	 386
1788205013436 	 203 	 200 	 4630 	 385
1788205013441 	 206 	 200 	 4631 	 384
1788205013435 	 224 	 200 	 4632 	 383
1788205013352 	 307 	 200 	 4633 	 382
1788205013334 	 402 	 200 	 4634 	 381
1788205013642 	 207 	 200 	 4635 	 380
1788205013649 	 204 	 200 	 4636 	 379
1788205013437 	 422 	 200 	 4637 	 378
1788205013396 	 466 	 200 	 4638 	 377
1788205013264 	 630 	 200 	 4639 	 376
1788205013860 	 39 	 200 	 4640 	 375
1788205013545 	 389 	 200 	 4641 	 374
1788205013562 	 388 	 200 	 4642 	 373
1788205013662 	 293 	 200 	 4643 	 372
1788205013953 	 185 	 200 	 4644 	 371
1788205013599 	 543 	 200 	 4645 	 370
1788205013864 	 285 	 200 	 4646 	 369
1788205013957 	 199 	 200 	 4647 	 368
1788205013738 	 422 	 200 	 4648 	 367
1788205013936 	 225 	 200 	 4649 	 366
1788205013856 	 312 	 200 	 4650 	 365
1788205013451 	 801 	 200 	 4651 	 364
1788205013664 	 609 	 200 	 4652 	 363
1788205013852 	 488 	 200 	 4653 	 362
1788205013536 	 811 	 200 	 4654 	 361
1788205014144 	 259 	 200 	 4655 	 360
1788205014158 	 282 	 200 	 4656 	 359
1788205014152 	 297 	 200 	 4657 	 358
1788205014167 	 287 	 200 	 4658 	 357
1788205014141 	 315 	 200 	 4659 	 356
1788205013896 	 645 	 200 	 4660 	 355
1788205013445 	 1152 	 200 	 4661 	 354
1788205014171 	 428 	 200 	 4662 	 353
1788205013901 	 740 	 200 	 4663 	 352
1788205014349 	 345 	 200 	 4664 	 351
1788205014163 	 577 	 200 	 4665 	 350
1788205014458 	 288 	 200 	 4666 	 349
1788205014255 	 584 	 200 	 4667 	 348
1788205014343 	 495 	 200 	 4668 	 347
1788205014274 	 579 	 200 	 4669 	 346
1788205014744 	 113 	 200 	 4670 	 345
1788205014748 	 110 	 200 	 4671 	 344
1788205014543 	 397 	 200 	 4672 	 343
1788205014453 	 594 	 200 	 4673 	 342
1788205014457 	 594 	 200 	 4674 	 341
1788205014643 	 451 	 200 	 4675 	 340
1788205014443 	 694 	 200 	 4676 	 339
1788205014841 	 299 	 200 	 4677 	 338
1788205014404 	 745 	 200 	 4678 	 337
1788205014863 	 335 	 200 	 4679 	 336
1788205014844 	 395 	 200 	 4680 	 335
1788205014599 	 640 	 200 	 4681 	 334
1788205014602 	 648 	 200 	 4682 	 333
1788205014855 	 448 	 200 	 4683 	 332
1788205015055 	 282 	 200 	 4684 	 331
1788205014942 	 501 	 200 	 4685 	 330
1788205015097 	 354 	 200 	 4686 	 329
1788205015200 	 255 	 200 	 4687 	 328
1788205014860 	 600 	 200 	 4688 	 327
1788205015140 	 324 	 200 	 4689 	 326
1788205015252 	 242 	 200 	 4690 	 325
1788205015339 	 157 	 200 	 4691 	 324
1788205015050 	 446 	 200 	 4692 	 323
1788205015142 	 401 	 200 	 4693 	 322
1788205015151 	 400 	 200 	 4694 	 321
1788205015241 	 353 	 200 	 4695 	 320
1788205008861 	 6734 	 200 	 4696 	 319
1788205015444 	 153 	 200 	 4697 	 318
1788205015241 	 358 	 200 	 4698 	 317
1788205015596 	 99 	 200 	 4699 	 316
1788205015600 	 97 	 200 	 4700 	 315
1788205015453 	 290 	 200 	 4701 	 314
1788205015465 	 330 	 200 	 4702 	 313
1788205014696 	 1149 	 200 	 4703 	 312
1788205015698 	 151 	 200 	 4704 	 311
1788205015554 	 298 	 200 	 4705 	 310
1788205015456 	 401 	 200 	 4706 	 309
1788205015498 	 364 	 200 	 4707 	 308
1788205015745 	 116 	 200 	 4708 	 307
1788205015697 	 174 	 200 	 4709 	 306
1788205015599 	 341 	 200 	 4710 	 305
1788205015305 	 637 	 200 	 4711 	 304
1788205015855 	 93 	 200 	 4712 	 303
1788205015846 	 151 	 200 	 4713 	 302
1788205015462 	 579 	 200 	 4714 	 301
1788205015864 	 188 	 200 	 4715 	 300
1788205015544 	 512 	 200 	 4716 	 299
1788205015496 	 603 	 200 	 4717 	 298
1788205015868 	 273 	 200 	 4718 	 297
1788205015498 	 650 	 200 	 4719 	 296
1788205015797 	 352 	 200 	 4720 	 295
1788205015598 	 553 	 200 	 4721 	 294
1788205015872 	 284 	 200 	 4722 	 293
1788205015950 	 211 	 200 	 4723 	 292
1788205015999 	 166 	 200 	 4724 	 291
1788205016059 	 176 	 200 	 4725 	 290
1788205015860 	 379 	 200 	 4726 	 289
1788205015944 	 298 	 200 	 4727 	 288
1788205015940 	 309 	 200 	 4728 	 287
1788205015850 	 403 	 200 	 4729 	 286
1788205016056 	 202 	 200 	 4730 	 285
1788205016149 	 185 	 200 	 4731 	 284
1788205016043 	 292 	 200 	 4732 	 283
1788205016100 	 236 	 200 	 4733 	 282
1788205016151 	 182 	 200 	 4734 	 281
1788205016152 	 184 	 200 	 4735 	 280
1788205009746 	 6597 	 200 	 4736 	 279
1788205016144 	 199 	 200 	 4737 	 278
1788205016168 	 270 	 200 	 4738 	 277
1788205016164 	 281 	 200 	 4739 	 276
1788205016256 	 278 	 200 	 4740 	 275
1788205016252 	 283 	 200 	 4741 	 274
1788205016237 	 300 	 200 	 4742 	 273
1788205016339 	 201 	 200 	 4743 	 272
1788205016246 	 292 	 200 	 4744 	 271
1788205016336 	 203 	 200 	 4745 	 270
1788205016242 	 302 	 200 	 4746 	 269
1788205016159 	 378 	 200 	 4747 	 268
1788205016260 	 284 	 200 	 4748 	 267
1788205016338 	 213 	 200 	 4749 	 266
1788205016447 	 189 	 200 	 4750 	 265
1788205016346 	 288 	 200 	 4751 	 264
1788205016538 	 98 	 200 	 4752 	 263
1788205016440 	 201 	 200 	 4753 	 262
1788205016537 	 197 	 200 	 4754 	 261
1788205016542 	 193 	 200 	 4755 	 260
1788205016542 	 203 	 200 	 4756 	 259
1788205016642 	 124 	 200 	 4757 	 258
1788205016341 	 500 	 200 	 4758 	 257
1788205016338 	 493 	 200 	 4759 	 256
1788205016351 	 491 	 200 	 4760 	 255
1788205016541 	 308 	 200 	 4761 	 254
1788205016735 	 198 	 200 	 4762 	 253
1788205016649 	 287 	 200 	 4763 	 252
1788205016747 	 198 	 200 	 4764 	 251
1788205016544 	 400 	 200 	 4765 	 250
1788205016547 	 487 	 200 	 4766 	 249
1788205016739 	 299 	 200 	 4767 	 248
1788205016647 	 397 	 200 	 4768 	 247
1788205016639 	 494 	 200 	 4769 	 246
1788205016844 	 293 	 200 	 4770 	 245
1788205016850 	 289 	 200 	 4771 	 244
1788205016556 	 591 	 200 	 4772 	 243
1788205016770 	 381 	 200 	 4773 	 242
1788205016548 	 595 	 200 	 4774 	 241
1788205016936 	 218 	 200 	 4775 	 240
1788205016546 	 604 	 200 	 4776 	 239
1788205016939 	 222 	 200 	 4777 	 238
1788205016947 	 288 	 200 	 4778 	 237
1788205016950 	 290 	 200 	 4779 	 236
1788205017035 	 204 	 200 	 4780 	 235
1788205016846 	 398 	 200 	 4781 	 234
1788205016852 	 395 	 200 	 4782 	 233
1788205017136 	 201 	 200 	 4783 	 232
1788205017047 	 390 	 200 	 4784 	 231
1788205017146 	 387 	 200 	 4785 	 230
1788205017156 	 379 	 200 	 4786 	 229
1788205017153 	 388 	 200 	 4787 	 228
1788205017141 	 403 	 200 	 4788 	 227
1788205017040 	 505 	 200 	 4789 	 226
1788205017149 	 484 	 200 	 4790 	 225
1788205017162 	 477 	 200 	 4791 	 224
1788205017160 	 478 	 200 	 4792 	 223
1788205017249 	 397 	 200 	 4793 	 222
1788205017243 	 400 	 200 	 4794 	 221
1788205017251 	 400 	 200 	 4795 	 220
1788205017164 	 490 	 200 	 4796 	 219
1788205017243 	 487 	 200 	 4797 	 218
1788205017339 	 399 	 200 	 4798 	 217
1788205017237 	 507 	 200 	 4799 	 216
1788205017538 	 208 	 200 	 4800 	 215
1788205017636 	 206 	 200 	 4801 	 214
1788205017653 	 282 	 200 	 4802 	 213
1788205017544 	 388 	 200 	 4803 	 212
1788205017441 	 496 	 200 	 4804 	 211
1788205017741 	 196 	 200 	 4805 	 210
1788205017641 	 303 	 200 	 4806 	 209
1788205017646 	 292 	 200 	 4807 	 208
1788205017845 	 197 	 200 	 4808 	 207
1788205017550 	 495 	 200 	 4809 	 206
1788205017554 	 588 	 200 	 4810 	 205
1788205017535 	 596 	 200 	 4811 	 204
1788205017746 	 402 	 200 	 4812 	 203
1788205017736 	 502 	 200 	 4813 	 202
1788205017649 	 586 	 200 	 4814 	 201
1788205017948 	 289 	 200 	 4815 	 200
1788205017937 	 299 	 200 	 4816 	 199
1788205017656 	 594 	 200 	 4817 	 198
1788205017951 	 306 	 200 	 4818 	 197
1788205017943 	 390 	 200 	 4819 	 196
1788205017750 	 585 	 200 	 4820 	 195
1788205017651 	 784 	 200 	 4821 	 194
1788205018151 	 287 	 200 	 4822 	 193
1788205018144 	 296 	 200 	 4823 	 192
1788205018049 	 399 	 200 	 4824 	 191
1788205018147 	 306 	 200 	 4825 	 190
1788205018252 	 288 	 200 	 4826 	 189
1788205018045 	 503 	 200 	 4827 	 188
1788205018250 	 291 	 200 	 4828 	 187
1788205018244 	 402 	 200 	 4829 	 186
1788205017940 	 714 	 200 	 4830 	 185
1788205018337 	 419 	 200 	 4831 	 184
1788205018241 	 596 	 200 	 4832 	 183
1788205018337 	 513 	 200 	 4833 	 182
1788205018443 	 413 	 200 	 4834 	 181
1788205018456 	 500 	 200 	 4835 	 180
1788205018759 	 283 	 200 	 4836 	 179
1788205018550 	 497 	 200 	 4837 	 178
1788205018840 	 212 	 200 	 4838 	 177
1788205018247 	 811 	 200 	 4839 	 176
1788205018859 	 205 	 200 	 4840 	 175
1788205018656 	 477 	 200 	 4841 	 174
1788205018451 	 686 	 200 	 4842 	 173
1788205018553 	 592 	 200 	 4843 	 172
1788205018958 	 196 	 200 	 4844 	 171
1788205018543 	 612 	 200 	 4845 	 170
1788205019049 	 196 	 200 	 4846 	 169
1788205019061 	 186 	 200 	 4847 	 168
1788205019066 	 182 	 200 	 4848 	 167
1788205019156 	 97 	 200 	 4849 	 166
1788205018856 	 409 	 200 	 4850 	 165
1788205019045 	 405 	 200 	 4851 	 164
1788205019053 	 402 	 200 	 4852 	 163
1788205019250 	 290 	 200 	 4853 	 162
1788205019268 	 272 	 200 	 4854 	 161
1788205018649 	 897 	 200 	 4855 	 160
1788205018436 	 1113 	 200 	 4856 	 159
1788205019247 	 312 	 200 	 4857 	 158
1788205019147 	 506 	 200 	 4858 	 157
1788205019140 	 519 	 200 	 4859 	 156
1788205019542 	 199 	 200 	 4860 	 155
1788205019453 	 289 	 200 	 4861 	 154
1788205019136 	 625 	 200 	 4862 	 153
1788205019256 	 588 	 200 	 4863 	 152
1788205019458 	 387 	 200 	 4864 	 151
1788205019553 	 349 	 200 	 4865 	 150
1788205019159 	 837 	 200 	 4866 	 149
1788205019249 	 793 	 200 	 4867 	 148
1788205019542 	 517 	 200 	 4868 	 147
1788205019548 	 510 	 200 	 4869 	 146
1788205019847 	 299 	 200 	 4870 	 145
1788205019905 	 247 	 200 	 4871 	 144
1788205019762 	 392 	 200 	 4872 	 143
1788205019850 	 307 	 200 	 4873 	 142
1788205019660 	 596 	 200 	 4874 	 141
1788205019561 	 695 	 200 	 4875 	 140
1788205019655 	 641 	 200 	 4876 	 139
1788205019998 	 358 	 200 	 4877 	 138
1788205020062 	 384 	 200 	 4878 	 137
1788205019745 	 708 	 200 	 4879 	 136
1788205020149 	 388 	 200 	 4880 	 135
1788205020154 	 385 	 200 	 4881 	 134
1788205020044 	 557 	 200 	 4882 	 133
1788205020298 	 345 	 200 	 4883 	 132
1788205020160 	 495 	 200 	 4884 	 131
1788205020455 	 291 	 200 	 4885 	 130
1788205020260 	 490 	 200 	 4886 	 129
1788205020542 	 214 	 200 	 4887 	 128
1788205020062 	 697 	 200 	 4888 	 127
1788205020258 	 580 	 200 	 4889 	 126
1788205020358 	 480 	 200 	 4890 	 125
1788205020657 	 197 	 200 	 4891 	 124
1788205020645 	 221 	 200 	 4892 	 123
1788205020157 	 710 	 200 	 4893 	 122
1788205020540 	 393 	 200 	 4894 	 121
1788205020757 	 194 	 200 	 4895 	 120
1788205020761 	 476 	 200 	 4896 	 119
1788205020855 	 385 	 200 	 4897 	 118
1788205020871 	 372 	 200 	 4898 	 117
1788205020841 	 406 	 200 	 4899 	 116
1788205020936 	 314 	 200 	 4900 	 115
1788205020869 	 390 	 200 	 4901 	 114
1788205021242 	 199 	 200 	 4902 	 113
1788205021252 	 191 	 200 	 4903 	 112
1788205020450 	 994 	 200 	 4904 	 111
1788205021245 	 200 	 200 	 4905 	 110
1788205020604 	 849 	 200 	 4906 	 109
1788205020753 	 698 	 200 	 4907 	 108
1788205020955 	 581 	 200 	 4908 	 107
1788205020840 	 716 	 200 	 4909 	 106
1788205021455 	 198 	 200 	 4910 	 105
1788205021240 	 417 	 200 	 4911 	 104
1788205021248 	 446 	 200 	 4912 	 103
1788205021450 	 290 	 200 	 4913 	 102
1788205021261 	 486 	 200 	 4914 	 101
1788205021538 	 306 	 200 	 4915 	 100
1788205021658 	 189 	 200 	 4916 	 99
1788205021447 	 413 	 200 	 4917 	 98
1788205021696 	 346 	 200 	 4918 	 97
1788205021845 	 202 	 200 	 4919 	 96
1788205021862 	 193 	 200 	 4920 	 95
1788205021457 	 686 	 200 	 4921 	 94
1788205020749 	 1405 	 200 	 4922 	 93
1788205021445 	 750 	 200 	 4923 	 92
1788205021655 	 541 	 200 	 4924 	 91
1788205022045 	 194 	 200 	 4925 	 90
1788205021742 	 498 	 200 	 4926 	 89
1788205022057 	 185 	 200 	 4927 	 88
1788205022048 	 200 	 200 	 4928 	 87
1788205022200 	 53 	 200 	 4929 	 86
1788205021849 	 418 	 200 	 4930 	 85
1788205021749 	 518 	 200 	 4931 	 84
1788205022251 	 204 	 200 	 4932 	 83
1788205021442 	 1109 	 200 	 4933 	 82
1788205021560 	 991 	 200 	 4934 	 81
1788205022157 	 438 	 200 	 4935 	 80
1788205022245 	 398 	 200 	 4936 	 79
1788205022198 	 460 	 200 	 4937 	 78
1788205022243 	 416 	 200 	 4938 	 77
1788205022271 	 490 	 200 	 4939 	 76
1788205022146 	 648 	 200 	 4940 	 75
1788205022457 	 384 	 200 	 4941 	 74
1788205022270 	 581 	 200 	 4942 	 73
1788205022764 	 183 	 200 	 4943 	 72
1788205022661 	 290 	 200 	 4944 	 71
1788205022241 	 711 	 200 	 4945 	 70
1788205022644 	 311 	 200 	 4946 	 69
1788205022843 	 154 	 200 	 4947 	 68
1788205022254 	 784 	 200 	 4948 	 67
1788205022957 	 138 	 200 	 4949 	 66
1788205022959 	 136 	 200 	 4950 	 65
1788205022597 	 552 	 200 	 4951 	 64
1788205022660 	 493 	 200 	 4952 	 63
1788205022554 	 640 	 200 	 4953 	 62
1788205022795 	 400 	 200 	 4954 	 61
1788205022999 	 251 	 200 	 4955 	 60
1788205023041 	 211 	 200 	 4956 	 59
1788205023097 	 157 	 200 	 4957 	 58
1788205023098 	 156 	 200 	 4958 	 57
1788205023156 	 100 	 200 	 4959 	 56
1788205022556 	 783 	 200 	 4960 	 55
1788205022853 	 485 	 200 	 4961 	 54
1788205023253 	 102 	 200 	 4962 	 53
1788205023256 	 107 	 200 	 4963 	 52
1788205022954 	 486 	 200 	 4964 	 51
1788205023256 	 238 	 200 	 4965 	 50
1788205023196 	 298 	 200 	 4966 	 49
1788205023364 	 178 	 200 	 4967 	 48
1788205023342 	 204 	 200 	 4968 	 47
1788205023356 	 217 	 200 	 4969 	 46
1788205022949 	 691 	 200 	 4970 	 45
1788205023151 	 589 	 200 	 4971 	 44
1788205023575 	 270 	 200 	 4972 	 43
1788205023547 	 301 	 200 	 4973 	 42
1788205023442 	 417 	 200 	 4974 	 41
1788205018259 	 5600 	 200 	 4975 	 40
1788205023544 	 315 	 200 	 4976 	 39
1788205023496 	 374 	 200 	 4977 	 38
1788205023846 	 198 	 200 	 4978 	 37
1788205023850 	 203 	 200 	 4979 	 36
1788205023862 	 194 	 200 	 4980 	 35
1788205023868 	 227 	 200 	 4981 	 34
1788205023871 	 286 	 200 	 4982 	 33
1788205023497 	 744 	 200 	 4983 	 32
1788205023643 	 598 	 200 	 4984 	 31
1788205024059 	 185 	 200 	 4985 	 30
1788205024055 	 189 	 200 	 4986 	 29
1788205024046 	 203 	 200 	 4987 	 28
1788205024098 	 159 	 200 	 4988 	 27
1788205024159 	 174 	 200 	 4989 	 26
1788205023743 	 602 	 200 	 4990 	 25
1788205023253 	 1097 	 200 	 4991 	 24
1788205024246 	 110 	 200 	 4992 	 23
1788205018446 	 5911 	 200 	 4993 	 22
1788205024246 	 185 	 200 	 4994 	 21
1788205023341 	 1097 	 200 	 4995 	 20
1788205024242 	 200 	 200 	 4996 	 19
1788205024253 	 197 	 200 	 4997 	 18
1788205023196 	 1254 	 200 	 4998 	 17
1788205024259 	 273 	 200 	 4999 	 16
1788205024335 	 200 	 200 	 5000 	 15
1788205024244 	 291 	 200 	 5000 	 14
1788205024348 	 187 	 200 	 5000 	 13
1788205023865 	 671 	 200 	 5000 	 12
1788205024359 	 181 	 200 	 5000 	 11
1788205024363 	 186 	 200 	 5000 	 10
1788205024436 	 209 	 200 	 5000 	 9
1788205024444 	 202 	 200 	 5000 	 8
1788205024535 	 120 	 200 	 5000 	 7
1788205024456 	 203 	 200 	 5000 	 6
1788205024439 	 218 	 200 	 5000 	 5
1788205024353 	 462 	 200 	 5000 	 4
1788205024453 	 392 	 200 	 5000 	 3
1788205019745 	 5210 	 200 	 5000 	 2
1788205023258 	 1738 	 200 	 5000 	 1
1788205017939 	 7058 	 200 	 5000 	 0