1788204663925 	 38 	 200 	 4 	 3
1788204663942 	 27 	 200 	 4 	 2
1788204663936 	 33 	 200 	 4 	 1
1788204663953 	 18 	 200 	 4 	 0
1788204664003 	 26 	 200 	 6 	 1
1788204664007 	 30 	 200 	 6 	 0
1788204664069 	 34 	 200 	 8 	 1
1788204664084 	 30 	 200 	 8 	 0
1788204664119 	 14 	 200 	 9 	 0
1788204664176 	 34 	 200 	 10 	 0
1788204664219 	 22 	 200 	 11 	 0
1788204664261 	 13 	 200 	 13 	 1
1788204664252 	 55 	 200 	 14 	 1
1788204664307 	 15 	 200 	 15 	 1
1788204664318 	 14 	 200 	 15 	 0
1788204664376 	 13 	 200 	 16 	 0
1788204664393 	 15 	 200 	 20 	 3
1788204664396 	 13 	 200 	 20 	 2
1788204664397 	 21 	 200 	 20 	 1
1788204664407 	 15 	 200 	 21 	 1
1788204664422 	 14 	 200 	 22 	 1
1788204664435 	 12 	 200 	 22 	 0
1788204664460 	 16 	 200 	 25 	 2
1788204664496 	 12 	 200 	 26 	 2
1788204664467 	 72 	 200 	 28 	 3
1788204664557 	 45 	 200 	 31 	 5
1788204664561 	 42 	 200 	 31 	 4
1788204664537 	 105 	 200 	 33 	 5
1788204664594 	 53 	 200 	 33 	 4
1788204664632 	 17 	 200 	 33 	 3
1788204664622 	 78 	 200 	 37 	 6
1788204664677 	 122 	 200 	 43 	 11
1788204664651 	 149 	 200 	 43 	 10
1788204664737 	 65 	 200 	 43 	 9
1788204664687 	 113 	 200 	 43 	 8
1788204664720 	 126 	 200 	 44 	 8
1788204664766 	 86 	 200 	 45 	 8
1788204664767 	 87 	 200 	 45 	 7
1788204664740 	 155 	 200 	 49 	 10
1788204664848 	 96 	 200 	 50 	 10
1788204664842 	 103 	 200 	 50 	 9
1788204664883 	 64 	 200 	 50 	 8
1788204664864 	 83 	 200 	 51 	 8
1788204664690 	 262 	 200 	 51 	 7
1788204664887 	 67 	 200 	 52 	 7
1788204664876 	 117 	 200 	 54 	 8
1788204664949 	 51 	 200 	 54 	 7
1788204664709 	 332 	 200 	 56 	 8
1788204664451 	 597 	 200 	 56 	 7
1788204664960 	 99 	 200 	 56 	 6
1788204665020 	 76 	 200 	 58 	 7
1788204664956 	 189 	 200 	 59 	 7
1788204665073 	 125 	 200 	 62 	 9
1788204665173 	 40 	 200 	 63 	 9
1788204665040 	 204 	 200 	 64 	 9
1788204664941 	 304 	 200 	 64 	 8
1788204664972 	 278 	 200 	 65 	 8
1788204665072 	 222 	 200 	 68 	 10
1788204665160 	 135 	 200 	 68 	 9
1788204665201 	 100 	 200 	 68 	 8
1788204665267 	 35 	 200 	 68 	 7
1788204665155 	 186 	 200 	 70 	 8
1788204665226 	 118 	 200 	 70 	 7
1788204665146 	 203 	 200 	 70 	 6
1788204665284 	 66 	 200 	 70 	 5
1788204665248 	 149 	 200 	 71 	 5
1788204665285 	 154 	 200 	 72 	 6
1788204665396 	 50 	 200 	 75 	 7
1788204665342 	 108 	 200 	 75 	 6
1788204665322 	 129 	 200 	 75 	 5
1788204665407 	 46 	 200 	 75 	 4
1788204665441 	 57 	 200 	 76 	 4
1788204665443 	 56 	 200 	 76 	 3
1788204665501 	 40 	 200 	 78 	 4
1788204665445 	 112 	 200 	 78 	 3
1788204665531 	 66 	 200 	 79 	 3
1788204665473 	 166 	 200 	 81 	 4
1788204665560 	 111 	 200 	 83 	 5
1788204665619 	 53 	 200 	 83 	 4
1788204665671 	 29 	 200 	 84 	 4
1788204665622 	 79 	 200 	 84 	 3
1788204665658 	 43 	 200 	 84 	 2
1788204665676 	 27 	 200 	 84 	 1
1788204665745 	 14 	 200 	 86 	 2
1788204665757 	 14 	 200 	 87 	 2
1788204665769 	 28 	 200 	 87 	 1
1788204664511 	 1288 	 200 	 87 	 0
1788204665833 	 36 	 200 	 88 	 0
1788204665905 	 14 	 200 	 89 	 0
1788204665973 	 17 	 200 	 92 	 2
1788204665996 	 15 	 200 	 94 	 3
1788204665996 	 19 	 200 	 95 	 3
1788204665963 	 52 	 200 	 95 	 2
1788204665976 	 41 	 200 	 95 	 1
1788204666019 	 14 	 200 	 97 	 2
1788204666014 	 19 	 200 	 97 	 1
1788204666027 	 15 	 200 	 98 	 1
1788204666035 	 14 	 200 	 98 	 0
1788204666091 	 39 	 200 	 101 	 2
1788204666112 	 20 	 200 	 101 	 1
1788204666124 	 14 	 200 	 102 	 1
1788204666137 	 12 	 200 	 102 	 0
1788204666168 	 19 	 200 	 106 	 3
1788204666170 	 18 	 200 	 106 	 2
1788204666179 	 15 	 200 	 107 	 2
1788204666181 	 15 	 200 	 107 	 1
1788204666196 	 11 	 200 	 107 	 0
1788204666249 	 14 	 200 	 111 	 3
1788204666232 	 32 	 200 	 111 	 2
1788204666241 	 26 	 200 	 111 	 1
1788204666257 	 15 	 200 	 111 	 0
1788204666319 	 20 	 200 	 112 	 0
1788204666342 	 14 	 200 	 113 	 0
1788204666362 	 13 	 200 	 114 	 0
1788204666432 	 27 	 200 	 118 	 3
1788204666430 	 30 	 200 	 118 	 2
1788204666436 	 25 	 200 	 118 	 1
1788204666452 	 19 	 200 	 119 	 1
1788204666468 	 13 	 200 	 120 	 1
1788204666476 	 15 	 200 	 120 	 0
1788204666556 	 33 	 200 	 123 	 2
1788204666572 	 27 	 200 	 124 	 2
1788204666582 	 28 	 200 	 124 	 1
1788204666593 	 18 	 200 	 124 	 0
1788204666631 	 23 	 200 	 128 	 3
1788204666634 	 21 	 200 	 128 	 2
1788204666641 	 21 	 200 	 128 	 1
1788204666650 	 17 	 200 	 129 	 1
1788204666666 	 18 	 200 	 131 	 2
1788204666670 	 16 	 200 	 131 	 1
1788204666674 	 20 	 200 	 131 	 0
1788204666701 	 14 	 200 	 133 	 1
1788204666704 	 14 	 200 	 133 	 0
1788204666743 	 30 	 200 	 136 	 2
1788204666760 	 14 	 200 	 136 	 1
1788204666756 	 18 	 200 	 137 	 1
1788204666775 	 20 	 200 	 137 	 0
1788204666822 	 27 	 200 	 140 	 2
1788204666835 	 14 	 200 	 140 	 1
1788204666839 	 18 	 200 	 140 	 0
1788204666876 	 15 	 200 	 141 	 0
1788204666904 	 18 	 200 	 142 	 0
1788204666960 	 14 	 200 	 144 	 1
1788204666972 	 13 	 200 	 144 	 0
1788204667004 	 16 	 200 	 145 	 0
1788204667049 	 14 	 200 	 148 	 2
1788204667052 	 18 	 200 	 149 	 2
1788204667058 	 19 	 200 	 150 	 2
1788204667072 	 19 	 200 	 151 	 2
1788204667077 	 15 	 200 	 151 	 1
1788204667090 	 13 	 200 	 152 	 1
1788204667098 	 13 	 200 	 152 	 0
1788204667132 	 14 	 200 	 154 	 1
1788204667142 	 14 	 200 	 155 	 2
1788204667158 	 12 	 200 	 156 	 1
1788204667152 	 21 	 200 	 156 	 0
1788204667179 	 17 	 200 	 157 	 0
1788204667213 	 13 	 200 	 158 	 0
1788204667237 	 12 	 200 	 159 	 0
1788204667271 	 12 	 200 	 160 	 0
1788204667301 	 12 	 200 	 162 	 1
1788204667323 	 13 	 200 	 164 	 2
1788204667327 	 58 	 200 	 165 	 2
1788204667305 	 93 	 200 	 165 	 1
1788204667374 	 25 	 200 	 165 	 0
1788204667493 	 27 	 200 	 167 	 1
1788204667524 	 14 	 200 	 168 	 1
1788204667475 	 71 	 200 	 169 	 1
1788204667540 	 13 	 200 	 169 	 0
1788204667556 	 12 	 200 	 170 	 0
1788204667588 	 13 	 200 	 171 	 0
1788204667632 	 37 	 200 	 175 	 3
1788204667647 	 24 	 200 	 175 	 2
1788204667653 	 20 	 200 	 175 	 1
1788204667656 	 19 	 200 	 175 	 0
1788204667678 	 18 	 200 	 177 	 1
1788204667687 	 17 	 200 	 177 	 0
1788204667726 	 30 	 200 	 179 	 1
1788204667747 	 31 	 200 	 182 	 3
1788204667766 	 19 	 200 	 182 	 2
1788204667758 	 30 	 200 	 182 	 1
1788204667770 	 20 	 200 	 182 	 0
1788204667799 	 16 	 200 	 185 	 2
1788204667802 	 16 	 200 	 185 	 1
1788204667807 	 15 	 200 	 185 	 0
1788204667828 	 15 	 200 	 187 	 1
1788204667832 	 12 	 200 	 187 	 0
1788204667848 	 14 	 200 	 189 	 1
1788204667846 	 15 	 200 	 189 	 0
1788204667876 	 29 	 200 	 190 	 0
1788204667906 	 13 	 200 	 191 	 0
1788204667945 	 15 	 200 	 195 	 3
1788204667942 	 20 	 200 	 195 	 2
1788204667944 	 23 	 200 	 195 	 1
1788204667958 	 17 	 200 	 195 	 0
1788204667994 	 21 	 200 	 196 	 0
1788204668024 	 15 	 200 	 197 	 0
1788204668066 	 22 	 200 	 198 	 0
1788204668095 	 24 	 200 	 200 	 1
1788204668105 	 17 	 200 	 200 	 0
1788204668139 	 15 	 200 	 202 	 1
1788204668148 	 17 	 200 	 204 	 2
1788204668158 	 15 	 200 	 204 	 1
1788204668160 	 21 	 200 	 204 	 0
1788204668209 	 17 	 200 	 208 	 3
1788204668223 	 16 	 200 	 208 	 2
1788204668221 	 17 	 200 	 208 	 1
1788204668221 	 18 	 200 	 208 	 0
1788204668261 	 16 	 200 	 210 	 1
1788204668269 	 13 	 200 	 211 	 1
1788204668279 	 14 	 200 	 213 	 2
1788204668285 	 12 	 200 	 213 	 1
1788204668289 	 14 	 200 	 213 	 0
1788204668327 	 31 	 200 	 216 	 2
1788204668330 	 32 	 200 	 216 	 1
1788204668352 	 20 	 200 	 217 	 1
1788204668366 	 14 	 200 	 217 	 0
1788204668411 	 17 	 200 	 220 	 2
1788204668416 	 29 	 200 	 221 	 2
1788204668428 	 17 	 200 	 221 	 1
1788204668440 	 14 	 200 	 221 	 0
1788204668468 	 15 	 200 	 222 	 0
1788204668498 	 31 	 200 	 224 	 1
1788204668523 	 27 	 200 	 224 	 0
1788204668573 	 27 	 200 	 226 	 1
1788204668587 	 14 	 200 	 226 	 0
1788204668688 	 39 	 200 	 227 	 0
1788204668745 	 27 	 200 	 228 	 0
1788204668778 	 12 	 200 	 229 	 0
1788204668799 	 18 	 200 	 233 	 3
1788204668804 	 15 	 200 	 233 	 2
1788204668808 	 15 	 200 	 233 	 1
1788204668812 	 15 	 200 	 233 	 0
1788204668873 	 13 	 200 	 234 	 0
1788204668899 	 25 	 200 	 236 	 1
1788204668907 	 19 	 200 	 236 	 0
1788204668928 	 12 	 200 	 238 	 1
1788204668939 	 14 	 200 	 239 	 1
1788204668947 	 13 	 200 	 239 	 0
1788204669008 	 28 	 200 	 242 	 2
1788204669023 	 20 	 200 	 242 	 1
1788204669031 	 13 	 200 	 242 	 0
1788204669078 	 13 	 200 	 243 	 0
1788204669097 	 15 	 200 	 245 	 1
1788204669112 	 15 	 200 	 246 	 1
1788204669114 	 19 	 200 	 246 	 0
1788204669166 	 17 	 200 	 248 	 1
1788204669178 	 16 	 200 	 249 	 1
1788204669187 	 16 	 200 	 249 	 0
1788204669242 	 16 	 200 	 251 	 1
1788204669252 	 13 	 200 	 251 	 0
1788204669269 	 12 	 200 	 252 	 0
1788204669287 	 13 	 200 	 253 	 0
1788204669327 	 12 	 200 	 255 	 1
1788204669329 	 12 	 200 	 255 	 0
1788204669359 	 12 	 200 	 256 	 0
1788204669384 	 14 	 200 	 257 	 0
1788204669406 	 23 	 200 	 260 	 2
1788204669413 	 19 	 200 	 261 	 2
1788204669425 	 15 	 200 	 261 	 1
1788204669433 	 13 	 200 	 261 	 0
1788204669469 	 24 	 200 	 265 	 3
1788204669477 	 18 	 200 	 265 	 2
1788204669475 	 21 	 200 	 265 	 1
1788204669472 	 30 	 200 	 265 	 0
1788204669508 	 13 	 200 	 267 	 1
1788204669514 	 12 	 200 	 268 	 1
1788204669525 	 19 	 200 	 269 	 1
1788204669536 	 13 	 200 	 269 	 0
1788204669576 	 20 	 200 	 271 	 1
1788204669595 	 29 	 200 	 275 	 4
1788204669608 	 25 	 200 	 275 	 3
1788204669617 	 17 	 200 	 275 	 2
1788204669623 	 19 	 200 	 275 	 1
1788204669622 	 24 	 200 	 275 	 0
1788204669653 	 16 	 200 	 277 	 1
1788204669662 	 14 	 200 	 278 	 1
1788204669675 	 13 	 200 	 278 	 0
1788204669697 	 17 	 200 	 280 	 1
1788204669699 	 18 	 200 	 280 	 0
1788204669720 	 12 	 200 	 281 	 0
1788204669745 	 13 	 200 	 283 	 1
1788204669735 	 46 	 200 	 283 	 0
1788204669818 	 12 	 200 	 285 	 1
1788204669819 	 15 	 200 	 285 	 0
1788204669841 	 12 	 200 	 286 	 0
1788204669856 	 14 	 200 	 287 	 0
1788204669871 	 13 	 200 	 288 	 0
1788204669894 	 13 	 200 	 290 	 1
1788204669900 	 13 	 200 	 290 	 0
1788204669967 	 14 	 200 	 292 	 1
1788204669982 	 12 	 200 	 293 	 1
1788204669985 	 14 	 200 	 293 	 0
1788204670040 	 41 	 200 	 300 	 6
1788204670046 	 36 	 200 	 300 	 5
1788204670051 	 33 	 200 	 300 	 4
1788204670048 	 87 	 200 	 301 	 4
1788204670058 	 78 	 200 	 301 	 3
1788204670065 	 72 	 200 	 301 	 2
1788204670074 	 65 	 200 	 302 	 2
1788204670090 	 73 	 200 	 302 	 1
1788204670140 	 29 	 200 	 302 	 0
1788204670171 	 20 	 200 	 303 	 0
1788204670198 	 13 	 200 	 304 	 0
1788204670247 	 12 	 200 	 305 	 0
1788204670292 	 34 	 200 	 307 	 1
1788204670296 	 32 	 200 	 307 	 0
1788204670353 	 26 	 200 	 309 	 1
1788204670361 	 23 	 200 	 309 	 0
1788204670433 	 21 	 200 	 311 	 1
1788204670447 	 19 	 200 	 311 	 0
1788204670480 	 15 	 200 	 313 	 1
1788204670488 	 14 	 200 	 313 	 0
1788204670505 	 12 	 200 	 315 	 1
1788204670516 	 16 	 200 	 317 	 2
1788204670522 	 12 	 200 	 317 	 1
1788204670528 	 15 	 200 	 318 	 1
1788204670541 	 17 	 200 	 318 	 0
1788204670596 	 21 	 200 	 319 	 0
1788204670645 	 18 	 200 	 320 	 0
1788204670669 	 14 	 200 	 322 	 1
1788204670676 	 14 	 200 	 323 	 1
1788204670686 	 14 	 200 	 323 	 0
1788204670714 	 12 	 200 	 325 	 1
1788204670738 	 13 	 200 	 326 	 1
1788204670709 	 42 	 200 	 326 	 0
1788204670754 	 13 	 200 	 328 	 1
1788204670759 	 15 	 200 	 328 	 0
1788204670789 	 18 	 200 	 331 	 2
1788204670796 	 15 	 200 	 331 	 1
1788204670802 	 13 	 200 	 331 	 0
1788204670834 	 25 	 200 	 332 	 0
1788204670906 	 19 	 200 	 336 	 3
1788204670917 	 13 	 200 	 336 	 2
1788204670912 	 23 	 200 	 336 	 1
1788204670938 	 16 	 200 	 339 	 3
1788204670938 	 17 	 200 	 339 	 2
1788204670924 	 76 	 200 	 341 	 3
1788204670985 	 17 	 200 	 341 	 2
1788204670954 	 48 	 200 	 341 	 1
1788204670995 	 14 	 200 	 341 	 0
1788204671011 	 17 	 200 	 343 	 1
1788204671024 	 19 	 200 	 343 	 0
1788204671061 	 15 	 200 	 344 	 1
1788204671077 	 11 	 200 	 345 	 0
1788204671091 	 14 	 200 	 346 	 0
1788204671130 	 31 	 200 	 347 	 0
1788204671176 	 36 	 200 	 349 	 1
1788204671218 	 13 	 200 	 350 	 1
1788204671239 	 16 	 200 	 352 	 2
1788204671249 	 13 	 200 	 352 	 1
1788204671291 	 21 	 200 	 355 	 3
1788204671292 	 20 	 200 	 355 	 2
1788204671304 	 15 	 200 	 355 	 1
1788204671365 	 42 	 200 	 359 	 4
1788204671388 	 21 	 200 	 359 	 3
1788204671417 	 30 	 200 	 360 	 3
1788204671402 	 45 	 200 	 360 	 2
1788204671398 	 54 	 200 	 360 	 1
1788204671458 	 85 	 200 	 364 	 4
1788204671469 	 83 	 200 	 364 	 3
1788204671504 	 97 	 200 	 365 	 3
1788204671590 	 25 	 200 	 365 	 2
1788204671194 	 428 	 200 	 365 	 1
1788204671497 	 129 	 200 	 365 	 0
1788204671643 	 14 	 200 	 367 	 1
1788204671647 	 11 	 200 	 367 	 0
1788204671673 	 13 	 200 	 368 	 0
1788204671721 	 28 	 200 	 372 	 3
1788204671713 	 39 	 200 	 372 	 2
1788204671723 	 29 	 200 	 372 	 1
1788204671732 	 21 	 200 	 372 	 0
1788204671767 	 15 	 200 	 373 	 0
1788204671786 	 14 	 200 	 374 	 0
1788204671845 	 16 	 200 	 376 	 1
1788204671857 	 12 	 200 	 376 	 0
1788204671878 	 12 	 200 	 377 	 0
1788204671894 	 13 	 200 	 378 	 0
1788204671964 	 25 	 200 	 379 	 0
1788204671993 	 18 	 200 	 381 	 1
1788204672008 	 20 	 200 	 382 	 1
1788204672016 	 14 	 200 	 382 	 0
1788204672052 	 28 	 200 	 385 	 2
1788204672075 	 15 	 200 	 386 	 2
1788204672072 	 18 	 200 	 386 	 1
1788204672091 	 13 	 200 	 387 	 1
1788204672101 	 22 	 200 	 389 	 2
1788204672110 	 14 	 200 	 390 	 2
1788204672113 	 13 	 200 	 390 	 1
1788204672124 	 13 	 200 	 390 	 0
1788204672163 	 19 	 200 	 392 	 1
1788204672166 	 17 	 200 	 392 	 0
1788204672197 	 12 	 200 	 394 	 1
1788204672209 	 11 	 200 	 394 	 0
1788204672234 	 12 	 200 	 395 	 0
1788204672300 	 38 	 200 	 397 	 1
1788204672315 	 29 	 200 	 399 	 2
1788204672341 	 14 	 200 	 399 	 1
1788204672345 	 19 	 200 	 399 	 0
1788204672374 	 17 	 200 	 400 	 0
1788204672399 	 13 	 200 	 401 	 0
1788204672471 	 17 	 200 	 403 	 1
1788204672475 	 17 	 200 	 403 	 0
1788204672495 	 14 	 200 	 406 	 2
1788204672496 	 14 	 200 	 406 	 1
1788204672497 	 14 	 200 	 406 	 0
1788204672547 	 14 	 200 	 407 	 0
1788204672578 	 20 	 200 	 409 	 1
1788204672594 	 14 	 200 	 409 	 0
1788204672641 	 35 	 200 	 412 	 2
1788204672668 	 23 	 200 	 413 	 2
1788204672659 	 33 	 200 	 413 	 1
1788204672691 	 20 	 200 	 416 	 3
1788204672699 	 16 	 200 	 418 	 4
1788204672703 	 18 	 200 	 418 	 3
1788204672711 	 14 	 200 	 418 	 2
1788204672713 	 31 	 200 	 419 	 2
1788204672735 	 14 	 200 	 419 	 1
1788204672713 	 39 	 200 	 419 	 0
1788204672762 	 15 	 200 	 422 	 2
1788204672763 	 17 	 200 	 422 	 1
1788204672769 	 14 	 200 	 422 	 0
1788204672843 	 28 	 200 	 424 	 1
1788204672841 	 39 	 200 	 424 	 0
1788204672883 	 15 	 200 	 426 	 1
1788204672898 	 13 	 200 	 426 	 0
1788204672915 	 15 	 200 	 429 	 2
1788204672922 	 12 	 200 	 429 	 1
1788204672920 	 20 	 200 	 429 	 0
1788204672953 	 15 	 200 	 431 	 1
1788204672963 	 15 	 200 	 431 	 0
1788204672987 	 14 	 200 	 432 	 0
1788204673014 	 12 	 200 	 433 	 0
1788204673045 	 18 	 200 	 435 	 1
1788204673058 	 11 	 200 	 435 	 0
1788204673074 	 13 	 200 	 437 	 1
1788204673079 	 15 	 200 	 437 	 0
1788204673122 	 32 	 200 	 440 	 2
1788204673127 	 28 	 200 	 440 	 1
1788204673139 	 20 	 200 	 440 	 0
1788204673195 	 14 	 200 	 442 	 1
1788204673203 	 15 	 200 	 444 	 2
1788204673212 	 13 	 200 	 444 	 1
1788204673219 	 14 	 200 	 444 	 0
1788204673240 	 14 	 200 	 445 	 0
1788204673276 	 12 	 200 	 446 	 0
1788204673290 	 18 	 200 	 447 	 0
1788204673346 	 17 	 200 	 449 	 1
1788204673352 	 14 	 200 	 450 	 1
1788204673366 	 14 	 200 	 450 	 0
1788204673414 	 20 	 200 	 451 	 0
1788204673445 	 15 	 200 	 455 	 3
1788204673448 	 19 	 200 	 456 	 3
1788204673452 	 17 	 200 	 456 	 2
1788204673460 	 17 	 200 	 456 	 1
1788204673462 	 16 	 200 	 456 	 0
1788204673487 	 13 	 200 	 459 	 2
1788204673493 	 17 	 200 	 460 	 2
1788204673495 	 18 	 200 	 460 	 1
1788204673505 	 15 	 200 	 460 	 0
1788204673546 	 36 	 200 	 462 	 1
1788204673565 	 21 	 200 	 462 	 0
1788204673593 	 32 	 200 	 464 	 1
1788204673617 	 16 	 200 	 464 	 0
1788204673668 	 28 	 200 	 467 	 2
1788204673665 	 36 	 200 	 467 	 1
1788204673683 	 19 	 200 	 467 	 0
1788204673708 	 16 	 200 	 469 	 1
1788204673711 	 19 	 200 	 469 	 0
1788204673742 	 22 	 200 	 473 	 3
1788204673734 	 31 	 200 	 473 	 2
1788204673769 	 12 	 200 	 474 	 2
1788204673746 	 35 	 200 	 474 	 1
1788204673764 	 17 	 200 	 474 	 0
1788204673783 	 14 	 200 	 476 	 1
1788204673792 	 43 	 200 	 480 	 4
1788204673812 	 34 	 200 	 481 	 4
1788204673829 	 20 	 200 	 481 	 3
1788204673799 	 53 	 200 	 481 	 2
1788204673802 	 51 	 200 	 481 	 1
1788204673844 	 15 	 200 	 482 	 1
1788204673858 	 18 	 200 	 483 	 1
1788204673870 	 17 	 200 	 483 	 0
1788204673894 	 16 	 200 	 484 	 0
1788204673926 	 14 	 200 	 486 	 1
1788204673937 	 13 	 200 	 486 	 0
1788204673978 	 18 	 200 	 489 	 2
1788204673980 	 20 	 200 	 489 	 1
1788204673979 	 25 	 200 	 489 	 0
1788204674061 	 21 	 200 	 491 	 1
1788204674079 	 15 	 200 	 492 	 1
1788204674090 	 13 	 200 	 492 	 0
1788204674137 	 15 	 200 	 493 	 0
1788204674155 	 15 	 200 	 494 	 0
1788204674184 	 14 	 200 	 496 	 1
1788204674194 	 20 	 200 	 496 	 0
1788204674230 	 14 	 200 	 498 	 1
1788204674240 	 15 	 200 	 499 	 1
1788204674254 	 16 	 200 	 500 	 1
1788204674257 	 16 	 200 	 500 	 0
1788204674278 	 19 	 200 	 501 	 0
1788204674321 	 34 	 200 	 502 	 0
1788204674364 	 25 	 200 	 505 	 2
1788204674373 	 18 	 200 	 505 	 1
1788204674381 	 13 	 200 	 505 	 0
1788204674444 	 18 	 200 	 507 	 1
1788204674446 	 22 	 200 	 507 	 0
1788204674475 	 13 	 200 	 508 	 0
1788204674509 	 15 	 200 	 509 	 0
1788204674568 	 25 	 200 	 511 	 1
1788204674573 	 23 	 200 	 511 	 0
1788204674674 	 17 	 200 	 512 	 0
1788204674706 	 13 	 200 	 513 	 0
1788204674738 	 16 	 200 	 514 	 0
1788204674760 	 17 	 200 	 516 	 1
1788204674770 	 15 	 200 	 516 	 0
1788204674818 	 13 	 200 	 520 	 3
1788204674814 	 21 	 200 	 520 	 2
1788204674819 	 17 	 200 	 520 	 1
1788204674831 	 15 	 200 	 520 	 0
1788204674885 	 37 	 200 	 524 	 3
1788204674912 	 24 	 200 	 524 	 2
1788204674920 	 19 	 200 	 524 	 1
1788204674910 	 31 	 200 	 524 	 0
1788204674952 	 14 	 200 	 526 	 1
1788204674953 	 16 	 200 	 526 	 0
1788204675004 	 29 	 200 	 527 	 0
1788204675072 	 17 	 200 	 530 	 2
1788204675071 	 19 	 200 	 530 	 1
1788204675081 	 15 	 200 	 530 	 0
1788204675147 	 33 	 200 	 534 	 3
1788204675157 	 31 	 200 	 535 	 3
1788204675162 	 34 	 200 	 535 	 3
1788204675160 	 38 	 200 	 536 	 2
1788204675187 	 20 	 200 	 537 	 2
1788204675197 	 17 	 200 	 538 	 2
1788204675200 	 33 	 200 	 538 	 1
1788204675214 	 19 	 200 	 538 	 0
1788204675235 	 18 	 200 	 541 	 2
1788204675245 	 15 	 200 	 542 	 2
1788204675244 	 21 	 200 	 543 	 2
1788204675257 	 15 	 200 	 543 	 1
1788204675266 	 12 	 200 	 543 	 0
1788204675333 	 31 	 200 	 545 	 1
1788204675350 	 20 	 200 	 546 	 1
1788204675367 	 12 	 200 	 546 	 0
1788204675419 	 37 	 200 	 550 	 3
1788204675440 	 29 	 200 	 550 	 2
1788204675435 	 37 	 200 	 550 	 1
1788204675452 	 20 	 200 	 550 	 0
1788204675493 	 35 	 200 	 552 	 1
1788204675510 	 34 	 200 	 552 	 0
1788204675547 	 20 	 200 	 553 	 0
1788204675616 	 28 	 200 	 556 	 2
1788204675609 	 38 	 200 	 556 	 1
1788204675651 	 22 	 200 	 559 	 3
1788204675662 	 21 	 200 	 561 	 4
1788204675646 	 36 	 200 	 561 	 3
1788204675660 	 25 	 200 	 561 	 2
1788204675677 	 17 	 200 	 561 	 1
1788204675681 	 14 	 200 	 561 	 0
1788204675718 	 20 	 200 	 562 	 0
1788204675759 	 13 	 200 	 563 	 0
1788204675782 	 14 	 200 	 565 	 1
1788204675792 	 12 	 200 	 565 	 0
1788204675811 	 13 	 200 	 566 	 0
1788204675831 	 12 	 200 	 567 	 0
1788204675878 	 33 	 200 	 570 	 2
1788204675876 	 36 	 200 	 570 	 1
1788204675910 	 30 	 200 	 571 	 1
1788204675930 	 16 	 200 	 573 	 2
1788204675943 	 13 	 200 	 574 	 2
1788204675947 	 15 	 200 	 574 	 1
1788204675954 	 16 	 200 	 575 	 1
1788204675966 	 18 	 200 	 575 	 0
1788204675992 	 17 	 200 	 578 	 2
1788204675997 	 18 	 200 	 580 	 3
1788204676005 	 17 	 200 	 580 	 2
1788204676012 	 14 	 200 	 580 	 1
1788204676012 	 19 	 200 	 580 	 0
1788204676067 	 21 	 200 	 582 	 1
1788204676089 	 18 	 200 	 583 	 1
1788204676102 	 13 	 200 	 583 	 0
1788204676119 	 12 	 200 	 584 	 0
1788204676156 	 18 	 200 	 586 	 1
1788204676171 	 12 	 200 	 586 	 0
1788204676187 	 13 	 200 	 587 	 0
1788204676204 	 17 	 200 	 590 	 2
1788204676212 	 13 	 200 	 590 	 1
1788204676206 	 20 	 200 	 590 	 0
1788204676228 	 12 	 200 	 592 	 1
1788204676237 	 13 	 200 	 592 	 0
1788204676259 	 14 	 200 	 596 	 3
1788204676258 	 19 	 200 	 596 	 2
1788204676260 	 21 	 200 	 596 	 1
1788204676262 	 20 	 200 	 596 	 0
1788204676312 	 36 	 200 	 603 	 6
1788204676334 	 30 	 200 	 604 	 6
1788204676336 	 32 	 200 	 604 	 5
1788204676332 	 38 	 200 	 604 	 4
1788204676348 	 23 	 200 	 604 	 3
1788204676344 	 27 	 200 	 604 	 2
1788204676347 	 26 	 200 	 604 	 1
1788204676362 	 25 	 200 	 605 	 1
1788204676380 	 13 	 200 	 605 	 0
1788204676416 	 44 	 200 	 607 	 1
1788204676420 	 42 	 200 	 607 	 0
1788204676520 	 15 	 200 	 609 	 1
1788204676528 	 14 	 200 	 609 	 0
1788204676550 	 14 	 200 	 611 	 1
1788204676560 	 11 	 200 	 611 	 0
1788204676602 	 37 	 200 	 615 	 3
1788204676619 	 34 	 200 	 616 	 3
1788204676632 	 25 	 200 	 617 	 3
1788204676634 	 24 	 200 	 617 	 2
1788204676642 	 20 	 200 	 617 	 1
1788204676655 	 13 	 200 	 617 	 0
1788204676700 	 42 	 200 	 620 	 2
1788204676710 	 36 	 200 	 620 	 1
1788204676737 	 19 	 200 	 621 	 1
1788204676750 	 18 	 200 	 623 	 2
1788204676758 	 14 	 200 	 623 	 1
1788204676768 	 19 	 200 	 624 	 1
1788204676775 	 13 	 200 	 624 	 0
1788204676824 	 12 	 200 	 626 	 1
1788204676834 	 17 	 200 	 626 	 0
1788204676863 	 20 	 200 	 629 	 2
1788204676878 	 14 	 200 	 629 	 1
1788204676882 	 12 	 200 	 629 	 0
1788204676918 	 13 	 200 	 632 	 2
1788204676920 	 15 	 200 	 633 	 2
1788204676933 	 13 	 200 	 633 	 1
1788204676922 	 25 	 200 	 633 	 0
1788204677006 	 33 	 200 	 634 	 0
1788204677056 	 29 	 200 	 636 	 1
1788204677077 	 15 	 200 	 636 	 0
1788204677172 	 28 	 200 	 638 	 1
1788204677194 	 51 	 200 	 638 	 0
1788204677256 	 11 	 200 	 639 	 0
1788204677283 	 13 	 200 	 640 	 0
1788204677382 	 13 	 200 	 642 	 1
1788204677387 	 17 	 200 	 643 	 1
1788204677398 	 15 	 200 	 643 	 0
1788204677423 	 14 	 200 	 644 	 0
1788204677457 	 13 	 200 	 646 	 1
1788204677468 	 14 	 200 	 649 	 3
1788204677474 	 15 	 200 	 649 	 2
1788204677482 	 15 	 200 	 649 	 1
1788204677481 	 18 	 200 	 649 	 0
1788204677543 	 28 	 200 	 652 	 2
1788204677533 	 39 	 200 	 652 	 1
1788204677556 	 24 	 200 	 653 	 1
1788204677574 	 16 	 200 	 654 	 1
1788204677586 	 19 	 200 	 654 	 0
1788204677623 	 30 	 200 	 658 	 3
1788204677635 	 36 	 200 	 659 	 3
1788204677643 	 28 	 200 	 659 	 2
1788204677650 	 21 	 200 	 659 	 1
1788204677660 	 19 	 200 	 659 	 0
1788204677718 	 27 	 200 	 662 	 2
1788204677729 	 24 	 200 	 662 	 1
1788204677746 	 15 	 200 	 662 	 0
1788204677777 	 14 	 200 	 663 	 0
1788204677804 	 14 	 200 	 667 	 3
1788204677797 	 22 	 200 	 667 	 2
1788204677811 	 16 	 200 	 667 	 1
1788204677813 	 14 	 200 	 667 	 0
1788204677859 	 19 	 200 	 669 	 1
1788204677861 	 18 	 200 	 669 	 0
1788204677893 	 19 	 200 	 671 	 1
1788204677900 	 14 	 200 	 671 	 0
1788204677937 	 14 	 200 	 673 	 1
1788204677945 	 13 	 200 	 673 	 0
1788204677970 	 18 	 200 	 677 	 3
1788204677972 	 18 	 200 	 677 	 2
1788204677983 	 18 	 200 	 677 	 1
1788204677986 	 16 	 200 	 677 	 0
1788204678007 	 15 	 200 	 678 	 0
1788204678053 	 30 	 200 	 681 	 2
1788204678059 	 27 	 200 	 682 	 2
1788204678077 	 14 	 200 	 682 	 1
1788204678087 	 20 	 200 	 683 	 1
1788204678095 	 14 	 200 	 683 	 0
1788204678135 	 13 	 200 	 686 	 2
1788204678138 	 12 	 200 	 686 	 1
1788204678145 	 16 	 200 	 686 	 0
1788204678166 	 15 	 200 	 687 	 0
1788204678195 	 12 	 200 	 688 	 0
1788204678217 	 14 	 200 	 689 	 0
1788204678267 	 30 	 200 	 692 	 2
1788204678265 	 39 	 200 	 692 	 1
1788204678275 	 29 	 200 	 692 	 0
1788204678310 	 18 	 200 	 693 	 0
1788204678335 	 13 	 200 	 695 	 1
1788204678338 	 14 	 200 	 695 	 0
1788204678363 	 14 	 200 	 696 	 0
1788204678402 	 21 	 200 	 697 	 0
1788204678484 	 16 	 200 	 698 	 0
1788204678509 	 16 	 200 	 701 	 2
1788204678517 	 16 	 200 	 701 	 1
1788204678524 	 16 	 200 	 702 	 1
1788204678536 	 13 	 200 	 702 	 0
1788204678572 	 14 	 200 	 704 	 1
1788204678582 	 13 	 200 	 705 	 1
1788204678591 	 13 	 200 	 705 	 0
1788204678651 	 32 	 200 	 711 	 5
1788204678653 	 81 	 200 	 718 	 11
1788204678685 	 51 	 200 	 718 	 10
1788204678671 	 65 	 200 	 718 	 9
1788204678683 	 55 	 200 	 718 	 8
1788204678659 	 84 	 200 	 719 	 8
1788204678657 	 88 	 200 	 719 	 7
1788204678687 	 70 	 200 	 721 	 8
1788204678688 	 74 	 200 	 721 	 7
1788204678730 	 35 	 200 	 721 	 6
1788204678710 	 123 	 200 	 726 	 10
1788204678693 	 140 	 200 	 726 	 9
1788204678714 	 120 	 200 	 726 	 8
1788204678832 	 101 	 200 	 730 	 11
1788204678837 	 99 	 200 	 730 	 10
1788204678827 	 110 	 200 	 730 	 9
1788204678743 	 199 	 200 	 730 	 8
1788204678755 	 189 	 200 	 730 	 7
1788204678757 	 187 	 200 	 730 	 6
1788204678791 	 168 	 200 	 731 	 6
1788204678841 	 128 	 200 	 732 	 6
1788204678819 	 153 	 200 	 732 	 5
1788204678849 	 130 	 200 	 732 	 4
1788204678812 	 246 	 200 	 740 	 11
1788204678965 	 178 	 200 	 745 	 17
1788204679019 	 147 	 200 	 746 	 17
1788204678946 	 221 	 200 	 747 	 16
1788204678865 	 305 	 200 	 748 	 16
1788204679017 	 157 	 200 	 749 	 15
1788204679094 	 84 	 200 	 749 	 14
1788204679072 	 171 	 200 	 751 	 16
1788204679037 	 211 	 200 	 752 	 15
1788204679010 	 238 	 200 	 752 	 14
1788204679128 	 129 	 200 	 752 	 13
1788204679056 	 203 	 200 	 752 	 12
1788204679043 	 219 	 200 	 752 	 11
1788204678998 	 268 	 200 	 753 	 11
1788204679129 	 140 	 200 	 753 	 10
1788204679173 	 171 	 200 	 757 	 13
1788204679170 	 178 	 200 	 757 	 12
1788204679146 	 204 	 200 	 757 	 11
1788204679120 	 227 	 200 	 757 	 10
1788204679008 	 342 	 200 	 757 	 9
1788204679246 	 111 	 200 	 757 	 8
1788204679167 	 192 	 200 	 757 	 7
1788204679198 	 168 	 200 	 758 	 7
1788204679283 	 90 	 200 	 758 	 6
1788204679203 	 173 	 200 	 758 	 5
1788204679328 	 71 	 200 	 758 	 4
1788204679365 	 79 	 200 	 760 	 5
1788204679423 	 25 	 200 	 760 	 4
1788204679437 	 13 	 200 	 760 	 3
1788204679338 	 132 	 200 	 762 	 4
1788204679457 	 19 	 200 	 762 	 3
1788204679459 	 19 	 200 	 762 	 2
1788204679290 	 345 	 200 	 771 	 10
1788204679539 	 111 	 200 	 771 	 9
1788204679537 	 115 	 200 	 771 	 8
1788204679570 	 90 	 200 	 772 	 8
1788204679621 	 125 	 200 	 776 	 11
1788204679559 	 188 	 200 	 776 	 10
1788204679576 	 189 	 200 	 776 	 9
1788204679665 	 177 	 200 	 778 	 10
1788204679704 	 144 	 200 	 778 	 9
1788204679720 	 135 	 200 	 779 	 9
1788204679579 	 277 	 200 	 779 	 8
1788204679565 	 379 	 200 	 784 	 12
1788204679852 	 93 	 200 	 784 	 11
1788204679793 	 154 	 200 	 784 	 10
1788204679660 	 288 	 200 	 784 	 9
1788204679869 	 81 	 200 	 784 	 8
1788204679698 	 253 	 200 	 784 	 7
1788204679930 	 23 	 200 	 784 	 6
1788204679796 	 158 	 200 	 784 	 5
1788204679866 	 89 	 200 	 784 	 4
1788204679555 	 401 	 200 	 784 	 3
1788204679860 	 179 	 200 	 790 	 8
1788204680010 	 35 	 200 	 790 	 7
1788204679924 	 128 	 200 	 790 	 6
1788204680035 	 19 	 200 	 790 	 5
1788204679997 	 58 	 200 	 790 	 4
1788204679999 	 63 	 200 	 790 	 3
1788204679971 	 108 	 200 	 791 	 3
1788204680070 	 80 	 200 	 796 	 7
1788204680087 	 71 	 200 	 797 	 8
1788204680002 	 162 	 200 	 799 	 8
1788204680133 	 33 	 200 	 799 	 7
1788204680115 	 52 	 200 	 799 	 6
1788204680140 	 104 	 200 	 804 	 10
1788204680233 	 202 	 200 	 810 	 20
1788204680084 	 351 	 200 	 811 	 19
1788204680287 	 153 	 200 	 812 	 18
1788204680162 	 281 	 200 	 813 	 17
1788204680203 	 254 	 200 	 814 	 17
1788204680154 	 388 	 200 	 815 	 20
1788204680326 	 224 	 200 	 816 	 19
1788204680173 	 381 	 200 	 817 	 18
1788204680170 	 462 	 200 	 818 	 21
1788204680160 	 478 	 200 	 819 	 20
1788204679267 	 1374 	 200 	 820 	 19
1788204680351 	 298 	 200 	 821 	 18
1788204680460 	 202 	 200 	 822 	 18
1788204680441 	 216 	 200 	 823 	 17
1788204680189 	 555 	 200 	 824 	 20
1788204680323 	 518 	 200 	 825 	 27
1788204680553 	 295 	 200 	 826 	 28
1788204680641 	 217 	 200 	 827 	 27
1788204680635 	 224 	 200 	 828 	 27
1788204680443 	 431 	 200 	 829 	 26
1788204680651 	 295 	 200 	 830 	 28
1788204680556 	 396 	 200 	 831 	 28
1788204680668 	 294 	 200 	 832 	 27
1788204680334 	 632 	 200 	 833 	 26
1788204680320 	 716 	 200 	 834 	 26
1788204680438 	 606 	 200 	 835 	 25
1788204680446 	 606 	 200 	 836 	 24
1788204680843 	 215 	 200 	 837 	 23
1788204680545 	 589 	 200 	 838 	 29
1788204680850 	 285 	 200 	 839 	 28
1788204680644 	 508 	 200 	 840 	 29
1788204680747 	 405 	 200 	 841 	 28
1788204680860 	 372 	 200 	 842 	 36
1788204680955 	 282 	 200 	 843 	 35
1788204680964 	 280 	 200 	 844 	 35
1788204681055 	 279 	 200 	 845 	 37
1788204681047 	 302 	 200 	 846 	 36
1788204681158 	 214 	 200 	 847 	 38
1788204681061 	 372 	 200 	 848 	 39
1788204681155 	 278 	 200 	 849 	 38
1788204681041 	 419 	 200 	 850 	 38
1788204681235 	 310 	 200 	 851 	 42
1788204680664 	 892 	 200 	 852 	 41
1788204680876 	 768 	 200 	 853 	 48
1788204680949 	 711 	 200 	 854 	 47
1788204681436 	 231 	 200 	 855 	 46
1788204681137 	 533 	 200 	 856 	 46
1788204681247 	 420 	 200 	 857 	 45
1788204681375 	 295 	 200 	 858 	 44
1788204681337 	 414 	 200 	 859 	 48
1788204681141 	 616 	 200 	 860 	 48
1788204680967 	 837 	 200 	 861 	 48
1788204681352 	 481 	 200 	 862 	 48
1788204681240 	 595 	 200 	 863 	 49
1788204680864 	 970 	 200 	 864 	 48
1788204681436 	 404 	 200 	 865 	 47
1788204681647 	 188 	 200 	 866 	 46
1788204681463 	 383 	 200 	 867 	 45
1788204681678 	 175 	 200 	 868 	 44
1788204681560 	 374 	 200 	 869 	 47
1788204681664 	 271 	 200 	 870 	 46
1788204681673 	 262 	 200 	 871 	 45
1788204681548 	 451 	 200 	 872 	 47
1788204681807 	 193 	 200 	 873 	 46
1788204681760 	 274 	 200 	 874 	 48
1788204681668 	 368 	 200 	 875 	 47
1788204681836 	 206 	 200 	 876 	 46
1788204681842 	 217 	 200 	 877 	 45
1788204681839 	 260 	 200 	 878 	 47
1788204681855 	 245 	 200 	 879 	 46
1788204682002 	 151 	 200 	 880 	 46
1788204681754 	 405 	 200 	 881 	 46
1788204681937 	 228 	 200 	 882 	 45
1788204681849 	 390 	 200 	 883 	 45
1788204682002 	 240 	 200 	 884 	 44
1788204682036 	 224 	 200 	 885 	 45
1788204682061 	 203 	 200 	 886 	 44
1788204681675 	 588 	 200 	 887 	 43
1788204682102 	 169 	 200 	 888 	 42
1788204682038 	 236 	 200 	 889 	 41
1788204681936 	 424 	 200 	 890 	 46
1788204681839 	 527 	 200 	 891 	 45
1788204681844 	 530 	 200 	 892 	 44
1788204682163 	 270 	 200 	 893 	 46
1788204682102 	 352 	 200 	 894 	 47
1788204682045 	 413 	 200 	 895 	 46
1788204682241 	 222 	 200 	 896 	 45
1788204682166 	 296 	 200 	 897 	 44
1788204682243 	 296 	 200 	 898 	 50
1788204682275 	 273 	 200 	 899 	 49
1788204682262 	 294 	 200 	 900 	 50
1788204682367 	 197 	 200 	 901 	 49
1788204682272 	 369 	 200 	 902 	 50
1788204682376 	 270 	 200 	 903 	 49
1788204682154 	 497 	 200 	 904 	 48
1788204682435 	 232 	 200 	 905 	 48
1788204682460 	 213 	 200 	 906 	 47
1788204682467 	 277 	 200 	 907 	 49
1788204682559 	 190 	 200 	 908 	 48
1788204681938 	 816 	 200 	 909 	 47
1788204682550 	 211 	 200 	 910 	 46
1788204682267 	 579 	 200 	 911 	 50
1788204682267 	 576 	 200 	 912 	 49
1788204682644 	 289 	 200 	 913 	 56
1788204682566 	 374 	 200 	 914 	 55
1788204682465 	 578 	 200 	 915 	 60
1788204682669 	 389 	 200 	 916 	 59
1788204682456 	 605 	 200 	 917 	 58
1788204682648 	 502 	 200 	 918 	 60
1788204682935 	 222 	 200 	 919 	 59
1788204682676 	 480 	 200 	 920 	 58
1788204682849 	 311 	 200 	 921 	 57
1788204682746 	 419 	 200 	 922 	 56
1788204682540 	 706 	 200 	 923 	 61
1788204682943 	 310 	 200 	 924 	 60
1788204683168 	 102 	 200 	 925 	 59
1788204682751 	 523 	 200 	 926 	 58
1788204682760 	 579 	 200 	 927 	 59
1788204683064 	 278 	 200 	 928 	 59
1788204682852 	 505 	 200 	 929 	 59
1788204683278 	 85 	 200 	 930 	 58
1788204682362 	 1002 	 200 	 931 	 57
1788204682653 	 785 	 200 	 932 	 59
1788204682764 	 682 	 200 	 933 	 58
1788204683154 	 304 	 200 	 934 	 57
1788204683249 	 215 	 200 	 935 	 56
1788204683366 	 103 	 200 	 936 	 56
1788204683344 	 124 	 200 	 937 	 55
1788204683045 	 508 	 200 	 938 	 61
1788204683254 	 307 	 200 	 939 	 61
1788204683165 	 404 	 200 	 940 	 60
1788204683159 	 479 	 200 	 941 	 64
1788204683163 	 486 	 200 	 942 	 63
1788204683272 	 381 	 200 	 943 	 64
1788204683341 	 322 	 200 	 944 	 63
1788204683368 	 367 	 200 	 945 	 66
1788204683449 	 286 	 200 	 946 	 65
1788204683361 	 374 	 200 	 947 	 64
1788204683461 	 276 	 200 	 948 	 63
1788204683061 	 693 	 200 	 949 	 62
1788204683571 	 263 	 200 	 950 	 67
1788204683472 	 365 	 200 	 951 	 68
1788204683441 	 406 	 200 	 952 	 67
1788204683657 	 282 	 200 	 953 	 69
1788204683556 	 388 	 200 	 954 	 68
1788204683742 	 211 	 200 	 955 	 67
1788204683652 	 308 	 200 	 956 	 67
1788204683665 	 293 	 200 	 957 	 66
1788204683564 	 470 	 200 	 958 	 70
1788204683836 	 201 	 200 	 959 	 69
1788204683748 	 384 	 200 	 960 	 70
1788204683850 	 287 	 200 	 961 	 69
1788204683747 	 389 	 200 	 962 	 68
1788204683472 	 673 	 200 	 963 	 67
1788204683843 	 303 	 200 	 964 	 66
1788204683641 	 507 	 200 	 965 	 65
1788204683466 	 681 	 200 	 966 	 64
1788204683956 	 276 	 200 	 967 	 67
1788204683757 	 481 	 200 	 968 	 66
1788204683964 	 279 	 200 	 969 	 66
1788204683963 	 367 	 200 	 970 	 68
1788204683942 	 392 	 200 	 971 	 67
1788204683947 	 394 	 200 	 972 	 66
1788204683739 	 594 	 200 	 973 	 65
1788204684040 	 307 	 200 	 974 	 64
1788204684036 	 310 	 200 	 975 	 63
1788204684144 	 294 	 200 	 976 	 65
1788204684152 	 380 	 200 	 977 	 68
1788204684155 	 379 	 200 	 978 	 67
1788204684237 	 296 	 200 	 979 	 66
1788204684246 	 288 	 200 	 980 	 65
1788204684139 	 400 	 200 	 981 	 65
1788204684538 	 95 	 200 	 982 	 69
1788204684159 	 474 	 200 	 983 	 68
1788204684151 	 477 	 200 	 984 	 67
1788204684340 	 295 	 200 	 985 	 66
1788204684337 	 299 	 200 	 986 	 65
1788204684536 	 113 	 200 	 987 	 65
1788204684542 	 110 	 200 	 988 	 64
1788204684635 	 73 	 200 	 989 	 66
1788204684241 	 492 	 200 	 990 	 66
1788204684441 	 313 	 200 	 991 	 66
1788204684635 	 221 	 200 	 992 	 69
1788204684637 	 261 	 200 	 993 	 68
1788204684350 	 548 	 200 	 994 	 67
1788204684640 	 260 	 200 	 995 	 66
1788204684650 	 293 	 200 	 996 	 70
1788204684346 	 602 	 200 	 997 	 70
1788204684352 	 599 	 200 	 998 	 69
1788204684904 	 97 	 200 	 999 	 69
1788204684858 	 148 	 200 	 1000 	 68
1788204684537 	 501 	 200 	 1001 	 69
1788204684954 	 92 	 200 	 1002 	 68
1788204684653 	 396 	 200 	 1003 	 67
1788204684945 	 110 	 200 	 1004 	 66
1788204684901 	 154 	 200 	 1005 	 65
1788204684638 	 502 	 200 	 1006 	 71
1788204685003 	 136 	 200 	 1007 	 70
1788204685061 	 89 	 200 	 1008 	 71
1788204684343 	 852 	 200 	 1009 	 72
1788204684709 	 487 	 200 	 1010 	 71
1788204685142 	 102 	 200 	 1011 	 73
1788204685049 	 196 	 200 	 1012 	 72
1788204685051 	 196 	 200 	 1013 	 71
1788204685057 	 190 	 200 	 1014 	 70
1788204685141 	 116 	 200 	 1015 	 69
1788204685153 	 105 	 200 	 1016 	 68
1788204685250 	 94 	 200 	 1017 	 73
1788204685260 	 92 	 200 	 1018 	 72
1788204684950 	 487 	 200 	 1019 	 77
1788204685248 	 198 	 200 	 1020 	 78
1788204684735 	 720 	 200 	 1021 	 77
1788204685355 	 105 	 200 	 1022 	 76
1788204685345 	 197 	 200 	 1023 	 80
1788204685458 	 89 	 200 	 1024 	 79
1788204685246 	 301 	 200 	 1025 	 78
1788204685246 	 308 	 200 	 1026 	 77
1788204685262 	 333 	 200 	 1027 	 80
1788204685556 	 187 	 200 	 1028 	 87
1788204685545 	 200 	 200 	 1029 	 86
1788204685040 	 713 	 200 	 1030 	 85
1788204685553 	 200 	 200 	 1031 	 84
1788204685550 	 204 	 200 	 1032 	 84
1788204685597 	 239 	 200 	 1033 	 88
1788204684902 	 934 	 200 	 1034 	 87
1788204685750 	 93 	 200 	 1035 	 87
1788204685198 	 650 	 200 	 1036 	 86
1788204685462 	 388 	 200 	 1037 	 85
1788204685199 	 666 	 200 	 1038 	 84
1788204685439 	 497 	 200 	 1039 	 86
1788204685756 	 185 	 200 	 1040 	 85
1788204685008 	 945 	 200 	 1041 	 84
1788204685447 	 503 	 200 	 1042 	 83
1788204684756 	 1283 	 200 	 1043 	 87
1788204685849 	 289 	 200 	 1044 	 91
1788204685838 	 304 	 200 	 1045 	 90
1788204685938 	 213 	 200 	 1046 	 90
1788204685837 	 327 	 200 	 1047 	 91
1788204685762 	 491 	 200 	 1048 	 97
1788204685944 	 341 	 200 	 1049 	 96
1788204686144 	 161 	 200 	 1050 	 96
1788204686306 	 51 	 200 	 1051 	 97
1788204685954 	 491 	 200 	 1052 	 97
1788204686165 	 282 	 200 	 1053 	 96
1788204686359 	 94 	 200 	 1054 	 96
1788204686141 	 317 	 200 	 1055 	 95
1788204685846 	 610 	 200 	 1056 	 94
1788204685758 	 778 	 200 	 1057 	 99
1788204685958 	 594 	 200 	 1058 	 101
1788204686459 	 98 	 200 	 1059 	 100
1788204686451 	 116 	 200 	 1060 	 99
1788204686154 	 480 	 200 	 1061 	 99
1788204686540 	 114 	 200 	 1062 	 100
1788204685866 	 875 	 200 	 1063 	 102
1788204686554 	 191 	 200 	 1064 	 101
1788204686041 	 717 	 200 	 1065 	 100
1788204686296 	 463 	 200 	 1066 	 99
1788204686570 	 265 	 200 	 1067 	 103
1788204686657 	 191 	 200 	 1068 	 102
1788204686637 	 214 	 200 	 1069 	 101
1788204686748 	 191 	 200 	 1070 	 103
1788204686761 	 182 	 200 	 1071 	 102
1788204686255 	 692 	 200 	 1072 	 101
1788204686449 	 510 	 200 	 1073 	 100
1788204685854 	 1106 	 200 	 1074 	 99
1788204686761 	 277 	 200 	 1075 	 104
1788204686837 	 204 	 200 	 1076 	 103
1788204686851 	 195 	 200 	 1077 	 102
1788204686744 	 304 	 200 	 1078 	 101
1788204686962 	 102 	 200 	 1079 	 100
1788204686560 	 573 	 200 	 1080 	 105
1788204686966 	 173 	 200 	 1081 	 104
1788204686455 	 692 	 200 	 1082 	 103
1788204686462 	 691 	 200 	 1083 	 102
1788204687043 	 117 	 200 	 1084 	 101
1788204687043 	 196 	 200 	 1085 	 104
1788204687067 	 175 	 200 	 1086 	 103
1788204686950 	 298 	 200 	 1087 	 102
1788204685747 	 1507 	 200 	 1088 	 101
1788204687135 	 124 	 200 	 1089 	 100
1788204687149 	 185 	 200 	 1090 	 101
1788204687250 	 84 	 200 	 1091 	 100
1788204687142 	 193 	 200 	 1092 	 99
1788204687163 	 176 	 200 	 1093 	 98
1788204686945 	 398 	 200 	 1094 	 97
1788204687155 	 205 	 200 	 1095 	 97
1788204687257 	 106 	 200 	 1096 	 96
1788204687260 	 186 	 200 	 1097 	 101
1788204687337 	 112 	 200 	 1098 	 100
1788204686854 	 598 	 200 	 1099 	 99
1788204687337 	 118 	 200 	 1100 	 98
1788204687341 	 117 	 200 	 1101 	 97
1788204687365 	 95 	 200 	 1102 	 96
1788204687449 	 93 	 200 	 1103 	 98
1788204687362 	 184 	 200 	 1104 	 97
1788204687245 	 306 	 200 	 1105 	 97
1788204687051 	 500 	 200 	 1106 	 97
1788204687454 	 187 	 200 	 1107 	 103
1788204687241 	 418 	 200 	 1108 	 103
1788204686941 	 720 	 200 	 1109 	 102
1788204687349 	 387 	 200 	 1110 	 106
1788204687554 	 203 	 200 	 1111 	 107
1788204687337 	 420 	 200 	 1112 	 106
1788204687464 	 377 	 200 	 1113 	 110
1788204687047 	 798 	 200 	 1114 	 109
1788204687451 	 398 	 200 	 1115 	 109
1788204687760 	 180 	 200 	 1116 	 113
1788204687558 	 486 	 200 	 1117 	 119
1788204687945 	 151 	 200 	 1118 	 119
1788204687663 	 435 	 200 	 1119 	 118
1788204687462 	 680 	 200 	 1120 	 120
1788204687847 	 300 	 200 	 1121 	 119
1788204687643 	 508 	 200 	 1122 	 119
1788204687739 	 411 	 200 	 1123 	 118
1788204687843 	 322 	 200 	 1124 	 117
1788204688099 	 99 	 200 	 1125 	 118
1788204688201 	 47 	 200 	 1126 	 117
1788204687544 	 751 	 200 	 1127 	 119
1788204687549 	 804 	 200 	 1128 	 119
1788204688102 	 254 	 200 	 1129 	 118
1788204687851 	 544 	 200 	 1130 	 121
1788204687760 	 690 	 200 	 1131 	 124
1788204688249 	 246 	 200 	 1132 	 125
1788204688156 	 340 	 200 	 1133 	 124
1788204688168 	 372 	 200 	 1134 	 125
1788204688498 	 64 	 200 	 1135 	 128
1788204687661 	 933 	 200 	 1136 	 128
1788204688145 	 448 	 200 	 1137 	 127
1788204688564 	 82 	 200 	 1138 	 129
1788204688596 	 57 	 200 	 1139 	 128
1788204688047 	 648 	 200 	 1140 	 132
1788204688298 	 498 	 200 	 1141 	 138
1788204688398 	 440 	 200 	 1142 	 137
1788204688647 	 199 	 200 	 1143 	 136
1788204688655 	 198 	 200 	 1144 	 135
1788204688543 	 356 	 200 	 1145 	 137
1788204688149 	 790 	 200 	 1146 	 142
1788204684135 	 4821 	 200 	 1147 	 142
1788204688358 	 603 	 200 	 1148 	 141
1788204688497 	 504 	 200 	 1149 	 143
1788204688854 	 185 	 200 	 1150 	 143
1788204688849 	 194 	 200 	 1151 	 142
1788204688154 	 894 	 200 	 1152 	 142
1788204688355 	 699 	 200 	 1153 	 142
1788204688901 	 160 	 200 	 1154 	 143
1788204688797 	 336 	 200 	 1155 	 145
1788204688453 	 680 	 200 	 1156 	 144
1788204688596 	 539 	 200 	 1157 	 143
1788204688697 	 449 	 200 	 1158 	 142
1788204689041 	 108 	 200 	 1159 	 141
1788204688841 	 312 	 200 	 1160 	 140
1788204688959 	 285 	 200 	 1161 	 147
1788204689056 	 189 	 200 	 1162 	 146
1788204689051 	 201 	 200 	 1163 	 145
1788204688942 	 314 	 200 	 1164 	 144
1788204689044 	 223 	 200 	 1165 	 144
1788204689247 	 190 	 200 	 1166 	 151
1788204689137 	 413 	 200 	 1167 	 153
1788204689135 	 419 	 200 	 1168 	 152
1788204689063 	 492 	 200 	 1169 	 151
1788204689002 	 557 	 200 	 1170 	 151
1788204689135 	 503 	 200 	 1171 	 156
1788204689154 	 484 	 200 	 1172 	 155
1788204689255 	 388 	 200 	 1173 	 154
1788204688963 	 779 	 200 	 1174 	 166
1788204689269 	 480 	 200 	 1175 	 165
1788204689440 	 399 	 200 	 1176 	 168
1788204689150 	 693 	 200 	 1177 	 167
1788204689558 	 287 	 200 	 1178 	 166
1788204689557 	 302 	 200 	 1179 	 168
1788204689148 	 715 	 200 	 1180 	 167
1788204689250 	 615 	 200 	 1181 	 166
1788204689259 	 736 	 200 	 1182 	 173
1788204689561 	 482 	 200 	 1183 	 173
1788204689840 	 207 	 200 	 1184 	 172
1788204689641 	 408 	 200 	 1185 	 171
1788204689552 	 501 	 200 	 1186 	 170
1788204689645 	 451 	 200 	 1187 	 170
1788204687459 	 2673 	 200 	 1188 	 171
1788204689848 	 304 	 200 	 1189 	 171
1788204689745 	 406 	 200 	 1190 	 170
1788204689752 	 407 	 200 	 1191 	 170
1788204690053 	 106 	 200 	 1192 	 169
1788204690046 	 194 	 200 	 1193 	 173
1788204690056 	 187 	 200 	 1194 	 172
1788204689844 	 406 	 200 	 1195 	 171
1788204690155 	 100 	 200 	 1196 	 170
1788204690134 	 164 	 200 	 1197 	 171
1788204690164 	 174 	 200 	 1198 	 175
1788204690158 	 185 	 200 	 1199 	 175
1788204690098 	 251 	 200 	 1200 	 174
1788204690252 	 102 	 200 	 1201 	 173
1788204690258 	 108 	 200 	 1202 	 173
1788204690245 	 194 	 200 	 1203 	 174
1788204690049 	 393 	 200 	 1204 	 173
1788204690162 	 333 	 200 	 1205 	 177
1788204689997 	 542 	 200 	 1206 	 179
1788204690345 	 194 	 200 	 1207 	 178
1788204690299 	 250 	 200 	 1208 	 178
1788204690243 	 312 	 200 	 1209 	 177
1788204689868 	 693 	 200 	 1210 	 176
1788204690352 	 210 	 200 	 1211 	 175
1788204690357 	 276 	 200 	 1212 	 178
1788204689641 	 1000 	 200 	 1213 	 177
1788204690497 	 152 	 200 	 1214 	 176
1788204690367 	 286 	 200 	 1215 	 175
1788204690445 	 211 	 200 	 1216 	 174
1788204690340 	 318 	 200 	 1217 	 173
1788204690541 	 197 	 200 	 1218 	 177
1788204690556 	 188 	 200 	 1219 	 176
1788204690551 	 196 	 200 	 1220 	 175
1788204689861 	 904 	 200 	 1221 	 174
1788204690440 	 407 	 200 	 1222 	 176
1788204690643 	 208 	 200 	 1223 	 175
1788204690651 	 203 	 200 	 1224 	 174
1788204689865 	 993 	 200 	 1225 	 173
1788204690662 	 273 	 200 	 1226 	 178
1788204690656 	 288 	 200 	 1227 	 178
1788204690660 	 284 	 200 	 1228 	 177
1788204690746 	 200 	 200 	 1229 	 176
1788204690634 	 318 	 200 	 1230 	 175
1788204690741 	 219 	 200 	 1231 	 174
1788204690567 	 465 	 200 	 1232 	 173
1788204690849 	 184 	 200 	 1233 	 172
1788204690750 	 290 	 200 	 1234 	 171
1788204690853 	 188 	 200 	 1235 	 170
1788204690937 	 114 	 200 	 1236 	 169
1788204690946 	 104 	 200 	 1237 	 168
1788204684539 	 6594 	 200 	 1238 	 170
1788204690544 	 589 	 200 	 1239 	 169
1788204690767 	 369 	 200 	 1240 	 168
1788204690946 	 197 	 200 	 1241 	 168
1788204690949 	 198 	 200 	 1242 	 167
1788204690565 	 585 	 200 	 1243 	 166
1788204691046 	 187 	 200 	 1244 	 168
1788204690954 	 282 	 200 	 1245 	 167
1788204691054 	 186 	 200 	 1246 	 166
1788204690857 	 398 	 200 	 1247 	 168
1788204691145 	 149 	 200 	 1248 	 170
1788204690860 	 478 	 200 	 1249 	 174
1788204691135 	 219 	 200 	 1250 	 174
1788204691148 	 210 	 200 	 1251 	 173
1788204690963 	 399 	 200 	 1252 	 173
1788204691138 	 227 	 200 	 1253 	 172
1788204691257 	 97 	 200 	 1254 	 171
1788204691044 	 319 	 200 	 1255 	 170
1788204691038 	 326 	 200 	 1256 	 169
1788204691296 	 79 	 200 	 1257 	 170
1788204691235 	 209 	 200 	 1258 	 173
1788204691052 	 395 	 200 	 1259 	 172
1788204691340 	 113 	 200 	 1260 	 171
1788204691136 	 399 	 200 	 1261 	 176
1788204691152 	 403 	 200 	 1262 	 176
1788204691242 	 311 	 200 	 1263 	 175
1788204691374 	 180 	 200 	 1264 	 175
1788204691379 	 256 	 200 	 1265 	 176
1788204691368 	 287 	 200 	 1266 	 177
1788204691238 	 420 	 200 	 1267 	 176
1788204691372 	 361 	 200 	 1268 	 181
1788204691370 	 365 	 200 	 1269 	 180
1788204691036 	 700 	 200 	 1270 	 179
1788204691449 	 295 	 200 	 1271 	 178
1788204691557 	 198 	 200 	 1272 	 179
1788204691445 	 313 	 200 	 1273 	 178
1788204691357 	 405 	 200 	 1274 	 177
1788204691560 	 274 	 200 	 1275 	 181
1788204691638 	 196 	 200 	 1276 	 180
1788204691562 	 279 	 200 	 1277 	 180
1788204691660 	 186 	 200 	 1278 	 179
1788204691747 	 185 	 200 	 1279 	 179
1788204691737 	 197 	 200 	 1280 	 178
1788204691758 	 180 	 200 	 1281 	 177
1788204691735 	 204 	 200 	 1282 	 176
1788204691537 	 403 	 200 	 1283 	 175
1788204691657 	 282 	 200 	 1284 	 174
1788204691737 	 202 	 200 	 1285 	 173
1788204691455 	 487 	 200 	 1286 	 172
1788204691377 	 573 	 200 	 1287 	 171
1788204691361 	 592 	 200 	 1288 	 170
1788204691764 	 195 	 200 	 1289 	 172
1788204691938 	 66 	 200 	 1290 	 173
1788204691761 	 274 	 200 	 1291 	 172
1788204691939 	 97 	 200 	 1292 	 171
1788204691837 	 201 	 200 	 1293 	 170
1788204691844 	 193 	 200 	 1294 	 169
1788204691836 	 201 	 200 	 1295 	 168
1788204691952 	 164 	 200 	 1296 	 170
1788204691944 	 179 	 200 	 1297 	 169
1788204691957 	 176 	 200 	 1298 	 170
1788204691849 	 283 	 200 	 1299 	 169
1788204691936 	 200 	 200 	 1300 	 168
1788204691946 	 193 	 200 	 1301 	 168
1788204691948 	 252 	 200 	 1302 	 169
1788204692041 	 204 	 200 	 1303 	 169
1788204692147 	 115 	 200 	 1304 	 169
1788204691942 	 390 	 200 	 1305 	 171
1788204692201 	 149 	 200 	 1306 	 170
1788204692036 	 323 	 200 	 1307 	 171
1788204692040 	 322 	 200 	 1308 	 171
1788204692043 	 320 	 200 	 1309 	 170
1788204691942 	 420 	 200 	 1310 	 169
1788204692138 	 317 	 200 	 1311 	 172
1788204692246 	 215 	 200 	 1312 	 171
1788204692038 	 422 	 200 	 1313 	 170
1788204692136 	 327 	 200 	 1314 	 169
1788204692264 	 196 	 200 	 1315 	 168
1788204692371 	 172 	 200 	 1316 	 169
1788204691962 	 590 	 200 	 1317 	 169
1788204692125 	 443 	 200 	 1318 	 171
1788204692352 	 288 	 200 	 1319 	 177
1788204692134 	 507 	 200 	 1320 	 176
1788204692368 	 275 	 200 	 1321 	 175
1788204692463 	 188 	 200 	 1322 	 175
1788204692555 	 110 	 200 	 1323 	 175
1788204692546 	 197 	 200 	 1324 	 177
1788204692468 	 288 	 200 	 1325 	 177
1788204692457 	 303 	 200 	 1326 	 177
1788204692466 	 295 	 200 	 1327 	 176
1788204692125 	 818 	 200 	 1328 	 185
1788204692643 	 306 	 200 	 1329 	 184
1788204692361 	 592 	 200 	 1330 	 183
1788204692570 	 394 	 200 	 1331 	 184
1788204692646 	 319 	 200 	 1332 	 183
1788204692659 	 313 	 200 	 1333 	 183
1788204692746 	 286 	 200 	 1334 	 185
1788204692345 	 705 	 200 	 1335 	 184
1788204692464 	 673 	 200 	 1336 	 188
1788204692005 	 1130 	 200 	 1337 	 187
1788204692758 	 377 	 200 	 1338 	 186
1788204692366 	 769 	 200 	 1339 	 185
1788204692667 	 479 	 200 	 1340 	 184
1788204692945 	 203 	 200 	 1341 	 183
1788204692968 	 193 	 200 	 1342 	 182
1788204692764 	 396 	 200 	 1343 	 181
1788204692763 	 476 	 200 	 1344 	 186
1788204693142 	 108 	 200 	 1345 	 186
1788204693052 	 202 	 200 	 1346 	 185
1788204692642 	 711 	 200 	 1347 	 187
1788204693139 	 218 	 200 	 1348 	 187
1788204693035 	 324 	 200 	 1349 	 186
1788204692950 	 413 	 200 	 1350 	 185
1788204692955 	 410 	 200 	 1351 	 185
1788204693163 	 280 	 200 	 1352 	 187
1788204693158 	 288 	 200 	 1353 	 187
1788204693145 	 303 	 200 	 1354 	 186
1788204692975 	 471 	 200 	 1355 	 185
1788204693257 	 201 	 200 	 1356 	 184
1788204693253 	 215 	 200 	 1357 	 184
1788204693166 	 373 	 200 	 1358 	 191
1788204693244 	 297 	 200 	 1359 	 190
1788204693154 	 386 	 200 	 1360 	 189
1788204693366 	 183 	 200 	 1361 	 188
1788204693446 	 190 	 200 	 1362 	 190
1788204693454 	 185 	 200 	 1363 	 189
1788204693369 	 281 	 200 	 1364 	 189
1788204693360 	 399 	 200 	 1365 	 194
1788204693363 	 395 	 200 	 1366 	 193
1788204693457 	 302 	 200 	 1367 	 192
1788204693356 	 489 	 200 	 1368 	 196
1788204693149 	 788 	 200 	 1369 	 198
1788204693545 	 412 	 200 	 1370 	 199
1788204693652 	 306 	 200 	 1371 	 198
1788204693461 	 497 	 200 	 1372 	 197
1788204693542 	 423 	 200 	 1373 	 196
1788204693471 	 578 	 200 	 1374 	 201
1788204693637 	 419 	 200 	 1375 	 200
1788204693450 	 693 	 200 	 1376 	 203
1788204693763 	 382 	 200 	 1377 	 202
1788204693961 	 186 	 200 	 1378 	 201
1788204693544 	 611 	 200 	 1379 	 201
1788204693642 	 517 	 200 	 1380 	 201
1788204693551 	 613 	 200 	 1381 	 200
1788204693766 	 481 	 200 	 1382 	 200
1788204693769 	 485 	 200 	 1383 	 200
1788204693963 	 299 	 200 	 1384 	 199
1788204693964 	 371 	 200 	 1385 	 202
1788204693942 	 393 	 200 	 1386 	 201
1788204694148 	 298 	 200 	 1387 	 209
1788204694249 	 202 	 200 	 1388 	 208
1788204694167 	 300 	 200 	 1389 	 207
1788204694162 	 378 	 200 	 1390 	 212
1788204694151 	 395 	 200 	 1391 	 211
1788204694157 	 393 	 200 	 1392 	 210
1788204694147 	 397 	 200 	 1393 	 209
1788204694337 	 305 	 200 	 1394 	 211
1788204693967 	 679 	 200 	 1395 	 211
1788204693849 	 796 	 200 	 1396 	 210
1788204694052 	 607 	 200 	 1397 	 209
1788204694548 	 118 	 200 	 1398 	 208
1788204694469 	 278 	 200 	 1399 	 212
1788204694554 	 198 	 200 	 1400 	 211
1788204694337 	 417 	 200 	 1401 	 210
1788204694455 	 302 	 200 	 1402 	 209
1788204694059 	 778 	 200 	 1403 	 210
1788204694449 	 388 	 200 	 1404 	 209
1788204694650 	 193 	 200 	 1405 	 208
1788204694553 	 298 	 200 	 1406 	 207
1788204694755 	 104 	 200 	 1407 	 206
1788204694762 	 108 	 200 	 1408 	 207
1788204694669 	 279 	 200 	 1409 	 213
1788204694264 	 689 	 200 	 1410 	 213
1788204694751 	 207 	 200 	 1411 	 212
1788204694645 	 317 	 200 	 1412 	 211
1788204694544 	 422 	 200 	 1413 	 210
1788204694873 	 285 	 200 	 1414 	 221
1788204694844 	 314 	 200 	 1415 	 220
1788204694866 	 296 	 200 	 1416 	 219
1788204694257 	 910 	 200 	 1417 	 218
1788204694647 	 514 	 200 	 1418 	 217
1788204694957 	 276 	 200 	 1419 	 221
1788204694840 	 399 	 200 	 1420 	 220
1788204694950 	 293 	 200 	 1421 	 220
1788204694969 	 281 	 200 	 1422 	 219
1788204694841 	 414 	 200 	 1423 	 218
1788204695172 	 162 	 200 	 1424 	 219
1788204694960 	 375 	 200 	 1425 	 218
1788204695169 	 174 	 200 	 1426 	 220
1788204695161 	 190 	 200 	 1427 	 219
1788204695171 	 262 	 200 	 1428 	 220
1788204694757 	 683 	 200 	 1429 	 220
1788204695241 	 202 	 200 	 1430 	 219
1788204695248 	 204 	 200 	 1431 	 218
1788204695353 	 107 	 200 	 1432 	 217
1788204694856 	 608 	 200 	 1433 	 216
1788204695340 	 210 	 200 	 1434 	 216
1788204695444 	 118 	 200 	 1435 	 215
1788204695253 	 310 	 200 	 1436 	 214
1788204695165 	 401 	 200 	 1437 	 214
1788204695257 	 390 	 200 	 1438 	 218
1788204695337 	 314 	 200 	 1439 	 217
1788204695442 	 223 	 200 	 1440 	 217
1788204695463 	 285 	 200 	 1441 	 218
1788204694963 	 793 	 200 	 1442 	 218
1788204694662 	 1105 	 200 	 1443 	 217
1788204695344 	 426 	 200 	 1444 	 217
1788204695434 	 409 	 200 	 1445 	 219
1788204695666 	 181 	 200 	 1446 	 218
1788204695565 	 285 	 200 	 1447 	 217
1788204695571 	 288 	 200 	 1448 	 216
1788204695552 	 311 	 200 	 1449 	 215
1788204695773 	 160 	 200 	 1450 	 220
1788204695649 	 288 	 200 	 1451 	 219
1788204695653 	 287 	 200 	 1452 	 218
1788204695770 	 175 	 200 	 1453 	 217
1788204695850 	 209 	 200 	 1454 	 218
1788204695856 	 243 	 200 	 1455 	 218
1788204695940 	 159 	 200 	 1456 	 217
1788204695844 	 312 	 200 	 1457 	 217
1788204695468 	 692 	 200 	 1458 	 216
1788204695862 	 380 	 200 	 1459 	 218
1788204695236 	 1015 	 200 	 1460 	 217
1788204695947 	 306 	 200 	 1461 	 216
1788204695935 	 333 	 200 	 1462 	 217
1788204695943 	 402 	 200 	 1463 	 222
1788204695566 	 795 	 200 	 1464 	 221
1788204695867 	 571 	 200 	 1465 	 226
1788204696162 	 279 	 200 	 1466 	 225
1788204695759 	 681 	 200 	 1467 	 224
1788204696246 	 204 	 200 	 1468 	 224
1788204696363 	 94 	 200 	 1469 	 223
1788204696062 	 400 	 200 	 1470 	 222
1788204696102 	 364 	 200 	 1471 	 222
1788204696102 	 366 	 200 	 1472 	 221
1788204696158 	 316 	 200 	 1473 	 220
1788204695750 	 791 	 200 	 1474 	 221
1788204696271 	 276 	 200 	 1475 	 220
1788204695455 	 1096 	 200 	 1476 	 219
1788204696444 	 191 	 200 	 1477 	 227
1788204696256 	 379 	 200 	 1478 	 226
1788204696440 	 206 	 200 	 1479 	 227
1788204696443 	 208 	 200 	 1480 	 227
1788204696252 	 489 	 200 	 1481 	 233
1788204696348 	 403 	 200 	 1482 	 232
1788204696459 	 386 	 200 	 1483 	 236
1788204696469 	 426 	 200 	 1484 	 237
1788204696637 	 308 	 200 	 1485 	 241
1788204696476 	 478 	 200 	 1486 	 240
1788204696471 	 487 	 200 	 1487 	 239
1788204696454 	 504 	 200 	 1488 	 238
1788204696544 	 419 	 200 	 1489 	 237
1788204696553 	 488 	 200 	 1490 	 239
1788204696550 	 493 	 200 	 1491 	 238
1788204696649 	 395 	 200 	 1492 	 237
1788204696849 	 195 	 200 	 1493 	 236
1788204696754 	 295 	 200 	 1494 	 235
1788204696897 	 151 	 200 	 1495 	 234
1788204696653 	 401 	 200 	 1496 	 233
1788204696964 	 92 	 200 	 1497 	 233
1788204696464 	 672 	 200 	 1498 	 234
1788204696961 	 193 	 200 	 1499 	 234
1788204696637 	 520 	 200 	 1500 	 233
1788204696967 	 198 	 200 	 1501 	 232
1788204697045 	 192 	 200 	 1502 	 235
1788204697046 	 195 	 200 	 1503 	 235
1788204697047 	 199 	 200 	 1504 	 234
1788204696745 	 513 	 200 	 1505 	 234
1788204697240 	 108 	 200 	 1506 	 237
1788204697052 	 307 	 200 	 1507 	 237
1788204696957 	 404 	 200 	 1508 	 236
1788204697246 	 121 	 200 	 1509 	 235
1788204697059 	 310 	 200 	 1510 	 234
1788204697057 	 311 	 200 	 1511 	 233
1788204697167 	 274 	 200 	 1512 	 235
1788204697373 	 171 	 200 	 1513 	 238
1788204697350 	 201 	 200 	 1514 	 237
1788204697139 	 418 	 200 	 1515 	 236
1788204697051 	 511 	 200 	 1516 	 235
1788204696949 	 615 	 200 	 1517 	 234
1788204697375 	 193 	 200 	 1518 	 233
1788204697158 	 485 	 200 	 1519 	 233
1788204697049 	 602 	 200 	 1520 	 232
1788204697555 	 194 	 200 	 1521 	 238
1788204697161 	 594 	 200 	 1522 	 237
1788204697547 	 296 	 200 	 1523 	 242
1788204697567 	 279 	 200 	 1524 	 241
1788204697364 	 486 	 200 	 1525 	 240
1788204697653 	 212 	 200 	 1526 	 239
1788204697443 	 505 	 200 	 1527 	 240
1788204697573 	 379 	 200 	 1528 	 239
1788204697570 	 382 	 200 	 1529 	 238
1788204697751 	 289 	 200 	 1530 	 240
1788204697852 	 289 	 200 	 1531 	 247
1788204697361 	 785 	 200 	 1532 	 246
1788204697248 	 904 	 200 	 1533 	 245
1788204697955 	 212 	 200 	 1534 	 245
1788204697849 	 393 	 200 	 1535 	 244
1788204698043 	 203 	 200 	 1536 	 243
1788204697950 	 302 	 200 	 1537 	 242
1788204697845 	 411 	 200 	 1538 	 241
1788204697756 	 502 	 200 	 1539 	 240
1788204698153 	 111 	 200 	 1540 	 239
1788204697261 	 1005 	 200 	 1541 	 238
1788204698169 	 167 	 200 	 1542 	 245
1788204697646 	 700 	 200 	 1543 	 245
1788204697868 	 483 	 200 	 1544 	 244
1788204697957 	 397 	 200 	 1545 	 243
1788204698148 	 213 	 200 	 1546 	 242
1788204697370 	 1062 	 200 	 1547 	 244
1788204698145 	 306 	 200 	 1548 	 245
1788204698259 	 191 	 200 	 1549 	 244
1788204698248 	 207 	 200 	 1550 	 243
1788204698353 	 185 	 200 	 1551 	 247
1788204698244 	 298 	 200 	 1552 	 246
1788204698434 	 116 	 200 	 1553 	 245
1788204698255 	 305 	 200 	 1554 	 245
1788204697559 	 1004 	 200 	 1555 	 246
1788204698456 	 109 	 200 	 1556 	 245
1788204698261 	 306 	 200 	 1557 	 244
1788204698461 	 174 	 200 	 1558 	 252
1788204698269 	 392 	 200 	 1559 	 252
1788204698338 	 411 	 200 	 1560 	 263
1788204698364 	 398 	 200 	 1561 	 262
1788204698544 	 222 	 200 	 1562 	 261
1788204698358 	 409 	 200 	 1563 	 260
1788204698459 	 383 	 200 	 1564 	 264
1788204698552 	 309 	 200 	 1565 	 265
1788204698541 	 322 	 200 	 1566 	 264
1788204698663 	 202 	 200 	 1567 	 263
1788204698349 	 592 	 200 	 1568 	 264
1788204698637 	 305 	 200 	 1569 	 263
1788204698769 	 181 	 200 	 1570 	 262
1788204698567 	 388 	 200 	 1571 	 262
1788204698272 	 775 	 200 	 1572 	 264
1788204698869 	 183 	 200 	 1573 	 263
1788204698764 	 292 	 200 	 1574 	 262
1788204698845 	 296 	 200 	 1575 	 265
1788204698867 	 273 	 200 	 1576 	 264
1788204698562 	 579 	 200 	 1577 	 263
1788204698953 	 191 	 200 	 1578 	 262
1788204699049 	 108 	 200 	 1579 	 262
1788204698948 	 291 	 200 	 1580 	 265
1788204698573 	 670 	 200 	 1581 	 264
1788204698865 	 396 	 200 	 1582 	 263
1788204699146 	 116 	 200 	 1583 	 262
1788204699161 	 182 	 200 	 1584 	 264
1788204699055 	 296 	 200 	 1585 	 263
1788204699145 	 216 	 200 	 1586 	 263
1788204699246 	 124 	 200 	 1587 	 263
1788204699266 	 174 	 200 	 1588 	 269
1788204698752 	 699 	 200 	 1589 	 269
1788204699142 	 317 	 200 	 1590 	 268
1788204698570 	 892 	 200 	 1591 	 267
1788204698945 	 520 	 200 	 1592 	 266
1788204698769 	 779 	 200 	 1593 	 270
1788204699346 	 209 	 200 	 1594 	 269
1788204699059 	 500 	 200 	 1595 	 268
1788204699371 	 187 	 200 	 1596 	 267
1788204699463 	 176 	 200 	 1597 	 272
1788204698958 	 685 	 200 	 1598 	 271
1788204699441 	 208 	 200 	 1599 	 270
1788204699454 	 198 	 200 	 1600 	 269
1788204699241 	 419 	 200 	 1601 	 269
1788204699557 	 106 	 200 	 1602 	 268
1788204699362 	 373 	 200 	 1603 	 267
1788204699468 	 271 	 200 	 1604 	 269
1788204699142 	 604 	 200 	 1605 	 268
1788204699354 	 391 	 200 	 1606 	 267
1788204699465 	 496 	 200 	 1607 	 281
1788204699662 	 383 	 200 	 1608 	 287
1788204699737 	 312 	 200 	 1609 	 286
1788204699645 	 403 	 200 	 1610 	 286
1788204699650 	 403 	 200 	 1611 	 285
1788204699552 	 502 	 200 	 1612 	 284
1788204699666 	 397 	 200 	 1613 	 284
1788204699654 	 415 	 200 	 1614 	 283
1788204699642 	 507 	 200 	 1615 	 288
1788204699264 	 890 	 200 	 1616 	 287
1788204699748 	 486 	 200 	 1617 	 291
1788204700047 	 196 	 200 	 1618 	 291
1788204700057 	 192 	 200 	 1619 	 290
1788204700061 	 205 	 200 	 1620 	 289
1788204700236 	 32 	 200 	 1621 	 288
1788204699742 	 598 	 200 	 1622 	 289
1788204699564 	 786 	 200 	 1623 	 288
1788204700066 	 293 	 200 	 1624 	 288
1788204699561 	 797 	 200 	 1625 	 287
1788204699752 	 704 	 200 	 1626 	 292
1788204700072 	 385 	 200 	 1627 	 291
1788204700052 	 488 	 200 	 1628 	 300
1788204700270 	 272 	 200 	 1629 	 299
1788204700246 	 305 	 200 	 1630 	 299
1788204700269 	 374 	 200 	 1631 	 305
1788204700461 	 190 	 200 	 1632 	 304
1788204700362 	 292 	 200 	 1633 	 303
1788204699963 	 695 	 200 	 1634 	 302
1788204700459 	 299 	 200 	 1635 	 304
1788204700552 	 206 	 200 	 1636 	 303
1788204700546 	 218 	 200 	 1637 	 302
1788204700253 	 597 	 200 	 1638 	 303
1788204700057 	 798 	 200 	 1639 	 302
1788204700543 	 316 	 200 	 1640 	 302
1788204700364 	 495 	 200 	 1641 	 301
1788204700652 	 293 	 200 	 1642 	 302
1788204700156 	 792 	 200 	 1643 	 301
1788204700853 	 99 	 200 	 1644 	 300
1788204700343 	 612 	 200 	 1645 	 299
1788204700761 	 201 	 200 	 1646 	 298
1788204700767 	 196 	 200 	 1647 	 297
1788204700763 	 199 	 200 	 1648 	 298
1788204700354 	 613 	 200 	 1649 	 297
1788204700857 	 116 	 200 	 1650 	 296
1788204700152 	 891 	 200 	 1651 	 299
1788204700661 	 472 	 200 	 1652 	 304
1788204700657 	 477 	 200 	 1653 	 303
1788204700648 	 492 	 200 	 1654 	 302
1788204692968 	 8174 	 200 	 1655 	 301
1788204700957 	 200 	 200 	 1656 	 301
1788204700862 	 299 	 200 	 1657 	 300
1788204700955 	 294 	 200 	 1658 	 301
1788204701045 	 203 	 200 	 1659 	 300
1788204701136 	 195 	 200 	 1660 	 303
1788204700951 	 385 	 200 	 1661 	 302
1788204700964 	 382 	 200 	 1662 	 301
1788204700976 	 462 	 200 	 1663 	 305
1788204701164 	 284 	 200 	 1664 	 304
1788204701159 	 390 	 200 	 1665 	 308
1788204701147 	 404 	 200 	 1666 	 307
1788204701253 	 305 	 200 	 1667 	 306
1788204701252 	 304 	 200 	 1668 	 305
1788204701341 	 302 	 200 	 1669 	 309
1788204701553 	 189 	 200 	 1670 	 311
1788204701450 	 297 	 200 	 1671 	 311
1788204700864 	 895 	 200 	 1672 	 310
1788204701338 	 430 	 200 	 1673 	 309
1788204701561 	 287 	 200 	 1674 	 310
1788204701440 	 416 	 200 	 1675 	 309
1788204700971 	 887 	 200 	 1676 	 308
1788204701557 	 309 	 200 	 1677 	 307
1788204701352 	 509 	 200 	 1678 	 306
1788204700968 	 902 	 200 	 1679 	 305
1788204701143 	 796 	 200 	 1680 	 305
1788204701645 	 295 	 200 	 1681 	 304
1788204701137 	 806 	 200 	 1682 	 303
1788204701770 	 180 	 200 	 1683 	 302
1788204701746 	 213 	 200 	 1684 	 301
1788204701763 	 197 	 200 	 1685 	 300
1788204700966 	 1068 	 200 	 1686 	 300
1788204701851 	 190 	 200 	 1687 	 299
1788204700947 	 1107 	 200 	 1688 	 299
1788204701563 	 570 	 200 	 1689 	 302
1788204701943 	 197 	 200 	 1690 	 301
1788204701750 	 393 	 200 	 1691 	 300
1788204701865 	 282 	 200 	 1692 	 299
1788204701869 	 270 	 200 	 1693 	 298
1788204701942 	 294 	 200 	 1694 	 301
1788204701874 	 374 	 200 	 1695 	 302
1788204701945 	 308 	 200 	 1696 	 301
1788204701953 	 304 	 200 	 1697 	 300
1788204702036 	 226 	 200 	 1698 	 299
1788204701965 	 370 	 200 	 1699 	 301
1788204701870 	 476 	 200 	 1700 	 301
1788204702136 	 297 	 200 	 1701 	 306
1788204702153 	 297 	 200 	 1702 	 306
1788204702260 	 194 	 200 	 1703 	 305
1788204701962 	 493 	 200 	 1704 	 304
1788204702150 	 312 	 200 	 1705 	 304
1788204702349 	 146 	 200 	 1706 	 303
1788204702056 	 486 	 200 	 1707 	 306
1788204702337 	 218 	 200 	 1708 	 305
1788204702237 	 323 	 200 	 1709 	 304
1788204702043 	 519 	 200 	 1710 	 303
1788204702254 	 392 	 200 	 1711 	 310
1788204702250 	 396 	 200 	 1712 	 309
1788204702142 	 517 	 200 	 1713 	 308
1788204702461 	 298 	 200 	 1714 	 310
1788204702435 	 416 	 200 	 1715 	 316
1788204702264 	 593 	 200 	 1716 	 316
1788204701858 	 1004 	 200 	 1717 	 315
1788204702562 	 379 	 200 	 1718 	 314
1788204702465 	 494 	 200 	 1719 	 313
1788204702760 	 200 	 200 	 1720 	 313
1788204702497 	 467 	 200 	 1721 	 312
1788204702557 	 410 	 200 	 1722 	 313
1788204702146 	 893 	 200 	 1723 	 317
1788204702648 	 390 	 200 	 1724 	 316
1788204702867 	 173 	 200 	 1725 	 315
1788204702565 	 481 	 200 	 1726 	 314
1788204702966 	 89 	 200 	 1727 	 313
1788204702943 	 190 	 200 	 1728 	 315
1788204702962 	 184 	 200 	 1729 	 314
1788204702452 	 699 	 200 	 1730 	 313
1788204702546 	 619 	 200 	 1731 	 313
1788204702661 	 532 	 200 	 1732 	 313
1788204703041 	 200 	 200 	 1733 	 314
1788204703049 	 190 	 200 	 1734 	 313
1788204702652 	 591 	 200 	 1735 	 312
1788204702853 	 502 	 200 	 1736 	 313
1788204702965 	 473 	 200 	 1737 	 318
1788204703242 	 216 	 200 	 1738 	 318
1788204703246 	 298 	 200 	 1739 	 322
1788204703058 	 490 	 200 	 1740 	 321
1788204703442 	 119 	 200 	 1741 	 322
1788204702970 	 680 	 200 	 1742 	 325
1788204703135 	 520 	 200 	 1743 	 324
1788204703149 	 513 	 200 	 1744 	 323
1788204703549 	 195 	 200 	 1745 	 327
1788204703564 	 181 	 200 	 1746 	 326
1788204703042 	 710 	 200 	 1747 	 325
1788204702458 	 1308 	 200 	 1748 	 325
1788204703546 	 307 	 200 	 1749 	 331
1788204703154 	 706 	 200 	 1750 	 331
1788204703358 	 505 	 200 	 1751 	 330
1788204703653 	 292 	 200 	 1752 	 332
1788204703196 	 755 	 200 	 1753 	 332
1788204703664 	 287 	 200 	 1754 	 331
1788204703459 	 497 	 200 	 1755 	 330
1788204703168 	 794 	 200 	 1756 	 329
1788204703245 	 722 	 200 	 1757 	 328
1788204703754 	 300 	 200 	 1758 	 334
1788204703657 	 442 	 200 	 1759 	 337
1788204703748 	 352 	 200 	 1760 	 336
1788204703769 	 376 	 200 	 1761 	 335
1788204703964 	 187 	 200 	 1762 	 334
1788204704103 	 59 	 200 	 1763 	 333
1788204704101 	 65 	 200 	 1764 	 333
1788204703862 	 377 	 200 	 1765 	 335
1788204703747 	 491 	 200 	 1766 	 334
1788204703968 	 272 	 200 	 1767 	 333
1788204704163 	 87 	 200 	 1768 	 333
1788204703856 	 408 	 200 	 1769 	 332
1788204703865 	 399 	 200 	 1770 	 331
1788204704153 	 205 	 200 	 1771 	 335
1788204704148 	 295 	 200 	 1772 	 339
1788204704266 	 195 	 200 	 1773 	 338
1788204704241 	 224 	 200 	 1774 	 337
1788204704243 	 227 	 200 	 1775 	 336
1788204704361 	 178 	 200 	 1776 	 338
1788204704464 	 85 	 200 	 1777 	 337
1788204703947 	 604 	 200 	 1778 	 336
1788204704472 	 92 	 200 	 1779 	 335
1788204703958 	 683 	 200 	 1780 	 337
1788204703961 	 685 	 200 	 1781 	 336
1788204704253 	 407 	 200 	 1782 	 335
1788204704445 	 302 	 200 	 1783 	 336
1788204704467 	 372 	 200 	 1784 	 336
1788204704541 	 310 	 200 	 1785 	 336
1788204704057 	 801 	 200 	 1786 	 336
1788204703954 	 907 	 200 	 1787 	 335
1788204704750 	 112 	 200 	 1788 	 334
1788204704555 	 392 	 200 	 1789 	 336
1788204704266 	 683 	 200 	 1790 	 335
1788204704551 	 493 	 200 	 1791 	 339
1788204704168 	 972 	 200 	 1792 	 341
1788204704662 	 577 	 200 	 1793 	 352
1788204704953 	 287 	 200 	 1794 	 351
1788204704867 	 375 	 200 	 1795 	 350
1788204704841 	 404 	 200 	 1796 	 349
1788204704861 	 387 	 200 	 1797 	 348
1788204705047 	 205 	 200 	 1798 	 347
1788204705250 	 192 	 200 	 1799 	 353
1788204705244 	 203 	 200 	 1800 	 352
1788204704865 	 587 	 200 	 1801 	 352
1788204705246 	 220 	 200 	 1802 	 351
1788204703044 	 2424 	 200 	 1803 	 351
1788204705242 	 221 	 200 	 1804 	 350
1788204704643 	 892 	 200 	 1805 	 353
1788204705254 	 298 	 200 	 1806 	 354
1788204705242 	 391 	 200 	 1807 	 357
1788204705473 	 166 	 200 	 1808 	 356
1788204704949 	 692 	 200 	 1809 	 355
1788204705470 	 178 	 200 	 1810 	 355
1788204705444 	 209 	 200 	 1811 	 354
1788204704648 	 1013 	 200 	 1812 	 353
1788204705470 	 192 	 200 	 1813 	 352
1788204705449 	 219 	 200 	 1814 	 351
1788204705539 	 201 	 200 	 1815 	 355
1788204705143 	 679 	 200 	 1816 	 356
1788204705555 	 281 	 200 	 1817 	 355
1788204705455 	 388 	 200 	 1818 	 354
1788204705641 	 216 	 200 	 1819 	 353
1788204705644 	 289 	 200 	 1820 	 358
1788204705660 	 281 	 200 	 1821 	 357
1788204704853 	 1180 	 200 	 1822 	 359
1788204705743 	 299 	 200 	 1823 	 358
1788204704566 	 1575 	 200 	 1824 	 361
1788204705665 	 479 	 200 	 1825 	 360
1788204705935 	 218 	 200 	 1826 	 359
1788204706143 	 23 	 500 	 1827 	 359
1788204705656 	 582 	 200 	 1828 	 363
1788204705840 	 401 	 200 	 1829 	 362
1788204705664 	 579 	 200 	 1830 	 362
1788204705634 	 615 	 200 	 1831 	 361
1788204705825 	 431 	 200 	 1832 	 361
1788204706045 	 216 	 200 	 1833 	 360
1788204705944 	 390 	 200 	 1834 	 360
1788204706168 	 186 	 200 	 1835 	 361
1788204706146 	 211 	 200 	 1836 	 360
1788204706251 	 204 	 200 	 1837 	 366
1788204706155 	 385 	 200 	 1838 	 375
1788204706244 	 303 	 200 	 1839 	 374
1788204706258 	 306 	 200 	 1840 	 374
1788204706264 	 377 	 200 	 1841 	 379
1788204706241 	 416 	 200 	 1842 	 379
1788204706337 	 322 	 200 	 1843 	 378
1788204705671 	 1068 	 200 	 1844 	 382
1788204706356 	 383 	 200 	 1845 	 381
1788204706248 	 494 	 200 	 1846 	 380
1788204706549 	 195 	 200 	 1847 	 379
1788204706543 	 218 	 200 	 1848 	 381
1788204706643 	 123 	 200 	 1849 	 380
1788204706658 	 111 	 200 	 1850 	 379
1788204705846 	 921 	 200 	 1851 	 378
1788204706456 	 389 	 200 	 1852 	 380
1788204706036 	 808 	 200 	 1853 	 379
1788204705859 	 1076 	 200 	 1854 	 381
1788204706764 	 171 	 200 	 1855 	 381
1788204706566 	 375 	 200 	 1856 	 380
1788204706747 	 203 	 200 	 1857 	 379
1788204706741 	 210 	 200 	 1858 	 378
1788204706661 	 293 	 200 	 1859 	 377
1788204706773 	 192 	 200 	 1860 	 377
1788204706775 	 359 	 200 	 1861 	 387
1788204706771 	 365 	 200 	 1862 	 386
1788204706847 	 299 	 200 	 1863 	 385
1788204706850 	 304 	 200 	 1864 	 384
1788204706938 	 223 	 200 	 1865 	 384
1788204706360 	 812 	 200 	 1866 	 383
1788204706946 	 286 	 200 	 1867 	 384
1788204706956 	 278 	 200 	 1868 	 383
1788204706962 	 281 	 200 	 1869 	 382
1788204706953 	 305 	 200 	 1870 	 382
1788204706942 	 319 	 200 	 1871 	 381
1788204706967 	 370 	 200 	 1872 	 386
1788204707157 	 187 	 200 	 1873 	 385
1788204707164 	 180 	 200 	 1874 	 384
1788204707137 	 210 	 200 	 1875 	 383
1788204707175 	 178 	 200 	 1876 	 382
1788204707236 	 123 	 200 	 1877 	 382
1788204707149 	 284 	 200 	 1878 	 383
1788204707246 	 188 	 200 	 1879 	 382
1788204707238 	 196 	 200 	 1880 	 381
1788204707340 	 114 	 200 	 1881 	 381
1788204707363 	 100 	 200 	 1882 	 381
1788204707347 	 107 	 200 	 1883 	 380
1788204706742 	 793 	 200 	 1884 	 380
1788204707356 	 205 	 200 	 1885 	 380
1788204707347 	 288 	 200 	 1886 	 380
1788204707436 	 212 	 200 	 1887 	 379
1788204706743 	 909 	 200 	 1888 	 378
1788204707437 	 219 	 200 	 1889 	 377
1788204707351 	 308 	 200 	 1890 	 378
1788204707261 	 404 	 200 	 1891 	 377
1788204707457 	 288 	 200 	 1892 	 379
1788204707470 	 295 	 200 	 1893 	 378
1788204707466 	 367 	 200 	 1894 	 381
1788204707564 	 271 	 200 	 1895 	 380
1788204707439 	 397 	 200 	 1896 	 379
1788204707137 	 701 	 200 	 1897 	 378
1788204707265 	 579 	 200 	 1898 	 377
1788204707537 	 297 	 200 	 1899 	 376
1788204707637 	 213 	 200 	 1900 	 376
1788204707748 	 214 	 200 	 1901 	 381
1788204707650 	 384 	 200 	 1902 	 383
1788204707667 	 369 	 200 	 1903 	 382
1788204707663 	 380 	 200 	 1904 	 381
1788204707838 	 307 	 200 	 1905 	 383
1788204707852 	 307 	 200 	 1906 	 382
1788204707849 	 396 	 200 	 1907 	 385
1788204707846 	 407 	 200 	 1908 	 384
1788204707843 	 412 	 200 	 1909 	 385
1788204708045 	 220 	 200 	 1910 	 384
1788204708039 	 231 	 200 	 1911 	 383
1788204707965 	 313 	 200 	 1912 	 382
1788204708148 	 198 	 200 	 1913 	 387
1788204708037 	 310 	 200 	 1914 	 386
1788204708165 	 283 	 200 	 1915 	 392
1788204708257 	 195 	 200 	 1916 	 391
1788204708252 	 290 	 200 	 1917 	 394
1788204707768 	 788 	 200 	 1918 	 394
1788204708260 	 297 	 200 	 1919 	 393
1788204707658 	 906 	 200 	 1920 	 392
1788204707654 	 911 	 200 	 1921 	 391
1788204708349 	 219 	 200 	 1922 	 390
1788204708280 	 374 	 200 	 1923 	 395
1788204708354 	 301 	 200 	 1924 	 394
1788204707840 	 833 	 200 	 1925 	 397
1788204708451 	 282 	 200 	 1926 	 398
1788204708455 	 279 	 200 	 1927 	 397
1788204708268 	 469 	 200 	 1928 	 396
1788204708572 	 208 	 200 	 1929 	 397
1788204708568 	 266 	 200 	 1930 	 397
1788204708660 	 174 	 200 	 1931 	 396
1788204708657 	 190 	 200 	 1932 	 396
1788204708560 	 286 	 200 	 1933 	 395
1788204707837 	 1027 	 200 	 1934 	 394
1788204708675 	 192 	 200 	 1935 	 393
1788204708781 	 90 	 200 	 1936 	 392
1788204708836 	 110 	 200 	 1937 	 395
1788204708570 	 391 	 200 	 1938 	 394
1788204708744 	 219 	 200 	 1939 	 393
1788204708870 	 176 	 200 	 1940 	 401
1788204708873 	 182 	 200 	 1941 	 400
1788204708852 	 211 	 200 	 1942 	 399
1788204708850 	 213 	 200 	 1943 	 398
1788204708965 	 102 	 200 	 1944 	 398
1788204708866 	 273 	 200 	 1945 	 403
1788204709057 	 94 	 200 	 1946 	 402
1788204708740 	 415 	 200 	 1947 	 402
1788204708273 	 883 	 200 	 1948 	 401
1788204708837 	 321 	 200 	 1949 	 400
1788204708735 	 430 	 200 	 1950 	 401
1788204708947 	 222 	 200 	 1951 	 400
1788204708545 	 705 	 200 	 1952 	 406
1788204709070 	 229 	 200 	 1953 	 407
1788204709163 	 170 	 200 	 1954 	 408
1788204709073 	 260 	 200 	 1955 	 407
1788204709141 	 193 	 200 	 1956 	 406
1788204708561 	 776 	 200 	 1957 	 405
1788204709066 	 269 	 200 	 1958 	 404
1788204709048 	 290 	 200 	 1959 	 403
1788204709252 	 149 	 200 	 1960 	 406
1788204709302 	 152 	 200 	 1961 	 408
1788204709338 	 123 	 200 	 1962 	 407
1788204709335 	 209 	 200 	 1963 	 409
1788204709172 	 381 	 200 	 1964 	 408
1788204709336 	 217 	 200 	 1965 	 407
1788204708968 	 590 	 200 	 1966 	 406
1788204709403 	 156 	 200 	 1967 	 405
1788204709456 	 112 	 200 	 1968 	 404
1788204709339 	 232 	 200 	 1969 	 403
1788204709462 	 104 	 200 	 1970 	 402
1788204709160 	 405 	 200 	 1971 	 401
1788204709547 	 202 	 200 	 1972 	 408
1788204709561 	 188 	 200 	 1973 	 408
1788204709563 	 191 	 200 	 1974 	 407
1788204709573 	 188 	 200 	 1975 	 406
1788204709556 	 198 	 200 	 1976 	 407
1788204709153 	 612 	 200 	 1977 	 406
1788204709578 	 258 	 200 	 1978 	 410
1788204709752 	 100 	 200 	 1979 	 409
1788204709757 	 97 	 200 	 1980 	 408
1788204709576 	 284 	 200 	 1981 	 407
1788204709770 	 163 	 200 	 1982 	 412
1788204709341 	 620 	 200 	 1983 	 411
1788204709773 	 190 	 200 	 1984 	 410
1788204709760 	 295 	 200 	 1985 	 412
1788204709854 	 208 	 200 	 1986 	 411
1788204709861 	 298 	 200 	 1987 	 416
1788204709857 	 384 	 200 	 1988 	 417
1788204709340 	 905 	 200 	 1989 	 416
1788204709837 	 407 	 200 	 1990 	 415
1788204709962 	 286 	 200 	 1991 	 415
1788204710065 	 188 	 200 	 1992 	 415
1788204709965 	 293 	 200 	 1993 	 414
1788204710161 	 100 	 200 	 1994 	 413
1788204709581 	 693 	 200 	 1995 	 412
1788204709764 	 508 	 200 	 1996 	 411
1788204709935 	 338 	 200 	 1997 	 410
1788204709160 	 1172 	 200 	 1998 	 411
1788204710263 	 91 	 200 	 1999 	 410
1788204710276 	 91 	 200 	 2000 	 409
1788204710244 	 124 	 200 	 2001 	 408
1788204710058 	 404 	 200 	 2002 	 410
1788204710276 	 267 	 200 	 2003 	 413
1788204710278 	 279 	 200 	 2004 	 412
1788204710356 	 205 	 200 	 2005 	 412
1788204709567 	 989 	 200 	 2006 	 413
1788204709169 	 1473 	 200 	 2007 	 415
1788204710369 	 276 	 200 	 2008 	 414
1788204710369 	 276 	 200 	 2009 	 413
1788204710246 	 402 	 200 	 2010 	 413
1788204710334 	 334 	 200 	 2011 	 414
1788204710558 	 175 	 200 	 2012 	 415
1788204710563 	 175 	 200 	 2013 	 414
1788204710255 	 506 	 200 	 2014 	 416
1788204710644 	 194 	 200 	 2015 	 419
1788204710250 	 606 	 200 	 2016 	 421
1788204710763 	 184 	 200 	 2017 	 423
1788204710656 	 291 	 200 	 2018 	 422
1788204710737 	 213 	 200 	 2019 	 421
1788204710740 	 216 	 200 	 2020 	 420
1788204710840 	 121 	 200 	 2021 	 419
1788204710650 	 311 	 200 	 2022 	 418
1788204710464 	 494 	 200 	 2023 	 417
1788204710669 	 300 	 200 	 2024 	 416
1788204710652 	 320 	 200 	 2025 	 415
1788204710949 	 93 	 200 	 2026 	 415
1788204710963 	 180 	 200 	 2027 	 416
1788204710247 	 906 	 200 	 2028 	 415
1788204710949 	 212 	 200 	 2029 	 415
1788204710968 	 203 	 200 	 2030 	 415
1788204710972 	 271 	 200 	 2031 	 416
1788204710959 	 283 	 200 	 2032 	 415
1788204710546 	 700 	 200 	 2033 	 414
1788204710260 	 988 	 200 	 2034 	 413
1788204710953 	 296 	 200 	 2035 	 412
1788204710966 	 283 	 200 	 2036 	 411
1788204710570 	 697 	 200 	 2037 	 414
1788204711045 	 253 	 200 	 2038 	 415
1788204711163 	 170 	 200 	 2039 	 415
1788204711174 	 161 	 200 	 2040 	 414
1788204711155 	 179 	 200 	 2041 	 413
1788204710975 	 359 	 200 	 2042 	 412
1788204711245 	 113 	 200 	 2043 	 412
1788204710858 	 576 	 200 	 2044 	 415
1788204711250 	 187 	 200 	 2045 	 414
1788204711248 	 191 	 200 	 2046 	 414
1788204711337 	 129 	 200 	 2047 	 413
1788204711253 	 289 	 200 	 2048 	 415
1788204711336 	 310 	 200 	 2049 	 420
1788204711340 	 311 	 200 	 2050 	 419
1788204711437 	 220 	 200 	 2051 	 419
1788204711438 	 306 	 200 	 2052 	 423
1788204711246 	 505 	 200 	 2053 	 422
1788204711359 	 404 	 200 	 2054 	 421
1788204711468 	 300 	 200 	 2055 	 420
1788204711251 	 592 	 200 	 2056 	 425
1788204711654 	 189 	 200 	 2057 	 424
1788204702860 	 8994 	 200 	 2058 	 423
1788204711301 	 551 	 200 	 2059 	 422
1788204711440 	 413 	 200 	 2060 	 421
1788204711270 	 590 	 200 	 2061 	 420
1788204711747 	 206 	 200 	 2062 	 422
1788204711650 	 309 	 200 	 2063 	 421
1788204711766 	 199 	 200 	 2064 	 420
1788204711659 	 305 	 200 	 2065 	 420
1788204711543 	 421 	 200 	 2066 	 419
1788204711858 	 115 	 200 	 2067 	 418
1788204711860 	 116 	 200 	 2068 	 418
1788204711770 	 209 	 200 	 2069 	 417
1788204711146 	 896 	 200 	 2070 	 417
1788204711855 	 287 	 200 	 2071 	 419
1788204711337 	 821 	 200 	 2072 	 419
1788204711753 	 407 	 200 	 2073 	 418
1788204711975 	 271 	 200 	 2074 	 424
1788204712158 	 89 	 200 	 2075 	 423
1788204711970 	 289 	 200 	 2076 	 424
1788204711978 	 283 	 200 	 2077 	 423
1788204711956 	 307 	 200 	 2078 	 422
1788204711967 	 298 	 200 	 2079 	 421
1788204712045 	 224 	 200 	 2080 	 420
1788204711845 	 499 	 200 	 2081 	 428
1788204712145 	 204 	 200 	 2082 	 427
1788204712268 	 92 	 200 	 2083 	 426
1788204711849 	 597 	 200 	 2084 	 428
1788204712250 	 292 	 200 	 2085 	 430
1788204712348 	 196 	 200 	 2086 	 429
1788204712263 	 296 	 200 	 2087 	 428
1788204712271 	 294 	 200 	 2088 	 427
1788204712361 	 204 	 200 	 2089 	 426
1788204711972 	 594 	 200 	 2090 	 425
1788204711863 	 780 	 200 	 2091 	 428
1788204711981 	 666 	 200 	 2092 	 427
1788204712248 	 492 	 200 	 2093 	 430
1788204712163 	 579 	 200 	 2094 	 429
1788204712572 	 172 	 200 	 2095 	 428
1788204712547 	 214 	 200 	 2096 	 427
1788204712266 	 577 	 200 	 2097 	 430
1788204712544 	 302 	 200 	 2098 	 429
1788204711962 	 892 	 200 	 2099 	 428
1788204712568 	 296 	 200 	 2100 	 428
1788204712261 	 689 	 200 	 2101 	 434
1788204712746 	 209 	 200 	 2102 	 434
1788204712353 	 601 	 200 	 2103 	 433
1788204712449 	 498 	 200 	 2104 	 432
1788204712563 	 484 	 200 	 2105 	 435
1788204712846 	 205 	 200 	 2106 	 434
1788204712849 	 204 	 200 	 2107 	 433
1788204712646 	 411 	 200 	 2108 	 432
1788204712957 	 104 	 200 	 2109 	 431
1788204712866 	 274 	 200 	 2110 	 435
1788204712650 	 504 	 200 	 2111 	 434
1788204713064 	 136 	 200 	 2112 	 433
1788204713054 	 186 	 200 	 2113 	 434
1788204713203 	 47 	 200 	 2114 	 433
1788204713142 	 108 	 200 	 2115 	 432
1788204713157 	 94 	 200 	 2116 	 431
1788204712857 	 486 	 200 	 2117 	 434
1788204712570 	 773 	 200 	 2118 	 433
1788204712959 	 395 	 200 	 2119 	 432
1788204712962 	 400 	 200 	 2120 	 433
1788204713245 	 203 	 200 	 2121 	 433
1788204712952 	 503 	 200 	 2122 	 432
1788204713253 	 208 	 200 	 2123 	 431
1788204713253 	 291 	 200 	 2124 	 433
1788204713254 	 299 	 200 	 2125 	 432
1788204713462 	 100 	 200 	 2126 	 434
1788204713450 	 196 	 200 	 2127 	 435
1788204713346 	 308 	 200 	 2128 	 434
1788204713346 	 313 	 200 	 2129 	 433
1788204713365 	 389 	 200 	 2130 	 436
1788204713457 	 297 	 200 	 2131 	 435
1788204713545 	 231 	 200 	 2132 	 434
1788204713565 	 284 	 200 	 2133 	 436
1788204713049 	 803 	 200 	 2134 	 435
1788204712764 	 1092 	 200 	 2135 	 436
1788204712744 	 1117 	 200 	 2136 	 435
1788204713779 	 164 	 200 	 2137 	 441
1788204713659 	 302 	 200 	 2138 	 440
1788204713649 	 312 	 200 	 2139 	 439
1788204713855 	 110 	 200 	 2140 	 438
1788204712742 	 1299 	 200 	 2141 	 440
1788204713064 	 989 	 200 	 2142 	 439
1788204713555 	 504 	 200 	 2143 	 438
1788204713060 	 1081 	 200 	 2144 	 438
1788204713662 	 481 	 200 	 2145 	 437
1788204713356 	 791 	 200 	 2146 	 436
1788204713969 	 184 	 200 	 2147 	 435
1788204713945 	 213 	 200 	 2148 	 434
1788204713851 	 315 	 200 	 2149 	 434
1788204714058 	 192 	 200 	 2150 	 434
1788204713863 	 405 	 200 	 2151 	 435
1788204713964 	 305 	 200 	 2152 	 434
1788204713758 	 582 	 200 	 2153 	 439
1788204714155 	 186 	 200 	 2154 	 438
1788204713757 	 582 	 200 	 2155 	 437
1788204713967 	 382 	 200 	 2156 	 436
1788204713859 	 483 	 200 	 2157 	 435
1788204714253 	 104 	 200 	 2158 	 434
1788204714043 	 318 	 200 	 2159 	 433
1788204714145 	 210 	 200 	 2160 	 432
1788204714150 	 283 	 200 	 2161 	 435
1788204714145 	 290 	 200 	 2162 	 434
1788204714169 	 273 	 200 	 2163 	 434
1788204714062 	 479 	 200 	 2164 	 441
1788204714342 	 204 	 200 	 2165 	 440
1788204714347 	 286 	 200 	 2166 	 443
1788204714438 	 198 	 200 	 2167 	 444
1788204714344 	 301 	 200 	 2168 	 443
1788204714360 	 290 	 200 	 2169 	 442
1788204714271 	 461 	 200 	 2170 	 444
1788204714162 	 580 	 200 	 2171 	 443
1788204714438 	 313 	 200 	 2172 	 443
1788204714355 	 406 	 200 	 2173 	 442
1788204714548 	 294 	 200 	 2174 	 447
1788204714271 	 575 	 200 	 2175 	 446
1788204714543 	 304 	 200 	 2176 	 445
1788204714445 	 411 	 200 	 2177 	 444
1788204714736 	 198 	 200 	 2178 	 450
1788204714352 	 586 	 200 	 2179 	 449
1788204714364 	 580 	 200 	 2180 	 448
1788204714636 	 310 	 200 	 2181 	 447
1788204714648 	 294 	 200 	 2182 	 446
1788204714753 	 197 	 200 	 2183 	 445
1788204714367 	 594 	 200 	 2184 	 444
1788204714642 	 395 	 200 	 2185 	 449
1788204714846 	 201 	 200 	 2186 	 449
1788204714848 	 288 	 200 	 2187 	 451
1788204714653 	 488 	 200 	 2188 	 450
1788204714850 	 296 	 200 	 2189 	 449
1788204714936 	 214 	 200 	 2190 	 449
1788204704244 	 10907 	 200 	 2191 	 449
1788204714859 	 296 	 200 	 2192 	 448
1788204714763 	 392 	 200 	 2193 	 447
1788204714745 	 490 	 200 	 2194 	 451
1788204715040 	 203 	 200 	 2195 	 451
1788204714963 	 370 	 200 	 2196 	 455
1788204714949 	 386 	 200 	 2197 	 454
1788204714959 	 379 	 200 	 2198 	 453
1788204714953 	 386 	 200 	 2199 	 452
1788204715147 	 202 	 200 	 2200 	 452
1788204715049 	 385 	 200 	 2201 	 457
1788204714946 	 482 	 200 	 2202 	 456
1788204714940 	 559 	 200 	 2203 	 459
1788204715158 	 374 	 200 	 2204 	 458
1788204715164 	 371 	 200 	 2205 	 457
1788204715161 	 374 	 200 	 2206 	 456
1788204715246 	 313 	 200 	 2207 	 456
1788204715139 	 423 	 200 	 2208 	 455
1788204715353 	 292 	 200 	 2209 	 459
1788204715437 	 212 	 200 	 2210 	 458
1788204715503 	 154 	 200 	 2211 	 457
1788204715153 	 511 	 200 	 2212 	 456
1788204715537 	 134 	 200 	 2213 	 455
1788204715441 	 302 	 200 	 2214 	 458
1788204715561 	 190 	 200 	 2215 	 458
1788204715535 	 223 	 200 	 2216 	 457
1788204715336 	 498 	 200 	 2217 	 458
1788204715651 	 188 	 200 	 2218 	 458
1788204715647 	 194 	 200 	 2219 	 457
1788204715144 	 709 	 200 	 2220 	 456
1788204715564 	 297 	 200 	 2221 	 455
1788204715659 	 274 	 200 	 2222 	 458
1788204715760 	 175 	 200 	 2223 	 457
1788204715237 	 701 	 200 	 2224 	 457
1788204715835 	 118 	 200 	 2225 	 457
1788204715667 	 288 	 200 	 2226 	 456
1788204715342 	 701 	 200 	 2227 	 458
1788204715864 	 186 	 200 	 2228 	 458
1788204715841 	 209 	 200 	 2229 	 457
1788204715937 	 126 	 200 	 2230 	 456
1788204715936 	 216 	 200 	 2231 	 456
1788204715955 	 197 	 200 	 2232 	 456
1788204716056 	 186 	 200 	 2233 	 463
1788204715538 	 715 	 200 	 2234 	 463
1788204716045 	 208 	 200 	 2235 	 462
1788204716065 	 201 	 200 	 2236 	 461
1788204715672 	 676 	 200 	 2237 	 468
1788204715753 	 603 	 200 	 2238 	 468
1788204716154 	 207 	 200 	 2239 	 467
1788204716157 	 211 	 200 	 2240 	 466
1788204716268 	 170 	 200 	 2241 	 469
1788204715745 	 693 	 200 	 2242 	 468
1788204716256 	 189 	 200 	 2243 	 467
1788204715338 	 1114 	 200 	 2244 	 466
1788204715844 	 615 	 200 	 2245 	 465
1788204715340 	 1110 	 200 	 2246 	 465
1788204716053 	 413 	 200 	 2247 	 464
1788204715959 	 509 	 200 	 2248 	 463
1788204715855 	 701 	 200 	 2249 	 468
1788204716359 	 282 	 200 	 2250 	 473
1788204715941 	 706 	 200 	 2251 	 472
1788204716441 	 306 	 200 	 2252 	 477
1788204716371 	 375 	 200 	 2253 	 476
1788204716448 	 298 	 200 	 2254 	 475
1788204716472 	 287 	 200 	 2255 	 474
1788204716453 	 313 	 200 	 2256 	 473
1788204716559 	 281 	 200 	 2257 	 473
1788204716460 	 381 	 200 	 2258 	 472
1788204716470 	 370 	 200 	 2259 	 471
1788204716351 	 492 	 200 	 2260 	 470
1788204716245 	 603 	 200 	 2261 	 469
1788204716463 	 391 	 200 	 2262 	 468
1788204716258 	 600 	 200 	 2263 	 467
1788204716761 	 103 	 200 	 2264 	 466
1788204716645 	 298 	 200 	 2265 	 467
1788204716756 	 193 	 200 	 2266 	 467
1788204716364 	 669 	 200 	 2267 	 468
1788204716440 	 594 	 200 	 2268 	 467
1788204716749 	 295 	 200 	 2269 	 467
1788204716651 	 399 	 200 	 2270 	 466
1788204716852 	 212 	 200 	 2271 	 465
1788204716842 	 305 	 200 	 2272 	 469
1788204716753 	 412 	 200 	 2273 	 468
1788204717053 	 186 	 200 	 2274 	 472
1788204716845 	 394 	 200 	 2275 	 471
1788204716861 	 380 	 200 	 2276 	 470
1788204716769 	 474 	 200 	 2277 	 469
1788204716952 	 301 	 200 	 2278 	 468
1788204717036 	 232 	 200 	 2279 	 468
1788204716850 	 421 	 200 	 2280 	 467
1788204717037 	 296 	 200 	 2281 	 468
1788204716856 	 476 	 200 	 2282 	 467
1788204717047 	 296 	 200 	 2283 	 466
1788204716946 	 398 	 200 	 2284 	 465
1788204717244 	 113 	 200 	 2285 	 466
1788204717168 	 192 	 200 	 2286 	 466
1788204716866 	 497 	 200 	 2287 	 465
1788204717067 	 307 	 200 	 2288 	 464
1788204717149 	 285 	 200 	 2289 	 467
1788204717335 	 133 	 200 	 2290 	 468
1788204716844 	 690 	 200 	 2291 	 468
1788204717269 	 267 	 200 	 2292 	 467
1788204717241 	 304 	 200 	 2293 	 467
1788204717345 	 197 	 200 	 2294 	 466
1788204717256 	 377 	 200 	 2295 	 470
1788204717335 	 302 	 200 	 2296 	 469
1788204717362 	 289 	 200 	 2297 	 469
1788204717245 	 427 	 200 	 2298 	 470
1788204717242 	 494 	 200 	 2299 	 470
1788204717365 	 372 	 200 	 2300 	 470
1788204717376 	 373 	 200 	 2301 	 469
1788204717274 	 478 	 200 	 2302 	 469
1788204717469 	 365 	 200 	 2303 	 472
1788204717552 	 286 	 200 	 2304 	 471
1788204717346 	 497 	 200 	 2305 	 470
1788204717539 	 397 	 200 	 2306 	 478
1788204717674 	 269 	 200 	 2307 	 477
1788204717358 	 580 	 200 	 2308 	 476
1788204717437 	 508 	 200 	 2309 	 475
1788204717640 	 313 	 200 	 2310 	 475
1788204717836 	 196 	 200 	 2311 	 477
1788204717635 	 397 	 200 	 2312 	 476
1788204717743 	 289 	 200 	 2313 	 475
1788204717750 	 284 	 200 	 2314 	 474
1788204717654 	 383 	 200 	 2315 	 473
1788204717547 	 499 	 200 	 2316 	 472
1788204717535 	 503 	 200 	 2317 	 471
1788204717755 	 295 	 200 	 2318 	 470
1788204717841 	 300 	 200 	 2319 	 477
1788204717945 	 289 	 200 	 2320 	 480
1788204717845 	 388 	 200 	 2321 	 479
1788204717940 	 295 	 200 	 2322 	 478
1788204717739 	 500 	 200 	 2323 	 477
1788204718049 	 207 	 200 	 2324 	 478
1788204717956 	 377 	 200 	 2325 	 477
1788204718037 	 298 	 200 	 2326 	 476
1788204718036 	 319 	 200 	 2327 	 476
1788204717948 	 404 	 200 	 2328 	 475
1788204718236 	 222 	 200 	 2329 	 477
1788204718041 	 420 	 200 	 2330 	 477
1788204718035 	 489 	 200 	 2331 	 479
1788204718039 	 497 	 200 	 2332 	 478
1788204718056 	 489 	 200 	 2333 	 477
1788204718144 	 400 	 200 	 2334 	 476
1788204718238 	 318 	 200 	 2335 	 475
1788204717952 	 609 	 200 	 2336 	 474
1788204718337 	 295 	 200 	 2337 	 475
1788204718053 	 580 	 200 	 2338 	 474
1788204718357 	 297 	 200 	 2339 	 474
1788204718360 	 313 	 200 	 2340 	 473
1788204718463 	 238 	 200 	 2341 	 474
1788204718237 	 502 	 200 	 2342 	 473
1788204718337 	 405 	 200 	 2343 	 472
1788204718258 	 502 	 200 	 2344 	 472
1788204718554 	 210 	 200 	 2345 	 471
1788204718635 	 209 	 200 	 2346 	 475
1788204718675 	 173 	 200 	 2347 	 474
1788204718243 	 605 	 200 	 2348 	 473
1788204718548 	 301 	 200 	 2349 	 473
1788204718763 	 93 	 200 	 2350 	 472
1788204718747 	 198 	 200 	 2351 	 478
1788204718743 	 208 	 200 	 2352 	 477
1788204718538 	 415 	 200 	 2353 	 476
1788204718767 	 200 	 200 	 2354 	 475
1788204718855 	 199 	 200 	 2355 	 477
1788204718460 	 599 	 200 	 2356 	 476
1788204718657 	 402 	 200 	 2357 	 476
1788204718560 	 503 	 200 	 2358 	 475
1788204718537 	 600 	 200 	 2359 	 476
1788204718703 	 446 	 200 	 2360 	 475
1788204718851 	 303 	 200 	 2361 	 474
1788204718564 	 594 	 200 	 2362 	 473
1788204718636 	 527 	 200 	 2363 	 472
1788204718860 	 302 	 200 	 2364 	 471
1788204718949 	 216 	 200 	 2365 	 470
1788204718846 	 327 	 200 	 2366 	 469
1788204718851 	 389 	 200 	 2367 	 469
1788204718968 	 365 	 200 	 2368 	 473
1788204718956 	 382 	 200 	 2369 	 472
1788204718958 	 385 	 200 	 2370 	 472
1788204719151 	 196 	 200 	 2371 	 471
1788204719067 	 278 	 200 	 2372 	 470
1788204719144 	 203 	 200 	 2373 	 469
1788204719156 	 198 	 200 	 2374 	 468
1788204719065 	 297 	 200 	 2375 	 467
1788204719335 	 101 	 200 	 2376 	 466
1788204719166 	 367 	 200 	 2377 	 468
1788204719161 	 375 	 200 	 2378 	 467
1788204719062 	 493 	 200 	 2379 	 466
1788204719057 	 503 	 200 	 2380 	 465
1788204719244 	 316 	 200 	 2381 	 464
1788204719169 	 465 	 200 	 2382 	 467
1788204719345 	 312 	 200 	 2383 	 466
1788204719340 	 394 	 200 	 2384 	 468
1788204719174 	 584 	 200 	 2385 	 467
1788204719438 	 325 	 200 	 2386 	 466
1788204719364 	 437 	 200 	 2387 	 469
1788204719557 	 287 	 200 	 2388 	 472
1788204719350 	 500 	 200 	 2389 	 471
1788204719171 	 679 	 200 	 2390 	 470
1788204719535 	 323 	 200 	 2391 	 469
1788204719538 	 413 	 200 	 2392 	 474
1788204719355 	 685 	 200 	 2393 	 481
1788204719564 	 485 	 200 	 2394 	 480
1788204719563 	 582 	 200 	 2395 	 485
1788204719736 	 417 	 200 	 2396 	 484
1788204719766 	 392 	 200 	 2397 	 483
1788204719860 	 293 	 200 	 2398 	 482
1788204719357 	 803 	 200 	 2399 	 481
1788204719853 	 312 	 200 	 2400 	 480
1788204719637 	 523 	 200 	 2401 	 481
1788204720047 	 126 	 200 	 2402 	 480
1788204719848 	 328 	 200 	 2403 	 479
1788204719857 	 401 	 200 	 2404 	 483
1788204719760 	 498 	 200 	 2405 	 482
1788204719803 	 496 	 200 	 2406 	 487
1788204719659 	 682 	 200 	 2407 	 487
1788204720051 	 289 	 200 	 2408 	 486
1788204719954 	 392 	 200 	 2409 	 486
1788204720165 	 194 	 200 	 2410 	 485
1788204720168 	 195 	 200 	 2411 	 484
1788204720162 	 206 	 200 	 2412 	 483
1788204719353 	 1082 	 200 	 2413 	 483
1788204720301 	 134 	 200 	 2414 	 482
1788204720176 	 272 	 200 	 2415 	 481
1788204720349 	 117 	 200 	 2416 	 481
1788204720179 	 292 	 200 	 2417 	 480
1788204720343 	 128 	 200 	 2418 	 479
1788204720343 	 133 	 200 	 2419 	 478
1788204720151 	 390 	 200 	 2420 	 483
1788204720160 	 373 	 200 	 2421 	 482
1788204720264 	 289 	 200 	 2422 	 482
1788204720156 	 410 	 200 	 2423 	 481
1788204720170 	 403 	 200 	 2424 	 481
1788204720361 	 273 	 200 	 2425 	 485
1788204720370 	 271 	 200 	 2426 	 484
1788204720261 	 395 	 200 	 2427 	 484
1788204720437 	 224 	 200 	 2428 	 484
1788204720450 	 212 	 200 	 2429 	 483
1788204720474 	 356 	 200 	 2430 	 492
1788204720479 	 354 	 200 	 2431 	 491
1788204720556 	 285 	 200 	 2432 	 490
1788204720364 	 482 	 200 	 2433 	 489
1788204720659 	 197 	 200 	 2434 	 488
1788204720568 	 372 	 200 	 2435 	 489
1788204720835 	 128 	 200 	 2436 	 489
1788204720637 	 330 	 200 	 2437 	 488
1788204720664 	 302 	 200 	 2438 	 487
1788204720575 	 399 	 200 	 2439 	 486
1788204720437 	 604 	 200 	 2440 	 489
1788204720470 	 572 	 200 	 2441 	 489
1788204720474 	 569 	 200 	 2442 	 488
1788204720843 	 211 	 200 	 2443 	 487
1788204720835 	 225 	 200 	 2444 	 487
1788204720849 	 222 	 200 	 2445 	 487
1788204720667 	 468 	 200 	 2446 	 491
1788204720965 	 171 	 200 	 2447 	 490
1788204720972 	 173 	 200 	 2448 	 489
1788204720970 	 269 	 200 	 2449 	 492
1788204720547 	 689 	 200 	 2450 	 491
1788204720859 	 386 	 200 	 2451 	 490
1788204720976 	 268 	 200 	 2452 	 490
1788204720943 	 307 	 200 	 2453 	 489
1788204720643 	 608 	 200 	 2454 	 488
1788204720543 	 694 	 200 	 2455 	 488
1788204721045 	 211 	 200 	 2456 	 487
1788204721042 	 290 	 200 	 2457 	 489
1788204721056 	 276 	 200 	 2458 	 488
1788204721044 	 292 	 200 	 2459 	 487
1788204721139 	 260 	 200 	 2460 	 488
1788204721063 	 370 	 200 	 2461 	 490
1788204721073 	 364 	 200 	 2462 	 489
1788204721143 	 296 	 200 	 2463 	 488
1788204721242 	 209 	 200 	 2464 	 487
1788204721254 	 246 	 200 	 2465 	 488
1788204721334 	 166 	 200 	 2466 	 487
1788204721258 	 278 	 200 	 2467 	 486
1788204721252 	 289 	 200 	 2468 	 485
1788204721336 	 207 	 200 	 2469 	 484
1788204721256 	 380 	 200 	 2470 	 487
1788204721262 	 377 	 200 	 2471 	 486
1788204721149 	 498 	 200 	 2472 	 486
1788204721439 	 215 	 200 	 2473 	 485
1788204721337 	 399 	 200 	 2474 	 485
1788204721443 	 392 	 200 	 2475 	 490
1788204721264 	 572 	 200 	 2476 	 489
1788204721248 	 589 	 200 	 2477 	 488
1788204721502 	 356 	 200 	 2478 	 488
1788204721656 	 289 	 200 	 2479 	 493
1788204721836 	 211 	 200 	 2480 	 496
1788204721738 	 316 	 200 	 2481 	 495
1788204721436 	 624 	 200 	 2482 	 494
1788204721645 	 419 	 200 	 2483 	 493
1788204721402 	 665 	 200 	 2484 	 492
1788204721840 	 231 	 200 	 2485 	 491
1788204721949 	 194 	 200 	 2486 	 493
1788204721642 	 535 	 200 	 2487 	 493
1788204721454 	 724 	 200 	 2488 	 492
1788204721843 	 340 	 200 	 2489 	 491
1788204721652 	 586 	 200 	 2490 	 490
1788204722069 	 174 	 200 	 2491 	 490
1788204721538 	 711 	 200 	 2492 	 489
1788204722146 	 110 	 200 	 2493 	 490
1788204722181 	 80 	 200 	 2494 	 489
1788204721502 	 762 	 200 	 2495 	 488
1788204722057 	 277 	 200 	 2496 	 491
1788204722062 	 273 	 200 	 2497 	 491
1788204722074 	 273 	 200 	 2498 	 490
1788204722245 	 119 	 200 	 2499 	 489
1788204721860 	 507 	 200 	 2500 	 489
1788204722241 	 126 	 200 	 2501 	 488
1788204722049 	 350 	 200 	 2502 	 489
1788204722186 	 248 	 200 	 2503 	 490
1788204721549 	 886 	 200 	 2504 	 489
1788204721546 	 893 	 200 	 2505 	 489
1788204722259 	 179 	 200 	 2506 	 488
1788204722069 	 372 	 200 	 2507 	 487
1788204722252 	 190 	 200 	 2508 	 486
1788204722183 	 266 	 200 	 2509 	 485
1788204722369 	 105 	 200 	 2510 	 487
1788204722336 	 198 	 200 	 2511 	 489
1788204722365 	 169 	 200 	 2512 	 489
1788204722436 	 202 	 200 	 2513 	 491
1788204722340 	 303 	 200 	 2514 	 490
1788204722371 	 304 	 200 	 2515 	 489
1788204722442 	 234 	 200 	 2516 	 488
1788204722266 	 479 	 200 	 2517 	 495
1788204722476 	 285 	 200 	 2518 	 494
1788204722542 	 293 	 200 	 2519 	 497
1788204722446 	 401 	 200 	 2520 	 498
1788204722640 	 218 	 200 	 2521 	 497
1788204722438 	 427 	 200 	 2522 	 496
1788204722441 	 429 	 200 	 2523 	 495
1788204722350 	 589 	 200 	 2524 	 499
1788204722680 	 273 	 200 	 2525 	 499
1788204722854 	 104 	 200 	 2526 	 498
1788204722763 	 200 	 200 	 2527 	 497
1788204722401 	 568 	 200 	 2528 	 496
1788204722867 	 103 	 200 	 2529 	 495
1788204722456 	 576 	 200 	 2530 	 497
1788204722838 	 221 	 200 	 2531 	 497
1788204722537 	 522 	 200 	 2532 	 496
1788204722446 	 661 	 200 	 2533 	 496
1788204722748 	 386 	 200 	 2534 	 497
1788204722954 	 184 	 200 	 2535 	 496
1788204722871 	 272 	 200 	 2536 	 495
1788204722678 	 466 	 200 	 2537 	 494
1788204722263 	 970 	 200 	 2538 	 495
1788204722644 	 589 	 200 	 2539 	 494
1788204722970 	 265 	 200 	 2540 	 493
1788204722860 	 373 	 200 	 2541 	 492
1788204722962 	 282 	 200 	 2542 	 491
1788204722965 	 368 	 200 	 2543 	 495
1788204722973 	 362 	 200 	 2544 	 495
1788204723065 	 272 	 200 	 2545 	 494
1788204723109 	 230 	 200 	 2546 	 493
1788204723034 	 308 	 200 	 2547 	 492
1788204722946 	 402 	 200 	 2548 	 491
1788204723061 	 292 	 200 	 2549 	 490
1788204723149 	 284 	 200 	 2550 	 494
1788204723136 	 307 	 200 	 2551 	 493
1788204723141 	 311 	 200 	 2552 	 492
1788204723235 	 298 	 200 	 2553 	 492
1788204723246 	 287 	 200 	 2554 	 491
1788204723239 	 303 	 200 	 2555 	 490
1788204723237 	 300 	 200 	 2556 	 489
1788204723337 	 208 	 200 	 2557 	 488
1788204723348 	 305 	 200 	 2558 	 491
1788204723146 	 609 	 200 	 2559 	 492
1788204723435 	 335 	 200 	 2560 	 491
1788204723534 	 308 	 200 	 2561 	 493
1788204723545 	 293 	 200 	 2562 	 492
1788204723237 	 615 	 200 	 2563 	 491
1788204723336 	 516 	 200 	 2564 	 490
1788204723446 	 416 	 200 	 2565 	 490
1788204723344 	 518 	 200 	 2566 	 489
1788204723547 	 401 	 200 	 2567 	 491
1788204723536 	 431 	 200 	 2568 	 492
1788204723356 	 619 	 200 	 2569 	 491
1788204723772 	 203 	 200 	 2570 	 490
1788204723553 	 446 	 200 	 2571 	 491
1788204723339 	 695 	 200 	 2572 	 490
1788204723846 	 190 	 200 	 2573 	 490
1788204723854 	 283 	 200 	 2574 	 496
1788204723657 	 486 	 200 	 2575 	 495
1788204723454 	 696 	 200 	 2576 	 495
1788204723851 	 297 	 200 	 2577 	 494
1788204723951 	 208 	 200 	 2578 	 493
1788204723865 	 381 	 200 	 2579 	 495
1788204724036 	 216 	 200 	 2580 	 495
1788204723860 	 473 	 200 	 2581 	 501
1788204724002 	 336 	 200 	 2582 	 500
1788204723349 	 988 	 200 	 2583 	 500
1788204724161 	 202 	 200 	 2584 	 499
1788204723978 	 463 	 200 	 2585 	 501
1788204724250 	 197 	 200 	 2586 	 500
1788204723867 	 585 	 200 	 2587 	 499
1788204723978 	 479 	 200 	 2588 	 498
1788204723758 	 703 	 200 	 2589 	 497
1788204724153 	 303 	 200 	 2590 	 496
1788204723969 	 495 	 200 	 2591 	 495
1788204724344 	 201 	 200 	 2592 	 500
1788204724254 	 307 	 200 	 2593 	 500
1788204724340 	 226 	 200 	 2594 	 499
1788204724366 	 201 	 200 	 2595 	 498
1788204724141 	 517 	 200 	 2596 	 502
1788204724336 	 326 	 200 	 2597 	 501
1788204724463 	 278 	 200 	 2598 	 503
1788204724564 	 193 	 200 	 2599 	 503
1788204724157 	 684 	 200 	 2600 	 504
1788204724548 	 296 	 200 	 2601 	 503
1788204724459 	 386 	 200 	 2602 	 502
1788204724454 	 410 	 200 	 2603 	 503
1788204724042 	 896 	 200 	 2604 	 504
1788204724759 	 193 	 200 	 2605 	 503
1788204724445 	 515 	 200 	 2606 	 503
1788204724468 	 494 	 200 	 2607 	 502
1788204724147 	 821 	 200 	 2608 	 501
1788204724466 	 592 	 200 	 2609 	 506
1788204724868 	 194 	 200 	 2610 	 505
1788204724661 	 479 	 200 	 2611 	 505
1788204724852 	 293 	 200 	 2612 	 504
1788204724569 	 587 	 200 	 2613 	 503
1788204724848 	 316 	 200 	 2614 	 503
1788204724665 	 505 	 200 	 2615 	 502
1788204725065 	 175 	 200 	 2616 	 505
1788204724843 	 404 	 200 	 2617 	 504
1788204725167 	 82 	 200 	 2618 	 503
1788204725158 	 92 	 200 	 2619 	 502
1788204724943 	 307 	 200 	 2620 	 501
1788204724450 	 808 	 200 	 2621 	 500
1788204724569 	 694 	 200 	 2622 	 499
1788204724955 	 390 	 200 	 2623 	 505
1788204725242 	 108 	 200 	 2624 	 504
1788204724971 	 387 	 200 	 2625 	 503
1788204724966 	 393 	 200 	 2626 	 502
1788204725250 	 186 	 200 	 2627 	 506
1788204725171 	 274 	 200 	 2628 	 505
1788204725142 	 307 	 200 	 2629 	 504
1788204725253 	 200 	 200 	 2630 	 503
1788204724743 	 721 	 200 	 2631 	 502
1788204725252 	 282 	 200 	 2632 	 503
1788204725148 	 396 	 200 	 2633 	 503
1788204725061 	 495 	 200 	 2634 	 504
1788204724963 	 591 	 200 	 2635 	 503
1788204725437 	 198 	 200 	 2636 	 506
1788204725361 	 277 	 200 	 2637 	 505
1788204725348 	 295 	 200 	 2638 	 504
1788204725262 	 472 	 200 	 2639 	 508
1788204725448 	 288 	 200 	 2640 	 507
1788204725547 	 215 	 200 	 2641 	 506
1788204725542 	 290 	 200 	 2642 	 507
1788204725256 	 578 	 200 	 2643 	 506
1788204725456 	 387 	 200 	 2644 	 507
1788204725559 	 290 	 200 	 2645 	 506
1788204725646 	 217 	 200 	 2646 	 506
1788204725562 	 373 	 200 	 2647 	 510
1788204725765 	 178 	 200 	 2648 	 510
1788204725937 	 122 	 200 	 2649 	 515
1788204725352 	 707 	 200 	 2650 	 514
1788204725637 	 427 	 200 	 2651 	 513
1788204725739 	 408 	 200 	 2652 	 516
1788204725452 	 705 	 200 	 2653 	 515
1788204725739 	 417 	 200 	 2654 	 514
1788204725946 	 215 	 200 	 2655 	 513
1788204725642 	 525 	 200 	 2656 	 512
1788204725467 	 791 	 200 	 2657 	 516
1788204726159 	 102 	 200 	 2658 	 515
1788204726064 	 275 	 200 	 2659 	 522
1788204725836 	 508 	 200 	 2660 	 521
1788204725836 	 524 	 200 	 2661 	 521
1788204726260 	 105 	 200 	 2662 	 520
1788204726067 	 291 	 200 	 2663 	 519
1788204725866 	 498 	 200 	 2664 	 518
1788204725846 	 525 	 200 	 2665 	 517
1788204726150 	 220 	 200 	 2666 	 516
1788204726163 	 271 	 200 	 2667 	 519
1788204726063 	 377 	 200 	 2668 	 519
1788204726345 	 196 	 200 	 2669 	 527
1788204726264 	 336 	 200 	 2670 	 530
1788204725854 	 785 	 200 	 2671 	 532
1788204726368 	 275 	 200 	 2672 	 531
1788204726341 	 307 	 200 	 2673 	 530
1788204725267 	 1384 	 200 	 2674 	 530
1788204726543 	 189 	 200 	 2675 	 533
1788204726377 	 372 	 200 	 2676 	 532
1788204726362 	 391 	 200 	 2677 	 531
1788204726654 	 108 	 200 	 2678 	 532
1788204726375 	 386 	 200 	 2679 	 531
1788204726367 	 478 	 200 	 2680 	 539
1788204726169 	 694 	 200 	 2681 	 538
1788204725360 	 1502 	 200 	 2682 	 537
1788204726442 	 428 	 200 	 2683 	 536
1788204726437 	 433 	 200 	 2684 	 535
1788204726370 	 505 	 200 	 2685 	 534
1788204726645 	 293 	 200 	 2686 	 537
1788204726641 	 308 	 200 	 2687 	 537
1788204726163 	 789 	 200 	 2688 	 536
1788204726758 	 202 	 200 	 2689 	 535
1788204726602 	 364 	 200 	 2690 	 534
1788204726736 	 320 	 200 	 2691 	 541
1788204726765 	 372 	 200 	 2692 	 543
1788204726865 	 281 	 200 	 2693 	 542
1788204726877 	 277 	 200 	 2694 	 543
1788204726952 	 211 	 200 	 2695 	 542
1788204726941 	 303 	 200 	 2696 	 544
1788204726752 	 500 	 200 	 2697 	 543
1788204726649 	 608 	 200 	 2698 	 542
1788204726963 	 299 	 200 	 2699 	 542
1788204726869 	 475 	 200 	 2700 	 545
1788204726765 	 583 	 200 	 2701 	 544
1788204727149 	 206 	 200 	 2702 	 543
1788204726875 	 486 	 200 	 2703 	 544
1788204726957 	 411 	 200 	 2704 	 544
1788204726873 	 560 	 200 	 2705 	 547
1788204726967 	 468 	 200 	 2706 	 546
1788204727142 	 306 	 200 	 2707 	 546
1788204727166 	 287 	 200 	 2708 	 547
1788204727156 	 297 	 200 	 2709 	 546
1788204727246 	 291 	 200 	 2710 	 546
1788204727346 	 195 	 200 	 2711 	 545
1788204727059 	 484 	 200 	 2712 	 544
1788204726854 	 683 	 200 	 2713 	 543
1788204727255 	 293 	 200 	 2714 	 542
1788204727351 	 203 	 200 	 2715 	 542
1788204727371 	 261 	 200 	 2716 	 543
1788204727264 	 375 	 200 	 2717 	 542
1788204727434 	 302 	 200 	 2718 	 544
1788204727456 	 286 	 200 	 2719 	 544
1788204727260 	 491 	 200 	 2720 	 543
1788204727548 	 284 	 200 	 2721 	 550
1788204727545 	 293 	 200 	 2722 	 549
1788204727357 	 482 	 200 	 2723 	 548
1788204727634 	 207 	 200 	 2724 	 547
1788204727363 	 484 	 200 	 2725 	 546
1788204727540 	 313 	 200 	 2726 	 545
1788204727744 	 119 	 200 	 2727 	 544
1788204727552 	 383 	 200 	 2728 	 549
1788204727642 	 297 	 200 	 2729 	 548
1788204727835 	 113 	 200 	 2730 	 547
1788204727739 	 210 	 200 	 2731 	 546
1788204727459 	 500 	 200 	 2732 	 545
1788204727849 	 187 	 200 	 2733 	 549
1788204727840 	 202 	 200 	 2734 	 549
1788204727842 	 206 	 200 	 2735 	 549
1788204727844 	 211 	 200 	 2736 	 549
1788204727942 	 190 	 200 	 2737 	 551
1788204727866 	 280 	 200 	 2738 	 550
1788204727437 	 758 	 200 	 2739 	 550
1788204727937 	 306 	 200 	 2740 	 550
1788204728038 	 219 	 200 	 2741 	 549
1788204727949 	 313 	 200 	 2742 	 548
1788204727855 	 477 	 200 	 2743 	 548
1788204727953 	 383 	 200 	 2744 	 547
1788204727554 	 783 	 200 	 2745 	 546
1788204728137 	 201 	 200 	 2746 	 545
1788204728050 	 291 	 200 	 2747 	 544
1788204727961 	 390 	 200 	 2748 	 543
1788204727754 	 603 	 200 	 2749 	 542
1788204727450 	 981 	 200 	 2750 	 545
1788204728057 	 377 	 200 	 2751 	 544
1788204728264 	 170 	 200 	 2752 	 544
1788204727559 	 875 	 200 	 2753 	 543
1788204728335 	 107 	 200 	 2754 	 543
1788204728046 	 402 	 200 	 2755 	 543
1788204728196 	 338 	 200 	 2756 	 545
1788204728339 	 203 	 200 	 2757 	 544
1788204728337 	 212 	 200 	 2758 	 543
1788204728260 	 289 	 200 	 2759 	 542
1788204728247 	 304 	 200 	 2760 	 541
1788204728360 	 285 	 200 	 2761 	 544
1788204728437 	 309 	 200 	 2762 	 549
1788204728355 	 466 	 200 	 2763 	 552
1788204728451 	 382 	 200 	 2764 	 553
1788204728149 	 686 	 200 	 2765 	 552
1788204728435 	 402 	 200 	 2766 	 551
1788204728344 	 496 	 200 	 2767 	 550
1788204728340 	 497 	 200 	 2768 	 549
1788204728438 	 403 	 200 	 2769 	 548
1788204728560 	 280 	 200 	 2770 	 547
1788204728434 	 411 	 200 	 2771 	 546
1788204728443 	 404 	 200 	 2772 	 545
1788204728647 	 285 	 200 	 2773 	 547
1788204728553 	 380 	 200 	 2774 	 546
1788204728544 	 392 	 200 	 2775 	 545
1788204728835 	 106 	 200 	 2776 	 544
1788204728824 	 215 	 200 	 2777 	 549
1788204728557 	 486 	 200 	 2778 	 548
1788204728839 	 199 	 200 	 2779 	 547
1788204728748 	 295 	 200 	 2780 	 546
1788204728843 	 206 	 200 	 2781 	 545
1788204728936 	 166 	 200 	 2782 	 548
1788204728842 	 290 	 200 	 2783 	 548
1788204728845 	 290 	 200 	 2784 	 547
1788204728850 	 287 	 200 	 2785 	 546
1788204728841 	 294 	 200 	 2786 	 545
1788204728836 	 307 	 200 	 2787 	 544
1788204728934 	 217 	 200 	 2788 	 543
1788204729041 	 158 	 200 	 2789 	 543
1788204728536 	 698 	 200 	 2790 	 545
1788204729103 	 136 	 200 	 2791 	 544
1788204728847 	 399 	 200 	 2792 	 543
1788204728939 	 312 	 200 	 2793 	 542
1788204729056 	 197 	 200 	 2794 	 541
1788204728942 	 392 	 200 	 2795 	 544
1788204729053 	 288 	 200 	 2796 	 543
1788204729046 	 295 	 200 	 2797 	 542
1788204729138 	 212 	 200 	 2798 	 541
1788204729136 	 208 	 200 	 2799 	 541
1788204729050 	 383 	 200 	 2800 	 543
1788204729139 	 297 	 200 	 2801 	 542
1788204729201 	 238 	 200 	 2802 	 541
1788204729241 	 196 	 200 	 2803 	 540
1788204729140 	 310 	 200 	 2804 	 541
1788204729153 	 284 	 200 	 2805 	 540
1788204729236 	 207 	 200 	 2806 	 539
1788204729145 	 309 	 200 	 2807 	 538
1788204729248 	 285 	 200 	 2808 	 539
1788204729346 	 192 	 200 	 2809 	 538
1788204729256 	 282 	 200 	 2810 	 537
1788204729352 	 189 	 200 	 2811 	 536
1788204729339 	 204 	 200 	 2812 	 535
1788204729253 	 384 	 200 	 2813 	 539
1788204729441 	 202 	 200 	 2814 	 538
1788204729457 	 193 	 200 	 2815 	 538
1788204729540 	 133 	 200 	 2816 	 539
1788204729541 	 201 	 200 	 2817 	 541
1788204729445 	 308 	 200 	 2818 	 540
1788204729646 	 149 	 200 	 2819 	 540
1788204729448 	 391 	 200 	 2820 	 539
1788204729640 	 203 	 200 	 2821 	 538
1788204729744 	 116 	 200 	 2822 	 538
1788204729797 	 63 	 200 	 2823 	 537
1788204729435 	 431 	 200 	 2824 	 536
1788204729354 	 587 	 200 	 2825 	 538
1788204729842 	 155 	 200 	 2826 	 540
1788204729863 	 182 	 200 	 2827 	 543
1788204729452 	 598 	 200 	 2828 	 542
1788204729455 	 597 	 200 	 2829 	 541
1788204729460 	 600 	 200 	 2830 	 540
1788204729349 	 715 	 200 	 2831 	 539
1788204729543 	 593 	 200 	 2832 	 543
1788204729868 	 271 	 200 	 2833 	 542
1788204729535 	 607 	 200 	 2834 	 541
1788204729675 	 478 	 200 	 2835 	 540
1788204729998 	 158 	 200 	 2836 	 539
1788204730057 	 104 	 200 	 2837 	 538
1788204730062 	 104 	 200 	 2838 	 537
1788204729653 	 583 	 200 	 2839 	 538
1788204729844 	 402 	 200 	 2840 	 537
1788204729756 	 500 	 200 	 2841 	 537
1788204730163 	 96 	 200 	 2842 	 537
1788204730155 	 109 	 200 	 2843 	 536
1788204730053 	 209 	 200 	 2844 	 535
1788204729943 	 322 	 200 	 2845 	 534
1788204730047 	 290 	 200 	 2846 	 536
1788204730238 	 101 	 200 	 2847 	 535
1788204730066 	 297 	 200 	 2848 	 536
1788204730270 	 180 	 200 	 2849 	 541
1788204730168 	 289 	 200 	 2850 	 540
1788204730137 	 315 	 200 	 2851 	 539
1788204730266 	 196 	 200 	 2852 	 538
1788204730263 	 275 	 200 	 2853 	 542
1788204730269 	 275 	 200 	 2854 	 543
1788204730340 	 208 	 200 	 2855 	 542
1788204730141 	 420 	 200 	 2856 	 541
1788204729547 	 1018 	 200 	 2857 	 541
1788204729862 	 702 	 200 	 2858 	 540
1788204730159 	 417 	 200 	 2859 	 540
1788204730342 	 294 	 200 	 2860 	 541
1788204730248 	 393 	 200 	 2861 	 540
1788204730366 	 368 	 200 	 2862 	 543
1788204730143 	 599 	 200 	 2863 	 546
1788204730259 	 487 	 200 	 2864 	 545
1788204730459 	 290 	 200 	 2865 	 545
1788204730454 	 298 	 200 	 2866 	 544
1788204730465 	 370 	 200 	 2867 	 548
1788204730546 	 290 	 200 	 2868 	 548
1788204730540 	 303 	 200 	 2869 	 548
1788204730563 	 284 	 200 	 2870 	 548
1788204730550 	 293 	 200 	 2871 	 547
1788204730571 	 364 	 200 	 2872 	 554
1788204730758 	 180 	 200 	 2873 	 553
1788204730460 	 486 	 200 	 2874 	 553
1788204730736 	 299 	 200 	 2875 	 554
1788204730937 	 98 	 200 	 2876 	 553
1788204730568 	 470 	 200 	 2877 	 553
1788204730744 	 297 	 200 	 2878 	 552
1788204730846 	 198 	 200 	 2879 	 551
1788204730643 	 394 	 200 	 2880 	 550
1788204730841 	 210 	 200 	 2881 	 549
1788204730749 	 288 	 200 	 2882 	 548
1788204730578 	 460 	 200 	 2883 	 547
1788204730638 	 409 	 200 	 2884 	 546
1788204730755 	 312 	 200 	 2885 	 545
1788204730854 	 281 	 200 	 2886 	 549
1788204730851 	 288 	 200 	 2887 	 548
1788204730940 	 203 	 200 	 2888 	 547
1788204730949 	 196 	 200 	 2889 	 546
1788204731047 	 186 	 200 	 2890 	 550
1788204731058 	 175 	 200 	 2891 	 549
1788204730837 	 399 	 200 	 2892 	 548
1788204731038 	 205 	 200 	 2893 	 547
1788204731040 	 197 	 200 	 2894 	 546
1788204731044 	 200 	 200 	 2895 	 545
1788204731054 	 199 	 200 	 2896 	 544
1788204731041 	 214 	 200 	 2897 	 543
1788204731065 	 268 	 200 	 2898 	 544
1788204731051 	 283 	 200 	 2899 	 543
1788204731149 	 186 	 200 	 2900 	 542
1788204731069 	 273 	 200 	 2901 	 542
1788204731137 	 209 	 200 	 2902 	 541
1788204731061 	 279 	 200 	 2903 	 542
1788204731251 	 188 	 200 	 2904 	 545
1788204731141 	 301 	 200 	 2905 	 545
1788204731236 	 297 	 200 	 2906 	 551
1788204731147 	 386 	 200 	 2907 	 550
1788204731239 	 287 	 200 	 2908 	 549
1788204731236 	 300 	 200 	 2909 	 548
1788204731253 	 287 	 200 	 2910 	 547
1788204731258 	 286 	 200 	 2911 	 546
1788204731248 	 300 	 200 	 2912 	 545
1788204731337 	 306 	 200 	 2913 	 547
1788204731339 	 302 	 200 	 2914 	 546
1788204731353 	 385 	 200 	 2915 	 550
1788204731445 	 298 	 200 	 2916 	 549
1788204731347 	 400 	 200 	 2917 	 548
1788204731336 	 416 	 200 	 2918 	 547
1788204731535 	 237 	 200 	 2919 	 548
1788204731648 	 185 	 200 	 2920 	 547
1788204731539 	 299 	 200 	 2921 	 546
1788204731256 	 583 	 200 	 2922 	 545
1788204731645 	 192 	 200 	 2923 	 544
1788204731350 	 488 	 200 	 2924 	 543
1788204731440 	 404 	 200 	 2925 	 542
1788204731546 	 305 	 200 	 2926 	 541
1788204731535 	 314 	 200 	 2927 	 540
1788204731537 	 323 	 200 	 2928 	 539
1788204731542 	 394 	 200 	 2929 	 539
1788204731550 	 391 	 200 	 2930 	 538
1788204731750 	 283 	 200 	 2931 	 539
1788204731754 	 347 	 200 	 2932 	 541
1788204731844 	 297 	 200 	 2933 	 546
1788204731741 	 503 	 200 	 2934 	 550
1788204731856 	 390 	 200 	 2935 	 549
1788204731746 	 498 	 200 	 2936 	 548
1788204731850 	 407 	 200 	 2937 	 548
1788204731775 	 485 	 200 	 2938 	 547
1788204732036 	 229 	 200 	 2939 	 547
1788204732103 	 238 	 200 	 2940 	 551
1788204731938 	 404 	 200 	 2941 	 550
1788204731841 	 517 	 200 	 2942 	 549
1788204731854 	 511 	 200 	 2943 	 548
1788204732264 	 99 	 200 	 2944 	 547
1788204731944 	 510 	 200 	 2945 	 552
1788204731836 	 626 	 200 	 2946 	 551
1788204732249 	 208 	 200 	 2947 	 550
1788204732252 	 208 	 200 	 2948 	 549
1788204731861 	 611 	 200 	 2949 	 548
1788204731858 	 618 	 200 	 2950 	 549
1788204732256 	 216 	 200 	 2951 	 548
1788204732261 	 278 	 200 	 2952 	 549
1788204731847 	 693 	 200 	 2953 	 548
1788204732344 	 199 	 200 	 2954 	 547
1788204732344 	 197 	 200 	 2955 	 546
1788204732470 	 163 	 200 	 2956 	 550
1788204732479 	 158 	 200 	 2957 	 549
1788204732467 	 168 	 200 	 2958 	 548
1788204732460 	 178 	 200 	 2959 	 547
1788204732268 	 369 	 200 	 2960 	 546
1788204732143 	 492 	 200 	 2961 	 545
1788204732464 	 183 	 200 	 2962 	 544
1788204732545 	 201 	 200 	 2963 	 545
1788204732481 	 320 	 200 	 2964 	 548
1788204732361 	 472 	 200 	 2965 	 548
1788204732542 	 305 	 200 	 2966 	 548
1788204732367 	 485 	 200 	 2967 	 547
1788204732475 	 381 	 200 	 2968 	 546
1788204732636 	 306 	 200 	 2969 	 550
1788204732638 	 305 	 200 	 2970 	 549
1788204732650 	 295 	 200 	 2971 	 549
1788204732854 	 95 	 200 	 2972 	 548
1788204732544 	 415 	 200 	 2973 	 547
1788204732748 	 214 	 200 	 2974 	 546
1788204732652 	 380 	 200 	 2975 	 549
1788204732546 	 488 	 200 	 2976 	 548
1788204732638 	 390 	 200 	 2977 	 547
1788204732836 	 203 	 200 	 2978 	 547
1788204732952 	 92 	 200 	 2979 	 546
1788204732640 	 405 	 200 	 2980 	 545
1788204732643 	 406 	 200 	 2981 	 544
1788204732802 	 254 	 200 	 2982 	 544
1788204732947 	 197 	 200 	 2983 	 547
1788204732858 	 286 	 200 	 2984 	 546
1788204733038 	 119 	 200 	 2985 	 545
1788204732945 	 288 	 200 	 2986 	 547
1788204732943 	 291 	 200 	 2987 	 546
1788204732964 	 275 	 200 	 2988 	 545
1788204732370 	 880 	 200 	 2989 	 545
1788204732849 	 401 	 200 	 2990 	 544
1788204733150 	 110 	 200 	 2991 	 544
1788204733146 	 195 	 200 	 2992 	 550
1788204733046 	 311 	 200 	 2993 	 550
1788204733058 	 299 	 200 	 2994 	 549
1788204733159 	 281 	 200 	 2995 	 549
1788204732960 	 488 	 200 	 2996 	 549
1788204733262 	 191 	 200 	 2997 	 548
1788204733048 	 405 	 200 	 2998 	 547
1788204733052 	 406 	 200 	 2999 	 547
1788204733243 	 296 	 200 	 3000 	 552
1788204733236 	 303 	 200 	 3001 	 551
1788204733041 	 511 	 200 	 3002 	 550
1788204733035 	 523 	 200 	 3003 	 551
1788204733035 	 528 	 200 	 3004 	 550
1788204733442 	 214 	 200 	 3005 	 554
1788204733344 	 314 	 200 	 3006 	 553
1788204733463 	 284 	 200 	 3007 	 557
1788204733359 	 390 	 200 	 3008 	 556
1788204733458 	 301 	 200 	 3009 	 555
1788204733362 	 411 	 200 	 3010 	 554
1788204733761 	 102 	 200 	 3011 	 558
1788204733541 	 402 	 200 	 3012 	 560
1788204733253 	 694 	 200 	 3013 	 559
1788204733540 	 425 	 200 	 3014 	 559
1788204733866 	 176 	 200 	 3015 	 561
1788204733255 	 796 	 200 	 3016 	 560
1788204733455 	 596 	 200 	 3017 	 559
1788204733451 	 609 	 200 	 3018 	 558
1788204733751 	 301 	 200 	 3019 	 558
1788204733660 	 484 	 200 	 3020 	 561
1788204734043 	 110 	 200 	 3021 	 560
1788204733967 	 194 	 200 	 3022 	 559
1788204734063 	 103 	 200 	 3023 	 558
1788204733561 	 603 	 200 	 3024 	 557
1788204733565 	 607 	 200 	 3025 	 556
1788204733658 	 513 	 200 	 3026 	 557
1788204733950 	 289 	 200 	 3027 	 559
1788204734066 	 182 	 200 	 3028 	 560
1788204733554 	 697 	 200 	 3029 	 559
1788204733749 	 508 	 200 	 3030 	 558
1788204734056 	 210 	 200 	 3031 	 557
1788204734055 	 281 	 200 	 3032 	 561
1788204734156 	 189 	 200 	 3033 	 560
1788204733775 	 664 	 200 	 3034 	 568
1788204733945 	 508 	 200 	 3035 	 568
1788204734162 	 290 	 200 	 3036 	 567
1788204734147 	 314 	 200 	 3037 	 566
1788204734168 	 291 	 200 	 3038 	 565
1788204734241 	 220 	 200 	 3039 	 564
1788204734174 	 366 	 200 	 3040 	 564
1788204734250 	 291 	 200 	 3041 	 563
1788204734265 	 277 	 200 	 3042 	 562
1788204734269 	 277 	 200 	 3043 	 561
1788204734168 	 382 	 200 	 3044 	 560
1788204734177 	 379 	 200 	 3045 	 559
1788204734350 	 211 	 200 	 3046 	 559
1788204734254 	 304 	 200 	 3047 	 558
1788204734456 	 277 	 200 	 3048 	 562
1788204734467 	 267 	 200 	 3049 	 562
1788204734459 	 287 	 200 	 3050 	 561
1788204734441 	 321 	 200 	 3051 	 562
1788204734465 	 391 	 200 	 3052 	 569
1788204734464 	 394 	 200 	 3053 	 568
1788204734343 	 518 	 200 	 3054 	 567
1788204734558 	 395 	 200 	 3055 	 568
1788204734543 	 509 	 200 	 3056 	 573
1788204734542 	 601 	 200 	 3057 	 577
1788204734860 	 296 	 200 	 3058 	 576
1788204734554 	 604 	 200 	 3059 	 575
1788204734563 	 601 	 200 	 3060 	 574
1788204734545 	 617 	 200 	 3061 	 573
1788204734864 	 306 	 200 	 3062 	 572
1788204734744 	 497 	 200 	 3063 	 576
1788204734748 	 494 	 200 	 3064 	 575
1788204734549 	 698 	 200 	 3065 	 574
1788204734737 	 511 	 200 	 3066 	 573
1788204734566 	 779 	 200 	 3067 	 577
1788204734764 	 580 	 200 	 3068 	 576
1788204735055 	 297 	 200 	 3069 	 575
1788204735149 	 210 	 200 	 3070 	 574
1788204734955 	 478 	 200 	 3071 	 578
1788204735159 	 277 	 200 	 3072 	 577
1788204735161 	 282 	 200 	 3073 	 576
1788204735250 	 199 	 200 	 3074 	 576
1788204735171 	 284 	 200 	 3075 	 575
1788204735244 	 212 	 200 	 3076 	 574
1788204735167 	 366 	 200 	 3077 	 575
1788204735253 	 281 	 200 	 3078 	 574
1788204734863 	 668 	 200 	 3079 	 573
1788204735174 	 364 	 200 	 3080 	 572
1788204735243 	 390 	 200 	 3081 	 572
1788204735351 	 295 	 200 	 3082 	 571
1788204735347 	 305 	 200 	 3083 	 570
1788204735355 	 301 	 200 	 3084 	 569
1788204735435 	 300 	 200 	 3085 	 568
1788204735538 	 198 	 200 	 3086 	 567
1788204735364 	 379 	 200 	 3087 	 566
1788204735458 	 395 	 200 	 3088 	 571
1788204735445 	 415 	 200 	 3089 	 570
1788204735535 	 325 	 200 	 3090 	 569
1788204735443 	 421 	 200 	 3091 	 568
1788204735452 	 412 	 200 	 3092 	 567
1788204735537 	 425 	 200 	 3093 	 570
1788204735462 	 584 	 200 	 3094 	 574
1788204735540 	 507 	 200 	 3095 	 574
1788204735855 	 200 	 200 	 3096 	 573
1788204735660 	 482 	 200 	 3097 	 576
1788204735867 	 283 	 200 	 3098 	 575
1788204735648 	 595 	 200 	 3099 	 584
1788204735656 	 595 	 200 	 3100 	 583
1788204735738 	 514 	 200 	 3101 	 582
1788204735637 	 623 	 200 	 3102 	 582
1788204735871 	 395 	 200 	 3103 	 582
1788204736049 	 288 	 200 	 3104 	 585
1788204735964 	 375 	 200 	 3105 	 584
1788204736053 	 293 	 200 	 3106 	 583
1788204736152 	 196 	 200 	 3107 	 583
1788204735868 	 487 	 200 	 3108 	 582
1788204735746 	 615 	 200 	 3109 	 582
1788204736247 	 191 	 200 	 3110 	 584
1788204735862 	 579 	 200 	 3111 	 583
1788204736144 	 316 	 200 	 3112 	 582
1788204736341 	 127 	 200 	 3113 	 581
1788204736263 	 277 	 200 	 3114 	 583
1788204736255 	 289 	 200 	 3115 	 584
1788204736258 	 289 	 200 	 3116 	 583
1788204736268 	 286 	 200 	 3117 	 582
1788204736059 	 582 	 200 	 3118 	 586
1788204736351 	 297 	 200 	 3119 	 586
1788204736470 	 187 	 200 	 3120 	 587
1788204736443 	 300 	 200 	 3121 	 592
1788204736364 	 386 	 200 	 3122 	 591
1788204736543 	 221 	 200 	 3123 	 592
1788204736552 	 287 	 200 	 3124 	 592
1788204736767 	 79 	 200 	 3125 	 592
1788204736548 	 311 	 200 	 3126 	 593
1788204736441 	 420 	 200 	 3127 	 592
1788204736651 	 215 	 200 	 3128 	 591
1788204736557 	 315 	 200 	 3129 	 590
1788204736745 	 197 	 200 	 3130 	 597
1788204736842 	 114 	 200 	 3131 	 597
1788204736348 	 616 	 200 	 3132 	 596
1788204736358 	 792 	 200 	 3133 	 608
1788204736462 	 693 	 200 	 3134 	 607
1788204736848 	 308 	 200 	 3135 	 606
1788204736659 	 580 	 200 	 3136 	 608
1788204736751 	 507 	 200 	 3137 	 607
1788204736958 	 384 	 200 	 3138 	 611
1788204736869 	 478 	 200 	 3139 	 610
1788204736341 	 1053 	 200 	 3140 	 610
1788204736875 	 562 	 200 	 3141 	 612
1788204736871 	 569 	 200 	 3142 	 611
1788204736864 	 576 	 200 	 3143 	 610
1788204737158 	 301 	 200 	 3144 	 609
1788204736643 	 850 	 200 	 3145 	 608
1788204736966 	 572 	 200 	 3146 	 609
1788204737153 	 386 	 200 	 3147 	 608
1788204737242 	 312 	 200 	 3148 	 610
1788204737440 	 124 	 200 	 3149 	 609
1788204736945 	 697 	 200 	 3150 	 615
1788204737349 	 308 	 200 	 3151 	 618
1788204737443 	 300 	 200 	 3152 	 622
1788204737565 	 179 	 200 	 3153 	 621
1788204737443 	 309 	 200 	 3154 	 621
1788204737395 	 362 	 200 	 3155 	 620
1788204737460 	 374 	 200 	 3156 	 623
1788204737644 	 200 	 200 	 3157 	 622
1788204737558 	 291 	 200 	 3158 	 621
1788204737260 	 635 	 200 	 3159 	 627
1788204737159 	 790 	 200 	 3160 	 626
1788204737541 	 422 	 200 	 3161 	 626
1788204737851 	 113 	 200 	 3162 	 625
1788204737965 	 81 	 200 	 3163 	 627
1788204737496 	 560 	 200 	 3164 	 626
1788204737758 	 302 	 200 	 3165 	 625
1788204737542 	 600 	 200 	 3166 	 627
1788204737660 	 495 	 200 	 3167 	 627
1788204735742 	 2418 	 200 	 3168 	 626
1788204737755 	 408 	 200 	 3169 	 625
1788204737847 	 318 	 200 	 3170 	 624
1788204737750 	 484 	 200 	 3171 	 626
1788204737746 	 497 	 200 	 3172 	 625
1788204737836 	 427 	 200 	 3173 	 624
1788204737966 	 370 	 200 	 3174 	 626
1788204738062 	 273 	 200 	 3175 	 625
1788204738051 	 284 	 200 	 3176 	 625
1788204737345 	 1004 	 200 	 3177 	 624
1788204738158 	 186 	 200 	 3178 	 623
1788204738144 	 211 	 200 	 3179 	 622
1788204737897 	 536 	 200 	 3180 	 629
1788204738162 	 271 	 200 	 3181 	 628
1788204738166 	 271 	 200 	 3182 	 627
1788204738169 	 364 	 200 	 3183 	 633
1788204738352 	 190 	 200 	 3184 	 632
1788204738338 	 205 	 200 	 3185 	 631
1788204737951 	 594 	 200 	 3186 	 630
1788204738439 	 122 	 200 	 3187 	 630
1788204738358 	 203 	 200 	 3188 	 630
1788204738266 	 299 	 200 	 3189 	 629
1788204738435 	 133 	 200 	 3190 	 628
1788204738236 	 363 	 200 	 3191 	 628
1788204738535 	 109 	 200 	 3192 	 628
1788204738058 	 696 	 200 	 3193 	 630
1788204738550 	 203 	 200 	 3194 	 630
1788204738247 	 515 	 200 	 3195 	 629
1788204738342 	 423 	 200 	 3196 	 628
1788204738355 	 409 	 200 	 3197 	 627
1788204738564 	 278 	 200 	 3198 	 630
1788204738544 	 299 	 200 	 3199 	 629
1788204738348 	 498 	 200 	 3200 	 628
1788204738436 	 427 	 200 	 3201 	 629
1788204738767 	 99 	 200 	 3202 	 628
1788204738568 	 390 	 200 	 3203 	 634
1788204738571 	 390 	 200 	 3204 	 633
1788204738573 	 392 	 200 	 3205 	 632
1788204738546 	 420 	 200 	 3206 	 631
1788204738846 	 194 	 200 	 3207 	 637
1788204738602 	 448 	 200 	 3208 	 636
1788204738645 	 407 	 200 	 3209 	 635
1788204738760 	 303 	 200 	 3210 	 635
1788204738850 	 290 	 200 	 3211 	 637
1788204738845 	 295 	 200 	 3212 	 636
1788204738757 	 385 	 200 	 3213 	 635
1788204738772 	 371 	 200 	 3214 	 634
1788204739041 	 113 	 200 	 3215 	 633
1788204738960 	 272 	 200 	 3216 	 634
1788204738864 	 372 	 200 	 3217 	 633
1788204738967 	 274 	 200 	 3218 	 632
1788204739056 	 194 	 200 	 3219 	 631
1788204739141 	 193 	 200 	 3220 	 636
1788204738868 	 471 	 200 	 3221 	 635
1788204738969 	 381 	 200 	 3222 	 634
1788204739052 	 303 	 200 	 3223 	 633
1788204738963 	 470 	 200 	 3224 	 636
1788204739066 	 382 	 200 	 3225 	 636
1788204739146 	 307 	 200 	 3226 	 636
1788204738764 	 697 	 200 	 3227 	 635
1788204739156 	 309 	 200 	 3228 	 636
1788204739239 	 299 	 200 	 3229 	 640
1788204739253 	 288 	 200 	 3230 	 639
1788204733234 	 6310 	 200 	 3231 	 638
1788204739143 	 406 	 200 	 3232 	 637
1788204739243 	 308 	 200 	 3233 	 638
1788204739235 	 316 	 200 	 3234 	 637
1788204739144 	 410 	 200 	 3235 	 636
1788204739435 	 128 	 200 	 3236 	 635
1788204739357 	 289 	 200 	 3237 	 637
1788204739342 	 309 	 200 	 3238 	 636
1788204739463 	 270 	 200 	 3239 	 643
1788204739455 	 288 	 200 	 3240 	 643
1788204739353 	 396 	 200 	 3241 	 642
1788204739540 	 218 	 200 	 3242 	 642
1788204739468 	 294 	 200 	 3243 	 641
1788204739336 	 497 	 200 	 3244 	 643
1788204739546 	 291 	 200 	 3245 	 642
1788204739451 	 387 	 200 	 3246 	 641
1788204739565 	 275 	 200 	 3247 	 640
1788204739753 	 115 	 200 	 3248 	 642
1788204739561 	 375 	 200 	 3249 	 646
1788204739654 	 292 	 200 	 3250 	 646
1788204739558 	 393 	 200 	 3251 	 645
1788204739550 	 402 	 200 	 3252 	 644
1788204739736 	 296 	 200 	 3253 	 648
1788204739650 	 383 	 200 	 3254 	 647
1788204739557 	 469 	 200 	 3255 	 646
1788204739764 	 297 	 200 	 3256 	 646
1788204739841 	 310 	 200 	 3257 	 655
1788204739838 	 318 	 200 	 3258 	 654
1788204739955 	 280 	 200 	 3259 	 660
1788204739746 	 502 	 200 	 3260 	 659
1788204739872 	 382 	 200 	 3261 	 658
1788204739835 	 421 	 200 	 3262 	 657
1788204740039 	 231 	 200 	 3263 	 656
1788204739842 	 498 	 200 	 3264 	 659
1788204739544 	 809 	 200 	 3265 	 659
1788204739939 	 412 	 200 	 3266 	 658
1788204739950 	 418 	 200 	 3267 	 657
1788204740035 	 413 	 200 	 3268 	 661
1788204740241 	 214 	 200 	 3269 	 660
1788204739956 	 586 	 200 	 3270 	 667
1788204740153 	 394 	 200 	 3271 	 666
1788204740036 	 517 	 200 	 3272 	 665
1788204739760 	 796 	 200 	 3273 	 664
1788204740355 	 206 	 200 	 3274 	 664
1788204740260 	 306 	 200 	 3275 	 663
1788204740158 	 408 	 200 	 3276 	 662
1788204740250 	 319 	 200 	 3277 	 661
1788204740341 	 293 	 200 	 3278 	 662
1788204740456 	 277 	 200 	 3279 	 662
1788204740370 	 373 	 200 	 3280 	 662
1788204740063 	 687 	 200 	 3281 	 662
1788204740272 	 470 	 200 	 3282 	 661
1788204740554 	 278 	 200 	 3283 	 671
1788204740449 	 388 	 200 	 3284 	 670
1788204740569 	 364 	 200 	 3285 	 674
1788204740549 	 385 	 200 	 3286 	 673
1788204740564 	 371 	 200 	 3287 	 672
1788204740257 	 678 	 200 	 3288 	 671
1788204740544 	 394 	 200 	 3289 	 670
1788204740559 	 376 	 200 	 3290 	 669
1788204740756 	 208 	 200 	 3291 	 669
1788204740360 	 673 	 200 	 3292 	 674
1788204740573 	 462 	 200 	 3293 	 673
1788204740572 	 464 	 200 	 3294 	 672
1788204740736 	 299 	 200 	 3295 	 671
1788204740636 	 401 	 200 	 3296 	 670
1788204740748 	 292 	 200 	 3297 	 669
1788204740759 	 285 	 200 	 3298 	 669
1788204740840 	 294 	 200 	 3299 	 671
1788204740937 	 204 	 200 	 3300 	 670
1788204740835 	 304 	 200 	 3301 	 669
1788204740940 	 302 	 200 	 3302 	 671
1788204740940 	 309 	 200 	 3303 	 670
1788204740938 	 325 	 200 	 3304 	 669
1788204741041 	 295 	 200 	 3305 	 673
1788204741035 	 307 	 200 	 3306 	 672
1788204740935 	 412 	 200 	 3307 	 671
1788204741039 	 301 	 200 	 3308 	 670
1788204741047 	 305 	 200 	 3309 	 669
1788204741039 	 322 	 200 	 3310 	 668
1788204741137 	 227 	 200 	 3311 	 667
1788204740941 	 515 	 200 	 3312 	 668
1788204741038 	 426 	 200 	 3313 	 667
1788204740967 	 497 	 200 	 3314 	 666
1788204741149 	 323 	 200 	 3315 	 665
1788204741043 	 501 	 200 	 3316 	 666
1788204741338 	 209 	 200 	 3317 	 665
1788204741250 	 302 	 200 	 3318 	 664
1788204741366 	 199 	 200 	 3319 	 663
1788204741244 	 390 	 200 	 3320 	 664
1788204741363 	 292 	 200 	 3321 	 665
1788204741355 	 390 	 200 	 3322 	 666
1788204741344 	 407 	 200 	 3323 	 665
1788204741143 	 611 	 200 	 3324 	 664
1788204741471 	 288 	 200 	 3325 	 663
1788204741546 	 295 	 200 	 3326 	 667
1788204741359 	 483 	 200 	 3327 	 666
1788204741349 	 497 	 200 	 3328 	 665
1788204741474 	 381 	 200 	 3329 	 665
1788204741458 	 397 	 200 	 3330 	 664
1788204741467 	 396 	 200 	 3331 	 664
1788204741550 	 315 	 200 	 3332 	 664
1788204741555 	 396 	 200 	 3333 	 667
1788204741567 	 389 	 200 	 3334 	 666
1788204741658 	 377 	 200 	 3335 	 666
1788204741749 	 297 	 200 	 3336 	 665
1788204741265 	 777 	 200 	 3337 	 664
1788204741636 	 408 	 200 	 3338 	 663
1788204741757 	 377 	 200 	 3339 	 668
1788204741870 	 288 	 200 	 3340 	 669
1788204741853 	 378 	 200 	 3341 	 672
1788204741860 	 380 	 200 	 3342 	 671
1788204741761 	 480 	 200 	 3343 	 670
1788204741959 	 293 	 200 	 3344 	 669
1788204741868 	 391 	 200 	 3345 	 668
1788204742137 	 127 	 200 	 3346 	 669
1788204741953 	 313 	 200 	 3347 	 668
1788204742056 	 284 	 200 	 3348 	 675
1788204741845 	 502 	 200 	 3349 	 675
1788204742234 	 124 	 200 	 3350 	 674
1788204742255 	 181 	 200 	 3351 	 678
1788204741863 	 573 	 200 	 3352 	 677
1788204742049 	 405 	 200 	 3353 	 676
1788204742054 	 407 	 200 	 3354 	 676
1788204741764 	 702 	 200 	 3355 	 675
1788204742161 	 306 	 200 	 3356 	 674
1788204742038 	 433 	 200 	 3357 	 673
1788204742270 	 197 	 200 	 3358 	 672
1788204741849 	 690 	 200 	 3359 	 675
1788204742242 	 306 	 200 	 3360 	 675
1788204742244 	 309 	 200 	 3361 	 674
1788204742260 	 375 	 200 	 3362 	 675
1788204742350 	 284 	 200 	 3363 	 674
1788204742343 	 293 	 200 	 3364 	 673
1788204742267 	 374 	 200 	 3365 	 672
1788204742444 	 196 	 200 	 3366 	 671
1788204742439 	 294 	 200 	 3367 	 676
1788204742475 	 267 	 200 	 3368 	 676
1788204742360 	 387 	 200 	 3369 	 675
1788204742473 	 280 	 200 	 3370 	 674
1788204742470 	 370 	 200 	 3371 	 677
1788204742637 	 216 	 200 	 3372 	 677
1788204742463 	 468 	 200 	 3373 	 679
1788204742643 	 294 	 200 	 3374 	 678
1788204742477 	 457 	 200 	 3375 	 678
1788204742550 	 396 	 200 	 3376 	 677
1788204742554 	 393 	 200 	 3377 	 676
1788204742458 	 478 	 200 	 3378 	 675
1788204742542 	 399 	 200 	 3379 	 674
1788204742646 	 311 	 200 	 3380 	 673
1788204742641 	 415 	 200 	 3381 	 675
1788204742952 	 194 	 200 	 3382 	 680
1788204742640 	 511 	 200 	 3383 	 679
1788204742749 	 451 	 200 	 3384 	 679
1788204742736 	 499 	 200 	 3385 	 680
1788204742959 	 280 	 200 	 3386 	 681
1788204742843 	 416 	 200 	 3387 	 682
1788204742755 	 508 	 200 	 3388 	 681
1788204742950 	 316 	 200 	 3389 	 680
1788204742944 	 322 	 200 	 3390 	 679
1788204743148 	 201 	 200 	 3391 	 684
1788204742744 	 614 	 200 	 3392 	 683
1788204742964 	 395 	 200 	 3393 	 682
1788204742935 	 498 	 200 	 3394 	 683
1788204742940 	 493 	 200 	 3395 	 682
1788204742855 	 581 	 200 	 3396 	 681
1788204743058 	 401 	 200 	 3397 	 682
1788204743271 	 203 	 200 	 3398 	 682
1788204743202 	 273 	 200 	 3399 	 681
1788204743237 	 298 	 200 	 3400 	 683
1788204743153 	 384 	 200 	 3401 	 682
1788204743265 	 289 	 200 	 3402 	 683
1788204743243 	 318 	 200 	 3403 	 682
1788204743269 	 291 	 200 	 3404 	 681
1788204743363 	 272 	 200 	 3405 	 682
1788204743262 	 384 	 200 	 3406 	 681
1788204743438 	 222 	 200 	 3407 	 681
1788204743479 	 259 	 200 	 3408 	 683
1788204743352 	 382 	 200 	 3409 	 682
1788204743462 	 273 	 200 	 3410 	 681
1788204742956 	 786 	 200 	 3411 	 680
1788204743436 	 403 	 200 	 3412 	 683
1788204743476 	 362 	 200 	 3413 	 683
1788204743362 	 481 	 200 	 3414 	 682
1788204743541 	 311 	 200 	 3415 	 682
1788204743436 	 421 	 200 	 3416 	 681
1788204743637 	 223 	 200 	 3417 	 680
1788204743536 	 396 	 200 	 3418 	 682
1788204743648 	 286 	 200 	 3419 	 681
1788204743565 	 372 	 200 	 3420 	 680
1788204743563 	 378 	 200 	 3421 	 679
1788204743745 	 290 	 200 	 3422 	 683
1788204743662 	 374 	 200 	 3423 	 682
1788204743558 	 486 	 200 	 3424 	 681
1788204743934 	 119 	 200 	 3425 	 680
1788204743845 	 207 	 200 	 3426 	 679
1788204743741 	 395 	 200 	 3427 	 681
1788204743841 	 303 	 200 	 3428 	 680
1788204743849 	 385 	 200 	 3429 	 686
1788204743740 	 497 	 200 	 3430 	 685
1788204743943 	 304 	 200 	 3431 	 684
1788204743867 	 385 	 200 	 3432 	 683
1788204743750 	 507 	 200 	 3433 	 682
1788204743861 	 469 	 200 	 3434 	 687
1788204743936 	 416 	 200 	 3435 	 686
1788204744057 	 382 	 200 	 3436 	 692
1788204744037 	 418 	 200 	 3437 	 691
1788204744055 	 406 	 200 	 3438 	 690
1788204743938 	 528 	 200 	 3439 	 690
1788204744041 	 423 	 200 	 3440 	 689
1788204744047 	 486 	 200 	 3441 	 691
1788204744236 	 296 	 200 	 3442 	 690
1788204744259 	 290 	 200 	 3443 	 690
1788204744250 	 349 	 200 	 3444 	 694
1788204744139 	 507 	 200 	 3445 	 698
1788204744468 	 188 	 200 	 3446 	 698
1788204744464 	 194 	 200 	 3447 	 697
1788204744601 	 66 	 200 	 3448 	 696
1788204744336 	 404 	 200 	 3449 	 700
1788204744148 	 599 	 200 	 3450 	 699
1788204744442 	 396 	 200 	 3451 	 702
1788204744648 	 194 	 200 	 3452 	 701
1788204744661 	 182 	 200 	 3453 	 700
1788204744535 	 311 	 200 	 3454 	 699
1788204744255 	 594 	 200 	 3455 	 698
1788204744658 	 196 	 200 	 3456 	 697
1788204744459 	 490 	 200 	 3457 	 699
1788204744535 	 423 	 200 	 3458 	 698
1788204743854 	 1185 	 200 	 3459 	 698
1788204744668 	 373 	 200 	 3460 	 697
1788204744750 	 300 	 200 	 3461 	 696
1788204744845 	 211 	 200 	 3462 	 695
1788204744744 	 314 	 200 	 3463 	 694
1788204744852 	 281 	 200 	 3464 	 698
1788204744551 	 591 	 200 	 3465 	 697
1788204744354 	 810 	 200 	 3466 	 698
1788204744847 	 327 	 200 	 3467 	 699
1788204744470 	 778 	 200 	 3468 	 705
1788204745043 	 209 	 200 	 3469 	 706
1788204744961 	 298 	 200 	 3470 	 705
1788204744846 	 410 	 200 	 3471 	 704
1788204745136 	 129 	 200 	 3472 	 703
1788204744840 	 429 	 200 	 3473 	 702
1788204745041 	 223 	 200 	 3474 	 701
1788204745057 	 297 	 200 	 3475 	 703
1788204745176 	 257 	 200 	 3476 	 704
1788204744952 	 482 	 200 	 3477 	 703
1788204745167 	 270 	 200 	 3478 	 702
1788204745263 	 181 	 200 	 3479 	 701
1788204745145 	 309 	 200 	 3480 	 700
1788204745261 	 239 	 200 	 3481 	 700
1788204745357 	 177 	 200 	 3482 	 702
1788204745251 	 281 	 200 	 3483 	 701
1788204745273 	 269 	 200 	 3484 	 700
1788204745257 	 301 	 200 	 3485 	 700
1788204745435 	 128 	 200 	 3486 	 700
1788204745270 	 372 	 200 	 3487 	 705
1788204745441 	 300 	 200 	 3488 	 707
1788204745436 	 315 	 200 	 3489 	 707
1788204745564 	 195 	 200 	 3490 	 706
1788204745536 	 232 	 200 	 3491 	 705
1788204745446 	 402 	 200 	 3492 	 706
1788204745053 	 803 	 200 	 3493 	 706
1788204745267 	 594 	 200 	 3494 	 706
1788204745501 	 439 	 200 	 3495 	 705
1788204745458 	 482 	 200 	 3496 	 704
1788204745536 	 406 	 200 	 3497 	 703
1788204745060 	 935 	 200 	 3498 	 705
1788204745742 	 315 	 200 	 3499 	 708
1788204745864 	 196 	 200 	 3500 	 707
1788204745753 	 306 	 200 	 3501 	 706
1788204745544 	 520 	 200 	 3502 	 705
1788204745942 	 204 	 200 	 3503 	 708
1788204745560 	 592 	 200 	 3504 	 707
1788204745771 	 389 	 200 	 3505 	 706
1788204745645 	 516 	 200 	 3506 	 705
1788204746064 	 103 	 200 	 3507 	 705
1788204745761 	 483 	 200 	 3508 	 704
1788204745942 	 309 	 200 	 3509 	 703
1788204745859 	 415 	 200 	 3510 	 702
1788204746148 	 208 	 200 	 3511 	 706
1788204746163 	 205 	 200 	 3512 	 705
1788204746067 	 388 	 200 	 3513 	 708
1788204746067 	 388 	 200 	 3514 	 707
1788204746061 	 479 	 200 	 3515 	 710
1788204746155 	 399 	 200 	 3516 	 710
1788204746359 	 200 	 200 	 3517 	 709
1788204746247 	 316 	 200 	 3518 	 708
1788204745998 	 565 	 200 	 3519 	 707
1788204745943 	 710 	 200 	 3520 	 711
1788204746276 	 383 	 200 	 3521 	 710
1788204745850 	 894 	 200 	 3522 	 715
1788204746370 	 376 	 200 	 3523 	 714
1788204746562 	 201 	 200 	 3524 	 713
1788204746751 	 93 	 200 	 3525 	 718
1788204746169 	 778 	 200 	 3526 	 725
1788204746166 	 788 	 200 	 3527 	 724
1788204746458 	 498 	 200 	 3528 	 724
1788204746556 	 400 	 200 	 3529 	 723
1788204746459 	 588 	 200 	 3530 	 724
1788204746846 	 212 	 200 	 3531 	 723
1788204746543 	 521 	 200 	 3532 	 722
1788204747059 	 97 	 200 	 3533 	 725
1788204746662 	 578 	 200 	 3534 	 728
1788204746655 	 596 	 200 	 3535 	 728
1788204747067 	 194 	 200 	 3536 	 728
1788204746765 	 496 	 200 	 3537 	 727
1788204747158 	 107 	 200 	 3538 	 727
1788204746963 	 379 	 200 	 3539 	 734
1788204746948 	 398 	 200 	 3540 	 733
1788204746961 	 389 	 200 	 3541 	 732
1788204746567 	 786 	 200 	 3542 	 731
1788204747049 	 306 	 200 	 3543 	 730
1788204747242 	 201 	 200 	 3544 	 733
1788204747264 	 182 	 200 	 3545 	 732
1788204746956 	 498 	 200 	 3546 	 731
1788204747264 	 193 	 200 	 3547 	 730
1788204747357 	 103 	 200 	 3548 	 729
1788204747255 	 289 	 200 	 3549 	 736
1788204746566 	 987 	 200 	 3550 	 735
1788204747269 	 292 	 200 	 3551 	 734
1788204747444 	 151 	 200 	 3552 	 737
1788204747554 	 190 	 200 	 3553 	 746
1788204747548 	 198 	 200 	 3554 	 746
1788204747457 	 304 	 200 	 3555 	 745
1788204746749 	 1091 	 200 	 3556 	 746
1788204747748 	 192 	 200 	 3557 	 751
1788204747464 	 483 	 200 	 3558 	 750
1788204747448 	 501 	 200 	 3559 	 749
1788204747597 	 354 	 200 	 3560 	 749
1788204747764 	 184 	 200 	 3561 	 748
1788204747749 	 284 	 200 	 3562 	 750
1788204747345 	 692 	 200 	 3563 	 749
1788204747352 	 697 	 200 	 3564 	 748
1788204747961 	 103 	 200 	 3565 	 747
1788204747359 	 879 	 200 	 3566 	 752
1788204747563 	 677 	 200 	 3567 	 751
1788204744856 	 3396 	 200 	 3568 	 751
1788204748037 	 218 	 200 	 3569 	 750
1788204744246 	 4015 	 200 	 3570 	 749
1788204747958 	 385 	 200 	 3571 	 751
1788204747842 	 505 	 200 	 3572 	 750
1788204747955 	 398 	 200 	 3573 	 751
1788204748066 	 297 	 200 	 3574 	 750
1788204747953 	 407 	 200 	 3575 	 749
1788204747462 	 900 	 200 	 3576 	 748
1788204748052 	 320 	 200 	 3577 	 747
1788204748039 	 334 	 200 	 3578 	 746
1788204747944 	 428 	 200 	 3579 	 745
1788204747348 	 1110 	 200 	 3580 	 748
1788204748242 	 233 	 200 	 3581 	 747
1788204748241 	 236 	 200 	 3582 	 746
1788204748345 	 203 	 200 	 3583 	 747
1788204748356 	 197 	 200 	 3584 	 746
1788204748379 	 178 	 200 	 3585 	 745
1788204748257 	 306 	 200 	 3586 	 745
1788204748376 	 274 	 200 	 3587 	 752
1788204748553 	 204 	 200 	 3588 	 758
1788204748557 	 283 	 200 	 3589 	 761
1788204748370 	 474 	 200 	 3590 	 760
1788204748760 	 85 	 200 	 3591 	 759
1788204748479 	 388 	 200 	 3592 	 764
1788204748461 	 485 	 200 	 3593 	 767
1788204748560 	 391 	 200 	 3594 	 766
1788204748652 	 303 	 200 	 3595 	 765
1788204748381 	 578 	 200 	 3596 	 764
1788204748478 	 480 	 200 	 3597 	 763
1788204748368 	 599 	 200 	 3598 	 762
1788204748350 	 615 	 200 	 3599 	 761
1788204748263 	 780 	 200 	 3600 	 763
1788204748842 	 209 	 200 	 3601 	 762
1788204748846 	 289 	 200 	 3602 	 763
1788204748566 	 580 	 200 	 3603 	 762
1788204748847 	 309 	 200 	 3604 	 761
1788204748948 	 289 	 200 	 3605 	 764
1788204749046 	 200 	 200 	 3606 	 763
1788204748869 	 384 	 200 	 3607 	 762
1788204748965 	 289 	 200 	 3608 	 761
1788204749159 	 102 	 200 	 3609 	 760
1788204748972 	 288 	 200 	 3610 	 759
1788204748257 	 1006 	 200 	 3611 	 758
1788204746254 	 3013 	 200 	 3612 	 757
1788204749054 	 214 	 200 	 3613 	 757
1788204748957 	 317 	 200 	 3614 	 756
1788204748962 	 311 	 200 	 3615 	 755
1788204749137 	 196 	 200 	 3616 	 759
1788204748969 	 376 	 200 	 3617 	 760
1788204749335 	 105 	 200 	 3618 	 760
1788204749240 	 206 	 200 	 3619 	 759
1788204749250 	 214 	 200 	 3620 	 759
1788204749148 	 385 	 200 	 3621 	 758
1788204749256 	 277 	 200 	 3622 	 757
1788204748953 	 589 	 200 	 3623 	 756
1788204749264 	 285 	 200 	 3624 	 755
1788204749272 	 283 	 200 	 3625 	 754
1788204749277 	 358 	 200 	 3626 	 754
1788204749270 	 373 	 200 	 3627 	 753
1788204749281 	 369 	 200 	 3628 	 752
1788204749279 	 382 	 200 	 3629 	 751
1788204749448 	 219 	 200 	 3630 	 750
1788204749536 	 135 	 200 	 3631 	 749
1788204749467 	 206 	 200 	 3632 	 748
1788204749535 	 225 	 200 	 3633 	 751
1788204749255 	 501 	 200 	 3634 	 750
1788204749544 	 220 	 200 	 3635 	 749
1788204749556 	 216 	 200 	 3636 	 748
1788204749645 	 257 	 200 	 3637 	 754
1788204749637 	 304 	 200 	 3638 	 754
1788204749552 	 396 	 200 	 3639 	 756
1788204749273 	 685 	 200 	 3640 	 756
1788204749763 	 201 	 200 	 3641 	 755
1788204749652 	 315 	 200 	 3642 	 754
1788204749675 	 360 	 200 	 3643 	 756
1788204749669 	 371 	 200 	 3644 	 755
1788204749672 	 375 	 200 	 3645 	 754
1788204749775 	 362 	 200 	 3646 	 758
1788204749767 	 372 	 200 	 3647 	 757
1788204749943 	 204 	 200 	 3648 	 756
1788204749903 	 249 	 200 	 3649 	 755
1788204749349 	 797 	 200 	 3650 	 755
1788204749966 	 196 	 200 	 3651 	 754
1788204749762 	 397 	 200 	 3652 	 753
1788204749442 	 806 	 200 	 3653 	 753
1788204750049 	 202 	 200 	 3654 	 752
1788204750037 	 302 	 200 	 3655 	 754
1788204750043 	 300 	 200 	 3656 	 753
1788204750140 	 211 	 200 	 3657 	 753
1788204749952 	 486 	 200 	 3658 	 756
1788204749663 	 777 	 200 	 3659 	 755
1788204750154 	 286 	 200 	 3660 	 754
1788204749969 	 482 	 200 	 3661 	 755
1788204749961 	 497 	 200 	 3662 	 754
1788204750150 	 318 	 200 	 3663 	 754
1788204750347 	 185 	 200 	 3664 	 758
1788204750254 	 279 	 200 	 3665 	 757
1788204750167 	 367 	 200 	 3666 	 756
1788204750165 	 372 	 200 	 3667 	 755
1788204750343 	 191 	 200 	 3668 	 754
1788204750250 	 290 	 200 	 3669 	 753
1788204750142 	 503 	 200 	 3670 	 764
1788204750159 	 488 	 200 	 3671 	 763
1788204750440 	 219 	 200 	 3672 	 762
1788204750461 	 241 	 200 	 3673 	 764
1788204750539 	 208 	 200 	 3674 	 767
1788204750542 	 211 	 200 	 3675 	 766
1788204750442 	 315 	 200 	 3676 	 765
1788204750359 	 476 	 200 	 3677 	 768
1788204750759 	 89 	 200 	 3678 	 768
1788204750471 	 380 	 200 	 3679 	 767
1788204750443 	 418 	 200 	 3680 	 767
1788204750537 	 329 	 200 	 3681 	 767
1788204750661 	 209 	 200 	 3682 	 766
1788204750836 	 36 	 200 	 3683 	 765
1788204750454 	 421 	 200 	 3684 	 764
1788204750536 	 340 	 200 	 3685 	 763
1788204750749 	 196 	 200 	 3686 	 764
1788204750755 	 194 	 200 	 3687 	 763
1788204750704 	 329 	 200 	 3688 	 764
1788204750650 	 383 	 200 	 3689 	 763
1788204750541 	 495 	 200 	 3690 	 762
1788204750536 	 497 	 200 	 3691 	 761
1788204750653 	 379 	 200 	 3692 	 761
1788204750854 	 194 	 200 	 3693 	 761
1788204750850 	 204 	 200 	 3694 	 760
1788204750947 	 191 	 200 	 3695 	 763
1788204750952 	 192 	 200 	 3696 	 762
1788204750872 	 271 	 200 	 3697 	 761
1788204750878 	 288 	 200 	 3698 	 762
1788204750863 	 302 	 200 	 3699 	 761
1788204751039 	 196 	 200 	 3700 	 766
1788204751036 	 205 	 200 	 3701 	 765
1788204750868 	 372 	 200 	 3702 	 764
1788204751035 	 206 	 200 	 3703 	 764
1788204751050 	 201 	 200 	 3704 	 764
1788204751056 	 198 	 200 	 3705 	 764
1788204751236 	 105 	 200 	 3706 	 767
1788204751169 	 183 	 200 	 3707 	 766
1788204751244 	 110 	 200 	 3708 	 765
1788204751040 	 332 	 200 	 3709 	 766
1788204751257 	 175 	 200 	 3710 	 770
1788204751169 	 270 	 200 	 3711 	 769
1788204751146 	 297 	 200 	 3712 	 768
1788204751149 	 295 	 200 	 3713 	 767
1788204751252 	 196 	 200 	 3714 	 766
1788204751038 	 415 	 200 	 3715 	 766
1788204751343 	 126 	 200 	 3716 	 766
1788204751242 	 291 	 200 	 3717 	 766
1788204751356 	 192 	 200 	 3718 	 765
1788204750880 	 679 	 200 	 3719 	 764
1788204751443 	 192 	 200 	 3720 	 772
1788204751356 	 292 	 200 	 3721 	 773
1788204750875 	 788 	 200 	 3722 	 772
1788204751445 	 300 	 200 	 3723 	 774
1788204751447 	 306 	 200 	 3724 	 773
1788204751374 	 394 	 200 	 3725 	 772
1788204751451 	 382 	 200 	 3726 	 775
1788204751554 	 281 	 200 	 3727 	 774
1788204751434 	 410 	 200 	 3728 	 775
1788204751455 	 390 	 200 	 3729 	 774
1788204751771 	 90 	 200 	 3730 	 774
1788204751651 	 212 	 200 	 3731 	 774
1788204751637 	 303 	 200 	 3732 	 781
1788204751561 	 380 	 200 	 3733 	 780
1788204751470 	 471 	 200 	 3734 	 779
1788204751245 	 714 	 200 	 3735 	 778
1788204751756 	 209 	 200 	 3736 	 777
1788204751868 	 175 	 200 	 3737 	 778
1788204751835 	 214 	 200 	 3738 	 777
1788204751837 	 216 	 200 	 3739 	 777
1788204751747 	 318 	 200 	 3740 	 776
1788204751866 	 279 	 200 	 3741 	 780
1788204751944 	 295 	 200 	 3742 	 782
1788204751942 	 299 	 200 	 3743 	 781
1788204751535 	 707 	 200 	 3744 	 780
1788204751968 	 279 	 200 	 3745 	 779
1788204752067 	 198 	 200 	 3746 	 779
1788204752045 	 217 	 200 	 3747 	 778
1788204752056 	 277 	 200 	 3748 	 781
1788204751665 	 677 	 200 	 3749 	 780
1788204751961 	 399 	 200 	 3750 	 781
1788204751846 	 590 	 200 	 3751 	 785
1788204751847 	 589 	 200 	 3752 	 784
1788204752051 	 385 	 200 	 3753 	 783
1788204752147 	 293 	 200 	 3754 	 782
1788204752240 	 200 	 200 	 3755 	 781
1788204752245 	 213 	 200 	 3756 	 781
1788204752267 	 195 	 200 	 3757 	 780
1788204752249 	 214 	 200 	 3758 	 779
1788204751141 	 1400 	 200 	 3759 	 782
1788204751945 	 604 	 200 	 3760 	 781
1788204752244 	 312 	 200 	 3761 	 782
1788204752336 	 310 	 200 	 3762 	 785
1788204752437 	 208 	 200 	 3763 	 784
1788204752363 	 300 	 200 	 3764 	 784
1788204752344 	 397 	 200 	 3765 	 784
1788204752442 	 301 	 200 	 3766 	 783
1788204752443 	 303 	 200 	 3767 	 782
1788204752460 	 288 	 200 	 3768 	 781
1788204752465 	 288 	 200 	 3769 	 780
1788204752467 	 289 	 200 	 3770 	 779
1788204752439 	 327 	 200 	 3771 	 779
1788204752666 	 129 	 200 	 3772 	 783
1788204752543 	 297 	 200 	 3773 	 785
1788204752649 	 284 	 200 	 3774 	 793
1788204752550 	 388 	 200 	 3775 	 792
1788204752648 	 285 	 200 	 3776 	 791
1788204752269 	 677 	 200 	 3777 	 790
1788204752440 	 529 	 200 	 3778 	 790
1788204752745 	 305 	 200 	 3779 	 791
1788204752760 	 297 	 200 	 3780 	 792
1788204752746 	 397 	 200 	 3781 	 801
1788204752748 	 412 	 200 	 3782 	 802
1788204752936 	 308 	 200 	 3783 	 802
1788204752751 	 500 	 200 	 3784 	 801
1788204752948 	 307 	 200 	 3785 	 801
1788204752971 	 289 	 200 	 3786 	 801
1788204752797 	 541 	 200 	 3787 	 806
1788204753060 	 279 	 200 	 3788 	 805
1788204753161 	 184 	 200 	 3789 	 805
1788204752557 	 794 	 200 	 3790 	 804
1788204753145 	 202 	 200 	 3791 	 803
1788204752767 	 687 	 200 	 3792 	 806
1788204753051 	 407 	 200 	 3793 	 805
1788204753340 	 203 	 200 	 3794 	 808
1788204753342 	 210 	 200 	 3795 	 807
1788204752843 	 710 	 200 	 3796 	 806
1788204753460 	 100 	 200 	 3797 	 805
1788204753262 	 390 	 200 	 3798 	 807
1788204753248 	 493 	 200 	 3799 	 811
1788204753349 	 409 	 200 	 3800 	 811
1788204753254 	 510 	 200 	 3801 	 810
1788204753545 	 303 	 200 	 3802 	 813
1788204753356 	 491 	 200 	 3803 	 812
1788204753559 	 292 	 200 	 3804 	 811
1788204752941 	 918 	 200 	 3805 	 810
1788204753563 	 298 	 200 	 3806 	 809
1788204752945 	 1012 	 200 	 3807 	 812
1788204753744 	 305 	 200 	 3808 	 813
1788204753353 	 794 	 200 	 3809 	 815
1788204753853 	 295 	 200 	 3810 	 814
1788204753457 	 699 	 200 	 3811 	 813
1788204753766 	 390 	 200 	 3812 	 812
1788204753655 	 584 	 200 	 3813 	 815
1788204752755 	 1485 	 200 	 3814 	 814
1788204753258 	 980 	 200 	 3815 	 813
1788204754052 	 194 	 200 	 3816 	 813
1788204753762 	 491 	 200 	 3817 	 812
1788204754154 	 103 	 200 	 3818 	 811
1788204753959 	 306 	 200 	 3819 	 810
1788204754162 	 182 	 200 	 3820 	 818
1788204753850 	 495 	 200 	 3821 	 817
1788204754241 	 207 	 200 	 3822 	 818
1788204753865 	 589 	 200 	 3823 	 817
1788204754256 	 294 	 200 	 3824 	 822
1788204753856 	 699 	 200 	 3825 	 821
1788204754243 	 313 	 200 	 3826 	 821
1788204754241 	 406 	 200 	 3827 	 825
1788204754259 	 486 	 200 	 3828 	 825
1788204754248 	 504 	 200 	 3829 	 825
1788204753863 	 894 	 200 	 3830 	 824
1788204754348 	 493 	 200 	 3831 	 831
1788204754151 	 696 	 200 	 3832 	 830
1788204754456 	 437 	 200 	 3833 	 832
1788204754560 	 383 	 200 	 3834 	 831
1788204754558 	 397 	 200 	 3835 	 830
1788204754348 	 611 	 200 	 3836 	 829
1788204754649 	 320 	 200 	 3837 	 828
1788204754749 	 304 	 200 	 3838 	 829
1788204754849 	 303 	 200 	 3839 	 833
1788204754842 	 311 	 200 	 3840 	 832
1788204754754 	 404 	 200 	 3841 	 831
1788204754759 	 402 	 200 	 3842 	 830
1788204754452 	 705 	 200 	 3843 	 829
1788204754160 	 998 	 200 	 3844 	 828
1788204754552 	 698 	 200 	 3845 	 832
1788204754945 	 314 	 200 	 3846 	 831
1788204754895 	 444 	 200 	 3847 	 835
1788204755165 	 181 	 200 	 3848 	 834
1788204755169 	 178 	 200 	 3849 	 833
1788204754961 	 402 	 200 	 3850 	 833
1788204754957 	 489 	 200 	 3851 	 838
1788204754971 	 479 	 200 	 3852 	 837
1788204755056 	 401 	 200 	 3853 	 837
1788204755340 	 199 	 200 	 3854 	 838
1788204755348 	 201 	 200 	 3855 	 837
1788204755365 	 188 	 200 	 3856 	 836
1788204755350 	 292 	 200 	 3857 	 842
1788204755261 	 391 	 200 	 3858 	 841
1788204754268 	 1399 	 200 	 3859 	 843
1788204755540 	 204 	 200 	 3860 	 847
1788204755551 	 204 	 200 	 3861 	 846
1788204755167 	 595 	 200 	 3862 	 845
1788204755156 	 609 	 200 	 3863 	 844
1788204755453 	 489 	 200 	 3864 	 855
1788204755555 	 394 	 200 	 3865 	 856
1788204755654 	 298 	 200 	 3866 	 855
1788204755646 	 318 	 200 	 3867 	 854
1788204755163 	 806 	 200 	 3868 	 853
1788204755669 	 375 	 200 	 3869 	 854
1788204755955 	 198 	 200 	 3870 	 857
1788204755951 	 293 	 200 	 3871 	 859
1788204756046 	 200 	 200 	 3872 	 858
1788204756158 	 94 	 200 	 3873 	 857
1788204755767 	 488 	 200 	 3874 	 857
1788204755764 	 578 	 200 	 3875 	 860
1788204755448 	 903 	 200 	 3876 	 859
1788204755161 	 1197 	 200 	 3877 	 858
1788204755972 	 479 	 200 	 3878 	 862
1788204755459 	 1079 	 200 	 3879 	 862
1788204756249 	 294 	 200 	 3880 	 861
1788204756246 	 308 	 200 	 3881 	 860
1788204756344 	 215 	 200 	 3882 	 859
1788204755967 	 592 	 200 	 3883 	 858
1788204755745 	 895 	 200 	 3884 	 858
1788204756258 	 390 	 200 	 3885 	 857
1788204756360 	 292 	 200 	 3886 	 857
1788204756254 	 587 	 200 	 3887 	 862
1788204756564 	 282 	 200 	 3888 	 861
1788204756354 	 494 	 200 	 3889 	 860
1788204756544 	 312 	 200 	 3890 	 860
1788204756643 	 220 	 200 	 3891 	 859
1788204756454 	 412 	 200 	 3892 	 858
1788204756656 	 297 	 200 	 3893 	 860
1788204755945 	 1096 	 200 	 3894 	 863
1788204756562 	 488 	 200 	 3895 	 862
1788204756843 	 299 	 200 	 3896 	 864
1788204756858 	 289 	 200 	 3897 	 863
1788204756848 	 297 	 200 	 3898 	 862
1788204756865 	 282 	 200 	 3899 	 861
1788204756869 	 365 	 200 	 3900 	 864
1788204756956 	 285 	 200 	 3901 	 865
1788204756852 	 388 	 200 	 3902 	 864
1788204757150 	 102 	 200 	 3903 	 863
1788204757144 	 121 	 200 	 3904 	 862
1788204755757 	 1509 	 200 	 3905 	 861
1788204757152 	 180 	 200 	 3906 	 863
1788204756540 	 813 	 200 	 3907 	 862
1788204757236 	 121 	 200 	 3908 	 862
1788204756651 	 707 	 200 	 3909 	 861
1788204757244 	 118 	 200 	 3910 	 860
1788204757269 	 194 	 200 	 3911 	 866
1788204757256 	 284 	 200 	 3912 	 868
1788204757270 	 272 	 200 	 3913 	 868
1788204757360 	 183 	 200 	 3914 	 867
1788204757335 	 212 	 200 	 3915 	 866
1788204756556 	 1009 	 200 	 3916 	 865
1788204757359 	 209 	 200 	 3917 	 864
1788204757465 	 111 	 200 	 3918 	 863
1788204757155 	 498 	 200 	 3919 	 867
1788204748365 	 9292 	 200 	 3920 	 867
1788204757243 	 421 	 200 	 3921 	 866
1788204757546 	 198 	 200 	 3922 	 869
1788204757543 	 209 	 200 	 3923 	 869
1788204757544 	 213 	 200 	 3924 	 868
1788204757052 	 711 	 200 	 3925 	 867
1788204757578 	 262 	 200 	 3926 	 869
1788204757745 	 100 	 200 	 3927 	 868
1788204757659 	 284 	 200 	 3928 	 874
1788204757548 	 402 	 200 	 3929 	 876
1788204757568 	 392 	 200 	 3930 	 875
1788204757753 	 211 	 200 	 3931 	 874
1788204757846 	 118 	 200 	 3932 	 873
1788204757355 	 616 	 200 	 3933 	 872
1788204757580 	 393 	 200 	 3934 	 871
1788204757043 	 996 	 200 	 3935 	 877
1788204757759 	 292 	 200 	 3936 	 876
1788204757364 	 694 	 200 	 3937 	 876
1788204757767 	 295 	 200 	 3938 	 875
1788204757946 	 203 	 200 	 3939 	 878
1788204757667 	 497 	 200 	 3940 	 877
1788204757977 	 197 	 200 	 3941 	 877
1788204758176 	 67 	 200 	 3942 	 882
1788204757952 	 302 	 200 	 3943 	 881
1788204757967 	 292 	 200 	 3944 	 880
1788204757975 	 285 	 200 	 3945 	 879
1788204757842 	 423 	 200 	 3946 	 878
1788204757963 	 298 	 200 	 3947 	 877
1788204757655 	 613 	 200 	 3948 	 876
1788204758266 	 85 	 200 	 3949 	 879
1788204758257 	 99 	 200 	 3950 	 878
1788204758244 	 109 	 200 	 3951 	 878
1788204757970 	 392 	 200 	 3952 	 877
1788204758264 	 179 	 200 	 3953 	 877
1788204758152 	 295 	 200 	 3954 	 876
1788204758061 	 480 	 200 	 3955 	 877
1788204758359 	 187 	 200 	 3956 	 878
1788204758065 	 486 	 200 	 3957 	 877
1788204758166 	 472 	 200 	 3958 	 881
1788204758543 	 98 	 200 	 3959 	 881
1788204758451 	 188 	 200 	 3960 	 880
1788204758361 	 298 	 200 	 3961 	 881
1788204758355 	 308 	 200 	 3962 	 880
1788204758055 	 693 	 200 	 3963 	 885
1788204758548 	 245 	 200 	 3964 	 886
1788204758268 	 570 	 200 	 3965 	 886
1788204758042 	 805 	 200 	 3966 	 885
1788204755254 	 3594 	 200 	 3967 	 884
1788204758262 	 590 	 200 	 3968 	 883
1788204758454 	 396 	 200 	 3969 	 882
1788204758643 	 210 	 200 	 3970 	 881
1788204758553 	 307 	 200 	 3971 	 880
1788204758272 	 591 	 200 	 3972 	 879
1788204758365 	 504 	 200 	 3973 	 878
1788204758645 	 315 	 200 	 3974 	 881
1788204758661 	 300 	 200 	 3975 	 880
1788204758665 	 297 	 200 	 3976 	 879
1788204758640 	 403 	 200 	 3977 	 886
1788204758849 	 302 	 200 	 3978 	 888
1788204758862 	 289 	 200 	 3979 	 887
1788204758859 	 304 	 200 	 3980 	 887
1788204758967 	 388 	 200 	 3981 	 891
1788204758867 	 492 	 200 	 3982 	 891
1788204758751 	 610 	 200 	 3983 	 890
1788204758866 	 503 	 200 	 3984 	 889
1788204758964 	 398 	 200 	 3985 	 888
1788204759045 	 327 	 200 	 3986 	 887
1788204759154 	 204 	 200 	 3987 	 886
1788204758851 	 512 	 200 	 3988 	 885
1788204758856 	 519 	 200 	 3989 	 884
1788204758965 	 476 	 200 	 3990 	 885
1788204759154 	 297 	 200 	 3991 	 885
1788204759165 	 296 	 200 	 3992 	 885
1788204759365 	 176 	 200 	 3993 	 890
1788204759386 	 166 	 200 	 3994 	 890
1788204758871 	 687 	 200 	 3995 	 890
1788204759368 	 208 	 200 	 3996 	 890
1788204758840 	 794 	 200 	 3997 	 892
1788204759371 	 263 	 200 	 3998 	 891
1788204759357 	 375 	 200 	 3999 	 894
1788204759377 	 356 	 200 	 4000 	 893
1788204758795 	 941 	 200 	 4001 	 892
1788204759382 	 366 	 200 	 4002 	 892
1788204759543 	 214 	 200 	 4003 	 891
1788204759443 	 322 	 200 	 4004 	 890
1788204759380 	 467 	 200 	 4005 	 894
1788204759374 	 480 	 200 	 4006 	 893
1788204759463 	 384 	 200 	 4007 	 893
1788204759455 	 392 	 200 	 4008 	 892
1788204759554 	 401 	 200 	 4009 	 895
1788204759578 	 380 	 200 	 4010 	 894
1788204759851 	 194 	 200 	 4011 	 895
1788204759862 	 191 	 200 	 4012 	 894
1788204759957 	 99 	 200 	 4013 	 893
1788204759637 	 603 	 200 	 4014 	 904
1788204759752 	 492 	 200 	 4015 	 903
1788204759960 	 288 	 200 	 4016 	 902
1788204759736 	 512 	 200 	 4017 	 901
1788204759767 	 490 	 200 	 4018 	 900
1788204760049 	 218 	 200 	 4019 	 899
1788204759737 	 611 	 200 	 4020 	 902
1788204759561 	 795 	 200 	 4021 	 901
1788204759859 	 502 	 200 	 4022 	 900
1788204760055 	 390 	 200 	 4023 	 904
1788204760058 	 386 	 200 	 4024 	 903
1788204760246 	 298 	 200 	 4025 	 906
1788204760242 	 313 	 200 	 4026 	 907
1788204760252 	 308 	 200 	 4027 	 906
1788204759736 	 828 	 200 	 4028 	 905
1788204759761 	 805 	 200 	 4029 	 904
1788204759639 	 927 	 200 	 4030 	 903
1788204759856 	 707 	 200 	 4031 	 903
1788204760448 	 198 	 200 	 4032 	 904
1788204760255 	 477 	 200 	 4033 	 911
1788204760448 	 284 	 200 	 4034 	 910
1788204760271 	 467 	 200 	 4035 	 909
1788204760363 	 373 	 200 	 4036 	 908
1788204760350 	 388 	 200 	 4037 	 907
1788204760358 	 394 	 200 	 4038 	 906
1788204760571 	 271 	 200 	 4039 	 910
1788204760547 	 310 	 200 	 4040 	 912
1788204760566 	 292 	 200 	 4041 	 911
1788204760570 	 284 	 200 	 4042 	 912
1788204760259 	 684 	 200 	 4043 	 913
1788204760573 	 382 	 200 	 4044 	 912
1788204760562 	 478 	 200 	 4045 	 919
1788204760735 	 315 	 200 	 4046 	 919
1788204760862 	 190 	 200 	 4047 	 918
1788204760741 	 312 	 200 	 4048 	 917
1788204760843 	 211 	 200 	 4049 	 916
1788204760557 	 583 	 200 	 4050 	 923
1788204760744 	 402 	 200 	 4051 	 923
1788204760737 	 417 	 200 	 4052 	 922
1788204760740 	 425 	 200 	 4053 	 921
1788204760864 	 304 	 200 	 4054 	 921
1788204761055 	 186 	 200 	 4055 	 926
1788204760862 	 380 	 200 	 4056 	 925
1788204760649 	 604 	 200 	 4057 	 924
1788204761057 	 197 	 200 	 4058 	 923
1788204761054 	 211 	 200 	 4059 	 922
1788204760755 	 508 	 200 	 4060 	 921
1788204761042 	 220 	 200 	 4061 	 920
1788204761052 	 221 	 200 	 4062 	 919
1788204761167 	 166 	 200 	 4063 	 920
1788204760958 	 377 	 200 	 4064 	 920
1788204761149 	 184 	 200 	 4065 	 919
1788204761156 	 217 	 200 	 4066 	 920
1788204761242 	 133 	 200 	 4067 	 920
1788204761256 	 176 	 200 	 4068 	 922
1788204761248 	 199 	 200 	 4069 	 921
1788204761335 	 120 	 200 	 4070 	 920
1788204761275 	 225 	 200 	 4071 	 927
1788204760947 	 595 	 200 	 4072 	 927
1788204761338 	 213 	 200 	 4073 	 927
1788204761379 	 177 	 200 	 4074 	 926
1788204761257 	 302 	 200 	 4075 	 925
1788204761338 	 310 	 200 	 4076 	 928
1788204761377 	 280 	 200 	 4077 	 927
1788204761438 	 223 	 200 	 4078 	 926
1788204761272 	 478 	 200 	 4079 	 926
1788204761457 	 299 	 200 	 4080 	 926
1788204761266 	 579 	 200 	 4081 	 930
1788204761143 	 708 	 200 	 4082 	 929
1788204761558 	 291 	 200 	 4083 	 928
1788204761269 	 587 	 200 	 4084 	 927
1788204761554 	 308 	 200 	 4085 	 928
1788204761659 	 279 	 200 	 4086 	 929
1788204761758 	 181 	 200 	 4087 	 928
1788204761650 	 298 	 200 	 4088 	 927
1788204761450 	 503 	 200 	 4089 	 926
1788204761544 	 406 	 200 	 4090 	 925
1788204761662 	 298 	 200 	 4091 	 924
1788204761854 	 109 	 200 	 4092 	 923
1788204761864 	 177 	 200 	 4093 	 922
1788204761171 	 883 	 200 	 4094 	 921
1788204761858 	 277 	 200 	 4095 	 920
1788204761860 	 273 	 200 	 4096 	 919
1788204761941 	 204 	 200 	 4097 	 918
1788204761942 	 293 	 200 	 4098 	 917
1788204761959 	 286 	 200 	 4099 	 916
1788204761752 	 502 	 200 	 4100 	 915
1788204761962 	 297 	 200 	 4101 	 914
1788204761503 	 764 	 200 	 4102 	 913
1788204761951 	 391 	 200 	 4103 	 912
1788204761966 	 383 	 200 	 4104 	 911
1788204761956 	 405 	 200 	 4105 	 910
1788204762056 	 305 	 200 	 4106 	 909
1788204762142 	 224 	 200 	 4107 	 908
1788204761562 	 891 	 200 	 4108 	 907
1788204762258 	 200 	 200 	 4109 	 906
1788204761848 	 615 	 200 	 4110 	 905
1788204762146 	 386 	 200 	 4111 	 904
1788204762352 	 205 	 200 	 4112 	 903
1788204762044 	 516 	 200 	 4113 	 902
1788204762138 	 423 	 200 	 4114 	 901
1788204762236 	 326 	 200 	 4115 	 900
1788204762269 	 296 	 200 	 4116 	 899
1788204762262 	 386 	 200 	 4117 	 898
1788204762369 	 284 	 200 	 4118 	 897
1788204762346 	 388 	 200 	 4119 	 896
1788204762248 	 489 	 200 	 4120 	 895
1788204762366 	 384 	 200 	 4121 	 894
1788204762364 	 397 	 200 	 4122 	 893
1788204753554 	 9277 	 200 	 4123 	 892
1788204762535 	 314 	 200 	 4124 	 891
1788204762460 	 393 	 200 	 4125 	 890
1788204762656 	 287 	 200 	 4126 	 889
1788204762569 	 384 	 200 	 4127 	 888
1788204762566 	 389 	 200 	 4128 	 887
1788204762564 	 402 	 200 	 4129 	 886
1788204762736 	 231 	 200 	 4130 	 885
1788204762559 	 412 	 200 	 4131 	 884
1788204762650 	 405 	 200 	 4132 	 883
1788204762764 	 293 	 200 	 4133 	 882
1788204762753 	 397 	 200 	 4134 	 881
1788204762855 	 299 	 200 	 4135 	 880
1788204762851 	 307 	 200 	 4136 	 879
1788204762456 	 784 	 200 	 4137 	 878
1788204762567 	 681 	 200 	 4138 	 877
1788204762835 	 419 	 200 	 4139 	 876
1788204762970 	 298 	 200 	 4140 	 875
1788204762947 	 402 	 200 	 4141 	 874
1788204762956 	 400 	 200 	 4142 	 873
1788204763059 	 299 	 200 	 4143 	 872
1788204762963 	 479 	 200 	 4144 	 871
1788204762976 	 485 	 200 	 4145 	 870
1788204763352 	 189 	 200 	 4146 	 869
1788204763363 	 184 	 200 	 4147 	 868
1788204763157 	 403 	 200 	 4148 	 867
1788204763153 	 412 	 200 	 4149 	 866
1788204763060 	 592 	 200 	 4150 	 865
1788204763563 	 94 	 200 	 4151 	 864
1788204763463 	 197 	 200 	 4152 	 863
1788204763256 	 486 	 200 	 4153 	 862
1788204763270 	 490 	 200 	 4154 	 861
1788204762969 	 788 	 200 	 4155 	 860
1788204762740 	 1100 	 200 	 4156 	 859
1788204763250 	 595 	 200 	 4157 	 858
1788204763359 	 502 	 200 	 4158 	 857
1788204763244 	 619 	 200 	 4159 	 856
1788204763444 	 497 	 200 	 4160 	 855
1788204763654 	 292 	 200 	 4161 	 854
1788204763764 	 273 	 200 	 4162 	 853
1788204763161 	 880 	 200 	 4163 	 852
1788204763765 	 278 	 200 	 4164 	 851
1788204763663 	 387 	 200 	 4165 	 850
1788204763867 	 202 	 200 	 4166 	 849
1788204763660 	 473 	 200 	 4167 	 848
1788204763550 	 584 	 200 	 4168 	 847
1788204763744 	 390 	 200 	 4169 	 846
1788204763545 	 588 	 200 	 4170 	 845
1788204763948 	 196 	 200 	 4171 	 844
1788204763567 	 579 	 200 	 4172 	 843
1788204764042 	 193 	 200 	 4173 	 842
1788204763944 	 293 	 200 	 4174 	 841
1788204764045 	 192 	 200 	 4175 	 840
1788204764049 	 188 	 200 	 4176 	 839
1788204762465 	 1772 	 200 	 4177 	 838
1788204764053 	 193 	 200 	 4178 	 837
1788204764071 	 262 	 200 	 4179 	 836
1788204763843 	 492 	 200 	 4180 	 835
1788204763865 	 481 	 200 	 4181 	 834
1788204764149 	 211 	 200 	 4182 	 833
1788204764136 	 230 	 200 	 4183 	 832
1788204764147 	 287 	 200 	 4184 	 831
1788204764137 	 411 	 200 	 4185 	 830
1788204764362 	 189 	 200 	 4186 	 829
1788204764237 	 319 	 200 	 4187 	 828
1788204764138 	 423 	 200 	 4188 	 827
1788204764242 	 325 	 200 	 4189 	 826
1788204763847 	 716 	 200 	 4190 	 825
1788204764241 	 322 	 200 	 4191 	 824
1788204764367 	 273 	 200 	 4192 	 823
1788204764249 	 485 	 200 	 4193 	 822
1788204764243 	 493 	 200 	 4194 	 821
1788204764335 	 404 	 200 	 4195 	 820
1788204764436 	 307 	 200 	 4196 	 819
1788204764240 	 508 	 200 	 4197 	 818
1788204764140 	 613 	 200 	 4198 	 817
1788204764348 	 401 	 200 	 4199 	 816
1788204764337 	 414 	 200 	 4200 	 815
1788204764550 	 285 	 200 	 4201 	 814
1788204764554 	 297 	 200 	 4202 	 813
1788204764568 	 366 	 200 	 4203 	 812
1788204764574 	 363 	 200 	 4204 	 811
1788204764571 	 379 	 200 	 4205 	 810
1788204764560 	 398 	 200 	 4206 	 809
1788204764758 	 287 	 200 	 4207 	 808
1788204764741 	 307 	 200 	 4208 	 807
1788204764566 	 492 	 200 	 4209 	 806
1788204764749 	 309 	 200 	 4210 	 805
1788204764643 	 421 	 200 	 4211 	 804
1788204764755 	 310 	 200 	 4212 	 803
1788204764736 	 418 	 200 	 4213 	 802
1788204764837 	 397 	 200 	 4214 	 801
1788204764936 	 299 	 200 	 4215 	 800
1788204764939 	 301 	 200 	 4216 	 799
1788204765068 	 189 	 200 	 4217 	 798
1788204765051 	 210 	 200 	 4218 	 797
1788204764854 	 479 	 200 	 4219 	 796
1788204764744 	 582 	 200 	 4220 	 795
1788204765063 	 281 	 200 	 4221 	 794
1788204764745 	 599 	 200 	 4222 	 793
1788204764960 	 385 	 200 	 4223 	 792
1788204765070 	 281 	 200 	 4224 	 791
1788204765054 	 296 	 200 	 4225 	 790
1788204764763 	 596 	 200 	 4226 	 789
1788204765242 	 191 	 200 	 4227 	 788
1788204765336 	 100 	 200 	 4228 	 787
1788204765157 	 279 	 200 	 4229 	 786
1788204765259 	 188 	 200 	 4230 	 785
1788204765061 	 473 	 200 	 4231 	 784
1788204764953 	 579 	 200 	 4232 	 783
1788204765236 	 301 	 200 	 4233 	 782
1788204765349 	 195 	 200 	 4234 	 781
1788204765348 	 203 	 200 	 4235 	 780
1788204765264 	 371 	 200 	 4236 	 779
1788204765344 	 292 	 200 	 4237 	 778
1788204765237 	 401 	 200 	 4238 	 777
1788204765346 	 388 	 200 	 4239 	 776
1788204765450 	 289 	 200 	 4240 	 775
1788204765362 	 389 	 200 	 4241 	 774
1788204765539 	 218 	 200 	 4242 	 773
1788204765357 	 398 	 200 	 4243 	 772
1788204765353 	 446 	 200 	 4244 	 771
1788204765538 	 294 	 200 	 4245 	 770
1788204765438 	 398 	 200 	 4246 	 769
1788204765434 	 403 	 200 	 4247 	 768
1788204765437 	 396 	 200 	 4248 	 767
1788204765553 	 297 	 200 	 4249 	 766
1788204765638 	 301 	 200 	 4250 	 765
1788204765641 	 304 	 200 	 4251 	 764
1788204765546 	 399 	 200 	 4252 	 763
1788204765638 	 395 	 200 	 4253 	 762
1788204765535 	 504 	 200 	 4254 	 761
1788204765802 	 243 	 200 	 4255 	 760
1788204765754 	 291 	 200 	 4256 	 759
1788204765837 	 212 	 200 	 4257 	 758
1788204765839 	 283 	 200 	 4258 	 757
1788204765852 	 285 	 200 	 4259 	 756
1788204765841 	 302 	 200 	 4260 	 755
1788204765741 	 399 	 200 	 4261 	 754
1788204765835 	 306 	 200 	 4262 	 753
1788204765736 	 415 	 200 	 4263 	 752
1788204765759 	 388 	 200 	 4264 	 751
1788204765762 	 384 	 200 	 4265 	 750
1788204765952 	 282 	 200 	 4266 	 749
1788204765941 	 298 	 200 	 4267 	 748
1788204765948 	 292 	 200 	 4268 	 747
1788204766246 	 129 	 200 	 4269 	 746
1788204766149 	 252 	 200 	 4270 	 745
1788204766140 	 293 	 200 	 4271 	 744
1788204766036 	 496 	 200 	 4272 	 743
1788204766152 	 384 	 200 	 4273 	 742
1788204766377 	 160 	 200 	 4274 	 741
1788204766048 	 491 	 200 	 4275 	 740
1788204766053 	 489 	 200 	 4276 	 739
1788204766243 	 300 	 200 	 4277 	 738
1788204766156 	 383 	 200 	 4278 	 737
1788204766051 	 584 	 200 	 4279 	 736
1788204766441 	 199 	 200 	 4280 	 735
1788204766154 	 492 	 200 	 4281 	 734
1788204766237 	 406 	 200 	 4282 	 733
1788204766144 	 486 	 200 	 4283 	 732
1788204766158 	 493 	 200 	 4284 	 731
1788204766541 	 193 	 200 	 4285 	 730
1788204766537 	 203 	 200 	 4286 	 729
1788204766124 	 620 	 200 	 4287 	 728
1788204766535 	 298 	 200 	 4288 	 727
1788204766042 	 795 	 200 	 4289 	 726
1788204766539 	 304 	 200 	 4290 	 725
1788204766403 	 439 	 200 	 4291 	 724
1788204766548 	 298 	 200 	 4292 	 723
1788204766544 	 304 	 200 	 4293 	 722
1788204766545 	 388 	 200 	 4294 	 721
1788204766648 	 387 	 200 	 4295 	 720
1788204766658 	 379 	 200 	 4296 	 719
1788204766746 	 293 	 200 	 4297 	 718
1788204766655 	 387 	 200 	 4298 	 717
1788204766637 	 403 	 200 	 4299 	 716
1788204766642 	 410 	 200 	 4300 	 715
1788204766854 	 280 	 200 	 4301 	 714
1788204766742 	 397 	 200 	 4302 	 713
1788204766736 	 405 	 200 	 4303 	 712
1788204766845 	 389 	 200 	 4304 	 711
1788204767038 	 199 	 200 	 4305 	 710
1788204766850 	 389 	 200 	 4306 	 709
1788204766835 	 403 	 200 	 4307 	 708
1788204766851 	 389 	 200 	 4308 	 707
1788204766652 	 595 	 200 	 4309 	 706
1788204766840 	 399 	 200 	 4310 	 705
1788204766936 	 320 	 200 	 4311 	 704
1788204767040 	 295 	 200 	 4312 	 703
1788204767042 	 289 	 200 	 4313 	 702
1788204767044 	 388 	 200 	 4314 	 701
1788204767237 	 199 	 200 	 4315 	 700
1788204767137 	 304 	 200 	 4316 	 699
1788204767055 	 391 	 200 	 4317 	 698
1788204767144 	 303 	 200 	 4318 	 697
1788204767142 	 306 	 200 	 4319 	 696
1788204767247 	 257 	 200 	 4320 	 695
1788204767343 	 190 	 200 	 4321 	 694
1788204767336 	 200 	 200 	 4322 	 693
1788204767241 	 296 	 200 	 4323 	 692
1788204767048 	 490 	 200 	 4324 	 691
1788204767251 	 286 	 200 	 4325 	 690
1788204767243 	 299 	 200 	 4326 	 689
1788204767254 	 294 	 200 	 4327 	 688
1788204767259 	 288 	 200 	 4328 	 687
1788204767456 	 179 	 200 	 4329 	 686
1788204767239 	 401 	 200 	 4330 	 685
1788204767437 	 207 	 200 	 4331 	 684
1788204767448 	 191 	 200 	 4332 	 683
1788204767444 	 199 	 200 	 4333 	 682
1788204767536 	 197 	 200 	 4334 	 681
1788204767450 	 284 	 200 	 4335 	 680
1788204767435 	 305 	 200 	 4336 	 679
1788204767506 	 238 	 200 	 4337 	 678
1788204767540 	 294 	 200 	 4338 	 677
1788204767545 	 295 	 200 	 4339 	 676
1788204767542 	 301 	 200 	 4340 	 675
1788204767550 	 385 	 200 	 4341 	 674
1788204767642 	 297 	 200 	 4342 	 673
1788204767543 	 401 	 200 	 4343 	 672
1788204767538 	 416 	 200 	 4344 	 671
1788204767745 	 222 	 200 	 4345 	 670
1788204767636 	 398 	 200 	 4346 	 669
1788204767647 	 394 	 200 	 4347 	 668
1788204767738 	 311 	 200 	 4348 	 667
1788204767844 	 255 	 200 	 4349 	 666
1788204767842 	 287 	 200 	 4350 	 665
1788204767938 	 201 	 200 	 4351 	 664
1788204767553 	 590 	 200 	 4352 	 663
1788204767649 	 587 	 200 	 4353 	 662
1788204767736 	 507 	 200 	 4354 	 661
1788204767652 	 596 	 200 	 4355 	 660
1788204767941 	 302 	 200 	 4356 	 659
1788204767836 	 421 	 200 	 4357 	 658
1788204767970 	 365 	 200 	 4358 	 657
1788204767946 	 397 	 200 	 4359 	 656
1788204768102 	 250 	 200 	 4360 	 655
1788204768052 	 399 	 200 	 4361 	 654
1788204768037 	 496 	 200 	 4362 	 653
1788204768136 	 399 	 200 	 4363 	 652
1788204768043 	 492 	 200 	 4364 	 651
1788204767957 	 599 	 200 	 4365 	 650
1788204768141 	 427 	 200 	 4366 	 649
1788204768336 	 231 	 200 	 4367 	 648
1788204768261 	 372 	 200 	 4368 	 647
1788204768238 	 405 	 200 	 4369 	 646
1788204768145 	 505 	 200 	 4370 	 645
1788204768254 	 401 	 200 	 4371 	 644
1788204768344 	 395 	 200 	 4372 	 643
1788204768540 	 207 	 200 	 4373 	 642
1788204768250 	 500 	 200 	 4374 	 641
1788204768245 	 514 	 200 	 4375 	 640
1788204768353 	 493 	 200 	 4376 	 639
1788204768570 	 287 	 200 	 4377 	 638
1788204768647 	 214 	 200 	 4378 	 637
1788204768558 	 302 	 200 	 4379 	 636
1788204768659 	 207 	 200 	 4380 	 635
1788204768635 	 260 	 200 	 4381 	 634
1788204768538 	 408 	 200 	 4382 	 633
1788204768454 	 499 	 200 	 4383 	 632
1788204767742 	 1218 	 200 	 4384 	 631
1788204768535 	 424 	 200 	 4385 	 630
1788204768749 	 209 	 200 	 4386 	 629
1788204768572 	 467 	 200 	 4387 	 628
1788204768763 	 283 	 200 	 4388 	 627
1788204768864 	 187 	 200 	 4389 	 626
1788204768859 	 276 	 200 	 4390 	 625
1788204768948 	 186 	 200 	 4391 	 624
1788204768869 	 274 	 200 	 4392 	 623
1788204768744 	 403 	 200 	 4393 	 622
1788204768848 	 304 	 200 	 4394 	 621
1788204768866 	 281 	 200 	 4395 	 620
1788204768655 	 502 	 200 	 4396 	 619
1788204768968 	 269 	 200 	 4397 	 618
1788204768956 	 380 	 200 	 4398 	 617
1788204768897 	 441 	 200 	 4399 	 616
1788204769053 	 291 	 200 	 4400 	 615
1788204768962 	 387 	 200 	 4401 	 614
1788204769150 	 203 	 200 	 4402 	 613
1788204769154 	 294 	 200 	 4403 	 612
1788204768965 	 498 	 200 	 4404 	 611
1788204769042 	 496 	 200 	 4405 	 610
1788204769161 	 383 	 200 	 4406 	 609
1788204769340 	 206 	 200 	 4407 	 608
1788204769141 	 407 	 200 	 4408 	 607
1788204769048 	 518 	 200 	 4409 	 606
1788204769347 	 220 	 200 	 4410 	 605
1788204769138 	 496 	 200 	 4411 	 604
1788204769240 	 393 	 200 	 4412 	 603
1788204769338 	 307 	 200 	 4413 	 602
1788204769466 	 174 	 200 	 4414 	 601
1788204769355 	 384 	 200 	 4415 	 600
1788204769352 	 394 	 200 	 4416 	 599
1788204769547 	 203 	 200 	 4417 	 598
1788204769157 	 676 	 200 	 4418 	 597
1788204769545 	 303 	 200 	 4419 	 596
1788204769556 	 295 	 200 	 4420 	 595
1788204769145 	 708 	 200 	 4421 	 594
1788204769572 	 287 	 200 	 4422 	 593
1788204769647 	 309 	 200 	 4423 	 592
1788204769649 	 308 	 200 	 4424 	 591
1788204769752 	 290 	 200 	 4425 	 590
1788204769748 	 307 	 200 	 4426 	 589
1788204769638 	 418 	 200 	 4427 	 588
1788204769855 	 297 	 200 	 4428 	 587
1788204769542 	 618 	 200 	 4429 	 586
1788204769850 	 308 	 200 	 4430 	 585
1788204769642 	 523 	 200 	 4431 	 584
1788204769960 	 277 	 200 	 4432 	 583
1788204770062 	 178 	 200 	 4433 	 582
1788204770046 	 206 	 200 	 4434 	 581
1788204769959 	 292 	 200 	 4435 	 580
1788204769859 	 397 	 200 	 4436 	 579
1788204769570 	 691 	 200 	 4437 	 578
1788204770167 	 97 	 200 	 4438 	 577
1788204769863 	 404 	 200 	 4439 	 576
1788204769451 	 816 	 200 	 4440 	 575
1788204769742 	 532 	 200 	 4441 	 574
1788204770161 	 112 	 200 	 4442 	 573
1788204770059 	 381 	 200 	 4443 	 572
1788204770157 	 297 	 200 	 4444 	 571
1788204770242 	 218 	 200 	 4445 	 570
1788204770260 	 273 	 200 	 4446 	 569
1788204769835 	 700 	 200 	 4447 	 568
1788204770254 	 286 	 200 	 4448 	 567
1788204770241 	 322 	 200 	 4449 	 566
1788204770256 	 310 	 200 	 4450 	 565
1788204770443 	 194 	 200 	 4451 	 564
1788204770269 	 373 	 200 	 4452 	 563
1788204770274 	 388 	 200 	 4453 	 562
1788204770263 	 401 	 200 	 4454 	 561
1788204770543 	 208 	 200 	 4455 	 560
1788204770565 	 275 	 200 	 4456 	 559
1788204770641 	 201 	 200 	 4457 	 558
1788204770277 	 581 	 200 	 4458 	 557
1788204770164 	 783 	 200 	 4459 	 556
1788204770278 	 678 	 200 	 4460 	 555
1788204770462 	 497 	 200 	 4461 	 554
1788204770457 	 507 	 200 	 4462 	 553
1788204770539 	 428 	 200 	 4463 	 552
1788204770842 	 203 	 200 	 4464 	 551
1788204770536 	 514 	 200 	 4465 	 550
1788204770844 	 212 	 200 	 4466 	 549
1788204770647 	 418 	 200 	 4467 	 548
1788204770664 	 402 	 200 	 4468 	 547
1788204770270 	 882 	 200 	 4469 	 546
1788204770753 	 483 	 200 	 4470 	 545
1788204771053 	 190 	 200 	 4471 	 544
1788204771059 	 186 	 200 	 4472 	 543
1788204771071 	 181 	 200 	 4473 	 542
1788204770969 	 369 	 200 	 4474 	 541
1788204770859 	 487 	 200 	 4475 	 540
1788204770959 	 392 	 200 	 4476 	 539
1788204771046 	 309 	 200 	 4477 	 538
1788204770949 	 489 	 200 	 4478 	 537
1788204770966 	 475 	 200 	 4479 	 536
1788204771246 	 211 	 200 	 4480 	 535
1788204771254 	 288 	 200 	 4481 	 534
1788204771154 	 394 	 200 	 4482 	 533
1788204771248 	 310 	 200 	 4483 	 532
1788204770667 	 892 	 200 	 4484 	 531
1788204770568 	 1001 	 200 	 4485 	 530
1788204771068 	 575 	 200 	 4486 	 529
1788204770962 	 682 	 200 	 4487 	 528
1788204771240 	 416 	 200 	 4488 	 527
1788204771348 	 407 	 200 	 4489 	 526
1788204771544 	 216 	 200 	 4490 	 525
1788204771353 	 405 	 200 	 4491 	 524
1788204771441 	 407 	 200 	 4492 	 523
1788204771443 	 405 	 200 	 4493 	 522
1788204771358 	 496 	 200 	 4494 	 521
1788204771562 	 293 	 200 	 4495 	 520
1788204771459 	 400 	 200 	 4496 	 519
1788204771571 	 381 	 200 	 4497 	 518
1788204771340 	 620 	 200 	 4498 	 517
1788204771551 	 411 	 200 	 4499 	 516
1788204771647 	 394 	 200 	 4500 	 515
1788204771564 	 484 	 200 	 4501 	 514
1788204771765 	 376 	 200 	 4502 	 513
1788204771763 	 393 	 200 	 4503 	 512
1788204771649 	 511 	 200 	 4504 	 511
1788204771658 	 504 	 200 	 4505 	 510
1788204771850 	 393 	 200 	 4506 	 509
1788204771861 	 386 	 200 	 4507 	 508
1788204771758 	 492 	 200 	 4508 	 507
1788204771965 	 292 	 200 	 4509 	 506
1788204771955 	 306 	 200 	 4510 	 505
1788204771961 	 372 	 200 	 4511 	 504
1788204771853 	 480 	 200 	 4512 	 503
1788204771858 	 485 	 200 	 4513 	 502
1788204771864 	 496 	 200 	 4514 	 501
1788204772163 	 291 	 200 	 4515 	 500
1788204772246 	 213 	 200 	 4516 	 499
1788204772158 	 383 	 200 	 4517 	 498
1788204772259 	 284 	 200 	 4518 	 497
1788204772166 	 385 	 200 	 4519 	 496
1788204772044 	 508 	 200 	 4520 	 495
1788204772144 	 423 	 200 	 4521 	 494
1788204772346 	 225 	 200 	 4522 	 493
1788204772051 	 590 	 200 	 4523 	 492
1788204772250 	 401 	 200 	 4524 	 491
1788204772461 	 273 	 200 	 4525 	 490
1788204768753 	 3988 	 200 	 4526 	 489
1788204772263 	 483 	 200 	 4527 	 488
1788204772549 	 203 	 200 	 4528 	 487
1788204772253 	 497 	 200 	 4529 	 486
1788204772336 	 508 	 200 	 4530 	 485
1788204772553 	 292 	 200 	 4531 	 484
1788204772569 	 278 	 200 	 4532 	 483
1788204772336 	 523 	 200 	 4533 	 482
1788204772554 	 377 	 200 	 4534 	 481
1788204772546 	 398 	 200 	 4535 	 480
1788204772737 	 208 	 200 	 4536 	 479
1788204772362 	 585 	 200 	 4537 	 478
1788204772574 	 390 	 200 	 4538 	 477
1788204772743 	 219 	 200 	 4539 	 476
1788204772755 	 284 	 200 	 4540 	 475
1788204772457 	 601 	 200 	 4541 	 474
1788204772654 	 445 	 200 	 4542 	 473
1788204772649 	 506 	 200 	 4543 	 472
1788204772758 	 398 	 200 	 4544 	 471
1788204772969 	 284 	 200 	 4545 	 470
1788204772862 	 494 	 200 	 4546 	 469
1788204772845 	 513 	 200 	 4547 	 468
1788204773042 	 319 	 200 	 4548 	 467
1788204773101 	 340 	 200 	 4549 	 466
1788204772950 	 499 	 200 	 4550 	 465
1788204773158 	 299 	 200 	 4551 	 464
1788204772854 	 607 	 200 	 4552 	 463
1788204772967 	 498 	 200 	 4553 	 462
1788204772748 	 789 	 200 	 4554 	 461
1788204772940 	 603 	 200 	 4555 	 460
1788204772851 	 699 	 200 	 4556 	 459
1788204773255 	 299 	 200 	 4557 	 458
1788204772948 	 603 	 200 	 4558 	 457
1788204772962 	 682 	 200 	 4559 	 456
1788204773061 	 602 	 200 	 4560 	 455
1788204773364 	 302 	 200 	 4561 	 454
1788204773358 	 385 	 200 	 4562 	 453
1788204773548 	 207 	 200 	 4563 	 452
1788204773463 	 299 	 200 	 4564 	 451
1788204773362 	 406 	 200 	 4565 	 450
1788204773160 	 679 	 200 	 4566 	 449
1788204773562 	 278 	 200 	 4567 	 448
1788204773467 	 379 	 200 	 4568 	 447
1788204773459 	 396 	 200 	 4569 	 446
1788204773557 	 302 	 200 	 4570 	 445
1788204773453 	 494 	 200 	 4571 	 444
1788204773444 	 598 	 200 	 4572 	 443
1788204773540 	 509 	 200 	 4573 	 442
1788204773553 	 503 	 200 	 4574 	 441
1788204773668 	 392 	 200 	 4575 	 440
1788204773759 	 388 	 200 	 4576 	 439
1788204773646 	 505 	 200 	 4577 	 438
1788204773842 	 328 	 200 	 4578 	 437
1788204773849 	 322 	 200 	 4579 	 436
1788204773746 	 423 	 200 	 4580 	 435
1788204773665 	 573 	 200 	 4581 	 434
1788204773858 	 385 	 200 	 4582 	 433
1788204773769 	 476 	 200 	 4583 	 432
1788204773765 	 485 	 200 	 4584 	 431
1788204774044 	 213 	 200 	 4585 	 430
1788204773950 	 387 	 200 	 4586 	 429
1788204774175 	 167 	 200 	 4587 	 428
1788204774154 	 193 	 200 	 4588 	 427
1788204774062 	 287 	 200 	 4589 	 426
1788204773862 	 571 	 200 	 4590 	 425
1788204774058 	 375 	 200 	 4591 	 424
1788204774051 	 390 	 200 	 4592 	 423
1788204774240 	 294 	 200 	 4593 	 422
1788204774245 	 299 	 200 	 4594 	 421
1788204774177 	 373 	 200 	 4595 	 420
1788204774174 	 380 	 200 	 4596 	 419
1788204774262 	 296 	 200 	 4597 	 418
1788204774253 	 393 	 200 	 4598 	 417
1788204774248 	 409 	 200 	 4599 	 416
1788204774150 	 506 	 200 	 4600 	 415
1788204774360 	 384 	 200 	 4601 	 414
1788204774345 	 400 	 200 	 4602 	 413
1788204774561 	 191 	 200 	 4603 	 412
1788204774436 	 324 	 200 	 4604 	 411
1788204774444 	 323 	 200 	 4605 	 410
1788204774662 	 174 	 200 	 4606 	 409
1788204774556 	 291 	 200 	 4607 	 408
1788204774339 	 519 	 200 	 4608 	 407
1788204774749 	 185 	 200 	 4609 	 406
1788204774437 	 515 	 200 	 4610 	 405
1788204774754 	 205 	 200 	 4611 	 404
1788204774839 	 129 	 200 	 4612 	 403
1788204774850 	 192 	 200 	 4613 	 402
1788204774649 	 409 	 200 	 4614 	 401
1788204774352 	 699 	 200 	 4615 	 400
1788204774660 	 484 	 200 	 4616 	 399
1788204774553 	 596 	 200 	 4617 	 398
1788204774746 	 407 	 200 	 4618 	 397
1788204774971 	 191 	 200 	 4619 	 396
1788204774766 	 401 	 200 	 4620 	 395
1788204774769 	 484 	 200 	 4621 	 394
1788204774861 	 485 	 200 	 4622 	 393
1788204775146 	 206 	 200 	 4623 	 392
1788204774962 	 405 	 200 	 4624 	 391
1788204775169 	 200 	 200 	 4625 	 390
1788204774536 	 906 	 200 	 4626 	 389
1788204774547 	 897 	 200 	 4627 	 388
1788204774936 	 510 	 200 	 4628 	 387
1788204775064 	 387 	 200 	 4629 	 386
1788204774954 	 500 	 200 	 4630 	 385
1788204775155 	 307 	 200 	 4631 	 384
1788204775374 	 93 	 200 	 4632 	 383
1788204775356 	 115 	 200 	 4633 	 382
1788204775349 	 202 	 200 	 4634 	 381
1788204775061 	 574 	 200 	 4635 	 380
1788204775044 	 595 	 200 	 4636 	 379
1788204775151 	 494 	 200 	 4637 	 378
1788204775164 	 476 	 200 	 4638 	 377
1788204775371 	 276 	 200 	 4639 	 376
1788204775444 	 217 	 200 	 4640 	 375
1788204775457 	 277 	 200 	 4641 	 374
1788204775256 	 577 	 200 	 4642 	 373
1788204775446 	 393 	 200 	 4643 	 372
1788204775454 	 386 	 200 	 4644 	 371
1788204775470 	 389 	 200 	 4645 	 370
1788204775638 	 225 	 200 	 4646 	 369
1788204775643 	 288 	 200 	 4647 	 368
1788204775473 	 460 	 200 	 4648 	 367
1788204775465 	 467 	 200 	 4649 	 366
1788204775650 	 283 	 200 	 4650 	 365
1788204775834 	 113 	 200 	 4651 	 364
1788204775662 	 361 	 200 	 4652 	 363
1788204775737 	 295 	 200 	 4653 	 362
1788204775648 	 378 	 200 	 4654 	 361
1788204775842 	 223 	 200 	 4655 	 360
1788204775648 	 412 	 200 	 4656 	 359
1788204775936 	 213 	 200 	 4657 	 358
1788204775865 	 293 	 200 	 4658 	 357
1788204775841 	 396 	 200 	 4659 	 356
1788204775936 	 306 	 200 	 4660 	 355
1788204775937 	 308 	 200 	 4661 	 354
1788204775862 	 391 	 200 	 4662 	 353
1788204775938 	 322 	 200 	 4663 	 352
1788204776036 	 226 	 200 	 4664 	 351
1788204775554 	 779 	 200 	 4665 	 350
1788204776067 	 269 	 200 	 4666 	 349
1788204775448 	 889 	 200 	 4667 	 348
1788204776160 	 185 	 200 	 4668 	 347
1788204776154 	 193 	 200 	 4669 	 346
1788204775949 	 395 	 200 	 4670 	 345
1788204776068 	 367 	 200 	 4671 	 344
1788204776025 	 509 	 200 	 4672 	 343
1788204776248 	 290 	 200 	 4673 	 342
1788204776240 	 303 	 200 	 4674 	 341
1788204776034 	 519 	 200 	 4675 	 340
1788204776255 	 298 	 200 	 4676 	 339
1788204776335 	 218 	 200 	 4677 	 338
1788204776263 	 295 	 200 	 4678 	 337
1788204776261 	 370 	 200 	 4679 	 336
1788204776438 	 306 	 200 	 4680 	 335
1788204776344 	 404 	 200 	 4681 	 334
1788204776351 	 402 	 200 	 4682 	 333
1788204776340 	 413 	 200 	 4683 	 332
1788204776545 	 209 	 500 	 4684 	 331
1788204776354 	 489 	 200 	 4685 	 330
1788204776637 	 222 	 200 	 4686 	 329
1788204773842 	 3022 	 200 	 4687 	 328
1788204776557 	 381 	 200 	 4688 	 327
1788204776244 	 693 	 200 	 4689 	 326
1788204776565 	 370 	 200 	 4690 	 325
1788204776536 	 411 	 200 	 4691 	 324
1788204776540 	 411 	 200 	 4692 	 323
1788204776758 	 286 	 200 	 4693 	 322
1788204776561 	 498 	 200 	 4694 	 321
1788204776559 	 574 	 200 	 4695 	 320
1788204776747 	 386 	 200 	 4696 	 319
1788204776764 	 369 	 200 	 4697 	 318
1788204776761 	 384 	 200 	 4698 	 317
1788204776751 	 398 	 200 	 4699 	 316
1788204776866 	 292 	 200 	 4700 	 315
1788204776355 	 802 	 200 	 4701 	 314
1788204776862 	 300 	 200 	 4702 	 313
1788204776943 	 290 	 200 	 4703 	 312
1788204776943 	 289 	 200 	 4704 	 311
1788204776950 	 297 	 200 	 4705 	 310
1788204776849 	 484 	 200 	 4706 	 309
1788204777147 	 188 	 200 	 4707 	 308
1788204777137 	 200 	 200 	 4708 	 307
1788204777062 	 275 	 200 	 4709 	 306
1788204776940 	 398 	 200 	 4710 	 305
1788204777136 	 299 	 200 	 4711 	 304
1788204777163 	 268 	 200 	 4712 	 303
1788204777152 	 279 	 200 	 4713 	 302
1788204777250 	 194 	 200 	 4714 	 301
1788204777237 	 214 	 200 	 4715 	 300
1788204776955 	 577 	 200 	 4716 	 299
1788204777047 	 486 	 200 	 4717 	 298
1788204777136 	 399 	 200 	 4718 	 297
1788204777241 	 310 	 200 	 4719 	 296
1788204777342 	 216 	 200 	 4720 	 295
1788204777160 	 399 	 200 	 4721 	 294
1788204777336 	 285 	 200 	 4722 	 293
1788204777339 	 290 	 200 	 4723 	 292
1788204777164 	 469 	 200 	 4724 	 291
1788204777340 	 297 	 200 	 4725 	 290
1788204777534 	 106 	 200 	 4726 	 289
1788204777439 	 203 	 200 	 4727 	 288
1788204777455 	 191 	 200 	 4728 	 287
1788204777537 	 186 	 200 	 4729 	 286
1788204777537 	 199 	 200 	 4730 	 285
1788204777559 	 178 	 200 	 4731 	 284
1788204777638 	 161 	 200 	 4732 	 283
1788204777636 	 165 	 200 	 4733 	 282
1788204777649 	 151 	 200 	 4734 	 281
1788204777555 	 244 	 200 	 4735 	 280
1788204777437 	 366 	 200 	 4736 	 279
1788204777339 	 466 	 200 	 4737 	 278
1788204777636 	 168 	 200 	 4738 	 277
1788204777564 	 241 	 200 	 4739 	 276
1788204777725 	 97 	 200 	 4740 	 275
1788204777447 	 379 	 200 	 4741 	 274
1788204777644 	 190 	 200 	 4742 	 273
1788204777436 	 400 	 200 	 4743 	 272
1788204777623 	 213 	 200 	 4744 	 271
1788204777802 	 100 	 200 	 4745 	 270
1788204777739 	 197 	 200 	 4746 	 269
1788204777641 	 301 	 200 	 4747 	 268
1788204777807 	 141 	 200 	 4748 	 267
1788204777835 	 112 	 200 	 4749 	 266
1788204777838 	 197 	 200 	 4750 	 265
1788204777742 	 292 	 200 	 4751 	 264
1788204777839 	 196 	 200 	 4752 	 263
1788204777805 	 237 	 200 	 4753 	 262
1788204777801 	 241 	 200 	 4754 	 261
1788204777805 	 234 	 200 	 4755 	 260
1788204777808 	 242 	 200 	 4756 	 259
1788204777945 	 188 	 200 	 4757 	 258
1788204778047 	 86 	 200 	 4758 	 257
1788204777938 	 198 	 200 	 4759 	 256
1788204777904 	 235 	 200 	 4760 	 255
1788204778036 	 105 	 200 	 4761 	 254
1788204777949 	 184 	 200 	 4762 	 253
1788204777951 	 189 	 200 	 4763 	 252
1788204777828 	 309 	 200 	 4764 	 251
1788204777808 	 332 	 200 	 4765 	 250
1788204778038 	 109 	 200 	 4766 	 249
1788204777809 	 328 	 200 	 4767 	 248
1788204777823 	 318 	 200 	 4768 	 247
1788204778147 	 77 	 200 	 4769 	 246
1788204778044 	 190 	 200 	 4770 	 245
1788204778135 	 100 	 200 	 4771 	 244
1788204778046 	 192 	 200 	 4772 	 243
1788204778144 	 96 	 200 	 4773 	 242
1788204778135 	 105 	 200 	 4774 	 241
1788204778039 	 204 	 200 	 4775 	 240
1788204778052 	 191 	 200 	 4776 	 239
1788204778152 	 190 	 200 	 4777 	 238
1788204778148 	 194 	 200 	 4778 	 237
1788204778148 	 198 	 200 	 4779 	 236
1788204778143 	 210 	 200 	 4780 	 235
1788204778150 	 201 	 200 	 4781 	 234
1788204778145 	 215 	 200 	 4782 	 233
1788204778243 	 191 	 200 	 4783 	 232
1788204778141 	 301 	 200 	 4784 	 231
1788204778245 	 196 	 200 	 4785 	 230
1788204778239 	 268 	 200 	 4786 	 229
1788204778237 	 285 	 200 	 4787 	 228
1788204778139 	 407 	 200 	 4788 	 227
1788204778225 	 378 	 200 	 4789 	 226
1788204778354 	 248 	 200 	 4790 	 225
1788204778343 	 298 	 200 	 4791 	 224
1788204778241 	 404 	 200 	 4792 	 223
1788204778235 	 507 	 200 	 4793 	 222
1788204778605 	 141 	 200 	 4794 	 221
1788204778344 	 407 	 200 	 4795 	 220
1788204778348 	 492 	 200 	 4796 	 219
1788204778245 	 603 	 200 	 4797 	 218
1788204778753 	 144 	 200 	 4798 	 217
1788204778446 	 452 	 200 	 4799 	 216
1788204778358 	 539 	 200 	 4800 	 215
1788204778643 	 306 	 200 	 4801 	 214
1788204778362 	 591 	 200 	 4802 	 213
1788204778509 	 446 	 200 	 4803 	 212
1788204778443 	 516 	 200 	 4804 	 211
1788204778548 	 484 	 200 	 4805 	 210
1788204778607 	 430 	 200 	 4806 	 209
1788204778523 	 531 	 200 	 4807 	 208
1788204778647 	 407 	 200 	 4808 	 207
1788204778435 	 711 	 200 	 4809 	 206
1788204778904 	 246 	 200 	 4810 	 205
1788204778844 	 351 	 200 	 4811 	 204
1788204778748 	 489 	 200 	 4812 	 203
1788204778960 	 285 	 200 	 4813 	 202
1788204778851 	 397 	 200 	 4814 	 201
1788204779039 	 219 	 200 	 4815 	 200
1788204778957 	 308 	 200 	 4816 	 199
1788204779148 	 192 	 200 	 4817 	 198
1788204778900 	 445 	 200 	 4818 	 197
1788204778902 	 446 	 200 	 4819 	 196
1788204779035 	 318 	 200 	 4820 	 195
1788204779152 	 202 	 200 	 4821 	 194
1788204778963 	 399 	 200 	 4822 	 193
1788204779059 	 377 	 200 	 4823 	 192
1788204779250 	 199 	 200 	 4824 	 191
1788204778744 	 708 	 200 	 4825 	 190
1788204778952 	 502 	 200 	 4826 	 189
1788204779240 	 296 	 200 	 4827 	 188
1788204779196 	 340 	 200 	 4828 	 187
1788204779057 	 482 	 200 	 4829 	 186
1788204779268 	 280 	 200 	 4830 	 185
1788204779260 	 298 	 200 	 4831 	 184
1788204779347 	 216 	 200 	 4832 	 183
1788204779343 	 229 	 200 	 4833 	 182
1788204779359 	 273 	 200 	 4834 	 181
1788204779355 	 278 	 200 	 4835 	 180
1788204779455 	 183 	 200 	 4836 	 179
1788204779248 	 396 	 200 	 4837 	 178
1788204779438 	 210 	 200 	 4838 	 177
1788204779351 	 372 	 200 	 4839 	 176
1788204779537 	 196 	 200 	 4840 	 175
1788204779561 	 173 	 200 	 4841 	 174
1788204779451 	 283 	 200 	 4842 	 173
1788204779364 	 372 	 200 	 4843 	 172
1788204779457 	 291 	 200 	 4844 	 171
1788204779566 	 185 	 200 	 4845 	 170
1788204779551 	 287 	 200 	 4846 	 169
1788204779637 	 208 	 200 	 4847 	 168
1788204779542 	 306 	 200 	 4848 	 167
1788204779635 	 215 	 200 	 4849 	 166
1788204779537 	 311 	 200 	 4850 	 165
1788204779646 	 296 	 200 	 4851 	 164
1788204779574 	 459 	 200 	 4852 	 163
1788204779735 	 302 	 200 	 4853 	 162
1788204779737 	 298 	 200 	 4854 	 161
1788204779642 	 399 	 200 	 4855 	 160
1788204779725 	 325 	 200 	 4856 	 159
1788204779737 	 398 	 200 	 4857 	 158
1788204779846 	 289 	 200 	 4858 	 157
1788204779760 	 395 	 200 	 4859 	 156
1788204779852 	 305 	 200 	 4860 	 155
1788204779854 	 307 	 200 	 4861 	 154
1788204779841 	 393 	 200 	 4862 	 153
1788204779747 	 502 	 200 	 4863 	 152
1788204779854 	 407 	 200 	 4864 	 151
1788204779754 	 513 	 200 	 4865 	 150
1788204780042 	 260 	 200 	 4866 	 149
1788204780138 	 195 	 200 	 4867 	 148
1788204779650 	 691 	 200 	 4868 	 147
1788204780036 	 312 	 200 	 4869 	 146
1788204780165 	 269 	 200 	 4870 	 145
1788204780040 	 402 	 200 	 4871 	 144
1788204780038 	 401 	 200 	 4872 	 143
1788204780138 	 305 	 200 	 4873 	 142
1788204780052 	 387 	 200 	 4874 	 141
1788204779944 	 501 	 200 	 4875 	 140
1788204780335 	 200 	 200 	 4876 	 139
1788204780264 	 287 	 200 	 4877 	 138
1788204780159 	 395 	 200 	 4878 	 137
1788204780162 	 434 	 200 	 4879 	 136
1788204780343 	 256 	 200 	 4880 	 135
1788204780237 	 406 	 200 	 4881 	 134
1788204780557 	 87 	 200 	 4882 	 133
1788204780350 	 296 	 200 	 4883 	 132
1788204780270 	 392 	 200 	 4884 	 131
1788204780436 	 232 	 200 	 4885 	 130
1788204780448 	 222 	 200 	 4886 	 129
1788204780457 	 209 	 200 	 4887 	 128
1788204780537 	 199 	 200 	 4888 	 127
1788204780252 	 488 	 200 	 4889 	 126
1788204780453 	 295 	 200 	 4890 	 125
1788204780443 	 292 	 200 	 4891 	 124
1788204780303 	 445 	 200 	 4892 	 123
1788204780646 	 190 	 200 	 4893 	 122
1788204780665 	 174 	 200 	 4894 	 121
1788204780553 	 292 	 200 	 4895 	 120
1788204780644 	 201 	 200 	 4896 	 119
1788204780648 	 196 	 200 	 4897 	 118
1788204780601 	 333 	 200 	 4898 	 117
1788204780598 	 347 	 200 	 4899 	 116
1788204780450 	 500 	 200 	 4900 	 115
1788204780672 	 366 	 200 	 4901 	 114
1788204780752 	 285 	 200 	 4902 	 113
1788204780673 	 372 	 200 	 4903 	 112
1788204780759 	 289 	 200 	 4904 	 111
1788204780842 	 291 	 200 	 4905 	 110
1788204780675 	 462 	 200 	 4906 	 109
1788204780738 	 400 	 200 	 4907 	 108
1788204780756 	 380 	 200 	 4908 	 107
1788204780743 	 493 	 200 	 4909 	 106
1788204780849 	 395 	 200 	 4910 	 105
1788204780851 	 398 	 200 	 4911 	 104
1788204780953 	 380 	 200 	 4912 	 103
1788204780936 	 398 	 200 	 4913 	 102
1788204780848 	 482 	 200 	 4914 	 101
1788204781051 	 287 	 200 	 4915 	 100
1788204781141 	 198 	 200 	 4916 	 99
1788204781136 	 203 	 200 	 4917 	 98
1788204780946 	 397 	 200 	 4918 	 97
1788204781045 	 305 	 200 	 4919 	 96
1788204780838 	 513 	 200 	 4920 	 95
1788204781048 	 303 	 200 	 4921 	 94
1788204781139 	 295 	 200 	 4922 	 93
1788204781250 	 183 	 200 	 4923 	 92
1788204781142 	 295 	 200 	 4924 	 91
1788204781041 	 395 	 200 	 4925 	 90
1788204781240 	 198 	 200 	 4926 	 89
1788204781246 	 193 	 200 	 4927 	 88
1788204781337 	 204 	 200 	 4928 	 87
1788204781334 	 207 	 200 	 4929 	 86
1788204781358 	 187 	 200 	 4930 	 85
1788204781354 	 195 	 200 	 4931 	 84
1788204781350 	 241 	 200 	 4932 	 83
1788204781340 	 295 	 200 	 4933 	 82
1788204781344 	 287 	 200 	 4934 	 81
1788204781337 	 303 	 200 	 4935 	 80
1788204781345 	 292 	 200 	 4936 	 79
1788204781438 	 299 	 200 	 4937 	 78
1788204781440 	 303 	 200 	 4938 	 77
1788204781356 	 385 	 200 	 4939 	 76
1788204781544 	 201 	 200 	 4940 	 75
1788204781436 	 314 	 200 	 4941 	 74
1788204781436 	 318 	 200 	 4942 	 73
1788204781445 	 391 	 200 	 4943 	 72
1788204781442 	 395 	 200 	 4944 	 71
1788204781550 	 294 	 200 	 4945 	 70
1788204781637 	 208 	 200 	 4946 	 69
1788204781553 	 294 	 200 	 4947 	 68
1788204781604 	 329 	 200 	 4948 	 67
1788204781547 	 388 	 200 	 4949 	 66
1788204781645 	 295 	 200 	 4950 	 65
1788204781747 	 287 	 200 	 4951 	 64
1788204781639 	 396 	 200 	 4952 	 63
1788204781641 	 394 	 200 	 4953 	 62
1788204781849 	 192 	 200 	 4954 	 61
1788204781752 	 288 	 200 	 4955 	 60
1788204781739 	 399 	 200 	 4956 	 59
1788204781853 	 296 	 200 	 4957 	 58
1788204781755 	 455 	 200 	 4958 	 57
1788204781744 	 489 	 200 	 4959 	 56
1788204781934 	 299 	 200 	 4960 	 55
1788204781840 	 394 	 200 	 4961 	 54
1788204781750 	 487 	 200 	 4962 	 53
1788204781938 	 299 	 200 	 4963 	 52
1788204782038 	 199 	 200 	 4964 	 51
1788204781848 	 445 	 200 	 4965 	 50
1788204781943 	 391 	 200 	 4966 	 49
1788204782039 	 296 	 200 	 4967 	 48
1788204781843 	 492 	 200 	 4968 	 47
1788204782140 	 215 	 200 	 4969 	 46
1788204782212 	 191 	 200 	 4970 	 45
1788204782237 	 174 	 200 	 4971 	 44
1788204782044 	 365 	 200 	 4972 	 43
1788204782044 	 389 	 200 	 4973 	 42
1788204782152 	 348 	 200 	 4974 	 41
1788204782235 	 264 	 200 	 4975 	 40
1788204782236 	 276 	 200 	 4976 	 39
1788204782037 	 474 	 200 	 4977 	 38
1788204782336 	 198 	 200 	 4978 	 37
1788204782338 	 265 	 200 	 4979 	 36
1788204782238 	 366 	 200 	 4980 	 35
1788204782337 	 303 	 200 	 4981 	 34
1788204782240 	 460 	 200 	 4982 	 33
1788204782415 	 292 	 200 	 4983 	 32
1788204782358 	 356 	 200 	 4984 	 31
1788204782412 	 301 	 200 	 4985 	 30
1788204782436 	 283 	 200 	 4986 	 29
1788204782241 	 477 	 200 	 4987 	 28
1788204782514 	 296 	 200 	 4988 	 27
1788204782643 	 173 	 200 	 4989 	 26
1788204782516 	 389 	 200 	 4990 	 25
1788204782607 	 303 	 200 	 4991 	 24
1788204782298 	 620 	 200 	 4992 	 23
1788204782535 	 386 	 200 	 4993 	 22
1788204782406 	 520 	 200 	 4994 	 21
1788204782721 	 280 	 200 	 4995 	 20
1788204782604 	 397 	 200 	 4996 	 19
1788204782812 	 192 	 200 	 4997 	 18
1788204782504 	 501 	 200 	 4998 	 17
1788204782709 	 298 	 200 	 4999 	 16
1788204782723 	 285 	 200 	 5000 	 15
1788204782509 	 497 	 200 	 5000 	 14
1788204782703 	 307 	 200 	 5000 	 13
1788204782716 	 297 	 200 	 5000 	 12
1788204782818 	 217 	 200 	 5000 	 11
1788204782920 	 120 	 200 	 5000 	 10
1788204782913 	 198 	 200 	 5000 	 9
1788204782923 	 200 	 200 	 5000 	 8
1788204782726 	 400 	 200 	 5000 	 7
1788204782928 	 198 	 200 	 5000 	 6
1788204783011 	 122 	 200 	 5000 	 5
1788204782907 	 226 	 200 	 5000 	 4
1788204783005 	 207 	 200 	 5000 	 3
1788204783008 	 224 	 200 	 5000 	 2
1788204783003 	 238 	 200 	 5000 	 1
1788204783005 	 237 	 200 	 5000 	 0