1787308096495 	 33 	 200 	 4 	 3
1787308096478 	 49 	 200 	 4 	 2
1787308096506 	 24 	 200 	 4 	 1
1787308096489 	 41 	 200 	 4 	 0
1787308096557 	 16 	 200 	 6 	 1
1787308096561 	 16 	 200 	 6 	 0
1787308096623 	 16 	 200 	 8 	 1
1787308096638 	 14 	 200 	 8 	 0
1787308096673 	 14 	 200 	 9 	 0
1787308096730 	 36 	 200 	 10 	 0
1787308096806 	 21 	 200 	 13 	 2
1787308096815 	 15 	 200 	 13 	 1
1787308096861 	 13 	 200 	 15 	 2
1787308096773 	 108 	 200 	 15 	 1
1787308096872 	 15 	 200 	 15 	 0
1787308096930 	 15 	 200 	 17 	 1
1787308096947 	 18 	 200 	 20 	 3
1787308096951 	 16 	 200 	 20 	 2
1787308096950 	 18 	 200 	 20 	 1
1787308096961 	 14 	 200 	 21 	 1
1787308096976 	 17 	 200 	 22 	 1
1787308096989 	 17 	 200 	 23 	 1
1787308097005 	 15 	 200 	 25 	 2
1787308097014 	 13 	 200 	 25 	 1
1787308097021 	 13 	 200 	 25 	 0
1787308097050 	 15 	 200 	 27 	 1
1787308097065 	 18 	 200 	 27 	 0
1787308097091 	 13 	 200 	 28 	 0
1787308097111 	 16 	 200 	 30 	 1
1787308097115 	 16 	 200 	 30 	 0
1787308097148 	 18 	 200 	 31 	 0
1787308097176 	 16 	 200 	 33 	 1
1787308097186 	 15 	 200 	 33 	 0
1787308097205 	 12 	 200 	 34 	 0
1787308097231 	 22 	 200 	 37 	 2
1787308097244 	 14 	 200 	 37 	 1
1787308097241 	 21 	 200 	 38 	 1
1787308097274 	 14 	 200 	 39 	 1
1787308097263 	 35 	 200 	 41 	 2
1787308097294 	 18 	 200 	 41 	 1
1787308097320 	 15 	 200 	 43 	 2
1787308097319 	 47 	 200 	 43 	 1
1787308097396 	 22 	 200 	 46 	 3
1787308097402 	 18 	 200 	 46 	 2
1787308097418 	 16 	 200 	 47 	 2
1787308097430 	 43 	 200 	 49 	 3
1787308097437 	 37 	 200 	 49 	 2
1787308097441 	 35 	 200 	 49 	 1
1787308097290 	 199 	 200 	 49 	 0
1787308097495 	 14 	 200 	 52 	 2
1787308097503 	 19 	 200 	 53 	 2
1787308097509 	 13 	 200 	 53 	 1
1787308097514 	 16 	 200 	 54 	 1
1787308097526 	 16 	 200 	 54 	 0
1787308097574 	 13 	 200 	 55 	 0
1787308097593 	 12 	 200 	 56 	 0
1787308097626 	 22 	 200 	 58 	 1
1787308097627 	 23 	 200 	 58 	 0
1787308097698 	 16 	 200 	 61 	 2
1787308097709 	 14 	 200 	 61 	 1
1787308097714 	 17 	 200 	 62 	 1
1787308097727 	 16 	 200 	 62 	 0
1787308097755 	 13 	 200 	 63 	 0
1787308097780 	 15 	 200 	 64 	 0
1787308097802 	 13 	 200 	 65 	 0
1787308097821 	 13 	 200 	 66 	 0
1787308097838 	 14 	 200 	 68 	 1
1787308097839 	 14 	 200 	 68 	 0
1787308097876 	 18 	 200 	 69 	 0
1787308097896 	 12 	 200 	 70 	 0
1787308097949 	 32 	 200 	 72 	 1
1787308097961 	 24 	 200 	 72 	 0
1787308097994 	 16 	 200 	 75 	 2
1787308097997 	 16 	 200 	 75 	 1
1787308097998 	 15 	 200 	 75 	 0
1787308098027 	 13 	 200 	 76 	 0
1787308098055 	 13 	 200 	 77 	 0
1787308098084 	 14 	 200 	 78 	 0
1787308098114 	 15 	 200 	 79 	 0
1787308098173 	 25 	 200 	 81 	 1
1787308098176 	 27 	 200 	 81 	 0
1787308098212 	 15 	 200 	 83 	 1
1787308098225 	 17 	 200 	 84 	 1
1787308098230 	 13 	 200 	 84 	 0
1787308098299 	 13 	 200 	 86 	 1
1787308098311 	 15 	 200 	 87 	 1
1787308098323 	 17 	 200 	 87 	 0
1787308098386 	 24 	 200 	 88 	 0
1787308098459 	 13 	 200 	 89 	 0
1787308098517 	 14 	 200 	 92 	 2
1787308098527 	 15 	 200 	 92 	 1
1787308098530 	 16 	 200 	 92 	 0
1787308098550 	 15 	 200 	 94 	 1
1787308098550 	 18 	 200 	 95 	 1
1787308098568 	 17 	 200 	 97 	 2
1787308098581 	 17 	 200 	 98 	 2
1787308098589 	 16 	 200 	 98 	 1
1787308098573 	 37 	 200 	 98 	 0
1787308098644 	 14 	 200 	 99 	 0
1787308098666 	 14 	 200 	 101 	 1
1787308098678 	 14 	 200 	 102 	 1
1787308098691 	 15 	 200 	 102 	 0
1787308098722 	 16 	 200 	 106 	 3
1787308098723 	 15 	 200 	 106 	 2
1787308098733 	 32 	 200 	 107 	 2
1787308098735 	 34 	 200 	 107 	 1
1787308098749 	 20 	 200 	 107 	 0
1787308098786 	 15 	 200 	 109 	 1
1787308098794 	 20 	 200 	 111 	 2
1787308098803 	 14 	 200 	 111 	 1
1787308098811 	 14 	 200 	 111 	 0
1787308098872 	 35 	 200 	 113 	 1
1787308098896 	 17 	 200 	 113 	 0
1787308098916 	 15 	 200 	 114 	 0
1787308098983 	 17 	 200 	 117 	 2
1787308098984 	 26 	 200 	 118 	 2
1787308098990 	 23 	 200 	 118 	 1
1787308099006 	 14 	 200 	 118 	 0
1787308099022 	 16 	 200 	 120 	 1
1787308099030 	 14 	 200 	 120 	 0
1787308099109 	 13 	 200 	 121 	 0
1787308099125 	 14 	 200 	 123 	 1
1787308099135 	 13 	 200 	 124 	 1
1787308099147 	 12 	 200 	 124 	 0
1787308099185 	 23 	 200 	 128 	 3
1787308099188 	 23 	 200 	 128 	 2
1787308099194 	 17 	 200 	 128 	 1
1787308099203 	 15 	 200 	 128 	 0
1787308099220 	 15 	 200 	 131 	 2
1787308099224 	 18 	 200 	 131 	 1
1787308099228 	 15 	 200 	 131 	 0
1787308099255 	 14 	 200 	 133 	 1
1787308099258 	 18 	 200 	 133 	 0
1787308099297 	 13 	 200 	 135 	 1
1787308099310 	 13 	 200 	 136 	 1
1787308099314 	 13 	 200 	 136 	 0
1787308099329 	 19 	 200 	 137 	 0
1787308099375 	 21 	 200 	 140 	 2
1787308099389 	 16 	 200 	 140 	 1
1787308099393 	 15 	 200 	 140 	 0
1787308099430 	 13 	 200 	 141 	 0
1787308099458 	 13 	 200 	 142 	 0
1787308099513 	 13 	 200 	 144 	 1
1787308099526 	 13 	 200 	 144 	 0
1787308099558 	 14 	 200 	 145 	 0
1787308099603 	 17 	 200 	 148 	 2
1787308099606 	 16 	 200 	 148 	 1
1787308099612 	 17 	 200 	 149 	 2
1787308099625 	 17 	 200 	 150 	 1
1787308099630 	 15 	 200 	 151 	 1
1787308099644 	 15 	 200 	 152 	 1
1787308099652 	 14 	 200 	 152 	 0
1787308099686 	 14 	 200 	 154 	 1
1787308099696 	 16 	 200 	 156 	 2
1787308099706 	 13 	 200 	 156 	 1
1787308099711 	 19 	 200 	 156 	 0
1787308099733 	 14 	 200 	 157 	 0
1787308099767 	 17 	 200 	 158 	 0
1787308099791 	 13 	 200 	 159 	 0
1787308099825 	 17 	 200 	 160 	 0
1787308099855 	 15 	 200 	 162 	 1
1787308099859 	 14 	 200 	 162 	 0
1787308099877 	 17 	 200 	 164 	 1
1787308099881 	 17 	 200 	 164 	 0
1787308099927 	 14 	 200 	 165 	 0
1787308100028 	 26 	 200 	 167 	 1
1787308100046 	 16 	 200 	 167 	 0
1787308100078 	 30 	 200 	 169 	 1
1787308100094 	 22 	 200 	 170 	 1
1787308100110 	 14 	 200 	 170 	 0
1787308100142 	 13 	 200 	 171 	 0
1787308100185 	 39 	 200 	 175 	 3
1787308100200 	 26 	 200 	 175 	 2
1787308100206 	 26 	 200 	 176 	 2
1787308100209 	 25 	 200 	 176 	 1
1787308100241 	 13 	 200 	 177 	 1
1787308100232 	 24 	 200 	 177 	 0
1787308100279 	 18 	 200 	 178 	 0
1787308100300 	 12 	 200 	 180 	 1
1787308100311 	 17 	 200 	 182 	 2
1787308100319 	 13 	 200 	 182 	 1
1787308100324 	 14 	 200 	 182 	 0
1787308100353 	 13 	 200 	 185 	 2
1787308100356 	 16 	 200 	 185 	 1
1787308100386 	 15 	 200 	 189 	 4
1787308100382 	 20 	 200 	 189 	 3
1787308100401 	 20 	 200 	 189 	 2
1787308100400 	 22 	 200 	 189 	 1
1787308100360 	 66 	 200 	 189 	 0
1787308100429 	 16 	 200 	 190 	 0
1787308100460 	 14 	 200 	 191 	 0
1787308100495 	 17 	 200 	 195 	 3
1787308100498 	 15 	 200 	 195 	 2
1787308100496 	 18 	 200 	 195 	 1
1787308100511 	 15 	 200 	 195 	 0
1787308100547 	 16 	 200 	 196 	 0
1787308100577 	 13 	 200 	 197 	 0
1787308100619 	 12 	 200 	 198 	 0
1787308100648 	 12 	 200 	 200 	 1
1787308100658 	 13 	 200 	 200 	 0
1787308100692 	 16 	 200 	 202 	 1
1787308100701 	 15 	 200 	 204 	 2
1787308100711 	 16 	 200 	 204 	 1
1787308100713 	 19 	 200 	 204 	 0
1787308100762 	 15 	 200 	 208 	 3
1787308100774 	 18 	 200 	 208 	 2
1787308100774 	 21 	 200 	 208 	 1
1787308100776 	 20 	 200 	 208 	 0
1787308100814 	 15 	 200 	 210 	 1
1787308100822 	 18 	 200 	 212 	 2
1787308100832 	 14 	 200 	 213 	 2
1787308100838 	 15 	 200 	 213 	 1
1787308100842 	 13 	 200 	 213 	 0
1787308100880 	 17 	 200 	 215 	 1
1787308100883 	 16 	 200 	 215 	 0
1787308100905 	 12 	 200 	 216 	 0
1787308100919 	 12 	 200 	 217 	 0
1787308100964 	 14 	 200 	 219 	 1
1787308100969 	 14 	 200 	 220 	 1
1787308100981 	 23 	 200 	 221 	 1
1787308100993 	 42 	 200 	 222 	 1
1787308101021 	 15 	 200 	 222 	 0
1787308101051 	 14 	 200 	 223 	 0
1787308101076 	 31 	 200 	 224 	 0
1787308101126 	 12 	 200 	 225 	 0
1787308101140 	 11 	 200 	 226 	 0
1787308101241 	 15 	 200 	 227 	 0
1787308101298 	 15 	 200 	 228 	 0
1787308101331 	 13 	 200 	 229 	 0
1787308101352 	 16 	 200 	 233 	 3
1787308101357 	 14 	 200 	 233 	 2
1787308101361 	 15 	 200 	 233 	 1
1787308101365 	 15 	 200 	 233 	 0
1787308101426 	 14 	 200 	 234 	 0
1787308101452 	 15 	 200 	 236 	 1
1787308101460 	 19 	 200 	 236 	 0
1787308101481 	 15 	 200 	 238 	 1
1787308101492 	 14 	 200 	 239 	 1
1787308101500 	 15 	 200 	 239 	 0
1787308101561 	 35 	 200 	 242 	 2
1787308101576 	 22 	 200 	 242 	 1
1787308101584 	 17 	 200 	 242 	 0
1787308101631 	 15 	 200 	 243 	 0
1787308101650 	 12 	 200 	 244 	 0
1787308101665 	 15 	 200 	 246 	 1
1787308101667 	 13 	 200 	 246 	 0
1787308101719 	 16 	 200 	 248 	 1
1787308101731 	 14 	 200 	 249 	 1
1787308101740 	 13 	 200 	 249 	 0
1787308101805 	 12 	 200 	 251 	 1
1787308101822 	 14 	 200 	 252 	 1
1787308101795 	 48 	 200 	 253 	 1
1787308101840 	 13 	 200 	 253 	 0
1787308101880 	 14 	 200 	 255 	 1
1787308101882 	 13 	 200 	 255 	 0
1787308101912 	 18 	 200 	 256 	 0
1787308101937 	 12 	 200 	 257 	 0
1787308101959 	 14 	 200 	 259 	 1
1787308101966 	 16 	 200 	 260 	 1
1787308101978 	 13 	 200 	 261 	 1
1787308101986 	 17 	 200 	 261 	 0
1787308102022 	 20 	 200 	 265 	 3
1787308102028 	 15 	 200 	 265 	 2
1787308102025 	 19 	 200 	 265 	 1
1787308102030 	 14 	 200 	 265 	 0
1787308102061 	 13 	 200 	 267 	 1
1787308102067 	 15 	 200 	 268 	 1
1787308102078 	 15 	 200 	 269 	 1
1787308102089 	 13 	 200 	 269 	 0
1787308102129 	 14 	 200 	 270 	 0
1787308102148 	 11 	 200 	 271 	 0
1787308102161 	 14 	 200 	 275 	 3
1787308102170 	 15 	 200 	 275 	 2
1787308102175 	 14 	 200 	 275 	 1
1787308102176 	 16 	 200 	 275 	 0
1787308102206 	 14 	 200 	 277 	 1
1787308102215 	 13 	 200 	 278 	 1
1787308102228 	 15 	 200 	 278 	 0
1787308102250 	 13 	 200 	 280 	 1
1787308102252 	 23 	 200 	 281 	 1
1787308102273 	 17 	 200 	 282 	 1
1787308102288 	 14 	 200 	 283 	 1
1787308102298 	 13 	 200 	 283 	 0
1787308102371 	 28 	 200 	 286 	 2
1787308102374 	 26 	 200 	 286 	 1
1787308102394 	 25 	 200 	 287 	 1
1787308102409 	 16 	 200 	 288 	 1
1787308102424 	 15 	 200 	 288 	 0
1787308102447 	 15 	 200 	 290 	 1
1787308102453 	 13 	 200 	 290 	 0
1787308102520 	 13 	 200 	 291 	 0
1787308102535 	 18 	 200 	 293 	 1
1787308102538 	 16 	 200 	 293 	 0
1787308102600 	 16 	 200 	 298 	 4
1787308102593 	 26 	 200 	 299 	 4
1787308102599 	 22 	 200 	 299 	 3
1787308102604 	 18 	 200 	 299 	 2
1787308102611 	 18 	 200 	 300 	 2
1787308102627 	 13 	 200 	 300 	 1
1787308102618 	 23 	 200 	 300 	 0
1787308102643 	 17 	 200 	 301 	 0
1787308102693 	 21 	 200 	 302 	 0
1787308102724 	 12 	 200 	 303 	 0
1787308102751 	 15 	 200 	 304 	 0
1787308102800 	 19 	 200 	 305 	 0
1787308102845 	 20 	 200 	 307 	 1
1787308102849 	 17 	 200 	 307 	 0
1787308102906 	 15 	 200 	 309 	 1
1787308102914 	 15 	 200 	 309 	 0
1787308102986 	 12 	 200 	 310 	 0
1787308103000 	 12 	 200 	 311 	 0
1787308103033 	 15 	 200 	 313 	 1
1787308103058 	 13 	 200 	 315 	 2
1787308103069 	 16 	 200 	 317 	 3
1787308103075 	 15 	 200 	 317 	 2
1787308103081 	 20 	 200 	 318 	 2
1787308103094 	 29 	 200 	 318 	 1
1787308103041 	 125 	 200 	 319 	 1
1787308103149 	 20 	 200 	 319 	 0
1787308103198 	 13 	 200 	 320 	 0
1787308103222 	 15 	 200 	 322 	 1
1787308103229 	 17 	 200 	 323 	 1
1787308103239 	 16 	 200 	 323 	 0
1787308103262 	 17 	 200 	 325 	 1
1787308103267 	 14 	 200 	 325 	 0
1787308103291 	 13 	 200 	 326 	 0
1787308103307 	 14 	 200 	 328 	 1
1787308103312 	 21 	 200 	 328 	 0
1787308103342 	 13 	 200 	 331 	 2
1787308103349 	 14 	 200 	 331 	 1
1787308103355 	 13 	 200 	 331 	 0
1787308103387 	 13 	 200 	 332 	 0
1787308103459 	 14 	 200 	 335 	 2
1787308103465 	 16 	 200 	 336 	 2
1787308103470 	 15 	 200 	 336 	 1
1787308103477 	 15 	 200 	 338 	 2
1787308103491 	 14 	 200 	 338 	 1
1787308103491 	 15 	 200 	 339 	 1
1787308103507 	 14 	 200 	 339 	 0
1787308103538 	 13 	 200 	 341 	 1
1787308103548 	 12 	 200 	 341 	 0
1787308103564 	 17 	 200 	 343 	 1
1787308103577 	 14 	 200 	 343 	 0
1787308103614 	 16 	 200 	 345 	 1
1787308103630 	 13 	 200 	 346 	 1
1787308103644 	 15 	 200 	 346 	 0
1787308103683 	 14 	 200 	 347 	 0
1787308103729 	 16 	 200 	 348 	 0
1787308103747 	 12 	 200 	 349 	 0
1787308103771 	 14 	 200 	 350 	 0
1787308103792 	 13 	 200 	 352 	 1
1787308103802 	 14 	 200 	 352 	 0
1787308103845 	 15 	 200 	 355 	 2
1787308103857 	 16 	 200 	 355 	 1
1787308103844 	 57 	 200 	 355 	 0
1787308103918 	 13 	 200 	 356 	 0
1787308103941 	 15 	 200 	 359 	 2
1787308103951 	 14 	 200 	 359 	 1
1787308103955 	 12 	 200 	 359 	 0
1787308103970 	 16 	 200 	 360 	 0
1787308104011 	 14 	 200 	 362 	 1
1787308104022 	 15 	 200 	 362 	 0
1787308104050 	 12 	 200 	 364 	 1
1787308104057 	 14 	 200 	 364 	 0
1787308104143 	 15 	 200 	 365 	 0
1787308104196 	 14 	 200 	 367 	 1
1787308104200 	 14 	 200 	 367 	 0
1787308104226 	 12 	 200 	 368 	 0
1787308104277 	 20 	 200 	 372 	 3
1787308104274 	 24 	 200 	 372 	 2
1787308104266 	 35 	 200 	 372 	 1
1787308104285 	 19 	 200 	 372 	 0
1787308104320 	 16 	 200 	 373 	 0
1787308104339 	 16 	 200 	 374 	 0
1787308104398 	 19 	 200 	 376 	 1
1787308104410 	 14 	 200 	 376 	 0
1787308104431 	 14 	 200 	 377 	 0
1787308104447 	 12 	 200 	 378 	 0
1787308104517 	 13 	 200 	 379 	 0
1787308104546 	 13 	 200 	 380 	 0
1787308104561 	 16 	 200 	 382 	 1
1787308104569 	 13 	 200 	 382 	 0
1787308104605 	 12 	 200 	 383 	 0
1787308104625 	 15 	 200 	 385 	 1
1787308104626 	 15 	 200 	 385 	 0
1787308104644 	 16 	 200 	 387 	 1
1787308104654 	 18 	 200 	 389 	 2
1787308104663 	 20 	 200 	 390 	 2
1787308104666 	 17 	 200 	 390 	 1
1787308104677 	 16 	 200 	 390 	 0
1787308104716 	 18 	 200 	 392 	 1
1787308104719 	 18 	 200 	 392 	 0
1787308104750 	 12 	 200 	 394 	 1
1787308104762 	 13 	 200 	 394 	 0
1787308104787 	 13 	 200 	 395 	 0
1787308104853 	 23 	 200 	 397 	 1
1787308104868 	 14 	 200 	 397 	 0
1787308104894 	 14 	 200 	 399 	 1
1787308104898 	 14 	 200 	 399 	 0
1787308104927 	 16 	 200 	 400 	 0
1787308104952 	 13 	 200 	 401 	 0
1787308105024 	 40 	 200 	 406 	 4
1787308105028 	 36 	 200 	 406 	 3
1787308105048 	 19 	 200 	 406 	 2
1787308105050 	 18 	 200 	 406 	 1
1787308105051 	 24 	 200 	 406 	 0
1787308105100 	 34 	 200 	 408 	 1
1787308105131 	 51 	 200 	 409 	 1
1787308105147 	 52 	 200 	 410 	 1
1787308105194 	 13 	 200 	 410 	 0
1787308105212 	 19 	 200 	 412 	 1
1787308105221 	 16 	 200 	 412 	 0
1787308105244 	 16 	 200 	 415 	 2
1787308105252 	 22 	 200 	 418 	 4
1787308105256 	 22 	 200 	 418 	 3
1787308105264 	 17 	 200 	 418 	 2
1787308105266 	 18 	 200 	 418 	 1
1787308105266 	 33 	 200 	 419 	 1
1787308105288 	 13 	 200 	 419 	 0
1787308105316 	 14 	 200 	 422 	 2
1787308105315 	 15 	 200 	 422 	 1
1787308105322 	 16 	 200 	 422 	 0
1787308105397 	 21 	 200 	 424 	 1
1787308105394 	 25 	 200 	 424 	 0
1787308105436 	 18 	 200 	 426 	 1
1787308105451 	 17 	 200 	 427 	 1
1787308105468 	 19 	 200 	 429 	 2
1787308105473 	 16 	 200 	 429 	 1
1787308105475 	 17 	 200 	 429 	 0
1787308105506 	 13 	 200 	 431 	 1
1787308105516 	 15 	 200 	 431 	 0
1787308105540 	 12 	 200 	 432 	 0
1787308105567 	 16 	 200 	 433 	 0
1787308105598 	 13 	 200 	 435 	 1
1787308105611 	 16 	 200 	 436 	 1
1787308105627 	 18 	 200 	 437 	 1
1787308105632 	 18 	 200 	 437 	 0
1787308105675 	 13 	 200 	 439 	 1
1787308105680 	 13 	 200 	 440 	 1
1787308105692 	 16 	 200 	 440 	 0
1787308105748 	 16 	 200 	 443 	 2
1787308105756 	 14 	 200 	 443 	 1
1787308105765 	 15 	 200 	 444 	 1
1787308105772 	 17 	 200 	 444 	 0
1787308105793 	 15 	 200 	 445 	 0
1787308105829 	 19 	 200 	 447 	 1
1787308105843 	 17 	 200 	 447 	 0
1787308105905 	 30 	 200 	 450 	 2
1787308105899 	 37 	 200 	 450 	 1
1787308105919 	 23 	 200 	 450 	 0
1787308105967 	 14 	 200 	 451 	 0
1787308105998 	 15 	 200 	 455 	 3
1787308106001 	 17 	 200 	 456 	 3
1787308106005 	 21 	 200 	 456 	 2
1787308106013 	 18 	 200 	 456 	 1
1787308106015 	 16 	 200 	 456 	 0
1787308106040 	 13 	 200 	 459 	 2
1787308106048 	 15 	 200 	 460 	 2
1787308106046 	 19 	 200 	 460 	 1
1787308106058 	 14 	 200 	 460 	 0
1787308106099 	 16 	 200 	 461 	 0
1787308106118 	 20 	 200 	 462 	 0
1787308106146 	 16 	 200 	 463 	 0
1787308106170 	 17 	 200 	 464 	 0
1787308106218 	 31 	 200 	 467 	 2
1787308106221 	 29 	 200 	 467 	 1
1787308106236 	 23 	 200 	 467 	 0
1787308106261 	 14 	 200 	 469 	 1
1787308106264 	 13 	 200 	 469 	 0
1787308106287 	 14 	 200 	 472 	 2
1787308106295 	 16 	 200 	 472 	 1
1787308106299 	 14 	 200 	 472 	 0
1787308106317 	 13 	 200 	 474 	 1
1787308106322 	 20 	 200 	 475 	 1
1787308106336 	 18 	 200 	 478 	 3
1787308106345 	 15 	 200 	 478 	 2
1787308106352 	 17 	 200 	 479 	 2
1787308106355 	 17 	 200 	 479 	 1
1787308106365 	 15 	 200 	 479 	 0
1787308106397 	 13 	 200 	 482 	 2
1787308106411 	 17 	 200 	 483 	 2
1787308106382 	 47 	 200 	 483 	 1
1787308106423 	 14 	 200 	 483 	 0
1787308106447 	 13 	 200 	 484 	 0
1787308106479 	 20 	 200 	 486 	 1
1787308106490 	 17 	 200 	 486 	 0
1787308106532 	 15 	 200 	 489 	 2
1787308106533 	 15 	 200 	 489 	 1
1787308106531 	 32 	 200 	 489 	 0
1787308106614 	 13 	 200 	 490 	 0
1787308106632 	 15 	 200 	 492 	 1
1787308106643 	 13 	 200 	 492 	 0
1787308106690 	 12 	 200 	 493 	 0
1787308106708 	 14 	 200 	 494 	 0
1787308106737 	 14 	 200 	 496 	 1
1787308106747 	 15 	 200 	 496 	 0
1787308106783 	 13 	 200 	 498 	 1
1787308106793 	 14 	 200 	 499 	 1
1787308106807 	 15 	 200 	 500 	 1
1787308106810 	 14 	 200 	 500 	 0
1787308106831 	 13 	 200 	 501 	 0
1787308106874 	 23 	 200 	 502 	 0
1787308106917 	 17 	 200 	 505 	 2
1787308106926 	 16 	 200 	 505 	 1
1787308106998 	 22 	 200 	 507 	 2
1787308106997 	 26 	 200 	 507 	 1
1787308107028 	 12 	 200 	 508 	 1
1787308107121 	 56 	 200 	 511 	 3
1787308107126 	 59 	 200 	 511 	 2
1787308107227 	 50 	 200 	 513 	 3
1787308107062 	 220 	 200 	 513 	 2
1787308107259 	 24 	 200 	 513 	 1
1787308107291 	 30 	 200 	 515 	 2
1787308107313 	 19 	 200 	 516 	 2
1787308107323 	 16 	 200 	 516 	 1
1787308107367 	 17 	 200 	 520 	 4
1787308107372 	 14 	 200 	 520 	 3
1787308107371 	 17 	 200 	 520 	 2
1787308107384 	 38 	 200 	 520 	 1
1787308106934 	 532 	 200 	 523 	 3
1787308107438 	 35 	 200 	 524 	 3
1787308107464 	 23 	 200 	 524 	 2
1787308107463 	 24 	 200 	 524 	 1
1787308107473 	 18 	 200 	 524 	 0
1787308107506 	 14 	 200 	 526 	 1
1787308107505 	 18 	 200 	 526 	 0
1787308107557 	 22 	 200 	 527 	 0
1787308107625 	 14 	 200 	 530 	 2
1787308107624 	 16 	 200 	 530 	 1
1787308107634 	 13 	 200 	 530 	 0
1787308107700 	 28 	 200 	 534 	 3
1787308107714 	 19 	 200 	 534 	 2
1787308107710 	 26 	 200 	 534 	 1
1787308107713 	 27 	 200 	 535 	 1
1787308107740 	 17 	 200 	 537 	 2
1787308107750 	 43 	 200 	 539 	 3
1787308107753 	 40 	 200 	 539 	 2
1787308107767 	 41 	 200 	 541 	 3
1787308107788 	 27 	 200 	 542 	 3
1787308107798 	 18 	 200 	 542 	 2
1787308107796 	 21 	 200 	 542 	 1
1787308107810 	 14 	 200 	 543 	 1
1787308107819 	 13 	 200 	 543 	 0
1787308107886 	 17 	 200 	 545 	 1
1787308107903 	 14 	 200 	 545 	 0
1787308107920 	 12 	 200 	 546 	 0
1787308107972 	 36 	 200 	 550 	 3
1787308107988 	 27 	 200 	 550 	 2
1787308107993 	 28 	 200 	 550 	 1
1787308108005 	 17 	 200 	 550 	 0
1787308108046 	 13 	 200 	 551 	 0
1787308108063 	 13 	 200 	 552 	 0
1787308108101 	 19 	 200 	 553 	 0
1787308108169 	 22 	 200 	 555 	 1
1787308108162 	 31 	 200 	 555 	 0
1787308108199 	 17 	 200 	 559 	 3
1787308108204 	 15 	 200 	 559 	 2
1787308108213 	 16 	 200 	 559 	 2
1787308108215 	 15 	 200 	 560 	 1
1787308108231 	 13 	 200 	 561 	 1
1787308108234 	 13 	 200 	 561 	 0
1787308108271 	 13 	 200 	 562 	 0
1787308108312 	 14 	 200 	 563 	 0
1787308108345 	 15 	 200 	 565 	 1
1787308108335 	 42 	 200 	 566 	 1
1787308108364 	 27 	 200 	 567 	 1
1787308108384 	 14 	 200 	 567 	 0
1787308108429 	 22 	 200 	 569 	 1
1787308108431 	 22 	 200 	 569 	 0
1787308108463 	 14 	 200 	 570 	 0
1787308108483 	 13 	 200 	 572 	 1
1787308108496 	 16 	 200 	 574 	 2
1787308108500 	 14 	 200 	 574 	 1
1787308108507 	 15 	 200 	 575 	 1
1787308108519 	 14 	 200 	 575 	 0
1787308108545 	 14 	 200 	 578 	 2
1787308108550 	 15 	 200 	 580 	 3
1787308108558 	 16 	 200 	 580 	 2
1787308108566 	 15 	 200 	 580 	 1
1787308108565 	 17 	 200 	 580 	 0
1787308108620 	 17 	 200 	 581 	 0
1787308108642 	 14 	 200 	 583 	 1
1787308108655 	 14 	 200 	 583 	 0
1787308108672 	 12 	 200 	 584 	 0
1787308108709 	 17 	 200 	 586 	 1
1787308108724 	 22 	 200 	 587 	 1
1787308108740 	 15 	 200 	 587 	 0
1787308108757 	 15 	 200 	 590 	 2
1787308108759 	 17 	 200 	 590 	 1
1787308108765 	 13 	 200 	 590 	 0
1787308108781 	 51 	 200 	 596 	 5
1787308108811 	 21 	 200 	 596 	 4
1787308108790 	 43 	 200 	 596 	 3
1787308108812 	 26 	 200 	 596 	 2
1787308108817 	 52 	 200 	 597 	 2
1787308108813 	 56 	 200 	 597 	 1
1787308108865 	 13 	 200 	 597 	 0
1787308108886 	 15 	 200 	 603 	 5
1787308108888 	 16 	 200 	 603 	 4
1787308108885 	 18 	 200 	 603 	 3
1787308108897 	 17 	 200 	 604 	 3
1787308108899 	 22 	 200 	 604 	 2
1787308108898 	 23 	 200 	 604 	 1
1787308108915 	 14 	 200 	 604 	 0
1787308108933 	 12 	 200 	 605 	 0
1787308108974 	 20 	 200 	 607 	 1
1787308108970 	 30 	 200 	 607 	 0
1787308109073 	 24 	 200 	 609 	 1
1787308109081 	 23 	 200 	 610 	 1
1787308109103 	 18 	 200 	 611 	 1
1787308109113 	 16 	 200 	 611 	 0
1787308109172 	 13 	 200 	 615 	 3
1787308109155 	 32 	 200 	 615 	 2
1787308109187 	 12 	 200 	 616 	 2
1787308109208 	 15 	 200 	 617 	 2
1787308109195 	 75 	 200 	 619 	 3
1787308109253 	 25 	 200 	 619 	 2
1787308109263 	 17 	 200 	 619 	 1
1787308109290 	 31 	 200 	 623 	 4
1787308109303 	 23 	 200 	 623 	 3
1787308109311 	 24 	 200 	 624 	 3
1787308109321 	 52 	 200 	 624 	 2
1787308109328 	 49 	 200 	 625 	 2
1787308109377 	 14 	 200 	 626 	 2
1787308109387 	 40 	 200 	 627 	 2
1787308109417 	 14 	 200 	 627 	 1
1787308109431 	 34 	 200 	 629 	 2
1787308109435 	 36 	 200 	 630 	 2
1787308109473 	 43 	 200 	 633 	 4
1787308109471 	 47 	 200 	 633 	 3
1787308109475 	 46 	 200 	 633 	 2
1787308109560 	 19 	 200 	 634 	 2
1787308109486 	 106 	 200 	 634 	 1
1787308109630 	 14 	 200 	 636 	 2
1787308109610 	 106 	 200 	 636 	 1
1787308109185 	 581 	 200 	 638 	 2
1787308109726 	 46 	 200 	 638 	 1
1787308109747 	 25 	 200 	 638 	 0
1787308109810 	 15 	 200 	 639 	 0
1787308109836 	 12 	 200 	 640 	 0
1787308109936 	 24 	 200 	 643 	 2
1787308109941 	 21 	 200 	 643 	 1
1787308109951 	 14 	 200 	 643 	 0
1787308109976 	 15 	 200 	 644 	 0
1787308110011 	 17 	 200 	 647 	 2
1787308110021 	 16 	 200 	 649 	 3
1787308110027 	 17 	 200 	 649 	 2
1787308110035 	 14 	 200 	 649 	 1
1787308110036 	 16 	 200 	 649 	 0
1787308110087 	 16 	 200 	 651 	 1
1787308110096 	 12 	 200 	 651 	 1
1787308110110 	 13 	 200 	 652 	 0
1787308110128 	 11 	 200 	 654 	 1
1787308110140 	 11 	 200 	 654 	 0
1787308110177 	 34 	 200 	 658 	 3
1787308110197 	 20 	 200 	 659 	 3
1787308110204 	 19 	 200 	 659 	 2
1787308110213 	 14 	 200 	 659 	 1
1787308110189 	 44 	 200 	 659 	 0
1787308110272 	 22 	 200 	 661 	 1
1787308110282 	 15 	 200 	 661 	 0
1787308110300 	 13 	 200 	 662 	 0
1787308110331 	 16 	 200 	 663 	 0
1787308110351 	 14 	 200 	 666 	 2
1787308110358 	 13 	 200 	 667 	 2
1787308110365 	 15 	 200 	 667 	 1
1787308110366 	 17 	 200 	 667 	 0
1787308110413 	 30 	 200 	 669 	 1
1787308110414 	 29 	 200 	 669 	 0
1787308110446 	 14 	 200 	 671 	 1
1787308110454 	 15 	 200 	 671 	 0
1787308110491 	 17 	 200 	 673 	 1
1787308110499 	 14 	 200 	 673 	 0
1787308110524 	 18 	 200 	 677 	 3
1787308110525 	 17 	 200 	 677 	 2
1787308110537 	 15 	 200 	 677 	 1
1787308110540 	 21 	 200 	 678 	 1
1787308110561 	 14 	 200 	 678 	 0
1787308110607 	 21 	 200 	 680 	 1
1787308110613 	 31 	 200 	 682 	 2
1787308110631 	 14 	 200 	 682 	 1
1787308110641 	 15 	 200 	 683 	 1
1787308110649 	 13 	 200 	 683 	 0
1787308110692 	 14 	 200 	 686 	 2
1787308110699 	 18 	 200 	 686 	 1
1787308110689 	 34 	 200 	 687 	 1
1787308110720 	 14 	 200 	 687 	 0
1787308110749 	 13 	 200 	 688 	 0
1787308110771 	 13 	 200 	 689 	 0
1787308110829 	 17 	 200 	 692 	 2
1787308110819 	 39 	 200 	 692 	 1
1787308110819 	 40 	 200 	 692 	 0
1787308110864 	 15 	 200 	 693 	 0
1787308110889 	 18 	 200 	 695 	 1
1787308110892 	 18 	 200 	 695 	 0
1787308110917 	 12 	 200 	 696 	 0
1787308110956 	 13 	 200 	 697 	 0
1787308111038 	 14 	 200 	 698 	 0
1787308111071 	 20 	 200 	 702 	 3
1787308111063 	 29 	 200 	 702 	 2
1787308111078 	 16 	 200 	 702 	 1
1787308111090 	 15 	 200 	 702 	 0
1787308111126 	 18 	 200 	 704 	 1
1787308111136 	 15 	 200 	 705 	 1
1787308111145 	 12 	 200 	 705 	 0
1787308111205 	 37 	 200 	 714 	 8
1787308111213 	 80 	 200 	 718 	 11
1787308111239 	 56 	 200 	 718 	 10
1787308111211 	 84 	 200 	 718 	 10
1787308111208 	 88 	 200 	 719 	 9
1787308111225 	 74 	 200 	 719 	 8
1787308111237 	 76 	 200 	 721 	 9
1787308111242 	 71 	 200 	 721 	 8
1787308111297 	 31 	 200 	 721 	 7
1787308111247 	 96 	 200 	 721 	 6
1787308111284 	 59 	 200 	 721 	 5
1787308111241 	 153 	 200 	 727 	 11
1787308111268 	 128 	 200 	 728 	 10
1787308111264 	 133 	 200 	 728 	 9
1787308111309 	 90 	 200 	 728 	 8
1787308111345 	 79 	 200 	 730 	 9
1787308111403 	 89 	 200 	 730 	 8
1787308111381 	 115 	 200 	 730 	 7
1787308111391 	 106 	 200 	 730 	 6
1787308111386 	 111 	 200 	 730 	 5
1787308111395 	 102 	 200 	 730 	 4
1787308111311 	 186 	 200 	 730 	 3
1787308111500 	 12 	 200 	 731 	 3
1787308111373 	 141 	 200 	 731 	 2
1787308111366 	 150 	 200 	 731 	 1
1787308111419 	 99 	 200 	 732 	 1
1787308111519 	 15 	 200 	 732 	 0
1787308111552 	 16 	 200 	 735 	 2
1787308111562 	 23 	 200 	 737 	 3
1787308111564 	 22 	 200 	 737 	 2
1787308111573 	 17 	 200 	 737 	 2
1787308111571 	 19 	 200 	 738 	 1
1787308111591 	 13 	 200 	 739 	 1
1787308111596 	 14 	 200 	 740 	 1
1787308111609 	 19 	 200 	 741 	 1
1787308111626 	 12 	 200 	 741 	 0
1787308111647 	 13 	 200 	 742 	 0
1787308111674 	 15 	 200 	 745 	 2
1787308111682 	 16 	 200 	 747 	 3
1787308111683 	 20 	 200 	 748 	 3
1787308111697 	 21 	 200 	 748 	 2
1787308111697 	 20 	 200 	 748 	 1
1787308111703 	 16 	 200 	 748 	 0
1787308111723 	 16 	 200 	 749 	 0
1787308111752 	 14 	 200 	 751 	 1
1787308111757 	 17 	 200 	 752 	 1
1787308111770 	 13 	 200 	 752 	 0
1787308111821 	 14 	 200 	 753 	 0
1787308111837 	 13 	 200 	 755 	 1
1787308111844 	 15 	 200 	 755 	 0
1787308111882 	 14 	 200 	 757 	 1
1787308111892 	 16 	 200 	 757 	 0
1787308111919 	 13 	 200 	 758 	 0
1787308111977 	 18 	 200 	 760 	 1
1787308111991 	 17 	 200 	 760 	 0
1787308112011 	 12 	 200 	 762 	 1
1787308112013 	 16 	 200 	 762 	 0
1787308112090 	 15 	 200 	 764 	 1
1787308112093 	 19 	 200 	 766 	 2
1787308112109 	 14 	 200 	 768 	 3
1787308112113 	 15 	 200 	 768 	 2
1787308112119 	 16 	 200 	 770 	 3
1787308112130 	 15 	 200 	 770 	 2
1787308112124 	 22 	 200 	 770 	 1
1787308112130 	 19 	 200 	 770 	 0
1787308112175 	 25 	 200 	 771 	 0
1787308112219 	 13 	 200 	 773 	 1
1787308112214 	 21 	 200 	 773 	 0
1787308112252 	 18 	 200 	 775 	 1
1787308112258 	 19 	 200 	 776 	 1
1787308112273 	 16 	 200 	 776 	 0
1787308112350 	 34 	 200 	 778 	 1
1787308112347 	 43 	 200 	 778 	 0
1787308112406 	 14 	 200 	 781 	 2
1787308112414 	 15 	 200 	 782 	 2
1787308112420 	 16 	 200 	 782 	 1
1787308112423 	 24 	 200 	 782 	 0
1787308112478 	 13 	 200 	 784 	 1
1787308112484 	 14 	 200 	 784 	 0
1787308112525 	 13 	 200 	 785 	 0
1787308112551 	 15 	 200 	 789 	 3
1787308112555 	 17 	 200 	 789 	 2
1787308112552 	 20 	 200 	 789 	 1
1787308112564 	 18 	 200 	 789 	 0
1787308112589 	 12 	 200 	 790 	 0
1787308112624 	 16 	 200 	 792 	 1
1787308112638 	 14 	 200 	 793 	 1
1787308112641 	 13 	 200 	 793 	 0
1787308112669 	 14 	 200 	 794 	 0
1787308112687 	 16 	 200 	 796 	 1
1787308112694 	 13 	 200 	 796 	 1
1787308112708 	 15 	 200 	 800 	 4
1787308112713 	 17 	 200 	 801 	 3
1787308112715 	 19 	 200 	 801 	 2
1787308112724 	 16 	 200 	 801 	 1
1787308112724 	 22 	 200 	 802 	 1
1787308112743 	 16 	 200 	 803 	 1
1787308112757 	 13 	 200 	 803 	 0
1787308112786 	 18 	 200 	 804 	 0
1787308112841 	 13 	 200 	 805 	 0
1787308112874 	 13 	 200 	 809 	 3
1787308112876 	 18 	 200 	 809 	 2
1787308112880 	 16 	 200 	 809 	 1
1787308112888 	 20 	 200 	 811 	 2
1787308112904 	 15 	 200 	 811 	 1
1787308112909 	 12 	 200 	 811 	 0
1787308112927 	 12 	 200 	 812 	 0
1787308112956 	 14 	 200 	 814 	 1
1787308112959 	 14 	 200 	 814 	 0
1787308112986 	 12 	 200 	 815 	 0
1787308113010 	 12 	 200 	 816 	 0
1787308113042 	 21 	 200 	 819 	 2
1787308113048 	 18 	 200 	 819 	 1
1787308113065 	 13 	 200 	 820 	 1
1787308113071 	 14 	 200 	 820 	 0
1787308113126 	 21 	 200 	 822 	 1
1787308113132 	 18 	 200 	 822 	 0
1787308113185 	 14 	 200 	 824 	 1
1787308113170 	 29 	 200 	 824 	 0
1787308113206 	 25 	 200 	 826 	 1
1787308113223 	 14 	 200 	 826 	 0
1787308113244 	 14 	 200 	 828 	 1
1787308113251 	 14 	 200 	 829 	 1
1787308113265 	 13 	 200 	 829 	 0
1787308113317 	 14 	 200 	 832 	 2
1787308113325 	 17 	 200 	 833 	 2
1787308113325 	 22 	 200 	 833 	 1
1787308113338 	 18 	 200 	 834 	 1
1787308113349 	 19 	 200 	 834 	 0
1787308113382 	 20 	 200 	 839 	 4
1787308113387 	 17 	 200 	 839 	 3
1787308113397 	 15 	 200 	 839 	 2
1787308113395 	 18 	 200 	 839 	 1
1787308113399 	 17 	 200 	 840 	 1
1787308113416 	 15 	 200 	 840 	 0
1787308113441 	 12 	 200 	 841 	 0
1787308113479 	 21 	 200 	 843 	 1
1787308113496 	 20 	 200 	 844 	 1
1787308113507 	 15 	 200 	 844 	 0
1787308113540 	 16 	 200 	 845 	 0
1787308113619 	 20 	 200 	 848 	 2
1787308113623 	 19 	 200 	 849 	 2
1787308113639 	 14 	 200 	 851 	 3
1787308113643 	 15 	 200 	 851 	 2
1787308113648 	 19 	 200 	 852 	 2
1787308113647 	 21 	 200 	 852 	 1
1787308113666 	 17 	 200 	 852 	 0
1787308113697 	 18 	 200 	 856 	 3
1787308113702 	 15 	 200 	 856 	 2
1787308113714 	 21 	 200 	 857 	 2
1787308113712 	 23 	 200 	 857 	 1
1787308113727 	 16 	 200 	 857 	 0
1787308113749 	 18 	 200 	 861 	 3
1787308113752 	 17 	 200 	 862 	 3
1787308113762 	 16 	 200 	 862 	 2
1787308113764 	 15 	 200 	 862 	 1
1787308113769 	 18 	 200 	 863 	 1
1787308113786 	 16 	 200 	 864 	 1
1787308113798 	 13 	 200 	 864 	 0
1787308113834 	 17 	 200 	 865 	 0
1787308113873 	 17 	 200 	 867 	 1
1787308113878 	 14 	 200 	 867 	 0
1787308113906 	 13 	 200 	 870 	 2
1787308113904 	 19 	 200 	 870 	 1
1787308113911 	 16 	 200 	 870 	 0
1787308113940 	 13 	 200 	 872 	 1
1787308113940 	 13 	 200 	 872 	 0
1787308114002 	 26 	 200 	 873 	 0
1787308114041 	 17 	 200 	 877 	 3
1787308114041 	 19 	 200 	 877 	 2
1787308114043 	 23 	 200 	 877 	 1
1787308114050 	 20 	 200 	 877 	 0
1787308114096 	 14 	 200 	 878 	 0
1787308114138 	 17 	 200 	 881 	 2
1787308114143 	 15 	 200 	 882 	 2
1787308114147 	 15 	 200 	 882 	 1
1787308114157 	 12 	 200 	 882 	 1
1787308114171 	 15 	 200 	 885 	 2
1787308114170 	 18 	 200 	 885 	 1
1787308114183 	 14 	 200 	 886 	 1
1787308114197 	 13 	 200 	 886 	 0
1787308114218 	 23 	 200 	 887 	 0
1787308114253 	 12 	 200 	 889 	 1
1787308114258 	 16 	 200 	 889 	 0
1787308114276 	 14 	 200 	 891 	 1
1787308114283 	 13 	 200 	 892 	 1
1787308114296 	 13 	 200 	 893 	 1
1787308114308 	 14 	 200 	 893 	 0
1787308114333 	 18 	 200 	 894 	 0
1787308114364 	 15 	 200 	 895 	 0
1787308114390 	 14 	 200 	 897 	 1
1787308114391 	 16 	 200 	 897 	 0
1787308114439 	 31 	 200 	 901 	 3
1787308114446 	 27 	 200 	 901 	 2
1787308114453 	 20 	 200 	 901 	 1
1787308114457 	 19 	 200 	 901 	 0
1787308114494 	 16 	 200 	 902 	 0
1787308114524 	 14 	 200 	 904 	 1
1787308114524 	 15 	 200 	 904 	 0
1787308114558 	 23 	 200 	 907 	 2
1787308114566 	 19 	 200 	 907 	 1
1787308114629 	 39 	 200 	 910 	 3
1787308114651 	 21 	 200 	 910 	 2
1787308114635 	 39 	 200 	 910 	 1
1787308114681 	 15 	 200 	 911 	 1
1787308114715 	 13 	 200 	 912 	 1
1787308114733 	 39 	 200 	 913 	 1
1787308114811 	 16 	 200 	 915 	 2
1787308114815 	 15 	 200 	 915 	 1
1787308114834 	 41 	 200 	 919 	 4
1787308114850 	 26 	 200 	 919 	 3
1787308114839 	 40 	 200 	 920 	 3
1787308114877 	 14 	 200 	 920 	 2
1787308114910 	 19 	 200 	 921 	 2
1787308114938 	 33 	 200 	 922 	 2
1787308114984 	 13 	 200 	 924 	 3
1787308114986 	 15 	 200 	 925 	 3
1787308114873 	 142 	 200 	 926 	 3
1787308115005 	 21 	 200 	 927 	 3
1787308114999 	 28 	 200 	 927 	 2
1787308114570 	 499 	 200 	 931 	 5
1787308115019 	 54 	 200 	 932 	 5
1787308115061 	 17 	 200 	 932 	 4
1787308115033 	 46 	 200 	 932 	 3
1787308115032 	 47 	 200 	 932 	 2
1787308115069 	 16 	 200 	 932 	 1
1787308115074 	 13 	 200 	 932 	 0
1787308115093 	 23 	 200 	 935 	 2
1787308115108 	 13 	 200 	 935 	 1
1787308115111 	 12 	 200 	 935 	 0
1787308115134 	 12 	 200 	 937 	 1
1787308115146 	 11 	 200 	 937 	 0
1787308115221 	 35 	 200 	 939 	 1
1787308115232 	 29 	 200 	 939 	 0
1787308115267 	 17 	 200 	 941 	 1
1787308115279 	 14 	 200 	 941 	 0
1787308115347 	 17 	 200 	 946 	 4
1787308115351 	 17 	 200 	 946 	 3
1787308115354 	 19 	 200 	 946 	 2
1787308115357 	 18 	 200 	 946 	 1
1787308115363 	 15 	 200 	 946 	 0
1787308115406 	 13 	 200 	 948 	 1
1787308115404 	 15 	 200 	 948 	 0
1787308115465 	 15 	 200 	 954 	 5
1787308115466 	 18 	 200 	 954 	 4
1787308115440 	 46 	 200 	 954 	 3
1787308115519 	 18 	 200 	 956 	 5
1787308115447 	 101 	 200 	 957 	 4
1787308115465 	 100 	 200 	 958 	 4
1787308115538 	 47 	 200 	 959 	 4
1787308115591 	 32 	 200 	 960 	 4
1787308115576 	 103 	 200 	 961 	 4
1787308115497 	 183 	 200 	 961 	 3
1787308115667 	 13 	 200 	 961 	 2
1787308115555 	 139 	 200 	 963 	 3
1787308115690 	 31 	 200 	 963 	 2
1787308115731 	 16 	 200 	 965 	 3
1787308115756 	 19 	 200 	 968 	 5
1787308115744 	 31 	 200 	 968 	 4
1787308115781 	 39 	 200 	 969 	 4
1787308115695 	 151 	 200 	 969 	 3
1787308115750 	 97 	 200 	 969 	 2
1787308115764 	 101 	 200 	 969 	 1
1787308115901 	 21 	 200 	 973 	 4
1787308115895 	 32 	 200 	 973 	 3
1787308115929 	 37 	 200 	 976 	 5
1787308115939 	 37 	 200 	 976 	 4
1787308115957 	 23 	 200 	 976 	 3
1787308115871 	 112 	 200 	 976 	 2
1787308115424 	 593 	 200 	 976 	 1
1787308115889 	 131 	 200 	 977 	 1
1787308116021 	 15 	 200 	 977 	 0
1787308116051 	 15 	 200 	 980 	 2
1787308116053 	 15 	 200 	 980 	 1
1787308116053 	 16 	 200 	 980 	 0
1787308116074 	 14 	 200 	 983 	 2
1787308116084 	 13 	 200 	 983 	 1
1787308116087 	 12 	 200 	 983 	 0
1787308116106 	 15 	 200 	 985 	 1
1787308116115 	 16 	 200 	 986 	 1
1787308116127 	 12 	 200 	 986 	 0
1787308116177 	 17 	 200 	 990 	 3
1787308116180 	 20 	 200 	 990 	 2
1787308116180 	 28 	 200 	 991 	 2
1787308116185 	 26 	 200 	 992 	 2
1787308116208 	 21 	 200 	 992 	 2
1787308116209 	 21 	 200 	 993 	 1
1787308116230 	 18 	 200 	 994 	 1
1787308116244 	 12 	 200 	 994 	 0
1787308116273 	 17 	 200 	 996 	 1
1787308116282 	 12 	 200 	 996 	 0
1787308116310 	 16 	 200 	 998 	 1
1787308116320 	 13 	 200 	 998 	 0
1787308116350 	 18 	 200 	 999 	 0
1787308116375 	 17 	 200 	 1004 	 4
1787308116378 	 18 	 200 	 1004 	 3
1787308116386 	 15 	 200 	 1004 	 2
1787308116392 	 17 	 200 	 1004 	 1
1787308116391 	 19 	 200 	 1004 	 0
1787308116424 	 13 	 200 	 1005 	 0
1787308116473 	 15 	 200 	 1007 	 1
1787308116476 	 14 	 200 	 1007 	 0
1787308116510 	 13 	 200 	 1008 	 0
1787308116525 	 12 	 200 	 1009 	 0
1787308116549 	 16 	 200 	 1012 	 2
1787308116554 	 18 	 200 	 1013 	 2
1787308116556 	 18 	 200 	 1013 	 1
1787308116568 	 14 	 200 	 1013 	 0
1787308116663 	 16 	 200 	 1014 	 0
1787308116686 	 22 	 200 	 1015 	 0
1787308116720 	 19 	 200 	 1016 	 0
1787308116764 	 17 	 200 	 1019 	 2
1787308116769 	 15 	 200 	 1019 	 1
1787308116777 	 15 	 200 	 1019 	 0
1787308116798 	 13 	 200 	 1021 	 1
1787308116804 	 13 	 200 	 1021 	 0
1787308116832 	 14 	 200 	 1023 	 1
1787308116840 	 13 	 200 	 1023 	 0
1787308116939 	 33 	 200 	 1026 	 2
1787308116949 	 33 	 200 	 1026 	 1
1787308116951 	 31 	 200 	 1026 	 0
1787308117057 	 21 	 200 	 1030 	 3
1787308117095 	 18 	 200 	 1033 	 5
1787308117098 	 16 	 200 	 1033 	 4
1787308117075 	 42 	 200 	 1033 	 3
1787308117073 	 51 	 200 	 1033 	 2
1787308117073 	 52 	 200 	 1033 	 1
1787308117100 	 27 	 200 	 1033 	 0
1787308117154 	 28 	 200 	 1036 	 2
1787308117157 	 32 	 200 	 1036 	 1
1787308117171 	 21 	 200 	 1036 	 0
1787308117199 	 16 	 200 	 1039 	 2
1787308117208 	 13 	 200 	 1039 	 1
1787308117214 	 14 	 200 	 1039 	 0
1787308117260 	 20 	 200 	 1041 	 1
1787308117276 	 15 	 200 	 1041 	 0
1787308117298 	 14 	 200 	 1042 	 0
1787308117345 	 13 	 200 	 1043 	 0
1787308117372 	 14 	 200 	 1045 	 1
1787308117382 	 30 	 200 	 1046 	 1
1787308117392 	 22 	 200 	 1046 	 0
1787308117476 	 25 	 200 	 1052 	 5
1787308117485 	 16 	 200 	 1052 	 4
1787308117493 	 24 	 200 	 1053 	 4
1787308117492 	 26 	 200 	 1053 	 3
1787308117499 	 23 	 200 	 1053 	 2
1787308117495 	 27 	 200 	 1053 	 1
1787308117513 	 16 	 200 	 1053 	 0
1787308117570 	 24 	 200 	 1055 	 1
1787308117578 	 18 	 200 	 1055 	 0
1787308117630 	 18 	 200 	 1059 	 3
1787308117630 	 27 	 200 	 1059 	 2
1787308117633 	 28 	 200 	 1059 	 1
1787308117641 	 22 	 200 	 1060 	 1
1787308117663 	 15 	 200 	 1060 	 0
1787308117688 	 14 	 200 	 1064 	 3
1787308117690 	 14 	 200 	 1064 	 2
1787308117697 	 38 	 200 	 1065 	 2
1787308117699 	 36 	 200 	 1065 	 1
1787308117721 	 15 	 200 	 1065 	 0
1787308117743 	 14 	 200 	 1066 	 0
1787308117759 	 17 	 200 	 1068 	 1
1787308117766 	 13 	 200 	 1068 	 0
1787308117795 	 18 	 200 	 1069 	 0
1787308117819 	 14 	 200 	 1071 	 1
1787308117829 	 17 	 200 	 1071 	 0
1787308117847 	 16 	 200 	 1073 	 1
1787308117850 	 14 	 200 	 1073 	 0
1787308117883 	 14 	 200 	 1075 	 1
1787308117895 	 13 	 200 	 1075 	 0
1787308117910 	 12 	 200 	 1076 	 0
1787308117926 	 15 	 200 	 1079 	 2
1787308117933 	 12 	 200 	 1079 	 1
1787308117933 	 15 	 200 	 1079 	 0
1787308117960 	 17 	 200 	 1080 	 0
1787308117985 	 12 	 200 	 1083 	 2
1787308118032 	 15 	 200 	 1087 	 6
1787308118034 	 15 	 200 	 1088 	 5
1787308117996 	 72 	 200 	 1088 	 4
1787308117997 	 72 	 200 	 1088 	 3
1787308118025 	 46 	 200 	 1088 	 2
1787308118036 	 38 	 200 	 1088 	 1
1787308118048 	 30 	 200 	 1088 	 0
1787308118117 	 18 	 200 	 1090 	 1
1787308118109 	 26 	 200 	 1090 	 0
1787308118144 	 15 	 200 	 1093 	 2
1787308118147 	 14 	 200 	 1093 	 1
1787308118159 	 15 	 200 	 1093 	 0
1787308118205 	 14 	 200 	 1094 	 0
1787308118230 	 15 	 200 	 1098 	 3
1787308118226 	 20 	 200 	 1098 	 2
1787308118236 	 14 	 200 	 1098 	 1
1787308118246 	 18 	 200 	 1100 	 2
1787308118256 	 15 	 200 	 1100 	 1
1787308118314 	 15 	 200 	 1102 	 2
1787308118320 	 15 	 200 	 1102 	 1
1787308118355 	 15 	 200 	 1105 	 3
1787308118342 	 28 	 200 	 1105 	 2
1787308118365 	 14 	 200 	 1105 	 1
1787308118387 	 29 	 200 	 1107 	 2
1787308118392 	 29 	 200 	 1107 	 1
1787308118425 	 16 	 200 	 1108 	 1
1787308118479 	 14 	 200 	 1110 	 2
1787308118481 	 19 	 200 	 1110 	 1
1787308118529 	 13 	 200 	 1111 	 1
1787308118573 	 13 	 200 	 1114 	 3
1787308118582 	 13 	 200 	 1115 	 3
1787308118592 	 31 	 200 	 1117 	 4
1787308118613 	 13 	 200 	 1117 	 3
1787308118620 	 64 	 200 	 1119 	 4
1787308118681 	 88 	 200 	 1127 	 11
1787308118692 	 131 	 200 	 1130 	 13
1787308118702 	 168 	 200 	 1131 	 13
1787308118716 	 154 	 200 	 1131 	 12
1787308118676 	 197 	 200 	 1131 	 11
1787308118760 	 116 	 200 	 1131 	 10
1787308118801 	 82 	 200 	 1131 	 9
1787308118726 	 192 	 200 	 1133 	 10
1787308118732 	 186 	 200 	 1133 	 9
1787308118807 	 112 	 200 	 1133 	 8
1787308118889 	 37 	 200 	 1134 	 8
1787308118911 	 66 	 200 	 1134 	 7
1787308118925 	 95 	 200 	 1138 	 10
1787308118733 	 292 	 200 	 1138 	 9
1787308118853 	 178 	 200 	 1138 	 8
1787308118718 	 347 	 200 	 1140 	 9
1787308119013 	 68 	 200 	 1140 	 8
1787308119035 	 81 	 200 	 1144 	 11
1787308119011 	 106 	 200 	 1144 	 10
1787308119101 	 65 	 200 	 1144 	 9
1787308119105 	 62 	 200 	 1144 	 8
1787308119090 	 81 	 200 	 1144 	 7
1787308119104 	 68 	 200 	 1144 	 6
1787308119005 	 209 	 200 	 1147 	 8
1787308119192 	 31 	 200 	 1148 	 8
1787308119191 	 34 	 200 	 1148 	 7
1787308118788 	 440 	 200 	 1148 	 6
1787308119015 	 252 	 200 	 1150 	 7
1787308118263 	 1006 	 200 	 1150 	 6
1787308119175 	 95 	 200 	 1150 	 5
1787308119220 	 52 	 200 	 1150 	 4
1787308119065 	 210 	 200 	 1150 	 3
1787308119260 	 18 	 200 	 1150 	 2
1787308119319 	 15 	 200 	 1152 	 3
1787308119239 	 98 	 200 	 1152 	 2
1787308119327 	 14 	 200 	 1152 	 1
1787308119351 	 19 	 200 	 1153 	 1
1787308119375 	 15 	 200 	 1155 	 2
1787308119407 	 14 	 200 	 1156 	 2
1787308119459 	 13 	 200 	 1157 	 2
1787308119486 	 14 	 200 	 1158 	 2
1787308119387 	 128 	 200 	 1158 	 1
1787308119536 	 33 	 200 	 1161 	 3
1787308118583 	 996 	 200 	 1163 	 4
1787308119554 	 26 	 200 	 1163 	 3
1787308119524 	 59 	 200 	 1164 	 3
1787308119582 	 12 	 200 	 1164 	 2
1787308119577 	 23 	 200 	 1164 	 1
1787308119578 	 22 	 200 	 1164 	 0
1787308119625 	 13 	 200 	 1166 	 1
1787308119625 	 17 	 200 	 1166 	 0
1787308119653 	 14 	 200 	 1168 	 1
1787308119658 	 16 	 200 	 1168 	 0
1787308119680 	 13 	 200 	 1170 	 1
1787308119685 	 13 	 200 	 1170 	 0
1787308119726 	 22 	 200 	 1173 	 2
1787308119738 	 13 	 200 	 1173 	 1
1787308119744 	 17 	 200 	 1173 	 0
1787308119764 	 36 	 200 	 1174 	 0
1787308119878 	 14 	 200 	 1176 	 1
1787308119879 	 20 	 200 	 1176 	 0
1787308119902 	 16 	 200 	 1177 	 0
1787308119924 	 13 	 200 	 1178 	 0
1787308119951 	 17 	 200 	 1181 	 2
1787308119955 	 14 	 200 	 1181 	 1
1787308119958 	 15 	 200 	 1182 	 1
1787308119972 	 12 	 200 	 1182 	 0
1787308119988 	 14 	 200 	 1183 	 0
1787308120056 	 25 	 200 	 1185 	 1
1787308120064 	 18 	 200 	 1185 	 0
1787308120088 	 15 	 200 	 1187 	 1
1787308120103 	 13 	 200 	 1188 	 1
1787308120109 	 16 	 200 	 1188 	 0
1787308120140 	 16 	 200 	 1190 	 1
1787308120144 	 17 	 200 	 1191 	 1
1787308120157 	 22 	 200 	 1194 	 3
1787308120175 	 14 	 200 	 1195 	 3
1787308120178 	 14 	 200 	 1195 	 2
1787308120172 	 21 	 200 	 1195 	 1
1787308120184 	 17 	 200 	 1195 	 0
1787308120204 	 15 	 200 	 1196 	 0
1787308120233 	 16 	 200 	 1199 	 4
1787308120244 	 19 	 200 	 1201 	 3
1787308120252 	 14 	 200 	 1201 	 2
1787308120246 	 21 	 200 	 1201 	 1
1787308120251 	 18 	 200 	 1201 	 0
1787308120297 	 20 	 200 	 1204 	 2
1787308120304 	 16 	 200 	 1204 	 1
1787308120313 	 13 	 200 	 1204 	 0
1787308120340 	 15 	 200 	 1205 	 0
1787308120363 	 12 	 200 	 1206 	 0
1787308120383 	 14 	 200 	 1208 	 1
1787308120384 	 17 	 200 	 1208 	 0
1787308120412 	 14 	 200 	 1210 	 2
1787308120427 	 13 	 200 	 1212 	 2
1787308120402 	 44 	 200 	 1213 	 2
1787308120436 	 14 	 200 	 1213 	 1
1787308120444 	 14 	 200 	 1214 	 1
1787308120452 	 14 	 200 	 1214 	 0
1787308120518 	 14 	 200 	 1218 	 3
1787308120521 	 19 	 200 	 1218 	 2
1787308120519 	 23 	 200 	 1218 	 1
1787308120532 	 43 	 200 	 1220 	 3
1787308120562 	 17 	 200 	 1221 	 2
1787308120571 	 15 	 200 	 1221 	 1
1787308120577 	 15 	 200 	 1221 	 0
1787308120634 	 12 	 200 	 1222 	 0
1787308120658 	 13 	 200 	 1223 	 0
1787308120676 	 13 	 200 	 1225 	 1
1787308120674 	 15 	 200 	 1225 	 0
1787308120732 	 13 	 200 	 1227 	 1
1787308120704 	 56 	 200 	 1228 	 1
1787308120749 	 25 	 200 	 1228 	 0
1787308120830 	 21 	 200 	 1231 	 2
1787308120836 	 17 	 200 	 1231 	 1
1787308120849 	 15 	 200 	 1231 	 0
1787308120903 	 14 	 200 	 1232 	 0
1787308120927 	 16 	 200 	 1236 	 3
1787308120934 	 19 	 200 	 1236 	 2
1787308120938 	 17 	 200 	 1236 	 1
1787308120940 	 15 	 200 	 1236 	 0
1787308120958 	 13 	 200 	 1238 	 1
1787308120960 	 13 	 200 	 1238 	 0
1787308120984 	 15 	 200 	 1240 	 1
1787308120994 	 14 	 200 	 1240 	 0
1787308121017 	 21 	 200 	 1241 	 0
1787308121044 	 14 	 200 	 1242 	 0
1787308121069 	 12 	 200 	 1243 	 0
1787308121092 	 23 	 200 	 1248 	 4
1787308121102 	 18 	 200 	 1248 	 3
1787308121110 	 17 	 200 	 1249 	 3
1787308121114 	 15 	 200 	 1249 	 2
1787308121110 	 19 	 200 	 1249 	 1
1787308121127 	 15 	 200 	 1249 	 0
1787308121162 	 22 	 200 	 1252 	 2
1787308121168 	 17 	 200 	 1252 	 1
1787308121177 	 16 	 200 	 1252 	 0
1787308121209 	 16 	 200 	 1256 	 3
1787308121213 	 13 	 200 	 1257 	 3
1787308121221 	 16 	 200 	 1257 	 2
1787308121218 	 20 	 200 	 1257 	 1
1787308121227 	 13 	 200 	 1257 	 0
1787308121252 	 17 	 200 	 1260 	 2
1787308121262 	 13 	 200 	 1260 	 1
1787308121269 	 13 	 200 	 1260 	 0
1787308121294 	 23 	 200 	 1262 	 1
1787308121295 	 24 	 200 	 1262 	 0
1787308121324 	 13 	 200 	 1263 	 0
1787308121344 	 13 	 200 	 1264 	 0
1787308121444 	 23 	 200 	 1267 	 2
1787308121435 	 34 	 200 	 1267 	 1
1787308121436 	 35 	 200 	 1267 	 0
1787308121474 	 16 	 200 	 1271 	 4
1787308121476 	 20 	 200 	 1273 	 4
1787308121487 	 25 	 200 	 1274 	 4
1787308121494 	 19 	 200 	 1274 	 3
1787308121492 	 21 	 200 	 1274 	 2
1787308121485 	 26 	 200 	 1274 	 1
1787308121518 	 24 	 200 	 1277 	 3
1787308121511 	 32 	 200 	 1277 	 2
1787308121529 	 28 	 200 	 1277 	 1
1787308121521 	 40 	 200 	 1277 	 0
1787308121569 	 12 	 200 	 1278 	 0
1787308121601 	 15 	 200 	 1282 	 3
1787308121605 	 14 	 200 	 1282 	 2
1787308121614 	 18 	 200 	 1283 	 2
1787308121615 	 19 	 200 	 1283 	 1
1787308121629 	 13 	 200 	 1283 	 0
1787308121654 	 28 	 200 	 1285 	 1
1787308121662 	 23 	 200 	 1285 	 0
1787308121715 	 17 	 200 	 1287 	 1
1787308121725 	 15 	 200 	 1289 	 2
1787308121734 	 17 	 200 	 1289 	 1
1787308121735 	 17 	 200 	 1289 	 0
1787308121767 	 15 	 200 	 1292 	 2
1787308121770 	 15 	 200 	 1292 	 1
1787308121776 	 15 	 200 	 1293 	 1
1787308121791 	 15 	 200 	 1294 	 1
1787308121801 	 14 	 200 	 1294 	 0
1787308121868 	 17 	 200 	 1295 	 0
1787308121900 	 14 	 200 	 1299 	 3
1787308121910 	 17 	 200 	 1299 	 2
1787308121913 	 21 	 200 	 1300 	 2
1787308121914 	 22 	 200 	 1300 	 1
1787308121930 	 15 	 200 	 1300 	 0
1787308121974 	 22 	 200 	 1303 	 2
1787308121986 	 14 	 200 	 1303 	 1
1787308121996 	 12 	 200 	 1303 	 0
1787308122055 	 19 	 200 	 1305 	 1
1787308122060 	 15 	 200 	 1305 	 0
1787308122111 	 12 	 200 	 1307 	 1
1787308122123 	 12 	 200 	 1307 	 0
1787308122142 	 15 	 200 	 1309 	 1
1787308122145 	 19 	 200 	 1309 	 0
1787308122179 	 17 	 200 	 1312 	 2
1787308122186 	 20 	 200 	 1315 	 4
1787308122189 	 17 	 200 	 1315 	 3
1787308122203 	 17 	 200 	 1317 	 4
1787308122204 	 24 	 200 	 1318 	 4
1787308122204 	 24 	 200 	 1318 	 3
1787308122222 	 18 	 200 	 1320 	 4
1787308122218 	 26 	 200 	 1320 	 3
1787308122213 	 31 	 200 	 1320 	 2
1787308122236 	 18 	 200 	 1321 	 2
1787308122238 	 19 	 200 	 1322 	 2
1787308122250 	 30 	 200 	 1324 	 3
1787308122257 	 37 	 200 	 1325 	 3
1787308122279 	 27 	 200 	 1325 	 2
1787308122282 	 25 	 200 	 1325 	 1
1787308122264 	 52 	 200 	 1326 	 1
1787308122316 	 13 	 200 	 1327 	 1
1787308122325 	 19 	 200 	 1327 	 0
1787308122366 	 35 	 200 	 1330 	 2
1787308122380 	 28 	 200 	 1332 	 3
1787308122406 	 14 	 200 	 1332 	 2
1787308122401 	 20 	 200 	 1332 	 1
1787308122407 	 16 	 200 	 1332 	 0
1787308122453 	 18 	 200 	 1335 	 2
1787308122467 	 15 	 200 	 1336 	 2
1787308122460 	 39 	 200 	 1336 	 1
1787308122473 	 28 	 200 	 1336 	 0
1787308122511 	 21 	 200 	 1340 	 3
1787308122514 	 19 	 200 	 1340 	 2
1787308122518 	 20 	 200 	 1340 	 1
1787308122519 	 21 	 200 	 1340 	 0
1787308122567 	 29 	 200 	 1341 	 0
1787308122613 	 15 	 200 	 1342 	 0
1787308122662 	 20 	 200 	 1344 	 1
1787308122676 	 19 	 200 	 1344 	 0
1787308122706 	 14 	 200 	 1346 	 1
1787308122708 	 13 	 200 	 1346 	 0
1787308122724 	 13 	 200 	 1348 	 1
1787308122727 	 14 	 200 	 1348 	 0
1787308122742 	 13 	 200 	 1349 	 0
1787308122770 	 14 	 200 	 1351 	 1
1787308122780 	 15 	 200 	 1351 	 0
1787308122835 	 18 	 200 	 1353 	 1
1787308122844 	 13 	 200 	 1353 	 0
1787308122865 	 16 	 200 	 1356 	 2
1787308122870 	 15 	 200 	 1356 	 1
1787308122876 	 17 	 200 	 1358 	 2
1787308122889 	 16 	 200 	 1359 	 2
1787308122896 	 13 	 200 	 1359 	 1
1787308122919 	 13 	 200 	 1361 	 2
1787308122924 	 13 	 200 	 1361 	 1
1787308122891 	 55 	 200 	 1361 	 0
1787308122991 	 32 	 200 	 1365 	 3
1787308123011 	 24 	 200 	 1367 	 4
1787308123011 	 29 	 200 	 1367 	 3
1787308123009 	 32 	 200 	 1367 	 2
1787308123039 	 14 	 200 	 1367 	 1
1787308123034 	 23 	 200 	 1368 	 1
1787308123056 	 15 	 200 	 1368 	 0
1787308123084 	 22 	 200 	 1371 	 2
1787308123093 	 17 	 200 	 1371 	 1
1787308123103 	 13 	 200 	 1371 	 0
1787308123163 	 32 	 200 	 1375 	 3
1787308123168 	 29 	 200 	 1375 	 2
1787308123162 	 36 	 200 	 1375 	 1
1787308123179 	 24 	 200 	 1375 	 0
1787308123221 	 15 	 200 	 1379 	 3
1787308123217 	 25 	 200 	 1379 	 2
1787308123219 	 42 	 200 	 1380 	 2
1787308123247 	 14 	 200 	 1380 	 1
1787308123235 	 27 	 200 	 1380 	 0
1787308123355 	 40 	 200 	 1383 	 2
1787308123387 	 19 	 200 	 1383 	 1
1787308123381 	 28 	 200 	 1383 	 0
1787308123415 	 16 	 200 	 1384 	 0
1787308123439 	 14 	 200 	 1386 	 1
1787308123453 	 18 	 200 	 1388 	 2
1787308123463 	 16 	 200 	 1389 	 2
1787308123464 	 16 	 200 	 1389 	 1
1787308123475 	 16 	 200 	 1390 	 1
1787308123491 	 14 	 200 	 1390 	 0
1787308123621 	 17 	 200 	 1391 	 0
1787308123641 	 12 	 200 	 1392 	 0
1787308123677 	 13 	 200 	 1393 	 0
1787308123695 	 16 	 200 	 1395 	 1
1787308123702 	 14 	 200 	 1395 	 0
1787308123732 	 13 	 200 	 1396 	 0
1787308123753 	 12 	 200 	 1397 	 0
1787308123796 	 17 	 200 	 1400 	 2
1787308123801 	 18 	 200 	 1400 	 2
1787308123809 	 16 	 200 	 1401 	 1
1787308123821 	 18 	 200 	 1401 	 0
1787308123844 	 14 	 200 	 1404 	 2
1787308123847 	 22 	 200 	 1405 	 2
1787308123849 	 20 	 200 	 1405 	 1
1787308123860 	 18 	 200 	 1408 	 3
1787308123879 	 18 	 200 	 1408 	 2
1787308123878 	 21 	 200 	 1408 	 1
1787308123881 	 22 	 200 	 1409 	 1
1787308123903 	 13 	 200 	 1410 	 1
1787308123912 	 16 	 200 	 1412 	 2
1787308123923 	 12 	 200 	 1412 	 1
1787308123921 	 18 	 200 	 1413 	 1
1787308123939 	 13 	 200 	 1414 	 1
1787308123943 	 15 	 200 	 1415 	 1
1787308123955 	 16 	 200 	 1415 	 0
1787308123991 	 13 	 200 	 1416 	 0
1787308124011 	 15 	 200 	 1417 	 0
1787308124029 	 14 	 200 	 1420 	 2
1787308124030 	 15 	 200 	 1420 	 1
1787308124034 	 13 	 200 	 1420 	 0
1787308124054 	 18 	 200 	 1422 	 1
1787308124055 	 20 	 200 	 1422 	 0
1787308124093 	 14 	 200 	 1423 	 1
1787308124108 	 14 	 200 	 1424 	 0
1787308124145 	 37 	 200 	 1426 	 1
1787308124165 	 24 	 200 	 1426 	 0
1787308124201 	 13 	 200 	 1428 	 1
1787308124204 	 12 	 200 	 1428 	 0
1787308124230 	 15 	 200 	 1431 	 2
1787308124242 	 14 	 200 	 1431 	 1
1787308124241 	 17 	 200 	 1431 	 0
1787308124272 	 15 	 200 	 1434 	 2
1787308124274 	 16 	 200 	 1434 	 1
1787308124310 	 19 	 200 	 1436 	 2
1787308124330 	 28 	 200 	 1439 	 4
1787308124345 	 24 	 200 	 1440 	 4
1787308124362 	 15 	 200 	 1440 	 3
1787308124308 	 78 	 200 	 1441 	 3
1787308124286 	 133 	 200 	 1442 	 3
1787308124350 	 74 	 200 	 1442 	 2
1787308124391 	 34 	 200 	 1442 	 1
1787308124385 	 41 	 200 	 1442 	 0
1787308124446 	 14 	 200 	 1443 	 0
1787308124508 	 15 	 200 	 1446 	 2
1787308124509 	 16 	 200 	 1446 	 1
1787308124513 	 14 	 200 	 1446 	 0
1787308124543 	 13 	 200 	 1448 	 1
1787308124555 	 13 	 200 	 1448 	 0
1787308124620 	 15 	 200 	 1450 	 1
1787308124623 	 14 	 200 	 1450 	 0
1787308124678 	 17 	 200 	 1454 	 3
1787308124686 	 18 	 200 	 1454 	 2
1787308124688 	 19 	 200 	 1454 	 1
1787308124695 	 17 	 200 	 1454 	 0
1787308124738 	 14 	 200 	 1456 	 1
1787308124750 	 13 	 200 	 1456 	 0
1787308124775 	 14 	 200 	 1457 	 0
1787308124805 	 14 	 200 	 1458 	 0
1787308124867 	 35 	 200 	 1461 	 2
1787308124873 	 30 	 200 	 1461 	 1
1787308124870 	 35 	 200 	 1461 	 0
1787308124910 	 22 	 200 	 1465 	 3
1787308124912 	 21 	 200 	 1465 	 2
1787308124915 	 21 	 200 	 1465 	 1
1787308124927 	 26 	 200 	 1465 	 0
1787308124973 	 14 	 200 	 1466 	 0
1787308124990 	 12 	 200 	 1467 	 0
1787308125006 	 12 	 200 	 1468 	 0
1787308125027 	 14 	 200 	 1469 	 0
1787308125061 	 12 	 200 	 1470 	 0
1787308125101 	 19 	 200 	 1473 	 2
1787308125115 	 17 	 200 	 1474 	 2
1787308125118 	 16 	 200 	 1474 	 1
1787308125123 	 14 	 200 	 1476 	 2
1787308125136 	 16 	 200 	 1476 	 1
1787308125136 	 26 	 200 	 1478 	 2
1787308125154 	 16 	 200 	 1478 	 1
1787308125162 	 13 	 200 	 1478 	 0
1787308125183 	 17 	 200 	 1481 	 2
1787308125192 	 15 	 200 	 1482 	 2
1787308125207 	 14 	 200 	 1483 	 2
1787308125194 	 39 	 200 	 1485 	 3
1787308125219 	 17 	 200 	 1485 	 2
1787308125226 	 16 	 200 	 1486 	 2
1787308125232 	 14 	 200 	 1486 	 1
1787308125241 	 14 	 200 	 1486 	 0
1787308125312 	 15 	 200 	 1489 	 2
1787308125327 	 13 	 200 	 1489 	 1
1787308125302 	 51 	 200 	 1490 	 1
1787308125347 	 16 	 200 	 1490 	 0
1787308125393 	 21 	 200 	 1492 	 1
1787308125396 	 24 	 200 	 1493 	 1
1787308125418 	 15 	 200 	 1493 	 0
1787308125452 	 13 	 200 	 1494 	 0
1787308125482 	 16 	 200 	 1498 	 3
1787308125482 	 20 	 200 	 1498 	 2
1787308125491 	 15 	 200 	 1498 	 1
1787308125498 	 14 	 200 	 1499 	 1
1787308125512 	 14 	 200 	 1501 	 2
1787308125514 	 13 	 200 	 1501 	 1
1787308125525 	 15 	 200 	 1502 	 1
1787308125537 	 13 	 200 	 1502 	 0
1787308125562 	 14 	 200 	 1504 	 1
1787308125565 	 15 	 200 	 1504 	 0
1787308125625 	 13 	 200 	 1506 	 1
1787308125621 	 17 	 200 	 1506 	 0
1787308125642 	 13 	 200 	 1507 	 1
1787308125662 	 13 	 200 	 1509 	 1
1787308125718 	 15 	 200 	 1511 	 3
1787308125719 	 15 	 200 	 1512 	 2
1787308125734 	 54 	 200 	 1515 	 4
1787308125750 	 39 	 200 	 1515 	 3
1787308125742 	 50 	 200 	 1515 	 2
1787308125801 	 75 	 200 	 1519 	 5
1787308125783 	 95 	 200 	 1519 	 4
1787308125814 	 65 	 200 	 1519 	 3
1787308125829 	 60 	 200 	 1519 	 2
1787308125870 	 22 	 200 	 1519 	 1
1787308125938 	 34 	 200 	 1524 	 5
1787308125919 	 58 	 200 	 1524 	 4
1787308125944 	 35 	 200 	 1524 	 3
1787308125967 	 50 	 200 	 1526 	 4
1787308125999 	 67 	 200 	 1530 	 7
1787308126032 	 41 	 200 	 1530 	 6
1787308126016 	 60 	 200 	 1532 	 7
1787308126050 	 34 	 200 	 1533 	 7
1787308126028 	 57 	 200 	 1533 	 6
1787308126076 	 44 	 200 	 1534 	 6
1787308126080 	 97 	 200 	 1536 	 7
1787308126147 	 33 	 200 	 1536 	 6
1787308126075 	 144 	 200 	 1539 	 8
1787308126049 	 173 	 200 	 1539 	 7
1787308126200 	 74 	 200 	 1542 	 9
1787308126186 	 88 	 200 	 1542 	 8
1787308126087 	 188 	 200 	 1542 	 7
1787308126154 	 163 	 200 	 1544 	 8
1787308126263 	 111 	 200 	 1547 	 10
1787308126296 	 121 	 200 	 1550 	 12
1787308126213 	 207 	 200 	 1550 	 11
1787308126286 	 182 	 200 	 1551 	 11
1787308126260 	 208 	 200 	 1551 	 10
1787308126318 	 152 	 200 	 1551 	 9
1787308126326 	 151 	 200 	 1551 	 8
1787308126407 	 73 	 200 	 1551 	 7
1787308126254 	 263 	 200 	 1554 	 9
1787308126373 	 196 	 200 	 1556 	 10
1787308126396 	 177 	 200 	 1556 	 9
1787308126460 	 116 	 200 	 1556 	 8
1787308126497 	 84 	 200 	 1558 	 9
1787308126580 	 38 	 200 	 1560 	 10
1787308126490 	 181 	 200 	 1563 	 12
1787308126499 	 178 	 200 	 1563 	 11
1787308126387 	 334 	 200 	 1566 	 13
1787308126592 	 177 	 200 	 1566 	 12
1787308126600 	 175 	 200 	 1567 	 12
1787308126529 	 254 	 200 	 1567 	 11
1787308126561 	 223 	 200 	 1567 	 10
1787308126630 	 237 	 200 	 1570 	 12
1787308126582 	 285 	 200 	 1570 	 11
1787308126637 	 291 	 200 	 1575 	 16
1787308126621 	 345 	 200 	 1576 	 20
1787308126703 	 279 	 200 	 1577 	 19
1787308126776 	 221 	 200 	 1578 	 18
1787308126695 	 304 	 200 	 1579 	 17
1787308126711 	 306 	 200 	 1580 	 16
1787308125656 	 1362 	 200 	 1581 	 15
1787308126929 	 164 	 200 	 1582 	 19
1787308126825 	 291 	 200 	 1583 	 19
1787308126906 	 262 	 200 	 1584 	 19
1787308126823 	 351 	 200 	 1585 	 18
1787308126903 	 278 	 200 	 1586 	 17
1787308126894 	 303 	 200 	 1587 	 19
1787308126983 	 237 	 200 	 1588 	 18
1787308127033 	 209 	 200 	 1589 	 19
1787308126889 	 354 	 200 	 1590 	 18
1787308127001 	 242 	 200 	 1591 	 17
1787308127017 	 265 	 200 	 1592 	 18
1787308127003 	 282 	 200 	 1593 	 17
1787308126968 	 322 	 200 	 1594 	 16
1787308127094 	 197 	 200 	 1595 	 15
1787308126877 	 413 	 200 	 1595 	 14
1787308127177 	 167 	 200 	 1596 	 14
1787308127184 	 160 	 200 	 1596 	 13
1787308127246 	 100 	 200 	 1596 	 12
1787308127117 	 228 	 200 	 1596 	 11
1787308127199 	 166 	 200 	 1597 	 11
1787308126803 	 564 	 200 	 1597 	 10
1787308127245 	 123 	 200 	 1597 	 9
1787308127222 	 147 	 200 	 1597 	 8
1787308127284 	 87 	 200 	 1597 	 7
1787308127170 	 204 	 200 	 1598 	 7
1787308127244 	 281 	 200 	 1607 	 16
1787308127356 	 187 	 200 	 1608 	 16
1787308127293 	 273 	 200 	 1609 	 16
1787308127295 	 272 	 200 	 1610 	 15
1787308127431 	 141 	 200 	 1611 	 16
1787308127288 	 292 	 200 	 1612 	 15
1787308127374 	 206 	 200 	 1612 	 14
1787308127475 	 118 	 200 	 1612 	 13
1787308127420 	 223 	 200 	 1615 	 15
1787308127423 	 222 	 200 	 1615 	 14
1787308127457 	 191 	 200 	 1615 	 13
1787308127468 	 198 	 200 	 1616 	 13
1787308127527 	 145 	 200 	 1617 	 13
1787308127497 	 198 	 200 	 1618 	 13
1787308127500 	 200 	 200 	 1619 	 13
1787308127574 	 171 	 200 	 1622 	 15
1787308127614 	 154 	 200 	 1623 	 15
1787308127568 	 201 	 200 	 1623 	 14
1787308127486 	 314 	 200 	 1625 	 16
1787308127618 	 200 	 200 	 1626 	 15
1787308127625 	 194 	 200 	 1626 	 14
1787308127703 	 118 	 200 	 1626 	 13
1787308127748 	 96 	 200 	 1626 	 12
1787308127656 	 212 	 200 	 1628 	 13
1787308127699 	 172 	 200 	 1628 	 12
1787308127788 	 91 	 200 	 1628 	 11
1787308127572 	 310 	 200 	 1628 	 10
1787308127801 	 113 	 200 	 1631 	 12
1787308127544 	 374 	 200 	 1631 	 11
1787308127853 	 65 	 200 	 1631 	 10
1787308127668 	 251 	 200 	 1631 	 9
1787308127676 	 246 	 200 	 1631 	 8
1787308127715 	 207 	 200 	 1631 	 7
1787308127744 	 178 	 200 	 1631 	 6
1787308127860 	 63 	 200 	 1631 	 5
1787308127892 	 83 	 200 	 1632 	 5
1787308127894 	 83 	 200 	 1633 	 5
1787308127777 	 204 	 200 	 1633 	 4
1787308127975 	 22 	 200 	 1634 	 4
1787308127995 	 32 	 200 	 1634 	 3
1787308127977 	 112 	 200 	 1634 	 2
1787308127890 	 199 	 200 	 1634 	 1
1787308125913 	 2198 	 200 	 1635 	 1
1787308128097 	 16 	 200 	 1635 	 0
1787308128127 	 17 	 200 	 1641 	 5
1787308128123 	 22 	 200 	 1641 	 4
1787308128130 	 19 	 200 	 1641 	 3
1787308128135 	 17 	 200 	 1641 	 2
1787308128130 	 23 	 200 	 1641 	 1
1787308128134 	 19 	 200 	 1641 	 0
1787308128217 	 13 	 200 	 1643 	 1
1787308128222 	 14 	 200 	 1643 	 0
1787308128283 	 23 	 200 	 1644 	 0
1787308128308 	 19 	 200 	 1646 	 1
1787308128324 	 18 	 200 	 1646 	 0
1787308128366 	 15 	 200 	 1649 	 2
1787308128371 	 15 	 200 	 1649 	 1
1787308128377 	 14 	 200 	 1649 	 0
1787308128441 	 27 	 200 	 1652 	 2
1787308128458 	 12 	 200 	 1652 	 1
1787308128446 	 24 	 200 	 1652 	 0
1787308128472 	 19 	 200 	 1655 	 2
1787308128479 	 16 	 200 	 1655 	 1
1787308128486 	 17 	 200 	 1655 	 0
1787308128561 	 22 	 200 	 1656 	 0
1787308128602 	 13 	 200 	 1657 	 0
1787308128618 	 13 	 200 	 1658 	 0
1787308128667 	 13 	 200 	 1659 	 0
1787308128725 	 20 	 200 	 1661 	 1
1787308128745 	 24 	 200 	 1661 	 0
1787308128797 	 18 	 200 	 1664 	 2
1787308128810 	 14 	 200 	 1664 	 1
1787308128814 	 17 	 200 	 1665 	 1
1787308128827 	 17 	 200 	 1667 	 2
1787308128833 	 14 	 200 	 1667 	 1
1787308128836 	 13 	 200 	 1667 	 0
1787308128854 	 14 	 200 	 1668 	 0
1787308128884 	 13 	 200 	 1670 	 1
1787308128891 	 12 	 200 	 1670 	 0
1787308128941 	 30 	 200 	 1674 	 3
1787308128956 	 19 	 200 	 1675 	 3
1787308128954 	 25 	 200 	 1675 	 2
1787308128964 	 25 	 200 	 1676 	 2
1787308128977 	 15 	 200 	 1676 	 1
1787308128988 	 15 	 200 	 1676 	 0
1787308129006 	 13 	 200 	 1678 	 1
1787308129010 	 18 	 200 	 1678 	 0
1787308129072 	 13 	 200 	 1679 	 1
1787308129086 	 14 	 200 	 1680 	 0
1787308129102 	 15 	 200 	 1683 	 2
1787308129104 	 15 	 200 	 1683 	 1
1787308129109 	 17 	 200 	 1683 	 0
1787308129132 	 13 	 200 	 1684 	 0
1787308129163 	 13 	 200 	 1687 	 2
1787308129170 	 24 	 200 	 1690 	 4
1787308129186 	 20 	 200 	 1692 	 5
1787308129191 	 15 	 200 	 1692 	 4
1787308129201 	 17 	 200 	 1692 	 3
1787308129182 	 97 	 200 	 1696 	 6
1787308129223 	 60 	 200 	 1696 	 5
1787308129233 	 50 	 200 	 1696 	 4
1787308129266 	 21 	 200 	 1697 	 4
1787308129198 	 93 	 200 	 1699 	 5
1787308129277 	 21 	 200 	 1699 	 4
1787308129287 	 30 	 200 	 1699 	 3
1787308129288 	 31 	 200 	 1699 	 2
1787308129324 	 52 	 200 	 1702 	 4
1787308129368 	 15 	 200 	 1703 	 4
1787308129380 	 17 	 200 	 1703 	 3
1787308129376 	 21 	 200 	 1703 	 2
1787308129289 	 176 	 200 	 1706 	 4
1787308129401 	 65 	 200 	 1706 	 3
1787308129405 	 68 	 200 	 1707 	 3
1787308129414 	 59 	 200 	 1707 	 2
1787308129469 	 20 	 200 	 1711 	 5
1787308129475 	 19 	 200 	 1711 	 4
1787308129487 	 34 	 200 	 1711 	 3
1787308129487 	 34 	 200 	 1711 	 2
1787308129532 	 40 	 200 	 1712 	 2
1787308129579 	 14 	 200 	 1714 	 3
1787308129585 	 17 	 200 	 1714 	 2
1787308129489 	 132 	 200 	 1716 	 3
1787308129611 	 58 	 200 	 1717 	 3
1787308129620 	 51 	 200 	 1717 	 2
1787308129661 	 18 	 200 	 1717 	 1
1787308129171 	 508 	 200 	 1717 	 0
1787308129697 	 13 	 200 	 1718 	 0
1787308129723 	 17 	 200 	 1720 	 1
1787308129736 	 17 	 200 	 1720 	 0
1787308129770 	 14 	 200 	 1722 	 1
1787308129784 	 16 	 200 	 1723 	 1
1787308129811 	 13 	 200 	 1724 	 1
1787308129796 	 30 	 200 	 1724 	 0
1787308129855 	 14 	 200 	 1725 	 0
1787308129887 	 15 	 200 	 1728 	 2
1787308129891 	 21 	 200 	 1729 	 2
1787308129893 	 22 	 200 	 1729 	 1
1787308129911 	 14 	 200 	 1729 	 0
1787308129942 	 20 	 200 	 1731 	 1
1787308129943 	 22 	 200 	 1731 	 0
1787308129967 	 13 	 200 	 1732 	 0
1787308129999 	 14 	 200 	 1733 	 0
1787308130027 	 23 	 200 	 1735 	 1
1787308130036 	 27 	 200 	 1735 	 0
1787308130081 	 32 	 200 	 1736 	 0
1787308130199 	 38 	 200 	 1741 	 4
1787308130210 	 30 	 200 	 1741 	 3
1787308130227 	 23 	 200 	 1742 	 3
1787308130224 	 29 	 200 	 1742 	 2
1787308130229 	 27 	 200 	 1742 	 1
1787308130251 	 16 	 200 	 1744 	 2
1787308130260 	 54 	 200 	 1744 	 1
1787308130268 	 48 	 200 	 1744 	 0
1787308130322 	 23 	 200 	 1748 	 3
1787308130323 	 25 	 200 	 1748 	 2
1787308130331 	 19 	 200 	 1748 	 1
1787308130336 	 15 	 200 	 1748 	 0
1787308130366 	 13 	 200 	 1749 	 0
1787308130394 	 17 	 200 	 1750 	 0
1787308130426 	 13 	 200 	 1751 	 0
1787308130485 	 17 	 200 	 1752 	 0
1787308130539 	 12 	 200 	 1753 	 0
1787308130563 	 13 	 200 	 1754 	 0
1787308130596 	 14 	 200 	 1756 	 1
1787308130603 	 20 	 200 	 1758 	 2
1787308130612 	 13 	 200 	 1758 	 1
1787308130618 	 14 	 200 	 1758 	 0
1787308130655 	 13 	 200 	 1761 	 2
1787308130661 	 15 	 200 	 1762 	 2
1787308130668 	 19 	 200 	 1762 	 1
1787308130675 	 13 	 200 	 1762 	 0
1787308130693 	 13 	 200 	 1763 	 0
1787308130719 	 14 	 200 	 1764 	 0
1787308130825 	 32 	 200 	 1767 	 2
1787308130846 	 18 	 200 	 1767 	 1
1787308130853 	 15 	 200 	 1769 	 2
1787308130869 	 16 	 200 	 1772 	 4
1787308130870 	 15 	 200 	 1772 	 3
1787308130881 	 16 	 200 	 1773 	 3
1787308130880 	 18 	 200 	 1773 	 2
1787308130885 	 14 	 200 	 1773 	 1
1787308130893 	 18 	 200 	 1773 	 0
1787308130942 	 14 	 200 	 1775 	 1
1787308130945 	 13 	 200 	 1775 	 0
1787308130979 	 16 	 200 	 1776 	 0
1787308131003 	 13 	 200 	 1778 	 1
1787308131004 	 14 	 200 	 1778 	 0
1787308131032 	 16 	 200 	 1780 	 1
1787308131036 	 12 	 200 	 1780 	 0
1787308131068 	 21 	 200 	 1783 	 2
1787308131069 	 21 	 200 	 1783 	 1
1787308131116 	 14 	 200 	 1787 	 4
1787308131116 	 17 	 200 	 1788 	 4
1787308131131 	 46 	 200 	 1792 	 7
1787308131160 	 60 	 200 	 1798 	 12
1787308131110 	 156 	 200 	 1802 	 18
1787308131148 	 126 	 200 	 1803 	 18
1787308131133 	 142 	 200 	 1804 	 17
1787308131140 	 181 	 200 	 1805 	 18
1787308131210 	 115 	 200 	 1806 	 17
1787308131218 	 156 	 200 	 1807 	 19
1787308131173 	 206 	 200 	 1808 	 18
1787308131189 	 193 	 200 	 1809 	 17
1787308131082 	 334 	 200 	 1810 	 20
1787308131183 	 236 	 200 	 1811 	 19
1787308131189 	 232 	 200 	 1812 	 18
1787308131244 	 176 	 200 	 1813 	 17
1787308131276 	 167 	 200 	 1814 	 16
1787308131276 	 191 	 200 	 1815 	 16
1787308131227 	 242 	 200 	 1816 	 15
1787308131247 	 225 	 200 	 1817 	 15
1787308131217 	 264 	 200 	 1817 	 14
1787308131268 	 256 	 200 	 1818 	 14
1787308131376 	 191 	 200 	 1820 	 16
1787308131384 	 192 	 200 	 1821 	 15
1787308131326 	 252 	 200 	 1821 	 14
1787308131426 	 153 	 200 	 1821 	 13
1787308131423 	 193 	 200 	 1822 	 13
1787308131323 	 303 	 200 	 1822 	 12
1787308131444 	 183 	 200 	 1822 	 11
1787308131420 	 246 	 200 	 1824 	 12
1787308131470 	 196 	 200 	 1824 	 11
1787308131258 	 411 	 200 	 1824 	 10
1787308131570 	 99 	 200 	 1824 	 9
1787308131533 	 186 	 200 	 1826 	 10
1787308131506 	 217 	 200 	 1826 	 9
1787308131527 	 196 	 200 	 1826 	 9
1787308131611 	 113 	 200 	 1827 	 8
1787308131380 	 343 	 200 	 1827 	 7
1787308131705 	 19 	 200 	 1827 	 6
1787308131686 	 81 	 200 	 1828 	 6
1787308131632 	 138 	 200 	 1829 	 6
1787308131725 	 50 	 200 	 1830 	 6
1787308131665 	 118 	 200 	 1830 	 5
1787308131468 	 317 	 200 	 1830 	 4
1787308131732 	 62 	 200 	 1830 	 3
1787308131770 	 51 	 200 	 1832 	 4
1787308131819 	 16 	 200 	 1832 	 3
1787308131821 	 16 	 200 	 1833 	 3
1787308131837 	 34 	 200 	 1833 	 2
1787308131778 	 154 	 200 	 1835 	 3
1787308131913 	 24 	 200 	 1835 	 2
1787308131924 	 21 	 200 	 1836 	 2
1787308131954 	 19 	 200 	 1839 	 4
1787308131962 	 15 	 200 	 1840 	 4
1787308131969 	 15 	 200 	 1842 	 5
1787308131979 	 94 	 200 	 1848 	 10
1787308131984 	 136 	 200 	 1848 	 9
1787308131977 	 144 	 200 	 1848 	 8
1787308132037 	 84 	 200 	 1848 	 7
1787308132035 	 96 	 200 	 1848 	 6
1787308131997 	 169 	 200 	 1851 	 8
1787308132061 	 109 	 200 	 1851 	 7
1787308131944 	 238 	 200 	 1851 	 6
1787308132063 	 120 	 200 	 1851 	 5
1787308132161 	 111 	 200 	 1855 	 8
1787308132194 	 122 	 200 	 1858 	 10
1787308132161 	 159 	 200 	 1858 	 9
1787308132165 	 159 	 200 	 1858 	 8
1787308132292 	 37 	 200 	 1859 	 8
1787308132192 	 138 	 200 	 1859 	 7
1787308132292 	 40 	 200 	 1859 	 6
1787308132187 	 146 	 200 	 1859 	 5
1787308132064 	 270 	 200 	 1859 	 4
1787308132210 	 167 	 200 	 1862 	 6
1787308132340 	 45 	 200 	 1862 	 5
1787308132294 	 99 	 200 	 1863 	 5
1787308132345 	 48 	 200 	 1863 	 4
1787308131418 	 977 	 200 	 1863 	 3
1787308132327 	 66 	 200 	 1863 	 2
1787308132349 	 77 	 200 	 1867 	 5
1787308132391 	 40 	 200 	 1867 	 4
1787308132419 	 55 	 200 	 1869 	 5
1787308132421 	 55 	 200 	 1869 	 4
1787308132458 	 20 	 200 	 1869 	 3
1787308132473 	 53 	 200 	 1873 	 6
1787308132411 	 117 	 200 	 1873 	 5
1787308132495 	 33 	 200 	 1873 	 4
1787308132483 	 46 	 200 	 1873 	 3
1787308132513 	 59 	 200 	 1878 	 7
1787308132546 	 28 	 200 	 1878 	 6
1787308132397 	 179 	 200 	 1878 	 5
1787308132537 	 55 	 200 	 1880 	 6
1787308132566 	 27 	 200 	 1880 	 5
1787308132536 	 58 	 200 	 1880 	 4
1787308132500 	 94 	 200 	 1880 	 3
1787308132556 	 40 	 200 	 1880 	 2
1787308132588 	 19 	 200 	 1881 	 2
1787308132580 	 38 	 200 	 1882 	 2
1787308132607 	 14 	 200 	 1882 	 1
1787308132616 	 15 	 200 	 1882 	 0
1787308132637 	 13 	 200 	 1883 	 0
1787308132657 	 15 	 200 	 1887 	 3
1787308132657 	 18 	 200 	 1887 	 2
1787308132659 	 17 	 200 	 1887 	 2
1787308132664 	 30 	 200 	 1888 	 1
1787308132677 	 27 	 200 	 1888 	 0
1787308132712 	 14 	 200 	 1891 	 2
1787308132722 	 14 	 200 	 1891 	 1
1787308132724 	 13 	 200 	 1891 	 0
1787308132766 	 20 	 200 	 1892 	 0
1787308132788 	 13 	 200 	 1894 	 1
1787308132794 	 14 	 200 	 1894 	 0
1787308132825 	 23 	 200 	 1896 	 1
1787308132848 	 13 	 200 	 1896 	 0
1787308132923 	 16 	 200 	 1899 	 2
1787308132913 	 31 	 200 	 1900 	 2
1787308132926 	 21 	 200 	 1900 	 1
1787308132944 	 14 	 200 	 1900 	 0
1787308132962 	 12 	 200 	 1901 	 0
1787308133009 	 11 	 200 	 1903 	 1
1787308133007 	 22 	 200 	 1907 	 4
1787308133023 	 15 	 200 	 1907 	 3
1787308133024 	 17 	 200 	 1907 	 2
1787308133031 	 15 	 200 	 1908 	 2
1787308133029 	 20 	 200 	 1909 	 2
1787308133045 	 15 	 200 	 1910 	 2
1787308133051 	 15 	 200 	 1910 	 1
1787308133060 	 21 	 200 	 1913 	 3
1787308133072 	 15 	 200 	 1913 	 2
1787308133077 	 20 	 200 	 1913 	 1
1787308133079 	 29 	 200 	 1916 	 3
1787308133100 	 19 	 200 	 1917 	 3
1787308133108 	 17 	 200 	 1917 	 2
1787308133103 	 24 	 200 	 1917 	 1
1787308133115 	 16 	 200 	 1917 	 0
1787308133143 	 12 	 200 	 1918 	 0
1787308133170 	 12 	 200 	 1919 	 0
1787308133193 	 16 	 200 	 1921 	 1
1787308133192 	 17 	 200 	 1921 	 0
1787308133277 	 14 	 200 	 1923 	 1
1787308133291 	 17 	 200 	 1924 	 1
1787308133294 	 16 	 200 	 1924 	 0
1787308133360 	 14 	 200 	 1926 	 1
1787308133371 	 13 	 200 	 1926 	 0
1787308133408 	 17 	 200 	 1928 	 1
1787308133421 	 13 	 200 	 1928 	 0
1787308133464 	 15 	 200 	 1929 	 0
1787308133518 	 18 	 200 	 1931 	 1
1787308133517 	 19 	 200 	 1931 	 0
1787308133552 	 13 	 200 	 1932 	 0
1787308133568 	 13 	 200 	 1934 	 1
1787308133574 	 14 	 200 	 1934 	 0
1787308133592 	 13 	 200 	 1935 	 0
1787308133606 	 18 	 200 	 1937 	 1
1787308133611 	 13 	 200 	 1937 	 0
1787308133629 	 16 	 200 	 1939 	 1
1787308133643 	 16 	 200 	 1939 	 0
1787308133670 	 13 	 200 	 1940 	 0
1787308133685 	 12 	 200 	 1941 	 0
1787308133703 	 12 	 200 	 1942 	 0
1787308133747 	 32 	 200 	 1944 	 1
1787308133755 	 28 	 200 	 1944 	 0
1787308133826 	 12 	 200 	 1947 	 2
1787308133813 	 35 	 200 	 1948 	 2
1787308133834 	 16 	 200 	 1948 	 1
1787308133842 	 20 	 200 	 1948 	 0
1787308133906 	 13 	 200 	 1951 	 2
1787308133910 	 16 	 200 	 1951 	 1
1787308133918 	 13 	 200 	 1951 	 0
1787308133945 	 15 	 200 	 1953 	 1
1787308133954 	 13 	 200 	 1953 	 0
1787308134015 	 14 	 200 	 1955 	 1
1787308134019 	 13 	 200 	 1955 	 0
1787308134059 	 14 	 200 	 1956 	 0
1787308134103 	 18 	 200 	 1958 	 1
1787308134104 	 25 	 200 	 1959 	 1
1787308134123 	 21 	 200 	 1959 	 0
1787308134151 	 21 	 200 	 1960 	 0
1787308134180 	 14 	 200 	 1963 	 2
1787308134184 	 14 	 200 	 1963 	 1
1787308134190 	 16 	 200 	 1963 	 0
1787308134214 	 16 	 200 	 1964 	 0
1787308134274 	 15 	 200 	 1965 	 0
1787308134298 	 15 	 200 	 1967 	 1
1787308134301 	 15 	 200 	 1967 	 0
1787308134326 	 13 	 200 	 1968 	 0
1787308134381 	 13 	 200 	 1969 	 0
1787308134471 	 12 	 200 	 1970 	 0
1787308134540 	 13 	 200 	 1971 	 0
1787308134604 	 15 	 200 	 1973 	 1
1787308134616 	 13 	 200 	 1973 	 0
1787308134653 	 16 	 200 	 1975 	 1
1787308134657 	 18 	 200 	 1975 	 0
1787308134682 	 12 	 200 	 1976 	 0
1787308134704 	 15 	 200 	 1977 	 0
1787308134730 	 13 	 200 	 1978 	 0
1787308134755 	 13 	 200 	 1979 	 0
1787308134784 	 17 	 200 	 1982 	 2
1787308134791 	 14 	 200 	 1982 	 1
1787308134799 	 16 	 200 	 1982 	 0
1787308134838 	 16 	 200 	 1984 	 1
1787308134842 	 16 	 200 	 1984 	 0
1787308134874 	 13 	 200 	 1985 	 0
1787308134892 	 16 	 200 	 1987 	 1
1787308134905 	 15 	 200 	 1988 	 1
1787308134915 	 14 	 200 	 1988 	 0
1787308134959 	 29 	 200 	 1992 	 3
1787308134970 	 27 	 200 	 1993 	 3
1787308134981 	 17 	 200 	 1993 	 2
1787308134986 	 22 	 200 	 1993 	 1
1787308134997 	 15 	 200 	 1994 	 1
1787308135012 	 24 	 200 	 1994 	 0
1787308135056 	 17 	 200 	 1997 	 2
1787308135060 	 14 	 200 	 1998 	 2
1787308135072 	 17 	 200 	 1998 	 1
1787308135074 	 16 	 200 	 1998 	 0
1787308135150 	 30 	 200 	 2004 	 5
1787308135159 	 24 	 200 	 2004 	 4
1787308135149 	 36 	 200 	 2004 	 3
1787308135157 	 85 	 200 	 2008 	 6
1787308135170 	 73 	 200 	 2008 	 5
1787308135196 	 78 	 200 	 2008 	 4
1787308135221 	 65 	 200 	 2008 	 3
1787308135235 	 52 	 200 	 2008 	 2
1787308135289 	 30 	 200 	 2009 	 2
1787308135188 	 182 	 200 	 2015 	 7
1787308135338 	 41 	 200 	 2015 	 6
1787308135335 	 45 	 200 	 2015 	 5
1787308135326 	 59 	 200 	 2016 	 5
1787308135336 	 53 	 200 	 2016 	 4
1787308135363 	 107 	 200 	 2017 	 4
1787308135382 	 93 	 200 	 2017 	 3
1787308135365 	 111 	 200 	 2017 	 2
1787308135411 	 75 	 200 	 2017 	 1
1787308135520 	 54 	 200 	 2023 	 6
1787308135521 	 55 	 200 	 2023 	 5
1787308135548 	 29 	 200 	 2023 	 4
1787308135516 	 64 	 200 	 2023 	 3
1787308135553 	 27 	 200 	 2023 	 2
1787308135571 	 21 	 200 	 2025 	 3
1787308135584 	 13 	 200 	 2025 	 2
1787308135594 	 76 	 200 	 2027 	 3
1787308135626 	 46 	 200 	 2027 	 2
1787308135649 	 25 	 200 	 2027 	 1
1787308135147 	 533 	 200 	 2027 	 0
1787308135686 	 20 	 200 	 2028 	 0
1787308135719 	 15 	 200 	 2029 	 0
1787308135740 	 13 	 200 	 2031 	 1
1787308135752 	 24 	 200 	 2031 	 0
1787308135792 	 14 	 200 	 2032 	 0
1787308135858 	 14 	 200 	 2033 	 0
1787308135902 	 15 	 200 	 2034 	 0
1787308135923 	 16 	 200 	 2035 	 0
1787308135946 	 16 	 200 	 2037 	 1
1787308135950 	 16 	 200 	 2037 	 0
1787308135978 	 13 	 200 	 2040 	 2
1787308135973 	 18 	 200 	 2040 	 1
1787308135983 	 18 	 200 	 2040 	 0
1787308136005 	 19 	 200 	 2042 	 1
1787308136023 	 14 	 200 	 2042 	 0
1787308136078 	 18 	 200 	 2046 	 3
1787308136082 	 16 	 200 	 2046 	 2
1787308136087 	 15 	 200 	 2046 	 1
1787308136076 	 27 	 200 	 2046 	 0
1787308136107 	 14 	 200 	 2048 	 1
1787308136108 	 18 	 200 	 2048 	 0
1787308136135 	 14 	 200 	 2049 	 0
1787308136176 	 20 	 200 	 2051 	 1
1787308136174 	 25 	 200 	 2052 	 1
1787308136198 	 17 	 200 	 2052 	 0
1787308136220 	 18 	 200 	 2055 	 2
1787308136227 	 13 	 200 	 2055 	 1
1787308136223 	 33 	 200 	 2055 	 0
1787308136267 	 15 	 200 	 2057 	 1
1787308136271 	 12 	 200 	 2057 	 0
1787308136314 	 14 	 200 	 2058 	 0
1787308136330 	 15 	 200 	 2061 	 2
1787308136332 	 15 	 200 	 2061 	 1
1787308136335 	 16 	 200 	 2061 	 0
1787308136362 	 14 	 200 	 2063 	 1
1787308136376 	 15 	 200 	 2063 	 0
1787308136399 	 15 	 200 	 2065 	 1
1787308136406 	 22 	 200 	 2067 	 2
1787308136416 	 14 	 200 	 2067 	 1
1787308136421 	 14 	 200 	 2067 	 0
1787308136437 	 14 	 200 	 2068 	 1
1787308136452 	 12 	 200 	 2069 	 0
1787308136501 	 15 	 200 	 2070 	 0
1787308136523 	 14 	 200 	 2071 	 0
1787308136543 	 13 	 200 	 2072 	 0
1787308136579 	 33 	 200 	 2077 	 4
1787308136583 	 30 	 200 	 2077 	 3
1787308136586 	 30 	 200 	 2078 	 3
1787308136600 	 20 	 200 	 2078 	 2
1787308136607 	 21 	 200 	 2079 	 2
1787308136616 	 20 	 200 	 2081 	 3
1787308136628 	 15 	 200 	 2081 	 2
1787308136636 	 19 	 200 	 2081 	 1
1787308136633 	 24 	 200 	 2081 	 0
1787308136721 	 20 	 200 	 2082 	 0
1787308136746 	 12 	 200 	 2084 	 1
1787308136757 	 17 	 200 	 2084 	 0
1787308136784 	 17 	 200 	 2085 	 0
1787308136805 	 12 	 200 	 2086 	 0
1787308136821 	 14 	 200 	 2087 	 0
1787308136844 	 13 	 200 	 2090 	 2
1787308136846 	 15 	 200 	 2090 	 1
1787308136853 	 13 	 200 	 2090 	 0
1787308136893 	 14 	 200 	 2091 	 0
1787308136923 	 13 	 200 	 2094 	 2
1787308136924 	 17 	 200 	 2095 	 2
1787308136936 	 13 	 200 	 2095 	 1
1787308136940 	 13 	 200 	 2095 	 0
1787308136956 	 17 	 200 	 2096 	 0
1787308137035 	 37 	 200 	 2098 	 1
1787308137038 	 38 	 200 	 2098 	 0
1787308137078 	 13 	 200 	 2099 	 0
1787308137157 	 19 	 200 	 2101 	 1
1787308137130 	 54 	 200 	 2102 	 1
1787308137179 	 16 	 200 	 2102 	 0
1787308137232 	 14 	 200 	 2103 	 0
1787308137309 	 13 	 200 	 2105 	 1
1787308137297 	 26 	 200 	 2105 	 0
1787308137398 	 14 	 200 	 2106 	 0
1787308137414 	 12 	 200 	 2107 	 0
1787308137455 	 18 	 200 	 2109 	 1
1787308137474 	 14 	 200 	 2110 	 1
1787308137488 	 12 	 200 	 2110 	 0
1787308137535 	 32 	 200 	 2111 	 0
1787308137576 	 17 	 200 	 2114 	 2
1787308137577 	 22 	 200 	 2115 	 2
1787308137594 	 14 	 200 	 2115 	 1
1787308137599 	 14 	 200 	 2115 	 0
1787308137636 	 16 	 200 	 2116 	 0
1787308137675 	 13 	 200 	 2118 	 1
1787308137688 	 13 	 200 	 2118 	 1
1787308137702 	 14 	 200 	 2120 	 1
1787308137717 	 12 	 200 	 2121 	 1
1787308137728 	 15 	 200 	 2121 	 0
1787308137745 	 18 	 200 	 2125 	 3
1787308137749 	 15 	 200 	 2125 	 2
1787308137754 	 14 	 200 	 2126 	 2
1787308137752 	 33 	 200 	 2129 	 4
1787308137768 	 25 	 200 	 2130 	 4
1787308137781 	 17 	 200 	 2130 	 3
1787308137786 	 20 	 200 	 2130 	 2
1787308137788 	 21 	 200 	 2130 	 1
1787308137781 	 29 	 200 	 2130 	 0
1787308137818 	 25 	 200 	 2132 	 1
1787308137822 	 33 	 200 	 2132 	 0
1787308137895 	 15 	 200 	 2135 	 2
1787308137905 	 17 	 200 	 2136 	 2
1787308137910 	 14 	 200 	 2136 	 1
1787308137915 	 13 	 200 	 2136 	 0
1787308137991 	 13 	 200 	 2138 	 1
1787308138004 	 22 	 200 	 2140 	 2
1787308138023 	 15 	 200 	 2141 	 2
1787308138026 	 16 	 200 	 2141 	 1
1787308138034 	 14 	 200 	 2141 	 0
1787308138056 	 13 	 200 	 2142 	 0
1787308138081 	 20 	 200 	 2144 	 1
1787308138101 	 14 	 200 	 2145 	 1
1787308138107 	 15 	 200 	 2147 	 2
1787308138118 	 13 	 200 	 2148 	 2
1787308138121 	 15 	 200 	 2148 	 1
1787308138127 	 19 	 200 	 2148 	 0
1787308138148 	 13 	 200 	 2149 	 0
1787308138199 	 31 	 200 	 2153 	 3
1787308138219 	 23 	 200 	 2153 	 2
1787308138223 	 19 	 200 	 2153 	 1
1787308138221 	 22 	 200 	 2153 	 0
1787308138251 	 14 	 200 	 2154 	 0
1787308138294 	 15 	 200 	 2156 	 1
1787308138300 	 14 	 200 	 2156 	 0
1787308138374 	 23 	 200 	 2157 	 0
1787308138443 	 22 	 200 	 2162 	 4
1787308138447 	 19 	 200 	 2162 	 3
1787308138460 	 16 	 200 	 2163 	 3
1787308138462 	 19 	 200 	 2163 	 2
1787308138473 	 14 	 200 	 2163 	 1
1787308138522 	 13 	 200 	 2164 	 1
1787308138568 	 18 	 200 	 2166 	 2
1787308138572 	 50 	 200 	 2168 	 3
1787308138605 	 61 	 200 	 2168 	 2
1787308138601 	 68 	 200 	 2168 	 1
1787308138684 	 13 	 200 	 2170 	 2
1787308138689 	 14 	 200 	 2170 	 1
1787308138709 	 14 	 200 	 2171 	 1
1787308138743 	 29 	 200 	 2175 	 4
1787308138731 	 42 	 200 	 2175 	 3
1787308138725 	 50 	 200 	 2175 	 2
1787308138766 	 15 	 200 	 2175 	 1
1787308138789 	 15 	 200 	 2177 	 2
1787308138799 	 21 	 200 	 2178 	 2
1787308138805 	 18 	 200 	 2178 	 1
1787308138873 	 13 	 200 	 2179 	 1
1787308138894 	 14 	 200 	 2181 	 2
1787308138897 	 13 	 200 	 2181 	 1
1787308138919 	 13 	 200 	 2182 	 1
1787308138936 	 33 	 200 	 2184 	 2
1787308138961 	 23 	 200 	 2185 	 2
1787308138463 	 522 	 200 	 2185 	 1
1787308138976 	 16 	 200 	 2186 	 1
1787308138992 	 14 	 200 	 2188 	 2
1787308139005 	 13 	 200 	 2188 	 1
1787308139002 	 21 	 200 	 2189 	 1
1787308139023 	 13 	 200 	 2191 	 2
1787308139026 	 15 	 200 	 2191 	 1
1787308139028 	 15 	 200 	 2191 	 0
1787308139047 	 15 	 200 	 2193 	 1
1787308139068 	 17 	 200 	 2198 	 5
1787308139060 	 34 	 200 	 2198 	 4
1787308139072 	 22 	 200 	 2198 	 3
1787308139073 	 27 	 200 	 2198 	 2
1787308139080 	 26 	 200 	 2199 	 2
1787308139075 	 39 	 200 	 2199 	 1
1787308139106 	 17 	 200 	 2200 	 1
1787308139123 	 12 	 200 	 2201 	 1
1787308139135 	 13 	 200 	 2202 	 1
1787308139139 	 12 	 200 	 2203 	 1
1787308139151 	 21 	 200 	 2204 	 1
1787308139154 	 18 	 200 	 2204 	 0
1787308139186 	 13 	 200 	 2205 	 0
1787308139207 	 13 	 200 	 2207 	 1
1787308139218 	 14 	 200 	 2207 	 0
1787308139246 	 15 	 200 	 2209 	 1
1787308139257 	 14 	 200 	 2210 	 1
1787308139266 	 12 	 200 	 2210 	 0
1787308139284 	 13 	 200 	 2211 	 0
1787308139301 	 12 	 200 	 2213 	 1
1787308139309 	 14 	 200 	 2214 	 1
1787308139315 	 16 	 200 	 2214 	 0
1787308139338 	 13 	 200 	 2215 	 0
1787308139379 	 25 	 200 	 2217 	 1
1787308139376 	 36 	 200 	 2217 	 0
1787308139430 	 17 	 200 	 2218 	 0
1787308139462 	 14 	 200 	 2220 	 1
1787308139465 	 17 	 200 	 2220 	 0
1787308139492 	 23 	 200 	 2222 	 1
1787308139509 	 14 	 200 	 2222 	 0
1787308139527 	 15 	 200 	 2225 	 2
1787308139538 	 13 	 200 	 2225 	 1
1787308139541 	 18 	 200 	 2225 	 0
1787308139560 	 14 	 200 	 2226 	 0
1787308139585 	 14 	 200 	 2228 	 1
1787308139587 	 14 	 200 	 2228 	 0
1787308139633 	 15 	 200 	 2231 	 2
1787308139636 	 17 	 200 	 2231 	 1
1787308139636 	 16 	 200 	 2231 	 0
1787308139660 	 13 	 200 	 2232 	 0
1787308139690 	 13 	 200 	 2233 	 0
1787308139712 	 19 	 200 	 2234 	 0
1787308139751 	 13 	 200 	 2235 	 0
1787308139775 	 14 	 200 	 2236 	 0
1787308139800 	 13 	 200 	 2237 	 0
1787308139828 	 13 	 200 	 2238 	 0
1787308139861 	 14 	 200 	 2240 	 1
1787308139879 	 16 	 200 	 2243 	 3
1787308139883 	 16 	 200 	 2243 	 2
1787308139876 	 24 	 200 	 2243 	 1
1787308139889 	 18 	 200 	 2244 	 1
1787308139908 	 15 	 200 	 2245 	 1
1787308139921 	 14 	 200 	 2245 	 0
1787308139987 	 19 	 200 	 2247 	 1
1787308139993 	 16 	 200 	 2248 	 1
1787308140010 	 18 	 200 	 2248 	 0
1787308140065 	 25 	 200 	 2249 	 0
1787308140105 	 12 	 200 	 2250 	 0
1787308140176 	 27 	 200 	 2251 	 0
1787308140210 	 13 	 200 	 2253 	 1
1787308140211 	 19 	 200 	 2253 	 0
1787308140237 	 15 	 200 	 2254 	 0
1787308140255 	 14 	 200 	 2256 	 1
1787308140258 	 14 	 200 	 2256 	 0
1787308140332 	 34 	 200 	 2259 	 2
1787308140366 	 13 	 200 	 2259 	 1
1787308140366 	 16 	 200 	 2259 	 0
1787308140387 	 13 	 200 	 2261 	 1
1787308140391 	 12 	 200 	 2261 	 0
1787308140408 	 12 	 200 	 2262 	 0
1787308140424 	 17 	 200 	 2263 	 0
1787308140444 	 15 	 200 	 2264 	 0
1787308140484 	 17 	 200 	 2266 	 1
1787308140481 	 21 	 200 	 2266 	 0
1787308140510 	 23 	 200 	 2267 	 0
1787308140549 	 18 	 200 	 2269 	 1
1787308140563 	 14 	 200 	 2270 	 1
1787308140576 	 13 	 200 	 2270 	 0
1787308140605 	 13 	 200 	 2271 	 0
1787308140652 	 16 	 200 	 2272 	 0
1787308140677 	 12 	 200 	 2273 	 0
1787308140730 	 16 	 200 	 2274 	 0
1787308140758 	 14 	 200 	 2275 	 0
1787308140779 	 12 	 200 	 2276 	 0
1787308140798 	 15 	 200 	 2279 	 2
1787308140811 	 15 	 200 	 2279 	 1
1787308140813 	 14 	 200 	 2279 	 0
1787308140834 	 15 	 200 	 2282 	 2
1787308140847 	 15 	 200 	 2282 	 1
1787308140849 	 13 	 200 	 2282 	 0
1787308140865 	 17 	 200 	 2283 	 0
1787308140899 	 16 	 200 	 2285 	 1
1787308140899 	 19 	 200 	 2285 	 0
1787308140923 	 14 	 200 	 2287 	 1
1787308140919 	 22 	 200 	 2287 	 0
1787308140943 	 14 	 200 	 2288 	 0
1787308140964 	 14 	 200 	 2292 	 3
1787308140967 	 13 	 200 	 2292 	 2
1787308140967 	 18 	 200 	 2292 	 1
1787308140973 	 21 	 200 	 2292 	 0
1787308141010 	 12 	 200 	 2293 	 0
1787308141027 	 14 	 200 	 2295 	 1
1787308141049 	 14 	 200 	 2296 	 1
1787308141106 	 15 	 200 	 2297 	 1
1787308141128 	 38 	 200 	 2301 	 4
1787308141128 	 42 	 200 	 2301 	 3
1787308141141 	 32 	 200 	 2301 	 2
1787308141150 	 23 	 200 	 2301 	 1
1787308141036 	 154 	 200 	 2301 	 1
1787308141191 	 36 	 200 	 2307 	 5
1787308141208 	 27 	 200 	 2307 	 4
1787308141219 	 48 	 200 	 2308 	 4
1787308141222 	 51 	 200 	 2309 	 4
1787308141219 	 57 	 200 	 2309 	 3
1787308141263 	 16 	 200 	 2309 	 2
1787308141223 	 60 	 200 	 2309 	 1
1787308141272 	 23 	 200 	 2309 	 0
1787308141314 	 19 	 200 	 2311 	 1
1787308141324 	 14 	 200 	 2311 	 0
1787308141376 	 24 	 200 	 2313 	 1
1787308141396 	 15 	 200 	 2313 	 0
1787308141430 	 17 	 200 	 2314 	 0
1787308141449 	 13 	 200 	 2315 	 0
1787308141485 	 13 	 200 	 2317 	 1
1787308141495 	 18 	 200 	 2317 	 0
1787308141526 	 16 	 200 	 2320 	 2
1787308141540 	 12 	 200 	 2320 	 1
1787308141540 	 16 	 200 	 2320 	 0
1787308141567 	 17 	 200 	 2324 	 3
1787308141576 	 15 	 200 	 2326 	 4
1787308141578 	 22 	 200 	 2326 	 3
1787308141583 	 19 	 200 	 2326 	 2
1787308141586 	 23 	 200 	 2326 	 1
1787308141588 	 21 	 200 	 2326 	 0
1787308141626 	 12 	 200 	 2327 	 0
1787308141646 	 18 	 200 	 2331 	 3
1787308141648 	 16 	 200 	 2331 	 2
1787308141659 	 15 	 200 	 2332 	 2
1787308141662 	 16 	 200 	 2332 	 1
1787308141680 	 14 	 200 	 2333 	 1
1787308141670 	 24 	 200 	 2333 	 0
1787308141708 	 14 	 200 	 2336 	 2
1787308141716 	 19 	 200 	 2336 	 1
1787308141721 	 16 	 200 	 2336 	 0
1787308141740 	 13 	 200 	 2337 	 0
1787308141765 	 15 	 200 	 2342 	 4
1787308141768 	 29 	 200 	 2343 	 4
1787308141798 	 22 	 200 	 2343 	 3
1787308141778 	 43 	 200 	 2343 	 2
1787308141768 	 56 	 200 	 2343 	 1
1787308141830 	 48 	 200 	 2346 	 3
1787308141832 	 55 	 200 	 2347 	 3
1787308141882 	 23 	 200 	 2348 	 3
1787308141897 	 25 	 200 	 2348 	 2
1787308141866 	 64 	 200 	 2350 	 3
1787308141780 	 152 	 200 	 2350 	 2
1787308141924 	 49 	 200 	 2353 	 4
1787308141968 	 14 	 200 	 2353 	 3
1787308141946 	 37 	 200 	 2353 	 2
1787308141931 	 53 	 200 	 2353 	 1
1787308141974 	 16 	 200 	 2353 	 0
1787308142009 	 15 	 200 	 2354 	 0
1787308142045 	 14 	 200 	 2356 	 1
1787308142057 	 18 	 200 	 2356 	 0
1787308142086 	 14 	 200 	 2357 	 0
1787308142145 	 13 	 200 	 2358 	 0
1787308142181 	 18 	 200 	 2359 	 0
1787308142201 	 18 	 200 	 2361 	 1
1787308142204 	 14 	 200 	 2361 	 0
1787308142249 	 12 	 200 	 2363 	 1
1787308142261 	 14 	 200 	 2364 	 1
1787308142275 	 13 	 200 	 2365 	 1
1787308142283 	 19 	 200 	 2366 	 1
1787308142302 	 15 	 200 	 2367 	 1
1787308142314 	 19 	 200 	 2369 	 2
1787308142320 	 14 	 200 	 2369 	 1
1787308142337 	 14 	 200 	 2371 	 2
1787308142331 	 22 	 200 	 2371 	 1
1787308142346 	 15 	 200 	 2371 	 0
1787308142374 	 13 	 200 	 2373 	 1
1787308142378 	 15 	 200 	 2373 	 0
1787308142428 	 14 	 200 	 2377 	 3
1787308142431 	 14 	 200 	 2377 	 2
1787308142420 	 30 	 200 	 2379 	 3
1787308142426 	 30 	 200 	 2379 	 2
1787308142450 	 15 	 200 	 2379 	 1
1787308142451 	 14 	 200 	 2379 	 0
1787308142576 	 16 	 200 	 2382 	 2
1787308142578 	 16 	 200 	 2382 	 1
1787308142583 	 17 	 200 	 2382 	 0
1787308142637 	 12 	 200 	 2383 	 0
1787308142654 	 13 	 200 	 2384 	 0
1787308142669 	 16 	 200 	 2387 	 2
1787308142670 	 18 	 200 	 2388 	 2
1787308142674 	 17 	 200 	 2388 	 1
1787308142686 	 14 	 200 	 2388 	 0
1787308142753 	 20 	 200 	 2389 	 0
1787308142788 	 16 	 200 	 2392 	 2
1787308142802 	 16 	 200 	 2392 	 1
1787308142804 	 18 	 200 	 2392 	 0
1787308142868 	 20 	 200 	 2394 	 1
1787308142878 	 17 	 200 	 2394 	 0
1787308142948 	 13 	 200 	 2395 	 0
1787308142988 	 21 	 200 	 2397 	 1
1787308142999 	 16 	 200 	 2397 	 0
1787308143041 	 15 	 200 	 2398 	 1
1787308143057 	 18 	 200 	 2400 	 1
1787308143072 	 15 	 200 	 2400 	 0
1787308143097 	 15 	 200 	 2402 	 1
1787308143112 	 13 	 200 	 2404 	 2
1787308143117 	 13 	 200 	 2405 	 2
1787308143117 	 18 	 200 	 2405 	 1
1787308143129 	 13 	 200 	 2405 	 0
1787308143172 	 13 	 200 	 2407 	 1
1787308143165 	 20 	 200 	 2407 	 0
1787308143205 	 19 	 200 	 2410 	 2
1787308143213 	 16 	 200 	 2410 	 1
1787308143213 	 16 	 200 	 2410 	 0
1787308143256 	 14 	 200 	 2411 	 0
1787308143281 	 15 	 200 	 2413 	 1
1787308143289 	 18 	 200 	 2414 	 1
1787308143305 	 13 	 200 	 2415 	 1
1787308143314 	 17 	 200 	 2415 	 0
1787308143339 	 12 	 200 	 2416 	 1
1787308143352 	 15 	 200 	 2417 	 0
1787308143370 	 14 	 200 	 2418 	 0
1787308143389 	 15 	 200 	 2421 	 2
1787308143394 	 14 	 200 	 2421 	 1
1787308143397 	 14 	 200 	 2422 	 1
1787308143410 	 21 	 200 	 2422 	 0
1787308143447 	 22 	 200 	 2424 	 1
1787308143462 	 22 	 200 	 2424 	 0
1787308143495 	 13 	 200 	 2425 	 0
1787308143579 	 13 	 200 	 2426 	 0
1787308143654 	 19 	 200 	 2428 	 1
1787308143668 	 14 	 200 	 2428 	 0
1787308143708 	 14 	 200 	 2429 	 0
1787308143726 	 13 	 200 	 2430 	 0
1787308143770 	 16 	 200 	 2431 	 0
1787308143792 	 12 	 200 	 2432 	 1
1787308143805 	 14 	 200 	 2435 	 2
1787308143810 	 16 	 200 	 2437 	 3
1787308143813 	 14 	 200 	 2437 	 2
1787308143821 	 15 	 200 	 2437 	 1
1787308143827 	 13 	 200 	 2437 	 0
1787308143845 	 13 	 200 	 2438 	 0
1787308143880 	 14 	 200 	 2439 	 0
1787308143901 	 16 	 200 	 2440 	 0
1787308143920 	 17 	 200 	 2441 	 0
1787308143967 	 13 	 200 	 2443 	 1
1787308143969 	 14 	 200 	 2443 	 0
1787308143986 	 14 	 200 	 2445 	 1
1787308143992 	 15 	 200 	 2445 	 0
1787308144030 	 18 	 200 	 2446 	 0
1787308144055 	 24 	 200 	 2448 	 1
1787308144075 	 14 	 200 	 2448 	 0
1787308144128 	 15 	 200 	 2449 	 0
1787308144156 	 22 	 200 	 2451 	 1
1787308144175 	 23 	 200 	 2454 	 3
1787308144180 	 24 	 200 	 2454 	 2
1787308144197 	 14 	 200 	 2455 	 2
1787308144198 	 14 	 200 	 2455 	 1
1787308144208 	 17 	 200 	 2456 	 1
1787308144224 	 16 	 200 	 2458 	 2
1787308144231 	 14 	 200 	 2458 	 1
1787308144231 	 17 	 200 	 2458 	 0
1787308144275 	 38 	 200 	 2460 	 1
1787308144297 	 23 	 200 	 2460 	 0
1787308144336 	 22 	 200 	 2463 	 2
1787308144348 	 17 	 200 	 2463 	 1
1787308144346 	 19 	 200 	 2463 	 0
1787308144382 	 18 	 200 	 2466 	 2
1787308144391 	 15 	 200 	 2466 	 1
1787308144396 	 17 	 200 	 2466 	 0
1787308144432 	 15 	 200 	 2468 	 1
1787308144434 	 14 	 200 	 2468 	 0
1787308144507 	 17 	 200 	 2470 	 1
1787308144519 	 16 	 200 	 2471 	 1
1787308144530 	 21 	 200 	 2471 	 0
1787308144569 	 14 	 200 	 2472 	 0
1787308144616 	 15 	 200 	 2473 	 0
1787308144639 	 12 	 200 	 2474 	 0
1787308144669 	 14 	 200 	 2475 	 0
1787308144705 	 13 	 200 	 2477 	 1
1787308144720 	 15 	 200 	 2478 	 1
1787308144727 	 19 	 200 	 2478 	 0
1787308144755 	 16 	 200 	 2480 	 1
1787308144780 	 13 	 200 	 2482 	 2
1787308144792 	 21 	 200 	 2485 	 4
1787308144798 	 15 	 200 	 2485 	 3
1787308144812 	 14 	 200 	 2485 	 3
1787308144805 	 69 	 200 	 2492 	 8
1787308144853 	 24 	 200 	 2493 	 8
1787308144830 	 48 	 200 	 2493 	 7
1787308144827 	 51 	 200 	 2493 	 6
1787308144846 	 48 	 200 	 2494 	 6
1787308144861 	 34 	 200 	 2494 	 5
1787308144876 	 96 	 200 	 2496 	 6
1787308144920 	 55 	 200 	 2496 	 5
1787308144884 	 95 	 200 	 2497 	 5
1787308144874 	 107 	 200 	 2497 	 4
1787308144946 	 37 	 200 	 2497 	 3
1787308144978 	 50 	 200 	 2497 	 2
1787308144840 	 251 	 200 	 2499 	 3
1787308145065 	 99 	 200 	 2503 	 6
1787308145077 	 91 	 200 	 2503 	 5
1787308145097 	 75 	 200 	 2503 	 4
1787308145154 	 22 	 200 	 2503 	 3
1787308145161 	 16 	 200 	 2503 	 2
1787308145179 	 12 	 200 	 2504 	 2
1787308145133 	 93 	 200 	 2504 	 1
1787308145258 	 14 	 200 	 2506 	 2
1787308145278 	 13 	 200 	 2508 	 3
1787308145286 	 34 	 200 	 2510 	 4
1787308145317 	 54 	 200 	 2510 	 3
1787308145320 	 53 	 200 	 2510 	 2
1787308145396 	 81 	 200 	 2517 	 8
1787308145417 	 64 	 200 	 2517 	 8
1787308145458 	 59 	 200 	 2521 	 10
1787308145461 	 59 	 200 	 2521 	 9
1787308145395 	 182 	 200 	 2525 	 12
1787308145472 	 145 	 200 	 2525 	 11
1787308145483 	 139 	 200 	 2525 	 10
1787308145522 	 100 	 200 	 2525 	 9
1787308145487 	 136 	 200 	 2525 	 8
1787308145562 	 61 	 200 	 2525 	 7
1787308145547 	 119 	 200 	 2528 	 10
1787308145639 	 35 	 200 	 2530 	 10
1787308145485 	 192 	 200 	 2530 	 9
1787308145648 	 35 	 200 	 2530 	 8
1787308145504 	 267 	 200 	 2531 	 8
1787308145655 	 118 	 200 	 2531 	 7
1787308145671 	 109 	 200 	 2531 	 6
1787308145668 	 207 	 200 	 2536 	 10
1787308145860 	 18 	 200 	 2536 	 9
1787308145466 	 449 	 200 	 2538 	 10
1787308145935 	 43 	 200 	 2539 	 10
1787308145848 	 169 	 200 	 2539 	 9
1787308145860 	 157 	 200 	 2539 	 8
1787308145769 	 248 	 200 	 2539 	 7
1787308145816 	 201 	 200 	 2539 	 6
1787308145782 	 291 	 200 	 2541 	 7
1787308145915 	 177 	 200 	 2542 	 7
1787308144763 	 1353 	 200 	 2545 	 9
1787308146057 	 112 	 200 	 2547 	 10
1787308146082 	 88 	 200 	 2547 	 9
1787308146141 	 39 	 200 	 2547 	 8
1787308146067 	 152 	 200 	 2547 	 7
1787308146146 	 76 	 200 	 2547 	 6
1787308146238 	 37 	 200 	 2550 	 8
1787308146233 	 84 	 200 	 2551 	 8
1787308146240 	 77 	 200 	 2551 	 7
1787308146290 	 79 	 200 	 2552 	 7
1787308146337 	 43 	 200 	 2553 	 7
1787308146396 	 25 	 200 	 2556 	 9
1787308146115 	 356 	 200 	 2561 	 13
1787308146110 	 365 	 200 	 2561 	 12
1787308146424 	 57 	 200 	 2561 	 11
1787308146111 	 371 	 200 	 2561 	 10
1787308146428 	 54 	 200 	 2561 	 9
1787308146485 	 40 	 200 	 2563 	 10
1787308145914 	 656 	 200 	 2566 	 12
1787308146404 	 168 	 200 	 2566 	 11
1787308146372 	 206 	 200 	 2566 	 10
1787308146466 	 111 	 200 	 2566 	 9
1787308146542 	 38 	 200 	 2566 	 8
1787308146410 	 169 	 200 	 2566 	 7
1787308146544 	 40 	 200 	 2566 	 6
1787308146470 	 119 	 200 	 2566 	 5
1787308146492 	 125 	 200 	 2566 	 4
1787308146568 	 52 	 200 	 2566 	 3
1787308146453 	 175 	 200 	 2566 	 2
1787308146652 	 15 	 200 	 2567 	 2
1787308145534 	 1132 	 200 	 2567 	 1
1787308146737 	 40 	 200 	 2569 	 2
1787308146716 	 76 	 200 	 2569 	 1
1787308146818 	 14 	 200 	 2571 	 2
1787308145245 	 1593 	 200 	 2571 	 1
1787308146812 	 26 	 200 	 2571 	 0
1787308146852 	 18 	 200 	 2575 	 3
1787308146872 	 14 	 200 	 2576 	 3
1787308146880 	 16 	 200 	 2577 	 3
1787308146890 	 26 	 200 	 2577 	 2
1787308146866 	 65 	 200 	 2577 	 1
1787308146951 	 21 	 200 	 2579 	 2
1787308146861 	 125 	 200 	 2581 	 3
1787308146968 	 21 	 200 	 2581 	 2
1787308146979 	 16 	 200 	 2582 	 2
1787308146985 	 18 	 200 	 2582 	 1
1787308146991 	 14 	 200 	 2582 	 0
1787308147022 	 15 	 200 	 2585 	 2
1787308147030 	 18 	 200 	 2585 	 1
1787308147034 	 14 	 200 	 2585 	 0
1787308147065 	 19 	 200 	 2589 	 3
1787308147060 	 31 	 200 	 2590 	 3
1787308147074 	 21 	 200 	 2590 	 2
1787308147079 	 18 	 200 	 2590 	 1
1787308147087 	 14 	 200 	 2592 	 2
1787308147101 	 16 	 200 	 2592 	 1
1787308147102 	 15 	 200 	 2592 	 0
1787308147131 	 12 	 200 	 2593 	 0
1787308147154 	 12 	 200 	 2594 	 0
1787308147193 	 18 	 200 	 2596 	 1
1787308147195 	 17 	 200 	 2597 	 1
1787308147214 	 16 	 200 	 2598 	 1
1787308147219 	 13 	 200 	 2598 	 0
1787308147273 	 23 	 200 	 2599 	 0
1787308147300 	 12 	 200 	 2600 	 0
1787308147319 	 12 	 200 	 2601 	 0
1787308147339 	 16 	 200 	 2603 	 1
1787308147351 	 14 	 200 	 2603 	 0
1787308147378 	 18 	 200 	 2606 	 2
1787308147385 	 15 	 200 	 2606 	 1
1787308147397 	 18 	 200 	 2606 	 0
1787308147420 	 14 	 200 	 2608 	 1
1787308147429 	 25 	 200 	 2610 	 2
1787308147439 	 18 	 200 	 2610 	 1
1787308147449 	 16 	 200 	 2611 	 1
1787308147464 	 13 	 200 	 2611 	 0
1787308147478 	 13 	 200 	 2613 	 1
1787308147484 	 15 	 200 	 2613 	 0
1787308147503 	 13 	 200 	 2614 	 0
1787308147518 	 18 	 200 	 2615 	 0
1787308147556 	 13 	 200 	 2618 	 2
1787308147565 	 13 	 200 	 2618 	 1
1787308147568 	 12 	 200 	 2618 	 0
1787308147585 	 13 	 200 	 2620 	 1
1787308147595 	 16 	 200 	 2620 	 1
1787308147613 	 12 	 200 	 2621 	 0
1787308147633 	 16 	 200 	 2622 	 0
1787308147669 	 14 	 200 	 2623 	 0
1787308147704 	 15 	 200 	 2625 	 1
1787308147706 	 15 	 200 	 2625 	 0
1787308147735 	 15 	 200 	 2626 	 0
1787308147751 	 16 	 200 	 2629 	 2
1787308147759 	 16 	 200 	 2629 	 1
1787308147761 	 15 	 200 	 2629 	 0
1787308147783 	 14 	 200 	 2631 	 1
1787308147793 	 14 	 200 	 2631 	 0
1787308147825 	 16 	 200 	 2632 	 0
1787308147854 	 13 	 200 	 2634 	 1
1787308147858 	 17 	 200 	 2634 	 0
1787308147886 	 15 	 200 	 2636 	 1
1787308147887 	 16 	 200 	 2636 	 0
1787308147904 	 16 	 200 	 2639 	 2
1787308147910 	 20 	 200 	 2640 	 2
1787308147912 	 18 	 200 	 2640 	 1
1787308147926 	 15 	 200 	 2641 	 1
1787308147941 	 17 	 200 	 2643 	 2
1787308147950 	 13 	 200 	 2643 	 1
1787308147954 	 17 	 200 	 2643 	 0
1787308147998 	 15 	 200 	 2645 	 1
1787308148003 	 13 	 200 	 2645 	 0
1787308148027 	 14 	 200 	 2647 	 1
1787308148038 	 22 	 200 	 2647 	 0
1787308148106 	 16 	 200 	 2648 	 0
1787308148130 	 14 	 200 	 2649 	 0
1787308148148 	 14 	 200 	 2650 	 0
1787308148171 	 20 	 200 	 2653 	 2
1787308148179 	 13 	 200 	 2653 	 1
1787308148176 	 22 	 200 	 2653 	 0
1787308148230 	 14 	 200 	 2655 	 1
1787308148277 	 13 	 200 	 2656 	 1
1787308148295 	 16 	 200 	 2658 	 2
1787308148303 	 14 	 200 	 2658 	 1
1787308148363 	 21 	 200 	 2660 	 2
1787308148381 	 15 	 200 	 2661 	 2
1787308148392 	 27 	 200 	 2662 	 2
1787308148419 	 46 	 200 	 2665 	 4
1787308148423 	 53 	 200 	 2665 	 3
1787308148439 	 39 	 200 	 2665 	 2
1787308148450 	 29 	 200 	 2665 	 1
1787308148240 	 261 	 200 	 2666 	 1
1787308148491 	 15 	 200 	 2667 	 1
1787308148501 	 16 	 200 	 2668 	 1
1787308148510 	 16 	 200 	 2668 	 0
1787308148538 	 13 	 200 	 2669 	 0
1787308148597 	 13 	 200 	 2671 	 1
1787308148602 	 14 	 200 	 2671 	 0
1787308148673 	 15 	 200 	 2672 	 0
1787308148710 	 12 	 200 	 2674 	 1
1787308148709 	 17 	 200 	 2675 	 1
1787308148725 	 13 	 200 	 2676 	 1
1787308148732 	 15 	 200 	 2677 	 1
1787308148742 	 16 	 200 	 2678 	 1
1787308148749 	 16 	 200 	 2679 	 1
1787308148761 	 15 	 200 	 2681 	 2
1787308148767 	 13 	 200 	 2681 	 1
1787308148773 	 14 	 200 	 2681 	 0
1787308148803 	 12 	 200 	 2682 	 0
1787308148837 	 18 	 200 	 2686 	 3
1787308148848 	 14 	 200 	 2686 	 2
1787308148851 	 15 	 200 	 2686 	 1
1787308148854 	 15 	 200 	 2686 	 0
1787308148887 	 16 	 200 	 2690 	 3
1787308148889 	 17 	 200 	 2691 	 3
1787308148894 	 22 	 200 	 2691 	 2
1787308148894 	 22 	 200 	 2691 	 1
1787308148906 	 15 	 200 	 2691 	 0
1787308148978 	 16 	 200 	 2695 	 3
1787308148982 	 14 	 200 	 2695 	 2
1787308148983 	 18 	 200 	 2695 	 1
1787308148975 	 27 	 200 	 2695 	 0
1787308149011 	 18 	 200 	 2696 	 0
1787308149054 	 31 	 200 	 2699 	 3
1787308149072 	 25 	 200 	 2702 	 4
1787308149076 	 22 	 200 	 2702 	 3
1787308149087 	 17 	 200 	 2702 	 2
1787308149091 	 31 	 200 	 2704 	 3
1787308149091 	 33 	 200 	 2704 	 2
1787308149119 	 24 	 200 	 2706 	 3
1787308149121 	 24 	 200 	 2706 	 2
1787308149133 	 19 	 200 	 2706 	 1
1787308149131 	 26 	 200 	 2707 	 1
1787308149154 	 14 	 200 	 2707 	 0
1787308149196 	 28 	 200 	 2709 	 1
1787308149219 	 13 	 200 	 2709 	 0
1787308149242 	 12 	 200 	 2710 	 0
1787308149256 	 15 	 200 	 2712 	 1
1787308149259 	 27 	 200 	 2714 	 2
1787308149279 	 14 	 200 	 2714 	 1
1787308149282 	 13 	 200 	 2714 	 0
1787308149368 	 24 	 200 	 2715 	 0
1787308149483 	 17 	 200 	 2718 	 2
1787308149491 	 15 	 200 	 2718 	 1
1787308149500 	 14 	 200 	 2718 	 0
1787308149520 	 15 	 200 	 2719 	 0
1787308149584 	 31 	 200 	 2721 	 1
1787308149592 	 26 	 200 	 2721 	 0
1787308149634 	 14 	 200 	 2723 	 1
1787308149643 	 18 	 200 	 2723 	 0
1787308149670 	 13 	 200 	 2725 	 1
1787308149673 	 18 	 200 	 2726 	 1
1787308149685 	 13 	 200 	 2726 	 0
1787308149735 	 31 	 200 	 2729 	 2
1787308149752 	 15 	 200 	 2729 	 1
1787308149763 	 15 	 200 	 2729 	 0
1787308149782 	 14 	 200 	 2731 	 1
1787308149782 	 42 	 200 	 2732 	 1
1787308149820 	 13 	 200 	 2732 	 0
1787308149863 	 29 	 200 	 2734 	 1
1787308149886 	 16 	 200 	 2735 	 1
1787308149903 	 17 	 200 	 2737 	 2
1787308149904 	 18 	 200 	 2737 	 1
1787308149913 	 16 	 200 	 2737 	 0
1787308149940 	 16 	 200 	 2741 	 3
1787308149945 	 22 	 200 	 2741 	 2
1787308149953 	 14 	 200 	 2741 	 1
1787308149949 	 20 	 200 	 2741 	 0
1787308149998 	 18 	 200 	 2743 	 1
1787308150005 	 13 	 200 	 2743 	 0
1787308150075 	 21 	 200 	 2744 	 1
1787308150098 	 12 	 200 	 2745 	 0
1787308150111 	 13 	 200 	 2747 	 1
1787308150116 	 16 	 200 	 2747 	 0
1787308150137 	 13 	 200 	 2748 	 0
1787308150176 	 15 	 200 	 2750 	 1
1787308150188 	 13 	 200 	 2751 	 1
1787308150195 	 14 	 200 	 2751 	 0
1787308150214 	 15 	 200 	 2753 	 1
1787308150221 	 17 	 200 	 2753 	 0
1787308150263 	 15 	 200 	 2754 	 0
1787308150296 	 14 	 200 	 2756 	 1
1787308150299 	 13 	 200 	 2756 	 0
1787308150339 	 26 	 200 	 2759 	 2
1787308150355 	 15 	 200 	 2759 	 1
1787308150358 	 15 	 200 	 2759 	 0
1787308150388 	 21 	 200 	 2761 	 1
1787308150398 	 19 	 200 	 2761 	 0
1787308150429 	 16 	 200 	 2767 	 5
1787308150437 	 18 	 200 	 2767 	 4
1787308150432 	 25 	 200 	 2767 	 3
1787308150438 	 20 	 200 	 2767 	 2
1787308150442 	 18 	 200 	 2767 	 1
1787308150445 	 17 	 200 	 2767 	 0
1787308150485 	 14 	 200 	 2770 	 2
1787308150489 	 14 	 200 	 2770 	 1
1787308150496 	 13 	 200 	 2770 	 0
1787308150524 	 12 	 200 	 2771 	 0
1787308150564 	 15 	 200 	 2773 	 1
1787308150579 	 12 	 200 	 2773 	 0
1787308150603 	 15 	 200 	 2775 	 1
1787308150611 	 18 	 200 	 2776 	 1
1787308150621 	 12 	 200 	 2776 	 0
1787308150645 	 16 	 200 	 2778 	 1
1787308150652 	 12 	 200 	 2778 	 0
1787308150676 	 14 	 200 	 2781 	 2
1787308150690 	 18 	 200 	 2783 	 3
1787308150689 	 18 	 200 	 2783 	 2
1787308150696 	 21 	 200 	 2783 	 1
1787308150701 	 21 	 200 	 2783 	 0
1787308150744 	 15 	 200 	 2784 	 0
1787308150770 	 13 	 200 	 2785 	 0
1787308150802 	 14 	 200 	 2787 	 1
1787308150805 	 13 	 200 	 2787 	 0
1787308150891 	 16 	 200 	 2788 	 0
1787308150917 	 12 	 200 	 2789 	 0
1787308150938 	 13 	 200 	 2790 	 0
1787308151009 	 16 	 200 	 2792 	 1
1787308151015 	 12 	 200 	 2792 	 0
1787308151029 	 12 	 200 	 2793 	 0
1787308151052 	 12 	 200 	 2794 	 0
1787308151086 	 15 	 200 	 2795 	 0
1787308151118 	 14 	 200 	 2796 	 0
1787308151187 	 35 	 200 	 2798 	 1
1787308151197 	 30 	 200 	 2798 	 0
1787308151232 	 13 	 200 	 2800 	 1
1787308151244 	 13 	 200 	 2800 	 0
1787308151303 	 13 	 200 	 2801 	 0
1787308151343 	 14 	 200 	 2804 	 2
1787308151347 	 14 	 200 	 2805 	 2
1787308151359 	 13 	 200 	 2805 	 1
1787308151355 	 17 	 200 	 2805 	 0
1787308151383 	 12 	 200 	 2806 	 0
1787308151406 	 12 	 200 	 2807 	 0
1787308151421 	 14 	 200 	 2809 	 1
1787308151434 	 16 	 200 	 2810 	 1
1787308151443 	 15 	 200 	 2810 	 1
1787308151459 	 12 	 200 	 2811 	 0
1787308151478 	 13 	 200 	 2813 	 1
1787308151486 	 17 	 200 	 2814 	 1
1787308151499 	 17 	 200 	 2814 	 0
1787308151559 	 37 	 200 	 2816 	 1
1787308151593 	 16 	 200 	 2817 	 1
1787308151618 	 15 	 200 	 2818 	 1
1787308151606 	 31 	 200 	 2818 	 0
1787308151642 	 17 	 200 	 2819 	 0
1787308151680 	 15 	 200 	 2820 	 0
1787308151775 	 42 	 200 	 2821 	 0
1787308151848 	 34 	 200 	 2826 	 4
1787308151850 	 33 	 200 	 2826 	 3
1787308151852 	 32 	 200 	 2826 	 2
1787308151865 	 21 	 200 	 2826 	 1
1787308151895 	 15 	 200 	 2827 	 1
1787308152012 	 15 	 200 	 2828 	 1
1787308152047 	 24 	 200 	 2829 	 1
1787308152080 	 15 	 200 	 2830 	 1
1787308152137 	 36 	 200 	 2833 	 3
1787308152141 	 35 	 200 	 2833 	 2
1787308152187 	 12 	 200 	 2834 	 2
1787308152138 	 99 	 200 	 2834 	 1
1787308152246 	 26 	 200 	 2837 	 3
1787308152320 	 13 	 200 	 2839 	 4
1787308152253 	 84 	 200 	 2839 	 3
1787308152242 	 96 	 200 	 2839 	 2
1787308151878 	 463 	 200 	 2840 	 2
1787308152340 	 34 	 200 	 2844 	 5
1787308152332 	 43 	 200 	 2844 	 4
1787308152360 	 16 	 200 	 2844 	 3
1787308152352 	 30 	 200 	 2844 	 2
1787308152371 	 16 	 200 	 2844 	 1
1787308152373 	 17 	 200 	 2844 	 0
1787308152400 	 18 	 200 	 2845 	 0
1787308152425 	 12 	 200 	 2846 	 0
1787308152441 	 14 	 200 	 2848 	 1
1787308152448 	 15 	 200 	 2848 	 0
1787308152476 	 12 	 200 	 2849 	 0
1787308152493 	 15 	 200 	 2851 	 1
1787308152501 	 13 	 200 	 2852 	 1
1787308152510 	 12 	 200 	 2852 	 0
1787308152524 	 12 	 200 	 2853 	 0
1787308152568 	 25 	 200 	 2858 	 4
1787308152565 	 33 	 200 	 2859 	 4
1787308152574 	 25 	 200 	 2859 	 3
1787308152580 	 30 	 200 	 2859 	 2
1787308152583 	 30 	 200 	 2859 	 1
1787308152598 	 16 	 200 	 2859 	 0
1787308152619 	 40 	 200 	 2863 	 3
1787308152619 	 40 	 200 	 2863 	 2
1787308152616 	 46 	 200 	 2863 	 1
1787308152657 	 16 	 200 	 2863 	 0
1787308152691 	 15 	 200 	 2865 	 1
1787308152698 	 14 	 200 	 2865 	 0
1787308152714 	 14 	 200 	 2868 	 2
1787308152715 	 15 	 200 	 2868 	 1
1787308152728 	 17 	 200 	 2869 	 1
1787308152732 	 16 	 200 	 2869 	 0
1787308152757 	 13 	 200 	 2870 	 0
1787308152781 	 15 	 200 	 2872 	 1
1787308152794 	 15 	 200 	 2872 	 0
1787308152819 	 13 	 200 	 2874 	 1
1787308152825 	 17 	 200 	 2877 	 3
1787308152838 	 13 	 200 	 2877 	 2
1787308152836 	 16 	 200 	 2877 	 1
1787308152843 	 13 	 200 	 2878 	 1
1787308152853 	 13 	 200 	 2878 	 0
1787308152879 	 16 	 200 	 2879 	 0
1787308152897 	 15 	 200 	 2880 	 0
1787308152975 	 13 	 200 	 2881 	 0
1787308153015 	 16 	 200 	 2882 	 0
1787308153051 	 39 	 200 	 2886 	 3
1787308153073 	 21 	 200 	 2888 	 4
1787308153070 	 28 	 200 	 2888 	 3
1787308153094 	 15 	 200 	 2889 	 3
1787308153095 	 76 	 200 	 2893 	 6
1787308153128 	 53 	 200 	 2894 	 6
1787308153108 	 79 	 200 	 2895 	 6
1787308153139 	 52 	 200 	 2895 	 5
1787308153169 	 99 	 200 	 2897 	 6
1787308153180 	 112 	 200 	 2899 	 7
1787308153215 	 89 	 200 	 2902 	 9
1787308153290 	 103 	 200 	 2907 	 13
1787308153296 	 101 	 200 	 2907 	 12
1787308153209 	 190 	 200 	 2907 	 11
1787308153283 	 119 	 200 	 2907 	 10
1787308153185 	 218 	 200 	 2907 	 9
1787308153326 	 116 	 200 	 2908 	 9
1787308153340 	 103 	 200 	 2908 	 8
1787308153172 	 270 	 200 	 2908 	 7
1787308153361 	 133 	 200 	 2909 	 7
1787308153470 	 25 	 200 	 2909 	 6
1787308153356 	 140 	 200 	 2909 	 5
1787308153440 	 57 	 200 	 2909 	 4
1787308153301 	 203 	 200 	 2909 	 3
1787308153299 	 266 	 200 	 2912 	 5
1787308153380 	 189 	 200 	 2912 	 4
1787308153057 	 515 	 200 	 2912 	 3
1787308153509 	 64 	 200 	 2912 	 2
1787308153539 	 36 	 200 	 2913 	 2
1787308153553 	 23 	 200 	 2913 	 1
1787308153576 	 15 	 200 	 2914 	 1
1787308153590 	 13 	 200 	 2915 	 1
1787308153596 	 13 	 200 	 2915 	 0
1787308153611 	 14 	 200 	 2916 	 0
1787308153626 	 22 	 200 	 2918 	 1
1787308153637 	 16 	 200 	 2919 	 1
1787308153653 	 14 	 200 	 2919 	 0
1787308153683 	 16 	 200 	 2922 	 2
1787308153685 	 16 	 200 	 2922 	 1
1787308153670 	 32 	 200 	 2922 	 0
1787308153707 	 13 	 200 	 2924 	 1
1787308153709 	 14 	 200 	 2924 	 0
1787308153726 	 14 	 200 	 2925 	 0
1787308153775 	 21 	 200 	 2926 	 0
1787308153804 	 15 	 200 	 2928 	 1
1787308153808 	 13 	 200 	 2928 	 0
1787308153837 	 13 	 200 	 2929 	 0
1787308153870 	 20 	 200 	 2931 	 1
1787308153880 	 16 	 200 	 2932 	 1
1787308153892 	 15 	 200 	 2933 	 1
1787308153906 	 13 	 200 	 2933 	 0
1787308153964 	 15 	 200 	 2935 	 1
1787308153965 	 15 	 200 	 2935 	 0
1787308153986 	 13 	 200 	 2936 	 0
1787308154012 	 15 	 200 	 2937 	 0
1787308154041 	 29 	 200 	 2938 	 0
1787308154113 	 14 	 200 	 2940 	 1
1787308154127 	 19 	 200 	 2941 	 1
1787308154142 	 15 	 200 	 2941 	 0
1787308154188 	 16 	 200 	 2943 	 1
1787308154199 	 18 	 200 	 2943 	 0
1787308154243 	 13 	 200 	 2944 	 0
1787308154291 	 16 	 200 	 2945 	 0
1787308154310 	 13 	 200 	 2947 	 1
1787308154321 	 16 	 200 	 2948 	 2
1787308154333 	 17 	 200 	 2950 	 2
1787308154338 	 17 	 200 	 2950 	 1
1787308154351 	 13 	 200 	 2950 	 0
1787308154409 	 14 	 200 	 2951 	 0
1787308154453 	 13 	 200 	 2955 	 3
1787308154459 	 17 	 200 	 2955 	 2
1787308154464 	 18 	 200 	 2955 	 1
1787308154465 	 19 	 200 	 2955 	 0
1787308154498 	 19 	 200 	 2957 	 1
1787308154500 	 22 	 200 	 2959 	 2
1787308154520 	 17 	 200 	 2959 	 1
1787308154523 	 16 	 200 	 2959 	 0
1787308154548 	 14 	 200 	 2960 	 0
1787308154568 	 14 	 200 	 2961 	 0
1787308154631 	 16 	 200 	 2963 	 1
1787308154648 	 24 	 200 	 2963 	 0
1787308154674 	 12 	 200 	 2964 	 0
1787308154719 	 18 	 200 	 2965 	 0
1787308154796 	 18 	 200 	 2968 	 2
1787308154804 	 19 	 200 	 2968 	 1
1787308154808 	 16 	 200 	 2968 	 0
1787308154834 	 13 	 200 	 2969 	 0
1787308154857 	 12 	 200 	 2970 	 0
1787308154890 	 14 	 200 	 2973 	 2
1787308154888 	 15 	 200 	 2973 	 1
1787308154891 	 15 	 200 	 2973 	 0
1787308154921 	 14 	 200 	 2975 	 1
1787308154927 	 13 	 200 	 2975 	 0
1787308154953 	 12 	 200 	 2976 	 0
1787308154968 	 13 	 200 	 2978 	 1
1787308154968 	 13 	 200 	 2978 	 0
1787308154991 	 13 	 200 	 2979 	 0
1787308155021 	 29 	 200 	 2982 	 2
1787308155023 	 29 	 200 	 2982 	 1
1787308155028 	 24 	 200 	 2982 	 0
1787308155071 	 14 	 200 	 2985 	 2
1787308155076 	 13 	 200 	 2985 	 1
1787308155080 	 24 	 200 	 2986 	 1
1787308155092 	 14 	 200 	 2986 	 0
1787308155124 	 12 	 200 	 2988 	 1
1787308155126 	 12 	 200 	 2988 	 0
1787308155150 	 12 	 200 	 2989 	 0
1787308155233 	 37 	 200 	 2994 	 4
1787308155249 	 26 	 200 	 2994 	 3
1787308155243 	 33 	 200 	 2994 	 2
1787308155251 	 27 	 200 	 2994 	 1
1787308155270 	 23 	 200 	 2996 	 2
1787308155286 	 26 	 200 	 2997 	 2
1787308155299 	 16 	 200 	 2997 	 1
1787308155291 	 24 	 200 	 2997 	 0
1787308155328 	 15 	 200 	 2998 	 0
1787308155354 	 14 	 200 	 3000 	 1
1787308155367 	 16 	 200 	 3001 	 1
1787308155379 	 14 	 200 	 3001 	 0
1787308155400 	 19 	 200 	 3003 	 1
1787308155401 	 31 	 200 	 3003 	 0
1787308155436 	 13 	 200 	 3005 	 1
1787308155445 	 17 	 200 	 3005 	 0
1787308155470 	 16 	 200 	 3007 	 1
1787308155490 	 15 	 200 	 3009 	 2
1787308155502 	 13 	 200 	 3009 	 1
1787308155476 	 57 	 200 	 3009 	 0
1787308155541 	 19 	 200 	 3012 	 2
1787308155553 	 14 	 200 	 3012 	 1
1787308155559 	 13 	 200 	 3012 	 0
1787308155598 	 13 	 200 	 3013 	 0
1787308155646 	 15 	 200 	 3014 	 0
1787308155680 	 17 	 200 	 3016 	 1
1787308155684 	 15 	 200 	 3016 	 0
1787308155779 	 32 	 200 	 3020 	 3
1787308155777 	 34 	 200 	 3020 	 2
1787308155806 	 19 	 200 	 3021 	 2
1787308155807 	 20 	 200 	 3021 	 1
1787308155819 	 13 	 200 	 3021 	 0
1787308155861 	 28 	 200 	 3024 	 2
1787308155871 	 23 	 200 	 3024 	 1
1787308155889 	 14 	 200 	 3024 	 0
1787308155911 	 14 	 200 	 3026 	 1
1787308155923 	 23 	 200 	 3027 	 1
1787308155939 	 20 	 200 	 3028 	 1
1787308155959 	 16 	 200 	 3029 	 1
1787308155966 	 12 	 200 	 3029 	 0
1787308156023 	 38 	 200 	 3030 	 0
1787308156136 	 41 	 200 	 3032 	 1
1787308156168 	 27 	 200 	 3034 	 2
1787308156194 	 14 	 200 	 3034 	 1
1787308156184 	 23 	 200 	 3034 	 0
1787308156266 	 33 	 200 	 3036 	 1
1787308156298 	 16 	 200 	 3036 	 0
1787308156334 	 12 	 200 	 3038 	 1
1787308156347 	 13 	 200 	 3038 	 0
1787308156387 	 40 	 200 	 3040 	 1
1787308156417 	 14 	 200 	 3040 	 0
1787308156438 	 13 	 200 	 3041 	 0
1787308156455 	 12 	 200 	 3042 	 0
1787308156490 	 13 	 200 	 3043 	 0
1787308156515 	 14 	 200 	 3045 	 1
1787308156521 	 14 	 200 	 3045 	 0
1787308156544 	 18 	 200 	 3047 	 1
1787308156555 	 15 	 200 	 3047 	 0
1787308156592 	 15 	 200 	 3048 	 0
1787308156615 	 18 	 200 	 3050 	 1
1787308156626 	 15 	 200 	 3052 	 2
1787308156635 	 14 	 200 	 3052 	 1
1787308156641 	 14 	 200 	 3052 	 0
1787308156660 	 14 	 200 	 3053 	 0
1787308156689 	 16 	 200 	 3056 	 2
1787308156691 	 14 	 200 	 3056 	 1
1787308156703 	 14 	 200 	 3056 	 0
1787308156720 	 13 	 200 	 3058 	 1
1787308156726 	 16 	 200 	 3059 	 1
1787308156738 	 12 	 200 	 3059 	 0
1787308156802 	 39 	 200 	 3061 	 1
1787308156835 	 20 	 200 	 3062 	 2
1787308156847 	 16 	 200 	 3063 	 1
1787308156857 	 14 	 200 	 3064 	 1
1787308156874 	 18 	 200 	 3067 	 3
1787308156875 	 18 	 200 	 3067 	 2
1787308156870 	 25 	 200 	 3068 	 2
1787308156887 	 20 	 200 	 3068 	 1
1787308156894 	 14 	 200 	 3068 	 0
1787308156922 	 18 	 200 	 3070 	 1
1787308156936 	 13 	 200 	 3070 	 0
1787308156957 	 19 	 200 	 3071 	 0
1787308157062 	 26 	 200 	 3076 	 4
1787308157064 	 26 	 200 	 3076 	 3
1787308157067 	 25 	 200 	 3076 	 2
1787308157080 	 25 	 200 	 3077 	 2
1787308157090 	 20 	 200 	 3078 	 2
1787308157101 	 12 	 200 	 3078 	 1
1787308157107 	 14 	 200 	 3078 	 0
1787308157172 	 34 	 200 	 3083 	 4
1787308157177 	 31 	 200 	 3083 	 3
1787308157184 	 37 	 200 	 3083 	 2
1787308157201 	 23 	 200 	 3083 	 1
1787308157199 	 33 	 200 	 3083 	 0
1787308157257 	 16 	 200 	 3085 	 1
1787308157243 	 45 	 200 	 3085 	 0
1787308157292 	 20 	 200 	 3087 	 1
1787308157298 	 15 	 200 	 3087 	 0
1787308157361 	 14 	 200 	 3089 	 1
1787308157376 	 12 	 200 	 3089 	 0
1787308157408 	 16 	 200 	 3091 	 1
1787308157411 	 13 	 200 	 3091 	 0
1787308157474 	 20 	 200 	 3093 	 1
1787308157484 	 13 	 200 	 3093 	 0
1787308157508 	 15 	 200 	 3094 	 0
1787308157526 	 14 	 200 	 3097 	 2
1787308157528 	 14 	 200 	 3097 	 1
1787308157535 	 12 	 200 	 3097 	 0
1787308157557 	 17 	 200 	 3100 	 2
1787308157564 	 15 	 200 	 3100 	 1
1787308157569 	 18 	 200 	 3100 	 0
1787308157695 	 27 	 200 	 3102 	 1
1787308157713 	 17 	 200 	 3102 	 0
1787308157733 	 19 	 200 	 3104 	 1
1787308157740 	 15 	 200 	 3104 	 0
1787308157762 	 15 	 200 	 3105 	 0
1787308157790 	 16 	 200 	 3106 	 0
1787308157822 	 14 	 200 	 3108 	 1
1787308157824 	 15 	 200 	 3108 	 0
1787308157844 	 15 	 200 	 3112 	 3
1787308157847 	 16 	 200 	 3113 	 3
1787308157850 	 17 	 200 	 3113 	 2
1787308157858 	 18 	 200 	 3113 	 1
1787308157860 	 21 	 200 	 3113 	 0
1787308157939 	 14 	 200 	 3115 	 1
1787308157945 	 14 	 200 	 3115 	 0
1787308157984 	 12 	 200 	 3118 	 2
1787308157965 	 40 	 200 	 3118 	 1
1787308157974 	 33 	 200 	 3118 	 0
1787308158027 	 13 	 200 	 3119 	 0
1787308158061 	 12 	 200 	 3120 	 0
1787308158097 	 22 	 200 	 3123 	 2
1787308158102 	 21 	 200 	 3123 	 1
1787308158103 	 23 	 200 	 3123 	 0
1787308158158 	 12 	 200 	 3124 	 0
1787308158173 	 15 	 200 	 3127 	 2
1787308158173 	 19 	 200 	 3127 	 1
1787308158180 	 15 	 200 	 3127 	 0
1787308158213 	 16 	 200 	 3128 	 0
1787308158248 	 17 	 200 	 3130 	 2
1787308158259 	 14 	 200 	 3132 	 2
1787308158268 	 15 	 200 	 3132 	 1
1787308158269 	 15 	 200 	 3132 	 0
1787308158341 	 13 	 200 	 3133 	 0
1787308158390 	 15 	 200 	 3136 	 2
1787308158398 	 15 	 200 	 3137 	 2
1787308158366 	 53 	 200 	 3137 	 1
1787308158409 	 19 	 200 	 3139 	 2
1787308158422 	 20 	 200 	 3139 	 1
1787308158424 	 20 	 200 	 3139 	 0
1787308158446 	 23 	 200 	 3140 	 0
1787308158478 	 16 	 200 	 3142 	 1
1787308158479 	 17 	 200 	 3143 	 1
1787308158496 	 14 	 200 	 3143 	 0
1787308158552 	 25 	 200 	 3146 	 2
1787308158549 	 28 	 200 	 3146 	 1
1787308158578 	 12 	 200 	 3146 	 1
1787308158608 	 14 	 200 	 3149 	 2
1787308158612 	 12 	 200 	 3149 	 1
1787308158631 	 13 	 200 	 3150 	 1
1787308158593 	 73 	 200 	 3150 	 0
1787308158679 	 17 	 200 	 3153 	 2
1787308158682 	 16 	 200 	 3153 	 1
1787308158688 	 13 	 200 	 3153 	 0
1787308158753 	 29 	 200 	 3156 	 2
1787308158761 	 26 	 200 	 3158 	 3
1787308158768 	 23 	 200 	 3158 	 2
1787308158786 	 15 	 200 	 3158 	 1
1787308158788 	 17 	 200 	 3158 	 0
1787308158819 	 15 	 200 	 3160 	 1
1787308158823 	 26 	 200 	 3161 	 1
1787308158845 	 13 	 200 	 3162 	 1
1787308158857 	 13 	 200 	 3164 	 2
1787308158865 	 17 	 200 	 3165 	 2
1787308158870 	 16 	 200 	 3165 	 1
1787308158882 	 21 	 200 	 3166 	 1
1787308158891 	 15 	 200 	 3166 	 0
1787308158908 	 15 	 200 	 3167 	 0
1787308158942 	 15 	 200 	 3169 	 1
1787308158946 	 14 	 200 	 3169 	 0
1787308158963 	 12 	 200 	 3170 	 0
1787308158980 	 14 	 200 	 3171 	 0
1787308158995 	 14 	 200 	 3172 	 0
1787308159016 	 18 	 200 	 3176 	 3
1787308159016 	 22 	 200 	 3176 	 2
1787308159017 	 21 	 200 	 3176 	 1
1787308159025 	 14 	 200 	 3176 	 0
1787308159051 	 12 	 200 	 3177 	 0
1787308159067 	 12 	 200 	 3180 	 2
1787308159077 	 17 	 200 	 3181 	 2
1787308159080 	 16 	 200 	 3181 	 1
1787308159090 	 14 	 200 	 3181 	 0
1787308159120 	 16 	 200 	 3184 	 2
1787308159124 	 18 	 200 	 3184 	 1
1787308159131 	 12 	 200 	 3184 	 0
1787308159154 	 12 	 200 	 3186 	 1
1787308159164 	 12 	 200 	 3186 	 0
1787308159182 	 17 	 200 	 3188 	 1
1787308159181 	 21 	 200 	 3188 	 0
1787308159203 	 13 	 200 	 3189 	 0
1787308159244 	 22 	 200 	 3192 	 2
1787308159249 	 23 	 200 	 3192 	 1
1787308159267 	 15 	 200 	 3193 	 1
1787308159282 	 17 	 200 	 3193 	 0
1787308159318 	 22 	 200 	 3196 	 2
1787308159317 	 24 	 200 	 3196 	 1
1787308159325 	 19 	 200 	 3196 	 0
1787308159371 	 14 	 200 	 3199 	 2
1787308159374 	 17 	 200 	 3199 	 2
1787308159383 	 13 	 200 	 3201 	 2
1787308159392 	 24 	 200 	 3204 	 4
1787308159397 	 19 	 200 	 3204 	 3
1787308159400 	 23 	 200 	 3204 	 2
1787308159402 	 24 	 200 	 3204 	 1
1787308159407 	 22 	 200 	 3204 	 1
1787308159430 	 13 	 200 	 3207 	 2
1787308159435 	 20 	 200 	 3207 	 1
1787308159442 	 16 	 200 	 3207 	 0
1787308159464 	 12 	 200 	 3208 	 0
1787308159500 	 22 	 200 	 3209 	 0
1787308159526 	 11 	 200 	 3210 	 0
1787308159550 	 16 	 200 	 3212 	 1
1787308159556 	 14 	 200 	 3212 	 0
1787308159591 	 14 	 200 	 3216 	 3
1787308159592 	 16 	 200 	 3217 	 3
1787308159597 	 15 	 200 	 3217 	 2
1787308159603 	 19 	 200 	 3217 	 1
1787308159608 	 17 	 200 	 3218 	 1
1787308159625 	 19 	 200 	 3218 	 0
1787308159647 	 17 	 200 	 3220 	 1
1787308159647 	 18 	 200 	 3220 	 0
1787308159706 	 14 	 200 	 3222 	 1
1787308159704 	 18 	 200 	 3222 	 0
1787308159742 	 15 	 200 	 3223 	 0
1787308159762 	 14 	 200 	 3224 	 0
1787308159785 	 12 	 200 	 3225 	 0
1787308159813 	 15 	 200 	 3227 	 1
1787308159824 	 15 	 200 	 3227 	 0
1787308159862 	 44 	 200 	 3230 	 2
1787308159891 	 27 	 200 	 3233 	 4
1787308159898 	 25 	 200 	 3233 	 3
1787308159913 	 18 	 200 	 3233 	 2
1787308159916 	 18 	 200 	 3233 	 1
1787308159914 	 21 	 200 	 3233 	 0
1787308159941 	 22 	 200 	 3236 	 2
1787308159953 	 17 	 200 	 3236 	 1
1787308159963 	 13 	 200 	 3236 	 0
1787308159983 	 18 	 200 	 3238 	 1
1787308159994 	 21 	 200 	 3240 	 2
1787308160004 	 16 	 200 	 3240 	 1
1787308160008 	 13 	 200 	 3240 	 0
1787308160063 	 38 	 200 	 3242 	 1
1787308160102 	 13 	 200 	 3242 	 0
1787308160169 	 15 	 200 	 3244 	 1
1787308160176 	 17 	 200 	 3244 	 0
1787308160269 	 13 	 200 	 3246 	 1
1787308160281 	 17 	 200 	 3248 	 2
1787308160286 	 13 	 200 	 3248 	 1
1787308160296 	 15 	 200 	 3249 	 1
1787308160307 	 17 	 200 	 3250 	 1
1787308160316 	 15 	 200 	 3251 	 1
1787308160330 	 13 	 200 	 3252 	 1
1787308160337 	 18 	 200 	 3253 	 1
1787308160355 	 14 	 200 	 3254 	 1
1787308160357 	 14 	 200 	 3254 	 1
1787308160373 	 20 	 200 	 3256 	 1
1787308160388 	 15 	 200 	 3256 	 0
1787308160459 	 14 	 200 	 3260 	 3
1787308160464 	 24 	 200 	 3262 	 4
1787308160473 	 18 	 200 	 3262 	 3
1787308160477 	 17 	 200 	 3262 	 2
1787308160470 	 25 	 200 	 3262 	 1
1787308160486 	 18 	 200 	 3262 	 0
1787308160517 	 18 	 200 	 3265 	 2
1787308160525 	 13 	 200 	 3265 	 1
1787308160529 	 32 	 200 	 3265 	 0
1787308160586 	 16 	 200 	 3269 	 3
1787308160584 	 22 	 200 	 3270 	 3
1787308160592 	 16 	 200 	 3270 	 2
1787308160598 	 14 	 200 	 3270 	 1
1787308160605 	 15 	 200 	 3270 	 0
1787308160632 	 20 	 200 	 3272 	 1
1787308160645 	 17 	 200 	 3273 	 1
1787308160656 	 17 	 200 	 3273 	 0
1787308160729 	 32 	 200 	 3275 	 1
1787308160757 	 24 	 200 	 3275 	 0
1787308160834 	 17 	 200 	 3276 	 0
1787308160921 	 13 	 200 	 3277 	 0
1787308160943 	 18 	 200 	 3279 	 1
1787308160958 	 16 	 200 	 3280 	 1
1787308160966 	 14 	 200 	 3280 	 0
1787308160989 	 16 	 200 	 3283 	 2
1787308160992 	 14 	 200 	 3283 	 1
1787308161000 	 15 	 200 	 3283 	 0
1787308161026 	 17 	 200 	 3284 	 0
1787308161056 	 13 	 200 	 3285 	 0
1787308161073 	 12 	 200 	 3286 	 0
1787308161123 	 17 	 200 	 3290 	 3
1787308161120 	 38 	 200 	 3290 	 2
1787308161135 	 39 	 200 	 3290 	 1
1787308161139 	 40 	 200 	 3290 	 0
1787308161227 	 15 	 200 	 3292 	 1
1787308161226 	 17 	 200 	 3292 	 0
1787308161264 	 14 	 200 	 3295 	 2
1787308161265 	 15 	 200 	 3295 	 1
1787308161276 	 17 	 200 	 3296 	 1
1787308161289 	 17 	 200 	 3296 	 0
1787308161329 	 16 	 200 	 3299 	 2
1787308161341 	 17 	 200 	 3300 	 2
1787308161345 	 14 	 200 	 3300 	 1
1787308161354 	 15 	 200 	 3300 	 0
1787308161378 	 14 	 200 	 3302 	 1
1787308161380 	 14 	 200 	 3302 	 0
1787308161403 	 13 	 200 	 3304 	 1
1787308161415 	 15 	 200 	 3304 	 0
1787308161455 	 13 	 200 	 3305 	 0
1787308161525 	 13 	 200 	 3307 	 1
1787308161530 	 16 	 200 	 3307 	 0
1787308161550 	 19 	 200 	 3310 	 2
1787308161554 	 17 	 200 	 3310 	 1
1787308161578 	 12 	 200 	 3311 	 1
1787308161552 	 44 	 200 	 3311 	 0
1787308161618 	 14 	 200 	 3314 	 2
1787308161618 	 15 	 200 	 3314 	 1
1787308161626 	 13 	 200 	 3314 	 0
1787308161646 	 18 	 200 	 3315 	 0
1787308161687 	 17 	 200 	 3316 	 0
1787308161744 	 14 	 200 	 3319 	 2
1787308161760 	 13 	 200 	 3320 	 2
1787308161758 	 16 	 200 	 3320 	 1
1787308161763 	 17 	 200 	 3320 	 0
1787308161822 	 13 	 200 	 3321 	 0
1787308161865 	 14 	 200 	 3323 	 1
1787308161876 	 13 	 200 	 3324 	 1
1787308161889 	 12 	 200 	 3324 	 0
1787308161904 	 16 	 200 	 3326 	 1
1787308161916 	 14 	 200 	 3326 	 0
1787308161968 	 14 	 200 	 3328 	 1
1787308161981 	 14 	 200 	 3329 	 1
1787308161994 	 13 	 200 	 3330 	 1
1787308161996 	 15 	 200 	 3330 	 0
1787308162030 	 32 	 200 	 3331 	 0
1787308162064 	 21 	 200 	 3332 	 0
1787308162107 	 25 	 200 	 3335 	 2
1787308162120 	 15 	 200 	 3335 	 1
1787308162113 	 23 	 200 	 3335 	 0
1787308162155 	 13 	 200 	 3336 	 0
1787308162184 	 13 	 200 	 3337 	 0
1787308162204 	 13 	 200 	 3340 	 2
1787308162200 	 18 	 200 	 3340 	 1
1787308162217 	 16 	 200 	 3340 	 0
1787308162238 	 13 	 200 	 3341 	 0
1787308162271 	 14 	 200 	 3342 	 0
1787308162296 	 16 	 200 	 3343 	 0
1787308162347 	 14 	 200 	 3344 	 0
1787308162402 	 16 	 200 	 3345 	 0
1787308162442 	 17 	 200 	 3347 	 1
1787308162458 	 19 	 200 	 3348 	 1
1787308162463 	 14 	 200 	 3348 	 0
1787308162533 	 16 	 200 	 3351 	 2
1787308162540 	 16 	 200 	 3352 	 2
1787308162548 	 17 	 200 	 3353 	 2
1787308162553 	 17 	 200 	 3353 	 1
1787308162567 	 16 	 200 	 3354 	 1
1787308162574 	 14 	 200 	 3354 	 0
1787308162591 	 12 	 200 	 3355 	 0
1787308162625 	 15 	 200 	 3357 	 1
1787308162635 	 12 	 200 	 3357 	 0
1787308162654 	 15 	 200 	 3359 	 1
1787308162658 	 12 	 200 	 3359 	 0
1787308162688 	 13 	 200 	 3360 	 0
1787308162727 	 16 	 200 	 3361 	 0
1787308162749 	 13 	 200 	 3362 	 0
1787308162807 	 16 	 200 	 3365 	 2
1787308162815 	 15 	 200 	 3365 	 1
1787308162825 	 15 	 200 	 3366 	 1
1787308162832 	 12 	 200 	 3366 	 0
1787308162872 	 15 	 200 	 3367 	 0
1787308162911 	 15 	 200 	 3371 	 3
1787308162917 	 15 	 200 	 3371 	 2
1787308162921 	 15 	 200 	 3371 	 1
1787308162920 	 25 	 200 	 3371 	 0
1787308162951 	 18 	 200 	 3375 	 3
1787308162963 	 13 	 200 	 3375 	 2
1787308162953 	 25 	 200 	 3375 	 1
1787308162952 	 29 	 200 	 3375 	 0
1787308163062 	 24 	 200 	 3379 	 3
1787308163072 	 17 	 200 	 3379 	 2
1787308163066 	 24 	 200 	 3379 	 1
1787308163064 	 26 	 200 	 3379 	 0
1787308163093 	 19 	 200 	 3382 	 2
1787308163092 	 20 	 200 	 3382 	 1
1787308163095 	 18 	 200 	 3382 	 0
1787308163118 	 14 	 200 	 3384 	 1
1787308163125 	 11 	 200 	 3384 	 0
1787308163139 	 14 	 200 	 3385 	 0
1787308163182 	 13 	 200 	 3386 	 0
1787308163218 	 13 	 200 	 3387 	 0
1787308163239 	 15 	 200 	 3388 	 0
1787308163264 	 14 	 200 	 3389 	 0
1787308163288 	 22 	 200 	 3395 	 5
1787308163290 	 23 	 200 	 3396 	 5
1787308163292 	 21 	 200 	 3396 	 4
1787308163295 	 22 	 200 	 3396 	 3
1787308163292 	 25 	 200 	 3396 	 2
1787308163305 	 17 	 200 	 3397 	 2
1787308163312 	 15 	 200 	 3398 	 2
1787308163320 	 15 	 200 	 3398 	 1
1787308163327 	 14 	 200 	 3398 	 0
1787308163378 	 15 	 200 	 3401 	 2
1787308163388 	 19 	 200 	 3403 	 3
1787308163390 	 19 	 200 	 3403 	 2
1787308163394 	 17 	 200 	 3403 	 1
1787308163400 	 14 	 200 	 3403 	 0
1787308163431 	 16 	 200 	 3406 	 2
1787308163433 	 28 	 200 	 3409 	 4
1787308163435 	 29 	 200 	 3409 	 3
1787308163454 	 14 	 200 	 3409 	 2
1787308163455 	 17 	 200 	 3410 	 2
1787308163461 	 15 	 200 	 3410 	 1
1787308163470 	 17 	 200 	 3411 	 1
1787308163485 	 21 	 200 	 3412 	 1
1787308163495 	 14 	 200 	 3412 	 0
1787308163527 	 15 	 200 	 3413 	 0
1787308163560 	 13 	 200 	 3414 	 0
1787308163589 	 16 	 200 	 3415 	 0
1787308163637 	 13 	 200 	 3417 	 1
1787308163630 	 27 	 200 	 3417 	 0
1787308163681 	 15 	 200 	 3420 	 2
1787308163683 	 15 	 200 	 3420 	 1
1787308163685 	 32 	 200 	 3423 	 3
1787308163708 	 19 	 200 	 3424 	 3
1787308163711 	 16 	 200 	 3424 	 2
1787308163713 	 17 	 200 	 3424 	 1
1787308163718 	 20 	 200 	 3424 	 0
1787308163778 	 19 	 200 	 3425 	 0
1787308163849 	 14 	 200 	 3426 	 0
1787308163880 	 15 	 200 	 3428 	 1
1787308163891 	 13 	 200 	 3430 	 2
1787308163899 	 16 	 200 	 3430 	 1
1787308163904 	 15 	 200 	 3430 	 0
1787308163943 	 14 	 200 	 3431 	 0
1787308163966 	 14 	 200 	 3433 	 1
1787308163979 	 13 	 200 	 3434 	 1
1787308163985 	 17 	 200 	 3435 	 1
1787308163997 	 14 	 200 	 3438 	 3
1787308164004 	 14 	 200 	 3438 	 2
1787308164007 	 18 	 200 	 3438 	 1
1787308164006 	 21 	 200 	 3438 	 0
1787308164038 	 20 	 200 	 3440 	 1
1787308164057 	 18 	 200 	 3441 	 1
1787308164071 	 17 	 200 	 3442 	 1
1787308164076 	 14 	 200 	 3442 	 0
1787308164118 	 19 	 200 	 3444 	 1
1787308164128 	 11 	 200 	 3444 	 0
1787308164143 	 28 	 200 	 3445 	 0
1787308164216 	 31 	 200 	 3448 	 2
1787308164224 	 29 	 200 	 3448 	 1
1787308164216 	 37 	 200 	 3448 	 0
1787308164271 	 13 	 200 	 3450 	 1
1787308164265 	 23 	 200 	 3450 	 0
1787308164320 	 18 	 200 	 3452 	 1
1787308164325 	 20 	 200 	 3452 	 0
1787308164440 	 19 	 200 	 3453 	 0
1787308164503 	 14 	 200 	 3454 	 0
1787308164520 	 13 	 200 	 3455 	 0
1787308164595 	 27 	 200 	 3457 	 1
1787308164617 	 14 	 200 	 3458 	 1
1787308164623 	 14 	 200 	 3458 	 0
1787308164660 	 15 	 200 	 3460 	 1
1787308164660 	 18 	 200 	 3461 	 1
1787308164677 	 14 	 200 	 3464 	 3
1787308164682 	 15 	 200 	 3464 	 2
1787308164683 	 17 	 200 	 3464 	 1
1787308164687 	 15 	 200 	 3464 	 0
1787308164728 	 14 	 200 	 3467 	 2
1787308164730 	 14 	 200 	 3467 	 1
1787308164734 	 14 	 200 	 3467 	 0
1787308164759 	 19 	 200 	 3469 	 1
1787308164777 	 14 	 200 	 3469 	 0
1787308164810 	 13 	 200 	 3471 	 1
1787308164819 	 13 	 200 	 3471 	 0
1787308164842 	 13 	 200 	 3472 	 0
1787308164872 	 13 	 200 	 3475 	 2
1787308164876 	 12 	 200 	 3476 	 2
1787308164884 	 16 	 200 	 3476 	 1
1787308164887 	 14 	 200 	 3476 	 0
1787308164930 	 15 	 200 	 3479 	 2
1787308164934 	 14 	 200 	 3479 	 1
1787308164943 	 14 	 200 	 3479 	 0
1787308164977 	 18 	 200 	 3481 	 1
1787308164981 	 16 	 200 	 3481 	 0
1787308165000 	 13 	 200 	 3482 	 0
1787308165018 	 15 	 200 	 3484 	 1
1787308165018 	 15 	 200 	 3484 	 0
1787308165083 	 32 	 200 	 3488 	 3
1787308165085 	 33 	 200 	 3488 	 2
1787308165106 	 18 	 200 	 3488 	 1
1787308165114 	 14 	 200 	 3488 	 0
1787308165169 	 18 	 200 	 3491 	 2
1787308165178 	 14 	 200 	 3491 	 1
1787308165186 	 16 	 200 	 3491 	 0
1787308165233 	 33 	 200 	 3493 	 1
1787308165245 	 23 	 200 	 3493 	 0
1787308165316 	 13 	 200 	 3495 	 1
1787308165321 	 17 	 200 	 3495 	 0
1787308165349 	 13 	 200 	 3498 	 2
1787308165354 	 15 	 200 	 3498 	 1
1787308165360 	 13 	 200 	 3498 	 0
1787308165400 	 14 	 200 	 3500 	 1
1787308165411 	 17 	 200 	 3501 	 1
1787308165425 	 21 	 200 	 3503 	 2
1787308165443 	 12 	 200 	 3503 	 1
1787308165439 	 27 	 200 	 3504 	 1
1787308165461 	 15 	 200 	 3504 	 0
1787308165500 	 14 	 200 	 3505 	 0
1787308165533 	 13 	 200 	 3506 	 0
1787308165558 	 14 	 200 	 3508 	 1
1787308165556 	 21 	 200 	 3508 	 0
1787308165588 	 16 	 200 	 3510 	 1
1787308165594 	 22 	 200 	 3511 	 1
1787308165606 	 22 	 200 	 3512 	 1
1787308165623 	 15 	 200 	 3512 	 0
1787308165644 	 13 	 200 	 3513 	 0
1787308165669 	 12 	 200 	 3514 	 0
1787308165683 	 14 	 200 	 3515 	 0
1787308165716 	 16 	 200 	 3516 	 0
1787308165765 	 18 	 200 	 3517 	 0
1787308165787 	 16 	 200 	 3519 	 1
1787308165801 	 14 	 200 	 3520 	 1
1787308165811 	 14 	 200 	 3520 	 0
1787308165839 	 15 	 200 	 3522 	 1
1787308165839 	 18 	 200 	 3522 	 0
1787308165872 	 19 	 200 	 3526 	 3
1787308165872 	 22 	 200 	 3527 	 3
1787308165882 	 16 	 200 	 3527 	 2
1787308165888 	 14 	 200 	 3527 	 1
1787308165894 	 18 	 200 	 3528 	 1
1787308165907 	 15 	 200 	 3528 	 0
1787308165960 	 27 	 200 	 3529 	 0
1787308165997 	 12 	 200 	 3530 	 0
1787308166015 	 15 	 200 	 3533 	 2
1787308166026 	 12 	 200 	 3533 	 1
1787308166029 	 20 	 200 	 3535 	 2
1787308166041 	 13 	 200 	 3535 	 1
1787308166044 	 14 	 200 	 3535 	 0
1787308166082 	 26 	 200 	 3537 	 1
1787308166078 	 30 	 200 	 3537 	 0
1787308166113 	 16 	 200 	 3540 	 2
1787308166113 	 17 	 200 	 3540 	 1
1787308166121 	 16 	 200 	 3540 	 0
1787308166153 	 15 	 200 	 3542 	 1
1787308166186 	 12 	 200 	 3543 	 1
1787308166203 	 17 	 200 	 3544 	 1
1787308166235 	 37 	 200 	 3546 	 2
1787308166257 	 17 	 200 	 3546 	 1
1787308166278 	 14 	 200 	 3549 	 3
1787308166287 	 38 	 200 	 3549 	 2
1787308166291 	 35 	 200 	 3549 	 1
1787308166335 	 36 	 200 	 3551 	 2
1787308166144 	 228 	 200 	 3551 	 1
1787308166341 	 38 	 200 	 3551 	 0
1787308166401 	 13 	 200 	 3554 	 2
1787308166411 	 15 	 200 	 3554 	 1
1787308166414 	 13 	 200 	 3554 	 0
1787308166442 	 14 	 200 	 3556 	 1
1787308166448 	 16 	 200 	 3556 	 0
1787308166497 	 15 	 200 	 3558 	 1
1787308166509 	 13 	 200 	 3558 	 0
1787308166577 	 19 	 200 	 3561 	 2
1787308166580 	 19 	 200 	 3561 	 1
1787308166591 	 17 	 200 	 3561 	 0
1787308166616 	 12 	 200 	 3562 	 0
1787308166650 	 18 	 200 	 3565 	 2
1787308166654 	 16 	 200 	 3565 	 1
1787308166657 	 14 	 200 	 3565 	 0
1787308166680 	 13 	 200 	 3566 	 0
1787308166721 	 15 	 200 	 3568 	 1
1787308166730 	 15 	 200 	 3568 	 0
1787308166760 	 15 	 200 	 3570 	 1
1787308166761 	 16 	 200 	 3570 	 1
1787308166778 	 15 	 200 	 3571 	 0
1787308166802 	 17 	 200 	 3573 	 1
1787308166802 	 18 	 200 	 3573 	 0
1787308166837 	 20 	 200 	 3576 	 2
1787308166839 	 22 	 200 	 3577 	 2
1787308166849 	 14 	 200 	 3577 	 1
1787308166861 	 13 	 200 	 3577 	 0
1787308166877 	 20 	 200 	 3578 	 0
1787308166904 	 15 	 200 	 3579 	 0
1787308166930 	 17 	 200 	 3584 	 4
1787308166926 	 31 	 200 	 3585 	 4
1787308166940 	 18 	 200 	 3585 	 3
1787308166945 	 18 	 200 	 3585 	 2
1787308166947 	 19 	 200 	 3585 	 1
1787308166954 	 16 	 200 	 3585 	 0
1787308166981 	 13 	 200 	 3587 	 1
1787308166989 	 15 	 200 	 3588 	 1
1787308167001 	 12 	 200 	 3588 	 0
1787308167055 	 31 	 200 	 3589 	 0
1787308167110 	 34 	 200 	 3592 	 2
1787308167123 	 29 	 200 	 3592 	 1
1787308167144 	 15 	 200 	 3592 	 0
1787308167183 	 14 	 200 	 3593 	 0
1787308167256 	 30 	 200 	 3595 	 1
1787308167259 	 34 	 200 	 3595 	 0
1787308167296 	 15 	 200 	 3598 	 2
1787308167302 	 16 	 200 	 3598 	 1
1787308167311 	 18 	 200 	 3599 	 1
1787308167324 	 19 	 200 	 3599 	 0
1787308167344 	 15 	 200 	 3600 	 0
1787308167374 	 14 	 200 	 3602 	 1
1787308167381 	 18 	 200 	 3603 	 1
1787308167394 	 16 	 200 	 3606 	 3
1787308167406 	 16 	 200 	 3606 	 2
1787308167408 	 14 	 200 	 3606 	 1
1787308167408 	 19 	 200 	 3606 	 0
1787308167428 	 14 	 200 	 3608 	 1
1787308167431 	 16 	 200 	 3608 	 0
1787308167509 	 14 	 200 	 3609 	 0
1787308167545 	 17 	 200 	 3611 	 1
1787308167551 	 15 	 200 	 3612 	 1
1787308167566 	 13 	 200 	 3612 	 0
1787308167584 	 12 	 200 	 3613 	 0
1787308167607 	 15 	 200 	 3615 	 1
1787308167612 	 13 	 200 	 3615 	 0
1787308167632 	 12 	 200 	 3616 	 0
1787308167653 	 12 	 200 	 3617 	 0
1787308167676 	 18 	 200 	 3619 	 1
1787308167681 	 13 	 200 	 3619 	 0
1787308167731 	 16 	 200 	 3620 	 0
1787308167767 	 15 	 200 	 3623 	 2
1787308167777 	 14 	 200 	 3624 	 2
1787308167779 	 17 	 200 	 3624 	 1
1787308167789 	 15 	 200 	 3624 	 0
1787308167814 	 13 	 200 	 3626 	 1
1787308167821 	 13 	 200 	 3626 	 0
1787308167836 	 13 	 200 	 3627 	 0
1787308167856 	 15 	 200 	 3628 	 0
1787308167877 	 14 	 200 	 3629 	 0
1787308167932 	 13 	 200 	 3631 	 1
1787308167937 	 15 	 200 	 3631 	 0
1787308167961 	 15 	 200 	 3634 	 2
1787308167965 	 13 	 200 	 3634 	 1
1787308167965 	 14 	 200 	 3634 	 0
1787308167999 	 18 	 200 	 3635 	 0
1787308168048 	 34 	 200 	 3637 	 1
1787308168054 	 27 	 200 	 3637 	 0
1787308168176 	 15 	 200 	 3638 	 0
1787308168301 	 14 	 200 	 3641 	 2
1787308168308 	 15 	 200 	 3641 	 1
1787308168315 	 14 	 200 	 3641 	 0
1787308168333 	 12 	 200 	 3642 	 0
1787308168379 	 13 	 200 	 3644 	 1
1787308168378 	 14 	 200 	 3644 	 0
1787308168455 	 13 	 200 	 3647 	 2
1787308168458 	 16 	 200 	 3647 	 1
1787308168469 	 14 	 200 	 3647 	 0
1787308168494 	 19 	 200 	 3648 	 0
1787308168533 	 12 	 200 	 3649 	 0
1787308168548 	 13 	 200 	 3651 	 1
1787308168549 	 15 	 200 	 3651 	 0
1787308168579 	 12 	 200 	 3652 	 0
1787308168601 	 13 	 200 	 3654 	 1
1787308168604 	 14 	 200 	 3654 	 0
1787308168623 	 12 	 200 	 3655 	 0
1787308168637 	 14 	 200 	 3657 	 1
1787308168644 	 14 	 200 	 3657 	 0
1787308168661 	 13 	 200 	 3658 	 0
1787308168719 	 17 	 200 	 3663 	 4
1787308168721 	 15 	 200 	 3663 	 3
1787308168715 	 22 	 200 	 3663 	 2
1787308168720 	 20 	 200 	 3663 	 1
1787308168734 	 15 	 200 	 3664 	 1
1787308168749 	 20 	 200 	 3666 	 2
1787308168750 	 19 	 200 	 3666 	 1
1787308168762 	 18 	 200 	 3667 	 1
1787308168774 	 16 	 200 	 3668 	 1
1787308168788 	 17 	 200 	 3668 	 0
1787308168812 	 13 	 200 	 3670 	 1
1787308168819 	 13 	 200 	 3670 	 0
1787308168849 	 18 	 200 	 3673 	 2
1787308168859 	 13 	 200 	 3673 	 1
1787308168867 	 14 	 200 	 3673 	 0
1787308168893 	 20 	 200 	 3675 	 1
1787308168903 	 13 	 200 	 3676 	 1
1787308168916 	 24 	 200 	 3676 	 0
1787308168949 	 17 	 200 	 3679 	 2
1787308168954 	 14 	 200 	 3679 	 1
1787308168965 	 22 	 200 	 3679 	 0
1787308169040 	 16 	 200 	 3681 	 1
1787308169053 	 14 	 200 	 3681 	 0
1787308169076 	 12 	 200 	 3682 	 0
1787308169100 	 16 	 200 	 3685 	 2
1787308169101 	 18 	 200 	 3685 	 1
1787308169113 	 13 	 200 	 3685 	 0
1787308169138 	 12 	 200 	 3686 	 0
1787308169156 	 13 	 200 	 3688 	 1
1787308169165 	 17 	 200 	 3688 	 0
1787308169189 	 22 	 200 	 3692 	 3
1787308169203 	 14 	 200 	 3692 	 2
1787308169206 	 13 	 200 	 3692 	 1
1787308169211 	 23 	 200 	 3693 	 1
1787308169223 	 15 	 200 	 3695 	 2
1787308169236 	 14 	 200 	 3695 	 2
1787308169237 	 14 	 200 	 3696 	 1
1787308169251 	 14 	 200 	 3697 	 1
1787308169264 	 20 	 200 	 3698 	 1
1787308169280 	 15 	 200 	 3698 	 0
1787308169305 	 14 	 200 	 3700 	 1
1787308169316 	 14 	 200 	 3700 	 0
1787308169361 	 15 	 200 	 3701 	 0
1787308169397 	 21 	 200 	 3704 	 2
1787308169408 	 16 	 200 	 3704 	 1
1787308169407 	 21 	 200 	 3704 	 0
1787308169434 	 17 	 200 	 3708 	 3
1787308169434 	 17 	 200 	 3708 	 2
1787308169438 	 18 	 200 	 3709 	 2
1787308169447 	 17 	 200 	 3711 	 3
1787308169459 	 15 	 200 	 3712 	 3
1787308169464 	 22 	 200 	 3712 	 2
1787308169466 	 20 	 200 	 3712 	 1
1787308169503 	 18 	 200 	 3713 	 1
1787308169526 	 12 	 200 	 3714 	 1
1787308169558 	 15 	 200 	 3718 	 4
1787308169542 	 31 	 200 	 3718 	 3
1787308169456 	 120 	 200 	 3719 	 3
1787308169554 	 22 	 200 	 3719 	 2
1787308169547 	 30 	 200 	 3719 	 1
1787308169575 	 15 	 200 	 3720 	 1
1787308169591 	 13 	 200 	 3720 	 0
1787308169609 	 15 	 200 	 3722 	 1
1787308169612 	 15 	 200 	 3723 	 1
1787308169626 	 15 	 200 	 3724 	 1
1787308169641 	 16 	 200 	 3725 	 1
1787308169652 	 15 	 200 	 3725 	 0
1787308169684 	 13 	 200 	 3726 	 0
1787308169746 	 17 	 200 	 3728 	 1
1787308169758 	 13 	 200 	 3728 	 0
1787308169779 	 14 	 200 	 3729 	 0
1787308169838 	 16 	 200 	 3731 	 1
1787308169854 	 13 	 200 	 3731 	 0
1787308169888 	 15 	 200 	 3734 	 2
1787308169887 	 16 	 200 	 3734 	 1
1787308169896 	 14 	 200 	 3734 	 0
1787308169932 	 18 	 200 	 3736 	 1
1787308169949 	 16 	 200 	 3737 	 1
1787308169965 	 13 	 200 	 3738 	 1
1787308169971 	 16 	 200 	 3738 	 0
1787308170058 	 16 	 200 	 3740 	 1
1787308170055 	 23 	 200 	 3740 	 0
1787308170110 	 15 	 200 	 3744 	 3
1787308170108 	 21 	 200 	 3744 	 2
1787308170106 	 25 	 200 	 3744 	 1
1787308170118 	 15 	 200 	 3744 	 0
1787308170136 	 13 	 200 	 3746 	 1
1787308170137 	 12 	 200 	 3746 	 0
1787308170163 	 15 	 200 	 3748 	 1
1787308170173 	 16 	 200 	 3750 	 2
1787308170182 	 28 	 200 	 3753 	 4
1787308170183 	 28 	 200 	 3753 	 3
1787308170205 	 20 	 200 	 3755 	 4
1787308170209 	 22 	 200 	 3756 	 4
1787308170209 	 23 	 200 	 3756 	 3
1787308170213 	 20 	 200 	 3756 	 2
1787308170215 	 22 	 200 	 3757 	 2
1787308170227 	 18 	 200 	 3757 	 1
1787308170237 	 15 	 200 	 3758 	 1
1787308170247 	 13 	 200 	 3758 	 0
1787308170263 	 14 	 200 	 3759 	 0
1787308170305 	 21 	 200 	 3760 	 0
1787308170336 	 15 	 200 	 3763 	 2
1787308170340 	 19 	 200 	 3763 	 1
1787308170341 	 18 	 200 	 3763 	 0
1787308170386 	 23 	 200 	 3767 	 3
1787308170407 	 13 	 200 	 3768 	 3
1787308170406 	 19 	 200 	 3768 	 2
1787308170406 	 22 	 200 	 3768 	 1
1787308170417 	 22 	 200 	 3769 	 1
1787308170430 	 15 	 200 	 3770 	 1
1787308170442 	 13 	 200 	 3771 	 1
1787308170448 	 13 	 200 	 3771 	 0
1787308170509 	 24 	 200 	 3772 	 0
1787308170558 	 14 	 200 	 3773 	 0
1787308170574 	 14 	 200 	 3775 	 1
1787308170580 	 14 	 200 	 3775 	 0
1787308170630 	 15 	 200 	 3778 	 2
1787308170640 	 14 	 200 	 3778 	 1
1787308170632 	 28 	 200 	 3778 	 0
1787308170704 	 16 	 200 	 3779 	 0
1787308170727 	 14 	 200 	 3780 	 0
1787308170761 	 16 	 200 	 3782 	 1
1787308170773 	 16 	 200 	 3782 	 0
1787308170833 	 13 	 200 	 3783 	 0
1787308170862 	 15 	 200 	 3785 	 1
1787308170868 	 15 	 200 	 3785 	 0
1787308170894 	 16 	 200 	 3786 	 0
1787308170925 	 18 	 200 	 3791 	 4
1787308170924 	 24 	 200 	 3792 	 4
1787308170930 	 22 	 200 	 3792 	 3
1787308170938 	 14 	 200 	 3792 	 2
1787308170944 	 15 	 200 	 3792 	 1
1787308170947 	 15 	 200 	 3792 	 0
1787308170968 	 15 	 200 	 3794 	 1
1787308170969 	 19 	 200 	 3794 	 0
1787308171001 	 15 	 200 	 3797 	 2
1787308171008 	 21 	 200 	 3798 	 2
1787308171008 	 23 	 200 	 3798 	 1
1787308171019 	 15 	 200 	 3798 	 0
1787308171050 	 12 	 200 	 3799 	 0
1787308171071 	 16 	 200 	 3801 	 1
1787308171079 	 19 	 200 	 3801 	 0
1787308171112 	 13 	 200 	 3803 	 1
1787308171119 	 12 	 200 	 3803 	 0
1787308171135 	 12 	 200 	 3804 	 0
1787308171192 	 27 	 200 	 3806 	 1
1787308171201 	 19 	 200 	 3806 	 0
1787308171260 	 16 	 200 	 3807 	 0
1787308171301 	 15 	 200 	 3809 	 1
1787308171310 	 16 	 200 	 3809 	 0
1787308171331 	 14 	 200 	 3811 	 1
1787308171335 	 12 	 200 	 3811 	 0
1787308171376 	 16 	 200 	 3813 	 1
1787308171373 	 20 	 200 	 3813 	 0
1787308171408 	 17 	 200 	 3815 	 1
1787308171412 	 14 	 200 	 3815 	 0
1787308171431 	 14 	 200 	 3819 	 3
1787308171432 	 18 	 200 	 3819 	 2
1787308171438 	 14 	 200 	 3820 	 2
1787308171440 	 16 	 200 	 3820 	 1
1787308171488 	 15 	 200 	 3821 	 1
1787308171508 	 13 	 200 	 3822 	 1
1787308171452 	 94 	 200 	 3824 	 2
1787308171531 	 35 	 200 	 3825 	 2
1787308171544 	 27 	 200 	 3827 	 3
1787308171554 	 20 	 200 	 3827 	 2
1787308171567 	 14 	 200 	 3827 	 1
1787308171570 	 15 	 200 	 3828 	 1
1787308171585 	 22 	 200 	 3829 	 1
1787308171590 	 20 	 200 	 3829 	 0
1787308171611 	 12 	 200 	 3830 	 0
1787308171631 	 12 	 200 	 3831 	 0
1787308171668 	 17 	 200 	 3833 	 1
1787308171681 	 13 	 200 	 3833 	 0
1787308171711 	 13 	 200 	 3834 	 0
1787308171733 	 12 	 200 	 3835 	 0
1787308171805 	 17 	 200 	 3837 	 1
1787308171822 	 12 	 200 	 3837 	 0
1787308171845 	 16 	 200 	 3840 	 2
1787308171849 	 15 	 200 	 3840 	 1
1787308171860 	 13 	 200 	 3841 	 1
1787308171872 	 18 	 200 	 3841 	 0
1787308171922 	 18 	 200 	 3842 	 0
1787308171949 	 12 	 200 	 3843 	 0
1787308171963 	 14 	 200 	 3844 	 0
1787308171985 	 12 	 200 	 3845 	 1
1787308171998 	 13 	 200 	 3847 	 1
1787308172004 	 12 	 200 	 3847 	 0
1787308172017 	 20 	 200 	 3850 	 2
1787308172018 	 23 	 200 	 3850 	 1
1787308172038 	 11 	 200 	 3850 	 0
1787308172061 	 14 	 200 	 3853 	 2
1787308172061 	 15 	 200 	 3853 	 1
1787308172068 	 15 	 200 	 3854 	 1
1787308172079 	 12 	 200 	 3854 	 0
1787308172104 	 13 	 200 	 3856 	 1
1787308172107 	 11 	 200 	 3856 	 0
1787308172134 	 15 	 200 	 3858 	 1
1787308172144 	 15 	 200 	 3858 	 0
1787308172198 	 12 	 200 	 3860 	 1
1787308172210 	 13 	 200 	 3860 	 0
1787308172226 	 16 	 200 	 3864 	 3
1787308172230 	 19 	 200 	 3864 	 2
1787308172237 	 14 	 200 	 3865 	 2
1787308172241 	 16 	 200 	 3865 	 1
1787308172251 	 13 	 200 	 3865 	 0
1787308172280 	 17 	 200 	 3868 	 2
1787308172279 	 19 	 200 	 3868 	 1
1787308172297 	 14 	 200 	 3869 	 1
1787308172311 	 15 	 200 	 3869 	 0
1787308172329 	 16 	 200 	 3871 	 1
1787308172341 	 14 	 200 	 3871 	 0
1787308172376 	 17 	 200 	 3872 	 0
1787308172397 	 15 	 200 	 3874 	 1
1787308172399 	 13 	 200 	 3874 	 0
1787308172414 	 13 	 200 	 3875 	 0
1787308172434 	 12 	 200 	 3876 	 0
1787308172477 	 29 	 200 	 3881 	 4
1787308172471 	 37 	 200 	 3881 	 3
1787308172491 	 19 	 200 	 3881 	 2
1787308172515 	 15 	 200 	 3882 	 2
1787308172541 	 32 	 200 	 3886 	 5
1787308172559 	 19 	 200 	 3886 	 4
1787308172562 	 20 	 200 	 3886 	 3
1787308172569 	 16 	 200 	 3886 	 2
1787308172480 	 135 	 200 	 3887 	 2
1787308172606 	 16 	 200 	 3888 	 2
1787308172645 	 29 	 200 	 3895 	 8
1787308172621 	 63 	 200 	 3896 	 8
1787308172625 	 91 	 200 	 3899 	 10
1787308172657 	 64 	 200 	 3899 	 9
1787308172663 	 59 	 200 	 3899 	 8
1787308172662 	 81 	 200 	 3900 	 8
1787308172715 	 57 	 200 	 3901 	 8
1787308172671 	 104 	 200 	 3901 	 7
1787308172679 	 98 	 200 	 3901 	 6
1787308172686 	 94 	 200 	 3902 	 6
1787308172717 	 63 	 200 	 3902 	 5
1787308172724 	 60 	 200 	 3902 	 4
1787308172752 	 34 	 200 	 3903 	 4
1787308172793 	 73 	 200 	 3907 	 7
1787308172787 	 80 	 200 	 3907 	 6
1787308172657 	 224 	 200 	 3908 	 6
1787308172844 	 73 	 200 	 3909 	 6
1787308172779 	 139 	 200 	 3909 	 5
1787308172850 	 70 	 200 	 3909 	 4
1787308172853 	 70 	 200 	 3909 	 3
1787308172871 	 56 	 200 	 3910 	 3
1787308172939 	 32 	 200 	 3911 	 3
1787308172927 	 46 	 200 	 3911 	 2
1787308172979 	 16 	 200 	 3914 	 4
1787308172985 	 13 	 200 	 3914 	 3
1787308172994 	 27 	 200 	 3914 	 2
1787308172900 	 137 	 200 	 3918 	 5
1787308173023 	 43 	 200 	 3919 	 5
1787308173033 	 87 	 200 	 3923 	 8
1787308173048 	 73 	 200 	 3923 	 7
1787308173030 	 91 	 200 	 3923 	 6
1787308173077 	 49 	 200 	 3923 	 5
1787308173084 	 86 	 200 	 3924 	 5
1787308173083 	 87 	 200 	 3924 	 4
1787308173160 	 109 	 200 	 3926 	 5
1787308173114 	 170 	 200 	 3926 	 4
1787308173188 	 97 	 200 	 3926 	 3
1787308173034 	 288 	 200 	 3929 	 5
1787308173209 	 113 	 200 	 3929 	 4
1787308173292 	 30 	 200 	 3929 	 3
1787308173305 	 20 	 200 	 3930 	 3
1787308173326 	 54 	 200 	 3939 	 11
1787308173346 	 34 	 200 	 3939 	 10
1787308173318 	 64 	 200 	 3939 	 9
1787308173357 	 40 	 200 	 3940 	 9
1787308173366 	 55 	 200 	 3941 	 9
1787308173358 	 64 	 200 	 3941 	 8
1787308173395 	 47 	 200 	 3943 	 9
1787308173375 	 92 	 200 	 3944 	 9
1787308173365 	 115 	 200 	 3944 	 8
1787308173376 	 104 	 200 	 3944 	 7
1787308173378 	 105 	 200 	 3944 	 6
1787308173444 	 44 	 200 	 3944 	 5
1787308173437 	 80 	 200 	 3945 	 5
1787308173465 	 102 	 200 	 3949 	 8
1787308173398 	 170 	 200 	 3949 	 7
1787308173526 	 91 	 200 	 3953 	 10
1787308173531 	 136 	 200 	 3953 	 9
1787308173563 	 106 	 200 	 3953 	 8
1787308172475 	 1204 	 200 	 3954 	 8
1787308173606 	 114 	 200 	 3955 	 8
1787308173517 	 249 	 200 	 3958 	 10
1787308173763 	 57 	 200 	 3958 	 9
1787308173674 	 147 	 200 	 3958 	 8
1787308173578 	 244 	 200 	 3958 	 7
1787308173690 	 186 	 200 	 3962 	 10
1787308173856 	 21 	 200 	 3962 	 9
1787308173738 	 140 	 200 	 3962 	 8
1787308173571 	 308 	 200 	 3962 	 7
1787308173599 	 281 	 200 	 3962 	 6
1787308173849 	 33 	 200 	 3962 	 5
1787308173379 	 510 	 200 	 3963 	 5
1787308173747 	 169 	 200 	 3963 	 4
1787308173886 	 37 	 200 	 3963 	 3
1787308173966 	 13 	 200 	 3964 	 3
1787308174003 	 25 	 200 	 3965 	 3
1787308173848 	 183 	 200 	 3965 	 2
1787308173848 	 182 	 200 	 3965 	 1
1787308173521 	 572 	 200 	 3967 	 2
1787308174067 	 29 	 200 	 3967 	 1
1787308174081 	 18 	 200 	 3967 	 0
1787308174141 	 17 	 200 	 3969 	 1
1787308174158 	 12 	 200 	 3969 	 0
1787308174193 	 34 	 200 	 3971 	 1
1787308174199 	 31 	 200 	 3971 	 0
1787308174252 	 24 	 200 	 3973 	 1
1787308174262 	 16 	 200 	 3973 	 0
1787308174330 	 27 	 200 	 3975 	 1
1787308174328 	 31 	 200 	 3976 	 1
1787308174359 	 15 	 200 	 3976 	 0
1787308174388 	 13 	 200 	 3978 	 1
1787308174394 	 26 	 200 	 3980 	 2
1787308174412 	 14 	 200 	 3982 	 3
1787308174409 	 19 	 200 	 3982 	 2
1787308174425 	 15 	 200 	 3982 	 1
1787308174423 	 20 	 200 	 3982 	 0
1787308174458 	 18 	 200 	 3984 	 1
1787308174454 	 22 	 200 	 3984 	 0
1787308174485 	 14 	 200 	 3985 	 0
1787308174544 	 12 	 200 	 3986 	 0
1787308174609 	 17 	 200 	 3990 	 3
1787308174609 	 17 	 200 	 3990 	 2
1787308174617 	 15 	 200 	 3990 	 1
1787308174626 	 14 	 200 	 3990 	 0
1787308174657 	 19 	 200 	 3992 	 1
1787308174659 	 17 	 200 	 3992 	 0
1787308174691 	 13 	 200 	 3993 	 0
1787308174706 	 12 	 200 	 3994 	 0
1787308174737 	 20 	 200 	 3995 	 0
1787308174764 	 13 	 200 	 3998 	 2
1787308174767 	 20 	 200 	 3998 	 1
1787308174774 	 13 	 200 	 3998 	 0
1787308174815 	 18 	 200 	 4003 	 4
1787308174817 	 17 	 200 	 4003 	 3
1787308174829 	 17 	 200 	 4005 	 4
1787308174827 	 20 	 200 	 4005 	 4
1787308174832 	 18 	 200 	 4006 	 3
1787308174842 	 16 	 200 	 4008 	 4
1787308174846 	 17 	 200 	 4008 	 3
1787308174848 	 21 	 200 	 4008 	 2
1787308174853 	 20 	 200 	 4008 	 1
1787308174858 	 16 	 200 	 4008 	 0
1787308174902 	 12 	 200 	 4009 	 0
1787308174924 	 12 	 200 	 4011 	 1
1787308174937 	 13 	 200 	 4011 	 0
1787308174958 	 12 	 200 	 4013 	 1
1787308174972 	 13 	 200 	 4014 	 1
1787308174979 	 18 	 200 	 4014 	 0
1787308175014 	 13 	 200 	 4015 	 0
1787308175039 	 15 	 200 	 4016 	 0
1787308175061 	 17 	 200 	 4018 	 1
1787308175076 	 13 	 200 	 4019 	 1
1787308175088 	 15 	 200 	 4020 	 1
1787308175098 	 14 	 200 	 4021 	 1
1787308175107 	 12 	 200 	 4021 	 0
1787308175188 	 15 	 200 	 4023 	 1
1787308175204 	 13 	 200 	 4023 	 0
1787308175228 	 13 	 200 	 4026 	 2
1787308175227 	 16 	 200 	 4026 	 1
1787308175238 	 12 	 200 	 4026 	 0
1787308175269 	 13 	 200 	 4028 	 1
1787308175277 	 18 	 200 	 4029 	 1
1787308175291 	 12 	 200 	 4029 	 0
1787308175318 	 19 	 200 	 4030 	 0
1787308175375 	 21 	 200 	 4033 	 2
1787308175377 	 19 	 200 	 4033 	 1
1787308175380 	 17 	 200 	 4033 	 0
1787308175402 	 14 	 200 	 4034 	 0
1787308175437 	 15 	 200 	 4036 	 1
1787308175452 	 18 	 200 	 4037 	 1
1787308175455 	 16 	 200 	 4037 	 0
1787308175491 	 12 	 200 	 4038 	 0
1787308175531 	 16 	 200 	 4040 	 1
1787308175546 	 12 	 200 	 4040 	 0
1787308175585 	 13 	 200 	 4041 	 0
1787308175611 	 14 	 200 	 4042 	 0
1787308175626 	 14 	 200 	 4044 	 1
1787308175627 	 13 	 200 	 4044 	 0
1787308175646 	 34 	 200 	 4046 	 1
1787308175657 	 23 	 200 	 4046 	 0
1787308175697 	 16 	 200 	 4047 	 0
1787308175753 	 13 	 200 	 4049 	 1
1787308175756 	 17 	 200 	 4049 	 0
1787308175777 	 14 	 200 	 4051 	 2
1787308175793 	 14 	 200 	 4053 	 2
1787308175792 	 16 	 200 	 4054 	 2
1787308175807 	 17 	 200 	 4054 	 1
1787308175809 	 18 	 200 	 4054 	 0
1787308175834 	 15 	 200 	 4055 	 0
1787308175864 	 27 	 200 	 4060 	 4
1787308175871 	 20 	 200 	 4060 	 3
1787308175860 	 30 	 200 	 4060 	 2
1787308175866 	 26 	 200 	 4060 	 1
1787308175878 	 26 	 200 	 4060 	 0
1787308175930 	 14 	 200 	 4061 	 0
1787308175956 	 13 	 200 	 4062 	 0
1787308175995 	 12 	 200 	 4063 	 0
1787308176012 	 13 	 200 	 4065 	 1
1787308176015 	 15 	 200 	 4065 	 0
1787308176037 	 14 	 200 	 4066 	 0
1787308176056 	 13 	 200 	 4068 	 1
1787308176058 	 12 	 200 	 4068 	 0
1787308176100 	 18 	 200 	 4070 	 1
1787308176101 	 19 	 200 	 4070 	 0
1787308176153 	 18 	 200 	 4071 	 0
1787308176179 	 16 	 200 	 4072 	 0
1787308176210 	 14 	 200 	 4073 	 0
1787308176226 	 14 	 200 	 4074 	 0
1787308176246 	 15 	 200 	 4075 	 0
1787308176290 	 14 	 200 	 4076 	 0
1787308176338 	 16 	 200 	 4078 	 1
1787308176351 	 13 	 200 	 4078 	 0
1787308176366 	 12 	 200 	 4079 	 0
1787308176390 	 15 	 200 	 4082 	 2
1787308176396 	 21 	 200 	 4082 	 1
1787308176401 	 18 	 200 	 4082 	 0
1787308176438 	 24 	 200 	 4084 	 1
1787308176460 	 13 	 200 	 4084 	 0
1787308176481 	 12 	 200 	 4085 	 0
1787308176499 	 18 	 200 	 4087 	 1
1787308176500 	 19 	 200 	 4087 	 0
1787308176531 	 13 	 200 	 4088 	 0
1787308176566 	 23 	 200 	 4090 	 1
1787308176577 	 18 	 200 	 4090 	 0
1787308176655 	 13 	 200 	 4092 	 1
1787308176660 	 13 	 200 	 4093 	 1
1787308176673 	 12 	 200 	 4093 	 0
1787308176701 	 13 	 200 	 4095 	 1
1787308176713 	 15 	 200 	 4096 	 1
1787308176721 	 13 	 200 	 4097 	 1
1787308176734 	 12 	 200 	 4097 	 0
1787308176758 	 12 	 200 	 4098 	 0
1787308176776 	 15 	 200 	 4100 	 1
1787308176776 	 16 	 200 	 4100 	 0
1787308176831 	 31 	 200 	 4105 	 4
1787308176832 	 29 	 200 	 4105 	 3
1787308176841 	 25 	 200 	 4105 	 2
1787308176858 	 16 	 200 	 4105 	 1
1787308176861 	 16 	 200 	 4105 	 0
1787308176882 	 15 	 200 	 4106 	 0
1787308176906 	 14 	 200 	 4108 	 1
1787308176914 	 13 	 200 	 4108 	 0
1787308176934 	 12 	 200 	 4109 	 0
1787308176949 	 11 	 200 	 4110 	 0
1787308176993 	 17 	 200 	 4113 	 2
1787308176990 	 21 	 200 	 4113 	 1
1787308176982 	 38 	 200 	 4115 	 2
1787308177016 	 15 	 200 	 4116 	 2
1787308177023 	 14 	 200 	 4116 	 1
1787308177021 	 23 	 200 	 4116 	 0
1787308177064 	 15 	 200 	 4117 	 0
1787308177098 	 15 	 200 	 4119 	 1
1787308177113 	 12 	 200 	 4119 	 0
1787308177138 	 16 	 200 	 4123 	 3
1787308177140 	 16 	 200 	 4123 	 2
1787308177147 	 17 	 200 	 4124 	 2
1787308177161 	 15 	 200 	 4126 	 3
1787308177169 	 47 	 200 	 4129 	 5
1787308177175 	 43 	 200 	 4129 	 4
1787308177182 	 40 	 200 	 4129 	 3
1787308177190 	 34 	 200 	 4129 	 2
1787308177207 	 24 	 200 	 4129 	 1
1787308177242 	 32 	 200 	 4133 	 4
1787308177259 	 15 	 200 	 4133 	 3
1787308177241 	 35 	 200 	 4133 	 2
1787308177255 	 21 	 200 	 4133 	 1
1787308177293 	 32 	 200 	 4134 	 1
1787308177133 	 198 	 200 	 4134 	 0
1787308177348 	 16 	 200 	 4137 	 2
1787308177344 	 21 	 200 	 4137 	 1
1787308177362 	 13 	 200 	 4137 	 0
1787308177385 	 16 	 200 	 4138 	 0
1787308177416 	 15 	 200 	 4139 	 0
1787308177434 	 13 	 200 	 4140 	 0
1787308177493 	 13 	 200 	 4141 	 0
1787308177542 	 16 	 200 	 4142 	 0
1787308177625 	 19 	 200 	 4143 	 0
1787308177667 	 14 	 200 	 4147 	 3
1787308177673 	 15 	 200 	 4147 	 2
1787308177678 	 16 	 200 	 4147 	 1
1787308177677 	 25 	 200 	 4147 	 0
1787308177709 	 15 	 200 	 4151 	 3
1787308177712 	 13 	 200 	 4151 	 2
1787308177723 	 16 	 200 	 4152 	 2
1787308177725 	 17 	 200 	 4152 	 1
1787308177739 	 14 	 200 	 4153 	 1
1787308177753 	 18 	 200 	 4155 	 2
1787308177765 	 17 	 200 	 4158 	 4
1787308177764 	 19 	 200 	 4158 	 3
1787308177773 	 21 	 200 	 4158 	 2
1787308177777 	 18 	 200 	 4158 	 1
1787308177780 	 30 	 200 	 4160 	 2
1787308177803 	 14 	 200 	 4160 	 1
1787308177804 	 16 	 200 	 4160 	 0
1787308177828 	 14 	 200 	 4161 	 0
1787308177852 	 14 	 200 	 4162 	 0
1787308177881 	 15 	 200 	 4163 	 0
1787308177987 	 13 	 200 	 4165 	 1
1787308178028 	 13 	 200 	 4166 	 1
1787308178061 	 14 	 200 	 4169 	 3
1787308178062 	 16 	 200 	 4169 	 2
1787308178111 	 14 	 200 	 4171 	 3
1787308178128 	 13 	 200 	 4172 	 3
1787308178149 	 12 	 200 	 4173 	 3
1787308178070 	 101 	 200 	 4173 	 2
1787308178116 	 65 	 200 	 4173 	 1
1787308178199 	 22 	 200 	 4177 	 4
1787308178199 	 25 	 200 	 4177 	 3
1787308178187 	 55 	 200 	 4177 	 2
1787308177978 	 263 	 200 	 4177 	 1
1787308178197 	 47 	 200 	 4177 	 0
1787308178255 	 13 	 200 	 4179 	 1
1787308178267 	 14 	 200 	 4180 	 1
1787308178277 	 14 	 200 	 4180 	 0
1787308178392 	 31 	 200 	 4185 	 4
1787308178411 	 15 	 200 	 4185 	 3
1787308178414 	 62 	 200 	 4185 	 2
1787308178390 	 96 	 200 	 4185 	 1
1787308178547 	 14 	 200 	 4188 	 3
1787308178501 	 74 	 200 	 4189 	 3
1787308178566 	 13 	 200 	 4189 	 2
1787308178504 	 76 	 200 	 4189 	 1
1787308178593 	 28 	 200 	 4192 	 3
1787308178622 	 16 	 200 	 4195 	 5
1787308178625 	 15 	 200 	 4195 	 4
1787308178624 	 17 	 200 	 4195 	 3
1787308178652 	 17 	 200 	 4196 	 3
1787308178601 	 82 	 200 	 4196 	 2
1787308178603 	 118 	 200 	 4197 	 2
1787308178716 	 14 	 200 	 4197 	 1
1787308178304 	 452 	 200 	 4197 	 0
1787308178857 	 13 	 200 	 4199 	 1
1787308178866 	 13 	 200 	 4199 	 0
1787308178886 	 14 	 200 	 4201 	 1
1787308178895 	 16 	 200 	 4202 	 1
1787308178904 	 14 	 200 	 4202 	 0
1787308178965 	 13 	 200 	 4204 	 1
1787308178972 	 13 	 200 	 4205 	 1
1787308178987 	 14 	 200 	 4205 	 0
1787308179009 	 13 	 200 	 4206 	 0
1787308179032 	 16 	 200 	 4208 	 1
1787308179038 	 12 	 200 	 4208 	 0
1787308179060 	 12 	 200 	 4210 	 1
1787308179071 	 13 	 200 	 4210 	 0
1787308179102 	 14 	 200 	 4211 	 0
1787308179126 	 12 	 200 	 4213 	 1
1787308179124 	 15 	 200 	 4213 	 0
1787308179161 	 14 	 200 	 4214 	 0
1787308179193 	 30 	 200 	 4217 	 2
1787308179194 	 28 	 200 	 4217 	 1
1787308179216 	 21 	 200 	 4219 	 2
1787308179225 	 15 	 200 	 4219 	 1
1787308179235 	 16 	 200 	 4220 	 1
1787308179250 	 15 	 200 	 4221 	 1
1787308179263 	 18 	 200 	 4221 	 0
1787308179285 	 19 	 200 	 4222 	 0
1787308179321 	 15 	 200 	 4225 	 2
1787308179358 	 15 	 200 	 4228 	 4
1787308179358 	 23 	 200 	 4228 	 3
1787308179403 	 66 	 200 	 4233 	 7
1787308179429 	 44 	 200 	 4234 	 7
1787308179453 	 22 	 200 	 4234 	 6
1787308179473 	 50 	 200 	 4237 	 8
1787308179324 	 201 	 200 	 4237 	 7
1787308179402 	 129 	 200 	 4238 	 7
1787308179358 	 173 	 200 	 4238 	 6
1787308179498 	 33 	 200 	 4238 	 5
1787308179488 	 45 	 200 	 4238 	 4
1787308179418 	 149 	 200 	 4239 	 4
1787308179512 	 57 	 200 	 4239 	 3
1787308179529 	 45 	 200 	 4239 	 2
1787308179538 	 38 	 200 	 4239 	 1
1787308179630 	 13 	 200 	 4241 	 2
1787308179641 	 33 	 200 	 4242 	 2
1787308179674 	 16 	 200 	 4242 	 1
1787308179693 	 27 	 200 	 4243 	 1
1787308179748 	 25 	 200 	 4245 	 2
1787308179749 	 26 	 200 	 4246 	 2
1787308179775 	 42 	 200 	 4249 	 4
1787308179783 	 42 	 200 	 4250 	 4
1787308179807 	 18 	 200 	 4250 	 3
1787308179799 	 32 	 200 	 4251 	 3
1787308179829 	 48 	 200 	 4257 	 8
1787308179818 	 62 	 200 	 4258 	 8
1787308179844 	 38 	 200 	 4258 	 7
1787308179859 	 61 	 200 	 4260 	 8
1787308179837 	 97 	 200 	 4261 	 8
1787308179879 	 97 	 200 	 4262 	 8
1787308179918 	 103 	 200 	 4263 	 8
1787308179930 	 94 	 200 	 4265 	 9
1787308179876 	 156 	 200 	 4265 	 8
1787308179921 	 177 	 200 	 4270 	 12
1787308180040 	 103 	 200 	 4273 	 14
1787308179943 	 202 	 200 	 4273 	 13
1787308179859 	 335 	 200 	 4276 	 16
1787308179854 	 339 	 200 	 4277 	 15
1787308180025 	 167 	 200 	 4277 	 14
1787308180016 	 178 	 200 	 4277 	 13
1787308180029 	 165 	 200 	 4277 	 12
1787308180041 	 185 	 200 	 4279 	 13
1787308180143 	 123 	 200 	 4280 	 13
1787308180070 	 200 	 200 	 4280 	 12
1787308180148 	 126 	 200 	 4280 	 11
1787308180139 	 154 	 200 	 4283 	 13
1787308180153 	 165 	 200 	 4285 	 14
1787308180204 	 115 	 200 	 4285 	 13
1787308180052 	 266 	 200 	 4285 	 12
1787308180288 	 87 	 200 	 4286 	 12
1787308180248 	 128 	 200 	 4286 	 11
1787308180195 	 185 	 200 	 4286 	 10
1787308180120 	 262 	 200 	 4287 	 10
1787308179320 	 1096 	 200 	 4288 	 10
1787308180281 	 139 	 200 	 4289 	 10
1787308180067 	 351 	 200 	 4289 	 9
1787308180301 	 123 	 200 	 4289 	 8
1787308180407 	 20 	 200 	 4289 	 7
1787308180383 	 43 	 200 	 4289 	 6
1787308180363 	 65 	 200 	 4289 	 5
1787308180418 	 19 	 200 	 4289 	 4
1787308180173 	 298 	 200 	 4293 	 7
1787308180440 	 34 	 200 	 4293 	 6
1787308180450 	 23 	 200 	 4293 	 5
1787308180451 	 27 	 200 	 4293 	 4
1787308180290 	 228 	 200 	 4294 	 4
1787308180296 	 223 	 200 	 4294 	 3
1787308180229 	 290 	 200 	 4294 	 2
1787308180463 	 61 	 200 	 4294 	 1
1787308180504 	 22 	 200 	 4295 	 1
1787308180526 	 13 	 200 	 4295 	 0
1787308180548 	 12 	 200 	 4296 	 0
1787308180581 	 13 	 200 	 4297 	 0
1787308180621 	 13 	 200 	 4298 	 0
1787308180640 	 13 	 200 	 4299 	 0
1787308180665 	 14 	 200 	 4300 	 0
1787308180719 	 15 	 200 	 4302 	 1
1787308180730 	 13 	 200 	 4302 	 0
1787308180759 	 14 	 200 	 4303 	 0
1787308180799 	 14 	 200 	 4304 	 0
1787308180836 	 16 	 200 	 4305 	 0
1787308180855 	 13 	 200 	 4307 	 1
1787308180864 	 14 	 200 	 4307 	 0
1787308180906 	 27 	 200 	 4309 	 1
1787308180907 	 29 	 200 	 4309 	 0
1787308180940 	 12 	 200 	 4310 	 0
1787308180971 	 15 	 200 	 4312 	 1
1787308180982 	 13 	 200 	 4312 	 0
1787308180997 	 18 	 200 	 4313 	 0
1787308181079 	 24 	 200 	 4315 	 1
1787308181081 	 26 	 200 	 4315 	 0
1787308181114 	 15 	 200 	 4316 	 0
1787308181136 	 14 	 200 	 4320 	 3
1787308181140 	 18 	 200 	 4320 	 2
1787308181141 	 18 	 200 	 4320 	 1
1787308181140 	 21 	 200 	 4320 	 0
1787308181177 	 12 	 200 	 4323 	 2
1787308181185 	 15 	 200 	 4323 	 1
1787308181186 	 22 	 200 	 4326 	 3
1787308181203 	 15 	 200 	 4327 	 3
1787308181207 	 16 	 200 	 4328 	 3
1787308181208 	 19 	 200 	 4328 	 2
1787308181217 	 14 	 200 	 4328 	 1
1787308181221 	 18 	 200 	 4328 	 0
1787308181251 	 15 	 200 	 4331 	 2
1787308181254 	 14 	 200 	 4331 	 1
1787308181257 	 15 	 200 	 4331 	 0
1787308181315 	 13 	 200 	 4333 	 1
1787308181318 	 18 	 200 	 4333 	 0
1787308181367 	 40 	 200 	 4335 	 1
1787308181377 	 34 	 200 	 4338 	 4
1787308181410 	 21 	 200 	 4342 	 6
1787308181411 	 24 	 200 	 4342 	 5
1787308181416 	 20 	 200 	 4342 	 4
1787308181413 	 27 	 200 	 4342 	 3
1787308181411 	 29 	 200 	 4342 	 2
1787308181426 	 18 	 200 	 4342 	 1
1787308181415 	 29 	 200 	 4342 	 0
1787308181447 	 14 	 200 	 4343 	 0
1787308181464 	 18 	 200 	 4344 	 0
1787308181485 	 13 	 200 	 4345 	 0
1787308181533 	 13 	 200 	 4346 	 0
1787308181573 	 13 	 200 	 4348 	 1
1787308181578 	 15 	 200 	 4348 	 0
1787308181621 	 15 	 200 	 4349 	 0
1787308181672 	 15 	 200 	 4350 	 0
1787308181723 	 18 	 200 	 4351 	 0
1787308181750 	 17 	 200 	 4352 	 0
1787308181782 	 14 	 200 	 4354 	 1
1787308181788 	 13 	 200 	 4354 	 0
1787308181824 	 12 	 200 	 4355 	 0
1787308181838 	 17 	 200 	 4359 	 3
1787308181838 	 20 	 200 	 4359 	 2
1787308181849 	 15 	 200 	 4359 	 1
1787308181849 	 18 	 200 	 4359 	 0
1787308181881 	 17 	 200 	 4360 	 0
1787308181900 	 17 	 200 	 4362 	 1
1787308181902 	 15 	 200 	 4362 	 0
1787308181945 	 15 	 200 	 4363 	 0
1787308182013 	 13 	 200 	 4364 	 0
1787308182177 	 16 	 200 	 4365 	 0
1787308182239 	 32 	 200 	 4368 	 2
1787308182241 	 36 	 200 	 4368 	 1
1787308182269 	 15 	 200 	 4368 	 0
1787308182296 	 14 	 200 	 4369 	 0
1787308182331 	 18 	 200 	 4370 	 0
1787308182384 	 18 	 200 	 4374 	 3
1787308182391 	 15 	 200 	 4374 	 2
1787308182397 	 17 	 200 	 4374 	 1
1787308182419 	 23 	 200 	 4376 	 2
1787308182421 	 45 	 200 	 4376 	 1
1787308182473 	 15 	 200 	 4377 	 1
1787308182506 	 16 	 200 	 4381 	 4
1787308182498 	 34 	 200 	 4382 	 4
1787308182501 	 32 	 200 	 4382 	 3
1787308182530 	 40 	 200 	 4383 	 3
1787308182561 	 15 	 200 	 4384 	 3
1787308182573 	 14 	 200 	 4384 	 2
1787308182499 	 94 	 200 	 4384 	 1
1787308182605 	 15 	 200 	 4386 	 2
1787308182610 	 40 	 200 	 4387 	 2
1787308182388 	 263 	 200 	 4387 	 1
1787308182650 	 15 	 200 	 4387 	 0
1787308182670 	 19 	 200 	 4389 	 1
1787308182683 	 25 	 200 	 4390 	 1
1787308182708 	 14 	 200 	 4390 	 0
1787308182726 	 12 	 200 	 4391 	 0
1787308182827 	 15 	 200 	 4393 	 1
1787308182832 	 12 	 200 	 4393 	 0
1787308182859 	 13 	 200 	 4394 	 0
1787308182910 	 15 	 200 	 4396 	 1
1787308182917 	 12 	 200 	 4396 	 0
1787308182932 	 13 	 200 	 4397 	 0
1787308182971 	 14 	 200 	 4399 	 1
1787308182980 	 13 	 200 	 4399 	 0
1787308183005 	 18 	 200 	 4402 	 2
1787308183005 	 19 	 200 	 4402 	 1
1787308183019 	 13 	 200 	 4404 	 2
1787308183028 	 15 	 200 	 4404 	 1
1787308183031 	 14 	 200 	 4404 	 0
1787308183080 	 13 	 200 	 4407 	 2
1787308183103 	 16 	 200 	 4411 	 5
1787308183106 	 17 	 200 	 4411 	 4
1787308183108 	 16 	 200 	 4411 	 3
1787308183071 	 59 	 200 	 4411 	 2
1787308183067 	 64 	 200 	 4411 	 1
1787308183118 	 14 	 200 	 4411 	 0
1787308183143 	 12 	 200 	 4414 	 2
1787308183139 	 16 	 200 	 4414 	 1
1787308183148 	 24 	 200 	 4417 	 3
1787308183157 	 24 	 200 	 4417 	 2
1787308183165 	 16 	 200 	 4417 	 1
1787308183173 	 18 	 200 	 4418 	 1
1787308183187 	 15 	 200 	 4419 	 1
1787308183194 	 16 	 200 	 4419 	 0
1787308183225 	 18 	 200 	 4421 	 1
1787308183243 	 16 	 200 	 4422 	 1
1787308183250 	 18 	 200 	 4424 	 2
1787308183264 	 14 	 200 	 4424 	 1
1787308183266 	 17 	 200 	 4424 	 0
1787308183288 	 14 	 200 	 4426 	 1
1787308183291 	 15 	 200 	 4426 	 0
1787308183336 	 15 	 200 	 4428 	 1
1787308183351 	 17 	 200 	 4429 	 1
1787308183369 	 15 	 200 	 4430 	 1
1787308183375 	 18 	 200 	 4430 	 0
1787308183401 	 15 	 200 	 4432 	 1
1787308183408 	 17 	 200 	 4433 	 1
1787308183418 	 14 	 200 	 4433 	 0
1787308183461 	 15 	 200 	 4435 	 1
1787308183473 	 13 	 200 	 4435 	 0
1787308183503 	 15 	 200 	 4436 	 0
1787308183541 	 13 	 200 	 4437 	 0
1787308183593 	 20 	 200 	 4439 	 1
1787308183598 	 18 	 200 	 4439 	 0
1787308183619 	 16 	 200 	 4442 	 2
1787308183622 	 13 	 200 	 4442 	 1
1787308183629 	 16 	 200 	 4442 	 0
1787308183676 	 19 	 200 	 4443 	 0
1787308183709 	 13 	 200 	 4445 	 1
1787308183717 	 19 	 200 	 4445 	 0
1787308183742 	 14 	 200 	 4447 	 1
1787308183752 	 13 	 200 	 4448 	 1
1787308183758 	 12 	 200 	 4448 	 0
1787308183775 	 20 	 200 	 4451 	 2
1787308183785 	 14 	 200 	 4452 	 2
1787308183779 	 22 	 200 	 4452 	 1
1787308183797 	 14 	 200 	 4454 	 2
1787308183803 	 14 	 200 	 4454 	 1
1787308183807 	 13 	 200 	 4454 	 0
1787308183878 	 22 	 200 	 4458 	 3
1787308183882 	 18 	 200 	 4458 	 2
1787308183882 	 20 	 200 	 4458 	 1
1787308183892 	 17 	 200 	 4458 	 0
1787308183911 	 15 	 200 	 4460 	 1
1787308183921 	 12 	 200 	 4460 	 0
1787308183945 	 26 	 200 	 4465 	 4
1787308183941 	 31 	 200 	 4465 	 3
1787308183964 	 16 	 200 	 4465 	 2
1787308183946 	 34 	 200 	 4465 	 1
1787308183970 	 18 	 200 	 4465 	 0
1787308184001 	 11 	 200 	 4467 	 1
1787308184012 	 12 	 200 	 4467 	 0
1787308184042 	 26 	 200 	 4468 	 0
1787308184120 	 23 	 200 	 4474 	 5
1787308184131 	 19 	 200 	 4474 	 4
1787308184137 	 19 	 200 	 4474 	 3
1787308184122 	 34 	 200 	 4474 	 2
1787308184138 	 19 	 200 	 4474 	 1
1787308184130 	 30 	 200 	 4475 	 1
1787308184160 	 14 	 200 	 4477 	 2
1787308184170 	 16 	 200 	 4477 	 1
1787308184173 	 14 	 200 	 4477 	 0
1787308184195 	 15 	 200 	 4479 	 1
1787308184202 	 13 	 200 	 4479 	 0
1787308184229 	 13 	 200 	 4481 	 1
1787308184233 	 11 	 200 	 4481 	 0
1787308184281 	 35 	 200 	 4482 	 0
1787308184330 	 23 	 200 	 4485 	 2
1787308184341 	 14 	 200 	 4485 	 1
1787308184349 	 14 	 200 	 4485 	 0
1787308184365 	 12 	 200 	 4486 	 0
1787308184392 	 17 	 200 	 4489 	 2
1787308184392 	 18 	 200 	 4489 	 1
1787308184410 	 14 	 200 	 4491 	 2
1787308184420 	 13 	 200 	 4491 	 1
1787308184423 	 13 	 200 	 4491 	 0
1787308184440 	 12 	 200 	 4492 	 0
1787308184457 	 15 	 200 	 4494 	 1
1787308184467 	 15 	 200 	 4497 	 3
1787308184473 	 15 	 200 	 4497 	 2
1787308184473 	 23 	 200 	 4498 	 2
1787308184483 	 15 	 200 	 4498 	 1
1787308184495 	 16 	 200 	 4498 	 0
1787308184563 	 15 	 200 	 4499 	 0
1787308184595 	 14 	 200 	 4501 	 1
1787308184602 	 13 	 200 	 4501 	 0
1787308184625 	 13 	 200 	 4504 	 2
1787308184632 	 14 	 200 	 4505 	 2
1787308184635 	 15 	 200 	 4505 	 1
1787308184646 	 13 	 200 	 4505 	 0
1787308184676 	 13 	 200 	 4506 	 0
1787308184737 	 15 	 200 	 4508 	 1
1787308184752 	 12 	 200 	 4508 	 0
1787308184780 	 13 	 200 	 4509 	 0
1787308184809 	 22 	 200 	 4511 	 1
1787308184836 	 13 	 200 	 4513 	 2
1787308184832 	 20 	 200 	 4513 	 1
1787308184841 	 14 	 200 	 4513 	 0
1787308184865 	 13 	 200 	 4514 	 0
1787308184903 	 13 	 200 	 4517 	 2
1787308184917 	 15 	 200 	 4517 	 1
1787308184966 	 16 	 200 	 4519 	 2
1787308184905 	 78 	 200 	 4520 	 3
1787308184977 	 14 	 200 	 4521 	 2
1787308184984 	 39 	 200 	 4522 	 2
1787308184985 	 41 	 200 	 4522 	 1
1787308185001 	 26 	 200 	 4522 	 0
1787308185054 	 29 	 200 	 4526 	 3
1787308185066 	 24 	 200 	 4526 	 2
1787308185064 	 28 	 200 	 4526 	 1
1787308185068 	 24 	 200 	 4526 	 0
1787308185100 	 16 	 200 	 4528 	 1
1787308185105 	 16 	 200 	 4528 	 0
1787308185155 	 12 	 200 	 4530 	 1
1787308185140 	 58 	 200 	 4532 	 2
1787308185198 	 17 	 200 	 4533 	 2
1787308185198 	 18 	 200 	 4533 	 1
1787308185208 	 14 	 200 	 4533 	 0
1787308185281 	 37 	 200 	 4535 	 1
1787308185311 	 13 	 200 	 4535 	 0
1787308185328 	 14 	 200 	 4539 	 3
1787308185331 	 14 	 200 	 4539 	 2
1787308185336 	 15 	 200 	 4540 	 2
1787308185335 	 18 	 200 	 4540 	 1
1787308185349 	 16 	 200 	 4541 	 1
1787308185355 	 13 	 200 	 4541 	 0
1787308185371 	 12 	 200 	 4542 	 0
1787308185389 	 14 	 200 	 4544 	 1
1787308185401 	 14 	 200 	 4544 	 0
1787308185422 	 15 	 200 	 4549 	 4
1787308185425 	 15 	 200 	 4549 	 3
1787308185436 	 16 	 200 	 4549 	 2
1787308185435 	 20 	 200 	 4550 	 2
1787308185437 	 23 	 200 	 4550 	 1
1787308185455 	 13 	 200 	 4551 	 1
1787308185465 	 41 	 200 	 4552 	 1
1787308185529 	 13 	 200 	 4554 	 2
1787308185511 	 54 	 200 	 4555 	 2
1787308185557 	 15 	 200 	 4555 	 1
1787308185471 	 125 	 200 	 4555 	 0
1787308185613 	 17 	 200 	 4559 	 3
1787308185614 	 19 	 200 	 4559 	 2
1787308185618 	 15 	 200 	 4559 	 1
1787308185624 	 15 	 200 	 4560 	 1
1787308185637 	 13 	 200 	 4562 	 2
1787308185649 	 18 	 200 	 4564 	 3
1787308185654 	 18 	 200 	 4564 	 2
1787308185648 	 28 	 200 	 4564 	 1
1787308185667 	 19 	 200 	 4565 	 1
1787308185678 	 16 	 200 	 4566 	 1
1787308185704 	 18 	 200 	 4569 	 3
1787308185709 	 28 	 200 	 4569 	 2
1787308185692 	 49 	 200 	 4569 	 1
1787308185697 	 49 	 200 	 4569 	 0
1787308185783 	 15 	 200 	 4570 	 0
1787308185807 	 15 	 200 	 4572 	 1
1787308185815 	 20 	 200 	 4574 	 2
1787308185833 	 14 	 200 	 4574 	 1
1787308185833 	 16 	 200 	 4574 	 0
1787308185861 	 14 	 200 	 4576 	 1
1787308185865 	 12 	 200 	 4576 	 0
1787308185887 	 15 	 200 	 4579 	 2
1787308185893 	 13 	 200 	 4579 	 1
1787308185898 	 16 	 200 	 4579 	 0
1787308185918 	 15 	 200 	 4580 	 0
1787308185936 	 12 	 200 	 4581 	 0
1787308185975 	 15 	 200 	 4583 	 1
1787308185979 	 13 	 200 	 4583 	 0
1787308186016 	 16 	 200 	 4585 	 1
1787308186028 	 14 	 200 	 4585 	 0
1787308186052 	 28 	 200 	 4587 	 1
1787308186058 	 25 	 200 	 4587 	 0
1787308186121 	 18 	 200 	 4588 	 0
1787308186174 	 15 	 200 	 4590 	 1
1787308186179 	 15 	 200 	 4590 	 0
1787308186221 	 18 	 200 	 4591 	 0
1787308186257 	 14 	 200 	 4593 	 1
1787308186256 	 28 	 200 	 4594 	 1
1787308186280 	 25 	 200 	 4595 	 1
1787308186295 	 15 	 200 	 4596 	 1
1787308186311 	 14 	 200 	 4597 	 1
1787308186323 	 15 	 200 	 4598 	 1
1787308186327 	 13 	 200 	 4598 	 0
1787308186388 	 17 	 200 	 4600 	 1
1787308186398 	 14 	 200 	 4600 	 0
1787308186440 	 16 	 200 	 4602 	 1
1787308186452 	 14 	 200 	 4602 	 0
1787308186480 	 14 	 200 	 4603 	 0
1787308186502 	 13 	 200 	 4604 	 0
1787308186563 	 22 	 200 	 4606 	 1
1787308186579 	 21 	 200 	 4606 	 0
1787308186649 	 20 	 200 	 4608 	 1
1787308186662 	 16 	 200 	 4608 	 0
1787308186684 	 13 	 200 	 4609 	 0
1787308186758 	 14 	 200 	 4611 	 1
1787308186763 	 13 	 200 	 4611 	 0
1787308186788 	 13 	 200 	 4614 	 2
1787308186789 	 13 	 200 	 4614 	 1
1787308186800 	 15 	 200 	 4614 	 0
1787308186825 	 14 	 200 	 4616 	 1
1787308186835 	 15 	 200 	 4617 	 1
1787308186846 	 18 	 200 	 4617 	 0
1787308186871 	 16 	 200 	 4621 	 3
1787308186876 	 15 	 200 	 4621 	 2
1787308186878 	 16 	 200 	 4623 	 3
1787308186881 	 25 	 200 	 4623 	 2
1787308186893 	 17 	 200 	 4623 	 1
1787308186894 	 18 	 200 	 4623 	 0
1787308186950 	 19 	 200 	 4624 	 0
1787308186994 	 15 	 200 	 4625 	 0
1787308187010 	 17 	 200 	 4626 	 0
1787308187048 	 16 	 200 	 4628 	 1
1787308187060 	 13 	 200 	 4630 	 2
1787308187072 	 19 	 200 	 4631 	 2
1787308187073 	 21 	 200 	 4631 	 1
1787308187090 	 14 	 200 	 4631 	 0
1787308187110 	 15 	 200 	 4632 	 0
1787308187131 	 16 	 200 	 4635 	 2
1787308187145 	 18 	 200 	 4636 	 2
1787308187147 	 19 	 200 	 4636 	 1
1787308187157 	 21 	 200 	 4636 	 0
1787308187184 	 15 	 200 	 4637 	 0
1787308187259 	 13 	 200 	 4638 	 0
1787308187305 	 15 	 200 	 4639 	 0
1787308187322 	 15 	 200 	 4640 	 0
1787308187344 	 17 	 200 	 4642 	 1
1787308187356 	 13 	 200 	 4642 	 0
1787308187372 	 21 	 200 	 4647 	 4
1787308187391 	 17 	 200 	 4647 	 3
1787308187412 	 13 	 200 	 4649 	 4
1787308187416 	 13 	 200 	 4649 	 3
1787308187381 	 48 	 200 	 4649 	 2
1787308187377 	 58 	 200 	 4649 	 1
1787308187381 	 64 	 200 	 4650 	 1
1787308187440 	 34 	 200 	 4650 	 0
1787308187531 	 14 	 200 	 4651 	 0
1787308187596 	 15 	 200 	 4652 	 0
1787308187630 	 14 	 200 	 4654 	 1
1787308187631 	 23 	 200 	 4655 	 1
1787308187645 	 13 	 200 	 4656 	 1
1787308187657 	 13 	 200 	 4656 	 0
1787308187675 	 23 	 200 	 4657 	 0
1787308187734 	 15 	 200 	 4659 	 1
1787308187800 	 20 	 200 	 4662 	 3
1787308187797 	 25 	 200 	 4662 	 2
1787308187825 	 18 	 200 	 4663 	 2
1787308187858 	 16 	 200 	 4666 	 4
1787308187867 	 19 	 200 	 4667 	 4
1787308187868 	 49 	 200 	 4668 	 4
1787308187798 	 123 	 200 	 4668 	 3
1787308187916 	 13 	 200 	 4668 	 2
1787308187723 	 216 	 200 	 4669 	 2
1787308187879 	 61 	 200 	 4669 	 1
1787308187943 	 32 	 200 	 4673 	 4
1787308187933 	 50 	 200 	 4673 	 3
1787308187967 	 17 	 200 	 4673 	 2
1787308187964 	 20 	 200 	 4673 	 1
1787308187970 	 16 	 200 	 4673 	 0
1787308188012 	 14 	 200 	 4675 	 1
1787308187998 	 28 	 200 	 4675 	 0
1787308188028 	 16 	 200 	 4676 	 0
1787308188090 	 14 	 200 	 4677 	 0
1787308188134 	 16 	 200 	 4681 	 3
1787308188133 	 20 	 200 	 4681 	 2
1787308188146 	 16 	 200 	 4682 	 2
1787308188144 	 21 	 200 	 4682 	 1
1787308188158 	 14 	 200 	 4682 	 0
1787308188194 	 13 	 200 	 4684 	 1
1787308188198 	 15 	 200 	 4686 	 2
1787308188209 	 17 	 200 	 4687 	 2
1787308188213 	 15 	 200 	 4687 	 1
1787308188222 	 13 	 200 	 4688 	 1
1787308188232 	 13 	 200 	 4689 	 1
1787308188238 	 13 	 200 	 4689 	 0
1787308188255 	 18 	 200 	 4691 	 1
1787308188257 	 17 	 200 	 4692 	 1
1787308188274 	 15 	 200 	 4692 	 0
1787308188334 	 24 	 200 	 4695 	 2
1787308188338 	 21 	 200 	 4695 	 1
1787308188351 	 13 	 200 	 4696 	 1
1787308188362 	 13 	 200 	 4696 	 0
1787308188383 	 14 	 200 	 4697 	 0
1787308188410 	 14 	 200 	 4698 	 0
1787308188426 	 14 	 200 	 4699 	 0
1787308188455 	 18 	 200 	 4701 	 1
1787308188463 	 14 	 200 	 4701 	 0
1787308188486 	 14 	 200 	 4706 	 4
1787308188478 	 23 	 200 	 4706 	 3
1787308188489 	 19 	 200 	 4706 	 2
1787308188499 	 18 	 200 	 4706 	 1
1787308188499 	 21 	 200 	 4706 	 0
1787308188530 	 13 	 200 	 4708 	 1
1787308188532 	 13 	 200 	 4708 	 0
1787308188617 	 13 	 200 	 4709 	 0
1787308188664 	 13 	 200 	 4710 	 0
1787308188694 	 15 	 200 	 4711 	 0
1787308188712 	 13 	 200 	 4712 	 0
1787308188754 	 13 	 200 	 4713 	 0
1787308188774 	 15 	 200 	 4715 	 1
1787308188783 	 12 	 200 	 4715 	 0
1787308188810 	 23 	 200 	 4717 	 1
1787308188827 	 14 	 200 	 4718 	 1
1787308188835 	 17 	 200 	 4718 	 0
1787308188887 	 19 	 200 	 4720 	 1
1787308188897 	 16 	 200 	 4720 	 0
1787308188918 	 13 	 200 	 4721 	 0
1787308188942 	 16 	 200 	 4723 	 1
1787308188947 	 14 	 200 	 4723 	 0
1787308188963 	 20 	 200 	 4725 	 1
1787308188972 	 14 	 200 	 4725 	 0
1787308189024 	 13 	 200 	 4726 	 0
1787308189148 	 37 	 200 	 4727 	 0
1787308189207 	 39 	 200 	 4730 	 2
1787308189233 	 30 	 200 	 4730 	 1
1787308189245 	 22 	 200 	 4730 	 0
1787308189296 	 18 	 200 	 4733 	 2
1787308189301 	 16 	 200 	 4734 	 2
1787308189307 	 17 	 200 	 4734 	 1
1787308189318 	 16 	 200 	 4734 	 0
1787308189409 	 16 	 200 	 4735 	 0
1787308189443 	 12 	 200 	 4737 	 1
1787308189456 	 12 	 200 	 4737 	 0
1787308189509 	 15 	 200 	 4738 	 0
1787308189549 	 13 	 200 	 4739 	 0
1787308189567 	 14 	 200 	 4742 	 2
1787308189573 	 14 	 200 	 4742 	 1
1787308189576 	 14 	 200 	 4742 	 0
1787308189669 	 13 	 200 	 4744 	 1
1787308189664 	 19 	 200 	 4744 	 0
1787308189685 	 12 	 200 	 4745 	 0
1787308189723 	 13 	 200 	 4746 	 0
1787308189741 	 15 	 200 	 4747 	 0
1787308189768 	 20 	 200 	 4749 	 1
1787308189774 	 18 	 200 	 4749 	 0
1787308189794 	 13 	 200 	 4751 	 1
1787308189796 	 13 	 200 	 4751 	 0
1787308189828 	 15 	 200 	 4752 	 0
1787308189847 	 13 	 200 	 4753 	 0
1787308189886 	 13 	 200 	 4754 	 0
1787308189909 	 14 	 200 	 4756 	 1
1787308189922 	 13 	 200 	 4757 	 1
1787308189927 	 13 	 200 	 4757 	 0
1787308189946 	 17 	 200 	 4760 	 2
1787308189957 	 21 	 200 	 4760 	 1
1787308189961 	 18 	 200 	 4760 	 0
1787308189990 	 13 	 200 	 4762 	 1
1787308189991 	 15 	 200 	 4762 	 0
1787308190061 	 24 	 200 	 4765 	 2
1787308190078 	 15 	 200 	 4765 	 1
1787308190070 	 25 	 200 	 4765 	 0
1787308190098 	 11 	 200 	 4766 	 0
1787308190139 	 13 	 200 	 4768 	 1
1787308190145 	 16 	 200 	 4768 	 0
1787308190167 	 13 	 200 	 4770 	 1
1787308190176 	 15 	 200 	 4770 	 0
1787308190198 	 13 	 200 	 4772 	 1
1787308190211 	 19 	 200 	 4773 	 1
1787308190222 	 13 	 200 	 4773 	 0
1787308190246 	 13 	 200 	 4774 	 0
1787308190288 	 14 	 200 	 4777 	 2
1787308190297 	 16 	 200 	 4777 	 1
1787308190302 	 14 	 200 	 4777 	 0
1787308190331 	 13 	 200 	 4778 	 0
1787308190363 	 17 	 200 	 4780 	 1
1787308190379 	 13 	 200 	 4780 	 0
1787308190409 	 15 	 200 	 4784 	 3
1787308190418 	 16 	 200 	 4785 	 3
1787308190403 	 39 	 200 	 4785 	 2
1787308190410 	 52 	 200 	 4786 	 2
1787308190434 	 38 	 200 	 4786 	 1
1787308190455 	 17 	 200 	 4786 	 0
1787308190477 	 29 	 200 	 4790 	 3
1787308190500 	 17 	 200 	 4790 	 2
1787308190501 	 17 	 200 	 4790 	 1
1787308190504 	 17 	 200 	 4790 	 0
1787308190533 	 14 	 200 	 4792 	 1
1787308190550 	 14 	 200 	 4794 	 2
1787308190543 	 27 	 200 	 4794 	 1
1787308190550 	 22 	 200 	 4794 	 0
1787308190576 	 13 	 200 	 4795 	 0
1787308190592 	 13 	 200 	 4797 	 1
1787308190594 	 15 	 200 	 4797 	 1
1787308190610 	 16 	 200 	 4798 	 0
1787308190635 	 13 	 200 	 4799 	 0
1787308190653 	 15 	 200 	 4801 	 1
1787308190656 	 14 	 200 	 4801 	 0
1787308190689 	 15 	 200 	 4802 	 0
1787308190725 	 13 	 200 	 4803 	 0
1787308190740 	 12 	 200 	 4804 	 0
1787308190758 	 19 	 200 	 4807 	 2
1787308190761 	 16 	 200 	 4807 	 1
1787308190769 	 15 	 200 	 4807 	 0
1787308190787 	 15 	 200 	 4809 	 1
1787308190793 	 14 	 200 	 4809 	 0
1787308190879 	 15 	 200 	 4813 	 3
1787308190889 	 14 	 200 	 4813 	 2
1787308190832 	 79 	 200 	 4813 	 1
1787308190873 	 40 	 200 	 4814 	 1
1787308190913 	 14 	 200 	 4814 	 0
1787308190945 	 13 	 200 	 4815 	 0
1787308191014 	 24 	 200 	 4816 	 0
1787308191042 	 13 	 200 	 4817 	 0
1787308191101 	 21 	 200 	 4820 	 2
1787308191098 	 29 	 200 	 4820 	 1
1787308191118 	 17 	 200 	 4820 	 0
1787308191148 	 15 	 200 	 4822 	 1
1787308191151 	 13 	 200 	 4822 	 0
1787308191169 	 14 	 200 	 4824 	 1
1787308191175 	 15 	 200 	 4824 	 0
1787308191200 	 15 	 200 	 4827 	 2
1787308191195 	 20 	 200 	 4827 	 1
1787308191206 	 22 	 200 	 4827 	 0
1787308191231 	 13 	 200 	 4828 	 0
1787308191270 	 14 	 200 	 4830 	 1
1787308191268 	 16 	 200 	 4830 	 0
1787308191293 	 13 	 200 	 4833 	 2
1787308191291 	 16 	 200 	 4833 	 1
1787308191303 	 17 	 200 	 4834 	 1
1787308191317 	 19 	 200 	 4835 	 1
1787308191333 	 14 	 200 	 4835 	 0
1787308191367 	 14 	 200 	 4836 	 0
1787308191430 	 35 	 200 	 4838 	 1
1787308191447 	 42 	 200 	 4839 	 1
1787308191474 	 19 	 200 	 4839 	 0
1787308191506 	 17 	 200 	 4840 	 0
1787308191526 	 14 	 200 	 4843 	 2
1787308191537 	 13 	 200 	 4844 	 2
1787308191531 	 20 	 200 	 4844 	 1
1787308191548 	 14 	 200 	 4845 	 1
1787308191557 	 19 	 200 	 4848 	 3
1787308191565 	 16 	 200 	 4848 	 2
1787308191567 	 16 	 200 	 4848 	 1
1787308191571 	 20 	 200 	 4848 	 0
1787308191619 	 15 	 200 	 4849 	 0
1787308191654 	 13 	 200 	 4851 	 1
1787308191664 	 17 	 200 	 4851 	 0
1787308191708 	 13 	 200 	 4852 	 0
1787308191764 	 19 	 200 	 4853 	 0
1787308191814 	 13 	 200 	 4856 	 2
1787308191816 	 14 	 200 	 4856 	 1
1787308191805 	 34 	 200 	 4856 	 0
1787308191903 	 19 	 200 	 4858 	 1
1787308191914 	 17 	 200 	 4858 	 0
1787308191963 	 15 	 200 	 4859 	 0
1787308191993 	 15 	 200 	 4861 	 1
1787308191996 	 13 	 200 	 4861 	 0
1787308192012 	 22 	 200 	 4863 	 1
1787308192030 	 17 	 200 	 4865 	 2
1787308192041 	 19 	 200 	 4867 	 3
1787308192041 	 20 	 200 	 4867 	 2
1787308192058 	 14 	 200 	 4867 	 1
1787308192057 	 16 	 200 	 4867 	 0
1787308192083 	 13 	 200 	 4868 	 0
1787308192100 	 17 	 200 	 4870 	 1
1787308192111 	 23 	 200 	 4871 	 1
1787308192129 	 17 	 200 	 4871 	 0
1787308192152 	 12 	 200 	 4874 	 2
1787308192161 	 17 	 200 	 4874 	 1
1787308192164 	 17 	 200 	 4874 	 0
1787308192198 	 15 	 200 	 4875 	 0
1787308192216 	 14 	 200 	 4877 	 1
1787308192220 	 14 	 200 	 4877 	 0
1787308192276 	 15 	 200 	 4879 	 1
1787308192291 	 13 	 200 	 4879 	 0
1787308192322 	 18 	 200 	 4880 	 0
1787308192374 	 16 	 200 	 4881 	 0
1787308192391 	 17 	 200 	 4885 	 3
1787308192397 	 15 	 200 	 4885 	 2
1787308192402 	 18 	 200 	 4885 	 1
1787308192404 	 18 	 200 	 4886 	 1
1787308192421 	 13 	 200 	 4886 	 0
1787308192449 	 19 	 200 	 4887 	 0
1787308192484 	 15 	 200 	 4889 	 1
1787308192487 	 14 	 200 	 4889 	 0
1787308192546 	 26 	 200 	 4890 	 0
1787308192574 	 19 	 200 	 4891 	 0
1787308192632 	 16 	 200 	 4893 	 1
1787308192642 	 14 	 200 	 4894 	 1
1787308192656 	 16 	 200 	 4896 	 2
1787308192665 	 22 	 200 	 4897 	 2
1787308192667 	 21 	 200 	 4897 	 1
1787308192678 	 18 	 200 	 4898 	 1
1787308192695 	 23 	 200 	 4899 	 1
1787308192715 	 14 	 200 	 4899 	 0
1787308192739 	 14 	 200 	 4900 	 0
1787308192771 	 16 	 200 	 4902 	 1
1787308192777 	 23 	 200 	 4903 	 1
1787308192792 	 13 	 200 	 4903 	 0
1787308192838 	 20 	 200 	 4904 	 0
1787308192866 	 13 	 200 	 4905 	 0
1787308192890 	 17 	 200 	 4907 	 1
1787308192899 	 18 	 200 	 4907 	 1
1787308192919 	 14 	 200 	 4909 	 1
1787308192927 	 17 	 200 	 4910 	 1
1787308192942 	 14 	 200 	 4910 	 0
1787308192967 	 16 	 200 	 4912 	 1
1787308192976 	 13 	 200 	 4912 	 0
1787308193032 	 34 	 200 	 4914 	 1
1787308193065 	 30 	 200 	 4916 	 2
1787308193081 	 16 	 200 	 4916 	 1
1787308193104 	 14 	 200 	 4919 	 3
1787308193089 	 32 	 200 	 4919 	 2
1787308193103 	 21 	 200 	 4919 	 1
1787308193119 	 14 	 200 	 4919 	 0
1787308193150 	 14 	 200 	 4920 	 0
1787308193185 	 14 	 200 	 4921 	 0
1787308193215 	 14 	 200 	 4924 	 2
1787308193228 	 21 	 200 	 4925 	 2
1787308193228 	 20 	 200 	 4925 	 1
1787308193248 	 13 	 200 	 4925 	 0
1787308193274 	 16 	 200 	 4929 	 3
1787308193280 	 16 	 200 	 4929 	 2
1787308193283 	 17 	 200 	 4929 	 1
1787308193278 	 23 	 200 	 4929 	 0
1787308193332 	 18 	 200 	 4931 	 1
1787308193346 	 14 	 200 	 4931 	 0
1787308193367 	 12 	 200 	 4933 	 1
1787308193366 	 14 	 200 	 4933 	 0
1787308193391 	 17 	 200 	 4936 	 2
1787308193404 	 15 	 200 	 4939 	 4
1787308193407 	 20 	 200 	 4939 	 3
1787308193413 	 23 	 200 	 4939 	 2
1787308193415 	 26 	 200 	 4939 	 1
1787308193418 	 26 	 200 	 4939 	 0
1787308193446 	 12 	 200 	 4940 	 0
1787308193497 	 13 	 200 	 4941 	 0
1787308193535 	 13 	 200 	 4944 	 2
1787308193544 	 15 	 200 	 4945 	 2
1787308193543 	 16 	 200 	 4945 	 1
1787308193559 	 13 	 200 	 4945 	 0
1787308193587 	 22 	 200 	 4950 	 4
1787308193593 	 24 	 200 	 4951 	 4
1787308193602 	 17 	 200 	 4951 	 3
1787308193594 	 25 	 200 	 4952 	 3
1787308193595 	 28 	 200 	 4952 	 2
1787308193611 	 22 	 200 	 4952 	 1
1787308193621 	 14 	 200 	 4952 	 0
1787308193637 	 15 	 200 	 4956 	 3
1787308193655 	 16 	 200 	 4957 	 3
1787308193648 	 45 	 200 	 4958 	 3
1787308193646 	 47 	 200 	 4958 	 2
1787308193640 	 53 	 200 	 4958 	 1
1787308193692 	 15 	 200 	 4959 	 1
1787308193699 	 13 	 200 	 4959 	 0
1787308193724 	 16 	 200 	 4961 	 1
1787308193732 	 15 	 200 	 4962 	 1
1787308193744 	 14 	 200 	 4963 	 1
1787308193752 	 13 	 200 	 4964 	 1
1787308193764 	 12 	 200 	 4965 	 1
1787308193771 	 15 	 200 	 4965 	 0
1787308193794 	 14 	 200 	 4966 	 0
1787308193837 	 14 	 200 	 4968 	 1
1787308193848 	 15 	 200 	 4968 	 0
1787308193890 	 13 	 200 	 4969 	 0
1787308193925 	 15 	 200 	 4972 	 2
1787308193931 	 13 	 200 	 4972 	 1
1787308193928 	 40 	 200 	 4972 	 1
1787308193970 	 12 	 200 	 4974 	 1
1787308193977 	 25 	 200 	 4975 	 1
1787308193989 	 16 	 200 	 4975 	 0
1787308194016 	 14 	 200 	 4978 	 2
1787308194025 	 14 	 200 	 4979 	 2
1787308194029 	 16 	 200 	 4981 	 3
1787308194034 	 17 	 200 	 4982 	 4
1787308194041 	 15 	 200 	 4983 	 3
1787308194042 	 17 	 200 	 4983 	 2
1787308194051 	 26 	 200 	 4984 	 2
1787308194053 	 27 	 200 	 4984 	 1
1787308194076 	 16 	 200 	 4984 	 0
1787308194098 	 14 	 200 	 4985 	 0
1787308194127 	 14 	 200 	 4986 	 0
1787308194164 	 15 	 200 	 4988 	 1
1787308194166 	 18 	 200 	 4988 	 0
1787308194188 	 12 	 200 	 4989 	 0
1787308194243 	 21 	 200 	 4990 	 0
1787308194320 	 13 	 200 	 4993 	 2
1787308194333 	 15 	 200 	 4994 	 2
1787308194306 	 45 	 200 	 4994 	 1
1787308194345 	 17 	 200 	 4994 	 0
1787308194385 	 13 	 200 	 4996 	 1
1787308194383 	 15 	 200 	 4996 	 0
1787308194408 	 15 	 200 	 4998 	 1
1787308194412 	 19 	 200 	 4998 	 0
1787308194439 	 14 	 200 	 4999 	 0
1787308194465 	 14 	 200 	 5000 	 0