1788202667295 	 13 	 200 	 1 	 0
1788202667559 	 24 	 200 	 2 	 0
1788202667679 	 34 	 200 	 4 	 1
1788202667694 	 31 	 200 	 4 	 0
1788202667842 	 18 	 200 	 5 	 0
1788202668039 	 22 	 200 	 6 	 0
1788202668440 	 16 	 200 	 7 	 0
1788202668582 	 12 	 200 	 8 	 0
1788202669102 	 37 	 200 	 9 	 0
1788202669166 	 24 	 200 	 10 	 0
1788202669205 	 14 	 200 	 11 	 0
1788202669909 	 35 	 200 	 12 	 0
1788202670117 	 31 	 200 	 13 	 0
1788202670152 	 11 	 200 	 14 	 0
1788202670276 	 31 	 200 	 15 	 0
1788202670535 	 32 	 200 	 16 	 0
1788202670596 	 28 	 200 	 17 	 0
1788202671049 	 36 	 200 	 18 	 0
1788202671414 	 25 	 200 	 19 	 0
1788202671714 	 38 	 200 	 20 	 0
1788202671952 	 16 	 200 	 21 	 0
1788202672536 	 34 	 200 	 22 	 0
1788202672913 	 34 	 200 	 23 	 0
1788202673697 	 38 	 200 	 24 	 0
1788202673919 	 37 	 200 	 26 	 1
1788202673932 	 33 	 200 	 26 	 0
1788202674145 	 38 	 200 	 27 	 0
1788202674380 	 20 	 200 	 28 	 0
1788202674445 	 13 	 200 	 29 	 0
1788202675032 	 24 	 200 	 30 	 0
1788202675376 	 19 	 200 	 31 	 0
1788202675569 	 14 	 200 	 32 	 0
1788202675980 	 16 	 200 	 33 	 0
1788202676129 	 39 	 200 	 34 	 0
1788202676187 	 14 	 200 	 35 	 0
1788202676330 	 14 	 200 	 36 	 0
1788202676386 	 15 	 200 	 37 	 0
1788202676420 	 14 	 200 	 38 	 0
1788202676655 	 22 	 200 	 39 	 0
1788202677141 	 34 	 200 	 40 	 0
1788202677590 	 19 	 200 	 41 	 0
1788202677721 	 38 	 200 	 42 	 0
1788202677798 	 18 	 200 	 43 	 0
1788202678035 	 18 	 200 	 44 	 0
1788202678074 	 14 	 200 	 45 	 0
1788202678746 	 15 	 200 	 46 	 0
1788202678989 	 34 	 200 	 47 	 0
1788202679119 	 14 	 200 	 48 	 0
1788202679269 	 13 	 200 	 49 	 0
1788202679494 	 13 	 200 	 50 	 0
1788202679588 	 41 	 200 	 51 	 0
1788202679674 	 18 	 200 	 53 	 1
1788202679676 	 19 	 200 	 53 	 0
1788202679797 	 32 	 200 	 54 	 0
1788202680496 	 29 	 200 	 55 	 0
1788202680854 	 17 	 200 	 56 	 0
1788202681064 	 39 	 200 	 57 	 0
1788202681132 	 32 	 200 	 58 	 0
1788202681188 	 14 	 200 	 59 	 0
1788202681277 	 15 	 200 	 60 	 0
1788202681460 	 17 	 200 	 61 	 0
1788202681565 	 23 	 200 	 62 	 0
1788202681786 	 15 	 200 	 63 	 0
1788202682042 	 20 	 200 	 64 	 0
1788202682069 	 14 	 200 	 65 	 0
1788202682149 	 20 	 200 	 66 	 0
1788202682221 	 27 	 200 	 67 	 0
1788202682315 	 17 	 200 	 68 	 0
1788202682443 	 14 	 200 	 69 	 0
1788202682552 	 34 	 200 	 70 	 0
1788202683070 	 32 	 200 	 71 	 0
1788202683207 	 17 	 200 	 72 	 0
1788202683431 	 14 	 200 	 73 	 0
1788202683489 	 15 	 200 	 74 	 0
1788202683695 	 40 	 200 	 75 	 0
1788202683804 	 17 	 200 	 76 	 0
1788202684132 	 31 	 200 	 77 	 0
1788202684302 	 15 	 200 	 78 	 0
1788202684550 	 34 	 200 	 80 	 1
1788202684583 	 15 	 200 	 80 	 0
1788202684861 	 18 	 200 	 81 	 0
1788202685049 	 31 	 200 	 83 	 1
1788202685074 	 19 	 200 	 83 	 0
1788202685152 	 33 	 200 	 84 	 0
1788202685316 	 17 	 200 	 85 	 0
1788202685567 	 24 	 200 	 86 	 0
1788202686006 	 34 	 200 	 87 	 0
1788202686515 	 36 	 200 	 88 	 0
1788202687012 	 13 	 200 	 89 	 0
1788202687208 	 15 	 200 	 90 	 0
1788202687637 	 17 	 200 	 91 	 0
1788202687770 	 16 	 200 	 92 	 0
1788202687934 	 15 	 200 	 94 	 1
1788202687950 	 14 	 200 	 94 	 0
1788202688593 	 36 	 200 	 95 	 0
1788202688908 	 16 	 200 	 96 	 0
1788202689077 	 35 	 200 	 97 	 0
1788202689487 	 17 	 200 	 98 	 0
1788202690165 	 15 	 200 	 100 	 1
1788202690177 	 14 	 200 	 100 	 0
1788202690727 	 16 	 200 	 101 	 0
1788202690790 	 31 	 200 	 102 	 0
1788202690929 	 29 	 200 	 103 	 0
1788202691389 	 22 	 200 	 104 	 0
1788202691970 	 31 	 200 	 105 	 0
1788202692018 	 31 	 200 	 106 	 0
1788202692183 	 15 	 200 	 107 	 0
1788202692378 	 19 	 200 	 108 	 0
1788202692840 	 32 	 200 	 109 	 0
1788202693268 	 12 	 200 	 110 	 0
1788202693361 	 25 	 200 	 111 	 0
1788202693515 	 32 	 200 	 112 	 0
1788202693591 	 39 	 200 	 113 	 0
1788202693894 	 14 	 200 	 114 	 0
1788202693919 	 12 	 200 	 115 	 0
1788202694132 	 24 	 200 	 116 	 0
1788202694289 	 14 	 200 	 117 	 0
1788202694822 	 28 	 200 	 118 	 0
1788202694878 	 17 	 200 	 119 	 0
1788202695182 	 40 	 200 	 120 	 0
1788202695444 	 34 	 200 	 121 	 0
1788202695766 	 19 	 200 	 122 	 0
1788202696018 	 26 	 200 	 123 	 0
1788202696174 	 35 	 200 	 124 	 0
1788202696340 	 29 	 200 	 126 	 1
1788202696367 	 23 	 200 	 126 	 0
1788202696649 	 37 	 200 	 127 	 0
1788202696773 	 41 	 200 	 128 	 0
1788202696927 	 35 	 200 	 129 	 0
1788202697124 	 37 	 200 	 130 	 0
1788202697166 	 20 	 200 	 131 	 0
1788202697373 	 23 	 200 	 132 	 0
1788202697596 	 33 	 200 	 133 	 0
1788202698049 	 34 	 200 	 134 	 0
1788202698120 	 31 	 200 	 136 	 1
1788202698149 	 27 	 200 	 136 	 0
1788202698215 	 23 	 200 	 137 	 0
1788202698574 	 18 	 200 	 138 	 0
1788202699111 	 38 	 200 	 139 	 0
1788202699219 	 28 	 200 	 140 	 0
1788202699253 	 23 	 200 	 141 	 0
1788202699477 	 12 	 200 	 142 	 0
1788202699560 	 32 	 200 	 143 	 0
1788202699713 	 37 	 200 	 145 	 1
1788202699743 	 16 	 200 	 145 	 0
1788202700539 	 33 	 200 	 146 	 0
1788202700770 	 38 	 200 	 147 	 0
1788202700827 	 22 	 200 	 149 	 1
1788202700830 	 22 	 200 	 149 	 0
1788202700968 	 31 	 200 	 150 	 0
1788202701194 	 13 	 200 	 151 	 0
1788202701257 	 24 	 200 	 152 	 0
1788202701388 	 13 	 200 	 153 	 0
1788202701469 	 26 	 200 	 154 	 0
1788202702034 	 33 	 200 	 155 	 0
1788202702076 	 15 	 200 	 156 	 0
1788202702579 	 39 	 200 	 157 	 0
1788202702811 	 35 	 200 	 158 	 0
1788202703585 	 21 	 200 	 159 	 0
1788202703829 	 14 	 200 	 160 	 0
1788202703910 	 23 	 200 	 161 	 0
1788202704096 	 29 	 200 	 162 	 0
1788202704196 	 18 	 200 	 163 	 0
1788202704242 	 12 	 200 	 164 	 0
1788202704624 	 25 	 200 	 166 	 1
1788202704635 	 16 	 200 	 166 	 0
1788202705231 	 35 	 200 	 168 	 1
1788202705233 	 33 	 200 	 168 	 0
1788202705507 	 20 	 200 	 169 	 0
1788202706001 	 31 	 200 	 170 	 0
1788202706044 	 34 	 200 	 171 	 0
1788202706657 	 32 	 200 	 173 	 1
1788202706686 	 12 	 200 	 173 	 0
1788202707061 	 34 	 200 	 175 	 1
1788202707059 	 43 	 200 	 175 	 0
1788202707323 	 38 	 200 	 177 	 1
1788202707336 	 31 	 200 	 177 	 0
1788202707510 	 16 	 200 	 178 	 0
1788202707967 	 23 	 200 	 180 	 1
1788202707983 	 13 	 200 	 180 	 0
1788202708598 	 37 	 200 	 182 	 1
1788202708615 	 35 	 200 	 182 	 0
1788202708885 	 15 	 200 	 183 	 0
1788202709032 	 12 	 200 	 184 	 0
1788202709129 	 39 	 200 	 185 	 0
1788202709206 	 18 	 200 	 186 	 0
1788202709271 	 39 	 200 	 187 	 0
1788202709355 	 14 	 200 	 188 	 0
1788202709530 	 32 	 200 	 189 	 0
1788202709594 	 13 	 200 	 190 	 0
1788202709716 	 42 	 200 	 191 	 0
1788202710481 	 32 	 200 	 192 	 0
1788202710719 	 36 	 200 	 193 	 0
1788202710860 	 31 	 200 	 194 	 0
1788202710948 	 31 	 200 	 195 	 0
1788202710984 	 11 	 200 	 196 	 0
1788202711143 	 15 	 200 	 197 	 0
1788202711178 	 16 	 200 	 198 	 0
1788202711815 	 35 	 200 	 199 	 0
1788202712011 	 21 	 200 	 200 	 0
1788202712044 	 23 	 200 	 201 	 0
1788202712205 	 13 	 200 	 202 	 0
1788202712641 	 39 	 200 	 204 	 1
1788202712659 	 25 	 200 	 204 	 0
1788202712986 	 24 	 200 	 205 	 0
1788202713317 	 37 	 200 	 207 	 1
1788202713320 	 36 	 200 	 207 	 0
1788202713384 	 12 	 200 	 208 	 0
1788202713568 	 23 	 200 	 210 	 1
1788202713573 	 18 	 200 	 210 	 0
1788202713674 	 37 	 200 	 212 	 1
1788202713690 	 36 	 200 	 212 	 0
1788202713802 	 13 	 200 	 213 	 0
1788202713986 	 14 	 200 	 214 	 0
1788202714055 	 39 	 200 	 215 	 0
1788202714176 	 13 	 200 	 216 	 0
1788202714711 	 33 	 200 	 217 	 0
1788202714770 	 12 	 200 	 218 	 0
1788202714996 	 40 	 200 	 219 	 0
1788202715404 	 16 	 200 	 220 	 0
1788202715492 	 17 	 200 	 221 	 0
1788202716658 	 32 	 200 	 222 	 0
1788202716776 	 13 	 200 	 223 	 0
1788202716988 	 14 	 200 	 225 	 1
1788202717000 	 12 	 200 	 225 	 0
1788202717353 	 41 	 200 	 226 	 0
1788202717396 	 18 	 200 	 227 	 0
1788202717431 	 16 	 200 	 228 	 0
1788202717626 	 12 	 200 	 229 	 0
1788202717688 	 13 	 200 	 230 	 0
1788202717809 	 15 	 200 	 231 	 0
1788202717850 	 14 	 200 	 232 	 0
1788202718095 	 18 	 200 	 233 	 0
1788202718274 	 19 	 200 	 234 	 0
1788202718337 	 32 	 200 	 235 	 0
1788202718498 	 12 	 200 	 236 	 0
1788202718661 	 36 	 200 	 237 	 0
1788202718854 	 31 	 200 	 238 	 0
1788202719096 	 12 	 200 	 239 	 0
1788202719315 	 14 	 200 	 240 	 0
1788202719386 	 12 	 200 	 241 	 0
1788202719552 	 52 	 200 	 242 	 0
1788202719811 	 27 	 200 	 243 	 0
1788202720127 	 18 	 200 	 244 	 0
1788202720177 	 16 	 200 	 245 	 0
1788202720685 	 34 	 200 	 246 	 0
1788202720860 	 30 	 200 	 247 	 0
1788202720971 	 22 	 200 	 248 	 0
1788202721265 	 33 	 200 	 249 	 0
1788202721668 	 31 	 200 	 250 	 0
1788202721713 	 31 	 200 	 251 	 0
1788202722103 	 15 	 200 	 252 	 0
1788202722182 	 22 	 200 	 254 	 1
1788202722191 	 24 	 200 	 254 	 0
1788202722288 	 28 	 200 	 255 	 0
1788202722375 	 18 	 200 	 256 	 0
1788202722414 	 13 	 200 	 257 	 0
1788202722669 	 22 	 200 	 258 	 0
1788202722714 	 37 	 200 	 259 	 0
1788202722887 	 14 	 200 	 260 	 0
1788202723997 	 15 	 200 	 261 	 0
1788202724232 	 22 	 200 	 262 	 0
1788202724534 	 27 	 200 	 263 	 0
1788202724714 	 33 	 200 	 264 	 0
1788202724751 	 22 	 200 	 265 	 0
1788202724789 	 14 	 200 	 266 	 0
1788202724897 	 14 	 200 	 267 	 0
1788202725033 	 39 	 200 	 268 	 0
1788202725098 	 12 	 200 	 269 	 0
1788202725263 	 34 	 200 	 270 	 0
1788202725326 	 14 	 200 	 271 	 0
1788202725466 	 13 	 200 	 272 	 0
1788202725588 	 13 	 200 	 273 	 0
1788202725732 	 38 	 200 	 274 	 0
1788202725781 	 12 	 200 	 275 	 0
1788202725886 	 15 	 200 	 276 	 0
1788202726008 	 15 	 200 	 277 	 0
1788202726553 	 35 	 200 	 279 	 1
1788202726586 	 24 	 200 	 279 	 0
1788202726718 	 32 	 200 	 280 	 0
1788202726943 	 33 	 200 	 281 	 0
1788202727255 	 28 	 200 	 282 	 0
1788202727314 	 13 	 200 	 283 	 0
1788202727430 	 27 	 200 	 284 	 0
1788202727717 	 36 	 200 	 285 	 0
1788202727939 	 62 	 200 	 287 	 1
1788202727906 	 97 	 200 	 287 	 0
1788202728058 	 26 	 200 	 289 	 1
1788202728072 	 14 	 200 	 289 	 0
1788202728166 	 25 	 200 	 290 	 0
1788202728549 	 12 	 200 	 292 	 1
1788202728369 	 237 	 200 	 292 	 0
1788202728728 	 12 	 200 	 293 	 0
1788202728891 	 14 	 200 	 294 	 0
1788202728962 	 30 	 200 	 295 	 0
1788202729560 	 13 	 200 	 296 	 0
1788202729609 	 12 	 200 	 297 	 0
1788202729912 	 15 	 200 	 298 	 0
1788202729938 	 20 	 200 	 299 	 0
1788202730187 	 16 	 200 	 301 	 1
1788202729971 	 348 	 200 	 301 	 0
1788202731517 	 37 	 200 	 303 	 1
1788202731523 	 33 	 200 	 303 	 0
1788202731622 	 14 	 200 	 304 	 0
1788202731902 	 14 	 200 	 305 	 0
1788202732060 	 17 	 200 	 306 	 0
1788202732150 	 13 	 200 	 307 	 0
1788202732542 	 15 	 200 	 308 	 0
1788202733159 	 23 	 200 	 309 	 0
1788202733201 	 13 	 200 	 310 	 0
1788202733604 	 33 	 200 	 311 	 0
1788202733786 	 16 	 200 	 313 	 1
1788202733806 	 11 	 200 	 314 	 1
1788202733734 	 108 	 200 	 315 	 1
1788202733824 	 29 	 200 	 315 	 0
1788202733944 	 18 	 200 	 316 	 0
1788202733999 	 37 	 200 	 317 	 0
1788202734313 	 27 	 200 	 318 	 0
1788202734416 	 15 	 200 	 320 	 1
1788202734409 	 22 	 200 	 320 	 0
1788202734754 	 40 	 200 	 321 	 0
1788202734955 	 22 	 200 	 322 	 0
1788202735002 	 13 	 200 	 323 	 0
1788202735034 	 30 	 200 	 324 	 0
1788202735376 	 20 	 200 	 325 	 0
1788202735553 	 34 	 200 	 326 	 0
1788202735782 	 14 	 200 	 327 	 0
1788202735919 	 13 	 200 	 328 	 0
1788202736681 	 12 	 200 	 329 	 0
1788202736844 	 28 	 200 	 330 	 0
1788202736901 	 33 	 200 	 331 	 0
1788202737248 	 14 	 200 	 332 	 0
1788202737315 	 14 	 200 	 333 	 0
1788202737388 	 16 	 200 	 334 	 0
1788202737550 	 26 	 200 	 335 	 0
1788202737779 	 36 	 200 	 337 	 1
1788202737813 	 24 	 200 	 337 	 0
1788202737996 	 41 	 200 	 338 	 0
1788202738466 	 13 	 200 	 339 	 0
1788202738507 	 14 	 200 	 341 	 1
1788202738510 	 17 	 200 	 341 	 0
1788202738927 	 20 	 200 	 342 	 0
1788202739321 	 17 	 200 	 343 	 0
1788202739576 	 13 	 200 	 344 	 0
1788202739784 	 13 	 200 	 345 	 0
1788202739927 	 33 	 200 	 346 	 0
1788202740330 	 27 	 200 	 348 	 1
1788202740353 	 14 	 200 	 348 	 0
1788202740550 	 27 	 200 	 349 	 0
1788202740616 	 32 	 200 	 350 	 0
1788202740726 	 36 	 200 	 351 	 0
1788202741238 	 12 	 200 	 353 	 1
1788202741245 	 12 	 200 	 353 	 0
1788202741639 	 33 	 200 	 354 	 0
1788202741680 	 37 	 200 	 355 	 0
1788202741791 	 12 	 200 	 356 	 0
1788202741855 	 16 	 200 	 357 	 0
1788202742166 	 32 	 200 	 358 	 0
1788202742317 	 33 	 200 	 360 	 1
1788202742325 	 37 	 200 	 360 	 0
1788202742402 	 13 	 200 	 361 	 0
1788202742506 	 13 	 200 	 362 	 0
1788202742608 	 31 	 200 	 363 	 0
1788202742671 	 14 	 200 	 364 	 0
1788202742865 	 31 	 200 	 365 	 0
1788202743081 	 33 	 200 	 366 	 0
1788202743204 	 40 	 200 	 368 	 1
1788202743227 	 47 	 200 	 368 	 0
1788202743379 	 13 	 200 	 369 	 0
1788202743434 	 38 	 200 	 370 	 0
1788202744216 	 23 	 200 	 371 	 0
1788202744267 	 37 	 200 	 372 	 0
1788202744410 	 34 	 200 	 373 	 0
1788202744550 	 27 	 200 	 374 	 0
1788202744746 	 30 	 200 	 375 	 0
1788202744858 	 23 	 200 	 376 	 0
1788202744984 	 13 	 200 	 377 	 0
1788202745123 	 14 	 200 	 378 	 0
1788202745161 	 30 	 200 	 379 	 0
1788202745377 	 14 	 200 	 380 	 0
1788202745750 	 24 	 200 	 382 	 1
1788202745770 	 14 	 200 	 382 	 0
1788202746279 	 16 	 200 	 383 	 0
1788202746836 	 35 	 200 	 385 	 1
1788202746859 	 30 	 200 	 385 	 0
1788202747022 	 36 	 200 	 388 	 2
1788202747038 	 32 	 200 	 388 	 1
1788202747056 	 21 	 200 	 388 	 0
1788202747257 	 14 	 200 	 389 	 0
1788202747399 	 15 	 200 	 392 	 2
1788202747407 	 16 	 200 	 392 	 1
1788202747390 	 40 	 200 	 392 	 0
1788202747644 	 38 	 200 	 393 	 0
1788202747707 	 14 	 200 	 394 	 0
1788202748245 	 33 	 200 	 396 	 1
1788202748255 	 29 	 200 	 396 	 0
1788202748551 	 31 	 200 	 397 	 0
1788202748622 	 13 	 200 	 398 	 0
1788202749035 	 35 	 200 	 400 	 1
1788202749051 	 31 	 200 	 400 	 0
1788202749310 	 13 	 200 	 401 	 0
1788202750129 	 38 	 200 	 403 	 1
1788202750147 	 21 	 200 	 403 	 0
1788202750303 	 32 	 200 	 404 	 0
1788202750361 	 23 	 200 	 405 	 0
1788202750652 	 39 	 200 	 406 	 0
1788202750902 	 31 	 200 	 407 	 0
1788202751010 	 17 	 200 	 409 	 1
1788202751009 	 18 	 200 	 409 	 0
1788202751536 	 33 	 200 	 410 	 0
1788202751710 	 18 	 200 	 411 	 0
1788202751929 	 13 	 200 	 412 	 0
1788202752071 	 26 	 200 	 413 	 0
1788202752123 	 35 	 200 	 414 	 0
1788202752315 	 22 	 200 	 415 	 0
1788202752697 	 16 	 200 	 416 	 0
1788202752925 	 35 	 200 	 417 	 0
1788202753129 	 40 	 200 	 418 	 0
1788202753578 	 34 	 200 	 419 	 0
1788202753703 	 13 	 200 	 420 	 0
1788202753721 	 12 	 200 	 421 	 0
1788202753910 	 16 	 200 	 422 	 0
1788202753982 	 33 	 200 	 423 	 0
1788202754191 	 21 	 200 	 425 	 1
1788202754205 	 13 	 200 	 425 	 0
1788202754396 	 12 	 200 	 426 	 0
1788202754797 	 15 	 200 	 427 	 0
1788202755052 	 28 	 200 	 428 	 0
1788202755479 	 13 	 200 	 429 	 0
1788202755612 	 51 	 200 	 430 	 0
1788202755694 	 13 	 200 	 431 	 0
1788202755795 	 21 	 200 	 432 	 0
1788202756323 	 14 	 200 	 433 	 0
1788202756479 	 15 	 200 	 434 	 0
1788202756683 	 12 	 200 	 435 	 0
1788202756821 	 32 	 200 	 436 	 0
1788202756884 	 13 	 200 	 437 	 0
1788202757142 	 39 	 200 	 438 	 0
1788202757208 	 22 	 200 	 439 	 0
1788202757285 	 34 	 200 	 440 	 0
1788202757334 	 12 	 200 	 441 	 0
1788202757369 	 15 	 200 	 442 	 0
1788202757746 	 34 	 200 	 443 	 0
1788202757903 	 15 	 200 	 444 	 0
1788202758109 	 58 	 200 	 445 	 0
1788202758481 	 22 	 200 	 447 	 1
1788202758496 	 16 	 200 	 447 	 0
1788202758790 	 19 	 200 	 448 	 0
1788202758923 	 39 	 200 	 449 	 0
1788202759011 	 40 	 200 	 451 	 1
1788202759031 	 31 	 200 	 451 	 0
1788202759126 	 26 	 200 	 452 	 0
1788202760159 	 35 	 200 	 453 	 0
1788202760276 	 35 	 200 	 454 	 0
1788202760461 	 24 	 200 	 455 	 0
1788202760753 	 34 	 200 	 456 	 0
1788202760812 	 15 	 200 	 457 	 0
1788202760989 	 41 	 200 	 458 	 0
1788202761255 	 15 	 200 	 459 	 0
1788202761610 	 38 	 200 	 460 	 0
1788202761848 	 32 	 200 	 462 	 1
1788202761881 	 13 	 200 	 462 	 0
1788202762074 	 18 	 200 	 464 	 1
1788202762079 	 16 	 200 	 464 	 0
1788202762301 	 81 	 200 	 466 	 1
1788202762347 	 36 	 200 	 466 	 0
1788202762687 	 22 	 200 	 468 	 1
1788202762709 	 12 	 200 	 468 	 0
1788202762750 	 34 	 200 	 469 	 0
1788202762865 	 33 	 200 	 470 	 0
1788202763109 	 19 	 200 	 472 	 1
1788202763128 	 16 	 200 	 472 	 0
1788202763187 	 30 	 200 	 473 	 0
1788202763364 	 15 	 200 	 474 	 0
1788202763801 	 34 	 200 	 476 	 1
1788202763830 	 27 	 200 	 476 	 0
1788202764528 	 39 	 200 	 478 	 1
1788202764557 	 24 	 200 	 478 	 0
1788202765862 	 25 	 200 	 479 	 0
1788202765973 	 16 	 200 	 480 	 0
1788202766019 	 14 	 200 	 481 	 0
1788202766127 	 35 	 200 	 484 	 2
1788202766138 	 38 	 200 	 484 	 1
1788202766150 	 28 	 200 	 484 	 0
1788202766463 	 29 	 200 	 485 	 0
1788202766731 	 31 	 200 	 487 	 1
1788202766734 	 33 	 200 	 487 	 0
1788202767358 	 20 	 200 	 488 	 0
1788202767425 	 14 	 200 	 490 	 1
1788202767436 	 12 	 200 	 490 	 0
1788202767693 	 34 	 200 	 491 	 0
1788202767766 	 22 	 200 	 492 	 0
1788202767796 	 12 	 200 	 493 	 0
1788202768119 	 13 	 200 	 494 	 0
1788202768265 	 40 	 200 	 496 	 1
1788202768273 	 34 	 200 	 496 	 0
1788202768315 	 23 	 200 	 497 	 0
1788202768733 	 15 	 200 	 498 	 0
1788202768872 	 16 	 200 	 499 	 0
1788202769127 	 38 	 200 	 500 	 0
1788202769175 	 33 	 200 	 501 	 0
1788202770257 	 29 	 200 	 502 	 0
1788202770330 	 25 	 200 	 503 	 0
1788202770863 	 38 	 200 	 504 	 0
1788202771412 	 19 	 200 	 505 	 0
1788202771477 	 19 	 200 	 506 	 0
1788202771723 	 30 	 200 	 507 	 0
1788202771981 	 33 	 200 	 508 	 0
1788202772090 	 14 	 200 	 509 	 0
1788202772215 	 14 	 200 	 510 	 0
1788202772275 	 38 	 200 	 511 	 0
1788202772335 	 29 	 200 	 512 	 0
1788202772454 	 29 	 200 	 513 	 0
1788202772887 	 13 	 200 	 514 	 0
1788202773297 	 12 	 200 	 515 	 0
1788202773483 	 36 	 200 	 516 	 0
1788202773604 	 34 	 200 	 518 	 1
1788202773631 	 33 	 200 	 518 	 0
1788202773809 	 40 	 200 	 519 	 0
1788202774020 	 16 	 200 	 520 	 0
1788202774068 	 30 	 200 	 521 	 0
1788202774140 	 40 	 200 	 522 	 0
1788202774273 	 33 	 200 	 523 	 0
1788202774673 	 33 	 200 	 524 	 0
1788202774733 	 36 	 200 	 525 	 0
1788202774960 	 16 	 200 	 526 	 0
1788202775237 	 19 	 200 	 527 	 0
1788202776211 	 25 	 200 	 528 	 0
1788202776353 	 35 	 200 	 529 	 0
1788202776443 	 34 	 200 	 530 	 0
1788202776488 	 12 	 200 	 531 	 0
1788202776528 	 14 	 200 	 532 	 0
1788202776578 	 13 	 200 	 533 	 0
1788202776616 	 23 	 200 	 534 	 0
1788202776710 	 26 	 200 	 535 	 0
1788202777558 	 14 	 200 	 536 	 0
1788202777635 	 32 	 200 	 537 	 0
1788202777984 	 16 	 200 	 538 	 0
1788202778174 	 24 	 200 	 539 	 0
1788202778417 	 20 	 200 	 540 	 0
1788202778610 	 37 	 200 	 541 	 0
1788202778855 	 22 	 200 	 542 	 0
1788202778976 	 29 	 200 	 543 	 0
1788202779105 	 36 	 200 	 544 	 0
1788202779402 	 33 	 200 	 545 	 0
1788202779456 	 13 	 200 	 546 	 0
1788202779534 	 32 	 200 	 547 	 0
1788202779748 	 37 	 200 	 548 	 0
1788202779820 	 21 	 200 	 549 	 0
1788202779960 	 15 	 200 	 550 	 0
1788202780033 	 26 	 200 	 551 	 0
1788202780118 	 34 	 200 	 552 	 0
1788202780278 	 22 	 200 	 553 	 0
1788202780329 	 16 	 200 	 554 	 0
1788202780352 	 19 	 200 	 555 	 0
1788202780485 	 16 	 200 	 556 	 0
1788202780658 	 15 	 200 	 557 	 0
1788202780686 	 15 	 200 	 558 	 0
1788202780933 	 31 	 200 	 559 	 0
1788202781103 	 13 	 200 	 560 	 0
1788202781576 	 21 	 200 	 561 	 0
1788202781694 	 27 	 200 	 563 	 1
1788202781687 	 38 	 200 	 563 	 0
1788202782230 	 32 	 200 	 564 	 0
1788202782382 	 14 	 200 	 565 	 0
1788202782542 	 24 	 200 	 566 	 0
1788202782702 	 14 	 200 	 567 	 0
1788202782844 	 24 	 200 	 568 	 0
1788202783353 	 13 	 200 	 569 	 0
1788202783476 	 12 	 200 	 570 	 0
1788202783952 	 17 	 200 	 571 	 0
1788202784616 	 25 	 200 	 572 	 0
1788202784971 	 16 	 200 	 573 	 0
1788202785146 	 28 	 200 	 574 	 0
1788202785491 	 13 	 200 	 575 	 0
1788202785600 	 37 	 200 	 576 	 0
1788202786190 	 19 	 200 	 578 	 1
1788202786191 	 19 	 200 	 578 	 0
1788202786323 	 34 	 200 	 579 	 0
1788202786491 	 13 	 200 	 580 	 0
1788202786780 	 40 	 200 	 581 	 0
1788202786884 	 19 	 200 	 582 	 0
1788202787003 	 20 	 200 	 583 	 0
1788202787372 	 17 	 200 	 584 	 0
1788202787559 	 29 	 200 	 585 	 0
1788202787697 	 40 	 200 	 586 	 0
1788202787953 	 13 	 200 	 587 	 0
1788202788057 	 21 	 200 	 588 	 0
1788202788651 	 29 	 200 	 589 	 0
1788202788699 	 18 	 200 	 590 	 0
1788202788739 	 12 	 200 	 591 	 0
1788202788874 	 12 	 200 	 592 	 0
1788202789240 	 20 	 200 	 593 	 0
1788202789743 	 42 	 200 	 594 	 0
1788202789942 	 34 	 200 	 595 	 0
1788202790110 	 14 	 200 	 596 	 0
1788202790139 	 11 	 200 	 597 	 0
1788202790236 	 26 	 200 	 598 	 0
1788202790373 	 18 	 200 	 599 	 0
1788202790590 	 38 	 200 	 600 	 0
1788202790964 	 30 	 200 	 601 	 0
1788202791024 	 33 	 200 	 602 	 0
1788202791118 	 31 	 200 	 603 	 0
1788202791605 	 16 	 200 	 604 	 0
1788202791838 	 16 	 200 	 605 	 0
1788202791914 	 21 	 200 	 606 	 0
1788202792299 	 39 	 200 	 608 	 1
1788202792315 	 27 	 200 	 608 	 0
1788202792674 	 31 	 200 	 609 	 0
1788202792733 	 14 	 200 	 610 	 0
1788202792816 	 12 	 200 	 611 	 0
1788202792869 	 13 	 200 	 612 	 0
1788202792898 	 12 	 200 	 613 	 0
1788202792918 	 11 	 200 	 614 	 0
1788202792940 	 14 	 200 	 616 	 1
1788202792950 	 15 	 200 	 616 	 0
1788202793191 	 34 	 200 	 617 	 0
1788202793346 	 17 	 200 	 618 	 0
1788202793503 	 17 	 200 	 619 	 1
1788202793521 	 13 	 200 	 620 	 0
1788202793647 	 38 	 200 	 621 	 0
1788202793751 	 23 	 200 	 622 	 0
1788202793883 	 35 	 200 	 623 	 0
1788202794046 	 35 	 200 	 625 	 1
1788202794049 	 35 	 200 	 625 	 0
1788202794819 	 24 	 200 	 626 	 0
1788202795058 	 14 	 200 	 628 	 1
1788202795067 	 15 	 200 	 629 	 1
1788202795079 	 14 	 200 	 629 	 0
1788202795126 	 16 	 200 	 630 	 0
1788202795441 	 38 	 200 	 632 	 1
1788202795461 	 25 	 200 	 632 	 0
1788202795664 	 35 	 200 	 633 	 0
1788202795719 	 36 	 200 	 634 	 0
1788202795910 	 39 	 200 	 636 	 1
1788202795928 	 24 	 200 	 636 	 0
1788202796370 	 20 	 200 	 637 	 0
1788202796425 	 30 	 200 	 638 	 0
1788202797404 	 13 	 200 	 639 	 0
1788202797569 	 14 	 200 	 640 	 0
1788202797744 	 34 	 200 	 642 	 1
1788202797747 	 34 	 200 	 642 	 0
1788202797792 	 19 	 200 	 643 	 0
1788202797898 	 27 	 200 	 644 	 0
1788202797984 	 14 	 200 	 645 	 0
1788202799016 	 38 	 200 	 646 	 0
1788202799074 	 20 	 200 	 647 	 0
1788202799239 	 13 	 200 	 648 	 0
1788202799261 	 12 	 200 	 649 	 0
1788202799467 	 37 	 200 	 650 	 0
1788202799620 	 15 	 200 	 651 	 0
1788202799636 	 13 	 200 	 652 	 0
1788202799674 	 37 	 200 	 653 	 0
1788202799832 	 33 	 200 	 654 	 0
1788202799935 	 35 	 200 	 655 	 0
1788202800025 	 47 	 200 	 657 	 1
1788202800056 	 19 	 200 	 657 	 0
1788202800089 	 18 	 200 	 658 	 0
1788202800115 	 13 	 200 	 659 	 0
1788202800447 	 24 	 200 	 660 	 0
1788202800481 	 15 	 200 	 661 	 0
1788202800757 	 17 	 200 	 662 	 0
1788202800801 	 16 	 200 	 663 	 0
1788202801069 	 24 	 200 	 664 	 0
1788202801176 	 37 	 200 	 665 	 0
1788202801700 	 37 	 200 	 666 	 0
1788202801986 	 14 	 200 	 667 	 0
1788202802029 	 19 	 200 	 668 	 0
1788202802364 	 23 	 200 	 669 	 0
1788202802599 	 40 	 200 	 670 	 0
1788202802739 	 23 	 200 	 671 	 0
1788202802854 	 29 	 200 	 674 	 2
1788202802863 	 24 	 200 	 674 	 1
1788202802857 	 31 	 200 	 674 	 0
1788202803118 	 41 	 200 	 675 	 0
1788202803243 	 16 	 200 	 677 	 1
1788202803255 	 14 	 200 	 677 	 0
1788202803326 	 13 	 200 	 678 	 0
1788202803515 	 12 	 200 	 679 	 0
1788202803636 	 24 	 200 	 680 	 0
1788202804422 	 27 	 200 	 681 	 0
1788202804732 	 35 	 200 	 682 	 0
1788202805015 	 45 	 200 	 683 	 0
1788202805273 	 18 	 200 	 684 	 0
1788202805325 	 15 	 200 	 685 	 0
1788202805467 	 24 	 200 	 686 	 0
1788202805838 	 19 	 200 	 687 	 0
1788202805862 	 14 	 200 	 688 	 0
1788202806032 	 37 	 200 	 689 	 0
1788202806379 	 16 	 200 	 690 	 0
1788202806684 	 12 	 200 	 691 	 0
1788202806750 	 40 	 200 	 692 	 0
1788202807398 	 34 	 200 	 693 	 0
1788202807755 	 28 	 200 	 694 	 0
1788202808119 	 21 	 200 	 695 	 0
1788202808293 	 16 	 200 	 696 	 0
1788202808358 	 21 	 200 	 697 	 0
1788202808799 	 12 	 200 	 698 	 0
1788202809077 	 32 	 200 	 699 	 0
1788202809197 	 26 	 200 	 700 	 0
1788202809773 	 19 	 200 	 701 	 0
1788202809953 	 30 	 200 	 702 	 0
1788202810012 	 38 	 200 	 703 	 0
1788202810241 	 14 	 200 	 704 	 0
1788202810687 	 37 	 200 	 705 	 0
1788202811139 	 45 	 200 	 706 	 0
1788202811218 	 26 	 200 	 707 	 0
1788202811405 	 28 	 200 	 708 	 0
1788202811645 	 22 	 200 	 709 	 0
1788202811775 	 15 	 200 	 710 	 0
1788202812032 	 14 	 200 	 711 	 0
1788202812196 	 12 	 200 	 712 	 0
1788202812403 	 22 	 200 	 713 	 0
1788202812481 	 25 	 200 	 714 	 0
1788202812730 	 43 	 200 	 715 	 0
1788202812813 	 13 	 200 	 717 	 1
1788202812811 	 16 	 200 	 717 	 0
1788202813601 	 34 	 200 	 718 	 0
1788202814004 	 34 	 200 	 720 	 1
1788202814010 	 36 	 200 	 720 	 0
1788202814239 	 24 	 200 	 721 	 0
1788202815056 	 35 	 200 	 722 	 0
1788202815296 	 25 	 200 	 723 	 0
1788202815675 	 19 	 200 	 724 	 0
1788202815706 	 12 	 200 	 725 	 0
1788202815833 	 17 	 200 	 727 	 1
1788202815851 	 13 	 200 	 727 	 0
1788202815886 	 37 	 200 	 729 	 1
1788202815904 	 28 	 200 	 729 	 0
1788202815968 	 21 	 200 	 730 	 0
1788202816035 	 22 	 200 	 732 	 1
1788202816047 	 18 	 200 	 732 	 0
1788202816099 	 31 	 200 	 733 	 0
1788202816416 	 32 	 200 	 734 	 0
1788202816501 	 16 	 200 	 735 	 0
1788202816586 	 35 	 200 	 736 	 0
1788202816627 	 32 	 200 	 737 	 0
1788202817010 	 37 	 200 	 738 	 0
1788202817161 	 33 	 200 	 739 	 0
1788202817428 	 35 	 200 	 740 	 0
1788202817514 	 16 	 200 	 741 	 0
1788202817783 	 18 	 200 	 742 	 0
1788202817805 	 14 	 200 	 743 	 0
1788202817915 	 35 	 200 	 744 	 0
1788202818097 	 31 	 200 	 745 	 0
1788202818165 	 26 	 200 	 748 	 2
1788202818187 	 14 	 200 	 748 	 1
1788202818168 	 37 	 200 	 748 	 0
1788202818261 	 33 	 200 	 749 	 0
1788202819854 	 34 	 200 	 750 	 0
1788202819917 	 20 	 200 	 751 	 0
1788202820071 	 20 	 200 	 752 	 0
1788202820557 	 37 	 200 	 753 	 0
1788202820793 	 24 	 200 	 755 	 1
1788202820791 	 29 	 200 	 755 	 0
1788202820883 	 16 	 200 	 756 	 0
1788202820934 	 17 	 200 	 757 	 0
1788202821140 	 37 	 200 	 759 	 1
1788202821148 	 32 	 200 	 759 	 0
1788202821709 	 27 	 200 	 760 	 0
1788202821845 	 12 	 200 	 761 	 0
1788202822011 	 16 	 200 	 762 	 0
1788202822060 	 14 	 200 	 763 	 0
1788202822205 	 38 	 200 	 764 	 0
1788202822286 	 33 	 200 	 765 	 0
1788202822672 	 33 	 200 	 766 	 0
1788202822841 	 15 	 200 	 767 	 0
1788202822927 	 13 	 200 	 768 	 0
1788202823052 	 29 	 200 	 769 	 0
1788202823350 	 29 	 200 	 770 	 0
1788202823394 	 29 	 200 	 772 	 1
1788202823416 	 20 	 200 	 772 	 0
1788202823441 	 12 	 200 	 773 	 0
1788202823777 	 26 	 200 	 775 	 1
1788202823794 	 19 	 200 	 775 	 0
1788202823975 	 35 	 200 	 776 	 0
1788202824452 	 12 	 200 	 777 	 0
1788202824843 	 15 	 200 	 778 	 0
1788202824884 	 25 	 200 	 779 	 0
1788202825140 	 14 	 200 	 780 	 0
1788202826026 	 32 	 200 	 781 	 0
1788202826149 	 13 	 200 	 782 	 0
1788202826253 	 38 	 200 	 783 	 0
1788202826771 	 32 	 200 	 784 	 0
1788202826919 	 28 	 200 	 786 	 1
1788202826938 	 23 	 200 	 787 	 1
1788202826954 	 21 	 200 	 787 	 0
1788202827243 	 13 	 200 	 788 	 0
1788202828369 	 21 	 200 	 789 	 0
1788202828436 	 23 	 200 	 791 	 1
1788202828451 	 14 	 200 	 791 	 0
1788202828903 	 38 	 200 	 792 	 0
1788202829036 	 36 	 200 	 793 	 0
1788202829171 	 38 	 200 	 794 	 0
1788202829353 	 19 	 200 	 795 	 0
1788202829417 	 32 	 200 	 796 	 0
1788202829764 	 17 	 200 	 797 	 0
1788202829842 	 18 	 200 	 798 	 0
1788202830096 	 32 	 200 	 799 	 0
1788202830511 	 23 	 200 	 801 	 1
1788202830534 	 16 	 200 	 801 	 0
1788202830614 	 26 	 200 	 802 	 0
1788202830810 	 25 	 200 	 803 	 0
1788202830959 	 25 	 200 	 804 	 0
1788202830999 	 13 	 200 	 805 	 0
1788202831508 	 18 	 200 	 806 	 0
1788202831723 	 37 	 200 	 808 	 1
1788202831752 	 23 	 200 	 808 	 0
1788202831801 	 19 	 200 	 809 	 0
1788202832354 	 35 	 200 	 810 	 0
1788202832711 	 33 	 200 	 811 	 0
1788202833000 	 18 	 200 	 812 	 0
1788202833042 	 36 	 200 	 814 	 1
1788202833073 	 23 	 200 	 814 	 0
1788202833165 	 32 	 200 	 817 	 2
1788202833171 	 29 	 200 	 817 	 1
1788202833163 	 38 	 200 	 817 	 0
1788202833323 	 15 	 200 	 818 	 0
1788202833479 	 21 	 200 	 819 	 0
1788202834084 	 15 	 200 	 820 	 0
1788202834258 	 16 	 200 	 822 	 1
1788202834262 	 13 	 200 	 822 	 0
1788202834344 	 22 	 200 	 824 	 1
1788202834358 	 17 	 200 	 824 	 0
1788202834600 	 15 	 200 	 825 	 0
1788202834718 	 37 	 200 	 826 	 0
1788202834874 	 23 	 200 	 828 	 1
1788202834872 	 28 	 200 	 828 	 0
1788202835065 	 22 	 200 	 830 	 1
1788202835048 	 44 	 200 	 830 	 0
1788202835142 	 18 	 200 	 831 	 0
1788202835546 	 22 	 200 	 832 	 0
1788202835642 	 16 	 200 	 833 	 0
1788202836005 	 12 	 200 	 834 	 0
1788202836144 	 16 	 200 	 835 	 0
1788202836200 	 33 	 200 	 836 	 0
1788202836478 	 25 	 200 	 837 	 0
1788202836570 	 31 	 200 	 838 	 0
1788202836664 	 26 	 200 	 839 	 0
1788202837022 	 16 	 200 	 840 	 0
1788202837047 	 12 	 200 	 841 	 0
1788202837072 	 14 	 200 	 842 	 0
1788202837475 	 17 	 200 	 844 	 1
1788202837480 	 18 	 200 	 844 	 0
1788202837712 	 39 	 200 	 846 	 1
1788202837732 	 20 	 200 	 846 	 0
1788202837822 	 24 	 200 	 847 	 0
1788202838050 	 29 	 200 	 849 	 1
1788202838078 	 16 	 200 	 849 	 0
1788202838638 	 38 	 200 	 851 	 1
1788202838660 	 30 	 200 	 851 	 0
1788202838815 	 14 	 200 	 853 	 1
1788202838812 	 18 	 200 	 853 	 0
1788202838965 	 30 	 200 	 854 	 0
1788202839104 	 14 	 200 	 856 	 1
1788202839108 	 13 	 200 	 856 	 0
1788202839189 	 14 	 200 	 857 	 0
1788202839435 	 27 	 200 	 858 	 0
1788202839475 	 32 	 200 	 859 	 0
1788202839877 	 16 	 200 	 860 	 0
1788202840190 	 16 	 200 	 861 	 0
1788202840245 	 13 	 200 	 862 	 0
1788202840412 	 14 	 200 	 863 	 0
1788202841078 	 17 	 200 	 864 	 0
1788202841649 	 42 	 200 	 866 	 1
1788202841685 	 35 	 200 	 866 	 0
1788202841820 	 32 	 200 	 867 	 0
1788202842125 	 13 	 200 	 868 	 0
1788202842203 	 35 	 200 	 870 	 1
1788202842231 	 18 	 200 	 870 	 0
1788202842371 	 14 	 200 	 871 	 0
1788202842652 	 31 	 200 	 872 	 0
1788202843493 	 35 	 200 	 873 	 0
1788202843618 	 23 	 200 	 875 	 1
1788202843637 	 14 	 200 	 875 	 0
1788202843696 	 20 	 200 	 876 	 0
1788202844208 	 34 	 200 	 877 	 0
1788202844529 	 32 	 200 	 878 	 0
1788202844931 	 18 	 200 	 880 	 1
1788202844929 	 21 	 200 	 880 	 0
1788202844987 	 18 	 200 	 881 	 0
1788202845115 	 15 	 200 	 882 	 0
1788202845229 	 16 	 200 	 883 	 0
1788202845324 	 44 	 200 	 885 	 1
1788202845344 	 29 	 200 	 885 	 0
1788202845643 	 41 	 200 	 886 	 0
1788202845701 	 14 	 200 	 887 	 0
1788202846061 	 34 	 200 	 888 	 0
1788202846175 	 19 	 200 	 889 	 0
1788202846318 	 34 	 200 	 890 	 0
1788202846847 	 33 	 200 	 891 	 0
1788202847119 	 36 	 200 	 892 	 0
1788202847227 	 22 	 200 	 893 	 0
1788202848521 	 12 	 200 	 894 	 0
1788202848987 	 13 	 200 	 895 	 0
1788202849487 	 25 	 200 	 896 	 0
1788202849600 	 33 	 200 	 897 	 0
1788202849710 	 17 	 200 	 898 	 0
1788202849963 	 33 	 200 	 899 	 0
1788202850336 	 40 	 200 	 900 	 0
1788202850392 	 12 	 200 	 901 	 0
1788202850434 	 16 	 200 	 902 	 0
1788202850755 	 34 	 200 	 904 	 1
1788202850769 	 32 	 200 	 904 	 0
1788202851240 	 14 	 200 	 905 	 0
1788202851354 	 27 	 200 	 906 	 0
1788202851416 	 22 	 200 	 907 	 0
1788202852349 	 31 	 200 	 908 	 0
1788202852642 	 35 	 200 	 909 	 0
1788202853119 	 42 	 200 	 910 	 0
1788202853251 	 13 	 200 	 911 	 0
1788202853490 	 34 	 200 	 912 	 0
1788202853631 	 31 	 200 	 913 	 0
1788202853746 	 33 	 200 	 914 	 0
1788202853883 	 15 	 200 	 915 	 0
1788202853932 	 15 	 200 	 916 	 0
1788202854379 	 20 	 200 	 917 	 0
1788202854567 	 49 	 200 	 919 	 1
1788202854606 	 15 	 200 	 919 	 0
1788202855084 	 25 	 200 	 920 	 0
1788202855216 	 26 	 200 	 921 	 0
1788202855418 	 13 	 200 	 922 	 0
1788202855511 	 33 	 200 	 923 	 0
1788202855776 	 13 	 200 	 924 	 0
1788202855946 	 15 	 200 	 925 	 0
1788202856002 	 19 	 200 	 927 	 1
1788202856014 	 13 	 200 	 927 	 0
1788202856345 	 19 	 200 	 928 	 0
1788202856404 	 31 	 200 	 929 	 0
1788202856816 	 15 	 200 	 930 	 0
1788202856835 	 14 	 200 	 932 	 1
1788202856834 	 17 	 200 	 932 	 0
1788202856923 	 40 	 200 	 933 	 0
1788202857068 	 18 	 200 	 934 	 0
1788202857327 	 38 	 200 	 935 	 0
1788202857716 	 38 	 200 	 936 	 0
1788202858304 	 34 	 200 	 937 	 0
1788202858389 	 12 	 200 	 938 	 0
1788202858737 	 12 	 200 	 939 	 0
1788202858854 	 36 	 200 	 941 	 1
1788202858881 	 16 	 200 	 941 	 0
1788202858960 	 32 	 200 	 942 	 0
1788202859011 	 34 	 200 	 943 	 0
1788202859090 	 19 	 200 	 944 	 0
1788202859157 	 14 	 200 	 945 	 0
1788202859174 	 12 	 200 	 946 	 0
1788202859272 	 18 	 200 	 947 	 0
1788202860009 	 19 	 200 	 948 	 0
1788202860298 	 32 	 200 	 949 	 0
1788202860497 	 32 	 200 	 950 	 0
1788202860538 	 16 	 200 	 951 	 0
1788202860604 	 15 	 200 	 952 	 0
1788202860830 	 34 	 200 	 953 	 0
1788202861102 	 14 	 200 	 954 	 0
1788202861228 	 25 	 200 	 955 	 0
1788202861646 	 13 	 200 	 956 	 0
1788202861794 	 32 	 200 	 957 	 0
1788202862063 	 23 	 200 	 958 	 0
1788202862438 	 32 	 200 	 959 	 0
1788202863057 	 38 	 200 	 960 	 0
1788202863170 	 13 	 200 	 961 	 0
1788202863235 	 15 	 200 	 962 	 0
1788202863500 	 15 	 200 	 963 	 0
1788202863811 	 32 	 200 	 964 	 0
1788202863859 	 18 	 200 	 965 	 0
1788202863895 	 22 	 200 	 966 	 0
1788202864318 	 32 	 200 	 967 	 0
1788202864369 	 19 	 200 	 968 	 0
1788202864607 	 21 	 200 	 970 	 1
1788202864625 	 15 	 200 	 970 	 0
1788202864701 	 36 	 200 	 971 	 0
1788202864786 	 13 	 200 	 972 	 0
1788202864895 	 42 	 200 	 973 	 0
1788202865225 	 20 	 200 	 974 	 0
1788202865513 	 32 	 200 	 975 	 0
1788202865724 	 25 	 200 	 977 	 1
1788202865744 	 14 	 200 	 977 	 0
1788202865915 	 36 	 200 	 979 	 1
1788202865943 	 23 	 200 	 979 	 0
1788202866058 	 24 	 200 	 980 	 0
1788202866236 	 18 	 200 	 981 	 0
1788202866582 	 34 	 200 	 982 	 0
1788202867586 	 31 	 200 	 983 	 0
1788202867789 	 30 	 200 	 984 	 0
1788202867967 	 13 	 200 	 985 	 0
1788202868022 	 28 	 200 	 986 	 0
1788202868422 	 25 	 200 	 988 	 1
1788202868436 	 14 	 200 	 988 	 0
1788202868529 	 34 	 200 	 989 	 0
1788202868802 	 14 	 200 	 990 	 0
1788202868823 	 16 	 200 	 991 	 0
1788202869119 	 71 	 200 	 992 	 0
1788202869236 	 12 	 200 	 994 	 1
1788202869242 	 15 	 200 	 994 	 0
1788202869339 	 13 	 200 	 995 	 0
1788202869693 	 37 	 200 	 996 	 0
1788202870227 	 40 	 200 	 997 	 0
1788202870801 	 15 	 200 	 998 	 0
1788202870840 	 13 	 200 	 999 	 0
1788202871010 	 37 	 200 	 1000 	 0
1788202871088 	 36 	 200 	 1001 	 0
1788202871743 	 38 	 200 	 1002 	 0
1788202871826 	 37 	 200 	 1003 	 0
1788202872114 	 19 	 200 	 1004 	 0
1788202872218 	 21 	 200 	 1005 	 0
1788202872636 	 14 	 200 	 1006 	 0
1788202873375 	 14 	 200 	 1007 	 0
1788202873410 	 16 	 200 	 1008 	 0
1788202873546 	 31 	 200 	 1009 	 0
1788202873828 	 20 	 200 	 1010 	 0
1788202873852 	 13 	 200 	 1011 	 0
1788202873911 	 23 	 200 	 1012 	 0
1788202874087 	 39 	 200 	 1014 	 1
1788202874120 	 16 	 200 	 1014 	 0
1788202874294 	 34 	 200 	 1015 	 0
1788202874340 	 12 	 200 	 1016 	 0
1788202874831 	 32 	 200 	 1017 	 0
1788202874866 	 11 	 200 	 1018 	 0
1788202875064 	 33 	 200 	 1019 	 0
1788202875277 	 18 	 200 	 1020 	 0
1788202875642 	 25 	 200 	 1022 	 1
1788202875655 	 33 	 200 	 1022 	 0
1788202876073 	 37 	 200 	 1023 	 0
1788202876222 	 21 	 200 	 1024 	 0
1788202876607 	 36 	 200 	 1025 	 0
1788202877308 	 33 	 200 	 1028 	 2
1788202877342 	 22 	 200 	 1028 	 1
1788202877344 	 30 	 200 	 1028 	 0
1788202877513 	 20 	 200 	 1029 	 0
1788202877567 	 35 	 200 	 1030 	 0
1788202877611 	 35 	 200 	 1031 	 0
1788202877762 	 33 	 200 	 1032 	 0
1788202878616 	 19 	 200 	 1033 	 0
1788202878704 	 23 	 200 	 1034 	 0
1788202878933 	 21 	 200 	 1035 	 0
1788202879596 	 37 	 200 	 1036 	 0
1788202879853 	 36 	 200 	 1037 	 0
1788202879899 	 33 	 200 	 1038 	 0
1788202880104 	 40 	 200 	 1040 	 1
1788202880143 	 33 	 200 	 1040 	 0
1788202880523 	 41 	 200 	 1041 	 0
1788202880584 	 46 	 200 	 1042 	 0
1788202880744 	 32 	 200 	 1043 	 0
1788202880889 	 36 	 200 	 1044 	 0
1788202881475 	 38 	 200 	 1045 	 0
1788202881957 	 32 	 200 	 1046 	 0
1788202882107 	 25 	 200 	 1047 	 0
1788202882322 	 16 	 200 	 1048 	 0
1788202882586 	 14 	 200 	 1049 	 0
1788202882999 	 32 	 200 	 1050 	 0
1788202883192 	 38 	 200 	 1052 	 1
1788202883208 	 26 	 200 	 1052 	 0
1788202883550 	 41 	 200 	 1054 	 1
1788202883545 	 47 	 200 	 1054 	 0
1788202883620 	 34 	 200 	 1055 	 0
1788202883822 	 29 	 200 	 1056 	 0
1788202884328 	 18 	 200 	 1057 	 0
1788202884404 	 14 	 200 	 1058 	 0
1788202884507 	 25 	 200 	 1059 	 0
1788202884709 	 34 	 200 	 1060 	 0
1788202885285 	 13 	 200 	 1061 	 0
1788202885316 	 12 	 200 	 1062 	 0
1788202885383 	 13 	 200 	 1063 	 0
1788202885883 	 13 	 200 	 1064 	 0
1788202885980 	 15 	 200 	 1065 	 0
1788202886481 	 16 	 200 	 1066 	 0
1788202886507 	 12 	 200 	 1067 	 0
1788202886559 	 32 	 200 	 1068 	 0
1788202886844 	 28 	 200 	 1069 	 0
1788202887052 	 30 	 200 	 1070 	 0
1788202887344 	 19 	 200 	 1071 	 0
1788202887395 	 25 	 200 	 1072 	 0
1788202887500 	 15 	 200 	 1073 	 0
1788202887757 	 19 	 200 	 1075 	 1
1788202887713 	 125 	 200 	 1075 	 0
1788202887885 	 39 	 200 	 1076 	 0
1788202888879 	 32 	 200 	 1078 	 1
1788202888902 	 19 	 200 	 1078 	 0
1788202889073 	 14 	 200 	 1079 	 0
1788202889108 	 42 	 200 	 1080 	 0
1788202889512 	 39 	 200 	 1081 	 0
1788202889580 	 12 	 200 	 1082 	 0
1788202889596 	 12 	 200 	 1083 	 0
1788202889947 	 31 	 200 	 1084 	 0
1788202890003 	 30 	 200 	 1085 	 0
1788202890138 	 33 	 200 	 1086 	 0
1788202890566 	 40 	 200 	 1087 	 0
1788202891539 	 30 	 200 	 1088 	 0
1788202891672 	 20 	 200 	 1089 	 0
1788202891753 	 71 	 200 	 1090 	 0
1788202892176 	 32 	 200 	 1091 	 0
1788202892383 	 13 	 200 	 1092 	 0
1788202892484 	 12 	 200 	 1093 	 0
1788202892884 	 33 	 200 	 1094 	 0
1788202893113 	 32 	 200 	 1095 	 0
1788202893182 	 22 	 200 	 1097 	 1
1788202893200 	 13 	 200 	 1097 	 0
1788202893273 	 27 	 200 	 1098 	 0
1788202893642 	 32 	 200 	 1099 	 0
1788202893689 	 12 	 200 	 1100 	 0
1788202893850 	 28 	 200 	 1101 	 0
1788202894092 	 21 	 200 	 1102 	 0
1788202894188 	 31 	 200 	 1103 	 0
1788202894239 	 18 	 200 	 1104 	 0
1788202894519 	 33 	 200 	 1105 	 0
1788202894916 	 36 	 200 	 1106 	 0
1788202895089 	 14 	 200 	 1107 	 0
1788202895236 	 20 	 200 	 1108 	 0
1788202895415 	 37 	 200 	 1110 	 1
1788202895451 	 28 	 200 	 1111 	 1
1788202895460 	 25 	 200 	 1111 	 0
1788202895638 	 34 	 200 	 1112 	 0
1788202895700 	 12 	 200 	 1113 	 0
1788202895769 	 14 	 200 	 1114 	 0
1788202895805 	 25 	 200 	 1115 	 0
1788202896350 	 17 	 200 	 1117 	 1
1788202896363 	 15 	 200 	 1117 	 0
1788202896530 	 36 	 200 	 1118 	 0
1788202896809 	 13 	 200 	 1119 	 0
1788202896852 	 29 	 200 	 1120 	 0
1788202896970 	 28 	 200 	 1121 	 0
1788202897449 	 17 	 200 	 1122 	 0
1788202897582 	 16 	 200 	 1123 	 0
1788202897887 	 16 	 200 	 1124 	 0
1788202897962 	 23 	 200 	 1125 	 0
1788202898235 	 13 	 200 	 1126 	 0
1788202898402 	 14 	 200 	 1127 	 0
1788202898476 	 12 	 200 	 1128 	 0
1788202898725 	 14 	 200 	 1129 	 0
1788202898836 	 15 	 200 	 1130 	 0
1788202898874 	 13 	 200 	 1131 	 0
1788202899028 	 14 	 200 	 1132 	 0
1788202899320 	 34 	 200 	 1133 	 0
1788202899635 	 34 	 200 	 1134 	 0
1788202899983 	 16 	 200 	 1135 	 0
1788202900328 	 34 	 200 	 1136 	 0
1788202900381 	 12 	 200 	 1137 	 0
1788202900514 	 30 	 200 	 1138 	 0
1788202900716 	 32 	 200 	 1139 	 0
1788202900834 	 35 	 200 	 1140 	 0
1788202901008 	 20 	 200 	 1142 	 1
1788202901013 	 15 	 200 	 1142 	 0
1788202901053 	 28 	 200 	 1143 	 0
1788202901133 	 30 	 200 	 1144 	 0
1788202902071 	 14 	 200 	 1145 	 0
1788202902398 	 15 	 200 	 1147 	 1
1788202902407 	 14 	 200 	 1147 	 0
1788202902475 	 15 	 200 	 1148 	 0
1788202902775 	 15 	 200 	 1149 	 0
1788202902959 	 34 	 200 	 1150 	 0
1788202903065 	 38 	 200 	 1152 	 1
1788202903102 	 33 	 200 	 1153 	 1
1788202903114 	 28 	 200 	 1153 	 0
1788202903190 	 12 	 200 	 1154 	 0
1788202903323 	 29 	 200 	 1155 	 0
1788202903578 	 14 	 200 	 1156 	 0
1788202904426 	 32 	 200 	 1157 	 0
1788202905210 	 32 	 200 	 1158 	 0
1788202905408 	 31 	 200 	 1159 	 0
1788202905448 	 14 	 200 	 1160 	 0
1788202905654 	 32 	 200 	 1161 	 0
1788202906014 	 13 	 200 	 1162 	 0
1788202906436 	 25 	 200 	 1163 	 0
1788202906811 	 34 	 200 	 1164 	 0
1788202907085 	 19 	 200 	 1165 	 0
1788202907221 	 33 	 200 	 1167 	 1
1788202907250 	 26 	 200 	 1167 	 0
1788202907334 	 22 	 200 	 1168 	 0
1788202907422 	 35 	 200 	 1169 	 0
1788202907524 	 17 	 200 	 1170 	 0
1788202908142 	 29 	 200 	 1171 	 0
1788202909627 	 33 	 200 	 1172 	 0
1788202909781 	 25 	 200 	 1173 	 0
1788202909991 	 38 	 200 	 1174 	 0
1788202910184 	 16 	 200 	 1175 	 0
1788202910345 	 22 	 200 	 1177 	 1
1788202910359 	 16 	 200 	 1177 	 0
1788202910462 	 31 	 200 	 1178 	 0
1788202910745 	 45 	 200 	 1179 	 0
1788202911229 	 13 	 200 	 1180 	 0
1788202911280 	 15 	 200 	 1181 	 0
1788202912066 	 23 	 200 	 1182 	 0
1788202913065 	 17 	 200 	 1183 	 0
1788202913372 	 17 	 200 	 1184 	 0
1788202913667 	 14 	 200 	 1185 	 0
1788202913741 	 27 	 200 	 1186 	 0
1788202913773 	 12 	 200 	 1187 	 0
1788202913990 	 14 	 200 	 1188 	 0
1788202914222 	 30 	 200 	 1189 	 0
1788202914479 	 29 	 200 	 1190 	 0
1788202914800 	 22 	 200 	 1192 	 1
1788202914821 	 12 	 200 	 1192 	 0
1788202915377 	 21 	 200 	 1193 	 0
1788202915412 	 12 	 200 	 1194 	 0
1788202915861 	 13 	 200 	 1195 	 0
1788202915906 	 36 	 200 	 1196 	 0
1788202916042 	 20 	 200 	 1197 	 0
1788202916368 	 14 	 200 	 1198 	 0
1788202916554 	 27 	 200 	 1200 	 1
1788202916552 	 31 	 200 	 1200 	 0
1788202916621 	 22 	 200 	 1201 	 0
1788202916680 	 13 	 200 	 1202 	 0
1788202916834 	 34 	 200 	 1203 	 0
1788202916936 	 32 	 200 	 1204 	 0
1788202917033 	 35 	 200 	 1205 	 0
1788202917419 	 31 	 200 	 1206 	 0
1788202917750 	 38 	 200 	 1208 	 1
1788202917748 	 39 	 200 	 1208 	 0
1788202917849 	 12 	 200 	 1209 	 0
1788202918112 	 13 	 200 	 1210 	 0
1788202918278 	 38 	 200 	 1212 	 1
1788202918314 	 22 	 200 	 1212 	 0
1788202918746 	 13 	 200 	 1213 	 0
1788202918765 	 14 	 200 	 1214 	 0
1788202919012 	 37 	 200 	 1215 	 0
1788202919114 	 36 	 200 	 1216 	 0
1788202919521 	 14 	 200 	 1217 	 0
1788202919543 	 15 	 200 	 1218 	 0
1788202920030 	 34 	 200 	 1219 	 0
1788202920146 	 33 	 200 	 1221 	 1
1788202920165 	 22 	 200 	 1221 	 0
1788202920260 	 34 	 200 	 1224 	 2
1788202920267 	 29 	 200 	 1224 	 1
1788202920279 	 23 	 200 	 1224 	 0
1788202920713 	 33 	 200 	 1225 	 0
1788202920772 	 18 	 200 	 1226 	 0
1788202921291 	 14 	 200 	 1227 	 0
1788202921400 	 15 	 200 	 1228 	 0
1788202921485 	 13 	 200 	 1229 	 0
1788202921530 	 32 	 200 	 1230 	 0
1788202922764 	 25 	 200 	 1231 	 0
1788202922810 	 36 	 200 	 1232 	 0
1788202922906 	 24 	 200 	 1233 	 0
1788202923083 	 14 	 200 	 1234 	 0
1788202923207 	 29 	 200 	 1235 	 0
1788202923249 	 17 	 200 	 1236 	 0
1788202923695 	 55 	 200 	 1237 	 0
1788202923786 	 14 	 200 	 1238 	 0
1788202923825 	 14 	 200 	 1239 	 0
1788202924182 	 17 	 200 	 1240 	 0
1788202924908 	 32 	 200 	 1241 	 0
1788202925470 	 13 	 200 	 1242 	 0
1788202925658 	 32 	 200 	 1243 	 0
1788202925939 	 36 	 200 	 1244 	 0
1788202926098 	 33 	 200 	 1245 	 0
1788202926282 	 14 	 200 	 1246 	 0
1788202926443 	 29 	 200 	 1247 	 0
1788202926566 	 18 	 200 	 1248 	 0
1788202926761 	 22 	 200 	 1249 	 0
1788202926836 	 37 	 200 	 1250 	 0
1788202927651 	 15 	 200 	 1251 	 0
1788202927976 	 35 	 200 	 1253 	 1
1788202927990 	 33 	 200 	 1253 	 0
1788202928054 	 28 	 200 	 1254 	 0
1788202928388 	 18 	 200 	 1255 	 0
1788202928590 	 14 	 200 	 1256 	 0
1788202928792 	 13 	 200 	 1257 	 0
1788202928991 	 12 	 200 	 1258 	 0
1788202929055 	 21 	 200 	 1259 	 0
1788202929102 	 13 	 200 	 1260 	 0
1788202929171 	 22 	 200 	 1262 	 1
1788202929182 	 14 	 200 	 1262 	 0
1788202929654 	 17 	 200 	 1265 	 2
1788202929660 	 15 	 200 	 1265 	 1
1788202929667 	 19 	 200 	 1265 	 0
1788202929765 	 23 	 200 	 1266 	 0
1788202930347 	 30 	 200 	 1267 	 0
1788202930648 	 31 	 200 	 1268 	 0
1788202931143 	 17 	 200 	 1269 	 0
1788202931456 	 13 	 200 	 1270 	 0
1788202931491 	 14 	 200 	 1271 	 0
1788202931523 	 17 	 200 	 1272 	 0
1788202932506 	 16 	 200 	 1273 	 0
1788202932662 	 15 	 200 	 1274 	 0
1788202932711 	 23 	 200 	 1275 	 0
1788202933145 	 31 	 200 	 1276 	 0
1788202933654 	 22 	 200 	 1278 	 1
1788202933667 	 16 	 200 	 1278 	 0
1788202934084 	 14 	 200 	 1279 	 0
1788202934124 	 35 	 200 	 1281 	 1
1788202934148 	 26 	 200 	 1281 	 0
1788202934275 	 14 	 200 	 1282 	 0
1788202934294 	 15 	 200 	 1283 	 0
1788202934560 	 24 	 200 	 1284 	 0
1788202934750 	 31 	 200 	 1285 	 0
1788202935692 	 13 	 200 	 1286 	 0
1788202935710 	 19 	 200 	 1287 	 0
1788202935801 	 33 	 200 	 1288 	 0
1788202936052 	 30 	 200 	 1289 	 0
1788202936155 	 26 	 200 	 1290 	 0
1788202936235 	 18 	 200 	 1291 	 0
1788202936803 	 14 	 200 	 1292 	 0
1788202936973 	 25 	 200 	 1294 	 1
1788202936970 	 34 	 200 	 1294 	 0
1788202937271 	 15 	 200 	 1295 	 0
1788202937634 	 13 	 200 	 1296 	 0
1788202937663 	 15 	 200 	 1297 	 0
1788202937804 	 15 	 200 	 1298 	 0
1788202937909 	 36 	 200 	 1299 	 0
1788202938419 	 32 	 200 	 1301 	 1
1788202938448 	 29 	 200 	 1301 	 0
1788202938601 	 31 	 200 	 1302 	 0
1788202938950 	 26 	 200 	 1303 	 0
1788202938994 	 12 	 200 	 1304 	 0
1788202939196 	 39 	 200 	 1305 	 0
1788202939288 	 13 	 200 	 1306 	 0
1788202939451 	 17 	 200 	 1307 	 0
1788202939477 	 12 	 200 	 1308 	 0
1788202939562 	 26 	 200 	 1309 	 0
1788202939653 	 12 	 200 	 1310 	 0
1788202939864 	 25 	 200 	 1311 	 0
1788202940036 	 32 	 200 	 1312 	 0
1788202940075 	 15 	 200 	 1313 	 0
1788202940451 	 19 	 200 	 1314 	 0
1788202940487 	 14 	 200 	 1315 	 0
1788202940523 	 23 	 200 	 1316 	 0
1788202940931 	 33 	 200 	 1317 	 0
1788202941085 	 33 	 200 	 1318 	 0
1788202941145 	 26 	 200 	 1319 	 0
1788202941227 	 28 	 200 	 1320 	 0
1788202941501 	 16 	 200 	 1321 	 0
1788202941987 	 13 	 200 	 1322 	 0
1788202942251 	 32 	 200 	 1323 	 0
1788202942422 	 18 	 200 	 1324 	 0
1788202942844 	 14 	 200 	 1325 	 0
1788202942900 	 38 	 200 	 1326 	 0
1788202943652 	 30 	 200 	 1327 	 0
1788202943864 	 32 	 200 	 1328 	 0
1788202943898 	 13 	 200 	 1329 	 0
1788202944058 	 30 	 200 	 1330 	 0
1788202944133 	 34 	 200 	 1331 	 0
1788202944255 	 14 	 200 	 1332 	 0
1788202944448 	 40 	 200 	 1333 	 0
1788202944551 	 29 	 200 	 1334 	 0
1788202944660 	 27 	 200 	 1335 	 0
1788202944690 	 18 	 200 	 1336 	 0
1788202944740 	 16 	 200 	 1337 	 0
1788202945522 	 12 	 200 	 1338 	 0
1788202945616 	 32 	 200 	 1339 	 0
1788202946007 	 26 	 200 	 1340 	 0
1788202946229 	 19 	 200 	 1341 	 0
1788202946363 	 14 	 200 	 1342 	 0
1788202946593 	 12 	 200 	 1343 	 0
1788202946939 	 37 	 200 	 1345 	 1
1788202946956 	 27 	 200 	 1345 	 0
1788202947204 	 29 	 200 	 1346 	 0
1788202947265 	 34 	 200 	 1347 	 0
1788202947465 	 22 	 200 	 1350 	 2
1788202947451 	 38 	 200 	 1350 	 1
1788202947478 	 15 	 200 	 1350 	 0
1788202947585 	 33 	 200 	 1351 	 0
1788202947796 	 15 	 200 	 1353 	 1
1788202947811 	 15 	 200 	 1353 	 0
1788202947831 	 14 	 200 	 1354 	 0
1788202947878 	 29 	 200 	 1355 	 0
1788202947934 	 21 	 200 	 1356 	 0
1788202948318 	 34 	 200 	 1357 	 0
1788202948674 	 28 	 200 	 1358 	 0
1788202948782 	 37 	 200 	 1359 	 0
1788202948858 	 24 	 200 	 1360 	 0
1788202948994 	 37 	 200 	 1361 	 0
1788202949124 	 40 	 200 	 1362 	 0
1788202949335 	 13 	 200 	 1364 	 1
1788202949337 	 15 	 200 	 1364 	 0
1788202949452 	 15 	 200 	 1365 	 0
1788202949560 	 31 	 200 	 1367 	 1
1788202949588 	 20 	 200 	 1367 	 0
1788202950011 	 15 	 200 	 1368 	 0
1788202950086 	 16 	 200 	 1369 	 0
1788202950541 	 28 	 200 	 1370 	 0
1788202951018 	 38 	 200 	 1371 	 0
1788202951151 	 16 	 200 	 1373 	 1
1788202951084 	 86 	 200 	 1373 	 0
1788202951229 	 15 	 200 	 1374 	 0
1788202951447 	 12 	 200 	 1375 	 0
1788202951707 	 18 	 200 	 1376 	 0
1788202951812 	 13 	 200 	 1377 	 0
1788202952316 	 34 	 200 	 1378 	 0
1788202952464 	 24 	 200 	 1379 	 0
1788202952692 	 17 	 200 	 1380 	 0
1788202952889 	 13 	 200 	 1381 	 0
1788202952907 	 12 	 200 	 1382 	 0
1788202953054 	 36 	 200 	 1383 	 0
1788202953786 	 18 	 200 	 1384 	 0
1788202954031 	 13 	 500 	 1386 	 1
1788202954034 	 36 	 200 	 1387 	 1
1788202954050 	 31 	 200 	 1387 	 0
1788202954182 	 13 	 200 	 1388 	 0
1788202954204 	 15 	 200 	 1389 	 0
1788202954320 	 30 	 200 	 1390 	 0
1788202954976 	 44 	 200 	 1391 	 0
1788202955418 	 39 	 200 	 1392 	 0
1788202955582 	 15 	 200 	 1393 	 0
1788202955865 	 15 	 200 	 1394 	 0
1788202955949 	 26 	 200 	 1396 	 1
1788202955945 	 29 	 200 	 1396 	 0
1788202956409 	 26 	 200 	 1397 	 0
1788202956596 	 16 	 200 	 1398 	 0
1788202956642 	 15 	 200 	 1399 	 0
1788202957163 	 30 	 200 	 1400 	 0
1788202957202 	 27 	 200 	 1401 	 0
1788202957403 	 37 	 200 	 1402 	 0
1788202957519 	 35 	 200 	 1403 	 0
1788202957690 	 34 	 200 	 1404 	 0
1788202957807 	 26 	 200 	 1405 	 0
1788202958584 	 12 	 200 	 1406 	 0
1788202958784 	 18 	 200 	 1407 	 0
1788202959521 	 20 	 200 	 1408 	 0
1788202960061 	 40 	 200 	 1409 	 0
1788202960318 	 25 	 200 	 1411 	 1
1788202960310 	 34 	 200 	 1411 	 0
1788202960582 	 41 	 200 	 1412 	 0
1788202960639 	 33 	 200 	 1413 	 0
1788202961340 	 30 	 200 	 1414 	 0
1788202961473 	 16 	 200 	 1415 	 0
1788202961571 	 40 	 200 	 1417 	 1
1788202961612 	 17 	 200 	 1417 	 0
1788202962089 	 15 	 200 	 1418 	 0
1788202962108 	 14 	 200 	 1419 	 0
1788202962456 	 39 	 200 	 1420 	 0
1788202962829 	 14 	 200 	 1421 	 0
1788202962944 	 16 	 200 	 1422 	 0
1788202962984 	 15 	 200 	 1424 	 1
1788202962998 	 16 	 200 	 1424 	 0
1788202963022 	 11 	 200 	 1425 	 0
1788202963039 	 11 	 200 	 1426 	 0
1788202963056 	 12 	 200 	 1427 	 0
1788202963104 	 38 	 200 	 1428 	 0
1788202963344 	 27 	 200 	 1429 	 0
1788202963707 	 32 	 200 	 1430 	 0
1788202964233 	 21 	 200 	 1431 	 0
1788202964433 	 30 	 200 	 1432 	 0
1788202964477 	 13 	 200 	 1433 	 0
1788202964615 	 33 	 200 	 1434 	 0
1788202964736 	 34 	 200 	 1435 	 0
1788202965318 	 14 	 200 	 1437 	 1
1788202965324 	 14 	 200 	 1437 	 0
1788202965570 	 17 	 200 	 1438 	 0
1788202965830 	 14 	 200 	 1439 	 0
1788202965894 	 30 	 200 	 1440 	 0
1788202966019 	 38 	 200 	 1442 	 1
1788202966028 	 30 	 200 	 1442 	 0
1788202966333 	 22 	 200 	 1443 	 0
1788202966559 	 18 	 200 	 1444 	 0
1788202966651 	 42 	 200 	 1445 	 0
1788202967011 	 36 	 200 	 1447 	 1
1788202967034 	 28 	 200 	 1447 	 0
1788202967159 	 29 	 200 	 1448 	 0
1788202967481 	 12 	 200 	 1449 	 0
1788202967673 	 32 	 200 	 1450 	 0
1788202967947 	 37 	 200 	 1451 	 0
1788202968839 	 23 	 200 	 1452 	 0
1788202969010 	 38 	 200 	 1453 	 0
1788202969204 	 16 	 200 	 1454 	 0
1788202969244 	 16 	 200 	 1455 	 0
1788202969448 	 33 	 200 	 1456 	 0
1788202969885 	 23 	 200 	 1457 	 0
1788202969934 	 23 	 200 	 1458 	 0
1788202969977 	 14 	 200 	 1459 	 0
1788202970013 	 14 	 200 	 1460 	 0
1788202970436 	 22 	 200 	 1461 	 0
1788202970534 	 29 	 200 	 1462 	 0
1788202970576 	 14 	 200 	 1463 	 0
1788202971149 	 32 	 200 	 1464 	 0
1788202971700 	 33 	 200 	 1465 	 0
1788202971881 	 32 	 200 	 1467 	 1
1788202971914 	 18 	 200 	 1467 	 0
1788202972062 	 27 	 200 	 1468 	 0
1788202972344 	 33 	 200 	 1470 	 1
1788202972367 	 23 	 200 	 1470 	 0
1788202972443 	 17 	 200 	 1471 	 0
1788202972481 	 21 	 200 	 1472 	 0
1788202972574 	 166 	 200 	 1473 	 0
1788202972860 	 20 	 200 	 1474 	 0
1788202973224 	 14 	 200 	 1475 	 0
1788202974070 	 29 	 200 	 1476 	 0
1788202974144 	 32 	 200 	 1477 	 0
1788202974331 	 16 	 200 	 1478 	 0
1788202974496 	 22 	 200 	 1479 	 0
1788202974608 	 41 	 200 	 1480 	 0
1788202975159 	 30 	 200 	 1481 	 0
1788202975653 	 22 	 200 	 1482 	 0
1788202976446 	 30 	 200 	 1483 	 0
1788202976619 	 15 	 200 	 1484 	 0
1788202976771 	 35 	 200 	 1486 	 1
1788202976786 	 30 	 200 	 1486 	 0
1788202977031 	 23 	 200 	 1487 	 0
1788202977065 	 15 	 200 	 1488 	 0
1788202977486 	 16 	 200 	 1489 	 0
1788202977943 	 15 	 200 	 1490 	 0
1788202978241 	 13 	 200 	 1491 	 0
1788202978556 	 26 	 200 	 1492 	 0
1788202978669 	 33 	 200 	 1493 	 0
1788202979333 	 17 	 200 	 1494 	 0
1788202979398 	 27 	 200 	 1495 	 0
1788202979735 	 35 	 200 	 1496 	 0
1788202979932 	 39 	 200 	 1497 	 0
1788202980073 	 12 	 200 	 1498 	 0
1788202980160 	 32 	 200 	 1499 	 0
1788202980547 	 32 	 200 	 1500 	 0
1788202981089 	 32 	 200 	 1501 	 0
1788202981156 	 30 	 200 	 1502 	 0
1788202981212 	 12 	 200 	 1503 	 0
1788202981419 	 21 	 200 	 1504 	 0
1788202981580 	 16 	 200 	 1505 	 0
1788202982149 	 23 	 200 	 1506 	 0
1788202982321 	 13 	 200 	 1508 	 1
1788202982316 	 130 	 200 	 1508 	 0
1788202982837 	 12 	 200 	 1509 	 0
1788202982903 	 38 	 200 	 1510 	 0
1788202983159 	 20 	 200 	 1511 	 0
1788202983310 	 42 	 200 	 1512 	 0
1788202983384 	 17 	 200 	 1514 	 1
1788202983388 	 18 	 200 	 1514 	 0
1788202983485 	 35 	 200 	 1515 	 0
1788202983537 	 13 	 200 	 1516 	 0
1788202983958 	 33 	 200 	 1518 	 1
1788202983989 	 18 	 200 	 1518 	 0
1788202984120 	 28 	 200 	 1519 	 0
1788202984359 	 36 	 200 	 1520 	 0
1788202984858 	 30 	 200 	 1521 	 0
1788202984971 	 18 	 200 	 1522 	 0
1788202985053 	 27 	 200 	 1523 	 0
1788202985172 	 35 	 200 	 1524 	 0
1788202985300 	 13 	 200 	 1525 	 0
1788202985477 	 38 	 200 	 1526 	 0
1788202985634 	 34 	 200 	 1527 	 0
1788202986059 	 19 	 200 	 1528 	 0
1788202986147 	 40 	 200 	 1529 	 0
1788202986190 	 12 	 200 	 1530 	 0
1788202986385 	 13 	 200 	 1531 	 0
1788202986529 	 39 	 200 	 1532 	 0
1788202986609 	 31 	 200 	 1533 	 0
1788202986684 	 20 	 200 	 1534 	 0
1788202986969 	 22 	 200 	 1536 	 1
1788202986971 	 21 	 200 	 1536 	 0
1788202987195 	 35 	 200 	 1537 	 0
1788202987463 	 31 	 200 	 1538 	 0
1788202987887 	 12 	 200 	 1539 	 0
1788202987919 	 24 	 200 	 1540 	 0
1788202988264 	 14 	 200 	 1541 	 0
1788202988448 	 16 	 200 	 1542 	 0
1788202988516 	 36 	 200 	 1543 	 0
1788202988587 	 33 	 200 	 1544 	 0
1788202988640 	 13 	 200 	 1545 	 0
1788202988821 	 19 	 200 	 1546 	 0
1788202988947 	 20 	 200 	 1548 	 1
1788202988945 	 23 	 200 	 1548 	 0
1788202989033 	 37 	 200 	 1549 	 0
1788202990030 	 39 	 200 	 1550 	 0
1788202990121 	 37 	 200 	 1551 	 0
1788202990329 	 27 	 200 	 1552 	 0
1788202990375 	 16 	 200 	 1553 	 0
1788202990591 	 32 	 200 	 1554 	 0
1788202990818 	 20 	 200 	 1555 	 0
1788202990989 	 14 	 200 	 1557 	 1
1788202990997 	 13 	 200 	 1557 	 0
1788202991163 	 25 	 200 	 1558 	 0
1788202991280 	 39 	 200 	 1559 	 0
1788202991347 	 22 	 200 	 1560 	 0
1788202991518 	 20 	 200 	 1561 	 0
1788202991577 	 37 	 200 	 1562 	 0
1788202992044 	 34 	 200 	 1563 	 0
1788202992164 	 30 	 200 	 1564 	 0
1788202992608 	 36 	 200 	 1565 	 0
1788202993239 	 28 	 200 	 1566 	 0
1788202993280 	 13 	 200 	 1567 	 0
1788202993815 	 15 	 200 	 1568 	 0
1788202994019 	 32 	 200 	 1569 	 0
1788202994065 	 26 	 200 	 1570 	 0
1788202994204 	 28 	 200 	 1571 	 0
1788202994828 	 49 	 200 	 1573 	 1
1788202994866 	 14 	 200 	 1573 	 0
1788202995249 	 14 	 200 	 1575 	 1
1788202995250 	 16 	 200 	 1575 	 0
1788202995275 	 13 	 200 	 1576 	 0
1788202995636 	 21 	 200 	 1578 	 1
1788202995647 	 21 	 200 	 1578 	 0
1788202995744 	 34 	 200 	 1579 	 0
1788202995892 	 36 	 200 	 1580 	 0
1788202995964 	 47 	 200 	 1582 	 1
1788202995966 	 238 	 200 	 1582 	 0
1788202996402 	 30 	 200 	 1583 	 0
1788202996436 	 30 	 200 	 1584 	 0
1788202996975 	 29 	 200 	 1585 	 0
1788202997154 	 103 	 200 	 1586 	 0
1788202997393 	 33 	 200 	 1587 	 0
1788202998050 	 18 	 200 	 1588 	 0
1788202998810 	 13 	 200 	 1589 	 0
1788202998869 	 13 	 200 	 1590 	 0
1788202999059 	 22 	 200 	 1591 	 0
1788202999133 	 33 	 200 	 1592 	 0
1788202999289 	 14 	 200 	 1593 	 0
1788202999594 	 23 	 200 	 1594 	 0
1788203000007 	 33 	 200 	 1596 	 1
1788203000018 	 28 	 200 	 1596 	 0
1788203000416 	 35 	 200 	 1597 	 0
1788203000796 	 34 	 200 	 1598 	 0
1788203001171 	 19 	 200 	 1599 	 0
1788203001248 	 20 	 200 	 1602 	 2
1788203001256 	 14 	 200 	 1602 	 1
1788203001264 	 15 	 200 	 1602 	 0
1788203001294 	 13 	 200 	 1603 	 0
1788203001485 	 30 	 200 	 1604 	 0
1788203001720 	 37 	 200 	 1606 	 1
1788203001734 	 32 	 200 	 1606 	 0
1788203001798 	 38 	 200 	 1607 	 0
1788203001906 	 15 	 200 	 1608 	 0
1788203002023 	 33 	 200 	 1609 	 0
1788203002129 	 19 	 200 	 1610 	 0
1788203002227 	 29 	 200 	 1611 	 0
1788203002302 	 37 	 200 	 1612 	 0
1788203002779 	 30 	 200 	 1613 	 0
1788203002875 	 19 	 200 	 1614 	 0
1788203003474 	 18 	 200 	 1615 	 0
1788203003501 	 20 	 200 	 1616 	 0
1788203003698 	 14 	 200 	 1618 	 1
1788203003699 	 14 	 200 	 1618 	 0
1788203004103 	 22 	 200 	 1619 	 0
1788203004713 	 51 	 200 	 1620 	 0
1788203004945 	 12 	 200 	 1621 	 0
1788203005192 	 36 	 200 	 1623 	 1
1788203005204 	 25 	 200 	 1623 	 0
1788203005298 	 14 	 200 	 1624 	 0
1788203005416 	 40 	 200 	 1625 	 0
1788203005503 	 30 	 200 	 1626 	 0
1788203005973 	 17 	 200 	 1627 	 0
1788203006036 	 37 	 200 	 1628 	 0
1788203006140 	 14 	 200 	 1629 	 0
1788203006161 	 14 	 200 	 1630 	 0
1788203006265 	 16 	 200 	 1631 	 0
1788203006465 	 22 	 200 	 1632 	 0
1788203006679 	 14 	 200 	 1633 	 0
1788203006765 	 29 	 200 	 1635 	 1
1788203006772 	 24 	 200 	 1635 	 0
1788203007042 	 47 	 200 	 1636 	 0
1788203007182 	 32 	 200 	 1637 	 0
1788203007551 	 32 	 200 	 1639 	 1
1788203007555 	 30 	 200 	 1639 	 0
1788203007627 	 24 	 200 	 1640 	 0
1788203007684 	 38 	 200 	 1641 	 0
1788203008535 	 21 	 200 	 1642 	 0
1788203008625 	 36 	 200 	 1643 	 0
1788203008727 	 20 	 200 	 1644 	 0
1788203009072 	 14 	 200 	 1645 	 0
1788203009131 	 20 	 200 	 1646 	 0
1788203009289 	 13 	 200 	 1647 	 0
1788203009337 	 12 	 200 	 1648 	 0
1788203009425 	 37 	 200 	 1649 	 0
1788203009510 	 32 	 200 	 1650 	 0
1788203009689 	 14 	 200 	 1651 	 0
1788203009731 	 13 	 200 	 1652 	 0
1788203009785 	 36 	 200 	 1654 	 1
1788203009803 	 28 	 200 	 1654 	 0
1788203010128 	 35 	 200 	 1656 	 1
1788203010152 	 27 	 200 	 1656 	 0
1788203010262 	 36 	 200 	 1657 	 0
1788203010545 	 41 	 200 	 1658 	 0
1788203010601 	 12 	 200 	 1659 	 0
1788203010907 	 33 	 200 	 1660 	 0
1788203011000 	 26 	 200 	 1661 	 0
1788203011503 	 23 	 200 	 1663 	 1
1788203011521 	 14 	 200 	 1663 	 0
1788203011656 	 34 	 200 	 1664 	 0
1788203011966 	 14 	 200 	 1665 	 0
1788203012053 	 36 	 200 	 1666 	 0
1788203013256 	 29 	 200 	 1669 	 2
1788203013274 	 19 	 200 	 1669 	 1
1788203013267 	 29 	 200 	 1669 	 0
1788203013614 	 26 	 200 	 1670 	 0
1788203013648 	 14 	 200 	 1671 	 0
1788203013837 	 36 	 200 	 1672 	 0
1788203014046 	 32 	 200 	 1673 	 0
1788203014107 	 13 	 200 	 1674 	 0
1788203014159 	 34 	 200 	 1675 	 0
1788203014255 	 12 	 200 	 1676 	 0
1788203014358 	 24 	 200 	 1677 	 0
1788203014480 	 15 	 200 	 1678 	 0
1788203014499 	 15 	 200 	 1679 	 0
1788203014517 	 13 	 200 	 1680 	 0
1788203014572 	 13 	 200 	 1681 	 0
1788203014622 	 15 	 200 	 1682 	 0
1788203014824 	 30 	 200 	 1684 	 1
1788203014845 	 19 	 200 	 1684 	 0
1788203014867 	 13 	 200 	 1685 	 0
1788203014982 	 39 	 200 	 1686 	 0
1788203015085 	 30 	 200 	 1687 	 0
1788203015139 	 79 	 200 	 1688 	 0
1788203015378 	 15 	 200 	 1689 	 0
1788203015581 	 32 	 200 	 1690 	 0
1788203015657 	 27 	 200 	 1691 	 0
1788203016018 	 12 	 200 	 1692 	 0
1788203016271 	 19 	 200 	 1693 	 0
1788203016473 	 37 	 200 	 1694 	 0
1788203016522 	 35 	 200 	 1695 	 0
1788203016689 	 13 	 200 	 1696 	 0
1788203016838 	 31 	 200 	 1697 	 0
1788203016959 	 24 	 200 	 1698 	 0
1788203017179 	 15 	 200 	 1699 	 0
1788203017304 	 15 	 200 	 1700 	 0
1788203017327 	 20 	 200 	 1701 	 0
1788203017537 	 48 	 200 	 1703 	 1
1788203017563 	 25 	 200 	 1703 	 0
1788203017627 	 35 	 200 	 1704 	 0
1788203018008 	 32 	 200 	 1705 	 0
1788203018165 	 24 	 200 	 1706 	 0
1788203018277 	 16 	 200 	 1707 	 0
1788203018315 	 12 	 200 	 1708 	 0
1788203018801 	 35 	 200 	 1709 	 0
1788203018934 	 25 	 200 	 1711 	 1
1788203018942 	 20 	 200 	 1711 	 0
1788203019128 	 38 	 200 	 1712 	 0
1788203019364 	 17 	 200 	 1713 	 0
1788203019546 	 33 	 200 	 1715 	 1
1788203019562 	 25 	 200 	 1715 	 0
1788203020115 	 17 	 200 	 1717 	 1
1788203020123 	 12 	 200 	 1717 	 0
1788203020560 	 39 	 200 	 1718 	 0
1788203020708 	 31 	 200 	 1719 	 0
1788203020824 	 31 	 200 	 1720 	 0
1788203021108 	 24 	 200 	 1721 	 0
1788203021189 	 37 	 200 	 1722 	 0
1788203021467 	 21 	 200 	 1723 	 0
1788203021683 	 35 	 200 	 1724 	 0
1788203021808 	 13 	 200 	 1725 	 0
1788203021948 	 15 	 200 	 1726 	 0
1788203021987 	 11 	 200 	 1727 	 0
1788203022022 	 14 	 200 	 1728 	 0
1788203022038 	 14 	 200 	 1729 	 0
1788203022123 	 33 	 200 	 1731 	 1
1788203022152 	 31 	 200 	 1731 	 0
1788203022397 	 13 	 200 	 1732 	 0
1788203022453 	 14 	 200 	 1733 	 0
1788203022608 	 34 	 200 	 1734 	 0
1788203022671 	 30 	 200 	 1735 	 0
1788203022945 	 14 	 200 	 1736 	 0
1788203023078 	 39 	 200 	 1737 	 0
1788203023200 	 14 	 200 	 1738 	 0
1788203023688 	 13 	 200 	 1739 	 0
1788203024010 	 39 	 200 	 1740 	 0
1788203024183 	 13 	 200 	 1741 	 0
1788203024297 	 27 	 200 	 1742 	 0
1788203024438 	 34 	 200 	 1743 	 0
1788203024664 	 28 	 200 	 1744 	 0
1788203025028 	 17 	 200 	 1746 	 1
1788203025014 	 39 	 200 	 1746 	 0
1788203025865 	 20 	 200 	 1747 	 0
1788203025970 	 13 	 200 	 1748 	 0
1788203026001 	 12 	 200 	 1749 	 0
1788203026529 	 35 	 200 	 1750 	 0
1788203026648 	 30 	 200 	 1751 	 0
1788203026815 	 37 	 200 	 1752 	 0
1788203026903 	 32 	 200 	 1754 	 1
1788203026910 	 82 	 200 	 1755 	 1
1788203026984 	 15 	 200 	 1755 	 0
1788203027010 	 12 	 200 	 1756 	 0
1788203027074 	 76 	 200 	 1757 	 0
1788203027544 	 31 	 200 	 1758 	 0
1788203027749 	 37 	 200 	 1759 	 0
1788203027993 	 33 	 200 	 1760 	 0
1788203028363 	 16 	 200 	 1761 	 0
1788203028722 	 14 	 200 	 1762 	 0
1788203029624 	 32 	 200 	 1763 	 0
1788203029687 	 29 	 200 	 1765 	 1
1788203029714 	 31 	 200 	 1765 	 0
1788203029782 	 12 	 200 	 1766 	 0
1788203029880 	 12 	 200 	 1767 	 0
1788203030062 	 19 	 200 	 1768 	 0
1788203030775 	 33 	 200 	 1769 	 0
1788203031121 	 35 	 200 	 1770 	 0
1788203031181 	 13 	 200 	 1771 	 0
1788203031373 	 12 	 200 	 1772 	 0
1788203031483 	 15 	 200 	 1773 	 0
1788203031555 	 29 	 200 	 1774 	 0
1788203031693 	 33 	 200 	 1775 	 0
1788203031993 	 12 	 200 	 1776 	 0
1788203032081 	 17 	 200 	 1778 	 1
1788203032098 	 17 	 200 	 1778 	 0
1788203032164 	 13 	 200 	 1779 	 0
1788203032440 	 37 	 200 	 1780 	 0
1788203032518 	 31 	 200 	 1781 	 0
1788203032728 	 35 	 200 	 1782 	 0
1788203032775 	 35 	 200 	 1783 	 0
1788203032820 	 36 	 200 	 1784 	 0
1788203033035 	 31 	 200 	 1785 	 0
1788203033088 	 26 	 200 	 1786 	 0
1788203033305 	 14 	 200 	 1787 	 0
1788203033359 	 15 	 200 	 1788 	 0
1788203033910 	 32 	 200 	 1790 	 1
1788203033927 	 29 	 200 	 1790 	 0
1788203034253 	 33 	 200 	 1791 	 0
1788203034555 	 27 	 200 	 1792 	 0
1788203034714 	 37 	 200 	 1793 	 0
1788203034889 	 39 	 200 	 1794 	 0
1788203034965 	 14 	 200 	 1795 	 0
1788203035091 	 12 	 200 	 1796 	 0
1788203035291 	 28 	 200 	 1797 	 0
1788203035885 	 20 	 200 	 1798 	 0
1788203035916 	 39 	 200 	 1799 	 0
1788203036040 	 30 	 200 	 1800 	 0
1788203036425 	 13 	 200 	 1801 	 0
1788203036499 	 33 	 200 	 1802 	 0
1788203037053 	 31 	 200 	 1803 	 0
1788203037097 	 12 	 200 	 1804 	 0
1788203037328 	 14 	 200 	 1805 	 0
1788203037531 	 39 	 200 	 1806 	 0
1788203037655 	 30 	 200 	 1807 	 0
1788203038055 	 31 	 200 	 1808 	 0
1788203038090 	 29 	 200 	 1809 	 0
1788203038144 	 32 	 200 	 1810 	 0
1788203038677 	 38 	 200 	 1811 	 0
1788203039098 	 36 	 200 	 1812 	 0
1788203039464 	 14 	 200 	 1813 	 0
1788203039941 	 15 	 200 	 1814 	 0
1788203040005 	 31 	 200 	 1816 	 1
1788203040036 	 14 	 200 	 1816 	 0
1788203040241 	 12 	 200 	 1817 	 0
1788203040578 	 28 	 200 	 1818 	 0
1788203040878 	 29 	 200 	 1819 	 0
1788203040948 	 32 	 200 	 1820 	 0
1788203040991 	 14 	 200 	 1821 	 0
1788203041064 	 27 	 200 	 1823 	 1
1788203041053 	 40 	 200 	 1823 	 0
1788203041438 	 13 	 200 	 1824 	 0
1788203041615 	 33 	 200 	 1825 	 0
1788203041751 	 22 	 200 	 1826 	 0
1788203041922 	 15 	 200 	 1827 	 0
1788203042199 	 13 	 200 	 1828 	 0
1788203042229 	 14 	 200 	 1829 	 0
1788203042244 	 12 	 200 	 1831 	 1
1788203042251 	 14 	 200 	 1831 	 0
1788203042334 	 12 	 200 	 1832 	 0
1788203042447 	 35 	 200 	 1833 	 0
1788203042511 	 28 	 200 	 1835 	 1
1788203042506 	 33 	 200 	 1835 	 0
1788203042864 	 33 	 200 	 1836 	 0
1788203043013 	 20 	 200 	 1837 	 0
1788203043148 	 34 	 200 	 1838 	 0
1788203043526 	 12 	 200 	 1839 	 0
1788203043710 	 52 	 200 	 1840 	 0
1788203044313 	 31 	 200 	 1841 	 0
1788203044691 	 32 	 200 	 1842 	 0
1788203044836 	 17 	 200 	 1845 	 2
1788203044808 	 49 	 200 	 1845 	 1
1788203044846 	 22 	 200 	 1845 	 0
1788203044883 	 15 	 200 	 1846 	 0
1788203044994 	 27 	 200 	 1848 	 1
1788203045022 	 13 	 200 	 1848 	 0
1788203045071 	 13 	 200 	 1849 	 0
1788203045557 	 25 	 200 	 1850 	 0
1788203046048 	 29 	 200 	 1851 	 0
1788203046353 	 19 	 200 	 1852 	 0
1788203046758 	 36 	 200 	 1853 	 0
1788203046810 	 39 	 200 	 1854 	 0
1788203047008 	 31 	 200 	 1855 	 0
1788203047139 	 33 	 200 	 1857 	 1
1788203047163 	 28 	 200 	 1857 	 0
1788203047479 	 24 	 200 	 1858 	 0
1788203047637 	 35 	 200 	 1859 	 0
1788203047772 	 13 	 200 	 1860 	 0
1788203047849 	 27 	 200 	 1861 	 0
1788203047937 	 22 	 200 	 1862 	 0
1788203048049 	 32 	 200 	 1863 	 0
1788203048158 	 27 	 200 	 1864 	 0
1788203048260 	 33 	 200 	 1865 	 0
1788203048348 	 21 	 200 	 1866 	 0
1788203048403 	 35 	 200 	 1867 	 0
1788203048475 	 13 	 200 	 1868 	 0
1788203048579 	 23 	 200 	 1869 	 0
1788203049063 	 15 	 200 	 1870 	 0
1788203049137 	 15 	 200 	 1872 	 1
1788203049144 	 17 	 200 	 1872 	 0
1788203049182 	 13 	 200 	 1873 	 0
1788203049393 	 14 	 200 	 1874 	 0
1788203049525 	 16 	 200 	 1875 	 0
1788203049619 	 24 	 200 	 1876 	 0
1788203049886 	 35 	 200 	 1877 	 0
1788203050127 	 14 	 200 	 1878 	 0
1788203050155 	 12 	 200 	 1879 	 0
1788203050211 	 33 	 200 	 1881 	 1
1788203050218 	 34 	 200 	 1881 	 0
1788203050355 	 23 	 200 	 1882 	 0
1788203051163 	 25 	 200 	 1883 	 0
1788203051266 	 25 	 200 	 1884 	 0
1788203052002 	 13 	 200 	 1885 	 0
1788203052277 	 21 	 200 	 1886 	 0
1788203052465 	 27 	 200 	 1887 	 0
1788203052517 	 29 	 200 	 1888 	 0
1788203052774 	 25 	 200 	 1889 	 0
1788203052902 	 45 	 200 	 1890 	 0
1788203053040 	 26 	 200 	 1891 	 0
1788203053106 	 37 	 200 	 1892 	 0
1788203053186 	 13 	 200 	 1893 	 0
1788203053218 	 12 	 200 	 1894 	 0
1788203053364 	 25 	 200 	 1896 	 1
1788203053376 	 17 	 200 	 1896 	 0
1788203053396 	 17 	 200 	 1897 	 0
1788203053678 	 16 	 200 	 1898 	 0
1788203054034 	 19 	 200 	 1899 	 0
1788203054135 	 46 	 200 	 1900 	 0
1788203054296 	 13 	 200 	 1901 	 0
1788203054879 	 16 	 200 	 1902 	 0
1788203054955 	 14 	 200 	 1903 	 0
1788203055357 	 15 	 200 	 1904 	 0
1788203055394 	 16 	 200 	 1905 	 0
1788203055502 	 32 	 200 	 1906 	 0
1788203055556 	 36 	 200 	 1907 	 0
1788203055840 	 36 	 200 	 1908 	 0
1788203056140 	 38 	 200 	 1909 	 0
1788203056468 	 20 	 200 	 1910 	 0
1788203056694 	 15 	 200 	 1911 	 0
1788203057092 	 14 	 200 	 1912 	 0
1788203057255 	 13 	 200 	 1913 	 0
1788203057676 	 23 	 200 	 1914 	 0
1788203057739 	 37 	 200 	 1915 	 0
1788203057928 	 21 	 200 	 1916 	 0
1788203058154 	 27 	 200 	 1917 	 0
1788203058319 	 16 	 200 	 1918 	 0
1788203058416 	 15 	 200 	 1919 	 0
1788203058540 	 28 	 200 	 1920 	 0
1788203058806 	 33 	 200 	 1921 	 0
1788203058958 	 18 	 200 	 1922 	 0
1788203059311 	 16 	 200 	 1923 	 0
1788203059355 	 13 	 200 	 1924 	 0
1788203059964 	 19 	 200 	 1925 	 0
1788203060055 	 14 	 200 	 1926 	 0
1788203060083 	 36 	 200 	 1927 	 0
1788203060454 	 23 	 200 	 1928 	 0
1788203060727 	 34 	 200 	 1929 	 0
1788203060818 	 33 	 200 	 1930 	 0
1788203061059 	 21 	 200 	 1931 	 0
1788203061127 	 30 	 200 	 1932 	 0
1788203061416 	 20 	 200 	 1933 	 0
1788203061439 	 14 	 200 	 1934 	 0
1788203061636 	 38 	 200 	 1935 	 0
1788203061739 	 16 	 200 	 1936 	 0
1788203061938 	 12 	 200 	 1937 	 0
1788203061965 	 17 	 200 	 1938 	 0
1788203062239 	 12 	 200 	 1939 	 0
1788203062336 	 13 	 200 	 1940 	 0
1788203062368 	 22 	 200 	 1941 	 0
1788203062776 	 35 	 200 	 1942 	 0
1788203063221 	 28 	 200 	 1943 	 0
1788203063492 	 34 	 200 	 1944 	 0
1788203063862 	 19 	 200 	 1945 	 0
1788203063888 	 12 	 200 	 1946 	 0
1788203063929 	 29 	 200 	 1947 	 0
1788203064250 	 18 	 200 	 1948 	 0
1788203064514 	 21 	 200 	 1949 	 0
1788203064558 	 18 	 200 	 1950 	 0
1788203064699 	 28 	 200 	 1951 	 0
1788203064870 	 30 	 200 	 1952 	 0
1788203064920 	 31 	 200 	 1953 	 0
1788203065004 	 35 	 200 	 1954 	 0
1788203065165 	 31 	 200 	 1955 	 0
1788203065337 	 21 	 200 	 1956 	 0
1788203065478 	 15 	 200 	 1957 	 0
1788203065964 	 18 	 200 	 1958 	 0
1788203066512 	 37 	 200 	 1959 	 0
1788203066718 	 45 	 200 	 1960 	 0
1788203066924 	 39 	 200 	 1961 	 0
1788203067311 	 31 	 200 	 1962 	 0
1788203067646 	 40 	 200 	 1964 	 1
1788203067665 	 22 	 200 	 1964 	 0
1788203068155 	 36 	 200 	 1965 	 0
1788203068236 	 38 	 200 	 1966 	 0
1788203068366 	 16 	 200 	 1967 	 0
1788203068410 	 13 	 200 	 1968 	 0
1788203068522 	 31 	 200 	 1969 	 0
1788203069012 	 34 	 200 	 1970 	 0
1788203069516 	 13 	 200 	 1971 	 0
1788203069544 	 30 	 200 	 1972 	 0
1788203069854 	 29 	 200 	 1975 	 2
1788203069860 	 24 	 200 	 1975 	 1
1788203069856 	 35 	 200 	 1975 	 0
1788203069916 	 14 	 200 	 1976 	 0
1788203069976 	 28 	 200 	 1978 	 1
1788203069997 	 12 	 200 	 1978 	 0
1788203070048 	 34 	 200 	 1979 	 0
1788203070195 	 21 	 200 	 1980 	 0
1788203070233 	 12 	 200 	 1981 	 0
1788203070911 	 43 	 200 	 1982 	 0
1788203071166 	 35 	 200 	 1984 	 1
1788203071170 	 33 	 200 	 1984 	 0
1788203071395 	 35 	 200 	 1985 	 0
1788203071438 	 47 	 200 	 1987 	 1
1788203071477 	 19 	 200 	 1987 	 0
1788203071708 	 34 	 200 	 1988 	 0
1788203071861 	 27 	 200 	 1989 	 0
1788203072345 	 64 	 200 	 1990 	 0
1788203072559 	 30 	 200 	 1992 	 1
1788203072586 	 17 	 200 	 1992 	 0
1788203072606 	 12 	 200 	 1993 	 0
1788203072732 	 35 	 200 	 1994 	 0
1788203072925 	 40 	 200 	 1995 	 0
1788203073203 	 34 	 200 	 1996 	 0
1788203073392 	 31 	 200 	 1997 	 0
1788203073828 	 33 	 200 	 1999 	 1
1788203073838 	 26 	 200 	 1999 	 0
1788203073870 	 13 	 200 	 2000 	 0
1788203074191 	 16 	 200 	 2001 	 1
1788203074208 	 22 	 200 	 2003 	 1
1788203074230 	 16 	 200 	 2003 	 0
1788203074742 	 29 	 200 	 2004 	 0
1788203075084 	 21 	 200 	 2005 	 0
1788203075247 	 14 	 200 	 2006 	 0
1788203075302 	 12 	 200 	 2007 	 0
1788203076035 	 39 	 200 	 2008 	 0
1788203076124 	 25 	 200 	 2009 	 0
1788203076417 	 33 	 200 	 2010 	 0
1788203076600 	 16 	 200 	 2011 	 0
1788203076738 	 14 	 200 	 2012 	 0
1788203077247 	 12 	 200 	 2013 	 0
1788203077494 	 13 	 200 	 2014 	 0
1788203077656 	 13 	 200 	 2015 	 0
1788203078003 	 34 	 200 	 2016 	 0
1788203078295 	 34 	 200 	 2017 	 0
1788203078486 	 21 	 200 	 2018 	 0
1788203078588 	 16 	 200 	 2019 	 0
1788203078617 	 12 	 200 	 2020 	 0
1788203078961 	 25 	 200 	 2021 	 0
1788203079106 	 22 	 200 	 2022 	 0
1788203079530 	 39 	 200 	 2023 	 0
1788203080072 	 14 	 200 	 2024 	 0
1788203080287 	 30 	 200 	 2025 	 0
1788203080539 	 14 	 200 	 2026 	 0
1788203080621 	 14 	 200 	 2028 	 1
1788203080635 	 12 	 200 	 2028 	 0
1788203080718 	 31 	 200 	 2029 	 0
1788203080981 	 30 	 200 	 2030 	 0
1788203081018 	 26 	 200 	 2031 	 0
1788203081157 	 30 	 200 	 2032 	 0
1788203081201 	 12 	 200 	 2033 	 0
1788203081425 	 12 	 200 	 2034 	 0
1788203081484 	 13 	 200 	 2035 	 0
1788203081538 	 14 	 200 	 2036 	 0
1788203081759 	 21 	 200 	 2037 	 0
1788203081858 	 33 	 200 	 2038 	 0
1788203082272 	 38 	 200 	 2039 	 0
1788203082475 	 33 	 200 	 2040 	 0
1788203082600 	 12 	 200 	 2041 	 0
1788203082865 	 15 	 200 	 2042 	 0
1788203082964 	 15 	 200 	 2044 	 1
1788203082979 	 17 	 200 	 2044 	 0
1788203083059 	 14 	 200 	 2045 	 0
1788203083315 	 23 	 200 	 2046 	 0
1788203083344 	 12 	 200 	 2047 	 0
1788203084065 	 18 	 200 	 2048 	 0
1788203084250 	 15 	 200 	 2049 	 0
1788203084344 	 31 	 200 	 2050 	 0
1788203084751 	 23 	 200 	 2051 	 0
1788203084957 	 26 	 200 	 2052 	 0
1788203085143 	 31 	 200 	 2053 	 0
1788203085305 	 36 	 200 	 2054 	 0
1788203085377 	 16 	 200 	 2055 	 0
1788203085412 	 29 	 200 	 2056 	 0
1788203085463 	 13 	 200 	 2057 	 0
1788203086135 	 34 	 200 	 2059 	 1
1788203086164 	 88 	 200 	 2059 	 0
1788203086455 	 17 	 200 	 2060 	 0
1788203086758 	 24 	 200 	 2061 	 0
1788203087006 	 25 	 200 	 2062 	 0
1788203087180 	 32 	 200 	 2063 	 0
1788203087468 	 12 	 200 	 2064 	 0
1788203087690 	 15 	 200 	 2065 	 0
1788203087910 	 13 	 200 	 2066 	 0
1788203087981 	 33 	 200 	 2067 	 0
1788203088684 	 13 	 200 	 2068 	 0
1788203088762 	 12 	 200 	 2069 	 0
1788203088902 	 40 	 200 	 2070 	 0
1788203089287 	 14 	 200 	 2071 	 0
1788203089344 	 13 	 200 	 2073 	 1
1788203089347 	 18 	 200 	 2073 	 0
1788203089459 	 15 	 200 	 2074 	 0
1788203089810 	 14 	 200 	 2075 	 0
1788203090158 	 23 	 200 	 2076 	 0
1788203090673 	 15 	 200 	 2077 	 0
1788203090799 	 37 	 200 	 2079 	 1
1788203090820 	 30 	 200 	 2079 	 0
1788203091138 	 32 	 200 	 2082 	 2
1788203091143 	 31 	 200 	 2082 	 1
1788203091155 	 21 	 200 	 2082 	 0
1788203091398 	 12 	 200 	 2083 	 0
1788203091421 	 15 	 200 	 2085 	 1
1788203091436 	 15 	 200 	 2085 	 0
1788203091612 	 16 	 200 	 2086 	 0
1788203092095 	 34 	 200 	 2087 	 0
1788203092385 	 14 	 200 	 2088 	 0
1788203092767 	 15 	 200 	 2089 	 0
1788203092992 	 12 	 200 	 2090 	 0
1788203093352 	 32 	 200 	 2091 	 0
1788203093472 	 15 	 200 	 2092 	 0
1788203093555 	 27 	 200 	 2093 	 0
1788203093807 	 13 	 200 	 2094 	 0
1788203093887 	 14 	 200 	 2095 	 0
1788203093960 	 19 	 200 	 2096 	 0
1788203093983 	 38 	 200 	 2097 	 0
1788203094523 	 31 	 200 	 2098 	 0
1788203094867 	 21 	 200 	 2099 	 0
1788203095077 	 22 	 200 	 2100 	 0
1788203095142 	 15 	 200 	 2101 	 0
1788203095392 	 13 	 200 	 2102 	 0
1788203095426 	 19 	 200 	 2103 	 0
1788203095537 	 31 	 200 	 2105 	 1
1788203095570 	 19 	 200 	 2105 	 0
1788203095690 	 44 	 200 	 2107 	 1
1788203095732 	 21 	 200 	 2108 	 1
1788203095737 	 18 	 200 	 2108 	 0
1788203095764 	 13 	 200 	 2109 	 0
1788203095840 	 36 	 200 	 2110 	 0
1788203096026 	 38 	 200 	 2111 	 0
1788203096163 	 25 	 200 	 2113 	 1
1788203096173 	 21 	 200 	 2113 	 0
1788203096415 	 31 	 200 	 2114 	 0
1788203096501 	 54 	 200 	 2115 	 0
1788203096563 	 15 	 200 	 2117 	 1
1788203096567 	 13 	 200 	 2117 	 0
1788203096843 	 33 	 200 	 2118 	 0
1788203097192 	 13 	 200 	 2119 	 0
1788203097244 	 13 	 200 	 2120 	 0
1788203097260 	 201 	 200 	 2122 	 1
1788203097452 	 14 	 200 	 2122 	 0
1788203097562 	 23 	 200 	 2123 	 0
1788203097724 	 26 	 200 	 2124 	 0
1788203098041 	 29 	 200 	 2125 	 0
1788203098141 	 24 	 200 	 2126 	 0
1788203098232 	 18 	 200 	 2127 	 0
1788203098546 	 35 	 200 	 2129 	 1
1788203098567 	 19 	 200 	 2129 	 0
1788203098613 	 16 	 200 	 2130 	 0
1788203098941 	 36 	 200 	 2131 	 1
1788203098979 	 16 	 200 	 2132 	 0
1788203099034 	 37 	 200 	 2133 	 0
1788203099091 	 16 	 200 	 2134 	 0
1788203099149 	 30 	 200 	 2135 	 0
1788203099184 	 12 	 200 	 2136 	 0
1788203099302 	 33 	 200 	 2137 	 0
1788203099614 	 15 	 200 	 2139 	 1
1788203099618 	 14 	 200 	 2139 	 0
1788203099934 	 12 	 200 	 2140 	 0
1788203099969 	 14 	 200 	 2142 	 1
1788203099981 	 56 	 200 	 2143 	 1
1788203099997 	 41 	 200 	 2143 	 0
1788203100057 	 20 	 200 	 2145 	 1
1788203100059 	 20 	 200 	 2145 	 0
1788203100090 	 14 	 200 	 2146 	 0
1788203100141 	 18 	 200 	 2147 	 0
1788203100168 	 13 	 200 	 2148 	 0
1788203100312 	 12 	 200 	 2149 	 0
1788203100434 	 41 	 200 	 2151 	 1
1788203100458 	 19 	 200 	 2151 	 0
1788203100486 	 13 	 200 	 2152 	 0
1788203100514 	 14 	 200 	 2153 	 0
1788203100536 	 12 	 200 	 2154 	 0
1788203100964 	 16 	 200 	 2155 	 0
1788203101506 	 31 	 200 	 2156 	 0
1788203101775 	 13 	 200 	 2157 	 0
1788203101935 	 13 	 200 	 2158 	 0
1788203102154 	 40 	 200 	 2160 	 1
1788203102187 	 30 	 200 	 2160 	 0
1788203102236 	 27 	 200 	 2161 	 0
1788203102424 	 29 	 200 	 2162 	 0
1788203102579 	 14 	 200 	 2163 	 0
1788203102704 	 22 	 200 	 2164 	 0
1788203102911 	 15 	 200 	 2165 	 0
1788203103419 	 25 	 200 	 2166 	 0
1788203103580 	 16 	 200 	 2167 	 0
1788203104021 	 15 	 200 	 2168 	 0
1788203104256 	 23 	 200 	 2169 	 0
1788203104323 	 28 	 200 	 2170 	 0
1788203105575 	 16 	 200 	 2172 	 1
1788203105577 	 15 	 200 	 2172 	 0
1788203105602 	 14 	 200 	 2174 	 1
1788203105610 	 14 	 200 	 2174 	 0
1788203106080 	 17 	 200 	 2175 	 0
1788203106397 	 12 	 200 	 2176 	 0
1788203106489 	 15 	 200 	 2177 	 0
1788203106509 	 14 	 200 	 2178 	 0
1788203106610 	 22 	 200 	 2179 	 0
1788203107223 	 32 	 200 	 2180 	 0
1788203107303 	 12 	 200 	 2181 	 0
1788203107716 	 15 	 200 	 2182 	 0
1788203108048 	 14 	 200 	 2184 	 1
1788203108056 	 14 	 200 	 2184 	 0
1788203108278 	 13 	 200 	 2185 	 0
1788203108341 	 13 	 200 	 2186 	 0
1788203108840 	 14 	 200 	 2187 	 0
1788203109075 	 20 	 200 	 2189 	 1
1788203109077 	 20 	 200 	 2189 	 0
1788203109263 	 22 	 200 	 2190 	 0
1788203109330 	 19 	 200 	 2191 	 0
1788203109508 	 16 	 200 	 2192 	 0
1788203109868 	 37 	 200 	 2193 	 0
1788203109978 	 19 	 200 	 2195 	 1
1788203109988 	 12 	 200 	 2195 	 0
1788203110192 	 33 	 200 	 2196 	 0
1788203110692 	 36 	 200 	 2197 	 0
1788203111031 	 32 	 200 	 2198 	 0
1788203111500 	 16 	 200 	 2199 	 0
1788203111615 	 32 	 200 	 2201 	 1
1788203111645 	 32 	 200 	 2201 	 0
1788203112214 	 37 	 200 	 2203 	 1
1788203112222 	 30 	 200 	 2203 	 0
1788203112401 	 14 	 200 	 2204 	 0
1788203112844 	 18 	 200 	 2205 	 0
1788203112986 	 18 	 200 	 2206 	 0
1788203113267 	 25 	 200 	 2207 	 0
1788203113375 	 34 	 200 	 2208 	 0
1788203113565 	 26 	 200 	 2209 	 0
1788203113880 	 23 	 200 	 2210 	 0
1788203113952 	 22 	 200 	 2211 	 0
1788203114249 	 14 	 200 	 2212 	 0
1788203114377 	 37 	 200 	 2213 	 0
1788203114452 	 24 	 200 	 2214 	 0
1788203114581 	 19 	 200 	 2216 	 1
1788203114584 	 17 	 200 	 2216 	 0
1788203114784 	 32 	 200 	 2217 	 0
1788203115282 	 36 	 200 	 2218 	 0
1788203115365 	 28 	 200 	 2219 	 0
1788203115610 	 39 	 200 	 2220 	 0
1788203115804 	 12 	 200 	 2221 	 0
1788203115844 	 14 	 200 	 2222 	 0
1788203115920 	 33 	 200 	 2223 	 0
1788203116098 	 13 	 200 	 2224 	 0
1788203116233 	 14 	 200 	 2225 	 0
1788203116312 	 40 	 200 	 2226 	 0
1788203116511 	 19 	 200 	 2227 	 0
1788203116591 	 15 	 200 	 2228 	 0
1788203116659 	 21 	 200 	 2229 	 0
1788203116820 	 17 	 200 	 2230 	 0
1788203117321 	 14 	 200 	 2231 	 0
1788203117588 	 27 	 200 	 2233 	 1
1788203117583 	 35 	 200 	 2233 	 0
1788203117642 	 34 	 200 	 2234 	 0
1788203117707 	 30 	 200 	 2235 	 0
1788203118243 	 25 	 200 	 2236 	 0
1788203118312 	 15 	 200 	 2237 	 0
1788203118388 	 25 	 200 	 2238 	 0
1788203118543 	 30 	 200 	 2239 	 0
1788203119021 	 33 	 200 	 2240 	 0
1788203119194 	 15 	 200 	 2241 	 0
1788203119290 	 17 	 200 	 2242 	 0
1788203119516 	 18 	 200 	 2244 	 1
1788203119522 	 15 	 200 	 2244 	 0
1788203119813 	 35 	 200 	 2245 	 0
1788203119933 	 36 	 200 	 2246 	 0
1788203120195 	 14 	 200 	 2247 	 0
1788203120577 	 39 	 200 	 2248 	 0
1788203120636 	 26 	 200 	 2249 	 0
1788203120836 	 35 	 200 	 2250 	 0
1788203121094 	 19 	 200 	 2251 	 0
1788203121124 	 14 	 200 	 2252 	 0
1788203121236 	 38 	 200 	 2253 	 0
1788203121394 	 13 	 200 	 2254 	 0
1788203121417 	 13 	 200 	 2255 	 0
1788203121694 	 28 	 200 	 2256 	 0
1788203122192 	 13 	 200 	 2257 	 0
1788203122747 	 32 	 200 	 2258 	 0
1788203122799 	 16 	 200 	 2259 	 0
1788203122862 	 20 	 200 	 2260 	 0
1788203123038 	 35 	 200 	 2262 	 1
1788203123073 	 16 	 200 	 2262 	 0
1788203123371 	 14 	 200 	 2263 	 0
1788203123494 	 13 	 200 	 2264 	 0
1788203123733 	 36 	 200 	 2265 	 0
1788203123812 	 13 	 200 	 2266 	 0
1788203123947 	 30 	 200 	 2267 	 0
1788203123995 	 15 	 200 	 2268 	 0
1788203124053 	 30 	 200 	 2270 	 1
1788203124061 	 26 	 200 	 2270 	 0
1788203124120 	 25 	 200 	 2271 	 0
1788203124172 	 37 	 200 	 2272 	 0
1788203124373 	 14 	 200 	 2273 	 0
1788203124408 	 39 	 200 	 2274 	 0
1788203124450 	 15 	 200 	 2275 	 0
1788203124644 	 33 	 200 	 2276 	 0
1788203124919 	 33 	 200 	 2277 	 0
1788203125286 	 31 	 200 	 2278 	 0
1788203125396 	 14 	 200 	 2279 	 0
1788203125561 	 19 	 200 	 2280 	 0
1788203126460 	 16 	 200 	 2282 	 1
1788203126465 	 19 	 200 	 2282 	 0
1788203126496 	 13 	 200 	 2283 	 0
1788203126732 	 24 	 200 	 2284 	 0
1788203126799 	 32 	 200 	 2285 	 0
1788203126839 	 12 	 200 	 2286 	 0
1788203127379 	 34 	 200 	 2287 	 0
1788203127420 	 30 	 200 	 2288 	 0
1788203127512 	 14 	 200 	 2289 	 0
1788203127590 	 21 	 200 	 2290 	 0
1788203127664 	 24 	 200 	 2291 	 0
1788203127773 	 35 	 200 	 2292 	 0
1788203127873 	 35 	 200 	 2293 	 0
1788203127912 	 20 	 200 	 2294 	 0
1788203127935 	 15 	 200 	 2295 	 0
1788203128228 	 24 	 200 	 2296 	 0
1788203128302 	 34 	 200 	 2297 	 0
1788203128668 	 19 	 200 	 2298 	 0
1788203128717 	 32 	 200 	 2299 	 0
1788203129185 	 40 	 200 	 2300 	 0
1788203129258 	 22 	 200 	 2301 	 0
1788203129318 	 12 	 200 	 2302 	 0
1788203129729 	 17 	 200 	 2303 	 0
1788203129748 	 13 	 200 	 2304 	 0
1788203129930 	 14 	 200 	 2305 	 0
1788203130137 	 14 	 200 	 2306 	 0
1788203130332 	 36 	 200 	 2307 	 0
1788203130612 	 16 	 200 	 2308 	 0
1788203130882 	 16 	 200 	 2309 	 0
1788203130982 	 12 	 200 	 2310 	 0
1788203131014 	 15 	 200 	 2311 	 0
1788203131476 	 14 	 200 	 2313 	 1
1788203131488 	 14 	 200 	 2315 	 2
1788203131498 	 13 	 200 	 2315 	 1
1788203131500 	 16 	 200 	 2315 	 0
1788203131640 	 41 	 200 	 2317 	 1
1788203131676 	 18 	 200 	 2317 	 0
1788203131762 	 39 	 200 	 2319 	 1
1788203131783 	 38 	 200 	 2319 	 0
1788203132204 	 16 	 200 	 2320 	 0
1788203132580 	 35 	 200 	 2321 	 0
1788203132628 	 25 	 200 	 2322 	 0
1788203132923 	 32 	 200 	 2323 	 0
1788203133013 	 12 	 200 	 2324 	 0
1788203133430 	 37 	 200 	 2325 	 0
1788203133634 	 33 	 200 	 2326 	 0
1788203133764 	 20 	 200 	 2327 	 0
1788203133788 	 13 	 200 	 2328 	 0
1788203134219 	 17 	 200 	 2329 	 0
1788203134286 	 36 	 200 	 2330 	 0
1788203134371 	 25 	 200 	 2331 	 0
1788203134422 	 23 	 200 	 2332 	 0
1788203134482 	 36 	 200 	 2333 	 0
1788203134726 	 34 	 200 	 2335 	 1
1788203134749 	 24 	 200 	 2335 	 0
1788203134781 	 12 	 200 	 2336 	 0
1788203134921 	 15 	 200 	 2337 	 0
1788203134988 	 22 	 200 	 2338 	 0
1788203135136 	 39 	 200 	 2339 	 0
1788203135283 	 14 	 200 	 2340 	 0
1788203135804 	 37 	 200 	 2342 	 1
1788203135824 	 75 	 200 	 2342 	 0
1788203136261 	 351 	 200 	 2343 	 0
1788203136689 	 15 	 200 	 2345 	 1
1788203136699 	 13 	 200 	 2345 	 0
1788203136913 	 15 	 200 	 2347 	 1
1788203136918 	 19 	 200 	 2347 	 0
1788203137322 	 32 	 200 	 2348 	 0
1788203137389 	 16 	 200 	 2349 	 0
1788203137429 	 12 	 200 	 2350 	 0
1788203137508 	 14 	 200 	 2351 	 0
1788203137783 	 12 	 200 	 2352 	 0
1788203138004 	 21 	 200 	 2353 	 0
1788203138520 	 21 	 200 	 2354 	 0
1788203138612 	 17 	 200 	 2355 	 0
1788203138700 	 14 	 200 	 2356 	 0
1788203138738 	 26 	 200 	 2357 	 0
1788203138867 	 14 	 200 	 2358 	 0
1788203139191 	 16 	 200 	 2359 	 0
1788203139516 	 15 	 200 	 2360 	 0
1788203139624 	 33 	 200 	 2362 	 1
1788203139648 	 34 	 200 	 2363 	 1
1788203139660 	 27 	 200 	 2363 	 0
1788203139696 	 18 	 200 	 2364 	 0
1788203139785 	 19 	 200 	 2365 	 0
1788203140419 	 35 	 200 	 2366 	 0
1788203140499 	 13 	 200 	 2367 	 0
1788203140629 	 13 	 200 	 2368 	 0
1788203140870 	 23 	 200 	 2369 	 0
1788203140898 	 14 	 200 	 2370 	 0
1788203141047 	 30 	 200 	 2371 	 0
1788203141220 	 23 	 200 	 2373 	 1
1788203141237 	 11 	 200 	 2373 	 0
1788203141360 	 13 	 200 	 2374 	 0
1788203141455 	 24 	 200 	 2375 	 0
1788203141519 	 16 	 200 	 2376 	 0
1788203141653 	 30 	 200 	 2377 	 0
1788203142058 	 22 	 200 	 2378 	 0
1788203142279 	 38 	 200 	 2380 	 1
1788203142289 	 35 	 200 	 2380 	 0
1788203142336 	 12 	 200 	 2381 	 0
1788203143341 	 25 	 200 	 2382 	 0
1788203143402 	 14 	 200 	 2383 	 0
1788203143633 	 32 	 200 	 2384 	 0
1788203143917 	 34 	 200 	 2387 	 2
1788203143937 	 24 	 200 	 2387 	 1
1788203143949 	 17 	 200 	 2387 	 0
1788203144322 	 32 	 200 	 2388 	 0
1788203144445 	 36 	 200 	 2389 	 0
1788203144662 	 19 	 200 	 2390 	 0
1788203145044 	 33 	 200 	 2391 	 0
1788203145472 	 39 	 200 	 2392 	 0
1788203145597 	 15 	 200 	 2393 	 0
1788203146085 	 14 	 200 	 2394 	 0
1788203146215 	 17 	 200 	 2395 	 0
1788203146499 	 15 	 200 	 2396 	 0
1788203146521 	 14 	 200 	 2397 	 0
1788203147039 	 40 	 200 	 2399 	 1
1788203147071 	 26 	 200 	 2399 	 0
1788203147160 	 29 	 200 	 2400 	 0
1788203147280 	 21 	 200 	 2402 	 1
1788203147298 	 16 	 200 	 2402 	 0
1788203147351 	 12 	 200 	 2403 	 0
1788203147701 	 17 	 200 	 2404 	 0
1788203147728 	 13 	 200 	 2405 	 0
1788203147839 	 12 	 200 	 2406 	 0
1788203148749 	 18 	 200 	 2407 	 0
1788203148822 	 30 	 200 	 2409 	 1
1788203148825 	 34 	 200 	 2409 	 0
1788203148906 	 14 	 200 	 2410 	 0
1788203148991 	 12 	 200 	 2411 	 0
1788203149024 	 14 	 200 	 2412 	 0
1788203149053 	 18 	 200 	 2413 	 0
1788203149815 	 21 	 200 	 2414 	 0
1788203150558 	 24 	 200 	 2415 	 0
1788203150645 	 34 	 200 	 2417 	 1
1788203150670 	 21 	 200 	 2417 	 0
1788203150743 	 36 	 200 	 2419 	 1
1788203150763 	 32 	 200 	 2419 	 0
1788203150843 	 30 	 200 	 2421 	 1
1788203150851 	 28 	 200 	 2421 	 0
1788203150884 	 15 	 200 	 2423 	 1
1788203150886 	 13 	 200 	 2423 	 0
1788203150906 	 12 	 200 	 2424 	 0
1788203151011 	 16 	 200 	 2425 	 0
1788203151373 	 14 	 200 	 2426 	 0
1788203151480 	 14 	 200 	 2427 	 0
1788203151655 	 13 	 200 	 2428 	 0
1788203151687 	 21 	 200 	 2430 	 1
1788203151702 	 11 	 200 	 2430 	 0
1788203152022 	 14 	 200 	 2431 	 0
1788203152310 	 39 	 200 	 2432 	 0
1788203153028 	 31 	 200 	 2433 	 0
1788203153353 	 31 	 200 	 2434 	 0
1788203153407 	 14 	 200 	 2435 	 0
1788203153464 	 20 	 200 	 2436 	 0
1788203154007 	 32 	 200 	 2437 	 0
1788203154212 	 14 	 200 	 2438 	 0
1788203154308 	 30 	 200 	 2440 	 1
1788203154298 	 217 	 200 	 2440 	 0
1788203154553 	 26 	 200 	 2441 	 0
1788203155048 	 31 	 200 	 2442 	 0
1788203155105 	 16 	 200 	 2443 	 0
1788203155282 	 16 	 200 	 2444 	 0
1788203155441 	 38 	 200 	 2445 	 0
1788203155776 	 31 	 200 	 2447 	 1
1788203155801 	 22 	 200 	 2447 	 0
1788203156289 	 12 	 200 	 2448 	 0
1788203156376 	 13 	 200 	 2449 	 0
1788203156709 	 13 	 200 	 2450 	 0
1788203157141 	 29 	 200 	 2451 	 0
1788203157598 	 36 	 200 	 2452 	 0
1788203157885 	 13 	 200 	 2453 	 0
1788203158078 	 17 	 200 	 2455 	 1
1788203158083 	 15 	 200 	 2455 	 0
1788203158358 	 22 	 200 	 2457 	 1
1788203158371 	 13 	 200 	 2457 	 0
1788203158699 	 27 	 200 	 2458 	 1
1788203158728 	 13 	 200 	 2460 	 1
1788203158729 	 15 	 200 	 2460 	 0
1788203158776 	 19 	 200 	 2462 	 1
1788203158785 	 28 	 200 	 2463 	 1
1788203158806 	 13 	 200 	 2463 	 0
1788203159048 	 30 	 200 	 2464 	 0
1788203159417 	 33 	 200 	 2465 	 0
1788203160211 	 15 	 200 	 2466 	 0
1788203160320 	 38 	 200 	 2467 	 0
1788203160482 	 13 	 200 	 2468 	 0
1788203160569 	 15 	 200 	 2469 	 0
1788203160665 	 16 	 200 	 2470 	 0
1788203160749 	 34 	 200 	 2472 	 1
1788203160754 	 32 	 200 	 2472 	 0
1788203161258 	 24 	 200 	 2473 	 0
1788203161406 	 15 	 200 	 2474 	 0
1788203161591 	 21 	 200 	 2475 	 0
1788203161736 	 23 	 200 	 2476 	 0
1788203162025 	 39 	 200 	 2477 	 0
1788203162097 	 13 	 200 	 2478 	 0
1788203162221 	 30 	 200 	 2480 	 1
1788203162246 	 12 	 200 	 2480 	 0
1788203162689 	 19 	 200 	 2481 	 0
1788203162725 	 32 	 200 	 2482 	 0
1788203162793 	 12 	 200 	 2483 	 0
1788203162878 	 33 	 200 	 2484 	 0
1788203163281 	 16 	 200 	 2485 	 0
1788203163413 	 13 	 200 	 2486 	 0
1788203163574 	 13 	 200 	 2487 	 0
1788203163615 	 21 	 200 	 2488 	 0
1788203163967 	 36 	 200 	 2490 	 1
1788203164000 	 22 	 200 	 2491 	 1
1788203164022 	 25 	 200 	 2491 	 0
1788203164149 	 24 	 200 	 2492 	 0
1788203164182 	 13 	 200 	 2493 	 0
1788203165671 	 32 	 200 	 2494 	 0
1788203166026 	 37 	 200 	 2495 	 0
1788203166196 	 32 	 200 	 2496 	 0
1788203166905 	 20 	 200 	 2497 	 0
1788203167382 	 14 	 200 	 2498 	 0
1788203167574 	 31 	 200 	 2499 	 0
1788203167756 	 34 	 200 	 2500 	 0
1788203167926 	 22 	 200 	 2501 	 0
1788203168094 	 34 	 200 	 2503 	 1
1788203168096 	 36 	 200 	 2503 	 0
1788203168272 	 12 	 200 	 2504 	 0
1788203168380 	 18 	 200 	 2505 	 0
1788203168447 	 20 	 200 	 2506 	 0
1788203168518 	 12 	 200 	 2507 	 0
1788203168659 	 36 	 200 	 2508 	 0
1788203168865 	 14 	 200 	 2509 	 0
1788203169020 	 12 	 200 	 2510 	 0
1788203169153 	 31 	 200 	 2511 	 0
1788203169213 	 14 	 200 	 2512 	 0
1788203169241 	 13 	 200 	 2513 	 0
1788203169273 	 23 	 200 	 2514 	 0
1788203169411 	 15 	 200 	 2515 	 0
1788203169529 	 40 	 200 	 2516 	 0
1788203169599 	 35 	 200 	 2517 	 0
1788203169644 	 34 	 200 	 2518 	 0
1788203170187 	 20 	 200 	 2519 	 0
1788203170356 	 15 	 200 	 2521 	 1
1788203170335 	 148 	 200 	 2521 	 0
1788203170715 	 37 	 200 	 2522 	 0
1788203170950 	 29 	 200 	 2523 	 0
1788203171041 	 34 	 200 	 2524 	 0
1788203171080 	 17 	 200 	 2525 	 0
1788203171354 	 15 	 200 	 2526 	 0
1788203171556 	 27 	 200 	 2528 	 1
1788203171559 	 26 	 200 	 2528 	 0
1788203171621 	 32 	 200 	 2529 	 0
1788203171685 	 31 	 200 	 2530 	 0
1788203172058 	 18 	 200 	 2531 	 0
1788203172314 	 13 	 200 	 2532 	 0
1788203172598 	 12 	 200 	 2533 	 0
1788203172702 	 13 	 200 	 2534 	 0
1788203172950 	 28 	 200 	 2535 	 0
1788203173031 	 32 	 200 	 2536 	 0
1788203173113 	 16 	 200 	 2537 	 0
1788203173533 	 28 	 200 	 2538 	 0
1788203173794 	 31 	 200 	 2539 	 0
1788203174986 	 60 	 200 	 2540 	 0
1788203175320 	 33 	 200 	 2541 	 0
1788203175404 	 25 	 200 	 2542 	 0
1788203175452 	 13 	 200 	 2543 	 0
1788203175533 	 37 	 200 	 2544 	 0
1788203175591 	 13 	 200 	 2545 	 0
1788203175621 	 14 	 200 	 2546 	 0
1788203175664 	 16 	 200 	 2547 	 0
1788203175685 	 12 	 200 	 2548 	 0
1788203175801 	 14 	 200 	 2549 	 0
1788203176044 	 34 	 200 	 2550 	 0
1788203176162 	 24 	 200 	 2551 	 0
1788203176216 	 20 	 200 	 2552 	 0
1788203176407 	 18 	 200 	 2553 	 0
1788203176437 	 15 	 200 	 2554 	 0
1788203176494 	 26 	 200 	 2555 	 0
1788203176652 	 20 	 200 	 2556 	 0
1788203176677 	 13 	 200 	 2558 	 1
1788203176685 	 18 	 200 	 2558 	 0
1788203176838 	 33 	 200 	 2559 	 0
1788203177041 	 33 	 200 	 2560 	 0
1788203177195 	 13 	 200 	 2561 	 0
1788203177546 	 31 	 200 	 2562 	 0
1788203177772 	 25 	 200 	 2563 	 0
1788203177841 	 30 	 200 	 2564 	 0
1788203177962 	 14 	 200 	 2565 	 0
1788203178180 	 32 	 200 	 2566 	 0
1788203178523 	 14 	 200 	 2567 	 0
1788203179237 	 12 	 200 	 2568 	 0
1788203179283 	 13 	 200 	 2569 	 0
1788203179308 	 19 	 200 	 2570 	 0
1788203179423 	 17 	 200 	 2571 	 0
1788203179679 	 34 	 200 	 2572 	 0
1788203180036 	 13 	 200 	 2573 	 0
1788203180083 	 13 	 200 	 2575 	 1
1788203180096 	 20 	 200 	 2575 	 0
1788203180501 	 15 	 200 	 2576 	 0
1788203180562 	 16 	 200 	 2577 	 0
1788203180843 	 24 	 200 	 2578 	 0
1788203180889 	 29 	 200 	 2580 	 1
1788203180897 	 25 	 200 	 2580 	 0
1788203181196 	 36 	 200 	 2581 	 0
1788203182046 	 31 	 200 	 2583 	 1
1788203182056 	 27 	 200 	 2583 	 0
1788203182225 	 13 	 200 	 2584 	 0
1788203182447 	 12 	 200 	 2585 	 0
1788203182636 	 21 	 200 	 2586 	 0
1788203182729 	 35 	 200 	 2588 	 1
1788203182745 	 30 	 200 	 2588 	 0
1788203182890 	 33 	 200 	 2589 	 0
1788203183017 	 15 	 200 	 2591 	 1
1788203183027 	 15 	 200 	 2591 	 0
1788203183091 	 31 	 200 	 2592 	 0
1788203183397 	 14 	 200 	 2593 	 0
1788203183604 	 32 	 200 	 2594 	 0
1788203184142 	 35 	 200 	 2595 	 0
1788203184186 	 14 	 200 	 2596 	 0
1788203184625 	 19 	 200 	 2597 	 0
1788203184835 	 20 	 200 	 2598 	 0
1788203185222 	 22 	 200 	 2599 	 0
1788203185299 	 16 	 200 	 2600 	 0
1788203185836 	 33 	 200 	 2601 	 0
1788203186120 	 49 	 200 	 2602 	 0
1788203186432 	 13 	 200 	 2603 	 0
1788203186497 	 24 	 200 	 2604 	 0
1788203186605 	 27 	 200 	 2605 	 0
1788203186650 	 12 	 200 	 2606 	 0
1788203187093 	 22 	 200 	 2607 	 0
1788203187211 	 14 	 200 	 2608 	 0
1788203187271 	 37 	 200 	 2609 	 0
1788203187352 	 33 	 200 	 2610 	 0
1788203187617 	 38 	 200 	 2612 	 1
1788203187637 	 22 	 200 	 2612 	 0
1788203188152 	 36 	 200 	 2614 	 1
1788203188168 	 25 	 200 	 2614 	 0
1788203188617 	 41 	 200 	 2615 	 0
1788203188716 	 30 	 200 	 2616 	 0
1788203188849 	 33 	 200 	 2618 	 1
1788203188847 	 35 	 200 	 2618 	 0
1788203189229 	 24 	 200 	 2619 	 0
1788203189437 	 14 	 200 	 2620 	 0
1788203189615 	 38 	 200 	 2621 	 0
1788203189814 	 34 	 200 	 2622 	 0
1788203190022 	 33 	 200 	 2623 	 0
1788203190579 	 35 	 200 	 2624 	 0
1788203190628 	 33 	 200 	 2625 	 0
1788203190690 	 31 	 200 	 2626 	 0
1788203190946 	 15 	 200 	 2627 	 0
1788203191281 	 62 	 200 	 2628 	 0
1788203191422 	 12 	 200 	 2629 	 0
1788203191504 	 28 	 200 	 2630 	 0
1788203191600 	 31 	 200 	 2631 	 0
1788203191644 	 15 	 200 	 2632 	 0
1788203191901 	 28 	 200 	 2633 	 0
1788203192230 	 22 	 200 	 2634 	 0
1788203192802 	 18 	 200 	 2635 	 0
1788203193092 	 16 	 200 	 2636 	 0
1788203193140 	 23 	 200 	 2637 	 0
1788203193183 	 30 	 200 	 2638 	 0
1788203193309 	 14 	 200 	 2639 	 0
1788203193481 	 15 	 200 	 2640 	 0
1788203193508 	 13 	 200 	 2641 	 0
1788203193625 	 42 	 200 	 2643 	 1
1788203193668 	 16 	 200 	 2643 	 0
1788203193723 	 37 	 200 	 2645 	 1
1788203193749 	 30 	 200 	 2645 	 0
1788203193922 	 30 	 200 	 2648 	 2
1788203193924 	 34 	 200 	 2648 	 1
1788203193935 	 26 	 200 	 2648 	 0
1788203193966 	 15 	 200 	 2649 	 0
1788203194282 	 13 	 200 	 2650 	 0
1788203194455 	 23 	 200 	 2652 	 1
1788203194472 	 15 	 200 	 2652 	 0
1788203194509 	 12 	 200 	 2653 	 0
1788203194552 	 30 	 200 	 2655 	 1
1788203194549 	 34 	 200 	 2655 	 0
1788203194926 	 36 	 200 	 2656 	 0
1788203195604 	 33 	 200 	 2657 	 0
1788203195969 	 35 	 200 	 2658 	 0
1788203196122 	 31 	 200 	 2660 	 1
1788203196146 	 33 	 200 	 2660 	 0
1788203196351 	 12 	 200 	 2661 	 0
1788203196453 	 31 	 200 	 2662 	 0
1788203196494 	 13 	 200 	 2663 	 0
1788203196577 	 49 	 200 	 2664 	 0
1788203197022 	 37 	 200 	 2666 	 1
1788203197048 	 29 	 200 	 2666 	 0
1788203197292 	 12 	 200 	 2667 	 0
1788203197671 	 32 	 200 	 2668 	 0
1788203198074 	 31 	 200 	 2669 	 0
1788203198357 	 13 	 200 	 2670 	 0
1788203198430 	 13 	 200 	 2671 	 0
1788203198702 	 13 	 200 	 2672 	 0
1788203198769 	 24 	 200 	 2673 	 0
1788203198890 	 163 	 200 	 2674 	 0
1788203199282 	 13 	 200 	 2675 	 0
1788203199298 	 17 	 200 	 2676 	 0
1788203199530 	 38 	 200 	 2677 	 0
1788203199621 	 35 	 200 	 2678 	 0
1788203199693 	 12 	 200 	 2679 	 0
1788203199808 	 32 	 200 	 2680 	 0
1788203199874 	 38 	 200 	 2681 	 0
1788203200025 	 36 	 200 	 2682 	 0
1788203200214 	 22 	 200 	 2683 	 0
1788203200360 	 13 	 200 	 2684 	 0
1788203200679 	 24 	 200 	 2685 	 0
1788203200821 	 31 	 200 	 2686 	 0
1788203200899 	 15 	 200 	 2687 	 0
1788203200957 	 13 	 200 	 2688 	 0
1788203201364 	 13 	 200 	 2690 	 1
1788203201373 	 15 	 200 	 2690 	 0
1788203201480 	 18 	 200 	 2691 	 0
1788203201507 	 13 	 200 	 2692 	 0
1788203201696 	 14 	 200 	 2693 	 0
1788203201717 	 15 	 200 	 2694 	 0
1788203202093 	 40 	 200 	 2695 	 0
1788203202431 	 20 	 200 	 2696 	 0
1788203202519 	 13 	 200 	 2697 	 0
1788203202541 	 15 	 200 	 2698 	 0
1788203202566 	 17 	 200 	 2699 	 0
1788203203130 	 22 	 200 	 2700 	 0
1788203203273 	 21 	 200 	 2701 	 0
1788203203674 	 18 	 200 	 2702 	 0
1788203203713 	 14 	 200 	 2703 	 0
1788203203884 	 13 	 200 	 2704 	 0
1788203204073 	 19 	 200 	 2705 	 0
1788203204598 	 38 	 200 	 2706 	 0
1788203204764 	 34 	 200 	 2707 	 0
1788203204906 	 17 	 200 	 2708 	 0
1788203206121 	 22 	 200 	 2709 	 0
1788203206178 	 32 	 200 	 2711 	 1
1788203206189 	 29 	 200 	 2711 	 0
1788203206394 	 14 	 200 	 2712 	 0
1788203206500 	 30 	 200 	 2713 	 0
1788203206756 	 28 	 200 	 2714 	 0
1788203207323 	 20 	 200 	 2715 	 0
1788203208226 	 21 	 200 	 2716 	 0
1788203209069 	 21 	 200 	 2717 	 0
1788203209757 	 17 	 200 	 2718 	 0
1788203209867 	 23 	 200 	 2719 	 0
1788203209916 	 14 	 200 	 2720 	 0
1788203210075 	 32 	 200 	 2721 	 0
1788203210254 	 44 	 200 	 2723 	 1
1788203210270 	 33 	 200 	 2723 	 0
1788203210391 	 14 	 200 	 2724 	 0
1788203210497 	 22 	 200 	 2725 	 0
1788203210814 	 20 	 200 	 2726 	 0
1788203210869 	 37 	 200 	 2727 	 0
1788203211136 	 34 	 200 	 2728 	 0
1788203211200 	 12 	 200 	 2729 	 0
1788203211293 	 14 	 200 	 2730 	 0
1788203211382 	 14 	 200 	 2731 	 0
1788203211728 	 31 	 200 	 2732 	 0
1788203211821 	 42 	 200 	 2733 	 0
1788203211954 	 12 	 200 	 2734 	 0
1788203212076 	 17 	 200 	 2735 	 0
1788203212266 	 15 	 200 	 2737 	 1
1788203212223 	 85 	 200 	 2737 	 0
1788203213186 	 31 	 200 	 2738 	 0
1788203213262 	 26 	 200 	 2739 	 0
1788203213346 	 20 	 200 	 2740 	 0
1788203213405 	 38 	 200 	 2741 	 0
1788203213816 	 38 	 200 	 2742 	 0
1788203214098 	 35 	 200 	 2743 	 0
1788203214251 	 18 	 200 	 2744 	 0
1788203214455 	 29 	 200 	 2745 	 0
1788203214839 	 23 	 200 	 2746 	 0
1788203215057 	 28 	 200 	 2747 	 0
1788203215187 	 32 	 200 	 2749 	 1
1788203215218 	 20 	 200 	 2749 	 0
1788203215547 	 31 	 200 	 2750 	 0
1788203215687 	 44 	 200 	 2751 	 0
1788203215764 	 13 	 200 	 2752 	 0
1788203216147 	 34 	 200 	 2753 	 0
1788203216276 	 14 	 200 	 2754 	 0
1788203216505 	 36 	 200 	 2756 	 1
1788203216524 	 29 	 200 	 2756 	 0
1788203216639 	 35 	 200 	 2757 	 0
1788203216978 	 13 	 200 	 2758 	 0
1788203217069 	 30 	 200 	 2759 	 0
1788203217242 	 19 	 200 	 2761 	 1
1788203217253 	 27 	 200 	 2761 	 0
1788203217362 	 26 	 200 	 2762 	 0
1788203217487 	 17 	 200 	 2763 	 0
1788203217592 	 13 	 200 	 2764 	 0
1788203217855 	 23 	 200 	 2765 	 0
1788203218718 	 15 	 200 	 2766 	 0
1788203218830 	 13 	 200 	 2767 	 0
1788203218862 	 25 	 200 	 2770 	 2
1788203218876 	 17 	 200 	 2770 	 1
1788203218887 	 18 	 200 	 2771 	 1
1788203218903 	 18 	 200 	 2771 	 0
1788203219082 	 24 	 200 	 2773 	 1
1788203219095 	 15 	 200 	 2773 	 0
1788203219318 	 20 	 200 	 2774 	 0
1788203219567 	 21 	 200 	 2775 	 0
1788203219932 	 37 	 200 	 2777 	 1
1788203219958 	 29 	 200 	 2777 	 0
1788203220230 	 15 	 200 	 2778 	 0
1788203221057 	 27 	 200 	 2779 	 0
1788203221354 	 29 	 200 	 2780 	 0
1788203221414 	 13 	 200 	 2781 	 0
1788203221899 	 31 	 200 	 2782 	 0
1788203222272 	 13 	 200 	 2783 	 0
1788203222338 	 17 	 200 	 2784 	 0
1788203222620 	 37 	 200 	 2785 	 0
1788203222957 	 23 	 200 	 2786 	 0
1788203223775 	 15 	 200 	 2787 	 0
1788203223811 	 12 	 200 	 2788 	 0
1788203224039 	 42 	 200 	 2790 	 1
1788203224051 	 31 	 200 	 2790 	 0
1788203225063 	 12 	 200 	 2791 	 0
1788203225700 	 21 	 200 	 2792 	 0
1788203226038 	 38 	 200 	 2793 	 0
1788203226364 	 14 	 200 	 2794 	 0
1788203226587 	 13 	 200 	 2795 	 0
1788203226864 	 23 	 200 	 2796 	 0
1788203227254 	 15 	 200 	 2797 	 0
1788203227650 	 29 	 200 	 2798 	 0
1788203227907 	 20 	 200 	 2799 	 0
1788203227942 	 17 	 200 	 2800 	 0
1788203228633 	 32 	 200 	 2801 	 0
1788203228697 	 12 	 200 	 2802 	 0
1788203228797 	 14 	 200 	 2803 	 0
1788203228883 	 13 	 200 	 2804 	 0
1788203229424 	 12 	 200 	 2805 	 0
1788203229465 	 28 	 200 	 2806 	 0
1788203229561 	 18 	 200 	 2807 	 0
1788203229672 	 35 	 200 	 2808 	 0
1788203230277 	 32 	 200 	 2811 	 2
1788203230285 	 29 	 200 	 2811 	 1
1788203230306 	 17 	 200 	 2811 	 0
1788203230331 	 15 	 200 	 2812 	 0
1788203230587 	 13 	 200 	 2813 	 0
1788203230607 	 12 	 200 	 2814 	 0
1788203231361 	 22 	 200 	 2815 	 0
1788203231445 	 14 	 200 	 2816 	 0
1788203231577 	 14 	 200 	 2818 	 1
1788203231576 	 16 	 200 	 2818 	 0
1788203231629 	 37 	 200 	 2819 	 0
1788203232167 	 25 	 200 	 2820 	 0
1788203232364 	 14 	 200 	 2821 	 0
1788203232464 	 22 	 200 	 2822 	 0
1788203232690 	 28 	 200 	 2823 	 0
1788203232748 	 34 	 200 	 2824 	 0
1788203232810 	 19 	 200 	 2825 	 0
1788203233702 	 39 	 200 	 2827 	 1
1788203233714 	 32 	 200 	 2827 	 0
1788203233919 	 39 	 200 	 2828 	 0
1788203234149 	 23 	 200 	 2829 	 0
1788203234485 	 12 	 200 	 2830 	 0
1788203234739 	 29 	 200 	 2831 	 0
1788203235103 	 16 	 200 	 2832 	 0
1788203235162 	 25 	 200 	 2834 	 1
1788203235164 	 29 	 200 	 2834 	 0
1788203235410 	 17 	 200 	 2835 	 0
1788203235915 	 12 	 200 	 2836 	 0
1788203236010 	 32 	 200 	 2837 	 0
1788203236289 	 34 	 200 	 2838 	 0
1788203236395 	 13 	 200 	 2839 	 0
1788203236499 	 18 	 200 	 2840 	 0
1788203237715 	 31 	 200 	 2841 	 0
1788203238487 	 17 	 200 	 2842 	 0
1788203238826 	 14 	 200 	 2843 	 0
1788203239415 	 24 	 200 	 2844 	 0
1788203239495 	 15 	 200 	 2846 	 1
1788203239510 	 12 	 200 	 2846 	 0
1788203239627 	 20 	 200 	 2847 	 0
1788203239673 	 14 	 200 	 2848 	 0
1788203239887 	 16 	 200 	 2849 	 0
1788203240063 	 23 	 200 	 2850 	 0
1788203240323 	 36 	 200 	 2852 	 1
1788203240337 	 25 	 200 	 2852 	 0
1788203240706 	 13 	 200 	 2853 	 0
1788203240955 	 21 	 200 	 2854 	 0
1788203240982 	 16 	 200 	 2855 	 0
1788203241416 	 28 	 200 	 2856 	 0
1788203241900 	 29 	 200 	 2857 	 0
1788203241960 	 24 	 200 	 2858 	 0
1788203242058 	 29 	 200 	 2859 	 0
1788203242099 	 31 	 200 	 2861 	 1
1788203242118 	 23 	 200 	 2861 	 0
1788203242389 	 15 	 200 	 2863 	 1
1788203242391 	 16 	 200 	 2863 	 0
1788203242481 	 14 	 200 	 2864 	 0
1788203242663 	 16 	 200 	 2865 	 0
1788203242753 	 25 	 200 	 2866 	 0
1788203242969 	 35 	 200 	 2868 	 1
1788203242996 	 20 	 200 	 2868 	 0
1788203243107 	 32 	 200 	 2869 	 0
1788203243183 	 13 	 200 	 2871 	 1
1788203243190 	 18 	 200 	 2871 	 0
1788203243416 	 28 	 200 	 2872 	 0
1788203243680 	 23 	 200 	 2874 	 1
1788203243691 	 13 	 200 	 2874 	 0
1788203243858 	 16 	 200 	 2875 	 0
1788203244105 	 40 	 200 	 2877 	 1
1788203244131 	 23 	 200 	 2877 	 0
1788203244397 	 14 	 200 	 2878 	 0
1788203244581 	 33 	 200 	 2880 	 1
1788203244598 	 34 	 200 	 2880 	 0
1788203244816 	 14 	 200 	 2881 	 0
1788203245205 	 13 	 200 	 2882 	 0
1788203245408 	 31 	 200 	 2883 	 0
1788203245750 	 32 	 200 	 2884 	 0
1788203246037 	 31 	 200 	 2885 	 0
1788203246104 	 13 	 200 	 2886 	 0
1788203246159 	 36 	 200 	 2887 	 0
1788203246235 	 37 	 200 	 2889 	 1
1788203246238 	 36 	 200 	 2889 	 0
1788203246320 	 13 	 200 	 2890 	 0
1788203246551 	 23 	 200 	 2891 	 0
1788203246861 	 26 	 200 	 2892 	 0
1788203247304 	 29 	 200 	 2893 	 0
1788203247534 	 29 	 200 	 2894 	 0
1788203247914 	 14 	 200 	 2895 	 0
1788203248256 	 15 	 200 	 2896 	 0
1788203248460 	 13 	 200 	 2897 	 0
1788203248593 	 12 	 200 	 2898 	 0
1788203248644 	 26 	 200 	 2899 	 0
1788203248785 	 13 	 200 	 2900 	 0
1788203249451 	 14 	 200 	 2901 	 0
1788203249511 	 33 	 200 	 2902 	 0
1788203249545 	 12 	 200 	 2903 	 0
1788203249957 	 33 	 200 	 2904 	 0
1788203250206 	 18 	 200 	 2906 	 1
1788203250216 	 13 	 200 	 2906 	 0
1788203250459 	 16 	 200 	 2908 	 1
1788203250467 	 15 	 200 	 2908 	 0
1788203250493 	 13 	 200 	 2909 	 0
1788203250602 	 13 	 200 	 2910 	 0
1788203250868 	 39 	 200 	 2911 	 0
1788203250928 	 25 	 200 	 2912 	 0
1788203251193 	 13 	 200 	 2913 	 0
1788203251280 	 33 	 200 	 2914 	 0
1788203251662 	 20 	 200 	 2915 	 0
1788203252264 	 13 	 200 	 2916 	 0
1788203252496 	 15 	 200 	 2917 	 0
1788203252596 	 16 	 200 	 2918 	 0
1788203252658 	 29 	 200 	 2919 	 0
1788203253081 	 13 	 200 	 2920 	 0
1788203253329 	 30 	 200 	 2921 	 0
1788203253532 	 39 	 200 	 2922 	 0
1788203254432 	 31 	 200 	 2923 	 0
1788203254520 	 22 	 200 	 2924 	 0
1788203254967 	 16 	 200 	 2925 	 0
1788203255519 	 31 	 200 	 2926 	 0
1788203255774 	 15 	 200 	 2927 	 0
1788203255867 	 14 	 200 	 2928 	 0
1788203256297 	 36 	 200 	 2929 	 0
1788203256986 	 12 	 200 	 2930 	 0
1788203257041 	 23 	 200 	 2931 	 0
1788203257156 	 17 	 200 	 2933 	 1
1788203257159 	 15 	 200 	 2933 	 0
1788203257187 	 13 	 200 	 2934 	 0
1788203257282 	 15 	 200 	 2935 	 0
1788203257417 	 33 	 200 	 2936 	 0
1788203257762 	 34 	 200 	 2938 	 1
1788203257787 	 15 	 200 	 2938 	 0
1788203258270 	 24 	 200 	 2940 	 1
1788203258282 	 15 	 200 	 2940 	 0
1788203258873 	 15 	 200 	 2941 	 0
1788203258911 	 13 	 200 	 2942 	 0
1788203258967 	 27 	 200 	 2943 	 0
1788203259093 	 13 	 200 	 2945 	 1
1788203259096 	 14 	 200 	 2945 	 0
1788203259613 	 93 	 200 	 2946 	 0
1788203260136 	 36 	 200 	 2949 	 2
1788203260142 	 33 	 200 	 2949 	 1
1788203260146 	 32 	 200 	 2949 	 0
1788203260248 	 28 	 200 	 2950 	 0
1788203260337 	 19 	 200 	 2951 	 0
1788203260505 	 30 	 200 	 2952 	 0
1788203260848 	 29 	 200 	 2953 	 0
1788203260985 	 26 	 200 	 2954 	 0
1788203261033 	 35 	 200 	 2955 	 0
1788203261196 	 17 	 200 	 2956 	 0
1788203261602 	 32 	 200 	 2957 	 0
1788203261714 	 17 	 200 	 2958 	 0
1788203261739 	 14 	 200 	 2959 	 0
1788203261842 	 31 	 200 	 2960 	 0
1788203262099 	 14 	 200 	 2961 	 0
1788203262681 	 14 	 200 	 2962 	 0
1788203262726 	 12 	 200 	 2963 	 0
1788203262798 	 21 	 200 	 2964 	 0
1788203263208 	 34 	 200 	 2966 	 1
1788203263242 	 23 	 200 	 2966 	 0
1788203263711 	 14 	 200 	 2967 	 0
1788203264012 	 28 	 200 	 2968 	 0
1788203264263 	 26 	 200 	 2970 	 1
1788203264272 	 21 	 200 	 2970 	 0
1788203264341 	 14 	 200 	 2971 	 0
1788203264543 	 42 	 200 	 2972 	 0
1788203264786 	 16 	 200 	 2973 	 0
1788203265031 	 36 	 200 	 2974 	 0
1788203265212 	 14 	 200 	 2975 	 0
1788203265310 	 13 	 200 	 2976 	 0
1788203265500 	 24 	 200 	 2977 	 0
1788203265728 	 33 	 200 	 2978 	 0
1788203265778 	 12 	 200 	 2979 	 0
1788203266104 	 30 	 200 	 2980 	 0
1788203266360 	 13 	 200 	 2981 	 0
1788203266520 	 39 	 200 	 2983 	 1
1788203266531 	 36 	 200 	 2983 	 0
1788203266958 	 29 	 200 	 2984 	 0
1788203267273 	 34 	 200 	 2985 	 0
1788203267369 	 17 	 200 	 2986 	 0
1788203267452 	 24 	 200 	 2987 	 0
1788203268152 	 37 	 200 	 2989 	 1
1788203268184 	 21 	 200 	 2989 	 0
1788203268657 	 24 	 200 	 2990 	 0
1788203269140 	 12 	 200 	 2991 	 0
1788203269200 	 39 	 200 	 2993 	 1
1788203269220 	 31 	 200 	 2993 	 0
1788203270087 	 16 	 200 	 2994 	 0
1788203270132 	 30 	 200 	 2995 	 0
1788203270393 	 15 	 200 	 2996 	 0
1788203270574 	 19 	 200 	 2997 	 0
1788203270953 	 24 	 200 	 2998 	 0
1788203271108 	 14 	 200 	 2999 	 0
1788203271303 	 31 	 200 	 3000 	 0