1788203273458 	 17 	 200 	 1 	 0
1788203273723 	 21 	 200 	 2 	 0
1788203273843 	 37 	 200 	 4 	 1
1788203273859 	 26 	 200 	 4 	 0
1788203274006 	 26 	 200 	 5 	 0
1788203274203 	 13 	 200 	 6 	 0
1788203274604 	 16 	 200 	 7 	 0
1788203274746 	 20 	 200 	 8 	 0
1788203275265 	 19 	 200 	 9 	 0
1788203275330 	 24 	 200 	 10 	 0
1788203275369 	 13 	 200 	 11 	 0
1788203276074 	 40 	 200 	 12 	 0
1788203276281 	 13 	 200 	 13 	 0
1788203276316 	 14 	 200 	 14 	 0
1788203276440 	 63 	 200 	 15 	 0
1788203276699 	 16 	 200 	 16 	 0
1788203276760 	 17 	 200 	 17 	 0
1788203277212 	 31 	 200 	 18 	 0
1788203277578 	 15 	 200 	 19 	 0
1788203277878 	 18 	 200 	 20 	 0
1788203278117 	 41 	 200 	 21 	 0
1788203278699 	 19 	 200 	 22 	 0
1788203279077 	 38 	 200 	 23 	 0
1788203279860 	 30 	 200 	 24 	 0
1788203280084 	 36 	 200 	 26 	 1
1788203280096 	 36 	 200 	 26 	 0
1788203280310 	 26 	 200 	 27 	 0
1788203280545 	 39 	 200 	 28 	 0
1788203280609 	 34 	 200 	 29 	 0
1788203281196 	 33 	 200 	 30 	 0
1788203281540 	 39 	 200 	 31 	 0
1788203281733 	 37 	 200 	 32 	 0
1788203282145 	 38 	 200 	 33 	 0
1788203282293 	 17 	 200 	 34 	 0
1788203282351 	 17 	 200 	 35 	 0
1788203282494 	 24 	 200 	 36 	 0
1788203282550 	 26 	 200 	 37 	 0
1788203282584 	 13 	 200 	 38 	 0
1788203282819 	 36 	 200 	 39 	 0
1788203283305 	 32 	 200 	 40 	 0
1788203283755 	 30 	 200 	 41 	 0
1788203283885 	 13 	 200 	 42 	 0
1788203283962 	 20 	 200 	 43 	 0
1788203284199 	 24 	 200 	 44 	 0
1788203284238 	 13 	 200 	 45 	 0
1788203284911 	 24 	 200 	 46 	 0
1788203285153 	 31 	 200 	 47 	 0
1788203285283 	 13 	 200 	 48 	 0
1788203285433 	 41 	 200 	 49 	 0
1788203285659 	 32 	 200 	 50 	 0
1788203285752 	 22 	 200 	 51 	 0
1788203285838 	 16 	 200 	 53 	 1
1788203285840 	 15 	 200 	 53 	 0
1788203285961 	 21 	 200 	 54 	 0
1788203286660 	 36 	 200 	 55 	 0
1788203287018 	 12 	 200 	 56 	 0
1788203287228 	 23 	 200 	 57 	 0
1788203287296 	 14 	 200 	 58 	 0
1788203287352 	 17 	 200 	 59 	 0
1788203287441 	 37 	 200 	 60 	 0
1788203287624 	 43 	 200 	 61 	 0
1788203287729 	 31 	 200 	 62 	 0
1788203287951 	 22 	 200 	 63 	 0
1788203288206 	 28 	 200 	 65 	 1
1788203288233 	 26 	 200 	 65 	 0
1788203288313 	 15 	 200 	 66 	 0
1788203288385 	 17 	 200 	 67 	 0
1788203288479 	 26 	 200 	 68 	 0
1788203288607 	 31 	 200 	 69 	 0
1788203288716 	 13 	 200 	 70 	 0
1788203289233 	 15 	 200 	 71 	 0
1788203289371 	 36 	 200 	 72 	 0
1788203289595 	 15 	 200 	 73 	 0
1788203289653 	 34 	 200 	 74 	 0
1788203289859 	 15 	 200 	 75 	 0
1788203289968 	 14 	 200 	 76 	 0
1788203290295 	 36 	 200 	 77 	 0
1788203290466 	 21 	 200 	 78 	 0
1788203290714 	 20 	 200 	 79 	 0
1788203290747 	 33 	 200 	 80 	 0
1788203291025 	 37 	 200 	 81 	 0
1788203291213 	 30 	 200 	 83 	 1
1788203291238 	 14 	 200 	 83 	 0
1788203291316 	 13 	 200 	 84 	 0
1788203291480 	 16 	 200 	 85 	 0
1788203291732 	 37 	 200 	 86 	 0
1788203292170 	 16 	 200 	 87 	 0
1788203292678 	 12 	 200 	 88 	 0
1788203293176 	 13 	 200 	 89 	 0
1788203293373 	 39 	 200 	 90 	 0
1788203293800 	 33 	 200 	 91 	 0
1788203293935 	 26 	 200 	 92 	 0
1788203294098 	 14 	 200 	 93 	 0
1788203294114 	 13 	 200 	 94 	 0
1788203294758 	 40 	 200 	 95 	 0
1788203295072 	 31 	 200 	 96 	 0
1788203295241 	 12 	 200 	 97 	 0
1788203295652 	 84 	 200 	 98 	 0
1788203296330 	 15 	 200 	 100 	 1
1788203296341 	 12 	 200 	 100 	 0
1788203296891 	 22 	 200 	 101 	 0
1788203296954 	 12 	 200 	 102 	 0
1788203297093 	 28 	 200 	 103 	 0
1788203297553 	 38 	 200 	 104 	 0
1788203298134 	 27 	 200 	 105 	 0
1788203298182 	 32 	 200 	 106 	 0
1788203298347 	 13 	 200 	 107 	 0
1788203298543 	 21 	 200 	 108 	 0
1788203299003 	 12 	 200 	 109 	 0
1788203299432 	 23 	 200 	 110 	 0
1788203299525 	 27 	 200 	 111 	 0
1788203299679 	 37 	 200 	 112 	 0
1788203299755 	 33 	 200 	 113 	 0
1788203300058 	 30 	 200 	 115 	 1
1788203300083 	 135 	 200 	 115 	 0
1788203300296 	 13 	 200 	 116 	 0
1788203300453 	 23 	 200 	 117 	 0
1788203300985 	 15 	 200 	 118 	 0
1788203301043 	 38 	 200 	 119 	 0
1788203301347 	 35 	 200 	 120 	 0
1788203301609 	 39 	 200 	 121 	 0
1788203301930 	 15 	 200 	 122 	 0
1788203302182 	 41 	 200 	 123 	 0
1788203302339 	 26 	 200 	 124 	 0
1788203302531 	 18 	 200 	 126 	 1
1788203302504 	 45 	 200 	 126 	 0
1788203302813 	 42 	 200 	 127 	 0
1788203302938 	 33 	 200 	 128 	 0
1788203303090 	 12 	 200 	 129 	 0
1788203303289 	 33 	 200 	 130 	 0
1788203303330 	 20 	 200 	 131 	 0
1788203303537 	 14 	 200 	 132 	 0
1788203303761 	 40 	 200 	 133 	 0
1788203304213 	 34 	 200 	 134 	 0
1788203304284 	 13 	 200 	 135 	 0
1788203304313 	 24 	 200 	 136 	 0
1788203304379 	 18 	 200 	 137 	 0
1788203304739 	 35 	 200 	 138 	 0
1788203305276 	 30 	 200 	 139 	 0
1788203305383 	 14 	 200 	 140 	 0
1788203305417 	 38 	 200 	 141 	 0
1788203305642 	 42 	 200 	 142 	 0
1788203305724 	 24 	 200 	 143 	 0
1788203305877 	 31 	 200 	 145 	 1
1788203305907 	 33 	 200 	 145 	 0
1788203306702 	 38 	 200 	 146 	 0
1788203306934 	 12 	 200 	 147 	 0
1788203306991 	 14 	 200 	 149 	 1
1788203306994 	 13 	 200 	 149 	 0
1788203307132 	 32 	 200 	 150 	 0
1788203307358 	 26 	 200 	 151 	 0
1788203307421 	 20 	 200 	 152 	 0
1788203307553 	 24 	 200 	 153 	 0
1788203307634 	 36 	 200 	 154 	 0
1788203308198 	 38 	 200 	 155 	 0
1788203308240 	 14 	 200 	 156 	 0
1788203308743 	 24 	 200 	 157 	 0
1788203308974 	 13 	 200 	 158 	 0
1788203309750 	 23 	 200 	 159 	 0
1788203309994 	 24 	 200 	 160 	 0
1788203310073 	 15 	 200 	 161 	 0
1788203310259 	 23 	 200 	 162 	 0
1788203310360 	 14 	 200 	 163 	 0
1788203310406 	 27 	 200 	 164 	 0
1788203310788 	 33 	 200 	 166 	 1
1788203310799 	 30 	 200 	 166 	 0
1788203311394 	 15 	 200 	 168 	 1
1788203311397 	 14 	 200 	 168 	 0
1788203311672 	 29 	 200 	 169 	 0
1788203312165 	 33 	 200 	 170 	 0
1788203312208 	 11 	 200 	 171 	 0
1788203312822 	 44 	 200 	 173 	 1
1788203312850 	 20 	 200 	 173 	 0
1788203313224 	 35 	 200 	 175 	 1
1788203313226 	 34 	 200 	 175 	 0
1788203313486 	 33 	 200 	 177 	 1
1788203313500 	 26 	 200 	 177 	 0
1788203313674 	 15 	 200 	 178 	 0
1788203314130 	 31 	 200 	 180 	 1
1788203314147 	 25 	 200 	 180 	 0
1788203314762 	 27 	 200 	 182 	 1
1788203314779 	 20 	 200 	 182 	 0
1788203315050 	 12 	 200 	 183 	 0
1788203315197 	 33 	 200 	 184 	 0
1788203315293 	 25 	 200 	 185 	 0
1788203315370 	 14 	 200 	 186 	 0
1788203315435 	 16 	 200 	 187 	 0
1788203315520 	 36 	 200 	 188 	 0
1788203315694 	 16 	 200 	 189 	 0
1788203315758 	 13 	 200 	 190 	 0
1788203315880 	 35 	 200 	 191 	 0
1788203316646 	 32 	 200 	 192 	 0
1788203316883 	 31 	 200 	 193 	 0
1788203317024 	 36 	 200 	 194 	 0
1788203317113 	 30 	 200 	 195 	 0
1788203317148 	 13 	 200 	 196 	 0
1788203317308 	 30 	 200 	 197 	 0
1788203317342 	 12 	 200 	 198 	 0
1788203317979 	 13 	 200 	 199 	 0
1788203318175 	 24 	 200 	 200 	 0
1788203318208 	 12 	 200 	 201 	 0
1788203318370 	 20 	 200 	 202 	 0
1788203318805 	 30 	 200 	 204 	 1
1788203318823 	 20 	 200 	 204 	 0
1788203319151 	 31 	 200 	 205 	 0
1788203319481 	 14 	 200 	 207 	 1
1788203319484 	 22 	 200 	 207 	 0
1788203319548 	 14 	 200 	 208 	 0
1788203319732 	 14 	 200 	 210 	 1
1788203319737 	 15 	 200 	 210 	 0
1788203319839 	 23 	 200 	 212 	 1
1788203319854 	 14 	 200 	 212 	 0
1788203319967 	 26 	 200 	 213 	 0
1788203320151 	 35 	 200 	 214 	 0
1788203320219 	 23 	 200 	 215 	 0
1788203320340 	 23 	 200 	 216 	 0
1788203320875 	 36 	 200 	 217 	 0
1788203320935 	 36 	 200 	 218 	 0
1788203321161 	 18 	 200 	 219 	 0
1788203321569 	 35 	 200 	 220 	 0
1788203321657 	 26 	 200 	 221 	 0
1788203322822 	 33 	 200 	 222 	 0
1788203322941 	 34 	 200 	 223 	 0
1788203323152 	 14 	 200 	 225 	 1
1788203323164 	 15 	 200 	 225 	 0
1788203323517 	 28 	 200 	 226 	 0
1788203323561 	 36 	 200 	 228 	 1
1788203323596 	 20 	 200 	 228 	 0
1788203323790 	 35 	 200 	 229 	 0
1788203323853 	 36 	 200 	 230 	 0
1788203323974 	 20 	 200 	 231 	 0
1788203324014 	 14 	 200 	 232 	 0
1788203324259 	 29 	 200 	 233 	 0
1788203324438 	 22 	 200 	 234 	 0
1788203324501 	 15 	 200 	 235 	 0
1788203324662 	 33 	 200 	 236 	 0
1788203324825 	 33 	 200 	 237 	 0
1788203325018 	 29 	 200 	 238 	 0
1788203325261 	 25 	 200 	 239 	 0
1788203325479 	 20 	 200 	 240 	 0
1788203325550 	 26 	 200 	 241 	 0
1788203325716 	 24 	 200 	 242 	 0
1788203325975 	 16 	 200 	 243 	 0
1788203326291 	 40 	 200 	 244 	 0
1788203326341 	 26 	 200 	 245 	 0
1788203326849 	 32 	 200 	 246 	 0
1788203327024 	 31 	 200 	 247 	 0
1788203327135 	 25 	 200 	 248 	 0
1788203327429 	 22 	 200 	 249 	 0
1788203327832 	 33 	 200 	 250 	 0
1788203327876 	 15 	 200 	 251 	 0
1788203328347 	 14 	 200 	 254 	 2
1788203328267 	 98 	 200 	 254 	 1
1788203328356 	 18 	 200 	 254 	 0
1788203328452 	 20 	 200 	 255 	 0
1788203328539 	 34 	 200 	 256 	 0
1788203328578 	 14 	 200 	 257 	 0
1788203328833 	 34 	 200 	 258 	 0
1788203328879 	 14 	 200 	 259 	 0
1788203329051 	 34 	 200 	 260 	 0
1788203330161 	 34 	 200 	 261 	 0
1788203330396 	 29 	 200 	 262 	 0
1788203330698 	 19 	 200 	 263 	 0
1788203330878 	 12 	 200 	 264 	 0
1788203330915 	 13 	 200 	 265 	 0
1788203330953 	 22 	 200 	 266 	 0
1788203331061 	 110 	 200 	 267 	 0
1788203331197 	 84 	 200 	 269 	 1
1788203331263 	 52 	 200 	 269 	 0
1788203331427 	 29 	 200 	 270 	 0
1788203331489 	 35 	 200 	 271 	 0
1788203331630 	 28 	 200 	 272 	 0
1788203331752 	 22 	 200 	 273 	 0
1788203331896 	 25 	 200 	 274 	 0
1788203331946 	 40 	 200 	 275 	 0
1788203332050 	 31 	 200 	 276 	 0
1788203332172 	 19 	 200 	 277 	 0
1788203332717 	 31 	 200 	 279 	 1
1788203332750 	 20 	 200 	 279 	 0
1788203332882 	 14 	 200 	 280 	 0
1788203333107 	 36 	 200 	 281 	 0
1788203333419 	 26 	 200 	 282 	 0
1788203333478 	 14 	 200 	 283 	 0
1788203333594 	 43 	 200 	 284 	 0
1788203333881 	 19 	 200 	 285 	 0
1788203334070 	 20 	 200 	 286 	 0
1788203334103 	 18 	 200 	 287 	 0
1788203334222 	 42 	 200 	 289 	 1
1788203334236 	 32 	 200 	 289 	 0
1788203334330 	 25 	 200 	 290 	 0
1788203334533 	 35 	 200 	 291 	 0
1788203334713 	 26 	 200 	 292 	 0
1788203334892 	 12 	 200 	 293 	 0
1788203335055 	 33 	 200 	 294 	 0
1788203335126 	 40 	 200 	 295 	 0
1788203335724 	 33 	 200 	 296 	 0
1788203335773 	 14 	 200 	 297 	 0
1788203336076 	 33 	 200 	 299 	 1
1788203336102 	 21 	 200 	 299 	 0
1788203336134 	 15 	 200 	 300 	 0
1788203336351 	 350 	 200 	 301 	 0
1788203337681 	 39 	 200 	 303 	 1
1788203337687 	 34 	 200 	 303 	 0
1788203337786 	 12 	 200 	 304 	 0
1788203338066 	 41 	 200 	 305 	 0
1788203338224 	 18 	 200 	 306 	 0
1788203338314 	 37 	 200 	 307 	 0
1788203338706 	 35 	 200 	 308 	 0
1788203339323 	 41 	 200 	 310 	 1
1788203339365 	 16 	 200 	 310 	 0
1788203339768 	 16 	 200 	 311 	 0
1788203339898 	 31 	 200 	 312 	 0
1788203339950 	 12 	 200 	 313 	 0
1788203339969 	 13 	 200 	 314 	 0
1788203339988 	 20 	 200 	 315 	 0
1788203340108 	 31 	 200 	 316 	 0
1788203340163 	 18 	 200 	 317 	 0
1788203340477 	 14 	 200 	 318 	 0
1788203340573 	 35 	 200 	 320 	 1
1788203340580 	 35 	 200 	 320 	 0
1788203340918 	 23 	 200 	 321 	 0
1788203341119 	 36 	 200 	 322 	 0
1788203341166 	 40 	 200 	 324 	 1
1788203341198 	 23 	 200 	 324 	 0
1788203341540 	 34 	 200 	 325 	 0
1788203341717 	 33 	 200 	 326 	 0
1788203341946 	 21 	 200 	 327 	 0
1788203342083 	 14 	 200 	 328 	 0
1788203342845 	 26 	 200 	 329 	 0
1788203343008 	 44 	 200 	 330 	 0
1788203343065 	 31 	 200 	 331 	 0
1788203343412 	 33 	 200 	 332 	 0
1788203343479 	 13 	 200 	 333 	 0
1788203343552 	 23 	 200 	 334 	 0
1788203343714 	 38 	 200 	 335 	 0
1788203343943 	 27 	 200 	 336 	 0
1788203343977 	 14 	 200 	 337 	 0
1788203344160 	 26 	 200 	 338 	 0
1788203344630 	 20 	 200 	 339 	 0
1788203344671 	 13 	 200 	 341 	 1
1788203344674 	 13 	 200 	 341 	 0
1788203345091 	 14 	 200 	 342 	 0
1788203345485 	 13 	 200 	 343 	 0
1788203345740 	 31 	 200 	 344 	 0
1788203345948 	 30 	 200 	 345 	 0
1788203346091 	 19 	 200 	 346 	 0
1788203346494 	 15 	 200 	 347 	 0
1788203346517 	 12 	 200 	 348 	 0
1788203346714 	 31 	 200 	 349 	 0
1788203346780 	 14 	 200 	 350 	 0
1788203346890 	 38 	 200 	 351 	 0
1788203347402 	 32 	 200 	 353 	 1
1788203347409 	 33 	 200 	 353 	 0
1788203347803 	 39 	 200 	 355 	 1
1788203347844 	 29 	 200 	 355 	 0
1788203347955 	 24 	 200 	 356 	 0
1788203348019 	 24 	 200 	 357 	 0
1788203348330 	 28 	 200 	 358 	 0
1788203348481 	 19 	 200 	 360 	 1
1788203348489 	 14 	 200 	 360 	 0
1788203348566 	 13 	 200 	 361 	 0
1788203348670 	 13 	 200 	 362 	 0
1788203348772 	 15 	 200 	 363 	 0
1788203348835 	 24 	 200 	 364 	 0
1788203349029 	 33 	 200 	 365 	 0
1788203349245 	 12 	 200 	 366 	 0
1788203349368 	 35 	 200 	 368 	 1
1788203349391 	 22 	 200 	 368 	 0
1788203349543 	 28 	 200 	 369 	 0
1788203349598 	 12 	 200 	 370 	 0
1788203350379 	 14 	 200 	 371 	 0
1788203350431 	 34 	 200 	 372 	 0
1788203350574 	 18 	 200 	 373 	 0
1788203350714 	 31 	 200 	 374 	 0
1788203350910 	 36 	 200 	 375 	 0
1788203351022 	 34 	 200 	 376 	 0
1788203351148 	 35 	 200 	 377 	 0
1788203351287 	 12 	 200 	 378 	 0
1788203351325 	 14 	 200 	 379 	 0
1788203351541 	 32 	 200 	 380 	 0
1788203351914 	 32 	 200 	 382 	 1
1788203351934 	 16 	 200 	 382 	 0
1788203352443 	 27 	 200 	 383 	 0
1788203353000 	 17 	 200 	 384 	 0
1788203353023 	 16 	 200 	 385 	 0
1788203353186 	 16 	 200 	 387 	 1
1788203353202 	 17 	 200 	 388 	 1
1788203353220 	 15 	 200 	 388 	 0
1788203353421 	 16 	 200 	 389 	 0
1788203353554 	 36 	 200 	 392 	 2
1788203353563 	 32 	 200 	 392 	 1
1788203353571 	 26 	 200 	 392 	 0
1788203353808 	 25 	 200 	 393 	 0
1788203353871 	 13 	 200 	 394 	 0
1788203354409 	 40 	 200 	 396 	 1
1788203354419 	 37 	 200 	 396 	 0
1788203354715 	 23 	 200 	 397 	 0
1788203354786 	 16 	 200 	 398 	 0
1788203355199 	 12 	 200 	 399 	 0
1788203355215 	 13 	 200 	 400 	 0
1788203355474 	 27 	 200 	 401 	 0
1788203356292 	 19 	 200 	 403 	 1
1788203356311 	 13 	 200 	 403 	 0
1788203356467 	 13 	 200 	 404 	 0
1788203356525 	 27 	 200 	 405 	 0
1788203356816 	 36 	 200 	 406 	 0
1788203357066 	 15 	 200 	 407 	 0
1788203357173 	 29 	 200 	 409 	 1
1788203357175 	 30 	 200 	 409 	 0
1788203357700 	 42 	 200 	 410 	 0
1788203357874 	 16 	 200 	 411 	 0
1788203358093 	 40 	 200 	 412 	 0
1788203358235 	 14 	 200 	 413 	 0
1788203358287 	 13 	 200 	 414 	 0
1788203358479 	 14 	 200 	 415 	 0
1788203358861 	 23 	 200 	 416 	 0
1788203359089 	 13 	 200 	 417 	 0
1788203359293 	 25 	 200 	 418 	 0
1788203359742 	 28 	 200 	 419 	 0
1788203359867 	 13 	 200 	 420 	 0
1788203359885 	 15 	 200 	 421 	 0
1788203360074 	 14 	 200 	 422 	 0
1788203360146 	 35 	 200 	 423 	 0
1788203360369 	 21 	 200 	 425 	 1
1788203360355 	 150 	 200 	 425 	 0
1788203360560 	 27 	 200 	 426 	 0
1788203360961 	 26 	 200 	 427 	 0
1788203361216 	 26 	 200 	 428 	 0
1788203361643 	 32 	 200 	 429 	 0
1788203361776 	 31 	 200 	 430 	 0
1788203361858 	 28 	 200 	 431 	 0
1788203361959 	 36 	 200 	 432 	 0
1788203362487 	 35 	 200 	 433 	 0
1788203362643 	 24 	 200 	 434 	 0
1788203362847 	 40 	 200 	 435 	 0
1788203362985 	 35 	 200 	 436 	 0
1788203363048 	 30 	 200 	 437 	 0
1788203363306 	 19 	 200 	 438 	 0
1788203363372 	 40 	 200 	 439 	 0
1788203363449 	 35 	 200 	 440 	 0
1788203363498 	 13 	 200 	 441 	 0
1788203363533 	 21 	 200 	 442 	 0
1788203363910 	 12 	 200 	 443 	 0
1788203364067 	 41 	 200 	 444 	 0
1788203364273 	 18 	 200 	 445 	 0
1788203364645 	 35 	 200 	 447 	 1
1788203364660 	 26 	 200 	 447 	 0
1788203365087 	 14 	 200 	 449 	 1
1788203365175 	 22 	 200 	 451 	 2
1788203365195 	 15 	 200 	 451 	 1
1788203365290 	 16 	 200 	 452 	 1
1788203364954 	 370 	 200 	 452 	 0
1788203366322 	 33 	 200 	 453 	 0
1788203366440 	 13 	 200 	 454 	 0
1788203366625 	 39 	 200 	 455 	 0
1788203366917 	 34 	 200 	 456 	 0
1788203366976 	 16 	 200 	 457 	 0
1788203367153 	 40 	 200 	 458 	 0
1788203367419 	 18 	 200 	 459 	 0
1788203367774 	 13 	 200 	 460 	 0
1788203368012 	 37 	 200 	 462 	 1
1788203368045 	 32 	 200 	 462 	 0
1788203368243 	 24 	 200 	 464 	 1
1788203368238 	 31 	 200 	 464 	 0
1788203368465 	 14 	 200 	 465 	 0
1788203368511 	 32 	 200 	 466 	 0
1788203368873 	 13 	 200 	 468 	 1
1788203368851 	 64 	 200 	 469 	 1
1788203368914 	 14 	 200 	 469 	 0
1788203369029 	 39 	 200 	 470 	 0
1788203369273 	 32 	 200 	 472 	 1
1788203369292 	 30 	 200 	 472 	 0
1788203369351 	 13 	 200 	 473 	 0
1788203369528 	 24 	 200 	 474 	 0
1788203369965 	 13 	 200 	 475 	 0
1788203369994 	 13 	 200 	 476 	 0
1788203370692 	 28 	 200 	 478 	 1
1788203370721 	 12 	 200 	 478 	 0
1788203372027 	 30 	 200 	 479 	 0
1788203372183 	 14 	 200 	 481 	 1
1788203372137 	 69 	 200 	 481 	 0
1788203372291 	 16 	 200 	 483 	 1
1788203372302 	 15 	 200 	 484 	 1
1788203372314 	 15 	 200 	 484 	 0
1788203372627 	 31 	 200 	 485 	 0
1788203372895 	 38 	 200 	 487 	 1
1788203372898 	 40 	 200 	 487 	 0
1788203373521 	 12 	 200 	 488 	 0
1788203373600 	 30 	 200 	 490 	 1
1788203373589 	 44 	 200 	 490 	 0
1788203373857 	 16 	 200 	 491 	 0
1788203373930 	 19 	 200 	 492 	 0
1788203373960 	 12 	 200 	 493 	 0
1788203374283 	 15 	 200 	 494 	 0
1788203374429 	 22 	 200 	 496 	 1
1788203374437 	 19 	 200 	 496 	 0
1788203374479 	 13 	 200 	 497 	 0
1788203374897 	 14 	 200 	 498 	 0
1788203375036 	 16 	 200 	 499 	 0
1788203375291 	 31 	 200 	 500 	 0
1788203375339 	 27 	 200 	 501 	 0
1788203376420 	 14 	 200 	 502 	 0
1788203376494 	 30 	 200 	 503 	 0
1788203377027 	 34 	 200 	 504 	 0
1788203377575 	 20 	 200 	 505 	 0
1788203377641 	 25 	 200 	 506 	 0
1788203377887 	 15 	 200 	 507 	 0
1788203378145 	 35 	 200 	 508 	 0
1788203378254 	 16 	 200 	 509 	 0
1788203378379 	 20 	 200 	 510 	 0
1788203378439 	 12 	 200 	 511 	 0
1788203378499 	 36 	 200 	 512 	 0
1788203378618 	 32 	 200 	 513 	 0
1788203379051 	 34 	 200 	 514 	 0
1788203379461 	 14 	 200 	 515 	 0
1788203379647 	 37 	 200 	 516 	 0
1788203379768 	 13 	 200 	 517 	 0
1788203379795 	 38 	 200 	 518 	 0
1788203379973 	 15 	 200 	 519 	 0
1788203380184 	 18 	 200 	 520 	 0
1788203380232 	 23 	 200 	 521 	 0
1788203380304 	 34 	 200 	 522 	 0
1788203380437 	 23 	 200 	 523 	 0
1788203380836 	 34 	 200 	 524 	 0
1788203380897 	 18 	 200 	 525 	 0
1788203381124 	 51 	 200 	 526 	 0
1788203381401 	 37 	 200 	 527 	 0
1788203382375 	 32 	 200 	 528 	 0
1788203382517 	 16 	 200 	 529 	 0
1788203382607 	 33 	 200 	 530 	 0
1788203382652 	 31 	 200 	 531 	 0
1788203382692 	 14 	 200 	 532 	 0
1788203382742 	 13 	 200 	 533 	 0
1788203382780 	 14 	 200 	 534 	 0
1788203382874 	 14 	 200 	 535 	 0
1788203383722 	 25 	 200 	 536 	 0
1788203383799 	 12 	 200 	 537 	 0
1788203384148 	 13 	 200 	 538 	 0
1788203384338 	 32 	 200 	 539 	 0
1788203384581 	 38 	 200 	 540 	 0
1788203384774 	 34 	 200 	 541 	 0
1788203385019 	 38 	 200 	 542 	 0
1788203385140 	 22 	 200 	 543 	 0
1788203385269 	 35 	 200 	 544 	 0
1788203385566 	 31 	 200 	 545 	 0
1788203385620 	 26 	 200 	 546 	 0
1788203385698 	 34 	 200 	 547 	 0
1788203385912 	 32 	 200 	 548 	 0
1788203385984 	 15 	 200 	 549 	 0
1788203386124 	 16 	 200 	 550 	 0
1788203386197 	 46 	 200 	 551 	 0
1788203386282 	 40 	 200 	 552 	 0
1788203386442 	 16 	 200 	 553 	 0
1788203386493 	 12 	 200 	 554 	 0
1788203386516 	 12 	 200 	 555 	 0
1788203386649 	 32 	 200 	 556 	 0
1788203386822 	 18 	 200 	 557 	 0
1788203386850 	 13 	 200 	 558 	 0
1788203387097 	 30 	 200 	 559 	 0
1788203387267 	 26 	 200 	 560 	 0
1788203387740 	 21 	 200 	 561 	 0
1788203387851 	 17 	 200 	 563 	 1
1788203387858 	 13 	 200 	 563 	 0
1788203388393 	 26 	 200 	 564 	 0
1788203388546 	 13 	 200 	 565 	 0
1788203388706 	 36 	 200 	 566 	 0
1788203388866 	 13 	 200 	 567 	 0
1788203389008 	 19 	 200 	 568 	 0
1788203389517 	 15 	 200 	 569 	 0
1788203389640 	 34 	 200 	 570 	 0
1788203390115 	 14 	 200 	 571 	 0
1788203390780 	 25 	 200 	 572 	 0
1788203391134 	 14 	 200 	 573 	 0
1788203391310 	 14 	 200 	 574 	 0
1788203391655 	 20 	 200 	 575 	 0
1788203391764 	 15 	 200 	 576 	 0
1788203392357 	 20 	 200 	 578 	 1
1788203392355 	 32 	 200 	 578 	 0
1788203392487 	 19 	 200 	 579 	 0
1788203392655 	 36 	 200 	 580 	 0
1788203393048 	 15 	 200 	 582 	 1
1788203393167 	 31 	 200 	 583 	 1
1788203392943 	 277 	 200 	 583 	 0
1788203393537 	 31 	 200 	 584 	 0
1788203393723 	 35 	 200 	 585 	 0
1788203393861 	 35 	 200 	 586 	 0
1788203394117 	 14 	 200 	 587 	 0
1788203394221 	 30 	 200 	 588 	 0
1788203394814 	 14 	 200 	 589 	 0
1788203394863 	 16 	 200 	 590 	 0
1788203394903 	 18 	 200 	 591 	 0
1788203395038 	 39 	 200 	 592 	 0
1788203395405 	 32 	 200 	 593 	 0
1788203396106 	 33 	 200 	 595 	 1
1788203395907 	 368 	 200 	 596 	 1
1788203396274 	 15 	 200 	 596 	 0
1788203396303 	 15 	 200 	 597 	 0
1788203396400 	 14 	 200 	 598 	 0
1788203396537 	 30 	 200 	 599 	 0
1788203396754 	 37 	 200 	 600 	 0
1788203397128 	 31 	 200 	 601 	 0
1788203397188 	 37 	 200 	 602 	 0
1788203397282 	 17 	 200 	 603 	 0
1788203397769 	 16 	 200 	 604 	 0
1788203398002 	 30 	 200 	 605 	 0
1788203398078 	 20 	 200 	 606 	 0
1788203398462 	 12 	 200 	 607 	 0
1788203398479 	 18 	 200 	 608 	 0
1788203398837 	 16 	 200 	 609 	 0
1788203398897 	 37 	 200 	 610 	 0
1788203398980 	 12 	 200 	 611 	 0
1788203399033 	 40 	 200 	 613 	 1
1788203399062 	 34 	 200 	 614 	 1
1788203399082 	 18 	 200 	 614 	 0
1788203399104 	 14 	 200 	 616 	 1
1788203399114 	 14 	 200 	 616 	 0
1788203399354 	 17 	 200 	 617 	 0
1788203399510 	 19 	 200 	 618 	 0
1788203399667 	 34 	 200 	 620 	 1
1788203399685 	 38 	 200 	 620 	 0
1788203399811 	 28 	 200 	 621 	 0
1788203399915 	 28 	 200 	 622 	 0
1788203400047 	 34 	 200 	 623 	 0
1788203400210 	 14 	 200 	 625 	 1
1788203400212 	 15 	 200 	 625 	 0
1788203400982 	 13 	 200 	 626 	 0
1788203401231 	 14 	 200 	 629 	 2
1788203401222 	 24 	 200 	 629 	 1
1788203401243 	 15 	 200 	 629 	 0
1788203401290 	 18 	 200 	 630 	 0
1788203401604 	 38 	 200 	 632 	 1
1788203401625 	 34 	 200 	 632 	 0
1788203401827 	 39 	 200 	 633 	 0
1788203401883 	 32 	 200 	 634 	 0
1788203402073 	 40 	 200 	 636 	 1
1788203402092 	 24 	 200 	 636 	 0
1788203402535 	 38 	 200 	 637 	 0
1788203402589 	 15 	 200 	 638 	 0
1788203403568 	 18 	 200 	 639 	 0
1788203403734 	 27 	 200 	 640 	 0
1788203403908 	 32 	 200 	 642 	 1
1788203403911 	 31 	 200 	 642 	 0
1788203403956 	 12 	 200 	 643 	 0
1788203404062 	 35 	 200 	 644 	 0
1788203404148 	 35 	 200 	 645 	 0
1788203405180 	 14 	 200 	 646 	 0
1788203405238 	 15 	 200 	 647 	 0
1788203405403 	 32 	 200 	 649 	 1
1788203405425 	 34 	 200 	 649 	 0
1788203405631 	 33 	 200 	 650 	 0
1788203405784 	 19 	 200 	 652 	 1
1788203405800 	 21 	 200 	 652 	 0
1788203405838 	 27 	 200 	 653 	 0
1788203405995 	 35 	 200 	 654 	 0
1788203406099 	 15 	 200 	 655 	 0
1788203406189 	 13 	 200 	 656 	 0
1788203406220 	 13 	 200 	 657 	 0
1788203406253 	 12 	 200 	 658 	 0
1788203406279 	 13 	 200 	 659 	 0
1788203406612 	 35 	 200 	 661 	 1
1788203406645 	 32 	 200 	 661 	 0
1788203406921 	 27 	 200 	 662 	 0
1788203406965 	 18 	 200 	 663 	 0
1788203407232 	 20 	 200 	 664 	 0
1788203407339 	 15 	 200 	 665 	 0
1788203407864 	 32 	 200 	 666 	 0
1788203408150 	 31 	 200 	 667 	 0
1788203408193 	 30 	 200 	 668 	 0
1788203408529 	 48 	 200 	 669 	 0
1788203408762 	 14 	 200 	 670 	 0
1788203408903 	 36 	 200 	 671 	 0
1788203409021 	 28 	 200 	 674 	 2
1788203409018 	 32 	 200 	 674 	 1
1788203409027 	 25 	 200 	 674 	 0
1788203409281 	 37 	 200 	 675 	 0
1788203409407 	 15 	 200 	 677 	 1
1788203409419 	 17 	 200 	 677 	 0
1788203409490 	 13 	 200 	 678 	 0
1788203409679 	 18 	 200 	 679 	 0
1788203409799 	 14 	 200 	 680 	 0
1788203410586 	 31 	 200 	 681 	 0
1788203410895 	 24 	 200 	 682 	 0
1788203411178 	 15 	 200 	 683 	 0
1788203411437 	 12 	 200 	 684 	 0
1788203411489 	 13 	 200 	 685 	 0
1788203411630 	 35 	 200 	 686 	 0
1788203412001 	 28 	 200 	 688 	 1
1788203412026 	 12 	 200 	 688 	 0
1788203412196 	 37 	 200 	 689 	 0
1788203412543 	 41 	 200 	 690 	 0
1788203412848 	 33 	 200 	 691 	 0
1788203412914 	 341 	 200 	 692 	 0
1788203413562 	 31 	 200 	 693 	 0
1788203413919 	 31 	 200 	 694 	 0
1788203414282 	 20 	 200 	 695 	 0
1788203414456 	 18 	 200 	 696 	 0
1788203414522 	 26 	 200 	 697 	 0
1788203414964 	 32 	 200 	 698 	 0
1788203415240 	 36 	 200 	 699 	 0
1788203415361 	 15 	 200 	 700 	 0
1788203415937 	 38 	 200 	 701 	 0
1788203416117 	 39 	 200 	 702 	 0
1788203416176 	 14 	 200 	 703 	 0
1788203416405 	 34 	 200 	 704 	 0
1788203416852 	 28 	 200 	 705 	 0
1788203417304 	 30 	 200 	 706 	 0
1788203417382 	 37 	 200 	 707 	 0
1788203417569 	 24 	 200 	 708 	 0
1788203417809 	 25 	 200 	 709 	 0
1788203417939 	 38 	 200 	 710 	 0
1788203418196 	 14 	 200 	 711 	 0
1788203418360 	 31 	 200 	 712 	 0
1788203418567 	 37 	 200 	 713 	 0
1788203418644 	 41 	 200 	 714 	 0
1788203418893 	 13 	 200 	 715 	 0
1788203418975 	 19 	 200 	 717 	 1
1788203418977 	 17 	 200 	 717 	 0
1788203419765 	 31 	 200 	 718 	 0
1788203420169 	 35 	 200 	 720 	 1
1788203420174 	 34 	 200 	 720 	 0
1788203420403 	 15 	 200 	 721 	 0
1788203421220 	 29 	 200 	 722 	 0
1788203421459 	 30 	 200 	 723 	 0
1788203421839 	 33 	 200 	 725 	 1
1788203421870 	 17 	 200 	 725 	 0
1788203421997 	 16 	 200 	 726 	 0
1788203422015 	 12 	 200 	 727 	 0
1788203422050 	 16 	 200 	 728 	 0
1788203422068 	 13 	 200 	 729 	 0
1788203422132 	 33 	 200 	 730 	 0
1788203422198 	 26 	 200 	 732 	 1
1788203422211 	 27 	 200 	 732 	 0
1788203422263 	 22 	 200 	 733 	 0
1788203422579 	 24 	 200 	 734 	 0
1788203422664 	 23 	 200 	 735 	 0
1788203422749 	 30 	 200 	 736 	 0
1788203422791 	 16 	 200 	 737 	 0
1788203423173 	 13 	 200 	 738 	 0
1788203423324 	 22 	 200 	 739 	 0
1788203423591 	 19 	 200 	 740 	 0
1788203423678 	 20 	 200 	 741 	 0
1788203423948 	 34 	 200 	 743 	 1
1788203423969 	 36 	 200 	 743 	 0
1788203424078 	 15 	 200 	 744 	 0
1788203424260 	 19 	 200 	 745 	 0
1788203424328 	 32 	 200 	 748 	 2
1788203424330 	 32 	 200 	 748 	 1
1788203424351 	 19 	 200 	 748 	 0
1788203424424 	 37 	 200 	 749 	 0
1788203426019 	 15 	 200 	 750 	 0
1788203426081 	 32 	 200 	 751 	 0
1788203426234 	 23 	 200 	 752 	 0
1788203426721 	 35 	 200 	 753 	 0
1788203426955 	 13 	 200 	 755 	 1
1788203426954 	 18 	 200 	 755 	 0
1788203427047 	 34 	 200 	 756 	 0
1788203427098 	 17 	 200 	 757 	 0
1788203427303 	 17 	 200 	 759 	 1
1788203427312 	 13 	 200 	 759 	 0
1788203427873 	 30 	 200 	 760 	 0
1788203428009 	 35 	 200 	 761 	 0
1788203428174 	 36 	 200 	 762 	 0
1788203428224 	 35 	 200 	 763 	 0
1788203428368 	 27 	 200 	 764 	 0
1788203428449 	 18 	 200 	 765 	 0
1788203428836 	 19 	 200 	 766 	 0
1788203429004 	 31 	 200 	 767 	 0
1788203429090 	 37 	 200 	 768 	 0
1788203429215 	 32 	 200 	 769 	 0
1788203429513 	 24 	 200 	 770 	 0
1788203429557 	 29 	 200 	 772 	 1
1788203429580 	 14 	 200 	 772 	 0
1788203429605 	 12 	 200 	 773 	 0
1788203429940 	 13 	 200 	 774 	 0
1788203429958 	 12 	 200 	 775 	 0
1788203430138 	 32 	 200 	 776 	 0
1788203430615 	 34 	 200 	 777 	 0
1788203431007 	 32 	 200 	 778 	 0
1788203431047 	 16 	 200 	 779 	 0
1788203431303 	 20 	 200 	 780 	 0
1788203432189 	 14 	 200 	 781 	 0
1788203432313 	 19 	 200 	 782 	 0
1788203432416 	 36 	 200 	 783 	 0
1788203432935 	 19 	 200 	 784 	 0
1788203433083 	 38 	 200 	 787 	 2
1788203433118 	 20 	 200 	 787 	 1
1788203433406 	 15 	 200 	 788 	 1
1788203433101 	 369 	 200 	 788 	 0
1788203434532 	 32 	 200 	 789 	 0
1788203434599 	 35 	 200 	 791 	 1
1788203434615 	 26 	 200 	 791 	 0
1788203435066 	 17 	 200 	 792 	 0
1788203435200 	 37 	 200 	 793 	 0
1788203435334 	 22 	 200 	 794 	 0
1788203435516 	 14 	 200 	 795 	 0
1788203435580 	 24 	 200 	 796 	 0
1788203435928 	 24 	 200 	 797 	 0
1788203436005 	 34 	 200 	 798 	 0
1788203436260 	 32 	 200 	 799 	 0
1788203436675 	 19 	 200 	 800 	 0
1788203436698 	 12 	 200 	 801 	 0
1788203436778 	 33 	 200 	 802 	 0
1788203436973 	 14 	 200 	 803 	 0
1788203437123 	 31 	 200 	 804 	 0
1788203437163 	 19 	 200 	 805 	 0
1788203437672 	 34 	 200 	 806 	 0
1788203437886 	 18 	 200 	 807 	 0
1788203437915 	 16 	 200 	 808 	 0
1788203437964 	 19 	 200 	 809 	 0
1788203438517 	 35 	 200 	 810 	 0
1788203438874 	 20 	 200 	 811 	 0
1788203439164 	 33 	 200 	 812 	 0
1788203439205 	 21 	 200 	 813 	 0
1788203439236 	 14 	 200 	 814 	 0
1788203439334 	 26 	 200 	 817 	 2
1788203439329 	 32 	 200 	 817 	 1
1788203439327 	 37 	 200 	 817 	 0
1788203439486 	 13 	 200 	 818 	 0
1788203439642 	 34 	 200 	 819 	 0
1788203440247 	 42 	 200 	 820 	 0
1788203440422 	 30 	 200 	 822 	 1
1788203440426 	 28 	 200 	 822 	 0
1788203440508 	 32 	 200 	 824 	 1
1788203440522 	 24 	 200 	 824 	 0
1788203440763 	 36 	 200 	 825 	 0
1788203440881 	 24 	 200 	 826 	 0
1788203441036 	 31 	 200 	 828 	 1
1788203441037 	 33 	 200 	 828 	 0
1788203441212 	 35 	 200 	 830 	 1
1788203441228 	 34 	 200 	 830 	 0
1788203441305 	 20 	 200 	 831 	 0
1788203441710 	 33 	 200 	 832 	 0
1788203441805 	 23 	 200 	 833 	 0
1788203442169 	 28 	 200 	 834 	 0
1788203442308 	 31 	 200 	 835 	 0
1788203442363 	 17 	 200 	 836 	 0
1788203442642 	 37 	 200 	 837 	 0
1788203442733 	 40 	 200 	 838 	 0
1788203442827 	 15 	 200 	 839 	 0
1788203443186 	 14 	 200 	 840 	 0
1788203443210 	 14 	 200 	 841 	 0
1788203443235 	 13 	 200 	 842 	 0
1788203443639 	 36 	 200 	 844 	 1
1788203443643 	 40 	 200 	 844 	 0
1788203443875 	 20 	 200 	 846 	 1
1788203443895 	 13 	 200 	 846 	 0
1788203443985 	 13 	 200 	 847 	 0
1788203444214 	 27 	 200 	 849 	 1
1788203444241 	 16 	 200 	 849 	 0
1788203444801 	 19 	 200 	 850 	 0
1788203444823 	 11 	 200 	 851 	 0
1788203444976 	 21 	 200 	 853 	 1
1788203444978 	 20 	 200 	 853 	 0
1788203445128 	 31 	 200 	 854 	 0
1788203445271 	 20 	 200 	 856 	 1
1788203445268 	 85 	 200 	 857 	 1
1788203445352 	 13 	 200 	 857 	 0
1788203445598 	 17 	 200 	 858 	 0
1788203445638 	 36 	 200 	 859 	 0
1788203446041 	 34 	 200 	 860 	 0
1788203446353 	 15 	 200 	 861 	 0
1788203446408 	 31 	 200 	 862 	 0
1788203446575 	 13 	 200 	 863 	 0
1788203447242 	 15 	 200 	 864 	 0
1788203447812 	 15 	 200 	 865 	 0
1788203447848 	 13 	 200 	 866 	 0
1788203447983 	 16 	 200 	 867 	 0
1788203448288 	 15 	 200 	 868 	 0
1788203448366 	 26 	 200 	 869 	 1
1788203448395 	 14 	 200 	 870 	 0
1788203448534 	 16 	 200 	 871 	 0
1788203448815 	 68 	 200 	 872 	 0
1788203449656 	 23 	 200 	 873 	 0
1788203449782 	 19 	 200 	 875 	 1
1788203449800 	 16 	 200 	 875 	 0
1788203449859 	 20 	 200 	 876 	 0
1788203450371 	 15 	 200 	 877 	 0
1788203450693 	 15 	 200 	 878 	 0
1788203451093 	 31 	 200 	 880 	 1
1788203451093 	 29 	 200 	 880 	 0
1788203451150 	 32 	 200 	 881 	 0
1788203451278 	 16 	 200 	 882 	 0
1788203451393 	 37 	 200 	 883 	 0
1788203451487 	 14 	 200 	 884 	 0
1788203451507 	 12 	 200 	 885 	 0
1788203451807 	 34 	 200 	 886 	 0
1788203451864 	 13 	 200 	 887 	 0
1788203452225 	 26 	 200 	 888 	 0
1788203452338 	 29 	 200 	 889 	 0
1788203452482 	 26 	 200 	 890 	 0
1788203453011 	 34 	 200 	 891 	 0
1788203453283 	 40 	 200 	 892 	 0
1788203453390 	 14 	 200 	 893 	 0
1788203454686 	 22 	 200 	 894 	 0
1788203455150 	 25 	 200 	 895 	 0
1788203455651 	 33 	 200 	 896 	 0
1788203455763 	 14 	 200 	 897 	 0
1788203455874 	 20 	 200 	 898 	 0
1788203456127 	 20 	 200 	 899 	 0
1788203456499 	 23 	 200 	 900 	 0
1788203456556 	 30 	 200 	 901 	 0
1788203456597 	 14 	 200 	 902 	 0
1788203456919 	 35 	 200 	 904 	 1
1788203456932 	 27 	 200 	 904 	 0
1788203457404 	 32 	 200 	 905 	 0
1788203457517 	 15 	 200 	 906 	 0
1788203457579 	 29 	 200 	 907 	 0
1788203458513 	 33 	 200 	 908 	 0
1788203458806 	 30 	 200 	 909 	 0
1788203459282 	 34 	 200 	 910 	 0
1788203459415 	 26 	 200 	 911 	 0
1788203459654 	 28 	 200 	 912 	 0
1788203459795 	 23 	 200 	 913 	 0
1788203459910 	 31 	 200 	 914 	 0
1788203460047 	 32 	 200 	 915 	 0
1788203460095 	 16 	 200 	 916 	 0
1788203460543 	 13 	 200 	 917 	 0
1788203460731 	 15 	 200 	 918 	 0
1788203460769 	 22 	 200 	 919 	 0
1788203461247 	 13 	 200 	 920 	 0
1788203461380 	 12 	 200 	 921 	 0
1788203461582 	 15 	 200 	 922 	 0
1788203461674 	 31 	 200 	 923 	 0
1788203461940 	 12 	 200 	 924 	 0
1788203462110 	 34 	 200 	 925 	 0
1788203462165 	 49 	 200 	 927 	 1
1788203462508 	 30 	 200 	 928 	 1
1788203462177 	 361 	 200 	 928 	 0
1788203462567 	 14 	 200 	 929 	 0
1788203462980 	 20 	 200 	 932 	 2
1788203462997 	 15 	 200 	 932 	 1
1788203462998 	 16 	 200 	 932 	 0
1788203463086 	 38 	 200 	 933 	 0
1788203463232 	 18 	 200 	 934 	 0
1788203463490 	 73 	 200 	 935 	 0
1788203463880 	 21 	 200 	 936 	 0
1788203464468 	 24 	 200 	 937 	 0
1788203464553 	 37 	 200 	 938 	 0
1788203464901 	 37 	 200 	 939 	 0
1788203465018 	 18 	 200 	 940 	 0
1788203465044 	 11 	 200 	 941 	 0
1788203465124 	 29 	 200 	 942 	 0
1788203465174 	 15 	 200 	 943 	 0
1788203465254 	 12 	 200 	 944 	 0
1788203465321 	 27 	 200 	 946 	 1
1788203465337 	 14 	 200 	 946 	 0
1788203465436 	 16 	 200 	 947 	 0
1788203466172 	 25 	 200 	 948 	 0
1788203466462 	 19 	 200 	 949 	 0
1788203466661 	 28 	 200 	 950 	 0
1788203466701 	 37 	 200 	 951 	 0
1788203466768 	 18 	 200 	 952 	 0
1788203466994 	 35 	 200 	 953 	 0
1788203467266 	 13 	 200 	 954 	 0
1788203467392 	 17 	 200 	 955 	 0
1788203467810 	 30 	 200 	 956 	 0
1788203467957 	 13 	 200 	 957 	 0
1788203468227 	 29 	 200 	 958 	 0
1788203468602 	 15 	 200 	 959 	 0
1788203469221 	 19 	 200 	 960 	 0
1788203469334 	 24 	 200 	 961 	 0
1788203469399 	 28 	 200 	 962 	 0
1788203469664 	 29 	 200 	 963 	 0
1788203469975 	 30 	 200 	 964 	 0
1788203470023 	 42 	 200 	 966 	 1
1788203470059 	 15 	 200 	 966 	 0
1788203470482 	 31 	 200 	 967 	 0
1788203470533 	 31 	 200 	 968 	 0
1788203470771 	 13 	 200 	 969 	 0
1788203470788 	 13 	 200 	 970 	 0
1788203470865 	 21 	 200 	 971 	 0
1788203470950 	 16 	 200 	 972 	 0
1788203471059 	 35 	 200 	 973 	 0
1788203471389 	 31 	 200 	 974 	 0
1788203471677 	 22 	 200 	 975 	 0
1788203471888 	 32 	 200 	 977 	 1
1788203471908 	 15 	 200 	 977 	 0
1788203472079 	 16 	 200 	 978 	 0
1788203472106 	 13 	 200 	 979 	 0
1788203472222 	 13 	 200 	 980 	 0
1788203472400 	 35 	 200 	 981 	 0
1788203472746 	 31 	 200 	 982 	 0
1788203473750 	 25 	 200 	 983 	 0
1788203473953 	 13 	 200 	 984 	 0
1788203474131 	 26 	 200 	 985 	 0
1788203474186 	 22 	 200 	 986 	 0
1788203474586 	 16 	 200 	 988 	 1
1788203474599 	 20 	 200 	 988 	 0
1788203474693 	 41 	 200 	 989 	 0
1788203474966 	 15 	 200 	 990 	 0
1788203474986 	 13 	 200 	 991 	 0
1788203475283 	 14 	 200 	 992 	 0
1788203475400 	 21 	 200 	 994 	 1
1788203475406 	 18 	 200 	 994 	 0
1788203475503 	 38 	 200 	 995 	 0
1788203475857 	 15 	 200 	 996 	 0
1788203476391 	 13 	 200 	 997 	 0
1788203476965 	 24 	 200 	 998 	 0
1788203477003 	 14 	 200 	 999 	 0
1788203477174 	 37 	 200 	 1000 	 0
1788203477252 	 16 	 200 	 1001 	 0
1788203477907 	 32 	 200 	 1002 	 0
1788203477990 	 30 	 200 	 1003 	 0
1788203478278 	 15 	 200 	 1004 	 0
1788203478382 	 12 	 200 	 1005 	 0
1788203478800 	 37 	 200 	 1006 	 0
1788203479539 	 12 	 200 	 1007 	 0
1788203479574 	 12 	 200 	 1008 	 0
1788203479710 	 14 	 200 	 1009 	 0
1788203479992 	 32 	 200 	 1011 	 1
1788203480016 	 39 	 200 	 1011 	 0
1788203480075 	 19 	 200 	 1012 	 0
1788203480251 	 30 	 200 	 1013 	 0
1788203480283 	 14 	 200 	 1014 	 0
1788203480458 	 23 	 200 	 1015 	 0
1788203480503 	 13 	 200 	 1016 	 0
1788203480995 	 38 	 200 	 1018 	 1
1788203481030 	 22 	 200 	 1018 	 0
1788203481228 	 26 	 200 	 1019 	 0
1788203481441 	 30 	 200 	 1020 	 0
1788203481806 	 42 	 200 	 1022 	 1
1788203481819 	 35 	 200 	 1022 	 0
1788203482237 	 33 	 200 	 1023 	 0
1788203482386 	 19 	 200 	 1024 	 0
1788203482771 	 13 	 200 	 1025 	 0
1788203483471 	 37 	 200 	 1028 	 2
1788203483508 	 22 	 200 	 1028 	 1
1788203483506 	 26 	 200 	 1028 	 0
1788203483677 	 19 	 200 	 1029 	 0
1788203483731 	 38 	 200 	 1030 	 0
1788203483775 	 38 	 200 	 1031 	 0
1788203483926 	 38 	 200 	 1032 	 0
1788203484780 	 20 	 200 	 1033 	 0
1788203484868 	 38 	 200 	 1034 	 0
1788203485097 	 13 	 200 	 1035 	 0
1788203485760 	 37 	 200 	 1036 	 0
1788203486017 	 36 	 200 	 1037 	 0
1788203486063 	 32 	 200 	 1038 	 0
1788203486268 	 22 	 200 	 1039 	 0
1788203486307 	 14 	 200 	 1040 	 0
1788203486687 	 13 	 200 	 1041 	 0
1788203486748 	 22 	 200 	 1042 	 0
1788203486908 	 38 	 200 	 1043 	 0
1788203487053 	 49 	 200 	 1044 	 0
1788203487638 	 33 	 200 	 1045 	 0
1788203488121 	 15 	 200 	 1046 	 0
1788203488271 	 20 	 200 	 1047 	 0
1788203488486 	 34 	 200 	 1048 	 0
1788203488750 	 21 	 200 	 1049 	 0
1788203489163 	 30 	 200 	 1050 	 0
1788203489356 	 14 	 200 	 1051 	 0
1788203489372 	 12 	 200 	 1052 	 0
1788203489709 	 42 	 200 	 1054 	 1
1788203489714 	 37 	 200 	 1054 	 0
1788203489784 	 14 	 200 	 1055 	 0
1788203489986 	 17 	 200 	 1056 	 0
1788203490492 	 18 	 200 	 1057 	 0
1788203490568 	 31 	 200 	 1058 	 0
1788203490671 	 21 	 200 	 1059 	 0
1788203490873 	 22 	 200 	 1060 	 0
1788203491449 	 23 	 200 	 1061 	 0
1788203491480 	 18 	 200 	 1062 	 0
1788203491547 	 33 	 200 	 1063 	 0
1788203492047 	 31 	 200 	 1064 	 0
1788203492144 	 37 	 200 	 1065 	 0
1788203492645 	 35 	 200 	 1067 	 1
1788203492671 	 19 	 200 	 1067 	 0
1788203492723 	 16 	 200 	 1068 	 0
1788203493008 	 36 	 200 	 1069 	 0
1788203493216 	 31 	 200 	 1070 	 0
1788203493508 	 14 	 200 	 1071 	 0
1788203493559 	 16 	 200 	 1072 	 0
1788203493664 	 39 	 200 	 1073 	 0
1788203493877 	 14 	 200 	 1074 	 0
1788203493921 	 12 	 200 	 1075 	 0
1788203494049 	 38 	 200 	 1076 	 0
1788203495043 	 35 	 200 	 1078 	 1
1788203495066 	 23 	 200 	 1078 	 0
1788203495237 	 19 	 200 	 1079 	 0
1788203495272 	 16 	 200 	 1080 	 0
1788203495676 	 19 	 200 	 1081 	 0
1788203495744 	 31 	 200 	 1083 	 1
1788203495760 	 28 	 200 	 1083 	 0
1788203496111 	 19 	 200 	 1084 	 0
1788203496167 	 37 	 200 	 1085 	 0
1788203496302 	 18 	 200 	 1086 	 0
1788203496730 	 30 	 200 	 1087 	 0
1788203497704 	 32 	 200 	 1088 	 0
1788203497836 	 34 	 200 	 1089 	 0
1788203497917 	 20 	 200 	 1090 	 0
1788203498340 	 13 	 200 	 1091 	 0
1788203498547 	 28 	 200 	 1092 	 0
1788203498648 	 17 	 200 	 1093 	 0
1788203499048 	 20 	 200 	 1094 	 0
1788203499277 	 34 	 200 	 1095 	 0
1788203499346 	 17 	 200 	 1097 	 1
1788203499364 	 13 	 200 	 1097 	 0
1788203499437 	 15 	 200 	 1098 	 0
1788203499806 	 27 	 200 	 1099 	 0
1788203499853 	 33 	 200 	 1100 	 0
1788203500014 	 35 	 200 	 1101 	 0
1788203500256 	 27 	 200 	 1102 	 0
1788203500352 	 17 	 200 	 1103 	 0
1788203500403 	 37 	 200 	 1104 	 0
1788203500683 	 16 	 200 	 1105 	 0
1788203501080 	 16 	 200 	 1106 	 0
1788203501253 	 15 	 200 	 1107 	 0
1788203501400 	 16 	 200 	 1108 	 0
1788203501579 	 40 	 200 	 1110 	 1
1788203501615 	 22 	 200 	 1111 	 1
1788203501624 	 20 	 200 	 1111 	 0
1788203501802 	 15 	 200 	 1112 	 0
1788203501864 	 20 	 200 	 1113 	 0
1788203501933 	 14 	 200 	 1114 	 0
1788203501969 	 31 	 200 	 1115 	 0
1788203502513 	 43 	 200 	 1117 	 1
1788203502527 	 32 	 200 	 1117 	 0
1788203502694 	 29 	 200 	 1118 	 0
1788203502973 	 30 	 200 	 1119 	 0
1788203503016 	 35 	 200 	 1120 	 0
1788203503134 	 36 	 200 	 1121 	 0
1788203503613 	 38 	 200 	 1122 	 0
1788203503746 	 37 	 200 	 1123 	 0
1788203504051 	 32 	 200 	 1124 	 0
1788203504126 	 37 	 200 	 1125 	 0
1788203504399 	 29 	 200 	 1126 	 0
1788203504566 	 32 	 200 	 1127 	 0
1788203504640 	 32 	 200 	 1128 	 0
1788203504889 	 36 	 200 	 1129 	 0
1788203505000 	 13 	 200 	 1130 	 0
1788203505038 	 29 	 200 	 1131 	 0
1788203505192 	 25 	 200 	 1132 	 0
1788203505484 	 17 	 200 	 1133 	 0
1788203505799 	 33 	 200 	 1134 	 0
1788203506147 	 13 	 200 	 1135 	 0
1788203506492 	 21 	 200 	 1136 	 0
1788203506545 	 38 	 200 	 1137 	 0
1788203506678 	 17 	 200 	 1138 	 0
1788203506880 	 31 	 200 	 1139 	 0
1788203506998 	 25 	 200 	 1140 	 0
1788203507177 	 17 	 200 	 1142 	 1
1788203507172 	 24 	 200 	 1142 	 0
1788203507217 	 14 	 200 	 1143 	 0
1788203507297 	 36 	 200 	 1144 	 0
1788203508235 	 14 	 200 	 1145 	 0
1788203508562 	 36 	 200 	 1147 	 1
1788203508571 	 31 	 200 	 1147 	 0
1788203508641 	 34 	 200 	 1148 	 0
1788203508939 	 34 	 200 	 1149 	 0
1788203509123 	 19 	 200 	 1150 	 0
1788203509229 	 15 	 200 	 1151 	 0
1788203509266 	 38 	 200 	 1153 	 1
1788203509278 	 29 	 200 	 1153 	 0
1788203509354 	 15 	 200 	 1154 	 0
1788203509487 	 19 	 200 	 1155 	 0
1788203509742 	 44 	 200 	 1156 	 0
1788203510589 	 13 	 200 	 1157 	 0
1788203511373 	 16 	 200 	 1158 	 0
1788203511572 	 19 	 200 	 1159 	 0
1788203511612 	 14 	 200 	 1160 	 0
1788203511818 	 36 	 200 	 1161 	 0
1788203512178 	 16 	 200 	 1162 	 0
1788203512600 	 31 	 200 	 1163 	 0
1788203512975 	 13 	 200 	 1164 	 0
1788203513249 	 15 	 200 	 1165 	 0
1788203513385 	 22 	 200 	 1166 	 0
1788203513414 	 13 	 200 	 1167 	 0
1788203513498 	 14 	 200 	 1168 	 0
1788203513586 	 13 	 200 	 1169 	 0
1788203513688 	 15 	 200 	 1170 	 0
1788203514306 	 34 	 200 	 1171 	 0
1788203515789 	 13 	 200 	 1172 	 0
1788203515945 	 31 	 200 	 1173 	 0
1788203516155 	 29 	 200 	 1174 	 0
1788203516348 	 34 	 200 	 1175 	 0
1788203516509 	 21 	 200 	 1177 	 1
1788203516523 	 12 	 200 	 1177 	 0
1788203516626 	 28 	 200 	 1178 	 0
1788203516909 	 18 	 200 	 1179 	 0
1788203517393 	 32 	 200 	 1180 	 0
1788203517444 	 15 	 200 	 1181 	 0
1788203518230 	 14 	 200 	 1182 	 0
1788203519230 	 17 	 200 	 1183 	 0
1788203519536 	 18 	 200 	 1184 	 0
1788203519831 	 32 	 200 	 1185 	 0
1788203519905 	 15 	 200 	 1186 	 0
1788203519937 	 12 	 200 	 1187 	 0
1788203520154 	 27 	 200 	 1188 	 0
1788203520386 	 16 	 200 	 1189 	 0
1788203520643 	 30 	 200 	 1190 	 0
1788203520963 	 27 	 200 	 1192 	 1
1788203520985 	 14 	 200 	 1192 	 0
1788203521540 	 33 	 200 	 1193 	 0
1788203521576 	 22 	 200 	 1194 	 0
1788203522025 	 15 	 200 	 1195 	 0
1788203522070 	 15 	 200 	 1196 	 0
1788203522206 	 34 	 200 	 1197 	 0
1788203522532 	 14 	 200 	 1198 	 0
1788203522716 	 31 	 200 	 1200 	 1
1788203522717 	 33 	 200 	 1200 	 0
1788203522785 	 29 	 200 	 1201 	 0
1788203522844 	 24 	 200 	 1202 	 0
1788203522998 	 16 	 200 	 1203 	 0
1788203523100 	 32 	 200 	 1204 	 0
1788203523197 	 34 	 200 	 1205 	 0
1788203523582 	 13 	 200 	 1206 	 0
1788203523912 	 34 	 200 	 1208 	 1
1788203523914 	 33 	 200 	 1208 	 0
1788203524013 	 14 	 200 	 1209 	 0
1788203524276 	 14 	 200 	 1210 	 0
1788203524442 	 24 	 200 	 1211 	 0
1788203524478 	 11 	 200 	 1212 	 0
1788203524910 	 31 	 200 	 1214 	 1
1788203524929 	 30 	 200 	 1214 	 0
1788203525176 	 20 	 200 	 1215 	 0
1788203525278 	 29 	 200 	 1216 	 0
1788203525685 	 12 	 200 	 1217 	 0
1788203525707 	 16 	 200 	 1218 	 0
1788203526193 	 30 	 200 	 1219 	 0
1788203526310 	 15 	 200 	 1220 	 0
1788203526329 	 25 	 200 	 1221 	 0
1788203526424 	 15 	 200 	 1223 	 1
1788203526431 	 16 	 200 	 1224 	 1
1788203526443 	 15 	 200 	 1224 	 0
1788203526876 	 14 	 200 	 1225 	 0
1788203526936 	 31 	 200 	 1226 	 0
1788203527454 	 23 	 200 	 1227 	 0
1788203527564 	 22 	 200 	 1228 	 0
1788203527649 	 41 	 200 	 1229 	 0
1788203527694 	 16 	 200 	 1230 	 0
1788203528928 	 16 	 200 	 1231 	 0
1788203528974 	 12 	 200 	 1232 	 0
1788203529070 	 13 	 200 	 1233 	 0
1788203529247 	 14 	 200 	 1234 	 0
1788203529371 	 14 	 200 	 1235 	 0
1788203529413 	 17 	 200 	 1236 	 0
1788203529858 	 21 	 200 	 1237 	 0
1788203529950 	 20 	 200 	 1238 	 0
1788203529989 	 13 	 200 	 1239 	 0
1788203530346 	 22 	 200 	 1240 	 0
1788203531071 	 14 	 200 	 1241 	 0
1788203531634 	 16 	 200 	 1242 	 0
1788203531822 	 13 	 200 	 1243 	 0
1788203532102 	 36 	 200 	 1244 	 0
1788203532262 	 14 	 200 	 1245 	 0
1788203532446 	 35 	 200 	 1246 	 0
1788203532607 	 30 	 200 	 1247 	 0
1788203532730 	 15 	 200 	 1248 	 0
1788203532925 	 31 	 200 	 1249 	 0
1788203533000 	 19 	 200 	 1250 	 0
1788203533814 	 13 	 200 	 1251 	 0
1788203534140 	 34 	 200 	 1253 	 1
1788203534154 	 36 	 200 	 1253 	 0
1788203534218 	 32 	 200 	 1254 	 0
1788203534552 	 38 	 200 	 1255 	 0
1788203534754 	 28 	 200 	 1256 	 0
1788203534956 	 27 	 200 	 1257 	 0
1788203535155 	 39 	 200 	 1258 	 0
1788203535219 	 19 	 200 	 1259 	 0
1788203535266 	 28 	 200 	 1260 	 0
1788203535335 	 28 	 200 	 1262 	 1
1788203535346 	 19 	 200 	 1262 	 0
1788203535824 	 27 	 200 	 1265 	 2
1788203535831 	 22 	 200 	 1265 	 1
1788203535818 	 39 	 200 	 1265 	 0
1788203535929 	 23 	 200 	 1266 	 0
1788203536510 	 14 	 200 	 1267 	 0
1788203536812 	 16 	 200 	 1268 	 0
1788203537307 	 30 	 200 	 1269 	 0
1788203537620 	 32 	 200 	 1270 	 0
1788203537655 	 26 	 200 	 1271 	 0
1788203537687 	 11 	 200 	 1272 	 0
1788203538671 	 21 	 200 	 1273 	 0
1788203538826 	 38 	 200 	 1274 	 0
1788203538875 	 12 	 200 	 1275 	 0
1788203539308 	 25 	 200 	 1276 	 0
1788203539818 	 35 	 200 	 1278 	 1
1788203539831 	 36 	 200 	 1278 	 0
1788203540247 	 15 	 200 	 1279 	 0
1788203540288 	 35 	 200 	 1281 	 1
1788203540312 	 32 	 200 	 1281 	 0
1788203540439 	 22 	 200 	 1283 	 1
1788203540458 	 16 	 200 	 1283 	 0
1788203540724 	 21 	 200 	 1284 	 0
1788203540914 	 31 	 200 	 1285 	 0
1788203541856 	 27 	 200 	 1287 	 1
1788203541874 	 18 	 200 	 1287 	 0
1788203541965 	 13 	 200 	 1288 	 0
1788203542216 	 30 	 200 	 1289 	 0
1788203542319 	 16 	 200 	 1290 	 0
1788203542399 	 35 	 200 	 1291 	 0
1788203542966 	 37 	 200 	 1292 	 0
1788203543134 	 15 	 200 	 1294 	 1
1788203543135 	 15 	 200 	 1294 	 0
1788203543435 	 16 	 200 	 1295 	 0
1788203543797 	 14 	 200 	 1296 	 0
1788203543827 	 13 	 200 	 1297 	 0
1788203543968 	 22 	 200 	 1298 	 0
1788203544073 	 26 	 200 	 1299 	 0
1788203544583 	 14 	 200 	 1300 	 0
1788203544612 	 13 	 200 	 1301 	 0
1788203544765 	 18 	 200 	 1302 	 0
1788203545113 	 35 	 200 	 1303 	 0
1788203545158 	 27 	 200 	 1304 	 0
1788203545360 	 17 	 200 	 1305 	 0
1788203545452 	 30 	 200 	 1306 	 0
1788203545615 	 33 	 200 	 1308 	 1
1788203545641 	 32 	 200 	 1308 	 0
1788203545726 	 24 	 200 	 1309 	 0
1788203545817 	 15 	 200 	 1310 	 0
1788203546027 	 37 	 200 	 1311 	 0
1788203546200 	 20 	 200 	 1312 	 0
1788203546239 	 15 	 200 	 1313 	 0
1788203546614 	 34 	 200 	 1314 	 0
1788203546651 	 18 	 200 	 1315 	 0
1788203546687 	 12 	 200 	 1316 	 0
1788203547096 	 17 	 200 	 1317 	 0
1788203547249 	 15 	 200 	 1318 	 0
1788203547309 	 14 	 200 	 1319 	 0
1788203547391 	 33 	 200 	 1320 	 0
1788203547665 	 26 	 200 	 1321 	 0
1788203548150 	 28 	 200 	 1322 	 0
1788203548415 	 35 	 200 	 1323 	 0
1788203548586 	 13 	 200 	 1324 	 0
1788203549008 	 40 	 200 	 1325 	 0
1788203549064 	 24 	 200 	 1326 	 0
1788203549815 	 14 	 200 	 1327 	 0
1788203550027 	 40 	 200 	 1329 	 1
1788203550062 	 36 	 200 	 1329 	 0
1788203550222 	 19 	 200 	 1330 	 0
1788203550297 	 38 	 200 	 1331 	 0
1788203550419 	 33 	 200 	 1332 	 0
1788203550611 	 33 	 200 	 1333 	 0
1788203550715 	 30 	 200 	 1334 	 0
1788203550824 	 21 	 200 	 1335 	 0
1788203550854 	 12 	 200 	 1336 	 0
1788203550904 	 45 	 200 	 1337 	 0
1788203551685 	 13 	 200 	 1338 	 0
1788203551779 	 28 	 200 	 1339 	 0
1788203552171 	 35 	 200 	 1340 	 0
1788203552392 	 31 	 200 	 1341 	 0
1788203552527 	 13 	 200 	 1342 	 0
1788203552757 	 33 	 200 	 1343 	 0
1788203553102 	 15 	 200 	 1344 	 0
1788203553120 	 13 	 200 	 1345 	 0
1788203553368 	 36 	 200 	 1346 	 0
1788203553429 	 14 	 200 	 1347 	 0
1788203553615 	 33 	 200 	 1350 	 2
1788203553629 	 30 	 200 	 1350 	 1
1788203553642 	 25 	 200 	 1350 	 0
1788203553749 	 17 	 200 	 1351 	 0
1788203553959 	 36 	 200 	 1354 	 2
1788203553975 	 33 	 200 	 1354 	 1
1788203553995 	 22 	 200 	 1354 	 0
1788203554042 	 13 	 200 	 1355 	 0
1788203554098 	 19 	 200 	 1356 	 0
1788203554481 	 39 	 200 	 1357 	 0
1788203554837 	 36 	 200 	 1358 	 0
1788203554946 	 35 	 200 	 1359 	 0
1788203555022 	 40 	 200 	 1360 	 0
1788203555158 	 32 	 200 	 1361 	 0
1788203555288 	 38 	 200 	 1362 	 0
1788203555501 	 37 	 200 	 1364 	 1
1788203555499 	 44 	 200 	 1364 	 0
1788203555616 	 33 	 200 	 1365 	 0
1788203555724 	 40 	 200 	 1367 	 1
1788203555752 	 29 	 200 	 1367 	 0
1788203556176 	 37 	 200 	 1368 	 0
1788203556250 	 20 	 200 	 1369 	 0
1788203556704 	 12 	 200 	 1370 	 0
1788203557181 	 12 	 200 	 1371 	 0
1788203557248 	 13 	 200 	 1372 	 0
1788203557315 	 30 	 200 	 1373 	 0
1788203557392 	 34 	 200 	 1374 	 0
1788203557612 	 38 	 200 	 1375 	 0
1788203557871 	 20 	 200 	 1376 	 0
1788203557976 	 24 	 200 	 1377 	 0
1788203558480 	 33 	 200 	 1378 	 0
1788203558628 	 31 	 200 	 1379 	 0
1788203558856 	 21 	 200 	 1380 	 0
1788203559071 	 21 	 200 	 1382 	 1
1788203559053 	 39 	 200 	 1382 	 0
1788203559217 	 28 	 200 	 1383 	 0
1788203559951 	 29 	 200 	 1384 	 0
1788203560196 	 29 	 200 	 1387 	 2
1788203560198 	 28 	 200 	 1387 	 1
1788203560214 	 15 	 200 	 1387 	 0
1788203560346 	 30 	 200 	 1389 	 1
1788203560368 	 15 	 200 	 1389 	 0
1788203560484 	 40 	 200 	 1390 	 0
1788203561140 	 37 	 200 	 1391 	 0
1788203561581 	 14 	 200 	 1392 	 0
1788203561746 	 40 	 200 	 1393 	 0
1788203562030 	 32 	 200 	 1394 	 0
1788203562109 	 16 	 200 	 1396 	 1
1788203562113 	 16 	 200 	 1396 	 0
1788203562574 	 32 	 200 	 1397 	 0
1788203562759 	 36 	 200 	 1398 	 0
1788203562806 	 15 	 200 	 1399 	 0
1788203563326 	 21 	 200 	 1400 	 0
1788203563366 	 14 	 200 	 1401 	 0
1788203563566 	 25 	 200 	 1402 	 0
1788203563683 	 14 	 200 	 1403 	 0
1788203563854 	 32 	 200 	 1404 	 0
1788203563970 	 40 	 200 	 1405 	 0
1788203564748 	 12 	 200 	 1406 	 0
1788203564947 	 30 	 200 	 1407 	 0
1788203565685 	 28 	 200 	 1408 	 0
1788203566224 	 21 	 200 	 1409 	 0
1788203566473 	 22 	 200 	 1411 	 1
1788203566482 	 16 	 200 	 1411 	 0
1788203566745 	 28 	 200 	 1412 	 0
1788203566803 	 13 	 200 	 1413 	 0
1788203567504 	 22 	 200 	 1414 	 0
1788203567637 	 25 	 200 	 1415 	 0
1788203567735 	 36 	 200 	 1416 	 0
1788203567776 	 18 	 200 	 1417 	 0
1788203568272 	 56 	 200 	 1419 	 1
1788203568254 	 149 	 200 	 1419 	 0
1788203568620 	 12 	 200 	 1420 	 0
1788203568992 	 13 	 200 	 1421 	 0
1788203569108 	 14 	 200 	 1422 	 0
1788203569148 	 13 	 200 	 1424 	 1
1788203569162 	 13 	 200 	 1424 	 0
1788203569186 	 12 	 200 	 1425 	 0
1788203569220 	 61 	 200 	 1428 	 2
1788203569203 	 82 	 200 	 1428 	 1
1788203569268 	 18 	 200 	 1428 	 0
1788203569507 	 18 	 200 	 1429 	 0
1788203569870 	 18 	 200 	 1430 	 0
1788203570398 	 40 	 200 	 1431 	 0
1788203570596 	 15 	 200 	 1432 	 0
1788203570641 	 29 	 200 	 1433 	 0
1788203570779 	 32 	 200 	 1434 	 0
1788203570899 	 22 	 200 	 1435 	 0
1788203571482 	 15 	 200 	 1437 	 1
1788203571488 	 13 	 200 	 1437 	 0
1788203571734 	 15 	 200 	 1438 	 0
1788203571996 	 34 	 200 	 1439 	 0
1788203572058 	 24 	 200 	 1440 	 0
1788203572183 	 31 	 200 	 1442 	 1
1788203572192 	 27 	 200 	 1442 	 0
1788203572497 	 39 	 200 	 1443 	 0
1788203572723 	 20 	 200 	 1444 	 0
1788203572814 	 13 	 200 	 1445 	 0
1788203573174 	 38 	 200 	 1447 	 1
1788203573198 	 21 	 200 	 1447 	 0
1788203573322 	 25 	 200 	 1448 	 0
1788203573645 	 31 	 200 	 1449 	 0
1788203573837 	 29 	 200 	 1450 	 0
1788203574110 	 21 	 200 	 1451 	 0
1788203575003 	 41 	 200 	 1452 	 0
1788203575173 	 15 	 200 	 1453 	 0
1788203575368 	 16 	 200 	 1454 	 0
1788203575408 	 21 	 200 	 1455 	 0
1788203575612 	 37 	 200 	 1456 	 0
1788203576049 	 39 	 200 	 1457 	 0
1788203576098 	 28 	 200 	 1458 	 0
1788203576141 	 21 	 200 	 1459 	 0
1788203576177 	 16 	 200 	 1460 	 0
1788203576600 	 38 	 200 	 1461 	 0
1788203576698 	 12 	 200 	 1462 	 0
1788203576740 	 15 	 200 	 1463 	 0
1788203577313 	 13 	 200 	 1464 	 0
1788203577864 	 20 	 200 	 1465 	 0
1788203578046 	 36 	 200 	 1467 	 1
1788203578078 	 13 	 200 	 1467 	 0
1788203578226 	 33 	 200 	 1468 	 0
1788203578509 	 32 	 200 	 1470 	 1
1788203578531 	 30 	 200 	 1470 	 0
1788203578607 	 35 	 200 	 1471 	 0
1788203578645 	 25 	 200 	 1472 	 0
1788203578738 	 22 	 200 	 1473 	 0
1788203579024 	 32 	 200 	 1474 	 0
1788203579388 	 13 	 200 	 1475 	 0
1788203580234 	 15 	 200 	 1476 	 0
1788203580308 	 39 	 200 	 1477 	 0
1788203580495 	 16 	 200 	 1478 	 0
1788203580661 	 25 	 200 	 1479 	 0
1788203580771 	 13 	 200 	 1480 	 0
1788203581324 	 40 	 200 	 1481 	 0
1788203581817 	 13 	 200 	 1482 	 0
1788203582610 	 13 	 200 	 1483 	 0
1788203582783 	 15 	 200 	 1484 	 0
1788203582934 	 31 	 200 	 1486 	 1
1788203582950 	 30 	 200 	 1486 	 0
1788203583194 	 13 	 200 	 1487 	 0
1788203583229 	 17 	 200 	 1488 	 0
1788203583649 	 32 	 200 	 1489 	 0
1788203584107 	 47 	 200 	 1490 	 0
1788203584406 	 12 	 200 	 1491 	 0
1788203584720 	 37 	 200 	 1492 	 0
1788203584833 	 20 	 200 	 1493 	 0
1788203585496 	 35 	 200 	 1494 	 0
1788203585561 	 46 	 200 	 1495 	 0
1788203585899 	 29 	 200 	 1496 	 0
1788203586097 	 39 	 200 	 1497 	 0
1788203586238 	 24 	 200 	 1498 	 0
1788203586323 	 39 	 200 	 1499 	 0
1788203586711 	 20 	 200 	 1500 	 0
1788203587253 	 13 	 200 	 1501 	 0
1788203587320 	 39 	 200 	 1502 	 0
1788203587376 	 14 	 200 	 1503 	 0
1788203587582 	 15 	 200 	 1504 	 0
1788203587744 	 28 	 200 	 1505 	 0
1788203588313 	 30 	 200 	 1506 	 0
1788203588479 	 14 	 200 	 1508 	 1
1788203588485 	 17 	 200 	 1508 	 0
1788203589002 	 23 	 200 	 1509 	 0
1788203589067 	 17 	 200 	 1510 	 0
1788203589323 	 23 	 200 	 1511 	 0
1788203589474 	 27 	 200 	 1512 	 0
1788203589548 	 13 	 200 	 1514 	 1
1788203589552 	 12 	 200 	 1514 	 0
1788203589648 	 36 	 200 	 1515 	 0
1788203589701 	 12 	 200 	 1516 	 0
1788203590122 	 12 	 200 	 1517 	 0
1788203590153 	 34 	 200 	 1518 	 0
1788203590283 	 13 	 200 	 1519 	 0
1788203590522 	 35 	 200 	 1520 	 0
1788203591022 	 31 	 200 	 1521 	 0
1788203591135 	 34 	 200 	 1522 	 0
1788203591216 	 28 	 200 	 1523 	 0
1788203591336 	 37 	 200 	 1524 	 0
1788203591465 	 31 	 200 	 1525 	 0
1788203591641 	 23 	 200 	 1526 	 0
1788203591798 	 26 	 200 	 1527 	 0
1788203592222 	 22 	 200 	 1528 	 0
1788203592310 	 29 	 200 	 1529 	 0
1788203592354 	 12 	 200 	 1530 	 0
1788203592548 	 12 	 200 	 1531 	 0
1788203592692 	 17 	 200 	 1532 	 0
1788203592773 	 32 	 200 	 1533 	 0
1788203592847 	 36 	 200 	 1534 	 0
1788203593132 	 29 	 200 	 1536 	 1
1788203593135 	 32 	 200 	 1536 	 0
1788203593358 	 35 	 200 	 1537 	 0
1788203593627 	 32 	 200 	 1538 	 0
1788203594051 	 32 	 200 	 1540 	 1
1788203594083 	 12 	 200 	 1540 	 0
1788203594428 	 33 	 200 	 1541 	 0
1788203594612 	 16 	 200 	 1542 	 0
1788203594680 	 33 	 200 	 1543 	 0
1788203594750 	 29 	 200 	 1544 	 0
1788203594804 	 14 	 200 	 1545 	 0
1788203594984 	 66 	 200 	 1546 	 0
1788203595109 	 33 	 200 	 1548 	 1
1788203595110 	 37 	 200 	 1548 	 0
1788203595196 	 13 	 200 	 1549 	 0
1788203596193 	 13 	 200 	 1550 	 0
1788203596284 	 30 	 200 	 1551 	 0
1788203596493 	 16 	 200 	 1552 	 0
1788203596539 	 37 	 200 	 1553 	 0
1788203596755 	 35 	 200 	 1554 	 0
1788203596982 	 14 	 200 	 1555 	 0
1788203597153 	 22 	 200 	 1557 	 1
1788203597161 	 16 	 200 	 1557 	 0
1788203597326 	 13 	 200 	 1558 	 0
1788203597444 	 37 	 200 	 1559 	 0
1788203597511 	 31 	 200 	 1560 	 0
1788203597682 	 33 	 200 	 1561 	 0
1788203597740 	 23 	 200 	 1562 	 0
1788203598208 	 17 	 200 	 1563 	 0
1788203598328 	 16 	 200 	 1564 	 0
1788203598771 	 15 	 200 	 1565 	 0
1788203599403 	 42 	 200 	 1567 	 1
1788203599444 	 17 	 200 	 1567 	 0
1788203599978 	 14 	 200 	 1568 	 0
1788203600182 	 15 	 200 	 1569 	 0
1788203600228 	 12 	 200 	 1570 	 0
1788203600368 	 30 	 200 	 1571 	 0
1788203600992 	 32 	 200 	 1572 	 0
1788203601030 	 23 	 200 	 1573 	 0
1788203601415 	 26 	 200 	 1576 	 2
1788203601413 	 31 	 200 	 1576 	 1
1788203601439 	 13 	 200 	 1576 	 0
1788203601799 	 33 	 200 	 1578 	 1
1788203601810 	 22 	 200 	 1578 	 0
1788203601908 	 30 	 200 	 1579 	 0
1788203602056 	 29 	 200 	 1580 	 0
1788203602128 	 31 	 200 	 1582 	 1
1788203602129 	 34 	 200 	 1582 	 0
1788203602566 	 32 	 200 	 1583 	 1
1788203602600 	 309 	 200 	 1584 	 0
1788203603139 	 19 	 200 	 1585 	 0
1788203603318 	 35 	 200 	 1586 	 0
1788203603556 	 31 	 200 	 1587 	 0
1788203604214 	 32 	 200 	 1588 	 0
1788203604973 	 17 	 200 	 1589 	 0
1788203605034 	 33 	 200 	 1590 	 0
1788203605223 	 27 	 200 	 1591 	 0
1788203605297 	 24 	 200 	 1592 	 0
1788203605453 	 17 	 200 	 1593 	 0
1788203605757 	 36 	 200 	 1594 	 0
1788203606171 	 37 	 200 	 1596 	 1
1788203606181 	 34 	 200 	 1596 	 0
1788203606580 	 20 	 200 	 1597 	 0
1788203606960 	 20 	 200 	 1598 	 0
1788203607335 	 15 	 200 	 1599 	 0
1788203607419 	 29 	 200 	 1602 	 2
1788203607412 	 38 	 200 	 1602 	 1
1788203607427 	 26 	 200 	 1602 	 0
1788203607458 	 14 	 200 	 1603 	 0
1788203607649 	 33 	 200 	 1604 	 0
1788203607884 	 16 	 200 	 1606 	 1
1788203607897 	 12 	 200 	 1606 	 0
1788203607961 	 30 	 200 	 1607 	 0
1788203608070 	 33 	 200 	 1608 	 0
1788203608187 	 19 	 200 	 1609 	 0
1788203608293 	 35 	 200 	 1610 	 0
1788203608391 	 14 	 200 	 1611 	 0
1788203608465 	 14 	 200 	 1612 	 0
1788203608943 	 24 	 200 	 1613 	 0
1788203609039 	 31 	 200 	 1614 	 0
1788203609638 	 32 	 200 	 1616 	 1
1788203609665 	 14 	 200 	 1616 	 0
1788203609864 	 25 	 200 	 1618 	 1
1788203609862 	 31 	 200 	 1618 	 0
1788203610267 	 23 	 200 	 1619 	 0
1788203610877 	 18 	 200 	 1620 	 0
1788203611109 	 15 	 200 	 1621 	 0
1788203611367 	 13 	 200 	 1623 	 1
1788203611356 	 26 	 200 	 1623 	 0
1788203611462 	 25 	 200 	 1624 	 0
1788203611580 	 29 	 200 	 1625 	 0
1788203611667 	 22 	 200 	 1626 	 0
1788203612137 	 35 	 200 	 1627 	 0
1788203612200 	 35 	 200 	 1628 	 0
1788203612304 	 37 	 200 	 1630 	 1
1788203612325 	 32 	 200 	 1630 	 0
1788203612429 	 26 	 200 	 1631 	 0
1788203612629 	 34 	 200 	 1632 	 0
1788203612843 	 13 	 200 	 1633 	 0
1788203612935 	 31 	 200 	 1635 	 1
1788203612929 	 40 	 200 	 1635 	 0
1788203613206 	 36 	 200 	 1636 	 0
1788203613346 	 21 	 200 	 1637 	 0
1788203613719 	 35 	 200 	 1639 	 1
1788203613715 	 39 	 200 	 1639 	 0
1788203613791 	 23 	 200 	 1640 	 0
1788203613848 	 30 	 200 	 1641 	 0
1788203614698 	 12 	 200 	 1642 	 0
1788203614789 	 27 	 200 	 1643 	 0
1788203614891 	 26 	 200 	 1644 	 0
1788203615236 	 16 	 200 	 1645 	 0
1788203615294 	 13 	 200 	 1646 	 0
1788203615452 	 17 	 200 	 1647 	 0
1788203615501 	 12 	 200 	 1648 	 0
1788203615589 	 15 	 200 	 1649 	 0
1788203615674 	 37 	 200 	 1650 	 0
1788203615853 	 29 	 200 	 1651 	 0
1788203615894 	 16 	 200 	 1652 	 0
1788203615949 	 18 	 200 	 1654 	 1
1788203615966 	 20 	 200 	 1654 	 0
1788203616292 	 34 	 200 	 1656 	 1
1788203616316 	 26 	 200 	 1656 	 0
1788203616426 	 19 	 200 	 1657 	 0
1788203616709 	 33 	 200 	 1658 	 0
1788203616765 	 15 	 200 	 1659 	 0
1788203617071 	 16 	 200 	 1660 	 0
1788203617164 	 23 	 200 	 1661 	 0
1788203617667 	 37 	 200 	 1663 	 1
1788203617685 	 35 	 200 	 1663 	 0
1788203617820 	 32 	 200 	 1664 	 0
1788203618130 	 36 	 200 	 1665 	 0
1788203618217 	 22 	 200 	 1666 	 0
1788203619420 	 29 	 200 	 1669 	 2
1788203619431 	 26 	 200 	 1669 	 1
1788203619438 	 19 	 200 	 1669 	 0
1788203619778 	 12 	 200 	 1670 	 0
1788203619811 	 12 	 200 	 1671 	 0
1788203620001 	 12 	 200 	 1672 	 0
1788203620210 	 14 	 200 	 1673 	 0
1788203620271 	 14 	 200 	 1674 	 0
1788203620322 	 14 	 200 	 1675 	 0
1788203620419 	 15 	 200 	 1676 	 0
1788203620522 	 31 	 200 	 1677 	 0
1788203620644 	 35 	 200 	 1679 	 2
1788203620663 	 23 	 200 	 1680 	 1
1788203620681 	 12 	 200 	 1680 	 0
1788203620786 	 17 	 200 	 1682 	 1
1788203620736 	 84 	 200 	 1682 	 0
1788203620988 	 43 	 200 	 1685 	 2
1788203621009 	 32 	 200 	 1685 	 1
1788203621031 	 15 	 200 	 1685 	 0
1788203621249 	 17 	 200 	 1687 	 1
1788203621303 	 13 	 200 	 1688 	 1
1788203621146 	 297 	 200 	 1688 	 0
1788203621542 	 28 	 200 	 1689 	 0
1788203621745 	 30 	 200 	 1690 	 0
1788203621821 	 21 	 200 	 1691 	 0
1788203622182 	 15 	 200 	 1692 	 0
1788203622435 	 29 	 200 	 1693 	 0
1788203622637 	 40 	 200 	 1694 	 0
1788203622686 	 38 	 200 	 1695 	 0
1788203622853 	 21 	 200 	 1696 	 0
1788203623002 	 32 	 200 	 1697 	 0
1788203623123 	 42 	 200 	 1698 	 0
1788203623343 	 34 	 200 	 1699 	 0
1788203623468 	 21 	 200 	 1700 	 1
1788203623491 	 17 	 200 	 1701 	 0
1788203623701 	 35 	 200 	 1703 	 1
1788203623727 	 31 	 200 	 1703 	 0
1788203623791 	 33 	 200 	 1704 	 0
1788203624172 	 37 	 200 	 1705 	 0
1788203624329 	 24 	 200 	 1706 	 0
1788203624441 	 30 	 200 	 1707 	 0
1788203624478 	 13 	 200 	 1708 	 0
1788203624965 	 20 	 200 	 1709 	 0
1788203625098 	 19 	 200 	 1711 	 1
1788203625106 	 13 	 200 	 1711 	 0
1788203625292 	 34 	 200 	 1712 	 0
1788203625528 	 19 	 200 	 1713 	 0
1788203625710 	 34 	 200 	 1715 	 1
1788203625726 	 30 	 200 	 1715 	 0
1788203626279 	 13 	 200 	 1717 	 1
1788203626286 	 12 	 200 	 1717 	 0
1788203626724 	 32 	 200 	 1718 	 0
1788203626872 	 25 	 200 	 1719 	 0
1788203626988 	 35 	 200 	 1720 	 0
1788203627272 	 13 	 200 	 1721 	 0
1788203627353 	 21 	 200 	 1722 	 0
1788203627631 	 33 	 200 	 1723 	 0
1788203627847 	 23 	 200 	 1724 	 0
1788203627972 	 40 	 200 	 1725 	 0
1788203628112 	 30 	 200 	 1726 	 0
1788203628150 	 16 	 200 	 1727 	 0
1788203628186 	 22 	 200 	 1729 	 1
1788203628202 	 29 	 200 	 1729 	 0
1788203628287 	 13 	 200 	 1730 	 0
1788203628316 	 14 	 200 	 1731 	 0
1788203628561 	 39 	 200 	 1732 	 0
1788203628617 	 36 	 200 	 1733 	 0
1788203628772 	 19 	 200 	 1734 	 0
1788203628835 	 14 	 200 	 1735 	 0
1788203629109 	 37 	 200 	 1736 	 0
1788203629242 	 18 	 200 	 1737 	 0
1788203629364 	 15 	 200 	 1738 	 0
1788203629852 	 28 	 200 	 1739 	 0
1788203630174 	 28 	 200 	 1740 	 0
1788203630347 	 15 	 200 	 1741 	 0
1788203630461 	 33 	 200 	 1742 	 0
1788203630602 	 32 	 200 	 1743 	 0
1788203630828 	 31 	 200 	 1744 	 0
1788203631178 	 21 	 200 	 1746 	 1
1788203631192 	 16 	 200 	 1746 	 0
1788203632028 	 14 	 200 	 1747 	 0
1788203632134 	 24 	 200 	 1748 	 0
1788203632165 	 12 	 200 	 1749 	 0
1788203632693 	 17 	 200 	 1750 	 0
1788203632812 	 21 	 200 	 1751 	 0
1788203632979 	 33 	 200 	 1752 	 0
1788203633067 	 29 	 200 	 1754 	 1
1788203633074 	 25 	 200 	 1754 	 0
1788203633148 	 16 	 200 	 1755 	 0
1788203633174 	 15 	 200 	 1756 	 0
1788203633238 	 13 	 200 	 1757 	 0
1788203633708 	 13 	 200 	 1758 	 0
1788203633913 	 19 	 200 	 1759 	 0
1788203634157 	 35 	 200 	 1760 	 0
1788203634527 	 21 	 200 	 1761 	 0
1788203634886 	 16 	 200 	 1762 	 0
1788203635787 	 13 	 200 	 1763 	 0
1788203635851 	 15 	 200 	 1764 	 0
1788203635878 	 12 	 200 	 1765 	 0
1788203635946 	 17 	 200 	 1766 	 0
1788203636044 	 19 	 200 	 1767 	 0
1788203636226 	 28 	 200 	 1768 	 0
1788203636938 	 40 	 200 	 1769 	 0
1788203637285 	 21 	 200 	 1770 	 0
1788203637345 	 28 	 200 	 1771 	 0
1788203637537 	 44 	 200 	 1772 	 0
1788203637647 	 35 	 200 	 1773 	 0
1788203637719 	 33 	 200 	 1774 	 0
1788203637857 	 24 	 200 	 1775 	 0
1788203638157 	 16 	 200 	 1776 	 0
1788203638245 	 13 	 200 	 1777 	 0
1788203638262 	 14 	 200 	 1778 	 0
1788203638328 	 41 	 200 	 1779 	 0
1788203638604 	 34 	 200 	 1780 	 0
1788203638682 	 26 	 200 	 1781 	 0
1788203638892 	 43 	 200 	 1782 	 0
1788203638939 	 20 	 200 	 1783 	 0
1788203638984 	 16 	 200 	 1784 	 0
1788203639199 	 15 	 200 	 1785 	 0
1788203639252 	 12 	 200 	 1786 	 0
1788203639469 	 23 	 200 	 1787 	 0
1788203639523 	 16 	 200 	 1788 	 0
1788203640074 	 15 	 200 	 1789 	 0
1788203640091 	 13 	 200 	 1790 	 0
1788203640417 	 22 	 200 	 1791 	 0
1788203640719 	 14 	 200 	 1792 	 0
1788203640878 	 13 	 200 	 1793 	 0
1788203641053 	 31 	 200 	 1794 	 0
1788203641129 	 15 	 200 	 1795 	 0
1788203641255 	 13 	 200 	 1796 	 0
1788203641455 	 12 	 200 	 1797 	 0
1788203642049 	 30 	 200 	 1799 	 1
1788203642080 	 13 	 200 	 1799 	 0
1788203642204 	 37 	 200 	 1800 	 0
1788203642589 	 17 	 200 	 1801 	 0
1788203642663 	 32 	 200 	 1802 	 0
1788203643217 	 31 	 200 	 1803 	 0
1788203643261 	 14 	 200 	 1804 	 0
1788203643492 	 13 	 200 	 1805 	 0
1788203643695 	 39 	 200 	 1806 	 0
1788203643819 	 15 	 200 	 1807 	 0
1788203644219 	 29 	 200 	 1808 	 0
1788203644254 	 14 	 200 	 1809 	 0
1788203644308 	 15 	 200 	 1810 	 0
1788203644841 	 31 	 200 	 1811 	 0
1788203645262 	 13 	 200 	 1812 	 0
1788203645628 	 17 	 200 	 1813 	 0
1788203646105 	 14 	 200 	 1814 	 0
1788203646169 	 12 	 200 	 1815 	 0
1788203646200 	 14 	 200 	 1816 	 0
1788203646405 	 35 	 200 	 1817 	 0
1788203646742 	 20 	 200 	 1818 	 0
1788203647042 	 34 	 200 	 1819 	 0
1788203647112 	 38 	 200 	 1820 	 0
1788203647155 	 26 	 200 	 1821 	 0
1788203647228 	 27 	 200 	 1823 	 1
1788203647217 	 41 	 200 	 1823 	 0
1788203647602 	 38 	 200 	 1824 	 0
1788203647779 	 16 	 200 	 1825 	 0
1788203647915 	 28 	 200 	 1826 	 0
1788203648086 	 16 	 200 	 1827 	 0
1788203648363 	 36 	 200 	 1829 	 1
1788203648393 	 16 	 200 	 1830 	 1
1788203648408 	 14 	 200 	 1831 	 1
1788203648415 	 15 	 200 	 1831 	 0
1788203648498 	 32 	 200 	 1832 	 0
1788203648611 	 28 	 200 	 1833 	 0
1788203648670 	 23 	 200 	 1835 	 1
1788203648675 	 27 	 200 	 1835 	 0
1788203649028 	 30 	 200 	 1836 	 0
1788203649177 	 19 	 200 	 1837 	 0
1788203649312 	 15 	 200 	 1838 	 0
1788203649690 	 35 	 200 	 1839 	 0
1788203649874 	 19 	 200 	 1840 	 0
1788203650477 	 15 	 200 	 1841 	 0
1788203650855 	 32 	 200 	 1842 	 0
1788203650972 	 39 	 200 	 1845 	 2
1788203651000 	 21 	 200 	 1845 	 1
1788203651010 	 12 	 200 	 1845 	 0
1788203651047 	 28 	 200 	 1846 	 0
1788203651158 	 39 	 200 	 1848 	 1
1788203651186 	 37 	 200 	 1848 	 0
1788203651235 	 14 	 200 	 1849 	 0
1788203651721 	 17 	 200 	 1850 	 0
1788203652212 	 28 	 200 	 1851 	 0
1788203652517 	 38 	 200 	 1852 	 0
1788203652922 	 23 	 200 	 1853 	 0
1788203652974 	 13 	 200 	 1854 	 0
1788203653172 	 31 	 200 	 1855 	 0
1788203653303 	 13 	 200 	 1856 	 0
1788203653327 	 13 	 200 	 1857 	 0
1788203653643 	 33 	 200 	 1858 	 0
1788203653801 	 18 	 200 	 1859 	 0
1788203653936 	 24 	 200 	 1860 	 0
1788203654013 	 16 	 200 	 1861 	 0
1788203654101 	 13 	 200 	 1862 	 0
1788203654213 	 33 	 200 	 1863 	 0
1788203654322 	 18 	 200 	 1864 	 0
1788203654424 	 33 	 200 	 1865 	 0
1788203654512 	 35 	 200 	 1866 	 0
1788203654567 	 22 	 200 	 1867 	 0
1788203654639 	 18 	 200 	 1868 	 0
1788203654743 	 27 	 200 	 1869 	 0
1788203655227 	 42 	 200 	 1870 	 0
1788203655301 	 14 	 200 	 1872 	 1
1788203655308 	 16 	 200 	 1872 	 0
1788203655346 	 14 	 200 	 1873 	 0
1788203655557 	 35 	 200 	 1874 	 0
1788203655689 	 36 	 200 	 1875 	 0
1788203655783 	 38 	 200 	 1876 	 0
1788203656050 	 30 	 200 	 1877 	 0
1788203656291 	 32 	 200 	 1879 	 1
1788203656319 	 24 	 200 	 1879 	 0
1788203656375 	 31 	 200 	 1881 	 1
1788203656382 	 30 	 200 	 1881 	 0
1788203656519 	 47 	 200 	 1882 	 0
1788203657326 	 13 	 200 	 1883 	 0
1788203657430 	 15 	 200 	 1884 	 0
1788203658167 	 14 	 200 	 1885 	 0
1788203658441 	 15 	 200 	 1886 	 0
1788203658629 	 26 	 200 	 1887 	 0
1788203658681 	 15 	 200 	 1888 	 0
1788203658938 	 29 	 200 	 1889 	 0
1788203659204 	 13 	 200 	 1891 	 1
1788203659270 	 35 	 200 	 1892 	 1
1788203659350 	 13 	 200 	 1893 	 1
1788203659382 	 15 	 200 	 1894 	 1
1788203659066 	 394 	 200 	 1894 	 0
1788203659528 	 34 	 200 	 1897 	 2
1788203659540 	 29 	 200 	 1897 	 1
1788203659560 	 21 	 200 	 1897 	 0
1788203659842 	 12 	 200 	 1898 	 0
1788203660198 	 70 	 200 	 1899 	 0
1788203660299 	 36 	 200 	 1900 	 0
1788203660460 	 39 	 200 	 1901 	 0
1788203661044 	 34 	 200 	 1902 	 0
1788203661119 	 28 	 200 	 1903 	 0
1788203661521 	 17 	 200 	 1904 	 0
1788203661558 	 26 	 200 	 1905 	 0
1788203661666 	 31 	 200 	 1906 	 0
1788203661720 	 22 	 200 	 1907 	 0
1788203662004 	 16 	 200 	 1908 	 0
1788203662304 	 19 	 200 	 1909 	 0
1788203662632 	 35 	 200 	 1910 	 0
1788203662858 	 18 	 200 	 1911 	 0
1788203663256 	 21 	 200 	 1912 	 0
1788203663419 	 14 	 200 	 1913 	 0
1788203663840 	 36 	 200 	 1914 	 0
1788203663903 	 30 	 200 	 1915 	 0
1788203664092 	 21 	 200 	 1916 	 0
1788203664318 	 22 	 200 	 1917 	 0
1788203664483 	 12 	 200 	 1918 	 0
1788203664580 	 25 	 200 	 1919 	 0
1788203664704 	 37 	 200 	 1920 	 0
1788203664970 	 31 	 200 	 1921 	 0
1788203665122 	 44 	 200 	 1922 	 0
1788203665475 	 16 	 200 	 1923 	 0
1788203665519 	 33 	 200 	 1924 	 0
1788203666128 	 33 	 200 	 1925 	 0
1788203666219 	 41 	 200 	 1927 	 1
1788203666247 	 13 	 200 	 1927 	 0
1788203666618 	 28 	 200 	 1928 	 0
1788203666891 	 28 	 200 	 1929 	 0
1788203666982 	 39 	 200 	 1930 	 0
1788203667223 	 21 	 200 	 1931 	 0
1788203667291 	 14 	 200 	 1932 	 0
1788203667580 	 15 	 200 	 1933 	 0
1788203667603 	 12 	 200 	 1934 	 0
1788203667800 	 12 	 200 	 1935 	 0
1788203667903 	 38 	 200 	 1936 	 0
1788203668102 	 36 	 200 	 1938 	 1
1788203668129 	 21 	 200 	 1938 	 0
1788203668403 	 37 	 200 	 1939 	 0
1788203668500 	 33 	 200 	 1941 	 1
1788203668532 	 34 	 200 	 1941 	 0
1788203668940 	 34 	 200 	 1942 	 0
1788203669384 	 15 	 200 	 1943 	 0
1788203669656 	 27 	 200 	 1944 	 0
1788203670026 	 32 	 200 	 1946 	 1
1788203670052 	 23 	 200 	 1946 	 0
1788203670093 	 16 	 200 	 1947 	 0
1788203670414 	 14 	 200 	 1948 	 0
1788203670678 	 34 	 200 	 1949 	 0
1788203670722 	 29 	 200 	 1950 	 0
1788203670863 	 23 	 200 	 1951 	 0
1788203671034 	 39 	 200 	 1952 	 0
1788203671084 	 21 	 200 	 1953 	 0
1788203671168 	 14 	 200 	 1954 	 0
1788203671329 	 25 	 200 	 1955 	 0
1788203671501 	 39 	 200 	 1956 	 0
1788203671642 	 38 	 200 	 1957 	 0
1788203672127 	 41 	 200 	 1958 	 0
1788203672676 	 17 	 200 	 1959 	 0
1788203672882 	 32 	 200 	 1960 	 0
1788203673088 	 37 	 200 	 1961 	 0
1788203673475 	 17 	 200 	 1962 	 0
1788203673810 	 12 	 200 	 1963 	 0
1788203673829 	 18 	 200 	 1964 	 0
1788203674318 	 12 	 200 	 1965 	 0
1788203674400 	 22 	 200 	 1966 	 0
1788203674530 	 34 	 200 	 1967 	 0
1788203674574 	 16 	 200 	 1968 	 0
1788203674686 	 36 	 200 	 1969 	 0
1788203675176 	 33 	 200 	 1970 	 0
1788203675679 	 17 	 200 	 1971 	 0
1788203675708 	 13 	 200 	 1972 	 0
1788203676018 	 33 	 200 	 1975 	 2
1788203676020 	 33 	 200 	 1975 	 1
1788203676024 	 29 	 200 	 1975 	 0
1788203676080 	 36 	 200 	 1976 	 0
1788203676140 	 41 	 200 	 1978 	 1
1788203676161 	 30 	 200 	 1978 	 0
1788203676212 	 32 	 200 	 1979 	 0
1788203676359 	 13 	 200 	 1980 	 0
1788203676397 	 20 	 200 	 1981 	 0
1788203677075 	 36 	 200 	 1982 	 0
1788203677330 	 17 	 200 	 1984 	 1
1788203677334 	 15 	 200 	 1984 	 0
1788203677559 	 33 	 200 	 1985 	 0
1788203677602 	 12 	 200 	 1986 	 0
1788203677641 	 26 	 200 	 1987 	 0
1788203677872 	 18 	 200 	 1988 	 0
1788203678025 	 36 	 200 	 1989 	 0
1788203678509 	 34 	 200 	 1990 	 0
1788203678723 	 39 	 200 	 1992 	 1
1788203678750 	 28 	 200 	 1993 	 1
1788203678770 	 15 	 200 	 1993 	 0
1788203678896 	 14 	 200 	 1994 	 0
1788203679089 	 32 	 200 	 1995 	 0
1788203679367 	 35 	 200 	 1996 	 0
1788203679556 	 36 	 200 	 1997 	 0
1788203679991 	 43 	 200 	 2000 	 2
1788203680002 	 36 	 200 	 2000 	 1
1788203680034 	 15 	 200 	 2000 	 0
1788203680355 	 25 	 200 	 2002 	 1
1788203680372 	 13 	 200 	 2002 	 0
1788203680394 	 20 	 200 	 2003 	 0
1788203680906 	 32 	 200 	 2004 	 0
1788203681248 	 42 	 200 	 2005 	 0
1788203681411 	 22 	 200 	 2006 	 0
1788203681466 	 24 	 200 	 2007 	 0
1788203682199 	 19 	 200 	 2008 	 0
1788203682288 	 35 	 200 	 2009 	 0
1788203682581 	 15 	 200 	 2010 	 0
1788203682764 	 37 	 200 	 2011 	 0
1788203682902 	 31 	 200 	 2012 	 0
1788203683411 	 35 	 200 	 2013 	 0
1788203683658 	 39 	 200 	 2014 	 0
1788203683820 	 13 	 200 	 2015 	 0
1788203684167 	 13 	 200 	 2016 	 0
1788203684459 	 25 	 200 	 2017 	 0
1788203684650 	 30 	 200 	 2018 	 0
1788203684752 	 31 	 200 	 2020 	 1
1788203684781 	 29 	 200 	 2020 	 0
1788203685124 	 13 	 200 	 2021 	 0
1788203685270 	 31 	 200 	 2022 	 0
1788203685694 	 31 	 200 	 2023 	 0
1788203686236 	 26 	 200 	 2024 	 0
1788203686451 	 16 	 200 	 2025 	 0
1788203686703 	 27 	 200 	 2026 	 0
1788203686785 	 13 	 200 	 2027 	 0
1788203686799 	 18 	 200 	 2028 	 0
1788203686882 	 12 	 200 	 2029 	 0
1788203687145 	 22 	 200 	 2030 	 0
1788203687182 	 24 	 200 	 2031 	 0
1788203687321 	 18 	 200 	 2032 	 0
1788203687365 	 14 	 200 	 2033 	 0
1788203687589 	 25 	 200 	 2034 	 0
1788203687648 	 27 	 200 	 2035 	 0
1788203687702 	 14 	 200 	 2036 	 0
1788203687923 	 25 	 200 	 2037 	 0
1788203688022 	 40 	 200 	 2038 	 0
1788203688435 	 16 	 200 	 2039 	 0
1788203688639 	 33 	 200 	 2040 	 0
1788203688764 	 27 	 200 	 2041 	 0
1788203689029 	 38 	 200 	 2042 	 0
1788203689128 	 37 	 200 	 2044 	 1
1788203689143 	 32 	 200 	 2044 	 0
1788203689223 	 25 	 200 	 2045 	 0
1788203689479 	 33 	 200 	 2047 	 1
1788203689508 	 35 	 200 	 2047 	 0
1788203690229 	 32 	 200 	 2048 	 0
1788203690414 	 12 	 200 	 2049 	 0
1788203690508 	 30 	 200 	 2050 	 0
1788203690915 	 39 	 200 	 2051 	 0
1788203691121 	 35 	 200 	 2052 	 0
1788203691307 	 15 	 200 	 2053 	 0
1788203691469 	 15 	 200 	 2054 	 0
1788203691541 	 27 	 200 	 2055 	 0
1788203691576 	 16 	 200 	 2056 	 0
1788203691627 	 33 	 200 	 2057 	 0
1788203692299 	 18 	 200 	 2058 	 0
1788203692328 	 31 	 200 	 2059 	 0
1788203692619 	 16 	 200 	 2060 	 0
1788203692922 	 37 	 200 	 2061 	 0
1788203693169 	 39 	 200 	 2062 	 0
1788203693344 	 39 	 200 	 2063 	 0
1788203693632 	 34 	 200 	 2064 	 0
1788203693854 	 37 	 200 	 2065 	 0
1788203694074 	 32 	 200 	 2066 	 0
1788203694145 	 28 	 200 	 2067 	 0
1788203694849 	 33 	 200 	 2068 	 0
1788203694926 	 16 	 200 	 2069 	 0
1788203695066 	 31 	 200 	 2070 	 0
1788203695452 	 34 	 200 	 2071 	 0
1788203695508 	 29 	 200 	 2073 	 1
1788203695511 	 32 	 200 	 2073 	 0
1788203695623 	 27 	 200 	 2074 	 0
1788203695974 	 39 	 200 	 2075 	 0
1788203696322 	 39 	 200 	 2076 	 0
1788203696838 	 30 	 200 	 2077 	 0
1788203696963 	 32 	 200 	 2079 	 1
1788203696984 	 27 	 200 	 2079 	 0
1788203697302 	 27 	 200 	 2082 	 2
1788203697307 	 28 	 200 	 2082 	 1
1788203697319 	 19 	 200 	 2082 	 0
1788203697561 	 27 	 200 	 2084 	 1
1788203697585 	 15 	 200 	 2085 	 1
1788203697600 	 12 	 200 	 2085 	 0
1788203697776 	 13 	 200 	 2086 	 0
1788203698258 	 15 	 200 	 2087 	 0
1788203698549 	 43 	 200 	 2088 	 0
1788203698932 	 38 	 200 	 2089 	 0
1788203699156 	 32 	 200 	 2090 	 0
1788203699516 	 20 	 200 	 2091 	 0
1788203699636 	 30 	 200 	 2092 	 0
1788203699719 	 24 	 200 	 2093 	 0
1788203699971 	 31 	 200 	 2094 	 0
1788203700051 	 30 	 200 	 2095 	 0
1788203700124 	 15 	 200 	 2096 	 0
1788203700147 	 12 	 200 	 2097 	 0
1788203700688 	 40 	 200 	 2098 	 0
1788203701031 	 30 	 200 	 2099 	 0
1788203701240 	 15 	 200 	 2100 	 0
1788203701306 	 33 	 200 	 2101 	 0
1788203701556 	 29 	 200 	 2102 	 0
1788203701590 	 17 	 200 	 2103 	 0
1788203701701 	 34 	 200 	 2105 	 1
1788203701734 	 20 	 200 	 2105 	 0
1788203701853 	 28 	 200 	 2106 	 0
1788203701896 	 12 	 200 	 2108 	 1
1788203701901 	 15 	 200 	 2108 	 0
1788203701928 	 15 	 200 	 2109 	 0
1788203702004 	 13 	 200 	 2110 	 0
1788203702190 	 24 	 200 	 2111 	 0
1788203702327 	 33 	 200 	 2113 	 1
1788203702337 	 31 	 200 	 2113 	 0
1788203702578 	 39 	 200 	 2114 	 0
1788203702665 	 27 	 200 	 2115 	 0
1788203702731 	 13 	 200 	 2117 	 1
1788203702727 	 17 	 200 	 2117 	 0
1788203703006 	 33 	 200 	 2118 	 0
1788203703356 	 33 	 200 	 2119 	 0
1788203703408 	 23 	 200 	 2121 	 1
1788203703424 	 15 	 200 	 2121 	 0
1788203703616 	 38 	 200 	 2122 	 0
1788203703726 	 12 	 200 	 2123 	 0
1788203703888 	 15 	 200 	 2124 	 0
1788203704305 	 13 	 200 	 2126 	 1
1788203704206 	 171 	 200 	 2126 	 0
1788203704396 	 28 	 200 	 2127 	 0
1788203704710 	 37 	 200 	 2129 	 1
1788203704731 	 21 	 200 	 2129 	 0
1788203704777 	 12 	 200 	 2130 	 0
1788203705105 	 26 	 200 	 2131 	 0
1788203705142 	 12 	 200 	 2132 	 0
1788203705198 	 13 	 200 	 2133 	 0
1788203705255 	 33 	 200 	 2134 	 0
1788203705313 	 22 	 200 	 2135 	 0
1788203705348 	 13 	 200 	 2136 	 0
1788203705466 	 17 	 200 	 2137 	 0
1788203705778 	 27 	 200 	 2139 	 1
1788203705782 	 26 	 200 	 2139 	 0
1788203706098 	 32 	 200 	 2140 	 0
1788203706133 	 22 	 200 	 2142 	 1
1788203706145 	 17 	 200 	 2143 	 1
1788203706161 	 13 	 200 	 2143 	 0
1788203706221 	 22 	 200 	 2145 	 1
1788203706223 	 22 	 200 	 2145 	 0
1788203706254 	 16 	 200 	 2146 	 0
1788203706305 	 21 	 200 	 2147 	 0
1788203706332 	 15 	 200 	 2148 	 0
1788203706476 	 12 	 200 	 2149 	 0
1788203706598 	 16 	 200 	 2150 	 0
1788203706622 	 33 	 200 	 2152 	 1
1788203706650 	 13 	 200 	 2152 	 0
1788203706678 	 14 	 200 	 2153 	 0
1788203706700 	 15 	 200 	 2154 	 0
1788203707128 	 29 	 200 	 2155 	 0
1788203707670 	 31 	 200 	 2156 	 0
1788203707939 	 14 	 200 	 2157 	 0
1788203708099 	 36 	 200 	 2158 	 0
1788203708317 	 26 	 200 	 2159 	 0
1788203708351 	 15 	 200 	 2160 	 0
1788203708400 	 33 	 200 	 2161 	 0
1788203708588 	 13 	 200 	 2162 	 0
1788203708742 	 26 	 200 	 2163 	 0
1788203708867 	 23 	 200 	 2164 	 0
1788203709075 	 33 	 200 	 2165 	 0
1788203709582 	 14 	 200 	 2166 	 0
1788203709744 	 17 	 200 	 2167 	 0
1788203710186 	 38 	 200 	 2168 	 0
1788203710419 	 22 	 200 	 2169 	 0
1788203710487 	 12 	 200 	 2170 	 0
1788203711741 	 14 	 200 	 2172 	 1
1788203711738 	 34 	 200 	 2173 	 1
1788203711766 	 13 	 200 	 2174 	 1
1788203711774 	 13 	 200 	 2174 	 0
1788203712244 	 13 	 200 	 2175 	 0
1788203712562 	 33 	 200 	 2176 	 0
1788203712653 	 34 	 200 	 2178 	 1
1788203712673 	 30 	 200 	 2178 	 0
1788203712773 	 19 	 200 	 2179 	 0
1788203713386 	 24 	 200 	 2180 	 0
1788203713467 	 23 	 200 	 2181 	 0
1788203713881 	 35 	 200 	 2182 	 0
1788203714220 	 33 	 200 	 2184 	 1
1788203714213 	 42 	 200 	 2184 	 0
1788203714442 	 18 	 200 	 2185 	 0
1788203714505 	 12 	 200 	 2186 	 0
1788203715004 	 14 	 200 	 2187 	 0
1788203715242 	 33 	 200 	 2189 	 1
1788203715239 	 36 	 200 	 2189 	 0
1788203715426 	 19 	 200 	 2190 	 0
1788203715494 	 34 	 200 	 2191 	 0
1788203715672 	 42 	 200 	 2192 	 0
1788203716032 	 33 	 200 	 2193 	 0
1788203716142 	 15 	 200 	 2195 	 1
1788203716152 	 14 	 200 	 2195 	 0
1788203716356 	 14 	 200 	 2196 	 0
1788203716856 	 25 	 200 	 2197 	 0
1788203717195 	 37 	 200 	 2198 	 0
1788203717664 	 30 	 200 	 2199 	 0
1788203717778 	 13 	 200 	 2200 	 0
1788203717809 	 14 	 200 	 2201 	 0
1788203718377 	 33 	 200 	 2203 	 1
1788203718386 	 27 	 200 	 2203 	 0
1788203718565 	 179 	 200 	 2204 	 0
1788203719009 	 42 	 200 	 2205 	 0
1788203719150 	 38 	 200 	 2206 	 0
1788203719431 	 27 	 200 	 2207 	 0
1788203719538 	 40 	 200 	 2208 	 0
1788203719729 	 22 	 200 	 2209 	 0
1788203720044 	 33 	 200 	 2210 	 0
1788203720115 	 31 	 200 	 2211 	 0
1788203720414 	 36 	 200 	 2212 	 0
1788203720541 	 38 	 200 	 2213 	 0
1788203720616 	 12 	 200 	 2214 	 0
1788203720744 	 15 	 200 	 2216 	 1
1788203720748 	 15 	 200 	 2216 	 0
1788203720949 	 28 	 200 	 2217 	 0
1788203721446 	 13 	 200 	 2218 	 0
1788203721529 	 29 	 200 	 2219 	 0
1788203721773 	 16 	 200 	 2220 	 0
1788203721968 	 28 	 200 	 2221 	 0
1788203722008 	 24 	 200 	 2222 	 0
1788203722083 	 29 	 200 	 2223 	 0
1788203722262 	 16 	 200 	 2224 	 0
1788203722397 	 35 	 200 	 2225 	 0
1788203722476 	 18 	 200 	 2226 	 0
1788203722675 	 30 	 200 	 2227 	 0
1788203722755 	 36 	 200 	 2228 	 0
1788203722822 	 33 	 200 	 2229 	 0
1788203722984 	 15 	 200 	 2230 	 0
1788203723485 	 33 	 200 	 2231 	 0
1788203723746 	 36 	 200 	 2233 	 1
1788203723752 	 33 	 200 	 2233 	 0
1788203723806 	 12 	 200 	 2234 	 0
1788203723871 	 12 	 200 	 2235 	 0
1788203724408 	 36 	 200 	 2236 	 0
1788203724476 	 15 	 200 	 2237 	 0
1788203724552 	 33 	 200 	 2238 	 0
1788203724706 	 37 	 200 	 2239 	 0
1788203725184 	 33 	 200 	 2240 	 0
1788203725357 	 27 	 200 	 2241 	 0
1788203725453 	 18 	 200 	 2242 	 0
1788203725686 	 21 	 200 	 2244 	 1
1788203725680 	 28 	 200 	 2244 	 0
1788203725977 	 20 	 200 	 2245 	 0
1788203726098 	 34 	 200 	 2246 	 0
1788203726359 	 40 	 200 	 2247 	 0
1788203726740 	 33 	 200 	 2248 	 0
1788203726800 	 24 	 200 	 2249 	 0
1788203727000 	 15 	 200 	 2250 	 0
1788203727258 	 14 	 200 	 2251 	 0
1788203727288 	 13 	 200 	 2252 	 0
1788203727400 	 23 	 200 	 2253 	 0
1788203727559 	 25 	 200 	 2255 	 1
1788203727581 	 13 	 200 	 2255 	 0
1788203727858 	 12 	 200 	 2256 	 0
1788203728357 	 35 	 200 	 2257 	 0
1788203728911 	 22 	 200 	 2258 	 0
1788203728963 	 23 	 200 	 2259 	 0
1788203729026 	 13 	 200 	 2260 	 0
1788203729202 	 20 	 200 	 2261 	 0
1788203729237 	 31 	 200 	 2262 	 0
1788203729536 	 36 	 200 	 2263 	 0
1788203729658 	 27 	 200 	 2264 	 0
1788203729896 	 15 	 200 	 2265 	 0
1788203729975 	 22 	 200 	 2266 	 0
1788203730111 	 36 	 200 	 2267 	 0
1788203730159 	 24 	 200 	 2268 	 0
1788203730216 	 14 	 200 	 2270 	 1
1788203730224 	 15 	 200 	 2270 	 0
1788203730283 	 39 	 200 	 2271 	 0
1788203730335 	 25 	 200 	 2272 	 0
1788203730537 	 34 	 200 	 2274 	 1
1788203730572 	 21 	 200 	 2274 	 0
1788203730614 	 13 	 200 	 2275 	 0
1788203730808 	 38 	 200 	 2276 	 0
1788203731083 	 40 	 200 	 2277 	 0
1788203731449 	 18 	 200 	 2278 	 0
1788203731561 	 39 	 200 	 2279 	 0
1788203731725 	 13 	 200 	 2280 	 0
1788203732624 	 30 	 200 	 2282 	 1
1788203732629 	 29 	 200 	 2283 	 1
1788203732661 	 14 	 200 	 2283 	 0
1788203732895 	 21 	 200 	 2284 	 0
1788203732963 	 17 	 200 	 2285 	 0
1788203733003 	 39 	 200 	 2286 	 0
1788203733543 	 35 	 200 	 2287 	 0
1788203733584 	 14 	 200 	 2288 	 0
1788203733676 	 26 	 200 	 2289 	 0
1788203733753 	 33 	 200 	 2290 	 0
1788203733827 	 13 	 200 	 2291 	 0
1788203733937 	 14 	 200 	 2292 	 0
1788203734037 	 35 	 200 	 2293 	 0
1788203734076 	 18 	 200 	 2294 	 0
1788203734099 	 14 	 200 	 2295 	 0
1788203734392 	 35 	 200 	 2296 	 0
1788203734465 	 25 	 200 	 2297 	 0
1788203734832 	 35 	 200 	 2298 	 0
1788203734880 	 31 	 200 	 2299 	 0
1788203735349 	 29 	 200 	 2300 	 0
1788203735423 	 30 	 200 	 2301 	 0
1788203735482 	 16 	 200 	 2302 	 0
1788203735893 	 15 	 200 	 2303 	 0
1788203735912 	 16 	 200 	 2304 	 0
1788203736094 	 30 	 200 	 2305 	 0
1788203736301 	 14 	 200 	 2306 	 0
1788203736495 	 13 	 200 	 2307 	 0
1788203736776 	 30 	 200 	 2308 	 0
1788203737046 	 19 	 200 	 2309 	 0
1788203737146 	 21 	 200 	 2310 	 0
1788203737178 	 15 	 200 	 2311 	 0
1788203737641 	 33 	 200 	 2315 	 3
1788203737652 	 31 	 200 	 2315 	 2
1788203737662 	 23 	 200 	 2315 	 1
1788203737665 	 22 	 200 	 2315 	 0
1788203737804 	 34 	 200 	 2316 	 0
1788203737840 	 15 	 200 	 2317 	 0
1788203737926 	 38 	 200 	 2319 	 1
1788203737946 	 28 	 200 	 2319 	 0
1788203738368 	 30 	 200 	 2320 	 0
1788203738745 	 15 	 200 	 2321 	 0
1788203738792 	 13 	 200 	 2322 	 0
1788203739087 	 31 	 200 	 2323 	 0
1788203739177 	 40 	 200 	 2324 	 0
1788203739594 	 24 	 200 	 2325 	 0
1788203739798 	 34 	 200 	 2326 	 0
1788203739928 	 39 	 200 	 2328 	 1
1788203739953 	 21 	 200 	 2328 	 0
1788203740383 	 31 	 200 	 2329 	 0
1788203740450 	 31 	 200 	 2330 	 0
1788203740535 	 16 	 200 	 2331 	 0
1788203740587 	 34 	 200 	 2332 	 0
1788203740645 	 33 	 200 	 2333 	 0
1788203740890 	 14 	 200 	 2334 	 0
1788203740912 	 13 	 200 	 2335 	 0
1788203740945 	 26 	 200 	 2336 	 0
1788203741085 	 31 	 200 	 2337 	 0
1788203741152 	 21 	 200 	 2338 	 0
1788203741300 	 14 	 200 	 2339 	 0
1788203741447 	 38 	 200 	 2340 	 0
1788203741968 	 23 	 200 	 2342 	 1
1788203741988 	 12 	 200 	 2342 	 0
1788203742425 	 38 	 200 	 2343 	 0
1788203742853 	 18 	 200 	 2345 	 1
1788203742863 	 15 	 200 	 2345 	 0
1788203743077 	 21 	 200 	 2347 	 1
1788203743082 	 18 	 200 	 2347 	 0
1788203743486 	 31 	 200 	 2348 	 0
1788203743553 	 30 	 200 	 2349 	 0
1788203743593 	 13 	 200 	 2350 	 0
1788203743672 	 33 	 200 	 2351 	 0
1788203743947 	 33 	 200 	 2352 	 0
1788203744168 	 23 	 200 	 2353 	 0
1788203744684 	 30 	 200 	 2354 	 0
1788203744776 	 16 	 200 	 2355 	 0
1788203744864 	 14 	 200 	 2356 	 0
1788203744902 	 23 	 200 	 2357 	 0
1788203745031 	 33 	 200 	 2358 	 0
1788203745355 	 18 	 200 	 2359 	 0
1788203745680 	 13 	 200 	 2360 	 0
1788203745788 	 40 	 200 	 2363 	 2
1788203745825 	 25 	 200 	 2363 	 1
1788203745812 	 39 	 200 	 2363 	 0
1788203745859 	 19 	 200 	 2364 	 0
1788203745949 	 30 	 200 	 2365 	 0
1788203746583 	 42 	 200 	 2366 	 0
1788203746663 	 15 	 200 	 2367 	 0
1788203746793 	 13 	 200 	 2368 	 0
1788203747034 	 30 	 200 	 2370 	 1
1788203747063 	 30 	 200 	 2370 	 0
1788203747211 	 13 	 200 	 2371 	 0
1788203747401 	 15 	 200 	 2373 	 1
1788203747384 	 39 	 200 	 2373 	 0
1788203747524 	 12 	 200 	 2374 	 0
1788203747619 	 42 	 200 	 2375 	 0
1788203747683 	 28 	 200 	 2376 	 0
1788203747817 	 34 	 200 	 2377 	 0
1788203748222 	 25 	 200 	 2378 	 0
1788203748443 	 39 	 200 	 2380 	 1
1788203748453 	 33 	 200 	 2380 	 0
1788203748500 	 14 	 200 	 2381 	 0
1788203749504 	 19 	 200 	 2382 	 0
1788203749566 	 30 	 200 	 2383 	 0
1788203749797 	 33 	 200 	 2384 	 0
1788203750081 	 23 	 200 	 2386 	 1
1788203750101 	 15 	 200 	 2387 	 1
1788203750112 	 11 	 200 	 2387 	 0
1788203750486 	 13 	 200 	 2388 	 0
1788203750609 	 40 	 200 	 2389 	 0
1788203750826 	 39 	 200 	 2390 	 0
1788203751208 	 34 	 200 	 2391 	 0
1788203751636 	 19 	 200 	 2392 	 0
1788203751761 	 23 	 200 	 2393 	 0
1788203752249 	 22 	 200 	 2394 	 0
1788203752379 	 16 	 200 	 2395 	 0
1788203752663 	 40 	 200 	 2397 	 1
1788203752686 	 30 	 200 	 2397 	 0
1788203753203 	 17 	 200 	 2398 	 0
1788203753235 	 27 	 200 	 2399 	 0
1788203753324 	 36 	 200 	 2400 	 0
1788203753444 	 35 	 200 	 2402 	 1
1788203753462 	 23 	 200 	 2402 	 0
1788203753515 	 16 	 200 	 2403 	 0
1788203753865 	 16 	 200 	 2404 	 0
1788203753892 	 16 	 200 	 2405 	 0
1788203754003 	 33 	 200 	 2406 	 0
1788203754913 	 32 	 200 	 2407 	 0
1788203754989 	 30 	 200 	 2409 	 1
1788203754986 	 34 	 200 	 2409 	 0
1788203755070 	 17 	 200 	 2410 	 0
1788203755155 	 25 	 200 	 2411 	 0
1788203755188 	 16 	 200 	 2412 	 0
1788203755217 	 12 	 200 	 2413 	 0
1788203755979 	 14 	 200 	 2414 	 0
1788203756722 	 16 	 200 	 2415 	 0
1788203756809 	 12 	 200 	 2416 	 0
1788203756834 	 13 	 200 	 2417 	 0
1788203756907 	 24 	 200 	 2419 	 1
1788203756927 	 13 	 200 	 2419 	 0
1788203757007 	 33 	 200 	 2421 	 1
1788203757015 	 25 	 200 	 2421 	 0
1788203757048 	 12 	 200 	 2423 	 1
1788203757049 	 13 	 200 	 2423 	 0
1788203757070 	 18 	 200 	 2424 	 0
1788203757175 	 24 	 200 	 2425 	 0
1788203757537 	 14 	 200 	 2426 	 0
1788203757644 	 39 	 200 	 2427 	 0
1788203757819 	 32 	 200 	 2429 	 1
1788203757851 	 19 	 200 	 2430 	 1
1788203757866 	 16 	 200 	 2430 	 0
1788203758186 	 33 	 200 	 2431 	 0
1788203758474 	 14 	 200 	 2432 	 0
1788203759192 	 12 	 200 	 2433 	 0
1788203759517 	 25 	 200 	 2434 	 0
1788203759571 	 19 	 200 	 2435 	 0
1788203759628 	 13 	 200 	 2436 	 0
1788203760171 	 32 	 200 	 2437 	 0
1788203760376 	 13 	 200 	 2438 	 0
1788203760472 	 22 	 200 	 2440 	 1
1788203760462 	 33 	 200 	 2440 	 0
1788203760717 	 31 	 200 	 2441 	 0
1788203761212 	 35 	 200 	 2442 	 0
1788203761269 	 12 	 200 	 2443 	 0
1788203761446 	 15 	 200 	 2444 	 0
1788203761605 	 41 	 200 	 2445 	 0
1788203761940 	 16 	 200 	 2446 	 0
1788203761965 	 13 	 200 	 2447 	 0
1788203762453 	 30 	 200 	 2448 	 0
1788203762540 	 37 	 200 	 2449 	 0
1788203762873 	 13 	 200 	 2450 	 0
1788203763305 	 193 	 200 	 2451 	 0
1788203763762 	 28 	 200 	 2452 	 0
1788203764049 	 40 	 200 	 2453 	 0
1788203764242 	 28 	 200 	 2455 	 1
1788203764247 	 111 	 200 	 2455 	 0
1788203764522 	 17 	 200 	 2457 	 1
1788203764535 	 13 	 200 	 2457 	 0
1788203764863 	 26 	 200 	 2458 	 0
1788203764892 	 15 	 200 	 2460 	 1
1788203764894 	 16 	 200 	 2460 	 0
1788203764940 	 16 	 200 	 2462 	 1
1788203764949 	 14 	 200 	 2462 	 0
1788203764970 	 12 	 200 	 2463 	 0
1788203765212 	 31 	 200 	 2464 	 0
1788203765581 	 17 	 200 	 2465 	 0
1788203766375 	 15 	 200 	 2466 	 0
1788203766484 	 23 	 200 	 2467 	 0
1788203766646 	 35 	 200 	 2468 	 0
1788203766733 	 23 	 200 	 2469 	 0
1788203766829 	 13 	 200 	 2470 	 0
1788203766913 	 18 	 200 	 2472 	 1
1788203766918 	 15 	 200 	 2472 	 0
1788203767422 	 35 	 200 	 2473 	 0
1788203767570 	 22 	 200 	 2474 	 0
1788203767755 	 32 	 200 	 2475 	 0
1788203767900 	 13 	 200 	 2476 	 0
1788203768189 	 14 	 200 	 2477 	 0
1788203768261 	 42 	 200 	 2478 	 0
1788203768385 	 14 	 200 	 2479 	 0
1788203768410 	 16 	 200 	 2480 	 0
1788203768853 	 16 	 200 	 2481 	 0
1788203768889 	 13 	 200 	 2482 	 0
1788203768957 	 16 	 200 	 2483 	 0
1788203769042 	 33 	 200 	 2484 	 0
1788203769445 	 22 	 200 	 2485 	 0
1788203769577 	 38 	 200 	 2486 	 0
1788203769738 	 16 	 200 	 2487 	 0
1788203769779 	 13 	 200 	 2488 	 0
1788203770131 	 12 	 200 	 2489 	 0
1788203770164 	 21 	 200 	 2490 	 1
1788203770186 	 24 	 200 	 2491 	 0
1788203770313 	 34 	 200 	 2493 	 1
1788203770346 	 20 	 200 	 2493 	 0
1788203771833 	 37 	 200 	 2494 	 0
1788203772190 	 25 	 200 	 2495 	 0
1788203772360 	 29 	 200 	 2496 	 0
1788203773068 	 24 	 200 	 2497 	 0
1788203773547 	 30 	 200 	 2498 	 0
1788203773738 	 15 	 200 	 2499 	 0
1788203773920 	 15 	 200 	 2500 	 0
1788203774090 	 15 	 200 	 2501 	 0
1788203774258 	 24 	 200 	 2503 	 1
1788203774260 	 25 	 200 	 2503 	 0
1788203774436 	 33 	 200 	 2504 	 0
1788203774544 	 29 	 200 	 2505 	 0
1788203774611 	 35 	 200 	 2506 	 0
1788203774682 	 34 	 200 	 2507 	 0
1788203774823 	 30 	 200 	 2508 	 0
1788203775029 	 42 	 200 	 2509 	 0
1788203775184 	 32 	 200 	 2510 	 0
1788203775317 	 30 	 200 	 2511 	 0
1788203775377 	 14 	 200 	 2512 	 0
1788203775405 	 15 	 200 	 2513 	 0
1788203775437 	 14 	 200 	 2514 	 0
1788203775575 	 15 	 200 	 2515 	 0
1788203775693 	 28 	 200 	 2516 	 0
1788203775763 	 15 	 200 	 2517 	 0
1788203775808 	 26 	 200 	 2518 	 0
1788203776351 	 31 	 200 	 2519 	 0
1788203776499 	 33 	 200 	 2521 	 1
1788203776520 	 32 	 200 	 2521 	 0
1788203776879 	 16 	 200 	 2522 	 0
1788203777114 	 35 	 200 	 2523 	 0
1788203777205 	 32 	 200 	 2524 	 0
1788203777244 	 15 	 200 	 2525 	 0
1788203777518 	 34 	 200 	 2526 	 0
1788203777722 	 32 	 200 	 2528 	 1
1788203777720 	 42 	 200 	 2528 	 0
1788203777785 	 38 	 200 	 2529 	 0
1788203777849 	 30 	 200 	 2530 	 0
1788203778222 	 34 	 200 	 2531 	 0
1788203778478 	 15 	 200 	 2532 	 0
1788203778762 	 24 	 200 	 2533 	 0
1788203778866 	 27 	 200 	 2534 	 0
1788203779114 	 32 	 200 	 2535 	 0
1788203779195 	 12 	 200 	 2536 	 0
1788203779277 	 14 	 200 	 2537 	 0
1788203779697 	 37 	 200 	 2538 	 0
1788203779958 	 44 	 200 	 2539 	 0
1788203781151 	 36 	 200 	 2540 	 0
1788203781484 	 29 	 200 	 2541 	 0
1788203781568 	 15 	 200 	 2542 	 0
1788203781616 	 37 	 200 	 2543 	 0
1788203781697 	 17 	 200 	 2544 	 0
1788203781755 	 21 	 200 	 2545 	 0
1788203781785 	 32 	 200 	 2546 	 0
1788203781828 	 32 	 200 	 2548 	 1
1788203781849 	 26 	 200 	 2548 	 0
1788203781965 	 15 	 200 	 2549 	 0
1788203782208 	 27 	 200 	 2550 	 0
1788203782326 	 17 	 200 	 2551 	 0
1788203782380 	 14 	 200 	 2552 	 0
1788203782571 	 21 	 200 	 2553 	 0
1788203782601 	 19 	 200 	 2554 	 0
1788203782658 	 27 	 200 	 2555 	 0
1788203782816 	 35 	 200 	 2558 	 2
1788203782841 	 37 	 200 	 2558 	 1
1788203782849 	 31 	 200 	 2558 	 0
1788203783002 	 19 	 200 	 2559 	 0
1788203783205 	 35 	 200 	 2560 	 0
1788203783359 	 18 	 200 	 2561 	 0
1788203783709 	 33 	 200 	 2562 	 0
1788203783936 	 39 	 200 	 2563 	 0
1788203784005 	 21 	 200 	 2564 	 0
1788203784126 	 36 	 200 	 2565 	 0
1788203784344 	 22 	 200 	 2566 	 0
1788203784687 	 16 	 200 	 2567 	 0
1788203785402 	 19 	 200 	 2568 	 0
1788203785447 	 38 	 200 	 2570 	 1
1788203785472 	 23 	 200 	 2570 	 0
1788203785587 	 18 	 200 	 2571 	 0
1788203785843 	 43 	 200 	 2572 	 0
1788203786200 	 33 	 200 	 2573 	 0
1788203786247 	 24 	 200 	 2575 	 1
1788203786260 	 21 	 200 	 2575 	 0
1788203786665 	 35 	 200 	 2576 	 0
1788203786726 	 19 	 200 	 2577 	 0
1788203787007 	 31 	 200 	 2578 	 0
1788203787053 	 15 	 200 	 2580 	 1
1788203787061 	 14 	 200 	 2580 	 0
1788203787360 	 15 	 200 	 2581 	 0
1788203788220 	 26 	 200 	 2583 	 1
1788203788211 	 40 	 200 	 2583 	 0
1788203788389 	 19 	 200 	 2584 	 0
1788203788611 	 12 	 200 	 2585 	 0
1788203788800 	 14 	 200 	 2586 	 0
1788203788893 	 36 	 200 	 2588 	 1
1788203788909 	 30 	 200 	 2588 	 0
1788203789054 	 35 	 200 	 2589 	 0
1788203789191 	 27 	 200 	 2591 	 1
1788203789181 	 37 	 200 	 2591 	 0
1788203789255 	 26 	 200 	 2592 	 0
1788203789561 	 19 	 200 	 2593 	 0
1788203789768 	 14 	 200 	 2594 	 0
1788203790306 	 13 	 200 	 2595 	 0
1788203790350 	 15 	 200 	 2596 	 0
1788203790788 	 32 	 200 	 2597 	 0
1788203790999 	 18 	 200 	 2598 	 0
1788203791386 	 15 	 200 	 2599 	 0
1788203791463 	 23 	 200 	 2600 	 0
1788203792000 	 23 	 200 	 2601 	 0
1788203792284 	 27 	 200 	 2602 	 0
1788203792596 	 20 	 200 	 2603 	 0
1788203792661 	 14 	 200 	 2604 	 0
1788203792769 	 20 	 200 	 2605 	 0
1788203792814 	 13 	 200 	 2606 	 0
1788203793256 	 30 	 200 	 2607 	 0
1788203793375 	 26 	 200 	 2608 	 0
1788203793435 	 15 	 200 	 2609 	 0
1788203793516 	 13 	 200 	 2610 	 0
1788203793781 	 15 	 200 	 2611 	 0
1788203793801 	 14 	 200 	 2612 	 0
1788203794315 	 14 	 200 	 2613 	 0
1788203794332 	 13 	 200 	 2614 	 0
1788203794781 	 15 	 200 	 2615 	 0
1788203794880 	 14 	 200 	 2616 	 0
1788203795011 	 30 	 200 	 2618 	 1
1788203795013 	 32 	 200 	 2618 	 0
1788203795393 	 12 	 200 	 2619 	 0
1788203795601 	 27 	 200 	 2620 	 0
1788203795779 	 17 	 200 	 2621 	 0
1788203795978 	 39 	 200 	 2622 	 0
1788203796186 	 29 	 200 	 2623 	 0
1788203796742 	 20 	 200 	 2624 	 0
1788203796792 	 31 	 200 	 2625 	 0
1788203796854 	 27 	 200 	 2626 	 0
1788203797110 	 18 	 200 	 2627 	 0
1788203797445 	 23 	 200 	 2628 	 0
1788203797586 	 13 	 200 	 2629 	 0
1788203797668 	 26 	 200 	 2630 	 0
1788203797764 	 36 	 200 	 2631 	 0
1788203797808 	 20 	 200 	 2632 	 0
1788203798065 	 33 	 200 	 2633 	 0
1788203798394 	 26 	 200 	 2634 	 0
1788203798966 	 38 	 200 	 2635 	 0
1788203799256 	 36 	 200 	 2636 	 0
1788203799304 	 16 	 200 	 2637 	 0
1788203799347 	 13 	 200 	 2638 	 0
1788203799473 	 15 	 200 	 2639 	 0
1788203799645 	 35 	 200 	 2641 	 1
1788203799672 	 21 	 200 	 2641 	 0
1788203799789 	 18 	 200 	 2642 	 0
1788203799832 	 16 	 200 	 2643 	 0
1788203799887 	 34 	 200 	 2645 	 1
1788203799913 	 81 	 200 	 2645 	 0
1788203800086 	 29 	 200 	 2648 	 2
1788203800099 	 24 	 200 	 2648 	 1
1788203800088 	 35 	 200 	 2648 	 0
1788203800130 	 15 	 200 	 2649 	 0
1788203800447 	 32 	 200 	 2650 	 0
1788203800619 	 41 	 200 	 2652 	 1
1788203800636 	 28 	 200 	 2652 	 0
1788203800673 	 13 	 200 	 2653 	 0
1788203800713 	 14 	 200 	 2655 	 1
1788203800716 	 14 	 200 	 2655 	 0
1788203801090 	 32 	 200 	 2656 	 0
1788203801768 	 14 	 200 	 2657 	 0
1788203802133 	 31 	 200 	 2658 	 0
1788203802286 	 34 	 200 	 2660 	 1
1788203802310 	 42 	 200 	 2660 	 0
1788203802515 	 21 	 200 	 2661 	 0
1788203802617 	 23 	 200 	 2662 	 0
1788203802658 	 62 	 200 	 2663 	 0
1788203802741 	 14 	 200 	 2664 	 0
1788203803186 	 34 	 200 	 2666 	 1
1788203803212 	 25 	 200 	 2666 	 0
1788203803456 	 21 	 200 	 2667 	 0
1788203803834 	 21 	 200 	 2668 	 0
1788203804237 	 13 	 200 	 2669 	 0
1788203804522 	 34 	 200 	 2670 	 0
1788203804594 	 13 	 200 	 2671 	 0
1788203804867 	 22 	 200 	 2672 	 0
1788203804933 	 12 	 200 	 2673 	 0
1788203805054 	 27 	 200 	 2674 	 0
1788203805447 	 20 	 200 	 2676 	 1
1788203805462 	 13 	 200 	 2676 	 0
1788203805695 	 31 	 200 	 2677 	 0
1788203805785 	 13 	 200 	 2678 	 0
1788203805857 	 20 	 200 	 2679 	 0
1788203805972 	 25 	 200 	 2680 	 0
1788203806038 	 35 	 200 	 2681 	 0
1788203806189 	 37 	 200 	 2682 	 0
1788203806378 	 14 	 200 	 2683 	 0
1788203806524 	 34 	 200 	 2684 	 0
1788203806843 	 35 	 200 	 2685 	 0
1788203806985 	 36 	 200 	 2686 	 0
1788203807063 	 25 	 200 	 2687 	 0
1788203807121 	 29 	 200 	 2688 	 0
1788203807528 	 31 	 200 	 2690 	 1
1788203807537 	 34 	 200 	 2690 	 0
1788203807644 	 16 	 200 	 2691 	 0
1788203807671 	 16 	 200 	 2692 	 0
1788203807860 	 24 	 200 	 2694 	 1
1788203807881 	 13 	 200 	 2694 	 0
1788203808258 	 22 	 200 	 2695 	 0
1788203808595 	 14 	 200 	 2696 	 0
1788203808683 	 32 	 200 	 2698 	 1
1788203808705 	 31 	 200 	 2699 	 1
1788203808730 	 20 	 200 	 2699 	 0
1788203809293 	 35 	 200 	 2700 	 0
1788203809437 	 42 	 200 	 2701 	 0
1788203809838 	 21 	 200 	 2702 	 0
1788203809877 	 30 	 200 	 2703 	 0
1788203810048 	 34 	 200 	 2704 	 0
1788203810237 	 18 	 200 	 2705 	 0
1788203810761 	 39 	 200 	 2706 	 0
1788203810928 	 38 	 200 	 2707 	 0
1788203811070 	 31 	 200 	 2708 	 0
1788203812284 	 41 	 200 	 2709 	 0
1788203812342 	 19 	 200 	 2711 	 1
1788203812353 	 18 	 200 	 2711 	 0
1788203812559 	 25 	 200 	 2712 	 0
1788203812664 	 15 	 200 	 2713 	 0
1788203812919 	 14 	 200 	 2714 	 0
1788203813486 	 14 	 200 	 2715 	 0
1788203814390 	 31 	 200 	 2716 	 0
1788203815233 	 15 	 200 	 2717 	 0
1788203815920 	 21 	 200 	 2718 	 0
1788203816031 	 33 	 200 	 2719 	 0
1788203816080 	 36 	 200 	 2720 	 0
1788203816239 	 13 	 200 	 2721 	 0
1788203816417 	 14 	 200 	 2722 	 0
1788203816434 	 14 	 200 	 2723 	 0
1788203816555 	 25 	 200 	 2724 	 0
1788203816661 	 26 	 200 	 2725 	 0
1788203816978 	 15 	 200 	 2726 	 0
1788203817033 	 14 	 200 	 2727 	 0
1788203817300 	 17 	 200 	 2728 	 0
1788203817364 	 24 	 200 	 2729 	 0
1788203817457 	 15 	 200 	 2730 	 0
1788203817546 	 37 	 200 	 2731 	 0
1788203817892 	 13 	 200 	 2732 	 0
1788203817985 	 34 	 200 	 2733 	 0
1788203818118 	 17 	 200 	 2734 	 0
1788203818240 	 13 	 200 	 2735 	 0
1788203818386 	 25 	 200 	 2736 	 0
1788203818430 	 13 	 200 	 2737 	 0
1788203819351 	 11 	 200 	 2738 	 0
1788203819426 	 35 	 200 	 2739 	 0
1788203819510 	 19 	 200 	 2740 	 0
1788203819569 	 20 	 200 	 2741 	 0
1788203819980 	 37 	 200 	 2742 	 0
1788203820262 	 40 	 200 	 2743 	 0
1788203820415 	 17 	 200 	 2744 	 0
1788203820618 	 33 	 200 	 2745 	 0
1788203821003 	 32 	 200 	 2746 	 0
1788203821221 	 28 	 200 	 2747 	 0
1788203821350 	 25 	 200 	 2748 	 0
1788203821382 	 12 	 200 	 2749 	 0
1788203821711 	 31 	 200 	 2750 	 0
1788203821850 	 19 	 200 	 2751 	 0
1788203821928 	 14 	 200 	 2752 	 0
1788203822310 	 33 	 200 	 2753 	 0
1788203822440 	 30 	 200 	 2754 	 0
1788203822669 	 22 	 200 	 2756 	 1
1788203822688 	 17 	 200 	 2756 	 0
1788203822802 	 31 	 200 	 2757 	 0
1788203823141 	 27 	 200 	 2758 	 0
1788203823233 	 21 	 200 	 2759 	 0
1788203823406 	 21 	 200 	 2761 	 1
1788203823417 	 14 	 200 	 2761 	 0
1788203823526 	 13 	 200 	 2762 	 0
1788203823652 	 34 	 200 	 2763 	 0
1788203823756 	 14 	 200 	 2764 	 0
1788203824019 	 40 	 200 	 2765 	 0
1788203824881 	 32 	 200 	 2766 	 0
1788203824994 	 19 	 200 	 2767 	 0
1788203825026 	 44 	 200 	 2771 	 3
1788203825040 	 38 	 200 	 2771 	 2
1788203825067 	 13 	 200 	 2771 	 1
1788203825051 	 29 	 200 	 2771 	 0
1788203825245 	 25 	 200 	 2773 	 1
1788203825259 	 18 	 200 	 2773 	 0
1788203825481 	 14 	 200 	 2774 	 0
1788203825731 	 33 	 200 	 2775 	 0
1788203826097 	 34 	 200 	 2777 	 1
1788203826122 	 32 	 200 	 2777 	 0
1788203826393 	 30 	 200 	 2778 	 0
1788203827220 	 21 	 200 	 2779 	 0
1788203827518 	 17 	 200 	 2780 	 0
1788203827578 	 16 	 200 	 2781 	 0
1788203828062 	 360 	 200 	 2782 	 0
1788203828436 	 18 	 200 	 2783 	 0
1788203828501 	 22 	 200 	 2784 	 0
1788203828783 	 15 	 200 	 2785 	 0
1788203829121 	 22 	 200 	 2786 	 0
1788203829939 	 32 	 200 	 2787 	 0
1788203829975 	 34 	 200 	 2788 	 0
1788203830202 	 39 	 200 	 2790 	 1
1788203830215 	 34 	 200 	 2790 	 0
1788203831228 	 22 	 200 	 2791 	 0
1788203831864 	 21 	 200 	 2792 	 0
1788203832202 	 16 	 200 	 2793 	 0
1788203832528 	 31 	 200 	 2794 	 0
1788203832751 	 15 	 200 	 2795 	 0
1788203833028 	 34 	 200 	 2796 	 0
1788203833419 	 14 	 200 	 2797 	 0
1788203833815 	 25 	 200 	 2798 	 0
1788203834071 	 19 	 200 	 2799 	 0
1788203834106 	 13 	 200 	 2800 	 0
1788203834797 	 20 	 200 	 2801 	 0
1788203834861 	 26 	 200 	 2802 	 0
1788203834961 	 15 	 200 	 2803 	 0
1788203835047 	 33 	 200 	 2804 	 0
1788203835588 	 36 	 200 	 2805 	 0
1788203835629 	 33 	 200 	 2806 	 0
1788203835724 	 22 	 200 	 2807 	 0
1788203835835 	 17 	 200 	 2808 	 0
1788203836441 	 14 	 200 	 2810 	 1
1788203836449 	 15 	 200 	 2810 	 0
1788203836470 	 15 	 200 	 2811 	 0
1788203836495 	 12 	 200 	 2812 	 0
1788203836752 	 35 	 200 	 2814 	 1
1788203836771 	 18 	 200 	 2814 	 0
1788203837526 	 13 	 200 	 2815 	 0
1788203837610 	 31 	 200 	 2816 	 0
1788203837743 	 32 	 200 	 2818 	 1
1788203837740 	 36 	 200 	 2818 	 0
1788203837792 	 14 	 200 	 2819 	 0
1788203838331 	 29 	 200 	 2820 	 0
1788203838529 	 36 	 200 	 2821 	 0
1788203838628 	 32 	 200 	 2822 	 0
1788203838854 	 24 	 200 	 2823 	 0
1788203838913 	 37 	 200 	 2824 	 0
1788203838974 	 16 	 200 	 2825 	 0
1788203839866 	 26 	 200 	 2827 	 1
1788203839878 	 19 	 200 	 2827 	 0
1788203840082 	 16 	 200 	 2828 	 0
1788203840312 	 15 	 200 	 2829 	 0
1788203840649 	 31 	 200 	 2830 	 0
1788203840903 	 33 	 200 	 2831 	 0
1788203841267 	 34 	 200 	 2832 	 0
1788203841326 	 12 	 200 	 2834 	 1
1788203841325 	 15 	 200 	 2834 	 0
1788203841574 	 29 	 200 	 2835 	 0
1788203842079 	 17 	 200 	 2836 	 0
1788203842174 	 34 	 200 	 2837 	 0
1788203842452 	 24 	 200 	 2838 	 0
1788203842560 	 34 	 200 	 2839 	 0
1788203842663 	 26 	 200 	 2840 	 0
1788203843878 	 14 	 200 	 2841 	 0
1788203844650 	 16 	 200 	 2842 	 0
1788203844990 	 33 	 200 	 2843 	 0
1788203845578 	 24 	 200 	 2844 	 0
1788203845660 	 22 	 200 	 2846 	 1
1788203845674 	 17 	 200 	 2846 	 0
1788203845790 	 15 	 200 	 2847 	 0
1788203845837 	 12 	 200 	 2848 	 0
1788203846050 	 33 	 200 	 2849 	 0
1788203846227 	 23 	 200 	 2850 	 0
1788203846486 	 12 	 200 	 2851 	 0
1788203846501 	 13 	 200 	 2852 	 0
1788203846870 	 18 	 200 	 2853 	 0
1788203847119 	 37 	 200 	 2855 	 1
1788203847146 	 30 	 200 	 2855 	 0
1788203847580 	 33 	 200 	 2856 	 0
1788203848064 	 28 	 200 	 2857 	 0
1788203848123 	 13 	 200 	 2858 	 0
1788203848221 	 29 	 200 	 2859 	 0
1788203848262 	 13 	 200 	 2860 	 0
1788203848282 	 15 	 200 	 2861 	 0
1788203848556 	 34 	 200 	 2863 	 1
1788203848553 	 40 	 200 	 2863 	 0
1788203848645 	 24 	 200 	 2864 	 0
1788203848827 	 15 	 200 	 2865 	 0
1788203848917 	 29 	 200 	 2866 	 0
1788203849159 	 16 	 200 	 2868 	 1
1788203849133 	 46 	 200 	 2868 	 0
1788203849271 	 30 	 200 	 2869 	 0
1788203849347 	 18 	 200 	 2871 	 1
1788203849353 	 15 	 200 	 2871 	 0
1788203849580 	 13 	 200 	 2872 	 0
1788203849844 	 15 	 200 	 2874 	 1
1788203849855 	 13 	 200 	 2874 	 0
1788203850022 	 30 	 200 	 2875 	 0
1788203850269 	 37 	 200 	 2877 	 1
1788203850294 	 33 	 200 	 2877 	 0
1788203850561 	 31 	 200 	 2878 	 0
1788203850745 	 21 	 200 	 2880 	 1
1788203850761 	 14 	 200 	 2880 	 0
1788203850980 	 37 	 200 	 2881 	 0
1788203851369 	 12 	 200 	 2882 	 0
1788203851572 	 29 	 200 	 2883 	 0
1788203851914 	 33 	 200 	 2884 	 0
1788203852200 	 32 	 200 	 2885 	 0
1788203852268 	 39 	 200 	 2886 	 0
1788203852323 	 38 	 200 	 2887 	 0
1788203852398 	 17 	 200 	 2889 	 1
1788203852401 	 15 	 200 	 2889 	 0
1788203852483 	 14 	 200 	 2890 	 0
1788203852715 	 33 	 200 	 2891 	 0
1788203853025 	 32 	 200 	 2892 	 0
1788203853468 	 16 	 200 	 2893 	 0
1788203853698 	 36 	 200 	 2894 	 0
1788203854078 	 39 	 200 	 2895 	 0
1788203854420 	 29 	 200 	 2896 	 0
1788203854624 	 21 	 200 	 2897 	 0
1788203854757 	 27 	 200 	 2898 	 0
1788203854807 	 12 	 200 	 2899 	 0
1788203854949 	 14 	 200 	 2900 	 0
1788203855615 	 41 	 200 	 2901 	 0
1788203855675 	 15 	 200 	 2902 	 0
1788203855710 	 12 	 200 	 2903 	 0
1788203856121 	 34 	 200 	 2904 	 0
1788203856370 	 18 	 200 	 2906 	 1
1788203856380 	 14 	 200 	 2906 	 0
1788203856623 	 38 	 200 	 2909 	 2
1788203856630 	 32 	 200 	 2909 	 1
1788203856657 	 14 	 200 	 2909 	 0
1788203856766 	 18 	 200 	 2910 	 0
1788203857032 	 13 	 200 	 2911 	 0
1788203857091 	 21 	 200 	 2912 	 0
1788203857357 	 12 	 200 	 2913 	 0
1788203857444 	 26 	 200 	 2914 	 0
1788203857826 	 16 	 200 	 2915 	 0
1788203858428 	 26 	 200 	 2916 	 0
1788203858660 	 25 	 200 	 2917 	 0
1788203858760 	 21 	 200 	 2918 	 0
1788203858821 	 12 	 200 	 2919 	 0
1788203859245 	 15 	 200 	 2920 	 0
1788203859492 	 15 	 200 	 2921 	 0
1788203859696 	 15 	 200 	 2922 	 0
1788203860595 	 14 	 200 	 2923 	 0
1788203860684 	 35 	 200 	 2924 	 0
1788203861131 	 46 	 200 	 2925 	 0
1788203861683 	 22 	 200 	 2926 	 0
1788203861938 	 32 	 200 	 2927 	 0
1788203862031 	 39 	 200 	 2928 	 0
1788203862461 	 32 	 200 	 2929 	 0
1788203863150 	 34 	 200 	 2930 	 0
1788203863204 	 13 	 200 	 2931 	 0
1788203863320 	 20 	 200 	 2933 	 1
1788203863324 	 17 	 200 	 2933 	 0
1788203863350 	 13 	 200 	 2934 	 0
1788203863446 	 20 	 200 	 2935 	 0
1788203863581 	 14 	 200 	 2936 	 0
1788203863926 	 34 	 200 	 2938 	 1
1788203863951 	 14 	 200 	 2938 	 0
1788203864434 	 16 	 200 	 2940 	 1
1788203864445 	 17 	 200 	 2940 	 0
1788203865037 	 32 	 200 	 2941 	 0
1788203865074 	 34 	 200 	 2942 	 0
1788203865131 	 29 	 200 	 2943 	 0
1788203865260 	 26 	 200 	 2945 	 1
1788203865257 	 31 	 200 	 2945 	 0
1788203865777 	 20 	 200 	 2946 	 0
1788203866300 	 14 	 200 	 2949 	 2
1788203866306 	 14 	 200 	 2949 	 1
1788203866309 	 16 	 200 	 2949 	 0
1788203866412 	 38 	 200 	 2950 	 0
1788203866501 	 26 	 200 	 2951 	 0
1788203866669 	 25 	 200 	 2952 	 0
1788203867012 	 32 	 200 	 2953 	 0
1788203867149 	 15 	 200 	 2954 	 0
1788203867197 	 36 	 200 	 2955 	 0
1788203867360 	 27 	 200 	 2956 	 0
1788203867766 	 14 	 200 	 2957 	 0
1788203867878 	 13 	 200 	 2958 	 0
1788203867902 	 24 	 200 	 2959 	 0
1788203868006 	 37 	 200 	 2960 	 0
1788203868263 	 33 	 200 	 2961 	 0
1788203868845 	 15 	 200 	 2962 	 0
1788203868889 	 32 	 200 	 2963 	 0
1788203868961 	 12 	 200 	 2964 	 0
1788203869372 	 15 	 200 	 2965 	 0
1788203869405 	 12 	 200 	 2966 	 0
1788203869875 	 18 	 200 	 2967 	 0
1788203870176 	 17 	 200 	 2968 	 0
1788203870427 	 32 	 200 	 2970 	 1
1788203870436 	 30 	 200 	 2970 	 0
1788203870505 	 33 	 200 	 2971 	 0
1788203870707 	 34 	 200 	 2972 	 0
1788203870950 	 16 	 200 	 2973 	 0
1788203871195 	 13 	 200 	 2974 	 0
1788203871376 	 21 	 200 	 2975 	 0
1788203871474 	 15 	 200 	 2976 	 0
1788203871664 	 17 	 200 	 2977 	 0
1788203871892 	 34 	 200 	 2978 	 0
1788203871941 	 14 	 200 	 2979 	 0
1788203872268 	 21 	 200 	 2980 	 0
1788203872524 	 36 	 200 	 2981 	 0
1788203872684 	 16 	 200 	 2983 	 1
1788203872695 	 13 	 200 	 2983 	 0
1788203873122 	 36 	 200 	 2984 	 0
1788203873437 	 38 	 200 	 2985 	 0
1788203873533 	 18 	 200 	 2986 	 0
1788203873616 	 22 	 200 	 2987 	 0
1788203874316 	 22 	 200 	 2988 	 0
1788203874347 	 12 	 200 	 2989 	 0
1788203874821 	 14 	 200 	 2990 	 0
1788203875304 	 39 	 200 	 2991 	 0
1788203875364 	 34 	 200 	 2993 	 1
1788203875384 	 34 	 200 	 2993 	 0
1788203876250 	 13 	 200 	 2994 	 0
1788203876296 	 31 	 200 	 2995 	 0
1788203876557 	 28 	 200 	 2996 	 0
1788203876738 	 34 	 200 	 2997 	 0
1788203877117 	 38 	 200 	 2998 	 0
1788203877272 	 31 	 200 	 2999 	 0
1788203877468 	 18 	 200 	 3000 	 0