1788202061125 	 62 	 200 	 1 	 0
1788202061389 	 49 	 200 	 2 	 0
1788202061509 	 51 	 200 	 4 	 1
1788202061524 	 58 	 200 	 4 	 0
1788202061672 	 39 	 200 	 5 	 0
1788202061869 	 34 	 200 	 6 	 0
1788202062270 	 31 	 200 	 7 	 0
1788202062412 	 32 	 200 	 8 	 0
1788202062931 	 35 	 200 	 9 	 0
1788202062996 	 35 	 200 	 10 	 0
1788202063035 	 90 	 200 	 11 	 0
1788202063740 	 37 	 200 	 12 	 0
1788202063947 	 23 	 200 	 13 	 0
1788202063982 	 32 	 200 	 14 	 0
1788202064106 	 35 	 200 	 15 	 0
1788202064365 	 48 	 200 	 16 	 0
1788202064426 	 39 	 200 	 17 	 0
1788202064878 	 38 	 200 	 18 	 0
1788202065244 	 52 	 200 	 19 	 0
1788202065544 	 31 	 200 	 20 	 0
1788202065782 	 41 	 200 	 21 	 0
1788202066365 	 36 	 200 	 22 	 0
1788202066743 	 35 	 200 	 23 	 0
1788202067526 	 40 	 200 	 24 	 0
1788202067749 	 48 	 200 	 26 	 1
1788202067762 	 48 	 200 	 26 	 0
1788202067975 	 23 	 200 	 27 	 0
1788202068210 	 44 	 200 	 28 	 0
1788202068275 	 58 	 200 	 29 	 0
1788202068861 	 30 	 200 	 30 	 0
1788202069207 	 31 	 200 	 31 	 0
1788202069399 	 31 	 200 	 32 	 0
1788202069811 	 34 	 200 	 33 	 0
1788202069959 	 34 	 200 	 34 	 0
1788202070017 	 49 	 200 	 35 	 0
1788202070160 	 32 	 200 	 36 	 0
1788202070216 	 41 	 200 	 38 	 1
1788202070250 	 38 	 200 	 38 	 0
1788202070485 	 33 	 200 	 39 	 0
1788202070970 	 47 	 200 	 40 	 0
1788202071420 	 36 	 200 	 41 	 0
1788202071551 	 37 	 200 	 42 	 0
1788202071628 	 33 	 200 	 43 	 0
1788202071865 	 42 	 200 	 45 	 1
1788202071904 	 32 	 200 	 45 	 0
1788202072577 	 39 	 200 	 46 	 0
1788202072819 	 12 	 200 	 47 	 0
1788202072949 	 12 	 200 	 48 	 0
1788202073099 	 14 	 200 	 49 	 0
1788202073324 	 33 	 200 	 50 	 0
1788202073418 	 36 	 200 	 51 	 0
1788202073506 	 31 	 200 	 53 	 1
1788202073504 	 33 	 200 	 53 	 0
1788202073627 	 34 	 200 	 54 	 0
1788202074326 	 53 	 200 	 55 	 0
1788202074684 	 30 	 200 	 56 	 0
1788202074894 	 19 	 200 	 57 	 0
1788202074962 	 17 	 200 	 58 	 0
1788202075018 	 13 	 200 	 59 	 0
1788202075107 	 35 	 200 	 60 	 0
1788202075290 	 53 	 200 	 61 	 0
1788202075395 	 29 	 200 	 62 	 0
1788202075616 	 12 	 200 	 63 	 0
1788202075873 	 34 	 200 	 65 	 1
1788202075899 	 28 	 200 	 65 	 0
1788202075979 	 13 	 200 	 66 	 0
1788202076051 	 27 	 200 	 67 	 0
1788202076145 	 51 	 200 	 68 	 0
1788202076273 	 14 	 200 	 69 	 0
1788202076382 	 15 	 200 	 70 	 0
1788202076900 	 32 	 200 	 71 	 0
1788202077037 	 23 	 200 	 72 	 0
1788202077261 	 14 	 200 	 73 	 0
1788202077319 	 15 	 200 	 74 	 0
1788202077525 	 12 	 200 	 75 	 0
1788202077634 	 14 	 200 	 76 	 0
1788202077961 	 33 	 200 	 77 	 0
1788202078132 	 13 	 200 	 78 	 0
1788202078380 	 13 	 200 	 79 	 0
1788202078413 	 20 	 200 	 80 	 0
1788202078691 	 16 	 200 	 81 	 0
1788202078879 	 16 	 200 	 82 	 0
1788202078904 	 20 	 200 	 83 	 0
1788202078982 	 15 	 200 	 84 	 0
1788202079146 	 19 	 200 	 85 	 0
1788202079398 	 14 	 200 	 86 	 0
1788202079835 	 19 	 200 	 87 	 0
1788202080344 	 27 	 200 	 88 	 0
1788202080843 	 25 	 200 	 89 	 0
1788202081039 	 34 	 200 	 90 	 0
1788202081467 	 31 	 200 	 91 	 0
1788202081601 	 40 	 200 	 92 	 0
1788202081764 	 14 	 200 	 93 	 1
1788202081781 	 12 	 200 	 94 	 0
1788202082424 	 27 	 200 	 95 	 0
1788202082739 	 35 	 200 	 96 	 0
1788202082907 	 28 	 200 	 97 	 0
1788202083318 	 15 	 200 	 98 	 0
1788202083996 	 14 	 200 	 100 	 1
1788202084007 	 13 	 200 	 100 	 0
1788202084557 	 26 	 200 	 101 	 0
1788202084620 	 29 	 200 	 102 	 0
1788202084760 	 27 	 200 	 103 	 0
1788202085218 	 28 	 200 	 104 	 0
1788202085800 	 35 	 200 	 105 	 0
1788202085848 	 27 	 200 	 106 	 0
1788202086014 	 39 	 200 	 107 	 0
1788202086209 	 31 	 200 	 108 	 0
1788202086669 	 16 	 200 	 109 	 0
1788202087097 	 32 	 200 	 110 	 0
1788202087191 	 32 	 200 	 111 	 0
1788202087345 	 13 	 200 	 112 	 0
1788202087422 	 37 	 200 	 113 	 0
1788202087724 	 37 	 200 	 115 	 1
1788202087749 	 21 	 200 	 115 	 0
1788202087962 	 15 	 200 	 116 	 0
1788202088120 	 43 	 200 	 117 	 0
1788202088652 	 30 	 200 	 118 	 0
1788202088708 	 12 	 200 	 119 	 0
1788202089013 	 28 	 200 	 120 	 0
1788202089274 	 26 	 200 	 121 	 0
1788202089597 	 31 	 200 	 122 	 0
1788202089849 	 13 	 200 	 123 	 0
1788202090005 	 32 	 200 	 124 	 0
1788202090171 	 20 	 200 	 125 	 0
1788202090197 	 13 	 200 	 126 	 0
1788202090478 	 14 	 200 	 127 	 0
1788202090604 	 36 	 200 	 128 	 0
1788202090757 	 39 	 200 	 129 	 0
1788202090954 	 14 	 200 	 130 	 0
1788202090996 	 12 	 200 	 131 	 0
1788202091203 	 25 	 200 	 132 	 0
1788202091427 	 16 	 200 	 133 	 0
1788202091878 	 35 	 200 	 134 	 0
1788202091950 	 16 	 200 	 135 	 0
1788202091979 	 14 	 200 	 136 	 0
1788202092045 	 22 	 200 	 137 	 0
1788202092405 	 16 	 200 	 138 	 0
1788202092942 	 28 	 200 	 139 	 0
1788202093050 	 34 	 200 	 141 	 1
1788202093083 	 22 	 200 	 141 	 0
1788202093307 	 16 	 200 	 142 	 0
1788202093390 	 31 	 200 	 143 	 0
1788202093544 	 36 	 200 	 145 	 1
1788202093573 	 26 	 200 	 145 	 0
1788202094369 	 17 	 200 	 146 	 0
1788202094601 	 33 	 200 	 147 	 0
1788202094660 	 25 	 200 	 149 	 1
1788202094658 	 33 	 200 	 149 	 0
1788202094799 	 23 	 200 	 150 	 0
1788202095025 	 31 	 200 	 151 	 0
1788202095087 	 15 	 200 	 152 	 0
1788202095219 	 26 	 200 	 153 	 0
1788202095300 	 13 	 200 	 154 	 0
1788202095864 	 26 	 200 	 155 	 0
1788202095907 	 37 	 200 	 156 	 0
1788202096409 	 30 	 200 	 157 	 0
1788202096641 	 19 	 200 	 158 	 0
1788202097416 	 22 	 200 	 159 	 0
1788202097660 	 39 	 200 	 160 	 0
1788202097740 	 26 	 200 	 161 	 0
1788202097926 	 28 	 200 	 162 	 0
1788202098027 	 17 	 200 	 163 	 0
1788202098073 	 16 	 200 	 164 	 0
1788202098454 	 21 	 200 	 166 	 1
1788202098465 	 15 	 200 	 166 	 0
1788202099064 	 36 	 200 	 168 	 1
1788202099061 	 40 	 200 	 168 	 0
1788202099338 	 16 	 200 	 169 	 0
1788202099832 	 36 	 200 	 170 	 0
1788202099875 	 17 	 200 	 171 	 0
1788202100488 	 17 	 200 	 172 	 0
1788202100516 	 12 	 200 	 173 	 0
1788202100890 	 15 	 200 	 175 	 1
1788202100891 	 13 	 200 	 175 	 0
1788202101167 	 24 	 200 	 177 	 1
1788202101153 	 44 	 200 	 177 	 0
1788202101341 	 29 	 200 	 178 	 0
1788202101797 	 17 	 200 	 180 	 1
1788202101814 	 13 	 200 	 180 	 0
1788202102428 	 13 	 200 	 181 	 0
1788202102445 	 14 	 200 	 182 	 0
1788202102716 	 90 	 200 	 183 	 0
1788202102863 	 20 	 200 	 184 	 0
1788202102959 	 23 	 200 	 185 	 0
1788202103037 	 35 	 200 	 186 	 0
1788202103102 	 31 	 200 	 187 	 0
1788202103186 	 12 	 200 	 188 	 0
1788202103360 	 51 	 200 	 189 	 0
1788202103425 	 12 	 200 	 190 	 0
1788202103546 	 28 	 200 	 191 	 0
1788202104312 	 18 	 200 	 192 	 0
1788202104549 	 23 	 200 	 193 	 0
1788202104690 	 13 	 200 	 194 	 0
1788202104779 	 38 	 200 	 196 	 1
1788202104815 	 31 	 200 	 196 	 0
1788202104974 	 13 	 200 	 197 	 0
1788202105009 	 20 	 200 	 198 	 0
1788202105645 	 32 	 200 	 199 	 0
1788202105841 	 32 	 200 	 201 	 1
1788202105875 	 18 	 200 	 201 	 0
1788202106036 	 33 	 200 	 202 	 0
1788202106471 	 13 	 200 	 203 	 0
1788202106490 	 12 	 200 	 204 	 0
1788202106817 	 32 	 200 	 205 	 0
1788202107147 	 24 	 200 	 207 	 1
1788202107151 	 22 	 200 	 207 	 0
1788202107215 	 19 	 200 	 208 	 0
1788202107398 	 13 	 200 	 210 	 1
1788202107404 	 13 	 200 	 210 	 0
1788202107505 	 13 	 200 	 211 	 0
1788202107521 	 16 	 200 	 212 	 0
1788202107633 	 16 	 200 	 213 	 0
1788202107817 	 17 	 200 	 214 	 0
1788202107885 	 14 	 200 	 215 	 0
1788202108006 	 13 	 200 	 216 	 0
1788202108541 	 24 	 200 	 217 	 0
1788202108601 	 14 	 200 	 218 	 0
1788202108827 	 27 	 200 	 219 	 0
1788202109235 	 22 	 200 	 220 	 0
1788202109323 	 14 	 200 	 221 	 0
1788202110487 	 14 	 200 	 222 	 0
1788202110607 	 13 	 200 	 223 	 0
1788202110818 	 35 	 200 	 225 	 1
1788202110831 	 34 	 200 	 225 	 0
1788202111183 	 33 	 200 	 226 	 0
1788202111227 	 24 	 200 	 227 	 0
1788202111262 	 14 	 200 	 228 	 0
1788202111456 	 24 	 200 	 229 	 0
1788202111519 	 38 	 200 	 230 	 0
1788202111640 	 36 	 200 	 231 	 0
1788202111681 	 15 	 200 	 232 	 0
1788202111925 	 19 	 200 	 233 	 0
1788202112104 	 32 	 200 	 234 	 0
1788202112167 	 33 	 200 	 235 	 0
1788202112328 	 31 	 200 	 236 	 0
1788202112491 	 14 	 200 	 237 	 0
1788202112684 	 14 	 200 	 238 	 0
1788202112927 	 13 	 200 	 239 	 0
1788202113145 	 31 	 200 	 240 	 0
1788202113216 	 61 	 200 	 241 	 0
1788202113382 	 14 	 200 	 242 	 0
1788202113641 	 35 	 200 	 243 	 0
1788202113957 	 22 	 200 	 244 	 0
1788202114008 	 14 	 200 	 245 	 0
1788202114515 	 14 	 200 	 246 	 0
1788202114690 	 21 	 200 	 247 	 0
1788202114801 	 24 	 200 	 248 	 0
1788202115095 	 36 	 200 	 249 	 0
1788202115498 	 13 	 200 	 250 	 0
1788202115543 	 31 	 200 	 251 	 0
1788202115933 	 21 	 200 	 252 	 0
1788202116013 	 15 	 200 	 254 	 1
1788202116022 	 12 	 200 	 254 	 0
1788202116118 	 13 	 200 	 255 	 0
1788202116205 	 32 	 200 	 256 	 0
1788202116245 	 12 	 200 	 257 	 0
1788202116499 	 22 	 200 	 258 	 0
1788202116545 	 33 	 200 	 259 	 0
1788202116717 	 15 	 200 	 260 	 0
1788202118062 	 16 	 200 	 262 	 1
1788202117826 	 362 	 200 	 262 	 0
1788202118364 	 19 	 200 	 263 	 0
1788202118544 	 33 	 200 	 264 	 0
1788202118581 	 16 	 200 	 265 	 0
1788202118619 	 15 	 200 	 266 	 0
1788202118727 	 32 	 200 	 267 	 0
1788202118863 	 47 	 200 	 268 	 0
1788202118929 	 13 	 200 	 269 	 0
1788202119093 	 14 	 200 	 270 	 0
1788202119156 	 20 	 200 	 271 	 0
1788202119296 	 17 	 200 	 272 	 0
1788202119418 	 37 	 200 	 273 	 0
1788202119562 	 25 	 200 	 274 	 0
1788202119612 	 14 	 200 	 275 	 0
1788202119716 	 27 	 200 	 276 	 0
1788202119838 	 34 	 200 	 277 	 0
1788202120383 	 16 	 200 	 278 	 0
1788202120416 	 12 	 200 	 279 	 0
1788202120548 	 43 	 200 	 280 	 0
1788202120773 	 18 	 200 	 281 	 0
1788202121085 	 30 	 200 	 282 	 0
1788202121144 	 32 	 200 	 283 	 0
1788202121260 	 21 	 200 	 284 	 0
1788202121547 	 30 	 200 	 285 	 0
1788202121736 	 39 	 200 	 287 	 1
1788202121769 	 19 	 200 	 287 	 0
1788202121888 	 41 	 200 	 289 	 1
1788202121902 	 31 	 200 	 289 	 0
1788202121996 	 15 	 200 	 290 	 0
1788202122199 	 33 	 200 	 291 	 0
1788202122379 	 14 	 200 	 292 	 0
1788202122558 	 18 	 200 	 293 	 0
1788202122721 	 38 	 200 	 294 	 0
1788202122792 	 36 	 200 	 295 	 0
1788202123390 	 14 	 200 	 296 	 0
1788202123439 	 12 	 200 	 297 	 0
1788202123742 	 31 	 200 	 299 	 1
1788202123768 	 19 	 200 	 299 	 0
1788202123801 	 12 	 200 	 300 	 0
1788202124017 	 14 	 200 	 301 	 0
1788202125347 	 21 	 200 	 303 	 1
1788202125353 	 16 	 200 	 303 	 0
1788202125452 	 25 	 200 	 304 	 0
1788202125732 	 21 	 200 	 305 	 0
1788202125890 	 31 	 200 	 306 	 0
1788202125980 	 17 	 200 	 307 	 0
1788202126372 	 18 	 200 	 308 	 0
1788202126989 	 13 	 200 	 309 	 0
1788202127031 	 13 	 200 	 310 	 0
1788202127434 	 16 	 200 	 311 	 0
1788202127564 	 20 	 200 	 312 	 0
1788202127616 	 38 	 200 	 315 	 2
1788202127636 	 24 	 200 	 315 	 1
1788202127654 	 14 	 200 	 315 	 0
1788202127774 	 19 	 200 	 316 	 0
1788202127829 	 24 	 200 	 317 	 0
1788202128143 	 34 	 200 	 318 	 0
1788202128239 	 15 	 200 	 320 	 1
1788202128246 	 37 	 200 	 320 	 0
1788202128584 	 14 	 200 	 321 	 0
1788202128785 	 15 	 200 	 322 	 0
1788202128832 	 39 	 200 	 324 	 1
1788202128864 	 17 	 200 	 324 	 0
1788202129207 	 27 	 200 	 325 	 0
1788202129383 	 32 	 200 	 326 	 0
1788202129612 	 14 	 200 	 327 	 0
1788202129749 	 33 	 200 	 328 	 0
1788202130512 	 36 	 200 	 329 	 0
1788202130674 	 31 	 200 	 330 	 0
1788202130731 	 13 	 200 	 331 	 0
1788202131078 	 17 	 200 	 332 	 0
1788202131145 	 27 	 200 	 333 	 0
1788202131218 	 13 	 200 	 334 	 0
1788202131380 	 14 	 200 	 335 	 0
1788202131609 	 15 	 200 	 336 	 0
1788202131643 	 30 	 200 	 337 	 0
1788202131826 	 40 	 200 	 338 	 0
1788202132337 	 15 	 200 	 341 	 2
1788202132340 	 15 	 200 	 341 	 1
1788202132297 	 358 	 200 	 341 	 0
1788202132757 	 26 	 200 	 342 	 0
1788202133152 	 27 	 200 	 343 	 0
1788202133406 	 14 	 200 	 344 	 0
1788202133614 	 32 	 200 	 345 	 0
1788202133757 	 14 	 200 	 346 	 0
1788202134161 	 28 	 200 	 348 	 1
1788202134183 	 14 	 200 	 348 	 0
1788202134380 	 35 	 200 	 349 	 0
1788202134446 	 13 	 200 	 350 	 0
1788202134556 	 13 	 200 	 351 	 0
1788202135068 	 12 	 200 	 353 	 1
1788202135075 	 13 	 200 	 353 	 0
1788202135469 	 14 	 200 	 354 	 0
1788202135510 	 14 	 200 	 355 	 0
1788202135621 	 16 	 200 	 356 	 0
1788202135685 	 14 	 200 	 357 	 0
1788202135996 	 32 	 200 	 358 	 0
1788202136147 	 47 	 200 	 360 	 1
1788202136155 	 45 	 200 	 360 	 0
1788202136232 	 23 	 200 	 361 	 0
1788202136336 	 31 	 200 	 362 	 0
1788202136438 	 36 	 200 	 363 	 0
1788202136501 	 13 	 200 	 364 	 0
1788202136695 	 14 	 200 	 365 	 0
1788202136911 	 28 	 200 	 366 	 0
1788202137034 	 23 	 200 	 368 	 1
1788202137057 	 17 	 200 	 368 	 0
1788202137209 	 14 	 200 	 369 	 0
1788202137264 	 35 	 200 	 370 	 0
1788202138046 	 18 	 200 	 371 	 0
1788202138097 	 18 	 200 	 372 	 0
1788202138240 	 13 	 200 	 373 	 0
1788202138380 	 14 	 200 	 374 	 0
1788202138576 	 13 	 200 	 375 	 0
1788202138688 	 13 	 200 	 376 	 0
1788202138814 	 14 	 200 	 377 	 0
1788202138953 	 21 	 200 	 378 	 0
1788202138991 	 21 	 200 	 379 	 0
1788202139207 	 19 	 200 	 380 	 0
1788202139580 	 17 	 200 	 381 	 0
1788202139600 	 18 	 200 	 382 	 0
1788202140110 	 40 	 200 	 383 	 0
1788202140667 	 34 	 200 	 385 	 1
1788202140689 	 29 	 200 	 385 	 0
1788202140853 	 23 	 200 	 387 	 1
1788202140868 	 16 	 200 	 387 	 0
1788202140886 	 13 	 200 	 388 	 0
1788202141087 	 17 	 200 	 389 	 0
1788202141220 	 31 	 200 	 392 	 2
1788202141229 	 27 	 200 	 392 	 1
1788202141237 	 20 	 200 	 392 	 0
1788202141474 	 12 	 200 	 393 	 0
1788202141537 	 32 	 200 	 394 	 0
1788202142076 	 15 	 200 	 396 	 1
1788202142085 	 14 	 200 	 396 	 0
1788202142381 	 18 	 200 	 397 	 0
1788202142452 	 16 	 200 	 398 	 0
1788202142866 	 20 	 200 	 400 	 1
1788202142881 	 13 	 200 	 400 	 0
1788202143141 	 36 	 200 	 401 	 0
1788202143959 	 27 	 200 	 403 	 1
1788202143977 	 22 	 200 	 403 	 0
1788202144134 	 25 	 200 	 404 	 0
1788202144192 	 17 	 200 	 405 	 0
1788202144482 	 14 	 200 	 406 	 0
1788202144732 	 14 	 200 	 407 	 0
1788202144840 	 30 	 200 	 409 	 1
1788202144841 	 37 	 200 	 409 	 0
1788202145366 	 29 	 200 	 410 	 0
1788202145541 	 31 	 200 	 411 	 0
1788202145760 	 28 	 200 	 412 	 0
1788202145902 	 32 	 200 	 413 	 0
1788202145953 	 16 	 200 	 414 	 0
1788202146145 	 35 	 200 	 415 	 0
1788202146528 	 34 	 200 	 416 	 0
1788202146756 	 21 	 200 	 417 	 0
1788202146959 	 13 	 200 	 418 	 0
1788202147409 	 12 	 200 	 419 	 0
1788202147534 	 38 	 200 	 421 	 1
1788202147552 	 31 	 200 	 421 	 0
1788202147741 	 31 	 200 	 422 	 0
1788202147812 	 20 	 200 	 423 	 0
1788202148022 	 17 	 200 	 425 	 1
1788202148035 	 16 	 200 	 425 	 0
1788202148227 	 24 	 200 	 426 	 0
1788202148628 	 38 	 200 	 427 	 0
1788202148883 	 27 	 200 	 428 	 0
1788202149310 	 30 	 200 	 429 	 0
1788202149442 	 14 	 200 	 430 	 0
1788202149525 	 46 	 200 	 431 	 0
1788202149625 	 19 	 200 	 432 	 0
1788202150154 	 38 	 200 	 433 	 0
1788202150310 	 37 	 200 	 434 	 0
1788202150514 	 32 	 200 	 435 	 0
1788202150652 	 31 	 200 	 436 	 0
1788202150715 	 33 	 200 	 437 	 0
1788202150972 	 14 	 200 	 438 	 0
1788202151039 	 34 	 200 	 439 	 0
1788202151116 	 34 	 200 	 440 	 0
1788202151165 	 21 	 200 	 441 	 0
1788202151199 	 12 	 200 	 442 	 0
1788202151577 	 13 	 200 	 443 	 0
1788202151734 	 19 	 200 	 444 	 0
1788202151940 	 19 	 200 	 445 	 0
1788202152312 	 12 	 200 	 446 	 0
1788202152326 	 14 	 200 	 447 	 0
1788202152621 	 32 	 200 	 448 	 0
1788202152754 	 15 	 200 	 449 	 0
1788202152842 	 30 	 200 	 451 	 1
1788202152862 	 23 	 200 	 451 	 0
1788202152957 	 37 	 200 	 452 	 0
1788202153990 	 37 	 200 	 453 	 0
1788202154107 	 13 	 200 	 454 	 0
1788202154292 	 16 	 200 	 455 	 0
1788202154584 	 14 	 200 	 456 	 0
1788202154642 	 16 	 200 	 457 	 0
1788202154820 	 19 	 200 	 458 	 0
1788202155086 	 31 	 200 	 459 	 0
1788202155441 	 31 	 200 	 460 	 0
1788202155679 	 28 	 200 	 461 	 0
1788202155711 	 14 	 200 	 462 	 0
1788202155905 	 13 	 200 	 464 	 1
1788202155909 	 13 	 200 	 464 	 0
1788202156132 	 14 	 200 	 465 	 0
1788202156178 	 36 	 200 	 466 	 0
1788202156518 	 26 	 200 	 468 	 1
1788202156540 	 20 	 200 	 468 	 0
1788202156581 	 14 	 200 	 469 	 0
1788202156696 	 13 	 200 	 470 	 0
1788202156940 	 36 	 200 	 472 	 1
1788202156959 	 32 	 200 	 472 	 0
1788202157018 	 14 	 200 	 473 	 0
1788202157195 	 12 	 200 	 474 	 0
1788202157632 	 32 	 200 	 476 	 1
1788202157661 	 22 	 200 	 476 	 0
1788202158359 	 21 	 200 	 477 	 0
1788202158388 	 12 	 200 	 478 	 0
1788202159693 	 16 	 200 	 479 	 0
1788202159804 	 12 	 200 	 480 	 0
1788202159850 	 31 	 200 	 481 	 0
1788202159958 	 27 	 200 	 484 	 2
1788202159969 	 22 	 200 	 484 	 1
1788202159981 	 16 	 200 	 484 	 0
1788202160294 	 29 	 200 	 485 	 0
1788202160562 	 25 	 200 	 487 	 1
1788202160565 	 25 	 200 	 487 	 0
1788202161188 	 20 	 200 	 488 	 0
1788202161256 	 36 	 200 	 490 	 1
1788202161267 	 26 	 200 	 490 	 0
1788202161524 	 23 	 200 	 491 	 0
1788202161597 	 15 	 200 	 492 	 0
1788202161627 	 12 	 200 	 493 	 0
1788202161950 	 19 	 200 	 494 	 0
1788202162096 	 25 	 200 	 496 	 1
1788202162104 	 20 	 200 	 496 	 0
1788202162146 	 12 	 200 	 497 	 0
1788202162564 	 36 	 200 	 498 	 0
1788202162703 	 30 	 200 	 499 	 0
1788202162958 	 22 	 200 	 500 	 0
1788202163006 	 38 	 200 	 501 	 0
1788202164088 	 32 	 200 	 502 	 0
1788202164161 	 138 	 200 	 503 	 0
1788202164694 	 33 	 200 	 504 	 0
1788202165242 	 12 	 200 	 505 	 0
1788202165308 	 13 	 200 	 506 	 0
1788202165554 	 31 	 200 	 507 	 0
1788202165812 	 21 	 200 	 508 	 0
1788202165921 	 39 	 200 	 509 	 0
1788202166046 	 14 	 200 	 510 	 0
1788202166106 	 25 	 200 	 511 	 0
1788202166166 	 14 	 200 	 512 	 0
1788202166285 	 19 	 200 	 513 	 0
1788202166718 	 35 	 200 	 514 	 0
1788202167128 	 13 	 200 	 515 	 0
1788202167314 	 20 	 200 	 516 	 0
1788202167435 	 30 	 200 	 518 	 1
1788202167462 	 18 	 200 	 518 	 0
1788202167640 	 29 	 200 	 519 	 0
1788202167851 	 35 	 200 	 520 	 0
1788202167899 	 14 	 200 	 521 	 0
1788202167971 	 32 	 200 	 522 	 0
1788202168104 	 30 	 200 	 523 	 0
1788202168503 	 38 	 200 	 524 	 0
1788202168564 	 19 	 200 	 525 	 0
1788202168791 	 35 	 200 	 526 	 0
1788202169068 	 15 	 200 	 527 	 0
1788202170042 	 34 	 200 	 528 	 0
1788202170184 	 16 	 200 	 529 	 0
1788202170274 	 13 	 200 	 530 	 0
1788202170319 	 13 	 200 	 531 	 0
1788202170359 	 12 	 200 	 532 	 0
1788202170409 	 42 	 200 	 534 	 1
1788202170447 	 21 	 200 	 534 	 0
1788202170541 	 32 	 200 	 535 	 0
1788202171390 	 35 	 200 	 536 	 0
1788202171466 	 15 	 200 	 537 	 0
1788202171815 	 27 	 200 	 538 	 0
1788202172005 	 21 	 200 	 539 	 0
1788202172248 	 24 	 200 	 540 	 0
1788202172441 	 22 	 200 	 541 	 0
1788202172686 	 31 	 200 	 542 	 0
1788202172807 	 12 	 200 	 543 	 0
1788202172936 	 16 	 200 	 544 	 0
1788202173233 	 17 	 200 	 545 	 0
1788202173287 	 27 	 200 	 546 	 0
1788202173365 	 13 	 200 	 547 	 0
1788202173579 	 14 	 200 	 548 	 0
1788202173651 	 34 	 200 	 549 	 0
1788202173791 	 33 	 200 	 550 	 0
1788202173864 	 14 	 200 	 551 	 0
1788202173949 	 35 	 200 	 552 	 0
1788202174109 	 12 	 200 	 553 	 0
1788202174183 	 26 	 200 	 555 	 1
1788202174160 	 80 	 200 	 555 	 0
1788202174316 	 13 	 200 	 556 	 0
1788202174489 	 14 	 200 	 557 	 0
1788202174517 	 12 	 200 	 558 	 0
1788202174764 	 14 	 200 	 559 	 0
1788202174934 	 15 	 200 	 560 	 0
1788202175407 	 13 	 200 	 561 	 0
1788202175518 	 14 	 200 	 563 	 1
1788202175525 	 15 	 200 	 563 	 0
1788202176060 	 42 	 200 	 564 	 0
1788202176213 	 16 	 200 	 565 	 0
1788202176373 	 21 	 200 	 566 	 0
1788202176533 	 39 	 200 	 567 	 0
1788202176675 	 15 	 200 	 568 	 0
1788202177184 	 37 	 200 	 569 	 0
1788202177307 	 19 	 200 	 570 	 0
1788202177782 	 36 	 200 	 571 	 0
1788202178447 	 19 	 200 	 572 	 0
1788202178801 	 17 	 200 	 573 	 0
1788202178977 	 13 	 200 	 574 	 0
1788202179322 	 23 	 200 	 575 	 0
1788202179431 	 26 	 200 	 576 	 0
1788202180021 	 13 	 200 	 578 	 1
1788202180022 	 29 	 200 	 578 	 0
1788202180154 	 35 	 200 	 579 	 0
1788202180322 	 16 	 200 	 580 	 0
1788202180610 	 30 	 200 	 581 	 0
1788202180715 	 19 	 200 	 582 	 0
1788202180834 	 14 	 200 	 583 	 0
1788202181203 	 33 	 200 	 584 	 0
1788202181390 	 15 	 200 	 585 	 0
1788202181528 	 14 	 200 	 586 	 0
1788202181784 	 15 	 200 	 587 	 0
1788202181888 	 14 	 200 	 588 	 0
1788202182482 	 35 	 200 	 589 	 0
1788202182530 	 36 	 200 	 590 	 0
1788202182570 	 15 	 200 	 591 	 0
1788202182705 	 14 	 200 	 592 	 0
1788202183071 	 14 	 200 	 593 	 0
1788202183573 	 14 	 200 	 594 	 0
1788202183773 	 23 	 200 	 595 	 0
1788202183941 	 35 	 200 	 597 	 1
1788202183970 	 15 	 200 	 597 	 0
1788202184067 	 27 	 200 	 598 	 0
1788202184204 	 33 	 200 	 599 	 0
1788202184421 	 18 	 200 	 600 	 0
1788202184795 	 15 	 200 	 601 	 0
1788202184855 	 14 	 200 	 602 	 0
1788202184949 	 12 	 200 	 603 	 0
1788202185436 	 32 	 200 	 604 	 0
1788202185669 	 23 	 200 	 605 	 0
1788202185745 	 38 	 200 	 606 	 0
1788202186129 	 39 	 200 	 608 	 1
1788202186146 	 26 	 200 	 608 	 0
1788202186504 	 40 	 200 	 609 	 0
1788202186564 	 43 	 200 	 610 	 0
1788202186647 	 25 	 200 	 611 	 0
1788202186700 	 37 	 200 	 613 	 1
1788202186729 	 19 	 200 	 614 	 1
1788202186749 	 11 	 200 	 614 	 0
1788202186771 	 15 	 200 	 616 	 1
1788202186781 	 15 	 200 	 616 	 0
1788202187021 	 14 	 200 	 617 	 0
1788202187177 	 12 	 200 	 618 	 0
1788202187334 	 22 	 200 	 620 	 1
1788202187352 	 17 	 200 	 620 	 0
1788202187478 	 13 	 200 	 621 	 0
1788202187582 	 14 	 200 	 622 	 0
1788202187714 	 36 	 200 	 623 	 0
1788202187879 	 16 	 200 	 625 	 1
1788202187877 	 22 	 200 	 625 	 0
1788202188650 	 29 	 200 	 626 	 0
1788202188889 	 15 	 200 	 628 	 1
1788202188898 	 13 	 200 	 629 	 1
1788202188910 	 13 	 200 	 629 	 0
1788202188957 	 14 	 200 	 630 	 0
1788202189272 	 19 	 200 	 631 	 1
1788202189292 	 13 	 200 	 632 	 0
1788202189494 	 22 	 200 	 633 	 0
1788202189550 	 24 	 200 	 634 	 0
1788202189740 	 41 	 200 	 636 	 1
1788202189759 	 366 	 200 	 636 	 0
1788202190202 	 19 	 200 	 637 	 0
1788202190256 	 28 	 200 	 638 	 0
1788202191234 	 26 	 200 	 639 	 0
1788202191400 	 13 	 200 	 640 	 0
1788202191575 	 34 	 200 	 642 	 1
1788202191578 	 45 	 200 	 643 	 1
1788202191623 	 25 	 200 	 643 	 0
1788202191729 	 35 	 200 	 644 	 0
1788202191815 	 15 	 200 	 645 	 0
1788202192847 	 30 	 200 	 646 	 0
1788202192905 	 12 	 200 	 647 	 0
1788202193070 	 15 	 200 	 648 	 0
1788202193092 	 12 	 200 	 649 	 0
1788202193299 	 35 	 200 	 650 	 0
1788202193451 	 36 	 200 	 652 	 1
1788202193467 	 24 	 200 	 652 	 0
1788202193505 	 62 	 200 	 653 	 0
1788202193662 	 31 	 200 	 654 	 0
1788202193766 	 36 	 200 	 655 	 0
1788202193856 	 25 	 200 	 656 	 0
1788202193920 	 13 	 200 	 658 	 1
1788202193946 	 12 	 200 	 659 	 1
1788202193887 	 249 	 200 	 659 	 0
1788202194278 	 13 	 200 	 660 	 0
1788202194312 	 13 	 200 	 661 	 0
1788202194588 	 32 	 200 	 662 	 0
1788202194632 	 30 	 200 	 663 	 0
1788202194899 	 21 	 200 	 664 	 0
1788202195006 	 14 	 200 	 665 	 0
1788202195530 	 16 	 200 	 666 	 0
1788202195817 	 37 	 200 	 667 	 0
1788202195860 	 31 	 200 	 668 	 0
1788202196195 	 15 	 200 	 669 	 0
1788202196429 	 39 	 200 	 670 	 0
1788202196570 	 31 	 200 	 671 	 0
1788202196688 	 15 	 200 	 674 	 2
1788202196685 	 23 	 200 	 674 	 1
1788202196694 	 17 	 200 	 674 	 0
1788202196949 	 27 	 200 	 675 	 0
1788202197074 	 14 	 200 	 677 	 1
1788202197086 	 12 	 200 	 677 	 0
1788202197157 	 39 	 200 	 678 	 0
1788202197346 	 155 	 200 	 680 	 1
1788202197466 	 37 	 200 	 680 	 0
1788202198252 	 14 	 200 	 681 	 0
1788202198563 	 35 	 200 	 682 	 0
1788202198845 	 15 	 200 	 683 	 0
1788202199104 	 14 	 200 	 684 	 0
1788202199156 	 13 	 200 	 685 	 0
1788202199297 	 16 	 200 	 686 	 0
1788202199669 	 16 	 200 	 687 	 0
1788202199693 	 12 	 200 	 688 	 0
1788202199863 	 18 	 200 	 689 	 0
1788202200210 	 13 	 200 	 690 	 0
1788202200515 	 17 	 200 	 691 	 0
1788202200581 	 12 	 200 	 692 	 0
1788202201228 	 13 	 200 	 693 	 0
1788202201586 	 15 	 200 	 694 	 0
1788202201949 	 20 	 200 	 695 	 0
1788202202123 	 15 	 200 	 696 	 0
1788202202189 	 19 	 200 	 697 	 0
1788202202631 	 32 	 200 	 698 	 0
1788202202908 	 31 	 200 	 699 	 0
1788202203028 	 32 	 200 	 700 	 0
1788202203604 	 23 	 200 	 701 	 0
1788202203784 	 22 	 200 	 702 	 0
1788202203843 	 36 	 200 	 703 	 0
1788202204072 	 12 	 200 	 704 	 0
1788202204519 	 31 	 200 	 705 	 0
1788202204970 	 13 	 200 	 706 	 0
1788202205049 	 25 	 200 	 707 	 0
1788202205236 	 14 	 200 	 708 	 0
1788202205476 	 12 	 200 	 709 	 0
1788202205606 	 14 	 200 	 710 	 0
1788202205864 	 17 	 200 	 711 	 0
1788202206028 	 31 	 200 	 712 	 0
1788202206235 	 13 	 200 	 713 	 0
1788202206311 	 45 	 200 	 714 	 0
1788202206561 	 14 	 200 	 715 	 0
1788202206642 	 16 	 200 	 717 	 1
1788202206644 	 15 	 200 	 717 	 0
1788202207433 	 13 	 200 	 718 	 0
1788202207836 	 14 	 200 	 720 	 1
1788202207841 	 13 	 200 	 720 	 0
1788202208071 	 14 	 200 	 721 	 0
1788202208887 	 14 	 200 	 722 	 0
1788202209127 	 13 	 200 	 723 	 0
1788202209506 	 18 	 200 	 724 	 0
1788202209537 	 13 	 200 	 725 	 0
1788202209665 	 24 	 200 	 727 	 1
1788202209735 	 15 	 200 	 729 	 2
1788202209717 	 82 	 200 	 730 	 2
1788202209799 	 55 	 200 	 730 	 1
1788202209878 	 19 	 200 	 732 	 2
1788202209930 	 13 	 200 	 733 	 2
1788202209865 	 90 	 200 	 733 	 1
1788202209682 	 362 	 200 	 733 	 0
1788202210247 	 15 	 200 	 734 	 0
1788202210332 	 30 	 200 	 735 	 0
1788202210417 	 13 	 200 	 736 	 0
1788202210459 	 14 	 200 	 737 	 0
1788202210841 	 18 	 200 	 738 	 0
1788202210992 	 14 	 200 	 739 	 0
1788202211259 	 20 	 200 	 740 	 0
1788202211346 	 15 	 200 	 741 	 0
1788202211615 	 33 	 200 	 743 	 1
1788202211637 	 33 	 200 	 743 	 0
1788202211745 	 17 	 200 	 744 	 0
1788202211928 	 16 	 200 	 745 	 0
1788202211996 	 36 	 200 	 748 	 2
1788202211998 	 34 	 200 	 748 	 1
1788202212019 	 18 	 200 	 748 	 0
1788202212092 	 14 	 200 	 749 	 0
1788202213685 	 13 	 200 	 750 	 0
1788202213748 	 12 	 200 	 751 	 0
1788202213902 	 37 	 200 	 752 	 0
1788202214388 	 16 	 200 	 753 	 0
1788202214624 	 16 	 200 	 755 	 1
1788202214622 	 18 	 200 	 755 	 0
1788202214715 	 13 	 200 	 756 	 0
1788202214766 	 36 	 200 	 757 	 0
1788202214971 	 17 	 200 	 759 	 1
1788202214980 	 20 	 200 	 759 	 0
1788202215540 	 17 	 200 	 760 	 0
1788202215677 	 17 	 200 	 761 	 0
1788202215842 	 32 	 200 	 762 	 0
1788202215892 	 37 	 200 	 763 	 0
1788202216036 	 39 	 200 	 764 	 0
1788202216117 	 35 	 200 	 765 	 0
1788202216503 	 15 	 200 	 766 	 0
1788202216672 	 15 	 200 	 767 	 0
1788202216758 	 23 	 200 	 768 	 0
1788202216883 	 15 	 200 	 769 	 0
1788202217181 	 15 	 200 	 770 	 0
1788202217225 	 15 	 200 	 771 	 0
1788202217248 	 21 	 200 	 772 	 0
1788202217273 	 17 	 200 	 773 	 0
1788202217608 	 14 	 200 	 774 	 0
1788202217625 	 12 	 200 	 775 	 0
1788202217806 	 41 	 200 	 776 	 0
1788202218283 	 30 	 200 	 777 	 0
1788202218674 	 36 	 200 	 778 	 0
1788202218715 	 12 	 200 	 779 	 0
1788202218971 	 31 	 200 	 780 	 0
1788202219857 	 40 	 200 	 781 	 0
1788202219981 	 13 	 200 	 782 	 0
1788202220084 	 16 	 200 	 783 	 0
1788202220602 	 15 	 200 	 784 	 0
1788202220750 	 24 	 200 	 786 	 1
1788202220769 	 13 	 200 	 786 	 0
1788202220786 	 14 	 200 	 787 	 0
1788202221074 	 37 	 200 	 788 	 0
1788202222199 	 18 	 200 	 789 	 0
1788202222267 	 40 	 200 	 791 	 1
1788202222283 	 32 	 200 	 791 	 0
1788202222734 	 31 	 200 	 792 	 0
1788202222867 	 15 	 200 	 793 	 0
1788202223002 	 13 	 200 	 794 	 0
1788202223184 	 15 	 200 	 795 	 0
1788202223248 	 20 	 200 	 796 	 0
1788202223595 	 14 	 200 	 797 	 0
1788202223673 	 18 	 200 	 798 	 0
1788202223927 	 36 	 200 	 799 	 0
1788202224342 	 29 	 200 	 801 	 1
1788202224366 	 16 	 200 	 801 	 0
1788202224446 	 31 	 200 	 802 	 0
1788202224641 	 31 	 200 	 803 	 0
1788202224790 	 30 	 200 	 804 	 0
1788202224831 	 39 	 200 	 805 	 0
1788202225339 	 39 	 200 	 806 	 0
1788202225554 	 14 	 200 	 807 	 0
1788202225583 	 13 	 200 	 808 	 0
1788202225632 	 32 	 200 	 809 	 0
1788202226185 	 18 	 200 	 810 	 0
1788202226542 	 39 	 200 	 811 	 0
1788202226831 	 24 	 200 	 812 	 0
1788202226873 	 12 	 200 	 813 	 0
1788202226904 	 14 	 200 	 814 	 0
1788202227002 	 28 	 200 	 817 	 2
1788202226996 	 35 	 200 	 817 	 1
1788202226994 	 41 	 200 	 817 	 0
1788202227154 	 33 	 200 	 818 	 0
1788202227310 	 19 	 200 	 819 	 0
1788202227915 	 16 	 200 	 820 	 0
1788202228089 	 13 	 200 	 822 	 1
1788202228094 	 16 	 200 	 822 	 0
1788202228175 	 19 	 200 	 824 	 1
1788202228190 	 15 	 200 	 824 	 0
1788202228431 	 55 	 200 	 825 	 0
1788202228549 	 27 	 200 	 826 	 0
1788202228703 	 15 	 200 	 828 	 1
1788202228703 	 16 	 200 	 828 	 0
1788202228879 	 34 	 200 	 830 	 1
1788202228896 	 27 	 200 	 830 	 0
1788202228973 	 13 	 200 	 831 	 0
1788202229377 	 24 	 200 	 832 	 0
1788202229473 	 14 	 200 	 833 	 0
1788202229836 	 16 	 200 	 834 	 0
1788202229975 	 32 	 200 	 835 	 0
1788202230031 	 33 	 200 	 836 	 0
1788202230309 	 14 	 200 	 837 	 0
1788202230401 	 31 	 200 	 838 	 0
1788202230495 	 17 	 200 	 839 	 0
1788202230853 	 23 	 200 	 840 	 1
1788202230878 	 14 	 200 	 841 	 0
1788202230903 	 21 	 200 	 842 	 0
1788202231306 	 18 	 200 	 844 	 1
1788202231311 	 197 	 200 	 844 	 0
1788202231543 	 12 	 200 	 845 	 0
1788202231563 	 23 	 200 	 846 	 0
1788202231653 	 32 	 200 	 847 	 0
1788202231881 	 20 	 200 	 848 	 0
1788202231909 	 13 	 200 	 849 	 0
1788202232469 	 18 	 200 	 850 	 0
1788202232491 	 13 	 200 	 851 	 0
1788202232643 	 37 	 200 	 853 	 1
1788202232646 	 40 	 200 	 853 	 0
1788202232796 	 14 	 200 	 854 	 0
1788202232935 	 35 	 200 	 856 	 1
1788202232939 	 35 	 200 	 856 	 0
1788202233020 	 42 	 200 	 857 	 0
1788202233266 	 14 	 200 	 858 	 0
1788202233306 	 12 	 200 	 859 	 0
1788202233708 	 32 	 200 	 860 	 0
1788202234021 	 34 	 200 	 861 	 0
1788202234076 	 13 	 200 	 862 	 0
1788202234243 	 14 	 200 	 863 	 0
1788202234910 	 31 	 200 	 864 	 0
1788202235480 	 19 	 200 	 865 	 0
1788202235516 	 13 	 200 	 866 	 0
1788202235651 	 34 	 200 	 867 	 0
1788202235956 	 27 	 200 	 868 	 0
1788202236034 	 33 	 200 	 870 	 1
1788202236062 	 21 	 200 	 870 	 0
1788202236202 	 15 	 200 	 871 	 0
1788202236483 	 25 	 200 	 872 	 0
1788202237324 	 14 	 200 	 873 	 0
1788202237449 	 20 	 200 	 875 	 1
1788202237468 	 15 	 200 	 875 	 0
1788202237527 	 14 	 200 	 876 	 0
1788202238040 	 32 	 200 	 877 	 0
1788202238360 	 26 	 200 	 878 	 0
1788202238762 	 20 	 200 	 880 	 1
1788202238761 	 22 	 200 	 880 	 0
1788202238818 	 27 	 200 	 881 	 0
1788202238946 	 30 	 200 	 882 	 0
1788202239060 	 19 	 200 	 883 	 0
1788202239155 	 28 	 200 	 885 	 1
1788202239175 	 15 	 200 	 885 	 0
1788202239474 	 19 	 200 	 886 	 0
1788202239532 	 39 	 200 	 887 	 0
1788202239892 	 31 	 200 	 888 	 0
1788202240006 	 14 	 200 	 889 	 0
1788202240149 	 32 	 200 	 890 	 0
1788202240678 	 13 	 200 	 891 	 0
1788202240950 	 17 	 200 	 892 	 0
1788202241058 	 23 	 200 	 893 	 0
1788202242352 	 22 	 200 	 894 	 0
1788202242819 	 22 	 200 	 895 	 0
1788202243318 	 20 	 200 	 896 	 0
1788202243431 	 28 	 200 	 897 	 0
1788202243541 	 37 	 200 	 898 	 0
1788202243794 	 44 	 200 	 899 	 0
1788202244167 	 20 	 200 	 900 	 0
1788202244265 	 14 	 200 	 902 	 1
1788202244223 	 127 	 200 	 902 	 0
1788202244586 	 16 	 200 	 904 	 1
1788202244600 	 14 	 200 	 904 	 0
1788202245071 	 14 	 200 	 905 	 0
1788202245185 	 14 	 200 	 906 	 0
1788202245247 	 12 	 200 	 907 	 0
1788202246181 	 38 	 200 	 908 	 0
1788202246474 	 32 	 200 	 909 	 0
1788202246951 	 12 	 200 	 910 	 0
1788202247082 	 14 	 200 	 911 	 0
1788202247321 	 13 	 200 	 912 	 0
1788202247462 	 16 	 200 	 913 	 0
1788202247577 	 15 	 200 	 914 	 0
1788202247714 	 13 	 200 	 915 	 0
1788202247763 	 13 	 200 	 916 	 0
1788202248211 	 28 	 200 	 917 	 0
1788202248398 	 17 	 200 	 918 	 0
1788202248437 	 15 	 200 	 919 	 0
1788202248916 	 13 	 200 	 920 	 0
1788202249047 	 34 	 200 	 921 	 0
1788202249249 	 13 	 200 	 922 	 0
1788202249342 	 14 	 200 	 923 	 0
1788202249607 	 15 	 200 	 924 	 0
1788202249777 	 34 	 200 	 925 	 0
1788202249833 	 31 	 200 	 927 	 1
1788202249845 	 29 	 200 	 927 	 0
1788202250176 	 13 	 200 	 928 	 0
1788202250235 	 12 	 200 	 929 	 0
1788202250667 	 21 	 200 	 932 	 2
1788202250648 	 42 	 200 	 932 	 1
1788202250665 	 27 	 200 	 932 	 0
1788202250754 	 36 	 200 	 933 	 0
1788202250899 	 12 	 200 	 934 	 0
1788202251158 	 33 	 200 	 935 	 0
1788202251547 	 28 	 200 	 936 	 0
1788202252135 	 15 	 200 	 937 	 0
1788202252220 	 27 	 200 	 938 	 0
1788202252568 	 16 	 200 	 939 	 0
1788202252685 	 14 	 200 	 940 	 0
1788202252712 	 13 	 200 	 941 	 0
1788202252791 	 18 	 200 	 942 	 0
1788202252842 	 18 	 200 	 943 	 0
1788202252921 	 33 	 200 	 944 	 0
1788202252988 	 17 	 200 	 946 	 1
1788202253005 	 15 	 200 	 946 	 0
1788202253103 	 39 	 200 	 947 	 0
1788202253840 	 32 	 200 	 948 	 0
1788202254129 	 35 	 200 	 949 	 0
1788202254328 	 14 	 200 	 950 	 0
1788202254369 	 36 	 200 	 951 	 0
1788202254435 	 18 	 200 	 952 	 0
1788202254662 	 31 	 200 	 953 	 0
1788202254933 	 34 	 200 	 954 	 0
1788202255059 	 29 	 200 	 955 	 0
1788202255477 	 16 	 200 	 956 	 0
1788202255626 	 31 	 200 	 957 	 0
1788202255894 	 17 	 200 	 958 	 0
1788202256270 	 27 	 200 	 959 	 0
1788202256888 	 16 	 200 	 960 	 0
1788202257001 	 17 	 200 	 961 	 0
1788202257066 	 28 	 200 	 962 	 0
1788202257332 	 32 	 200 	 963 	 0
1788202257643 	 38 	 200 	 964 	 0
1788202257690 	 16 	 200 	 965 	 0
1788202257726 	 34 	 200 	 966 	 0
1788202258150 	 23 	 200 	 967 	 0
1788202258200 	 13 	 200 	 968 	 0
1788202258439 	 23 	 200 	 970 	 1
1788202258456 	 16 	 200 	 970 	 0
1788202258532 	 12 	 200 	 971 	 0
1788202258618 	 35 	 200 	 972 	 0
1788202258726 	 19 	 200 	 973 	 0
1788202259057 	 33 	 200 	 974 	 0
1788202259345 	 17 	 200 	 975 	 0
1788202259556 	 31 	 200 	 977 	 1
1788202259575 	 22 	 200 	 977 	 0
1788202259747 	 29 	 200 	 979 	 1
1788202259774 	 13 	 200 	 979 	 0
1788202259889 	 24 	 200 	 980 	 0
1788202260068 	 35 	 200 	 981 	 0
1788202260414 	 13 	 200 	 982 	 0
1788202261417 	 14 	 200 	 983 	 0
1788202261621 	 41 	 200 	 984 	 0
1788202261799 	 36 	 200 	 985 	 0
1788202261853 	 18 	 200 	 986 	 0
1788202262254 	 33 	 200 	 988 	 1
1788202262267 	 22 	 200 	 988 	 0
1788202262360 	 15 	 200 	 989 	 0
1788202262633 	 38 	 200 	 991 	 1
1788202262654 	 25 	 200 	 991 	 0
1788202262951 	 31 	 200 	 992 	 0
1788202263073 	 30 	 200 	 994 	 1
1788202263068 	 38 	 200 	 994 	 0
1788202263171 	 40 	 200 	 995 	 0
1788202263524 	 16 	 200 	 996 	 0
1788202264059 	 21 	 200 	 997 	 0
1788202264632 	 30 	 200 	 998 	 0
1788202264671 	 15 	 200 	 999 	 0
1788202264842 	 29 	 200 	 1000 	 0
1788202264919 	 14 	 200 	 1001 	 0
1788202265574 	 13 	 200 	 1002 	 0
1788202265658 	 43 	 200 	 1003 	 0
1788202265946 	 23 	 200 	 1004 	 0
1788202266049 	 35 	 200 	 1005 	 0
1788202266467 	 16 	 200 	 1006 	 0
1788202267207 	 39 	 200 	 1008 	 1
1788202267241 	 23 	 200 	 1008 	 0
1788202267377 	 20 	 200 	 1009 	 0
1788202267660 	 43 	 200 	 1011 	 1
1788202267683 	 23 	 200 	 1011 	 0
1788202267742 	 14 	 200 	 1012 	 0
1788202267918 	 13 	 200 	 1013 	 0
1788202267951 	 13 	 200 	 1014 	 0
1788202268126 	 15 	 200 	 1015 	 0
1788202268171 	 27 	 200 	 1016 	 0
1788202268663 	 19 	 200 	 1017 	 0
1788202268697 	 12 	 200 	 1018 	 0
1788202268896 	 31 	 200 	 1019 	 0
1788202269108 	 18 	 200 	 1020 	 0
1788202269474 	 13 	 200 	 1022 	 1
1788202269486 	 12 	 200 	 1022 	 0
1788202269905 	 45 	 200 	 1023 	 0
1788202270054 	 33 	 200 	 1024 	 0
1788202270439 	 13 	 200 	 1025 	 0
1788202271139 	 37 	 200 	 1028 	 2
1788202271175 	 18 	 200 	 1028 	 1
1788202271173 	 23 	 200 	 1028 	 0
1788202271345 	 13 	 200 	 1029 	 0
1788202271399 	 35 	 200 	 1030 	 0
1788202271442 	 13 	 200 	 1031 	 0
1788202271594 	 38 	 200 	 1032 	 0
1788202272447 	 12 	 200 	 1033 	 0
1788202272536 	 31 	 200 	 1034 	 0
1788202272765 	 16 	 200 	 1035 	 0
1788202273428 	 29 	 200 	 1036 	 0
1788202273685 	 14 	 200 	 1037 	 0
1788202273731 	 25 	 200 	 1038 	 0
1788202273936 	 14 	 200 	 1039 	 0
1788202273974 	 16 	 200 	 1040 	 0
1788202274355 	 20 	 200 	 1041 	 0
1788202274416 	 42 	 200 	 1042 	 0
1788202274576 	 15 	 200 	 1043 	 0
1788202274721 	 32 	 200 	 1044 	 0
1788202275306 	 13 	 200 	 1045 	 0
1788202275789 	 12 	 200 	 1046 	 0
1788202275939 	 32 	 200 	 1047 	 0
1788202276154 	 39 	 200 	 1048 	 0
1788202276418 	 32 	 200 	 1049 	 0
1788202276831 	 21 	 200 	 1050 	 0
1788202277024 	 27 	 200 	 1052 	 1
1788202277040 	 24 	 200 	 1052 	 0
1788202277377 	 30 	 200 	 1054 	 1
1788202277382 	 25 	 200 	 1054 	 0
1788202277452 	 23 	 200 	 1055 	 0
1788202277654 	 27 	 200 	 1056 	 0
1788202278160 	 27 	 200 	 1057 	 0
1788202278236 	 25 	 200 	 1058 	 0
1788202278339 	 20 	 200 	 1059 	 0
1788202278541 	 13 	 200 	 1060 	 0
1788202279117 	 36 	 200 	 1062 	 1
1788202279148 	 21 	 200 	 1062 	 0
1788202279215 	 38 	 200 	 1063 	 0
1788202279715 	 15 	 200 	 1064 	 0
1788202279812 	 31 	 200 	 1065 	 0
1788202280313 	 14 	 200 	 1066 	 0
1788202280339 	 12 	 200 	 1067 	 0
1788202280391 	 20 	 200 	 1068 	 0
1788202280676 	 14 	 200 	 1069 	 0
1788202280884 	 22 	 200 	 1070 	 0
1788202281176 	 14 	 200 	 1071 	 0
1788202281227 	 14 	 200 	 1072 	 0
1788202281332 	 24 	 200 	 1073 	 0
1788202281545 	 36 	 200 	 1074 	 0
1788202281589 	 13 	 200 	 1075 	 0
1788202281717 	 22 	 200 	 1076 	 0
1788202282711 	 17 	 200 	 1077 	 0
1788202282734 	 20 	 200 	 1078 	 0
1788202282905 	 13 	 200 	 1079 	 0
1788202282940 	 29 	 200 	 1080 	 0
1788202283344 	 25 	 200 	 1081 	 0
1788202283412 	 14 	 200 	 1082 	 0
1788202283428 	 13 	 200 	 1083 	 0
1788202283779 	 13 	 200 	 1084 	 0
1788202283835 	 22 	 200 	 1085 	 0
1788202283970 	 21 	 200 	 1086 	 0
1788202284398 	 15 	 200 	 1087 	 0
1788202285372 	 37 	 200 	 1088 	 0
1788202285504 	 31 	 200 	 1089 	 0
1788202285585 	 12 	 200 	 1090 	 0
1788202286008 	 13 	 200 	 1091 	 0
1788202286215 	 15 	 200 	 1092 	 0
1788202286316 	 47 	 200 	 1093 	 0
1788202286716 	 31 	 200 	 1094 	 0
1788202286945 	 29 	 200 	 1095 	 0
1788202287014 	 13 	 200 	 1096 	 0
1788202287032 	 22 	 200 	 1097 	 0
1788202287105 	 33 	 200 	 1098 	 0
1788202287474 	 15 	 200 	 1099 	 0
1788202287521 	 14 	 200 	 1100 	 0
1788202287682 	 30 	 200 	 1101 	 0
1788202287924 	 21 	 200 	 1102 	 0
1788202288020 	 41 	 200 	 1103 	 0
1788202288071 	 13 	 200 	 1104 	 0
1788202288351 	 20 	 200 	 1105 	 0
1788202288748 	 26 	 200 	 1106 	 0
1788202288921 	 13 	 200 	 1107 	 0
1788202289068 	 15 	 200 	 1108 	 0
1788202289247 	 12 	 200 	 1109 	 0
1788202289283 	 14 	 200 	 1111 	 1
1788202289292 	 19 	 200 	 1111 	 0
1788202289470 	 16 	 200 	 1112 	 0
1788202289532 	 16 	 200 	 1113 	 0
1788202289601 	 28 	 200 	 1114 	 0
1788202289637 	 13 	 200 	 1115 	 0
1788202290181 	 14 	 200 	 1117 	 1
1788202290195 	 16 	 200 	 1117 	 0
1788202290362 	 20 	 200 	 1118 	 0
1788202290641 	 31 	 200 	 1119 	 0
1788202290684 	 12 	 200 	 1120 	 0
1788202290802 	 13 	 200 	 1121 	 0
1788202291281 	 13 	 200 	 1122 	 0
1788202291414 	 24 	 200 	 1123 	 0
1788202291719 	 28 	 200 	 1124 	 0
1788202291794 	 40 	 200 	 1125 	 0
1788202292067 	 34 	 200 	 1126 	 0
1788202292234 	 17 	 200 	 1127 	 0
1788202292308 	 12 	 200 	 1128 	 0
1788202292557 	 20 	 200 	 1129 	 0
1788202292668 	 27 	 200 	 1130 	 0
1788202292706 	 13 	 200 	 1131 	 0
1788202292860 	 27 	 200 	 1132 	 0
1788202293152 	 39 	 200 	 1133 	 0
1788202293467 	 13 	 200 	 1134 	 0
1788202293815 	 13 	 200 	 1135 	 0
1788202294160 	 31 	 200 	 1136 	 0
1788202294213 	 34 	 200 	 1137 	 0
1788202294346 	 19 	 200 	 1138 	 0
1788202294548 	 16 	 200 	 1139 	 0
1788202294666 	 28 	 200 	 1140 	 0
1788202294840 	 33 	 200 	 1142 	 1
1788202294845 	 30 	 200 	 1142 	 0
1788202294885 	 12 	 200 	 1143 	 0
1788202294965 	 27 	 200 	 1144 	 0
1788202295904 	 37 	 200 	 1145 	 0
1788202296230 	 23 	 200 	 1147 	 1
1788202296239 	 16 	 200 	 1147 	 0
1788202296307 	 15 	 200 	 1148 	 0
1788202296607 	 31 	 200 	 1149 	 0
1788202296791 	 89 	 200 	 1150 	 0
1788202296897 	 12 	 200 	 1151 	 0
1788202296934 	 17 	 200 	 1153 	 1
1788202296946 	 16 	 200 	 1153 	 0
1788202297022 	 38 	 200 	 1154 	 0
1788202297155 	 37 	 200 	 1155 	 0
1788202297410 	 13 	 200 	 1156 	 0
1788202298258 	 12 	 200 	 1157 	 0
1788202299042 	 30 	 200 	 1158 	 0
1788202299240 	 19 	 200 	 1159 	 0
1788202299280 	 14 	 200 	 1160 	 0
1788202299486 	 13 	 200 	 1161 	 0
1788202299846 	 32 	 200 	 1162 	 0
1788202300268 	 21 	 200 	 1163 	 0
1788202300643 	 32 	 200 	 1164 	 0
1788202300917 	 12 	 200 	 1165 	 0
1788202301053 	 38 	 200 	 1167 	 1
1788202301082 	 20 	 200 	 1167 	 0
1788202301166 	 27 	 200 	 1168 	 0
1788202301254 	 31 	 200 	 1169 	 0
1788202301356 	 14 	 200 	 1170 	 0
1788202301974 	 18 	 200 	 1171 	 0
1788202303459 	 29 	 200 	 1172 	 0
1788202303613 	 32 	 200 	 1173 	 0
1788202303823 	 14 	 200 	 1174 	 0
1788202304016 	 33 	 200 	 1175 	 0
1788202304177 	 29 	 200 	 1177 	 1
1788202304191 	 19 	 200 	 1177 	 0
1788202304294 	 13 	 200 	 1178 	 0
1788202304577 	 29 	 200 	 1179 	 0
1788202305061 	 28 	 200 	 1180 	 0
1788202305112 	 15 	 200 	 1181 	 0
1788202305897 	 13 	 200 	 1182 	 0
1788202306898 	 34 	 200 	 1183 	 0
1788202307204 	 18 	 200 	 1184 	 0
1788202307499 	 38 	 200 	 1185 	 0
1788202307573 	 12 	 200 	 1186 	 0
1788202307605 	 11 	 200 	 1187 	 0
1788202307822 	 13 	 200 	 1188 	 0
1788202308054 	 29 	 200 	 1189 	 0
1788202308311 	 25 	 200 	 1190 	 0
1788202308632 	 21 	 200 	 1192 	 1
1788202308653 	 12 	 200 	 1192 	 0
1788202309209 	 20 	 200 	 1193 	 0
1788202309244 	 17 	 200 	 1194 	 0
1788202309693 	 23 	 200 	 1195 	 0
1788202309738 	 26 	 200 	 1196 	 0
1788202309874 	 15 	 200 	 1197 	 0
1788202310201 	 26 	 200 	 1198 	 0
1788202310384 	 36 	 200 	 1200 	 1
1788202310386 	 39 	 200 	 1200 	 0
1788202310453 	 21 	 200 	 1201 	 0
1788202310512 	 15 	 200 	 1202 	 0
1788202310666 	 25 	 200 	 1203 	 0
1788202310768 	 37 	 200 	 1204 	 0
1788202310865 	 29 	 200 	 1205 	 0
1788202311250 	 13 	 200 	 1206 	 0
1788202311580 	 16 	 200 	 1208 	 1
1788202311582 	 17 	 200 	 1208 	 0
1788202311681 	 35 	 200 	 1209 	 0
1788202311944 	 14 	 200 	 1210 	 0
1788202312110 	 38 	 200 	 1212 	 1
1788202312146 	 26 	 200 	 1212 	 0
1788202312579 	 40 	 200 	 1214 	 1
1788202312597 	 23 	 200 	 1214 	 0
1788202312844 	 37 	 200 	 1215 	 0
1788202312946 	 34 	 200 	 1216 	 0
1788202313354 	 29 	 200 	 1218 	 1
1788202313375 	 21 	 200 	 1218 	 0
1788202313861 	 18 	 200 	 1219 	 0
1788202313978 	 21 	 200 	 1221 	 1
1788202313997 	 13 	 200 	 1221 	 0
1788202314092 	 32 	 200 	 1224 	 2
1788202314099 	 31 	 200 	 1224 	 1
1788202314111 	 24 	 200 	 1224 	 0
1788202314545 	 38 	 200 	 1225 	 0
1788202314604 	 12 	 200 	 1226 	 0
1788202315123 	 41 	 200 	 1227 	 0
1788202315232 	 19 	 200 	 1228 	 0
1788202315317 	 14 	 200 	 1229 	 0
1788202315362 	 13 	 200 	 1230 	 0
1788202316595 	 47 	 200 	 1232 	 1
1788202316642 	 18 	 200 	 1232 	 0
1788202316738 	 38 	 200 	 1233 	 0
1788202316915 	 15 	 200 	 1234 	 0
1788202317039 	 31 	 200 	 1235 	 0
1788202317081 	 29 	 200 	 1236 	 0
1788202317527 	 39 	 200 	 1237 	 0
1788202317618 	 39 	 200 	 1239 	 1
1788202317657 	 16 	 200 	 1239 	 0
1788202318014 	 31 	 200 	 1240 	 0
1788202318740 	 30 	 200 	 1241 	 0
1788202319303 	 39 	 200 	 1242 	 0
1788202319490 	 43 	 200 	 1243 	 0
1788202319770 	 20 	 200 	 1244 	 0
1788202319931 	 19 	 200 	 1245 	 0
1788202320114 	 31 	 200 	 1246 	 0
1788202320275 	 40 	 200 	 1247 	 0
1788202320398 	 32 	 200 	 1248 	 0
1788202320593 	 13 	 200 	 1249 	 0
1788202320668 	 33 	 200 	 1250 	 0
1788202321483 	 39 	 200 	 1251 	 0
1788202321808 	 14 	 200 	 1253 	 1
1788202321822 	 12 	 200 	 1253 	 0
1788202321886 	 13 	 200 	 1254 	 0
1788202322221 	 25 	 200 	 1255 	 0
1788202322422 	 12 	 200 	 1256 	 0
1788202322625 	 194 	 200 	 1257 	 0
1788202322823 	 11 	 200 	 1258 	 0
1788202322887 	 32 	 200 	 1259 	 0
1788202322934 	 36 	 200 	 1260 	 0
1788202323003 	 13 	 200 	 1262 	 1
1788202323014 	 13 	 200 	 1262 	 0
1788202323487 	 35 	 200 	 1265 	 2
1788202323499 	 22 	 200 	 1265 	 1
1788202323492 	 29 	 200 	 1265 	 0
1788202323597 	 27 	 200 	 1266 	 0
1788202324178 	 13 	 200 	 1267 	 0
1788202324481 	 40 	 200 	 1268 	 0
1788202324976 	 17 	 200 	 1269 	 0
1788202325288 	 14 	 200 	 1270 	 0
1788202325323 	 13 	 200 	 1271 	 0
1788202325355 	 14 	 200 	 1272 	 0
1788202326338 	 25 	 200 	 1273 	 0
1788202326494 	 13 	 200 	 1274 	 0
1788202326543 	 15 	 200 	 1275 	 0
1788202326976 	 15 	 200 	 1276 	 0
1788202327486 	 33 	 200 	 1278 	 1
1788202327499 	 38 	 200 	 1278 	 0
1788202327915 	 26 	 200 	 1279 	 0
1788202327956 	 13 	 200 	 1280 	 0
1788202327980 	 14 	 200 	 1281 	 0
1788202328107 	 32 	 200 	 1283 	 1
1788202328126 	 31 	 200 	 1283 	 0
1788202328393 	 32 	 200 	 1284 	 0
1788202328582 	 16 	 200 	 1285 	 0
1788202329524 	 15 	 200 	 1286 	 0
1788202329542 	 13 	 200 	 1287 	 0
1788202329633 	 26 	 200 	 1288 	 0
1788202329884 	 13 	 200 	 1289 	 0
1788202329987 	 37 	 200 	 1290 	 0
1788202330067 	 30 	 200 	 1291 	 0
1788202330635 	 31 	 200 	 1292 	 0
1788202330802 	 39 	 200 	 1294 	 1
1788202330805 	 40 	 200 	 1294 	 0
1788202331103 	 15 	 200 	 1295 	 0
1788202331465 	 13 	 200 	 1296 	 0
1788202331495 	 14 	 200 	 1297 	 0
1788202331637 	 33 	 200 	 1298 	 0
1788202331742 	 28 	 200 	 1299 	 0
1788202332251 	 14 	 200 	 1300 	 0
1788202332280 	 23 	 200 	 1301 	 0
1788202332433 	 38 	 200 	 1302 	 0
1788202332782 	 31 	 200 	 1303 	 0
1788202332827 	 14 	 200 	 1304 	 0
1788202333028 	 15 	 200 	 1305 	 0
1788202333121 	 23 	 200 	 1306 	 0
1788202333283 	 14 	 200 	 1307 	 0
1788202333309 	 13 	 200 	 1308 	 0
1788202333395 	 33 	 200 	 1309 	 0
1788202333485 	 14 	 200 	 1310 	 0
1788202333696 	 33 	 200 	 1311 	 0
1788202333868 	 14 	 200 	 1312 	 0
1788202333907 	 15 	 200 	 1313 	 0
1788202334283 	 30 	 200 	 1314 	 0
1788202334319 	 24 	 200 	 1315 	 0
1788202334355 	 19 	 200 	 1316 	 0
1788202334764 	 39 	 200 	 1317 	 0
1788202334918 	 35 	 200 	 1318 	 0
1788202334977 	 16 	 200 	 1319 	 0
1788202335060 	 15 	 200 	 1320 	 0
1788202335334 	 39 	 200 	 1321 	 0
1788202335819 	 22 	 200 	 1322 	 0
1788202336084 	 58 	 200 	 1323 	 0
1788202336255 	 15 	 200 	 1324 	 0
1788202336676 	 19 	 200 	 1325 	 0
1788202336733 	 34 	 200 	 1326 	 0
1788202337484 	 13 	 200 	 1327 	 0
1788202337696 	 42 	 200 	 1329 	 1
1788202337731 	 18 	 200 	 1329 	 0
1788202337891 	 35 	 200 	 1330 	 0
1788202337966 	 21 	 200 	 1331 	 0
1788202338088 	 24 	 200 	 1332 	 0
1788202338280 	 32 	 200 	 1333 	 0
1788202338384 	 18 	 200 	 1334 	 0
1788202338493 	 16 	 200 	 1335 	 0
1788202338522 	 14 	 200 	 1336 	 0
1788202338572 	 13 	 200 	 1337 	 0
1788202339354 	 14 	 200 	 1338 	 0
1788202339448 	 27 	 200 	 1339 	 0
1788202339839 	 22 	 200 	 1340 	 0
1788202340061 	 25 	 200 	 1341 	 0
1788202340196 	 32 	 200 	 1342 	 0
1788202340426 	 34 	 200 	 1343 	 0
1788202340771 	 33 	 200 	 1345 	 1
1788202340789 	 20 	 200 	 1345 	 0
1788202341037 	 43 	 200 	 1346 	 0
1788202341098 	 13 	 200 	 1347 	 0
1788202341284 	 35 	 200 	 1350 	 2
1788202341298 	 28 	 200 	 1350 	 1
1788202341311 	 23 	 200 	 1350 	 0
1788202341418 	 33 	 200 	 1351 	 0
1788202341628 	 32 	 200 	 1353 	 1
1788202341644 	 32 	 200 	 1354 	 1
1788202341664 	 15 	 200 	 1354 	 0
1788202341711 	 31 	 200 	 1355 	 0
1788202341767 	 13 	 200 	 1356 	 0
1788202342150 	 34 	 200 	 1357 	 0
1788202342506 	 30 	 200 	 1358 	 0
1788202342615 	 37 	 200 	 1359 	 0
1788202342691 	 31 	 200 	 1360 	 0
1788202342827 	 31 	 200 	 1361 	 0
1788202342957 	 24 	 200 	 1362 	 0
1788202343168 	 30 	 200 	 1364 	 1
1788202343170 	 30 	 200 	 1364 	 0
1788202343285 	 36 	 200 	 1365 	 0
1788202343393 	 14 	 200 	 1366 	 0
1788202343421 	 12 	 200 	 1367 	 0
1788202343844 	 33 	 200 	 1368 	 0
1788202343919 	 15 	 200 	 1369 	 0
1788202344373 	 16 	 200 	 1370 	 0
1788202344850 	 20 	 200 	 1371 	 0
1788202344917 	 17 	 200 	 1372 	 0
1788202344984 	 14 	 200 	 1373 	 0
1788202345061 	 31 	 200 	 1374 	 0
1788202345280 	 13 	 200 	 1375 	 0
1788202345539 	 39 	 200 	 1376 	 0
1788202345645 	 14 	 200 	 1377 	 0
1788202346148 	 31 	 200 	 1378 	 0
1788202346297 	 13 	 200 	 1379 	 0
1788202346525 	 33 	 200 	 1380 	 0
1788202346722 	 19 	 200 	 1382 	 1
1788202346740 	 28 	 200 	 1382 	 0
1788202346886 	 13 	 200 	 1383 	 0
1788202347619 	 13 	 200 	 1384 	 0
1788202347866 	 37 	 200 	 1387 	 2
1788202347864 	 41 	 200 	 1387 	 1
1788202347883 	 29 	 200 	 1387 	 0
1788202348015 	 18 	 200 	 1388 	 0
1788202348037 	 19 	 200 	 1389 	 0
1788202348153 	 22 	 200 	 1390 	 0
1788202348808 	 36 	 200 	 1391 	 0
1788202349250 	 16 	 200 	 1392 	 0
1788202349415 	 33 	 200 	 1393 	 0
1788202349698 	 25 	 200 	 1394 	 0
1788202349778 	 16 	 200 	 1396 	 1
1788202349782 	 14 	 200 	 1396 	 0
1788202350242 	 13 	 200 	 1397 	 0
1788202350428 	 15 	 200 	 1398 	 0
1788202350475 	 17 	 200 	 1399 	 0
1788202350995 	 30 	 200 	 1400 	 0
1788202351035 	 34 	 200 	 1401 	 0
1788202351235 	 14 	 200 	 1402 	 0
1788202351352 	 23 	 200 	 1403 	 0
1788202351523 	 39 	 200 	 1404 	 0
1788202351639 	 35 	 200 	 1405 	 0
1788202352418 	 33 	 200 	 1406 	 0
1788202352616 	 33 	 200 	 1407 	 0
1788202353353 	 31 	 200 	 1408 	 0
1788202353893 	 14 	 200 	 1409 	 0
1788202354142 	 35 	 200 	 1411 	 1
1788202354151 	 29 	 200 	 1411 	 0
1788202354414 	 13 	 200 	 1412 	 0
1788202354472 	 27 	 200 	 1413 	 0
1788202355172 	 26 	 200 	 1414 	 0
1788202355306 	 37 	 200 	 1415 	 0
1788202355404 	 38 	 200 	 1416 	 0
1788202355445 	 18 	 200 	 1417 	 0
1788202355922 	 33 	 200 	 1419 	 1
1788202355941 	 30 	 200 	 1419 	 0
1788202356289 	 19 	 200 	 1420 	 0
1788202356661 	 18 	 200 	 1421 	 0
1788202356777 	 18 	 200 	 1422 	 0
1788202356817 	 14 	 200 	 1424 	 1
1788202356831 	 20 	 200 	 1424 	 0
1788202356855 	 13 	 200 	 1425 	 0
1788202356872 	 13 	 200 	 1426 	 0
1788202356889 	 11 	 200 	 1427 	 0
1788202356937 	 23 	 200 	 1428 	 0
1788202357176 	 17 	 200 	 1429 	 0
1788202357539 	 30 	 200 	 1430 	 0
1788202358066 	 14 	 200 	 1431 	 0
1788202358265 	 37 	 200 	 1432 	 0
1788202358310 	 25 	 200 	 1433 	 0
1788202358447 	 21 	 200 	 1434 	 0
1788202358568 	 22 	 200 	 1435 	 0
1788202359151 	 41 	 200 	 1437 	 1
1788202359157 	 40 	 200 	 1437 	 0
1788202359403 	 15 	 200 	 1438 	 0
1788202359663 	 24 	 200 	 1439 	 0
1788202359852 	 18 	 200 	 1442 	 2
1788202359861 	 46 	 200 	 1442 	 1
1788202359727 	 272 	 200 	 1442 	 0
1788202360165 	 23 	 200 	 1443 	 0
1788202360392 	 16 	 200 	 1444 	 0
1788202360483 	 37 	 200 	 1445 	 0
1788202360843 	 18 	 200 	 1446 	 0
1788202360867 	 12 	 200 	 1447 	 0
1788202360991 	 15 	 200 	 1448 	 0
1788202361314 	 24 	 200 	 1449 	 0
1788202361505 	 31 	 200 	 1450 	 0
1788202361779 	 14 	 200 	 1451 	 0
1788202362671 	 34 	 200 	 1452 	 0
1788202362842 	 28 	 200 	 1453 	 0
1788202363037 	 36 	 200 	 1454 	 0
1788202363077 	 16 	 200 	 1455 	 0
1788202363281 	 37 	 200 	 1456 	 0
1788202363717 	 33 	 200 	 1457 	 0
1788202363767 	 13 	 200 	 1458 	 0
1788202363810 	 38 	 200 	 1460 	 1
1788202363846 	 23 	 200 	 1460 	 0
1788202364268 	 33 	 200 	 1461 	 0
1788202364367 	 19 	 200 	 1462 	 0
1788202364409 	 13 	 200 	 1463 	 0
1788202364982 	 34 	 200 	 1464 	 0
1788202365532 	 13 	 200 	 1465 	 0
1788202365714 	 35 	 200 	 1467 	 1
1788202365747 	 32 	 200 	 1467 	 0
1788202365894 	 14 	 200 	 1468 	 0
1788202366177 	 16 	 200 	 1469 	 0
1788202366200 	 17 	 200 	 1470 	 0
1788202366276 	 31 	 200 	 1471 	 0
1788202366314 	 13 	 200 	 1472 	 0
1788202366407 	 14 	 200 	 1473 	 0
1788202366693 	 13 	 200 	 1474 	 0
1788202367056 	 36 	 200 	 1475 	 0
1788202367903 	 17 	 200 	 1476 	 0
1788202367977 	 40 	 200 	 1477 	 0
1788202368164 	 19 	 200 	 1478 	 0
1788202368329 	 14 	 200 	 1479 	 0
1788202368440 	 23 	 200 	 1480 	 0
1788202368992 	 46 	 200 	 1481 	 0
1788202369485 	 19 	 200 	 1482 	 0
1788202370279 	 35 	 200 	 1483 	 0
1788202370452 	 32 	 200 	 1484 	 0
1788202370603 	 36 	 200 	 1486 	 1
1788202370619 	 26 	 200 	 1486 	 0
1788202370863 	 27 	 200 	 1487 	 0
1788202370898 	 12 	 200 	 1488 	 0
1788202371318 	 21 	 200 	 1489 	 0
1788202371776 	 15 	 200 	 1490 	 0
1788202372074 	 36 	 200 	 1491 	 0
1788202372388 	 28 	 200 	 1492 	 0
1788202372501 	 14 	 200 	 1493 	 0
1788202373166 	 34 	 200 	 1494 	 0
1788202373230 	 14 	 200 	 1495 	 0
1788202373567 	 35 	 200 	 1496 	 0
1788202373765 	 14 	 200 	 1497 	 0
1788202373906 	 31 	 200 	 1498 	 0
1788202373992 	 14 	 200 	 1499 	 0
1788202374379 	 14 	 200 	 1500 	 0
1788202374921 	 25 	 200 	 1501 	 0
1788202374989 	 13 	 200 	 1502 	 0
1788202375045 	 17 	 200 	 1503 	 0
1788202375251 	 13 	 200 	 1504 	 0
1788202375412 	 25 	 200 	 1505 	 0
1788202375981 	 12 	 200 	 1506 	 0
1788202376148 	 32 	 200 	 1508 	 1
1788202376154 	 33 	 200 	 1508 	 0
1788202376671 	 33 	 200 	 1509 	 0
1788202376735 	 35 	 200 	 1510 	 0
1788202376991 	 18 	 200 	 1511 	 0
1788202377142 	 37 	 200 	 1512 	 0
1788202377217 	 13 	 200 	 1514 	 1
1788202377221 	 14 	 200 	 1514 	 0
1788202377317 	 18 	 200 	 1515 	 0
1788202377370 	 15 	 200 	 1516 	 0
1788202377790 	 13 	 200 	 1517 	 0
1788202377822 	 14 	 200 	 1518 	 0
1788202377952 	 29 	 200 	 1519 	 0
1788202378191 	 13 	 200 	 1520 	 0
1788202378691 	 19 	 200 	 1521 	 0
1788202378803 	 40 	 200 	 1522 	 0
1788202378885 	 18 	 200 	 1523 	 0
1788202379004 	 37 	 200 	 1524 	 0
1788202379133 	 17 	 200 	 1525 	 0
1788202379309 	 32 	 200 	 1526 	 0
1788202379466 	 30 	 200 	 1527 	 0
1788202379891 	 14 	 200 	 1528 	 0
1788202379979 	 26 	 200 	 1529 	 0
1788202380023 	 30 	 200 	 1530 	 0
1788202380217 	 32 	 200 	 1531 	 0
1788202380361 	 15 	 200 	 1532 	 0
1788202380441 	 33 	 200 	 1533 	 0
1788202380516 	 19 	 200 	 1534 	 0
1788202380804 	 16 	 200 	 1536 	 1
1788202380802 	 19 	 200 	 1536 	 0
1788202381027 	 39 	 200 	 1537 	 0
1788202381296 	 43 	 200 	 1538 	 0
1788202381720 	 43 	 200 	 1540 	 1
1788202381752 	 15 	 200 	 1540 	 0
1788202382097 	 32 	 200 	 1541 	 0
1788202382280 	 39 	 200 	 1542 	 0
1788202382348 	 25 	 200 	 1543 	 0
1788202382419 	 22 	 200 	 1544 	 0
1788202382473 	 22 	 200 	 1545 	 0
1788202382653 	 40 	 200 	 1546 	 0
1788202382777 	 20 	 200 	 1548 	 1
1788202382779 	 19 	 200 	 1548 	 0
1788202382865 	 29 	 200 	 1549 	 0
1788202383862 	 36 	 200 	 1550 	 0
1788202383953 	 23 	 200 	 1551 	 0
1788202384161 	 35 	 200 	 1552 	 0
1788202384208 	 13 	 200 	 1553 	 0
1788202384423 	 41 	 200 	 1554 	 0
1788202384651 	 14 	 200 	 1555 	 0
1788202384821 	 22 	 200 	 1557 	 1
1788202384830 	 17 	 200 	 1557 	 0
1788202384995 	 14 	 200 	 1558 	 0
1788202385112 	 37 	 200 	 1559 	 0
1788202385179 	 13 	 200 	 1560 	 0
1788202385350 	 30 	 200 	 1561 	 0
1788202385409 	 28 	 200 	 1562 	 0
1788202385877 	 15 	 200 	 1563 	 0
1788202385996 	 30 	 200 	 1564 	 0
1788202386441 	 32 	 200 	 1565 	 0
1788202387071 	 43 	 200 	 1567 	 1
1788202387113 	 15 	 200 	 1567 	 0
1788202387648 	 35 	 200 	 1568 	 0
1788202387851 	 34 	 200 	 1569 	 0
1788202387897 	 11 	 200 	 1570 	 0
1788202388037 	 41 	 200 	 1571 	 0
1788202388661 	 26 	 200 	 1572 	 0
1788202388699 	 15 	 200 	 1573 	 0
1788202389082 	 34 	 200 	 1576 	 2
1788202389084 	 39 	 200 	 1576 	 1
1788202389109 	 18 	 200 	 1576 	 0
1788202389469 	 27 	 200 	 1578 	 1
1788202389479 	 18 	 200 	 1578 	 0
1788202389576 	 18 	 200 	 1579 	 0
1788202389725 	 31 	 200 	 1580 	 0
1788202389796 	 14 	 200 	 1582 	 1
1788202389797 	 14 	 200 	 1582 	 0
1788202390235 	 14 	 200 	 1583 	 0
1788202390268 	 14 	 200 	 1584 	 0
1788202390807 	 16 	 200 	 1585 	 0
1788202390986 	 13 	 200 	 1586 	 0
1788202391226 	 23 	 200 	 1587 	 0
1788202391882 	 14 	 200 	 1588 	 0
1788202392642 	 28 	 200 	 1589 	 0
1788202392702 	 13 	 200 	 1590 	 0
1788202392891 	 17 	 200 	 1591 	 0
1788202392965 	 21 	 200 	 1592 	 0
1788202393121 	 16 	 200 	 1593 	 0
1788202393427 	 37 	 200 	 1594 	 0
1788202393840 	 39 	 200 	 1596 	 1
1788202393850 	 31 	 200 	 1596 	 0
1788202394248 	 12 	 200 	 1597 	 0
1788202394628 	 40 	 200 	 1598 	 0
1788202395003 	 23 	 200 	 1599 	 0
1788202395081 	 36 	 200 	 1602 	 2
1788202395088 	 29 	 200 	 1602 	 1
1788202395096 	 23 	 200 	 1602 	 0
1788202395127 	 18 	 200 	 1603 	 0
1788202395317 	 13 	 200 	 1604 	 0
1788202395552 	 35 	 200 	 1606 	 1
1788202395566 	 29 	 200 	 1606 	 0
1788202395631 	 36 	 200 	 1607 	 0
1788202395738 	 23 	 200 	 1608 	 0
1788202395855 	 36 	 200 	 1609 	 0
1788202395961 	 22 	 200 	 1610 	 0
1788202396059 	 16 	 200 	 1611 	 0
1788202396134 	 22 	 200 	 1612 	 0
1788202396612 	 34 	 200 	 1613 	 0
1788202396707 	 13 	 200 	 1614 	 0
1788202397334 	 16 	 200 	 1616 	 1
1788202397531 	 13 	 200 	 1618 	 2
1788202397531 	 19 	 200 	 1618 	 1
1788202397307 	 358 	 200 	 1618 	 0
1788202397936 	 32 	 200 	 1619 	 0
1788202398546 	 14 	 200 	 1620 	 0
1788202398778 	 21 	 200 	 1621 	 0
1788202399025 	 34 	 200 	 1623 	 1
1788202399036 	 33 	 200 	 1623 	 0
1788202399130 	 14 	 200 	 1624 	 0
1788202399248 	 12 	 200 	 1625 	 0
1788202399336 	 23 	 200 	 1626 	 0
1788202399806 	 33 	 200 	 1627 	 0
1788202399868 	 31 	 200 	 1628 	 0
1788202399973 	 19 	 200 	 1629 	 0
1788202399993 	 17 	 200 	 1630 	 0
1788202400098 	 29 	 200 	 1631 	 0
1788202400298 	 18 	 200 	 1632 	 0
1788202400512 	 36 	 200 	 1633 	 0
1788202400598 	 24 	 200 	 1635 	 1
1788202400604 	 21 	 200 	 1635 	 0
1788202400875 	 34 	 200 	 1636 	 0
1788202401015 	 34 	 200 	 1637 	 0
1788202401384 	 36 	 200 	 1639 	 1
1788202401387 	 36 	 200 	 1639 	 0
1788202401460 	 24 	 200 	 1640 	 0
1788202401517 	 33 	 200 	 1641 	 0
1788202402367 	 21 	 200 	 1642 	 0
1788202402458 	 14 	 200 	 1643 	 0
1788202402560 	 35 	 200 	 1644 	 0
1788202402905 	 34 	 200 	 1645 	 0
1788202402964 	 15 	 200 	 1646 	 0
1788202403122 	 40 	 200 	 1647 	 0
1788202403170 	 17 	 200 	 1648 	 0
1788202403258 	 25 	 200 	 1649 	 0
1788202403343 	 13 	 200 	 1650 	 0
1788202403522 	 32 	 200 	 1651 	 0
1788202403564 	 22 	 200 	 1652 	 0
1788202403618 	 16 	 200 	 1653 	 0
1788202403635 	 14 	 200 	 1654 	 0
1788202403961 	 28 	 200 	 1656 	 1
1788202403985 	 14 	 200 	 1656 	 0
1788202404095 	 34 	 200 	 1657 	 0
1788202404378 	 32 	 200 	 1658 	 0
1788202404434 	 14 	 200 	 1659 	 0
1788202404740 	 36 	 200 	 1660 	 0
1788202404833 	 364 	 200 	 1661 	 0
1788202405336 	 14 	 200 	 1662 	 0
1788202405353 	 15 	 200 	 1663 	 0
1788202405489 	 19 	 200 	 1664 	 0
1788202405799 	 46 	 200 	 1665 	 0
1788202405886 	 35 	 200 	 1666 	 0
1788202407100 	 30 	 200 	 1669 	 2
1788202407089 	 41 	 200 	 1669 	 1
1788202407107 	 26 	 200 	 1669 	 0
1788202407447 	 13 	 200 	 1670 	 0
1788202407481 	 14 	 200 	 1671 	 0
1788202407670 	 29 	 200 	 1672 	 0
1788202407879 	 13 	 200 	 1673 	 0
1788202407940 	 12 	 200 	 1674 	 0
1788202407992 	 39 	 200 	 1675 	 0
1788202408088 	 15 	 200 	 1676 	 0
1788202408191 	 42 	 200 	 1677 	 0
1788202408313 	 14 	 200 	 1678 	 0
1788202408332 	 14 	 200 	 1679 	 0
1788202408350 	 13 	 200 	 1680 	 0
1788202408405 	 14 	 200 	 1681 	 0
1788202408455 	 25 	 200 	 1682 	 0
1788202408657 	 28 	 200 	 1684 	 1
1788202408678 	 18 	 200 	 1684 	 0
1788202408700 	 14 	 200 	 1685 	 0
1788202408815 	 42 	 200 	 1686 	 0
1788202408918 	 16 	 200 	 1687 	 0
1788202408972 	 31 	 200 	 1688 	 0
1788202409211 	 14 	 200 	 1689 	 0
1788202409414 	 31 	 200 	 1690 	 0
1788202409490 	 33 	 200 	 1691 	 0
1788202409851 	 15 	 200 	 1692 	 0
1788202410104 	 34 	 200 	 1693 	 0
1788202410306 	 28 	 200 	 1694 	 0
1788202410355 	 15 	 200 	 1695 	 0
1788202410522 	 17 	 200 	 1696 	 0
1788202410671 	 30 	 200 	 1697 	 0
1788202410792 	 36 	 200 	 1698 	 0
1788202411012 	 31 	 200 	 1699 	 0
1788202411137 	 34 	 200 	 1701 	 1
1788202411160 	 25 	 200 	 1701 	 0
1788202411370 	 26 	 200 	 1703 	 1
1788202411396 	 20 	 200 	 1703 	 0
1788202411460 	 28 	 200 	 1704 	 0
1788202411998 	 23 	 200 	 1706 	 1
1788202412110 	 32 	 200 	 1707 	 1
1788202412148 	 12 	 200 	 1708 	 1
1788202411841 	 389 	 200 	 1708 	 0
1788202412634 	 13 	 200 	 1709 	 0
1788202412767 	 24 	 200 	 1711 	 1
1788202412775 	 22 	 200 	 1711 	 0
1788202412961 	 24 	 200 	 1712 	 0
1788202413197 	 47 	 200 	 1713 	 0
1788202413379 	 15 	 200 	 1714 	 1
1788202413395 	 12 	 200 	 1715 	 0
1788202413948 	 21 	 200 	 1717 	 1
1788202413956 	 15 	 200 	 1717 	 0
1788202414393 	 32 	 200 	 1718 	 0
1788202414541 	 15 	 200 	 1719 	 0
1788202414657 	 13 	 200 	 1720 	 0
1788202414941 	 21 	 200 	 1721 	 0
1788202415022 	 14 	 200 	 1722 	 0
1788202415300 	 28 	 200 	 1723 	 0
1788202415516 	 21 	 200 	 1724 	 0
1788202415641 	 24 	 200 	 1725 	 0
1788202415781 	 16 	 200 	 1726 	 0
1788202415820 	 22 	 200 	 1727 	 0
1788202415855 	 12 	 200 	 1728 	 0
1788202415871 	 12 	 200 	 1729 	 0
1788202415956 	 25 	 200 	 1730 	 0
1788202415985 	 16 	 200 	 1731 	 0
1788202416230 	 13 	 200 	 1732 	 0
1788202416286 	 12 	 200 	 1733 	 0
1788202416441 	 25 	 200 	 1734 	 0
1788202416504 	 25 	 200 	 1735 	 0
1788202416778 	 39 	 200 	 1736 	 0
1788202416911 	 35 	 200 	 1737 	 0
1788202417033 	 13 	 200 	 1738 	 0
1788202417521 	 18 	 200 	 1739 	 0
1788202417843 	 47 	 200 	 1740 	 0
1788202418016 	 37 	 200 	 1741 	 0
1788202418130 	 36 	 200 	 1742 	 0
1788202418271 	 20 	 200 	 1743 	 0
1788202418497 	 35 	 200 	 1744 	 0
1788202418847 	 33 	 200 	 1746 	 1
1788202418861 	 36 	 200 	 1746 	 0
1788202419698 	 32 	 200 	 1747 	 0
1788202419803 	 16 	 200 	 1748 	 0
1788202419834 	 12 	 200 	 1749 	 0
1788202420362 	 34 	 200 	 1750 	 0
1788202420481 	 17 	 200 	 1751 	 0
1788202420648 	 22 	 200 	 1752 	 0
1788202420736 	 34 	 200 	 1754 	 1
1788202420743 	 31 	 200 	 1754 	 0
1788202420817 	 14 	 200 	 1755 	 0
1788202420843 	 30 	 200 	 1756 	 0
1788202420907 	 14 	 200 	 1757 	 0
1788202421377 	 31 	 200 	 1758 	 0
1788202421582 	 14 	 200 	 1759 	 0
1788202421826 	 26 	 200 	 1760 	 0
1788202422196 	 31 	 200 	 1761 	 0
1788202422555 	 59 	 200 	 1762 	 0
1788202423457 	 19 	 200 	 1763 	 0
1788202423520 	 13 	 200 	 1764 	 0
1788202423547 	 12 	 200 	 1765 	 0
1788202423615 	 30 	 200 	 1766 	 0
1788202423713 	 30 	 200 	 1767 	 0
1788202423895 	 29 	 200 	 1768 	 0
1788202424607 	 14 	 200 	 1769 	 0
1788202424954 	 32 	 200 	 1770 	 0
1788202425014 	 36 	 200 	 1771 	 0
1788202425206 	 40 	 200 	 1772 	 0
1788202425316 	 35 	 200 	 1773 	 0
1788202425388 	 20 	 200 	 1774 	 0
1788202425526 	 13 	 200 	 1775 	 0
1788202425826 	 35 	 200 	 1776 	 0
1788202425914 	 35 	 200 	 1778 	 1
1788202425931 	 31 	 200 	 1778 	 0
1788202425997 	 35 	 200 	 1779 	 0
1788202426273 	 32 	 200 	 1780 	 0
1788202426351 	 17 	 200 	 1781 	 0
1788202426561 	 19 	 200 	 1782 	 0
1788202426608 	 12 	 200 	 1783 	 0
1788202426653 	 31 	 200 	 1784 	 0
1788202426868 	 20 	 200 	 1785 	 0
1788202426921 	 14 	 200 	 1786 	 0
1788202427138 	 34 	 200 	 1787 	 0
1788202427192 	 14 	 200 	 1788 	 0
1788202427743 	 35 	 200 	 1790 	 1
1788202427760 	 23 	 200 	 1790 	 0
1788202428086 	 33 	 200 	 1791 	 0
1788202428388 	 38 	 200 	 1792 	 0
1788202428547 	 31 	 200 	 1793 	 0
1788202428722 	 13 	 200 	 1794 	 0
1788202428798 	 39 	 200 	 1795 	 0
1788202429124 	 20 	 200 	 1797 	 1
1788202428924 	 347 	 200 	 1797 	 0
1788202429719 	 30 	 200 	 1799 	 1
1788202429749 	 18 	 200 	 1799 	 0
1788202429873 	 52 	 200 	 1800 	 0
1788202430258 	 17 	 200 	 1801 	 0
1788202430332 	 13 	 200 	 1802 	 0
1788202430886 	 15 	 200 	 1803 	 0
1788202430930 	 13 	 200 	 1804 	 0
1788202431161 	 35 	 200 	 1805 	 0
1788202431364 	 27 	 200 	 1806 	 0
1788202431488 	 15 	 200 	 1807 	 0
1788202431889 	 34 	 200 	 1809 	 1
1788202431923 	 14 	 200 	 1809 	 0
1788202431977 	 12 	 200 	 1810 	 0
1788202432511 	 33 	 200 	 1811 	 0
1788202432932 	 45 	 200 	 1812 	 0
1788202433298 	 43 	 200 	 1813 	 0
1788202433774 	 36 	 200 	 1814 	 0
1788202433838 	 35 	 200 	 1816 	 1
1788202433869 	 19 	 200 	 1816 	 0
1788202434074 	 37 	 200 	 1817 	 0
1788202434411 	 12 	 200 	 1818 	 0
1788202434711 	 38 	 200 	 1819 	 0
1788202434781 	 34 	 200 	 1820 	 0
1788202434824 	 27 	 200 	 1821 	 0
1788202434886 	 13 	 200 	 1823 	 1
1788202434897 	 15 	 200 	 1823 	 0
1788202435272 	 30 	 200 	 1824 	 0
1788202435448 	 27 	 200 	 1825 	 0
1788202435584 	 38 	 200 	 1826 	 0
1788202435755 	 19 	 200 	 1827 	 0
1788202436032 	 26 	 200 	 1828 	 0
1788202436062 	 13 	 200 	 1829 	 0
1788202436077 	 20 	 200 	 1831 	 1
1788202436084 	 15 	 200 	 1831 	 0
1788202436167 	 29 	 200 	 1832 	 0
1788202436280 	 33 	 200 	 1833 	 0
1788202436339 	 22 	 200 	 1835 	 1
1788202436344 	 22 	 200 	 1835 	 0
1788202436697 	 14 	 200 	 1836 	 0
1788202436846 	 24 	 200 	 1837 	 0
1788202436981 	 14 	 200 	 1838 	 0
1788202437359 	 25 	 200 	 1839 	 0
1788202437543 	 37 	 200 	 1840 	 0
1788202438147 	 24 	 200 	 1841 	 0
1788202438524 	 31 	 200 	 1842 	 0
1788202438641 	 32 	 200 	 1844 	 1
1788202438669 	 21 	 200 	 1845 	 1
1788202438679 	 14 	 200 	 1845 	 0
1788202438716 	 13 	 200 	 1846 	 0
1788202438827 	 13 	 200 	 1847 	 0
1788202438855 	 13 	 200 	 1848 	 0
1788202438904 	 16 	 200 	 1849 	 0
1788202439391 	 39 	 200 	 1850 	 0
1788202439882 	 39 	 200 	 1851 	 0
1788202440186 	 61 	 200 	 1852 	 0
1788202440591 	 15 	 200 	 1853 	 0
1788202440643 	 32 	 200 	 1854 	 0
1788202440842 	 33 	 200 	 1855 	 0
1788202440972 	 39 	 200 	 1857 	 1
1788202440996 	 22 	 200 	 1857 	 0
1788202441313 	 39 	 200 	 1858 	 0
1788202441470 	 20 	 200 	 1859 	 0
1788202441605 	 16 	 200 	 1860 	 0
1788202441682 	 29 	 200 	 1861 	 0
1788202441770 	 13 	 200 	 1862 	 0
1788202441882 	 38 	 200 	 1863 	 0
1788202441991 	 14 	 200 	 1864 	 0
1788202442093 	 23 	 200 	 1865 	 0
1788202442181 	 15 	 200 	 1866 	 0
1788202442236 	 30 	 200 	 1867 	 0
1788202442308 	 13 	 200 	 1868 	 0
1788202442413 	 33 	 200 	 1869 	 0
1788202442897 	 21 	 200 	 1870 	 0
1788202442970 	 26 	 200 	 1872 	 1
1788202442977 	 21 	 200 	 1872 	 0
1788202443015 	 14 	 200 	 1873 	 0
1788202443227 	 27 	 200 	 1874 	 0
1788202443358 	 29 	 200 	 1875 	 0
1788202443452 	 21 	 200 	 1876 	 0
1788202443720 	 34 	 200 	 1877 	 0
1788202443960 	 31 	 200 	 1879 	 1
1788202443988 	 34 	 200 	 1879 	 0
1788202444044 	 35 	 200 	 1881 	 1
1788202444051 	 30 	 200 	 1881 	 0
1788202444188 	 13 	 200 	 1882 	 0
1788202444996 	 41 	 200 	 1883 	 0
1788202445099 	 35 	 200 	 1884 	 0
1788202445836 	 41 	 200 	 1885 	 0
1788202446111 	 18 	 200 	 1886 	 0
1788202446299 	 22 	 200 	 1887 	 0
1788202446350 	 12 	 200 	 1888 	 0
1788202446608 	 32 	 200 	 1889 	 0
1788202446735 	 13 	 200 	 1890 	 0
1788202446873 	 19 	 200 	 1891 	 0
1788202446939 	 36 	 200 	 1892 	 0
1788202447020 	 35 	 200 	 1894 	 1
1788202447051 	 27 	 200 	 1894 	 0
1788202447198 	 33 	 200 	 1897 	 2
1788202447209 	 28 	 200 	 1897 	 1
1788202447229 	 13 	 200 	 1897 	 0
1788202447512 	 35 	 200 	 1898 	 0
1788202447867 	 23 	 200 	 1899 	 0
1788202447969 	 29 	 200 	 1900 	 0
1788202448130 	 18 	 200 	 1901 	 0
1788202448712 	 17 	 200 	 1902 	 0
1788202448789 	 32 	 200 	 1903 	 0
1788202449191 	 32 	 200 	 1904 	 0
1788202449227 	 43 	 200 	 1905 	 0
1788202449335 	 22 	 200 	 1906 	 0
1788202449389 	 13 	 200 	 1907 	 0
1788202449673 	 16 	 200 	 1908 	 0
1788202449974 	 53 	 200 	 1909 	 0
1788202450301 	 22 	 200 	 1910 	 0
1788202450527 	 17 	 200 	 1911 	 0
1788202450926 	 35 	 200 	 1912 	 0
1788202451088 	 14 	 200 	 1913 	 0
1788202451510 	 33 	 200 	 1914 	 0
1788202451572 	 17 	 200 	 1915 	 0
1788202451761 	 28 	 200 	 1916 	 0
1788202451988 	 39 	 200 	 1917 	 0
1788202452152 	 14 	 200 	 1918 	 0
1788202452249 	 16 	 200 	 1919 	 0
1788202452374 	 17 	 200 	 1920 	 0
1788202452639 	 39 	 200 	 1921 	 0
1788202452791 	 12 	 200 	 1922 	 0
1788202453145 	 37 	 200 	 1923 	 0
1788202453188 	 16 	 200 	 1924 	 0
1788202453797 	 38 	 200 	 1925 	 0
1788202453888 	 16 	 200 	 1926 	 0
1788202453916 	 12 	 200 	 1927 	 0
1788202454288 	 31 	 200 	 1928 	 0
1788202454561 	 14 	 200 	 1929 	 0
1788202454652 	 19 	 200 	 1930 	 0
1788202454893 	 20 	 200 	 1931 	 0
1788202454960 	 14 	 200 	 1932 	 0
1788202455250 	 14 	 200 	 1933 	 0
1788202455272 	 13 	 200 	 1934 	 0
1788202455470 	 21 	 200 	 1935 	 0
1788202455573 	 23 	 200 	 1936 	 0
1788202455798 	 17 	 200 	 1938 	 1
1788202455771 	 197 	 200 	 1938 	 0
1788202456073 	 19 	 200 	 1939 	 0
1788202456170 	 31 	 200 	 1941 	 1
1788202456201 	 12 	 200 	 1941 	 0
1788202456610 	 21 	 200 	 1942 	 0
1788202457054 	 31 	 200 	 1943 	 0
1788202457326 	 14 	 200 	 1944 	 0
1788202457696 	 36 	 200 	 1946 	 1
1788202457722 	 33 	 200 	 1946 	 0
1788202457763 	 20 	 200 	 1947 	 0
1788202458084 	 37 	 200 	 1948 	 0
1788202458348 	 14 	 200 	 1949 	 0
1788202458392 	 14 	 200 	 1950 	 0
1788202458533 	 35 	 200 	 1951 	 0
1788202458704 	 13 	 200 	 1952 	 0
1788202458753 	 14 	 200 	 1953 	 0
1788202458838 	 16 	 200 	 1954 	 0
1788202458999 	 12 	 200 	 1955 	 0
1788202459171 	 16 	 200 	 1956 	 0
1788202459312 	 29 	 200 	 1957 	 0
1788202459797 	 13 	 200 	 1958 	 0
1788202460346 	 28 	 200 	 1959 	 0
1788202460552 	 28 	 200 	 1960 	 0
1788202460758 	 28 	 200 	 1961 	 0
1788202461145 	 32 	 200 	 1962 	 0
1788202461480 	 18 	 200 	 1963 	 1
1788202461499 	 14 	 200 	 1964 	 0
1788202461988 	 31 	 200 	 1965 	 0
1788202462070 	 21 	 200 	 1966 	 0
1788202462200 	 25 	 200 	 1967 	 0
1788202462244 	 19 	 200 	 1968 	 0
1788202462356 	 35 	 200 	 1969 	 0
1788202462845 	 33 	 200 	 1970 	 0
1788202463349 	 35 	 200 	 1972 	 1
1788202463378 	 34 	 200 	 1972 	 0
1788202463688 	 16 	 200 	 1975 	 2
1788202463690 	 15 	 200 	 1975 	 1
1788202463694 	 15 	 200 	 1975 	 0
1788202463750 	 32 	 200 	 1976 	 0
1788202463810 	 39 	 200 	 1978 	 1
1788202463831 	 33 	 200 	 1978 	 0
1788202463882 	 15 	 200 	 1979 	 0
1788202464029 	 34 	 200 	 1980 	 0
1788202464067 	 35 	 200 	 1981 	 0
1788202464744 	 14 	 200 	 1982 	 0
1788202465000 	 33 	 200 	 1984 	 1
1788202465004 	 33 	 200 	 1984 	 0
1788202465229 	 20 	 200 	 1985 	 0
1788202465272 	 14 	 200 	 1986 	 0
1788202465311 	 13 	 200 	 1987 	 0
1788202465542 	 36 	 200 	 1988 	 0
1788202465695 	 15 	 200 	 1989 	 0
1788202466178 	 16 	 200 	 1990 	 0
1788202466393 	 38 	 200 	 1992 	 1
1788202466420 	 31 	 200 	 1993 	 1
1788202466440 	 16 	 200 	 1993 	 0
1788202466566 	 24 	 200 	 1994 	 0
1788202466759 	 22 	 200 	 1995 	 0
1788202467037 	 27 	 200 	 1996 	 0
1788202467226 	 36 	 200 	 1997 	 0
1788202467661 	 39 	 200 	 1999 	 1
1788202467672 	 34 	 200 	 2000 	 1
1788202467704 	 30 	 200 	 2000 	 0
1788202468025 	 20 	 200 	 2002 	 1
1788202468042 	 21 	 200 	 2003 	 1
1788202468064 	 17 	 200 	 2003 	 0
1788202468576 	 24 	 200 	 2004 	 0
1788202468918 	 17 	 200 	 2005 	 0
1788202469081 	 31 	 200 	 2006 	 0
1788202469136 	 23 	 200 	 2007 	 0
1788202469868 	 32 	 200 	 2008 	 0
1788202469958 	 33 	 200 	 2009 	 0
1788202470251 	 14 	 200 	 2010 	 0
1788202470434 	 35 	 200 	 2011 	 0
1788202470572 	 23 	 200 	 2012 	 0
1788202471081 	 36 	 200 	 2013 	 0
1788202471328 	 34 	 200 	 2014 	 0
1788202471490 	 16 	 200 	 2015 	 0
1788202471837 	 33 	 200 	 2016 	 0
1788202472129 	 33 	 200 	 2017 	 0
1788202472320 	 13 	 200 	 2018 	 0
1788202472422 	 18 	 200 	 2019 	 0
1788202472451 	 12 	 200 	 2020 	 0
1788202472794 	 22 	 200 	 2021 	 0
1788202472940 	 32 	 200 	 2022 	 0
1788202473363 	 24 	 200 	 2023 	 0
1788202473906 	 35 	 200 	 2024 	 0
1788202474121 	 37 	 200 	 2025 	 0
1788202474373 	 25 	 200 	 2026 	 0
1788202474455 	 38 	 200 	 2028 	 1
1788202474469 	 27 	 200 	 2028 	 0
1788202474552 	 27 	 200 	 2029 	 0
1788202474815 	 17 	 200 	 2030 	 0
1788202474852 	 16 	 200 	 2031 	 0
1788202474991 	 14 	 200 	 2032 	 0
1788202475035 	 26 	 200 	 2033 	 0
1788202475259 	 29 	 200 	 2034 	 0
1788202475318 	 14 	 200 	 2035 	 0
1788202475372 	 32 	 200 	 2036 	 0
1788202475593 	 37 	 200 	 2037 	 0
1788202475692 	 19 	 200 	 2038 	 0
1788202476105 	 22 	 200 	 2039 	 0
1788202476309 	 20 	 200 	 2040 	 0
1788202476434 	 29 	 200 	 2041 	 0
1788202476699 	 12 	 200 	 2042 	 0
1788202476798 	 15 	 200 	 2044 	 1
1788202476813 	 15 	 200 	 2044 	 0
1788202476893 	 13 	 200 	 2045 	 0
1788202477149 	 14 	 200 	 2046 	 0
1788202477178 	 15 	 200 	 2047 	 0
1788202477899 	 38 	 200 	 2048 	 0
1788202478084 	 16 	 200 	 2049 	 0
1788202478178 	 48 	 200 	 2050 	 0
1788202478584 	 13 	 200 	 2051 	 0
1788202478791 	 13 	 200 	 2052 	 0
1788202478977 	 22 	 200 	 2053 	 0
1788202479139 	 32 	 200 	 2054 	 0
1788202479211 	 23 	 200 	 2055 	 0
1788202479246 	 13 	 200 	 2056 	 0
1788202479297 	 13 	 200 	 2057 	 0
1788202479968 	 37 	 200 	 2059 	 1
1788202479998 	 16 	 200 	 2059 	 0
1788202480289 	 15 	 200 	 2060 	 0
1788202480592 	 32 	 200 	 2061 	 0
1788202480839 	 30 	 200 	 2062 	 0
1788202481014 	 31 	 200 	 2063 	 0
1788202481302 	 34 	 200 	 2064 	 0
1788202481524 	 43 	 200 	 2065 	 0
1788202481744 	 26 	 200 	 2066 	 0
1788202481815 	 38 	 200 	 2067 	 0
1788202482518 	 20 	 200 	 2068 	 0
1788202482596 	 35 	 200 	 2069 	 0
1788202482736 	 19 	 200 	 2070 	 0
1788202483121 	 38 	 200 	 2071 	 0
1788202483178 	 28 	 200 	 2073 	 1
1788202483181 	 28 	 200 	 2073 	 0
1788202483293 	 18 	 200 	 2074 	 0
1788202483647 	 29 	 200 	 2075 	 0
1788202483991 	 36 	 200 	 2076 	 0
1788202484508 	 33 	 200 	 2077 	 0
1788202484633 	 26 	 200 	 2079 	 1
1788202484654 	 15 	 200 	 2079 	 0
1788202484972 	 13 	 200 	 2081 	 1
1788202484977 	 16 	 200 	 2082 	 1
1788202484989 	 13 	 200 	 2082 	 0
1788202485231 	 34 	 200 	 2084 	 1
1788202485255 	 31 	 200 	 2085 	 1
1788202485270 	 22 	 200 	 2085 	 0
1788202485446 	 20 	 200 	 2086 	 0
1788202485929 	 39 	 200 	 2087 	 0
1788202486220 	 31 	 200 	 2088 	 0
1788202486601 	 21 	 200 	 2089 	 0
1788202486826 	 35 	 200 	 2090 	 0
1788202487186 	 16 	 200 	 2091 	 0
1788202487306 	 13 	 200 	 2092 	 0
1788202487389 	 20 	 200 	 2093 	 0
1788202487641 	 42 	 200 	 2094 	 0
1788202487721 	 23 	 200 	 2095 	 0
1788202487794 	 12 	 200 	 2096 	 0
1788202487817 	 13 	 200 	 2097 	 0
1788202488358 	 29 	 200 	 2098 	 0
1788202488700 	 16 	 200 	 2099 	 0
1788202488910 	 51 	 200 	 2100 	 0
1788202488976 	 15 	 200 	 2101 	 0
1788202489226 	 26 	 200 	 2102 	 0
1788202489260 	 13 	 200 	 2103 	 0
1788202489371 	 16 	 200 	 2104 	 0
1788202489404 	 12 	 200 	 2105 	 0
1788202489523 	 39 	 200 	 2106 	 0
1788202489566 	 13 	 200 	 2108 	 1
1788202489571 	 17 	 200 	 2108 	 0
1788202489598 	 14 	 200 	 2109 	 0
1788202489674 	 18 	 200 	 2110 	 0
1788202489860 	 27 	 200 	 2111 	 0
1788202489997 	 15 	 200 	 2113 	 1
1788202490007 	 14 	 200 	 2113 	 0
1788202490248 	 30 	 200 	 2114 	 0
1788202490335 	 34 	 200 	 2115 	 0
1788202490397 	 15 	 200 	 2117 	 1
1788202490401 	 14 	 200 	 2117 	 0
1788202490676 	 41 	 200 	 2118 	 0
1788202491027 	 33 	 200 	 2119 	 0
1788202491078 	 14 	 200 	 2120 	 0
1788202491094 	 15 	 200 	 2121 	 0
1788202491286 	 16 	 200 	 2122 	 0
1788202491396 	 16 	 200 	 2123 	 0
1788202491558 	 16 	 200 	 2124 	 0
1788202491876 	 16 	 200 	 2125 	 0
1788202491975 	 36 	 200 	 2126 	 0
1788202492066 	 24 	 200 	 2127 	 0
1788202492379 	 21 	 200 	 2129 	 1
1788202492401 	 12 	 200 	 2129 	 0
1788202492447 	 29 	 200 	 2130 	 0
1788202492775 	 30 	 200 	 2131 	 0
1788202492812 	 13 	 200 	 2132 	 0
1788202492868 	 38 	 200 	 2133 	 0
1788202492925 	 29 	 200 	 2134 	 0
1788202492983 	 13 	 200 	 2135 	 0
1788202493018 	 12 	 200 	 2136 	 0
1788202493136 	 39 	 200 	 2137 	 0
1788202493448 	 29 	 200 	 2139 	 1
1788202493452 	 29 	 200 	 2139 	 0
1788202493768 	 21 	 200 	 2140 	 0
1788202493803 	 15 	 200 	 2142 	 1
1788202493815 	 14 	 200 	 2142 	 0
1788202493831 	 15 	 200 	 2143 	 0
1788202493894 	 32 	 200 	 2146 	 2
1788202493891 	 36 	 200 	 2146 	 1
1788202493924 	 17 	 200 	 2146 	 0
1788202493975 	 16 	 200 	 2147 	 0
1788202494002 	 12 	 200 	 2148 	 0
1788202494146 	 32 	 200 	 2149 	 0
1788202494268 	 21 	 200 	 2150 	 0
1788202494292 	 12 	 200 	 2151 	 0
1788202494320 	 16 	 200 	 2152 	 0
1788202494348 	 17 	 200 	 2153 	 0
1788202494370 	 15 	 200 	 2154 	 0
1788202494797 	 17 	 200 	 2155 	 0
1788202495339 	 32 	 200 	 2156 	 0
1788202495610 	 33 	 200 	 2157 	 0
1788202495769 	 15 	 200 	 2158 	 0
1788202495987 	 35 	 200 	 2160 	 1
1788202496021 	 16 	 200 	 2160 	 0
1788202496070 	 28 	 200 	 2161 	 0
1788202496258 	 26 	 200 	 2162 	 0
1788202496412 	 32 	 200 	 2163 	 0
1788202496537 	 34 	 200 	 2164 	 0
1788202496746 	 33 	 200 	 2165 	 0
1788202497252 	 13 	 200 	 2166 	 0
1788202497415 	 26 	 200 	 2167 	 0
1788202497856 	 37 	 200 	 2168 	 0
1788202498090 	 37 	 200 	 2169 	 0
1788202498157 	 31 	 200 	 2170 	 0
1788202499411 	 31 	 200 	 2173 	 2
1788202499409 	 38 	 200 	 2174 	 2
1788202499436 	 21 	 200 	 2174 	 1
1788202499444 	 16 	 200 	 2174 	 0
1788202499915 	 36 	 200 	 2175 	 0
1788202500231 	 21 	 200 	 2176 	 0
1788202500324 	 35 	 200 	 2178 	 1
1788202500343 	 24 	 200 	 2178 	 0
1788202500443 	 56 	 200 	 2179 	 0
1788202501057 	 25 	 200 	 2180 	 0
1788202501137 	 27 	 200 	 2181 	 0
1788202501551 	 34 	 200 	 2182 	 0
1788202501882 	 13 	 200 	 2184 	 1
1788202501890 	 12 	 200 	 2184 	 0
1788202502112 	 14 	 200 	 2185 	 0
1788202502175 	 38 	 200 	 2186 	 0
1788202502674 	 36 	 200 	 2187 	 0
1788202502910 	 22 	 200 	 2189 	 1
1788202502912 	 21 	 200 	 2189 	 0
1788202503097 	 35 	 200 	 2190 	 0
1788202503165 	 29 	 200 	 2191 	 0
1788202503342 	 36 	 200 	 2192 	 0
1788202503702 	 33 	 200 	 2193 	 0
1788202503822 	 13 	 200 	 2195 	 1
1788202503813 	 29 	 200 	 2195 	 0
1788202504026 	 13 	 200 	 2196 	 0
1788202504525 	 23 	 200 	 2197 	 0
1788202504865 	 32 	 200 	 2198 	 0
1788202505334 	 15 	 200 	 2199 	 0
1788202505449 	 23 	 200 	 2200 	 0
1788202505479 	 15 	 200 	 2201 	 0
1788202506048 	 34 	 200 	 2203 	 1
1788202506056 	 26 	 200 	 2203 	 0
1788202506235 	 14 	 200 	 2204 	 0
1788202506678 	 17 	 200 	 2205 	 0
1788202506820 	 30 	 200 	 2206 	 0
1788202507100 	 19 	 200 	 2207 	 0
1788202507208 	 22 	 200 	 2208 	 0
1788202507400 	 38 	 200 	 2209 	 0
1788202507715 	 32 	 200 	 2210 	 0
1788202507785 	 28 	 200 	 2211 	 0
1788202508084 	 16 	 200 	 2212 	 0
1788202508212 	 35 	 200 	 2213 	 0
1788202508286 	 30 	 200 	 2214 	 0
1788202508418 	 12 	 200 	 2216 	 1
1788202508415 	 17 	 200 	 2216 	 0
1788202508619 	 29 	 200 	 2217 	 0
1788202509116 	 15 	 200 	 2218 	 0
1788202509199 	 14 	 200 	 2219 	 0
1788202509444 	 32 	 200 	 2220 	 0
1788202509639 	 35 	 200 	 2221 	 0
1788202509678 	 12 	 200 	 2222 	 0
1788202509753 	 33 	 200 	 2223 	 0
1788202509933 	 38 	 200 	 2224 	 0
1788202510068 	 39 	 200 	 2225 	 0
1788202510147 	 30 	 200 	 2226 	 0
1788202510344 	 13 	 200 	 2227 	 0
1788202510426 	 30 	 200 	 2228 	 0
1788202510492 	 27 	 200 	 2229 	 0
1788202510655 	 37 	 200 	 2230 	 0
1788202511155 	 15 	 200 	 2231 	 0
1788202511417 	 30 	 200 	 2233 	 1
1788202511422 	 37 	 200 	 2233 	 0
1788202511476 	 18 	 200 	 2234 	 0
1788202511542 	 33 	 200 	 2235 	 0
1788202512078 	 32 	 200 	 2236 	 0
1788202512147 	 38 	 200 	 2237 	 0
1788202512223 	 27 	 200 	 2238 	 0
1788202512377 	 31 	 200 	 2239 	 0
1788202512855 	 15 	 200 	 2240 	 0
1788202513028 	 22 	 200 	 2241 	 0
1788202513124 	 35 	 200 	 2242 	 0
1788202513350 	 14 	 200 	 2244 	 1
1788202513356 	 17 	 200 	 2244 	 0
1788202513648 	 12 	 200 	 2245 	 0
1788202513768 	 21 	 200 	 2246 	 0
1788202514030 	 28 	 200 	 2247 	 0
1788202514411 	 35 	 200 	 2248 	 0
1788202514471 	 13 	 200 	 2249 	 0
1788202514671 	 41 	 200 	 2250 	 0
1788202514929 	 28 	 200 	 2252 	 1
1788202514959 	 16 	 200 	 2252 	 0
1788202515071 	 14 	 200 	 2253 	 0
1788202515229 	 26 	 200 	 2255 	 1
1788202515252 	 21 	 200 	 2255 	 0
1788202515529 	 39 	 200 	 2256 	 0
1788202516027 	 32 	 200 	 2257 	 0
1788202516581 	 25 	 200 	 2258 	 0
1788202516634 	 30 	 200 	 2259 	 0
1788202516697 	 14 	 200 	 2260 	 0
1788202516872 	 19 	 200 	 2261 	 0
1788202516908 	 16 	 200 	 2262 	 0
1788202517206 	 15 	 200 	 2263 	 0
1788202517328 	 16 	 200 	 2264 	 0
1788202517567 	 13 	 200 	 2265 	 0
1788202517646 	 47 	 200 	 2266 	 0
1788202517781 	 28 	 200 	 2267 	 0
1788202517830 	 12 	 200 	 2268 	 0
1788202517887 	 14 	 200 	 2270 	 1
1788202517895 	 13 	 200 	 2270 	 0
1788202517954 	 34 	 200 	 2271 	 0
1788202518006 	 12 	 200 	 2272 	 0
1788202518207 	 37 	 200 	 2274 	 1
1788202518243 	 18 	 200 	 2274 	 0
1788202518285 	 15 	 200 	 2275 	 0
1788202518478 	 22 	 200 	 2276 	 0
1788202518753 	 14 	 200 	 2277 	 0
1788202519120 	 39 	 200 	 2278 	 0
1788202519231 	 35 	 200 	 2279 	 0
1788202519395 	 35 	 200 	 2280 	 0
1788202520295 	 33 	 200 	 2282 	 1
1788202520300 	 36 	 200 	 2283 	 1
1788202520331 	 34 	 200 	 2283 	 0
1788202520566 	 24 	 200 	 2284 	 0
1788202520633 	 13 	 200 	 2285 	 0
1788202520674 	 34 	 200 	 2286 	 0
1788202521213 	 32 	 200 	 2287 	 0
1788202521255 	 12 	 200 	 2288 	 0
1788202521346 	 21 	 200 	 2289 	 0
1788202521424 	 13 	 200 	 2290 	 0
1788202521498 	 14 	 200 	 2291 	 0
1788202521607 	 23 	 200 	 2292 	 0
1788202521707 	 31 	 200 	 2293 	 0
1788202521770 	 13 	 200 	 2295 	 1
1788202521747 	 348 	 200 	 2296 	 1
1788202522062 	 35 	 200 	 2296 	 0
1788202522136 	 29 	 200 	 2297 	 0
1788202522502 	 16 	 200 	 2298 	 0
1788202522551 	 29 	 200 	 2299 	 0
1788202523019 	 35 	 200 	 2300 	 0
1788202523093 	 40 	 200 	 2301 	 0
1788202523153 	 19 	 200 	 2302 	 0
1788202523583 	 23 	 200 	 2304 	 1
1788202523764 	 37 	 200 	 2305 	 1
1788202523563 	 387 	 200 	 2305 	 0
1788202523971 	 12 	 200 	 2306 	 0
1788202524166 	 27 	 200 	 2307 	 0
1788202524446 	 27 	 200 	 2308 	 0
1788202524716 	 33 	 200 	 2309 	 0
1788202524816 	 18 	 200 	 2310 	 0
1788202524849 	 32 	 200 	 2311 	 0
1788202525311 	 16 	 200 	 2313 	 1
1788202525323 	 15 	 200 	 2315 	 2
1788202525333 	 16 	 200 	 2315 	 1
1788202525335 	 21 	 200 	 2315 	 0
1788202525474 	 21 	 200 	 2316 	 0
1788202525511 	 14 	 200 	 2317 	 0
1788202525596 	 38 	 200 	 2319 	 1
1788202525617 	 23 	 200 	 2319 	 0
1788202526038 	 36 	 200 	 2320 	 0
1788202526415 	 38 	 200 	 2321 	 0
1788202526463 	 13 	 200 	 2322 	 0
1788202526757 	 32 	 200 	 2323 	 0
1788202526847 	 26 	 200 	 2324 	 0
1788202527264 	 31 	 200 	 2325 	 0
1788202527468 	 15 	 200 	 2326 	 0
1788202527598 	 38 	 200 	 2328 	 1
1788202527623 	 33 	 200 	 2328 	 0
1788202528053 	 42 	 200 	 2329 	 0
1788202528120 	 13 	 200 	 2330 	 0
1788202528205 	 13 	 200 	 2331 	 0
1788202528257 	 17 	 200 	 2332 	 0
1788202528316 	 29 	 200 	 2333 	 0
1788202528560 	 22 	 200 	 2335 	 1
1788202528583 	 14 	 200 	 2335 	 0
1788202528616 	 37 	 200 	 2336 	 0
1788202528755 	 30 	 200 	 2337 	 0
1788202528822 	 15 	 200 	 2338 	 0
1788202528970 	 35 	 200 	 2339 	 0
1788202529117 	 15 	 200 	 2340 	 0
1788202529639 	 38 	 200 	 2342 	 1
1788202529658 	 39 	 200 	 2342 	 0
1788202530096 	 32 	 200 	 2343 	 0
1788202530523 	 38 	 200 	 2345 	 1
1788202530534 	 32 	 200 	 2345 	 0
1788202530747 	 22 	 200 	 2347 	 1
1788202530753 	 20 	 200 	 2347 	 0
1788202531156 	 14 	 200 	 2348 	 0
1788202531223 	 28 	 200 	 2349 	 0
1788202531264 	 14 	 200 	 2350 	 0
1788202531617 	 17 	 200 	 2352 	 1
1788202531342 	 371 	 200 	 2352 	 0
1788202531838 	 14 	 200 	 2353 	 0
1788202532354 	 25 	 200 	 2354 	 0
1788202532446 	 14 	 200 	 2355 	 0
1788202532534 	 34 	 200 	 2356 	 0
1788202532572 	 12 	 200 	 2357 	 0
1788202532701 	 31 	 200 	 2358 	 0
1788202533025 	 32 	 200 	 2359 	 0
1788202533350 	 22 	 200 	 2360 	 0
1788202533458 	 24 	 200 	 2362 	 1
1788202533482 	 13 	 200 	 2363 	 1
1788202533495 	 16 	 200 	 2363 	 0
1788202533530 	 14 	 200 	 2364 	 0
1788202533619 	 32 	 200 	 2365 	 0
1788202534253 	 15 	 200 	 2366 	 0
1788202534333 	 13 	 200 	 2367 	 0
1788202534463 	 15 	 200 	 2368 	 0
1788202534733 	 14 	 200 	 2370 	 1
1788202534881 	 20 	 200 	 2371 	 1
1788202535054 	 16 	 200 	 2372 	 1
1788202535072 	 26 	 200 	 2373 	 1
1788202534704 	 445 	 200 	 2373 	 0
1788202535194 	 32 	 200 	 2374 	 0
1788202535289 	 13 	 200 	 2375 	 0
1788202535353 	 22 	 200 	 2376 	 0
1788202535487 	 14 	 200 	 2377 	 0
1788202535892 	 16 	 200 	 2378 	 0
1788202536113 	 35 	 200 	 2380 	 1
1788202536123 	 29 	 200 	 2380 	 0
1788202536170 	 14 	 200 	 2381 	 0
1788202537174 	 16 	 200 	 2382 	 0
1788202537236 	 17 	 200 	 2383 	 0
1788202537467 	 23 	 200 	 2384 	 0
1788202537771 	 22 	 200 	 2387 	 2
1788202537751 	 44 	 200 	 2387 	 1
1788202537783 	 16 	 200 	 2387 	 0
1788202538156 	 29 	 200 	 2388 	 0
1788202538279 	 30 	 200 	 2389 	 0
1788202538496 	 16 	 200 	 2390 	 0
1788202538878 	 14 	 200 	 2391 	 0
1788202539306 	 16 	 200 	 2392 	 0
1788202539431 	 16 	 200 	 2393 	 0
1788202539919 	 14 	 200 	 2394 	 0
1788202540049 	 34 	 200 	 2395 	 0
1788202540333 	 23 	 200 	 2397 	 1
1788202540356 	 14 	 200 	 2397 	 0
1788202540874 	 19 	 200 	 2398 	 0
1788202540905 	 13 	 200 	 2399 	 0
1788202540994 	 29 	 200 	 2400 	 0
1788202541114 	 16 	 200 	 2401 	 0
1788202541132 	 12 	 200 	 2402 	 0
1788202541185 	 13 	 200 	 2403 	 0
1788202541535 	 34 	 200 	 2405 	 1
1788202541562 	 16 	 200 	 2405 	 0
1788202541673 	 35 	 200 	 2406 	 0
1788202542583 	 36 	 200 	 2407 	 0
1788202542656 	 29 	 200 	 2409 	 1
1788202542659 	 29 	 200 	 2409 	 0
1788202542740 	 31 	 200 	 2410 	 0
1788202542825 	 23 	 200 	 2411 	 0
1788202542858 	 12 	 200 	 2412 	 0
1788202542887 	 32 	 200 	 2413 	 0
1788202543650 	 34 	 200 	 2414 	 0
1788202544393 	 30 	 200 	 2415 	 0
1788202544479 	 36 	 200 	 2417 	 1
1788202544504 	 37 	 200 	 2417 	 0
1788202544577 	 15 	 200 	 2418 	 0
1788202544597 	 12 	 200 	 2419 	 0
1788202544677 	 43 	 200 	 2423 	 3
1788202544685 	 39 	 200 	 2423 	 2
1788202544718 	 20 	 200 	 2423 	 1
1788202544720 	 21 	 200 	 2424 	 1
1788202544740 	 14 	 200 	 2424 	 0
1788202544845 	 30 	 200 	 2425 	 0
1788202545208 	 25 	 200 	 2426 	 0
1788202545314 	 17 	 200 	 2427 	 0
1788202545489 	 14 	 200 	 2428 	 0
1788202545521 	 14 	 200 	 2429 	 0
1788202545536 	 13 	 200 	 2430 	 0
1788202545857 	 29 	 200 	 2431 	 0
1788202546145 	 32 	 200 	 2432 	 0
1788202546863 	 33 	 200 	 2433 	 0
1788202547187 	 16 	 200 	 2434 	 0
1788202547241 	 17 	 200 	 2435 	 0
1788202547298 	 27 	 200 	 2436 	 0
1788202547842 	 18 	 200 	 2437 	 0
1788202548046 	 31 	 200 	 2438 	 0
1788202548132 	 21 	 200 	 2440 	 1
1788202548142 	 14 	 200 	 2440 	 0
1788202548387 	 15 	 200 	 2441 	 0
1788202548882 	 38 	 200 	 2442 	 0
1788202548939 	 17 	 200 	 2443 	 0
1788202549116 	 33 	 200 	 2444 	 0
1788202549275 	 35 	 200 	 2445 	 0
1788202549611 	 38 	 200 	 2447 	 1
1788202549635 	 20 	 200 	 2447 	 0
1788202550123 	 31 	 200 	 2448 	 0
1788202550210 	 12 	 200 	 2449 	 0
1788202550543 	 40 	 200 	 2450 	 0
1788202550976 	 37 	 200 	 2451 	 0
1788202551432 	 13 	 200 	 2452 	 0
1788202551720 	 27 	 200 	 2453 	 0
1788202551912 	 31 	 200 	 2455 	 1
1788202551917 	 27 	 200 	 2455 	 0
1788202552192 	 18 	 200 	 2457 	 1
1788202552205 	 16 	 200 	 2457 	 0
1788202552534 	 42 	 200 	 2460 	 2
1788202552562 	 25 	 200 	 2460 	 1
1788202552564 	 29 	 200 	 2460 	 0
1788202552610 	 18 	 200 	 2462 	 1
1788202552619 	 13 	 200 	 2462 	 0
1788202552640 	 13 	 200 	 2463 	 0
1788202552882 	 34 	 200 	 2464 	 0
1788202553251 	 15 	 200 	 2465 	 0
1788202554045 	 57 	 200 	 2466 	 0
1788202554154 	 13 	 200 	 2467 	 0
1788202554316 	 17 	 200 	 2468 	 0
1788202554499 	 13 	 200 	 2470 	 1
1788202554583 	 15 	 200 	 2472 	 2
1788202554588 	 13 	 200 	 2472 	 1
1788202554403 	 376 	 200 	 2472 	 0
1788202555092 	 13 	 200 	 2473 	 0
1788202555240 	 124 	 200 	 2474 	 0
1788202555425 	 13 	 200 	 2475 	 0
1788202555570 	 24 	 200 	 2476 	 0
1788202555860 	 29 	 200 	 2477 	 0
1788202555932 	 29 	 200 	 2478 	 0
1788202556055 	 28 	 200 	 2480 	 1
1788202556080 	 19 	 200 	 2480 	 0
1788202556523 	 40 	 200 	 2482 	 1
1788202556560 	 14 	 200 	 2482 	 0
1788202556628 	 38 	 200 	 2483 	 0
1788202556713 	 35 	 200 	 2484 	 0
1788202557116 	 38 	 200 	 2485 	 0
1788202557248 	 29 	 200 	 2486 	 0
1788202557409 	 17 	 200 	 2487 	 0
1788202557450 	 77 	 200 	 2488 	 0
1788202557802 	 22 	 200 	 2489 	 0
1788202557835 	 16 	 200 	 2490 	 0
1788202557857 	 20 	 200 	 2491 	 0
1788202557984 	 13 	 200 	 2492 	 0
1788202558017 	 30 	 200 	 2493 	 0
1788202559506 	 22 	 200 	 2494 	 0
1788202559861 	 26 	 200 	 2495 	 0
1788202560031 	 37 	 200 	 2496 	 0
1788202560739 	 32 	 200 	 2497 	 0
1788202561218 	 20 	 200 	 2498 	 0
1788202561409 	 25 	 200 	 2499 	 0
1788202561591 	 38 	 200 	 2500 	 0
1788202561761 	 16 	 200 	 2501 	 0
1788202561930 	 15 	 200 	 2503 	 1
1788202561929 	 18 	 200 	 2503 	 0
1788202562107 	 33 	 200 	 2504 	 0
1788202562215 	 31 	 200 	 2505 	 0
1788202562282 	 14 	 200 	 2506 	 0
1788202562353 	 13 	 200 	 2507 	 0
1788202562494 	 36 	 200 	 2508 	 0
1788202562700 	 18 	 200 	 2509 	 0
1788202562855 	 14 	 200 	 2510 	 0
1788202562988 	 15 	 200 	 2511 	 0
1788202563048 	 36 	 200 	 2513 	 1
1788202563076 	 15 	 200 	 2513 	 0
1788202563108 	 13 	 200 	 2514 	 0
1788202563246 	 21 	 200 	 2515 	 0
1788202563364 	 18 	 200 	 2516 	 0
1788202563434 	 66 	 200 	 2518 	 1
1788202563479 	 26 	 200 	 2518 	 0
1788202564023 	 32 	 200 	 2519 	 0
1788202564170 	 25 	 200 	 2521 	 1
1788202564191 	 13 	 200 	 2521 	 0
1788202564550 	 32 	 200 	 2522 	 0
1788202564785 	 38 	 200 	 2523 	 0
1788202564876 	 15 	 200 	 2524 	 0
1788202564915 	 33 	 200 	 2525 	 0
1788202565189 	 37 	 200 	 2526 	 0
1788202565391 	 37 	 200 	 2528 	 1
1788202565393 	 35 	 200 	 2528 	 0
1788202565456 	 17 	 200 	 2529 	 0
1788202565520 	 16 	 200 	 2530 	 0
1788202565893 	 35 	 200 	 2531 	 0
1788202566149 	 32 	 200 	 2532 	 0
1788202566433 	 31 	 200 	 2533 	 0
1788202566537 	 36 	 200 	 2534 	 0
1788202566785 	 14 	 200 	 2535 	 0
1788202566866 	 30 	 200 	 2536 	 0
1788202566948 	 34 	 200 	 2537 	 0
1788202567368 	 33 	 200 	 2538 	 0
1788202567629 	 12 	 200 	 2539 	 0
1788202568822 	 24 	 200 	 2540 	 0
1788202569155 	 30 	 200 	 2541 	 0
1788202569239 	 15 	 200 	 2542 	 0
1788202569287 	 30 	 200 	 2543 	 0
1788202569368 	 22 	 200 	 2544 	 0
1788202569426 	 22 	 200 	 2545 	 0
1788202569456 	 12 	 200 	 2546 	 0
1788202569499 	 15 	 200 	 2547 	 0
1788202569520 	 12 	 200 	 2548 	 0
1788202569636 	 34 	 200 	 2549 	 0
1788202569879 	 31 	 200 	 2550 	 0
1788202569997 	 16 	 200 	 2551 	 0
1788202570051 	 13 	 200 	 2552 	 0
1788202570242 	 15 	 200 	 2553 	 0
1788202570272 	 17 	 200 	 2554 	 0
1788202570329 	 13 	 200 	 2555 	 0
1788202570487 	 15 	 200 	 2556 	 0
1788202570512 	 12 	 200 	 2558 	 1
1788202570520 	 14 	 200 	 2558 	 0
1788202570673 	 20 	 200 	 2559 	 0
1788202570876 	 31 	 200 	 2560 	 0
1788202571030 	 34 	 200 	 2561 	 0
1788202571380 	 30 	 200 	 2562 	 0
1788202571607 	 37 	 200 	 2563 	 0
1788202571676 	 19 	 200 	 2564 	 0
1788202571797 	 33 	 200 	 2565 	 0
1788202572015 	 34 	 200 	 2566 	 0
1788202572358 	 22 	 200 	 2567 	 0
1788202573073 	 23 	 200 	 2568 	 0
1788202573118 	 36 	 200 	 2570 	 1
1788202573143 	 33 	 200 	 2570 	 0
1788202573258 	 25 	 200 	 2571 	 0
1788202573514 	 15 	 200 	 2572 	 0
1788202573871 	 18 	 200 	 2573 	 0
1788202573918 	 37 	 200 	 2575 	 1
1788202573931 	 29 	 200 	 2575 	 0
1788202574336 	 33 	 200 	 2576 	 0
1788202574397 	 18 	 200 	 2577 	 0
1788202574678 	 34 	 200 	 2578 	 0
1788202574724 	 22 	 200 	 2580 	 1
1788202574732 	 18 	 200 	 2580 	 0
1788202575031 	 17 	 200 	 2581 	 0
1788202575881 	 12 	 200 	 2583 	 1
1788202575891 	 16 	 200 	 2583 	 0
1788202576060 	 27 	 200 	 2584 	 0
1788202576283 	 32 	 200 	 2585 	 0
1788202576472 	 14 	 200 	 2586 	 0
1788202576564 	 17 	 200 	 2588 	 1
1788202576580 	 13 	 200 	 2588 	 0
1788202576725 	 35 	 200 	 2589 	 0
1788202576852 	 22 	 200 	 2591 	 1
1788202576862 	 16 	 200 	 2591 	 0
1788202576926 	 41 	 200 	 2592 	 0
1788202577232 	 17 	 200 	 2593 	 0
1788202577439 	 13 	 200 	 2594 	 0
1788202577978 	 15 	 200 	 2595 	 0
1788202578021 	 13 	 200 	 2596 	 0
1788202578459 	 29 	 200 	 2597 	 0
1788202578671 	 31 	 200 	 2598 	 0
1788202579058 	 39 	 200 	 2599 	 0
1788202579134 	 32 	 200 	 2600 	 0
1788202579671 	 34 	 200 	 2601 	 0
1788202579956 	 32 	 200 	 2602 	 0
1788202580267 	 20 	 200 	 2603 	 0
1788202580332 	 17 	 200 	 2604 	 0
1788202580440 	 20 	 200 	 2605 	 0
1788202580485 	 37 	 200 	 2606 	 0
1788202580928 	 35 	 200 	 2607 	 0
1788202581046 	 31 	 200 	 2608 	 0
1788202581106 	 42 	 200 	 2609 	 0
1788202581187 	 13 	 200 	 2610 	 0
1788202581453 	 37 	 200 	 2612 	 1
1788202581472 	 24 	 200 	 2612 	 0
1788202581986 	 13 	 200 	 2613 	 0
1788202582003 	 15 	 200 	 2614 	 0
1788202582452 	 17 	 200 	 2615 	 0
1788202582551 	 42 	 200 	 2616 	 0
1788202582685 	 36 	 200 	 2618 	 1
1788202582683 	 41 	 200 	 2618 	 0
1788202583065 	 34 	 200 	 2619 	 0
1788202583272 	 15 	 200 	 2620 	 0
1788202583450 	 31 	 200 	 2621 	 0
1788202583649 	 14 	 200 	 2622 	 0
1788202583858 	 31 	 200 	 2623 	 0
1788202584414 	 36 	 200 	 2624 	 0
1788202584463 	 27 	 200 	 2625 	 0
1788202584525 	 17 	 200 	 2626 	 0
1788202584782 	 43 	 200 	 2627 	 0
1788202585116 	 38 	 200 	 2628 	 0
1788202585257 	 27 	 200 	 2629 	 0
1788202585339 	 15 	 200 	 2630 	 0
1788202585436 	 14 	 200 	 2631 	 0
1788202585479 	 13 	 200 	 2632 	 0
1788202585735 	 33 	 200 	 2633 	 0
1788202586065 	 36 	 200 	 2634 	 0
1788202586636 	 35 	 200 	 2635 	 0
1788202586928 	 52 	 200 	 2637 	 1
1788202586975 	 15 	 200 	 2637 	 0
1788202587019 	 24 	 200 	 2638 	 0
1788202587144 	 36 	 200 	 2639 	 0
1788202587317 	 31 	 200 	 2641 	 1
1788202587343 	 32 	 200 	 2641 	 0
1788202587460 	 20 	 200 	 2642 	 0
1788202587503 	 13 	 200 	 2643 	 0
1788202587559 	 29 	 200 	 2645 	 1
1788202587584 	 13 	 200 	 2645 	 0
1788202587759 	 29 	 200 	 2648 	 2
1788202587757 	 31 	 200 	 2648 	 1
1788202587770 	 20 	 200 	 2648 	 0
1788202587801 	 12 	 200 	 2649 	 0
1788202588118 	 33 	 200 	 2650 	 0
1788202588291 	 31 	 200 	 2652 	 1
1788202588307 	 25 	 200 	 2652 	 0
1788202588344 	 13 	 200 	 2653 	 0
1788202588384 	 13 	 200 	 2655 	 1
1788202588387 	 12 	 200 	 2655 	 0
1788202588761 	 27 	 200 	 2656 	 0
1788202589440 	 17 	 200 	 2657 	 0
1788202589804 	 15 	 200 	 2658 	 0
1788202589958 	 34 	 200 	 2660 	 1
1788202589981 	 60 	 200 	 2660 	 0
1788202590187 	 13 	 200 	 2661 	 0
1788202590289 	 35 	 200 	 2662 	 0
1788202590329 	 13 	 200 	 2663 	 0
1788202590413 	 31 	 200 	 2664 	 0
1788202590857 	 17 	 200 	 2665 	 0
1788202590883 	 17 	 200 	 2666 	 0
1788202591128 	 36 	 200 	 2667 	 0
1788202591506 	 13 	 200 	 2668 	 0
1788202591909 	 22 	 200 	 2669 	 0
1788202592193 	 37 	 200 	 2670 	 0
1788202592266 	 31 	 200 	 2671 	 0
1788202592538 	 19 	 200 	 2672 	 0
1788202592605 	 32 	 200 	 2673 	 0
1788202592726 	 36 	 200 	 2674 	 0
1788202593118 	 35 	 200 	 2676 	 1
1788202593133 	 34 	 200 	 2676 	 0
1788202593366 	 17 	 200 	 2677 	 0
1788202593457 	 30 	 200 	 2678 	 0
1788202593528 	 20 	 200 	 2679 	 0
1788202593644 	 38 	 200 	 2680 	 0
1788202593710 	 15 	 200 	 2681 	 0
1788202593861 	 27 	 200 	 2682 	 0
1788202594050 	 17 	 200 	 2683 	 0
1788202594196 	 35 	 200 	 2684 	 0
1788202594515 	 14 	 200 	 2685 	 0
1788202594657 	 29 	 200 	 2686 	 0
1788202594735 	 18 	 200 	 2687 	 0
1788202594793 	 39 	 200 	 2688 	 0
1788202595200 	 35 	 200 	 2690 	 1
1788202595209 	 39 	 200 	 2690 	 0
1788202595316 	 20 	 200 	 2691 	 0
1788202595342 	 16 	 200 	 2692 	 0
1788202595532 	 37 	 200 	 2694 	 1
1788202595553 	 25 	 200 	 2694 	 0
1788202595929 	 32 	 200 	 2695 	 0
1788202596266 	 29 	 200 	 2696 	 0
1788202596355 	 23 	 200 	 2698 	 1
1788202596377 	 14 	 200 	 2698 	 0
1788202596401 	 12 	 200 	 2699 	 0
1788202596965 	 22 	 200 	 2700 	 0
1788202597109 	 24 	 200 	 2701 	 0
1788202597509 	 15 	 200 	 2702 	 0
1788202597549 	 14 	 200 	 2703 	 0
1788202597720 	 22 	 200 	 2704 	 0
1788202597909 	 32 	 200 	 2705 	 0
1788202598433 	 15 	 200 	 2706 	 0
1788202598600 	 14 	 200 	 2707 	 0
1788202598742 	 12 	 200 	 2708 	 0
1788202599956 	 20 	 200 	 2709 	 0
1788202600014 	 29 	 200 	 2711 	 1
1788202600025 	 32 	 200 	 2711 	 0
1788202600230 	 21 	 200 	 2712 	 0
1788202600336 	 12 	 200 	 2713 	 0
1788202600591 	 32 	 200 	 2714 	 0
1788202601158 	 34 	 200 	 2715 	 0
1788202602061 	 21 	 200 	 2716 	 0
1788202602906 	 37 	 200 	 2717 	 0
1788202603592 	 12 	 200 	 2718 	 0
1788202603703 	 14 	 200 	 2719 	 0
1788202603752 	 22 	 200 	 2720 	 0
1788202603911 	 36 	 200 	 2721 	 0
1788202604089 	 12 	 200 	 2722 	 0
1788202604106 	 12 	 200 	 2723 	 0
1788202604226 	 28 	 200 	 2724 	 0
1788202604333 	 12 	 200 	 2725 	 0
1788202604650 	 31 	 200 	 2726 	 0
1788202604705 	 26 	 200 	 2727 	 0
1788202604971 	 21 	 200 	 2728 	 0
1788202605036 	 34 	 200 	 2729 	 0
1788202605129 	 32 	 200 	 2730 	 0
1788202605218 	 16 	 200 	 2731 	 0
1788202605563 	 22 	 200 	 2732 	 0
1788202605657 	 29 	 200 	 2733 	 0
1788202605790 	 16 	 200 	 2734 	 0
1788202605912 	 29 	 200 	 2735 	 0
1788202606058 	 38 	 200 	 2736 	 0
1788202606102 	 33 	 200 	 2737 	 0
1788202607023 	 31 	 200 	 2738 	 0
1788202607098 	 17 	 200 	 2739 	 0
1788202607182 	 32 	 200 	 2740 	 0
1788202607241 	 15 	 200 	 2741 	 0
1788202607933 	 12 	 200 	 2743 	 1
1788202607651 	 369 	 200 	 2743 	 0
1788202608087 	 34 	 200 	 2744 	 0
1788202608290 	 14 	 200 	 2745 	 0
1788202608674 	 18 	 200 	 2746 	 0
1788202609022 	 26 	 200 	 2748 	 1
1788202609054 	 46 	 200 	 2749 	 1
1788202608892 	 246 	 200 	 2749 	 0
1788202609382 	 24 	 200 	 2750 	 0
1788202609522 	 19 	 200 	 2751 	 0
1788202609600 	 17 	 200 	 2752 	 0
1788202609982 	 13 	 200 	 2753 	 0
1788202610112 	 14 	 200 	 2754 	 0
1788202610341 	 33 	 200 	 2756 	 1
1788202610360 	 25 	 200 	 2756 	 0
1788202610474 	 35 	 200 	 2757 	 0
1788202610905 	 41 	 200 	 2759 	 1
1788202611089 	 18 	 200 	 2761 	 2
1788202611078 	 98 	 200 	 2761 	 1
1788202610813 	 391 	 200 	 2762 	 1
1788202611198 	 12 	 200 	 2762 	 0
1788202611323 	 25 	 200 	 2763 	 0
1788202611428 	 32 	 200 	 2764 	 0
1788202611691 	 22 	 200 	 2765 	 0
1788202612554 	 36 	 200 	 2766 	 0
1788202612666 	 33 	 200 	 2768 	 1
1788202612698 	 33 	 200 	 2770 	 2
1788202612712 	 24 	 200 	 2770 	 1
1788202612723 	 26 	 200 	 2771 	 1
1788202612739 	 14 	 200 	 2771 	 0
1788202612917 	 14 	 200 	 2773 	 1
1788202612931 	 14 	 200 	 2773 	 0
1788202613153 	 39 	 200 	 2774 	 0
1788202613403 	 31 	 200 	 2775 	 0
1788202613768 	 14 	 200 	 2776 	 0
1788202613794 	 14 	 200 	 2777 	 0
1788202614065 	 30 	 200 	 2778 	 0
1788202614893 	 29 	 200 	 2779 	 0
1788202615190 	 18 	 200 	 2780 	 0
1788202615250 	 12 	 200 	 2781 	 0
1788202615734 	 35 	 200 	 2782 	 0
1788202616108 	 32 	 200 	 2783 	 0
1788202616173 	 17 	 200 	 2784 	 0
1788202616455 	 13 	 200 	 2785 	 0
1788202616792 	 16 	 200 	 2786 	 0
1788202617611 	 25 	 200 	 2787 	 0
1788202617647 	 14 	 200 	 2788 	 0
1788202617874 	 15 	 200 	 2790 	 1
1788202617887 	 13 	 200 	 2790 	 0
1788202618899 	 33 	 200 	 2791 	 0
1788202619536 	 36 	 200 	 2792 	 0
1788202619873 	 25 	 200 	 2793 	 0
1788202620199 	 17 	 200 	 2794 	 0
1788202620422 	 22 	 200 	 2795 	 0
1788202620699 	 14 	 200 	 2796 	 0
1788202621090 	 20 	 200 	 2797 	 0
1788202621486 	 141 	 200 	 2798 	 0
1788202621743 	 17 	 200 	 2799 	 0
1788202621778 	 20 	 200 	 2800 	 0
1788202622468 	 26 	 200 	 2801 	 0
1788202622533 	 36 	 200 	 2802 	 0
1788202622633 	 33 	 200 	 2803 	 0
1788202622719 	 36 	 200 	 2804 	 0
1788202623259 	 32 	 200 	 2805 	 0
1788202623301 	 12 	 200 	 2806 	 0
1788202623396 	 14 	 200 	 2807 	 0
1788202623507 	 14 	 200 	 2808 	 0
1788202624113 	 18 	 200 	 2810 	 1
1788202624121 	 14 	 200 	 2810 	 0
1788202624142 	 12 	 200 	 2811 	 0
1788202624167 	 13 	 200 	 2812 	 0
1788202624423 	 37 	 200 	 2814 	 1
1788202624443 	 28 	 200 	 2814 	 0
1788202625197 	 38 	 200 	 2815 	 0
1788202625281 	 40 	 200 	 2816 	 0
1788202625412 	 30 	 200 	 2818 	 1
1788202625414 	 31 	 200 	 2818 	 0
1788202625464 	 29 	 200 	 2819 	 0
1788202626004 	 41 	 200 	 2820 	 0
1788202626200 	 32 	 200 	 2821 	 0
1788202626299 	 14 	 200 	 2822 	 0
1788202626525 	 34 	 200 	 2823 	 0
1788202626584 	 13 	 200 	 2824 	 0
1788202626646 	 36 	 200 	 2825 	 0
1788202627538 	 36 	 200 	 2827 	 1
1788202627550 	 29 	 200 	 2827 	 0
1788202627754 	 16 	 200 	 2828 	 0
1788202627984 	 12 	 200 	 2829 	 0
1788202628320 	 39 	 200 	 2830 	 0
1788202628575 	 32 	 200 	 2831 	 0
1788202628938 	 53 	 200 	 2832 	 0
1788202628998 	 16 	 200 	 2834 	 1
1788202628997 	 17 	 200 	 2834 	 0
1788202629245 	 13 	 200 	 2835 	 0
1788202629750 	 16 	 200 	 2836 	 0
1788202629845 	 21 	 200 	 2837 	 0
1788202630124 	 13 	 200 	 2838 	 0
1788202630231 	 21 	 200 	 2839 	 0
1788202630335 	 13 	 200 	 2840 	 0
1788202631550 	 37 	 200 	 2841 	 0
1788202632323 	 21 	 200 	 2842 	 0
1788202632661 	 26 	 200 	 2843 	 0
1788202633250 	 18 	 200 	 2844 	 0
1788202633331 	 27 	 200 	 2846 	 1
1788202633346 	 14 	 200 	 2846 	 0
1788202633462 	 33 	 200 	 2847 	 0
1788202633509 	 18 	 200 	 2848 	 0
1788202633722 	 18 	 200 	 2849 	 0
1788202633898 	 24 	 200 	 2850 	 0
1788202634158 	 39 	 200 	 2852 	 1
1788202634173 	 27 	 200 	 2852 	 0
1788202634542 	 34 	 200 	 2853 	 0
1788202634790 	 35 	 200 	 2855 	 1
1788202634818 	 32 	 200 	 2855 	 0
1788202635251 	 20 	 200 	 2856 	 0
1788202635736 	 36 	 200 	 2857 	 0
1788202635795 	 15 	 200 	 2858 	 0
1788202635893 	 39 	 200 	 2859 	 0
1788202635934 	 32 	 200 	 2861 	 1
1788202635954 	 14 	 200 	 2861 	 0
1788202636224 	 32 	 200 	 2863 	 1
1788202636227 	 33 	 200 	 2863 	 0
1788202636316 	 17 	 200 	 2864 	 0
1788202636498 	 15 	 200 	 2865 	 0
1788202636588 	 26 	 200 	 2866 	 0
1788202636804 	 36 	 200 	 2868 	 1
1788202636831 	 32 	 200 	 2868 	 0
1788202636942 	 31 	 200 	 2869 	 0
1788202637019 	 17 	 200 	 2871 	 1
1788202637025 	 13 	 200 	 2871 	 0
1788202637251 	 32 	 200 	 2872 	 0
1788202637515 	 32 	 200 	 2874 	 1
1788202637527 	 28 	 200 	 2874 	 0
1788202637693 	 33 	 200 	 2875 	 0
1788202637941 	 16 	 200 	 2876 	 0
1788202637966 	 13 	 200 	 2877 	 0
1788202638232 	 12 	 200 	 2878 	 0
1788202638416 	 31 	 200 	 2880 	 1
1788202638433 	 19 	 200 	 2880 	 0
1788202638651 	 21 	 200 	 2881 	 0
1788202639041 	 35 	 200 	 2882 	 0
1788202639243 	 13 	 200 	 2883 	 0
1788202639585 	 14 	 200 	 2884 	 0
1788202639872 	 25 	 200 	 2885 	 0
1788202639939 	 18 	 200 	 2886 	 0
1788202639994 	 34 	 200 	 2887 	 0
1788202640070 	 34 	 200 	 2889 	 1
1788202640073 	 41 	 200 	 2889 	 0
1788202640155 	 13 	 200 	 2890 	 0
1788202640387 	 39 	 200 	 2891 	 0
1788202640696 	 33 	 200 	 2892 	 0
1788202641139 	 14 	 200 	 2893 	 0
1788202641369 	 17 	 200 	 2894 	 0
1788202641749 	 24 	 200 	 2895 	 0
1788202642091 	 23 	 200 	 2896 	 0
1788202642296 	 36 	 200 	 2897 	 0
1788202642479 	 15 	 200 	 2899 	 1
1788202642620 	 24 	 200 	 2900 	 1
1788202642428 	 362 	 200 	 2900 	 0
1788202643287 	 16 	 200 	 2901 	 0
1788202643346 	 21 	 200 	 2902 	 0
1788202643381 	 37 	 200 	 2903 	 0
1788202643793 	 31 	 200 	 2904 	 0
1788202644041 	 37 	 200 	 2906 	 1
1788202644052 	 28 	 200 	 2906 	 0
1788202644294 	 34 	 200 	 2909 	 2
1788202644302 	 28 	 200 	 2909 	 1
1788202644329 	 13 	 200 	 2909 	 0
1788202644437 	 35 	 200 	 2910 	 0
1788202644704 	 43 	 200 	 2911 	 0
1788202644763 	 27 	 200 	 2912 	 0
1788202645029 	 37 	 200 	 2913 	 0
1788202645116 	 32 	 200 	 2914 	 0
1788202645498 	 16 	 200 	 2915 	 0
1788202646099 	 14 	 200 	 2916 	 0
1788202646332 	 31 	 200 	 2917 	 0
1788202646432 	 33 	 200 	 2918 	 0
1788202646493 	 32 	 200 	 2919 	 0
1788202646917 	 35 	 200 	 2920 	 0
1788202647165 	 42 	 200 	 2921 	 0
1788202647368 	 34 	 200 	 2922 	 0
1788202648267 	 27 	 200 	 2923 	 0
1788202648355 	 29 	 200 	 2924 	 0
1788202648802 	 12 	 200 	 2925 	 0
1788202649355 	 13 	 200 	 2926 	 0
1788202649609 	 14 	 200 	 2927 	 0
1788202649702 	 32 	 200 	 2928 	 0
1788202650132 	 23 	 200 	 2929 	 0
1788202650822 	 38 	 200 	 2930 	 0
1788202650876 	 30 	 200 	 2931 	 0
1788202650995 	 14 	 200 	 2933 	 1
1788202650991 	 19 	 200 	 2933 	 0
1788202651022 	 12 	 200 	 2934 	 0
1788202651118 	 30 	 200 	 2935 	 0
1788202651252 	 13 	 200 	 2936 	 0
1788202651598 	 36 	 200 	 2938 	 1
1788202651622 	 34 	 200 	 2938 	 0
1788202652105 	 25 	 200 	 2940 	 1
1788202652117 	 18 	 200 	 2940 	 0
1788202652709 	 36 	 200 	 2942 	 1
1788202652746 	 19 	 200 	 2942 	 0
1788202652803 	 37 	 200 	 2943 	 0
1788202652929 	 31 	 200 	 2945 	 1
1788202652931 	 35 	 200 	 2945 	 0
1788202653449 	 30 	 200 	 2946 	 0
1788202653971 	 14 	 200 	 2949 	 2
1788202653977 	 13 	 200 	 2949 	 1
1788202653981 	 18 	 200 	 2949 	 0
1788202654083 	 14 	 200 	 2950 	 0
1788202654172 	 15 	 200 	 2951 	 0
1788202654341 	 20 	 200 	 2952 	 0
1788202654684 	 37 	 200 	 2953 	 0
1788202654821 	 40 	 200 	 2954 	 0
1788202654868 	 39 	 200 	 2955 	 0
1788202655032 	 89 	 200 	 2956 	 0
1788202655438 	 18 	 200 	 2957 	 0
1788202655550 	 36 	 200 	 2959 	 1
1788202655575 	 32 	 200 	 2959 	 0
1788202655678 	 34 	 200 	 2960 	 0
1788202655935 	 36 	 200 	 2961 	 0
1788202656517 	 21 	 200 	 2962 	 0
1788202656561 	 23 	 200 	 2963 	 0
1788202656634 	 31 	 200 	 2964 	 0
1788202657044 	 17 	 200 	 2965 	 0
1788202657077 	 13 	 200 	 2966 	 0
1788202657547 	 22 	 200 	 2967 	 0
1788202657848 	 15 	 200 	 2968 	 0
1788202658099 	 37 	 200 	 2970 	 1
1788202658107 	 37 	 200 	 2970 	 0
1788202658177 	 16 	 200 	 2971 	 0
1788202658379 	 26 	 200 	 2972 	 0
1788202658622 	 34 	 200 	 2973 	 0
1788202658867 	 22 	 200 	 2974 	 0
1788202659048 	 26 	 200 	 2975 	 0
1788202659146 	 41 	 200 	 2976 	 0
1788202659336 	 21 	 200 	 2977 	 0
1788202659564 	 38 	 200 	 2978 	 0
1788202659614 	 29 	 200 	 2979 	 0
1788202659940 	 14 	 200 	 2980 	 0
1788202660196 	 15 	 200 	 2981 	 0
1788202660356 	 19 	 200 	 2983 	 1
1788202660366 	 15 	 200 	 2983 	 0
1788202660794 	 26 	 200 	 2984 	 0
1788202661109 	 31 	 200 	 2985 	 0
1788202661205 	 33 	 200 	 2986 	 0
1788202661288 	 12 	 200 	 2987 	 0
1788202661988 	 13 	 200 	 2988 	 0
1788202662019 	 13 	 200 	 2989 	 0
1788202662493 	 36 	 200 	 2990 	 0
1788202662976 	 31 	 200 	 2991 	 0
1788202663036 	 35 	 200 	 2993 	 1
1788202663056 	 24 	 200 	 2993 	 0
1788202663922 	 29 	 200 	 2994 	 0
1788202663967 	 16 	 200 	 2995 	 0
1788202664229 	 13 	 200 	 2996 	 0
1788202664410 	 30 	 200 	 2997 	 0
1788202664789 	 17 	 200 	 2998 	 0
1788202664944 	 31 	 200 	 2999 	 0
1788202665140 	 32 	 200 	 3000 	 0