1787308196607 	 24 	 200 	 3 	 2
1787308196619 	 20 	 200 	 4 	 2
1787308196624 	 25 	 200 	 4 	 1
1787308196635 	 17 	 200 	 4 	 0
1787308196686 	 13 	 200 	 6 	 1
1787308196690 	 15 	 200 	 6 	 0
1787308196752 	 19 	 200 	 8 	 1
1787308196767 	 18 	 200 	 8 	 0
1787308196802 	 13 	 200 	 9 	 0
1787308196859 	 14 	 200 	 10 	 0
1787308196902 	 16 	 200 	 11 	 0
1787308196935 	 15 	 200 	 13 	 1
1787308196944 	 15 	 200 	 13 	 0
1787308196990 	 16 	 200 	 15 	 1
1787308197001 	 14 	 200 	 15 	 0
1787308197060 	 35 	 200 	 20 	 4
1787308197076 	 23 	 200 	 20 	 3
1787308197079 	 23 	 200 	 20 	 2
1787308197091 	 18 	 200 	 21 	 2
1787308197082 	 27 	 200 	 21 	 1
1787308197105 	 17 	 200 	 22 	 1
1787308197118 	 18 	 200 	 23 	 1
1787308197134 	 14 	 200 	 24 	 1
1787308197143 	 27 	 200 	 25 	 1
1787308197150 	 23 	 200 	 25 	 0
1787308197179 	 12 	 200 	 26 	 0
1787308197194 	 16 	 200 	 27 	 0
1787308197220 	 14 	 200 	 28 	 0
1787308197240 	 14 	 200 	 30 	 1
1787308197244 	 13 	 200 	 30 	 0
1787308197277 	 16 	 200 	 31 	 0
1787308197305 	 18 	 200 	 33 	 1
1787308197315 	 16 	 200 	 33 	 0
1787308197334 	 15 	 200 	 34 	 0
1787308197360 	 16 	 200 	 37 	 2
1787308197370 	 22 	 200 	 38 	 2
1787308197371 	 22 	 200 	 38 	 1
1787308197392 	 15 	 200 	 39 	 1
1787308197403 	 15 	 200 	 40 	 1
1787308197420 	 13 	 200 	 41 	 1
1787308197423 	 12 	 200 	 41 	 0
1787308197448 	 14 	 200 	 43 	 1
1787308197449 	 14 	 200 	 43 	 0
1787308197525 	 19 	 200 	 45 	 1
1787308197531 	 17 	 200 	 46 	 1
1787308197547 	 13 	 200 	 47 	 1
1787308197559 	 16 	 200 	 49 	 2
1787308197566 	 15 	 200 	 49 	 1
1787308197570 	 15 	 200 	 49 	 0
1787308197624 	 13 	 200 	 51 	 2
1787308197632 	 18 	 200 	 53 	 2
1787308197639 	 14 	 200 	 53 	 1
1787308197643 	 13 	 200 	 54 	 1
1787308197655 	 12 	 200 	 54 	 0
1787308197703 	 15 	 200 	 55 	 0
1787308197722 	 12 	 200 	 56 	 0
1787308197756 	 16 	 200 	 58 	 1
1787308197758 	 15 	 200 	 58 	 0
1787308197828 	 24 	 200 	 61 	 2
1787308197839 	 13 	 200 	 61 	 1
1787308197843 	 17 	 200 	 62 	 1
1787308197856 	 14 	 200 	 62 	 0
1787308197884 	 14 	 200 	 63 	 0
1787308197909 	 17 	 200 	 64 	 0
1787308197931 	 13 	 200 	 65 	 0
1787308197950 	 12 	 200 	 66 	 0
1787308197967 	 15 	 200 	 68 	 1
1787308197968 	 16 	 200 	 68 	 0
1787308198005 	 18 	 200 	 69 	 0
1787308198025 	 12 	 200 	 70 	 0
1787308198079 	 23 	 200 	 72 	 1
1787308198090 	 22 	 200 	 72 	 0
1787308198123 	 14 	 200 	 75 	 2
1787308198126 	 18 	 200 	 75 	 1
1787308198128 	 19 	 200 	 75 	 0
1787308198156 	 17 	 200 	 76 	 0
1787308198184 	 12 	 200 	 77 	 0
1787308198214 	 22 	 200 	 78 	 0
1787308198243 	 14 	 200 	 79 	 0
1787308198302 	 14 	 200 	 81 	 1
1787308198305 	 12 	 200 	 81 	 0
1787308198341 	 17 	 200 	 84 	 2
1787308198354 	 14 	 200 	 84 	 1
1787308198359 	 13 	 200 	 84 	 0
1787308198429 	 19 	 200 	 86 	 1
1787308198440 	 19 	 200 	 87 	 1
1787308198452 	 14 	 200 	 87 	 0
1787308198516 	 13 	 200 	 88 	 0
1787308198588 	 13 	 200 	 89 	 0
1787308198647 	 14 	 200 	 92 	 2
1787308198656 	 16 	 200 	 92 	 1
1787308198659 	 15 	 200 	 92 	 0
1787308198680 	 13 	 200 	 94 	 1
1787308198679 	 13 	 200 	 94 	 0
1787308198697 	 13 	 200 	 97 	 2
1787308198702 	 15 	 200 	 97 	 1
1787308198710 	 13 	 200 	 98 	 1
1787308198718 	 14 	 200 	 98 	 0
1787308198774 	 14 	 200 	 99 	 0
1787308198795 	 13 	 200 	 101 	 1
1787308198807 	 15 	 200 	 102 	 1
1787308198820 	 14 	 200 	 102 	 0
1787308198851 	 19 	 200 	 106 	 3
1787308198852 	 19 	 200 	 106 	 2
1787308198862 	 15 	 200 	 106 	 2
1787308198864 	 15 	 200 	 107 	 1
1787308198879 	 15 	 200 	 107 	 0
1787308198915 	 16 	 200 	 109 	 2
1787308198923 	 14 	 200 	 110 	 1
1787308198933 	 14 	 200 	 111 	 1
1787308198940 	 19 	 200 	 111 	 0
1787308199002 	 16 	 200 	 112 	 0
1787308199025 	 13 	 200 	 113 	 0
1787308199045 	 12 	 200 	 114 	 0
1787308199113 	 17 	 200 	 117 	 2
1787308199119 	 13 	 200 	 117 	 1
1787308199114 	 27 	 200 	 118 	 1
1787308199135 	 19 	 200 	 119 	 1
1787308199151 	 14 	 200 	 120 	 1
1787308199159 	 13 	 200 	 120 	 0
1787308199265 	 23 	 200 	 124 	 3
1787308199239 	 50 	 200 	 124 	 2
1787308199255 	 37 	 200 	 124 	 1
1787308199277 	 24 	 200 	 124 	 0
1787308199314 	 15 	 200 	 127 	 2
1787308199317 	 15 	 200 	 128 	 2
1787308199323 	 15 	 200 	 128 	 1
1787308199332 	 21 	 200 	 130 	 2
1787308199353 	 15 	 200 	 131 	 2
1787308199357 	 12 	 200 	 131 	 1
1787308199349 	 28 	 200 	 131 	 0
1787308199385 	 14 	 200 	 133 	 1
1787308199387 	 14 	 200 	 133 	 0
1787308199427 	 13 	 200 	 135 	 1
1787308199440 	 18 	 200 	 136 	 1
1787308199443 	 15 	 200 	 137 	 1
1787308199458 	 13 	 200 	 137 	 0
1787308199504 	 18 	 200 	 140 	 2
1787308199519 	 14 	 200 	 140 	 1
1787308199523 	 15 	 200 	 140 	 0
1787308199560 	 13 	 200 	 141 	 0
1787308199587 	 18 	 200 	 142 	 0
1787308199643 	 15 	 200 	 144 	 1
1787308199656 	 16 	 200 	 144 	 0
1787308199688 	 14 	 200 	 145 	 0
1787308199733 	 14 	 200 	 148 	 2
1787308199735 	 17 	 200 	 148 	 1
1787308199742 	 14 	 200 	 149 	 1
1787308199759 	 15 	 200 	 151 	 2
1787308199755 	 23 	 200 	 151 	 1
1787308199774 	 16 	 200 	 152 	 1
1787308199782 	 21 	 200 	 152 	 0
1787308199816 	 15 	 200 	 154 	 1
1787308199826 	 18 	 200 	 156 	 2
1787308199836 	 14 	 200 	 156 	 1
1787308199841 	 14 	 200 	 156 	 0
1787308199863 	 12 	 200 	 157 	 0
1787308199897 	 14 	 200 	 158 	 0
1787308199921 	 15 	 200 	 159 	 0
1787308199955 	 14 	 200 	 160 	 0
1787308199985 	 13 	 200 	 162 	 1
1787308199989 	 13 	 200 	 162 	 0
1787308200007 	 15 	 200 	 164 	 1
1787308200010 	 16 	 200 	 164 	 0
1787308200057 	 12 	 200 	 165 	 0
1787308200158 	 39 	 200 	 167 	 1
1787308200176 	 25 	 200 	 167 	 0
1787308200208 	 12 	 200 	 168 	 0
1787308200224 	 13 	 200 	 169 	 0
1787308200240 	 12 	 200 	 170 	 0
1787308200272 	 15 	 200 	 171 	 0
1787308200315 	 16 	 200 	 173 	 1
1787308200330 	 14 	 200 	 175 	 2
1787308200336 	 14 	 200 	 175 	 1
1787308200339 	 14 	 200 	 175 	 0
1787308200362 	 13 	 200 	 177 	 1
1787308200371 	 12 	 200 	 177 	 0
1787308200409 	 23 	 200 	 179 	 1
1787308200430 	 16 	 200 	 180 	 1
1787308200441 	 23 	 200 	 182 	 2
1787308200449 	 18 	 200 	 182 	 1
1787308200486 	 13 	 200 	 185 	 3
1787308200490 	 31 	 200 	 187 	 4
1787308200483 	 40 	 200 	 187 	 3
1787308200454 	 71 	 200 	 187 	 2
1787308200512 	 19 	 200 	 189 	 3
1787308200516 	 17 	 200 	 189 	 2
1787308200530 	 15 	 200 	 189 	 1
1787308200531 	 15 	 200 	 189 	 0
1787308200559 	 12 	 200 	 190 	 0
1787308200590 	 13 	 200 	 191 	 0
1787308200625 	 15 	 200 	 195 	 3
1787308200626 	 15 	 200 	 195 	 2
1787308200627 	 16 	 200 	 195 	 1
1787308200641 	 13 	 200 	 195 	 0
1787308200677 	 13 	 200 	 196 	 0
1787308200707 	 12 	 200 	 197 	 0
1787308200778 	 15 	 200 	 200 	 2
1787308200749 	 44 	 200 	 200 	 1
1787308200788 	 16 	 200 	 200 	 0
1787308200822 	 13 	 200 	 202 	 1
1787308200831 	 20 	 200 	 204 	 2
1787308200843 	 14 	 200 	 204 	 1
1787308200841 	 17 	 200 	 204 	 0
1787308200892 	 13 	 200 	 208 	 3
1787308200904 	 16 	 200 	 208 	 2
1787308200906 	 16 	 200 	 208 	 1
1787308200904 	 22 	 200 	 208 	 0
1787308200944 	 15 	 200 	 210 	 1
1787308200952 	 15 	 200 	 212 	 2
1787308200962 	 17 	 200 	 213 	 2
1787308200968 	 17 	 200 	 213 	 1
1787308200972 	 16 	 200 	 213 	 0
1787308201010 	 13 	 200 	 215 	 1
1787308201013 	 13 	 200 	 215 	 0
1787308201035 	 12 	 200 	 216 	 0
1787308201049 	 16 	 200 	 217 	 0
1787308201094 	 18 	 200 	 220 	 2
1787308201099 	 16 	 200 	 220 	 1
1787308201111 	 14 	 200 	 221 	 1
1787308201123 	 15 	 200 	 221 	 0
1787308201151 	 14 	 200 	 222 	 0
1787308201181 	 14 	 200 	 223 	 0
1787308201206 	 20 	 200 	 224 	 0
1787308201256 	 13 	 200 	 226 	 1
1787308201270 	 15 	 200 	 226 	 0
1787308201371 	 33 	 200 	 227 	 0
1787308201428 	 26 	 200 	 228 	 0
1787308201461 	 15 	 200 	 229 	 0
1787308201482 	 18 	 200 	 233 	 3
1787308201487 	 18 	 200 	 233 	 2
1787308201491 	 28 	 200 	 233 	 1
1787308201495 	 26 	 200 	 233 	 0
1787308201556 	 16 	 200 	 234 	 0
1787308201582 	 15 	 200 	 236 	 1
1787308201590 	 13 	 200 	 236 	 0
1787308201611 	 13 	 200 	 238 	 1
1787308201622 	 15 	 200 	 239 	 1
1787308201630 	 14 	 200 	 239 	 0
1787308201691 	 16 	 200 	 241 	 1
1787308201706 	 13 	 200 	 242 	 1
1787308201714 	 14 	 200 	 242 	 0
1787308201761 	 29 	 200 	 244 	 1
1787308201780 	 17 	 200 	 246 	 2
1787308201797 	 13 	 200 	 246 	 1
1787308201861 	 14 	 200 	 249 	 3
1787308201870 	 14 	 200 	 249 	 2
1787308201795 	 135 	 200 	 250 	 2
1787308201849 	 81 	 200 	 250 	 1
1787308201925 	 19 	 200 	 251 	 1
1787308201935 	 13 	 200 	 251 	 0
1787308201952 	 14 	 200 	 252 	 0
1787308201970 	 14 	 200 	 253 	 0
1787308202010 	 13 	 200 	 255 	 1
1787308202012 	 13 	 200 	 255 	 0
1787308202042 	 13 	 200 	 256 	 0
1787308202067 	 12 	 200 	 257 	 0
1787308202089 	 15 	 200 	 259 	 1
1787308202096 	 12 	 200 	 260 	 1
1787308202108 	 14 	 200 	 261 	 1
1787308202116 	 15 	 200 	 261 	 0
1787308202155 	 15 	 200 	 265 	 3
1787308202152 	 19 	 200 	 265 	 2
1787308202158 	 15 	 200 	 265 	 1
1787308202160 	 15 	 200 	 265 	 0
1787308202191 	 18 	 200 	 268 	 2
1787308202197 	 15 	 200 	 268 	 1
1787308202208 	 14 	 200 	 269 	 1
1787308202219 	 15 	 200 	 269 	 0
1787308202259 	 13 	 200 	 270 	 0
1787308202278 	 13 	 200 	 272 	 1
1787308202291 	 13 	 200 	 274 	 2
1787308202300 	 16 	 200 	 275 	 2
1787308202306 	 13 	 200 	 275 	 1
1787308202305 	 19 	 200 	 275 	 0
1787308202336 	 13 	 200 	 277 	 1
1787308202345 	 13 	 200 	 278 	 1
1787308202358 	 12 	 200 	 278 	 0
1787308202380 	 14 	 200 	 280 	 1
1787308202382 	 14 	 200 	 280 	 0
1787308202403 	 24 	 200 	 282 	 2
1787308202418 	 17 	 200 	 283 	 1
1787308202428 	 13 	 200 	 283 	 0
1787308202502 	 17 	 200 	 285 	 1
1787308202501 	 19 	 200 	 285 	 0
1787308202524 	 17 	 200 	 287 	 1
1787308202539 	 15 	 200 	 288 	 1
1787308202554 	 12 	 200 	 288 	 0
1787308202583 	 12 	 200 	 290 	 1
1787308202577 	 31 	 200 	 290 	 0
1787308202650 	 15 	 200 	 292 	 1
1787308202665 	 18 	 200 	 293 	 1
1787308202668 	 17 	 200 	 293 	 0
1787308202723 	 18 	 200 	 298 	 4
1787308202729 	 21 	 200 	 299 	 4
1787308202730 	 29 	 200 	 300 	 4
1787308202734 	 25 	 200 	 300 	 3
1787308202741 	 25 	 200 	 300 	 2
1787308202748 	 22 	 200 	 300 	 1
1787308202757 	 16 	 200 	 301 	 1
1787308202773 	 12 	 200 	 301 	 0
1787308202823 	 21 	 200 	 302 	 0
1787308202854 	 19 	 200 	 303 	 0
1787308202881 	 14 	 200 	 304 	 0
1787308202930 	 16 	 200 	 305 	 0
1787308202975 	 13 	 200 	 307 	 1
1787308202979 	 23 	 200 	 307 	 0
1787308203036 	 12 	 200 	 309 	 1
1787308203044 	 14 	 200 	 309 	 0
1787308203116 	 32 	 200 	 311 	 1
1787308203130 	 28 	 200 	 311 	 0
1787308203163 	 15 	 200 	 313 	 1
1787308203171 	 15 	 200 	 313 	 0
1787308203199 	 12 	 200 	 317 	 3
1787308203211 	 14 	 200 	 318 	 3
1787308203205 	 22 	 200 	 318 	 2
1787308203224 	 17 	 200 	 318 	 1
1787308203279 	 14 	 200 	 319 	 1
1787308203328 	 13 	 200 	 320 	 1
1787308203359 	 14 	 200 	 323 	 3
1787308203352 	 24 	 200 	 323 	 2
1787308203369 	 17 	 200 	 323 	 1
1787308203397 	 25 	 200 	 326 	 3
1787308203392 	 34 	 200 	 326 	 2
1787308203421 	 13 	 200 	 326 	 1
1787308203442 	 31 	 200 	 329 	 3
1787308203437 	 38 	 200 	 329 	 2
1787308203472 	 44 	 200 	 332 	 4
1787308203479 	 44 	 200 	 332 	 3
1787308203485 	 38 	 200 	 332 	 2
1787308203517 	 15 	 200 	 332 	 1
1787308203589 	 34 	 200 	 338 	 6
1787308203600 	 67 	 200 	 339 	 6
1787308203607 	 62 	 200 	 340 	 6
1787308203622 	 48 	 200 	 340 	 5
1787308203595 	 80 	 200 	 340 	 4
1787308203621 	 54 	 200 	 340 	 3
1787308203637 	 39 	 200 	 340 	 2
1787308203668 	 52 	 200 	 343 	 4
1787308203694 	 28 	 200 	 343 	 3
1787308203707 	 21 	 200 	 343 	 2
1787308203188 	 548 	 200 	 343 	 1
1787308203678 	 59 	 200 	 343 	 0
1787308203744 	 14 	 200 	 344 	 0
1787308203760 	 25 	 200 	 346 	 1
1787308203774 	 15 	 200 	 346 	 0
1787308203813 	 17 	 200 	 347 	 0
1787308203859 	 14 	 200 	 348 	 0
1787308203877 	 15 	 200 	 349 	 0
1787308203901 	 13 	 200 	 350 	 0
1787308203922 	 13 	 200 	 352 	 1
1787308203932 	 14 	 200 	 352 	 0
1787308203975 	 16 	 200 	 355 	 2
1787308203974 	 17 	 200 	 355 	 1
1787308203987 	 22 	 200 	 355 	 0
1787308204048 	 13 	 200 	 356 	 0
1787308204071 	 14 	 200 	 359 	 2
1787308204081 	 13 	 200 	 359 	 1
1787308204085 	 13 	 200 	 359 	 0
1787308204100 	 13 	 200 	 360 	 0
1787308204141 	 14 	 200 	 362 	 1
1787308204152 	 13 	 200 	 362 	 0
1787308204180 	 21 	 200 	 364 	 1
1787308204187 	 16 	 200 	 364 	 0
1787308204273 	 15 	 200 	 365 	 0
1787308204326 	 15 	 200 	 367 	 1
1787308204330 	 12 	 200 	 367 	 0
1787308204356 	 19 	 200 	 368 	 0
1787308204396 	 15 	 200 	 371 	 2
1787308204404 	 17 	 200 	 372 	 2
1787308204406 	 17 	 200 	 372 	 1
1787308204415 	 18 	 200 	 372 	 0
1787308204450 	 13 	 200 	 373 	 0
1787308204469 	 12 	 200 	 374 	 0
1787308204528 	 16 	 200 	 376 	 1
1787308204540 	 16 	 200 	 376 	 0
1787308204561 	 19 	 200 	 378 	 1
1787308204577 	 16 	 200 	 378 	 0
1787308204647 	 17 	 200 	 379 	 0
1787308204676 	 13 	 200 	 380 	 0
1787308204699 	 13 	 200 	 382 	 1
1787308204691 	 22 	 200 	 382 	 0
1787308204735 	 13 	 200 	 383 	 0
1787308204755 	 15 	 200 	 385 	 1
1787308204756 	 26 	 200 	 386 	 1
1787308204774 	 15 	 200 	 387 	 1
1787308204784 	 20 	 200 	 389 	 2
1787308204793 	 13 	 200 	 389 	 2
1787308204796 	 16 	 200 	 390 	 1
1787308204807 	 13 	 200 	 390 	 0
1787308204846 	 15 	 200 	 392 	 1
1787308204849 	 17 	 200 	 392 	 0
1787308204880 	 13 	 200 	 394 	 1
1787308204892 	 12 	 200 	 394 	 0
1787308204917 	 14 	 200 	 395 	 0
1787308204983 	 17 	 200 	 397 	 1
1787308204998 	 12 	 200 	 397 	 0
1787308205024 	 13 	 200 	 399 	 1
1787308205028 	 12 	 200 	 399 	 0
1787308205057 	 19 	 200 	 400 	 0
1787308205082 	 12 	 200 	 401 	 0
1787308205158 	 26 	 200 	 406 	 4
1787308205154 	 31 	 200 	 406 	 3
1787308205178 	 16 	 200 	 406 	 2
1787308205181 	 15 	 200 	 406 	 1
1787308205179 	 20 	 200 	 406 	 0
1787308205230 	 13 	 200 	 407 	 0
1787308205261 	 19 	 200 	 409 	 1
1787308205277 	 15 	 200 	 409 	 0
1787308205324 	 13 	 200 	 410 	 0
1787308205342 	 13 	 200 	 412 	 1
1787308205351 	 13 	 200 	 412 	 0
1787308205374 	 17 	 200 	 415 	 2
1787308205382 	 14 	 200 	 417 	 4
1787308205386 	 20 	 200 	 418 	 3
1787308205396 	 16 	 200 	 418 	 2
1787308205394 	 35 	 200 	 419 	 2
1787308205418 	 12 	 200 	 419 	 1
1787308205397 	 36 	 200 	 419 	 0
1787308205446 	 14 	 200 	 422 	 2
1787308205445 	 15 	 200 	 422 	 1
1787308205452 	 20 	 200 	 422 	 0
1787308205524 	 14 	 200 	 424 	 1
1787308205526 	 16 	 200 	 424 	 0
1787308205566 	 17 	 200 	 426 	 1
1787308205581 	 13 	 200 	 426 	 0
1787308205603 	 22 	 200 	 429 	 2
1787308205598 	 27 	 200 	 429 	 1
1787308205605 	 22 	 200 	 429 	 0
1787308205636 	 22 	 200 	 431 	 1
1787308205646 	 15 	 200 	 431 	 0
1787308205670 	 15 	 200 	 432 	 0
1787308205697 	 15 	 200 	 433 	 0
1787308205728 	 13 	 200 	 435 	 1
1787308205741 	 12 	 200 	 435 	 0
1787308205757 	 14 	 200 	 437 	 1
1787308205762 	 13 	 200 	 437 	 0
1787308205805 	 20 	 200 	 440 	 2
1787308205810 	 16 	 200 	 440 	 1
1787308205822 	 14 	 200 	 440 	 0
1787308205878 	 21 	 200 	 443 	 2
1787308205886 	 15 	 200 	 444 	 2
1787308205895 	 14 	 200 	 444 	 1
1787308205902 	 15 	 200 	 444 	 0
1787308205923 	 14 	 200 	 445 	 0
1787308205959 	 14 	 200 	 447 	 1
1787308205973 	 15 	 200 	 447 	 0
1787308206029 	 15 	 200 	 449 	 1
1787308206035 	 12 	 200 	 449 	 0
1787308206049 	 19 	 200 	 450 	 0
1787308206097 	 19 	 200 	 451 	 0
1787308206131 	 14 	 200 	 456 	 4
1787308206128 	 18 	 200 	 456 	 3
1787308206135 	 17 	 200 	 456 	 2
1787308206143 	 16 	 200 	 456 	 1
1787308206145 	 16 	 200 	 456 	 0
1787308206170 	 16 	 200 	 459 	 2
1787308206176 	 12 	 200 	 460 	 2
1787308206178 	 13 	 200 	 460 	 1
1787308206188 	 13 	 200 	 460 	 0
1787308206229 	 13 	 200 	 461 	 0
1787308206248 	 18 	 200 	 462 	 0
1787308206276 	 16 	 200 	 463 	 0
1787308206300 	 13 	 200 	 464 	 0
1787308206348 	 13 	 200 	 466 	 1
1787308206351 	 12 	 200 	 466 	 0
1787308206366 	 16 	 200 	 467 	 0
1787308206391 	 14 	 200 	 469 	 1
1787308206394 	 15 	 200 	 469 	 0
1787308206417 	 16 	 200 	 472 	 2
1787308206425 	 13 	 200 	 472 	 1
1787308206429 	 16 	 200 	 472 	 0
1787308206447 	 13 	 200 	 474 	 1
1787308206452 	 13 	 200 	 475 	 1
1787308206466 	 13 	 200 	 476 	 1
1787308206475 	 14 	 200 	 478 	 2
1787308206482 	 18 	 200 	 479 	 2
1787308206485 	 17 	 200 	 479 	 1
1787308206495 	 15 	 200 	 479 	 0
1787308206512 	 15 	 200 	 481 	 1
1787308206527 	 16 	 200 	 482 	 1
1787308206541 	 18 	 200 	 483 	 1
1787308206553 	 15 	 200 	 483 	 0
1787308206577 	 13 	 200 	 484 	 0
1787308206609 	 14 	 200 	 486 	 1
1787308206620 	 13 	 200 	 486 	 0
1787308206661 	 14 	 200 	 489 	 2
1787308206662 	 14 	 200 	 489 	 1
1787308206663 	 16 	 200 	 489 	 0
1787308206744 	 22 	 200 	 491 	 1
1787308206762 	 15 	 200 	 492 	 1
1787308206773 	 13 	 200 	 492 	 0
1787308206820 	 15 	 200 	 493 	 0
1787308206838 	 27 	 200 	 494 	 0
1787308206867 	 13 	 200 	 496 	 1
1787308206877 	 12 	 200 	 496 	 0
1787308206913 	 15 	 200 	 498 	 1
1787308206937 	 12 	 200 	 500 	 2
1787308206923 	 31 	 200 	 500 	 1
1787308206940 	 17 	 200 	 500 	 0
1787308206961 	 16 	 200 	 501 	 0
1787308207004 	 12 	 200 	 502 	 0
1787308207047 	 14 	 200 	 504 	 1
1787308207056 	 13 	 200 	 505 	 1
1787308207064 	 12 	 200 	 505 	 0
1787308207129 	 27 	 200 	 507 	 1
1787308207127 	 31 	 200 	 508 	 1
1787308207158 	 16 	 200 	 508 	 0
1787308207192 	 31 	 200 	 509 	 0
1787308207251 	 34 	 200 	 511 	 1
1787308207256 	 33 	 200 	 511 	 0
1787308207357 	 36 	 200 	 513 	 1
1787308207389 	 17 	 200 	 513 	 0
1787308207421 	 12 	 200 	 514 	 0
1787308207443 	 22 	 200 	 516 	 1
1787308207453 	 15 	 200 	 516 	 0
1787308207497 	 14 	 200 	 519 	 2
1787308207502 	 15 	 200 	 520 	 2
1787308207501 	 15 	 200 	 520 	 1
1787308207514 	 13 	 200 	 520 	 0
1787308207568 	 36 	 200 	 524 	 3
1787308207603 	 18 	 200 	 524 	 2
1787308207595 	 26 	 200 	 524 	 1
1787308207593 	 31 	 200 	 524 	 0
1787308207636 	 14 	 200 	 526 	 1
1787308207635 	 17 	 200 	 526 	 0
1787308207687 	 27 	 200 	 527 	 0
1787308207755 	 17 	 200 	 530 	 2
1787308207754 	 19 	 200 	 530 	 1
1787308207764 	 16 	 200 	 530 	 0
1787308207830 	 19 	 200 	 534 	 3
1787308207844 	 14 	 200 	 534 	 2
1787308207840 	 21 	 200 	 534 	 1
1787308207841 	 26 	 200 	 534 	 0
1787308207870 	 14 	 200 	 537 	 2
1787308207883 	 12 	 200 	 537 	 1
1787308207880 	 17 	 200 	 538 	 1
1787308207897 	 17 	 200 	 538 	 0
1787308207918 	 18 	 200 	 541 	 2
1787308207928 	 16 	 200 	 542 	 2
1787308207926 	 19 	 200 	 542 	 1
1787308207940 	 16 	 200 	 543 	 1
1787308207949 	 84 	 200 	 545 	 2
1787308208016 	 19 	 200 	 545 	 1
1787308208033 	 14 	 200 	 545 	 0
1787308208050 	 15 	 200 	 546 	 0
1787308208102 	 17 	 200 	 548 	 1
1787308208118 	 14 	 200 	 549 	 1
1787308208123 	 16 	 200 	 550 	 1
1787308208135 	 26 	 200 	 550 	 0
1787308208193 	 27 	 200 	 552 	 1
1787308208176 	 44 	 200 	 552 	 0
1787308208230 	 13 	 200 	 553 	 0
1787308208292 	 15 	 200 	 555 	 1
1787308208299 	 13 	 200 	 555 	 0
1787308208329 	 17 	 200 	 559 	 3
1787308208334 	 17 	 200 	 559 	 2
1787308208343 	 15 	 200 	 559 	 1
1787308208345 	 15 	 200 	 560 	 1
1787308208360 	 15 	 200 	 561 	 1
1787308208364 	 15 	 200 	 561 	 0
1787308208401 	 12 	 200 	 562 	 0
1787308208442 	 13 	 200 	 563 	 0
1787308208465 	 13 	 200 	 565 	 1
1787308208475 	 12 	 200 	 565 	 0
1787308208494 	 17 	 200 	 566 	 0
1787308208514 	 17 	 200 	 567 	 0
1787308208559 	 29 	 200 	 569 	 1
1787308208561 	 30 	 200 	 569 	 0
1787308208593 	 12 	 200 	 570 	 0
1787308208613 	 16 	 200 	 573 	 2
1787308208626 	 16 	 200 	 574 	 2
1787308208630 	 12 	 200 	 574 	 1
1787308208637 	 14 	 200 	 575 	 1
1787308208649 	 15 	 200 	 575 	 0
1787308208675 	 16 	 200 	 578 	 2
1787308208680 	 13 	 200 	 578 	 1
1787308208688 	 13 	 200 	 580 	 2
1787308208695 	 18 	 200 	 580 	 1
1787308208695 	 44 	 200 	 580 	 0
1787308208750 	 13 	 200 	 581 	 0
1787308208772 	 12 	 200 	 582 	 0
1787308208785 	 16 	 200 	 583 	 0
1787308208802 	 12 	 200 	 584 	 0
1787308208839 	 23 	 200 	 586 	 1
1787308208854 	 18 	 200 	 587 	 1
1787308208870 	 15 	 200 	 587 	 0
1787308208887 	 20 	 200 	 590 	 2
1787308208911 	 15 	 200 	 592 	 3
1787308208920 	 14 	 200 	 592 	 2
1787308208895 	 49 	 200 	 596 	 5
1787308208889 	 61 	 200 	 596 	 4
1787308208946 	 24 	 200 	 596 	 3
1787308208941 	 30 	 200 	 596 	 2
1787308208941 	 47 	 200 	 596 	 1
1787308208943 	 50 	 200 	 596 	 0
1787308208995 	 13 	 200 	 597 	 0
1787308209015 	 16 	 200 	 603 	 5
1787308209018 	 25 	 200 	 603 	 4
1787308209015 	 28 	 200 	 603 	 3
1787308209028 	 17 	 200 	 604 	 3
1787308209027 	 26 	 200 	 604 	 2
1787308209045 	 22 	 200 	 605 	 2
1787308209027 	 43 	 200 	 605 	 1
1787308209063 	 13 	 200 	 605 	 0
1787308209099 	 12 	 200 	 607 	 1
1787308209103 	 19 	 200 	 607 	 0
1787308209203 	 32 	 200 	 610 	 2
1787308209211 	 35 	 200 	 611 	 2
1787308209233 	 19 	 200 	 611 	 1
1787308209243 	 14 	 200 	 611 	 0
1787308209302 	 18 	 200 	 615 	 3
1787308209285 	 43 	 200 	 616 	 3
1787308209315 	 18 	 200 	 616 	 2
1787308209316 	 18 	 200 	 616 	 1
1787308209325 	 15 	 200 	 617 	 1
1787308209338 	 14 	 200 	 617 	 0
1787308209383 	 14 	 200 	 619 	 1
1787308209393 	 13 	 200 	 619 	 0
1787308209420 	 19 	 200 	 621 	 1
1787308209433 	 14 	 200 	 622 	 1
1787308209441 	 12 	 200 	 623 	 1
1787308209451 	 15 	 200 	 624 	 1
1787308209458 	 15 	 200 	 624 	 0
1787308209507 	 14 	 200 	 626 	 1
1787308209517 	 13 	 200 	 626 	 0
1787308209546 	 17 	 200 	 628 	 1
1787308209561 	 14 	 200 	 629 	 1
1787308209565 	 14 	 200 	 629 	 0
1787308209601 	 14 	 200 	 633 	 3
1787308209603 	 16 	 200 	 633 	 2
1787308209605 	 16 	 200 	 633 	 1
1787308209617 	 14 	 200 	 633 	 0
1787308209689 	 14 	 200 	 634 	 0
1787308209739 	 16 	 200 	 635 	 0
1787308209855 	 18 	 200 	 637 	 1
1787308209877 	 16 	 200 	 638 	 1
1787308209939 	 32 	 200 	 640 	 2
1787308209966 	 13 	 200 	 640 	 1
1787308210070 	 13 	 200 	 643 	 3
1787308210065 	 56 	 200 	 644 	 3
1787308210081 	 43 	 200 	 644 	 2
1787308210106 	 20 	 200 	 644 	 1
1787308210140 	 35 	 200 	 649 	 5
1787308210157 	 67 	 200 	 650 	 5
1787308210151 	 78 	 200 	 651 	 5
1787308210239 	 33 	 200 	 654 	 7
1787308210165 	 111 	 200 	 654 	 6
1787308210226 	 50 	 200 	 654 	 5
1787308210216 	 60 	 200 	 654 	 4
1787308210257 	 24 	 200 	 654 	 3
1787308210164 	 118 	 200 	 654 	 2
1787308209760 	 523 	 200 	 654 	 1
1787308210306 	 15 	 200 	 656 	 2
1787308210269 	 53 	 200 	 656 	 1
1787308210318 	 16 	 200 	 658 	 2
1787308210326 	 14 	 200 	 658 	 1
1787308210333 	 18 	 200 	 659 	 1
1787308210343 	 23 	 200 	 659 	 0
1787308210401 	 15 	 200 	 661 	 1
1787308210412 	 15 	 200 	 661 	 0
1787308210429 	 13 	 200 	 662 	 0
1787308210460 	 13 	 200 	 663 	 0
1787308210480 	 15 	 200 	 666 	 2
1787308210487 	 17 	 200 	 667 	 2
1787308210494 	 14 	 200 	 667 	 1
1787308210496 	 14 	 200 	 667 	 0
1787308210542 	 13 	 200 	 669 	 1
1787308210542 	 15 	 200 	 669 	 0
1787308210576 	 14 	 200 	 671 	 1
1787308210583 	 19 	 200 	 671 	 0
1787308210620 	 13 	 200 	 673 	 1
1787308210628 	 13 	 200 	 673 	 0
1787308210653 	 18 	 200 	 677 	 3
1787308210655 	 18 	 200 	 677 	 2
1787308210666 	 16 	 200 	 677 	 1
1787308210669 	 14 	 200 	 677 	 0
1787308210690 	 14 	 200 	 678 	 0
1787308210736 	 14 	 200 	 680 	 1
1787308210742 	 13 	 200 	 680 	 0
1787308210760 	 14 	 200 	 682 	 1
1787308210770 	 15 	 200 	 683 	 1
1787308210778 	 13 	 200 	 683 	 0
1787308210818 	 14 	 200 	 686 	 2
1787308210821 	 15 	 200 	 686 	 1
1787308210828 	 20 	 200 	 686 	 0
1787308210849 	 25 	 200 	 687 	 0
1787308210878 	 14 	 200 	 688 	 0
1787308210900 	 14 	 200 	 689 	 0
1787308210949 	 18 	 200 	 692 	 2
1787308210948 	 17 	 200 	 692 	 1
1787308210958 	 14 	 200 	 692 	 0
1787308210993 	 14 	 200 	 693 	 0
1787308211018 	 12 	 200 	 695 	 1
1787308211021 	 14 	 200 	 695 	 0
1787308211046 	 31 	 200 	 696 	 0
1787308211085 	 34 	 200 	 697 	 0
1787308211167 	 13 	 200 	 698 	 0
1787308211192 	 13 	 200 	 700 	 1
1787308211200 	 15 	 200 	 701 	 1
1787308211207 	 12 	 200 	 702 	 1
1787308211219 	 15 	 200 	 702 	 0
1787308211255 	 14 	 200 	 704 	 1
1787308211265 	 13 	 200 	 705 	 1
1787308211274 	 14 	 200 	 705 	 0
1787308211334 	 27 	 200 	 710 	 4
1787308211340 	 29 	 200 	 712 	 7
1787308211337 	 35 	 200 	 714 	 6
1787308211343 	 31 	 200 	 714 	 5
1787308211354 	 22 	 200 	 715 	 5
1787308211366 	 27 	 200 	 716 	 5
1787308211371 	 74 	 200 	 721 	 9
1787308211393 	 52 	 200 	 721 	 8
1787308211368 	 80 	 200 	 721 	 7
1787308211439 	 22 	 200 	 721 	 6
1787308211397 	 66 	 200 	 721 	 5
1787308211376 	 88 	 200 	 721 	 4
1787308211413 	 52 	 200 	 721 	 3
1787308211372 	 94 	 200 	 721 	 2
1787308211441 	 27 	 200 	 721 	 1
1787308211426 	 43 	 200 	 721 	 0
1787308211474 	 33 	 200 	 724 	 2
1787308211495 	 15 	 200 	 725 	 2
1787308211502 	 42 	 200 	 729 	 5
1787308211510 	 53 	 200 	 730 	 5
1787308211515 	 49 	 200 	 730 	 4
1787308211520 	 45 	 200 	 730 	 3
1787308211524 	 41 	 200 	 730 	 2
1787308211532 	 34 	 200 	 730 	 1
1787308211548 	 20 	 200 	 730 	 0
1787308211629 	 39 	 200 	 732 	 1
1787308211648 	 21 	 200 	 732 	 0
1787308211681 	 13 	 200 	 735 	 2
1787308211700 	 19 	 200 	 737 	 4
1787308211721 	 15 	 200 	 739 	 4
1787308211725 	 15 	 200 	 740 	 4
1787308211738 	 13 	 200 	 740 	 3
1787308211702 	 75 	 200 	 742 	 4
1787308211755 	 22 	 200 	 742 	 3
1787308211693 	 128 	 200 	 745 	 5
1787308211803 	 20 	 200 	 745 	 4
1787308211812 	 15 	 200 	 747 	 5
1787308211811 	 18 	 200 	 747 	 4
1787308211776 	 56 	 200 	 748 	 4
1787308211691 	 142 	 200 	 748 	 3
1787308211827 	 17 	 200 	 748 	 2
1787308211826 	 19 	 200 	 748 	 1
1787308211832 	 14 	 200 	 748 	 0
1787308211852 	 12 	 200 	 749 	 0
1787308211881 	 15 	 200 	 751 	 1
1787308211886 	 13 	 200 	 752 	 1
1787308211899 	 12 	 200 	 752 	 0
1787308211950 	 38 	 200 	 755 	 2
1787308211967 	 22 	 200 	 755 	 1
1787308211973 	 17 	 200 	 755 	 0
1787308212011 	 12 	 200 	 757 	 1
1787308212021 	 15 	 200 	 757 	 0
1787308212048 	 12 	 200 	 758 	 0
1787308212107 	 37 	 200 	 762 	 3
1787308212120 	 24 	 200 	 762 	 2
1787308212140 	 16 	 200 	 762 	 1
1787308212142 	 15 	 200 	 762 	 0
1787308212222 	 14 	 200 	 764 	 1
1787308212220 	 19 	 200 	 765 	 1
1787308212242 	 12 	 200 	 768 	 3
1787308212248 	 13 	 200 	 770 	 4
1787308212253 	 22 	 200 	 770 	 3
1787308212260 	 17 	 200 	 770 	 2
1787308212259 	 19 	 200 	 770 	 1
1787308212238 	 49 	 200 	 770 	 0
1787308212304 	 14 	 200 	 771 	 0
1787308212343 	 16 	 200 	 773 	 1
1787308212348 	 15 	 200 	 773 	 0
1787308212381 	 16 	 200 	 775 	 1
1787308212387 	 14 	 200 	 776 	 1
1787308212403 	 15 	 200 	 776 	 0
1787308212477 	 14 	 200 	 778 	 1
1787308212479 	 15 	 200 	 778 	 0
1787308212543 	 14 	 200 	 782 	 3
1787308212536 	 22 	 200 	 782 	 2
1787308212549 	 15 	 200 	 782 	 1
1787308212552 	 15 	 200 	 782 	 0
1787308212607 	 13 	 200 	 784 	 1
1787308212613 	 14 	 200 	 784 	 0
1787308212654 	 13 	 200 	 785 	 0
1787308212681 	 17 	 200 	 789 	 3
1787308212681 	 17 	 200 	 789 	 2
1787308212684 	 17 	 200 	 789 	 1
1787308212693 	 16 	 200 	 789 	 0
1787308212718 	 12 	 200 	 790 	 0
1787308212753 	 14 	 200 	 792 	 1
1787308212767 	 14 	 200 	 793 	 1
1787308212770 	 16 	 200 	 793 	 0
1787308212798 	 19 	 200 	 795 	 1
1787308212816 	 20 	 200 	 796 	 2
1787308212823 	 18 	 200 	 797 	 1
1787308212838 	 16 	 200 	 801 	 4
1787308212843 	 16 	 200 	 801 	 3
1787308212844 	 17 	 200 	 801 	 2
1787308212853 	 17 	 200 	 801 	 1
1787308212854 	 22 	 200 	 802 	 1
1787308212872 	 13 	 200 	 803 	 1
1787308212887 	 16 	 200 	 803 	 0
1787308212915 	 13 	 200 	 804 	 0
1787308212970 	 15 	 200 	 805 	 0
1787308213009 	 20 	 200 	 809 	 3
1787308213018 	 17 	 200 	 810 	 3
1787308213004 	 35 	 200 	 811 	 3
1787308213006 	 35 	 200 	 811 	 2
1787308213033 	 17 	 200 	 811 	 1
1787308213038 	 13 	 200 	 811 	 0
1787308213056 	 13 	 200 	 812 	 0
1787308213088 	 16 	 200 	 814 	 1
1787308213086 	 20 	 200 	 814 	 0
1787308213140 	 13 	 200 	 816 	 1
1787308213115 	 40 	 200 	 816 	 0
1787308213171 	 14 	 200 	 818 	 1
1787308213177 	 13 	 200 	 818 	 0
1787308213195 	 13 	 200 	 820 	 1
1787308213200 	 12 	 200 	 820 	 0
1787308213256 	 15 	 200 	 822 	 1
1787308213261 	 15 	 200 	 822 	 0
1787308213299 	 13 	 200 	 823 	 0
1787308213314 	 20 	 200 	 824 	 1
1787308213336 	 15 	 200 	 825 	 0
1787308213353 	 13 	 200 	 826 	 0
1787308213373 	 14 	 200 	 828 	 1
1787308213380 	 14 	 200 	 829 	 1
1787308213394 	 15 	 200 	 829 	 0
1787308213447 	 14 	 200 	 832 	 2
1787308213455 	 16 	 200 	 833 	 2
1787308213455 	 17 	 200 	 833 	 1
1787308213467 	 15 	 200 	 834 	 1
1787308213478 	 14 	 200 	 834 	 0
1787308213512 	 18 	 200 	 839 	 4
1787308213517 	 18 	 200 	 839 	 3
1787308213526 	 15 	 200 	 839 	 2
1787308213524 	 17 	 200 	 839 	 1
1787308213528 	 17 	 200 	 840 	 1
1787308213545 	 13 	 200 	 840 	 0
1787308213570 	 13 	 200 	 841 	 0
1787308213609 	 13 	 200 	 842 	 0
1787308213626 	 17 	 200 	 844 	 1
1787308213637 	 14 	 200 	 844 	 0
1787308213670 	 15 	 200 	 845 	 0
1787308213753 	 15 	 200 	 848 	 2
1787308213749 	 30 	 200 	 851 	 4
1787308213769 	 20 	 200 	 851 	 3
1787308213773 	 17 	 200 	 851 	 2
1787308213778 	 19 	 200 	 852 	 2
1787308213795 	 16 	 200 	 852 	 1
1787308213827 	 46 	 200 	 857 	 5
1787308213843 	 30 	 200 	 857 	 4
1787308213857 	 17 	 200 	 857 	 3
1787308213842 	 34 	 200 	 857 	 2
1787308213831 	 50 	 200 	 859 	 3
1787308213879 	 15 	 200 	 861 	 4
1787308213882 	 41 	 200 	 863 	 5
1787308213894 	 31 	 200 	 863 	 4
1787308213899 	 71 	 200 	 865 	 5
1787308213928 	 59 	 200 	 865 	 4
1787308213916 	 72 	 200 	 865 	 3
1787308213964 	 60 	 200 	 867 	 4
1787308214003 	 22 	 200 	 867 	 3
1787308213892 	 188 	 200 	 872 	 7
1787308214008 	 86 	 200 	 872 	 6
1787308214074 	 91 	 200 	 873 	 6
1787308214034 	 145 	 200 	 877 	 9
1787308214132 	 55 	 200 	 877 	 8
1787308214036 	 185 	 200 	 877 	 7
1787308214172 	 145 	 200 	 885 	 14
1787308214171 	 148 	 200 	 885 	 13
1787308214171 	 147 	 200 	 885 	 12
1787308214268 	 149 	 200 	 889 	 17
1787308214287 	 130 	 200 	 890 	 16
1787308214180 	 286 	 200 	 891 	 18
1787308214313 	 169 	 200 	 892 	 17
1787308214300 	 187 	 200 	 893 	 16
1787308214277 	 239 	 200 	 894 	 16
1787308214327 	 191 	 200 	 895 	 15
1787308214388 	 131 	 200 	 895 	 16
1787308214226 	 340 	 200 	 897 	 15
1787308214070 	 498 	 200 	 898 	 15
1787308214420 	 150 	 200 	 898 	 14
1787308214273 	 304 	 200 	 899 	 14
1787308214419 	 198 	 200 	 901 	 15
1787308214521 	 100 	 200 	 901 	 15
1787308214488 	 133 	 200 	 902 	 14
1787308214468 	 155 	 200 	 902 	 13
1787308214521 	 146 	 200 	 904 	 14
1787308214301 	 417 	 200 	 906 	 16
1787308214576 	 143 	 200 	 907 	 15
1787308214484 	 235 	 200 	 907 	 14
1787308214569 	 206 	 200 	 909 	 15
1787308214519 	 260 	 200 	 909 	 15
1787308214383 	 414 	 200 	 910 	 14
1787308214348 	 469 	 200 	 911 	 14
1787308214654 	 167 	 200 	 911 	 13
1787308214688 	 134 	 200 	 911 	 12
1787308214624 	 218 	 200 	 911 	 11
1787308214041 	 802 	 200 	 911 	 10
1787308214583 	 259 	 200 	 911 	 9
1787308214654 	 189 	 200 	 912 	 9
1787308214719 	 149 	 200 	 913 	 9
1787308214765 	 110 	 200 	 913 	 8
1787308214845 	 35 	 200 	 913 	 7
1787308214811 	 74 	 200 	 913 	 6
1787308214781 	 103 	 200 	 913 	 5
1787308214759 	 157 	 200 	 913 	 4
1787308214587 	 334 	 200 	 913 	 3
1787308214863 	 61 	 200 	 913 	 2
1787308214945 	 24 	 200 	 917 	 5
1787308214964 	 13 	 200 	 917 	 4
1787308214969 	 15 	 200 	 918 	 4
1787308214980 	 12 	 200 	 918 	 3
1787308214696 	 301 	 200 	 918 	 2
1787308215007 	 18 	 200 	 920 	 3
1787308215068 	 19 	 200 	 922 	 4
1787308214941 	 183 	 200 	 924 	 5
1787308215003 	 122 	 200 	 924 	 4
1787308215114 	 152 	 200 	 936 	 15
1787308215149 	 169 	 200 	 937 	 15
1787308215162 	 161 	 200 	 937 	 14
1787308215264 	 111 	 200 	 939 	 15
1787308215204 	 173 	 200 	 939 	 14
1787308215351 	 68 	 200 	 941 	 15
1787308215362 	 106 	 200 	 941 	 14
1787308215135 	 333 	 200 	 941 	 13
1787308215116 	 355 	 200 	 941 	 12
1787308215199 	 283 	 200 	 943 	 13
1787308215238 	 281 	 200 	 946 	 15
1787308215129 	 414 	 200 	 947 	 16
1787308215223 	 321 	 200 	 948 	 15
1787308215191 	 354 	 200 	 948 	 14
1787308215163 	 416 	 200 	 950 	 16
1787308215241 	 339 	 200 	 951 	 15
1787308215397 	 223 	 200 	 952 	 17
1787308215487 	 182 	 200 	 953 	 19
1787308215409 	 264 	 200 	 954 	 18
1787308215545 	 129 	 200 	 955 	 17
1787308215481 	 199 	 200 	 956 	 16
1787308215534 	 152 	 200 	 957 	 15
1787308213777 	 1911 	 200 	 958 	 15
1787308215276 	 412 	 200 	 958 	 14
1787308215621 	 121 	 200 	 960 	 15
1787308215485 	 258 	 200 	 960 	 14
1787308215477 	 266 	 200 	 960 	 13
1787308215595 	 176 	 200 	 960 	 12
1787308215493 	 278 	 200 	 960 	 11
1787308215582 	 198 	 200 	 960 	 10
1787308215721 	 96 	 200 	 961 	 10
1787308215683 	 134 	 200 	 961 	 9
1787308215675 	 144 	 200 	 962 	 9
1787308215671 	 149 	 200 	 962 	 8
1787308215554 	 274 	 200 	 963 	 8
1787308215690 	 134 	 200 	 963 	 7
1787308215820 	 77 	 200 	 968 	 11
1787308215570 	 399 	 200 	 969 	 11
1787308215874 	 148 	 200 	 971 	 12
1787308215880 	 187 	 200 	 974 	 14
1787308215894 	 174 	 200 	 975 	 14
1787308215886 	 183 	 200 	 975 	 13
1787308215797 	 275 	 200 	 975 	 12
1787308215825 	 253 	 200 	 975 	 11
1787308215674 	 441 	 200 	 976 	 11
1787308216059 	 62 	 200 	 976 	 10
1787308216019 	 103 	 200 	 976 	 9
1787308216001 	 172 	 200 	 977 	 9
1787308215911 	 270 	 200 	 978 	 9
1787308216183 	 89 	 200 	 985 	 16
1787308216217 	 60 	 200 	 986 	 15
1787308216025 	 268 	 200 	 986 	 14
1787308215861 	 458 	 200 	 988 	 17
1787308216069 	 301 	 200 	 989 	 19
1787308216031 	 339 	 200 	 990 	 18
1787308216274 	 105 	 200 	 991 	 18
1787308216310 	 160 	 200 	 992 	 21
1787308216381 	 92 	 200 	 993 	 20
1787308216087 	 393 	 200 	 994 	 20
1787308216214 	 302 	 200 	 995 	 22
1787308216151 	 368 	 200 	 996 	 22
1787308216245 	 325 	 200 	 997 	 23
1787308216204 	 371 	 200 	 998 	 22
1787308216236 	 338 	 200 	 999 	 21
1787308216482 	 101 	 200 	 1000 	 20
1787308215707 	 914 	 200 	 1001 	 21
1787308216475 	 191 	 200 	 1002 	 22
1787308216181 	 487 	 200 	 1003 	 21
1787308216319 	 350 	 200 	 1004 	 20
1787308216185 	 488 	 200 	 1005 	 19
1787308215040 	 1639 	 200 	 1006 	 18
1787308216577 	 106 	 200 	 1007 	 18
1787308216518 	 225 	 200 	 1008 	 20
1787308216372 	 371 	 200 	 1009 	 19
1787308216371 	 376 	 200 	 1010 	 18
1787308216521 	 223 	 200 	 1011 	 17
1787308216585 	 207 	 200 	 1012 	 17
1787308216307 	 488 	 200 	 1013 	 16
1787308216747 	 129 	 200 	 1014 	 17
1787308216581 	 298 	 200 	 1015 	 16
1787308216676 	 209 	 200 	 1016 	 15
1787308216671 	 214 	 200 	 1016 	 14
1787308216572 	 314 	 200 	 1016 	 13
1787308216749 	 192 	 200 	 1019 	 17
1787308216623 	 321 	 200 	 1020 	 16
1787308216744 	 202 	 200 	 1021 	 15
1787308216685 	 262 	 200 	 1021 	 14
1787308216673 	 276 	 200 	 1021 	 13
1787308216669 	 281 	 200 	 1021 	 12
1787308216882 	 85 	 200 	 1022 	 12
1787308216680 	 291 	 200 	 1023 	 12
1787308216947 	 48 	 200 	 1023 	 11
1787308216748 	 247 	 200 	 1023 	 10
1787308216471 	 603 	 200 	 1024 	 10
1787308216794 	 283 	 200 	 1024 	 9
1787308216878 	 206 	 200 	 1026 	 10
1787308216970 	 196 	 200 	 1026 	 9
1787308216796 	 372 	 200 	 1026 	 8
1787308216944 	 228 	 200 	 1026 	 7
1787308216894 	 277 	 200 	 1026 	 6
1787308216899 	 282 	 200 	 1026 	 5
1787308217203 	 114 	 200 	 1036 	 14
1787308217079 	 286 	 200 	 1038 	 16
1787308217203 	 166 	 200 	 1039 	 15
1787308216962 	 419 	 200 	 1039 	 14
1787308217225 	 192 	 200 	 1041 	 15
1787308217230 	 188 	 200 	 1041 	 14
1787308217338 	 83 	 200 	 1041 	 13
1787308217301 	 121 	 200 	 1041 	 12
1787308217287 	 135 	 200 	 1041 	 11
1787308217228 	 238 	 200 	 1042 	 11
1787308217390 	 82 	 200 	 1042 	 10
1787308217081 	 395 	 200 	 1043 	 10
1787308217187 	 332 	 200 	 1045 	 11
1787308217329 	 193 	 200 	 1046 	 11
1787308217367 	 156 	 200 	 1046 	 10
1787308217428 	 148 	 200 	 1046 	 9
1787308217475 	 107 	 200 	 1046 	 8
1787308217522 	 99 	 200 	 1048 	 11
1787308217406 	 218 	 200 	 1049 	 10
1787308217206 	 417 	 200 	 1050 	 10
1787308217502 	 167 	 200 	 1053 	 11
1787308217615 	 59 	 200 	 1053 	 10
1787308217625 	 51 	 200 	 1053 	 9
1787308217606 	 71 	 200 	 1053 	 8
1787308217284 	 398 	 200 	 1053 	 7
1787308217643 	 41 	 200 	 1053 	 6
1787308217629 	 90 	 200 	 1055 	 7
1787308217700 	 76 	 200 	 1059 	 10
1787308217626 	 153 	 200 	 1059 	 9
1787308216907 	 884 	 200 	 1059 	 9
1787308217512 	 281 	 200 	 1060 	 8
1787308217623 	 198 	 200 	 1062 	 9
1787308217760 	 62 	 200 	 1062 	 8
1787308217708 	 118 	 200 	 1064 	 9
1787308217794 	 47 	 200 	 1064 	 8
1787308217818 	 61 	 200 	 1066 	 9
1787308217820 	 60 	 200 	 1066 	 8
1787308217830 	 135 	 200 	 1071 	 12
1787308217851 	 116 	 200 	 1071 	 11
1787308217760 	 210 	 200 	 1071 	 10
1787308217763 	 208 	 200 	 1071 	 9
1787308217889 	 88 	 200 	 1072 	 9
1787308217896 	 86 	 200 	 1073 	 9
1787308217873 	 153 	 200 	 1075 	 10
1787308217772 	 293 	 200 	 1079 	 13
1787308217980 	 141 	 200 	 1081 	 14
1787308217977 	 145 	 200 	 1081 	 13
1787308217925 	 246 	 200 	 1084 	 18
1787308218056 	 118 	 200 	 1085 	 17
1787308218128 	 90 	 200 	 1086 	 17
1787308218064 	 162 	 200 	 1087 	 16
1787308218155 	 70 	 200 	 1088 	 15
1787308218090 	 136 	 200 	 1088 	 14
1787308218040 	 232 	 200 	 1090 	 16
1787308218115 	 161 	 200 	 1091 	 16
1787308218219 	 149 	 200 	 1092 	 20
1787308218239 	 136 	 200 	 1093 	 20
1787308218247 	 135 	 200 	 1094 	 19
1787308218228 	 156 	 200 	 1095 	 19
1787308218176 	 213 	 200 	 1096 	 18
1787308217949 	 494 	 200 	 1097 	 18
1787308218279 	 166 	 200 	 1098 	 18
1787308218063 	 404 	 200 	 1099 	 18
1787308218370 	 106 	 200 	 1100 	 18
1787308217959 	 564 	 200 	 1101 	 21
1787308218444 	 125 	 200 	 1102 	 21
1787308218377 	 190 	 200 	 1103 	 20
1787308218173 	 446 	 200 	 1104 	 21
1787308217069 	 1550 	 200 	 1105 	 20
1787308218126 	 495 	 200 	 1106 	 19
1787308218274 	 353 	 200 	 1107 	 18
1787308218447 	 182 	 200 	 1108 	 17
1787308218391 	 284 	 200 	 1109 	 17
1787308218387 	 295 	 200 	 1110 	 16
1787308218025 	 661 	 200 	 1111 	 15
1787308218383 	 308 	 200 	 1111 	 14
1787308218013 	 683 	 200 	 1111 	 13
1787308218629 	 90 	 200 	 1114 	 15
1787308217827 	 892 	 200 	 1114 	 14
1787308218524 	 199 	 200 	 1115 	 14
1787308218468 	 275 	 200 	 1116 	 14
1787308218621 	 164 	 200 	 1117 	 14
1787308218570 	 214 	 200 	 1117 	 13
1787308218623 	 164 	 200 	 1117 	 12
1787308218570 	 249 	 200 	 1119 	 13
1787308218712 	 108 	 200 	 1119 	 12
1787308218479 	 342 	 200 	 1120 	 12
1787308218743 	 83 	 200 	 1120 	 11
1787308218623 	 244 	 200 	 1125 	 16
1787308218722 	 146 	 200 	 1126 	 15
1787308218631 	 239 	 200 	 1126 	 14
1787308218703 	 176 	 200 	 1126 	 13
1787308218822 	 59 	 200 	 1126 	 12
1787308218750 	 168 	 200 	 1128 	 13
1787308218848 	 73 	 200 	 1128 	 12
1787308218937 	 30 	 500 	 1130 	 13
1787308218806 	 168 	 200 	 1130 	 12
1787308218811 	 164 	 200 	 1130 	 11
1787308218684 	 291 	 200 	 1130 	 10
1787308218832 	 150 	 200 	 1130 	 10
1787308218713 	 270 	 200 	 1131 	 9
1787308218846 	 142 	 200 	 1131 	 8
1787308218677 	 310 	 200 	 1131 	 7
1787308218870 	 151 	 200 	 1132 	 7
1787308218919 	 149 	 200 	 1134 	 8
1787308218862 	 208 	 200 	 1134 	 7
1787308218931 	 143 	 200 	 1134 	 6
1787308218856 	 223 	 200 	 1134 	 5
1787308218985 	 94 	 200 	 1134 	 4
1787308219019 	 60 	 200 	 1134 	 3
1787308218890 	 204 	 200 	 1134 	 2
1787308219041 	 57 	 200 	 1134 	 1
1787308219055 	 48 	 200 	 1134 	 0
1787308219135 	 21 	 200 	 1138 	 3
1787308219141 	 25 	 200 	 1139 	 3
1787308219142 	 26 	 200 	 1139 	 2
1787308219144 	 25 	 200 	 1139 	 1
1787308219165 	 14 	 200 	 1139 	 0
1787308219195 	 20 	 200 	 1140 	 0
1787308219220 	 34 	 200 	 1144 	 3
1787308219234 	 21 	 200 	 1144 	 2
1787308219231 	 25 	 200 	 1144 	 1
1787308219235 	 22 	 200 	 1144 	 0
1787308219305 	 13 	 200 	 1145 	 0
1787308219322 	 17 	 200 	 1147 	 1
1787308219321 	 33 	 200 	 1148 	 1
1787308219350 	 14 	 200 	 1148 	 0
1787308219369 	 17 	 200 	 1149 	 0
1787308219390 	 16 	 200 	 1150 	 0
1787308219449 	 15 	 200 	 1152 	 1
1787308219457 	 17 	 200 	 1152 	 0
1787308219481 	 18 	 200 	 1153 	 0
1787308219505 	 14 	 200 	 1155 	 1
1787308219517 	 13 	 200 	 1155 	 0
1787308219537 	 12 	 200 	 1156 	 0
1787308219589 	 29 	 200 	 1158 	 1
1787308219616 	 16 	 200 	 1158 	 0
1787308219654 	 12 	 200 	 1160 	 1
1787308219666 	 14 	 200 	 1160 	 0
1787308219684 	 15 	 200 	 1161 	 0
1787308219712 	 13 	 200 	 1164 	 2
1787308219707 	 19 	 200 	 1164 	 1
1787308219707 	 21 	 200 	 1164 	 0
1787308219755 	 21 	 200 	 1166 	 1
1787308219755 	 24 	 200 	 1166 	 0
1787308219783 	 16 	 200 	 1168 	 1
1787308219788 	 15 	 200 	 1168 	 0
1787308219810 	 16 	 200 	 1170 	 1
1787308219815 	 14 	 200 	 1170 	 0
1787308219856 	 18 	 200 	 1173 	 2
1787308219868 	 14 	 200 	 1173 	 1
1787308219874 	 13 	 200 	 1173 	 0
1787308219894 	 15 	 200 	 1174 	 0
1787308220010 	 22 	 200 	 1177 	 2
1787308220008 	 24 	 200 	 1177 	 1
1787308220032 	 17 	 200 	 1177 	 0
1787308220054 	 13 	 200 	 1178 	 0
1787308220081 	 16 	 200 	 1181 	 2
1787308220085 	 13 	 200 	 1181 	 1
1787308220088 	 12 	 200 	 1181 	 0
1787308220102 	 13 	 200 	 1182 	 0
1787308220118 	 14 	 200 	 1183 	 0
1787308220186 	 35 	 200 	 1186 	 2
1787308220194 	 31 	 200 	 1186 	 1
1787308220218 	 17 	 200 	 1187 	 1
1787308220233 	 16 	 200 	 1188 	 1
1787308220239 	 17 	 200 	 1188 	 0
1787308220270 	 17 	 200 	 1191 	 2
1787308220274 	 17 	 200 	 1191 	 1
1787308220287 	 19 	 200 	 1193 	 2
1787308220302 	 18 	 200 	 1195 	 3
1787308220305 	 18 	 200 	 1195 	 2
1787308220308 	 18 	 200 	 1195 	 1
1787308220314 	 16 	 200 	 1195 	 0
1787308220334 	 59 	 200 	 1201 	 5
1787308220363 	 30 	 200 	 1201 	 4
1787308220374 	 19 	 200 	 1201 	 3
1787308220380 	 35 	 200 	 1201 	 2
1787308220376 	 41 	 200 	 1201 	 1
1787308220380 	 39 	 200 	 1201 	 0
1787308220427 	 18 	 200 	 1204 	 2
1787308220434 	 25 	 200 	 1204 	 1
1787308220443 	 19 	 200 	 1204 	 0
1787308220470 	 13 	 200 	 1205 	 0
1787308220493 	 16 	 200 	 1206 	 0
1787308220513 	 16 	 200 	 1208 	 1
1787308220514 	 18 	 200 	 1209 	 1
1787308220532 	 14 	 200 	 1210 	 1
1787308220542 	 13 	 200 	 1210 	 0
1787308220557 	 13 	 200 	 1212 	 1
1787308220566 	 17 	 200 	 1214 	 2
1787308220574 	 18 	 200 	 1214 	 1
1787308220582 	 15 	 200 	 1214 	 0
1787308220649 	 14 	 200 	 1218 	 3
1787308220651 	 14 	 200 	 1218 	 2
1787308220648 	 18 	 200 	 1218 	 1
1787308220662 	 24 	 200 	 1218 	 0
1787308220692 	 19 	 200 	 1221 	 2
1787308220701 	 14 	 200 	 1221 	 1
1787308220706 	 16 	 200 	 1221 	 0
1787308220764 	 17 	 200 	 1222 	 0
1787308220788 	 14 	 200 	 1223 	 0
1787308220804 	 13 	 200 	 1225 	 1
1787308220806 	 14 	 200 	 1225 	 0
1787308220834 	 14 	 200 	 1226 	 0
1787308220862 	 13 	 200 	 1227 	 0
1787308220879 	 13 	 200 	 1228 	 0
1787308220960 	 16 	 200 	 1230 	 1
1787308220966 	 15 	 200 	 1231 	 1
1787308220979 	 13 	 200 	 1231 	 0
1787308221033 	 37 	 200 	 1236 	 4
1787308221071 	 19 	 200 	 1238 	 5
1787308221057 	 42 	 200 	 1238 	 4
1787308221088 	 14 	 200 	 1238 	 3
1787308221064 	 38 	 200 	 1238 	 2
1787308221090 	 16 	 200 	 1238 	 1
1787308221068 	 120 	 200 	 1242 	 4
1787308221147 	 69 	 200 	 1243 	 4
1787308221199 	 22 	 200 	 1243 	 4
1787308221114 	 153 	 200 	 1249 	 8
1787308221222 	 49 	 200 	 1249 	 7
1787308221124 	 152 	 200 	 1249 	 6
1787308221174 	 102 	 200 	 1249 	 5
1787308221257 	 19 	 200 	 1249 	 4
1787308221240 	 38 	 200 	 1249 	 3
1787308221232 	 52 	 200 	 1249 	 2
1787308221244 	 41 	 200 	 1249 	 1
1787308221240 	 46 	 200 	 1249 	 0
1787308221292 	 14 	 200 	 1251 	 1
1787308221298 	 15 	 200 	 1252 	 1
1787308221307 	 13 	 200 	 1252 	 0
1787308221339 	 16 	 200 	 1256 	 3
1787308221343 	 17 	 200 	 1257 	 3
1787308221348 	 15 	 200 	 1257 	 2
1787308221351 	 20 	 200 	 1257 	 1
1787308221357 	 15 	 200 	 1257 	 0
1787308221382 	 14 	 200 	 1259 	 1
1787308221392 	 16 	 200 	 1260 	 1
1787308221399 	 14 	 200 	 1260 	 0
1787308221425 	 16 	 200 	 1262 	 1
1787308221424 	 18 	 200 	 1262 	 0
1787308221454 	 14 	 200 	 1263 	 0
1787308221474 	 17 	 200 	 1264 	 0
1787308221566 	 15 	 200 	 1267 	 2
1787308221564 	 18 	 200 	 1267 	 1
1787308221574 	 15 	 200 	 1267 	 0
1787308221604 	 16 	 200 	 1272 	 4
1787308221606 	 16 	 200 	 1272 	 3
1787308221617 	 17 	 200 	 1273 	 3
1787308221622 	 16 	 200 	 1273 	 2
1787308221615 	 23 	 200 	 1273 	 1
1787308221624 	 16 	 200 	 1274 	 1
1787308221648 	 14 	 200 	 1277 	 3
1787308221651 	 16 	 200 	 1277 	 2
1787308221641 	 26 	 200 	 1277 	 1
1787308221735 	 80 	 200 	 1285 	 8
1787308221744 	 81 	 200 	 1285 	 7
1787308221745 	 85 	 200 	 1285 	 6
1787308221855 	 20 	 200 	 1289 	 9
1787308221845 	 30 	 200 	 1289 	 8
1787308221759 	 163 	 200 	 1293 	 11
1787308221906 	 22 	 200 	 1293 	 10
1787308221931 	 40 	 200 	 1294 	 10
1787308221865 	 153 	 200 	 1295 	 10
1787308221864 	 154 	 200 	 1295 	 9
1787308221900 	 123 	 200 	 1295 	 8
1787308221998 	 24 	 200 	 1295 	 7
1787308221731 	 294 	 200 	 1295 	 6
1787308221784 	 289 	 200 	 1300 	 10
1787308221897 	 271 	 200 	 1303 	 12
1787308221792 	 376 	 200 	 1303 	 11
1787308222060 	 111 	 200 	 1303 	 10
1787308222040 	 178 	 200 	 1305 	 11
1787308222043 	 176 	 200 	 1305 	 10
1787308222044 	 177 	 200 	 1305 	 9
1787308222116 	 106 	 200 	 1305 	 8
1787308221923 	 310 	 200 	 1305 	 7
1787308222030 	 286 	 200 	 1311 	 12
1787308222190 	 177 	 200 	 1315 	 20
1787308222104 	 312 	 200 	 1316 	 24
1787308222272 	 147 	 200 	 1317 	 23
1787308222275 	 192 	 200 	 1318 	 24
1787308222253 	 265 	 200 	 1319 	 25
1787308222334 	 187 	 200 	 1320 	 24
1787308222309 	 214 	 200 	 1321 	 23
1787308222336 	 191 	 200 	 1322 	 22
1787308222319 	 210 	 200 	 1323 	 21
1787308222369 	 166 	 200 	 1324 	 22
1787308222468 	 73 	 200 	 1325 	 22
1787308222241 	 326 	 200 	 1326 	 21
1787308222417 	 199 	 200 	 1327 	 24
1787308222537 	 92 	 200 	 1328 	 23
1787308222523 	 110 	 200 	 1329 	 22
1787308222317 	 400 	 200 	 1330 	 26
1787308222569 	 149 	 200 	 1331 	 25
1787308222126 	 594 	 200 	 1332 	 24
1787308222525 	 199 	 200 	 1333 	 23
1787308222519 	 204 	 200 	 1334 	 22
1787308222635 	 96 	 200 	 1335 	 21
1787308222531 	 199 	 200 	 1336 	 20
1787308222420 	 315 	 200 	 1337 	 19
1787308222528 	 264 	 200 	 1338 	 20
1787308222333 	 491 	 200 	 1339 	 20
1787308222725 	 190 	 200 	 1340 	 26
1787308222739 	 177 	 200 	 1341 	 25
1787308222727 	 189 	 200 	 1342 	 24
1787308222542 	 379 	 200 	 1343 	 23
1787308222718 	 252 	 200 	 1344 	 23
1787308222736 	 281 	 200 	 1345 	 27
1787308222733 	 284 	 200 	 1346 	 26
1787308222617 	 405 	 200 	 1347 	 26
1787308222923 	 104 	 200 	 1348 	 26
1787308222720 	 313 	 200 	 1349 	 25
1787308222920 	 118 	 200 	 1350 	 24
1787308222971 	 124 	 200 	 1351 	 25
1787308223020 	 76 	 200 	 1352 	 24
1787308223020 	 101 	 200 	 1353 	 24
1787308223024 	 103 	 200 	 1354 	 23
1787308223029 	 102 	 200 	 1355 	 22
1787308222185 	 942 	 200 	 1356 	 21
1787308223041 	 94 	 200 	 1357 	 21
1787308223098 	 77 	 200 	 1358 	 24
1787308223096 	 99 	 200 	 1359 	 24
1787308222722 	 496 	 200 	 1360 	 24
1787308222794 	 427 	 200 	 1361 	 23
1787308222920 	 353 	 200 	 1362 	 24
1787308223196 	 122 	 200 	 1363 	 27
1787308223135 	 192 	 200 	 1364 	 26
1787308222631 	 695 	 200 	 1365 	 25
1787308223123 	 210 	 200 	 1366 	 24
1787308222917 	 423 	 200 	 1367 	 23
1787308223176 	 168 	 200 	 1368 	 22
1787308223134 	 210 	 200 	 1369 	 21
1787308223140 	 254 	 200 	 1370 	 25
1787308223130 	 292 	 200 	 1371 	 24
1787308222827 	 600 	 200 	 1372 	 23
1787308223037 	 427 	 200 	 1373 	 22
1787308223349 	 117 	 200 	 1374 	 21
1787308223320 	 149 	 200 	 1375 	 20
1787308223335 	 136 	 200 	 1376 	 19
1787308223467 	 64 	 200 	 1377 	 21
1787308223471 	 95 	 200 	 1378 	 21
1787308223329 	 238 	 200 	 1379 	 21
1787308223275 	 347 	 200 	 1380 	 25
1787308223346 	 277 	 200 	 1381 	 24
1787308223335 	 288 	 200 	 1382 	 23
1787308223219 	 420 	 200 	 1383 	 22
1787308223534 	 106 	 200 	 1384 	 21
1787308223570 	 77 	 200 	 1385 	 20
1787308223568 	 125 	 200 	 1386 	 19
1787308223430 	 264 	 200 	 1387 	 18
1787308223223 	 497 	 200 	 1388 	 17
1787308223623 	 145 	 200 	 1389 	 17
1787308223648 	 170 	 200 	 1390 	 18
1787308223626 	 197 	 200 	 1391 	 17
1787308223642 	 185 	 200 	 1392 	 17
1787308223642 	 229 	 200 	 1393 	 18
1787308223695 	 179 	 200 	 1394 	 17
1787308223770 	 102 	 200 	 1395 	 16
1787308223425 	 490 	 200 	 1396 	 16
1787308223696 	 234 	 200 	 1397 	 16
1787308223342 	 591 	 200 	 1398 	 16
1787308223625 	 309 	 200 	 1399 	 15
1787308223477 	 516 	 200 	 1400 	 20
1787308223723 	 271 	 200 	 1401 	 19
1787308223880 	 117 	 200 	 1402 	 18
1787308223396 	 600 	 200 	 1403 	 17
1787308223831 	 164 	 200 	 1404 	 16
1787308223825 	 217 	 200 	 1405 	 20
1787308223937 	 106 	 200 	 1406 	 19
1787308223821 	 224 	 200 	 1407 	 18
1787308223878 	 167 	 200 	 1408 	 17
1787308223474 	 575 	 200 	 1409 	 16
1787308223876 	 219 	 200 	 1410 	 20
1787308223996 	 137 	 200 	 1411 	 20
1787308224000 	 144 	 200 	 1412 	 20
1787308223918 	 300 	 200 	 1413 	 24
1787308224097 	 221 	 200 	 1414 	 27
1787308224051 	 275 	 200 	 1415 	 26
1787308224145 	 186 	 200 	 1416 	 26
1787308224045 	 370 	 200 	 1417 	 32
1787308224049 	 378 	 200 	 1418 	 31
1787308223998 	 433 	 200 	 1419 	 30
1787308224328 	 106 	 200 	 1420 	 30
1787308224333 	 106 	 200 	 1421 	 30
1787308223932 	 560 	 200 	 1422 	 33
1787308224417 	 149 	 200 	 1423 	 34
1787308224438 	 131 	 200 	 1424 	 33
1787308224049 	 523 	 200 	 1425 	 32
1787308224001 	 617 	 200 	 1426 	 32
1787308224220 	 398 	 200 	 1427 	 31
1787308224442 	 180 	 200 	 1428 	 30
1787308221659 	 2966 	 200 	 1429 	 29
1787308224048 	 595 	 200 	 1430 	 31
1787308223940 	 753 	 200 	 1431 	 32
1787308224320 	 375 	 200 	 1432 	 31
1787308224571 	 150 	 200 	 1433 	 30
1787308224574 	 151 	 200 	 1434 	 29
1787308224644 	 84 	 200 	 1435 	 28
1787308224619 	 115 	 200 	 1436 	 27
1787308224627 	 108 	 200 	 1437 	 26
1787308224696 	 96 	 200 	 1438 	 27
1787308224134 	 659 	 200 	 1439 	 26
1787308224429 	 386 	 200 	 1440 	 27
1787308224722 	 146 	 200 	 1441 	 29
1787308224433 	 439 	 200 	 1442 	 28
1787308224735 	 183 	 200 	 1443 	 29
1787308224495 	 430 	 200 	 1444 	 28
1787308224796 	 134 	 200 	 1445 	 27
1787308224731 	 199 	 200 	 1446 	 26
1787308224737 	 243 	 200 	 1447 	 26
1787308224794 	 187 	 200 	 1448 	 25
1787308224871 	 110 	 200 	 1449 	 24
1787308224568 	 453 	 200 	 1450 	 26
1787308224982 	 53 	 200 	 1451 	 25
1787308224983 	 65 	 200 	 1452 	 27
1787308225023 	 97 	 200 	 1453 	 29
1787308225049 	 74 	 200 	 1454 	 28
1787308224933 	 193 	 200 	 1455 	 27
1787308224920 	 210 	 200 	 1456 	 26
1787308224726 	 407 	 200 	 1457 	 26
1787308224697 	 440 	 200 	 1458 	 25
1787308224932 	 202 	 200 	 1459 	 24
1787308224620 	 516 	 200 	 1460 	 23
1787308225036 	 162 	 200 	 1461 	 24
1787308225125 	 169 	 200 	 1462 	 31
1787308224623 	 670 	 200 	 1463 	 30
1787308221699 	 3594 	 200 	 1464 	 29
1787308224927 	 366 	 200 	 1465 	 28
1787308224875 	 422 	 200 	 1466 	 27
1787308225127 	 166 	 200 	 1467 	 26
1787308224984 	 311 	 200 	 1468 	 25
1787308225140 	 157 	 200 	 1469 	 24
1787308225144 	 199 	 200 	 1470 	 27
1787308225200 	 170 	 200 	 1471 	 30
1787308225297 	 96 	 200 	 1472 	 29
1787308225133 	 261 	 200 	 1473 	 28
1787308225296 	 100 	 200 	 1474 	 27
1787308225146 	 251 	 200 	 1475 	 26
1787308225142 	 256 	 200 	 1476 	 25
1787308225299 	 144 	 200 	 1477 	 26
1787308225399 	 96 	 200 	 1478 	 27
1787308225497 	 30 	 200 	 1479 	 28
1787308225345 	 184 	 200 	 1480 	 27
1787308225445 	 89 	 200 	 1481 	 26
1787308225301 	 240 	 200 	 1482 	 25
1787308225123 	 420 	 200 	 1483 	 24
1787308225373 	 223 	 200 	 1484 	 25
1787308225299 	 299 	 200 	 1485 	 24
1787308225303 	 316 	 200 	 1486 	 25
1787308224817 	 825 	 200 	 1487 	 28
1787308225302 	 343 	 200 	 1488 	 27
1787308225394 	 280 	 200 	 1489 	 28
1787308225532 	 160 	 200 	 1490 	 28
1787308225396 	 298 	 200 	 1491 	 28
1787308225544 	 173 	 200 	 1492 	 27
1787308225397 	 323 	 200 	 1493 	 26
1787308225597 	 123 	 200 	 1494 	 25
1787308225542 	 180 	 200 	 1495 	 24
1787308225601 	 173 	 200 	 1496 	 26
1787308225695 	 106 	 200 	 1497 	 27
1787308225536 	 282 	 200 	 1498 	 26
1787308225694 	 125 	 200 	 1499 	 25
1787308225646 	 180 	 200 	 1500 	 24
1787308225621 	 222 	 200 	 1501 	 23
1787308225676 	 191 	 200 	 1502 	 25
1787308225528 	 389 	 200 	 1503 	 27
1787308225719 	 198 	 200 	 1504 	 26
1787308225722 	 199 	 200 	 1505 	 25
1787308225728 	 196 	 200 	 1506 	 24
1787308225723 	 217 	 200 	 1507 	 25
1787308225776 	 219 	 200 	 1508 	 25
1787308225644 	 374 	 200 	 1509 	 25
1787308225821 	 244 	 200 	 1510 	 26
1787308225300 	 769 	 200 	 1511 	 25
1787308225820 	 247 	 200 	 1512 	 25
1787308225923 	 149 	 200 	 1513 	 24
1787308225803 	 268 	 200 	 1514 	 23
1787308225921 	 153 	 200 	 1515 	 22
1787308225827 	 248 	 200 	 1516 	 22
1787308225920 	 157 	 200 	 1517 	 21
1787308225997 	 120 	 200 	 1518 	 21
1787308225945 	 180 	 200 	 1519 	 20
1787308225868 	 275 	 200 	 1520 	 20
1787308226068 	 76 	 200 	 1521 	 19
1787308225844 	 336 	 200 	 1522 	 23
1787308225927 	 255 	 200 	 1523 	 22
1787308226074 	 109 	 200 	 1524 	 21
1787308226071 	 153 	 200 	 1525 	 24
1787308226070 	 161 	 200 	 1526 	 23
1787308226073 	 197 	 200 	 1527 	 22
1787308226127 	 143 	 200 	 1528 	 21
1787308226076 	 249 	 200 	 1529 	 23
1787308226145 	 179 	 200 	 1530 	 22
1787308226078 	 254 	 200 	 1531 	 22
1787308226018 	 319 	 200 	 1532 	 21
1787308226184 	 157 	 200 	 1533 	 20
1787308226118 	 219 	 200 	 1534 	 19
1787308226225 	 120 	 200 	 1535 	 19
1787308226272 	 95 	 200 	 1536 	 18
1787308226185 	 210 	 200 	 1537 	 20
1787308225400 	 995 	 200 	 1538 	 19
1787308223995 	 2401 	 200 	 1539 	 18
1787308226339 	 103 	 200 	 1540 	 19
1787308226076 	 368 	 200 	 1541 	 18
1787308226273 	 172 	 200 	 1542 	 17
1787308226233 	 213 	 200 	 1543 	 16
1787308226144 	 305 	 200 	 1544 	 16
1787308226182 	 272 	 200 	 1545 	 15
1787308226329 	 117 	 200 	 1545 	 14
1787308226342 	 113 	 200 	 1546 	 14
1787308226348 	 129 	 200 	 1546 	 13
1787308226397 	 120 	 200 	 1548 	 14
1787308226327 	 201 	 200 	 1549 	 14
1787308226372 	 171 	 200 	 1550 	 14
1787308226344 	 200 	 200 	 1550 	 13
1787308226455 	 91 	 200 	 1550 	 12
1787308226451 	 96 	 200 	 1550 	 11
1787308226448 	 100 	 200 	 1550 	 10
1787308226334 	 258 	 200 	 1551 	 10
1787308226399 	 195 	 200 	 1551 	 9
1787308226445 	 150 	 200 	 1551 	 8
1787308226397 	 200 	 200 	 1551 	 7
1787308226445 	 163 	 200 	 1551 	 6
1787308226503 	 131 	 200 	 1554 	 8
1787308226447 	 193 	 200 	 1554 	 7
1787308226537 	 106 	 200 	 1554 	 6
1787308226527 	 117 	 200 	 1554 	 5
1787308226590 	 55 	 200 	 1554 	 4
1787308226517 	 128 	 200 	 1554 	 3
1787308226620 	 36 	 200 	 1554 	 2
1787308226627 	 30 	 200 	 1554 	 1
1787308226629 	 32 	 200 	 1555 	 1
1787308226658 	 12 	 200 	 1555 	 0
1787308226691 	 14 	 200 	 1556 	 0
1787308226710 	 15 	 200 	 1559 	 2
1787308226711 	 15 	 200 	 1559 	 1
1787308226722 	 14 	 200 	 1560 	 1
1787308226730 	 13 	 200 	 1560 	 0
1787308226750 	 13 	 200 	 1562 	 1
1787308226760 	 14 	 200 	 1563 	 1
1787308226766 	 13 	 200 	 1563 	 0
1787308226825 	 13 	 200 	 1565 	 1
1787308226833 	 12 	 200 	 1566 	 1
1787308226840 	 13 	 200 	 1566 	 0
1787308226904 	 13 	 200 	 1567 	 0
1787308226932 	 23 	 200 	 1570 	 2
1787308226953 	 21 	 200 	 1570 	 1
1787308226954 	 21 	 200 	 1570 	 0
1787308227007 	 13 	 200 	 1572 	 1
1787308227019 	 17 	 200 	 1576 	 4
1787308227024 	 13 	 200 	 1576 	 3
1787308227033 	 17 	 200 	 1576 	 2
1787308227034 	 15 	 200 	 1576 	 1
1787308227035 	 18 	 200 	 1576 	 0
1787308227072 	 19 	 200 	 1580 	 3
1787308227086 	 22 	 200 	 1581 	 3
1787308227090 	 21 	 200 	 1581 	 2
1787308227096 	 15 	 200 	 1581 	 1
1787308227090 	 21 	 200 	 1581 	 0
1787308227163 	 18 	 200 	 1582 	 0
1787308227199 	 12 	 200 	 1583 	 0
1787308227215 	 13 	 200 	 1587 	 3
1787308227216 	 16 	 200 	 1587 	 2
1787308227219 	 15 	 200 	 1587 	 1
1787308227227 	 16 	 200 	 1587 	 0
1787308227289 	 14 	 200 	 1588 	 0
1787308227316 	 17 	 200 	 1591 	 2
1787308227325 	 14 	 200 	 1591 	 1
1787308227329 	 18 	 200 	 1591 	 0
1787308227365 	 14 	 200 	 1593 	 1
1787308227372 	 14 	 200 	 1593 	 0
1787308227401 	 15 	 200 	 1595 	 1
1787308227405 	 14 	 200 	 1595 	 0
1787308227422 	 14 	 200 	 1596 	 0
1787308227486 	 16 	 200 	 1597 	 0
1787308227504 	 13 	 200 	 1598 	 0
1787308227550 	 15 	 200 	 1601 	 2
1787308227553 	 15 	 200 	 1601 	 1
1787308227561 	 13 	 200 	 1601 	 0
1787308227587 	 26 	 200 	 1604 	 2
1787308227598 	 17 	 200 	 1605 	 2
1787308227605 	 15 	 200 	 1605 	 1
1787308227616 	 18 	 200 	 1608 	 3
1787308227627 	 17 	 200 	 1608 	 2
1787308227627 	 18 	 200 	 1608 	 1
1787308227634 	 16 	 200 	 1608 	 0
1787308227660 	 13 	 200 	 1609 	 0
1787308227679 	 12 	 200 	 1610 	 0
1787308227702 	 28 	 200 	 1612 	 1
1787308227704 	 31 	 200 	 1612 	 0
1787308227744 	 14 	 200 	 1615 	 2
1787308227748 	 15 	 200 	 1615 	 1
1787308227755 	 13 	 200 	 1615 	 0
1787308227786 	 13 	 200 	 1617 	 1
1787308227806 	 16 	 200 	 1618 	 1
1787308227798 	 39 	 200 	 1620 	 2
1787308227829 	 15 	 200 	 1620 	 2
1787308227833 	 13 	 200 	 1621 	 1
1787308227845 	 12 	 200 	 1621 	 0
1787308227878 	 13 	 200 	 1623 	 1
1787308227874 	 23 	 200 	 1623 	 0
1787308227907 	 17 	 200 	 1625 	 1
1787308227918 	 14 	 200 	 1626 	 1
1787308227926 	 14 	 200 	 1626 	 0
1787308227983 	 14 	 200 	 1628 	 1
1787308227990 	 14 	 200 	 1628 	 0
1787308228021 	 14 	 200 	 1631 	 2
1787308228020 	 16 	 200 	 1631 	 1
1787308228024 	 13 	 200 	 1631 	 0
1787308228107 	 23 	 200 	 1634 	 2
1787308228105 	 28 	 200 	 1634 	 1
1787308228125 	 13 	 200 	 1634 	 0
1787308228227 	 17 	 200 	 1635 	 0
1787308228253 	 18 	 200 	 1641 	 5
1787308228257 	 21 	 200 	 1641 	 4
1787308228260 	 20 	 200 	 1641 	 3
1787308228260 	 22 	 200 	 1641 	 2
1787308228265 	 17 	 200 	 1641 	 1
1787308228264 	 21 	 200 	 1641 	 0
1787308228347 	 30 	 200 	 1643 	 1
1787308228352 	 34 	 200 	 1643 	 0
1787308228413 	 13 	 200 	 1644 	 0
1787308228438 	 12 	 200 	 1645 	 0
1787308228454 	 14 	 200 	 1646 	 0
1787308228496 	 23 	 200 	 1649 	 2
1787308228501 	 18 	 200 	 1649 	 1
1787308228507 	 14 	 200 	 1649 	 0
1787308228571 	 29 	 200 	 1652 	 2
1787308228576 	 25 	 200 	 1652 	 1
1787308228588 	 14 	 200 	 1653 	 1
1787308228602 	 15 	 200 	 1655 	 2
1787308228609 	 15 	 200 	 1655 	 1
1787308228616 	 14 	 200 	 1655 	 0
1787308228691 	 16 	 200 	 1656 	 0
1787308228732 	 14 	 200 	 1657 	 0
1787308228748 	 15 	 200 	 1658 	 0
1787308228797 	 19 	 200 	 1659 	 0
1787308228855 	 16 	 200 	 1660 	 0
1787308228875 	 21 	 200 	 1661 	 0
1787308228927 	 13 	 200 	 1663 	 1
1787308228940 	 17 	 200 	 1665 	 2
1787308228944 	 17 	 200 	 1665 	 1
1787308228957 	 15 	 200 	 1667 	 2
1787308228963 	 15 	 200 	 1667 	 1
1787308228966 	 22 	 200 	 1668 	 1
1787308228984 	 13 	 200 	 1668 	 0
1787308229014 	 12 	 200 	 1670 	 1
1787308229021 	 12 	 200 	 1670 	 0
1787308229071 	 32 	 200 	 1674 	 3
1787308229086 	 19 	 200 	 1674 	 2
1787308229084 	 21 	 200 	 1675 	 2
1787308229094 	 15 	 200 	 1675 	 1
1787308229107 	 14 	 200 	 1676 	 1
1787308229118 	 13 	 200 	 1676 	 0
1787308229136 	 15 	 200 	 1678 	 1
1787308229140 	 14 	 200 	 1678 	 0
1787308229202 	 31 	 200 	 1682 	 3
1787308229216 	 23 	 200 	 1683 	 3
1787308229232 	 18 	 200 	 1683 	 2
1787308229234 	 16 	 200 	 1683 	 1
1787308229239 	 13 	 200 	 1683 	 0
1787308229262 	 18 	 200 	 1684 	 0
1787308229293 	 16 	 200 	 1687 	 2
1787308229300 	 14 	 200 	 1688 	 2
1787308229301 	 20 	 200 	 1690 	 3
1787308229316 	 16 	 200 	 1692 	 4
1787308229312 	 27 	 200 	 1692 	 3
1787308229321 	 19 	 200 	 1692 	 2
1787308229328 	 14 	 200 	 1692 	 1
1787308229331 	 17 	 200 	 1692 	 0
1787308229353 	 14 	 200 	 1694 	 1
1787308229363 	 19 	 200 	 1694 	 0
1787308229396 	 13 	 200 	 1696 	 1
1787308229407 	 18 	 200 	 1699 	 3
1787308229417 	 21 	 200 	 1699 	 2
1787308229418 	 22 	 200 	 1699 	 1
1787308229419 	 22 	 200 	 1699 	 0
1787308229454 	 15 	 200 	 1700 	 0
1787308229498 	 17 	 200 	 1703 	 2
1787308229506 	 14 	 200 	 1703 	 1
1787308229510 	 16 	 200 	 1703 	 0
1787308229531 	 13 	 200 	 1706 	 2
1787308229535 	 13 	 200 	 1706 	 1
1787308229544 	 13 	 200 	 1706 	 0
1787308229599 	 20 	 200 	 1711 	 4
1787308229605 	 23 	 200 	 1711 	 3
1787308229618 	 18 	 200 	 1711 	 2
1787308229617 	 24 	 200 	 1711 	 1
1787308229617 	 27 	 200 	 1711 	 0
1787308229662 	 18 	 200 	 1712 	 0
1787308229709 	 16 	 200 	 1714 	 1
1787308229715 	 12 	 200 	 1714 	 0
1787308229741 	 16 	 200 	 1716 	 1
1787308229750 	 21 	 200 	 1716 	 0
1787308229791 	 16 	 200 	 1717 	 0
1787308229827 	 15 	 200 	 1718 	 0
1787308229853 	 12 	 200 	 1719 	 1
1787308229866 	 14 	 200 	 1720 	 0
1787308229900 	 14 	 200 	 1722 	 1
1787308229914 	 12 	 200 	 1723 	 1
1787308229926 	 13 	 200 	 1723 	 0
1787308229941 	 12 	 200 	 1724 	 0
1787308229985 	 14 	 200 	 1725 	 0
1787308230021 	 27 	 200 	 1729 	 3
1787308230017 	 34 	 200 	 1729 	 2
1787308230023 	 36 	 200 	 1729 	 1
1787308230041 	 20 	 200 	 1729 	 0
1787308230072 	 14 	 200 	 1731 	 1
1787308230073 	 16 	 200 	 1731 	 0
1787308230097 	 12 	 200 	 1732 	 0
1787308230129 	 15 	 200 	 1733 	 0
1787308230157 	 16 	 200 	 1735 	 1
1787308230166 	 13 	 200 	 1735 	 0
1787308230211 	 35 	 200 	 1736 	 0
1787308230329 	 32 	 200 	 1741 	 4
1787308230340 	 33 	 200 	 1741 	 3
1787308230356 	 18 	 200 	 1741 	 2
1787308230354 	 22 	 200 	 1741 	 1
1787308230359 	 19 	 200 	 1741 	 0
1787308230381 	 13 	 200 	 1743 	 1
1787308230390 	 14 	 200 	 1744 	 1
1787308230398 	 13 	 200 	 1744 	 0
1787308230453 	 13 	 200 	 1748 	 3
1787308230452 	 14 	 200 	 1748 	 2
1787308230461 	 15 	 200 	 1748 	 1
1787308230466 	 13 	 200 	 1748 	 0
1787308230496 	 13 	 200 	 1749 	 0
1787308230524 	 15 	 200 	 1750 	 0
1787308230556 	 17 	 200 	 1751 	 0
1787308230615 	 16 	 200 	 1752 	 0
1787308230669 	 13 	 200 	 1753 	 0
1787308230693 	 14 	 200 	 1754 	 0
1787308230726 	 13 	 200 	 1756 	 1
1787308230733 	 13 	 200 	 1757 	 1
1787308230742 	 18 	 200 	 1758 	 1
1787308230748 	 15 	 200 	 1758 	 0
1787308230785 	 21 	 200 	 1762 	 3
1787308230791 	 15 	 200 	 1762 	 2
1787308230798 	 15 	 200 	 1762 	 1
1787308230805 	 13 	 200 	 1762 	 0
1787308230823 	 15 	 200 	 1763 	 0
1787308230849 	 20 	 200 	 1764 	 0
1787308230955 	 16 	 200 	 1765 	 0
1787308230976 	 15 	 200 	 1767 	 1
1787308230983 	 14 	 200 	 1767 	 0
1787308230999 	 17 	 200 	 1772 	 4
1787308231000 	 19 	 200 	 1772 	 3
1787308231011 	 15 	 200 	 1773 	 3
1787308231010 	 16 	 200 	 1773 	 2
1787308231015 	 17 	 200 	 1773 	 1
1787308231023 	 14 	 200 	 1773 	 0
1787308231072 	 17 	 200 	 1775 	 1
1787308231075 	 16 	 200 	 1775 	 0
1787308231109 	 15 	 200 	 1776 	 0
1787308231133 	 16 	 200 	 1778 	 1
1787308231134 	 17 	 200 	 1778 	 0
1787308231162 	 12 	 200 	 1780 	 1
1787308231166 	 13 	 200 	 1780 	 0
1787308231198 	 16 	 200 	 1783 	 2
1787308231199 	 17 	 200 	 1783 	 1
1787308231212 	 13 	 200 	 1783 	 0
1787308231240 	 15 	 200 	 1786 	 2
1787308231246 	 18 	 200 	 1788 	 3
1787308231246 	 17 	 200 	 1788 	 2
1787308231261 	 15 	 200 	 1789 	 2
1787308231263 	 13 	 200 	 1789 	 1
1787308231270 	 15 	 200 	 1790 	 1
1787308231278 	 16 	 200 	 1791 	 1
1787308231290 	 13 	 200 	 1792 	 1
1787308231303 	 14 	 200 	 1793 	 1
1787308231313 	 16 	 200 	 1795 	 2
1787308231319 	 24 	 200 	 1796 	 2
1787308231319 	 24 	 200 	 1796 	 1
1787308231347 	 15 	 200 	 1799 	 3
1787308231340 	 23 	 200 	 1799 	 2
1787308231348 	 19 	 200 	 1799 	 1
1787308231357 	 14 	 200 	 1799 	 0
1787308231374 	 13 	 200 	 1801 	 2
1787308231377 	 15 	 200 	 1803 	 2
1787308231396 	 16 	 200 	 1807 	 5
1787308231392 	 51 	 200 	 1808 	 5
1787308231404 	 40 	 200 	 1808 	 4
1787308231388 	 56 	 200 	 1808 	 3
1787308231395 	 50 	 200 	 1808 	 2
1787308231411 	 47 	 200 	 1808 	 1
1787308231477 	 14 	 200 	 1809 	 1
1787308231493 	 13 	 200 	 1811 	 2
1787308231431 	 80 	 200 	 1811 	 1
1787308231503 	 19 	 200 	 1813 	 2
1787308231514 	 16 	 200 	 1815 	 3
1787308231526 	 13 	 200 	 1815 	 2
1787308231520 	 48 	 200 	 1815 	 1
1787308231527 	 47 	 200 	 1815 	 0
1787308231594 	 22 	 200 	 1817 	 1
1787308231599 	 20 	 200 	 1817 	 0
1787308231636 	 12 	 200 	 1818 	 0
1787308231657 	 17 	 200 	 1820 	 1
1787308231663 	 14 	 200 	 1820 	 0
1787308231691 	 13 	 200 	 1821 	 0
1787308231741 	 12 	 200 	 1822 	 0
1787308231762 	 12 	 200 	 1823 	 0
1787308231795 	 16 	 200 	 1824 	 0
1787308231816 	 13 	 200 	 1825 	 0
1787308231835 	 16 	 200 	 1826 	 0
1787308231854 	 14 	 200 	 1828 	 1
1787308231862 	 14 	 200 	 1828 	 0
1787308231900 	 16 	 200 	 1830 	 1
1787308231906 	 16 	 200 	 1830 	 0
1787308231949 	 14 	 200 	 1832 	 1
1787308231951 	 14 	 200 	 1832 	 0
1787308231967 	 23 	 200 	 1833 	 0
1787308232043 	 13 	 200 	 1835 	 1
1787308232054 	 14 	 200 	 1835 	 0
1787308232074 	 15 	 200 	 1837 	 1
1787308232084 	 15 	 200 	 1839 	 2
1787308232092 	 13 	 200 	 1839 	 1
1787308232099 	 13 	 200 	 1841 	 2
1787308232107 	 14 	 200 	 1842 	 2
1787308232114 	 17 	 200 	 1843 	 2
1787308232109 	 22 	 200 	 1843 	 1
1787308232127 	 14 	 200 	 1843 	 0
1787308232165 	 14 	 200 	 1845 	 1
1787308232166 	 15 	 200 	 1845 	 0
1787308232191 	 14 	 200 	 1848 	 2
1787308232193 	 16 	 200 	 1848 	 1
1787308232192 	 19 	 200 	 1848 	 0
1787308232291 	 15 	 200 	 1851 	 2
1787308232291 	 18 	 200 	 1851 	 1
1787308232295 	 21 	 200 	 1851 	 1
1787308232317 	 15 	 200 	 1854 	 2
1787308232322 	 17 	 200 	 1854 	 2
1787308232324 	 16 	 200 	 1855 	 1
1787308232341 	 12 	 200 	 1855 	 0
1787308232422 	 29 	 200 	 1858 	 2
1787308232424 	 27 	 200 	 1858 	 1
1787308232426 	 28 	 200 	 1858 	 0
1787308232457 	 13 	 200 	 1860 	 1
1787308232470 	 14 	 200 	 1862 	 2
1787308232475 	 13 	 200 	 1862 	 1
1787308232479 	 22 	 200 	 1862 	 0
1787308232521 	 18 	 200 	 1864 	 1
1787308232527 	 14 	 200 	 1865 	 1
1787308232541 	 14 	 200 	 1867 	 2
1787308232549 	 14 	 200 	 1867 	 1
1787308232551 	 13 	 200 	 1867 	 0
1787308232588 	 12 	 200 	 1868 	 0
1787308232603 	 14 	 200 	 1870 	 1
1787308232613 	 15 	 200 	 1871 	 1
1787308232625 	 12 	 200 	 1872 	 1
1787308232630 	 17 	 200 	 1873 	 1
1787308232643 	 19 	 200 	 1873 	 0
1787308232666 	 28 	 200 	 1877 	 3
1787308232667 	 28 	 200 	 1877 	 2
1787308232676 	 19 	 200 	 1877 	 2
1787308232686 	 15 	 200 	 1878 	 1
1787308232697 	 16 	 200 	 1879 	 1
1787308232710 	 15 	 200 	 1880 	 1
1787308232718 	 14 	 200 	 1880 	 0
1787308232737 	 14 	 200 	 1882 	 1
1787308232746 	 13 	 200 	 1882 	 0
1787308232767 	 13 	 200 	 1883 	 0
1787308232787 	 24 	 200 	 1888 	 4
1787308232787 	 25 	 200 	 1888 	 3
1787308232789 	 33 	 200 	 1888 	 2
1787308232807 	 15 	 200 	 1888 	 1
1787308232842 	 14 	 200 	 1891 	 3
1787308232854 	 16 	 200 	 1891 	 2
1787308232852 	 19 	 200 	 1891 	 1
1787308232794 	 82 	 200 	 1891 	 0
1787308232896 	 14 	 200 	 1892 	 0
1787308232918 	 15 	 200 	 1894 	 1
1787308232924 	 13 	 200 	 1894 	 0
1787308232955 	 13 	 200 	 1895 	 0
1787308232978 	 15 	 200 	 1896 	 0
1787308233043 	 14 	 200 	 1899 	 2
1787308233053 	 13 	 200 	 1899 	 1
1787308233056 	 29 	 200 	 1900 	 1
1787308233074 	 18 	 200 	 1901 	 1
1787308233092 	 12 	 200 	 1901 	 0
1787308233137 	 24 	 200 	 1907 	 5
1787308233139 	 33 	 200 	 1907 	 4
1787308233156 	 24 	 200 	 1909 	 5
1787308233159 	 22 	 200 	 1909 	 4
1787308233161 	 20 	 200 	 1909 	 3
1787308233175 	 16 	 200 	 1910 	 3
1787308233153 	 38 	 200 	 1910 	 2
1787308233190 	 13 	 200 	 1911 	 2
1787308233180 	 64 	 200 	 1917 	 7
1787308233202 	 55 	 200 	 1917 	 6
1787308233230 	 34 	 200 	 1917 	 5
1787308233207 	 60 	 200 	 1917 	 4
1787308233209 	 59 	 200 	 1917 	 3
1787308233238 	 31 	 200 	 1917 	 2
1787308233233 	 38 	 200 	 1917 	 1
1787308233245 	 27 	 200 	 1918 	 1
1787308233273 	 24 	 200 	 1918 	 0
1787308233300 	 17 	 200 	 1919 	 0
1787308233322 	 21 	 200 	 1921 	 1
1787308233323 	 20 	 200 	 1921 	 0
1787308233407 	 13 	 200 	 1923 	 1
1787308233422 	 13 	 200 	 1924 	 1
1787308233424 	 13 	 200 	 1924 	 0
1787308233490 	 35 	 200 	 1926 	 1
1787308233501 	 24 	 200 	 1926 	 0
1787308233538 	 13 	 200 	 1928 	 1
1787308233551 	 77 	 200 	 1929 	 1
1787308233594 	 35 	 200 	 1929 	 0
1787308233647 	 15 	 200 	 1931 	 1
1787308233648 	 16 	 200 	 1931 	 0
1787308233682 	 12 	 200 	 1932 	 0
1787308233698 	 15 	 200 	 1934 	 1
1787308233704 	 12 	 200 	 1934 	 0
1787308233722 	 22 	 200 	 1937 	 2
1787308233736 	 14 	 200 	 1937 	 1
1787308233741 	 13 	 200 	 1937 	 0
1787308233759 	 17 	 200 	 1939 	 1
1787308233773 	 12 	 200 	 1939 	 0
1787308233800 	 13 	 200 	 1940 	 0
1787308233815 	 13 	 200 	 1941 	 0
1787308233833 	 12 	 200 	 1942 	 0
1787308233877 	 12 	 200 	 1944 	 1
1787308233885 	 14 	 200 	 1944 	 0
1787308233943 	 14 	 200 	 1946 	 1
1787308233956 	 18 	 200 	 1948 	 2
1787308233964 	 14 	 200 	 1948 	 1
1787308233972 	 13 	 200 	 1948 	 0
1787308234036 	 34 	 200 	 1951 	 2
1787308234040 	 36 	 200 	 1952 	 2
1787308234048 	 28 	 200 	 1952 	 1
1787308234075 	 14 	 200 	 1953 	 1
1787308234084 	 16 	 200 	 1953 	 0
1787308234145 	 15 	 200 	 1955 	 1
1787308234149 	 16 	 200 	 1955 	 0
1787308234189 	 17 	 200 	 1956 	 0
1787308234233 	 17 	 200 	 1958 	 1
1787308234235 	 20 	 200 	 1959 	 1
1787308234253 	 13 	 200 	 1959 	 0
1787308234281 	 16 	 200 	 1960 	 0
1787308234310 	 15 	 200 	 1963 	 2
1787308234314 	 23 	 200 	 1963 	 1
1787308234320 	 20 	 200 	 1963 	 0
1787308234344 	 12 	 200 	 1964 	 0
1787308234404 	 14 	 200 	 1965 	 0
1787308234428 	 16 	 200 	 1967 	 1
1787308234431 	 14 	 200 	 1967 	 0
1787308234456 	 14 	 200 	 1968 	 0
1787308234511 	 14 	 200 	 1969 	 0
1787308234601 	 13 	 200 	 1970 	 0
1787308234670 	 26 	 200 	 1971 	 0
1787308234734 	 16 	 200 	 1973 	 1
1787308234746 	 15 	 200 	 1973 	 0
1787308234783 	 16 	 200 	 1975 	 1
1787308234787 	 15 	 200 	 1975 	 0
1787308234812 	 17 	 200 	 1976 	 0
1787308234834 	 12 	 200 	 1977 	 0
1787308234860 	 14 	 200 	 1978 	 0
1787308234885 	 14 	 200 	 1979 	 0
1787308234914 	 12 	 200 	 1981 	 1
1787308234921 	 13 	 200 	 1982 	 1
1787308234929 	 18 	 200 	 1982 	 0
1787308234967 	 18 	 200 	 1984 	 1
1787308234972 	 14 	 200 	 1984 	 0
1787308235004 	 13 	 200 	 1985 	 0
1787308235022 	 17 	 200 	 1987 	 1
1787308235035 	 14 	 200 	 1988 	 1
1787308235045 	 12 	 200 	 1988 	 0
1787308235089 	 16 	 200 	 1990 	 1
1787308235100 	 14 	 200 	 1991 	 1
1787308235111 	 17 	 200 	 1993 	 2
1787308235127 	 20 	 200 	 1994 	 2
1787308235116 	 32 	 200 	 1994 	 1
1787308235142 	 13 	 200 	 1994 	 0
1787308235186 	 16 	 200 	 1997 	 2
1787308235202 	 14 	 200 	 1998 	 2
1787308235204 	 14 	 200 	 1998 	 1
1787308235276 	 17 	 200 	 2003 	 5
1787308235190 	 105 	 200 	 2003 	 4
1787308235278 	 41 	 200 	 2005 	 5
1787308235287 	 42 	 200 	 2006 	 5
1787308235289 	 42 	 200 	 2006 	 4
1787308235279 	 55 	 200 	 2006 	 3
1787308235318 	 17 	 200 	 2006 	 2
1787308235300 	 38 	 200 	 2006 	 1
1787308235326 	 15 	 200 	 2006 	 0
1787308235351 	 19 	 200 	 2008 	 1
1787308235364 	 13 	 200 	 2008 	 0
1787308235419 	 14 	 200 	 2009 	 0
1787308235456 	 20 	 200 	 2013 	 3
1787308235465 	 18 	 200 	 2013 	 2
1787308235466 	 17 	 200 	 2013 	 1
1787308235468 	 16 	 200 	 2013 	 0
1787308235493 	 16 	 200 	 2015 	 1
1787308235512 	 12 	 200 	 2016 	 1
1787308235495 	 43 	 200 	 2016 	 0
1787308235541 	 14 	 200 	 2017 	 0
1787308235645 	 19 	 200 	 2020 	 2
1787308235650 	 19 	 200 	 2020 	 1
1787308235651 	 20 	 200 	 2020 	 0
1787308235678 	 14 	 200 	 2022 	 1
1787308235683 	 18 	 200 	 2023 	 1
1787308235701 	 17 	 200 	 2024 	 1
1787308235714 	 14 	 200 	 2025 	 1
1787308235723 	 12 	 200 	 2025 	 0
1787308235756 	 15 	 200 	 2026 	 0
1787308235779 	 21 	 200 	 2027 	 0
1787308235816 	 21 	 200 	 2028 	 0
1787308235849 	 14 	 200 	 2029 	 0
1787308235870 	 14 	 200 	 2031 	 1
1787308235882 	 14 	 200 	 2031 	 0
1787308235922 	 12 	 200 	 2032 	 0
1787308235987 	 12 	 200 	 2033 	 0
1787308236033 	 35 	 200 	 2035 	 1
1787308236053 	 26 	 200 	 2037 	 2
1787308236075 	 14 	 200 	 2037 	 1
1787308236080 	 12 	 200 	 2037 	 0
1787308236103 	 14 	 200 	 2040 	 2
1787308236108 	 12 	 200 	 2040 	 1
1787308236113 	 14 	 200 	 2040 	 0
1787308236135 	 16 	 200 	 2041 	 0
1787308236153 	 19 	 200 	 2042 	 0
1787308236205 	 18 	 200 	 2046 	 3
1787308236206 	 39 	 200 	 2048 	 4
1787308236212 	 36 	 200 	 2048 	 3
1787308236217 	 33 	 200 	 2048 	 2
1787308236239 	 15 	 200 	 2048 	 1
1787308236237 	 17 	 200 	 2048 	 0
1787308236265 	 12 	 200 	 2049 	 0
1787308236303 	 13 	 200 	 2051 	 1
1787308236304 	 25 	 200 	 2052 	 1
1787308236327 	 16 	 200 	 2052 	 0
1787308236349 	 16 	 200 	 2055 	 2
1787308236352 	 16 	 200 	 2055 	 1
1787308236356 	 21 	 200 	 2055 	 0
1787308236396 	 14 	 200 	 2057 	 1
1787308236400 	 15 	 200 	 2057 	 0
1787308236443 	 13 	 200 	 2058 	 0
1787308236459 	 14 	 200 	 2061 	 2
1787308236461 	 16 	 200 	 2061 	 1
1787308236464 	 14 	 200 	 2061 	 0
1787308236491 	 19 	 200 	 2063 	 1
1787308236505 	 14 	 200 	 2063 	 0
1787308236528 	 14 	 200 	 2065 	 1
1787308236535 	 14 	 200 	 2066 	 1
1787308236545 	 15 	 200 	 2067 	 1
1787308236550 	 14 	 200 	 2067 	 0
1787308236566 	 13 	 200 	 2068 	 0
1787308236581 	 13 	 200 	 2069 	 0
1787308236630 	 15 	 200 	 2070 	 0
1787308236652 	 17 	 200 	 2071 	 0
1787308236672 	 15 	 200 	 2072 	 0
1787308236708 	 18 	 200 	 2075 	 2
1787308236712 	 16 	 200 	 2076 	 2
1787308236715 	 14 	 200 	 2076 	 1
1787308236730 	 14 	 200 	 2077 	 1
1787308236745 	 13 	 200 	 2079 	 2
1787308236736 	 25 	 200 	 2079 	 2
1787308236757 	 14 	 200 	 2081 	 2
1787308236762 	 13 	 200 	 2081 	 1
1787308236765 	 19 	 200 	 2081 	 0
1787308236851 	 32 	 200 	 2083 	 1
1787308236876 	 16 	 200 	 2084 	 1
1787308236886 	 15 	 200 	 2084 	 0
1787308236913 	 13 	 200 	 2085 	 0
1787308236934 	 13 	 200 	 2086 	 0
1787308236950 	 14 	 200 	 2087 	 0
1787308236973 	 16 	 200 	 2090 	 2
1787308236975 	 16 	 200 	 2090 	 1
1787308236982 	 16 	 200 	 2090 	 0
1787308237022 	 15 	 200 	 2091 	 0
1787308237052 	 18 	 200 	 2095 	 3
1787308237053 	 20 	 200 	 2095 	 2
1787308237065 	 13 	 200 	 2095 	 1
1787308237069 	 14 	 200 	 2095 	 0
1787308237085 	 12 	 200 	 2096 	 0
1787308237165 	 29 	 200 	 2098 	 1
1787308237167 	 31 	 200 	 2098 	 0
1787308237207 	 16 	 200 	 2099 	 0
1787308237260 	 20 	 200 	 2100 	 0
1787308237286 	 12 	 200 	 2101 	 0
1787308237308 	 14 	 200 	 2102 	 0
1787308237361 	 14 	 200 	 2103 	 0
1787308237427 	 35 	 200 	 2105 	 1
1787308237439 	 27 	 200 	 2105 	 0
1787308237543 	 14 	 200 	 2107 	 1
1787308237585 	 15 	 200 	 2108 	 1
1787308237603 	 13 	 200 	 2109 	 1
1787308237617 	 22 	 200 	 2110 	 1
1787308237664 	 13 	 200 	 2111 	 1
1787308237528 	 158 	 200 	 2111 	 0
1787308237705 	 14 	 200 	 2113 	 1
1787308237706 	 15 	 200 	 2113 	 0
1787308237723 	 13 	 200 	 2115 	 1
1787308237728 	 12 	 200 	 2115 	 0
1787308237765 	 13 	 200 	 2116 	 0
1787308237804 	 14 	 200 	 2118 	 1
1787308237817 	 14 	 200 	 2119 	 1
1787308237831 	 14 	 200 	 2119 	 1
1787308237846 	 13 	 200 	 2121 	 1
1787308237857 	 12 	 200 	 2121 	 0
1787308237874 	 15 	 200 	 2125 	 3
1787308237878 	 16 	 200 	 2125 	 2
1787308237881 	 13 	 200 	 2125 	 1
1787308237883 	 14 	 200 	 2126 	 1
1787308237897 	 14 	 200 	 2128 	 2
1787308237911 	 16 	 200 	 2130 	 3
1787308237910 	 20 	 200 	 2130 	 2
1787308237917 	 16 	 200 	 2130 	 1
1787308237915 	 27 	 200 	 2130 	 0
1787308237947 	 16 	 200 	 2132 	 1
1787308237951 	 14 	 200 	 2132 	 0
1787308238025 	 33 	 200 	 2136 	 3
1787308238035 	 27 	 200 	 2136 	 2
1787308238039 	 23 	 200 	 2136 	 1
1787308238045 	 23 	 200 	 2136 	 0
1787308238121 	 17 	 200 	 2138 	 1
1787308238133 	 13 	 200 	 2138 	 0
1787308238152 	 23 	 200 	 2141 	 2
1787308238155 	 29 	 200 	 2141 	 2
1787308238163 	 23 	 200 	 2142 	 1
1787308238186 	 13 	 200 	 2142 	 0
1787308238210 	 14 	 200 	 2143 	 0
1787308238231 	 17 	 200 	 2146 	 2
1787308238236 	 16 	 200 	 2147 	 2
1787308238247 	 18 	 200 	 2148 	 2
1787308238250 	 16 	 200 	 2148 	 1
1787308238256 	 13 	 200 	 2148 	 0
1787308238278 	 19 	 200 	 2149 	 0
1787308238329 	 12 	 200 	 2150 	 0
1787308238348 	 14 	 200 	 2153 	 2
1787308238350 	 17 	 200 	 2153 	 1
1787308238352 	 18 	 200 	 2153 	 0
1787308238381 	 13 	 200 	 2154 	 0
1787308238424 	 18 	 200 	 2156 	 1
1787308238429 	 15 	 200 	 2156 	 0
1787308238504 	 14 	 200 	 2157 	 0
1787308238573 	 17 	 200 	 2160 	 2
1787308238577 	 14 	 200 	 2160 	 3
1787308238592 	 18 	 200 	 2163 	 3
1787308238590 	 23 	 200 	 2163 	 2
1787308238592 	 21 	 200 	 2163 	 1
1787308238603 	 14 	 200 	 2163 	 0
1787308238652 	 14 	 200 	 2164 	 0
1787308238698 	 29 	 200 	 2166 	 1
1787308238702 	 27 	 200 	 2166 	 0
1787308238730 	 15 	 200 	 2168 	 1
1787308238734 	 12 	 200 	 2168 	 0
1787308238814 	 15 	 200 	 2170 	 1
1787308238818 	 13 	 200 	 2170 	 0
1787308238839 	 13 	 200 	 2171 	 0
1787308238855 	 18 	 200 	 2174 	 2
1787308238860 	 16 	 200 	 2174 	 1
1787308238873 	 13 	 200 	 2174 	 0
1787308238896 	 15 	 200 	 2175 	 0
1787308238919 	 15 	 200 	 2178 	 2
1787308238929 	 19 	 200 	 2178 	 1
1787308238935 	 14 	 200 	 2178 	 0
1787308239003 	 12 	 200 	 2179 	 0
1787308239026 	 15 	 200 	 2181 	 1
1787308239024 	 18 	 200 	 2181 	 0
1787308239049 	 13 	 200 	 2182 	 0
1787308239066 	 13 	 200 	 2183 	 0
1787308239091 	 14 	 200 	 2184 	 0
1787308239105 	 12 	 200 	 2185 	 0
1787308239122 	 16 	 200 	 2188 	 2
1787308239132 	 14 	 200 	 2188 	 1
1787308239135 	 14 	 200 	 2188 	 0
1787308239153 	 14 	 200 	 2191 	 2
1787308239156 	 14 	 200 	 2191 	 1
1787308239157 	 15 	 200 	 2191 	 0
1787308239177 	 14 	 200 	 2193 	 1
1787308239190 	 14 	 200 	 2196 	 3
1787308239198 	 13 	 200 	 2198 	 4
1787308239202 	 21 	 200 	 2198 	 3
1787308239203 	 25 	 200 	 2198 	 2
1787308239205 	 23 	 200 	 2198 	 1
1787308239210 	 25 	 200 	 2199 	 1
1787308239236 	 16 	 200 	 2199 	 1
1787308239253 	 16 	 200 	 2202 	 2
1787308239265 	 17 	 200 	 2203 	 2
1787308239269 	 20 	 200 	 2204 	 2
1787308239281 	 15 	 200 	 2204 	 1
1787308239284 	 14 	 200 	 2204 	 0
1787308239316 	 12 	 200 	 2205 	 0
1787308239337 	 18 	 200 	 2207 	 1
1787308239348 	 14 	 200 	 2207 	 0
1787308239376 	 13 	 200 	 2209 	 1
1787308239387 	 14 	 200 	 2210 	 1
1787308239396 	 13 	 200 	 2210 	 0
1787308239414 	 13 	 200 	 2211 	 0
1787308239431 	 14 	 200 	 2214 	 2
1787308239439 	 17 	 200 	 2214 	 1
1787308239445 	 14 	 200 	 2214 	 0
1787308239468 	 16 	 200 	 2215 	 0
1787308239506 	 15 	 200 	 2217 	 1
1787308239509 	 13 	 200 	 2217 	 0
1787308239560 	 15 	 200 	 2218 	 0
1787308239592 	 17 	 200 	 2220 	 1
1787308239595 	 15 	 200 	 2220 	 0
1787308239622 	 12 	 200 	 2221 	 0
1787308239639 	 14 	 200 	 2222 	 0
1787308239657 	 15 	 200 	 2225 	 2
1787308239671 	 15 	 200 	 2225 	 1
1787308239668 	 18 	 200 	 2225 	 0
1787308239690 	 13 	 200 	 2226 	 0
1787308239715 	 19 	 200 	 2228 	 1
1787308239717 	 17 	 200 	 2228 	 0
1787308239766 	 13 	 200 	 2231 	 2
1787308239763 	 17 	 200 	 2231 	 1
1787308239766 	 15 	 200 	 2231 	 0
1787308239790 	 13 	 200 	 2232 	 0
1787308239820 	 23 	 200 	 2234 	 1
1787308239842 	 14 	 200 	 2234 	 0
1787308239881 	 19 	 200 	 2235 	 0
1787308239905 	 19 	 200 	 2236 	 0
1787308239930 	 14 	 200 	 2237 	 0
1787308239958 	 14 	 200 	 2238 	 0
1787308239991 	 13 	 200 	 2239 	 0
1787308240006 	 15 	 200 	 2243 	 3
1787308240009 	 23 	 200 	 2243 	 2
1787308240019 	 14 	 200 	 2243 	 1
1787308240013 	 21 	 200 	 2243 	 0
1787308240038 	 13 	 200 	 2245 	 1
1787308240051 	 15 	 200 	 2245 	 0
1787308240117 	 32 	 200 	 2248 	 2
1787308240123 	 39 	 200 	 2248 	 1
1787308240140 	 34 	 200 	 2248 	 0
1787308240195 	 16 	 200 	 2249 	 0
1787308240235 	 17 	 200 	 2250 	 0
1787308240306 	 13 	 200 	 2251 	 0
1787308240340 	 18 	 200 	 2253 	 1
1787308240341 	 20 	 200 	 2253 	 0
1787308240367 	 12 	 200 	 2254 	 0
1787308240385 	 14 	 200 	 2256 	 1
1787308240388 	 12 	 200 	 2256 	 0
1787308240462 	 37 	 200 	 2259 	 2
1787308240496 	 14 	 200 	 2259 	 1
1787308240496 	 16 	 200 	 2259 	 0
1787308240517 	 14 	 200 	 2261 	 1
1787308240521 	 13 	 200 	 2261 	 0
1787308240538 	 16 	 200 	 2263 	 1
1787308240554 	 14 	 200 	 2263 	 0
1787308240574 	 13 	 200 	 2264 	 0
1787308240611 	 17 	 200 	 2266 	 1
1787308240614 	 19 	 200 	 2266 	 0
1787308240640 	 12 	 200 	 2267 	 0
1787308240679 	 13 	 200 	 2268 	 0
1787308240693 	 13 	 200 	 2270 	 1
1787308240706 	 12 	 200 	 2270 	 0
1787308240735 	 20 	 200 	 2271 	 0
1787308240782 	 13 	 200 	 2272 	 0
1787308240807 	 16 	 200 	 2273 	 0
1787308240860 	 16 	 200 	 2274 	 0
1787308240888 	 13 	 200 	 2275 	 0
1787308240909 	 12 	 200 	 2276 	 0
1787308240928 	 13 	 200 	 2278 	 1
1787308240941 	 13 	 200 	 2279 	 1
1787308240943 	 12 	 200 	 2279 	 0
1787308240964 	 22 	 200 	 2282 	 2
1787308240977 	 14 	 200 	 2282 	 1
1787308240979 	 18 	 200 	 2283 	 1
1787308240995 	 12 	 200 	 2283 	 0
1787308241029 	 27 	 200 	 2287 	 3
1787308241029 	 31 	 200 	 2287 	 2
1787308241049 	 16 	 200 	 2287 	 1
1787308241053 	 14 	 200 	 2287 	 0
1787308241073 	 12 	 200 	 2288 	 0
1787308241097 	 14 	 200 	 2292 	 3
1787308241094 	 22 	 200 	 2292 	 2
1787308241097 	 20 	 200 	 2292 	 1
1787308241103 	 18 	 200 	 2292 	 0
1787308241140 	 18 	 200 	 2294 	 1
1787308241157 	 16 	 200 	 2295 	 1
1787308241166 	 13 	 200 	 2296 	 1
1787308241179 	 13 	 200 	 2296 	 0
1787308241236 	 20 	 200 	 2297 	 0
1787308241258 	 14 	 200 	 2300 	 2
1787308241258 	 17 	 200 	 2300 	 1
1787308241271 	 19 	 200 	 2301 	 1
1787308241280 	 12 	 200 	 2301 	 0
1787308241321 	 24 	 200 	 2303 	 1
1787308241338 	 20 	 200 	 2307 	 4
1787308241349 	 17 	 200 	 2307 	 3
1787308241349 	 19 	 200 	 2307 	 2
1787308241351 	 17 	 200 	 2307 	 1
1787308241352 	 18 	 200 	 2307 	 0
1787308241393 	 14 	 200 	 2309 	 1
1787308241402 	 14 	 200 	 2309 	 0
1787308241444 	 27 	 200 	 2311 	 1
1787308241454 	 18 	 200 	 2311 	 0
1787308241506 	 14 	 200 	 2312 	 0
1787308241526 	 14 	 200 	 2313 	 0
1787308241560 	 15 	 200 	 2314 	 0
1787308241579 	 13 	 200 	 2315 	 0
1787308241615 	 16 	 200 	 2317 	 1
1787308241625 	 17 	 200 	 2317 	 0
1787308241656 	 13 	 200 	 2319 	 2
1787308241670 	 17 	 200 	 2320 	 1
1787308241670 	 17 	 200 	 2320 	 0
1787308241697 	 14 	 200 	 2323 	 2
1787308241706 	 15 	 200 	 2326 	 4
1787308241708 	 22 	 200 	 2326 	 3
1787308241713 	 18 	 200 	 2326 	 2
1787308241716 	 16 	 200 	 2326 	 1
1787308241718 	 16 	 200 	 2326 	 0
1787308241756 	 14 	 200 	 2327 	 0
1787308241776 	 17 	 200 	 2331 	 3
1787308241778 	 16 	 200 	 2331 	 2
1787308241789 	 18 	 200 	 2332 	 2
1787308241792 	 19 	 200 	 2333 	 2
1787308241800 	 20 	 200 	 2333 	 1
1787308241810 	 14 	 200 	 2333 	 0
1787308241838 	 13 	 200 	 2336 	 2
1787308241846 	 16 	 200 	 2336 	 1
1787308241851 	 18 	 200 	 2337 	 1
1787308241870 	 16 	 200 	 2337 	 0
1787308241898 	 14 	 200 	 2342 	 4
1787308241898 	 15 	 200 	 2342 	 3
1787308241895 	 27 	 200 	 2342 	 2
1787308241908 	 17 	 200 	 2342 	 1
1787308241910 	 18 	 200 	 2343 	 1
1787308241928 	 14 	 200 	 2343 	 0
1787308241962 	 16 	 200 	 2345 	 1
1787308241960 	 21 	 200 	 2345 	 0
1787308241996 	 15 	 200 	 2347 	 1
1787308242011 	 12 	 200 	 2347 	 0
1787308242027 	 14 	 200 	 2348 	 0
1787308242054 	 15 	 200 	 2350 	 1
1787308242061 	 14 	 200 	 2351 	 1
1787308242076 	 20 	 200 	 2351 	 0
1787308242098 	 14 	 200 	 2353 	 1
1787308242103 	 12 	 200 	 2353 	 0
1787308242139 	 14 	 200 	 2354 	 0
1787308242175 	 12 	 200 	 2356 	 1
1787308242187 	 12 	 200 	 2356 	 0
1787308242216 	 17 	 200 	 2357 	 0
1787308242275 	 20 	 200 	 2358 	 0
1787308242311 	 17 	 200 	 2359 	 0
1787308242331 	 16 	 200 	 2361 	 1
1787308242334 	 14 	 200 	 2361 	 0
1787308242391 	 26 	 200 	 2365 	 3
1787308242379 	 38 	 200 	 2365 	 2
1787308242405 	 21 	 200 	 2365 	 1
1787308242413 	 15 	 200 	 2365 	 0
1787308242432 	 27 	 200 	 2368 	 2
1787308242444 	 17 	 200 	 2369 	 2
1787308242450 	 16 	 200 	 2369 	 1
1787308242461 	 13 	 200 	 2370 	 1
1787308242467 	 15 	 200 	 2371 	 1
1787308242476 	 14 	 200 	 2371 	 0
1787308242504 	 13 	 200 	 2373 	 1
1787308242508 	 13 	 200 	 2373 	 0
1787308242550 	 17 	 200 	 2377 	 3
1787308242556 	 15 	 200 	 2377 	 2
1787308242558 	 19 	 200 	 2377 	 1
1787308242561 	 16 	 200 	 2377 	 0
1787308242580 	 15 	 200 	 2379 	 1
1787308242581 	 15 	 200 	 2379 	 0
1787308242708 	 16 	 200 	 2382 	 2
1787308242706 	 18 	 200 	 2382 	 1
1787308242713 	 14 	 200 	 2382 	 0
1787308242767 	 19 	 200 	 2384 	 1
1787308242784 	 12 	 200 	 2384 	 0
1787308242800 	 14 	 200 	 2387 	 2
1787308242799 	 17 	 200 	 2388 	 2
1787308242804 	 14 	 200 	 2388 	 1
1787308242816 	 12 	 200 	 2388 	 0
1787308242883 	 22 	 200 	 2389 	 0
1787308242918 	 13 	 200 	 2391 	 1
1787308242934 	 18 	 200 	 2392 	 1
1787308242932 	 20 	 200 	 2392 	 0
1787308242998 	 15 	 200 	 2394 	 1
1787308243008 	 13 	 200 	 2394 	 0
1787308243078 	 16 	 200 	 2395 	 0
1787308243118 	 15 	 200 	 2397 	 1
1787308243129 	 17 	 200 	 2397 	 0
1787308243171 	 24 	 200 	 2399 	 1
1787308243187 	 13 	 200 	 2399 	 0
1787308243202 	 13 	 200 	 2400 	 0
1787308243227 	 13 	 200 	 2401 	 0
1787308243242 	 15 	 200 	 2404 	 2
1787308243248 	 15 	 200 	 2405 	 2
1787308243247 	 18 	 200 	 2405 	 1
1787308243259 	 14 	 200 	 2405 	 0
1787308243295 	 14 	 200 	 2407 	 1
1787308243302 	 19 	 200 	 2407 	 0
1787308243343 	 13 	 200 	 2410 	 2
1787308243335 	 22 	 200 	 2410 	 1
1787308243343 	 17 	 200 	 2410 	 0
1787308243386 	 15 	 200 	 2411 	 0
1787308243411 	 14 	 200 	 2413 	 1
1787308243419 	 14 	 200 	 2413 	 0
1787308243435 	 13 	 200 	 2415 	 1
1787308243444 	 13 	 200 	 2415 	 0
1787308243469 	 12 	 200 	 2417 	 1
1787308243482 	 13 	 200 	 2417 	 0
1787308243500 	 15 	 200 	 2418 	 0
1787308243519 	 25 	 200 	 2422 	 3
1787308243527 	 21 	 200 	 2422 	 2
1787308243524 	 24 	 200 	 2422 	 1
1787308243540 	 15 	 200 	 2422 	 0
1787308243577 	 23 	 200 	 2424 	 1
1787308243592 	 18 	 200 	 2424 	 0
1787308243625 	 13 	 200 	 2425 	 0
1787308243709 	 14 	 200 	 2426 	 0
1787308243784 	 30 	 200 	 2428 	 1
1787308243798 	 19 	 200 	 2428 	 0
1787308243838 	 19 	 200 	 2430 	 1
1787308243856 	 13 	 200 	 2430 	 0
1787308243900 	 13 	 200 	 2431 	 0
1787308243922 	 13 	 200 	 2433 	 1
1787308243935 	 14 	 200 	 2435 	 2
1787308243940 	 18 	 200 	 2437 	 3
1787308243943 	 19 	 200 	 2437 	 2
1787308243951 	 20 	 200 	 2437 	 1
1787308243957 	 21 	 200 	 2438 	 1
1787308243975 	 14 	 200 	 2438 	 0
1787308244010 	 13 	 200 	 2439 	 0
1787308244031 	 18 	 200 	 2441 	 1
1787308244050 	 11 	 200 	 2441 	 0
1787308244097 	 36 	 200 	 2445 	 3
1787308244099 	 34 	 200 	 2445 	 2
1787308244116 	 22 	 200 	 2445 	 1
1787308244122 	 23 	 200 	 2445 	 0
1787308244160 	 22 	 200 	 2446 	 0
1787308244185 	 12 	 200 	 2447 	 0
1787308244205 	 14 	 200 	 2448 	 0
1787308244258 	 17 	 200 	 2449 	 0
1787308244286 	 15 	 200 	 2450 	 0
1787308244305 	 16 	 200 	 2452 	 1
1787308244310 	 14 	 200 	 2452 	 0
1787308244327 	 13 	 200 	 2455 	 2
1787308244328 	 13 	 200 	 2455 	 1
1787308244338 	 13 	 200 	 2455 	 0
1787308244354 	 14 	 200 	 2458 	 2
1787308244361 	 17 	 200 	 2458 	 1
1787308244361 	 18 	 200 	 2458 	 0
1787308244405 	 17 	 200 	 2459 	 0
1787308244427 	 14 	 200 	 2460 	 0
1787308244466 	 17 	 200 	 2463 	 2
1787308244476 	 14 	 200 	 2463 	 1
1787308244478 	 20 	 200 	 2463 	 0
1787308244512 	 14 	 200 	 2466 	 2
1787308244521 	 16 	 200 	 2466 	 1
1787308244526 	 13 	 200 	 2466 	 0
1787308244564 	 15 	 200 	 2468 	 1
1787308244562 	 18 	 200 	 2468 	 0
1787308244637 	 16 	 200 	 2470 	 1
1787308244660 	 13 	 200 	 2471 	 1
1787308244699 	 13 	 200 	 2472 	 1
1787308244746 	 23 	 200 	 2474 	 2
1787308244769 	 16 	 200 	 2474 	 1
1787308244649 	 138 	 200 	 2474 	 0
1787308244799 	 13 	 200 	 2475 	 0
1787308244835 	 12 	 200 	 2476 	 0
1787308244849 	 12 	 200 	 2478 	 1
1787308244857 	 13 	 200 	 2478 	 0
1787308244885 	 14 	 200 	 2480 	 1
1787308244893 	 14 	 200 	 2480 	 0
1787308244910 	 15 	 200 	 2482 	 1
1787308244922 	 14 	 200 	 2484 	 2
1787308244928 	 13 	 200 	 2484 	 1
1787308244935 	 15 	 200 	 2485 	 1
1787308244942 	 14 	 200 	 2485 	 1
1787308244960 	 15 	 200 	 2488 	 2
1787308244957 	 19 	 200 	 2489 	 2
1787308244983 	 20 	 200 	 2492 	 4
1787308244970 	 35 	 200 	 2493 	 4
1787308244991 	 21 	 200 	 2493 	 3
1787308245003 	 23 	 200 	 2494 	 3
1787308245005 	 61 	 200 	 2495 	 3
1787308245014 	 61 	 200 	 2496 	 3
1787308245050 	 35 	 200 	 2496 	 2
1787308245076 	 16 	 200 	 2496 	 1
1787308245108 	 16 	 200 	 2497 	 1
1787308245195 	 13 	 200 	 2499 	 2
1787308245207 	 14 	 200 	 2499 	 1
1787308245227 	 44 	 200 	 2501 	 2
1787308245263 	 14 	 200 	 2501 	 1
1787308245284 	 14 	 200 	 2503 	 2
1787308245291 	 14 	 200 	 2503 	 1
1787308245309 	 14 	 200 	 2504 	 1
1787308245375 	 16 	 200 	 2506 	 2
1787308245388 	 13 	 200 	 2506 	 1
1787308245408 	 23 	 200 	 2508 	 2
1787308245416 	 17 	 200 	 2508 	 1
1787308245447 	 26 	 200 	 2510 	 2
1787308245450 	 24 	 200 	 2510 	 1
1787308244976 	 515 	 200 	 2510 	 0
1787308245525 	 14 	 200 	 2512 	 1
1787308245525 	 15 	 200 	 2512 	 0
1787308245547 	 12 	 200 	 2513 	 0
1787308245588 	 15 	 200 	 2517 	 3
1787308245591 	 14 	 200 	 2517 	 2
1787308245596 	 18 	 200 	 2519 	 3
1787308245602 	 16 	 200 	 2520 	 3
1787308245613 	 19 	 200 	 2520 	 2
1787308245614 	 19 	 200 	 2521 	 2
1787308245617 	 17 	 200 	 2521 	 1
1787308245634 	 12 	 200 	 2521 	 0
1787308245652 	 23 	 200 	 2523 	 1
1787308245664 	 13 	 200 	 2524 	 1
1787308245677 	 13 	 200 	 2524 	 0
1787308245692 	 13 	 200 	 2525 	 0
1787308245769 	 26 	 200 	 2528 	 2
1787308245786 	 20 	 200 	 2530 	 3
1787308245778 	 32 	 200 	 2530 	 2
1787308245797 	 19 	 200 	 2530 	 1
1787308245801 	 15 	 200 	 2530 	 0
1787308245897 	 13 	 200 	 2532 	 1
1787308245910 	 16 	 200 	 2532 	 0
1787308245946 	 15 	 200 	 2533 	 0
1787308245978 	 13 	 200 	 2536 	 2
1787308245990 	 16 	 200 	 2536 	 1
1787308245990 	 21 	 200 	 2536 	 0
1787308246045 	 32 	 200 	 2539 	 2
1787308246044 	 31 	 200 	 2539 	 1
1787308246065 	 18 	 200 	 2539 	 0
1787308246187 	 17 	 200 	 2541 	 1
1787308246197 	 13 	 200 	 2541 	 0
1787308246212 	 16 	 200 	 2542 	 0
1787308246240 	 17 	 200 	 2545 	 2
1787308246240 	 19 	 200 	 2545 	 1
1787308246245 	 15 	 200 	 2545 	 0
1787308246271 	 18 	 200 	 2547 	 1
1787308246276 	 14 	 200 	 2547 	 0
1787308246363 	 14 	 200 	 2550 	 2
1787308246370 	 17 	 200 	 2550 	 1
1787308246368 	 26 	 200 	 2550 	 0
1787308246420 	 18 	 200 	 2551 	 0
1787308246467 	 37 	 200 	 2553 	 1
1787308246501 	 16 	 200 	 2553 	 0
1787308246526 	 13 	 200 	 2556 	 2
1787308246534 	 14 	 200 	 2556 	 1
1787308246540 	 14 	 200 	 2557 	 1
1787308246554 	 15 	 200 	 2558 	 1
1787308246558 	 13 	 200 	 2558 	 0
1787308246583 	 20 	 200 	 2561 	 2
1787308246596 	 15 	 200 	 2561 	 1
1787308246600 	 13 	 200 	 2561 	 0
1787308246615 	 16 	 200 	 2563 	 1
1787308246622 	 18 	 200 	 2563 	 0
1787308246672 	 26 	 200 	 2566 	 2
1787308246674 	 24 	 200 	 2566 	 1
1787308246698 	 14 	 200 	 2566 	 0
1787308246781 	 15 	 200 	 2567 	 0
1787308246846 	 17 	 200 	 2568 	 0
1787308246867 	 12 	 200 	 2569 	 0
1787308246942 	 18 	 200 	 2571 	 1
1787308246991 	 13 	 200 	 2575 	 4
1787308246948 	 73 	 200 	 2577 	 5
1787308246982 	 40 	 200 	 2577 	 4
1787308246996 	 73 	 200 	 2577 	 3
1787308247001 	 73 	 200 	 2577 	 2
1787308247010 	 69 	 200 	 2577 	 1
1787308247020 	 59 	 200 	 2577 	 0
1787308247081 	 17 	 200 	 2579 	 1
1787308247098 	 20 	 200 	 2581 	 2
1787308247109 	 16 	 200 	 2582 	 2
1787308247115 	 15 	 200 	 2582 	 1
1787308247121 	 13 	 200 	 2582 	 0
1787308247152 	 12 	 200 	 2585 	 2
1787308247160 	 15 	 200 	 2585 	 1
1787308247164 	 12 	 200 	 2585 	 0
1787308247195 	 18 	 200 	 2589 	 3
1787308247190 	 25 	 200 	 2589 	 2
1787308247204 	 14 	 200 	 2590 	 2
1787308247209 	 16 	 200 	 2590 	 1
1787308247217 	 12 	 200 	 2590 	 0
1787308247231 	 14 	 200 	 2592 	 1
1787308247232 	 17 	 200 	 2592 	 0
1787308247261 	 12 	 200 	 2593 	 0
1787308247284 	 13 	 200 	 2594 	 0
1787308247324 	 17 	 200 	 2596 	 1
1787308247322 	 18 	 200 	 2596 	 0
1787308247343 	 17 	 200 	 2598 	 1
1787308247349 	 13 	 200 	 2598 	 0
1787308247402 	 32 	 200 	 2600 	 1
1787308247430 	 28 	 200 	 2601 	 1
1787308247449 	 16 	 200 	 2601 	 0
1787308247469 	 15 	 200 	 2603 	 1
1787308247481 	 24 	 200 	 2603 	 0
1787308247508 	 14 	 200 	 2605 	 1
1787308247527 	 15 	 200 	 2606 	 1
1787308247515 	 27 	 200 	 2606 	 0
1787308247550 	 12 	 200 	 2608 	 1
1787308247559 	 14 	 200 	 2609 	 1
1787308247569 	 14 	 200 	 2610 	 1
1787308247579 	 14 	 200 	 2610 	 0
1787308247594 	 13 	 200 	 2612 	 1
1787308247608 	 13 	 200 	 2613 	 1
1787308247614 	 14 	 200 	 2613 	 0
1787308247633 	 15 	 200 	 2615 	 1
1787308247648 	 13 	 200 	 2615 	 0
1787308247686 	 12 	 200 	 2618 	 2
1787308247695 	 14 	 200 	 2618 	 1
1787308247698 	 14 	 200 	 2618 	 0
1787308247715 	 14 	 200 	 2620 	 1
1787308247725 	 14 	 200 	 2620 	 0
1787308247742 	 13 	 200 	 2621 	 0
1787308247763 	 29 	 200 	 2622 	 0
1787308247799 	 16 	 200 	 2623 	 0
1787308247834 	 15 	 200 	 2625 	 1
1787308247836 	 15 	 200 	 2625 	 0
1787308247865 	 13 	 200 	 2626 	 0
1787308247881 	 14 	 200 	 2629 	 2
1787308247913 	 16 	 200 	 2631 	 3
1787308247889 	 50 	 200 	 2631 	 2
1787308247891 	 48 	 200 	 2631 	 1
1787308247923 	 18 	 200 	 2631 	 0
1787308247955 	 16 	 200 	 2632 	 0
1787308247984 	 17 	 200 	 2634 	 1
1787308247988 	 14 	 200 	 2634 	 0
1787308248016 	 13 	 200 	 2636 	 1
1787308248017 	 15 	 200 	 2636 	 0
1787308248034 	 18 	 200 	 2639 	 2
1787308248040 	 14 	 200 	 2639 	 1
1787308248042 	 13 	 200 	 2639 	 1
1787308248056 	 13 	 200 	 2640 	 0
1787308248071 	 18 	 200 	 2643 	 2
1787308248080 	 17 	 200 	 2643 	 1
1787308248084 	 13 	 200 	 2643 	 0
1787308248128 	 14 	 200 	 2645 	 1
1787308248132 	 12 	 200 	 2645 	 0
1787308248157 	 18 	 200 	 2647 	 1
1787308248260 	 13 	 200 	 2649 	 2
1787308248278 	 14 	 200 	 2650 	 2
1787308248300 	 23 	 200 	 2653 	 4
1787308248235 	 98 	 200 	 2653 	 3
1787308248167 	 198 	 200 	 2654 	 3
1787308248306 	 63 	 200 	 2655 	 3
1787308248309 	 66 	 200 	 2655 	 2
1787308248359 	 19 	 200 	 2655 	 1
1787308248369 	 16 	 200 	 2655 	 0
1787308248407 	 32 	 200 	 2658 	 2
1787308248425 	 16 	 200 	 2658 	 1
1787308248433 	 12 	 200 	 2658 	 0
1787308248492 	 17 	 200 	 2659 	 0
1787308248511 	 13 	 200 	 2661 	 1
1787308248522 	 14 	 200 	 2661 	 0
1787308248549 	 19 	 200 	 2664 	 2
1787308248553 	 18 	 200 	 2664 	 1
1787308248568 	 16 	 200 	 2665 	 1
1787308248579 	 13 	 200 	 2665 	 0
1787308248620 	 19 	 200 	 2667 	 2
1787308248631 	 22 	 200 	 2668 	 1
1787308248640 	 14 	 200 	 2668 	 0
1787308248668 	 13 	 200 	 2669 	 0
1787308248726 	 16 	 200 	 2671 	 1
1787308248732 	 16 	 200 	 2671 	 0
1787308248802 	 20 	 200 	 2672 	 0
1787308248838 	 12 	 200 	 2674 	 1
1787308248840 	 13 	 200 	 2674 	 0
1787308248855 	 21 	 200 	 2677 	 2
1787308248861 	 15 	 200 	 2677 	 1
1787308248871 	 16 	 200 	 2678 	 1
1787308248879 	 13 	 200 	 2679 	 1
1787308248891 	 18 	 200 	 2681 	 2
1787308248897 	 14 	 200 	 2681 	 1
1787308248903 	 14 	 200 	 2681 	 0
1787308248933 	 18 	 200 	 2682 	 0
1787308248966 	 20 	 200 	 2686 	 3
1787308248977 	 24 	 200 	 2686 	 2
1787308248981 	 20 	 200 	 2686 	 1
1787308248984 	 18 	 200 	 2686 	 0
1787308249019 	 13 	 200 	 2690 	 3
1787308249017 	 20 	 200 	 2691 	 3
1787308249024 	 21 	 200 	 2691 	 2
1787308249035 	 13 	 200 	 2691 	 1
1787308249107 	 18 	 200 	 2695 	 4
1787308249111 	 16 	 200 	 2695 	 3
1787308249113 	 29 	 200 	 2696 	 3
1787308249104 	 67 	 200 	 2696 	 2
1787308249141 	 32 	 200 	 2696 	 1
1787308249201 	 36 	 200 	 2702 	 6
1787308249205 	 34 	 200 	 2702 	 5
1787308249220 	 20 	 200 	 2702 	 4
1787308249248 	 46 	 200 	 2707 	 8
1787308249250 	 46 	 200 	 2707 	 7
1787308249183 	 113 	 200 	 2707 	 6
1787308249216 	 80 	 200 	 2707 	 5
1787308249221 	 111 	 200 	 2708 	 5
1787308249325 	 13 	 200 	 2708 	 4
1787308249260 	 79 	 200 	 2708 	 3
1787308249262 	 78 	 200 	 2708 	 2
1787308249348 	 24 	 200 	 2710 	 3
1787308249389 	 32 	 200 	 2714 	 6
1787308249371 	 55 	 200 	 2714 	 5
1787308249385 	 41 	 200 	 2714 	 4
1787308249411 	 16 	 200 	 2714 	 3
1787308249283 	 148 	 200 	 2714 	 2
1787308249408 	 107 	 200 	 2715 	 2
1787308249497 	 23 	 200 	 2715 	 1
1787308249023 	 560 	 200 	 2715 	 0
1787308249612 	 23 	 200 	 2718 	 2
1787308249620 	 17 	 200 	 2718 	 1
1787308249629 	 12 	 200 	 2718 	 0
1787308249649 	 30 	 200 	 2719 	 0
1787308249713 	 16 	 200 	 2721 	 1
1787308249721 	 12 	 200 	 2721 	 0
1787308249763 	 15 	 200 	 2723 	 1
1787308249772 	 16 	 200 	 2723 	 0
1787308249799 	 14 	 200 	 2725 	 1
1787308249802 	 16 	 200 	 2726 	 1
1787308249814 	 13 	 200 	 2726 	 0
1787308249864 	 18 	 200 	 2728 	 1
1787308249881 	 14 	 200 	 2729 	 1
1787308249892 	 17 	 200 	 2729 	 0
1787308249911 	 12 	 200 	 2731 	 1
1787308249911 	 14 	 200 	 2731 	 0
1787308249949 	 15 	 200 	 2732 	 0
1787308249992 	 16 	 200 	 2733 	 0
1787308250015 	 19 	 200 	 2736 	 2
1787308250033 	 15 	 200 	 2737 	 2
1787308250032 	 18 	 200 	 2737 	 1
1787308250042 	 15 	 200 	 2737 	 0
1787308250069 	 18 	 200 	 2741 	 3
1787308250074 	 17 	 200 	 2741 	 2
1787308250078 	 16 	 200 	 2741 	 1
1787308250082 	 13 	 200 	 2741 	 0
1787308250127 	 15 	 200 	 2743 	 1
1787308250134 	 31 	 200 	 2743 	 0
1787308250204 	 21 	 200 	 2744 	 0
1787308250227 	 17 	 200 	 2746 	 1
1787308250240 	 44 	 200 	 2748 	 2
1787308250246 	 54 	 200 	 2748 	 1
1787308250266 	 37 	 200 	 2748 	 0
1787308250305 	 13 	 200 	 2750 	 1
1787308250317 	 18 	 200 	 2751 	 1
1787308250324 	 12 	 200 	 2751 	 0
1787308250343 	 14 	 200 	 2753 	 1
1787308250350 	 15 	 200 	 2753 	 0
1787308250392 	 15 	 200 	 2754 	 0
1787308250425 	 13 	 200 	 2756 	 1
1787308250428 	 12 	 200 	 2756 	 0
1787308250468 	 17 	 200 	 2758 	 1
1787308250484 	 13 	 200 	 2759 	 1
1787308250487 	 16 	 200 	 2759 	 0
1787308250517 	 14 	 200 	 2761 	 1
1787308250527 	 20 	 200 	 2761 	 0
1787308250561 	 16 	 200 	 2767 	 5
1787308250558 	 19 	 200 	 2767 	 4
1787308250566 	 17 	 200 	 2767 	 3
1787308250567 	 20 	 200 	 2767 	 2
1787308250571 	 19 	 200 	 2767 	 1
1787308250574 	 16 	 200 	 2767 	 0
1787308250618 	 15 	 200 	 2770 	 2
1787308250625 	 15 	 200 	 2770 	 1
1787308250614 	 29 	 200 	 2770 	 0
1787308250653 	 12 	 200 	 2771 	 0
1787308250693 	 13 	 200 	 2772 	 1
1787308250708 	 14 	 200 	 2773 	 0
1787308250732 	 18 	 200 	 2776 	 2
1787308250740 	 14 	 200 	 2776 	 1
1787308250750 	 15 	 200 	 2776 	 0
1787308250774 	 17 	 200 	 2778 	 1
1787308250781 	 13 	 200 	 2778 	 0
1787308250805 	 14 	 200 	 2781 	 2
1787308250818 	 16 	 200 	 2783 	 3
1787308250819 	 21 	 200 	 2783 	 2
1787308250825 	 15 	 200 	 2783 	 1
1787308250830 	 14 	 200 	 2783 	 0
1787308250873 	 14 	 200 	 2784 	 0
1787308250899 	 14 	 200 	 2785 	 0
1787308250934 	 13 	 200 	 2787 	 1
1787308250931 	 21 	 200 	 2787 	 0
1787308251021 	 36 	 200 	 2789 	 1
1787308251047 	 30 	 200 	 2790 	 1
1787308251067 	 19 	 200 	 2790 	 0
1787308251138 	 15 	 200 	 2792 	 1
1787308251144 	 14 	 200 	 2793 	 1
1787308251158 	 15 	 200 	 2793 	 0
1787308251181 	 13 	 200 	 2794 	 0
1787308251215 	 14 	 200 	 2795 	 0
1787308251247 	 14 	 200 	 2796 	 0
1787308251317 	 22 	 200 	 2798 	 1
1787308251327 	 15 	 200 	 2798 	 0
1787308251361 	 15 	 200 	 2800 	 1
1787308251373 	 12 	 200 	 2800 	 0
1787308251433 	 28 	 200 	 2801 	 0
1787308251472 	 12 	 200 	 2804 	 2
1787308251476 	 13 	 200 	 2805 	 2
1787308251484 	 14 	 200 	 2805 	 1
1787308251488 	 15 	 200 	 2805 	 0
1787308251512 	 34 	 200 	 2807 	 1
1787308251535 	 20 	 200 	 2808 	 1
1787308251550 	 17 	 200 	 2809 	 1
1787308251563 	 13 	 200 	 2810 	 1
1787308251572 	 12 	 200 	 2810 	 0
1787308251588 	 14 	 200 	 2811 	 0
1787308251607 	 23 	 200 	 2814 	 2
1787308251615 	 15 	 200 	 2814 	 1
1787308251628 	 13 	 200 	 2814 	 0
1787308251689 	 22 	 200 	 2815 	 0
1787308251722 	 12 	 200 	 2816 	 1
1787308251735 	 14 	 200 	 2818 	 1
1787308251747 	 15 	 200 	 2818 	 0
1787308251771 	 13 	 200 	 2819 	 0
1787308251809 	 14 	 200 	 2820 	 0
1787308251905 	 13 	 200 	 2821 	 0
1787308251982 	 21 	 200 	 2825 	 3
1787308251978 	 27 	 200 	 2825 	 2
1787308251980 	 25 	 200 	 2825 	 1
1787308251995 	 18 	 200 	 2826 	 1
1787308252007 	 13 	 200 	 2826 	 0
1787308252024 	 11 	 200 	 2827 	 0
1787308252142 	 33 	 200 	 2829 	 1
1787308252177 	 24 	 200 	 2829 	 0
1787308252209 	 15 	 200 	 2830 	 0
1787308252266 	 14 	 200 	 2833 	 2
1787308252270 	 13 	 200 	 2833 	 1
1787308252267 	 18 	 200 	 2833 	 0
1787308252316 	 16 	 200 	 2834 	 0
1787308252371 	 15 	 200 	 2837 	 2
1787308252375 	 18 	 200 	 2837 	 1
1787308252382 	 17 	 200 	 2837 	 0
1787308252450 	 17 	 200 	 2839 	 1
1787308252469 	 12 	 200 	 2841 	 2
1787308252481 	 14 	 200 	 2842 	 2
1787308252489 	 19 	 200 	 2844 	 3
1787308252500 	 17 	 200 	 2844 	 2
1787308252502 	 20 	 200 	 2844 	 1
1787308252461 	 68 	 200 	 2845 	 1
1787308252554 	 14 	 200 	 2846 	 1
1787308252529 	 41 	 200 	 2847 	 1
1787308252570 	 14 	 200 	 2848 	 1
1787308252577 	 13 	 200 	 2848 	 0
1787308252606 	 13 	 200 	 2849 	 0
1787308252622 	 12 	 200 	 2851 	 1
1787308252630 	 15 	 200 	 2852 	 1
1787308252639 	 13 	 200 	 2852 	 0
1787308252653 	 14 	 200 	 2853 	 0
1787308252697 	 22 	 200 	 2858 	 4
1787308252695 	 26 	 200 	 2858 	 3
1787308252703 	 19 	 200 	 2858 	 2
1787308252709 	 22 	 200 	 2859 	 2
1787308252713 	 19 	 200 	 2859 	 1
1787308252727 	 15 	 200 	 2859 	 0
1787308252745 	 51 	 200 	 2863 	 3
1787308252748 	 57 	 200 	 2863 	 2
1787308252787 	 19 	 200 	 2863 	 1
1787308252749 	 58 	 200 	 2863 	 0
1787308252820 	 20 	 200 	 2865 	 1
1787308252827 	 14 	 200 	 2865 	 0
1787308252843 	 17 	 200 	 2869 	 3
1787308252844 	 18 	 200 	 2869 	 2
1787308252857 	 15 	 200 	 2869 	 1
1787308252862 	 14 	 200 	 2869 	 0
1787308252886 	 14 	 200 	 2870 	 0
1787308252911 	 15 	 200 	 2872 	 1
1787308252924 	 12 	 200 	 2872 	 0
1787308252948 	 13 	 200 	 2874 	 1
1787308252954 	 15 	 200 	 2876 	 2
1787308252965 	 14 	 200 	 2877 	 2
1787308252972 	 15 	 200 	 2878 	 2
1787308252967 	 21 	 200 	 2878 	 1
1787308252982 	 13 	 200 	 2878 	 0
1787308253008 	 14 	 200 	 2879 	 0
1787308253027 	 13 	 200 	 2880 	 0
1787308253105 	 12 	 200 	 2881 	 0
1787308253145 	 15 	 200 	 2882 	 0
1787308253180 	 14 	 200 	 2884 	 1
1787308253187 	 14 	 200 	 2885 	 1
1787308253199 	 20 	 200 	 2886 	 1
1787308253201 	 18 	 200 	 2886 	 0
1787308253223 	 14 	 200 	 2889 	 2
1787308253224 	 17 	 200 	 2889 	 1
1787308253238 	 14 	 200 	 2889 	 0
1787308253258 	 13 	 200 	 2891 	 1
1787308253269 	 15 	 200 	 2891 	 0
1787308253299 	 16 	 200 	 2895 	 3
1787308253299 	 19 	 200 	 2895 	 2
1787308253310 	 18 	 200 	 2895 	 1
1787308253315 	 15 	 200 	 2895 	 0
1787308253339 	 18 	 200 	 2897 	 1
1787308253344 	 18 	 200 	 2897 	 0
1787308253413 	 24 	 200 	 2902 	 4
1787308253420 	 18 	 200 	 2902 	 3
1787308253427 	 18 	 200 	 2902 	 2
1787308253428 	 19 	 200 	 2902 	 1
1787308253426 	 23 	 200 	 2902 	 0
1787308253456 	 13 	 200 	 2904 	 1
1787308253470 	 13 	 200 	 2904 	 0
1787308253486 	 17 	 200 	 2906 	 1
1787308253490 	 15 	 200 	 2906 	 0
1787308253509 	 13 	 200 	 2907 	 0
1787308253570 	 14 	 200 	 2908 	 0
1787308253600 	 13 	 200 	 2909 	 0
1787308253639 	 15 	 200 	 2910 	 0
1787308253669 	 13 	 200 	 2911 	 1
1787308253683 	 17 	 200 	 2912 	 0
1787308253706 	 17 	 200 	 2914 	 1
1787308253720 	 14 	 200 	 2915 	 1
1787308253726 	 19 	 200 	 2916 	 1
1787308253741 	 14 	 200 	 2916 	 1
1787308253756 	 13 	 200 	 2918 	 1
1787308253767 	 14 	 200 	 2918 	 0
1787308253783 	 12 	 200 	 2919 	 0
1787308253800 	 13 	 200 	 2921 	 1
1787308253813 	 14 	 200 	 2922 	 1
1787308253815 	 15 	 200 	 2922 	 0
1787308253837 	 14 	 200 	 2924 	 1
1787308253838 	 13 	 200 	 2924 	 0
1787308253856 	 15 	 200 	 2925 	 0
1787308253905 	 12 	 200 	 2926 	 0
1787308253934 	 22 	 200 	 2928 	 1
1787308253938 	 21 	 200 	 2928 	 0
1787308253967 	 18 	 200 	 2929 	 0
1787308254000 	 13 	 200 	 2931 	 1
1787308254010 	 13 	 200 	 2932 	 1
1787308254022 	 15 	 200 	 2933 	 1
1787308254036 	 13 	 200 	 2933 	 0
1787308254094 	 18 	 200 	 2935 	 1
1787308254096 	 18 	 200 	 2935 	 0
1787308254115 	 12 	 200 	 2936 	 0
1787308254142 	 14 	 200 	 2937 	 0
1787308254171 	 30 	 200 	 2938 	 0
1787308254243 	 23 	 200 	 2940 	 1
1787308254257 	 14 	 200 	 2941 	 1
1787308254272 	 18 	 200 	 2941 	 0
1787308254318 	 14 	 200 	 2943 	 1
1787308254329 	 14 	 200 	 2943 	 0
1787308254373 	 13 	 200 	 2944 	 0
1787308254421 	 17 	 200 	 2945 	 0
1787308254440 	 12 	 200 	 2947 	 1
1787308254451 	 13 	 200 	 2948 	 1
1787308254463 	 13 	 200 	 2949 	 1
1787308254468 	 14 	 200 	 2950 	 1
1787308254481 	 15 	 200 	 2950 	 0
1787308254539 	 14 	 200 	 2951 	 0
1787308254589 	 15 	 200 	 2955 	 3
1787308254583 	 22 	 200 	 2955 	 2
1787308254594 	 21 	 200 	 2955 	 1
1787308254595 	 20 	 200 	 2955 	 0
1787308254630 	 13 	 200 	 2957 	 1
1787308254628 	 18 	 200 	 2957 	 0
1787308254653 	 12 	 200 	 2959 	 1
1787308254650 	 18 	 200 	 2959 	 0
1787308254678 	 15 	 200 	 2960 	 0
1787308254698 	 15 	 200 	 2961 	 0
1787308254761 	 20 	 200 	 2963 	 1
1787308254778 	 13 	 200 	 2963 	 0
1787308254804 	 14 	 200 	 2964 	 0
1787308254849 	 13 	 200 	 2965 	 0
1787308254926 	 27 	 200 	 2968 	 2
1787308254934 	 28 	 200 	 2968 	 2
1787308254938 	 23 	 200 	 2969 	 1
1787308254964 	 15 	 200 	 2969 	 0
1787308254987 	 15 	 200 	 2970 	 0
1787308255018 	 17 	 200 	 2973 	 2
1787308255021 	 17 	 200 	 2973 	 1
1787308255020 	 18 	 200 	 2973 	 0
1787308255051 	 21 	 200 	 2975 	 1
1787308255057 	 18 	 200 	 2975 	 0
1787308255083 	 12 	 200 	 2976 	 0
1787308255098 	 13 	 200 	 2978 	 1
1787308255098 	 15 	 200 	 2978 	 0
1787308255121 	 15 	 200 	 2979 	 0
1787308255151 	 15 	 200 	 2982 	 2
1787308255152 	 15 	 200 	 2982 	 1
1787308255158 	 14 	 200 	 2982 	 0
1787308255201 	 22 	 200 	 2986 	 3
1787308255206 	 24 	 200 	 2986 	 2
1787308255210 	 22 	 200 	 2986 	 1
1787308255222 	 15 	 200 	 2986 	 0
1787308255254 	 14 	 200 	 2988 	 1
1787308255256 	 15 	 200 	 2988 	 0
1787308255280 	 14 	 200 	 2989 	 0
1787308255373 	 15 	 200 	 2993 	 3
1787308255363 	 29 	 200 	 2993 	 2
1787308255379 	 16 	 200 	 2993 	 1
1787308255379 	 24 	 200 	 2994 	 1
1787308255400 	 13 	 200 	 2994 	 0
1787308255416 	 14 	 200 	 2997 	 2
1787308255421 	 15 	 200 	 2997 	 1
1787308255429 	 14 	 200 	 2997 	 0
1787308255458 	 13 	 200 	 2998 	 0
1787308255484 	 12 	 200 	 2999 	 1
1787308255497 	 12 	 200 	 3001 	 1
1787308255509 	 14 	 200 	 3001 	 0
1787308255530 	 14 	 200 	 3003 	 1
1787308255531 	 14 	 200 	 3003 	 0
1787308255566 	 13 	 200 	 3005 	 1
1787308255575 	 12 	 200 	 3005 	 0
1787308255600 	 14 	 200 	 3007 	 1
1787308255606 	 21 	 200 	 3008 	 1
1787308255620 	 14 	 200 	 3009 	 1
1787308255632 	 16 	 200 	 3009 	 0
1787308255671 	 13 	 200 	 3011 	 1
1787308255683 	 16 	 200 	 3012 	 1
1787308255689 	 16 	 200 	 3012 	 0
1787308255728 	 14 	 200 	 3013 	 0
1787308255776 	 18 	 200 	 3014 	 0
1787308255810 	 15 	 200 	 3016 	 1
1787308255814 	 14 	 200 	 3016 	 0
1787308255907 	 22 	 200 	 3018 	 1
1787308255909 	 24 	 200 	 3018 	 0
1787308255937 	 16 	 200 	 3021 	 2
1787308255936 	 19 	 200 	 3021 	 1
1787308255949 	 12 	 200 	 3021 	 0
1787308255991 	 16 	 200 	 3023 	 1
1787308256001 	 14 	 200 	 3023 	 0
1787308256019 	 12 	 200 	 3024 	 0
1787308256041 	 19 	 200 	 3026 	 1
1787308256053 	 14 	 200 	 3026 	 0
1787308256069 	 13 	 200 	 3027 	 0
1787308256089 	 14 	 200 	 3029 	 1
1787308256096 	 13 	 200 	 3029 	 0
1787308256153 	 37 	 200 	 3030 	 0
1787308256266 	 18 	 200 	 3031 	 0
1787308256298 	 14 	 200 	 3032 	 0
1787308256314 	 13 	 200 	 3034 	 1
1787308256324 	 12 	 200 	 3034 	 0
1787308256396 	 17 	 200 	 3035 	 0
1787308256428 	 19 	 200 	 3036 	 0
1787308256464 	 18 	 200 	 3038 	 1
1787308256477 	 15 	 200 	 3038 	 0
1787308256517 	 14 	 200 	 3039 	 0
1787308256547 	 14 	 200 	 3040 	 0
1787308256568 	 18 	 200 	 3042 	 1
1787308256585 	 12 	 200 	 3042 	 0
1787308256620 	 12 	 200 	 3043 	 0
1787308256645 	 13 	 200 	 3045 	 1
1787308256651 	 15 	 200 	 3045 	 0
1787308256674 	 22 	 200 	 3047 	 1
1787308256685 	 19 	 200 	 3047 	 0
1787308256722 	 13 	 200 	 3048 	 0
1787308256745 	 14 	 200 	 3050 	 1
1787308256756 	 15 	 200 	 3052 	 2
1787308256765 	 13 	 200 	 3052 	 1
1787308256771 	 25 	 200 	 3053 	 1
1787308256790 	 13 	 200 	 3053 	 0
1787308256819 	 14 	 200 	 3056 	 2
1787308256821 	 14 	 200 	 3056 	 1
1787308256833 	 13 	 200 	 3056 	 0
1787308256850 	 15 	 200 	 3058 	 1
1787308256856 	 20 	 200 	 3059 	 1
1787308256868 	 13 	 200 	 3059 	 0
1787308256932 	 15 	 200 	 3060 	 0
1787308256965 	 16 	 200 	 3062 	 1
1787308256977 	 22 	 200 	 3064 	 2
1787308256987 	 18 	 200 	 3066 	 3
1787308257000 	 14 	 200 	 3066 	 2
1787308257004 	 17 	 200 	 3067 	 2
1787308257005 	 20 	 200 	 3068 	 2
1787308257017 	 13 	 200 	 3068 	 1
1787308257024 	 17 	 200 	 3068 	 0
1787308257052 	 14 	 200 	 3070 	 1
1787308257066 	 13 	 200 	 3070 	 0
1787308257087 	 14 	 200 	 3071 	 0
1787308257192 	 17 	 200 	 3075 	 3
1787308257197 	 14 	 200 	 3075 	 2
1787308257193 	 19 	 200 	 3075 	 1
1787308257210 	 14 	 200 	 3076 	 1
1787308257220 	 13 	 200 	 3077 	 1
1787308257231 	 15 	 200 	 3078 	 1
1787308257237 	 15 	 200 	 3078 	 0
1787308257302 	 16 	 200 	 3081 	 2
1787308257307 	 17 	 200 	 3081 	 1
1787308257314 	 23 	 200 	 3083 	 2
1787308257329 	 21 	 200 	 3083 	 1
1787308257330 	 23 	 200 	 3083 	 0
1787308257373 	 15 	 200 	 3085 	 1
1787308257387 	 13 	 200 	 3085 	 0
1787308257422 	 13 	 200 	 3087 	 1
1787308257428 	 22 	 200 	 3087 	 0
1787308257491 	 18 	 200 	 3089 	 1
1787308257506 	 15 	 200 	 3089 	 0
1787308257538 	 14 	 200 	 3091 	 1
1787308257541 	 13 	 200 	 3091 	 0
1787308257604 	 18 	 200 	 3093 	 1
1787308257614 	 14 	 200 	 3093 	 0
1787308257638 	 14 	 200 	 3094 	 0
1787308257658 	 14 	 200 	 3097 	 2
1787308257656 	 25 	 200 	 3097 	 1
1787308257665 	 16 	 200 	 3097 	 0
1787308257687 	 19 	 200 	 3100 	 2
1787308257694 	 14 	 200 	 3100 	 1
1787308257699 	 16 	 200 	 3100 	 0
1787308257825 	 17 	 200 	 3101 	 0
1787308257843 	 15 	 200 	 3102 	 0
1787308257863 	 15 	 200 	 3104 	 1
1787308257870 	 14 	 200 	 3104 	 0
1787308257892 	 12 	 200 	 3105 	 0
1787308257920 	 17 	 200 	 3106 	 0
1787308257952 	 16 	 200 	 3108 	 1
1787308257953 	 16 	 200 	 3108 	 0
1787308257974 	 14 	 200 	 3112 	 3
1787308257977 	 19 	 200 	 3113 	 3
1787308257980 	 19 	 200 	 3113 	 2
1787308257988 	 16 	 200 	 3113 	 1
1787308257990 	 16 	 200 	 3113 	 0
1787308258069 	 27 	 200 	 3116 	 2
1787308258075 	 24 	 200 	 3116 	 1
1787308258095 	 17 	 200 	 3117 	 1
1787308258104 	 15 	 200 	 3118 	 1
1787308258114 	 14 	 200 	 3118 	 0
1787308258157 	 13 	 200 	 3119 	 0
1787308258191 	 13 	 200 	 3120 	 0
1787308258227 	 17 	 200 	 3123 	 2
1787308258232 	 18 	 200 	 3123 	 1
1787308258233 	 18 	 200 	 3123 	 0
1787308258288 	 12 	 200 	 3124 	 0
1787308258303 	 15 	 200 	 3127 	 2
1787308258303 	 15 	 200 	 3127 	 1
1787308258310 	 18 	 200 	 3127 	 0
1787308258343 	 12 	 200 	 3128 	 0
1787308258378 	 18 	 200 	 3131 	 2
1787308258389 	 17 	 200 	 3132 	 2
1787308258397 	 14 	 200 	 3132 	 1
1787308258399 	 14 	 200 	 3132 	 0
1787308258471 	 13 	 200 	 3133 	 0
1787308258496 	 12 	 200 	 3134 	 0
1787308258520 	 28 	 200 	 3137 	 2
1787308258539 	 19 	 200 	 3139 	 3
1787308258528 	 34 	 200 	 3139 	 2
1787308258552 	 15 	 200 	 3139 	 1
1787308258554 	 15 	 200 	 3139 	 0
1787308258576 	 12 	 200 	 3140 	 0
1787308258608 	 23 	 200 	 3143 	 2
1787308258609 	 24 	 200 	 3143 	 1
1787308258626 	 17 	 200 	 3143 	 0
1787308258679 	 13 	 200 	 3145 	 1
1787308258682 	 15 	 200 	 3145 	 0
1787308258708 	 14 	 200 	 3147 	 1
1787308258722 	 14 	 200 	 3147 	 0
1787308258738 	 14 	 200 	 3149 	 1
1787308258742 	 14 	 200 	 3149 	 0
1787308258761 	 12 	 200 	 3150 	 0
1787308258812 	 14 	 200 	 3153 	 2
1787308258809 	 18 	 200 	 3153 	 1
1787308258818 	 16 	 200 	 3153 	 0
1787308258883 	 14 	 200 	 3156 	 2
1787308258891 	 12 	 200 	 3156 	 1
1787308258898 	 13 	 200 	 3156 	 0
1787308258916 	 15 	 200 	 3158 	 1
1787308258918 	 19 	 200 	 3158 	 0
1787308258949 	 18 	 200 	 3160 	 1
1787308258953 	 19 	 200 	 3160 	 0
1787308258975 	 19 	 200 	 3163 	 2
1787308258987 	 17 	 200 	 3164 	 2
1787308258995 	 14 	 200 	 3164 	 1
1787308259000 	 14 	 200 	 3165 	 1
1787308259012 	 15 	 200 	 3166 	 1
1787308259021 	 13 	 200 	 3166 	 0
1787308259038 	 14 	 200 	 3167 	 0
1787308259072 	 29 	 200 	 3170 	 2
1787308259076 	 28 	 200 	 3170 	 1
1787308259093 	 26 	 200 	 3171 	 1
1787308259110 	 12 	 200 	 3171 	 0
1787308259125 	 18 	 200 	 3172 	 0
1787308259146 	 16 	 200 	 3176 	 3
1787308259146 	 17 	 200 	 3176 	 2
1787308259147 	 16 	 200 	 3176 	 1
1787308259155 	 17 	 200 	 3176 	 0
1787308259181 	 15 	 200 	 3177 	 0
1787308259197 	 14 	 200 	 3180 	 2
1787308259207 	 32 	 200 	 3181 	 2
1787308259220 	 46 	 200 	 3184 	 4
1787308259210 	 57 	 200 	 3184 	 3
1787308259250 	 20 	 200 	 3184 	 2
1787308259254 	 18 	 200 	 3184 	 1
1787308259261 	 23 	 200 	 3185 	 1
1787308259284 	 20 	 200 	 3186 	 1
1787308259294 	 13 	 200 	 3186 	 0
1787308259312 	 13 	 200 	 3188 	 1
1787308259311 	 16 	 200 	 3188 	 0
1787308259333 	 13 	 200 	 3189 	 0
1787308259379 	 14 	 200 	 3191 	 1
1787308259374 	 21 	 200 	 3191 	 0
1787308259397 	 14 	 200 	 3192 	 0
1787308259412 	 16 	 200 	 3193 	 0
1787308259448 	 14 	 200 	 3196 	 2
1787308259447 	 19 	 200 	 3196 	 1
1787308259455 	 13 	 200 	 3196 	 0
1787308259504 	 15 	 200 	 3199 	 2
1787308259501 	 21 	 200 	 3200 	 2
1787308259513 	 18 	 200 	 3202 	 3
1787308259522 	 18 	 200 	 3204 	 4
1787308259527 	 14 	 200 	 3204 	 3
1787308259532 	 15 	 200 	 3204 	 2
1787308259530 	 24 	 200 	 3204 	 1
1787308259537 	 18 	 200 	 3204 	 0
1787308259560 	 17 	 200 	 3207 	 2
1787308259565 	 13 	 200 	 3207 	 1
1787308259572 	 19 	 200 	 3207 	 0
1787308259594 	 13 	 200 	 3208 	 0
1787308259630 	 14 	 200 	 3209 	 0
1787308259656 	 14 	 200 	 3210 	 0
1787308259680 	 14 	 200 	 3212 	 1
1787308259686 	 13 	 200 	 3212 	 0
1787308259723 	 16 	 200 	 3217 	 4
1787308259721 	 25 	 200 	 3217 	 3
1787308259733 	 18 	 200 	 3217 	 2
1787308259727 	 26 	 200 	 3217 	 1
1787308259738 	 22 	 200 	 3218 	 1
1787308259777 	 14 	 200 	 3220 	 2
1787308259755 	 47 	 200 	 3220 	 1
1787308259777 	 29 	 200 	 3220 	 0
1787308259834 	 20 	 200 	 3222 	 1
1787308259836 	 19 	 200 	 3222 	 0
1787308259872 	 18 	 200 	 3223 	 0
1787308259892 	 19 	 200 	 3224 	 0
1787308259915 	 16 	 200 	 3225 	 0
1787308259943 	 16 	 200 	 3227 	 1
1787308259954 	 16 	 200 	 3227 	 0
1787308259992 	 18 	 200 	 3228 	 0
1787308260021 	 14 	 200 	 3230 	 1
1787308260028 	 13 	 200 	 3230 	 0
1787308260043 	 16 	 200 	 3233 	 2
1787308260044 	 16 	 200 	 3233 	 1
1787308260046 	 15 	 200 	 3233 	 0
1787308260071 	 12 	 200 	 3235 	 1
1787308260083 	 14 	 200 	 3236 	 1
1787308260093 	 17 	 200 	 3236 	 0
1787308260113 	 12 	 200 	 3238 	 1
1787308260124 	 14 	 200 	 3240 	 2
1787308260134 	 14 	 200 	 3240 	 1
1787308260138 	 12 	 200 	 3240 	 0
1787308260193 	 26 	 200 	 3241 	 0
1787308260232 	 37 	 200 	 3242 	 0
1787308260299 	 17 	 200 	 3244 	 1
1787308260306 	 12 	 200 	 3244 	 0
1787308260399 	 13 	 200 	 3246 	 1
1787308260411 	 17 	 200 	 3248 	 2
1787308260416 	 18 	 200 	 3248 	 1
1787308260426 	 18 	 200 	 3249 	 1
1787308260437 	 13 	 200 	 3250 	 1
1787308260446 	 12 	 200 	 3250 	 0
1787308260460 	 13 	 200 	 3252 	 1
1787308260467 	 14 	 200 	 3252 	 0
1787308260485 	 17 	 200 	 3255 	 2
1787308260487 	 18 	 200 	 3255 	 1
1787308260502 	 18 	 200 	 3256 	 1
1787308260518 	 15 	 200 	 3256 	 0
1787308260589 	 18 	 200 	 3261 	 4
1787308260594 	 15 	 200 	 3261 	 3
1787308260603 	 18 	 200 	 3262 	 3
1787308260600 	 25 	 200 	 3262 	 2
1787308260607 	 21 	 200 	 3262 	 1
1787308260616 	 16 	 200 	 3262 	 0
1787308260647 	 15 	 200 	 3265 	 2
1787308260655 	 16 	 200 	 3265 	 1
1787308260659 	 14 	 200 	 3265 	 0
1787308260714 	 13 	 200 	 3268 	 3
1787308260716 	 14 	 200 	 3269 	 2
1787308260722 	 22 	 200 	 3270 	 2
1787308260728 	 18 	 200 	 3270 	 1
1787308260735 	 16 	 200 	 3270 	 0
1787308260762 	 18 	 200 	 3272 	 1
1787308260775 	 15 	 200 	 3273 	 1
1787308260786 	 17 	 200 	 3273 	 0
1787308260859 	 15 	 200 	 3274 	 0
1787308260887 	 12 	 200 	 3275 	 0
1787308260964 	 33 	 200 	 3276 	 0
1787308261051 	 37 	 200 	 3279 	 2
1787308261073 	 25 	 200 	 3280 	 2
1787308261088 	 22 	 200 	 3280 	 1
1787308261096 	 15 	 200 	 3280 	 0
1787308261119 	 21 	 200 	 3283 	 2
1787308261122 	 18 	 200 	 3283 	 1
1787308261130 	 13 	 200 	 3283 	 0
1787308261156 	 13 	 200 	 3284 	 0
1787308261186 	 24 	 200 	 3286 	 1
1787308261203 	 17 	 200 	 3286 	 0
1787308261250 	 24 	 200 	 3290 	 3
1787308261253 	 25 	 200 	 3290 	 2
1787308261265 	 16 	 200 	 3290 	 1
1787308261269 	 13 	 200 	 3290 	 0
1787308261356 	 22 	 200 	 3292 	 1
1787308261358 	 23 	 200 	 3292 	 0
1787308261394 	 16 	 200 	 3295 	 2
1787308261395 	 15 	 200 	 3295 	 1
1787308261406 	 22 	 200 	 3296 	 1
1787308261419 	 13 	 200 	 3296 	 0
1787308261459 	 18 	 200 	 3299 	 2
1787308261471 	 19 	 200 	 3300 	 2
1787308261475 	 17 	 200 	 3300 	 1
1787308261484 	 14 	 200 	 3300 	 0
1787308261508 	 23 	 200 	 3302 	 1
1787308261510 	 25 	 200 	 3303 	 1
1787308261533 	 15 	 200 	 3304 	 1
1787308261545 	 16 	 200 	 3304 	 0
1787308261585 	 15 	 200 	 3305 	 0
1787308261655 	 18 	 200 	 3307 	 1
1787308261660 	 15 	 200 	 3307 	 0
1787308261679 	 14 	 200 	 3310 	 2
1787308261682 	 19 	 200 	 3310 	 1
1787308261684 	 20 	 200 	 3310 	 0
1787308261708 	 12 	 200 	 3311 	 0
1787308261748 	 16 	 200 	 3314 	 2
1787308261748 	 22 	 200 	 3314 	 1
1787308261756 	 18 	 200 	 3314 	 0
1787308261776 	 16 	 200 	 3315 	 0
1787308261817 	 14 	 200 	 3316 	 0
1787308261874 	 14 	 200 	 3319 	 2
1787308261893 	 12 	 200 	 3320 	 2
1787308261888 	 24 	 200 	 3320 	 1
1787308261890 	 24 	 200 	 3320 	 0
1787308261952 	 24 	 200 	 3321 	 0
1787308261995 	 31 	 200 	 3324 	 2
1787308262006 	 26 	 200 	 3325 	 2
1787308262019 	 18 	 200 	 3325 	 1
1787308262034 	 18 	 200 	 3326 	 1
1787308262046 	 12 	 200 	 3326 	 0
1787308262098 	 23 	 200 	 3328 	 1
1787308262111 	 13 	 200 	 3329 	 1
1787308262124 	 19 	 200 	 3330 	 1
1787308262126 	 18 	 200 	 3330 	 0
1787308262160 	 14 	 200 	 3331 	 0
1787308262194 	 18 	 200 	 3332 	 0
1787308262237 	 14 	 200 	 3335 	 2
1787308262243 	 15 	 200 	 3335 	 1
1787308262250 	 13 	 200 	 3335 	 0
1787308262314 	 43 	 200 	 3340 	 4
1787308262285 	 74 	 200 	 3340 	 3
1787308262330 	 29 	 200 	 3340 	 2
1787308262334 	 27 	 200 	 3340 	 1
1787308262347 	 18 	 200 	 3340 	 0
1787308262368 	 13 	 200 	 3341 	 0
1787308262401 	 12 	 200 	 3342 	 0
1787308262426 	 13 	 200 	 3343 	 0
1787308262477 	 31 	 200 	 3344 	 0
1787308262532 	 12 	 200 	 3345 	 0
1787308262572 	 14 	 200 	 3346 	 0
1787308262588 	 15 	 200 	 3348 	 1
1787308262593 	 13 	 200 	 3348 	 0
1787308262663 	 14 	 200 	 3350 	 2
1787308262670 	 18 	 200 	 3352 	 2
1787308262678 	 12 	 200 	 3352 	 1
1787308262683 	 19 	 200 	 3353 	 1
1787308262696 	 14 	 200 	 3354 	 1
1787308262704 	 14 	 200 	 3354 	 0
1787308262721 	 13 	 200 	 3355 	 0
1787308262755 	 18 	 200 	 3357 	 1
1787308262765 	 12 	 200 	 3357 	 0
1787308262784 	 13 	 200 	 3359 	 1
1787308262788 	 11 	 200 	 3359 	 0
1787308262818 	 18 	 200 	 3360 	 0
1787308262857 	 14 	 200 	 3361 	 0
1787308262879 	 17 	 200 	 3362 	 0
1787308262937 	 16 	 200 	 3365 	 2
1787308262945 	 17 	 200 	 3366 	 2
1787308262954 	 16 	 200 	 3366 	 1
1787308262962 	 14 	 200 	 3366 	 0
1787308263002 	 13 	 200 	 3367 	 0
1787308263041 	 21 	 200 	 3371 	 3
1787308263047 	 24 	 200 	 3371 	 2
1787308263050 	 22 	 200 	 3371 	 1
1787308263051 	 26 	 200 	 3371 	 0
1787308263083 	 17 	 200 	 3375 	 3
1787308263081 	 21 	 200 	 3375 	 2
1787308263081 	 22 	 200 	 3375 	 1
1787308263093 	 17 	 200 	 3375 	 0
1787308263195 	 21 	 200 	 3379 	 3
1787308263191 	 32 	 200 	 3381 	 4
1787308263193 	 33 	 200 	 3382 	 4
1787308263202 	 25 	 200 	 3382 	 3
1787308263223 	 21 	 200 	 3382 	 2
1787308263222 	 27 	 200 	 3383 	 2
1787308263225 	 23 	 200 	 3383 	 1
1787308263248 	 16 	 200 	 3384 	 1
1787308263255 	 17 	 200 	 3385 	 1
1787308263269 	 42 	 200 	 3386 	 1
1787308263313 	 13 	 200 	 3386 	 0
1787308263348 	 13 	 200 	 3387 	 0
1787308263369 	 13 	 200 	 3388 	 0
1787308263394 	 14 	 200 	 3389 	 0
1787308263418 	 16 	 200 	 3394 	 4
1787308263422 	 17 	 200 	 3395 	 4
1787308263420 	 20 	 200 	 3395 	 3
1787308263422 	 19 	 200 	 3395 	 2
1787308263425 	 17 	 200 	 3396 	 2
1787308263435 	 19 	 200 	 3397 	 2
1787308263442 	 22 	 200 	 3398 	 2
1787308263450 	 18 	 200 	 3398 	 1
1787308263457 	 15 	 200 	 3398 	 0
1787308263508 	 14 	 200 	 3401 	 2
1787308263520 	 22 	 200 	 3403 	 3
1787308263524 	 19 	 200 	 3403 	 2
1787308263518 	 25 	 200 	 3403 	 1
1787308263530 	 17 	 200 	 3403 	 0
1787308263560 	 15 	 200 	 3406 	 2
1787308263563 	 17 	 200 	 3406 	 1
1787308263565 	 17 	 200 	 3406 	 0
1787308263584 	 18 	 200 	 3410 	 3
1787308263585 	 20 	 200 	 3410 	 2
1787308263591 	 14 	 200 	 3410 	 1
1787308263600 	 16 	 200 	 3411 	 1
1787308263615 	 16 	 200 	 3412 	 1
1787308263625 	 15 	 200 	 3412 	 0
1787308263657 	 12 	 200 	 3413 	 0
1787308263690 	 14 	 200 	 3414 	 0
1787308263719 	 13 	 200 	 3415 	 0
1787308263760 	 33 	 200 	 3417 	 1
1787308263811 	 15 	 200 	 3420 	 3
1787308263813 	 18 	 200 	 3420 	 2
1787308263815 	 19 	 200 	 3420 	 1
1787308263842 	 33 	 200 	 3424 	 4
1787308263838 	 36 	 200 	 3424 	 3
1787308263848 	 30 	 200 	 3424 	 2
1787308263841 	 41 	 200 	 3424 	 1
1787308263908 	 18 	 200 	 3425 	 1
1787308263767 	 212 	 200 	 3426 	 1
1787308263978 	 15 	 200 	 3426 	 0
1787308264010 	 17 	 200 	 3428 	 1
1787308264021 	 15 	 200 	 3430 	 2
1787308264029 	 15 	 200 	 3430 	 1
1787308264034 	 15 	 200 	 3430 	 0
1787308264073 	 32 	 200 	 3432 	 1
1787308264096 	 22 	 200 	 3434 	 2
1787308264109 	 19 	 200 	 3435 	 2
1787308264136 	 15 	 200 	 3438 	 4
1787308264134 	 17 	 200 	 3438 	 3
1787308264137 	 15 	 200 	 3438 	 2
1787308264115 	 45 	 200 	 3438 	 1
1787308264127 	 33 	 200 	 3438 	 0
1787308264168 	 12 	 200 	 3439 	 0
1787308264186 	 16 	 200 	 3441 	 1
1787308264201 	 24 	 200 	 3442 	 1
1787308264206 	 29 	 200 	 3442 	 0
1787308264247 	 14 	 200 	 3444 	 1
1787308264257 	 12 	 200 	 3444 	 0
1787308264273 	 13 	 200 	 3445 	 0
1787308264345 	 20 	 200 	 3448 	 2
1787308264346 	 23 	 200 	 3448 	 1
1787308264353 	 18 	 200 	 3448 	 0
1787308264400 	 26 	 200 	 3450 	 1
1787308264394 	 33 	 200 	 3450 	 0
1787308264449 	 15 	 200 	 3452 	 1
1787308264454 	 17 	 200 	 3452 	 0
1787308264569 	 22 	 200 	 3453 	 0
1787308264632 	 12 	 200 	 3454 	 0
1787308264650 	 12 	 200 	 3455 	 0
1787308264724 	 14 	 200 	 3456 	 0
1787308264746 	 12 	 200 	 3458 	 1
1787308264753 	 19 	 200 	 3458 	 0
1787308264789 	 14 	 200 	 3460 	 1
1787308264789 	 16 	 200 	 3460 	 0
1787308264807 	 17 	 200 	 3464 	 3
1787308264812 	 15 	 200 	 3464 	 2
1787308264813 	 18 	 200 	 3464 	 1
1787308264816 	 15 	 200 	 3464 	 0
1787308264857 	 15 	 200 	 3467 	 2
1787308264860 	 18 	 200 	 3467 	 1
1787308264888 	 15 	 200 	 3468 	 1
1787308264864 	 38 	 200 	 3468 	 0
1787308264906 	 12 	 200 	 3469 	 0
1787308264939 	 13 	 200 	 3471 	 1
1787308264948 	 14 	 200 	 3471 	 0
1787308264971 	 13 	 200 	 3472 	 0
1787308265001 	 13 	 200 	 3475 	 2
1787308265005 	 14 	 200 	 3476 	 2
1787308265013 	 14 	 200 	 3476 	 1
1787308265017 	 13 	 200 	 3476 	 0
1787308265059 	 32 	 200 	 3479 	 2
1787308265072 	 23 	 200 	 3479 	 1
1787308265064 	 35 	 200 	 3479 	 0
1787308265106 	 16 	 200 	 3481 	 1
1787308265110 	 13 	 200 	 3481 	 0
1787308265129 	 14 	 200 	 3482 	 0
1787308265147 	 24 	 200 	 3484 	 1
1787308265148 	 26 	 200 	 3484 	 0
1787308265213 	 15 	 200 	 3486 	 1
1787308265212 	 16 	 200 	 3486 	 0
1787308265235 	 13 	 200 	 3488 	 1
1787308265243 	 16 	 200 	 3488 	 0
1787308265299 	 16 	 200 	 3491 	 2
1787308265307 	 15 	 200 	 3491 	 1
1787308265315 	 13 	 200 	 3491 	 0
1787308265363 	 23 	 200 	 3493 	 1
1787308265374 	 17 	 200 	 3493 	 0
1787308265445 	 21 	 200 	 3495 	 1
1787308265450 	 16 	 200 	 3495 	 0
1787308265478 	 16 	 200 	 3498 	 2
1787308265483 	 20 	 200 	 3498 	 1
1787308265489 	 22 	 200 	 3498 	 0
1787308265529 	 16 	 200 	 3500 	 1
1787308265540 	 18 	 200 	 3501 	 1
1787308265554 	 15 	 200 	 3502 	 1
1787308265568 	 16 	 200 	 3503 	 1
1787308265590 	 12 	 200 	 3504 	 1
1787308265572 	 47 	 200 	 3504 	 0
1787308265629 	 29 	 200 	 3505 	 0
1787308265662 	 14 	 200 	 3506 	 0
1787308265685 	 18 	 200 	 3508 	 1
1787308265687 	 17 	 200 	 3508 	 0
1787308265717 	 13 	 200 	 3510 	 1
1787308265723 	 13 	 200 	 3511 	 1
1787308265735 	 12 	 200 	 3511 	 0
1787308265752 	 12 	 200 	 3512 	 0
1787308265773 	 14 	 200 	 3513 	 0
1787308265798 	 11 	 200 	 3514 	 0
1787308265812 	 15 	 200 	 3515 	 0
1787308265845 	 36 	 200 	 3516 	 0
1787308265894 	 12 	 200 	 3517 	 0
1787308265916 	 15 	 200 	 3519 	 1
1787308265930 	 17 	 200 	 3520 	 1
1787308265940 	 16 	 200 	 3520 	 0
1787308265968 	 17 	 200 	 3522 	 1
1787308265969 	 22 	 200 	 3522 	 0
1787308266001 	 14 	 200 	 3525 	 3
1787308266002 	 19 	 200 	 3526 	 2
1787308266011 	 15 	 200 	 3527 	 2
1787308266018 	 14 	 200 	 3527 	 1
1787308266023 	 17 	 200 	 3528 	 1
1787308266036 	 12 	 200 	 3528 	 0
1787308266090 	 27 	 200 	 3529 	 0
1787308266126 	 15 	 200 	 3530 	 0
1787308266144 	 12 	 200 	 3532 	 1
1787308266155 	 14 	 200 	 3533 	 1
1787308266158 	 15 	 200 	 3535 	 2
1787308266173 	 14 	 200 	 3535 	 1
1787308266170 	 19 	 200 	 3535 	 0
1787308266207 	 17 	 200 	 3537 	 1
1787308266211 	 14 	 200 	 3537 	 0
1787308266242 	 16 	 200 	 3540 	 2
1787308266243 	 16 	 200 	 3540 	 1
1787308266250 	 13 	 200 	 3540 	 0
1787308266273 	 20 	 200 	 3542 	 1
1787308266282 	 12 	 200 	 3542 	 0
1787308266315 	 19 	 200 	 3544 	 1
1787308266332 	 15 	 200 	 3544 	 0
1787308266364 	 17 	 200 	 3545 	 0
1787308266386 	 14 	 200 	 3546 	 0
1787308266407 	 18 	 200 	 3549 	 2
1787308266416 	 14 	 200 	 3549 	 1
1787308266420 	 20 	 200 	 3549 	 0
1787308266464 	 15 	 200 	 3551 	 1
1787308266470 	 12 	 200 	 3551 	 0
1787308266530 	 13 	 200 	 3554 	 2
1787308266540 	 13 	 200 	 3554 	 1
1787308266543 	 13 	 200 	 3554 	 0
1787308266571 	 14 	 200 	 3556 	 1
1787308266577 	 19 	 200 	 3556 	 0
1787308266627 	 13 	 200 	 3558 	 1
1787308266638 	 13 	 200 	 3558 	 0
1787308266707 	 14 	 200 	 3561 	 2
1787308266706 	 16 	 200 	 3561 	 1
1787308266720 	 15 	 200 	 3561 	 0
1787308266745 	 13 	 200 	 3562 	 0
1787308266779 	 16 	 200 	 3565 	 2
1787308266783 	 14 	 200 	 3565 	 1
1787308266786 	 15 	 200 	 3565 	 0
1787308266809 	 13 	 200 	 3566 	 0
1787308266850 	 13 	 200 	 3568 	 1
1787308266859 	 15 	 200 	 3568 	 0
1787308266889 	 14 	 200 	 3570 	 1
1787308266890 	 18 	 200 	 3571 	 1
1787308266907 	 12 	 200 	 3571 	 0
1787308266932 	 12 	 200 	 3573 	 1
1787308266932 	 19 	 200 	 3573 	 0
1787308266967 	 15 	 200 	 3576 	 2
1787308266968 	 17 	 200 	 3576 	 1
1787308266978 	 15 	 200 	 3577 	 1
1787308266990 	 14 	 200 	 3577 	 0
1787308267006 	 14 	 200 	 3578 	 0
1787308267033 	 17 	 200 	 3579 	 0
1787308267055 	 17 	 200 	 3582 	 2
1787308267059 	 13 	 200 	 3582 	 1
1787308267069 	 12 	 200 	 3584 	 2
1787308267074 	 13 	 200 	 3585 	 2
1787308267076 	 24 	 200 	 3585 	 1
1787308267083 	 19 	 200 	 3585 	 0
1787308267110 	 15 	 200 	 3587 	 1
1787308267120 	 12 	 200 	 3588 	 1
1787308267130 	 12 	 200 	 3588 	 0
1787308267185 	 17 	 200 	 3589 	 0
1787308267240 	 19 	 200 	 3591 	 1
1787308267252 	 14 	 200 	 3591 	 0
1787308267274 	 34 	 200 	 3592 	 0
1787308267312 	 13 	 200 	 3593 	 0
1787308267385 	 13 	 200 	 3595 	 1
1787308267388 	 14 	 200 	 3595 	 0
1787308267426 	 20 	 200 	 3598 	 2
1787308267432 	 15 	 200 	 3598 	 1
1787308267441 	 20 	 200 	 3599 	 1
1787308267453 	 13 	 200 	 3599 	 0
1787308267474 	 13 	 200 	 3600 	 0
1787308267503 	 13 	 200 	 3602 	 1
1787308267510 	 13 	 200 	 3603 	 1
1787308267523 	 15 	 200 	 3606 	 3
1787308267538 	 18 	 200 	 3607 	 3
1787308267535 	 23 	 200 	 3607 	 2
1787308267537 	 22 	 200 	 3608 	 2
1787308267558 	 19 	 200 	 3608 	 1
1787308267561 	 18 	 200 	 3608 	 0
1787308267639 	 14 	 200 	 3609 	 0
1787308267675 	 19 	 200 	 3611 	 1
1787308267680 	 15 	 200 	 3612 	 1
1787308267696 	 16 	 200 	 3612 	 0
1787308267714 	 17 	 200 	 3613 	 0
1787308267741 	 14 	 200 	 3615 	 1
1787308267736 	 19 	 200 	 3615 	 0
1787308267761 	 15 	 200 	 3616 	 0
1787308267783 	 16 	 200 	 3617 	 0
1787308267806 	 16 	 200 	 3619 	 1
1787308267810 	 13 	 200 	 3619 	 0
1787308267861 	 15 	 200 	 3620 	 0
1787308267897 	 18 	 200 	 3623 	 2
1787308267907 	 18 	 200 	 3624 	 2
1787308267908 	 21 	 200 	 3624 	 1
1787308267918 	 18 	 200 	 3624 	 0
1787308267943 	 13 	 200 	 3626 	 1
1787308267950 	 15 	 200 	 3627 	 1
1787308267966 	 16 	 200 	 3627 	 0
1787308268007 	 17 	 200 	 3629 	 1
1787308267985 	 40 	 200 	 3629 	 0
1787308268062 	 33 	 200 	 3633 	 4
1787308268067 	 32 	 200 	 3634 	 3
1787308268091 	 19 	 200 	 3634 	 2
1787308268095 	 18 	 200 	 3634 	 1
1787308268097 	 18 	 200 	 3634 	 0
1787308268129 	 20 	 200 	 3635 	 0
1787308268184 	 30 	 200 	 3637 	 1
1787308268178 	 38 	 200 	 3637 	 0
1787308268306 	 13 	 200 	 3638 	 0
1787308268438 	 18 	 200 	 3641 	 2
1787308268431 	 32 	 200 	 3642 	 2
1787308268445 	 22 	 200 	 3642 	 1
1787308268463 	 16 	 200 	 3642 	 0
1787308268508 	 14 	 200 	 3644 	 1
1787308268508 	 17 	 200 	 3644 	 0
1787308268585 	 46 	 200 	 3648 	 3
1787308268624 	 27 	 200 	 3648 	 2
1787308268588 	 66 	 200 	 3648 	 1
1787308268599 	 55 	 200 	 3648 	 0
1787308268663 	 21 	 200 	 3651 	 2
1787308268679 	 17 	 200 	 3651 	 1
1787308268678 	 18 	 200 	 3651 	 0
1787308268709 	 13 	 200 	 3652 	 0
1787308268731 	 16 	 200 	 3654 	 1
1787308268734 	 15 	 200 	 3654 	 0
1787308268753 	 16 	 200 	 3656 	 1
1787308268767 	 13 	 200 	 3657 	 1
1787308268774 	 13 	 200 	 3657 	 0
1787308268791 	 12 	 200 	 3658 	 0
1787308268845 	 20 	 200 	 3663 	 4
1787308268849 	 19 	 200 	 3663 	 3
1787308268853 	 16 	 200 	 3663 	 2
1787308268851 	 19 	 200 	 3663 	 1
1787308268864 	 14 	 200 	 3663 	 0
1787308268879 	 13 	 200 	 3666 	 2
1787308268880 	 17 	 200 	 3666 	 1
1787308268892 	 14 	 200 	 3667 	 1
1787308268904 	 15 	 200 	 3668 	 1
1787308268918 	 12 	 200 	 3668 	 0
1787308268942 	 16 	 200 	 3670 	 1
1787308268949 	 17 	 200 	 3670 	 0
1787308268979 	 14 	 200 	 3672 	 1
1787308268989 	 17 	 200 	 3673 	 1
1787308268997 	 13 	 200 	 3673 	 0
1787308269023 	 24 	 200 	 3676 	 2
1787308269033 	 21 	 200 	 3676 	 1
1787308269046 	 20 	 200 	 3676 	 0
1787308269084 	 16 	 200 	 3679 	 2
1787308269079 	 23 	 200 	 3679 	 1
1787308269095 	 17 	 200 	 3679 	 0
1787308269170 	 13 	 200 	 3681 	 1
1787308269183 	 16 	 200 	 3681 	 0
1787308269206 	 14 	 200 	 3682 	 0
1787308269230 	 14 	 200 	 3685 	 2
1787308269230 	 17 	 200 	 3685 	 1
1787308269243 	 13 	 200 	 3685 	 0
1787308269268 	 13 	 200 	 3686 	 0
1787308269286 	 20 	 200 	 3688 	 1
1787308269295 	 15 	 200 	 3688 	 0
1787308269319 	 13 	 200 	 3689 	 1
1787308269333 	 14 	 200 	 3692 	 2
1787308269336 	 15 	 200 	 3692 	 1
1787308269341 	 14 	 200 	 3693 	 1
1787308269353 	 13 	 200 	 3695 	 2
1787308269366 	 17 	 200 	 3696 	 2
1787308269367 	 18 	 200 	 3696 	 1
1787308269381 	 20 	 200 	 3697 	 1
1787308269394 	 14 	 200 	 3697 	 0
1787308269410 	 13 	 200 	 3698 	 0
1787308269435 	 13 	 200 	 3700 	 1
1787308269446 	 13 	 200 	 3700 	 0
1787308269491 	 14 	 200 	 3701 	 0
1787308269527 	 14 	 200 	 3704 	 2
1787308269538 	 14 	 200 	 3704 	 1
1787308269537 	 16 	 200 	 3704 	 0
1787308269564 	 18 	 200 	 3708 	 3
1787308269564 	 20 	 200 	 3708 	 2
1787308269568 	 20 	 200 	 3710 	 3
1787308269577 	 23 	 200 	 3712 	 4
1787308269586 	 17 	 200 	 3712 	 3
1787308269589 	 17 	 200 	 3712 	 2
1787308269594 	 19 	 200 	 3712 	 1
1787308269596 	 17 	 200 	 3712 	 0
1787308269633 	 13 	 200 	 3713 	 0
1787308269656 	 14 	 200 	 3714 	 0
1787308269672 	 14 	 200 	 3717 	 2
1787308269677 	 17 	 200 	 3718 	 2
1787308269684 	 23 	 200 	 3719 	 2
1787308269688 	 21 	 200 	 3719 	 1
1787308269705 	 15 	 200 	 3719 	 1
1787308269721 	 15 	 200 	 3720 	 0
1787308269739 	 16 	 200 	 3722 	 1
1787308269742 	 15 	 200 	 3723 	 1
1787308269771 	 17 	 200 	 3725 	 2
1787308269756 	 34 	 200 	 3725 	 1
1787308269782 	 15 	 200 	 3725 	 0
1787308269814 	 13 	 200 	 3726 	 0
1787308269876 	 20 	 200 	 3728 	 1
1787308269888 	 14 	 200 	 3728 	 0
1787308269909 	 14 	 200 	 3729 	 0
1787308269968 	 27 	 200 	 3731 	 1
1787308269984 	 16 	 200 	 3731 	 0
1787308270017 	 15 	 200 	 3734 	 2
1787308270018 	 18 	 200 	 3734 	 1
1787308270026 	 16 	 200 	 3734 	 0
1787308270062 	 13 	 200 	 3735 	 0
1787308270079 	 13 	 200 	 3736 	 0
1787308270101 	 13 	 200 	 3738 	 1
1787308270095 	 41 	 200 	 3738 	 0
1787308270185 	 29 	 200 	 3740 	 1
1787308270188 	 31 	 200 	 3740 	 0
1787308270236 	 14 	 200 	 3744 	 3
1787308270238 	 21 	 200 	 3744 	 2
1787308270240 	 24 	 200 	 3744 	 1
1787308270248 	 17 	 200 	 3745 	 1
1787308270267 	 14 	 200 	 3746 	 1
1787308270266 	 40 	 200 	 3748 	 2
1787308270293 	 15 	 200 	 3748 	 1
1787308270303 	 14 	 200 	 3750 	 2
1787308270313 	 17 	 200 	 3750 	 1
1787308270312 	 18 	 200 	 3750 	 0
1787308270335 	 16 	 200 	 3755 	 4
1787308270339 	 17 	 200 	 3756 	 4
1787308270339 	 19 	 200 	 3756 	 3
1787308270345 	 15 	 200 	 3756 	 2
1787308270343 	 23 	 200 	 3757 	 2
1787308270357 	 14 	 200 	 3757 	 1
1787308270367 	 26 	 200 	 3759 	 2
1787308270377 	 26 	 200 	 3759 	 1
1787308270393 	 14 	 200 	 3759 	 0
1787308270435 	 26 	 200 	 3760 	 0
1787308270466 	 16 	 200 	 3763 	 2
1787308270470 	 14 	 200 	 3763 	 1
1787308270471 	 20 	 200 	 3763 	 0
1787308270516 	 13 	 200 	 3764 	 0
1787308270536 	 17 	 200 	 3768 	 3
1787308270536 	 19 	 200 	 3768 	 2
1787308270537 	 19 	 200 	 3768 	 1
1787308270547 	 15 	 200 	 3769 	 1
1787308270560 	 13 	 200 	 3770 	 1
1787308270572 	 13 	 200 	 3771 	 1
1787308270578 	 13 	 200 	 3771 	 0
1787308270639 	 13 	 200 	 3772 	 0
1787308270688 	 20 	 200 	 3775 	 2
1787308270704 	 16 	 200 	 3775 	 1
1787308270710 	 16 	 200 	 3775 	 0
1787308270760 	 15 	 200 	 3778 	 2
1787308270762 	 13 	 200 	 3778 	 1
1787308270770 	 17 	 200 	 3778 	 0
1787308270834 	 25 	 200 	 3780 	 1
1787308270857 	 15 	 200 	 3780 	 0
1787308270891 	 13 	 200 	 3782 	 1
1787308270903 	 15 	 200 	 3782 	 0
1787308270963 	 25 	 200 	 3783 	 0
1787308270992 	 13 	 200 	 3785 	 1
1787308270998 	 14 	 200 	 3785 	 0
1787308271024 	 14 	 200 	 3786 	 0
1787308271055 	 13 	 200 	 3790 	 3
1787308271054 	 20 	 200 	 3791 	 3
1787308271060 	 17 	 200 	 3792 	 3
1787308271068 	 16 	 200 	 3792 	 2
1787308271074 	 13 	 200 	 3792 	 1
1787308271077 	 14 	 200 	 3792 	 0
1787308271099 	 14 	 200 	 3794 	 1
1787308271098 	 14 	 200 	 3794 	 0
1787308271131 	 13 	 200 	 3797 	 2
1787308271138 	 14 	 200 	 3798 	 2
1787308271138 	 17 	 200 	 3798 	 1
1787308271149 	 12 	 200 	 3798 	 0
1787308271180 	 30 	 200 	 3801 	 2
1787308271201 	 19 	 200 	 3801 	 1
1787308271209 	 14 	 200 	 3801 	 0
1787308271242 	 16 	 200 	 3803 	 1
1787308271249 	 15 	 200 	 3803 	 1
1787308271265 	 14 	 200 	 3804 	 0
1787308271322 	 17 	 200 	 3806 	 1
1787308271331 	 17 	 200 	 3806 	 0
1787308271390 	 12 	 200 	 3807 	 0
1787308271440 	 14 	 200 	 3809 	 1
1787308271431 	 27 	 200 	 3809 	 0
1787308271461 	 12 	 200 	 3811 	 1
1787308271465 	 12 	 200 	 3811 	 0
1787308271503 	 15 	 200 	 3813 	 1
1787308271505 	 30 	 200 	 3813 	 0
1787308271538 	 14 	 200 	 3815 	 1
1787308271542 	 12 	 200 	 3815 	 0
1787308271561 	 15 	 200 	 3819 	 3
1787308271562 	 15 	 200 	 3819 	 2
1787308271568 	 16 	 200 	 3820 	 2
1787308271570 	 21 	 200 	 3820 	 1
1787308271582 	 13 	 200 	 3820 	 0
1787308271618 	 14 	 200 	 3821 	 0
1787308271638 	 15 	 200 	 3822 	 0
1787308271661 	 14 	 200 	 3824 	 1
1787308271674 	 15 	 200 	 3825 	 1
1787308271684 	 13 	 200 	 3826 	 1
1787308271697 	 15 	 200 	 3827 	 1
1787308271715 	 13 	 200 	 3829 	 2
1787308271720 	 21 	 200 	 3830 	 2
1787308271700 	 49 	 200 	 3830 	 1
1787308271741 	 15 	 200 	 3830 	 0
1787308271761 	 12 	 200 	 3831 	 0
1787308271798 	 15 	 200 	 3833 	 1
1787308271811 	 14 	 200 	 3833 	 0
1787308271841 	 13 	 200 	 3834 	 0
1787308271863 	 13 	 200 	 3835 	 0
1787308271935 	 37 	 200 	 3837 	 1
1787308271952 	 34 	 200 	 3839 	 2
1787308271975 	 17 	 200 	 3840 	 2
1787308271979 	 21 	 200 	 3840 	 1
1787308271990 	 13 	 200 	 3841 	 1
1787308272002 	 24 	 200 	 3841 	 0
1787308272052 	 14 	 200 	 3842 	 0
1787308272079 	 13 	 200 	 3844 	 1
1787308272093 	 15 	 200 	 3844 	 0
1787308272115 	 14 	 200 	 3846 	 1
1787308272128 	 18 	 200 	 3848 	 2
1787308272134 	 14 	 200 	 3849 	 2
1787308272147 	 26 	 200 	 3850 	 2
1787308272148 	 26 	 200 	 3850 	 1
1787308272168 	 24 	 200 	 3852 	 2
1787308272191 	 18 	 200 	 3854 	 3
1787308272191 	 20 	 200 	 3854 	 2
1787308272198 	 16 	 200 	 3854 	 1
1787308272209 	 15 	 200 	 3854 	 0
1787308272234 	 15 	 200 	 3856 	 1
1787308272237 	 13 	 200 	 3856 	 0
1787308272264 	 15 	 200 	 3858 	 1
1787308272274 	 13 	 200 	 3858 	 0
1787308272328 	 19 	 200 	 3860 	 1
1787308272340 	 14 	 200 	 3860 	 0
1787308272356 	 14 	 200 	 3864 	 3
1787308272360 	 22 	 200 	 3865 	 3
1787308272367 	 21 	 200 	 3865 	 2
1787308272371 	 18 	 200 	 3865 	 1
1787308272381 	 15 	 200 	 3865 	 0
1787308272410 	 14 	 200 	 3867 	 1
1787308272409 	 16 	 200 	 3867 	 0
1787308272427 	 12 	 200 	 3868 	 0
1787308272441 	 14 	 200 	 3869 	 0
1787308272459 	 12 	 200 	 3871 	 1
1787308272471 	 14 	 200 	 3871 	 0
1787308272506 	 13 	 200 	 3872 	 0
1787308272527 	 21 	 200 	 3875 	 2
1787308272529 	 23 	 200 	 3875 	 1
1787308272544 	 13 	 200 	 3875 	 0
1787308272564 	 18 	 200 	 3876 	 0
1787308272605 	 17 	 200 	 3881 	 4
1787308272601 	 20 	 200 	 3881 	 3
1787308272605 	 19 	 200 	 3881 	 2
1787308272607 	 23 	 200 	 3881 	 1
1787308272621 	 15 	 200 	 3881 	 0
1787308272645 	 13 	 200 	 3882 	 0
1787308272671 	 13 	 200 	 3883 	 0
1787308272692 	 15 	 200 	 3886 	 2
1787308272689 	 27 	 200 	 3886 	 1
1787308272699 	 21 	 200 	 3886 	 0
1787308272736 	 13 	 200 	 3887 	 0
1787308272751 	 13 	 200 	 3889 	 1
1787308272755 	 14 	 200 	 3889 	 0
1787308272775 	 15 	 200 	 3892 	 2
1787308272787 	 15 	 200 	 3895 	 4
1787308272793 	 17 	 200 	 3896 	 4
1787308272787 	 23 	 200 	 3896 	 3
1787308272792 	 22 	 200 	 3896 	 2
1787308272801 	 18 	 200 	 3897 	 2
1787308272808 	 17 	 200 	 3897 	 1
1787308272816 	 13 	 200 	 3897 	 0
1787308272847 	 15 	 200 	 3900 	 2
1787308272845 	 19 	 200 	 3900 	 1
1787308272854 	 13 	 200 	 3900 	 0
1787308272882 	 16 	 200 	 3901 	 0
1787308272909 	 21 	 200 	 3904 	 2
1787308272917 	 15 	 200 	 3904 	 1
1787308272923 	 15 	 200 	 3904 	 0
1787308272974 	 13 	 200 	 3907 	 2
1787308272980 	 13 	 200 	 3907 	 1
1787308272983 	 15 	 200 	 3907 	 0
1787308273001 	 15 	 200 	 3908 	 0
1787308273030 	 14 	 200 	 3909 	 0
1787308273069 	 15 	 200 	 3911 	 1
1787308273057 	 30 	 200 	 3911 	 0
1787308273109 	 35 	 200 	 3914 	 2
1787308273124 	 20 	 200 	 3914 	 1
1787308273115 	 32 	 200 	 3914 	 0
1787308273153 	 15 	 200 	 3918 	 3
1787308273160 	 15 	 200 	 3918 	 2
1787308273164 	 13 	 200 	 3919 	 2
1787308273163 	 22 	 200 	 3919 	 1
1787308273178 	 13 	 200 	 3919 	 0
1787308273207 	 16 	 200 	 3922 	 2
1787308273213 	 13 	 200 	 3922 	 1
1787308273213 	 15 	 200 	 3922 	 0
1787308273244 	 15 	 200 	 3923 	 0
1787308273290 	 16 	 200 	 3924 	 0
1787308273318 	 13 	 200 	 3925 	 0
1787308273339 	 12 	 200 	 3926 	 0
1787308273422 	 14 	 200 	 3928 	 1
1787308273435 	 13 	 200 	 3929 	 1
1787308273448 	 16 	 200 	 3930 	 1
1787308273456 	 13 	 200 	 3930 	 0
1787308273476 	 16 	 200 	 3933 	 2
1787308273488 	 13 	 200 	 3935 	 3
1787308273487 	 17 	 200 	 3938 	 6
1787308273496 	 17 	 200 	 3939 	 5
1787308273495 	 24 	 200 	 3939 	 4
1787308273507 	 16 	 200 	 3939 	 3
1787308273505 	 32 	 200 	 3941 	 4
1787308273504 	 39 	 200 	 3941 	 3
1787308273504 	 43 	 200 	 3941 	 2
1787308273525 	 30 	 200 	 3941 	 1
1787308273528 	 33 	 200 	 3941 	 0
1787308273567 	 14 	 200 	 3943 	 1
1787308273573 	 19 	 200 	 3943 	 0
1787308273595 	 13 	 200 	 3944 	 0
1787308273651 	 15 	 200 	 3948 	 3
1787308273656 	 15 	 200 	 3948 	 2
1787308273661 	 14 	 200 	 3948 	 1
1787308273701 	 15 	 200 	 3951 	 3
1787308273708 	 25 	 200 	 3952 	 3
1787308273729 	 13 	 200 	 3953 	 3
1787308273736 	 40 	 200 	 3953 	 2
1787308273693 	 100 	 200 	 3953 	 1
1787308273647 	 162 	 200 	 3954 	 1
1787308273804 	 13 	 200 	 3954 	 0
1787308273820 	 12 	 200 	 3955 	 0
1787308273868 	 20 	 200 	 3957 	 1
1787308273877 	 13 	 200 	 3957 	 0
1787308273893 	 12 	 200 	 3958 	 0
1787308273980 	 15 	 200 	 3962 	 3
1787308273978 	 18 	 200 	 3962 	 2
1787308273981 	 21 	 200 	 3962 	 1
1787308273986 	 19 	 200 	 3962 	 0
1787308274016 	 16 	 200 	 3963 	 0
1787308274096 	 18 	 200 	 3964 	 0
1787308274133 	 17 	 200 	 3965 	 0
1787308274197 	 25 	 200 	 3967 	 1
1787308274211 	 17 	 200 	 3967 	 0
1787308274271 	 28 	 200 	 3969 	 1
1787308274288 	 17 	 200 	 3969 	 0
1787308274323 	 13 	 200 	 3971 	 1
1787308274329 	 12 	 200 	 3971 	 0
1787308274382 	 17 	 200 	 3973 	 1
1787308274392 	 16 	 200 	 3973 	 0
1787308274458 	 14 	 200 	 3975 	 1
1787308274458 	 19 	 200 	 3975 	 0
1787308274489 	 13 	 200 	 3976 	 0
1787308274518 	 15 	 200 	 3978 	 1
1787308274524 	 15 	 200 	 3979 	 1
1787308274539 	 14 	 200 	 3981 	 2
1787308274542 	 15 	 200 	 3982 	 2
1787308274553 	 14 	 200 	 3982 	 1
1787308274555 	 15 	 200 	 3982 	 0
1787308274584 	 19 	 200 	 3984 	 1
1787308274588 	 17 	 200 	 3984 	 0
1787308274615 	 12 	 200 	 3985 	 0
1787308274674 	 17 	 200 	 3986 	 0
1787308274739 	 14 	 200 	 3989 	 2
1787308274739 	 17 	 200 	 3990 	 2
1787308274747 	 14 	 200 	 3990 	 1
1787308274756 	 13 	 200 	 3990 	 0
1787308274789 	 14 	 200 	 3992 	 1
1787308274787 	 17 	 200 	 3992 	 0
1787308274821 	 14 	 200 	 3993 	 1
1787308274836 	 12 	 200 	 3994 	 0
1787308274867 	 17 	 200 	 3995 	 0
1787308274894 	 16 	 200 	 3998 	 2
1787308274897 	 16 	 200 	 3998 	 1
1787308274904 	 19 	 200 	 3998 	 0
1787308274947 	 16 	 200 	 4003 	 4
1787308274945 	 23 	 200 	 4003 	 3
1787308274957 	 16 	 200 	 4004 	 3
1787308274959 	 20 	 200 	 4006 	 4
1787308274962 	 19 	 200 	 4006 	 3
1787308274976 	 17 	 200 	 4008 	 4
1787308274972 	 22 	 200 	 4008 	 3
1787308274978 	 18 	 200 	 4008 	 2
1787308274983 	 21 	 200 	 4008 	 1
1787308275032 	 15 	 200 	 4009 	 1
1787308274988 	 66 	 200 	 4010 	 1
1787308275054 	 20 	 200 	 4011 	 1
1787308275067 	 17 	 200 	 4011 	 0
1787308275088 	 12 	 200 	 4013 	 1
1787308275101 	 14 	 200 	 4014 	 1
1787308275109 	 12 	 200 	 4014 	 0
1787308275144 	 15 	 200 	 4015 	 0
1787308275169 	 19 	 200 	 4016 	 0
1787308275191 	 13 	 200 	 4017 	 0
1787308275206 	 12 	 200 	 4019 	 1
1787308275218 	 14 	 200 	 4020 	 1
1787308275228 	 13 	 200 	 4021 	 1
1787308275237 	 17 	 200 	 4021 	 0
1787308275318 	 26 	 200 	 4023 	 1
1787308275334 	 22 	 200 	 4025 	 2
1787308275358 	 14 	 200 	 4026 	 2
1787308275357 	 16 	 200 	 4026 	 1
1787308275368 	 14 	 200 	 4026 	 0
1787308275399 	 15 	 200 	 4028 	 1
1787308275407 	 13 	 200 	 4028 	 0
1787308275422 	 18 	 200 	 4029 	 0
1787308275448 	 20 	 200 	 4030 	 0
1787308275505 	 16 	 200 	 4033 	 2
1787308275510 	 14 	 200 	 4033 	 1
1787308275507 	 18 	 200 	 4033 	 0
1787308275532 	 12 	 200 	 4034 	 0
1787308275567 	 15 	 200 	 4036 	 1
1787308275582 	 14 	 200 	 4037 	 1
1787308275585 	 13 	 200 	 4037 	 0
1787308275621 	 15 	 200 	 4038 	 0
1787308275661 	 14 	 200 	 4040 	 1
1787308275676 	 16 	 200 	 4040 	 0
1787308275715 	 15 	 200 	 4041 	 0
1787308275741 	 13 	 200 	 4042 	 0
1787308275756 	 15 	 200 	 4044 	 1
1787308275757 	 18 	 200 	 4044 	 0
1787308275776 	 16 	 200 	 4046 	 1
1787308275787 	 15 	 200 	 4046 	 0
1787308275827 	 33 	 200 	 4047 	 0
1787308275886 	 15 	 200 	 4049 	 1
1787308275883 	 20 	 200 	 4049 	 0
1787308275907 	 20 	 200 	 4052 	 2
1787308275922 	 16 	 200 	 4054 	 3
1787308275922 	 23 	 200 	 4054 	 2
1787308275937 	 19 	 200 	 4054 	 1
1787308275938 	 21 	 200 	 4054 	 0
1787308275964 	 24 	 200 	 4055 	 0
1787308275990 	 14 	 200 	 4059 	 3
1787308275994 	 15 	 200 	 4060 	 3
1787308275996 	 16 	 200 	 4060 	 2
1787308276001 	 15 	 200 	 4060 	 1
1787308276008 	 14 	 200 	 4060 	 0
1787308276060 	 22 	 200 	 4061 	 0
1787308276086 	 14 	 200 	 4062 	 0
1787308276125 	 13 	 200 	 4063 	 0
1787308276142 	 14 	 200 	 4065 	 1
1787308276145 	 14 	 200 	 4065 	 0
1787308276167 	 15 	 200 	 4066 	 0
1787308276186 	 15 	 200 	 4068 	 1
1787308276188 	 13 	 200 	 4068 	 0
1787308276230 	 24 	 200 	 4070 	 1
1787308276232 	 23 	 200 	 4070 	 0
1787308276283 	 28 	 200 	 4072 	 1
1787308276309 	 27 	 200 	 4072 	 0
1787308276340 	 13 	 200 	 4073 	 0
1787308276356 	 15 	 200 	 4074 	 0
1787308276376 	 12 	 200 	 4075 	 0
1787308276420 	 22 	 200 	 4076 	 0
1787308276468 	 18 	 200 	 4078 	 1
1787308276481 	 19 	 200 	 4079 	 1
1787308276496 	 15 	 200 	 4079 	 0
1787308276520 	 19 	 200 	 4082 	 2
1787308276526 	 19 	 200 	 4082 	 1
1787308276531 	 17 	 200 	 4082 	 0
1787308276568 	 12 	 200 	 4083 	 0
1787308276590 	 13 	 200 	 4084 	 0
1787308276611 	 13 	 200 	 4085 	 0
1787308276629 	 16 	 200 	 4087 	 1
1787308276630 	 16 	 200 	 4087 	 0
1787308276661 	 15 	 200 	 4088 	 0
1787308276696 	 19 	 200 	 4090 	 1
1787308276707 	 16 	 200 	 4090 	 0
1787308276785 	 13 	 200 	 4092 	 1
1787308276790 	 20 	 200 	 4093 	 1
1787308276803 	 13 	 200 	 4093 	 0
1787308276831 	 12 	 200 	 4095 	 1
1787308276843 	 13 	 200 	 4096 	 1
1787308276851 	 17 	 200 	 4097 	 1
1787308276864 	 13 	 200 	 4097 	 0
1787308276888 	 12 	 200 	 4098 	 0
1787308276906 	 16 	 200 	 4100 	 1
1787308276906 	 19 	 200 	 4100 	 0
1787308276960 	 18 	 200 	 4103 	 2
1787308276962 	 16 	 200 	 4103 	 1
1787308276971 	 13 	 200 	 4103 	 0
1787308276988 	 27 	 200 	 4106 	 2
1787308276991 	 25 	 200 	 4106 	 1
1787308277012 	 17 	 200 	 4106 	 0
1787308277036 	 14 	 200 	 4108 	 1
1787308277044 	 13 	 200 	 4108 	 0
1787308277064 	 16 	 200 	 4110 	 1
1787308277079 	 14 	 200 	 4110 	 0
1787308277120 	 14 	 200 	 4113 	 2
1787308277123 	 19 	 200 	 4113 	 1
1787308277112 	 31 	 200 	 4113 	 0
1787308277146 	 13 	 200 	 4116 	 2
1787308277151 	 14 	 200 	 4116 	 1
1787308277152 	 15 	 200 	 4116 	 0
1787308277194 	 23 	 200 	 4117 	 0
1787308277228 	 28 	 200 	 4119 	 1
1787308277243 	 23 	 200 	 4120 	 1
1787308277263 	 15 	 200 	 4123 	 3
1787308277270 	 18 	 200 	 4123 	 2
1787308277268 	 27 	 200 	 4124 	 2
1787308277278 	 17 	 200 	 4124 	 1
1787308277299 	 15 	 200 	 4127 	 3
1787308277291 	 74 	 200 	 4129 	 4
1787308277305 	 63 	 200 	 4129 	 3
1787308277320 	 52 	 200 	 4131 	 4
1787308277337 	 37 	 200 	 4131 	 3
1787308277371 	 19 	 200 	 4133 	 4
1787308277371 	 21 	 200 	 4133 	 3
1787308277385 	 40 	 200 	 4134 	 3
1787308277389 	 37 	 200 	 4134 	 2
1787308277423 	 62 	 200 	 4136 	 3
1787308277474 	 48 	 200 	 4138 	 4
1787308277478 	 46 	 200 	 4138 	 3
1787308277492 	 79 	 200 	 4140 	 4
1787308277546 	 27 	 200 	 4140 	 3
1787308277515 	 58 	 200 	 4140 	 2
1787308277564 	 15 	 200 	 4140 	 1
1787308277623 	 15 	 200 	 4141 	 1
1787308277313 	 329 	 200 	 4141 	 0
1787308277672 	 14 	 200 	 4142 	 0
1787308277755 	 13 	 200 	 4143 	 0
1787308277797 	 15 	 200 	 4147 	 3
1787308277807 	 19 	 200 	 4147 	 2
1787308277803 	 23 	 200 	 4147 	 1
1787308277808 	 18 	 200 	 4147 	 0
1787308277839 	 16 	 200 	 4151 	 3
1787308277842 	 13 	 200 	 4151 	 2
1787308277853 	 13 	 200 	 4151 	 1
1787308277855 	 17 	 200 	 4152 	 1
1787308277869 	 14 	 200 	 4153 	 1
1787308277883 	 13 	 200 	 4155 	 2
1787308277894 	 16 	 200 	 4158 	 4
1787308277895 	 17 	 200 	 4158 	 3
1787308277903 	 15 	 200 	 4158 	 2
1787308277907 	 14 	 200 	 4158 	 1
1787308277910 	 18 	 200 	 4158 	 0
1787308277933 	 21 	 200 	 4160 	 1
1787308277934 	 22 	 200 	 4160 	 0
1787308277958 	 19 	 200 	 4161 	 0
1787308277982 	 12 	 200 	 4162 	 0
1787308278108 	 18 	 200 	 4165 	 2
1787308278117 	 14 	 200 	 4165 	 1
1787308278158 	 12 	 200 	 4166 	 1
1787308278192 	 28 	 200 	 4169 	 3
1787308278191 	 29 	 200 	 4169 	 2
1787308278241 	 34 	 200 	 4172 	 4
1787308278246 	 28 	 200 	 4172 	 3
1787308278279 	 42 	 200 	 4174 	 4
1787308278258 	 64 	 200 	 4174 	 3
1787308278200 	 122 	 200 	 4174 	 2
1787308278011 	 318 	 200 	 4177 	 4
1787308278316 	 23 	 200 	 4177 	 3
1787308278327 	 16 	 200 	 4177 	 2
1787308278328 	 42 	 200 	 4177 	 1
1787308278328 	 46 	 200 	 4177 	 0
1787308278385 	 20 	 200 	 4179 	 1
1787308278397 	 19 	 200 	 4180 	 1
1787308278407 	 15 	 200 	 4180 	 0
1787308278434 	 12 	 200 	 4181 	 0
1787308278520 	 16 	 200 	 4183 	 1
1787308278522 	 15 	 200 	 4183 	 0
1787308278541 	 12 	 200 	 4185 	 1
1787308278544 	 14 	 200 	 4185 	 0
1787308278631 	 14 	 200 	 4187 	 1
1787308278634 	 22 	 200 	 4187 	 0
1787308278677 	 18 	 200 	 4189 	 1
1787308278696 	 14 	 200 	 4189 	 0
1787308278723 	 15 	 200 	 4192 	 2
1787308278731 	 14 	 200 	 4192 	 1
1787308278733 	 14 	 200 	 4192 	 0
1787308278752 	 13 	 200 	 4195 	 2
1787308278754 	 23 	 200 	 4195 	 1
1787308278755 	 22 	 200 	 4195 	 0
1787308278782 	 13 	 200 	 4196 	 0
1787308278846 	 14 	 200 	 4197 	 0
1787308278986 	 32 	 200 	 4200 	 2
1787308278996 	 33 	 200 	 4201 	 2
1787308279016 	 16 	 200 	 4201 	 1
1787308279025 	 15 	 200 	 4202 	 1
1787308279034 	 19 	 200 	 4202 	 0
1787308279096 	 40 	 200 	 4205 	 2
1787308279102 	 34 	 200 	 4205 	 1
1787308279116 	 22 	 200 	 4206 	 1
1787308279139 	 14 	 200 	 4206 	 0
1787308279162 	 13 	 200 	 4208 	 1
1787308279168 	 13 	 200 	 4208 	 0
1787308279190 	 17 	 200 	 4210 	 1
1787308279201 	 12 	 200 	 4210 	 0
1787308279232 	 18 	 200 	 4211 	 0
1787308279254 	 16 	 200 	 4213 	 1
1787308279256 	 15 	 200 	 4213 	 0
1787308279291 	 13 	 200 	 4214 	 0
1787308279322 	 13 	 200 	 4216 	 1
1787308279323 	 13 	 200 	 4216 	 0
1787308279345 	 15 	 200 	 4218 	 1
1787308279355 	 16 	 200 	 4219 	 1
1787308279365 	 21 	 200 	 4220 	 1
1787308279380 	 26 	 200 	 4221 	 1
1787308279393 	 15 	 200 	 4221 	 0
1787308279415 	 14 	 200 	 4222 	 0
1787308279451 	 15 	 200 	 4225 	 2
1787308279454 	 15 	 200 	 4225 	 1
1787308279450 	 19 	 200 	 4225 	 0
1787308279487 	 12 	 200 	 4228 	 2
1787308279488 	 17 	 200 	 4228 	 1
1787308279488 	 18 	 200 	 4228 	 0
1787308279531 	 21 	 200 	 4231 	 2
1787308279532 	 44 	 200 	 4232 	 2
1787308279547 	 30 	 200 	 4232 	 1
1787308279558 	 20 	 200 	 4232 	 0
1787308279582 	 14 	 200 	 4233 	 0
1787308279602 	 15 	 200 	 4235 	 1
1787308279617 	 22 	 200 	 4236 	 1
1787308279627 	 14 	 200 	 4237 	 1
1787308279641 	 14 	 200 	 4237 	 0
1787308279658 	 14 	 200 	 4239 	 1
1787308279667 	 13 	 200 	 4239 	 0
1787308279759 	 15 	 200 	 4241 	 1
1787308279770 	 18 	 200 	 4241 	 0
1787308279803 	 14 	 200 	 4242 	 0
1787308279822 	 13 	 200 	 4243 	 0
1787308279878 	 23 	 200 	 4245 	 1
1787308279879 	 24 	 200 	 4246 	 1
1787308279904 	 13 	 200 	 4247 	 1
1787308279912 	 23 	 200 	 4249 	 2
1787308279928 	 15 	 200 	 4249 	 1
1787308279937 	 19 	 200 	 4250 	 1
1787308279948 	 15 	 200 	 4251 	 1
1787308279959 	 19 	 200 	 4253 	 2
1787308279966 	 19 	 200 	 4254 	 2
1787308279973 	 15 	 200 	 4256 	 3
1787308279989 	 15 	 200 	 4256 	 2
1787308279984 	 19 	 200 	 4256 	 1
1787308279988 	 15 	 200 	 4256 	 1
1787308280006 	 14 	 200 	 4258 	 1
1787308280008 	 15 	 200 	 4258 	 0
1787308280048 	 17 	 200 	 4261 	 2
1787308280049 	 17 	 200 	 4261 	 1
1787308280059 	 13 	 200 	 4262 	 1
1787308280072 	 14 	 200 	 4262 	 0
1787308280146 	 14 	 200 	 4265 	 2
1787308280154 	 13 	 200 	 4265 	 1
1787308280156 	 14 	 200 	 4267 	 2
1787308280170 	 16 	 200 	 4268 	 2
1787308280169 	 17 	 200 	 4268 	 1
1787308280181 	 13 	 200 	 4268 	 0
1787308280196 	 18 	 200 	 4270 	 1
1787308280197 	 17 	 200 	 4270 	 0
1787308280249 	 13 	 200 	 4271 	 0
1787308280268 	 24 	 200 	 4275 	 3
1787308280272 	 21 	 200 	 4275 	 2
1787308280282 	 28 	 200 	 4276 	 2
1787308280318 	 12 	 200 	 4277 	 2
1787308280333 	 36 	 200 	 4279 	 3
1787308280302 	 91 	 200 	 4280 	 3
1787308280377 	 17 	 200 	 4280 	 2
1787308280357 	 73 	 200 	 4285 	 6
1787308280419 	 16 	 200 	 4285 	 5
1787308280417 	 51 	 200 	 4285 	 4
1787308280425 	 58 	 200 	 4285 	 3
1787308280410 	 82 	 200 	 4286 	 3
1787308280430 	 73 	 200 	 4286 	 2
1787308280536 	 33 	 200 	 4290 	 5
1787308280569 	 15 	 200 	 4292 	 6
1787308280579 	 38 	 200 	 4293 	 6
1787308280512 	 109 	 200 	 4293 	 5
1787308280582 	 39 	 200 	 4293 	 4
1787308280592 	 30 	 200 	 4293 	 3
1787308280656 	 16 	 200 	 4295 	 4
1787308280634 	 38 	 200 	 4295 	 3
1787308280492 	 183 	 200 	 4295 	 2
1787308280547 	 151 	 200 	 4296 	 2
1787308280750 	 20 	 200 	 4299 	 4
1787308280769 	 15 	 200 	 4299 	 3
1787308280677 	 111 	 200 	 4299 	 2
1787308280710 	 106 	 200 	 4300 	 2
1787308280277 	 563 	 200 	 4300 	 1
1787308280794 	 47 	 200 	 4300 	 0
1787308280848 	 13 	 200 	 4302 	 1
1787308280859 	 14 	 200 	 4302 	 0
1787308280889 	 12 	 200 	 4303 	 0
1787308280929 	 13 	 200 	 4304 	 0
1787308280966 	 15 	 200 	 4305 	 0
1787308280984 	 14 	 200 	 4307 	 1
1787308280993 	 15 	 200 	 4307 	 0
1787308281038 	 27 	 200 	 4309 	 1
1787308281036 	 35 	 200 	 4310 	 1
1787308281069 	 22 	 200 	 4310 	 0
1787308281112 	 22 	 200 	 4313 	 2
1787308281101 	 35 	 200 	 4313 	 1
1787308281126 	 14 	 200 	 4313 	 0
1787308281209 	 28 	 200 	 4315 	 1
1787308281211 	 26 	 200 	 4315 	 0
1787308281243 	 37 	 200 	 4320 	 4
1787308281265 	 19 	 200 	 4320 	 3
1787308281269 	 24 	 200 	 4320 	 2
1787308281271 	 27 	 200 	 4320 	 1
1787308281270 	 30 	 200 	 4320 	 0
1787308281314 	 16 	 200 	 4323 	 2
1787308281332 	 38 	 200 	 4328 	 6
1787308281336 	 36 	 200 	 4328 	 5
1787308281350 	 25 	 200 	 4328 	 4
1787308281347 	 34 	 200 	 4329 	 4
1787308281383 	 40 	 200 	 4331 	 5
1787308281380 	 46 	 200 	 4331 	 4
1787308281386 	 41 	 200 	 4331 	 3
1787308281447 	 24 	 200 	 4333 	 4
1787308281445 	 30 	 200 	 4333 	 3
1787308281316 	 172 	 200 	 4333 	 2
1787308281507 	 15 	 200 	 4335 	 3
1787308281337 	 189 	 200 	 4335 	 2
1787308281541 	 31 	 200 	 4342 	 8
1787308281556 	 70 	 200 	 4345 	 10
1787308281546 	 83 	 200 	 4345 	 9
1787308281540 	 124 	 200 	 4346 	 9
1787308281594 	 74 	 200 	 4346 	 8
1787308281542 	 125 	 200 	 4346 	 7
1787308281496 	 173 	 200 	 4346 	 6
1787308281615 	 107 	 200 	 4348 	 7
1787308281663 	 62 	 200 	 4348 	 6
1787308281545 	 182 	 200 	 4348 	 5
1787308281540 	 191 	 200 	 4348 	 4
1787308281576 	 159 	 200 	 4348 	 3
1787308281751 	 22 	 200 	 4349 	 3
1787308281703 	 114 	 200 	 4350 	 3
1787308281802 	 19 	 200 	 4350 	 2
1787308281708 	 118 	 200 	 4350 	 1
1787308281853 	 25 	 200 	 4351 	 1
1787308281880 	 42 	 200 	 4354 	 3
1787308281918 	 13 	 200 	 4354 	 2
1787308281954 	 17 	 200 	 4357 	 4
1787308281968 	 17 	 200 	 4359 	 5
1787308281979 	 14 	 200 	 4359 	 4
1787308281912 	 81 	 200 	 4359 	 3
1787308282011 	 13 	 200 	 4360 	 3
1787308281968 	 67 	 200 	 4362 	 4
1787308281979 	 56 	 200 	 4362 	 3
1787308281307 	 732 	 200 	 4362 	 2
1787308282030 	 44 	 200 	 4362 	 2
1787308282032 	 44 	 200 	 4363 	 1
1787308282075 	 19 	 200 	 4363 	 0
1787308282143 	 13 	 200 	 4364 	 0
1787308282307 	 12 	 200 	 4365 	 0
1787308282371 	 24 	 200 	 4367 	 1
1787308282369 	 29 	 200 	 4368 	 1
1787308282399 	 13 	 200 	 4368 	 0
1787308282426 	 15 	 200 	 4369 	 0
1787308282461 	 15 	 200 	 4370 	 0
1787308282514 	 17 	 200 	 4374 	 3
1787308282518 	 23 	 200 	 4374 	 2
1787308282521 	 23 	 200 	 4374 	 1
1787308282549 	 18 	 200 	 4376 	 2
1787308282551 	 18 	 200 	 4376 	 1
1787308282527 	 50 	 200 	 4376 	 0
1787308282603 	 14 	 200 	 4377 	 0
1787308282629 	 17 	 200 	 4381 	 3
1787308282628 	 19 	 200 	 4381 	 2
1787308282631 	 18 	 200 	 4381 	 1
1787308282636 	 15 	 200 	 4381 	 0
1787308282660 	 15 	 200 	 4382 	 0
1787308282691 	 14 	 200 	 4384 	 1
1787308282703 	 19 	 200 	 4384 	 0
1787308282735 	 14 	 200 	 4386 	 1
1787308282740 	 16 	 200 	 4386 	 0
1787308282780 	 14 	 200 	 4387 	 0
1787308282800 	 15 	 200 	 4389 	 1
1787308282813 	 16 	 200 	 4389 	 0
1787308282838 	 14 	 200 	 4390 	 0
1787308282856 	 17 	 200 	 4391 	 0
1787308282957 	 19 	 200 	 4393 	 1
1787308282962 	 14 	 200 	 4393 	 0
1787308282989 	 14 	 200 	 4394 	 0
1787308283040 	 24 	 200 	 4397 	 2
1787308283047 	 19 	 200 	 4397 	 1
1787308283062 	 16 	 200 	 4397 	 0
1787308283101 	 13 	 200 	 4399 	 1
1787308283110 	 13 	 200 	 4399 	 0
1787308283135 	 16 	 200 	 4402 	 2
1787308283135 	 20 	 200 	 4402 	 1
1787308283149 	 15 	 200 	 4404 	 2
1787308283158 	 17 	 200 	 4404 	 1
1787308283161 	 14 	 200 	 4404 	 0
1787308283197 	 14 	 200 	 4407 	 2
1787308283201 	 17 	 200 	 4407 	 1
1787308283210 	 15 	 200 	 4407 	 0
1787308283233 	 13 	 200 	 4410 	 2
1787308283236 	 17 	 200 	 4411 	 2
1787308283238 	 15 	 200 	 4411 	 1
1787308283248 	 16 	 200 	 4411 	 0
1787308283269 	 16 	 200 	 4414 	 2
1787308283273 	 18 	 200 	 4415 	 2
1787308283278 	 14 	 200 	 4415 	 1
1787308283287 	 18 	 200 	 4417 	 2
1787308283295 	 33 	 200 	 4419 	 3
1787308283317 	 15 	 200 	 4419 	 2
1787308283303 	 32 	 200 	 4419 	 1
1787308283324 	 17 	 200 	 4419 	 0
1787308283355 	 12 	 200 	 4420 	 0
1787308283373 	 14 	 200 	 4422 	 1
1787308283380 	 13 	 200 	 4422 	 0
1787308283394 	 14 	 200 	 4424 	 1
1787308283396 	 13 	 200 	 4424 	 0
1787308283421 	 13 	 200 	 4426 	 1
1787308283418 	 18 	 200 	 4426 	 0
1787308283466 	 17 	 200 	 4428 	 1
1787308283481 	 14 	 200 	 4428 	 0
1787308283499 	 17 	 200 	 4430 	 1
1787308283505 	 18 	 200 	 4430 	 0
1787308283531 	 18 	 200 	 4433 	 2
1787308283538 	 15 	 200 	 4433 	 1
1787308283548 	 15 	 200 	 4433 	 0
1787308283591 	 14 	 200 	 4435 	 1
1787308283603 	 19 	 200 	 4435 	 0
1787308283633 	 14 	 200 	 4436 	 0
1787308283671 	 13 	 200 	 4437 	 0
1787308283723 	 16 	 200 	 4439 	 1
1787308283728 	 14 	 200 	 4439 	 0
1787308283749 	 20 	 200 	 4442 	 2
1787308283752 	 18 	 200 	 4442 	 1
1787308283759 	 15 	 200 	 4442 	 0
1787308283806 	 17 	 200 	 4443 	 0
1787308283839 	 17 	 200 	 4445 	 1
1787308283847 	 12 	 200 	 4445 	 0
1787308283872 	 14 	 200 	 4447 	 1
1787308283882 	 13 	 200 	 4448 	 1
1787308283888 	 14 	 200 	 4448 	 0
1787308283909 	 15 	 200 	 4451 	 2
1787308283915 	 15 	 200 	 4452 	 2
1787308283905 	 26 	 200 	 4452 	 1
1787308283927 	 15 	 200 	 4454 	 2
1787308283933 	 17 	 200 	 4454 	 1
1787308283937 	 15 	 200 	 4454 	 0
1787308284012 	 15 	 200 	 4458 	 3
1787308284008 	 24 	 200 	 4458 	 2
1787308284012 	 22 	 200 	 4458 	 1
1787308284022 	 15 	 200 	 4458 	 0
1787308284041 	 19 	 200 	 4460 	 1
1787308284051 	 13 	 200 	 4460 	 0
1787308284071 	 14 	 200 	 4463 	 2
1787308284075 	 13 	 200 	 4463 	 1
1787308284076 	 14 	 200 	 4463 	 0
1787308284094 	 18 	 200 	 4465 	 1
1787308284100 	 13 	 200 	 4465 	 0
1787308284131 	 16 	 200 	 4467 	 1
1787308284142 	 12 	 200 	 4467 	 0
1787308284172 	 25 	 200 	 4468 	 0
1787308284250 	 20 	 200 	 4474 	 5
1787308284251 	 20 	 200 	 4474 	 4
1787308284261 	 17 	 200 	 4474 	 3
1787308284268 	 17 	 200 	 4474 	 2
1787308284267 	 19 	 200 	 4474 	 1
1787308284260 	 27 	 200 	 4474 	 0
1787308284290 	 12 	 200 	 4477 	 2
1787308284300 	 12 	 200 	 4477 	 1
1787308284303 	 26 	 200 	 4478 	 1
1787308284325 	 15 	 200 	 4479 	 1
1787308284332 	 20 	 200 	 4479 	 0
1787308284359 	 13 	 200 	 4481 	 1
1787308284363 	 15 	 200 	 4481 	 0
1787308284411 	 18 	 200 	 4482 	 0
1787308284460 	 17 	 200 	 4484 	 1
1787308284479 	 15 	 200 	 4486 	 2
1787308284471 	 34 	 200 	 4486 	 1
1787308284495 	 14 	 200 	 4486 	 0
1787308284522 	 17 	 200 	 4489 	 2
1787308284522 	 20 	 200 	 4489 	 1
1787308284540 	 17 	 200 	 4491 	 2
1787308284550 	 13 	 200 	 4491 	 1
1787308284553 	 14 	 200 	 4491 	 0
1787308284570 	 13 	 200 	 4492 	 0
1787308284587 	 17 	 200 	 4496 	 3
1787308284597 	 23 	 200 	 4497 	 3
1787308284603 	 18 	 200 	 4497 	 2
1787308284603 	 18 	 200 	 4497 	 1
1787308284613 	 14 	 200 	 4498 	 1
1787308284625 	 14 	 200 	 4498 	 0
1787308284693 	 14 	 200 	 4499 	 0
1787308284725 	 17 	 200 	 4501 	 1
1787308284732 	 16 	 200 	 4501 	 0
1787308284755 	 14 	 200 	 4504 	 2
1787308284762 	 12 	 200 	 4504 	 1
1787308284765 	 18 	 200 	 4505 	 1
1787308284776 	 14 	 200 	 4505 	 0
1787308284806 	 14 	 200 	 4506 	 0
1787308284867 	 37 	 200 	 4508 	 1
1787308284882 	 25 	 200 	 4508 	 0
1787308284910 	 12 	 200 	 4509 	 0
1787308284939 	 15 	 200 	 4510 	 0
1787308284962 	 15 	 200 	 4513 	 2
1787308284966 	 19 	 200 	 4513 	 1
1787308284971 	 16 	 200 	 4513 	 0
1787308284995 	 13 	 200 	 4514 	 0
1787308285033 	 12 	 200 	 4516 	 1
1787308285035 	 17 	 200 	 4517 	 1
1787308285047 	 12 	 200 	 4517 	 0
1787308285096 	 14 	 200 	 4519 	 1
1787308285114 	 12 	 200 	 4521 	 2
1787308285107 	 25 	 200 	 4522 	 2
1787308285114 	 19 	 200 	 4522 	 1
1787308285131 	 14 	 200 	 4522 	 0
1787308285184 	 35 	 200 	 4526 	 3
1787308285196 	 24 	 200 	 4526 	 2
1787308285198 	 26 	 200 	 4526 	 1
1787308285194 	 31 	 200 	 4526 	 0
1787308285230 	 13 	 200 	 4528 	 1
1787308285235 	 15 	 200 	 4528 	 0
1787308285285 	 13 	 200 	 4530 	 1
1787308285270 	 37 	 200 	 4530 	 0
1787308285328 	 15 	 200 	 4533 	 2
1787308285328 	 17 	 200 	 4533 	 1
1787308285338 	 15 	 200 	 4533 	 0
1787308285411 	 14 	 200 	 4534 	 0
1787308285441 	 22 	 200 	 4537 	 2
1787308285458 	 17 	 200 	 4539 	 3
1787308285461 	 16 	 200 	 4539 	 2
1787308285466 	 16 	 200 	 4540 	 2
1787308285465 	 20 	 200 	 4541 	 2
1787308285479 	 14 	 200 	 4541 	 1
1787308285485 	 16 	 200 	 4542 	 1
1787308285501 	 16 	 200 	 4542 	 0
1787308285519 	 17 	 200 	 4544 	 1
1787308285531 	 16 	 200 	 4544 	 0
1787308285552 	 14 	 200 	 4549 	 4
1787308285555 	 19 	 200 	 4549 	 3
1787308285567 	 16 	 200 	 4549 	 2
1787308285565 	 19 	 200 	 4550 	 2
1787308285566 	 20 	 200 	 4550 	 1
1787308285585 	 14 	 200 	 4551 	 1
1787308285595 	 17 	 200 	 4552 	 1
1787308285601 	 15 	 200 	 4552 	 0
1787308285641 	 15 	 200 	 4553 	 0
1787308285659 	 13 	 200 	 4554 	 0
1787308285687 	 13 	 200 	 4555 	 0
1787308285743 	 32 	 200 	 4560 	 4
1787308285743 	 36 	 200 	 4562 	 5
1787308285754 	 27 	 200 	 4562 	 4
1787308285778 	 17 	 200 	 4563 	 4
1787308285779 	 63 	 200 	 4569 	 9
1787308285748 	 94 	 200 	 4569 	 8
1787308285784 	 63 	 200 	 4569 	 7
1787308285767 	 81 	 200 	 4569 	 6
1787308285797 	 72 	 200 	 4569 	 5
1787308285808 	 63 	 200 	 4569 	 4
1787308285827 	 46 	 200 	 4569 	 3
1787308285822 	 57 	 200 	 4569 	 2
1787308285834 	 45 	 200 	 4569 	 1
1787308285839 	 39 	 200 	 4569 	 0
1787308285913 	 14 	 200 	 4570 	 0
1787308285937 	 13 	 200 	 4572 	 1
1787308285945 	 15 	 200 	 4572 	 0
1787308285963 	 14 	 200 	 4574 	 1
1787308285963 	 18 	 200 	 4574 	 0
1787308285995 	 14 	 200 	 4576 	 1
1787308285991 	 18 	 200 	 4576 	 0
1787308286017 	 18 	 200 	 4579 	 2
1787308286023 	 15 	 200 	 4579 	 1
1787308286028 	 15 	 200 	 4579 	 0
1787308286048 	 13 	 200 	 4580 	 0
1787308286066 	 12 	 200 	 4581 	 0
1787308286105 	 33 	 200 	 4583 	 1
1787308286109 	 29 	 200 	 4583 	 0
1787308286146 	 13 	 200 	 4585 	 1
1787308286158 	 14 	 200 	 4585 	 0
1787308286182 	 13 	 200 	 4587 	 1
1787308286188 	 13 	 200 	 4587 	 0
1787308286251 	 14 	 200 	 4588 	 0
1787308286304 	 16 	 200 	 4590 	 1
1787308286309 	 17 	 200 	 4590 	 0
1787308286351 	 13 	 200 	 4591 	 0
1787308286386 	 15 	 200 	 4593 	 1
1787308286410 	 13 	 200 	 4594 	 1
1787308286387 	 39 	 200 	 4595 	 1
1787308286425 	 14 	 200 	 4595 	 0
1787308286441 	 12 	 200 	 4597 	 1
1787308286453 	 13 	 200 	 4598 	 1
1787308286457 	 32 	 200 	 4598 	 0
1787308286518 	 15 	 200 	 4600 	 1
1787308286528 	 14 	 200 	 4600 	 0
1787308286570 	 14 	 200 	 4602 	 1
1787308286582 	 16 	 200 	 4602 	 0
1787308286610 	 13 	 200 	 4603 	 0
1787308286632 	 14 	 200 	 4604 	 0
1787308286693 	 24 	 200 	 4606 	 1
1787308286709 	 19 	 200 	 4606 	 0
1787308286779 	 14 	 200 	 4608 	 1
1787308286792 	 16 	 200 	 4608 	 0
1787308286814 	 16 	 200 	 4609 	 0
1787308286888 	 13 	 200 	 4611 	 1
1787308286893 	 15 	 200 	 4611 	 0
1787308286918 	 15 	 200 	 4614 	 2
1787308286919 	 15 	 200 	 4614 	 1
1787308286929 	 13 	 200 	 4614 	 0
1787308286954 	 15 	 200 	 4616 	 1
1787308286964 	 15 	 200 	 4617 	 1
1787308286975 	 16 	 200 	 4617 	 0
1787308287000 	 14 	 200 	 4621 	 3
1787308287005 	 15 	 200 	 4621 	 2
1787308287007 	 17 	 200 	 4623 	 3
1787308287011 	 14 	 200 	 4623 	 2
1787308287023 	 14 	 200 	 4623 	 1
1787308287022 	 21 	 200 	 4623 	 0
1787308287079 	 35 	 200 	 4624 	 0
1787308287123 	 14 	 200 	 4625 	 0
1787308287140 	 21 	 200 	 4626 	 0
1787308287177 	 16 	 200 	 4628 	 1
1787308287189 	 15 	 200 	 4630 	 2
1787308287201 	 14 	 200 	 4630 	 1
1787308287202 	 15 	 200 	 4630 	 0
1787308287219 	 13 	 200 	 4631 	 0
1787308287239 	 16 	 200 	 4632 	 0
1787308287260 	 13 	 200 	 4633 	 1
1787308287274 	 15 	 200 	 4636 	 2
1787308287286 	 15 	 200 	 4636 	 1
1787308287313 	 14 	 200 	 4637 	 1
1787308287388 	 15 	 200 	 4638 	 1
1787308287434 	 32 	 200 	 4640 	 2
1787308287451 	 30 	 200 	 4641 	 2
1787308287473 	 15 	 200 	 4642 	 2
1787308287485 	 45 	 200 	 4647 	 6
1787308287501 	 30 	 200 	 4647 	 5
1787308287510 	 22 	 200 	 4647 	 4
1787308287541 	 31 	 200 	 4650 	 6
1787308287545 	 27 	 200 	 4650 	 5
1787308287569 	 57 	 200 	 4650 	 4
1787308287660 	 14 	 200 	 4651 	 4
1787308287510 	 167 	 200 	 4651 	 3
1787308287506 	 177 	 200 	 4651 	 2
1787308287725 	 48 	 200 	 4655 	 5
1787308287760 	 17 	 200 	 4655 	 4
1787308287775 	 45 	 200 	 4657 	 5
1787308287759 	 112 	 200 	 4659 	 6
1787308287863 	 16 	 200 	 4659 	 5
1787308287927 	 47 	 200 	 4663 	 8
1787308287852 	 123 	 200 	 4663 	 7
1787308287804 	 172 	 200 	 4663 	 6
1787308287786 	 232 	 200 	 4667 	 9
1787308287520 	 504 	 200 	 4667 	 8
1787308287954 	 118 	 200 	 4669 	 10
1787308288008 	 69 	 200 	 4670 	 9
1787308287926 	 153 	 200 	 4670 	 8
1787308287987 	 95 	 200 	 4670 	 7
1787308287929 	 154 	 200 	 4670 	 6
1787308288045 	 38 	 200 	 4670 	 5
1787308288062 	 59 	 200 	 4673 	 7
1787308288093 	 33 	 200 	 4673 	 7
1787308287996 	 170 	 200 	 4676 	 8
1787308288096 	 71 	 200 	 4676 	 7
1787308288099 	 70 	 200 	 4676 	 6
1787308287276 	 897 	 200 	 4676 	 5
1787308288074 	 104 	 200 	 4676 	 4
1787308287997 	 181 	 200 	 4676 	 3
1787308288157 	 20 	 200 	 4676 	 2
1787308288128 	 54 	 200 	 4676 	 1
1787308288141 	 41 	 200 	 4676 	 0
1787308288219 	 36 	 200 	 4677 	 0
1787308288262 	 55 	 200 	 4682 	 4
1787308288287 	 79 	 200 	 4689 	 10
1787308288263 	 108 	 200 	 4689 	 9
1787308288273 	 107 	 200 	 4689 	 8
1787308288351 	 31 	 200 	 4690 	 8
1787308288338 	 55 	 200 	 4691 	 8
1787308288342 	 52 	 200 	 4691 	 7
1787308288368 	 28 	 200 	 4691 	 6
1787308288361 	 83 	 200 	 4692 	 6
1787308288385 	 82 	 200 	 4694 	 7
1787308288276 	 199 	 200 	 4694 	 6
1787308288323 	 156 	 200 	 4695 	 6
1787308288403 	 81 	 200 	 4695 	 5
1787308288327 	 158 	 200 	 4695 	 4
1787308288386 	 101 	 200 	 4695 	 3
1787308288463 	 45 	 200 	 4696 	 3
1787308288481 	 38 	 200 	 4697 	 3
1787308288467 	 75 	 200 	 4698 	 3
1787308288555 	 21 	 200 	 4699 	 3
1787308288539 	 37 	 200 	 4699 	 2
1787308288584 	 15 	 200 	 4701 	 3
1787308288592 	 13 	 200 	 4701 	 2
1787308288512 	 166 	 200 	 4708 	 8
1787308288607 	 74 	 200 	 4708 	 7
1787308288618 	 101 	 200 	 4708 	 6
1787308288628 	 150 	 200 	 4709 	 6
1787308288661 	 124 	 200 	 4709 	 5
1787308288746 	 74 	 200 	 4710 	 5
1787308288823 	 46 	 200 	 4712 	 6
1787308288615 	 257 	 200 	 4712 	 5
1787308288793 	 84 	 200 	 4712 	 4
1787308288841 	 35 	 200 	 4712 	 3
1787308288659 	 219 	 200 	 4712 	 2
1787308288628 	 252 	 200 	 4712 	 1
1787308288883 	 36 	 200 	 4715 	 3
1787308288903 	 65 	 200 	 4718 	 5
1787308288939 	 35 	 200 	 4718 	 4
1787308288912 	 63 	 200 	 4718 	 3
1787308288956 	 21 	 200 	 4718 	 2
1787308288491 	 498 	 200 	 4718 	 1
1787308289048 	 30 	 200 	 4723 	 5
1787308289016 	 64 	 200 	 4723 	 4
1787308289071 	 17 	 200 	 4723 	 3
1787308289076 	 14 	 200 	 4723 	 2
1787308289092 	 13 	 200 	 4725 	 3
1787308289026 	 94 	 200 	 4725 	 2
1787308289101 	 69 	 200 	 4726 	 2
1787308289153 	 20 	 200 	 4726 	 1
1787308289277 	 13 	 200 	 4727 	 1
1787308289336 	 35 	 200 	 4729 	 2
1787308289362 	 19 	 200 	 4730 	 2
1787308289374 	 92 	 200 	 4734 	 5
1787308289436 	 36 	 200 	 4734 	 4
1787308289425 	 49 	 200 	 4734 	 3
1787308289447 	 85 	 200 	 4734 	 2
1787308289430 	 102 	 200 	 4734 	 1
1787308288964 	 576 	 200 	 4735 	 1
1787308289538 	 33 	 200 	 4735 	 0
1787308289572 	 13 	 200 	 4737 	 1
1787308289585 	 13 	 200 	 4737 	 0
1787308289638 	 13 	 200 	 4738 	 0
1787308289678 	 16 	 200 	 4739 	 1
1787308289696 	 15 	 200 	 4742 	 2
1787308289702 	 13 	 200 	 4742 	 1
1787308289705 	 14 	 200 	 4742 	 0
1787308289793 	 20 	 200 	 4745 	 2
1787308289798 	 21 	 200 	 4745 	 1
1787308289814 	 18 	 200 	 4745 	 0
1787308289852 	 12 	 200 	 4746 	 0
1787308289870 	 13 	 200 	 4747 	 0
1787308289897 	 13 	 200 	 4749 	 1
1787308289903 	 16 	 200 	 4749 	 0
1787308289923 	 14 	 200 	 4751 	 1
1787308289925 	 15 	 200 	 4751 	 0
1787308289957 	 15 	 200 	 4752 	 0
1787308289976 	 12 	 200 	 4753 	 0
1787308290015 	 34 	 200 	 4755 	 2
1787308290052 	 20 	 200 	 4757 	 2
1787308290056 	 16 	 200 	 4757 	 1
1787308290038 	 34 	 200 	 4757 	 0
1787308290075 	 14 	 200 	 4760 	 2
1787308290086 	 12 	 200 	 4760 	 1
1787308290090 	 17 	 200 	 4760 	 0
1787308290119 	 14 	 200 	 4762 	 1
1787308290120 	 14 	 200 	 4762 	 0
1787308290190 	 15 	 200 	 4764 	 1
1787308290199 	 14 	 200 	 4765 	 1
1787308290207 	 18 	 200 	 4765 	 0
1787308290227 	 18 	 200 	 4766 	 0
1787308290268 	 15 	 200 	 4768 	 1
1787308290274 	 14 	 200 	 4768 	 0
1787308290296 	 16 	 200 	 4770 	 1
1787308290305 	 16 	 200 	 4770 	 0
1787308290327 	 17 	 200 	 4772 	 1
1787308290340 	 21 	 200 	 4773 	 1
1787308290351 	 12 	 200 	 4773 	 0
1787308290375 	 15 	 200 	 4774 	 0
1787308290417 	 25 	 200 	 4777 	 2
1787308290426 	 18 	 200 	 4777 	 1
1787308290431 	 14 	 200 	 4777 	 0
1787308290460 	 14 	 200 	 4778 	 0
1787308290492 	 14 	 200 	 4779 	 0
1787308290508 	 15 	 200 	 4780 	 0
1787308290539 	 16 	 200 	 4784 	 3
1787308290532 	 25 	 200 	 4784 	 2
1787308290538 	 29 	 200 	 4785 	 2
1787308290547 	 22 	 200 	 4785 	 1
1787308290563 	 22 	 200 	 4786 	 1
1787308290584 	 13 	 200 	 4786 	 0
1787308290606 	 12 	 200 	 4787 	 0
1787308290630 	 14 	 200 	 4790 	 2
1787308290629 	 19 	 200 	 4790 	 1
1787308290633 	 17 	 200 	 4790 	 0
1787308290662 	 13 	 200 	 4792 	 1
1787308290672 	 14 	 200 	 4794 	 2
1787308290680 	 17 	 200 	 4794 	 1
1787308290679 	 21 	 200 	 4794 	 0
1787308290705 	 13 	 200 	 4795 	 0
1787308290723 	 12 	 200 	 4797 	 1
1787308290721 	 22 	 200 	 4798 	 1
1787308290739 	 13 	 200 	 4798 	 0
1787308290764 	 12 	 200 	 4799 	 0
1787308290782 	 19 	 200 	 4801 	 1
1787308290785 	 16 	 200 	 4801 	 0
1787308290818 	 32 	 200 	 4802 	 0
1787308290854 	 15 	 200 	 4804 	 1
1787308290869 	 13 	 200 	 4804 	 0
1787308290887 	 17 	 200 	 4807 	 2
1787308290890 	 15 	 200 	 4807 	 1
1787308290898 	 14 	 200 	 4807 	 0
1787308290916 	 14 	 200 	 4809 	 1
1787308290922 	 13 	 200 	 4809 	 0
1787308290961 	 14 	 200 	 4810 	 0
1787308291002 	 15 	 200 	 4812 	 1
1787308291008 	 12 	 200 	 4813 	 1
1787308291018 	 14 	 200 	 4813 	 0
1787308291042 	 15 	 200 	 4814 	 0
1787308291074 	 15 	 200 	 4815 	 0
1787308291144 	 17 	 200 	 4816 	 0
1787308291171 	 12 	 200 	 4817 	 0
1787308291228 	 16 	 200 	 4819 	 1
1787308291230 	 13 	 200 	 4819 	 0
1787308291247 	 12 	 200 	 4820 	 0
1787308291277 	 20 	 200 	 4823 	 2
1787308291280 	 23 	 200 	 4824 	 2
1787308291299 	 17 	 200 	 4824 	 1
1787308291304 	 13 	 200 	 4824 	 0
1787308291324 	 13 	 200 	 4827 	 2
1787308291329 	 19 	 200 	 4827 	 1
1787308291335 	 14 	 200 	 4827 	 0
1787308291360 	 14 	 200 	 4828 	 0
1787308291397 	 13 	 200 	 4830 	 1
1787308291399 	 13 	 200 	 4830 	 0
1787308291420 	 16 	 200 	 4833 	 2
1787308291422 	 19 	 200 	 4833 	 1
1787308291432 	 18 	 200 	 4834 	 1
1787308291446 	 14 	 200 	 4834 	 0
1787308291462 	 12 	 200 	 4835 	 0
1787308291496 	 15 	 200 	 4836 	 0
1787308291560 	 15 	 200 	 4837 	 0
1787308291576 	 14 	 200 	 4838 	 0
1787308291603 	 13 	 200 	 4839 	 0
1787308291635 	 20 	 200 	 4841 	 1
1787308291655 	 12 	 200 	 4843 	 2
1787308291660 	 20 	 200 	 4844 	 2
1787308291666 	 14 	 200 	 4844 	 1
1787308291677 	 14 	 200 	 4845 	 1
1787308291686 	 14 	 200 	 4848 	 3
1787308291694 	 15 	 200 	 4848 	 2
1787308291696 	 15 	 200 	 4848 	 1
1787308291701 	 17 	 200 	 4848 	 0
1787308291749 	 15 	 200 	 4849 	 0
1787308291784 	 14 	 200 	 4851 	 1
1787308291794 	 13 	 200 	 4851 	 0
1787308291838 	 30 	 200 	 4852 	 0
1787308291894 	 15 	 200 	 4853 	 0
1787308291935 	 22 	 200 	 4856 	 2
1787308291944 	 14 	 200 	 4856 	 1
1787308291945 	 15 	 200 	 4856 	 0
1787308292033 	 13 	 200 	 4858 	 1
1787308292043 	 12 	 200 	 4858 	 0
1787308292093 	 25 	 200 	 4859 	 0
1787308292123 	 13 	 200 	 4861 	 1
1787308292125 	 11 	 200 	 4861 	 0
1787308292142 	 14 	 200 	 4862 	 0
1787308292160 	 16 	 200 	 4865 	 2
1787308292171 	 16 	 200 	 4867 	 3
1787308292171 	 20 	 200 	 4867 	 2
1787308292188 	 18 	 200 	 4867 	 1
1787308292186 	 20 	 200 	 4867 	 0
1787308292213 	 13 	 200 	 4868 	 0
1787308292230 	 16 	 200 	 4870 	 1
1787308292240 	 14 	 200 	 4870 	 0
1787308292259 	 13 	 200 	 4871 	 0
1787308292281 	 13 	 200 	 4874 	 2
1787308292293 	 14 	 200 	 4874 	 1
1787308292291 	 21 	 200 	 4874 	 0
1787308292328 	 17 	 200 	 4875 	 1
1787308292349 	 14 	 200 	 4877 	 1
1787308292346 	 18 	 200 	 4877 	 0
1787308292406 	 35 	 200 	 4879 	 1
1787308292421 	 27 	 200 	 4879 	 0
1787308292452 	 15 	 200 	 4880 	 0
1787308292504 	 16 	 200 	 4881 	 1
1787308292521 	 13 	 200 	 4885 	 3
1787308292527 	 16 	 200 	 4885 	 2
1787308292532 	 22 	 200 	 4886 	 2
1787308292533 	 21 	 200 	 4886 	 1
1787308292614 	 16 	 200 	 4889 	 3
1787308292617 	 17 	 200 	 4889 	 2
1787308292676 	 14 	 200 	 4890 	 2
1787308292704 	 14 	 200 	 4891 	 2
1787308292762 	 16 	 200 	 4893 	 3
1787308292786 	 37 	 200 	 4897 	 6
1787308292808 	 16 	 200 	 4898 	 6
1787308292795 	 32 	 200 	 4898 	 5
1787308292797 	 44 	 200 	 4898 	 4
1787308292825 	 45 	 200 	 4900 	 5
1787308292845 	 27 	 200 	 4900 	 4
1787308292869 	 13 	 200 	 4900 	 3
1787308292901 	 26 	 200 	 4903 	 5
1787308292907 	 63 	 200 	 4904 	 5
1787308292922 	 55 	 200 	 4904 	 4
1787308292968 	 20 	 200 	 4904 	 3
1787308292996 	 25 	 200 	 4906 	 4
1787308292772 	 250 	 200 	 4906 	 3
1787308293029 	 12 	 200 	 4907 	 3
1787308293048 	 22 	 200 	 4909 	 4
1787308293057 	 20 	 200 	 4910 	 4
1787308293072 	 15 	 200 	 4910 	 3
1787308293106 	 16 	 200 	 4912 	 4
1787308293097 	 27 	 200 	 4912 	 3
1787308292579 	 598 	 200 	 4913 	 3
1787308293162 	 16 	 200 	 4913 	 2
1787308293211 	 14 	 200 	 4916 	 4
1787308293020 	 206 	 200 	 4916 	 3
1787308293219 	 16 	 200 	 4918 	 4
1787308293233 	 37 	 200 	 4919 	 4
1787308293234 	 37 	 200 	 4919 	 3
1787308293195 	 76 	 200 	 4919 	 2
1787308293315 	 12 	 200 	 4921 	 3
1787308292551 	 794 	 200 	 4922 	 3
1787308293249 	 97 	 200 	 4922 	 2
1787308293280 	 69 	 200 	 4922 	 1
1787308293345 	 29 	 200 	 4924 	 2
1787308293358 	 16 	 200 	 4924 	 1
1787308293358 	 19 	 200 	 4925 	 1
1787308293378 	 15 	 200 	 4925 	 0
1787308293404 	 13 	 200 	 4929 	 3
1787308293410 	 15 	 200 	 4929 	 2
1787308293413 	 14 	 200 	 4929 	 1
1787308293408 	 32 	 200 	 4929 	 0
1787308293462 	 13 	 200 	 4930 	 0
1787308293476 	 14 	 200 	 4931 	 0
1787308293497 	 13 	 200 	 4933 	 1
1787308293496 	 16 	 200 	 4933 	 0
1787308293521 	 14 	 200 	 4935 	 1
1787308293534 	 17 	 200 	 4939 	 4
1787308293537 	 17 	 200 	 4939 	 3
1787308293545 	 17 	 200 	 4939 	 2
1787308293543 	 21 	 200 	 4939 	 1
1787308293548 	 19 	 200 	 4939 	 0
1787308293576 	 12 	 200 	 4940 	 0
1787308293627 	 20 	 200 	 4941 	 0
1787308293665 	 16 	 200 	 4944 	 2
1787308293673 	 15 	 200 	 4945 	 2
1787308293673 	 18 	 200 	 4945 	 1
1787308293689 	 13 	 200 	 4945 	 0
1787308293717 	 18 	 200 	 4950 	 4
1787308293724 	 16 	 200 	 4951 	 4
1787308293723 	 24 	 200 	 4951 	 3
1787308293732 	 16 	 200 	 4951 	 2
1787308293724 	 25 	 200 	 4951 	 1
1787308293741 	 15 	 200 	 4952 	 1
1787308293751 	 13 	 200 	 4952 	 0
1787308293766 	 17 	 200 	 4956 	 3
1787308293770 	 67 	 200 	 4959 	 5
1787308293785 	 54 	 200 	 4959 	 4
1787308293776 	 72 	 200 	 4959 	 3
1787308293778 	 72 	 200 	 4959 	 2
1787308293829 	 24 	 200 	 4959 	 1
1787308293822 	 33 	 200 	 4960 	 1
1787308293854 	 16 	 200 	 4961 	 1
1787308293862 	 14 	 200 	 4962 	 1
1787308293874 	 19 	 200 	 4963 	 1
1787308293882 	 13 	 200 	 4964 	 1
1787308293894 	 13 	 200 	 4965 	 1
1787308293901 	 13 	 200 	 4965 	 0
1787308293924 	 13 	 200 	 4966 	 0
1787308293967 	 32 	 200 	 4968 	 1
1787308293978 	 28 	 200 	 4968 	 0
1787308294020 	 15 	 200 	 4969 	 0
1787308294055 	 34 	 200 	 4972 	 2
1787308294058 	 32 	 200 	 4972 	 1
1787308294061 	 31 	 200 	 4972 	 0
1787308294099 	 24 	 200 	 4975 	 2
1787308294107 	 18 	 200 	 4975 	 1
1787308294119 	 13 	 200 	 4975 	 0
1787308294146 	 18 	 200 	 4979 	 3
1787308294155 	 15 	 200 	 4980 	 4
1787308294159 	 25 	 200 	 4983 	 5
1787308294164 	 21 	 200 	 4983 	 4
1787308294171 	 18 	 200 	 4983 	 3
1787308294171 	 17 	 200 	 4983 	 2
1787308294181 	 20 	 200 	 4983 	 1
1787308294182 	 23 	 200 	 4984 	 1
1787308294205 	 16 	 200 	 4984 	 0
1787308294228 	 14 	 200 	 4985 	 0
1787308294257 	 18 	 200 	 4986 	 0
1787308294296 	 14 	 200 	 4988 	 1
1787308294294 	 17 	 200 	 4988 	 0
1787308294318 	 15 	 200 	 4989 	 0
1787308294372 	 34 	 200 	 4990 	 0
1787308294436 	 17 	 200 	 4992 	 1
1787308294450 	 14 	 200 	 4993 	 1
1787308294463 	 21 	 200 	 4994 	 1
1787308294475 	 15 	 200 	 4994 	 0
1787308294514 	 15 	 200 	 4996 	 1
1787308294513 	 17 	 200 	 4996 	 0
1787308294542 	 15 	 200 	 4998 	 1
1787308294538 	 20 	 200 	 4998 	 0
1787308294569 	 12 	 200 	 4999 	 0
1787308294594 	 15 	 200 	 5000 	 0