1787308296751 	 34 	 200 	 4 	 3
1787308296768 	 21 	 200 	 4 	 2
1787308296757 	 34 	 200 	 4 	 1
1787308296823 	 51 	 200 	 6 	 2
1787308296819 	 58 	 200 	 6 	 1
1787308296885 	 13 	 200 	 7 	 1
1787308296900 	 15 	 200 	 8 	 1
1787308296935 	 35 	 200 	 9 	 1
1787308296740 	 237 	 200 	 9 	 0
1787308296992 	 15 	 200 	 10 	 0
1787308297035 	 12 	 200 	 11 	 0
1787308297077 	 13 	 200 	 13 	 1
1787308297068 	 25 	 200 	 13 	 0
1787308297123 	 13 	 200 	 15 	 1
1787308297134 	 17 	 200 	 15 	 0
1787308297192 	 15 	 200 	 16 	 0
1787308297209 	 14 	 200 	 20 	 3
1787308297212 	 16 	 200 	 20 	 2
1787308297213 	 16 	 200 	 20 	 1
1787308297223 	 17 	 200 	 21 	 1
1787308297238 	 13 	 200 	 22 	 1
1787308297251 	 12 	 200 	 22 	 0
1787308297267 	 14 	 200 	 24 	 1
1787308297276 	 14 	 200 	 25 	 1
1787308297283 	 16 	 200 	 25 	 0
1787308297312 	 13 	 200 	 26 	 0
1787308297327 	 12 	 200 	 27 	 0
1787308297353 	 14 	 200 	 28 	 0
1787308297373 	 14 	 200 	 30 	 1
1787308297377 	 14 	 200 	 30 	 0
1787308297410 	 17 	 200 	 31 	 0
1787308297438 	 16 	 200 	 33 	 1
1787308297448 	 14 	 200 	 33 	 0
1787308297467 	 14 	 200 	 34 	 0
1787308297493 	 20 	 200 	 37 	 2
1787308297503 	 17 	 200 	 37 	 1
1787308297504 	 17 	 200 	 37 	 0
1787308297525 	 13 	 200 	 39 	 1
1787308297536 	 13 	 200 	 39 	 0
1787308297552 	 12 	 200 	 41 	 1
1787308297556 	 19 	 200 	 41 	 0
1787308297582 	 17 	 200 	 43 	 1
1787308297581 	 17 	 200 	 43 	 0
1787308297664 	 25 	 200 	 46 	 2
1787308297658 	 32 	 200 	 47 	 2
1787308297680 	 15 	 200 	 47 	 1
1787308297692 	 14 	 200 	 49 	 2
1787308297699 	 15 	 200 	 49 	 1
1787308297703 	 14 	 200 	 49 	 0
1787308297757 	 15 	 200 	 52 	 2
1787308297765 	 15 	 200 	 53 	 2
1787308297771 	 16 	 200 	 54 	 2
1787308297776 	 15 	 200 	 54 	 1
1787308297788 	 15 	 200 	 54 	 0
1787308297836 	 16 	 200 	 55 	 0
1787308297855 	 14 	 200 	 56 	 0
1787308297889 	 13 	 200 	 58 	 1
1787308297888 	 31 	 200 	 58 	 0
1787308297960 	 36 	 200 	 62 	 3
1787308297971 	 27 	 200 	 62 	 2
1787308297976 	 25 	 200 	 62 	 1
1787308297989 	 22 	 200 	 62 	 0
1787308298017 	 16 	 200 	 63 	 0
1787308298042 	 12 	 200 	 64 	 0
1787308298064 	 12 	 200 	 65 	 0
1787308298083 	 12 	 200 	 66 	 0
1787308298100 	 14 	 200 	 68 	 1
1787308298101 	 14 	 200 	 68 	 0
1787308298138 	 13 	 200 	 69 	 0
1787308298158 	 14 	 200 	 70 	 0
1787308298211 	 14 	 200 	 72 	 1
1787308298223 	 15 	 200 	 72 	 0
1787308298256 	 16 	 200 	 75 	 2
1787308298260 	 16 	 200 	 75 	 1
1787308298259 	 17 	 200 	 75 	 0
1787308298289 	 13 	 200 	 76 	 0
1787308298317 	 13 	 200 	 77 	 0
1787308298346 	 35 	 200 	 79 	 1
1787308298376 	 17 	 200 	 79 	 0
1787308298435 	 37 	 200 	 81 	 1
1787308298438 	 34 	 200 	 81 	 0
1787308298474 	 15 	 200 	 83 	 1
1787308298487 	 15 	 200 	 84 	 1
1787308298492 	 14 	 200 	 84 	 0
1787308298562 	 35 	 200 	 87 	 2
1787308298573 	 24 	 200 	 87 	 1
1787308298585 	 20 	 200 	 87 	 0
1787308298648 	 13 	 200 	 88 	 0
1787308298721 	 14 	 200 	 89 	 0
1787308298779 	 22 	 200 	 92 	 2
1787308298792 	 18 	 200 	 92 	 1
1787308298812 	 54 	 200 	 98 	 6
1787308298830 	 41 	 200 	 98 	 5
1787308298835 	 36 	 200 	 98 	 4
1787308298843 	 31 	 200 	 98 	 3
1787308298812 	 121 	 200 	 100 	 4
1787308298906 	 31 	 200 	 100 	 3
1787308298953 	 19 	 200 	 102 	 4
1787308298929 	 44 	 200 	 102 	 3
1787308298940 	 35 	 200 	 102 	 2
1787308298851 	 132 	 200 	 102 	 1
1787308298995 	 27 	 200 	 107 	 5
1787308298985 	 42 	 200 	 107 	 4
1787308299011 	 20 	 200 	 107 	 3
1787308299048 	 22 	 200 	 110 	 5
1787308298984 	 133 	 200 	 111 	 5
1787308299065 	 56 	 200 	 111 	 4
1787308299056 	 66 	 200 	 111 	 3
1787308299073 	 49 	 200 	 111 	 2
1787308298997 	 135 	 200 	 111 	 1
1787308299158 	 12 	 200 	 113 	 2
1787308299178 	 15 	 200 	 114 	 2
1787308299245 	 26 	 200 	 118 	 5
1787308299246 	 26 	 200 	 118 	 4
1787308299252 	 24 	 200 	 118 	 3
1787308299134 	 147 	 200 	 118 	 2
1787308299268 	 16 	 200 	 119 	 2
1787308299292 	 33 	 200 	 120 	 2
1787308299371 	 16 	 200 	 122 	 3
1787308299284 	 117 	 200 	 123 	 3
1787308299409 	 13 	 200 	 124 	 3
1787308299387 	 42 	 200 	 124 	 2
1787308299450 	 23 	 200 	 128 	 5
1787308299447 	 27 	 200 	 128 	 4
1787308299456 	 19 	 200 	 128 	 3
1787308299397 	 82 	 200 	 128 	 2
1787308299465 	 15 	 200 	 128 	 1
1787308298789 	 727 	 200 	 132 	 4
1787308299486 	 37 	 200 	 133 	 4
1787308299490 	 34 	 200 	 133 	 3
1787308299482 	 43 	 200 	 133 	 2
1787308299517 	 16 	 200 	 133 	 1
1787308299520 	 14 	 200 	 133 	 0
1787308299559 	 21 	 200 	 136 	 2
1787308299572 	 16 	 200 	 136 	 1
1787308299576 	 13 	 200 	 136 	 0
1787308299591 	 13 	 200 	 137 	 0
1787308299637 	 18 	 200 	 140 	 2
1787308299651 	 14 	 200 	 140 	 1
1787308299655 	 15 	 200 	 140 	 0
1787308299692 	 13 	 200 	 141 	 0
1787308299720 	 13 	 200 	 142 	 0
1787308299775 	 14 	 200 	 144 	 1
1787308299788 	 13 	 200 	 144 	 0
1787308299820 	 15 	 200 	 145 	 0
1787308299866 	 27 	 200 	 150 	 4
1787308299868 	 36 	 200 	 151 	 4
1787308299887 	 19 	 200 	 151 	 3
1787308299874 	 31 	 200 	 151 	 2
1787308299892 	 17 	 200 	 151 	 1
1787308299907 	 14 	 200 	 152 	 1
1787308299914 	 16 	 200 	 152 	 0
1787308299948 	 14 	 200 	 154 	 1
1787308299958 	 14 	 200 	 156 	 2
1787308299968 	 14 	 200 	 156 	 1
1787308299974 	 16 	 200 	 156 	 0
1787308299995 	 13 	 200 	 157 	 0
1787308300029 	 15 	 200 	 158 	 0
1787308300054 	 21 	 200 	 159 	 0
1787308300087 	 13 	 200 	 160 	 0
1787308300117 	 14 	 200 	 162 	 1
1787308300121 	 13 	 200 	 162 	 0
1787308300139 	 15 	 200 	 164 	 1
1787308300143 	 12 	 200 	 164 	 0
1787308300189 	 15 	 200 	 165 	 0
1787308300291 	 28 	 200 	 167 	 1
1787308300308 	 13 	 200 	 167 	 0
1787308300340 	 16 	 200 	 169 	 1
1787308300356 	 13 	 200 	 169 	 0
1787308300372 	 15 	 200 	 170 	 0
1787308300404 	 14 	 200 	 171 	 0
1787308300447 	 26 	 200 	 175 	 3
1787308300462 	 15 	 200 	 175 	 2
1787308300468 	 14 	 200 	 175 	 1
1787308300471 	 15 	 200 	 175 	 0
1787308300494 	 13 	 200 	 177 	 1
1787308300503 	 14 	 200 	 177 	 0
1787308300541 	 14 	 200 	 178 	 0
1787308300563 	 19 	 200 	 181 	 2
1787308300573 	 15 	 200 	 182 	 2
1787308300581 	 14 	 200 	 182 	 1
1787308300586 	 19 	 200 	 182 	 0
1787308300615 	 14 	 200 	 185 	 2
1787308300618 	 13 	 200 	 185 	 1
1787308300622 	 13 	 200 	 185 	 0
1787308300644 	 13 	 200 	 187 	 1
1787308300648 	 13 	 200 	 188 	 1
1787308300662 	 14 	 200 	 189 	 1
1787308300664 	 15 	 200 	 189 	 0
1787308300691 	 14 	 200 	 190 	 0
1787308300722 	 15 	 200 	 191 	 0
1787308300758 	 26 	 200 	 195 	 3
1787308300759 	 27 	 200 	 195 	 2
1787308300757 	 29 	 200 	 195 	 1
1787308300773 	 18 	 200 	 195 	 0
1787308300809 	 13 	 200 	 196 	 0
1787308300839 	 18 	 200 	 197 	 0
1787308300882 	 14 	 200 	 198 	 0
1787308300910 	 16 	 200 	 200 	 1
1787308300920 	 13 	 200 	 200 	 0
1787308300955 	 16 	 200 	 202 	 1
1787308300963 	 16 	 200 	 204 	 2
1787308300973 	 14 	 200 	 204 	 1
1787308300975 	 15 	 200 	 204 	 0
1787308301025 	 32 	 200 	 208 	 3
1787308301037 	 26 	 200 	 208 	 2
1787308301037 	 25 	 200 	 208 	 1
1787308301041 	 24 	 200 	 208 	 0
1787308301076 	 18 	 200 	 211 	 2
1787308301084 	 13 	 200 	 211 	 1
1787308301094 	 14 	 200 	 213 	 2
1787308301100 	 14 	 200 	 213 	 1
1787308301104 	 16 	 200 	 213 	 0
1787308301142 	 12 	 200 	 215 	 1
1787308301145 	 20 	 200 	 215 	 0
1787308301168 	 14 	 200 	 217 	 1
1787308301181 	 16 	 200 	 217 	 0
1787308301227 	 27 	 200 	 220 	 2
1787308301232 	 26 	 200 	 221 	 2
1787308301244 	 16 	 200 	 221 	 1
1787308301255 	 16 	 200 	 221 	 0
1787308301284 	 13 	 200 	 222 	 0
1787308301313 	 13 	 200 	 223 	 0
1787308301339 	 14 	 200 	 224 	 0
1787308301388 	 14 	 200 	 226 	 1
1787308301403 	 13 	 200 	 226 	 0
1787308301504 	 14 	 200 	 227 	 0
1787308301561 	 25 	 200 	 228 	 0
1787308301594 	 16 	 200 	 229 	 0
1787308301615 	 15 	 200 	 233 	 3
1787308301619 	 15 	 200 	 233 	 2
1787308301627 	 17 	 200 	 233 	 1
1787308301623 	 37 	 200 	 233 	 0
1787308301689 	 18 	 200 	 234 	 0
1787308301714 	 16 	 200 	 236 	 1
1787308301723 	 14 	 200 	 236 	 0
1787308301744 	 16 	 200 	 238 	 1
1787308301755 	 22 	 200 	 239 	 1
1787308301763 	 28 	 200 	 239 	 0
1787308301824 	 13 	 200 	 240 	 0
1787308301838 	 15 	 200 	 242 	 1
1787308301847 	 13 	 200 	 242 	 0
1787308301894 	 14 	 200 	 243 	 0
1787308301913 	 14 	 200 	 244 	 0
1787308301930 	 16 	 200 	 246 	 1
1787308301927 	 24 	 200 	 246 	 0
1787308301982 	 15 	 200 	 248 	 1
1787308302058 	 16 	 200 	 251 	 3
1787308302068 	 13 	 200 	 251 	 2
1787308302003 	 79 	 200 	 251 	 1
1787308301994 	 91 	 200 	 252 	 1
1787308302085 	 37 	 200 	 253 	 1
1787308302103 	 20 	 200 	 253 	 0
1787308302143 	 23 	 200 	 255 	 1
1787308302144 	 25 	 200 	 255 	 0
1787308302175 	 17 	 200 	 256 	 0
1787308302200 	 12 	 200 	 257 	 0
1787308302222 	 15 	 200 	 259 	 1
1787308302229 	 15 	 200 	 260 	 1
1787308302241 	 18 	 200 	 261 	 1
1787308302249 	 13 	 200 	 261 	 0
1787308302285 	 16 	 200 	 265 	 3
1787308302288 	 17 	 200 	 265 	 2
1787308302290 	 20 	 200 	 265 	 1
1787308302292 	 23 	 200 	 265 	 0
1787308302324 	 17 	 200 	 268 	 2
1787308302330 	 15 	 200 	 268 	 1
1787308302341 	 14 	 200 	 269 	 1
1787308302352 	 17 	 200 	 269 	 0
1787308302392 	 13 	 200 	 270 	 0
1787308302411 	 18 	 200 	 272 	 1
1787308302424 	 14 	 200 	 274 	 2
1787308302439 	 17 	 200 	 275 	 2
1787308302433 	 26 	 200 	 275 	 1
1787308302438 	 27 	 200 	 275 	 0
1787308302469 	 16 	 200 	 277 	 1
1787308302478 	 13 	 200 	 278 	 1
1787308302491 	 14 	 200 	 278 	 0
1787308302513 	 14 	 200 	 280 	 1
1787308302515 	 14 	 200 	 280 	 0
1787308302536 	 14 	 200 	 281 	 1
1787308302551 	 14 	 200 	 283 	 1
1787308302561 	 13 	 200 	 283 	 0
1787308302635 	 13 	 200 	 285 	 1
1787308302634 	 16 	 200 	 285 	 0
1787308302657 	 12 	 200 	 286 	 0
1787308302672 	 20 	 200 	 288 	 1
1787308302687 	 13 	 200 	 288 	 0
1787308302710 	 15 	 200 	 290 	 1
1787308302716 	 15 	 200 	 290 	 0
1787308302783 	 15 	 200 	 292 	 1
1787308302801 	 12 	 200 	 293 	 1
1787308302798 	 18 	 200 	 293 	 0
1787308302856 	 17 	 200 	 298 	 4
1787308302867 	 17 	 200 	 299 	 4
1787308302862 	 22 	 200 	 299 	 3
1787308302874 	 16 	 200 	 300 	 3
1787308302863 	 31 	 200 	 300 	 2
1787308302881 	 15 	 200 	 300 	 1
1787308302890 	 15 	 200 	 300 	 1
1787308302906 	 18 	 200 	 301 	 0
1787308302956 	 16 	 200 	 302 	 0
1787308302987 	 17 	 200 	 303 	 0
1787308303014 	 29 	 200 	 304 	 0
1787308303063 	 27 	 200 	 305 	 0
1787308303108 	 15 	 200 	 307 	 1
1787308303112 	 35 	 200 	 307 	 0
1787308303169 	 13 	 200 	 309 	 1
1787308303177 	 14 	 200 	 309 	 0
1787308303249 	 18 	 200 	 311 	 1
1787308303263 	 14 	 200 	 311 	 0
1787308303296 	 14 	 200 	 313 	 1
1787308303304 	 14 	 200 	 313 	 0
1787308303321 	 13 	 200 	 315 	 1
1787308303332 	 17 	 200 	 317 	 2
1787308303338 	 13 	 200 	 317 	 1
1787308303344 	 14 	 200 	 318 	 1
1787308303357 	 15 	 200 	 318 	 0
1787308303412 	 40 	 200 	 319 	 0
1787308303461 	 17 	 200 	 320 	 0
1787308303485 	 14 	 200 	 322 	 1
1787308303492 	 20 	 200 	 323 	 1
1787308303502 	 14 	 200 	 323 	 0
1787308303525 	 19 	 200 	 325 	 1
1787308303530 	 16 	 200 	 325 	 0
1787308303554 	 12 	 200 	 326 	 0
1787308303570 	 13 	 200 	 328 	 1
1787308303575 	 13 	 200 	 328 	 0
1787308303605 	 13 	 200 	 331 	 2
1787308303612 	 14 	 200 	 331 	 1
1787308303618 	 13 	 200 	 331 	 0
1787308303650 	 17 	 200 	 332 	 0
1787308303722 	 13 	 200 	 335 	 2
1787308303728 	 14 	 200 	 336 	 2
1787308303733 	 14 	 200 	 336 	 1
1787308303740 	 13 	 200 	 337 	 2
1787308303754 	 15 	 200 	 339 	 2
1787308303754 	 16 	 200 	 339 	 1
1787308303770 	 14 	 200 	 339 	 0
1787308303801 	 14 	 200 	 341 	 1
1787308303811 	 14 	 200 	 341 	 0
1787308303827 	 13 	 200 	 343 	 1
1787308303840 	 12 	 200 	 343 	 0
1787308303877 	 15 	 200 	 344 	 1
1787308303893 	 13 	 200 	 346 	 1
1787308303907 	 14 	 200 	 346 	 0
1787308303946 	 16 	 200 	 347 	 0
1787308303992 	 21 	 200 	 349 	 1
1787308304010 	 12 	 200 	 349 	 0
1787308304034 	 13 	 200 	 350 	 0
1787308304055 	 14 	 200 	 352 	 1
1787308304065 	 19 	 200 	 352 	 0
1787308304108 	 13 	 200 	 355 	 2
1787308304107 	 19 	 200 	 355 	 1
1787308304120 	 13 	 200 	 355 	 0
1787308304181 	 17 	 200 	 356 	 0
1787308304204 	 14 	 200 	 359 	 2
1787308304214 	 15 	 200 	 359 	 1
1787308304233 	 15 	 200 	 360 	 1
1787308304218 	 30 	 200 	 360 	 0
1787308304274 	 13 	 200 	 362 	 1
1787308304285 	 15 	 200 	 362 	 0
1787308304313 	 13 	 200 	 364 	 1
1787308304320 	 13 	 200 	 364 	 0
1787308304406 	 15 	 200 	 365 	 0
1787308304459 	 14 	 200 	 367 	 1
1787308304463 	 13 	 200 	 367 	 0
1787308304489 	 14 	 200 	 368 	 0
1787308304529 	 14 	 200 	 371 	 2
1787308304537 	 19 	 200 	 372 	 2
1787308304539 	 18 	 200 	 372 	 1
1787308304548 	 14 	 200 	 372 	 0
1787308304583 	 15 	 200 	 373 	 0
1787308304602 	 15 	 200 	 374 	 0
1787308304661 	 17 	 200 	 376 	 1
1787308304673 	 14 	 200 	 376 	 0
1787308304694 	 15 	 200 	 378 	 1
1787308304710 	 13 	 200 	 378 	 0
1787308304780 	 13 	 200 	 379 	 0
1787308304809 	 14 	 200 	 380 	 0
1787308304824 	 17 	 200 	 382 	 1
1787308304832 	 17 	 200 	 382 	 0
1787308304868 	 16 	 200 	 383 	 0
1787308304888 	 18 	 200 	 385 	 2
1787308304889 	 21 	 200 	 386 	 1
1787308304907 	 13 	 200 	 387 	 1
1787308304917 	 20 	 200 	 389 	 2
1787308304926 	 15 	 200 	 390 	 2
1787308304929 	 31 	 200 	 390 	 1
1787308304940 	 20 	 200 	 390 	 0
1787308304979 	 13 	 200 	 392 	 1
1787308304982 	 13 	 200 	 392 	 0
1787308305013 	 13 	 200 	 394 	 1
1787308305025 	 13 	 200 	 394 	 0
1787308305050 	 14 	 200 	 395 	 0
1787308305116 	 24 	 200 	 397 	 1
1787308305131 	 14 	 200 	 397 	 0
1787308305157 	 16 	 200 	 399 	 1
1787308305161 	 14 	 200 	 399 	 0
1787308305190 	 12 	 200 	 400 	 0
1787308305215 	 13 	 200 	 401 	 0
1787308305287 	 14 	 200 	 403 	 1
1787308305291 	 12 	 200 	 403 	 0
1787308305311 	 14 	 200 	 406 	 2
1787308305312 	 19 	 200 	 406 	 1
1787308305313 	 20 	 200 	 406 	 0
1787308305363 	 17 	 200 	 407 	 0
1787308305394 	 13 	 200 	 408 	 0
1787308305410 	 13 	 200 	 409 	 0
1787308305457 	 13 	 200 	 410 	 0
1787308305475 	 15 	 200 	 412 	 1
1787308305484 	 15 	 200 	 412 	 0
1787308305507 	 16 	 200 	 415 	 2
1787308305515 	 24 	 200 	 418 	 4
1787308305519 	 22 	 200 	 418 	 3
1787308305527 	 18 	 200 	 418 	 2
1787308305529 	 18 	 200 	 418 	 1
1787308305529 	 19 	 200 	 418 	 0
1787308305551 	 13 	 200 	 419 	 0
1787308305578 	 14 	 200 	 422 	 2
1787308305579 	 15 	 200 	 422 	 1
1787308305585 	 13 	 200 	 422 	 0
1787308305657 	 17 	 200 	 424 	 1
1787308305659 	 16 	 200 	 424 	 0
1787308305699 	 12 	 200 	 425 	 0
1787308305714 	 13 	 200 	 426 	 0
1787308305731 	 13 	 200 	 429 	 2
1787308305736 	 14 	 200 	 429 	 1
1787308305738 	 15 	 200 	 429 	 0
1787308305769 	 16 	 200 	 431 	 1
1787308305779 	 16 	 200 	 431 	 0
1787308305803 	 21 	 200 	 432 	 0
1787308305830 	 13 	 200 	 433 	 0
1787308305861 	 13 	 200 	 435 	 1
1787308305874 	 20 	 200 	 437 	 2
1787308305890 	 14 	 200 	 437 	 1
1787308305895 	 13 	 200 	 437 	 0
1787308305943 	 29 	 200 	 440 	 2
1787308305938 	 35 	 200 	 440 	 1
1787308305955 	 22 	 200 	 440 	 0
1787308306011 	 14 	 200 	 442 	 1
1787308306019 	 17 	 200 	 444 	 2
1787308306028 	 14 	 200 	 444 	 1
1787308306035 	 13 	 200 	 444 	 0
1787308306056 	 12 	 200 	 445 	 0
1787308306092 	 31 	 200 	 447 	 1
1787308306106 	 30 	 200 	 447 	 0
1787308306162 	 33 	 200 	 450 	 2
1787308306168 	 26 	 200 	 450 	 1
1787308306182 	 20 	 200 	 450 	 0
1787308306230 	 13 	 200 	 451 	 0
1787308306261 	 17 	 200 	 456 	 4
1787308306264 	 27 	 200 	 456 	 3
1787308306268 	 24 	 200 	 456 	 2
1787308306276 	 19 	 200 	 456 	 1
1787308306278 	 18 	 200 	 456 	 0
1787308306303 	 16 	 200 	 459 	 2
1787308306311 	 15 	 200 	 460 	 2
1787308306309 	 21 	 200 	 460 	 1
1787308306321 	 13 	 200 	 460 	 0
1787308306362 	 30 	 200 	 462 	 1
1787308306381 	 18 	 200 	 462 	 0
1787308306409 	 12 	 200 	 463 	 0
1787308306433 	 14 	 200 	 464 	 0
1787308306481 	 28 	 200 	 467 	 2
1787308306484 	 28 	 200 	 467 	 1
1787308306499 	 19 	 200 	 467 	 0
1787308306524 	 13 	 200 	 469 	 1
1787308306527 	 22 	 200 	 469 	 0
1787308306550 	 16 	 200 	 472 	 2
1787308306558 	 14 	 200 	 472 	 1
1787308306562 	 14 	 200 	 472 	 0
1787308306580 	 13 	 200 	 474 	 1
1787308306585 	 14 	 200 	 475 	 1
1787308306599 	 15 	 200 	 476 	 2
1787308306608 	 16 	 200 	 478 	 2
1787308306615 	 15 	 200 	 479 	 2
1787308306618 	 14 	 200 	 479 	 1
1787308306628 	 13 	 200 	 479 	 0
1787308306645 	 14 	 200 	 481 	 1
1787308306660 	 12 	 200 	 481 	 0
1787308306674 	 13 	 200 	 483 	 1
1787308306686 	 12 	 200 	 483 	 0
1787308306710 	 13 	 200 	 484 	 0
1787308306742 	 16 	 200 	 486 	 1
1787308306753 	 15 	 200 	 486 	 0
1787308306794 	 13 	 200 	 489 	 2
1787308306795 	 15 	 200 	 489 	 1
1787308306796 	 16 	 200 	 489 	 0
1787308306877 	 17 	 200 	 491 	 1
1787308306895 	 13 	 200 	 492 	 1
1787308306906 	 13 	 200 	 492 	 0
1787308306953 	 14 	 200 	 493 	 0
1787308306971 	 13 	 200 	 494 	 0
1787308307000 	 14 	 200 	 496 	 1
1787308307010 	 14 	 200 	 496 	 0
1787308307046 	 14 	 200 	 498 	 1
1787308307056 	 14 	 200 	 499 	 1
1787308307070 	 14 	 200 	 500 	 1
1787308307073 	 14 	 200 	 500 	 0
1787308307094 	 14 	 200 	 501 	 0
1787308307137 	 24 	 200 	 502 	 0
1787308307189 	 26 	 200 	 505 	 2
1787308307180 	 36 	 200 	 505 	 1
1787308307197 	 37 	 200 	 505 	 0
1787308307260 	 13 	 200 	 507 	 1
1787308307261 	 14 	 200 	 507 	 0
1787308307291 	 18 	 200 	 508 	 0
1787308307325 	 15 	 200 	 509 	 0
1787308307384 	 13 	 200 	 511 	 1
1787308307389 	 13 	 200 	 511 	 0
1787308307490 	 20 	 200 	 512 	 0
1787308307522 	 16 	 200 	 513 	 0
1787308307554 	 13 	 200 	 514 	 0
1787308307576 	 14 	 200 	 516 	 1
1787308307586 	 20 	 200 	 516 	 0
1787308307630 	 14 	 200 	 519 	 2
1787308307634 	 18 	 200 	 520 	 2
1787308307635 	 19 	 200 	 520 	 1
1787308307647 	 14 	 200 	 520 	 0
1787308307701 	 13 	 200 	 521 	 0
1787308307726 	 16 	 200 	 524 	 2
1787308307727 	 21 	 200 	 524 	 1
1787308307736 	 14 	 200 	 524 	 0
1787308307770 	 18 	 200 	 526 	 1
1787308307768 	 22 	 200 	 526 	 0
1787308307820 	 14 	 200 	 527 	 0
1787308307888 	 25 	 200 	 530 	 2
1787308307887 	 25 	 200 	 530 	 1
1787308307897 	 18 	 200 	 530 	 0
1787308307963 	 19 	 200 	 534 	 3
1787308307973 	 15 	 200 	 534 	 2
1787308307974 	 16 	 200 	 534 	 1
1787308307977 	 15 	 200 	 534 	 0
1787308308003 	 14 	 200 	 537 	 2
1787308308013 	 13 	 200 	 537 	 1
1787308308016 	 13 	 200 	 538 	 1
1787308308030 	 14 	 200 	 538 	 0
1787308308051 	 14 	 200 	 541 	 2
1787308308059 	 16 	 200 	 542 	 2
1787308308061 	 16 	 200 	 542 	 1
1787308308073 	 14 	 200 	 543 	 1
1787308308082 	 14 	 200 	 543 	 0
1787308308149 	 13 	 200 	 544 	 0
1787308308166 	 15 	 200 	 545 	 0
1787308308183 	 15 	 200 	 546 	 0
1787308308235 	 28 	 200 	 549 	 2
1787308308251 	 20 	 200 	 550 	 2
1787308308256 	 17 	 200 	 550 	 1
1787308308268 	 21 	 200 	 550 	 0
1787308308309 	 17 	 200 	 552 	 1
1787308308326 	 14 	 200 	 552 	 0
1787308308363 	 13 	 200 	 553 	 0
1787308308425 	 19 	 200 	 555 	 1
1787308308432 	 12 	 200 	 555 	 0
1787308308462 	 14 	 200 	 558 	 2
1787308308467 	 16 	 200 	 559 	 2
1787308308478 	 13 	 200 	 559 	 1
1787308308476 	 16 	 200 	 560 	 1
1787308308493 	 16 	 200 	 561 	 1
1787308308497 	 15 	 200 	 561 	 0
1787308308534 	 19 	 200 	 562 	 0
1787308308575 	 13 	 200 	 563 	 0
1787308308598 	 14 	 200 	 565 	 1
1787308308608 	 12 	 200 	 565 	 0
1787308308627 	 13 	 200 	 566 	 0
1787308308647 	 14 	 200 	 567 	 0
1787308308694 	 12 	 200 	 569 	 1
1787308308692 	 15 	 200 	 569 	 0
1787308308726 	 31 	 200 	 571 	 1
1787308308746 	 13 	 200 	 572 	 1
1787308308759 	 17 	 200 	 574 	 2
1787308308763 	 16 	 200 	 574 	 1
1787308308770 	 13 	 200 	 575 	 1
1787308308782 	 23 	 200 	 575 	 0
1787308308808 	 17 	 200 	 578 	 2
1787308308813 	 13 	 200 	 578 	 1
1787308308828 	 16 	 200 	 580 	 2
1787308308821 	 24 	 200 	 580 	 1
1787308308828 	 28 	 200 	 580 	 0
1787308308883 	 16 	 200 	 581 	 0
1787308308905 	 13 	 200 	 583 	 1
1787308308918 	 12 	 200 	 583 	 0
1787308308935 	 13 	 200 	 584 	 0
1787308308972 	 18 	 200 	 586 	 1
1787308308987 	 13 	 200 	 586 	 0
1787308309003 	 12 	 200 	 587 	 0
1787308309020 	 14 	 200 	 590 	 2
1787308309022 	 14 	 200 	 590 	 1
1787308309028 	 15 	 200 	 590 	 0
1787308309044 	 22 	 200 	 592 	 1
1787308309053 	 13 	 200 	 592 	 0
1787308309074 	 14 	 200 	 596 	 3
1787308309074 	 17 	 200 	 596 	 2
1787308309076 	 20 	 200 	 596 	 1
1787308309078 	 20 	 200 	 596 	 0
1787308309128 	 13 	 200 	 597 	 0
1787308309148 	 16 	 200 	 603 	 5
1787308309148 	 21 	 200 	 603 	 4
1787308309151 	 30 	 200 	 604 	 4
1787308309160 	 28 	 200 	 604 	 3
1787308309162 	 31 	 200 	 604 	 2
1787308309160 	 32 	 200 	 604 	 1
1787308309178 	 16 	 200 	 604 	 0
1787308309196 	 13 	 200 	 605 	 0
1787308309236 	 12 	 200 	 607 	 1
1787308309232 	 19 	 200 	 607 	 0
1787308309336 	 17 	 200 	 609 	 1
1787308309344 	 13 	 200 	 609 	 0
1787308309366 	 19 	 200 	 611 	 1
1787308309376 	 15 	 200 	 611 	 0
1787308309418 	 15 	 200 	 612 	 0
1787308309435 	 14 	 200 	 615 	 2
1787308309449 	 17 	 200 	 616 	 2
1787308309448 	 18 	 200 	 616 	 1
1787308309458 	 17 	 200 	 617 	 1
1787308309471 	 14 	 200 	 617 	 0
1787308309516 	 14 	 200 	 619 	 1
1787308309526 	 17 	 200 	 619 	 0
1787308309553 	 15 	 200 	 621 	 1
1787308309566 	 20 	 200 	 623 	 2
1787308309574 	 14 	 200 	 623 	 1
1787308309584 	 15 	 200 	 624 	 1
1787308309591 	 17 	 200 	 624 	 0
1787308309640 	 14 	 200 	 626 	 1
1787308309650 	 14 	 200 	 626 	 0
1787308309679 	 15 	 200 	 628 	 1
1787308309694 	 16 	 200 	 629 	 1
1787308309698 	 14 	 200 	 629 	 0
1787308309734 	 19 	 200 	 633 	 3
1787308309736 	 26 	 200 	 633 	 2
1787308309749 	 16 	 200 	 633 	 1
1787308309738 	 27 	 200 	 633 	 0
1787308309822 	 16 	 200 	 634 	 0
1787308309872 	 16 	 200 	 635 	 0
1787308309893 	 14 	 200 	 636 	 0
1787308309988 	 16 	 200 	 637 	 0
1787308310010 	 12 	 200 	 638 	 0
1787308310072 	 35 	 200 	 640 	 1
1787308310099 	 22 	 200 	 640 	 0
1787308310198 	 16 	 200 	 643 	 2
1787308310203 	 14 	 200 	 643 	 1
1787308310214 	 15 	 200 	 643 	 0
1787308310239 	 13 	 200 	 644 	 0
1787308310273 	 20 	 200 	 647 	 2
1787308310284 	 19 	 200 	 649 	 3
1787308310290 	 16 	 200 	 649 	 2
1787308310297 	 15 	 200 	 649 	 1
1787308310297 	 17 	 200 	 649 	 0
1787308310349 	 27 	 200 	 652 	 2
1787308310359 	 20 	 200 	 652 	 1
1787308310372 	 15 	 200 	 652 	 0
1787308310390 	 13 	 200 	 654 	 1
1787308310402 	 12 	 200 	 654 	 0
1787308310439 	 12 	 200 	 656 	 1
1787308310451 	 13 	 200 	 657 	 1
1787308310459 	 14 	 200 	 658 	 1
1787308310466 	 15 	 200 	 659 	 1
1787308310476 	 14 	 200 	 659 	 0
1787308310534 	 13 	 200 	 661 	 1
1787308310545 	 26 	 200 	 662 	 1
1787308310562 	 16 	 200 	 662 	 0
1787308310593 	 13 	 200 	 663 	 0
1787308310613 	 13 	 200 	 665 	 2
1787308310620 	 15 	 200 	 667 	 2
1787308310627 	 13 	 200 	 667 	 1
1787308310629 	 17 	 200 	 667 	 0
1787308310675 	 14 	 200 	 669 	 1
1787308310675 	 15 	 200 	 669 	 0
1787308310709 	 14 	 200 	 671 	 1
1787308310716 	 13 	 200 	 671 	 0
1787308310753 	 15 	 200 	 673 	 1
1787308310761 	 14 	 200 	 673 	 0
1787308310786 	 19 	 200 	 677 	 3
1787308310788 	 19 	 200 	 677 	 2
1787308310799 	 17 	 200 	 677 	 1
1787308310802 	 15 	 200 	 677 	 0
1787308310823 	 12 	 200 	 678 	 0
1787308310875 	 12 	 200 	 680 	 1
1787308310869 	 21 	 200 	 680 	 0
1787308310893 	 16 	 200 	 682 	 1
1787308310903 	 22 	 200 	 683 	 1
1787308310911 	 17 	 200 	 683 	 0
1787308310951 	 17 	 200 	 686 	 2
1787308310954 	 15 	 200 	 686 	 1
1787308310961 	 13 	 200 	 686 	 0
1787308310982 	 15 	 200 	 687 	 0
1787308311011 	 13 	 200 	 688 	 0
1787308311033 	 15 	 200 	 689 	 0
1787308311083 	 21 	 200 	 692 	 2
1787308311082 	 26 	 200 	 692 	 1
1787308311091 	 19 	 200 	 692 	 0
1787308311126 	 14 	 200 	 693 	 0
1787308311151 	 22 	 200 	 695 	 1
1787308311154 	 19 	 200 	 695 	 0
1787308311179 	 12 	 200 	 696 	 0
1787308311218 	 36 	 200 	 697 	 0
1787308311300 	 17 	 200 	 698 	 0
1787308311325 	 15 	 200 	 701 	 2
1787308311333 	 17 	 200 	 701 	 1
1787308311340 	 13 	 200 	 702 	 1
1787308311352 	 15 	 200 	 702 	 0
1787308311388 	 14 	 200 	 704 	 1
1787308311398 	 17 	 200 	 705 	 1
1787308311407 	 21 	 200 	 705 	 0
1787308311467 	 18 	 200 	 709 	 4
1787308311488 	 14 	 200 	 712 	 5
1787308311470 	 42 	 200 	 715 	 7
1787308311476 	 36 	 200 	 715 	 6
1787308311501 	 29 	 200 	 717 	 7
1787308311504 	 39 	 200 	 717 	 6
1787308311473 	 69 	 200 	 717 	 5
1787308311505 	 39 	 200 	 717 	 4
1787308311499 	 46 	 200 	 718 	 4
1787308311510 	 46 	 200 	 718 	 3
1787308311530 	 28 	 200 	 718 	 2
1787308311547 	 45 	 200 	 721 	 4
1787308311526 	 66 	 200 	 721 	 3
1787308311559 	 35 	 200 	 721 	 2
1787308311571 	 36 	 200 	 722 	 2
1787308311573 	 37 	 200 	 722 	 1
1787308311607 	 13 	 200 	 722 	 0
1787308311628 	 12 	 200 	 724 	 1
1787308311635 	 14 	 200 	 726 	 2
1787308311643 	 14 	 200 	 728 	 3
1787308311648 	 17 	 200 	 729 	 3
1787308311657 	 16 	 200 	 729 	 2
1787308311665 	 16 	 200 	 730 	 2
1787308311653 	 29 	 200 	 730 	 1
1787308311681 	 14 	 200 	 730 	 0
1787308311763 	 17 	 200 	 731 	 0
1787308311781 	 16 	 200 	 732 	 0
1787308311814 	 18 	 200 	 736 	 3
1787308311824 	 16 	 200 	 737 	 3
1787308311826 	 18 	 200 	 737 	 2
1787308311833 	 17 	 200 	 737 	 1
1787308311835 	 17 	 200 	 738 	 1
1787308311853 	 23 	 200 	 740 	 2
1787308311858 	 21 	 200 	 740 	 1
1787308311871 	 14 	 200 	 740 	 0
1787308311888 	 15 	 200 	 741 	 0
1787308311909 	 13 	 200 	 742 	 0
1787308311936 	 13 	 200 	 745 	 2
1787308311944 	 16 	 200 	 747 	 3
1787308311945 	 20 	 200 	 748 	 3
1787308311960 	 22 	 200 	 748 	 2
1787308311959 	 23 	 200 	 748 	 1
1787308311965 	 26 	 200 	 749 	 1
1787308311985 	 15 	 200 	 749 	 0
1787308312014 	 19 	 200 	 752 	 2
1787308312019 	 17 	 200 	 752 	 1
1787308312032 	 15 	 200 	 752 	 0
1787308312084 	 29 	 200 	 755 	 2
1787308312106 	 14 	 200 	 755 	 1
1787308312099 	 22 	 200 	 755 	 0
1787308312145 	 12 	 200 	 757 	 1
1787308312154 	 15 	 200 	 757 	 0
1787308312181 	 12 	 200 	 758 	 0
1787308312240 	 24 	 200 	 760 	 1
1787308312253 	 15 	 200 	 760 	 0
1787308312273 	 16 	 200 	 762 	 1
1787308312275 	 18 	 200 	 762 	 0
1787308312353 	 17 	 200 	 764 	 2
1787308312355 	 18 	 200 	 765 	 1
1787308312372 	 17 	 200 	 768 	 3
1787308312375 	 16 	 200 	 770 	 4
1787308312381 	 20 	 200 	 770 	 3
1787308312386 	 18 	 200 	 770 	 2
1787308312392 	 17 	 200 	 770 	 1
1787308312393 	 20 	 200 	 770 	 0
1787308312438 	 16 	 200 	 771 	 0
1787308312477 	 15 	 200 	 773 	 1
1787308312481 	 14 	 200 	 773 	 0
1787308312514 	 15 	 200 	 775 	 1
1787308312520 	 19 	 200 	 776 	 1
1787308312535 	 14 	 200 	 776 	 0
1787308312612 	 15 	 200 	 778 	 1
1787308312610 	 30 	 200 	 778 	 0
1787308312668 	 25 	 200 	 782 	 3
1787308312676 	 20 	 200 	 782 	 2
1787308312685 	 14 	 200 	 782 	 1
1787308312682 	 24 	 200 	 782 	 0
1787308312741 	 15 	 200 	 784 	 1
1787308312747 	 14 	 200 	 784 	 0
1787308312787 	 13 	 200 	 785 	 0
1787308312813 	 14 	 200 	 789 	 3
1787308312814 	 18 	 200 	 789 	 2
1787308312817 	 17 	 200 	 789 	 1
1787308312826 	 15 	 200 	 789 	 0
1787308312851 	 15 	 200 	 790 	 0
1787308312887 	 13 	 200 	 792 	 1
1787308312903 	 12 	 200 	 793 	 1
1787308312901 	 16 	 200 	 793 	 0
1787308312932 	 17 	 200 	 795 	 1
1787308312950 	 14 	 200 	 796 	 1
1787308312956 	 13 	 200 	 797 	 1
1787308312970 	 13 	 200 	 799 	 2
1787308312977 	 14 	 200 	 801 	 3
1787308312975 	 18 	 200 	 801 	 2
1787308312987 	 17 	 200 	 801 	 1
1787308312986 	 21 	 200 	 802 	 1
1787308313006 	 14 	 200 	 803 	 1
1787308313020 	 12 	 200 	 803 	 0
1787308313049 	 26 	 200 	 804 	 0
1787308313104 	 13 	 200 	 805 	 0
1787308313137 	 15 	 200 	 809 	 3
1787308313143 	 15 	 200 	 809 	 2
1787308313138 	 24 	 200 	 809 	 1
1787308313151 	 16 	 200 	 810 	 1
1787308313167 	 14 	 200 	 811 	 1
1787308313172 	 16 	 200 	 811 	 0
1787308313190 	 12 	 200 	 812 	 0
1787308313219 	 15 	 200 	 814 	 1
1787308313222 	 14 	 200 	 814 	 0
1787308313249 	 13 	 200 	 815 	 0
1787308313273 	 14 	 200 	 816 	 0
1787308313305 	 13 	 200 	 818 	 1
1787308313328 	 15 	 200 	 820 	 2
1787308313311 	 32 	 200 	 820 	 1
1787308313334 	 14 	 200 	 820 	 0
1787308313389 	 15 	 200 	 822 	 1
1787308313395 	 12 	 200 	 822 	 0
1787308313433 	 28 	 200 	 824 	 1
1787308313448 	 15 	 200 	 824 	 0
1787308313469 	 13 	 200 	 825 	 0
1787308313486 	 14 	 200 	 826 	 0
1787308313507 	 16 	 200 	 828 	 1
1787308313514 	 15 	 200 	 829 	 1
1787308313528 	 13 	 200 	 829 	 0
1787308313580 	 17 	 200 	 832 	 2
1787308313588 	 15 	 200 	 833 	 2
1787308313588 	 25 	 200 	 834 	 2
1787308313601 	 17 	 200 	 834 	 1
1787308313612 	 14 	 200 	 834 	 0
1787308313645 	 15 	 200 	 838 	 3
1787308313650 	 16 	 200 	 839 	 3
1787308313658 	 14 	 200 	 839 	 2
1787308313660 	 14 	 200 	 839 	 1
1787308313662 	 17 	 200 	 840 	 1
1787308313679 	 13 	 200 	 840 	 0
1787308313704 	 14 	 200 	 841 	 0
1787308313742 	 15 	 200 	 842 	 0
1787308313759 	 13 	 200 	 844 	 1
1787308313770 	 23 	 200 	 844 	 0
1787308313803 	 12 	 200 	 845 	 0
1787308313882 	 16 	 200 	 847 	 1
1787308313886 	 15 	 200 	 847 	 0
1787308313902 	 13 	 200 	 851 	 3
1787308313906 	 14 	 200 	 851 	 2
1787308313910 	 15 	 200 	 851 	 1
1787308313911 	 17 	 200 	 852 	 1
1787308313929 	 12 	 200 	 852 	 0
1787308313960 	 15 	 200 	 855 	 2
1787308313965 	 17 	 200 	 856 	 2
1787308313975 	 12 	 200 	 856 	 1
1787308313977 	 16 	 200 	 857 	 1
1787308313990 	 13 	 200 	 857 	 0
1787308314012 	 12 	 200 	 859 	 2
1787308314015 	 14 	 200 	 861 	 2
1787308314025 	 16 	 200 	 862 	 2
1787308314027 	 14 	 200 	 862 	 1
1787308314032 	 23 	 200 	 863 	 1
1787308314049 	 13 	 200 	 864 	 1
1787308314061 	 13 	 200 	 864 	 0
1787308314097 	 20 	 200 	 865 	 0
1787308314136 	 29 	 200 	 868 	 2
1787308314141 	 29 	 200 	 869 	 2
1787308314167 	 21 	 200 	 870 	 2
1787308314174 	 15 	 200 	 870 	 1
1787308314169 	 22 	 200 	 870 	 0
1787308314203 	 14 	 200 	 872 	 1
1787308314203 	 16 	 200 	 872 	 0
1787308314265 	 13 	 200 	 873 	 0
1787308314304 	 20 	 200 	 877 	 3
1787308314304 	 19 	 200 	 877 	 2
1787308314306 	 21 	 200 	 877 	 1
1787308314313 	 18 	 200 	 877 	 0
1787308314359 	 13 	 200 	 878 	 0
1787308314401 	 17 	 200 	 881 	 2
1787308314406 	 13 	 200 	 881 	 2
1787308314410 	 15 	 200 	 882 	 1
1787308314420 	 21 	 200 	 884 	 2
1787308314433 	 18 	 200 	 885 	 2
1787308314434 	 18 	 200 	 885 	 1
1787308314446 	 16 	 200 	 886 	 1
1787308314460 	 16 	 200 	 886 	 0
1787308314481 	 12 	 200 	 887 	 0
1787308314516 	 13 	 200 	 889 	 1
1787308314521 	 12 	 200 	 889 	 0
1787308314539 	 12 	 200 	 891 	 1
1787308314546 	 12 	 200 	 892 	 1
1787308314559 	 12 	 200 	 893 	 1
1787308314596 	 28 	 200 	 894 	 1
1787308314654 	 20 	 200 	 897 	 3
1787308314627 	 52 	 200 	 897 	 2
1787308314653 	 33 	 200 	 897 	 1
1787308314709 	 16 	 200 	 901 	 4
1787308314720 	 14 	 200 	 901 	 3
1787308314757 	 15 	 200 	 902 	 3
1787308314716 	 80 	 200 	 904 	 4
1787308314702 	 99 	 200 	 904 	 3
1787308314787 	 19 	 200 	 904 	 2
1787308314787 	 18 	 200 	 904 	 1
1787308314821 	 13 	 200 	 907 	 3
1787308314829 	 41 	 200 	 907 	 2
1787308314892 	 14 	 200 	 909 	 3
1787308314898 	 22 	 200 	 910 	 3
1787308314833 	 133 	 200 	 911 	 3
1787308314944 	 31 	 200 	 911 	 2
1787308314978 	 14 	 200 	 912 	 2
1787308314996 	 25 	 200 	 913 	 2
1787308314914 	 153 	 200 	 913 	 1
1787308315097 	 12 	 200 	 917 	 4
1787308315102 	 18 	 200 	 918 	 4
1787308315113 	 14 	 200 	 918 	 3
1787308314571 	 556 	 200 	 918 	 2
1787308315078 	 54 	 200 	 918 	 1
1787308315074 	 116 	 200 	 921 	 3
1787308315173 	 43 	 200 	 922 	 3
1787308315140 	 88 	 200 	 922 	 2
1787308315136 	 92 	 200 	 922 	 1
1787308315201 	 68 	 200 	 926 	 4
1787308315247 	 28 	 200 	 926 	 3
1787308315249 	 26 	 200 	 926 	 2
1787308315262 	 19 	 200 	 926 	 2
1787308315268 	 18 	 200 	 927 	 1
1787308315282 	 14 	 200 	 929 	 2
1787308315296 	 16 	 200 	 929 	 1
1787308315295 	 18 	 200 	 929 	 0
1787308315324 	 13 	 200 	 932 	 2
1787308315337 	 13 	 200 	 932 	 1
1787308315356 	 15 	 200 	 934 	 2
1787308315371 	 17 	 200 	 935 	 2
1787308315374 	 15 	 200 	 935 	 1
1787308315397 	 20 	 200 	 937 	 2
1787308315409 	 22 	 200 	 937 	 1
1787308315484 	 16 	 200 	 939 	 2
1787308315495 	 25 	 200 	 939 	 1
1787308315332 	 190 	 200 	 939 	 0
1787308315530 	 12 	 200 	 941 	 1
1787308315542 	 16 	 200 	 941 	 0
1787308315610 	 17 	 200 	 946 	 4
1787308315614 	 15 	 200 	 946 	 3
1787308315617 	 18 	 200 	 946 	 2
1787308315626 	 16 	 200 	 946 	 1
1787308315620 	 23 	 200 	 946 	 0
1787308315667 	 17 	 200 	 948 	 1
1787308315669 	 17 	 200 	 949 	 1
1787308315687 	 14 	 200 	 949 	 0
1787308315703 	 16 	 200 	 951 	 1
1787308315710 	 14 	 200 	 951 	 0
1787308315728 	 17 	 200 	 954 	 2
1787308315728 	 17 	 200 	 954 	 1
1787308315729 	 17 	 200 	 954 	 0
1787308315760 	 14 	 200 	 955 	 0
1787308315782 	 12 	 200 	 956 	 0
1787308315801 	 12 	 200 	 957 	 0
1787308315818 	 14 	 200 	 958 	 0
1787308315839 	 16 	 200 	 960 	 1
1787308315854 	 13 	 200 	 960 	 0
1787308315930 	 13 	 200 	 961 	 0
1787308315958 	 14 	 200 	 963 	 1
1787308315953 	 20 	 200 	 963 	 0
1787308315994 	 12 	 200 	 964 	 1
1787308316019 	 16 	 200 	 968 	 3
1787308316027 	 19 	 200 	 969 	 3
1787308316013 	 47 	 200 	 969 	 2
1787308316044 	 19 	 200 	 969 	 1
1787308316007 	 56 	 200 	 969 	 0
1787308316134 	 33 	 200 	 973 	 3
1787308316152 	 28 	 200 	 973 	 2
1787308316164 	 18 	 200 	 973 	 1
1787308316158 	 28 	 200 	 973 	 0
1787308316192 	 14 	 200 	 975 	 1
1787308316202 	 13 	 200 	 975 	 0
1787308316220 	 12 	 200 	 976 	 0
1787308316284 	 15 	 200 	 977 	 0
1787308316314 	 27 	 200 	 981 	 3
1787308316319 	 23 	 200 	 981 	 2
1787308316316 	 30 	 200 	 982 	 2
1787308316337 	 25 	 200 	 983 	 2
1787308316350 	 14 	 200 	 983 	 1
1787308316347 	 18 	 200 	 983 	 0
1787308316369 	 16 	 200 	 985 	 1
1787308316390 	 18 	 200 	 986 	 1
1787308316378 	 30 	 200 	 986 	 0
1787308316440 	 17 	 200 	 990 	 3
1787308316443 	 16 	 200 	 990 	 2
1787308316443 	 18 	 200 	 990 	 1
1787308316448 	 32 	 200 	 992 	 2
1787308316471 	 14 	 200 	 992 	 1
1787308316472 	 15 	 200 	 992 	 0
1787308316493 	 14 	 200 	 994 	 1
1787308316507 	 13 	 200 	 994 	 0
1787308316536 	 19 	 200 	 996 	 1
1787308316545 	 17 	 200 	 996 	 0
1787308316573 	 17 	 200 	 998 	 1
1787308316583 	 14 	 200 	 998 	 0
1787308316613 	 14 	 200 	 999 	 0
1787308316641 	 14 	 200 	 1004 	 4
1787308316638 	 26 	 200 	 1004 	 3
1787308316649 	 22 	 200 	 1004 	 2
1787308316655 	 17 	 200 	 1004 	 1
1787308316654 	 20 	 200 	 1004 	 0
1787308316687 	 60 	 200 	 1007 	 2
1787308316736 	 13 	 200 	 1007 	 1
1787308316739 	 16 	 200 	 1007 	 0
1787308316773 	 14 	 200 	 1009 	 1
1787308316788 	 14 	 200 	 1009 	 0
1787308316817 	 14 	 200 	 1013 	 3
1787308316812 	 20 	 200 	 1013 	 2
1787308316819 	 15 	 200 	 1013 	 1
1787308316831 	 14 	 200 	 1013 	 0
1787308316926 	 13 	 200 	 1014 	 0
1787308316949 	 14 	 200 	 1015 	 0
1787308316983 	 23 	 200 	 1016 	 0
1787308317027 	 14 	 200 	 1019 	 2
1787308317032 	 12 	 200 	 1019 	 1
1787308317040 	 12 	 200 	 1019 	 0
1787308317061 	 14 	 200 	 1021 	 1
1787308317067 	 12 	 200 	 1021 	 0
1787308317095 	 17 	 200 	 1023 	 1
1787308317103 	 12 	 200 	 1023 	 0
1787308317212 	 27 	 200 	 1026 	 2
1787308317202 	 37 	 200 	 1026 	 1
1787308317214 	 29 	 200 	 1026 	 0
1787308317320 	 12 	 200 	 1027 	 0
1787308317336 	 25 	 200 	 1032 	 4
1787308317337 	 24 	 200 	 1032 	 4
1787308317336 	 30 	 200 	 1033 	 3
1787308317358 	 26 	 200 	 1033 	 2
1787308317363 	 21 	 200 	 1033 	 1
1787308317361 	 24 	 200 	 1033 	 0
1787308317417 	 13 	 200 	 1035 	 1
1787308317420 	 12 	 200 	 1035 	 0
1787308317434 	 16 	 200 	 1036 	 0
1787308317462 	 16 	 200 	 1039 	 2
1787308317471 	 14 	 200 	 1039 	 1
1787308317477 	 13 	 200 	 1039 	 0
1787308317523 	 16 	 200 	 1041 	 1
1787308317539 	 12 	 200 	 1041 	 0
1787308317561 	 14 	 200 	 1042 	 0
1787308317608 	 24 	 200 	 1043 	 0
1787308317635 	 13 	 200 	 1045 	 1
1787308317645 	 15 	 200 	 1046 	 1
1787308317655 	 14 	 200 	 1046 	 0
1787308317762 	 18 	 200 	 1053 	 6
1787308317755 	 31 	 200 	 1053 	 5
1787308317755 	 32 	 200 	 1053 	 4
1787308317748 	 44 	 200 	 1053 	 3
1787308317758 	 37 	 200 	 1053 	 2
1787308317776 	 19 	 200 	 1053 	 1
1787308317739 	 77 	 200 	 1053 	 0
1787308317841 	 13 	 200 	 1055 	 1
1787308317833 	 21 	 200 	 1055 	 0
1787308317893 	 17 	 200 	 1059 	 3
1787308317894 	 17 	 200 	 1059 	 2
1787308317896 	 16 	 200 	 1059 	 1
1787308317904 	 16 	 200 	 1059 	 0
1787308317926 	 13 	 200 	 1060 	 0
1787308317951 	 25 	 200 	 1064 	 3
1787308317962 	 16 	 200 	 1064 	 2
1787308317953 	 26 	 200 	 1064 	 1
1787308317960 	 22 	 200 	 1064 	 0
1787308317984 	 13 	 200 	 1065 	 0
1787308318006 	 12 	 200 	 1066 	 0
1787308318029 	 13 	 200 	 1068 	 1
1787308318022 	 27 	 200 	 1068 	 0
1787308318058 	 13 	 200 	 1069 	 0
1787308318082 	 22 	 200 	 1071 	 1
1787308318092 	 13 	 200 	 1071 	 0
1787308318110 	 13 	 200 	 1073 	 1
1787308318113 	 11 	 200 	 1073 	 0
1787308318146 	 12 	 200 	 1075 	 1
1787308318158 	 15 	 200 	 1076 	 1
1787308318173 	 11 	 200 	 1076 	 0
1787308318189 	 14 	 200 	 1079 	 2
1787308318196 	 14 	 200 	 1079 	 1
1787308318196 	 22 	 200 	 1079 	 0
1787308318223 	 13 	 200 	 1080 	 0
1787308318248 	 16 	 200 	 1083 	 2
1787308318259 	 15 	 200 	 1083 	 1
1787308318260 	 14 	 200 	 1083 	 0
1787308318288 	 18 	 200 	 1087 	 3
1787308318295 	 14 	 200 	 1087 	 2
1787308318297 	 17 	 200 	 1088 	 2
1787308318299 	 20 	 200 	 1088 	 1
1787308318311 	 13 	 200 	 1088 	 0
1787308318372 	 16 	 200 	 1090 	 1
1787308318380 	 14 	 200 	 1090 	 0
1787308318407 	 13 	 200 	 1092 	 1
1787308318410 	 15 	 200 	 1093 	 1
1787308318422 	 12 	 200 	 1093 	 0
1787308318468 	 14 	 200 	 1094 	 0
1787308318489 	 15 	 200 	 1097 	 2
1787308318493 	 14 	 200 	 1097 	 1
1787308318499 	 14 	 200 	 1098 	 1
1787308318509 	 15 	 200 	 1099 	 1
1787308318519 	 13 	 200 	 1100 	 1
1787308318526 	 14 	 200 	 1100 	 0
1787308318577 	 21 	 200 	 1102 	 1
1787308318583 	 16 	 200 	 1102 	 0
1787308318605 	 15 	 200 	 1104 	 1
1787308318618 	 13 	 200 	 1105 	 1
1787308318628 	 14 	 200 	 1105 	 0
1787308318650 	 13 	 200 	 1107 	 1
1787308318655 	 17 	 200 	 1107 	 0
1787308318688 	 14 	 200 	 1108 	 0
1787308318744 	 45 	 200 	 1110 	 1
1787308318742 	 48 	 200 	 1110 	 0
1787308318792 	 13 	 200 	 1111 	 0
1787308318836 	 15 	 200 	 1114 	 2
1787308318846 	 14 	 200 	 1115 	 2
1787308318845 	 22 	 200 	 1115 	 1
1787308318855 	 12 	 200 	 1115 	 0
1787308318876 	 14 	 200 	 1117 	 1
1787308318883 	 13 	 200 	 1117 	 0
1787308318939 	 21 	 200 	 1120 	 2
1787308318944 	 19 	 200 	 1120 	 1
1787308318955 	 14 	 200 	 1121 	 1
1787308318965 	 12 	 200 	 1121 	 0
1787308318979 	 14 	 200 	 1124 	 2
1787308318981 	 15 	 200 	 1126 	 3
1787308318989 	 19 	 200 	 1126 	 2
1787308318995 	 19 	 200 	 1126 	 1
1787308318997 	 21 	 200 	 1126 	 0
1787308319023 	 20 	 200 	 1127 	 0
1787308319051 	 13 	 200 	 1129 	 1
1787308319064 	 12 	 200 	 1130 	 1
1787308319070 	 12 	 200 	 1130 	 0
1787308319116 	 14 	 200 	 1131 	 0
1787308319152 	 13 	 200 	 1132 	 0
1787308319174 	 12 	 200 	 1133 	 0
1787308319188 	 12 	 200 	 1134 	 0
1787308319268 	 22 	 200 	 1138 	 3
1787308319275 	 16 	 200 	 1138 	 2
1787308319274 	 19 	 200 	 1138 	 1
1787308319277 	 15 	 200 	 1139 	 1
1787308319298 	 13 	 200 	 1139 	 0
1787308319328 	 13 	 200 	 1140 	 0
1787308319353 	 24 	 200 	 1144 	 3
1787308319364 	 20 	 200 	 1144 	 2
1787308319367 	 19 	 200 	 1144 	 1
1787308319368 	 24 	 200 	 1144 	 0
1787308319438 	 13 	 200 	 1145 	 0
1787308319455 	 13 	 200 	 1147 	 1
1787308319454 	 14 	 200 	 1147 	 0
1787308319483 	 15 	 200 	 1148 	 0
1787308319502 	 14 	 200 	 1149 	 0
1787308319523 	 13 	 200 	 1150 	 0
1787308319582 	 15 	 200 	 1152 	 1
1787308319590 	 12 	 200 	 1152 	 0
1787308319614 	 12 	 200 	 1153 	 0
1787308319638 	 25 	 200 	 1155 	 1
1787308319650 	 15 	 200 	 1155 	 0
1787308319670 	 17 	 200 	 1156 	 0
1787308319722 	 13 	 200 	 1157 	 0
1787308319749 	 14 	 200 	 1158 	 0
1787308319787 	 16 	 200 	 1160 	 1
1787308319799 	 13 	 200 	 1160 	 0
1787308319817 	 13 	 200 	 1161 	 0
1787308319845 	 13 	 200 	 1164 	 2
1787308319840 	 20 	 200 	 1164 	 1
1787308319840 	 22 	 200 	 1164 	 0
1787308319888 	 13 	 200 	 1166 	 1
1787308319888 	 14 	 200 	 1166 	 0
1787308319916 	 15 	 200 	 1168 	 1
1787308319921 	 15 	 200 	 1168 	 0
1787308319943 	 17 	 200 	 1170 	 1
1787308319948 	 14 	 200 	 1170 	 0
1787308319989 	 13 	 200 	 1172 	 1
1787308320001 	 14 	 200 	 1173 	 1
1787308320007 	 14 	 200 	 1173 	 0
1787308320027 	 12 	 200 	 1174 	 0
1787308320141 	 21 	 200 	 1176 	 1
1787308320141 	 24 	 200 	 1177 	 1
1787308320214 	 16 	 200 	 1181 	 4
1787308320221 	 14 	 200 	 1182 	 4
1787308320251 	 19 	 200 	 1183 	 4
1787308320235 	 36 	 200 	 1183 	 3
1787308320187 	 111 	 200 	 1183 	 2
1787308320218 	 118 	 200 	 1185 	 3
1787308320319 	 18 	 200 	 1185 	 2
1787308320327 	 44 	 200 	 1188 	 4
1787308320351 	 23 	 200 	 1188 	 3
1787308320372 	 14 	 200 	 1188 	 2
1787308320403 	 18 	 200 	 1191 	 4
1787308320420 	 12 	 200 	 1191 	 3
1787308320441 	 30 	 200 	 1196 	 7
1787308320438 	 38 	 200 	 1196 	 6
1787308320366 	 152 	 200 	 1201 	 10
1787308320467 	 56 	 200 	 1201 	 9
1787308320407 	 119 	 200 	 1201 	 8
1787308320447 	 80 	 200 	 1201 	 7
1787308320435 	 131 	 200 	 1203 	 8
1787308320496 	 71 	 200 	 1203 	 7
1787308320514 	 65 	 200 	 1204 	 7
1787308320507 	 71 	 200 	 1204 	 6
1787308320509 	 73 	 200 	 1204 	 5
1787308320567 	 19 	 200 	 1204 	 4
1787308320513 	 103 	 200 	 1205 	 4
1787308320165 	 456 	 200 	 1205 	 3
1787308320560 	 62 	 200 	 1205 	 2
1787308320578 	 47 	 200 	 1206 	 2
1787308320603 	 25 	 200 	 1206 	 1
1787308320626 	 14 	 200 	 1206 	 0
1787308320646 	 19 	 200 	 1209 	 2
1787308320648 	 22 	 200 	 1209 	 1
1787308320665 	 17 	 200 	 1210 	 1
1787308320675 	 13 	 200 	 1210 	 0
1787308320690 	 19 	 200 	 1213 	 2
1787308320699 	 20 	 200 	 1214 	 2
1787308320707 	 15 	 200 	 1214 	 1
1787308320715 	 21 	 200 	 1214 	 0
1787308320781 	 20 	 200 	 1218 	 3
1787308320782 	 19 	 200 	 1218 	 2
1787308320784 	 22 	 200 	 1218 	 1
1787308320795 	 15 	 200 	 1218 	 0
1787308320825 	 15 	 200 	 1221 	 2
1787308320834 	 20 	 200 	 1221 	 1
1787308320839 	 16 	 200 	 1221 	 0
1787308320897 	 16 	 200 	 1222 	 0
1787308320921 	 12 	 200 	 1223 	 0
1787308320939 	 13 	 200 	 1225 	 1
1787308320937 	 15 	 200 	 1225 	 0
1787308320967 	 16 	 200 	 1226 	 0
1787308320995 	 12 	 200 	 1227 	 0
1787308321012 	 12 	 200 	 1228 	 0
1787308321093 	 23 	 200 	 1231 	 2
1787308321099 	 19 	 200 	 1231 	 1
1787308321112 	 14 	 200 	 1231 	 0
1787308321166 	 23 	 200 	 1233 	 1
1787308321190 	 14 	 200 	 1236 	 3
1787308321197 	 20 	 200 	 1236 	 2
1787308321201 	 17 	 200 	 1236 	 1
1787308321203 	 18 	 200 	 1237 	 1
1787308321221 	 15 	 200 	 1238 	 1
1787308321223 	 16 	 200 	 1238 	 0
1787308321247 	 26 	 200 	 1240 	 1
1787308321257 	 18 	 200 	 1240 	 0
1787308321280 	 12 	 200 	 1241 	 0
1787308321307 	 13 	 200 	 1242 	 0
1787308321332 	 13 	 200 	 1243 	 0
1787308321355 	 15 	 200 	 1245 	 1
1787308321365 	 14 	 200 	 1248 	 3
1787308321373 	 21 	 200 	 1249 	 3
1787308321373 	 24 	 200 	 1249 	 2
1787308321377 	 22 	 200 	 1249 	 1
1787308321390 	 14 	 200 	 1249 	 0
1787308321425 	 19 	 200 	 1252 	 2
1787308321431 	 18 	 200 	 1252 	 1
1787308321440 	 18 	 200 	 1252 	 0
1787308321472 	 20 	 200 	 1257 	 4
1787308321476 	 18 	 200 	 1257 	 3
1787308321481 	 18 	 200 	 1257 	 2
1787308321484 	 15 	 200 	 1257 	 1
1787308321490 	 23 	 200 	 1257 	 0
1787308321515 	 17 	 200 	 1260 	 2
1787308321525 	 15 	 200 	 1260 	 1
1787308321532 	 17 	 200 	 1260 	 0
1787308321558 	 19 	 200 	 1262 	 1
1787308321557 	 20 	 200 	 1262 	 0
1787308321587 	 13 	 200 	 1263 	 0
1787308321607 	 13 	 200 	 1264 	 0
1787308321697 	 19 	 200 	 1267 	 2
1787308321699 	 22 	 200 	 1267 	 1
1787308321707 	 15 	 200 	 1267 	 0
1787308321737 	 22 	 200 	 1273 	 5
1787308321739 	 27 	 200 	 1273 	 4
1787308321748 	 21 	 200 	 1273 	 3
1787308321754 	 19 	 200 	 1273 	 2
1787308321750 	 23 	 200 	 1273 	 1
1787308321757 	 17 	 200 	 1274 	 1
1787308321775 	 18 	 200 	 1277 	 3
1787308321781 	 15 	 200 	 1277 	 2
1787308321784 	 16 	 200 	 1277 	 1
1787308321792 	 15 	 200 	 1277 	 0
1787308321832 	 22 	 200 	 1278 	 0
1787308321868 	 15 	 200 	 1282 	 3
1787308321864 	 19 	 200 	 1282 	 2
1787308321878 	 14 	 200 	 1283 	 2
1787308321877 	 16 	 200 	 1283 	 1
1787308321892 	 20 	 200 	 1283 	 0
1787308321917 	 12 	 200 	 1285 	 1
1787308321925 	 13 	 200 	 1285 	 0
1787308321978 	 37 	 200 	 1289 	 3
1787308321988 	 27 	 200 	 1289 	 2
1787308321997 	 20 	 200 	 1289 	 1
1787308322000 	 19 	 200 	 1289 	 0
1787308322039 	 13 	 200 	 1292 	 2
1787308322030 	 23 	 200 	 1292 	 1
1787308322033 	 22 	 200 	 1293 	 1
1787308322054 	 17 	 200 	 1294 	 1
1787308322064 	 12 	 200 	 1294 	 0
1787308322131 	 33 	 200 	 1296 	 1
1787308322163 	 14 	 200 	 1299 	 3
1787308322177 	 14 	 200 	 1299 	 2
1787308322173 	 18 	 200 	 1299 	 1
1787308322176 	 16 	 200 	 1300 	 1
1787308322193 	 16 	 200 	 1300 	 0
1787308322237 	 17 	 200 	 1302 	 1
1787308322249 	 14 	 200 	 1303 	 1
1787308322259 	 15 	 200 	 1303 	 0
1787308322318 	 16 	 200 	 1305 	 1
1787308322323 	 14 	 200 	 1305 	 0
1787308322374 	 13 	 200 	 1307 	 1
1787308322386 	 12 	 200 	 1307 	 0
1787308322405 	 16 	 200 	 1309 	 1
1787308322408 	 15 	 200 	 1309 	 0
1787308322442 	 14 	 200 	 1312 	 2
1787308322452 	 12 	 200 	 1312 	 1
1787308322449 	 19 	 200 	 1315 	 3
1787308322466 	 19 	 200 	 1318 	 5
1787308322467 	 18 	 200 	 1318 	 4
1787308322467 	 18 	 200 	 1318 	 3
1787308322476 	 19 	 200 	 1318 	 2
1787308322481 	 18 	 200 	 1319 	 2
1787308322485 	 20 	 200 	 1320 	 2
1787308322501 	 17 	 200 	 1321 	 2
1787308322545 	 28 	 200 	 1325 	 5
1787308322542 	 34 	 200 	 1325 	 4
1787308322520 	 56 	 200 	 1325 	 3
1787308322513 	 64 	 200 	 1325 	 2
1787308322527 	 53 	 200 	 1326 	 2
1787308322499 	 81 	 200 	 1326 	 1
1787308322579 	 16 	 200 	 1327 	 1
1787308322588 	 26 	 200 	 1327 	 0
1787308322629 	 13 	 200 	 1328 	 0
1787308322643 	 15 	 200 	 1329 	 0
1787308322664 	 16 	 200 	 1332 	 2
1787308322669 	 16 	 200 	 1332 	 1
1787308322670 	 17 	 200 	 1332 	 0
1787308322715 	 12 	 200 	 1334 	 1
1787308322723 	 18 	 200 	 1336 	 2
1787308322730 	 14 	 200 	 1336 	 1
1787308322736 	 18 	 200 	 1336 	 0
1787308322774 	 14 	 200 	 1340 	 3
1787308322781 	 17 	 200 	 1340 	 2
1787308322777 	 22 	 200 	 1340 	 1
1787308322782 	 20 	 200 	 1340 	 0
1787308322829 	 13 	 200 	 1341 	 0
1787308322876 	 16 	 200 	 1342 	 0
1787308322969 	 14 	 200 	 1346 	 3
1787308322971 	 13 	 200 	 1346 	 2
1787308322987 	 30 	 200 	 1349 	 4
1787308323005 	 16 	 200 	 1349 	 3
1787308322990 	 31 	 200 	 1349 	 2
1787308322939 	 126 	 200 	 1351 	 3
1787308323043 	 27 	 200 	 1351 	 2
1787308323033 	 46 	 200 	 1351 	 1
1787308323097 	 19 	 200 	 1353 	 2
1787308323128 	 13 	 200 	 1356 	 4
1787308323133 	 39 	 200 	 1359 	 6
1787308323139 	 36 	 200 	 1359 	 5
1787308323159 	 18 	 200 	 1359 	 4
1787308323107 	 116 	 200 	 1361 	 5
1787308323253 	 20 	 200 	 1363 	 8
1787308323152 	 127 	 200 	 1365 	 7
1787308323182 	 135 	 200 	 1367 	 8
1787308323276 	 95 	 200 	 1371 	 11
1787308323301 	 71 	 200 	 1371 	 10
1787308322925 	 453 	 200 	 1371 	 9
1787308323271 	 109 	 200 	 1371 	 8
1787308323356 	 63 	 200 	 1371 	 7
1787308323187 	 236 	 200 	 1371 	 6
1787308323297 	 129 	 200 	 1373 	 7
1787308323319 	 107 	 200 	 1373 	 6
1787308323367 	 60 	 200 	 1373 	 5
1787308323275 	 152 	 200 	 1373 	 4
1787308323154 	 318 	 200 	 1375 	 5
1787308323347 	 125 	 200 	 1375 	 4
1787308323431 	 45 	 200 	 1375 	 3
1787308323441 	 36 	 200 	 1375 	 2
1787308323480 	 44 	 200 	 1380 	 6
1787308323498 	 28 	 200 	 1380 	 5
1787308323483 	 44 	 200 	 1380 	 4
1787308323510 	 18 	 200 	 1380 	 3
1787308323482 	 46 	 200 	 1380 	 2
1787308323425 	 182 	 200 	 1380 	 1
1787308323649 	 25 	 200 	 1383 	 3
1787308323643 	 32 	 200 	 1383 	 2
1787308323678 	 42 	 200 	 1386 	 4
1787308323702 	 20 	 200 	 1386 	 3
1787308323716 	 16 	 200 	 1388 	 4
1787308323617 	 148 	 200 	 1390 	 5
1787308323754 	 15 	 200 	 1390 	 4
1787308323727 	 55 	 200 	 1390 	 3
1787308323726 	 54 	 200 	 1390 	 2
1787308323738 	 78 	 200 	 1390 	 1
1787308323884 	 14 	 200 	 1391 	 1
1787308323904 	 15 	 200 	 1392 	 1
1787308323959 	 17 	 200 	 1395 	 3
1787308323940 	 40 	 200 	 1395 	 2
1787308323995 	 28 	 200 	 1397 	 3
1787308323965 	 58 	 200 	 1397 	 2
1787308323426 	 599 	 200 	 1397 	 1
1787308324016 	 15 	 200 	 1397 	 0
1787308324059 	 17 	 200 	 1400 	 2
1787308324064 	 15 	 200 	 1400 	 1
1787308324071 	 16 	 200 	 1401 	 1
1787308324083 	 13 	 200 	 1401 	 0
1787308324107 	 13 	 200 	 1404 	 2
1787308324112 	 18 	 200 	 1405 	 2
1787308324110 	 20 	 200 	 1405 	 1
1787308324123 	 15 	 200 	 1405 	 0
1787308324142 	 17 	 200 	 1408 	 2
1787308324141 	 18 	 200 	 1408 	 1
1787308324143 	 16 	 200 	 1408 	 0
1787308324166 	 16 	 200 	 1410 	 1
1787308324174 	 19 	 200 	 1412 	 2
1787308324184 	 19 	 200 	 1413 	 2
1787308324186 	 19 	 200 	 1414 	 2
1787308324202 	 22 	 200 	 1415 	 2
1787308324205 	 25 	 200 	 1415 	 1
1787308324218 	 14 	 200 	 1415 	 0
1787308324253 	 18 	 200 	 1416 	 0
1787308324275 	 13 	 200 	 1417 	 0
1787308324292 	 18 	 200 	 1420 	 2
1787308324293 	 19 	 200 	 1420 	 1
1787308324297 	 16 	 200 	 1420 	 0
1787308324317 	 12 	 200 	 1422 	 1
1787308324317 	 12 	 200 	 1422 	 0
1787308324356 	 15 	 200 	 1424 	 1
1787308324370 	 17 	 200 	 1424 	 0
1787308324407 	 15 	 200 	 1425 	 0
1787308324428 	 13 	 200 	 1426 	 0
1787308324464 	 13 	 200 	 1428 	 1
1787308324468 	 15 	 200 	 1428 	 0
1787308324493 	 14 	 200 	 1431 	 2
1787308324503 	 18 	 200 	 1431 	 1
1787308324504 	 19 	 200 	 1431 	 0
1787308324536 	 14 	 200 	 1434 	 2
1787308324537 	 13 	 200 	 1434 	 1
1787308324549 	 13 	 200 	 1434 	 0
1787308324571 	 13 	 200 	 1436 	 1
1787308324573 	 13 	 200 	 1436 	 0
1787308324594 	 13 	 200 	 1438 	 1
1787308324608 	 13 	 200 	 1439 	 1
1787308324613 	 12 	 200 	 1440 	 1
1787308324624 	 13 	 200 	 1440 	 0
1787308324648 	 13 	 200 	 1442 	 1
1787308324654 	 13 	 200 	 1442 	 0
1787308324709 	 17 	 200 	 1443 	 0
1787308324771 	 18 	 200 	 1446 	 2
1787308324773 	 17 	 200 	 1446 	 1
1787308324776 	 16 	 200 	 1446 	 0
1787308324806 	 16 	 200 	 1448 	 1
1787308324818 	 17 	 200 	 1448 	 0
1787308324886 	 29 	 200 	 1450 	 1
1787308324883 	 34 	 200 	 1450 	 0
1787308324941 	 18 	 200 	 1454 	 3
1787308324949 	 14 	 200 	 1454 	 2
1787308324950 	 15 	 200 	 1454 	 1
1787308324958 	 14 	 200 	 1454 	 0
1787308325001 	 30 	 200 	 1456 	 1
1787308325013 	 33 	 200 	 1457 	 1
1787308325038 	 26 	 200 	 1457 	 0
1787308325068 	 20 	 200 	 1458 	 0
1787308325130 	 13 	 200 	 1461 	 2
1787308325133 	 14 	 200 	 1461 	 1
1787308325136 	 18 	 200 	 1461 	 0
1787308325173 	 14 	 200 	 1464 	 2
1787308325174 	 15 	 200 	 1465 	 2
1787308325178 	 16 	 200 	 1465 	 1
1787308325190 	 15 	 200 	 1465 	 0
1787308325236 	 14 	 200 	 1466 	 0
1787308325253 	 12 	 200 	 1467 	 0
1787308325269 	 15 	 200 	 1468 	 0
1787308325290 	 14 	 200 	 1469 	 0
1787308325324 	 13 	 200 	 1470 	 0
1787308325364 	 12 	 200 	 1471 	 0
1787308325386 	 13 	 200 	 1476 	 4
1787308325378 	 24 	 200 	 1476 	 3
1787308325381 	 27 	 200 	 1476 	 2
1787308325399 	 15 	 200 	 1476 	 1
1787308325399 	 16 	 200 	 1476 	 0
1787308325417 	 14 	 200 	 1478 	 1
1787308325425 	 14 	 200 	 1478 	 0
1787308325455 	 15 	 200 	 1482 	 3
1787308325446 	 25 	 200 	 1482 	 2
1787308325457 	 15 	 200 	 1482 	 1
1787308325470 	 16 	 200 	 1483 	 1
1787308325482 	 14 	 200 	 1485 	 2
1787308325489 	 14 	 200 	 1486 	 2
1787308325495 	 17 	 200 	 1486 	 1
1787308325504 	 14 	 200 	 1486 	 0
1787308325565 	 14 	 200 	 1488 	 1
1787308325575 	 28 	 200 	 1489 	 1
1787308325590 	 15 	 200 	 1489 	 0
1787308325610 	 15 	 200 	 1490 	 0
1787308325681 	 14 	 200 	 1493 	 2
1787308325656 	 68 	 200 	 1494 	 2
1787308325657 	 71 	 200 	 1494 	 1
1787308325715 	 15 	 200 	 1494 	 0
1787308325745 	 25 	 200 	 1498 	 3
1787308325761 	 15 	 200 	 1499 	 3
1787308325745 	 39 	 200 	 1500 	 3
1787308325754 	 36 	 200 	 1501 	 3
1787308325775 	 16 	 200 	 1501 	 2
1787308325777 	 17 	 200 	 1501 	 1
1787308325788 	 19 	 200 	 1502 	 1
1787308325800 	 13 	 200 	 1502 	 0
1787308325825 	 13 	 200 	 1504 	 1
1787308325828 	 12 	 200 	 1504 	 0
1787308325884 	 15 	 200 	 1506 	 1
1787308325888 	 16 	 200 	 1507 	 1
1787308325905 	 16 	 200 	 1508 	 1
1787308325919 	 13 	 200 	 1509 	 1
1787308325925 	 14 	 200 	 1509 	 0
1787308325981 	 33 	 200 	 1514 	 4
1787308325983 	 35 	 200 	 1514 	 3
1787308325997 	 26 	 200 	 1514 	 2
1787308326005 	 22 	 200 	 1514 	 1
1787308326014 	 15 	 200 	 1514 	 0
1787308326046 	 16 	 200 	 1515 	 0
1787308326064 	 12 	 200 	 1516 	 0
1787308326077 	 12 	 200 	 1517 	 0
1787308326092 	 13 	 200 	 1518 	 0
1787308326133 	 13 	 200 	 1519 	 0
1787308326176 	 22 	 200 	 1521 	 1
1787308326182 	 21 	 200 	 1522 	 1
1787308326201 	 14 	 200 	 1523 	 1
1787308326207 	 13 	 200 	 1523 	 0
1787308326230 	 13 	 200 	 1524 	 0
1787308326262 	 18 	 200 	 1526 	 1
1787308326279 	 13 	 200 	 1527 	 1
1787308326291 	 13 	 200 	 1528 	 1
1787308326295 	 14 	 200 	 1528 	 0
1787308326312 	 21 	 200 	 1530 	 1
1787308326313 	 23 	 200 	 1530 	 0
1787308326338 	 15 	 200 	 1534 	 3
1787308326339 	 16 	 200 	 1534 	 2
1787308326343 	 14 	 200 	 1534 	 1
1787308326350 	 26 	 200 	 1534 	 0
1787308326417 	 16 	 200 	 1536 	 1
1787308326410 	 24 	 200 	 1536 	 0
1787308326449 	 18 	 200 	 1538 	 1
1787308326463 	 25 	 200 	 1539 	 1
1787308326476 	 13 	 200 	 1539 	 0
1787308326517 	 15 	 200 	 1542 	 2
1787308326523 	 17 	 200 	 1542 	 1
1787308326526 	 16 	 200 	 1542 	 0
1787308326549 	 13 	 200 	 1544 	 1
1787308326559 	 15 	 200 	 1544 	 0
1787308326581 	 18 	 200 	 1546 	 1
1787308326589 	 13 	 200 	 1546 	 0
1787308326650 	 14 	 200 	 1549 	 2
1787308326636 	 36 	 200 	 1550 	 2
1787308326659 	 16 	 200 	 1550 	 1
1787308326670 	 17 	 200 	 1550 	 0
1787308326723 	 15 	 200 	 1551 	 0
1787308326753 	 21 	 200 	 1554 	 2
1787308326760 	 16 	 200 	 1554 	 1
1787308326762 	 15 	 200 	 1554 	 0
1787308326792 	 14 	 200 	 1555 	 0
1787308326824 	 15 	 200 	 1556 	 0
1787308326843 	 17 	 200 	 1559 	 2
1787308326845 	 15 	 200 	 1559 	 1
1787308326855 	 13 	 200 	 1560 	 1
1787308326863 	 14 	 200 	 1560 	 0
1787308326884 	 17 	 200 	 1563 	 2
1787308326893 	 15 	 200 	 1563 	 1
1787308326900 	 14 	 200 	 1563 	 0
1787308326958 	 32 	 200 	 1566 	 2
1787308326966 	 26 	 200 	 1566 	 1
1787308326974 	 29 	 200 	 1566 	 0
1787308327037 	 15 	 200 	 1567 	 0
1787308327066 	 17 	 200 	 1568 	 0
1787308327086 	 14 	 200 	 1570 	 1
1787308327088 	 15 	 200 	 1570 	 0
1787308327140 	 14 	 200 	 1572 	 1
1787308327152 	 13 	 200 	 1574 	 2
1787308327157 	 14 	 200 	 1576 	 3
1787308327168 	 17 	 200 	 1576 	 2
1787308327166 	 20 	 200 	 1576 	 1
1787308327168 	 20 	 200 	 1576 	 0
1787308327205 	 22 	 200 	 1580 	 3
1787308327219 	 27 	 200 	 1581 	 3
1787308327229 	 24 	 200 	 1581 	 2
1787308327225 	 29 	 200 	 1581 	 1
1787308327223 	 34 	 200 	 1581 	 0
1787308327296 	 19 	 200 	 1582 	 0
1787308327332 	 15 	 200 	 1585 	 2
1787308327349 	 27 	 200 	 1587 	 3
1787308327360 	 18 	 200 	 1587 	 2
1787308327348 	 30 	 200 	 1587 	 1
1787308327352 	 33 	 200 	 1587 	 0
1787308327422 	 13 	 200 	 1588 	 0
1787308327449 	 13 	 200 	 1591 	 2
1787308327458 	 15 	 200 	 1591 	 1
1787308327462 	 13 	 200 	 1591 	 0
1787308327498 	 18 	 200 	 1593 	 1
1787308327505 	 16 	 200 	 1593 	 0
1787308327534 	 13 	 200 	 1595 	 1
1787308327538 	 14 	 200 	 1595 	 0
1787308327555 	 12 	 200 	 1596 	 0
1787308327619 	 14 	 200 	 1597 	 0
1787308327637 	 14 	 200 	 1598 	 0
1787308327683 	 19 	 200 	 1601 	 2
1787308327686 	 22 	 200 	 1601 	 1
1787308327694 	 19 	 200 	 1601 	 0
1787308327720 	 24 	 200 	 1604 	 2
1787308327731 	 15 	 200 	 1604 	 1
1787308327738 	 15 	 200 	 1605 	 1
1787308327749 	 17 	 200 	 1608 	 3
1787308327760 	 16 	 200 	 1608 	 2
1787308327760 	 18 	 200 	 1608 	 1
1787308327767 	 14 	 200 	 1608 	 0
1787308327793 	 13 	 200 	 1609 	 0
1787308327812 	 12 	 200 	 1610 	 0
1787308327835 	 13 	 200 	 1612 	 1
1787308327837 	 15 	 200 	 1612 	 0
1787308327877 	 15 	 200 	 1615 	 2
1787308327881 	 19 	 200 	 1615 	 1
1787308327888 	 15 	 200 	 1615 	 0
1787308327919 	 13 	 200 	 1617 	 1
1787308327931 	 14 	 200 	 1618 	 1
1787308327939 	 33 	 200 	 1620 	 2
1787308327962 	 14 	 200 	 1620 	 1
1787308327966 	 18 	 200 	 1621 	 1
1787308327978 	 14 	 200 	 1621 	 0
1787308328007 	 14 	 200 	 1623 	 1
1787308328011 	 13 	 200 	 1623 	 0
1787308328040 	 14 	 200 	 1625 	 1
1787308328051 	 16 	 200 	 1626 	 1
1787308328059 	 16 	 200 	 1626 	 0
1787308328116 	 13 	 200 	 1628 	 1
1787308328123 	 12 	 200 	 1628 	 0
1787308328154 	 14 	 200 	 1631 	 2
1787308328153 	 15 	 200 	 1631 	 1
1787308328157 	 17 	 200 	 1631 	 0
1787308328238 	 14 	 200 	 1633 	 1
1787308328240 	 15 	 200 	 1633 	 0
1787308328258 	 15 	 200 	 1634 	 0
1787308328360 	 14 	 200 	 1635 	 0
1787308328386 	 21 	 200 	 1641 	 5
1787308328393 	 19 	 200 	 1641 	 4
1787308328390 	 26 	 200 	 1641 	 3
1787308328393 	 23 	 200 	 1641 	 2
1787308328398 	 18 	 200 	 1641 	 1
1787308328398 	 21 	 200 	 1641 	 0
1787308328480 	 18 	 200 	 1643 	 1
1787308328485 	 13 	 200 	 1643 	 0
1787308328546 	 14 	 200 	 1644 	 0
1787308328571 	 14 	 200 	 1645 	 0
1787308328587 	 14 	 200 	 1646 	 0
1787308328629 	 15 	 200 	 1649 	 2
1787308328634 	 20 	 200 	 1649 	 1
1787308328640 	 14 	 200 	 1649 	 0
1787308328704 	 12 	 200 	 1651 	 1
1787308328709 	 13 	 200 	 1652 	 1
1787308328721 	 14 	 200 	 1653 	 1
1787308328735 	 13 	 200 	 1654 	 1
1787308328742 	 14 	 200 	 1655 	 1
1787308328749 	 15 	 200 	 1655 	 0
1787308328824 	 32 	 200 	 1656 	 0
1787308328865 	 23 	 200 	 1658 	 1
1787308328881 	 15 	 200 	 1658 	 0
1787308328930 	 17 	 200 	 1659 	 0
1787308328988 	 12 	 200 	 1660 	 0
1787308329008 	 12 	 200 	 1661 	 0
1787308329060 	 31 	 200 	 1665 	 3
1787308329077 	 26 	 200 	 1667 	 4
1787308329096 	 15 	 200 	 1667 	 3
1787308329073 	 45 	 200 	 1668 	 3
1787308329090 	 28 	 200 	 1668 	 2
1787308329099 	 22 	 200 	 1668 	 1
1787308329117 	 15 	 200 	 1668 	 0
1787308329147 	 12 	 200 	 1670 	 1
1787308329154 	 12 	 200 	 1670 	 0
1787308329204 	 23 	 200 	 1674 	 3
1787308329219 	 15 	 200 	 1674 	 2
1787308329217 	 19 	 200 	 1674 	 1
1787308329227 	 21 	 200 	 1675 	 1
1787308329240 	 13 	 200 	 1676 	 1
1787308329251 	 17 	 200 	 1676 	 0
1787308329269 	 15 	 200 	 1678 	 1
1787308329273 	 17 	 200 	 1678 	 0
1787308329335 	 14 	 200 	 1680 	 1
1787308329349 	 12 	 200 	 1680 	 0
1787308329365 	 16 	 200 	 1683 	 2
1787308329372 	 13 	 200 	 1683 	 1
1787308329367 	 20 	 200 	 1683 	 0
1787308329395 	 31 	 200 	 1685 	 1
1787308329426 	 14 	 200 	 1687 	 2
1787308329433 	 14 	 200 	 1688 	 2
1787308329434 	 13 	 200 	 1688 	 1
1787308329445 	 17 	 200 	 1691 	 3
1787308329449 	 20 	 200 	 1692 	 3
1787308329464 	 16 	 200 	 1692 	 2
1787308329461 	 19 	 200 	 1692 	 1
1787308329454 	 27 	 200 	 1692 	 0
1787308329486 	 15 	 200 	 1694 	 1
1787308329496 	 14 	 200 	 1694 	 0
1787308329529 	 14 	 200 	 1696 	 1
1787308329550 	 19 	 200 	 1699 	 3
1787308329552 	 20 	 200 	 1699 	 2
1787308329587 	 19 	 200 	 1700 	 2
1787308329551 	 81 	 200 	 1701 	 2
1787308329540 	 99 	 200 	 1702 	 2
1787308329631 	 15 	 200 	 1703 	 2
1787308329639 	 15 	 200 	 1703 	 1
1787308329643 	 25 	 200 	 1705 	 2
1787308329664 	 18 	 200 	 1706 	 2
1787308329668 	 14 	 200 	 1706 	 1
1787308329677 	 13 	 200 	 1706 	 0
1787308329732 	 28 	 200 	 1711 	 4
1787308329738 	 25 	 200 	 1711 	 3
1787308329750 	 18 	 200 	 1711 	 2
1787308329751 	 17 	 200 	 1711 	 1
1787308329750 	 18 	 200 	 1711 	 0
1787308329795 	 14 	 200 	 1712 	 0
1787308329842 	 15 	 200 	 1714 	 1
1787308329848 	 15 	 200 	 1714 	 0
1787308329874 	 18 	 200 	 1716 	 1
1787308329883 	 14 	 200 	 1716 	 0
1787308329924 	 13 	 200 	 1717 	 0
1787308329960 	 18 	 200 	 1718 	 0
1787308329986 	 13 	 200 	 1720 	 1
1787308329999 	 14 	 200 	 1720 	 0
1787308330047 	 21 	 200 	 1723 	 2
1787308330033 	 47 	 200 	 1724 	 2
1787308330059 	 22 	 200 	 1724 	 1
1787308330074 	 13 	 200 	 1724 	 0
1787308330118 	 14 	 200 	 1725 	 0
1787308330150 	 13 	 200 	 1728 	 2
1787308330154 	 18 	 200 	 1728 	 1
1787308330156 	 18 	 200 	 1729 	 1
1787308330174 	 16 	 200 	 1729 	 0
1787308330206 	 13 	 200 	 1731 	 1
1787308330205 	 14 	 200 	 1731 	 0
1787308330230 	 17 	 200 	 1732 	 0
1787308330262 	 14 	 200 	 1733 	 0
1787308330290 	 14 	 200 	 1735 	 1
1787308330299 	 14 	 200 	 1735 	 0
1787308330344 	 13 	 200 	 1736 	 0
1787308330462 	 15 	 200 	 1738 	 1
1787308330473 	 13 	 200 	 1739 	 1
1787308330489 	 16 	 200 	 1741 	 2
1787308330488 	 17 	 200 	 1741 	 1
1787308330492 	 14 	 200 	 1741 	 0
1787308330523 	 15 	 200 	 1744 	 2
1787308330514 	 24 	 200 	 1744 	 1
1787308330531 	 17 	 200 	 1744 	 0
1787308330585 	 17 	 200 	 1748 	 3
1787308330594 	 14 	 200 	 1748 	 2
1787308330629 	 14 	 200 	 1749 	 2
1787308330657 	 13 	 200 	 1750 	 2
1787308330599 	 71 	 200 	 1750 	 1
1787308330689 	 32 	 200 	 1751 	 1
1787308330748 	 24 	 200 	 1752 	 1
1787308330802 	 15 	 200 	 1753 	 1
1787308330826 	 14 	 200 	 1754 	 1
1787308330859 	 15 	 200 	 1757 	 3
1787308330866 	 19 	 200 	 1758 	 3
1787308330875 	 44 	 200 	 1759 	 3
1787308330918 	 16 	 200 	 1761 	 4
1787308330931 	 36 	 200 	 1763 	 5
1787308330924 	 45 	 200 	 1763 	 4
1787308330956 	 24 	 200 	 1763 	 3
1787308330982 	 42 	 200 	 1764 	 3
1787308330881 	 150 	 200 	 1764 	 2
1787308330938 	 98 	 200 	 1764 	 1
1787308330586 	 495 	 200 	 1764 	 0
1787308331088 	 16 	 200 	 1765 	 0
1787308331109 	 13 	 200 	 1767 	 1
1787308331116 	 14 	 200 	 1767 	 0
1787308331132 	 15 	 200 	 1771 	 3
1787308331133 	 16 	 200 	 1772 	 3
1787308331143 	 18 	 200 	 1773 	 3
1787308331144 	 18 	 200 	 1773 	 2
1787308331148 	 14 	 200 	 1773 	 1
1787308331156 	 24 	 200 	 1773 	 0
1787308331205 	 15 	 200 	 1775 	 1
1787308331208 	 14 	 200 	 1775 	 0
1787308331242 	 17 	 200 	 1776 	 0
1787308331266 	 15 	 200 	 1778 	 1
1787308331267 	 16 	 200 	 1778 	 0
1787308331295 	 15 	 200 	 1780 	 1
1787308331332 	 20 	 200 	 1783 	 3
1787308331299 	 70 	 200 	 1783 	 2
1787308331331 	 39 	 200 	 1783 	 1
1787308331345 	 27 	 200 	 1784 	 1
1787308331373 	 16 	 200 	 1786 	 2
1787308331379 	 17 	 200 	 1788 	 3
1787308331396 	 26 	 200 	 1790 	 4
1787308331379 	 45 	 200 	 1791 	 4
1787308331394 	 32 	 200 	 1791 	 3
1787308331403 	 26 	 200 	 1791 	 2
1787308331411 	 21 	 200 	 1791 	 1
1787308331424 	 16 	 200 	 1792 	 1
1787308331436 	 15 	 200 	 1794 	 3
1787308331446 	 18 	 200 	 1795 	 2
1787308331453 	 15 	 200 	 1795 	 1
1787308331453 	 17 	 200 	 1795 	 0
1787308331473 	 17 	 200 	 1799 	 3
1787308331480 	 13 	 200 	 1799 	 2
1787308331481 	 25 	 200 	 1799 	 2
1787308331490 	 17 	 200 	 1800 	 1
1787308331507 	 17 	 200 	 1803 	 3
1787308331510 	 15 	 200 	 1803 	 2
1787308331525 	 16 	 200 	 1806 	 4
1787308331521 	 22 	 200 	 1807 	 4
1787308331528 	 19 	 200 	 1807 	 3
1787308331529 	 29 	 200 	 1807 	 2
1787308331537 	 25 	 200 	 1807 	 1
1787308331544 	 20 	 200 	 1808 	 1
1787308331564 	 29 	 200 	 1808 	 0
1787308331610 	 16 	 200 	 1810 	 1
1787308331626 	 14 	 200 	 1811 	 1
1787308331636 	 14 	 200 	 1812 	 1
1787308331647 	 17 	 200 	 1815 	 3
1787308331653 	 19 	 200 	 1815 	 2
1787308331660 	 16 	 200 	 1815 	 1
1787308331659 	 18 	 200 	 1815 	 0
1787308331727 	 39 	 200 	 1817 	 1
1787308331769 	 16 	 200 	 1818 	 1
1787308331790 	 14 	 200 	 1820 	 2
1787308331796 	 25 	 200 	 1820 	 1
1787308331824 	 12 	 200 	 1821 	 1
1787308331874 	 16 	 200 	 1822 	 1
1787308331895 	 25 	 200 	 1823 	 1
1787308331928 	 38 	 200 	 1825 	 2
1787308331987 	 15 	 200 	 1828 	 4
1787308331949 	 55 	 200 	 1828 	 3
1787308331968 	 48 	 200 	 1828 	 2
1787308332033 	 36 	 200 	 1830 	 3
1787308331995 	 75 	 200 	 1830 	 2
1787308332084 	 14 	 200 	 1832 	 3
1787308332100 	 20 	 200 	 1833 	 3
1787308332039 	 131 	 200 	 1833 	 2
1787308332187 	 13 	 200 	 1835 	 3
1787308332207 	 15 	 200 	 1837 	 4
1787308332217 	 15 	 200 	 1839 	 5
1787308332232 	 40 	 200 	 1843 	 8
1787308332225 	 49 	 200 	 1843 	 7
1787308332082 	 193 	 200 	 1843 	 6
1787308332240 	 37 	 200 	 1843 	 5
1787308332260 	 18 	 200 	 1843 	 4
1787308332176 	 190 	 200 	 1848 	 8
1787308332247 	 121 	 200 	 1848 	 7
1787308332298 	 73 	 200 	 1848 	 6
1787308331732 	 645 	 200 	 1848 	 5
1787308332299 	 82 	 200 	 1848 	 4
1787308332325 	 58 	 200 	 1848 	 3
1787308332242 	 144 	 200 	 1848 	 2
1787308332324 	 62 	 200 	 1848 	 1
1787308332326 	 67 	 200 	 1848 	 0
1787308332425 	 15 	 200 	 1851 	 2
1787308332425 	 16 	 200 	 1851 	 1
1787308332428 	 15 	 200 	 1851 	 0
1787308332457 	 14 	 200 	 1854 	 2
1787308332473 	 11 	 200 	 1855 	 2
1787308332455 	 40 	 200 	 1855 	 1
1787308332450 	 47 	 200 	 1855 	 0
1787308332556 	 23 	 200 	 1858 	 2
1787308332557 	 22 	 200 	 1858 	 1
1787308332559 	 23 	 200 	 1858 	 0
1787308332590 	 13 	 200 	 1860 	 1
1787308332603 	 16 	 200 	 1862 	 2
1787308332608 	 28 	 200 	 1862 	 1
1787308332612 	 36 	 200 	 1862 	 0
1787308332654 	 19 	 200 	 1865 	 2
1787308332660 	 17 	 200 	 1865 	 1
1787308332675 	 15 	 200 	 1867 	 2
1787308332682 	 13 	 200 	 1867 	 1
1787308332684 	 16 	 200 	 1867 	 0
1787308332721 	 16 	 200 	 1869 	 1
1787308332736 	 14 	 200 	 1870 	 1
1787308332746 	 13 	 200 	 1871 	 1
1787308332758 	 12 	 200 	 1872 	 1
1787308332763 	 12 	 200 	 1873 	 1
1787308332776 	 15 	 200 	 1873 	 0
1787308332800 	 18 	 200 	 1877 	 3
1787308332799 	 21 	 200 	 1877 	 2
1787308332809 	 13 	 200 	 1877 	 1
1787308332820 	 23 	 200 	 1879 	 2
1787308332829 	 18 	 200 	 1879 	 1
1787308332843 	 14 	 200 	 1880 	 1
1787308332851 	 17 	 200 	 1880 	 0
1787308332871 	 14 	 200 	 1882 	 1
1787308332879 	 13 	 200 	 1882 	 0
1787308332900 	 15 	 200 	 1883 	 0
1787308332921 	 15 	 200 	 1887 	 3
1787308332920 	 20 	 200 	 1888 	 3
1787308332927 	 14 	 200 	 1888 	 2
1787308332922 	 23 	 200 	 1888 	 1
1787308332941 	 13 	 200 	 1888 	 0
1787308332976 	 15 	 200 	 1891 	 2
1787308332985 	 15 	 200 	 1891 	 1
1787308332987 	 13 	 200 	 1891 	 0
1787308333030 	 20 	 200 	 1893 	 1
1787308333052 	 13 	 200 	 1894 	 1
1787308333057 	 12 	 200 	 1894 	 0
1787308333088 	 14 	 200 	 1895 	 0
1787308333111 	 12 	 200 	 1896 	 0
1787308333177 	 20 	 200 	 1899 	 2
1787308333189 	 16 	 200 	 1899 	 1
1787308333186 	 26 	 200 	 1900 	 1
1787308333207 	 14 	 200 	 1900 	 0
1787308333225 	 23 	 200 	 1901 	 0
1787308333270 	 14 	 200 	 1903 	 1
1787308333272 	 15 	 200 	 1905 	 2
1787308333288 	 15 	 200 	 1907 	 3
1787308333287 	 20 	 200 	 1907 	 2
1787308333292 	 16 	 200 	 1908 	 2
1787308333293 	 22 	 200 	 1909 	 2
1787308333308 	 19 	 200 	 1910 	 2
1787308333313 	 15 	 200 	 1910 	 1
1787308333323 	 16 	 200 	 1912 	 2
1787308333341 	 13 	 200 	 1913 	 2
1787308333336 	 19 	 200 	 1913 	 1
1787308333342 	 14 	 200 	 1913 	 0
1787308333364 	 15 	 200 	 1917 	 3
1787308333366 	 27 	 200 	 1917 	 2
1787308333372 	 22 	 200 	 1917 	 1
1787308333379 	 15 	 200 	 1917 	 0
1787308333406 	 12 	 200 	 1918 	 0
1787308333434 	 13 	 200 	 1919 	 0
1787308333456 	 14 	 200 	 1921 	 1
1787308333456 	 25 	 200 	 1921 	 0
1787308333541 	 18 	 200 	 1924 	 2
1787308333555 	 14 	 200 	 1924 	 1
1787308333557 	 13 	 200 	 1924 	 0
1787308333624 	 16 	 200 	 1926 	 1
1787308333635 	 13 	 200 	 1926 	 0
1787308333672 	 24 	 200 	 1928 	 1
1787308333685 	 17 	 200 	 1928 	 0
1787308333728 	 14 	 200 	 1929 	 0
1787308333781 	 15 	 200 	 1931 	 1
1787308333781 	 16 	 200 	 1931 	 0
1787308333816 	 12 	 200 	 1932 	 0
1787308333831 	 14 	 200 	 1934 	 1
1787308333838 	 15 	 200 	 1934 	 0
1787308333856 	 15 	 200 	 1936 	 1
1787308333870 	 17 	 200 	 1937 	 1
1787308333875 	 14 	 200 	 1937 	 0
1787308333893 	 13 	 200 	 1938 	 1
1787308333907 	 24 	 200 	 1939 	 0
1787308333934 	 12 	 200 	 1940 	 0
1787308333949 	 14 	 200 	 1941 	 0
1787308333967 	 12 	 200 	 1942 	 0
1787308334011 	 14 	 200 	 1944 	 1
1787308334019 	 17 	 200 	 1944 	 0
1787308334077 	 21 	 200 	 1947 	 2
1787308334090 	 14 	 200 	 1947 	 1
1787308334098 	 14 	 200 	 1948 	 1
1787308334106 	 13 	 200 	 1948 	 0
1787308334170 	 16 	 200 	 1951 	 2
1787308334174 	 16 	 200 	 1951 	 1
1787308334182 	 14 	 200 	 1951 	 0
1787308334209 	 14 	 200 	 1953 	 1
1787308334218 	 12 	 200 	 1953 	 0
1787308334279 	 19 	 200 	 1955 	 1
1787308334283 	 15 	 200 	 1955 	 0
1787308334323 	 16 	 200 	 1956 	 0
1787308334387 	 17 	 200 	 1959 	 2
1787308334369 	 45 	 200 	 1960 	 2
1787308334367 	 49 	 200 	 1960 	 1
1787308334415 	 16 	 200 	 1960 	 0
1787308334444 	 14 	 200 	 1963 	 2
1787308334448 	 18 	 200 	 1963 	 1
1787308334454 	 20 	 200 	 1963 	 0
1787308334478 	 13 	 200 	 1964 	 0
1787308334538 	 16 	 200 	 1965 	 0
1787308334562 	 14 	 200 	 1967 	 1
1787308334565 	 13 	 200 	 1967 	 0
1787308334590 	 13 	 200 	 1968 	 0
1787308334645 	 15 	 200 	 1969 	 0
1787308334735 	 21 	 200 	 1970 	 0
1787308334804 	 16 	 200 	 1971 	 0
1787308334868 	 18 	 200 	 1973 	 1
1787308334880 	 12 	 200 	 1973 	 0
1787308334921 	 15 	 200 	 1975 	 1
1787308334917 	 22 	 200 	 1975 	 0
1787308334946 	 15 	 200 	 1976 	 0
1787308334968 	 14 	 200 	 1977 	 0
1787308334994 	 13 	 200 	 1978 	 0
1787308335019 	 15 	 200 	 1979 	 0
1787308335048 	 13 	 200 	 1981 	 1
1787308335055 	 14 	 200 	 1982 	 1
1787308335063 	 16 	 200 	 1982 	 0
1787308335101 	 15 	 200 	 1984 	 1
1787308335106 	 15 	 200 	 1984 	 0
1787308335138 	 12 	 200 	 1985 	 0
1787308335156 	 13 	 200 	 1987 	 1
1787308335169 	 14 	 200 	 1988 	 1
1787308335179 	 12 	 200 	 1988 	 0
1787308335223 	 13 	 200 	 1990 	 1
1787308335234 	 15 	 200 	 1991 	 2
1787308335245 	 19 	 200 	 1993 	 2
1787308335250 	 15 	 200 	 1993 	 1
1787308335261 	 15 	 200 	 1994 	 1
1787308335276 	 13 	 200 	 1994 	 0
1787308335320 	 14 	 200 	 1996 	 1
1787308335324 	 17 	 200 	 1998 	 2
1787308335336 	 13 	 200 	 1998 	 1
1787308335338 	 12 	 200 	 1998 	 0
1787308335412 	 33 	 200 	 2004 	 5
1787308335414 	 32 	 200 	 2004 	 4
1787308335410 	 37 	 200 	 2004 	 3
1787308335423 	 26 	 200 	 2004 	 2
1787308335421 	 29 	 200 	 2005 	 2
1787308335434 	 24 	 200 	 2006 	 2
1787308335460 	 47 	 200 	 2008 	 3
1787308335485 	 23 	 200 	 2008 	 2
1787308335498 	 16 	 200 	 2008 	 1
1787308335452 	 66 	 200 	 2008 	 0
1787308335553 	 18 	 200 	 2009 	 0
1787308335590 	 17 	 200 	 2013 	 3
1787308335599 	 16 	 200 	 2013 	 2
1787308335600 	 23 	 200 	 2013 	 1
1787308335602 	 25 	 200 	 2014 	 1
1787308335627 	 17 	 200 	 2015 	 1
1787308335629 	 17 	 200 	 2016 	 1
1787308335646 	 13 	 200 	 2016 	 0
1787308335675 	 13 	 200 	 2017 	 0
1787308335779 	 17 	 200 	 2020 	 2
1787308335784 	 17 	 200 	 2020 	 1
1787308335785 	 17 	 200 	 2020 	 0
1787308335812 	 15 	 200 	 2022 	 1
1787308335817 	 14 	 200 	 2022 	 0
1787308335835 	 13 	 200 	 2024 	 1
1787308335848 	 14 	 200 	 2025 	 1
1787308335857 	 12 	 200 	 2025 	 0
1787308335890 	 14 	 200 	 2026 	 0
1787308335913 	 13 	 200 	 2027 	 0
1787308335950 	 16 	 200 	 2028 	 0
1787308335983 	 12 	 200 	 2029 	 0
1787308336004 	 21 	 200 	 2031 	 1
1787308336016 	 13 	 200 	 2031 	 0
1787308336056 	 30 	 200 	 2032 	 0
1787308336121 	 16 	 200 	 2033 	 0
1787308336166 	 13 	 200 	 2034 	 0
1787308336187 	 14 	 200 	 2035 	 0
1787308336209 	 14 	 200 	 2037 	 1
1787308336214 	 17 	 200 	 2037 	 0
1787308336237 	 14 	 200 	 2040 	 2
1787308336242 	 13 	 200 	 2040 	 1
1787308336247 	 13 	 200 	 2040 	 0
1787308336269 	 14 	 200 	 2041 	 0
1787308336287 	 15 	 200 	 2042 	 0
1787308336339 	 29 	 200 	 2046 	 3
1787308336341 	 30 	 200 	 2048 	 4
1787308336346 	 28 	 200 	 2048 	 3
1787308336351 	 24 	 200 	 2048 	 2
1787308336371 	 16 	 200 	 2048 	 1
1787308336372 	 16 	 200 	 2048 	 0
1787308336399 	 12 	 200 	 2049 	 0
1787308336437 	 18 	 200 	 2051 	 1
1787308336438 	 17 	 200 	 2051 	 0
1787308336461 	 15 	 200 	 2052 	 0
1787308336483 	 16 	 200 	 2055 	 2
1787308336486 	 18 	 200 	 2055 	 1
1787308336490 	 16 	 200 	 2055 	 0
1787308336530 	 16 	 200 	 2057 	 1
1787308336534 	 14 	 200 	 2057 	 0
1787308336577 	 23 	 200 	 2061 	 3
1787308336593 	 23 	 200 	 2061 	 2
1787308336598 	 19 	 200 	 2061 	 1
1787308336595 	 23 	 200 	 2061 	 0
1787308336625 	 15 	 200 	 2063 	 1
1787308336639 	 16 	 200 	 2063 	 0
1787308336662 	 15 	 200 	 2065 	 1
1787308336669 	 14 	 200 	 2067 	 2
1787308336679 	 14 	 200 	 2067 	 1
1787308336684 	 14 	 200 	 2067 	 0
1787308336700 	 15 	 200 	 2069 	 1
1787308336715 	 12 	 200 	 2069 	 0
1787308336764 	 15 	 200 	 2070 	 0
1787308336786 	 13 	 200 	 2071 	 0
1787308336806 	 14 	 200 	 2072 	 0
1787308336842 	 15 	 200 	 2075 	 2
1787308336846 	 14 	 200 	 2075 	 1
1787308336849 	 14 	 200 	 2076 	 1
1787308336863 	 15 	 200 	 2078 	 2
1787308336870 	 20 	 200 	 2078 	 1
1787308336879 	 14 	 200 	 2079 	 1
1787308336896 	 14 	 200 	 2081 	 2
1787308336891 	 20 	 200 	 2081 	 1
1787308336899 	 13 	 200 	 2081 	 0
1787308336984 	 17 	 200 	 2082 	 0
1787308337009 	 18 	 200 	 2084 	 1
1787308337020 	 13 	 200 	 2084 	 0
1787308337047 	 31 	 200 	 2086 	 1
1787308337068 	 32 	 200 	 2087 	 1
1787308337084 	 25 	 200 	 2089 	 2
1787308337107 	 22 	 200 	 2090 	 2
1787308337109 	 20 	 200 	 2090 	 1
1787308337116 	 18 	 200 	 2090 	 0
1787308337156 	 14 	 200 	 2091 	 0
1787308337187 	 14 	 200 	 2094 	 2
1787308337186 	 18 	 200 	 2095 	 2
1787308337199 	 16 	 200 	 2095 	 1
1787308337203 	 14 	 200 	 2095 	 0
1787308337219 	 13 	 200 	 2096 	 0
1787308337298 	 14 	 200 	 2098 	 1
1787308337301 	 14 	 200 	 2098 	 0
1787308337341 	 15 	 200 	 2099 	 0
1787308337393 	 12 	 200 	 2100 	 0
1787308337420 	 13 	 200 	 2101 	 0
1787308337442 	 15 	 200 	 2102 	 0
1787308337495 	 14 	 200 	 2103 	 0
1787308337560 	 14 	 200 	 2105 	 1
1787308337572 	 15 	 200 	 2105 	 0
1787308337661 	 16 	 200 	 2107 	 1
1787308337677 	 12 	 200 	 2107 	 0
1787308337718 	 20 	 200 	 2109 	 1
1787308337737 	 15 	 200 	 2110 	 1
1787308337751 	 15 	 200 	 2110 	 0
1787308337798 	 14 	 200 	 2111 	 0
1787308337840 	 17 	 200 	 2114 	 2
1787308337839 	 19 	 200 	 2114 	 1
1787308337862 	 13 	 200 	 2115 	 1
1787308337857 	 18 	 200 	 2115 	 0
1787308337899 	 23 	 200 	 2116 	 0
1787308337938 	 28 	 200 	 2119 	 2
1787308337951 	 17 	 200 	 2119 	 1
1787308337965 	 18 	 200 	 2120 	 1
1787308337980 	 14 	 200 	 2121 	 1
1787308337991 	 12 	 200 	 2121 	 0
1787308338008 	 14 	 200 	 2125 	 3
1787308338015 	 16 	 200 	 2126 	 3
1787308338012 	 27 	 200 	 2126 	 2
1787308338017 	 24 	 200 	 2126 	 1
1787308338031 	 14 	 200 	 2128 	 2
1787308338044 	 14 	 200 	 2130 	 3
1787308338044 	 18 	 200 	 2130 	 2
1787308338049 	 15 	 200 	 2130 	 1
1787308338051 	 16 	 200 	 2130 	 0
1787308338081 	 17 	 200 	 2132 	 1
1787308338085 	 26 	 200 	 2132 	 0
1787308338158 	 19 	 200 	 2135 	 3
1787308338173 	 14 	 200 	 2136 	 2
1787308338168 	 18 	 200 	 2136 	 1
1787308338178 	 16 	 200 	 2136 	 0
1787308338254 	 16 	 200 	 2138 	 1
1787308338267 	 17 	 200 	 2138 	 0
1787308338286 	 16 	 200 	 2141 	 2
1787308338289 	 15 	 200 	 2141 	 1
1787308338297 	 13 	 200 	 2141 	 0
1787308338319 	 13 	 200 	 2142 	 0
1787308338344 	 13 	 200 	 2143 	 0
1787308338364 	 14 	 200 	 2145 	 1
1787308338370 	 25 	 200 	 2148 	 3
1787308338381 	 15 	 200 	 2148 	 2
1787308338384 	 16 	 200 	 2148 	 1
1787308338390 	 16 	 200 	 2148 	 0
1787308338411 	 13 	 200 	 2149 	 0
1787308338462 	 19 	 200 	 2150 	 0
1787308338484 	 14 	 200 	 2153 	 2
1787308338486 	 13 	 200 	 2153 	 1
1787308338482 	 18 	 200 	 2153 	 0
1787308338514 	 13 	 200 	 2154 	 0
1787308338557 	 13 	 200 	 2156 	 1
1787308338563 	 14 	 200 	 2156 	 0
1787308338637 	 16 	 200 	 2157 	 0
1787308338706 	 15 	 200 	 2159 	 1
1787308338710 	 13 	 200 	 2160 	 1
1787308338723 	 17 	 200 	 2163 	 3
1787308338725 	 19 	 200 	 2163 	 2
1787308338725 	 22 	 200 	 2163 	 1
1787308338736 	 17 	 200 	 2163 	 0
1787308338785 	 14 	 200 	 2164 	 0
1787308338835 	 14 	 200 	 2166 	 1
1787308338831 	 18 	 200 	 2166 	 0
1787308338864 	 14 	 200 	 2168 	 1
1787308338868 	 13 	 200 	 2168 	 0
1787308338952 	 31 	 200 	 2171 	 2
1787308338947 	 36 	 200 	 2171 	 1
1787308338972 	 17 	 200 	 2172 	 1
1787308338988 	 13 	 200 	 2173 	 1
1787308338994 	 12 	 200 	 2174 	 1
1787308339006 	 16 	 200 	 2174 	 0
1787308339029 	 16 	 200 	 2175 	 0
1787308339052 	 25 	 200 	 2178 	 2
1787308339062 	 18 	 200 	 2178 	 1
1787308339068 	 15 	 200 	 2178 	 0
1787308339136 	 14 	 200 	 2179 	 0
1787308339157 	 13 	 200 	 2181 	 1
1787308339160 	 13 	 200 	 2181 	 0
1787308339182 	 14 	 200 	 2182 	 0
1787308339199 	 13 	 200 	 2183 	 0
1787308339224 	 16 	 200 	 2185 	 1
1787308339239 	 15 	 200 	 2186 	 1
1787308339255 	 19 	 200 	 2188 	 2
1787308339265 	 15 	 200 	 2188 	 1
1787308339268 	 14 	 200 	 2188 	 0
1787308339286 	 14 	 200 	 2191 	 2
1787308339289 	 13 	 200 	 2191 	 1
1787308339291 	 14 	 200 	 2191 	 0
1787308339310 	 13 	 200 	 2193 	 1
1787308339331 	 15 	 200 	 2198 	 5
1787308339323 	 23 	 200 	 2198 	 4
1787308339335 	 22 	 200 	 2198 	 3
1787308339336 	 22 	 200 	 2198 	 2
1787308339338 	 21 	 200 	 2198 	 1
1787308339343 	 32 	 200 	 2199 	 1
1787308339369 	 17 	 200 	 2200 	 1
1787308339386 	 15 	 200 	 2201 	 2
1787308339398 	 12 	 200 	 2202 	 1
1787308339402 	 19 	 200 	 2204 	 2
1787308339414 	 14 	 200 	 2204 	 1
1787308339417 	 13 	 200 	 2204 	 0
1787308339449 	 15 	 200 	 2205 	 0
1787308339470 	 14 	 200 	 2207 	 1
1787308339481 	 14 	 200 	 2207 	 0
1787308339509 	 16 	 200 	 2209 	 1
1787308339520 	 14 	 200 	 2210 	 1
1787308339529 	 13 	 200 	 2210 	 0
1787308339547 	 12 	 200 	 2211 	 0
1787308339564 	 14 	 200 	 2214 	 2
1787308339572 	 13 	 200 	 2214 	 1
1787308339578 	 16 	 200 	 2214 	 0
1787308339601 	 16 	 200 	 2215 	 0
1787308339639 	 13 	 200 	 2217 	 1
1787308339642 	 14 	 200 	 2217 	 0
1787308339693 	 15 	 200 	 2218 	 0
1787308339725 	 14 	 200 	 2220 	 1
1787308339728 	 14 	 200 	 2220 	 0
1787308339755 	 15 	 200 	 2221 	 0
1787308339772 	 12 	 200 	 2222 	 0
1787308339790 	 16 	 200 	 2225 	 2
1787308339804 	 14 	 200 	 2225 	 1
1787308339801 	 17 	 200 	 2225 	 0
1787308339823 	 12 	 200 	 2226 	 0
1787308339848 	 14 	 200 	 2228 	 1
1787308339850 	 14 	 200 	 2228 	 0
1787308339896 	 15 	 200 	 2231 	 2
1787308339899 	 15 	 200 	 2231 	 1
1787308339900 	 15 	 200 	 2231 	 0
1787308339923 	 14 	 200 	 2232 	 0
1787308339953 	 17 	 200 	 2233 	 0
1787308339975 	 13 	 200 	 2234 	 0
1787308340014 	 17 	 200 	 2235 	 0
1787308340038 	 14 	 200 	 2236 	 0
1787308340063 	 14 	 200 	 2237 	 0
1787308340091 	 16 	 200 	 2238 	 0
1787308340124 	 12 	 200 	 2239 	 0
1787308340139 	 14 	 200 	 2243 	 3
1787308340142 	 14 	 200 	 2243 	 2
1787308340146 	 14 	 200 	 2243 	 1
1787308340171 	 13 	 200 	 2245 	 2
1787308340184 	 17 	 200 	 2245 	 1
1787308340152 	 50 	 200 	 2245 	 0
1787308340250 	 14 	 200 	 2247 	 1
1787308340256 	 15 	 200 	 2247 	 0
1787308340273 	 13 	 200 	 2248 	 0
1787308340328 	 15 	 200 	 2249 	 0
1787308340368 	 15 	 200 	 2250 	 0
1787308340439 	 12 	 200 	 2251 	 0
1787308340473 	 16 	 200 	 2253 	 1
1787308340474 	 16 	 200 	 2253 	 0
1787308340500 	 12 	 200 	 2254 	 0
1787308340521 	 19 	 200 	 2256 	 1
1787308340518 	 22 	 200 	 2256 	 0
1787308340595 	 14 	 200 	 2257 	 0
1787308340629 	 17 	 200 	 2259 	 1
1787308340629 	 17 	 200 	 2259 	 0
1787308340650 	 15 	 200 	 2261 	 1
1787308340654 	 26 	 200 	 2262 	 1
1787308340671 	 13 	 200 	 2262 	 0
1787308340687 	 20 	 200 	 2264 	 1
1787308340707 	 18 	 200 	 2264 	 0
1787308340747 	 12 	 200 	 2266 	 1
1787308340744 	 24 	 200 	 2266 	 0
1787308340773 	 13 	 200 	 2267 	 0
1787308340812 	 14 	 200 	 2269 	 1
1787308340826 	 18 	 200 	 2270 	 1
1787308340839 	 14 	 200 	 2270 	 0
1787308340868 	 16 	 200 	 2271 	 0
1787308340915 	 13 	 200 	 2272 	 0
1787308340940 	 12 	 200 	 2273 	 0
1787308340993 	 13 	 200 	 2274 	 0
1787308341021 	 16 	 200 	 2275 	 0
1787308341042 	 11 	 200 	 2276 	 0
1787308341061 	 14 	 200 	 2278 	 1
1787308341074 	 13 	 200 	 2279 	 1
1787308341076 	 18 	 200 	 2279 	 0
1787308341097 	 20 	 200 	 2282 	 2
1787308341110 	 16 	 200 	 2282 	 1
1787308341112 	 14 	 200 	 2282 	 0
1787308341128 	 16 	 200 	 2283 	 0
1787308341162 	 14 	 200 	 2285 	 1
1787308341162 	 14 	 200 	 2285 	 0
1787308341182 	 13 	 200 	 2287 	 1
1787308341186 	 12 	 200 	 2287 	 0
1787308341206 	 13 	 200 	 2288 	 0
1787308341227 	 14 	 200 	 2292 	 3
1787308341230 	 28 	 200 	 2292 	 2
1787308341230 	 30 	 200 	 2292 	 1
1787308341236 	 27 	 200 	 2292 	 0
1787308341273 	 13 	 200 	 2293 	 0
1787308341290 	 20 	 200 	 2295 	 1
1787308341299 	 17 	 200 	 2296 	 1
1787308341312 	 15 	 200 	 2296 	 0
1787308341369 	 13 	 200 	 2297 	 0
1787308341391 	 14 	 200 	 2300 	 2
1787308341391 	 20 	 200 	 2300 	 1
1787308341404 	 16 	 200 	 2301 	 1
1787308341413 	 13 	 200 	 2301 	 0
1787308341454 	 14 	 200 	 2302 	 0
1787308341471 	 17 	 200 	 2307 	 4
1787308341482 	 23 	 200 	 2307 	 3
1787308341485 	 21 	 200 	 2307 	 2
1787308341484 	 24 	 200 	 2307 	 1
1787308341483 	 26 	 200 	 2307 	 0
1787308341526 	 13 	 200 	 2309 	 1
1787308341535 	 13 	 200 	 2309 	 0
1787308341577 	 22 	 200 	 2311 	 1
1787308341587 	 15 	 200 	 2311 	 0
1787308341639 	 16 	 200 	 2312 	 0
1787308341659 	 12 	 200 	 2313 	 0
1787308341693 	 13 	 200 	 2314 	 0
1787308341712 	 12 	 200 	 2315 	 0
1787308341748 	 14 	 200 	 2317 	 1
1787308341758 	 13 	 200 	 2317 	 0
1787308341789 	 13 	 200 	 2320 	 2
1787308341804 	 13 	 200 	 2320 	 1
1787308341804 	 14 	 200 	 2320 	 0
1787308341830 	 15 	 200 	 2324 	 3
1787308341841 	 23 	 200 	 2326 	 4
1787308341846 	 18 	 200 	 2326 	 3
1787308341839 	 26 	 200 	 2326 	 2
1787308341849 	 17 	 200 	 2326 	 1
1787308341851 	 26 	 200 	 2326 	 0
1787308341889 	 12 	 200 	 2327 	 0
1787308341909 	 14 	 200 	 2330 	 2
1787308341911 	 14 	 200 	 2331 	 2
1787308341922 	 18 	 200 	 2332 	 2
1787308341925 	 16 	 200 	 2332 	 1
1787308341933 	 18 	 200 	 2333 	 1
1787308341943 	 14 	 200 	 2333 	 0
1787308341971 	 15 	 200 	 2336 	 2
1787308341979 	 14 	 200 	 2336 	 1
1787308341984 	 14 	 200 	 2336 	 0
1787308342003 	 19 	 200 	 2337 	 0
1787308342028 	 13 	 200 	 2341 	 3
1787308342031 	 15 	 200 	 2342 	 3
1787308342032 	 18 	 200 	 2342 	 2
1787308342043 	 13 	 200 	 2342 	 1
1787308342061 	 12 	 200 	 2343 	 1
1787308342093 	 23 	 200 	 2345 	 2
1787308342095 	 28 	 200 	 2345 	 1
1787308342041 	 131 	 200 	 2348 	 3
1787308342144 	 31 	 200 	 2348 	 2
1787308342129 	 47 	 200 	 2348 	 1
1787308342160 	 19 	 200 	 2348 	 0
1787308342187 	 14 	 200 	 2350 	 1
1787308342194 	 65 	 200 	 2353 	 3
1787308342209 	 66 	 200 	 2354 	 3
1787308342231 	 55 	 200 	 2354 	 2
1787308342236 	 50 	 200 	 2354 	 1
1787308342272 	 19 	 200 	 2354 	 0
1787308342308 	 17 	 200 	 2356 	 1
1787308342320 	 12 	 200 	 2356 	 0
1787308342349 	 18 	 200 	 2357 	 0
1787308342408 	 33 	 200 	 2358 	 0
1787308342444 	 12 	 200 	 2359 	 0
1787308342464 	 15 	 200 	 2361 	 1
1787308342467 	 13 	 200 	 2361 	 0
1787308342512 	 13 	 200 	 2363 	 1
1787308342524 	 18 	 200 	 2364 	 1
1787308342538 	 15 	 200 	 2365 	 1
1787308342546 	 14 	 200 	 2365 	 0
1787308342565 	 13 	 200 	 2367 	 1
1787308342577 	 13 	 200 	 2368 	 1
1787308342583 	 15 	 200 	 2369 	 1
1787308342594 	 13 	 200 	 2370 	 1
1787308342600 	 16 	 200 	 2371 	 1
1787308342609 	 13 	 200 	 2371 	 0
1787308342637 	 14 	 200 	 2373 	 1
1787308342641 	 15 	 200 	 2373 	 0
1787308342683 	 17 	 200 	 2377 	 3
1787308342691 	 19 	 200 	 2377 	 2
1787308342689 	 21 	 200 	 2377 	 1
1787308342694 	 17 	 200 	 2377 	 0
1787308342713 	 17 	 200 	 2379 	 1
1787308342714 	 18 	 200 	 2379 	 0
1787308342839 	 14 	 200 	 2382 	 2
1787308342841 	 16 	 200 	 2382 	 1
1787308342846 	 14 	 200 	 2382 	 0
1787308342900 	 15 	 200 	 2383 	 0
1787308342917 	 12 	 200 	 2384 	 0
1787308342937 	 16 	 200 	 2388 	 3
1787308342932 	 22 	 200 	 2388 	 2
1787308342949 	 13 	 200 	 2388 	 1
1787308342933 	 37 	 200 	 2388 	 0
1787308343016 	 26 	 200 	 2389 	 0
1787308343051 	 32 	 200 	 2392 	 2
1787308343067 	 24 	 200 	 2392 	 1
1787308343065 	 26 	 200 	 2392 	 0
1787308343131 	 14 	 200 	 2394 	 1
1787308343141 	 14 	 200 	 2394 	 0
1787308343211 	 14 	 200 	 2395 	 0
1787308343251 	 13 	 200 	 2397 	 1
1787308343262 	 17 	 200 	 2397 	 0
1787308343304 	 15 	 200 	 2399 	 1
1787308343320 	 13 	 200 	 2399 	 0
1787308343335 	 13 	 200 	 2400 	 0
1787308343360 	 13 	 200 	 2401 	 0
1787308343375 	 13 	 200 	 2404 	 2
1787308343380 	 15 	 200 	 2405 	 2
1787308343380 	 18 	 200 	 2405 	 1
1787308343392 	 17 	 200 	 2405 	 0
1787308343428 	 15 	 200 	 2407 	 1
1787308343435 	 16 	 200 	 2407 	 0
1787308343468 	 15 	 200 	 2410 	 2
1787308343476 	 13 	 200 	 2410 	 1
1787308343476 	 17 	 200 	 2410 	 0
1787308343519 	 19 	 200 	 2411 	 0
1787308343544 	 19 	 200 	 2413 	 1
1787308343552 	 14 	 200 	 2413 	 0
1787308343568 	 13 	 200 	 2415 	 1
1787308343577 	 13 	 200 	 2415 	 0
1787308343602 	 17 	 200 	 2417 	 1
1787308343615 	 13 	 200 	 2417 	 0
1787308343633 	 12 	 200 	 2418 	 0
1787308343660 	 14 	 200 	 2422 	 3
1787308343657 	 17 	 200 	 2422 	 2
1787308343652 	 22 	 200 	 2422 	 1
1787308343673 	 14 	 200 	 2422 	 0
1787308343710 	 19 	 200 	 2424 	 1
1787308343725 	 15 	 200 	 2424 	 0
1787308343758 	 13 	 200 	 2425 	 0
1787308343842 	 28 	 200 	 2426 	 0
1787308343917 	 13 	 200 	 2428 	 1
1787308343932 	 14 	 200 	 2428 	 0
1787308343971 	 18 	 200 	 2430 	 1
1787308343989 	 23 	 200 	 2430 	 0
1787308344033 	 12 	 200 	 2431 	 0
1787308344055 	 17 	 200 	 2433 	 2
1787308344068 	 14 	 200 	 2435 	 2
1787308344073 	 15 	 200 	 2436 	 2
1787308344076 	 15 	 200 	 2437 	 2
1787308344084 	 16 	 200 	 2437 	 1
1787308344090 	 15 	 200 	 2437 	 0
1787308344108 	 12 	 200 	 2438 	 0
1787308344143 	 19 	 200 	 2439 	 0
1787308344164 	 12 	 200 	 2440 	 0
1787308344183 	 12 	 200 	 2441 	 0
1787308344230 	 38 	 200 	 2445 	 3
1787308344249 	 21 	 200 	 2445 	 2
1787308344233 	 41 	 200 	 2445 	 1
1787308344255 	 21 	 200 	 2445 	 0
1787308344293 	 15 	 200 	 2446 	 0
1787308344318 	 12 	 200 	 2447 	 0
1787308344338 	 17 	 200 	 2448 	 0
1787308344391 	 16 	 200 	 2449 	 0
1787308344419 	 13 	 200 	 2450 	 0
1787308344438 	 14 	 200 	 2452 	 1
1787308344443 	 14 	 200 	 2452 	 0
1787308344460 	 14 	 200 	 2455 	 2
1787308344461 	 16 	 200 	 2455 	 1
1787308344471 	 15 	 200 	 2455 	 1
1787308344488 	 19 	 200 	 2458 	 2
1787308344494 	 15 	 200 	 2458 	 1
1787308344495 	 17 	 200 	 2458 	 0
1787308344538 	 13 	 200 	 2459 	 0
1787308344560 	 12 	 200 	 2460 	 0
1787308344599 	 17 	 200 	 2463 	 2
1787308344609 	 14 	 200 	 2463 	 1
1787308344611 	 14 	 200 	 2463 	 0
1787308344645 	 16 	 200 	 2466 	 2
1787308344654 	 21 	 200 	 2466 	 1
1787308344659 	 15 	 200 	 2466 	 0
1787308344697 	 14 	 200 	 2468 	 1
1787308344695 	 16 	 200 	 2468 	 0
1787308344770 	 26 	 200 	 2471 	 2
1787308344782 	 16 	 200 	 2471 	 1
1787308344793 	 15 	 200 	 2471 	 0
1787308344832 	 15 	 200 	 2472 	 0
1787308344880 	 16 	 200 	 2473 	 0
1787308344902 	 13 	 200 	 2474 	 0
1787308344932 	 13 	 200 	 2475 	 0
1787308344968 	 13 	 200 	 2477 	 1
1787308344982 	 15 	 200 	 2478 	 1
1787308344990 	 14 	 200 	 2478 	 0
1787308345018 	 15 	 200 	 2480 	 1
1787308345026 	 12 	 200 	 2480 	 0
1787308345043 	 12 	 200 	 2482 	 1
1787308345055 	 21 	 200 	 2485 	 3
1787308345061 	 16 	 200 	 2485 	 2
1787308345068 	 15 	 200 	 2485 	 1
1787308345075 	 14 	 200 	 2485 	 1
1787308345090 	 13 	 200 	 2488 	 2
1787308345093 	 12 	 200 	 2488 	 1
1787308345103 	 17 	 200 	 2490 	 2
1787308345109 	 14 	 200 	 2490 	 1
1787308345116 	 15 	 200 	 2491 	 1
1787308345124 	 16 	 200 	 2493 	 2
1787308345136 	 14 	 200 	 2494 	 2
1787308345138 	 16 	 200 	 2494 	 1
1787308345147 	 19 	 200 	 2494 	 0
1787308345183 	 19 	 200 	 2495 	 0
1787308345209 	 12 	 200 	 2496 	 0
1787308345241 	 13 	 200 	 2497 	 0
1787308345329 	 30 	 200 	 2499 	 1
1787308345340 	 19 	 200 	 2499 	 1
1787308345361 	 19 	 200 	 2500 	 0
1787308345396 	 17 	 200 	 2501 	 0
1787308345417 	 15 	 200 	 2503 	 1
1787308345424 	 13 	 200 	 2503 	 0
1787308345442 	 12 	 200 	 2504 	 0
1787308345508 	 17 	 200 	 2506 	 1
1787308345521 	 14 	 200 	 2506 	 0
1787308345541 	 21 	 200 	 2508 	 1
1787308345549 	 18 	 200 	 2508 	 0
1787308345580 	 14 	 200 	 2510 	 1
1787308345583 	 14 	 200 	 2510 	 0
1787308345659 	 18 	 200 	 2512 	 1
1787308345659 	 17 	 200 	 2512 	 0
1787308345680 	 14 	 200 	 2513 	 0
1787308345724 	 23 	 200 	 2519 	 5
1787308345736 	 22 	 200 	 2520 	 5
1787308345722 	 38 	 200 	 2520 	 4
1787308345729 	 34 	 200 	 2520 	 3
1787308345746 	 21 	 200 	 2521 	 3
1787308345748 	 20 	 200 	 2521 	 2
1787308345750 	 19 	 200 	 2521 	 1
1787308345767 	 49 	 200 	 2524 	 3
1787308345785 	 51 	 200 	 2525 	 3
1787308345798 	 38 	 200 	 2525 	 2
1787308345825 	 22 	 200 	 2525 	 1
1787308345810 	 42 	 200 	 2525 	 0
1787308345903 	 16 	 200 	 2528 	 2
1787308345911 	 14 	 200 	 2528 	 1
1787308345918 	 13 	 200 	 2529 	 1
1787308345930 	 14 	 200 	 2530 	 1
1787308345935 	 12 	 200 	 2530 	 0
1787308346031 	 13 	 200 	 2532 	 1
1787308346043 	 15 	 200 	 2532 	 0
1787308346079 	 16 	 200 	 2533 	 0
1787308346112 	 19 	 200 	 2536 	 2
1787308346124 	 17 	 200 	 2536 	 1
1787308346123 	 19 	 200 	 2536 	 0
1787308346178 	 17 	 200 	 2538 	 1
1787308346177 	 20 	 200 	 2539 	 1
1787308346198 	 12 	 200 	 2539 	 0
1787308346321 	 16 	 200 	 2541 	 1
1787308346330 	 14 	 200 	 2542 	 1
1787308346346 	 17 	 200 	 2542 	 0
1787308346374 	 17 	 200 	 2545 	 2
1787308346374 	 18 	 200 	 2545 	 1
1787308346378 	 14 	 200 	 2545 	 0
1787308346404 	 20 	 200 	 2547 	 1
1787308346409 	 17 	 200 	 2547 	 0
1787308346497 	 32 	 200 	 2550 	 2
1787308346504 	 30 	 200 	 2550 	 1
1787308346502 	 33 	 200 	 2550 	 0
1787308346553 	 13 	 200 	 2551 	 0
1787308346601 	 14 	 200 	 2552 	 0
1787308346635 	 14 	 200 	 2553 	 0
1787308346660 	 13 	 200 	 2556 	 2
1787308346667 	 15 	 200 	 2556 	 1
1787308346674 	 13 	 200 	 2557 	 1
1787308346688 	 20 	 200 	 2558 	 1
1787308346691 	 19 	 200 	 2558 	 0
1787308346717 	 14 	 200 	 2560 	 1
1787308346730 	 15 	 200 	 2561 	 1
1787308346733 	 15 	 200 	 2562 	 1
1787308346748 	 14 	 200 	 2563 	 1
1787308346756 	 15 	 200 	 2563 	 0
1787308346806 	 17 	 200 	 2565 	 1
1787308346807 	 17 	 200 	 2565 	 0
1787308346832 	 13 	 200 	 2566 	 0
1787308346915 	 13 	 200 	 2567 	 0
1787308346980 	 38 	 200 	 2569 	 1
1787308347001 	 29 	 200 	 2569 	 0
1787308347076 	 31 	 200 	 2571 	 1
1787308347082 	 28 	 200 	 2571 	 0
1787308347116 	 14 	 200 	 2574 	 2
1787308347125 	 17 	 200 	 2575 	 2
1787308347130 	 21 	 200 	 2576 	 2
1787308347135 	 19 	 200 	 2577 	 2
1787308347143 	 15 	 200 	 2577 	 1
1787308347153 	 15 	 200 	 2577 	 0
1787308347215 	 13 	 200 	 2578 	 0
1787308347232 	 17 	 200 	 2581 	 2
1787308347243 	 14 	 200 	 2582 	 2
1787308347249 	 16 	 200 	 2582 	 1
1787308347255 	 14 	 200 	 2582 	 0
1787308347286 	 13 	 200 	 2585 	 2
1787308347298 	 14 	 200 	 2585 	 1
1787308347329 	 16 	 200 	 2589 	 4
1787308347338 	 13 	 200 	 2590 	 4
1787308347365 	 57 	 200 	 2594 	 7
1787308347395 	 31 	 200 	 2594 	 6
1787308347365 	 61 	 200 	 2594 	 5
1787308347324 	 104 	 200 	 2594 	 4
1787308347343 	 89 	 200 	 2594 	 3
1787308347351 	 85 	 200 	 2594 	 2
1787308347456 	 14 	 200 	 2596 	 3
1787308347456 	 16 	 200 	 2596 	 2
1787308347477 	 40 	 200 	 2598 	 3
1787308347564 	 59 	 200 	 2603 	 7
1787308347483 	 146 	 200 	 2603 	 6
1787308347615 	 53 	 200 	 2606 	 8
1787308347583 	 85 	 200 	 2606 	 7
1787308347418 	 300 	 200 	 2610 	 10
1787308347661 	 62 	 200 	 2610 	 9
1787308347642 	 84 	 200 	 2610 	 8
1787308347649 	 82 	 200 	 2611 	 8
1787308347603 	 163 	 200 	 2613 	 9
1787308347728 	 93 	 200 	 2616 	 11
1787308347684 	 146 	 200 	 2617 	 11
1787308347748 	 119 	 200 	 2620 	 13
1787308347693 	 177 	 200 	 2620 	 12
1787308347713 	 206 	 200 	 2622 	 13
1787308347703 	 217 	 200 	 2622 	 12
1787308347829 	 93 	 200 	 2622 	 11
1787308347859 	 66 	 200 	 2622 	 10
1787308347897 	 30 	 200 	 2622 	 9
1787308347742 	 186 	 200 	 2622 	 8
1787308347849 	 119 	 200 	 2624 	 9
1787308347876 	 151 	 200 	 2629 	 13
1787308347832 	 196 	 200 	 2629 	 12
1787308347782 	 285 	 200 	 2631 	 13
1787308347970 	 153 	 200 	 2634 	 15
1787308347999 	 128 	 200 	 2634 	 14
1787308348015 	 113 	 200 	 2634 	 13
1787308347820 	 310 	 200 	 2634 	 12
1787308347768 	 407 	 200 	 2638 	 16
1787308347968 	 257 	 200 	 2639 	 19
1787308348122 	 194 	 200 	 2640 	 22
1787308348047 	 281 	 200 	 2641 	 21
1787308348023 	 350 	 200 	 2642 	 21
1787308347933 	 487 	 200 	 2643 	 22
1787308348025 	 397 	 200 	 2644 	 21
1787308348118 	 308 	 200 	 2645 	 20
1787308348152 	 279 	 200 	 2646 	 19
1787308348089 	 380 	 200 	 2647 	 21
1787308348057 	 437 	 200 	 2648 	 21
1787308348421 	 116 	 200 	 2649 	 21
1787308348168 	 370 	 200 	 2650 	 20
1787308348174 	 364 	 200 	 2651 	 20
1787308348177 	 363 	 200 	 2652 	 19
1787308348329 	 212 	 200 	 2653 	 18
1787308348150 	 515 	 200 	 2654 	 22
1787308348424 	 294 	 200 	 2655 	 25
1787308348317 	 405 	 200 	 2656 	 24
1787308348495 	 273 	 200 	 2657 	 25
1787308348540 	 280 	 200 	 2658 	 26
1787308348227 	 599 	 200 	 2659 	 25
1787308348374 	 457 	 200 	 2660 	 24
1787308348541 	 291 	 200 	 2661 	 23
1787308348543 	 295 	 200 	 2662 	 22
1787308348433 	 460 	 200 	 2663 	 23
1787308348770 	 159 	 200 	 2664 	 22
1787308348822 	 110 	 200 	 2665 	 21
1787308348542 	 425 	 200 	 2666 	 21
1787308348428 	 541 	 200 	 2667 	 20
1787308348724 	 293 	 200 	 2668 	 25
1787308348539 	 484 	 200 	 2669 	 24
1787308348895 	 172 	 200 	 2670 	 27
1787308348470 	 597 	 200 	 2671 	 26
1787308348720 	 352 	 200 	 2672 	 25
1787308348834 	 277 	 200 	 2673 	 27
1787308348835 	 286 	 200 	 2674 	 27
1787308348828 	 298 	 200 	 2675 	 26
1787308348840 	 302 	 200 	 2676 	 25
1787308348931 	 235 	 200 	 2677 	 28
1787308348934 	 289 	 200 	 2678 	 28
1787308349069 	 158 	 200 	 2679 	 27
1787308348970 	 299 	 200 	 2680 	 30
1787308349019 	 249 	 200 	 2681 	 29
1787308348667 	 606 	 200 	 2682 	 29
1787308349072 	 200 	 200 	 2683 	 28
1787308349144 	 173 	 200 	 2684 	 28
1787308349024 	 295 	 200 	 2685 	 27
1787308349230 	 93 	 200 	 2686 	 26
1787308348971 	 374 	 200 	 2687 	 27
1787308349128 	 218 	 200 	 2688 	 26
1787308349075 	 297 	 200 	 2689 	 28
1787308349226 	 166 	 200 	 2690 	 30
1787308347294 	 2123 	 200 	 2691 	 31
1787308349123 	 295 	 200 	 2692 	 30
1787308349274 	 168 	 200 	 2693 	 29
1787308349320 	 147 	 200 	 2694 	 29
1787308349168 	 301 	 200 	 2695 	 28
1787308349279 	 236 	 200 	 2696 	 29
1787308349277 	 240 	 200 	 2697 	 28
1787308349325 	 194 	 200 	 2698 	 28
1787308349418 	 111 	 200 	 2699 	 28
1787308349445 	 103 	 200 	 2700 	 29
1787308349318 	 264 	 200 	 2701 	 28
1787308349117 	 498 	 200 	 2702 	 27
1787308349394 	 236 	 200 	 2703 	 27
1787308349419 	 214 	 200 	 2704 	 26
1787308349469 	 249 	 200 	 2705 	 25
1787308349521 	 205 	 200 	 2706 	 24
1787308349348 	 382 	 200 	 2707 	 23
1787308349375 	 354 	 200 	 2708 	 22
1787308349517 	 250 	 200 	 2709 	 24
1787308347536 	 2240 	 200 	 2710 	 23
1787308349776 	 40 	 200 	 2711 	 23
1787308349270 	 553 	 200 	 2712 	 22
1787308349531 	 297 	 200 	 2713 	 21
1787308349472 	 365 	 200 	 2714 	 20
1787308349519 	 315 	 200 	 2715 	 19
1787308349720 	 122 	 200 	 2716 	 18
1787308349616 	 220 	 200 	 2717 	 17
1787308349631 	 202 	 200 	 2718 	 16
1787308349635 	 212 	 200 	 2719 	 15
1787308349584 	 310 	 200 	 2720 	 16
1787308349818 	 77 	 200 	 2721 	 16
1787308349550 	 348 	 200 	 2722 	 15
1787308349826 	 70 	 200 	 2722 	 14
1787308349849 	 74 	 200 	 2723 	 14
1787308349769 	 174 	 200 	 2725 	 15
1787308349830 	 115 	 200 	 2725 	 14
1787308349346 	 649 	 200 	 2726 	 14
1787308349727 	 267 	 200 	 2726 	 13
1787308349845 	 150 	 200 	 2726 	 12
1787308349896 	 101 	 200 	 2726 	 11
1787308349734 	 262 	 200 	 2726 	 10
1787308349838 	 162 	 200 	 2727 	 10
1787308349843 	 159 	 200 	 2727 	 9
1787308349732 	 270 	 200 	 2727 	 8
1787308349841 	 205 	 200 	 2731 	 11
1787308349906 	 151 	 200 	 2731 	 10
1787308350015 	 78 	 200 	 2732 	 10
1787308349948 	 145 	 200 	 2732 	 9
1787308349899 	 195 	 200 	 2732 	 8
1787308349933 	 165 	 200 	 2732 	 7
1787308349852 	 264 	 200 	 2732 	 6
1787308349936 	 190 	 200 	 2733 	 6
1787308350083 	 44 	 200 	 2733 	 5
1787308349999 	 133 	 200 	 2733 	 4
1787308350045 	 102 	 200 	 2733 	 3
1787308350026 	 122 	 200 	 2734 	 3
1787308350126 	 25 	 200 	 2734 	 2
1787308350046 	 107 	 200 	 2734 	 1
1787308350149 	 17 	 200 	 2736 	 2
1787308350166 	 13 	 200 	 2737 	 2
1787308350167 	 14 	 200 	 2737 	 1
1787308350176 	 13 	 200 	 2737 	 0
1787308350203 	 20 	 200 	 2741 	 3
1787308350208 	 16 	 200 	 2741 	 2
1787308350212 	 15 	 200 	 2741 	 1
1787308350216 	 14 	 200 	 2741 	 0
1787308350261 	 39 	 200 	 2743 	 1
1787308350268 	 34 	 200 	 2743 	 0
1787308350338 	 13 	 200 	 2744 	 0
1787308350361 	 13 	 200 	 2746 	 1
1787308350374 	 14 	 200 	 2747 	 1
1787308350379 	 12 	 200 	 2747 	 0
1787308350400 	 15 	 200 	 2748 	 0
1787308350439 	 16 	 200 	 2750 	 1
1787308350451 	 21 	 200 	 2751 	 1
1787308350458 	 16 	 200 	 2751 	 0
1787308350477 	 15 	 200 	 2753 	 1
1787308350484 	 12 	 200 	 2753 	 0
1787308350526 	 15 	 200 	 2754 	 0
1787308350559 	 18 	 200 	 2756 	 1
1787308350562 	 18 	 200 	 2756 	 0
1787308350602 	 12 	 200 	 2757 	 0
1787308350618 	 13 	 200 	 2759 	 1
1787308350621 	 13 	 200 	 2759 	 0
1787308350651 	 14 	 200 	 2761 	 1
1787308350661 	 14 	 200 	 2761 	 0
1787308350695 	 17 	 200 	 2767 	 5
1787308350692 	 22 	 200 	 2767 	 4
1787308350701 	 26 	 200 	 2767 	 3
1787308350705 	 29 	 200 	 2767 	 2
1787308350700 	 34 	 200 	 2767 	 1
1787308350708 	 28 	 200 	 2767 	 0
1787308350752 	 15 	 200 	 2770 	 2
1787308350748 	 21 	 200 	 2770 	 1
1787308350759 	 14 	 200 	 2770 	 0
1787308350787 	 13 	 200 	 2771 	 0
1787308350827 	 26 	 200 	 2773 	 1
1787308350842 	 13 	 200 	 2773 	 0
1787308350866 	 13 	 200 	 2775 	 1
1787308350874 	 15 	 200 	 2776 	 1
1787308350884 	 18 	 200 	 2776 	 0
1787308350908 	 20 	 200 	 2778 	 1
1787308350915 	 16 	 200 	 2778 	 0
1787308350939 	 14 	 200 	 2781 	 2
1787308350952 	 13 	 200 	 2783 	 3
1787308350959 	 106 	 200 	 2786 	 5
1787308351007 	 67 	 200 	 2787 	 5
1787308350964 	 110 	 200 	 2787 	 4
1787308351033 	 48 	 200 	 2787 	 3
1787308350952 	 130 	 200 	 2787 	 2
1787308351065 	 20 	 200 	 2787 	 1
1787308351068 	 19 	 200 	 2787 	 0
1787308351154 	 35 	 200 	 2789 	 1
1787308351180 	 35 	 200 	 2790 	 1
1787308351201 	 14 	 200 	 2790 	 0
1787308351272 	 18 	 200 	 2792 	 1
1787308351278 	 18 	 200 	 2793 	 1
1787308351292 	 15 	 200 	 2793 	 0
1787308351315 	 16 	 200 	 2794 	 0
1787308351349 	 13 	 200 	 2795 	 0
1787308351381 	 16 	 200 	 2796 	 0
1787308351450 	 15 	 200 	 2798 	 1
1787308351460 	 14 	 200 	 2798 	 0
1787308351495 	 16 	 200 	 2800 	 1
1787308351507 	 13 	 200 	 2800 	 0
1787308351566 	 28 	 200 	 2801 	 0
1787308351606 	 18 	 200 	 2805 	 3
1787308351610 	 17 	 200 	 2805 	 2
1787308351618 	 18 	 200 	 2805 	 1
1787308351622 	 16 	 200 	 2805 	 0
1787308351646 	 15 	 200 	 2806 	 0
1787308351669 	 14 	 200 	 2807 	 1
1787308351684 	 15 	 200 	 2809 	 1
1787308351697 	 14 	 200 	 2810 	 1
1787308351706 	 23 	 200 	 2811 	 1
1787308351722 	 14 	 200 	 2811 	 0
1787308351749 	 13 	 200 	 2814 	 2
1787308351762 	 30 	 200 	 2814 	 1
1787308351822 	 14 	 200 	 2815 	 1
1787308351856 	 14 	 200 	 2817 	 2
1787308351869 	 14 	 200 	 2818 	 2
1787308351741 	 149 	 200 	 2818 	 1
1787308351881 	 15 	 200 	 2818 	 0
1787308351905 	 15 	 200 	 2819 	 0
1787308351943 	 14 	 200 	 2820 	 0
1787308352038 	 33 	 200 	 2821 	 0
1787308352111 	 28 	 200 	 2826 	 4
1787308352115 	 28 	 200 	 2826 	 3
1787308352113 	 31 	 200 	 2826 	 2
1787308352128 	 21 	 200 	 2826 	 1
1787308352141 	 13 	 200 	 2826 	 0
1787308352158 	 14 	 200 	 2827 	 0
1787308352275 	 13 	 200 	 2828 	 0
1787308352310 	 13 	 200 	 2829 	 0
1787308352343 	 13 	 200 	 2830 	 0
1787308352400 	 18 	 200 	 2833 	 2
1787308352400 	 19 	 200 	 2833 	 1
1787308352404 	 19 	 200 	 2833 	 0
1787308352450 	 13 	 200 	 2834 	 0
1787308352509 	 15 	 200 	 2837 	 2
1787308352505 	 21 	 200 	 2837 	 1
1787308352516 	 13 	 200 	 2837 	 0
1787308352583 	 15 	 200 	 2839 	 1
1787308352595 	 14 	 200 	 2840 	 1
1787308352603 	 16 	 200 	 2841 	 1
1787308352615 	 30 	 200 	 2844 	 3
1787308352623 	 29 	 200 	 2844 	 2
1787308352634 	 20 	 200 	 2844 	 1
1787308352636 	 20 	 200 	 2844 	 0
1787308352663 	 12 	 200 	 2845 	 0
1787308352688 	 13 	 200 	 2846 	 0
1787308352704 	 17 	 200 	 2848 	 1
1787308352711 	 16 	 200 	 2848 	 0
1787308352739 	 13 	 200 	 2849 	 0
1787308352756 	 16 	 200 	 2851 	 1
1787308352764 	 16 	 200 	 2852 	 1
1787308352773 	 13 	 200 	 2853 	 1
1787308352787 	 12 	 200 	 2853 	 0
1787308352828 	 22 	 200 	 2858 	 4
1787308352831 	 31 	 200 	 2859 	 4
1787308352837 	 27 	 200 	 2859 	 3
1787308352843 	 24 	 200 	 2859 	 2
1787308352846 	 23 	 200 	 2859 	 1
1787308352861 	 15 	 200 	 2859 	 0
1787308352879 	 14 	 200 	 2862 	 2
1787308352882 	 15 	 200 	 2862 	 1
1787308352882 	 18 	 200 	 2862 	 0
1787308352920 	 15 	 200 	 2863 	 0
1787308352954 	 14 	 200 	 2865 	 1
1787308352961 	 28 	 200 	 2867 	 2
1787308352977 	 20 	 200 	 2869 	 3
1787308352978 	 21 	 200 	 2869 	 2
1787308352991 	 21 	 200 	 2869 	 1
1787308352995 	 15 	 200 	 2869 	 0
1787308353020 	 12 	 200 	 2870 	 0
1787308353044 	 14 	 200 	 2872 	 1
1787308353057 	 15 	 200 	 2872 	 0
1787308353082 	 17 	 200 	 2875 	 2
1787308353088 	 13 	 200 	 2876 	 2
1787308353101 	 17 	 200 	 2878 	 3
1787308353099 	 19 	 200 	 2878 	 2
1787308353106 	 15 	 200 	 2878 	 1
1787308353116 	 14 	 200 	 2878 	 0
1787308353142 	 18 	 200 	 2880 	 1
1787308353160 	 14 	 200 	 2880 	 0
1787308353238 	 30 	 200 	 2881 	 0
1787308353278 	 14 	 200 	 2882 	 0
1787308353314 	 14 	 200 	 2884 	 1
1787308353320 	 23 	 200 	 2886 	 2
1787308353333 	 14 	 200 	 2886 	 1
1787308353335 	 14 	 200 	 2886 	 0
1787308353357 	 13 	 200 	 2888 	 2
1787308353358 	 25 	 200 	 2889 	 1
1787308353371 	 14 	 200 	 2889 	 0
1787308353391 	 19 	 200 	 2891 	 1
1787308353402 	 13 	 200 	 2891 	 0
1787308353432 	 14 	 200 	 2895 	 3
1787308353432 	 16 	 200 	 2895 	 2
1787308353443 	 18 	 200 	 2895 	 1
1787308353448 	 15 	 200 	 2895 	 0
1787308353472 	 13 	 200 	 2897 	 1
1787308353478 	 13 	 200 	 2897 	 0
1787308353546 	 24 	 200 	 2902 	 4
1787308353553 	 20 	 200 	 2902 	 3
1787308353561 	 18 	 200 	 2902 	 2
1787308353559 	 21 	 200 	 2902 	 1
1787308353560 	 22 	 200 	 2902 	 0
1787308353589 	 24 	 200 	 2904 	 1
1787308353603 	 13 	 200 	 2904 	 0
1787308353619 	 15 	 200 	 2906 	 1
1787308353624 	 12 	 200 	 2906 	 0
1787308353643 	 13 	 200 	 2907 	 0
1787308353703 	 19 	 200 	 2908 	 0
1787308353733 	 19 	 200 	 2909 	 0
1787308353772 	 13 	 200 	 2910 	 0
1787308353802 	 13 	 200 	 2912 	 1
1787308353839 	 53 	 200 	 2917 	 5
1787308353816 	 77 	 200 	 2917 	 4
1787308353853 	 41 	 200 	 2917 	 3
1787308353874 	 22 	 200 	 2917 	 2
1787308353859 	 39 	 200 	 2917 	 1
1787308353889 	 15 	 200 	 2918 	 1
1787308353900 	 13 	 200 	 2918 	 0
1787308353916 	 14 	 200 	 2919 	 0
1787308353933 	 14 	 200 	 2921 	 1
1787308353946 	 17 	 200 	 2922 	 1
1787308353948 	 17 	 200 	 2922 	 0
1787308353970 	 16 	 200 	 2924 	 1
1787308353972 	 17 	 200 	 2925 	 1
1787308353989 	 13 	 200 	 2925 	 0
1787308354038 	 13 	 200 	 2926 	 0
1787308354067 	 18 	 200 	 2928 	 1
1787308354071 	 18 	 200 	 2928 	 0
1787308354100 	 14 	 200 	 2929 	 0
1787308354133 	 15 	 200 	 2931 	 1
1787308354143 	 12 	 200 	 2932 	 1
1787308354155 	 14 	 200 	 2933 	 1
1787308354169 	 12 	 200 	 2933 	 0
1787308354228 	 17 	 200 	 2935 	 1
1787308354227 	 19 	 200 	 2935 	 0
1787308354249 	 15 	 200 	 2936 	 0
1787308354275 	 14 	 200 	 2937 	 0
1787308354304 	 13 	 200 	 2938 	 0
1787308354376 	 30 	 200 	 2941 	 2
1787308354390 	 19 	 200 	 2941 	 1
1787308354405 	 14 	 200 	 2941 	 0
1787308354451 	 15 	 200 	 2943 	 1
1787308354462 	 16 	 200 	 2943 	 0
1787308354506 	 14 	 200 	 2944 	 0
1787308354554 	 36 	 200 	 2947 	 2
1787308354573 	 32 	 200 	 2949 	 3
1787308354584 	 25 	 200 	 2949 	 2
1787308354596 	 14 	 200 	 2949 	 1
1787308354601 	 16 	 200 	 2950 	 1
1787308354614 	 46 	 200 	 2950 	 0
1787308354672 	 12 	 200 	 2951 	 0
1787308354716 	 15 	 200 	 2955 	 3
1787308354727 	 24 	 200 	 2955 	 2
1787308354722 	 31 	 200 	 2955 	 1
1787308354728 	 27 	 200 	 2955 	 0
1787308354763 	 14 	 200 	 2957 	 1
1787308354761 	 16 	 200 	 2957 	 0
1787308354783 	 15 	 200 	 2959 	 1
1787308354786 	 15 	 200 	 2959 	 0
1787308354811 	 15 	 200 	 2960 	 0
1787308354831 	 12 	 200 	 2961 	 0
1787308354894 	 21 	 200 	 2963 	 1
1787308354911 	 13 	 200 	 2963 	 0
1787308354937 	 13 	 200 	 2964 	 0
1787308354982 	 14 	 200 	 2965 	 0
1787308355059 	 30 	 200 	 2968 	 2
1787308355067 	 30 	 200 	 2969 	 2
1787308355071 	 26 	 200 	 2969 	 1
1787308355097 	 16 	 200 	 2969 	 0
1787308355120 	 13 	 200 	 2970 	 0
1787308355151 	 19 	 200 	 2973 	 2
1787308355152 	 20 	 200 	 2973 	 1
1787308355154 	 20 	 200 	 2973 	 0
1787308355184 	 17 	 200 	 2975 	 1
1787308355190 	 15 	 200 	 2975 	 0
1787308355216 	 20 	 200 	 2978 	 2
1787308355231 	 27 	 200 	 2979 	 2
1787308355231 	 27 	 200 	 2979 	 1
1787308355254 	 13 	 200 	 2979 	 0
1787308355284 	 41 	 200 	 2982 	 2
1787308355291 	 37 	 200 	 2982 	 1
1787308355285 	 44 	 200 	 2982 	 0
1787308355334 	 24 	 200 	 2986 	 3
1787308355339 	 21 	 200 	 2986 	 2
1787308355343 	 20 	 200 	 2986 	 1
1787308355355 	 19 	 200 	 2986 	 0
1787308355387 	 14 	 200 	 2988 	 1
1787308355389 	 15 	 200 	 2988 	 0
1787308355413 	 15 	 200 	 2989 	 0
1787308355496 	 15 	 200 	 2992 	 3
1787308355506 	 17 	 200 	 2993 	 2
1787308355513 	 17 	 200 	 2993 	 1
1787308355513 	 20 	 200 	 2994 	 1
1787308355533 	 14 	 200 	 2994 	 0
1787308355549 	 20 	 200 	 2997 	 2
1787308355554 	 17 	 200 	 2997 	 1
1787308355562 	 15 	 200 	 2997 	 0
1787308355591 	 13 	 200 	 2998 	 0
1787308355617 	 14 	 200 	 3000 	 1
1787308355630 	 14 	 200 	 3001 	 1
1787308355642 	 14 	 200 	 3001 	 0
1787308355663 	 17 	 200 	 3003 	 1
1787308355664 	 17 	 200 	 3003 	 0
1787308355699 	 18 	 200 	 3005 	 1
1787308355708 	 17 	 200 	 3005 	 0
1787308355733 	 16 	 200 	 3007 	 1
1787308355739 	 12 	 200 	 3007 	 0
1787308355753 	 12 	 200 	 3009 	 1
1787308355765 	 12 	 200 	 3009 	 0
1787308355804 	 28 	 200 	 3012 	 2
1787308355816 	 17 	 200 	 3012 	 1
1787308355822 	 15 	 200 	 3012 	 0
1787308355861 	 14 	 200 	 3013 	 0
1787308355909 	 18 	 200 	 3014 	 0
1787308355943 	 17 	 200 	 3016 	 1
1787308355947 	 16 	 200 	 3016 	 0
1787308356043 	 36 	 200 	 3020 	 3
1787308356041 	 40 	 200 	 3020 	 2
1787308356069 	 29 	 200 	 3021 	 2
1787308356071 	 29 	 200 	 3021 	 1
1787308356082 	 21 	 200 	 3021 	 0
1787308356124 	 14 	 200 	 3023 	 1
1787308356134 	 15 	 200 	 3023 	 0
1787308356152 	 12 	 200 	 3024 	 0
1787308356174 	 19 	 200 	 3026 	 1
1787308356186 	 16 	 200 	 3027 	 1
1787308356202 	 16 	 200 	 3027 	 0
1787308356222 	 13 	 200 	 3029 	 1
1787308356229 	 15 	 200 	 3029 	 0
1787308356286 	 27 	 200 	 3030 	 0
1787308356399 	 18 	 200 	 3031 	 0
1787308356431 	 16 	 200 	 3033 	 1
1787308356447 	 13 	 200 	 3034 	 1
1787308356457 	 17 	 200 	 3034 	 0
1787308356529 	 12 	 200 	 3035 	 0
1787308356561 	 15 	 200 	 3036 	 0
1787308356597 	 18 	 200 	 3038 	 1
1787308356610 	 20 	 200 	 3038 	 0
1787308356650 	 12 	 200 	 3039 	 0
1787308356680 	 17 	 200 	 3040 	 0
1787308356701 	 14 	 200 	 3041 	 0
1787308356718 	 12 	 200 	 3042 	 0
1787308356753 	 19 	 200 	 3043 	 0
1787308356778 	 16 	 200 	 3045 	 1
1787308356784 	 14 	 200 	 3045 	 0
1787308356807 	 23 	 200 	 3047 	 1
1787308356818 	 13 	 200 	 3047 	 0
1787308356855 	 14 	 200 	 3048 	 0
1787308356878 	 14 	 200 	 3050 	 1
1787308356889 	 13 	 200 	 3051 	 1
1787308356898 	 13 	 200 	 3052 	 1
1787308356904 	 14 	 200 	 3052 	 0
1787308356923 	 13 	 200 	 3053 	 0
1787308356952 	 13 	 200 	 3056 	 2
1787308356954 	 14 	 200 	 3056 	 1
1787308356967 	 13 	 200 	 3056 	 0
1787308356983 	 14 	 200 	 3058 	 1
1787308356989 	 23 	 200 	 3059 	 1
1787308357001 	 14 	 200 	 3059 	 0
1787308357065 	 20 	 200 	 3060 	 0
1787308357098 	 12 	 200 	 3062 	 1
1787308357110 	 14 	 200 	 3063 	 1
1787308357120 	 16 	 200 	 3065 	 2
1787308357133 	 23 	 200 	 3068 	 4
1787308357137 	 24 	 200 	 3068 	 3
1787308357150 	 15 	 200 	 3068 	 2
1787308357138 	 28 	 200 	 3068 	 1
1787308357158 	 12 	 200 	 3068 	 0
1787308357185 	 21 	 200 	 3070 	 1
1787308357199 	 14 	 200 	 3070 	 0
1787308357220 	 16 	 200 	 3071 	 0
1787308357326 	 21 	 200 	 3075 	 3
1787308357326 	 22 	 200 	 3075 	 2
1787308357330 	 18 	 200 	 3075 	 1
1787308357343 	 21 	 200 	 3077 	 2
1787308357353 	 13 	 200 	 3077 	 1
1787308357364 	 13 	 200 	 3078 	 1
1787308357370 	 17 	 200 	 3078 	 0
1787308357435 	 18 	 200 	 3081 	 2
1787308357440 	 18 	 200 	 3081 	 1
1787308357447 	 16 	 200 	 3083 	 2
1787308357462 	 19 	 200 	 3083 	 1
1787308357463 	 19 	 200 	 3083 	 0
1787308357506 	 17 	 200 	 3085 	 1
1787308357520 	 15 	 200 	 3085 	 0
1787308357555 	 13 	 200 	 3087 	 1
1787308357561 	 12 	 200 	 3087 	 0
1787308357624 	 13 	 200 	 3088 	 0
1787308357639 	 13 	 200 	 3089 	 0
1787308357671 	 13 	 200 	 3091 	 1
1787308357674 	 16 	 200 	 3091 	 0
1787308357737 	 35 	 200 	 3094 	 2
1787308357747 	 28 	 200 	 3094 	 1
1787308357771 	 14 	 200 	 3094 	 0
1787308357789 	 16 	 200 	 3097 	 2
1787308357791 	 16 	 200 	 3097 	 1
1787308357798 	 14 	 200 	 3097 	 0
1787308357820 	 15 	 200 	 3100 	 2
1787308357827 	 18 	 200 	 3100 	 1
1787308357832 	 16 	 200 	 3100 	 0
1787308357958 	 14 	 200 	 3101 	 0
1787308357976 	 12 	 200 	 3102 	 0
1787308357996 	 19 	 200 	 3104 	 1
1787308358003 	 14 	 200 	 3104 	 0
1787308358025 	 12 	 200 	 3105 	 0
1787308358053 	 14 	 200 	 3106 	 0
1787308358085 	 18 	 200 	 3108 	 1
1787308358086 	 19 	 200 	 3108 	 0
1787308358107 	 22 	 200 	 3113 	 4
1787308358110 	 24 	 200 	 3113 	 3
1787308358113 	 22 	 200 	 3113 	 2
1787308358121 	 17 	 200 	 3113 	 1
1787308358123 	 22 	 200 	 3113 	 0
1787308358203 	 38 	 200 	 3117 	 3
1787308358208 	 34 	 200 	 3117 	 2
1787308358228 	 26 	 200 	 3118 	 2
1787308358237 	 19 	 200 	 3118 	 1
1787308358247 	 15 	 200 	 3118 	 0
1787308358290 	 17 	 200 	 3119 	 0
1787308358324 	 16 	 200 	 3120 	 0
1787308358360 	 25 	 200 	 3123 	 2
1787308358367 	 20 	 200 	 3123 	 1
1787308358365 	 23 	 200 	 3123 	 0
1787308358421 	 15 	 200 	 3126 	 2
1787308358436 	 13 	 200 	 3127 	 2
1787308358437 	 19 	 200 	 3127 	 1
1787308358443 	 14 	 200 	 3127 	 0
1787308358476 	 13 	 200 	 3128 	 0
1787308358511 	 18 	 200 	 3131 	 2
1787308358522 	 17 	 200 	 3132 	 2
1787308358531 	 15 	 200 	 3132 	 1
1787308358532 	 15 	 200 	 3132 	 0
1787308358604 	 14 	 200 	 3133 	 0
1787308358629 	 13 	 200 	 3134 	 0
1787308358653 	 14 	 200 	 3136 	 1
1787308358661 	 16 	 200 	 3137 	 1
1787308358672 	 14 	 200 	 3138 	 2
1787308358685 	 17 	 200 	 3139 	 1
1787308358688 	 17 	 200 	 3139 	 0
1787308358709 	 14 	 200 	 3140 	 0
1787308358741 	 14 	 200 	 3142 	 1
1787308358742 	 15 	 200 	 3142 	 0
1787308358759 	 17 	 200 	 3143 	 0
1787308358813 	 14 	 200 	 3145 	 1
1787308358815 	 14 	 200 	 3145 	 0
1787308358841 	 14 	 200 	 3147 	 1
1787308358855 	 12 	 200 	 3147 	 0
1787308358871 	 15 	 200 	 3149 	 1
1787308358875 	 12 	 200 	 3149 	 0
1787308358894 	 16 	 200 	 3150 	 0
1787308358951 	 16 	 200 	 3153 	 2
1787308358945 	 28 	 200 	 3153 	 1
1787308358943 	 32 	 200 	 3153 	 0
1787308359017 	 14 	 200 	 3155 	 2
1787308359024 	 13 	 200 	 3156 	 1
1787308359031 	 14 	 200 	 3156 	 0
1787308359049 	 17 	 200 	 3158 	 1
1787308359051 	 16 	 200 	 3158 	 0
1787308359082 	 17 	 200 	 3160 	 1
1787308359086 	 18 	 200 	 3160 	 0
1787308359108 	 20 	 200 	 3163 	 2
1787308359120 	 17 	 200 	 3164 	 2
1787308359128 	 25 	 200 	 3166 	 3
1787308359133 	 22 	 200 	 3166 	 2
1787308359145 	 12 	 200 	 3166 	 1
1787308359155 	 13 	 200 	 3166 	 0
1787308359171 	 15 	 200 	 3167 	 0
1787308359205 	 16 	 200 	 3169 	 1
1787308359209 	 13 	 200 	 3169 	 0
1787308359226 	 16 	 200 	 3170 	 0
1787308359243 	 12 	 200 	 3171 	 0
1787308359258 	 14 	 200 	 3172 	 0
1787308359279 	 16 	 200 	 3176 	 3
1787308359280 	 31 	 200 	 3176 	 2
1787308359280 	 32 	 200 	 3176 	 1
1787308359289 	 24 	 200 	 3176 	 0
1787308359314 	 12 	 200 	 3177 	 0
1787308359330 	 18 	 200 	 3180 	 2
1787308359340 	 20 	 200 	 3181 	 2
1787308359343 	 23 	 200 	 3181 	 1
1787308359353 	 16 	 200 	 3181 	 0
1787308359383 	 16 	 200 	 3184 	 2
1787308359387 	 15 	 200 	 3184 	 1
1787308359394 	 21 	 200 	 3184 	 0
1787308359417 	 15 	 200 	 3186 	 1
1787308359427 	 14 	 200 	 3186 	 0
1787308359444 	 13 	 200 	 3188 	 1
1787308359445 	 14 	 200 	 3188 	 0
1787308359466 	 15 	 200 	 3189 	 0
1787308359508 	 14 	 200 	 3191 	 1
1787308359512 	 13 	 200 	 3191 	 0
1787308359589 	 30 	 200 	 3196 	 4
1787308359546 	 82 	 200 	 3196 	 3
1787308359581 	 62 	 200 	 3198 	 4
1787308359530 	 114 	 200 	 3198 	 3
1787308359581 	 66 	 200 	 3199 	 3
1787308359634 	 17 	 200 	 3199 	 2
1787308359637 	 16 	 200 	 3199 	 1
1787308359665 	 17 	 200 	 3204 	 5
1787308359671 	 14 	 200 	 3204 	 4
1787308359646 	 40 	 200 	 3204 	 3
1787308359656 	 34 	 200 	 3204 	 2
1787308359660 	 34 	 200 	 3205 	 2
1787308359663 	 31 	 200 	 3205 	 1
1787308359698 	 23 	 200 	 3207 	 2
1787308359693 	 32 	 200 	 3207 	 1
1787308359706 	 21 	 200 	 3207 	 1
1787308359728 	 14 	 200 	 3208 	 0
1787308359764 	 14 	 200 	 3209 	 0
1787308359790 	 13 	 200 	 3210 	 0
1787308359819 	 14 	 200 	 3212 	 1
1787308359814 	 21 	 200 	 3212 	 0
1787308359855 	 16 	 200 	 3216 	 4
1787308359860 	 16 	 200 	 3217 	 3
1787308359855 	 24 	 200 	 3217 	 2
1787308359867 	 18 	 200 	 3217 	 1
1787308359872 	 15 	 200 	 3217 	 0
1787308359889 	 14 	 200 	 3218 	 0
1787308359911 	 15 	 200 	 3220 	 1
1787308359911 	 16 	 200 	 3220 	 0
1787308359968 	 14 	 200 	 3222 	 1
1787308359968 	 15 	 200 	 3222 	 0
1787308360006 	 15 	 200 	 3223 	 0
1787308360026 	 14 	 200 	 3224 	 0
1787308360049 	 12 	 200 	 3225 	 0
1787308360077 	 12 	 200 	 3227 	 1
1787308360088 	 12 	 200 	 3227 	 0
1787308360126 	 12 	 200 	 3228 	 0
1787308360155 	 13 	 200 	 3230 	 1
1787308360162 	 17 	 200 	 3233 	 3
1787308360177 	 29 	 200 	 3234 	 3
1787308360178 	 33 	 200 	 3234 	 2
1787308360180 	 33 	 200 	 3234 	 1
1787308360205 	 16 	 200 	 3235 	 1
1787308360217 	 14 	 200 	 3236 	 1
1787308360227 	 15 	 200 	 3236 	 0
1787308360258 	 15 	 200 	 3240 	 3
1787308360247 	 26 	 200 	 3240 	 2
1787308360272 	 13 	 200 	 3240 	 1
1787308360268 	 19 	 200 	 3240 	 0
1787308360327 	 32 	 200 	 3241 	 0
1787308360366 	 13 	 200 	 3242 	 0
1787308360433 	 19 	 200 	 3244 	 1
1787308360440 	 15 	 200 	 3244 	 0
1787308360533 	 15 	 200 	 3246 	 1
1787308360545 	 17 	 200 	 3248 	 2
1787308360550 	 14 	 200 	 3248 	 1
1787308360560 	 18 	 200 	 3249 	 1
1787308360571 	 16 	 200 	 3250 	 1
1787308360580 	 19 	 200 	 3251 	 1
1787308360594 	 14 	 200 	 3252 	 1
1787308360601 	 27 	 200 	 3254 	 2
1787308360621 	 16 	 200 	 3255 	 2
1787308360619 	 18 	 200 	 3255 	 1
1787308360636 	 14 	 200 	 3255 	 0
1787308360652 	 12 	 200 	 3256 	 0
1787308360723 	 20 	 200 	 3261 	 4
1787308360728 	 19 	 200 	 3261 	 3
1787308360734 	 24 	 200 	 3262 	 3
1787308360737 	 22 	 200 	 3262 	 2
1787308360741 	 19 	 200 	 3262 	 1
1787308360750 	 19 	 200 	 3262 	 0
1787308360781 	 14 	 200 	 3265 	 2
1787308360789 	 13 	 200 	 3265 	 1
1787308360793 	 14 	 200 	 3265 	 0
1787308360850 	 15 	 200 	 3269 	 3
1787308360848 	 18 	 200 	 3269 	 2
1787308360856 	 15 	 200 	 3270 	 2
1787308360862 	 16 	 200 	 3270 	 1
1787308360869 	 17 	 200 	 3270 	 0
1787308360896 	 14 	 200 	 3272 	 1
1787308360909 	 21 	 200 	 3273 	 1
1787308360920 	 13 	 200 	 3273 	 0
1787308360993 	 21 	 200 	 3274 	 0
1787308361021 	 12 	 200 	 3275 	 0
1787308361098 	 22 	 200 	 3276 	 0
1787308361185 	 19 	 200 	 3277 	 0
1787308361207 	 14 	 200 	 3278 	 1
1787308361222 	 15 	 200 	 3280 	 1
1787308361230 	 13 	 200 	 3280 	 0
1787308361253 	 15 	 200 	 3283 	 2
1787308361256 	 14 	 200 	 3283 	 1
1787308361264 	 13 	 200 	 3283 	 0
1787308361290 	 13 	 200 	 3284 	 0
1787308361320 	 13 	 200 	 3285 	 0
1787308361337 	 15 	 200 	 3286 	 0
1787308361384 	 13 	 200 	 3288 	 1
1787308361387 	 20 	 200 	 3290 	 2
1787308361399 	 14 	 200 	 3290 	 1
1787308361403 	 15 	 200 	 3290 	 0
1787308361491 	 15 	 200 	 3292 	 1
1787308361490 	 19 	 200 	 3292 	 0
1787308361529 	 15 	 200 	 3295 	 2
1787308361528 	 16 	 200 	 3295 	 1
1787308361540 	 14 	 200 	 3296 	 1
1787308361553 	 15 	 200 	 3296 	 0
1787308361593 	 16 	 200 	 3299 	 2
1787308361605 	 13 	 200 	 3300 	 2
1787308361609 	 16 	 200 	 3300 	 1
1787308361618 	 13 	 200 	 3300 	 0
1787308361642 	 14 	 200 	 3302 	 1
1787308361644 	 17 	 200 	 3302 	 0
1787308361667 	 12 	 200 	 3304 	 1
1787308361679 	 13 	 200 	 3304 	 0
1787308361719 	 13 	 200 	 3305 	 0
1787308361789 	 14 	 200 	 3307 	 1
1787308361794 	 13 	 200 	 3307 	 0
1787308361813 	 14 	 200 	 3310 	 2
1787308361816 	 14 	 200 	 3310 	 1
1787308361818 	 14 	 200 	 3310 	 0
1787308361842 	 12 	 200 	 3311 	 0
1787308361883 	 15 	 200 	 3314 	 2
1787308361882 	 25 	 200 	 3314 	 1
1787308361890 	 19 	 200 	 3315 	 1
1787308361910 	 14 	 200 	 3315 	 0
1787308361951 	 14 	 200 	 3316 	 0
1787308362008 	 33 	 200 	 3320 	 3
1787308362022 	 27 	 200 	 3320 	 2
1787308362027 	 23 	 200 	 3320 	 1
1787308362024 	 29 	 200 	 3320 	 0
1787308362086 	 14 	 200 	 3321 	 0
1787308362129 	 15 	 200 	 3323 	 1
1787308362140 	 19 	 200 	 3324 	 1
1787308362153 	 12 	 200 	 3324 	 0
1787308362168 	 16 	 200 	 3326 	 1
1787308362180 	 13 	 200 	 3326 	 0
1787308362232 	 33 	 200 	 3330 	 3
1787308362245 	 23 	 200 	 3330 	 2
1787308362258 	 18 	 200 	 3330 	 1
1787308362260 	 18 	 200 	 3330 	 0
1787308362294 	 16 	 200 	 3331 	 0
1787308362328 	 14 	 200 	 3332 	 0
1787308362371 	 17 	 200 	 3335 	 2
1787308362377 	 17 	 200 	 3335 	 1
1787308362384 	 18 	 200 	 3335 	 0
1787308362419 	 13 	 200 	 3336 	 0
1787308362448 	 15 	 200 	 3338 	 1
1787308362464 	 14 	 200 	 3339 	 1
1787308362468 	 13 	 200 	 3340 	 1
1787308362481 	 15 	 200 	 3340 	 0
1787308362502 	 12 	 200 	 3341 	 0
1787308362535 	 15 	 200 	 3342 	 0
1787308362560 	 29 	 200 	 3343 	 0
1787308362611 	 15 	 200 	 3344 	 0
1787308362666 	 14 	 200 	 3345 	 0
1787308362706 	 13 	 200 	 3346 	 0
1787308362722 	 14 	 200 	 3348 	 1
1787308362727 	 13 	 200 	 3348 	 0
1787308362797 	 21 	 200 	 3352 	 3
1787308362804 	 18 	 200 	 3352 	 2
1787308362812 	 16 	 200 	 3352 	 1
1787308362817 	 17 	 200 	 3353 	 1
1787308362830 	 16 	 200 	 3354 	 1
1787308362838 	 13 	 200 	 3354 	 0
1787308362855 	 14 	 200 	 3355 	 0
1787308362889 	 14 	 200 	 3357 	 1
1787308362899 	 15 	 200 	 3357 	 0
1787308362918 	 18 	 200 	 3359 	 1
1787308362922 	 16 	 200 	 3359 	 0
1787308362952 	 14 	 200 	 3360 	 0
1787308362991 	 14 	 200 	 3361 	 0
1787308363013 	 13 	 200 	 3362 	 0
1787308363079 	 23 	 200 	 3366 	 3
1787308363088 	 18 	 200 	 3366 	 2
1787308363071 	 35 	 200 	 3366 	 1
1787308363096 	 16 	 200 	 3366 	 0
1787308363136 	 14 	 200 	 3367 	 0
1787308363175 	 29 	 200 	 3371 	 3
1787308363184 	 23 	 200 	 3371 	 2
1787308363186 	 23 	 200 	 3371 	 1
1787308363181 	 32 	 200 	 3373 	 2
1787308363215 	 15 	 200 	 3375 	 3
1787308363215 	 15 	 200 	 3375 	 2
1787308363227 	 26 	 200 	 3375 	 1
1787308363216 	 39 	 200 	 3375 	 0
1787308363329 	 22 	 200 	 3379 	 3
1787308363327 	 30 	 200 	 3381 	 4
1787308363336 	 21 	 200 	 3381 	 4
1787308363325 	 34 	 200 	 3382 	 3
1787308363359 	 13 	 200 	 3382 	 2
1787308363357 	 18 	 200 	 3382 	 1
1787308363356 	 37 	 200 	 3384 	 2
1787308363382 	 24 	 200 	 3385 	 2
1787308363389 	 22 	 200 	 3385 	 1
1787308363403 	 13 	 200 	 3385 	 0
1787308363446 	 21 	 200 	 3386 	 0
1787308363482 	 14 	 200 	 3387 	 0
1787308363503 	 18 	 200 	 3388 	 0
1787308363552 	 15 	 200 	 3394 	 5
1787308363528 	 45 	 200 	 3395 	 5
1787308363554 	 19 	 200 	 3395 	 4
1787308363556 	 20 	 200 	 3396 	 4
1787308363559 	 22 	 200 	 3396 	 3
1787308363557 	 27 	 200 	 3397 	 3
1787308363570 	 15 	 200 	 3397 	 2
1787308363576 	 22 	 200 	 3398 	 2
1787308363584 	 17 	 200 	 3398 	 1
1787308363591 	 23 	 200 	 3398 	 0
1787308363642 	 18 	 200 	 3402 	 3
1787308363654 	 15 	 200 	 3403 	 3
1787308363652 	 18 	 200 	 3403 	 2
1787308363658 	 14 	 200 	 3403 	 1
1787308363664 	 15 	 200 	 3403 	 0
1787308363697 	 14 	 200 	 3406 	 2
1787308363694 	 17 	 200 	 3406 	 1
1787308363699 	 14 	 200 	 3406 	 0
1787308363718 	 14 	 200 	 3409 	 2
1787308363719 	 14 	 200 	 3409 	 1
1787308363725 	 14 	 200 	 3410 	 1
1787308363734 	 15 	 200 	 3411 	 1
1787308363749 	 14 	 200 	 3412 	 1
1787308363759 	 13 	 200 	 3412 	 0
1787308363791 	 17 	 200 	 3413 	 0
1787308363824 	 13 	 200 	 3414 	 0
1787308363853 	 17 	 200 	 3415 	 0
1787308363894 	 22 	 200 	 3417 	 1
1787308363901 	 20 	 200 	 3417 	 0
1787308363945 	 30 	 200 	 3423 	 5
1787308363949 	 44 	 200 	 3424 	 5
1787308363972 	 22 	 200 	 3424 	 4
1787308363947 	 47 	 200 	 3424 	 3
1787308363982 	 24 	 200 	 3424 	 2
1787308363977 	 31 	 200 	 3424 	 1
1787308363975 	 35 	 200 	 3424 	 0
1787308364042 	 20 	 200 	 3425 	 0
1787308364112 	 33 	 200 	 3427 	 1
1787308364155 	 27 	 200 	 3430 	 3
1787308364163 	 25 	 200 	 3430 	 2
1787308364144 	 45 	 200 	 3430 	 1
1787308364168 	 24 	 200 	 3430 	 0
1787308364207 	 16 	 200 	 3431 	 0
1787308364230 	 12 	 200 	 3432 	 1
1787308364243 	 14 	 200 	 3434 	 1
1787308364249 	 13 	 200 	 3435 	 1
1787308364261 	 18 	 200 	 3438 	 3
1787308364268 	 19 	 200 	 3438 	 2
1787308364271 	 17 	 200 	 3438 	 1
1787308364270 	 20 	 200 	 3438 	 0
1787308364302 	 15 	 200 	 3439 	 0
1787308364320 	 14 	 200 	 3441 	 1
1787308364335 	 14 	 200 	 3442 	 1
1787308364340 	 14 	 200 	 3442 	 0
1787308364381 	 20 	 200 	 3444 	 1
1787308364391 	 24 	 200 	 3445 	 1
1787308364407 	 15 	 200 	 3445 	 0
1787308364479 	 16 	 200 	 3448 	 2
1787308364479 	 17 	 200 	 3448 	 1
1787308364487 	 20 	 200 	 3448 	 0
1787308364528 	 19 	 200 	 3450 	 1
1787308364534 	 16 	 200 	 3450 	 0
1787308364583 	 20 	 200 	 3452 	 1
1787308364588 	 17 	 200 	 3452 	 0
1787308364703 	 16 	 200 	 3453 	 0
1787308364766 	 19 	 200 	 3455 	 1
1787308364784 	 15 	 200 	 3455 	 0
1787308364858 	 15 	 200 	 3456 	 0
1787308364880 	 15 	 200 	 3458 	 1
1787308364887 	 12 	 200 	 3458 	 0
1787308364923 	 14 	 200 	 3460 	 1
1787308364923 	 17 	 200 	 3461 	 1
1787308364941 	 13 	 200 	 3464 	 3
1787308364946 	 18 	 200 	 3464 	 2
1787308364950 	 16 	 200 	 3464 	 1
1787308364947 	 19 	 200 	 3464 	 0
1787308364991 	 20 	 200 	 3467 	 2
1787308364994 	 20 	 200 	 3467 	 1
1787308364998 	 16 	 200 	 3467 	 0
1787308365022 	 21 	 200 	 3469 	 1
1787308365040 	 16 	 200 	 3469 	 0
1787308365082 	 24 	 200 	 3472 	 2
1787308365073 	 39 	 200 	 3472 	 1
1787308365105 	 16 	 200 	 3472 	 0
1787308365135 	 16 	 200 	 3476 	 3
1787308365139 	 16 	 200 	 3476 	 2
1787308365147 	 16 	 200 	 3476 	 1
1787308365151 	 25 	 200 	 3476 	 0
1787308365193 	 16 	 200 	 3479 	 2
1787308365198 	 20 	 200 	 3479 	 1
1787308365206 	 14 	 200 	 3479 	 0
1787308365240 	 15 	 200 	 3481 	 1
1787308365244 	 13 	 200 	 3481 	 0
1787308365263 	 12 	 200 	 3482 	 0
1787308365281 	 14 	 200 	 3484 	 1
1787308365282 	 15 	 200 	 3484 	 0
1787308365348 	 14 	 200 	 3486 	 1
1787308365346 	 18 	 200 	 3486 	 0
1787308365369 	 17 	 200 	 3488 	 1
1787308365377 	 21 	 200 	 3488 	 0
1787308365432 	 22 	 200 	 3491 	 2
1787308365441 	 16 	 200 	 3491 	 1
1787308365449 	 19 	 200 	 3491 	 0
1787308365496 	 19 	 200 	 3493 	 1
1787308365508 	 16 	 200 	 3493 	 0
1787308365579 	 14 	 200 	 3495 	 1
1787308365584 	 15 	 200 	 3495 	 0
1787308365612 	 16 	 200 	 3498 	 2
1787308365617 	 15 	 200 	 3498 	 1
1787308365623 	 13 	 200 	 3498 	 0
1787308365663 	 18 	 200 	 3500 	 1
1787308365674 	 14 	 200 	 3501 	 1
1787308365688 	 19 	 200 	 3503 	 2
1787308365702 	 14 	 200 	 3503 	 1
1787308365706 	 15 	 200 	 3503 	 0
1787308365724 	 13 	 200 	 3504 	 0
1787308365763 	 13 	 200 	 3505 	 0
1787308365796 	 15 	 200 	 3506 	 0
1787308365821 	 13 	 200 	 3508 	 1
1787308365819 	 17 	 200 	 3508 	 0
1787308365851 	 20 	 200 	 3511 	 2
1787308365857 	 15 	 200 	 3511 	 1
1787308365869 	 15 	 200 	 3511 	 0
1787308365886 	 15 	 200 	 3512 	 0
1787308365907 	 17 	 200 	 3513 	 0
1787308365932 	 12 	 200 	 3514 	 0
1787308365946 	 19 	 200 	 3515 	 0
1787308365979 	 15 	 200 	 3516 	 0
1787308366028 	 37 	 200 	 3519 	 2
1787308366050 	 38 	 200 	 3520 	 2
1787308366074 	 14 	 200 	 3520 	 1
1787308366064 	 26 	 200 	 3520 	 0
1787308366102 	 13 	 200 	 3522 	 1
1787308366103 	 18 	 200 	 3522 	 0
1787308366135 	 14 	 200 	 3526 	 3
1787308366135 	 17 	 200 	 3526 	 2
1787308366145 	 19 	 200 	 3527 	 2
1787308366151 	 15 	 200 	 3527 	 1
1787308366157 	 19 	 200 	 3528 	 1
1787308366170 	 16 	 200 	 3528 	 0
1787308366223 	 14 	 200 	 3529 	 0
1787308366260 	 15 	 200 	 3530 	 0
1787308366289 	 20 	 200 	 3535 	 4
1787308366293 	 18 	 200 	 3535 	 3
1787308366278 	 34 	 200 	 3535 	 2
1787308366307 	 19 	 200 	 3535 	 1
1787308366305 	 22 	 200 	 3535 	 0
1787308366341 	 14 	 200 	 3537 	 1
1787308366345 	 12 	 200 	 3537 	 0
1787308366376 	 16 	 200 	 3540 	 2
1787308366376 	 18 	 200 	 3540 	 1
1787308366384 	 13 	 200 	 3540 	 0
1787308366407 	 19 	 200 	 3542 	 1
1787308366416 	 14 	 200 	 3542 	 0
1787308366449 	 15 	 200 	 3543 	 0
1787308366466 	 12 	 200 	 3544 	 0
1787308366498 	 12 	 200 	 3545 	 0
1787308366520 	 15 	 200 	 3546 	 0
1787308366541 	 16 	 200 	 3549 	 2
1787308366550 	 13 	 200 	 3549 	 1
1787308366554 	 14 	 200 	 3549 	 0
1787308366598 	 17 	 200 	 3551 	 1
1787308366604 	 14 	 200 	 3551 	 0
1787308366664 	 14 	 200 	 3554 	 2
1787308366674 	 18 	 200 	 3554 	 1
1787308366677 	 16 	 200 	 3554 	 0
1787308366705 	 14 	 200 	 3556 	 1
1787308366711 	 13 	 200 	 3556 	 0
1787308366760 	 20 	 200 	 3558 	 1
1787308366772 	 13 	 200 	 3558 	 0
1787308366842 	 29 	 200 	 3561 	 2
1787308366840 	 31 	 200 	 3561 	 1
1787308366854 	 17 	 200 	 3561 	 0
1787308366879 	 13 	 200 	 3562 	 0
1787308366913 	 13 	 200 	 3565 	 2
1787308366917 	 15 	 200 	 3565 	 1
1787308366920 	 16 	 200 	 3565 	 0
1787308366943 	 12 	 200 	 3566 	 0
1787308366984 	 33 	 200 	 3568 	 1
1787308366993 	 32 	 200 	 3570 	 2
1787308367023 	 16 	 200 	 3570 	 1
1787308367023 	 30 	 200 	 3571 	 1
1787308367041 	 17 	 200 	 3571 	 0
1787308367065 	 12 	 200 	 3573 	 1
1787308367065 	 16 	 200 	 3573 	 0
1787308367100 	 15 	 200 	 3576 	 2
1787308367102 	 17 	 200 	 3576 	 1
1787308367112 	 13 	 200 	 3577 	 1
1787308367124 	 12 	 200 	 3577 	 0
1787308367140 	 14 	 200 	 3578 	 0
1787308367167 	 19 	 200 	 3579 	 0
1787308367189 	 14 	 200 	 3582 	 2
1787308367203 	 18 	 200 	 3585 	 4
1787308367208 	 19 	 200 	 3585 	 3
1787308367210 	 20 	 200 	 3585 	 2
1787308367217 	 15 	 200 	 3585 	 1
1787308367244 	 26 	 200 	 3588 	 3
1787308367252 	 65 	 200 	 3588 	 3
1787308367264 	 53 	 200 	 3589 	 2
1787308367319 	 18 	 200 	 3589 	 1
1787308367373 	 14 	 200 	 3591 	 2
1787308367386 	 32 	 200 	 3592 	 2
1787308367407 	 17 	 200 	 3592 	 1
1787308367446 	 23 	 200 	 3593 	 1
1787308367193 	 298 	 200 	 3593 	 0
1787308367519 	 16 	 200 	 3595 	 1
1787308367522 	 16 	 200 	 3595 	 0
1787308367559 	 20 	 200 	 3598 	 2
1787308367565 	 16 	 200 	 3598 	 1
1787308367574 	 14 	 200 	 3599 	 1
1787308367587 	 16 	 200 	 3599 	 0
1787308367607 	 12 	 200 	 3600 	 0
1787308367637 	 14 	 200 	 3602 	 1
1787308367644 	 14 	 200 	 3603 	 1
1787308367657 	 24 	 200 	 3606 	 3
1787308367669 	 15 	 200 	 3606 	 2
1787308367671 	 18 	 200 	 3606 	 2
1787308367671 	 33 	 200 	 3608 	 2
1787308367694 	 15 	 200 	 3608 	 1
1787308367691 	 18 	 200 	 3608 	 0
1787308367772 	 16 	 200 	 3609 	 0
1787308367808 	 14 	 200 	 3611 	 1
1787308367814 	 16 	 200 	 3612 	 1
1787308367829 	 34 	 200 	 3613 	 1
1787308367847 	 19 	 200 	 3613 	 0
1787308367870 	 15 	 200 	 3615 	 1
1787308367875 	 14 	 200 	 3615 	 0
1787308367895 	 12 	 200 	 3616 	 0
1787308367916 	 15 	 200 	 3617 	 0
1787308367939 	 12 	 200 	 3619 	 1
1787308367944 	 15 	 200 	 3619 	 0
1787308367994 	 12 	 200 	 3620 	 0
1787308368030 	 34 	 200 	 3624 	 3
1787308368042 	 26 	 200 	 3624 	 2
1787308368040 	 29 	 200 	 3624 	 1
1787308368052 	 18 	 200 	 3624 	 0
1787308368077 	 14 	 200 	 3626 	 1
1787308368084 	 19 	 200 	 3627 	 1
1787308368099 	 12 	 200 	 3627 	 0
1787308368119 	 12 	 200 	 3628 	 0
1787308368140 	 13 	 200 	 3629 	 0
1787308368195 	 13 	 200 	 3631 	 1
1787308368200 	 13 	 200 	 3631 	 0
1787308368224 	 14 	 200 	 3634 	 2
1787308368228 	 17 	 200 	 3634 	 1
1787308368228 	 18 	 200 	 3634 	 0
1787308368262 	 15 	 200 	 3635 	 0
1787308368311 	 17 	 200 	 3637 	 1
1787308368317 	 13 	 200 	 3637 	 0
1787308368439 	 24 	 200 	 3638 	 0
1787308368564 	 19 	 200 	 3641 	 2
1787308368571 	 16 	 200 	 3641 	 1
1787308368578 	 16 	 200 	 3641 	 0
1787308368596 	 13 	 200 	 3642 	 0
1787308368641 	 14 	 200 	 3644 	 1
1787308368642 	 21 	 200 	 3644 	 0
1787308368718 	 18 	 200 	 3647 	 2
1787308368721 	 15 	 200 	 3647 	 1
1787308368732 	 14 	 200 	 3647 	 0
1787308368757 	 13 	 200 	 3648 	 0
1787308368796 	 12 	 200 	 3649 	 0
1787308368811 	 14 	 200 	 3651 	 1
1787308368812 	 14 	 200 	 3651 	 0
1787308368842 	 22 	 200 	 3653 	 1
1787308368864 	 14 	 200 	 3654 	 1
1787308368867 	 18 	 200 	 3655 	 1
1787308368886 	 13 	 200 	 3655 	 1
1787308368900 	 15 	 200 	 3657 	 1
1787308368907 	 13 	 200 	 3657 	 0
1787308368924 	 17 	 200 	 3658 	 0
1787308368978 	 16 	 200 	 3662 	 3
1787308368982 	 16 	 200 	 3663 	 3
1787308368983 	 15 	 200 	 3663 	 2
1787308368984 	 15 	 200 	 3663 	 1
1787308368997 	 16 	 200 	 3665 	 2
1787308369025 	 12 	 200 	 3667 	 3
1787308369051 	 65 	 200 	 3671 	 6
1787308369075 	 47 	 200 	 3672 	 6
1787308369112 	 17 	 200 	 3672 	 6
1787308369013 	 119 	 200 	 3673 	 5
1787308369122 	 48 	 200 	 3675 	 6
1787308369131 	 87 	 200 	 3678 	 8
1787308369179 	 48 	 200 	 3679 	 8
1787308369166 	 62 	 200 	 3679 	 7
1787308369082 	 184 	 200 	 3679 	 6
1787308369217 	 58 	 200 	 3679 	 5
1787308369037 	 242 	 200 	 3679 	 4
1787308369229 	 87 	 200 	 3681 	 5
1787308369303 	 21 	 200 	 3681 	 4
1787308369317 	 15 	 200 	 3681 	 3
1787308369156 	 176 	 200 	 3681 	 2
1787308369363 	 14 	 200 	 3685 	 5
1787308369212 	 203 	 200 	 3686 	 5
1787308369363 	 52 	 200 	 3686 	 4
1787308369401 	 22 	 200 	 3687 	 4
1787308369376 	 52 	 200 	 3688 	 4
1787308369428 	 38 	 200 	 3690 	 5
1787308369419 	 48 	 200 	 3690 	 4
1787308369466 	 55 	 200 	 3696 	 9
1787308369474 	 53 	 200 	 3697 	 9
1787308369486 	 42 	 200 	 3697 	 8
1787308369499 	 67 	 200 	 3698 	 8
1787308369469 	 98 	 200 	 3698 	 7
1787308369500 	 116 	 200 	 3700 	 8
1787308369529 	 92 	 200 	 3700 	 7
1787308369579 	 44 	 200 	 3701 	 7
1787308369514 	 113 	 200 	 3701 	 6
1787308369543 	 90 	 200 	 3701 	 5
1787308369569 	 97 	 200 	 3702 	 5
1787308369624 	 45 	 200 	 3703 	 5
1787308369660 	 56 	 200 	 3708 	 9
1787308369697 	 28 	 200 	 3710 	 10
1787308369339 	 389 	 200 	 3711 	 10
1787308369701 	 32 	 200 	 3712 	 10
1787308369671 	 65 	 200 	 3712 	 9
1787308369697 	 118 	 200 	 3717 	 13
1787308369670 	 152 	 200 	 3718 	 13
1787308369452 	 369 	 200 	 3718 	 12
1787308369710 	 119 	 200 	 3718 	 11
1787308369719 	 112 	 200 	 3718 	 10
1787308369723 	 145 	 200 	 3720 	 11
1787308369789 	 80 	 200 	 3720 	 10
1787308369727 	 144 	 200 	 3721 	 10
1787308369766 	 105 	 200 	 3721 	 9
1787308369729 	 193 	 200 	 3725 	 12
1787308369838 	 87 	 200 	 3725 	 11
1787308369821 	 104 	 200 	 3725 	 10
1787308369854 	 80 	 200 	 3725 	 9
1787308369889 	 45 	 200 	 3725 	 8
1787308369805 	 128 	 200 	 3725 	 7
1787308369872 	 94 	 200 	 3726 	 7
1787308369904 	 62 	 200 	 3726 	 6
1787308369810 	 159 	 200 	 3726 	 5
1787308369875 	 95 	 200 	 3726 	 4
1787308369915 	 57 	 200 	 3726 	 3
1787308369817 	 155 	 200 	 3726 	 2
1787308370009 	 13 	 200 	 3728 	 3
1787308370021 	 12 	 200 	 3728 	 2
1787308370042 	 13 	 200 	 3729 	 2
1787308369947 	 139 	 200 	 3729 	 1
1787308370117 	 16 	 200 	 3731 	 2
1787308369012 	 1126 	 200 	 3731 	 1
1787308370101 	 37 	 200 	 3731 	 0
1787308370150 	 16 	 200 	 3734 	 2
1787308370151 	 18 	 200 	 3734 	 1
1787308370159 	 20 	 200 	 3734 	 0
1787308370195 	 19 	 200 	 3736 	 1
1787308370212 	 14 	 200 	 3736 	 0
1787308370228 	 16 	 200 	 3738 	 1
1787308370234 	 14 	 200 	 3738 	 0
1787308370321 	 13 	 200 	 3740 	 1
1787308370318 	 18 	 200 	 3740 	 0
1787308370369 	 18 	 200 	 3744 	 3
1787308370381 	 13 	 200 	 3744 	 2
1787308370374 	 21 	 200 	 3744 	 1
1787308370372 	 26 	 200 	 3744 	 1
1787308370400 	 13 	 200 	 3746 	 1
1787308370400 	 14 	 200 	 3746 	 0
1787308370426 	 13 	 200 	 3748 	 1
1787308370436 	 14 	 200 	 3750 	 2
1787308370445 	 14 	 200 	 3750 	 1
1787308370446 	 42 	 200 	 3755 	 5
1787308370472 	 17 	 200 	 3756 	 5
1787308370468 	 26 	 200 	 3756 	 4
1787308370472 	 23 	 200 	 3756 	 3
1787308370491 	 17 	 200 	 3757 	 3
1787308370476 	 45 	 200 	 3758 	 3
1787308370478 	 44 	 200 	 3758 	 2
1787308370500 	 28 	 200 	 3759 	 2
1787308370510 	 21 	 200 	 3759 	 1
1787308370526 	 50 	 200 	 3760 	 1
1787308370569 	 19 	 200 	 3760 	 0
1787308370599 	 17 	 200 	 3763 	 2
1787308370603 	 15 	 200 	 3763 	 1
1787308370604 	 14 	 200 	 3763 	 0
1787308370649 	 17 	 200 	 3764 	 0
1787308370670 	 16 	 200 	 3768 	 3
1787308370669 	 18 	 200 	 3768 	 2
1787308370671 	 18 	 200 	 3768 	 1
1787308370680 	 28 	 200 	 3770 	 2
1787308370693 	 15 	 200 	 3770 	 1
1787308370705 	 13 	 200 	 3771 	 1
1787308370711 	 13 	 200 	 3771 	 0
1787308370772 	 13 	 200 	 3772 	 0
1787308370821 	 26 	 200 	 3775 	 2
1787308370838 	 14 	 200 	 3775 	 1
1787308370843 	 16 	 200 	 3775 	 0
1787308370894 	 24 	 200 	 3778 	 2
1787308370895 	 25 	 200 	 3778 	 1
1787308370903 	 17 	 200 	 3778 	 0
1787308370967 	 31 	 200 	 3780 	 1
1787308370990 	 19 	 200 	 3780 	 0
1787308371024 	 29 	 200 	 3782 	 1
1787308371037 	 27 	 200 	 3782 	 0
1787308371125 	 16 	 200 	 3785 	 2
1787308371131 	 13 	 200 	 3785 	 1
1787308371157 	 13 	 200 	 3786 	 1
1787308371187 	 36 	 200 	 3792 	 6
1787308371207 	 35 	 200 	 3794 	 7
1787308371193 	 50 	 200 	 3794 	 6
1787308371201 	 42 	 200 	 3794 	 5
1787308371210 	 108 	 200 	 3799 	 9
1787308371282 	 47 	 200 	 3799 	 8
1787308371232 	 98 	 200 	 3799 	 7
1787308371272 	 59 	 200 	 3799 	 6
1787308371231 	 101 	 200 	 3799 	 5
1787308371271 	 61 	 200 	 3799 	 4
1787308371264 	 69 	 200 	 3800 	 4
1787308371188 	 178 	 200 	 3801 	 4
1787308371313 	 103 	 200 	 3804 	 6
1787308371342 	 78 	 200 	 3804 	 5
1787308371334 	 87 	 200 	 3804 	 4
1787308371398 	 27 	 200 	 3804 	 3
1787308371382 	 43 	 200 	 3804 	 2
1787308371455 	 17 	 200 	 3806 	 3
1787308371464 	 56 	 200 	 3806 	 2
1787308371523 	 18 	 200 	 3807 	 2
1787308371375 	 193 	 200 	 3808 	 2
1787308371598 	 23 	 200 	 3811 	 4
1787308371573 	 53 	 200 	 3811 	 3
1787308371594 	 34 	 200 	 3811 	 2
1787308371636 	 30 	 200 	 3813 	 3
1787308371637 	 31 	 200 	 3813 	 2
1787308371564 	 156 	 200 	 3820 	 8
1787308371696 	 33 	 200 	 3820 	 7
1787308371703 	 25 	 200 	 3820 	 6
1787308371694 	 35 	 200 	 3820 	 5
1787308371675 	 56 	 200 	 3820 	 4
1787308371671 	 98 	 200 	 3821 	 4
1787308371751 	 19 	 200 	 3822 	 4
1787308371701 	 115 	 200 	 3825 	 6
1787308371807 	 17 	 200 	 3825 	 5
1787308371715 	 111 	 200 	 3825 	 4
1787308371772 	 59 	 200 	 3826 	 4
1787308371794 	 43 	 200 	 3827 	 4
1787308371097 	 739 	 200 	 3827 	 3
1787308371818 	 23 	 200 	 3827 	 2
1787308371830 	 17 	 200 	 3827 	 1
1787308371833 	 16 	 200 	 3828 	 1
1787308371848 	 13 	 200 	 3829 	 1
1787308371853 	 16 	 200 	 3829 	 0
1787308371874 	 12 	 200 	 3830 	 0
1787308371894 	 13 	 200 	 3831 	 0
1787308371931 	 14 	 200 	 3833 	 1
1787308371944 	 13 	 200 	 3833 	 0
1787308371975 	 14 	 200 	 3834 	 0
1787308371996 	 14 	 200 	 3835 	 0
1787308372069 	 13 	 200 	 3836 	 0
1787308372085 	 18 	 200 	 3837 	 0
1787308372108 	 12 	 200 	 3839 	 1
1787308372112 	 12 	 200 	 3840 	 1
1787308372123 	 15 	 200 	 3841 	 1
1787308372135 	 13 	 200 	 3841 	 0
1787308372186 	 28 	 200 	 3843 	 1
1787308372213 	 15 	 200 	 3844 	 1
1787308372226 	 14 	 200 	 3844 	 0
1787308372248 	 15 	 200 	 3846 	 1
1787308372261 	 15 	 200 	 3847 	 1
1787308372267 	 17 	 200 	 3849 	 2
1787308372281 	 17 	 200 	 3849 	 1
1787308372280 	 24 	 200 	 3850 	 1
1787308372301 	 13 	 200 	 3850 	 0
1787308372324 	 14 	 200 	 3853 	 2
1787308372325 	 18 	 200 	 3854 	 2
1787308372331 	 16 	 200 	 3854 	 1
1787308372342 	 14 	 200 	 3854 	 0
1787308372367 	 13 	 200 	 3856 	 1
1787308372370 	 16 	 200 	 3856 	 0
1787308372397 	 15 	 200 	 3858 	 1
1787308372407 	 14 	 200 	 3858 	 0
1787308372462 	 19 	 200 	 3860 	 1
1787308372474 	 14 	 200 	 3860 	 0
1787308372500 	 15 	 200 	 3865 	 4
1787308372490 	 28 	 200 	 3865 	 3
1787308372505 	 14 	 200 	 3865 	 2
1787308372493 	 26 	 200 	 3865 	 1
1787308372515 	 16 	 200 	 3865 	 0
1787308372543 	 13 	 200 	 3867 	 1
1787308372543 	 14 	 200 	 3867 	 0
1787308372561 	 15 	 200 	 3869 	 1
1787308372575 	 16 	 200 	 3869 	 0
1787308372593 	 20 	 200 	 3871 	 1
1787308372605 	 15 	 200 	 3871 	 0
1787308372639 	 13 	 200 	 3872 	 0
1787308372662 	 14 	 200 	 3874 	 1
1787308372661 	 18 	 200 	 3875 	 1
1787308372677 	 13 	 200 	 3875 	 0
1787308372698 	 15 	 200 	 3876 	 0
1787308372739 	 15 	 200 	 3880 	 4
1787308372735 	 19 	 200 	 3881 	 3
1787308372739 	 15 	 200 	 3881 	 2
1787308372740 	 16 	 200 	 3881 	 1
1787308372755 	 12 	 200 	 3881 	 0
1787308372779 	 13 	 200 	 3882 	 0
1787308372805 	 13 	 200 	 3883 	 0
1787308372823 	 14 	 200 	 3886 	 2
1787308372825 	 15 	 200 	 3886 	 1
1787308372833 	 13 	 200 	 3886 	 0
1787308372870 	 13 	 200 	 3887 	 0
1787308372885 	 14 	 200 	 3889 	 1
1787308372889 	 17 	 200 	 3889 	 0
1787308372909 	 13 	 200 	 3892 	 2
1787308372921 	 19 	 200 	 3895 	 4
1787308372921 	 19 	 200 	 3895 	 4
1787308372926 	 22 	 200 	 3896 	 4
1787308372925 	 23 	 200 	 3897 	 3
1787308372935 	 15 	 200 	 3897 	 2
1787308372942 	 15 	 200 	 3897 	 1
1787308372950 	 12 	 200 	 3897 	 0
1787308372979 	 16 	 200 	 3900 	 2
1787308372980 	 19 	 200 	 3900 	 1
1787308372988 	 14 	 200 	 3900 	 0
1787308373016 	 12 	 200 	 3901 	 0
1787308373043 	 32 	 200 	 3904 	 2
1787308373051 	 26 	 200 	 3904 	 1
1787308373108 	 17 	 200 	 3907 	 3
1787308373057 	 70 	 200 	 3907 	 2
1787308373114 	 14 	 200 	 3907 	 1
1787308373117 	 15 	 200 	 3907 	 0
1787308373135 	 46 	 200 	 3909 	 1
1787308373164 	 17 	 200 	 3909 	 0
1787308373191 	 17 	 200 	 3911 	 1
1787308373203 	 15 	 200 	 3911 	 0
1787308373243 	 14 	 200 	 3914 	 2
1787308373249 	 17 	 200 	 3914 	 1
1787308373258 	 13 	 200 	 3914 	 0
1787308373287 	 16 	 200 	 3918 	 3
1787308373294 	 15 	 200 	 3918 	 2
1787308373297 	 14 	 200 	 3918 	 2
1787308373298 	 17 	 200 	 3919 	 1
1787308373312 	 14 	 200 	 3919 	 0
1787308373341 	 15 	 200 	 3922 	 2
1787308373347 	 15 	 200 	 3922 	 1
1787308373347 	 16 	 200 	 3922 	 0
1787308373378 	 17 	 200 	 3923 	 0
1787308373424 	 15 	 200 	 3924 	 0
1787308373452 	 15 	 200 	 3925 	 0
1787308373473 	 14 	 200 	 3926 	 0
1787308373556 	 22 	 200 	 3928 	 1
1787308373569 	 16 	 200 	 3929 	 1
1787308373582 	 15 	 200 	 3930 	 1
1787308373590 	 15 	 200 	 3930 	 0
1787308373610 	 21 	 200 	 3935 	 4
1787308373622 	 18 	 200 	 3939 	 7
1787308373621 	 21 	 200 	 3939 	 6
1787308373629 	 20 	 200 	 3939 	 5
1787308373630 	 27 	 200 	 3939 	 4
1787308373638 	 22 	 200 	 3940 	 4
1787308373639 	 29 	 200 	 3941 	 4
1787308373639 	 54 	 200 	 3941 	 3
1787308373659 	 35 	 200 	 3941 	 2
1787308373641 	 53 	 200 	 3941 	 1
1787308373662 	 46 	 200 	 3943 	 2
1787308373701 	 32 	 200 	 3944 	 2
1787308373707 	 28 	 200 	 3944 	 1
1787308373729 	 15 	 200 	 3944 	 0
1787308373781 	 18 	 200 	 3948 	 3
1787308373785 	 15 	 200 	 3948 	 2
1787308373790 	 19 	 200 	 3948 	 1
1787308373795 	 16 	 200 	 3948 	 0
1787308373827 	 16 	 200 	 3951 	 2
1787308373835 	 13 	 200 	 3951 	 1
1787308373842 	 17 	 200 	 3951 	 0
1787308373863 	 14 	 200 	 3953 	 1
1787308373870 	 19 	 200 	 3953 	 0
1787308373938 	 21 	 200 	 3955 	 1
1787308373954 	 13 	 200 	 3955 	 0
1787308374002 	 33 	 200 	 3958 	 2
1787308374011 	 26 	 200 	 3958 	 1
1787308374027 	 30 	 200 	 3958 	 0
1787308374112 	 30 	 200 	 3962 	 3
1787308374115 	 35 	 200 	 3963 	 3
1787308374120 	 33 	 200 	 3963 	 2
1787308374114 	 40 	 200 	 3963 	 1
1787308374150 	 13 	 200 	 3963 	 0
1787308374230 	 16 	 200 	 3964 	 0
1787308374267 	 15 	 200 	 3965 	 0
1787308374331 	 16 	 200 	 3967 	 1
1787308374345 	 14 	 200 	 3967 	 0
1787308374405 	 16 	 200 	 3969 	 1
1787308374422 	 12 	 200 	 3969 	 0
1787308374457 	 14 	 200 	 3971 	 1
1787308374463 	 17 	 200 	 3971 	 0
1787308374516 	 13 	 200 	 3973 	 1
1787308374526 	 25 	 200 	 3973 	 0
1787308374592 	 17 	 200 	 3975 	 1
1787308374593 	 18 	 200 	 3975 	 0
1787308374623 	 20 	 200 	 3976 	 0
1787308374652 	 17 	 200 	 3978 	 1
1787308374658 	 13 	 200 	 3978 	 0
1787308374673 	 22 	 200 	 3982 	 3
1787308374676 	 22 	 200 	 3982 	 2
1787308374689 	 18 	 200 	 3982 	 1
1787308374687 	 20 	 200 	 3982 	 0
1787308374718 	 15 	 200 	 3984 	 1
1787308374722 	 13 	 200 	 3984 	 0
1787308374749 	 15 	 200 	 3985 	 0
1787308374808 	 13 	 200 	 3986 	 0
1787308374875 	 29 	 200 	 3990 	 3
1787308374881 	 26 	 200 	 3990 	 2
1787308374873 	 37 	 200 	 3990 	 1
1787308374890 	 23 	 200 	 3990 	 0
1787308374921 	 15 	 200 	 3992 	 1
1787308374923 	 15 	 200 	 3992 	 0
1787308374955 	 14 	 200 	 3994 	 1
1787308374970 	 14 	 200 	 3994 	 0
1787308375001 	 14 	 200 	 3995 	 0
1787308375028 	 13 	 200 	 3998 	 2
1787308375031 	 16 	 200 	 3998 	 1
1787308375038 	 14 	 200 	 3998 	 0
1787308375079 	 12 	 200 	 4001 	 2
1787308375081 	 17 	 200 	 4003 	 3
1787308375091 	 16 	 200 	 4004 	 3
1787308375093 	 25 	 200 	 4007 	 5
1787308375096 	 22 	 200 	 4007 	 4
1787308375106 	 24 	 200 	 4008 	 4
1787308375110 	 26 	 200 	 4008 	 3
1787308375112 	 25 	 200 	 4008 	 2
1787308375117 	 21 	 200 	 4008 	 1
1787308375122 	 17 	 200 	 4008 	 0
1787308375166 	 25 	 200 	 4010 	 1
1787308375188 	 28 	 200 	 4011 	 1
1787308375201 	 24 	 200 	 4012 	 1
1787308375222 	 17 	 200 	 4013 	 1
1787308375235 	 18 	 200 	 4014 	 1
1787308375243 	 13 	 200 	 4014 	 0
1787308375278 	 14 	 200 	 4015 	 0
1787308375303 	 15 	 200 	 4016 	 0
1787308375325 	 13 	 200 	 4017 	 0
1787308375340 	 14 	 200 	 4019 	 1
1787308375352 	 14 	 200 	 4020 	 1
1787308375362 	 14 	 200 	 4021 	 1
1787308375371 	 14 	 200 	 4021 	 0
1787308375452 	 15 	 200 	 4023 	 1
1787308375468 	 15 	 200 	 4023 	 0
1787308375492 	 19 	 200 	 4026 	 2
1787308375491 	 22 	 200 	 4026 	 1
1787308375502 	 14 	 200 	 4026 	 0
1787308375533 	 16 	 200 	 4028 	 1
1787308375541 	 17 	 200 	 4029 	 1
1787308375555 	 12 	 200 	 4029 	 0
1787308375582 	 19 	 200 	 4030 	 0
1787308375641 	 16 	 200 	 4033 	 2
1787308375644 	 15 	 200 	 4033 	 1
1787308375639 	 30 	 200 	 4034 	 1
1787308375666 	 13 	 200 	 4034 	 0
1787308375701 	 15 	 200 	 4036 	 1
1787308375716 	 13 	 200 	 4037 	 1
1787308375719 	 11 	 200 	 4037 	 0
1787308375755 	 13 	 200 	 4038 	 0
1787308375795 	 14 	 200 	 4039 	 1
1787308375810 	 14 	 200 	 4040 	 0
1787308375849 	 13 	 200 	 4041 	 0
1787308375875 	 13 	 200 	 4042 	 0
1787308375890 	 15 	 200 	 4044 	 1
1787308375891 	 17 	 200 	 4044 	 0
1787308375910 	 12 	 200 	 4046 	 1
1787308375921 	 12 	 200 	 4046 	 0
1787308375961 	 31 	 200 	 4047 	 0
1787308376020 	 18 	 200 	 4049 	 1
1787308376017 	 25 	 200 	 4050 	 1
1787308376041 	 21 	 200 	 4052 	 2
1787308376056 	 21 	 200 	 4054 	 3
1787308376056 	 24 	 200 	 4054 	 2
1787308376071 	 15 	 200 	 4054 	 1
1787308376072 	 22 	 200 	 4054 	 0
1787308376098 	 13 	 200 	 4055 	 0
1787308376124 	 15 	 200 	 4059 	 3
1787308376128 	 13 	 200 	 4059 	 2
1787308376130 	 16 	 200 	 4060 	 2
1787308376135 	 13 	 200 	 4060 	 1
1787308376142 	 13 	 200 	 4060 	 0
1787308376194 	 36 	 200 	 4062 	 1
1787308376220 	 20 	 200 	 4062 	 0
1787308376259 	 26 	 200 	 4065 	 2
1787308376279 	 15 	 200 	 4065 	 1
1787308376276 	 22 	 200 	 4065 	 0
1787308376301 	 13 	 200 	 4066 	 0
1787308376320 	 15 	 200 	 4068 	 1
1787308376322 	 14 	 200 	 4068 	 0
1787308376365 	 15 	 200 	 4070 	 1
1787308376364 	 22 	 200 	 4070 	 0
1787308376417 	 13 	 200 	 4071 	 0
1787308376443 	 17 	 200 	 4072 	 0
1787308376474 	 25 	 200 	 4074 	 1
1787308376490 	 16 	 200 	 4074 	 0
1787308376510 	 13 	 200 	 4075 	 0
1787308376554 	 30 	 200 	 4076 	 0
1787308376602 	 39 	 200 	 4079 	 2
1787308376615 	 28 	 200 	 4079 	 1
1787308376630 	 15 	 200 	 4079 	 0
1787308376654 	 15 	 200 	 4082 	 2
1787308376660 	 14 	 200 	 4082 	 1
1787308376665 	 17 	 200 	 4082 	 0
1787308376702 	 13 	 200 	 4083 	 0
1787308376724 	 15 	 200 	 4084 	 0
1787308376745 	 14 	 200 	 4085 	 0
1787308376763 	 13 	 200 	 4087 	 1
1787308376764 	 13 	 200 	 4087 	 0
1787308376795 	 13 	 200 	 4088 	 0
1787308376830 	 24 	 200 	 4090 	 1
1787308376841 	 15 	 200 	 4090 	 0
1787308376924 	 15 	 200 	 4093 	 2
1787308376919 	 20 	 200 	 4093 	 1
1787308376937 	 15 	 200 	 4093 	 0
1787308376965 	 14 	 200 	 4095 	 1
1787308376977 	 13 	 200 	 4096 	 1
1787308376985 	 15 	 200 	 4097 	 1
1787308376998 	 13 	 200 	 4097 	 0
1787308377022 	 12 	 200 	 4098 	 0
1787308377040 	 13 	 200 	 4100 	 1
1787308377040 	 14 	 200 	 4100 	 0
1787308377094 	 25 	 200 	 4103 	 2
1787308377096 	 23 	 200 	 4103 	 1
1787308377105 	 16 	 200 	 4104 	 1
1787308377122 	 18 	 200 	 4105 	 1
1787308377125 	 18 	 200 	 4105 	 0
1787308377146 	 12 	 200 	 4106 	 0
1787308377170 	 14 	 200 	 4108 	 1
1787308377178 	 14 	 200 	 4108 	 0
1787308377198 	 19 	 200 	 4110 	 1
1787308377213 	 18 	 200 	 4110 	 0
1787308377246 	 12 	 200 	 4113 	 2
1787308377254 	 17 	 200 	 4113 	 1
1787308377257 	 15 	 200 	 4113 	 0
1787308377280 	 22 	 200 	 4116 	 2
1787308377286 	 16 	 200 	 4116 	 1
1787308377285 	 20 	 200 	 4116 	 0
1787308377328 	 13 	 200 	 4117 	 0
1787308377362 	 15 	 200 	 4119 	 1
1787308377377 	 14 	 200 	 4119 	 0
1787308377397 	 18 	 200 	 4123 	 3
1787308377402 	 15 	 200 	 4123 	 2
1787308377404 	 19 	 200 	 4123 	 1
1787308377411 	 18 	 200 	 4124 	 1
1787308377425 	 15 	 200 	 4126 	 2
1787308377433 	 17 	 200 	 4127 	 2
1787308377439 	 15 	 200 	 4128 	 2
1787308377446 	 15 	 200 	 4128 	 1
1787308377454 	 12 	 200 	 4128 	 0
1787308377471 	 15 	 200 	 4129 	 0
1787308377505 	 18 	 200 	 4133 	 3
1787308377505 	 20 	 200 	 4133 	 2
1787308377519 	 22 	 200 	 4133 	 1
1787308377523 	 19 	 200 	 4133 	 0
1787308377557 	 15 	 200 	 4134 	 0
1787308377608 	 13 	 200 	 4136 	 1
1787308377612 	 13 	 200 	 4136 	 0
1787308377626 	 18 	 200 	 4137 	 0
1787308377649 	 12 	 200 	 4138 	 0
1787308377680 	 13 	 200 	 4139 	 0
1787308377698 	 20 	 200 	 4140 	 0
1787308377757 	 13 	 200 	 4141 	 0
1787308377806 	 13 	 200 	 4142 	 0
1787308377889 	 35 	 200 	 4143 	 0
1787308377937 	 17 	 200 	 4147 	 3
1787308377931 	 22 	 200 	 4147 	 2
1787308377941 	 16 	 200 	 4147 	 1
1787308377942 	 18 	 200 	 4147 	 0
1787308377973 	 12 	 200 	 4149 	 1
1787308377976 	 16 	 200 	 4151 	 2
1787308377987 	 16 	 200 	 4152 	 2
1787308377988 	 18 	 200 	 4152 	 1
1787308378003 	 14 	 200 	 4153 	 1
1787308378017 	 12 	 200 	 4155 	 2
1787308378028 	 17 	 200 	 4158 	 4
1787308378029 	 23 	 200 	 4158 	 3
1787308378037 	 19 	 200 	 4158 	 2
1787308378041 	 20 	 200 	 4158 	 1
1787308378044 	 17 	 200 	 4158 	 0
1787308378067 	 14 	 200 	 4160 	 1
1787308378067 	 15 	 200 	 4160 	 0
1787308378092 	 20 	 200 	 4161 	 0
1787308378116 	 13 	 200 	 4162 	 0
1787308378145 	 12 	 200 	 4163 	 0
1787308378242 	 17 	 200 	 4165 	 1
1787308378251 	 14 	 200 	 4165 	 0
1787308378292 	 15 	 200 	 4166 	 0
1787308378325 	 16 	 200 	 4169 	 2
1787308378326 	 17 	 200 	 4169 	 1
1787308378334 	 14 	 200 	 4169 	 0
1787308378375 	 14 	 200 	 4171 	 1
1787308378380 	 14 	 200 	 4172 	 1
1787308378392 	 17 	 200 	 4172 	 0
1787308378413 	 18 	 200 	 4173 	 0
1787308378450 	 16 	 200 	 4177 	 3
1787308378462 	 15 	 200 	 4177 	 2
1787308378461 	 16 	 200 	 4177 	 1
1787308378462 	 22 	 200 	 4177 	 0
1787308378519 	 16 	 200 	 4179 	 1
1787308378531 	 13 	 200 	 4180 	 1
1787308378541 	 15 	 200 	 4180 	 0
1787308378568 	 15 	 200 	 4181 	 0
1787308378654 	 25 	 200 	 4185 	 3
1787308378656 	 26 	 200 	 4185 	 2
1787308378678 	 13 	 200 	 4185 	 1
1787308378675 	 36 	 200 	 4185 	 0
1787308378768 	 17 	 200 	 4187 	 1
1787308378765 	 20 	 200 	 4187 	 0
1787308378811 	 14 	 200 	 4188 	 0
1787308378830 	 14 	 200 	 4189 	 0
1787308378857 	 13 	 200 	 4192 	 2
1787308378867 	 15 	 200 	 4192 	 1
1787308378865 	 23 	 200 	 4194 	 3
1787308378886 	 18 	 200 	 4195 	 2
1787308378888 	 19 	 200 	 4195 	 1
1787308378889 	 18 	 200 	 4195 	 0
1787308378916 	 12 	 200 	 4196 	 0
1787308378980 	 15 	 200 	 4197 	 0
1787308379120 	 16 	 200 	 4199 	 1
1787308379130 	 36 	 200 	 4201 	 2
1787308379150 	 34 	 200 	 4202 	 2
1787308379159 	 26 	 200 	 4202 	 1
1787308379168 	 29 	 200 	 4202 	 0
1787308379229 	 17 	 200 	 4204 	 1
1787308379236 	 16 	 200 	 4205 	 1
1787308379250 	 14 	 200 	 4205 	 0
1787308379273 	 13 	 200 	 4206 	 0
1787308379296 	 14 	 200 	 4208 	 1
1787308379302 	 13 	 200 	 4208 	 0
1787308379324 	 14 	 200 	 4210 	 1
1787308379335 	 13 	 200 	 4210 	 0
1787308379366 	 15 	 200 	 4211 	 0
1787308379388 	 17 	 200 	 4213 	 1
1787308379390 	 16 	 200 	 4213 	 0
1787308379425 	 22 	 200 	 4214 	 0
1787308379457 	 12 	 200 	 4216 	 1
1787308379456 	 15 	 200 	 4216 	 0
1787308379479 	 12 	 200 	 4218 	 1
1787308379489 	 14 	 200 	 4219 	 1
1787308379499 	 13 	 200 	 4219 	 0
1787308379514 	 12 	 200 	 4221 	 1
1787308379527 	 16 	 200 	 4221 	 0
1787308379549 	 12 	 200 	 4222 	 0
1787308379584 	 15 	 200 	 4225 	 2
1787308379585 	 14 	 200 	 4225 	 1
1787308379588 	 14 	 200 	 4225 	 0
1787308379621 	 15 	 200 	 4228 	 2
1787308379621 	 18 	 200 	 4228 	 1
1787308379622 	 19 	 200 	 4228 	 0
1787308379665 	 17 	 200 	 4231 	 2
1787308379666 	 16 	 200 	 4231 	 1
1787308379681 	 16 	 200 	 4232 	 1
1787308379692 	 18 	 200 	 4232 	 0
1787308379716 	 15 	 200 	 4233 	 0
1787308379736 	 13 	 200 	 4234 	 0
1787308379751 	 15 	 200 	 4236 	 1
1787308379761 	 16 	 200 	 4237 	 1
1787308379775 	 14 	 200 	 4237 	 0
1787308379792 	 14 	 200 	 4239 	 1
1787308379801 	 16 	 200 	 4239 	 0
1787308379893 	 19 	 200 	 4241 	 1
1787308379904 	 15 	 200 	 4241 	 0
1787308379937 	 15 	 200 	 4242 	 0
1787308379956 	 14 	 200 	 4243 	 0
1787308380011 	 17 	 200 	 4245 	 1
1787308380013 	 17 	 200 	 4245 	 0
1787308380038 	 12 	 200 	 4247 	 1
1787308380046 	 12 	 200 	 4247 	 0
1787308380062 	 25 	 200 	 4250 	 2
1787308380070 	 19 	 200 	 4250 	 1
1787308380082 	 17 	 200 	 4251 	 1
1787308380093 	 19 	 200 	 4253 	 2
1787308380100 	 14 	 200 	 4253 	 1
1787308380107 	 15 	 200 	 4256 	 3
1787308380118 	 14 	 200 	 4256 	 2
1787308380122 	 17 	 200 	 4257 	 2
1787308380122 	 21 	 200 	 4258 	 2
1787308380139 	 14 	 200 	 4258 	 1
1787308380142 	 15 	 200 	 4258 	 0
1787308380181 	 29 	 200 	 4262 	 3
1787308380183 	 34 	 200 	 4262 	 2
1787308380193 	 25 	 200 	 4262 	 1
1787308380206 	 16 	 200 	 4262 	 0
1787308380279 	 13 	 200 	 4265 	 2
1787308380288 	 18 	 200 	 4267 	 3
1787308380290 	 20 	 200 	 4267 	 2
1787308380303 	 18 	 200 	 4268 	 2
1787308380303 	 25 	 200 	 4268 	 1
1787308380315 	 16 	 200 	 4270 	 2
1787308380330 	 16 	 200 	 4270 	 1
1787308380331 	 17 	 200 	 4270 	 0
1787308380383 	 18 	 200 	 4271 	 1
1787308380406 	 15 	 200 	 4275 	 3
1787308380402 	 19 	 200 	 4275 	 2
1787308380411 	 21 	 200 	 4275 	 1
1787308380416 	 18 	 200 	 4275 	 0
1787308380436 	 14 	 200 	 4276 	 0
1787308380452 	 13 	 200 	 4277 	 0
1787308380467 	 13 	 200 	 4278 	 0
1787308380491 	 13 	 200 	 4279 	 0
1787308380511 	 12 	 200 	 4280 	 0
1787308380544 	 20 	 200 	 4285 	 4
1787308380551 	 15 	 200 	 4285 	 3
1787308380553 	 23 	 200 	 4285 	 2
1787308380564 	 16 	 200 	 4285 	 1
1787308380559 	 24 	 200 	 4285 	 0
1787308380626 	 14 	 200 	 4286 	 0
1787308380646 	 15 	 200 	 4287 	 0
1787308380670 	 18 	 200 	 4289 	 1
1787308380681 	 15 	 200 	 4289 	 0
1787308380703 	 15 	 200 	 4292 	 2
1787308380713 	 14 	 200 	 4293 	 2
1787308380714 	 16 	 200 	 4293 	 1
1787308380726 	 13 	 200 	 4293 	 0
1787308380767 	 14 	 200 	 4294 	 0
1787308380789 	 16 	 200 	 4295 	 0
1787308380811 	 14 	 200 	 4296 	 0
1787308380844 	 13 	 200 	 4297 	 0
1787308380884 	 16 	 200 	 4298 	 0
1787308380903 	 18 	 200 	 4299 	 0
1787308380928 	 12 	 200 	 4300 	 0
1787308380982 	 14 	 200 	 4302 	 1
1787308380993 	 12 	 200 	 4302 	 0
1787308381022 	 15 	 200 	 4303 	 0
1787308381062 	 29 	 200 	 4304 	 0
1787308381099 	 13 	 200 	 4305 	 0
1787308381118 	 16 	 200 	 4307 	 1
1787308381127 	 14 	 200 	 4307 	 0
1787308381169 	 15 	 200 	 4309 	 1
1787308381170 	 16 	 200 	 4309 	 0
1787308381203 	 34 	 200 	 4311 	 1
1787308381234 	 29 	 200 	 4313 	 2
1787308381245 	 19 	 200 	 4313 	 1
1787308381260 	 15 	 200 	 4313 	 0
1787308381342 	 15 	 200 	 4315 	 1
1787308381344 	 18 	 200 	 4315 	 0
1787308381377 	 17 	 200 	 4316 	 0
1787308381399 	 16 	 200 	 4320 	 3
1787308381403 	 18 	 200 	 4320 	 2
1787308381403 	 23 	 200 	 4320 	 1
1787308381404 	 26 	 200 	 4320 	 0
1787308381440 	 16 	 200 	 4323 	 2
1787308381449 	 14 	 200 	 4323 	 1
1787308381448 	 17 	 200 	 4323 	 1
1787308381466 	 15 	 200 	 4327 	 3
1787308381470 	 23 	 200 	 4328 	 3
1787308381470 	 25 	 200 	 4328 	 2
1787308381480 	 17 	 200 	 4328 	 1
1787308381484 	 23 	 200 	 4328 	 0
1787308381517 	 13 	 200 	 4331 	 2
1787308381514 	 24 	 200 	 4331 	 1
1787308381520 	 19 	 200 	 4331 	 0
1787308381578 	 29 	 200 	 4333 	 1
1787308381581 	 30 	 200 	 4333 	 0
1787308381630 	 14 	 200 	 4335 	 1
1787308381640 	 16 	 200 	 4335 	 0
1787308381673 	 19 	 200 	 4342 	 6
1787308381674 	 21 	 200 	 4342 	 5
1787308381674 	 26 	 200 	 4342 	 4
1787308381676 	 37 	 200 	 4343 	 4
1787308381689 	 24 	 200 	 4343 	 3
1787308381691 	 26 	 200 	 4343 	 2
1787308381710 	 14 	 200 	 4343 	 1
1787308381689 	 33 	 200 	 4343 	 0
1787308381727 	 13 	 200 	 4344 	 0
1787308381748 	 14 	 200 	 4345 	 0
1787308381796 	 14 	 200 	 4346 	 0
1787308381836 	 15 	 200 	 4348 	 1
1787308381841 	 19 	 200 	 4348 	 0
1787308381884 	 14 	 200 	 4349 	 0
1787308381935 	 14 	 200 	 4350 	 0
1787308381986 	 14 	 200 	 4351 	 0
1787308382013 	 19 	 200 	 4352 	 0
1787308382045 	 14 	 200 	 4354 	 1
1787308382051 	 15 	 200 	 4354 	 0
1787308382087 	 14 	 200 	 4357 	 2
1787308382101 	 16 	 200 	 4359 	 3
1787308382101 	 17 	 200 	 4359 	 2
1787308382112 	 16 	 200 	 4359 	 1
1787308382112 	 16 	 200 	 4359 	 0
1787308382144 	 14 	 200 	 4360 	 0
1787308382163 	 16 	 200 	 4362 	 1
1787308382165 	 15 	 200 	 4362 	 0
1787308382208 	 13 	 200 	 4363 	 0
1787308382276 	 22 	 200 	 4364 	 0
1787308382440 	 18 	 200 	 4365 	 0
1787308382503 	 13 	 200 	 4367 	 1
1787308382502 	 29 	 200 	 4367 	 1
1787308382532 	 12 	 200 	 4368 	 0
1787308382559 	 12 	 200 	 4369 	 0
1787308382594 	 15 	 200 	 4370 	 0
1787308382647 	 18 	 200 	 4374 	 3
1787308382651 	 19 	 200 	 4374 	 2
1787308382654 	 16 	 200 	 4374 	 1
1787308382660 	 17 	 200 	 4374 	 0
1787308382684 	 16 	 200 	 4376 	 1
1787308382682 	 19 	 200 	 4376 	 0
1787308382736 	 14 	 200 	 4377 	 0
1787308382764 	 13 	 200 	 4381 	 3
1787308382762 	 16 	 200 	 4381 	 2
1787308382761 	 20 	 200 	 4381 	 1
1787308382769 	 16 	 200 	 4381 	 0
1787308382793 	 14 	 200 	 4382 	 0
1787308382824 	 13 	 200 	 4384 	 1
1787308382836 	 13 	 200 	 4384 	 0
1787308382868 	 18 	 200 	 4386 	 1
1787308382873 	 15 	 200 	 4386 	 0
1787308382913 	 13 	 200 	 4387 	 0
1787308382933 	 15 	 200 	 4389 	 1
1787308382946 	 12 	 200 	 4389 	 0
1787308382971 	 14 	 200 	 4390 	 0
1787308382989 	 13 	 200 	 4391 	 0
1787308383095 	 14 	 200 	 4393 	 1
1787308383090 	 21 	 200 	 4393 	 0
1787308383122 	 16 	 200 	 4394 	 0
1787308383173 	 38 	 200 	 4397 	 2
1787308383180 	 32 	 200 	 4397 	 1
1787308383195 	 29 	 200 	 4397 	 0
1787308383234 	 13 	 200 	 4399 	 1
1787308383243 	 11 	 200 	 4399 	 0
1787308383268 	 14 	 200 	 4402 	 2
1787308383268 	 15 	 200 	 4402 	 1
1787308383282 	 19 	 200 	 4404 	 2
1787308383291 	 19 	 200 	 4404 	 1
1787308383294 	 19 	 200 	 4404 	 0
1787308383330 	 16 	 200 	 4407 	 2
1787308383334 	 13 	 200 	 4407 	 1
1787308383343 	 15 	 200 	 4407 	 0
1787308383369 	 19 	 200 	 4411 	 3
1787308383371 	 17 	 200 	 4411 	 2
1787308383366 	 22 	 200 	 4411 	 1
1787308383381 	 16 	 200 	 4411 	 0
1787308383402 	 18 	 200 	 4415 	 3
1787308383406 	 19 	 200 	 4415 	 2
1787308383411 	 15 	 200 	 4415 	 1
1787308383420 	 14 	 200 	 4416 	 1
1787308383428 	 13 	 200 	 4417 	 1
1787308383436 	 13 	 200 	 4418 	 1
1787308383450 	 14 	 200 	 4419 	 1
1787308383457 	 12 	 200 	 4419 	 0
1787308383488 	 13 	 200 	 4420 	 0
1787308383506 	 16 	 200 	 4422 	 1
1787308383513 	 16 	 200 	 4424 	 2
1787308383527 	 14 	 200 	 4424 	 1
1787308383529 	 14 	 200 	 4424 	 0
1787308383551 	 16 	 200 	 4426 	 1
1787308383554 	 15 	 200 	 4426 	 0
1787308383599 	 15 	 200 	 4428 	 1
1787308383614 	 13 	 200 	 4428 	 0
1787308383632 	 17 	 200 	 4430 	 1
1787308383638 	 12 	 200 	 4430 	 0
1787308383671 	 14 	 200 	 4433 	 2
1787308383664 	 32 	 200 	 4433 	 1
1787308383681 	 17 	 200 	 4433 	 0
1787308383724 	 20 	 200 	 4435 	 1
1787308383736 	 12 	 200 	 4435 	 0
1787308383767 	 14 	 200 	 4436 	 0
1787308383804 	 13 	 200 	 4437 	 0
1787308383856 	 33 	 200 	 4441 	 3
1787308383861 	 30 	 200 	 4442 	 3
1787308383882 	 18 	 200 	 4442 	 2
1787308383885 	 20 	 200 	 4442 	 1
1787308383893 	 14 	 200 	 4442 	 0
1787308383939 	 31 	 200 	 4444 	 1
1787308383973 	 14 	 200 	 4445 	 1
1787308383980 	 14 	 200 	 4445 	 0
1787308384005 	 29 	 200 	 4448 	 2
1787308384015 	 20 	 200 	 4448 	 1
1787308384021 	 22 	 200 	 4450 	 2
1787308384038 	 16 	 200 	 4451 	 2
1787308384042 	 14 	 200 	 4451 	 1
1787308384048 	 26 	 200 	 4454 	 3
1787308384060 	 15 	 200 	 4454 	 2
1787308384066 	 20 	 200 	 4454 	 1
1787308384070 	 17 	 200 	 4454 	 0
1787308384145 	 14 	 200 	 4458 	 3
1787308384141 	 22 	 200 	 4458 	 2
1787308384145 	 22 	 200 	 4458 	 1
1787308384155 	 15 	 200 	 4458 	 0
1787308384174 	 13 	 200 	 4460 	 1
1787308384184 	 15 	 200 	 4460 	 0
1787308384204 	 14 	 200 	 4463 	 2
1787308384208 	 13 	 200 	 4463 	 1
1787308384209 	 15 	 200 	 4463 	 0
1787308384227 	 13 	 200 	 4465 	 1
1787308384233 	 15 	 200 	 4465 	 0
1787308384265 	 19 	 200 	 4467 	 1
1787308384275 	 16 	 200 	 4467 	 0
1787308384305 	 14 	 200 	 4468 	 0
1787308384383 	 22 	 200 	 4474 	 5
1787308384393 	 15 	 200 	 4474 	 4
1787308384384 	 28 	 200 	 4474 	 3
1787308384394 	 32 	 200 	 4475 	 3
1787308384401 	 25 	 200 	 4475 	 2
1787308384400 	 28 	 200 	 4475 	 1
1787308384423 	 15 	 200 	 4477 	 2
1787308384433 	 16 	 200 	 4477 	 1
1787308384436 	 15 	 200 	 4477 	 0
1787308384458 	 13 	 200 	 4479 	 1
1787308384465 	 13 	 200 	 4479 	 0
1787308384492 	 25 	 200 	 4481 	 1
1787308384496 	 24 	 200 	 4481 	 0
1787308384544 	 15 	 200 	 4482 	 0
1787308384594 	 14 	 200 	 4484 	 1
1787308384604 	 13 	 200 	 4485 	 1
1787308384612 	 12 	 200 	 4485 	 0
1787308384628 	 14 	 200 	 4486 	 0
1787308384655 	 13 	 200 	 4488 	 1
1787308384656 	 16 	 200 	 4488 	 0
1787308384673 	 13 	 200 	 4491 	 2
1787308384683 	 19 	 200 	 4492 	 2
1787308384686 	 18 	 200 	 4492 	 1
1787308384703 	 13 	 200 	 4492 	 0
1787308384720 	 13 	 200 	 4494 	 1
1787308384730 	 13 	 200 	 4496 	 2
1787308384736 	 17 	 200 	 4497 	 2
1787308384737 	 20 	 200 	 4497 	 1
1787308384746 	 14 	 200 	 4498 	 1
1787308384758 	 15 	 200 	 4498 	 0
1787308384826 	 14 	 200 	 4499 	 0
1787308384858 	 15 	 200 	 4501 	 1
1787308384865 	 14 	 200 	 4501 	 0
1787308384888 	 14 	 200 	 4504 	 2
1787308384895 	 13 	 200 	 4504 	 2
1787308384898 	 13 	 200 	 4505 	 1
1787308384910 	 13 	 200 	 4505 	 0
1787308384939 	 13 	 200 	 4506 	 0
1787308385001 	 38 	 200 	 4508 	 1
1787308385016 	 28 	 200 	 4509 	 1
1787308385044 	 15 	 200 	 4509 	 0
1787308385073 	 16 	 200 	 4510 	 0
1787308385095 	 17 	 200 	 4513 	 2
1787308385099 	 16 	 200 	 4513 	 1
1787308385104 	 12 	 200 	 4513 	 0
1787308385128 	 14 	 200 	 4514 	 0
1787308385166 	 14 	 200 	 4517 	 2
1787308385168 	 13 	 200 	 4517 	 1
1787308385180 	 14 	 200 	 4517 	 0
1787308385230 	 12 	 200 	 4519 	 1
1787308385240 	 19 	 200 	 4521 	 2
1787308385248 	 22 	 200 	 4522 	 2
1787308385247 	 22 	 200 	 4522 	 1
1787308385264 	 14 	 200 	 4522 	 0
1787308385317 	 13 	 200 	 4525 	 2
1787308385327 	 28 	 200 	 4526 	 2
1787308385329 	 26 	 200 	 4526 	 1
1787308385331 	 25 	 200 	 4526 	 0
1787308385363 	 16 	 200 	 4528 	 1
1787308385368 	 13 	 200 	 4528 	 0
1787308385404 	 16 	 200 	 4530 	 1
1787308385418 	 17 	 200 	 4530 	 0
1787308385462 	 17 	 200 	 4533 	 2
1787308385462 	 19 	 200 	 4533 	 1
1787308385471 	 19 	 200 	 4533 	 0
1787308385545 	 13 	 200 	 4534 	 0
1787308385575 	 13 	 200 	 4535 	 0
1787308385592 	 19 	 200 	 4539 	 3
1787308385594 	 28 	 200 	 4541 	 4
1787308385598 	 24 	 200 	 4541 	 3
1787308385600 	 25 	 200 	 4541 	 2
1787308385612 	 20 	 200 	 4541 	 1
1787308385619 	 17 	 200 	 4542 	 1
1787308385635 	 13 	 200 	 4542 	 0
1787308385652 	 17 	 200 	 4544 	 1
1787308385664 	 14 	 200 	 4544 	 0
1787308385686 	 15 	 200 	 4549 	 4
1787308385688 	 24 	 200 	 4549 	 3
1787308385700 	 20 	 200 	 4550 	 3
1787308385699 	 22 	 200 	 4550 	 2
1787308385700 	 21 	 200 	 4550 	 1
1787308385719 	 17 	 200 	 4552 	 2
1787308385728 	 15 	 200 	 4552 	 1
1787308385735 	 13 	 200 	 4552 	 0
1787308385775 	 13 	 200 	 4553 	 0
1787308385792 	 15 	 200 	 4554 	 0
1787308385821 	 13 	 200 	 4555 	 0
1787308385882 	 28 	 200 	 4560 	 5
1787308385878 	 32 	 200 	 4560 	 4
1787308385877 	 34 	 200 	 4561 	 3
1787308385888 	 25 	 200 	 4562 	 3
1787308385912 	 29 	 200 	 4565 	 5
1787308385913 	 31 	 200 	 4565 	 4
1787308385901 	 44 	 200 	 4565 	 3
1787308385917 	 63 	 200 	 4569 	 6
1787308385942 	 49 	 200 	 4569 	 5
1787308385956 	 38 	 200 	 4569 	 4
1787308385931 	 64 	 200 	 4569 	 3
1787308385961 	 35 	 200 	 4569 	 2
1787308385968 	 53 	 200 	 4569 	 1
1787308385973 	 49 	 200 	 4569 	 0
1787308386047 	 13 	 200 	 4570 	 0
1787308386071 	 15 	 200 	 4572 	 1
1787308386079 	 17 	 200 	 4572 	 0
1787308386096 	 14 	 200 	 4574 	 1
1787308386097 	 16 	 200 	 4574 	 0
1787308386125 	 14 	 200 	 4576 	 1
1787308386129 	 11 	 200 	 4576 	 0
1787308386151 	 15 	 200 	 4579 	 2
1787308386157 	 13 	 200 	 4579 	 1
1787308386162 	 17 	 200 	 4579 	 0
1787308386182 	 12 	 200 	 4580 	 0
1787308386200 	 12 	 200 	 4581 	 0
1787308386239 	 22 	 200 	 4583 	 1
1787308386243 	 19 	 200 	 4583 	 0
1787308386280 	 13 	 200 	 4585 	 1
1787308386292 	 15 	 200 	 4585 	 0
1787308386316 	 23 	 200 	 4587 	 1
1787308386322 	 20 	 200 	 4587 	 0
1787308386385 	 14 	 200 	 4588 	 0
1787308386438 	 21 	 200 	 4590 	 1
1787308386443 	 19 	 200 	 4590 	 0
1787308386485 	 13 	 200 	 4591 	 0
1787308386544 	 14 	 200 	 4594 	 2
1787308386520 	 42 	 200 	 4595 	 2
1787308386559 	 15 	 200 	 4595 	 1
1787308386575 	 17 	 200 	 4598 	 3
1787308386662 	 13 	 200 	 4600 	 4
1787308386587 	 88 	 200 	 4600 	 3
1787308386716 	 16 	 200 	 4602 	 4
1787308386591 	 179 	 200 	 4604 	 5
1787308386704 	 68 	 200 	 4604 	 4
1787308386652 	 124 	 200 	 4604 	 3
1787308386520 	 258 	 200 	 4604 	 2
1787308386766 	 59 	 200 	 4604 	 1
1787308386744 	 84 	 200 	 4605 	 1
1787308386827 	 19 	 200 	 4606 	 1
1787308386843 	 13 	 200 	 4606 	 0
1787308386913 	 33 	 200 	 4609 	 2
1787308386926 	 26 	 200 	 4609 	 1
1787308386948 	 12 	 200 	 4609 	 0
1787308387022 	 36 	 200 	 4613 	 3
1787308387088 	 13 	 200 	 4616 	 5
1787308387098 	 22 	 200 	 4617 	 5
1787308387109 	 16 	 200 	 4617 	 4
1787308387052 	 89 	 200 	 4620 	 6
1787308387053 	 88 	 200 	 4620 	 5
1787308387134 	 40 	 200 	 4623 	 7
1787308387145 	 28 	 200 	 4623 	 6
1787308387141 	 33 	 200 	 4623 	 5
1787308387157 	 63 	 200 	 4624 	 5
1787308387213 	 15 	 200 	 4624 	 4
1787308387063 	 173 	 200 	 4624 	 3
1787308387257 	 16 	 200 	 4625 	 3
1787308387274 	 15 	 200 	 4626 	 3
1787308387027 	 293 	 200 	 4627 	 3
1787308387139 	 183 	 200 	 4628 	 3
1787308387156 	 170 	 200 	 4628 	 2
1787308387311 	 17 	 200 	 4628 	 1
1787308387323 	 26 	 200 	 4630 	 2
1787308387335 	 16 	 200 	 4630 	 1
1787308387336 	 17 	 200 	 4631 	 1
1787308387353 	 19 	 200 	 4632 	 1
1787308387373 	 13 	 200 	 4632 	 0
1787308387394 	 15 	 200 	 4635 	 2
1787308387408 	 18 	 200 	 4636 	 2
1787308387410 	 19 	 200 	 4636 	 1
1787308387420 	 14 	 200 	 4636 	 0
1787308387447 	 12 	 200 	 4637 	 0
1787308387522 	 12 	 200 	 4638 	 0
1787308387585 	 22 	 200 	 4641 	 2
1787308387568 	 40 	 200 	 4641 	 1
1787308387607 	 14 	 200 	 4642 	 1
1787308387619 	 13 	 200 	 4642 	 0
1787308387635 	 14 	 200 	 4646 	 3
1787308387640 	 21 	 200 	 4647 	 3
1787308387644 	 18 	 200 	 4647 	 2
1787308387644 	 19 	 200 	 4647 	 1
1787308387654 	 14 	 200 	 4647 	 0
1787308387675 	 16 	 200 	 4649 	 1
1787308387679 	 18 	 200 	 4649 	 0
1787308387703 	 17 	 200 	 4650 	 0
1787308387794 	 14 	 200 	 4651 	 0
1787308387859 	 15 	 200 	 4652 	 0
1787308387894 	 20 	 200 	 4655 	 2
1787308387893 	 21 	 200 	 4655 	 1
1787308387908 	 16 	 200 	 4656 	 1
1787308387920 	 13 	 200 	 4656 	 0
1787308387938 	 12 	 200 	 4657 	 0
1787308387986 	 32 	 200 	 4659 	 1
1787308387997 	 25 	 200 	 4659 	 0
1787308388060 	 39 	 200 	 4663 	 3
1787308388063 	 37 	 200 	 4663 	 2
1787308388065 	 37 	 200 	 4663 	 1
1787308388088 	 16 	 200 	 4663 	 0
1787308388121 	 14 	 200 	 4666 	 2
1787308388130 	 13 	 200 	 4667 	 2
1787308388131 	 14 	 200 	 4667 	 1
1787308388142 	 16 	 200 	 4667 	 0
1787308388179 	 13 	 200 	 4668 	 0
1787308388196 	 13 	 200 	 4670 	 1
1787308388206 	 12 	 200 	 4670 	 0
1787308388227 	 18 	 200 	 4673 	 2
1787308388230 	 17 	 200 	 4673 	 1
1787308388233 	 15 	 200 	 4673 	 0
1787308388275 	 13 	 200 	 4675 	 1
1787308388261 	 30 	 200 	 4676 	 1
1787308388353 	 21 	 200 	 4677 	 1
1787308388396 	 33 	 200 	 4682 	 5
1787308388409 	 20 	 200 	 4682 	 4
1787308388396 	 33 	 200 	 4682 	 3
1787308388421 	 50 	 200 	 4684 	 5
1787308388457 	 15 	 200 	 4685 	 4
1787308388407 	 64 	 200 	 4685 	 3
1787308388476 	 14 	 200 	 4687 	 4
1787308388485 	 37 	 200 	 4691 	 7
1787308388473 	 54 	 200 	 4691 	 6
1787308388495 	 37 	 200 	 4691 	 5
1787308388501 	 65 	 200 	 4692 	 5
1787308388520 	 52 	 200 	 4692 	 4
1787308388537 	 41 	 200 	 4692 	 3
1787308388518 	 61 	 200 	 4692 	 2
1787308388614 	 16 	 200 	 4696 	 5
1787308388461 	 169 	 200 	 4696 	 4
1787308388597 	 36 	 200 	 4696 	 3
1787308388291 	 343 	 200 	 4696 	 2
1787308388601 	 68 	 200 	 4697 	 2
1787308388625 	 46 	 200 	 4697 	 1
1787308388646 	 28 	 200 	 4698 	 1
1787308388673 	 13 	 200 	 4698 	 0
1787308388689 	 15 	 200 	 4699 	 0
1787308388718 	 16 	 200 	 4701 	 1
1787308388726 	 13 	 200 	 4701 	 0
1787308388741 	 16 	 200 	 4704 	 2
1787308388749 	 23 	 200 	 4706 	 3
1787308388752 	 27 	 200 	 4706 	 2
1787308388762 	 17 	 200 	 4706 	 1
1787308388762 	 18 	 200 	 4706 	 0
1787308388793 	 19 	 200 	 4708 	 1
1787308388795 	 19 	 200 	 4708 	 0
1787308388880 	 14 	 200 	 4709 	 0
1787308388927 	 28 	 200 	 4710 	 1
1787308388957 	 13 	 200 	 4711 	 0
1787308388975 	 34 	 200 	 4712 	 0
1787308389017 	 18 	 200 	 4713 	 0
1787308389037 	 13 	 200 	 4715 	 1
1787308389046 	 13 	 200 	 4715 	 0
1787308389073 	 13 	 200 	 4716 	 0
1787308389090 	 15 	 200 	 4718 	 1
1787308389098 	 12 	 200 	 4718 	 0
1787308389150 	 33 	 200 	 4721 	 2
1787308389160 	 29 	 200 	 4721 	 1
1787308389205 	 13 	 200 	 4723 	 2
1787308389181 	 36 	 200 	 4723 	 1
1787308389210 	 17 	 200 	 4724 	 1
1787308389226 	 15 	 200 	 4725 	 1
1787308389235 	 14 	 200 	 4725 	 0
1787308389287 	 15 	 200 	 4726 	 0
1787308389411 	 15 	 200 	 4727 	 0
1787308389470 	 15 	 200 	 4728 	 0
1787308389496 	 16 	 200 	 4730 	 1
1787308389508 	 14 	 200 	 4730 	 0
1787308389564 	 27 	 200 	 4734 	 3
1787308389559 	 35 	 200 	 4734 	 2
1787308389581 	 15 	 200 	 4734 	 1
1787308389570 	 27 	 200 	 4734 	 0
1787308389672 	 30 	 200 	 4735 	 0
1787308389706 	 14 	 200 	 4737 	 1
1787308389719 	 13 	 200 	 4737 	 0
1787308389772 	 14 	 200 	 4738 	 0
1787308389812 	 15 	 200 	 4739 	 0
1787308389830 	 14 	 200 	 4742 	 2
1787308389836 	 17 	 200 	 4742 	 1
1787308389839 	 15 	 200 	 4742 	 0
1787308389927 	 34 	 200 	 4745 	 2
1787308389932 	 32 	 200 	 4745 	 1
1787308389948 	 21 	 200 	 4745 	 0
1787308389986 	 18 	 200 	 4747 	 1
1787308390004 	 18 	 200 	 4747 	 0
1787308390031 	 12 	 200 	 4749 	 1
1787308390037 	 14 	 200 	 4749 	 0
1787308390057 	 13 	 200 	 4751 	 1
1787308390059 	 13 	 200 	 4751 	 0
1787308390091 	 12 	 200 	 4752 	 0
1787308390110 	 14 	 200 	 4753 	 0
1787308390149 	 14 	 200 	 4754 	 0
1787308390172 	 18 	 200 	 4757 	 2
1787308390185 	 15 	 200 	 4757 	 1
1787308390190 	 12 	 200 	 4757 	 0
1787308390209 	 13 	 200 	 4759 	 1
1787308390220 	 13 	 200 	 4760 	 1
1787308390224 	 16 	 200 	 4760 	 0
1787308390253 	 17 	 200 	 4762 	 1
1787308390254 	 17 	 200 	 4762 	 0
1787308390324 	 14 	 200 	 4764 	 1
1787308390333 	 18 	 200 	 4765 	 1
1787308390341 	 13 	 200 	 4765 	 0
1787308390361 	 13 	 200 	 4766 	 0
1787308390402 	 16 	 200 	 4768 	 1
1787308390408 	 13 	 200 	 4768 	 0
1787308390430 	 18 	 200 	 4770 	 1
1787308390439 	 14 	 200 	 4770 	 0
1787308390461 	 13 	 200 	 4772 	 1
1787308390474 	 14 	 200 	 4773 	 1
1787308390485 	 13 	 200 	 4773 	 0
1787308390509 	 13 	 200 	 4774 	 0
1787308390551 	 15 	 200 	 4777 	 2
1787308390560 	 17 	 200 	 4777 	 1
1787308390565 	 15 	 200 	 4777 	 0
1787308390594 	 16 	 200 	 4778 	 0
1787308390626 	 16 	 200 	 4780 	 1
1787308390642 	 14 	 200 	 4780 	 0
1787308390666 	 14 	 200 	 4783 	 2
1787308390672 	 15 	 200 	 4784 	 2
1787308390681 	 14 	 200 	 4784 	 1
1787308390673 	 26 	 200 	 4785 	 1
1787308390697 	 13 	 200 	 4785 	 0
1787308390718 	 13 	 200 	 4786 	 0
1787308390740 	 29 	 200 	 4790 	 3
1787308390764 	 17 	 200 	 4790 	 2
1787308390763 	 22 	 200 	 4790 	 1
1787308390767 	 18 	 200 	 4790 	 0
1787308390796 	 13 	 200 	 4792 	 1
1787308390814 	 16 	 200 	 4794 	 2
1787308390813 	 30 	 200 	 4795 	 2
1787308390806 	 38 	 200 	 4795 	 1
1787308390839 	 16 	 200 	 4796 	 1
1787308390855 	 13 	 200 	 4797 	 1
1787308390857 	 13 	 200 	 4797 	 0
1787308390873 	 13 	 200 	 4798 	 0
1787308390898 	 12 	 200 	 4799 	 0
1787308390916 	 16 	 200 	 4801 	 1
1787308390919 	 13 	 200 	 4801 	 0
1787308390952 	 19 	 200 	 4802 	 0
1787308390988 	 33 	 200 	 4805 	 2
1787308391003 	 21 	 200 	 4806 	 2
1787308391021 	 23 	 200 	 4807 	 2
1787308391032 	 14 	 200 	 4807 	 1
1787308391024 	 23 	 200 	 4807 	 0
1787308391050 	 12 	 200 	 4809 	 1
1787308391056 	 12 	 200 	 4809 	 0
1787308391095 	 16 	 200 	 4810 	 0
1787308391136 	 17 	 200 	 4813 	 2
1787308391142 	 13 	 200 	 4813 	 1
1787308391152 	 15 	 200 	 4813 	 0
1787308391176 	 12 	 200 	 4814 	 0
1787308391208 	 15 	 200 	 4815 	 0
1787308391277 	 21 	 200 	 4816 	 0
1787308391305 	 17 	 200 	 4817 	 0
1787308391361 	 14 	 200 	 4819 	 1
1787308391364 	 18 	 200 	 4820 	 1
1787308391381 	 16 	 200 	 4820 	 0
1787308391414 	 15 	 200 	 4822 	 1
1787308391411 	 26 	 200 	 4823 	 1
1787308391438 	 15 	 200 	 4824 	 1
1787308391432 	 21 	 200 	 4824 	 0
1787308391458 	 17 	 200 	 4827 	 2
1787308391463 	 14 	 200 	 4827 	 1
1787308391469 	 13 	 200 	 4827 	 0
1787308391494 	 17 	 200 	 4828 	 0
1787308391531 	 17 	 200 	 4830 	 1
1787308391533 	 15 	 200 	 4830 	 0
1787308391556 	 14 	 200 	 4833 	 2
1787308391554 	 19 	 200 	 4833 	 1
1787308391566 	 17 	 200 	 4834 	 1
1787308391580 	 12 	 200 	 4834 	 0
1787308391596 	 16 	 200 	 4835 	 0
1787308391630 	 13 	 200 	 4836 	 0
1787308391693 	 13 	 200 	 4837 	 0
1787308391710 	 13 	 200 	 4838 	 0
1787308391737 	 12 	 200 	 4839 	 0
1787308391769 	 13 	 200 	 4840 	 0
1787308391789 	 14 	 200 	 4843 	 2
1787308391794 	 14 	 200 	 4843 	 1
1787308391800 	 43 	 200 	 4848 	 5
1787308391811 	 34 	 200 	 4848 	 4
1787308391820 	 28 	 200 	 4848 	 3
1787308391830 	 19 	 200 	 4848 	 2
1787308391834 	 19 	 200 	 4848 	 1
1787308391828 	 27 	 200 	 4848 	 0
1787308391882 	 17 	 200 	 4849 	 0
1787308391917 	 14 	 200 	 4851 	 1
1787308391927 	 13 	 200 	 4851 	 0
1787308391971 	 17 	 200 	 4852 	 0
1787308392027 	 52 	 200 	 4856 	 3
1787308392068 	 15 	 200 	 4856 	 2
1787308392077 	 13 	 200 	 4856 	 1
1787308392079 	 14 	 200 	 4856 	 0
1787308392166 	 31 	 200 	 4858 	 1
1787308392177 	 23 	 200 	 4858 	 0
1787308392226 	 14 	 200 	 4859 	 0
1787308392256 	 15 	 200 	 4861 	 1
1787308392259 	 14 	 200 	 4861 	 0
1787308392275 	 12 	 200 	 4862 	 0
1787308392293 	 18 	 200 	 4865 	 2
1787308392304 	 17 	 200 	 4867 	 3
1787308392304 	 19 	 200 	 4867 	 2
1787308392321 	 14 	 200 	 4867 	 1
1787308392320 	 18 	 200 	 4867 	 0
1787308392346 	 14 	 200 	 4868 	 0
1787308392363 	 12 	 200 	 4870 	 1
1787308392374 	 13 	 200 	 4870 	 0
1787308392392 	 16 	 200 	 4871 	 0
1787308392415 	 16 	 200 	 4874 	 2
1787308392424 	 14 	 200 	 4874 	 1
1787308392427 	 14 	 200 	 4874 	 0
1787308392461 	 13 	 200 	 4875 	 0
1787308392479 	 13 	 200 	 4877 	 1
1787308392483 	 16 	 200 	 4877 	 0
1787308392539 	 14 	 200 	 4878 	 1
1787308392554 	 13 	 200 	 4879 	 0
1787308392585 	 17 	 200 	 4880 	 0
1787308392637 	 13 	 200 	 4881 	 0
1787308392654 	 19 	 200 	 4885 	 3
1787308392660 	 17 	 200 	 4885 	 2
1787308392665 	 18 	 200 	 4886 	 2
1787308392667 	 20 	 200 	 4886 	 1
1787308392684 	 13 	 200 	 4886 	 0
1787308392712 	 12 	 200 	 4887 	 0
1787308392747 	 15 	 200 	 4889 	 1
1787308392750 	 13 	 200 	 4889 	 0
1787308392809 	 14 	 200 	 4890 	 0
1787308392837 	 15 	 200 	 4891 	 0
1787308392895 	 15 	 200 	 4893 	 1
1787308392905 	 17 	 200 	 4894 	 1
1787308392919 	 17 	 200 	 4896 	 2
1787308392928 	 13 	 200 	 4897 	 2
1787308392930 	 23 	 200 	 4897 	 1
1787308392941 	 15 	 200 	 4897 	 0
1787308392958 	 15 	 200 	 4898 	 0
1787308392978 	 11 	 200 	 4899 	 0
1787308393002 	 16 	 200 	 4900 	 0
1787308393034 	 17 	 200 	 4902 	 1
1787308393040 	 12 	 200 	 4902 	 0
1787308393055 	 12 	 200 	 4903 	 0
1787308393101 	 14 	 200 	 4904 	 0
1787308393129 	 16 	 200 	 4905 	 0
1787308393153 	 20 	 200 	 4907 	 1
1787308393162 	 16 	 200 	 4907 	 0
1787308393181 	 14 	 200 	 4909 	 1
1787308393190 	 14 	 200 	 4909 	 0
1787308393205 	 13 	 200 	 4910 	 0
1787308393230 	 13 	 200 	 4912 	 1
1787308393239 	 12 	 200 	 4912 	 0
1787308393295 	 13 	 200 	 4913 	 0
1787308393328 	 12 	 200 	 4914 	 0
1787308393344 	 15 	 200 	 4916 	 1
1787308393352 	 16 	 200 	 4918 	 2
1787308393366 	 14 	 200 	 4918 	 1
1787308393367 	 22 	 200 	 4919 	 1
1787308393382 	 14 	 200 	 4919 	 0
1787308393413 	 14 	 200 	 4920 	 0
1787308393448 	 13 	 200 	 4921 	 0
1787308393491 	 17 	 200 	 4924 	 2
1787308393478 	 35 	 200 	 4925 	 2
1787308393492 	 32 	 200 	 4925 	 1
1787308393511 	 15 	 200 	 4925 	 0
1787308393537 	 16 	 200 	 4929 	 3
1787308393541 	 19 	 200 	 4929 	 2
1787308393546 	 14 	 200 	 4929 	 1
1787308393543 	 19 	 200 	 4929 	 0
1787308393595 	 18 	 200 	 4931 	 1
1787308393609 	 15 	 200 	 4931 	 0
1787308393629 	 16 	 200 	 4933 	 1
1787308393630 	 18 	 200 	 4933 	 0
1787308393654 	 12 	 200 	 4934 	 0
1787308393667 	 15 	 200 	 4939 	 4
1787308393670 	 17 	 200 	 4939 	 3
1787308393678 	 15 	 200 	 4939 	 2
1787308393676 	 26 	 200 	 4939 	 1
1787308393681 	 25 	 200 	 4939 	 0
1787308393709 	 12 	 200 	 4940 	 0
1787308393760 	 13 	 200 	 4941 	 0
1787308393798 	 13 	 200 	 4944 	 2
1787308393806 	 15 	 200 	 4945 	 2
1787308393806 	 17 	 200 	 4945 	 1
1787308393822 	 14 	 200 	 4945 	 0
1787308393850 	 18 	 200 	 4950 	 4
1787308393857 	 18 	 200 	 4951 	 4
1787308393856 	 18 	 200 	 4951 	 3
1787308393858 	 17 	 200 	 4951 	 2
1787308393865 	 17 	 200 	 4951 	 1
1787308393874 	 17 	 200 	 4952 	 1
1787308393884 	 14 	 200 	 4953 	 1
1787308393903 	 15 	 200 	 4957 	 4
1787308393899 	 27 	 200 	 4957 	 3
1787308393918 	 24 	 200 	 4957 	 2
1787308393909 	 58 	 200 	 4959 	 3
1787308393911 	 61 	 200 	 4959 	 2
1787308393955 	 19 	 200 	 4959 	 1
1787308393962 	 14 	 200 	 4959 	 0
1787308393987 	 20 	 200 	 4962 	 2
1787308393995 	 19 	 200 	 4963 	 2
1787308394007 	 16 	 200 	 4963 	 1
1787308394016 	 14 	 200 	 4964 	 1
1787308394027 	 13 	 200 	 4965 	 1
1787308394034 	 20 	 200 	 4965 	 0
1787308394057 	 23 	 200 	 4966 	 0
1787308394100 	 11 	 200 	 4968 	 1
1787308394111 	 14 	 200 	 4968 	 0
1787308394153 	 36 	 200 	 4970 	 1
1787308394188 	 28 	 200 	 4972 	 2
1787308394191 	 33 	 200 	 4972 	 1
1787308394194 	 38 	 200 	 4973 	 1
1787308394232 	 15 	 200 	 4974 	 1
1787308394240 	 15 	 200 	 4975 	 1
1787308394252 	 13 	 200 	 4975 	 0
1787308394279 	 14 	 200 	 4978 	 2
1787308394288 	 17 	 200 	 4981 	 4
1787308394292 	 21 	 200 	 4983 	 5
1787308394297 	 18 	 200 	 4983 	 4
1787308394305 	 18 	 200 	 4983 	 3
1787308394304 	 18 	 200 	 4983 	 2
1787308394316 	 19 	 200 	 4983 	 1
1787308394315 	 22 	 200 	 4983 	 0
1787308394338 	 14 	 200 	 4984 	 0
1787308394361 	 14 	 200 	 4985 	 0
1787308394390 	 12 	 200 	 4986 	 0
1787308394427 	 14 	 200 	 4988 	 1
1787308394429 	 13 	 200 	 4988 	 0
1787308394451 	 14 	 200 	 4989 	 0
1787308394505 	 14 	 200 	 4990 	 0
1787308394569 	 22 	 200 	 4992 	 1
1787308394583 	 23 	 200 	 4993 	 1
1787308394596 	 18 	 200 	 4994 	 1
1787308394608 	 17 	 200 	 4994 	 0
1787308394646 	 13 	 200 	 4996 	 1
1787308394647 	 15 	 200 	 4996 	 0
1787308394671 	 14 	 200 	 4998 	 1
1787308394675 	 13 	 200 	 4998 	 0
1787308394702 	 22 	 200 	 4999 	 1
1787308394729 	 16 	 200 	 5000 	 0