1788203879674 	 17 	 200 	 1 	 0
1788203879714 	 13 	 200 	 2 	 0
1788203879756 	 27 	 200 	 3 	 0
1788203879790 	 23 	 200 	 5 	 1
1788203879794 	 21 	 200 	 5 	 0
1788203879821 	 14 	 200 	 6 	 0
1788203879875 	 16 	 200 	 7 	 0
1788203879903 	 14 	 200 	 8 	 0
1788203879943 	 12 	 200 	 9 	 0
1788203880063 	 24 	 200 	 10 	 0
1788203880094 	 15 	 200 	 11 	 0
1788203880132 	 23 	 200 	 13 	 1
1788203880142 	 16 	 200 	 13 	 0
1788203880212 	 15 	 200 	 15 	 1
1788203880219 	 18 	 200 	 15 	 0
1788203880436 	 13 	 200 	 16 	 0
1788203880510 	 33 	 200 	 17 	 0
1788203880561 	 23 	 200 	 18 	 0
1788203880618 	 16 	 200 	 19 	 0
1788203880640 	 33 	 200 	 20 	 0
1788203880790 	 16 	 200 	 22 	 1
1788203880796 	 13 	 200 	 22 	 0
1788203880890 	 38 	 200 	 23 	 0
1788203881004 	 13 	 200 	 24 	 0
1788203881107 	 26 	 200 	 25 	 0
1788203881143 	 14 	 200 	 27 	 1
1788203881142 	 16 	 200 	 27 	 0
1788203881181 	 13 	 200 	 29 	 1
1788203881182 	 14 	 200 	 29 	 0
1788203881346 	 33 	 200 	 31 	 1
1788203881365 	 29 	 200 	 31 	 0
1788203881445 	 29 	 200 	 32 	 0
1788203881505 	 16 	 200 	 33 	 0
1788203881524 	 12 	 200 	 34 	 0
1788203881601 	 38 	 200 	 35 	 0
1788203881760 	 19 	 200 	 37 	 1
1788203881765 	 15 	 200 	 37 	 0
1788203881787 	 12 	 200 	 38 	 0
1788203881847 	 28 	 200 	 39 	 0
1788203882011 	 36 	 200 	 41 	 1
1788203882033 	 20 	 200 	 41 	 0
1788203882109 	 36 	 200 	 43 	 1
1788203882140 	 30 	 200 	 43 	 0
1788203882262 	 16 	 200 	 45 	 1
1788203882266 	 16 	 200 	 45 	 0
1788203882303 	 16 	 200 	 47 	 1
1788203882318 	 15 	 200 	 47 	 0
1788203882338 	 14 	 200 	 48 	 0
1788203882394 	 35 	 200 	 49 	 0
1788203882447 	 30 	 200 	 52 	 2
1788203882477 	 16 	 200 	 52 	 1
1788203882474 	 19 	 200 	 52 	 0
1788203882623 	 29 	 200 	 56 	 3
1788203882651 	 15 	 200 	 56 	 2
1788203882650 	 31 	 200 	 56 	 1
1788203882648 	 33 	 200 	 56 	 0
1788203882752 	 30 	 200 	 57 	 0
1788203882865 	 21 	 200 	 58 	 0
1788203882924 	 35 	 200 	 59 	 0
1788203882981 	 14 	 200 	 60 	 0
1788203883099 	 23 	 200 	 61 	 0
1788203883241 	 22 	 200 	 62 	 0
1788203883336 	 14 	 200 	 63 	 0
1788203883354 	 15 	 200 	 64 	 0
1788203883422 	 38 	 200 	 65 	 0
1788203883482 	 13 	 200 	 66 	 0
1788203883667 	 25 	 200 	 67 	 0
1788203883730 	 33 	 200 	 71 	 3
1788203883733 	 32 	 200 	 71 	 2
1788203883763 	 17 	 200 	 71 	 1
1788203883760 	 19 	 200 	 71 	 0
1788203883847 	 35 	 200 	 72 	 0
1788203883892 	 17 	 200 	 74 	 1
1788203883906 	 16 	 200 	 74 	 0
1788203883958 	 13 	 200 	 75 	 0
1788203884027 	 42 	 200 	 76 	 0
1788203884129 	 39 	 200 	 77 	 0
1788203884499 	 46 	 200 	 80 	 2
1788203884512 	 36 	 200 	 80 	 1
1788203884542 	 15 	 200 	 80 	 0
1788203884579 	 14 	 200 	 81 	 0
1788203884612 	 25 	 200 	 83 	 1
1788203884615 	 22 	 200 	 83 	 0
1788203884786 	 14 	 200 	 87 	 3
1788203884827 	 16 	 200 	 88 	 3
1788203884748 	 96 	 200 	 88 	 2
1788203884971 	 29 	 200 	 92 	 5
1788203884972 	 28 	 200 	 92 	 4
1788203884995 	 54 	 200 	 92 	 3
1788203885068 	 30 	 200 	 94 	 4
1788203885051 	 50 	 200 	 94 	 3
1788203884955 	 189 	 200 	 95 	 3
1788203885139 	 15 	 200 	 95 	 2
1788203885181 	 17 	 200 	 97 	 3
1788203885186 	 14 	 200 	 97 	 2
1788203884645 	 560 	 200 	 97 	 1
1788203885207 	 36 	 200 	 99 	 2
1788203885217 	 30 	 200 	 99 	 1
1788203885268 	 36 	 200 	 100 	 1
1788203885326 	 15 	 200 	 102 	 2
1788203885334 	 13 	 200 	 102 	 1
1788203885428 	 14 	 200 	 103 	 1
1788203884758 	 716 	 200 	 103 	 0
1788203885565 	 22 	 200 	 104 	 0
1788203885653 	 26 	 200 	 106 	 1
1788203885655 	 27 	 200 	 106 	 0
1788203885696 	 19 	 200 	 107 	 0
1788203885901 	 39 	 200 	 110 	 2
1788203885914 	 29 	 200 	 110 	 1
1788203885926 	 19 	 200 	 110 	 0
1788203886135 	 32 	 200 	 111 	 0
1788203886185 	 30 	 200 	 113 	 1
1788203886216 	 17 	 200 	 113 	 0
1788203886266 	 14 	 200 	 114 	 0
1788203886337 	 12 	 200 	 115 	 0
1788203886402 	 32 	 200 	 116 	 0
1788203886503 	 22 	 200 	 119 	 2
1788203886515 	 14 	 200 	 119 	 1
1788203886517 	 12 	 200 	 119 	 0
1788203886545 	 16 	 200 	 120 	 0
1788203886568 	 13 	 200 	 122 	 1
1788203886573 	 16 	 200 	 122 	 0
1788203886599 	 12 	 200 	 123 	 0
1788203886635 	 13 	 200 	 125 	 1
1788203886640 	 12 	 200 	 125 	 0
1788203886661 	 15 	 200 	 127 	 1
1788203886665 	 12 	 200 	 127 	 0
1788203886714 	 39 	 200 	 129 	 1
1788203886744 	 27 	 200 	 129 	 0
1788203886778 	 19 	 200 	 130 	 0
1788203886844 	 12 	 200 	 131 	 0
1788203886912 	 36 	 200 	 132 	 0
1788203887230 	 25 	 200 	 133 	 0
1788203887277 	 34 	 200 	 134 	 0
1788203887411 	 35 	 200 	 136 	 1
1788203887422 	 31 	 200 	 136 	 0
1788203887513 	 13 	 200 	 137 	 0
1788203887554 	 23 	 200 	 138 	 0
1788203887592 	 30 	 200 	 139 	 0
1788203887640 	 32 	 200 	 140 	 0
1788203887796 	 15 	 200 	 141 	 0
1788203887874 	 39 	 200 	 142 	 0
1788203887919 	 15 	 200 	 143 	 0
1788203887937 	 12 	 200 	 144 	 0
1788203887951 	 13 	 200 	 146 	 1
1788203887964 	 16 	 200 	 146 	 0
1788203888144 	 25 	 200 	 148 	 1
1788203888164 	 14 	 200 	 148 	 0
1788203888182 	 13 	 200 	 149 	 0
1788203888202 	 12 	 200 	 150 	 0
1788203888255 	 25 	 200 	 152 	 1
1788203888271 	 12 	 200 	 152 	 0
1788203888289 	 11 	 200 	 153 	 0
1788203888312 	 15 	 200 	 154 	 0
1788203888350 	 17 	 200 	 155 	 0
1788203888473 	 15 	 200 	 157 	 1
1788203888483 	 13 	 200 	 157 	 0
1788203888526 	 13 	 200 	 158 	 0
1788203888551 	 15 	 200 	 160 	 1
1788203888553 	 16 	 200 	 160 	 0
1788203888587 	 12 	 200 	 161 	 0
1788203888724 	 24 	 200 	 162 	 0
1788203888839 	 13 	 200 	 163 	 0
1788203888898 	 32 	 200 	 165 	 1
1788203888930 	 13 	 200 	 166 	 1
1788203888933 	 12 	 200 	 166 	 0
1788203888990 	 23 	 200 	 167 	 0
1788203889097 	 32 	 200 	 168 	 0
1788203889136 	 27 	 200 	 169 	 0
1788203889169 	 17 	 200 	 170 	 0
1788203889288 	 32 	 200 	 171 	 0
1788203889412 	 15 	 200 	 173 	 1
1788203889423 	 12 	 200 	 173 	 0
1788203889480 	 30 	 200 	 174 	 0
1788203889569 	 25 	 200 	 175 	 0
1788203889609 	 12 	 200 	 176 	 0
1788203889753 	 37 	 200 	 177 	 0
1788203889836 	 16 	 200 	 178 	 0
1788203889854 	 13 	 200 	 180 	 1
1788203889859 	 13 	 200 	 180 	 0
1788203889881 	 21 	 200 	 182 	 1
1788203889900 	 13 	 200 	 182 	 0
1788203889944 	 37 	 200 	 186 	 3
1788203889960 	 27 	 200 	 186 	 2
1788203889966 	 22 	 200 	 186 	 1
1788203889972 	 18 	 200 	 186 	 0
1788203890034 	 38 	 200 	 190 	 3
1788203890053 	 22 	 200 	 190 	 2
1788203890050 	 26 	 200 	 190 	 1
1788203890066 	 15 	 200 	 190 	 0
1788203890112 	 44 	 200 	 191 	 0
1788203890191 	 17 	 200 	 192 	 0
1788203890233 	 17 	 200 	 193 	 0
1788203890285 	 14 	 200 	 194 	 0
1788203890333 	 12 	 200 	 195 	 0
1788203890361 	 13 	 200 	 197 	 1
1788203890365 	 15 	 200 	 197 	 0
1788203890443 	 32 	 200 	 198 	 0
1788203890495 	 13 	 200 	 199 	 0
1788203890551 	 32 	 200 	 200 	 0
1788203890701 	 37 	 200 	 203 	 2
1788203890710 	 31 	 200 	 203 	 1
1788203890726 	 21 	 200 	 203 	 0
1788203890784 	 14 	 200 	 204 	 0
1788203890848 	 17 	 200 	 206 	 1
1788203890849 	 16 	 200 	 206 	 0
1788203891092 	 37 	 200 	 207 	 0
1788203891205 	 26 	 200 	 211 	 3
1788203891197 	 37 	 200 	 211 	 2
1788203891214 	 22 	 200 	 211 	 1
1788203891200 	 36 	 200 	 211 	 0
1788203891244 	 13 	 200 	 213 	 1
1788203891250 	 13 	 200 	 213 	 0
1788203891354 	 14 	 200 	 214 	 0
1788203891494 	 20 	 200 	 215 	 0
1788203891593 	 15 	 200 	 216 	 0
1788203891633 	 13 	 200 	 217 	 0
1788203891714 	 37 	 200 	 219 	 1
1788203891735 	 18 	 200 	 219 	 0
1788203891911 	 35 	 200 	 221 	 1
1788203891932 	 30 	 200 	 221 	 0
1788203892186 	 13 	 200 	 223 	 1
1788203892183 	 20 	 200 	 223 	 0
1788203892382 	 31 	 200 	 224 	 0
1788203892476 	 33 	 200 	 226 	 1
1788203892511 	 36 	 200 	 227 	 1
1788203892541 	 13 	 200 	 227 	 0
1788203892593 	 16 	 200 	 228 	 0
1788203892638 	 26 	 200 	 229 	 0
1788203892683 	 39 	 200 	 231 	 1
1788203892705 	 24 	 200 	 231 	 0
1788203892806 	 13 	 200 	 232 	 0
1788203892869 	 18 	 200 	 234 	 1
1788203892878 	 13 	 200 	 234 	 0
1788203892990 	 14 	 200 	 235 	 0
1788203893021 	 12 	 200 	 236 	 0
1788203893098 	 13 	 200 	 237 	 0
1788203893115 	 12 	 200 	 238 	 0
1788203893274 	 39 	 200 	 240 	 1
1788203893287 	 28 	 200 	 240 	 0
1788203893403 	 27 	 200 	 241 	 0
1788203893485 	 15 	 200 	 242 	 0
1788203893554 	 24 	 200 	 243 	 0
1788203893684 	 19 	 200 	 245 	 1
1788203893690 	 17 	 200 	 245 	 0
1788203893759 	 28 	 200 	 248 	 2
1788203893758 	 31 	 200 	 248 	 1
1788203893756 	 35 	 200 	 248 	 0
1788203893800 	 13 	 200 	 249 	 0
1788203893815 	 17 	 200 	 250 	 0
1788203893930 	 32 	 200 	 251 	 0
1788203894053 	 31 	 200 	 252 	 0
1788203894091 	 14 	 200 	 253 	 0
1788203894121 	 23 	 200 	 254 	 0
1788203894162 	 37 	 200 	 256 	 1
1788203894188 	 27 	 200 	 256 	 0
1788203894576 	 18 	 200 	 257 	 0
1788203894785 	 34 	 200 	 258 	 0
1788203894862 	 23 	 200 	 259 	 0
1788203894912 	 18 	 200 	 260 	 0
1788203894964 	 20 	 200 	 262 	 1
1788203894976 	 14 	 200 	 262 	 0
1788203894999 	 14 	 200 	 264 	 1
1788203894997 	 16 	 200 	 264 	 0
1788203895020 	 18 	 200 	 265 	 0
1788203895043 	 14 	 200 	 266 	 0
1788203895097 	 13 	 200 	 267 	 0
1788203895145 	 14 	 200 	 269 	 1
1788203895159 	 12 	 200 	 269 	 0
1788203895250 	 23 	 200 	 270 	 0
1788203895310 	 31 	 200 	 272 	 1
1788203895323 	 23 	 200 	 272 	 0
1788203895394 	 32 	 200 	 273 	 0
1788203895458 	 21 	 200 	 274 	 0
1788203895481 	 18 	 200 	 275 	 0
1788203895572 	 21 	 200 	 277 	 1
1788203895586 	 19 	 200 	 277 	 0
1788203895671 	 39 	 200 	 279 	 1
1788203895709 	 18 	 200 	 279 	 0
1788203895777 	 35 	 200 	 281 	 1
1788203895792 	 27 	 200 	 281 	 0
1788203895829 	 14 	 200 	 282 	 0
1788203895912 	 35 	 200 	 284 	 1
1788203895914 	 32 	 200 	 284 	 0
1788203896041 	 42 	 200 	 286 	 1
1788203896081 	 14 	 200 	 286 	 0
1788203896129 	 34 	 200 	 287 	 0
1788203896183 	 33 	 200 	 289 	 1
1788203896206 	 32 	 200 	 289 	 0
1788203896264 	 15 	 200 	 290 	 0
1788203896295 	 14 	 200 	 291 	 0
1788203896354 	 12 	 200 	 292 	 0
1788203896403 	 12 	 200 	 293 	 0
1788203896517 	 22 	 200 	 294 	 0
1788203896548 	 17 	 200 	 295 	 0
1788203896580 	 14 	 200 	 296 	 0
1788203896661 	 28 	 200 	 297 	 0
1788203896716 	 33 	 200 	 298 	 0
1788203896791 	 16 	 200 	 299 	 0
1788203896849 	 13 	 200 	 300 	 0
1788203896880 	 14 	 200 	 301 	 0
1788203896985 	 12 	 200 	 302 	 0
1788203897044 	 13 	 200 	 305 	 2
1788203897042 	 17 	 200 	 305 	 1
1788203897050 	 17 	 200 	 306 	 1
1788203897061 	 35 	 200 	 307 	 1
1788203897076 	 27 	 200 	 307 	 0
1788203897193 	 13 	 200 	 308 	 0
1788203897240 	 15 	 200 	 309 	 0
1788203897316 	 25 	 200 	 310 	 0
1788203897519 	 30 	 200 	 312 	 1
1788203897521 	 31 	 200 	 312 	 0
1788203897579 	 17 	 200 	 314 	 1
1788203897589 	 13 	 200 	 314 	 0
1788203897634 	 29 	 200 	 316 	 1
1788203897632 	 34 	 200 	 316 	 0
1788203897730 	 21 	 200 	 318 	 1
1788203897746 	 14 	 200 	 318 	 0
1788203897777 	 14 	 200 	 320 	 1
1788203897784 	 17 	 200 	 320 	 0
1788203897823 	 12 	 200 	 321 	 0
1788203897863 	 14 	 200 	 322 	 0
1788203897888 	 36 	 200 	 323 	 0
1788203898031 	 16 	 200 	 326 	 2
1788203898039 	 14 	 200 	 326 	 1
1788203898066 	 35 	 200 	 328 	 2
1788203898095 	 16 	 200 	 328 	 1
1788203898134 	 13 	 200 	 330 	 2
1788203898140 	 12 	 200 	 330 	 1
1788203898263 	 36 	 200 	 332 	 2
1788203898308 	 15 	 200 	 333 	 2
1788203898230 	 114 	 200 	 333 	 1
1788203897957 	 398 	 200 	 333 	 0
1788203898377 	 13 	 200 	 335 	 1
1788203898383 	 13 	 200 	 335 	 0
1788203898428 	 14 	 200 	 337 	 1
1788203898441 	 14 	 200 	 338 	 1
1788203898447 	 15 	 200 	 338 	 0
1788203898497 	 13 	 200 	 339 	 0
1788203898535 	 14 	 200 	 340 	 0
1788203898579 	 29 	 200 	 341 	 0
1788203898616 	 27 	 200 	 342 	 0
1788203898673 	 19 	 200 	 344 	 1
1788203898685 	 16 	 200 	 345 	 1
1788203898695 	 12 	 200 	 345 	 0
1788203898718 	 13 	 200 	 346 	 0
1788203898764 	 13 	 200 	 348 	 1
1788203898768 	 13 	 200 	 348 	 0
1788203898805 	 16 	 200 	 350 	 1
1788203898815 	 14 	 200 	 350 	 0
1788203898837 	 13 	 200 	 351 	 0
1788203898879 	 14 	 200 	 352 	 0
1788203898899 	 15 	 200 	 354 	 1
1788203898899 	 14 	 200 	 354 	 0
1788203898921 	 12 	 200 	 357 	 2
1788203898919 	 15 	 200 	 357 	 1
1788203898933 	 16 	 200 	 357 	 0
1788203899063 	 34 	 200 	 358 	 0
1788203899177 	 35 	 200 	 359 	 0
1788203899275 	 13 	 200 	 360 	 0
1788203899353 	 14 	 200 	 361 	 0
1788203899378 	 13 	 200 	 362 	 0
1788203899401 	 13 	 200 	 363 	 0
1788203899452 	 14 	 200 	 365 	 1
1788203899462 	 15 	 200 	 365 	 0
1788203899595 	 15 	 200 	 366 	 0
1788203899613 	 14 	 200 	 368 	 1
1788203899625 	 19 	 200 	 368 	 0
1788203899703 	 31 	 200 	 369 	 0
1788203899830 	 15 	 200 	 370 	 0
1788203899865 	 32 	 200 	 371 	 0
1788203899921 	 26 	 200 	 373 	 1
1788203899926 	 23 	 200 	 373 	 0
1788203900048 	 19 	 200 	 374 	 0
1788203900098 	 37 	 200 	 376 	 1
1788203900092 	 45 	 200 	 376 	 0
1788203900352 	 16 	 200 	 377 	 0
1788203900448 	 17 	 200 	 378 	 0
1788203900504 	 40 	 200 	 380 	 1
1788203900523 	 24 	 200 	 380 	 0
1788203900615 	 37 	 200 	 383 	 2
1788203900630 	 52 	 200 	 384 	 2
1788203900643 	 40 	 200 	 384 	 1
1788203900673 	 14 	 200 	 384 	 0
1788203900721 	 33 	 200 	 385 	 0
1788203900817 	 31 	 200 	 387 	 1
1788203900815 	 43 	 200 	 387 	 0
1788203900868 	 16 	 200 	 388 	 0
1788203900939 	 32 	 200 	 390 	 1
1788203900945 	 31 	 200 	 390 	 0
1788203901003 	 15 	 200 	 391 	 0
1788203901105 	 13 	 200 	 392 	 0
1788203901141 	 30 	 200 	 394 	 1
1788203901166 	 26 	 200 	 395 	 1
1788203901178 	 16 	 200 	 395 	 0
1788203901226 	 13 	 200 	 396 	 0
1788203901368 	 15 	 200 	 397 	 0
1788203901449 	 21 	 200 	 399 	 1
1788203901470 	 15 	 200 	 399 	 0
1788203901588 	 15 	 200 	 400 	 0
1788203901678 	 37 	 200 	 403 	 2
1788203901690 	 28 	 200 	 403 	 1
1788203901688 	 35 	 200 	 403 	 0
1788203901725 	 17 	 200 	 404 	 0
1788203901777 	 15 	 200 	 406 	 1
1788203901789 	 13 	 200 	 406 	 0
1788203901898 	 47 	 200 	 409 	 2
1788203901912 	 35 	 200 	 409 	 1
1788203901946 	 17 	 200 	 409 	 0
1788203902102 	 35 	 200 	 411 	 1
1788203902131 	 32 	 200 	 412 	 1
1788203902149 	 28 	 200 	 412 	 0
1788203902248 	 17 	 200 	 413 	 0
1788203902335 	 40 	 200 	 415 	 1
1788203902366 	 19 	 200 	 415 	 0
1788203902411 	 17 	 200 	 416 	 0
1788203902436 	 12 	 200 	 417 	 0
1788203902493 	 13 	 200 	 418 	 0
1788203902535 	 49 	 200 	 419 	 0
1788203902638 	 32 	 200 	 420 	 0
1788203902723 	 30 	 200 	 421 	 0
1788203902768 	 32 	 200 	 422 	 0
1788203902810 	 13 	 200 	 423 	 0
1788203902851 	 15 	 200 	 424 	 0
1788203902919 	 14 	 200 	 425 	 0
1788203903021 	 14 	 200 	 426 	 0
1788203903069 	 13 	 200 	 427 	 0
1788203903096 	 14 	 200 	 429 	 1
1788203903106 	 13 	 200 	 429 	 0
1788203903170 	 24 	 200 	 430 	 0
1788203903290 	 34 	 200 	 433 	 2
1788203903296 	 29 	 200 	 433 	 1
1788203903304 	 23 	 200 	 433 	 0
1788203903342 	 13 	 200 	 435 	 1
1788203903344 	 12 	 200 	 435 	 0
1788203903377 	 32 	 200 	 437 	 1
1788203903379 	 34 	 200 	 437 	 0
1788203903435 	 27 	 200 	 438 	 0
1788203903531 	 36 	 200 	 443 	 4
1788203903537 	 31 	 200 	 443 	 3
1788203903539 	 33 	 200 	 443 	 2
1788203903561 	 19 	 200 	 443 	 1
1788203903567 	 15 	 200 	 443 	 0
1788203903843 	 24 	 200 	 445 	 1
1788203903856 	 20 	 200 	 445 	 0
1788203903977 	 31 	 200 	 446 	 0
1788203904012 	 33 	 200 	 450 	 3
1788203904026 	 21 	 200 	 450 	 2
1788203904028 	 19 	 200 	 450 	 1
1788203904023 	 26 	 200 	 450 	 0
1788203904127 	 20 	 200 	 451 	 0
1788203904166 	 16 	 200 	 452 	 0
1788203904263 	 35 	 200 	 453 	 0
1788203904322 	 17 	 200 	 454 	 0
1788203904342 	 15 	 200 	 455 	 0
1788203904387 	 12 	 200 	 456 	 0
1788203904445 	 14 	 200 	 457 	 0
1788203904524 	 30 	 200 	 458 	 0
1788203904684 	 37 	 200 	 461 	 2
1788203904699 	 26 	 200 	 461 	 1
1788203904720 	 20 	 200 	 462 	 1
1788203904738 	 13 	 200 	 462 	 0
1788203904831 	 34 	 200 	 464 	 1
1788203904865 	 13 	 200 	 464 	 0
1788203905068 	 17 	 200 	 467 	 2
1788203905043 	 42 	 200 	 467 	 1
1788203905083 	 17 	 200 	 467 	 0
1788203905277 	 35 	 200 	 469 	 1
1788203905285 	 31 	 200 	 469 	 0
1788203905355 	 23 	 200 	 471 	 1
1788203905370 	 15 	 200 	 471 	 0
1788203905450 	 16 	 200 	 472 	 0
1788203905493 	 14 	 200 	 473 	 0
1788203905519 	 15 	 200 	 475 	 1
1788203905530 	 12 	 200 	 475 	 0
1788203905619 	 35 	 200 	 479 	 3
1788203905621 	 35 	 200 	 479 	 2
1788203905690 	 53 	 200 	 481 	 3
1788203905686 	 70 	 200 	 481 	 2
1788203905648 	 112 	 200 	 481 	 1
1788203905846 	 22 	 200 	 484 	 3
1788203905793 	 83 	 200 	 484 	 2
1788203905796 	 99 	 200 	 486 	 3
1788203905894 	 53 	 200 	 488 	 4
1788203905932 	 19 	 200 	 488 	 3
1788203905880 	 86 	 200 	 488 	 2
1788203905939 	 118 	 200 	 489 	 2
1788203905989 	 90 	 200 	 489 	 1
1788203906129 	 36 	 200 	 490 	 1
1788203905643 	 544 	 200 	 490 	 0
1788203906206 	 28 	 200 	 493 	 2
1788203906207 	 32 	 200 	 493 	 1
1788203906223 	 18 	 200 	 493 	 0
1788203906278 	 21 	 200 	 494 	 0
1788203906333 	 23 	 200 	 495 	 0
1788203906363 	 15 	 200 	 497 	 1
1788203906370 	 13 	 200 	 497 	 0
1788203906451 	 17 	 200 	 499 	 1
1788203906462 	 12 	 200 	 499 	 0
1788203906533 	 40 	 200 	 503 	 3
1788203906561 	 21 	 200 	 503 	 2
1788203906563 	 20 	 200 	 503 	 1
1788203906565 	 22 	 200 	 503 	 0
1788203906623 	 33 	 200 	 504 	 0
1788203906721 	 35 	 200 	 507 	 2
1788203906698 	 59 	 200 	 507 	 1
1788203906748 	 16 	 200 	 507 	 0
1788203906900 	 31 	 200 	 508 	 0
1788203907086 	 19 	 200 	 510 	 1
1788203907099 	 13 	 200 	 510 	 0
1788203907154 	 19 	 200 	 511 	 0
1788203907274 	 31 	 200 	 512 	 0
1788203907310 	 22 	 200 	 513 	 0
1788203907435 	 13 	 200 	 515 	 1
1788203907401 	 48 	 200 	 515 	 0
1788203907620 	 31 	 200 	 516 	 0
1788203907669 	 36 	 200 	 519 	 2
1788203907678 	 27 	 200 	 519 	 1
1788203907690 	 24 	 200 	 520 	 1
1788203907712 	 12 	 200 	 520 	 0
1788203907749 	 28 	 200 	 521 	 0
1788203907811 	 17 	 200 	 522 	 0
1788203907905 	 13 	 200 	 523 	 0
1788203907999 	 14 	 200 	 524 	 0
1788203908082 	 48 	 200 	 526 	 1
1788203908115 	 16 	 200 	 526 	 0
1788203908149 	 12 	 200 	 527 	 0
1788203908165 	 15 	 200 	 528 	 0
1788203908226 	 15 	 200 	 530 	 1
1788203908230 	 13 	 200 	 530 	 0
1788203908275 	 16 	 200 	 531 	 0
1788203908359 	 30 	 200 	 533 	 1
1788203908364 	 26 	 200 	 533 	 0
1788203908638 	 34 	 200 	 534 	 0
1788203908752 	 35 	 200 	 536 	 1
1788203908757 	 34 	 200 	 536 	 0
1788203908852 	 25 	 200 	 537 	 0
1788203908904 	 13 	 200 	 538 	 0
1788203908983 	 35 	 200 	 540 	 1
1788203909000 	 36 	 200 	 540 	 0
1788203909051 	 26 	 200 	 542 	 1
1788203909065 	 19 	 200 	 542 	 0
1788203909123 	 13 	 200 	 544 	 1
1788203909121 	 21 	 200 	 544 	 0
1788203909239 	 23 	 200 	 546 	 1
1788203909242 	 24 	 200 	 546 	 0
1788203909341 	 25 	 200 	 547 	 0
1788203909415 	 42 	 200 	 550 	 2
1788203909422 	 36 	 200 	 550 	 1
1788203909450 	 17 	 200 	 551 	 1
1788203909460 	 13 	 200 	 551 	 0
1788203909481 	 14 	 200 	 552 	 0
1788203909497 	 13 	 200 	 553 	 0
1788203909523 	 15 	 200 	 554 	 0
1788203909567 	 13 	 200 	 555 	 0
1788203909604 	 17 	 200 	 556 	 0
1788203909636 	 14 	 200 	 558 	 1
1788203909636 	 14 	 200 	 558 	 0
1788203909755 	 21 	 200 	 560 	 1
1788203909766 	 18 	 200 	 560 	 0
1788203909805 	 13 	 200 	 561 	 0
1788203909918 	 13 	 200 	 562 	 0
1788203910018 	 15 	 200 	 563 	 0
1788203910040 	 12 	 200 	 564 	 0
1788203910166 	 28 	 200 	 565 	 0
1788203910342 	 27 	 200 	 568 	 2
1788203910335 	 35 	 200 	 568 	 1
1788203910331 	 40 	 200 	 568 	 0
1788203910395 	 13 	 200 	 569 	 0
1788203910432 	 14 	 200 	 570 	 0
1788203910467 	 13 	 200 	 572 	 1
1788203910471 	 17 	 200 	 572 	 0
1788203910513 	 13 	 200 	 574 	 1
1788203910517 	 13 	 200 	 574 	 0
1788203910560 	 14 	 200 	 576 	 1
1788203910546 	 125 	 200 	 576 	 0
1788203910902 	 53 	 200 	 578 	 1
1788203910838 	 123 	 200 	 578 	 0
1788203910982 	 16 	 200 	 579 	 0
1788203911023 	 35 	 200 	 580 	 0
1788203911146 	 39 	 200 	 581 	 0
1788203911191 	 33 	 200 	 584 	 2
1788203911205 	 21 	 200 	 584 	 1
1788203911209 	 18 	 200 	 584 	 0
1788203911243 	 17 	 200 	 586 	 1
1788203911257 	 14 	 200 	 586 	 0
1788203911298 	 29 	 200 	 587 	 0
1788203911422 	 17 	 200 	 589 	 1
1788203911444 	 72 	 200 	 590 	 1
1788203911433 	 272 	 200 	 590 	 0
1788203911724 	 13 	 200 	 591 	 0
1788203911777 	 16 	 200 	 592 	 0
1788203911922 	 16 	 200 	 593 	 0
1788203911997 	 32 	 200 	 594 	 0
1788203912203 	 15 	 200 	 595 	 0
1788203912244 	 14 	 200 	 596 	 0
1788203912300 	 29 	 200 	 598 	 1
1788203912329 	 13 	 200 	 598 	 0
1788203912381 	 13 	 200 	 599 	 0
1788203912445 	 30 	 200 	 600 	 0
1788203912551 	 40 	 200 	 602 	 1
1788203912571 	 30 	 200 	 602 	 0
1788203912803 	 18 	 200 	 603 	 0
1788203912841 	 30 	 200 	 604 	 0
1788203912877 	 15 	 200 	 605 	 0
1788203912967 	 32 	 200 	 606 	 0
1788203913115 	 57 	 200 	 608 	 1
1788203913073 	 101 	 200 	 608 	 0
1788203913187 	 13 	 200 	 609 	 0
1788203913203 	 18 	 200 	 610 	 0
1788203913251 	 20 	 200 	 612 	 1
1788203913254 	 21 	 200 	 614 	 2
1788203913273 	 17 	 200 	 614 	 1
1788203913274 	 19 	 200 	 614 	 0
1788203913323 	 13 	 200 	 615 	 0
1788203913350 	 12 	 200 	 616 	 0
1788203913414 	 31 	 200 	 617 	 0
1788203913467 	 25 	 200 	 618 	 0
1788203913497 	 14 	 200 	 619 	 0
1788203913525 	 19 	 200 	 621 	 1
1788203913529 	 16 	 200 	 621 	 0
1788203913569 	 12 	 200 	 623 	 1
1788203913573 	 13 	 200 	 623 	 0
1788203913603 	 12 	 200 	 624 	 0
1788203913683 	 33 	 200 	 625 	 0
1788203913723 	 25 	 200 	 626 	 0
1788203913751 	 14 	 200 	 627 	 0
1788203913837 	 14 	 200 	 628 	 0
1788203913919 	 40 	 200 	 632 	 3
1788203913928 	 34 	 200 	 632 	 2
1788203913946 	 19 	 200 	 632 	 1
1788203913943 	 24 	 200 	 632 	 0
1788203914083 	 41 	 200 	 634 	 1
1788203914096 	 31 	 200 	 634 	 0
1788203914145 	 32 	 200 	 635 	 0
1788203914181 	 31 	 200 	 637 	 1
1788203914209 	 27 	 200 	 637 	 0
1788203914263 	 15 	 200 	 638 	 0
1788203914299 	 14 	 200 	 641 	 2
1788203914304 	 15 	 200 	 641 	 1
1788203914303 	 19 	 200 	 641 	 0
1788203914333 	 13 	 200 	 643 	 1
1788203914341 	 13 	 200 	 644 	 1
1788203914347 	 14 	 200 	 644 	 0
1788203914371 	 12 	 200 	 645 	 0
1788203914399 	 106 	 200 	 646 	 0
1788203914605 	 38 	 200 	 648 	 1
1788203914717 	 21 	 200 	 649 	 1
1788203914863 	 17 	 200 	 651 	 2
1788203914876 	 23 	 200 	 652 	 2
1788203914529 	 378 	 200 	 652 	 1
1788203914895 	 14 	 200 	 652 	 0
1788203915206 	 33 	 200 	 653 	 0
1788203915243 	 19 	 200 	 655 	 1
1788203915255 	 18 	 200 	 655 	 0
1788203915341 	 16 	 200 	 658 	 2
1788203915348 	 18 	 200 	 658 	 1
1788203915359 	 12 	 200 	 658 	 0
1788203915511 	 33 	 200 	 659 	 0
1788203915570 	 13 	 200 	 661 	 1
1788203915583 	 12 	 200 	 661 	 0
1788203915621 	 35 	 200 	 662 	 0
1788203915703 	 34 	 200 	 664 	 1
1788203915718 	 31 	 200 	 664 	 0
1788203915761 	 12 	 200 	 665 	 0
1788203915786 	 13 	 200 	 666 	 0
1788203915820 	 25 	 200 	 667 	 0
1788203915916 	 35 	 200 	 668 	 0
1788203915977 	 13 	 200 	 669 	 0
1788203916030 	 17 	 200 	 670 	 0
1788203916119 	 35 	 200 	 672 	 1
1788203916143 	 31 	 200 	 672 	 0
1788203916208 	 29 	 200 	 673 	 0
1788203916254 	 13 	 200 	 674 	 0
1788203916280 	 19 	 200 	 676 	 1
1788203916292 	 12 	 200 	 676 	 0
1788203916418 	 34 	 200 	 677 	 0
1788203916509 	 14 	 200 	 678 	 0
1788203916527 	 13 	 200 	 679 	 0
1788203916560 	 12 	 200 	 681 	 1
1788203916557 	 20 	 200 	 681 	 0
1788203916583 	 12 	 200 	 682 	 0
1788203916624 	 34 	 200 	 683 	 0
1788203916696 	 41 	 200 	 685 	 1
1788203916732 	 14 	 200 	 685 	 0
1788203916751 	 12 	 200 	 686 	 0
1788203916830 	 16 	 200 	 687 	 0
1788203916849 	 18 	 200 	 689 	 1
1788203916854 	 16 	 200 	 689 	 0
1788203917092 	 42 	 200 	 691 	 1
1788203917116 	 20 	 200 	 691 	 0
1788203917252 	 14 	 200 	 692 	 0
1788203917343 	 20 	 200 	 693 	 0
1788203917455 	 32 	 200 	 697 	 3
1788203917463 	 25 	 200 	 697 	 2
1788203917453 	 40 	 200 	 697 	 1
1788203917456 	 76 	 200 	 698 	 1
1788203917497 	 40 	 200 	 698 	 0
1788203917603 	 34 	 200 	 703 	 4
1788203917607 	 33 	 200 	 703 	 3
1788203917616 	 25 	 200 	 703 	 2
1788203917622 	 22 	 200 	 703 	 1
1788203917637 	 16 	 200 	 704 	 1
1788203917650 	 17 	 200 	 704 	 0
1788203917783 	 14 	 200 	 706 	 1
1788203917789 	 15 	 200 	 706 	 0
1788203917822 	 14 	 200 	 707 	 0
1788203917913 	 31 	 200 	 708 	 0
1788203918075 	 38 	 200 	 710 	 1
1788203918084 	 33 	 200 	 710 	 0
1788203918173 	 23 	 200 	 711 	 0
1788203918253 	 20 	 200 	 714 	 2
1788203918252 	 23 	 200 	 714 	 1
1788203918258 	 18 	 200 	 714 	 0
1788203918284 	 12 	 200 	 716 	 1
1788203918294 	 25 	 200 	 716 	 0
1788203918333 	 13 	 200 	 717 	 0
1788203918381 	 13 	 200 	 718 	 0
1788203918415 	 15 	 200 	 719 	 0
1788203918446 	 12 	 200 	 720 	 0
1788203918479 	 13 	 200 	 721 	 0
1788203918560 	 41 	 200 	 723 	 1
1788203918592 	 26 	 200 	 723 	 0
1788203918679 	 32 	 200 	 724 	 0
1788203918786 	 18 	 200 	 725 	 0
1788203918821 	 13 	 200 	 726 	 0
1788203918855 	 13 	 200 	 728 	 1
1788203918855 	 16 	 200 	 729 	 1
1788203918871 	 12 	 200 	 729 	 0
1788203918888 	 13 	 200 	 730 	 0
1788203918931 	 17 	 200 	 731 	 0
1788203918953 	 13 	 200 	 732 	 0
1788203918973 	 15 	 200 	 734 	 1
1788203918981 	 16 	 200 	 734 	 0
1788203919014 	 14 	 200 	 736 	 1
1788203919022 	 18 	 200 	 736 	 0
1788203919163 	 25 	 200 	 738 	 1
1788203919186 	 14 	 200 	 739 	 1
1788203919197 	 16 	 200 	 740 	 1
1788203919208 	 16 	 200 	 740 	 0
1788203919253 	 16 	 200 	 742 	 1
1788203919255 	 16 	 200 	 742 	 0
1788203919280 	 12 	 200 	 744 	 1
1788203919291 	 12 	 200 	 744 	 0
1788203919350 	 13 	 200 	 745 	 0
1788203919408 	 35 	 200 	 746 	 0
1788203919449 	 17 	 200 	 748 	 1
1788203919455 	 12 	 200 	 748 	 0
1788203919493 	 13 	 200 	 749 	 0
1788203919629 	 15 	 200 	 750 	 0
1788203919681 	 12 	 200 	 751 	 0
1788203919805 	 32 	 200 	 752 	 0
1788203919935 	 16 	 200 	 753 	 0
1788203919962 	 13 	 200 	 754 	 0
1788203920023 	 42 	 200 	 756 	 1
1788203920057 	 26 	 200 	 756 	 0
1788203920221 	 19 	 200 	 757 	 0
1788203920340 	 37 	 200 	 759 	 1
1788203920377 	 18 	 200 	 759 	 0
1788203920416 	 14 	 200 	 760 	 0
1788203920465 	 31 	 200 	 761 	 0
1788203920542 	 31 	 200 	 763 	 1
1788203920557 	 26 	 200 	 763 	 0
1788203920632 	 37 	 200 	 764 	 0
1788203920696 	 30 	 200 	 765 	 0
1788203920796 	 32 	 200 	 767 	 1
1788203920815 	 28 	 200 	 767 	 0
1788203920855 	 11 	 200 	 768 	 0
1788203920884 	 12 	 200 	 769 	 0
1788203920926 	 19 	 200 	 770 	 0
1788203920999 	 16 	 200 	 771 	 0
1788203921058 	 27 	 200 	 772 	 0
1788203921138 	 19 	 200 	 774 	 1
1788203921145 	 14 	 200 	 774 	 0
1788203921511 	 39 	 200 	 775 	 0
1788203921581 	 34 	 200 	 777 	 1
1788203921591 	 35 	 200 	 777 	 0
1788203921660 	 30 	 200 	 778 	 0
1788203921922 	 21 	 200 	 781 	 2
1788203921926 	 21 	 200 	 781 	 1
1788203921941 	 14 	 200 	 781 	 0
1788203922006 	 15 	 200 	 782 	 0
1788203922102 	 12 	 200 	 783 	 0
1788203922222 	 27 	 200 	 785 	 1
1788203922220 	 33 	 200 	 785 	 0
1788203922256 	 19 	 200 	 787 	 1
1788203922272 	 17 	 200 	 788 	 1
1788203922283 	 15 	 200 	 788 	 0
1788203922316 	 13 	 200 	 790 	 1
1788203922321 	 13 	 200 	 790 	 0
1788203922363 	 13 	 200 	 792 	 2
1788203922359 	 19 	 200 	 793 	 1
1788203922378 	 13 	 200 	 793 	 0
1788203922534 	 34 	 200 	 796 	 2
1788203922536 	 34 	 200 	 796 	 1
1788203922551 	 22 	 200 	 796 	 0
1788203922590 	 13 	 200 	 797 	 0
1788203922651 	 15 	 200 	 798 	 0
1788203922685 	 12 	 200 	 799 	 0
1788203922754 	 34 	 200 	 800 	 0
1788203922836 	 38 	 200 	 801 	 0
1788203922883 	 28 	 200 	 803 	 1
1788203922885 	 27 	 200 	 803 	 0
1788203922922 	 19 	 200 	 805 	 1
1788203922929 	 14 	 200 	 805 	 0
1788203922954 	 13 	 200 	 806 	 0
1788203922989 	 18 	 200 	 807 	 0
1788203923010 	 13 	 200 	 808 	 0
1788203923040 	 13 	 200 	 809 	 0
1788203923096 	 32 	 200 	 810 	 0
1788203923170 	 17 	 200 	 811 	 0
1788203923290 	 34 	 200 	 812 	 0
1788203923340 	 20 	 200 	 813 	 0
1788203923365 	 13 	 200 	 817 	 3
1788203923370 	 15 	 200 	 817 	 2
1788203923378 	 13 	 200 	 817 	 1
1788203923376 	 19 	 200 	 817 	 0
1788203923441 	 16 	 200 	 820 	 2
1788203923444 	 19 	 200 	 820 	 1
1788203923454 	 13 	 200 	 820 	 0
1788203923535 	 24 	 200 	 823 	 2
1788203923548 	 18 	 200 	 823 	 1
1788203923524 	 44 	 200 	 823 	 0
1788203923644 	 30 	 200 	 824 	 0
1788203923776 	 34 	 200 	 826 	 1
1788203923852 	 13 	 200 	 827 	 1
1788203923892 	 15 	 200 	 828 	 1
1788203923936 	 59 	 200 	 829 	 1
1788203924036 	 14 	 200 	 830 	 1
1788203924094 	 16 	 200 	 832 	 2
1788203924110 	 14 	 200 	 833 	 2
1788203924125 	 22 	 200 	 834 	 2
1788203924134 	 14 	 200 	 834 	 1
1788203924161 	 40 	 200 	 835 	 1
1788203924203 	 14 	 200 	 837 	 2
1788203924213 	 31 	 200 	 838 	 2
1788203924231 	 15 	 200 	 838 	 1
1788203923791 	 459 	 200 	 838 	 0
1788203924287 	 25 	 200 	 840 	 1
1788203924310 	 16 	 200 	 840 	 0
1788203924337 	 14 	 200 	 841 	 0
1788203924396 	 20 	 200 	 842 	 0
1788203924427 	 12 	 200 	 843 	 0
1788203924496 	 18 	 200 	 844 	 0
1788203924755 	 22 	 200 	 846 	 1
1788203924770 	 12 	 200 	 846 	 0
1788203924785 	 12 	 200 	 847 	 0
1788203924837 	 30 	 200 	 848 	 0
1788203924879 	 27 	 200 	 850 	 1
1788203924902 	 14 	 200 	 850 	 0
1788203924961 	 23 	 200 	 851 	 0
1788203925039 	 38 	 200 	 853 	 1
1788203925070 	 29 	 200 	 854 	 1
1788203925100 	 15 	 200 	 854 	 0
1788203925185 	 14 	 200 	 856 	 1
1788203925198 	 12 	 200 	 856 	 0
1788203925260 	 13 	 200 	 858 	 1
1788203925257 	 18 	 200 	 858 	 0
1788203925369 	 26 	 200 	 859 	 0
1788203925410 	 12 	 200 	 860 	 0
1788203925425 	 15 	 200 	 862 	 1
1788203925433 	 12 	 200 	 862 	 0
1788203925582 	 15 	 200 	 863 	 0
1788203925726 	 35 	 200 	 865 	 1
1788203925729 	 35 	 200 	 865 	 0
1788203925844 	 35 	 200 	 868 	 2
1788203925850 	 33 	 200 	 868 	 1
1788203925856 	 30 	 200 	 868 	 0
1788203925909 	 12 	 200 	 869 	 0
1788203925997 	 22 	 200 	 871 	 1
1788203925999 	 23 	 200 	 871 	 0
1788203926040 	 13 	 200 	 872 	 0
1788203926105 	 15 	 200 	 873 	 0
1788203926153 	 30 	 200 	 874 	 0
1788203926218 	 15 	 200 	 876 	 1
1788203926230 	 13 	 200 	 876 	 0
1788203926284 	 35 	 200 	 877 	 0
1788203926354 	 17 	 200 	 878 	 0
1788203926396 	 12 	 200 	 879 	 0
1788203926421 	 19 	 200 	 881 	 1
1788203926429 	 14 	 200 	 881 	 0
1788203926449 	 16 	 200 	 882 	 0
1788203926468 	 12 	 200 	 883 	 0
1788203926486 	 21 	 200 	 884 	 0
1788203926516 	 12 	 200 	 885 	 0
1788203926601 	 38 	 200 	 887 	 1
1788203926637 	 30 	 200 	 888 	 1
1788203926658 	 30 	 200 	 888 	 0
1788203926919 	 16 	 200 	 889 	 0
1788203927020 	 34 	 200 	 891 	 1
1788203927030 	 26 	 200 	 891 	 0
1788203927231 	 26 	 200 	 892 	 0
1788203927534 	 40 	 200 	 893 	 0
1788203927645 	 24 	 200 	 894 	 0
1788203927696 	 12 	 200 	 895 	 0
1788203927778 	 28 	 200 	 898 	 2
1788203927780 	 28 	 200 	 898 	 1
1788203927791 	 19 	 200 	 898 	 0
1788203927908 	 13 	 200 	 899 	 0
1788203927934 	 19 	 200 	 900 	 0
1788203927960 	 12 	 200 	 901 	 0
1788203928005 	 23 	 200 	 902 	 0
1788203928059 	 15 	 200 	 904 	 1
1788203928058 	 20 	 200 	 904 	 0
1788203928130 	 14 	 200 	 905 	 0
1788203928146 	 12 	 200 	 906 	 0
1788203928212 	 30 	 200 	 908 	 1
1788203928238 	 13 	 200 	 908 	 0
1788203928270 	 23 	 200 	 910 	 1
1788203928285 	 16 	 200 	 910 	 0
1788203928336 	 17 	 200 	 912 	 1
1788203928345 	 15 	 200 	 912 	 0
1788203928503 	 16 	 200 	 913 	 0
1788203928553 	 12 	 200 	 914 	 0
1788203928583 	 13 	 200 	 915 	 0
1788203928695 	 27 	 200 	 916 	 0
1788203928758 	 33 	 200 	 917 	 0
1788203928949 	 13 	 200 	 918 	 0
1788203928978 	 19 	 200 	 919 	 0
1788203929045 	 37 	 200 	 921 	 1
1788203929048 	 35 	 200 	 921 	 0
1788203929090 	 14 	 200 	 922 	 0
1788203929111 	 18 	 200 	 925 	 2
1788203929114 	 15 	 200 	 925 	 1
1788203929121 	 15 	 200 	 925 	 0
1788203929214 	 35 	 200 	 926 	 0
1788203929262 	 13 	 200 	 928 	 1
1788203929271 	 13 	 200 	 929 	 1
1788203929280 	 12 	 200 	 929 	 0
1788203929310 	 12 	 200 	 930 	 0
1788203929337 	 13 	 200 	 931 	 0
1788203929486 	 17 	 200 	 932 	 0
1788203929516 	 13 	 200 	 933 	 0
1788203929674 	 12 	 200 	 934 	 0
1788203929716 	 35 	 200 	 937 	 2
1788203929727 	 33 	 200 	 937 	 1
1788203929742 	 19 	 200 	 937 	 0
1788203929827 	 13 	 200 	 939 	 1
1788203929832 	 15 	 200 	 939 	 0
1788203929861 	 17 	 200 	 940 	 0
1788203929894 	 15 	 200 	 942 	 1
1788203929906 	 12 	 200 	 942 	 0
1788203929963 	 23 	 200 	 943 	 0
1788203930007 	 16 	 200 	 944 	 0
1788203930176 	 16 	 200 	 945 	 0
1788203930194 	 18 	 200 	 946 	 0
1788203930265 	 38 	 200 	 947 	 0
1788203930314 	 41 	 200 	 949 	 1
1788203930345 	 28 	 200 	 949 	 0
1788203930551 	 38 	 200 	 950 	 0
1788203930593 	 28 	 200 	 951 	 0
1788203930728 	 24 	 200 	 952 	 0
1788203930804 	 17 	 200 	 953 	 0
1788203930846 	 31 	 200 	 954 	 0
1788203930893 	 16 	 200 	 955 	 0
1788203930978 	 18 	 200 	 956 	 0
1788203931040 	 33 	 200 	 957 	 0
1788203931104 	 16 	 200 	 958 	 0
1788203931131 	 41 	 200 	 960 	 1
1788203931168 	 12 	 200 	 960 	 0
1788203931275 	 17 	 200 	 961 	 0
1788203931356 	 15 	 200 	 962 	 0
1788203931557 	 30 	 200 	 964 	 1
1788203931561 	 28 	 200 	 964 	 0
1788203931613 	 36 	 200 	 966 	 1
1788203931643 	 26 	 200 	 967 	 1
1788203931650 	 22 	 200 	 967 	 0
1788203931691 	 14 	 200 	 968 	 0
1788203931768 	 18 	 200 	 969 	 0
1788203931849 	 32 	 200 	 970 	 0
1788203931945 	 18 	 200 	 971 	 0
1788203932065 	 17 	 200 	 972 	 0
1788203932129 	 36 	 200 	 974 	 1
1788203932150 	 22 	 200 	 974 	 0
1788203932184 	 14 	 200 	 977 	 2
1788203932191 	 15 	 200 	 977 	 1
1788203932198 	 15 	 200 	 977 	 0
1788203932220 	 12 	 200 	 978 	 0
1788203932291 	 14 	 200 	 979 	 0
1788203932332 	 18 	 200 	 980 	 0
1788203932505 	 19 	 200 	 982 	 1
1788203932521 	 17 	 200 	 982 	 0
1788203932569 	 23 	 200 	 983 	 0
1788203932604 	 13 	 200 	 984 	 0
1788203932655 	 30 	 200 	 985 	 0
1788203932690 	 23 	 200 	 986 	 0
1788203932721 	 28 	 200 	 987 	 0
1788203932977 	 20 	 200 	 988 	 0
1788203933012 	 13 	 200 	 990 	 1
1788203933021 	 17 	 200 	 990 	 0
1788203933050 	 13 	 200 	 991 	 0
1788203933096 	 12 	 200 	 992 	 0
1788203933230 	 14 	 200 	 993 	 0
1788203933317 	 12 	 200 	 995 	 1
1788203933284 	 80 	 200 	 995 	 0
1788203933413 	 13 	 200 	 997 	 1
1788203933415 	 12 	 200 	 997 	 0
1788203933437 	 15 	 200 	 998 	 0
1788203933459 	 14 	 200 	 999 	 0
1788203933558 	 29 	 200 	 1001 	 1
1788203933566 	 23 	 200 	 1001 	 0
1788203933693 	 30 	 200 	 1002 	 0
1788203933736 	 35 	 200 	 1003 	 0
1788203933773 	 26 	 200 	 1004 	 0
1788203933842 	 37 	 200 	 1005 	 0
1788203933933 	 37 	 200 	 1007 	 1
1788203933960 	 23 	 200 	 1007 	 0
1788203933999 	 15 	 200 	 1009 	 1
1788203934005 	 12 	 200 	 1009 	 0
1788203934027 	 16 	 200 	 1010 	 0
1788203934057 	 13 	 200 	 1011 	 0
1788203934177 	 20 	 200 	 1015 	 3
1788203934184 	 15 	 200 	 1015 	 2
1788203934149 	 102 	 200 	 1015 	 1
1788203934266 	 37 	 200 	 1018 	 3
1788203934261 	 42 	 200 	 1018 	 2
1788203934306 	 12 	 200 	 1019 	 2
1788203934356 	 47 	 200 	 1023 	 5
1788203934255 	 150 	 200 	 1023 	 4
1788203934352 	 51 	 200 	 1023 	 3
1788203934358 	 48 	 200 	 1023 	 2
1788203934377 	 31 	 200 	 1023 	 1
1788203934151 	 310 	 200 	 1023 	 0
1788203934495 	 36 	 200 	 1025 	 1
1788203934526 	 32 	 200 	 1025 	 0
1788203934577 	 12 	 200 	 1026 	 0
1788203934609 	 15 	 200 	 1027 	 0
1788203934659 	 31 	 200 	 1029 	 1
1788203934690 	 13 	 200 	 1029 	 0
1788203934771 	 46 	 200 	 1030 	 0
1788203934855 	 19 	 200 	 1031 	 0
1788203934946 	 32 	 200 	 1032 	 0
1788203935012 	 16 	 200 	 1033 	 0
1788203935100 	 21 	 200 	 1035 	 1
1788203935111 	 14 	 200 	 1035 	 0
1788203935169 	 19 	 200 	 1036 	 0
1788203935215 	 13 	 200 	 1037 	 0
1788203935237 	 12 	 200 	 1039 	 1
1788203935249 	 17 	 200 	 1040 	 1
1788203935254 	 14 	 200 	 1040 	 0
1788203935287 	 35 	 200 	 1042 	 1
1788203935308 	 22 	 200 	 1042 	 0
1788203935378 	 14 	 200 	 1043 	 0
1788203935492 	 37 	 200 	 1045 	 1
1788203935511 	 34 	 200 	 1045 	 0
1788203935586 	 14 	 200 	 1046 	 0
1788203935627 	 14 	 200 	 1048 	 1
1788203935640 	 14 	 200 	 1050 	 2
1788203935644 	 14 	 200 	 1050 	 1
1788203935645 	 13 	 200 	 1050 	 0
1788203935713 	 37 	 200 	 1053 	 2
1788203935745 	 21 	 200 	 1053 	 1
1788203935728 	 38 	 200 	 1053 	 0
1788203935778 	 16 	 200 	 1055 	 1
1788203935787 	 12 	 200 	 1055 	 0
1788203935808 	 13 	 200 	 1056 	 0
1788203935960 	 21 	 200 	 1058 	 1
1788203935962 	 22 	 200 	 1058 	 0
1788203936084 	 13 	 200 	 1059 	 0
1788203936144 	 17 	 200 	 1060 	 0
1788203936241 	 18 	 200 	 1061 	 0
1788203936283 	 30 	 200 	 1062 	 0
1788203936339 	 28 	 200 	 1063 	 0
1788203936652 	 32 	 200 	 1064 	 0
1788203936725 	 32 	 200 	 1065 	 0
1788203936792 	 37 	 200 	 1069 	 3
1788203936788 	 46 	 200 	 1069 	 2
1788203936797 	 40 	 200 	 1069 	 1
1788203936827 	 14 	 200 	 1069 	 0
1788203936842 	 13 	 200 	 1071 	 1
1788203936856 	 21 	 200 	 1073 	 2
1788203936870 	 15 	 200 	 1073 	 1
1788203936871 	 15 	 200 	 1073 	 0
1788203936937 	 12 	 200 	 1074 	 0
1788203936987 	 38 	 200 	 1076 	 1
1788203937010 	 24 	 200 	 1076 	 0
1788203937059 	 25 	 200 	 1078 	 1
1788203937076 	 16 	 200 	 1078 	 0
1788203937133 	 38 	 200 	 1079 	 0
1788203937194 	 14 	 200 	 1080 	 0
1788203937229 	 14 	 200 	 1081 	 0
1788203937331 	 28 	 200 	 1082 	 0
1788203937464 	 25 	 200 	 1083 	 0
1788203937509 	 31 	 200 	 1084 	 0
1788203937645 	 35 	 200 	 1086 	 1
1788203937648 	 34 	 200 	 1086 	 0
1788203937694 	 13 	 200 	 1087 	 0
1788203937810 	 34 	 200 	 1090 	 2
1788203937838 	 30 	 200 	 1091 	 2
1788203937842 	 27 	 200 	 1091 	 1
1788203937854 	 19 	 200 	 1091 	 0
1788203937885 	 47 	 200 	 1092 	 0
1788203937934 	 16 	 200 	 1093 	 0
1788203937965 	 21 	 200 	 1096 	 2
1788203937970 	 17 	 200 	 1096 	 1
1788203937984 	 16 	 200 	 1096 	 0
1788203938003 	 12 	 200 	 1097 	 0
1788203938223 	 26 	 200 	 1098 	 0
1788203938253 	 12 	 200 	 1099 	 0
1788203938296 	 39 	 200 	 1102 	 2
1788203938298 	 38 	 200 	 1102 	 1
1788203938325 	 20 	 200 	 1102 	 0
1788203938385 	 15 	 200 	 1103 	 0
1788203938507 	 19 	 200 	 1105 	 1
1788203938519 	 16 	 200 	 1105 	 0
1788203938539 	 25 	 200 	 1107 	 1
1788203938541 	 24 	 200 	 1107 	 0
1788203938598 	 13 	 200 	 1108 	 0
1788203938665 	 33 	 200 	 1109 	 0
1788203938709 	 28 	 200 	 1110 	 0
1788203938792 	 13 	 200 	 1112 	 1
1788203938806 	 16 	 200 	 1113 	 1
1788203938818 	 16 	 200 	 1114 	 1
1788203938824 	 12 	 200 	 1114 	 0
1788203938856 	 34 	 200 	 1119 	 4
1788203938864 	 27 	 200 	 1119 	 3
1788203938871 	 26 	 200 	 1119 	 2
1788203938881 	 15 	 200 	 1119 	 1
1788203938890 	 14 	 200 	 1120 	 1
1788203938901 	 15 	 200 	 1120 	 0
1788203938937 	 14 	 200 	 1121 	 0
1788203939103 	 18 	 200 	 1122 	 0
1788203939141 	 12 	 200 	 1123 	 0
1788203939164 	 13 	 200 	 1124 	 0
1788203939186 	 12 	 200 	 1125 	 0
1788203939212 	 13 	 200 	 1126 	 0
1788203939251 	 12 	 200 	 1127 	 0
1788203939273 	 14 	 200 	 1128 	 0
1788203939298 	 19 	 200 	 1129 	 0
1788203939388 	 33 	 200 	 1130 	 0
1788203939452 	 13 	 200 	 1133 	 2
1788203939461 	 18 	 200 	 1133 	 1
1788203939465 	 15 	 200 	 1133 	 0
1788203939560 	 28 	 200 	 1134 	 0
1788203939602 	 13 	 200 	 1135 	 0
1788203939654 	 31 	 200 	 1137 	 1
1788203939680 	 15 	 200 	 1137 	 0
1788203939722 	 32 	 200 	 1138 	 0
1788203939792 	 16 	 200 	 1140 	 1
1788203939804 	 16 	 200 	 1140 	 0
1788203939910 	 31 	 200 	 1142 	 1
1788203939913 	 34 	 200 	 1142 	 0
1788203939954 	 14 	 200 	 1143 	 0
1788203939982 	 34 	 200 	 1144 	 0
1788203940067 	 19 	 200 	 1145 	 0
1788203940114 	 12 	 200 	 1148 	 2
1788203940124 	 13 	 200 	 1148 	 1
1788203940127 	 13 	 200 	 1148 	 0
1788203940174 	 36 	 200 	 1152 	 3
1788203940194 	 27 	 200 	 1152 	 2
1788203940205 	 25 	 200 	 1152 	 1
1788203940200 	 37 	 200 	 1152 	 0
1788203940272 	 18 	 200 	 1153 	 0
1788203940429 	 32 	 200 	 1155 	 1
1788203940439 	 29 	 200 	 1156 	 1
1788203940463 	 15 	 200 	 1156 	 0
1788203940526 	 16 	 200 	 1157 	 0
1788203940547 	 12 	 200 	 1158 	 0
1788203940622 	 39 	 200 	 1159 	 0
1788203940752 	 22 	 200 	 1161 	 1
1788203940767 	 17 	 200 	 1161 	 0
1788203940828 	 31 	 200 	 1162 	 0
1788203940918 	 35 	 200 	 1164 	 1
1788203940939 	 31 	 200 	 1165 	 1
1788203940968 	 16 	 200 	 1165 	 0
1788203941009 	 29 	 200 	 1166 	 0
1788203941065 	 24 	 200 	 1167 	 0
1788203941115 	 21 	 200 	 1169 	 1
1788203941134 	 16 	 200 	 1169 	 0
1788203941217 	 30 	 200 	 1170 	 0
1788203941286 	 13 	 200 	 1171 	 0
1788203941346 	 20 	 200 	 1173 	 1
1788203941362 	 16 	 200 	 1173 	 0
1788203941516 	 32 	 200 	 1174 	 0
1788203941602 	 37 	 200 	 1176 	 1
1788203941633 	 21 	 200 	 1176 	 0
1788203941789 	 13 	 200 	 1177 	 0
1788203941808 	 12 	 200 	 1178 	 0
1788203941857 	 13 	 200 	 1179 	 0
1788203941924 	 13 	 200 	 1181 	 1
1788203941929 	 14 	 200 	 1181 	 0
1788203941988 	 30 	 200 	 1183 	 1
1788203942008 	 31 	 200 	 1183 	 0
1788203942046 	 30 	 200 	 1185 	 1
1788203942066 	 20 	 200 	 1185 	 0
1788203942152 	 12 	 200 	 1186 	 0
1788203942280 	 30 	 200 	 1188 	 1
1788203942290 	 21 	 200 	 1188 	 0
1788203942406 	 31 	 200 	 1192 	 3
1788203942424 	 19 	 200 	 1192 	 2
1788203942424 	 22 	 200 	 1192 	 1
1788203942399 	 47 	 200 	 1192 	 0
1788203942460 	 13 	 200 	 1193 	 0
1788203942532 	 30 	 200 	 1195 	 1
1788203942552 	 22 	 200 	 1196 	 1
1788203942575 	 23 	 200 	 1197 	 1
1788203942594 	 14 	 200 	 1197 	 0
1788203942620 	 12 	 200 	 1198 	 0
1788203942677 	 17 	 200 	 1201 	 2
1788203942667 	 27 	 200 	 1201 	 1
1788203942694 	 14 	 200 	 1201 	 0
1788203942751 	 14 	 200 	 1203 	 1
1788203942745 	 26 	 200 	 1203 	 0
1788203942925 	 34 	 200 	 1205 	 1
1788203942944 	 24 	 200 	 1205 	 0
1788203942980 	 13 	 200 	 1207 	 1
1788203942974 	 38 	 200 	 1207 	 0
1788203943150 	 13 	 200 	 1208 	 0
1788203943180 	 18 	 200 	 1210 	 1
1788203943193 	 15 	 200 	 1210 	 0
1788203943218 	 14 	 200 	 1211 	 0
1788203943282 	 21 	 200 	 1212 	 0
1788203943307 	 14 	 200 	 1213 	 0
1788203943368 	 22 	 200 	 1215 	 1
1788203943372 	 19 	 200 	 1215 	 0
1788203943427 	 13 	 200 	 1216 	 0
1788203943464 	 14 	 200 	 1218 	 1
1788203943477 	 14 	 200 	 1218 	 0
1788203943495 	 14 	 200 	 1219 	 0
1788203943535 	 27 	 200 	 1220 	 0
1788203943622 	 32 	 200 	 1223 	 2
1788203943639 	 24 	 200 	 1223 	 1
1788203943636 	 31 	 200 	 1224 	 1
1788203943667 	 13 	 200 	 1224 	 0
1788203943786 	 14 	 200 	 1225 	 0
1788203943859 	 34 	 200 	 1228 	 2
1788203943869 	 39 	 200 	 1228 	 1
1788203943887 	 20 	 200 	 1228 	 0
1788203943952 	 32 	 200 	 1230 	 1
1788203943958 	 30 	 200 	 1230 	 0
1788203944043 	 32 	 200 	 1233 	 2
1788203944041 	 38 	 200 	 1233 	 1
1788203944074 	 22 	 200 	 1233 	 0
1788203944130 	 12 	 200 	 1235 	 1
1788203944126 	 17 	 200 	 1235 	 0
1788203944189 	 18 	 200 	 1236 	 0
1788203944214 	 11 	 200 	 1237 	 0
1788203944247 	 13 	 200 	 1238 	 0
1788203944367 	 24 	 200 	 1239 	 0
1788203944463 	 17 	 200 	 1240 	 0
1788203944579 	 36 	 200 	 1242 	 1
1788203944605 	 30 	 200 	 1242 	 0
1788203944688 	 32 	 200 	 1243 	 0
1788203944799 	 15 	 200 	 1244 	 0
1788203944830 	 13 	 200 	 1245 	 0
1788203944850 	 13 	 200 	 1246 	 0
1788203944944 	 13 	 200 	 1247 	 0
1788203944981 	 24 	 200 	 1248 	 0
1788203945050 	 36 	 200 	 1250 	 1
1788203945063 	 27 	 200 	 1251 	 1
1788203945091 	 17 	 200 	 1251 	 0
1788203945126 	 24 	 200 	 1252 	 0
1788203945207 	 31 	 200 	 1253 	 0
1788203945243 	 33 	 200 	 1254 	 0
1788203945330 	 30 	 200 	 1256 	 1
1788203945333 	 33 	 200 	 1256 	 0
1788203945386 	 16 	 200 	 1260 	 3
1788203945388 	 15 	 200 	 1260 	 2
1788203945389 	 16 	 200 	 1260 	 1
1788203945390 	 15 	 200 	 1260 	 0
1788203945436 	 34 	 200 	 1261 	 0
1788203945485 	 13 	 200 	 1262 	 0
1788203945515 	 13 	 200 	 1263 	 0
1788203945549 	 14 	 200 	 1264 	 0
1788203945714 	 16 	 200 	 1265 	 0
1788203945825 	 37 	 200 	 1267 	 1
1788203945850 	 41 	 200 	 1268 	 1
1788203945883 	 15 	 200 	 1268 	 0
1788203945941 	 14 	 200 	 1269 	 0
1788203945969 	 15 	 200 	 1270 	 0
1788203945999 	 13 	 200 	 1272 	 1
1788203946001 	 25 	 200 	 1272 	 0
1788203946094 	 32 	 200 	 1273 	 0
1788203946238 	 24 	 200 	 1275 	 1
1788203946262 	 24 	 200 	 1275 	 0
1788203946357 	 35 	 200 	 1277 	 1
1788203946366 	 76 	 200 	 1277 	 0
1788203946449 	 12 	 200 	 1279 	 1
1788203946460 	 12 	 200 	 1279 	 0
1788203946561 	 41 	 200 	 1281 	 1
1788203946595 	 30 	 200 	 1283 	 2
1788203946616 	 24 	 200 	 1284 	 2
1788203946618 	 22 	 200 	 1284 	 1
1788203946627 	 15 	 200 	 1284 	 0
1788203946719 	 31 	 200 	 1285 	 0
1788203946835 	 34 	 200 	 1286 	 0
1788203946956 	 15 	 200 	 1287 	 0
1788203947013 	 18 	 200 	 1288 	 0
1788203947033 	 13 	 200 	 1289 	 0
1788203947093 	 33 	 200 	 1291 	 1
1788203947103 	 28 	 200 	 1291 	 0
1788203947319 	 19 	 200 	 1292 	 0
1788203947343 	 13 	 200 	 1294 	 1
1788203947349 	 21 	 200 	 1294 	 0
1788203947415 	 14 	 200 	 1295 	 0
1788203947459 	 19 	 200 	 1296 	 0
1788203947522 	 42 	 200 	 1298 	 1
1788203947563 	 16 	 200 	 1298 	 0
1788203947587 	 12 	 200 	 1299 	 0
1788203947715 	 40 	 200 	 1301 	 1
1788203947735 	 34 	 200 	 1302 	 1
1788203947763 	 28 	 200 	 1303 	 1
1788203947775 	 19 	 200 	 1303 	 0
1788203947863 	 32 	 200 	 1305 	 1
1788203947876 	 27 	 200 	 1305 	 0
1788203947981 	 29 	 200 	 1306 	 0
1788203948053 	 33 	 200 	 1309 	 2
1788203948068 	 25 	 200 	 1309 	 1
1788203948074 	 22 	 200 	 1309 	 0
1788203948140 	 16 	 200 	 1310 	 0
1788203948252 	 23 	 200 	 1311 	 0
1788203948311 	 23 	 200 	 1312 	 0
1788203948344 	 12 	 200 	 1313 	 0
1788203948394 	 32 	 200 	 1314 	 0
1788203948444 	 24 	 200 	 1317 	 2
1788203948450 	 19 	 200 	 1317 	 1
1788203948465 	 17 	 200 	 1317 	 0
1788203948525 	 34 	 200 	 1318 	 0
1788203948592 	 14 	 200 	 1319 	 0
1788203948669 	 36 	 200 	 1320 	 0
1788203948731 	 35 	 200 	 1322 	 1
1788203948760 	 23 	 200 	 1322 	 0
1788203948796 	 16 	 200 	 1323 	 0
1788203948822 	 12 	 200 	 1324 	 0
1788203948922 	 31 	 200 	 1326 	 1
1788203948929 	 32 	 200 	 1326 	 0
1788203949118 	 32 	 200 	 1327 	 0
1788203949181 	 37 	 200 	 1329 	 1
1788203949179 	 44 	 200 	 1329 	 0
1788203949261 	 23 	 200 	 1330 	 0
1788203949315 	 12 	 200 	 1331 	 0
1788203949341 	 12 	 200 	 1333 	 1
1788203949352 	 14 	 200 	 1333 	 0
1788203949496 	 16 	 200 	 1334 	 0
1788203949669 	 31 	 200 	 1337 	 2
1788203949671 	 34 	 200 	 1337 	 1
1788203949690 	 20 	 200 	 1337 	 0
1788203949771 	 15 	 200 	 1338 	 0
1788203949908 	 36 	 200 	 1339 	 0
1788203949991 	 37 	 200 	 1340 	 0
1788203950048 	 15 	 200 	 1341 	 0
1788203950117 	 13 	 200 	 1342 	 0
1788203950249 	 28 	 200 	 1343 	 0
1788203950279 	 21 	 200 	 1344 	 0
1788203950542 	 28 	 200 	 1346 	 1
1788203950566 	 18 	 200 	 1346 	 0
1788203950599 	 36 	 200 	 1347 	 0
1788203950709 	 13 	 200 	 1350 	 2
1788203950692 	 30 	 200 	 1350 	 1
1788203950707 	 19 	 200 	 1350 	 0
1788203950744 	 32 	 200 	 1351 	 0
1788203950827 	 37 	 200 	 1352 	 0
1788203950882 	 13 	 200 	 1354 	 1
1788203950888 	 13 	 200 	 1354 	 0
1788203950979 	 28 	 200 	 1355 	 0
1788203951274 	 21 	 200 	 1357 	 1
1788203951278 	 18 	 200 	 1357 	 0
1788203951353 	 20 	 200 	 1358 	 0
1788203951400 	 29 	 200 	 1359 	 0
1788203951458 	 16 	 200 	 1360 	 0
1788203951642 	 38 	 200 	 1361 	 0
1788203951774 	 19 	 200 	 1362 	 0
1788203951815 	 14 	 200 	 1364 	 1
1788203951825 	 15 	 200 	 1365 	 1
1788203951831 	 12 	 200 	 1365 	 0
1788203951845 	 16 	 200 	 1366 	 0
1788203951886 	 17 	 200 	 1367 	 0
1788203951912 	 23 	 200 	 1368 	 0
1788203951957 	 24 	 200 	 1369 	 0
1788203952008 	 12 	 200 	 1370 	 0
1788203952099 	 12 	 200 	 1372 	 1
1788203952097 	 16 	 200 	 1372 	 0
1788203952166 	 16 	 200 	 1373 	 0
1788203952194 	 12 	 200 	 1374 	 0
1788203952256 	 21 	 200 	 1375 	 0
1788203952359 	 31 	 200 	 1378 	 2
1788203952378 	 16 	 200 	 1378 	 1
1788203952385 	 18 	 200 	 1378 	 0
1788203952455 	 12 	 200 	 1379 	 0
1788203952526 	 39 	 200 	 1380 	 0
1788203952575 	 15 	 200 	 1381 	 0
1788203952597 	 34 	 200 	 1382 	 0
1788203952664 	 18 	 200 	 1384 	 1
1788203952683 	 12 	 200 	 1384 	 0
1788203952787 	 32 	 200 	 1385 	 0
1788203952870 	 32 	 200 	 1387 	 1
1788203952897 	 35 	 200 	 1387 	 0
1788203952962 	 15 	 200 	 1388 	 0
1788203952982 	 14 	 200 	 1389 	 0
1788203952999 	 17 	 200 	 1392 	 2
1788203953015 	 13 	 200 	 1393 	 2
1788203953016 	 15 	 200 	 1393 	 1
1788203953025 	 13 	 200 	 1393 	 0
1788203953188 	 15 	 200 	 1394 	 0
1788203953223 	 14 	 200 	 1396 	 1
1788203953226 	 15 	 200 	 1396 	 0
1788203953269 	 13 	 200 	 1397 	 0
1788203953377 	 14 	 200 	 1399 	 1
1788203953338 	 56 	 200 	 1399 	 0
1788203953404 	 13 	 200 	 1400 	 0
1788203953441 	 15 	 200 	 1401 	 1
1788203953458 	 13 	 200 	 1402 	 0
1788203953485 	 15 	 200 	 1404 	 1
1788203953484 	 21 	 200 	 1404 	 0
1788203953522 	 13 	 200 	 1405 	 0
1788203953581 	 12 	 200 	 1406 	 0
1788203953666 	 24 	 200 	 1408 	 1
1788203953683 	 16 	 200 	 1409 	 1
1788203953693 	 12 	 200 	 1409 	 0
1788203953736 	 15 	 200 	 1410 	 0
1788203953815 	 24 	 200 	 1411 	 0
1788203953870 	 18 	 200 	 1413 	 1
1788203953879 	 18 	 200 	 1413 	 0
1788203953970 	 36 	 200 	 1414 	 0
1788203954025 	 39 	 200 	 1416 	 1
1788203954050 	 25 	 200 	 1416 	 0
1788203954086 	 12 	 200 	 1417 	 0
1788203954161 	 19 	 200 	 1418 	 0
1788203954185 	 12 	 200 	 1419 	 0
1788203954241 	 16 	 200 	 1420 	 0
1788203954271 	 14 	 200 	 1422 	 1
1788203954270 	 18 	 200 	 1422 	 0
1788203954438 	 35 	 200 	 1424 	 1
1788203954457 	 28 	 200 	 1424 	 0
1788203954492 	 12 	 200 	 1425 	 0
1788203954554 	 31 	 200 	 1428 	 2
1788203954563 	 27 	 200 	 1428 	 1
1788203954581 	 23 	 200 	 1428 	 0
1788203954673 	 39 	 200 	 1430 	 1
1788203954698 	 24 	 200 	 1430 	 0
1788203954765 	 37 	 200 	 1432 	 1
1788203954796 	 22 	 200 	 1432 	 0
1788203954929 	 19 	 200 	 1434 	 1
1788203954945 	 14 	 200 	 1434 	 0
1788203955029 	 33 	 200 	 1435 	 0
1788203955127 	 26 	 200 	 1436 	 0
1788203955269 	 18 	 200 	 1437 	 0
1788203955431 	 32 	 200 	 1439 	 1
1788203955453 	 18 	 200 	 1439 	 0
1788203955531 	 38 	 200 	 1441 	 1
1788203955564 	 13 	 200 	 1441 	 0
1788203955618 	 38 	 200 	 1444 	 2
1788203955638 	 20 	 200 	 1444 	 1
1788203955647 	 17 	 200 	 1445 	 1
1788203955661 	 12 	 200 	 1445 	 0
1788203955681 	 15 	 200 	 1446 	 0
1788203955729 	 31 	 200 	 1447 	 0
1788203955857 	 27 	 200 	 1448 	 0
1788203955907 	 15 	 200 	 1449 	 0
1788203955951 	 36 	 200 	 1450 	 0
1788203956154 	 30 	 200 	 1451 	 0
1788203956250 	 31 	 200 	 1453 	 1
1788203956268 	 34 	 200 	 1453 	 0
1788203956357 	 18 	 200 	 1456 	 2
1788203956370 	 15 	 200 	 1456 	 1
1788203956375 	 13 	 200 	 1456 	 0
1788203956394 	 11 	 200 	 1457 	 0
1788203956476 	 13 	 200 	 1459 	 1
1788203956485 	 13 	 200 	 1459 	 0
1788203956584 	 13 	 200 	 1460 	 0
1788203956608 	 15 	 200 	 1461 	 0
1788203956709 	 31 	 200 	 1462 	 0
1788203956769 	 18 	 200 	 1463 	 0
1788203956839 	 33 	 200 	 1464 	 0
1788203956908 	 12 	 200 	 1465 	 0
1788203956968 	 16 	 200 	 1466 	 0
1788203957063 	 34 	 200 	 1467 	 0
1788203957110 	 12 	 200 	 1468 	 0
1788203957138 	 12 	 200 	 1469 	 0
1788203957218 	 25 	 200 	 1470 	 0
1788203957483 	 12 	 200 	 1471 	 0
1788203957614 	 13 	 200 	 1472 	 0
1788203957713 	 40 	 200 	 1475 	 2
1788203957737 	 31 	 200 	 1475 	 1
1788203957756 	 16 	 200 	 1475 	 0
1788203957828 	 38 	 200 	 1476 	 0
1788203957901 	 13 	 200 	 1477 	 0
1788203958002 	 31 	 200 	 1478 	 0
1788203958069 	 19 	 200 	 1479 	 0
1788203958108 	 13 	 200 	 1480 	 0
1788203958178 	 35 	 200 	 1482 	 1
1788203958194 	 23 	 200 	 1482 	 0
1788203958224 	 13 	 200 	 1483 	 0
1788203958331 	 13 	 200 	 1484 	 0
1788203958386 	 13 	 200 	 1485 	 0
1788203958519 	 12 	 200 	 1486 	 0
1788203958558 	 16 	 200 	 1487 	 0
1788203958638 	 39 	 200 	 1489 	 1
1788203958658 	 33 	 200 	 1489 	 0
1788203958862 	 24 	 200 	 1490 	 0
1788203958931 	 24 	 200 	 1491 	 0
1788203958979 	 13 	 200 	 1493 	 1
1788203958981 	 14 	 200 	 1493 	 0
1788203959083 	 37 	 200 	 1496 	 2
1788203959119 	 12 	 200 	 1496 	 1
1788203959144 	 15 	 200 	 1499 	 3
1788203959097 	 68 	 200 	 1499 	 2
1788203959151 	 18 	 200 	 1499 	 1
1788203959155 	 15 	 200 	 1499 	 0
1788203959188 	 18 	 200 	 1500 	 0
1788203959236 	 12 	 200 	 1501 	 0
1788203959327 	 31 	 200 	 1503 	 1
1788203959371 	 18 	 200 	 1504 	 1
1788203959411 	 13 	 200 	 1505 	 1
1788203959429 	 14 	 200 	 1507 	 2
1788203959431 	 15 	 200 	 1507 	 1
1788203959454 	 15 	 200 	 1508 	 1
1788203959350 	 375 	 200 	 1508 	 0
1788203959758 	 19 	 200 	 1510 	 1
1788203959770 	 14 	 200 	 1510 	 0
1788203959840 	 15 	 200 	 1513 	 2
1788203959842 	 18 	 200 	 1513 	 1
1788203959847 	 14 	 200 	 1513 	 0
1788203959970 	 15 	 200 	 1514 	 0
1788203960014 	 19 	 200 	 1515 	 0
1788203960073 	 18 	 200 	 1516 	 0
1788203960107 	 13 	 200 	 1518 	 1
1788203960118 	 13 	 200 	 1518 	 0
1788203960162 	 43 	 200 	 1522 	 3
1788203960160 	 46 	 200 	 1522 	 2
1788203960193 	 20 	 200 	 1522 	 1
1788203960197 	 15 	 200 	 1522 	 0
1788203960307 	 34 	 200 	 1523 	 0
1788203960397 	 28 	 200 	 1527 	 3
1788203960423 	 17 	 200 	 1527 	 2
1788203960404 	 55 	 200 	 1527 	 1
1788203960420 	 39 	 200 	 1527 	 0
1788203960592 	 20 	 200 	 1528 	 0
1788203960638 	 21 	 200 	 1530 	 1
1788203960635 	 24 	 200 	 1530 	 0
1788203960810 	 38 	 200 	 1531 	 0
1788203960940 	 13 	 200 	 1533 	 1
1788203960945 	 19 	 200 	 1533 	 0
1788203960999 	 15 	 200 	 1535 	 1
1788203961011 	 13 	 200 	 1535 	 0
1788203961067 	 38 	 200 	 1536 	 0
1788203961135 	 42 	 200 	 1537 	 0
1788203961290 	 33 	 200 	 1538 	 0
1788203961370 	 13 	 200 	 1539 	 0
1788203961542 	 35 	 200 	 1541 	 1
1788203961558 	 32 	 200 	 1541 	 0
1788203961695 	 40 	 200 	 1542 	 0
1788203961791 	 36 	 200 	 1543 	 0
1788203961929 	 14 	 200 	 1544 	 0
1788203961964 	 13 	 200 	 1545 	 0
1788203962450 	 36 	 200 	 1546 	 0
1788203962536 	 36 	 200 	 1549 	 2
1788203962568 	 20 	 200 	 1549 	 1
1788203962572 	 28 	 200 	 1549 	 0
1788203962637 	 30 	 200 	 1550 	 0
1788203962694 	 18 	 200 	 1551 	 0
1788203962867 	 35 	 200 	 1552 	 0
1788203962916 	 28 	 200 	 1554 	 1
1788203962945 	 12 	 200 	 1554 	 0
1788203963163 	 30 	 200 	 1555 	 0
1788203963226 	 33 	 200 	 1559 	 3
1788203963253 	 14 	 200 	 1559 	 2
1788203963248 	 20 	 200 	 1559 	 1
1788203963252 	 21 	 200 	 1559 	 0
1788203963341 	 13 	 200 	 1562 	 2
1788203963340 	 17 	 200 	 1562 	 1
1788203963320 	 39 	 200 	 1562 	 0
1788203963397 	 19 	 200 	 1564 	 1
1788203963402 	 14 	 200 	 1564 	 0
1788203963441 	 14 	 200 	 1565 	 0
1788203963494 	 13 	 200 	 1566 	 0
1788203963533 	 31 	 200 	 1569 	 2
1788203963540 	 29 	 200 	 1569 	 1
1788203963542 	 29 	 200 	 1569 	 0
1788203963648 	 30 	 200 	 1570 	 0
1788203963681 	 16 	 200 	 1571 	 0
1788203963718 	 34 	 200 	 1572 	 1
1788203963755 	 26 	 200 	 1575 	 2
1788203963765 	 21 	 200 	 1575 	 1
1788203963762 	 24 	 200 	 1575 	 0
1788203963883 	 15 	 200 	 1576 	 0
1788203963921 	 16 	 200 	 1578 	 1
1788203963936 	 12 	 200 	 1578 	 0
1788203964063 	 33 	 200 	 1579 	 0
1788203964142 	 31 	 200 	 1580 	 0
1788203964235 	 14 	 200 	 1581 	 0
1788203964266 	 14 	 200 	 1583 	 1
1788203964257 	 46 	 200 	 1583 	 0
1788203964355 	 15 	 200 	 1584 	 0
1788203964456 	 27 	 200 	 1585 	 0
1788203964749 	 33 	 200 	 1586 	 0
1788203964906 	 37 	 200 	 1590 	 3
1788203964916 	 30 	 200 	 1590 	 2
1788203964918 	 31 	 200 	 1590 	 1
1788203964933 	 18 	 200 	 1590 	 0
1788203965004 	 32 	 200 	 1592 	 1
1788203965011 	 31 	 200 	 1592 	 0
1788203965082 	 22 	 200 	 1593 	 0
1788203965157 	 33 	 200 	 1594 	 0
1788203965197 	 30 	 200 	 1595 	 0
1788203965428 	 12 	 200 	 1596 	 0
1788203965524 	 34 	 200 	 1597 	 0
1788203965637 	 38 	 200 	 1600 	 2
1788203965658 	 28 	 200 	 1600 	 1
1788203965667 	 19 	 200 	 1600 	 0
1788203965717 	 33 	 200 	 1602 	 1
1788203965738 	 37 	 200 	 1602 	 0
1788203965811 	 38 	 200 	 1604 	 1
1788203965834 	 31 	 200 	 1604 	 0
1788203965902 	 32 	 200 	 1605 	 0
1788203966014 	 32 	 200 	 1608 	 2
1788203966011 	 52 	 200 	 1609 	 2
1788203966053 	 13 	 200 	 1609 	 1
1788203966009 	 67 	 200 	 1610 	 1
1788203966068 	 13 	 200 	 1610 	 0
1788203966238 	 17 	 200 	 1611 	 0
1788203966279 	 14 	 200 	 1612 	 0
1788203966303 	 11 	 200 	 1613 	 0
1788203966402 	 16 	 200 	 1614 	 0
1788203966481 	 64 	 200 	 1618 	 3
1788203966534 	 13 	 200 	 1618 	 2
1788203966538 	 14 	 200 	 1618 	 1
1788203966478 	 91 	 200 	 1618 	 0
1788203966600 	 40 	 200 	 1619 	 0
1788203966678 	 13 	 200 	 1620 	 0
1788203966710 	 31 	 200 	 1622 	 1
1788203966723 	 22 	 200 	 1622 	 0
1788203966839 	 29 	 200 	 1624 	 1
1788203966837 	 31 	 200 	 1624 	 0
1788203966977 	 17 	 200 	 1626 	 1
1788203966987 	 18 	 200 	 1626 	 0
1788203967009 	 38 	 200 	 1627 	 0
1788203967065 	 14 	 200 	 1628 	 0
1788203967094 	 12 	 200 	 1629 	 0
1788203967137 	 37 	 200 	 1632 	 2
1788203967150 	 23 	 200 	 1632 	 1
1788203967144 	 30 	 200 	 1632 	 0
1788203967247 	 13 	 200 	 1633 	 0
1788203967263 	 12 	 200 	 1634 	 0
1788203967316 	 35 	 200 	 1635 	 0
1788203967357 	 23 	 200 	 1636 	 0
1788203967401 	 17 	 200 	 1637 	 0
1788203967421 	 12 	 200 	 1638 	 0
1788203967485 	 17 	 200 	 1639 	 0
1788203967640 	 22 	 200 	 1640 	 0
1788203967679 	 22 	 200 	 1642 	 1
1788203967682 	 24 	 200 	 1642 	 0
1788203967762 	 24 	 200 	 1643 	 0
1788203967809 	 14 	 200 	 1644 	 0
1788203967862 	 12 	 200 	 1645 	 0
1788203967931 	 38 	 200 	 1646 	 0
1788203967986 	 15 	 200 	 1647 	 0
1788203968053 	 31 	 200 	 1648 	 0
1788203968104 	 13 	 200 	 1649 	 0
1788203968141 	 14 	 200 	 1650 	 0
1788203968176 	 14 	 200 	 1652 	 1
1788203968177 	 15 	 200 	 1652 	 0
1788203968195 	 11 	 200 	 1654 	 1
1788203968206 	 16 	 200 	 1654 	 0
1788203968225 	 13 	 200 	 1656 	 1
1788203968229 	 18 	 200 	 1657 	 1
1788203968240 	 20 	 200 	 1657 	 0
1788203968380 	 13 	 200 	 1658 	 0
1788203968628 	 34 	 200 	 1659 	 0
1788203968665 	 28 	 200 	 1660 	 0
1788203968734 	 25 	 200 	 1663 	 2
1788203968725 	 39 	 200 	 1663 	 1
1788203968724 	 44 	 200 	 1663 	 0
1788203968909 	 14 	 200 	 1664 	 0
1788203968966 	 31 	 200 	 1668 	 3
1788203968991 	 23 	 200 	 1668 	 2
1788203968984 	 29 	 200 	 1668 	 1
1788203968993 	 23 	 200 	 1668 	 0
1788203969084 	 36 	 200 	 1671 	 2
1788203969096 	 30 	 200 	 1671 	 1
1788203969101 	 29 	 200 	 1671 	 0
1788203969155 	 30 	 200 	 1673 	 1
1788203969160 	 31 	 200 	 1673 	 0
1788203969234 	 20 	 200 	 1674 	 0
1788203969278 	 18 	 200 	 1675 	 0
1788203969324 	 25 	 200 	 1677 	 1
1788203969331 	 19 	 200 	 1677 	 0
1788203969375 	 31 	 200 	 1678 	 0
1788203969475 	 29 	 200 	 1679 	 0
1788203969597 	 28 	 200 	 1680 	 0
1788203969684 	 13 	 200 	 1683 	 2
1788203969669 	 28 	 200 	 1683 	 1
1788203969674 	 25 	 200 	 1683 	 0
1788203969737 	 13 	 200 	 1684 	 0
1788203969845 	 35 	 200 	 1685 	 0
1788203969921 	 30 	 200 	 1688 	 2
1788203969928 	 26 	 200 	 1688 	 1
1788203969937 	 20 	 200 	 1688 	 0
1788203969968 	 14 	 200 	 1690 	 1
1788203969972 	 13 	 200 	 1690 	 0
1788203970007 	 38 	 200 	 1693 	 2
1788203970010 	 36 	 200 	 1693 	 1
1788203970042 	 18 	 200 	 1693 	 0
1788203970096 	 13 	 200 	 1695 	 1
1788203970108 	 13 	 200 	 1697 	 2
1788203970110 	 15 	 200 	 1697 	 1
1788203970118 	 15 	 200 	 1697 	 0
1788203970241 	 12 	 200 	 1698 	 0
1788203970412 	 20 	 200 	 1699 	 0
1788203970490 	 38 	 200 	 1701 	 1
1788203970517 	 17 	 200 	 1701 	 0
1788203970540 	 19 	 200 	 1703 	 1
1788203970555 	 14 	 200 	 1703 	 0
1788203970575 	 13 	 200 	 1704 	 0
1788203970659 	 28 	 200 	 1706 	 1
1788203970676 	 23 	 200 	 1706 	 0
1788203970712 	 13 	 200 	 1707 	 0
1788203970749 	 18 	 200 	 1708 	 0
1788203970768 	 12 	 200 	 1709 	 0
1788203970788 	 20 	 200 	 1711 	 1
1788203970806 	 12 	 200 	 1711 	 0
1788203970879 	 17 	 200 	 1713 	 1
1788203970884 	 15 	 200 	 1714 	 1
1788203970899 	 14 	 200 	 1714 	 0
1788203970943 	 12 	 200 	 1715 	 0
1788203970981 	 16 	 200 	 1716 	 0
1788203971009 	 18 	 200 	 1719 	 2
1788203971018 	 13 	 200 	 1719 	 1
1788203971024 	 13 	 200 	 1719 	 0
1788203971097 	 22 	 200 	 1722 	 2
1788203971104 	 17 	 200 	 1722 	 1
1788203971090 	 41 	 200 	 1722 	 0
1788203971213 	 35 	 200 	 1723 	 0
1788203971259 	 26 	 200 	 1726 	 2
1788203971279 	 14 	 200 	 1726 	 1
1788203971282 	 14 	 200 	 1726 	 0
1788203971314 	 34 	 200 	 1727 	 0
1788203971396 	 16 	 200 	 1728 	 0
1788203971478 	 36 	 200 	 1729 	 0
1788203971538 	 13 	 200 	 1730 	 0
1788203971584 	 39 	 200 	 1731 	 0
1788203971654 	 28 	 200 	 1732 	 0
1788203971876 	 31 	 200 	 1734 	 1
1788203971892 	 15 	 200 	 1734 	 0
1788203971961 	 33 	 200 	 1736 	 1
1788203971971 	 25 	 200 	 1736 	 0
1788203972006 	 34 	 200 	 1737 	 0
1788203972086 	 14 	 200 	 1738 	 0
1788203972192 	 32 	 200 	 1739 	 0
1788203972237 	 19 	 200 	 1741 	 1
1788203972241 	 18 	 200 	 1741 	 0
1788203972264 	 12 	 200 	 1742 	 0
1788203972354 	 30 	 200 	 1745 	 2
1788203972369 	 17 	 200 	 1745 	 1
1788203972356 	 37 	 200 	 1745 	 0
1788203972395 	 14 	 200 	 1746 	 0
1788203972441 	 14 	 200 	 1748 	 1
1788203972451 	 16 	 200 	 1748 	 0
1788203972487 	 13 	 200 	 1749 	 0
1788203972545 	 30 	 200 	 1750 	 0
1788203972596 	 17 	 200 	 1751 	 0
1788203972652 	 31 	 200 	 1753 	 1
1788203972681 	 38 	 200 	 1755 	 2
1788203972698 	 27 	 200 	 1755 	 1
1788203972710 	 21 	 200 	 1755 	 0
1788203972732 	 15 	 200 	 1756 	 0
1788203972778 	 16 	 200 	 1757 	 0
1788203972854 	 30 	 200 	 1758 	 0
1788203972934 	 35 	 200 	 1759 	 0
1788203973054 	 38 	 200 	 1761 	 1
1788203973083 	 34 	 200 	 1761 	 0
1788203973235 	 22 	 200 	 1762 	 0
1788203973387 	 20 	 200 	 1764 	 1
1788203973403 	 19 	 200 	 1764 	 0
1788203973509 	 15 	 200 	 1766 	 1
1788203973506 	 19 	 200 	 1766 	 0
1788203973556 	 29 	 200 	 1768 	 1
1788203973578 	 18 	 200 	 1769 	 1
1788203973592 	 12 	 200 	 1769 	 0
1788203973630 	 13 	 200 	 1770 	 0
1788203973683 	 18 	 200 	 1772 	 1
1788203973687 	 15 	 200 	 1772 	 0
1788203973727 	 25 	 200 	 1773 	 0
1788203973799 	 24 	 200 	 1775 	 1
1788203973804 	 21 	 200 	 1775 	 0
1788203973973 	 19 	 200 	 1777 	 1
1788203973983 	 13 	 200 	 1777 	 0
1788203974135 	 36 	 200 	 1780 	 2
1788203974148 	 33 	 200 	 1780 	 1
1788203974172 	 26 	 200 	 1780 	 0
1788203974336 	 13 	 200 	 1781 	 0
1788203974429 	 35 	 200 	 1784 	 2
1788203974446 	 27 	 200 	 1784 	 1
1788203974450 	 27 	 200 	 1785 	 1
1788203974477 	 17 	 200 	 1786 	 1
1788203974487 	 16 	 200 	 1787 	 1
1788203974496 	 15 	 200 	 1787 	 0
1788203974743 	 35 	 200 	 1788 	 0
1788203974811 	 21 	 200 	 1789 	 0
1788203974890 	 33 	 200 	 1791 	 1
1788203974893 	 38 	 200 	 1791 	 0
1788203974970 	 33 	 200 	 1793 	 1
1788203974978 	 27 	 200 	 1793 	 0
1788203975074 	 15 	 200 	 1794 	 0
1788203975115 	 30 	 200 	 1796 	 1
1788203975146 	 13 	 200 	 1797 	 1
1788203975155 	 13 	 200 	 1797 	 0
1788203975173 	 13 	 200 	 1799 	 1
1788203975182 	 15 	 200 	 1799 	 0
1788203975226 	 14 	 200 	 1800 	 0
1788203975297 	 20 	 200 	 1801 	 0
1788203975335 	 19 	 200 	 1802 	 0
1788203975361 	 16 	 200 	 1804 	 1
1788203975366 	 13 	 200 	 1804 	 0
1788203975380 	 13 	 200 	 1805 	 0
1788203975497 	 35 	 200 	 1807 	 1
1788203975508 	 31 	 200 	 1807 	 0
1788203975576 	 24 	 200 	 1808 	 0
1788203975606 	 13 	 200 	 1810 	 1
1788203975619 	 12 	 200 	 1810 	 0
1788203975777 	 21 	 200 	 1811 	 0
1788203975944 	 36 	 200 	 1812 	 0
1788203976003 	 15 	 200 	 1815 	 2
1788203976007 	 14 	 200 	 1816 	 2
1788203976017 	 16 	 200 	 1816 	 1
1788203976022 	 13 	 200 	 1816 	 0
1788203976080 	 13 	 200 	 1818 	 1
1788203976086 	 15 	 200 	 1818 	 0
1788203976114 	 16 	 200 	 1819 	 0
1788203976157 	 13 	 200 	 1820 	 0
1788203976280 	 37 	 200 	 1821 	 0
1788203976333 	 12 	 200 	 1822 	 0
1788203976404 	 15 	 200 	 1823 	 0
1788203976492 	 14 	 200 	 1824 	 0
1788203976508 	 12 	 200 	 1825 	 0
1788203976642 	 31 	 200 	 1826 	 0
1788203976712 	 40 	 200 	 1827 	 0
1788203976818 	 32 	 200 	 1828 	 0
1788203976913 	 13 	 200 	 1830 	 1
1788203976916 	 12 	 200 	 1830 	 0
1788203977006 	 15 	 200 	 1831 	 0
1788203977029 	 13 	 200 	 1832 	 0
1788203977046 	 13 	 200 	 1834 	 1
1788203977055 	 14 	 200 	 1834 	 0
1788203977101 	 33 	 200 	 1835 	 0
1788203977164 	 14 	 200 	 1836 	 0
1788203977241 	 13 	 200 	 1837 	 0
1788203977309 	 31 	 200 	 1838 	 0
1788203977350 	 14 	 200 	 1839 	 0
1788203977515 	 12 	 200 	 1840 	 0
1788203977536 	 11 	 200 	 1841 	 0
1788203977691 	 38 	 200 	 1842 	 0
1788203977800 	 39 	 200 	 1845 	 2
1788203977822 	 29 	 200 	 1845 	 1
1788203977829 	 30 	 200 	 1845 	 0
1788203977894 	 13 	 200 	 1847 	 1
1788203977907 	 22 	 200 	 1847 	 0
1788203977957 	 13 	 200 	 1848 	 0
1788203978033 	 21 	 200 	 1849 	 0
1788203978063 	 14 	 200 	 1850 	 0
1788203978082 	 12 	 200 	 1851 	 0
1788203978160 	 39 	 200 	 1852 	 0
1788203978235 	 15 	 200 	 1853 	 0
1788203978291 	 35 	 200 	 1854 	 0
1788203978479 	 20 	 200 	 1856 	 1
1788203978488 	 15 	 200 	 1856 	 0
1788203978527 	 13 	 200 	 1857 	 0
1788203978655 	 17 	 200 	 1858 	 0
1788203978721 	 34 	 200 	 1861 	 2
1788203978741 	 24 	 200 	 1861 	 1
1788203978737 	 31 	 200 	 1861 	 0
1788203978821 	 17 	 200 	 1863 	 1
1788203978830 	 17 	 200 	 1863 	 0
1788203978982 	 30 	 200 	 1864 	 0
1788203979080 	 14 	 200 	 1865 	 0
1788203979119 	 12 	 200 	 1866 	 0
1788203979162 	 29 	 200 	 1868 	 1
1788203979184 	 21 	 200 	 1869 	 1
1788203979194 	 17 	 200 	 1869 	 0
1788203979229 	 13 	 200 	 1870 	 0
1788203979270 	 30 	 200 	 1872 	 1
1788203979273 	 34 	 200 	 1872 	 0
1788203979372 	 18 	 200 	 1873 	 0
1788203979463 	 38 	 200 	 1875 	 1
1788203979497 	 32 	 200 	 1876 	 1
1788203979510 	 22 	 200 	 1876 	 0
1788203979574 	 22 	 200 	 1877 	 0
1788203979675 	 18 	 200 	 1881 	 3
1788203979687 	 14 	 200 	 1882 	 3
1788203979688 	 14 	 200 	 1882 	 2
1788203979683 	 19 	 200 	 1882 	 1
1788203979701 	 13 	 200 	 1882 	 0
1788203979753 	 14 	 200 	 1883 	 0
1788203979785 	 15 	 200 	 1884 	 0
1788203979919 	 27 	 200 	 1886 	 1
1788203979930 	 27 	 200 	 1886 	 0
1788203979992 	 39 	 200 	 1887 	 0
1788203980042 	 16 	 200 	 1889 	 1
1788203980049 	 12 	 200 	 1889 	 0
1788203980124 	 36 	 200 	 1891 	 1
1788203980151 	 43 	 200 	 1891 	 0
1788203980235 	 24 	 200 	 1893 	 1
1788203980240 	 28 	 200 	 1894 	 1
1788203980263 	 16 	 200 	 1894 	 0
1788203980287 	 22 	 200 	 1895 	 0
1788203980316 	 13 	 200 	 1896 	 0
1788203980343 	 15 	 200 	 1898 	 1
1788203980346 	 12 	 200 	 1898 	 0
1788203980506 	 33 	 200 	 1900 	 1
1788203980524 	 32 	 200 	 1901 	 1
1788203980545 	 31 	 200 	 1901 	 0
1788203980718 	 28 	 200 	 1902 	 0
1788203980817 	 34 	 200 	 1903 	 0
1788203980896 	 13 	 200 	 1905 	 1
1788203980911 	 11 	 200 	 1905 	 0
1788203980990 	 15 	 200 	 1906 	 0
1788203981121 	 15 	 200 	 1907 	 0
1788203981146 	 16 	 200 	 1909 	 1
1788203981158 	 16 	 200 	 1909 	 0
1788203981182 	 12 	 200 	 1911 	 1
1788203981188 	 13 	 200 	 1912 	 1
1788203981199 	 15 	 200 	 1912 	 0
1788203981245 	 18 	 200 	 1914 	 1
1788203981253 	 18 	 200 	 1914 	 0
1788203981275 	 16 	 200 	 1915 	 0
1788203981376 	 39 	 200 	 1919 	 3
1788203981387 	 29 	 200 	 1919 	 2
1788203981412 	 20 	 200 	 1920 	 2
1788203981407 	 27 	 200 	 1920 	 1
1788203981418 	 20 	 200 	 1920 	 0
1788203981461 	 20 	 200 	 1921 	 0
1788203981522 	 32 	 200 	 1923 	 1
1788203981526 	 30 	 200 	 1923 	 0
1788203981654 	 32 	 200 	 1924 	 0
1788203981712 	 34 	 200 	 1926 	 1
1788203981721 	 29 	 200 	 1926 	 0
1788203981880 	 32 	 200 	 1927 	 0
1788203981978 	 14 	 200 	 1929 	 1
1788203981987 	 14 	 200 	 1930 	 1
1788203982001 	 15 	 200 	 1930 	 0
1788203982041 	 14 	 200 	 1931 	 0
1788203982119 	 33 	 200 	 1933 	 1
1788203982129 	 35 	 200 	 1933 	 0
1788203982177 	 14 	 200 	 1934 	 0
1788203982207 	 24 	 200 	 1935 	 0
1788203982360 	 15 	 200 	 1937 	 1
1788203982372 	 12 	 200 	 1938 	 1
1788203982378 	 20 	 200 	 1939 	 1
1788203982399 	 15 	 200 	 1939 	 0
1788203982422 	 14 	 200 	 1941 	 1
1788203982428 	 15 	 200 	 1941 	 0
1788203982479 	 13 	 200 	 1942 	 0
1788203982568 	 24 	 200 	 1943 	 0
1788203982663 	 26 	 200 	 1944 	 0
1788203982710 	 14 	 200 	 1945 	 0
1788203982744 	 29 	 200 	 1946 	 0
1788203982808 	 35 	 200 	 1948 	 1
1788203982828 	 25 	 200 	 1948 	 0
1788203982897 	 17 	 200 	 1949 	 0
1788203983231 	 23 	 200 	 1950 	 0
1788203983283 	 14 	 200 	 1951 	 0
1788203983364 	 15 	 200 	 1952 	 0
1788203983520 	 12 	 200 	 1953 	 0
1788203983562 	 12 	 200 	 1954 	 0
1788203983615 	 31 	 200 	 1955 	 0
1788203983709 	 31 	 200 	 1957 	 1
1788203983735 	 21 	 200 	 1957 	 0
1788203983838 	 39 	 200 	 1959 	 1
1788203983856 	 25 	 200 	 1959 	 0
1788203983935 	 38 	 200 	 1961 	 1
1788203983971 	 21 	 200 	 1961 	 0
1788203984009 	 28 	 200 	 1962 	 0
1788203984152 	 41 	 200 	 1964 	 1
1788203984165 	 33 	 200 	 1964 	 0
1788203984221 	 19 	 200 	 1966 	 1
1788203984218 	 26 	 200 	 1966 	 0
1788203984248 	 13 	 200 	 1967 	 0
1788203984278 	 17 	 200 	 1968 	 0
1788203984325 	 13 	 200 	 1969 	 0
1788203984390 	 17 	 200 	 1971 	 1
1788203984399 	 14 	 200 	 1971 	 0
1788203984416 	 12 	 200 	 1972 	 0
1788203984572 	 15 	 200 	 1973 	 0
1788203984607 	 23 	 200 	 1975 	 1
1788203984629 	 14 	 200 	 1975 	 0
1788203984713 	 32 	 200 	 1976 	 0
1788203984924 	 36 	 200 	 1977 	 0
1788203984984 	 13 	 200 	 1978 	 0
1788203985050 	 29 	 200 	 1979 	 0
1788203985086 	 20 	 200 	 1981 	 1
1788203985102 	 14 	 200 	 1981 	 0
1788203985130 	 35 	 200 	 1982 	 0
1788203985188 	 14 	 200 	 1983 	 0
1788203985252 	 33 	 200 	 1984 	 0
1788203985411 	 32 	 200 	 1987 	 2
1788203985413 	 32 	 200 	 1987 	 1
1788203985409 	 67 	 200 	 1987 	 0
1788203985624 	 36 	 200 	 1988 	 0
1788203985673 	 18 	 200 	 1989 	 0
1788203985694 	 11 	 200 	 1990 	 0
1788203985751 	 31 	 200 	 1993 	 2
1788203985753 	 35 	 200 	 1994 	 2
1788203985762 	 27 	 200 	 1994 	 1
1788203985784 	 12 	 200 	 1994 	 0
1788203985892 	 34 	 200 	 1995 	 0
1788203985934 	 32 	 200 	 1998 	 2
1788203985950 	 18 	 200 	 1998 	 1
1788203985944 	 24 	 200 	 1998 	 0
1788203986010 	 28 	 200 	 2000 	 1
1788203986032 	 18 	 200 	 2000 	 0
1788203986086 	 16 	 200 	 2001 	 0
1788203986155 	 36 	 200 	 2005 	 3
1788203986163 	 31 	 200 	 2005 	 2
1788203986183 	 17 	 200 	 2005 	 1
1788203986187 	 14 	 200 	 2005 	 0
1788203986266 	 27 	 200 	 2006 	 0
1788203986318 	 26 	 200 	 2007 	 0
1788203986413 	 28 	 200 	 2008 	 0
1788203986584 	 24 	 200 	 2009 	 0
1788203986661 	 27 	 200 	 2010 	 0
1788203986695 	 12 	 200 	 2011 	 0
1788203986746 	 35 	 200 	 2013 	 1
1788203986763 	 19 	 200 	 2013 	 0
1788203986915 	 13 	 200 	 2014 	 0
1788203987050 	 30 	 200 	 2016 	 1
1788203987080 	 28 	 200 	 2017 	 1
1788203987104 	 29 	 200 	 2017 	 0
1788203987154 	 33 	 200 	 2018 	 0
1788203987248 	 29 	 200 	 2020 	 1
1788203987259 	 19 	 200 	 2020 	 0
1788203987315 	 13 	 200 	 2021 	 0
1788203987449 	 14 	 200 	 2022 	 0
1788203987491 	 12 	 200 	 2023 	 0
1788203987523 	 31 	 200 	 2025 	 1
1788203987534 	 26 	 200 	 2025 	 1
1788203987562 	 19 	 200 	 2027 	 1
1788203987569 	 14 	 200 	 2027 	 0
1788203987611 	 41 	 200 	 2029 	 1
1788203987627 	 28 	 200 	 2029 	 0
1788203987730 	 42 	 200 	 2032 	 2
1788203987765 	 21 	 200 	 2032 	 1
1788203987758 	 29 	 200 	 2032 	 0
1788203987820 	 17 	 200 	 2034 	 1
1788203987828 	 12 	 200 	 2034 	 0
1788203987846 	 13 	 200 	 2035 	 0
1788203987863 	 15 	 200 	 2036 	 0
1788203987911 	 38 	 200 	 2037 	 0
1788203987958 	 12 	 200 	 2038 	 0
1788203987975 	 13 	 200 	 2039 	 0
1788203988083 	 13 	 200 	 2043 	 3
1788203988080 	 18 	 200 	 2043 	 2
1788203988090 	 14 	 200 	 2043 	 1
1788203988096 	 20 	 200 	 2044 	 1
1788203988112 	 12 	 200 	 2044 	 0
1788203988151 	 23 	 200 	 2045 	 0
1788203988191 	 17 	 200 	 2047 	 1
1788203988202 	 13 	 200 	 2047 	 0
1788203988227 	 13 	 200 	 2048 	 0
1788203988245 	 12 	 200 	 2049 	 0
1788203988260 	 12 	 200 	 2051 	 1
1788203988265 	 13 	 200 	 2051 	 0
1788203988313 	 31 	 200 	 2055 	 3
1788203988336 	 17 	 200 	 2055 	 2
1788203988315 	 46 	 200 	 2055 	 1
1788203988329 	 50 	 200 	 2055 	 0
1788203988398 	 14 	 200 	 2057 	 1
1788203988408 	 14 	 200 	 2057 	 0
1788203988428 	 13 	 200 	 2058 	 0
1788203988554 	 13 	 200 	 2060 	 1
1788203988555 	 15 	 200 	 2060 	 0
1788203988707 	 41 	 200 	 2062 	 1
1788203988710 	 38 	 200 	 2062 	 0
1788203988796 	 12 	 200 	 2063 	 0
1788203988830 	 13 	 200 	 2064 	 0
1788203988939 	 36 	 200 	 2065 	 0
1788203989025 	 31 	 200 	 2066 	 0
1788203989102 	 13 	 200 	 2067 	 0
1788203989268 	 18 	 200 	 2068 	 1
1788203989288 	 15 	 200 	 2069 	 0
1788203989326 	 12 	 200 	 2070 	 0
1788203989444 	 17 	 200 	 2071 	 0
1788203989479 	 15 	 200 	 2073 	 1
1788203989492 	 24 	 200 	 2073 	 0
1788203989689 	 43 	 200 	 2074 	 0
1788203989802 	 13 	 200 	 2075 	 0
1788203989846 	 33 	 200 	 2077 	 1
1788203989869 	 27 	 200 	 2078 	 1
1788203989891 	 28 	 200 	 2078 	 0
1788203989977 	 13 	 200 	 2080 	 1
1788203989989 	 14 	 200 	 2080 	 0
1788203990031 	 17 	 200 	 2084 	 3
1788203990042 	 15 	 200 	 2084 	 2
1788203990039 	 22 	 200 	 2085 	 2
1788203990043 	 20 	 200 	 2085 	 1
1788203990060 	 12 	 200 	 2085 	 0
1788203990135 	 36 	 200 	 2086 	 0
1788203990189 	 14 	 200 	 2088 	 1
1788203990193 	 12 	 200 	 2088 	 0
1788203990579 	 42 	 200 	 2091 	 2
1788203990584 	 49 	 200 	 2092 	 2
1788203990598 	 39 	 200 	 2092 	 1
1788203990623 	 16 	 200 	 2092 	 0
1788203990738 	 33 	 200 	 2093 	 0
1788203990868 	 23 	 200 	 2094 	 0
1788203990950 	 39 	 200 	 2097 	 2
1788203990961 	 32 	 200 	 2097 	 1
1788203990989 	 17 	 200 	 2097 	 0
1788203991051 	 35 	 200 	 2099 	 1
1788203991072 	 18 	 200 	 2099 	 0
1788203991128 	 14 	 200 	 2100 	 0
1788203991147 	 12 	 200 	 2101 	 0
1788203991273 	 30 	 200 	 2102 	 0
1788203991334 	 17 	 200 	 2103 	 0
1788203991372 	 12 	 200 	 2105 	 1
1788203991384 	 12 	 200 	 2105 	 0
1788203991402 	 13 	 200 	 2106 	 0
1788203991484 	 20 	 200 	 2107 	 0
1788203991530 	 14 	 200 	 2109 	 1
1788203991540 	 13 	 200 	 2109 	 0
1788203991572 	 30 	 200 	 2112 	 2
1788203991582 	 45 	 200 	 2113 	 2
1788203991591 	 38 	 200 	 2113 	 1
1788203991615 	 16 	 200 	 2113 	 0
1788203991843 	 36 	 200 	 2114 	 0
1788203992185 	 33 	 200 	 2116 	 1
1788203992199 	 21 	 200 	 2116 	 0
1788203992290 	 20 	 200 	 2117 	 0
1788203992329 	 14 	 200 	 2119 	 1
1788203992333 	 12 	 200 	 2119 	 0
1788203992374 	 32 	 200 	 2120 	 0
1788203992435 	 31 	 200 	 2121 	 0
1788203992508 	 13 	 200 	 2123 	 1
1788203992510 	 16 	 200 	 2123 	 0
1788203992553 	 18 	 200 	 2125 	 1
1788203992564 	 12 	 200 	 2125 	 0
1788203992578 	 12 	 200 	 2126 	 0
1788203992642 	 35 	 200 	 2128 	 1
1788203992643 	 39 	 200 	 2128 	 0
1788203992709 	 38 	 200 	 2129 	 0
1788203992767 	 22 	 200 	 2130 	 0
1788203992792 	 13 	 200 	 2131 	 0
1788203992807 	 14 	 200 	 2132 	 0
1788203992863 	 34 	 200 	 2134 	 1
1788203992856 	 42 	 200 	 2134 	 0
1788203993003 	 36 	 200 	 2135 	 0
1788203993074 	 12 	 200 	 2136 	 0
1788203993127 	 37 	 200 	 2137 	 0
1788203993232 	 20 	 200 	 2138 	 0
1788203993327 	 27 	 200 	 2140 	 1
1788203993335 	 20 	 200 	 2140 	 0
1788203993399 	 15 	 200 	 2141 	 0
1788203993429 	 16 	 200 	 2144 	 2
1788203993437 	 13 	 200 	 2144 	 1
1788203993443 	 21 	 200 	 2145 	 1
1788203993452 	 15 	 200 	 2145 	 0
1788203993587 	 16 	 200 	 2146 	 0
1788203993646 	 46 	 200 	 2147 	 0
1788203993746 	 40 	 200 	 2148 	 0
1788203993926 	 21 	 200 	 2150 	 1
1788203993906 	 44 	 200 	 2150 	 0
1788203993997 	 19 	 200 	 2151 	 0
1788203994065 	 28 	 200 	 2154 	 2
1788203994067 	 29 	 200 	 2154 	 1
1788203994075 	 26 	 200 	 2154 	 0
1788203994281 	 20 	 200 	 2156 	 1
1788203994285 	 19 	 200 	 2156 	 0
1788203994337 	 14 	 200 	 2159 	 2
1788203994339 	 14 	 200 	 2159 	 1
1788203994346 	 14 	 200 	 2159 	 0
1788203994508 	 14 	 200 	 2160 	 0
1788203994653 	 34 	 200 	 2161 	 0
1788203994898 	 45 	 200 	 2164 	 2
1788203994898 	 49 	 200 	 2164 	 1
1788203994916 	 34 	 200 	 2164 	 0
1788203995012 	 15 	 200 	 2166 	 1
1788203995016 	 14 	 200 	 2166 	 0
1788203995100 	 18 	 200 	 2168 	 1
1788203995102 	 25 	 200 	 2168 	 0
1788203995157 	 30 	 200 	 2169 	 0
1788203995198 	 13 	 200 	 2170 	 0
1788203995239 	 23 	 200 	 2172 	 1
1788203995251 	 14 	 200 	 2172 	 0
1788203995303 	 14 	 200 	 2173 	 0
1788203995332 	 15 	 200 	 2174 	 0
1788203995368 	 18 	 200 	 2175 	 0
1788203995403 	 14 	 200 	 2176 	 0
1788203995430 	 16 	 200 	 2178 	 1
1788203995434 	 14 	 200 	 2178 	 0
1788203995491 	 14 	 200 	 2179 	 0
1788203995659 	 17 	 200 	 2180 	 0
1788203995717 	 31 	 200 	 2183 	 2
1788203995731 	 26 	 200 	 2183 	 1
1788203995735 	 24 	 200 	 2183 	 0
1788203995764 	 16 	 200 	 2184 	 0
1788203995799 	 14 	 200 	 2185 	 0
1788203995872 	 23 	 200 	 2186 	 0
1788203995908 	 13 	 200 	 2188 	 1
1788203995920 	 15 	 200 	 2189 	 1
1788203995932 	 12 	 200 	 2189 	 0
1788203995961 	 12 	 200 	 2190 	 0
1788203996104 	 31 	 200 	 2191 	 0
1788203996166 	 25 	 200 	 2192 	 0
1788203996221 	 14 	 200 	 2193 	 0
1788203996299 	 35 	 200 	 2194 	 0
1788203996394 	 13 	 200 	 2195 	 0
1788203996415 	 13 	 200 	 2196 	 0
1788203996442 	 12 	 200 	 2197 	 0
1788203996470 	 21 	 200 	 2198 	 0
1788203996554 	 66 	 200 	 2199 	 0
1788203996717 	 36 	 200 	 2200 	 0
1788203996788 	 14 	 200 	 2201 	 0
1788203996889 	 14 	 200 	 2202 	 0
1788203996932 	 13 	 200 	 2204 	 1
1788203996946 	 12 	 200 	 2204 	 0
1788203996961 	 14 	 200 	 2205 	 0
1788203997017 	 33 	 200 	 2206 	 0
1788203997077 	 13 	 200 	 2207 	 0
1788203997122 	 14 	 200 	 2208 	 0
1788203997275 	 13 	 200 	 2209 	 0
1788203997316 	 14 	 200 	 2210 	 0
1788203997334 	 14 	 200 	 2211 	 0
1788203997389 	 35 	 200 	 2212 	 0
1788203997446 	 24 	 200 	 2214 	 1
1788203997465 	 14 	 200 	 2215 	 1
1788203997474 	 13 	 200 	 2215 	 0
1788203997502 	 21 	 200 	 2217 	 1
1788203997504 	 21 	 200 	 2217 	 0
1788203997570 	 15 	 200 	 2218 	 0
1788203997628 	 37 	 200 	 2222 	 3
1788203997640 	 29 	 200 	 2222 	 2
1788203997632 	 51 	 200 	 2222 	 1
1788203997660 	 26 	 200 	 2222 	 0
1788203997691 	 12 	 200 	 2223 	 0
1788203997725 	 24 	 200 	 2224 	 0
1788203997976 	 30 	 200 	 2225 	 0
1788203998238 	 19 	 200 	 2226 	 0
1788203998319 	 13 	 200 	 2228 	 1
1788203998315 	 19 	 200 	 2228 	 0
1788203998350 	 15 	 200 	 2229 	 0
1788203998451 	 17 	 200 	 2230 	 0
1788203998483 	 12 	 200 	 2231 	 0
1788203998530 	 13 	 200 	 2232 	 0
1788203998589 	 18 	 200 	 2235 	 2
1788203998595 	 16 	 200 	 2235 	 1
1788203998601 	 15 	 200 	 2235 	 0
1788203998642 	 17 	 200 	 2237 	 1
1788203998650 	 17 	 200 	 2237 	 0
1788203998685 	 13 	 200 	 2238 	 0
1788203998723 	 12 	 200 	 2239 	 0
1788203998781 	 14 	 200 	 2241 	 1
1788203998788 	 13 	 200 	 2241 	 0
1788203998835 	 14 	 200 	 2243 	 1
1788203998839 	 17 	 200 	 2243 	 0
1788203998873 	 12 	 200 	 2244 	 0
1788203998901 	 14 	 200 	 2245 	 0
1788203998944 	 14 	 200 	 2246 	 0
1788203998995 	 12 	 200 	 2247 	 0
1788203999112 	 15 	 200 	 2249 	 1
1788203999113 	 17 	 200 	 2249 	 0
1788203999198 	 41 	 200 	 2253 	 4
1788203999205 	 37 	 200 	 2254 	 3
1788203999209 	 34 	 200 	 2254 	 2
1788203999224 	 22 	 200 	 2254 	 1
1788203999240 	 13 	 200 	 2254 	 0
1788203999261 	 14 	 200 	 2255 	 0
1788203999292 	 12 	 200 	 2256 	 0
1788203999344 	 22 	 200 	 2257 	 0
1788203999516 	 15 	 200 	 2258 	 0
1788203999739 	 39 	 200 	 2260 	 1
1788203999737 	 42 	 200 	 2260 	 0
1788203999858 	 32 	 200 	 2261 	 0
1788203999901 	 20 	 200 	 2263 	 1
1788203999909 	 14 	 200 	 2263 	 0
1788203999945 	 19 	 200 	 2264 	 0
1788204000002 	 13 	 200 	 2265 	 0
1788204000096 	 14 	 200 	 2266 	 0
1788204000124 	 16 	 200 	 2267 	 0
1788204000185 	 18 	 200 	 2269 	 1
1788204000200 	 21 	 200 	 2269 	 0
1788204000314 	 18 	 200 	 2271 	 1
1788204000312 	 22 	 200 	 2271 	 0
1788204000344 	 18 	 200 	 2272 	 0
1788204000522 	 15 	 200 	 2273 	 0
1788204000624 	 38 	 200 	 2275 	 1
1788204000640 	 30 	 200 	 2275 	 0
1788204000681 	 24 	 200 	 2276 	 0
1788204000732 	 33 	 200 	 2277 	 0
1788204000777 	 14 	 200 	 2278 	 0
1788204000812 	 15 	 200 	 2280 	 1
1788204000809 	 18 	 200 	 2280 	 0
1788204000870 	 14 	 200 	 2281 	 0
1788204000911 	 14 	 200 	 2282 	 0
1788204000959 	 12 	 200 	 2283 	 0
1788204001011 	 13 	 200 	 2284 	 0
1788204001034 	 14 	 200 	 2286 	 1
1788204001035 	 13 	 200 	 2286 	 0
1788204001076 	 14 	 200 	 2287 	 0
1788204001195 	 13 	 200 	 2288 	 0
1788204001345 	 33 	 200 	 2291 	 2
1788204001356 	 25 	 200 	 2291 	 1
1788204001361 	 25 	 200 	 2291 	 0
1788204001446 	 23 	 200 	 2292 	 0
1788204001481 	 13 	 200 	 2294 	 1
1788204001479 	 16 	 200 	 2294 	 0
1788204001552 	 29 	 200 	 2296 	 1
1788204001550 	 32 	 200 	 2296 	 0
1788204001662 	 28 	 200 	 2297 	 0
1788204001692 	 13 	 200 	 2298 	 0
1788204001761 	 36 	 200 	 2300 	 1
1788204001763 	 40 	 200 	 2300 	 0
1788204001867 	 13 	 200 	 2301 	 0
1788204001922 	 13 	 200 	 2303 	 1
1788204001930 	 13 	 200 	 2303 	 0
1788204001979 	 13 	 200 	 2306 	 2
1788204001988 	 15 	 200 	 2306 	 1
1788204001991 	 12 	 200 	 2306 	 0
1788204002034 	 28 	 200 	 2308 	 1
1788204002051 	 18 	 200 	 2308 	 0
1788204002135 	 13 	 200 	 2310 	 1
1788204002141 	 13 	 200 	 2310 	 0
1788204002169 	 15 	 200 	 2312 	 1
1788204002180 	 15 	 200 	 2312 	 0
1788204002198 	 12 	 200 	 2313 	 0
1788204002297 	 16 	 200 	 2314 	 0
1788204002369 	 14 	 200 	 2315 	 0
1788204002422 	 12 	 200 	 2317 	 1
1788204002425 	 13 	 200 	 2317 	 0
1788204002446 	 15 	 200 	 2318 	 0
1788204002479 	 17 	 200 	 2319 	 0
1788204002528 	 14 	 200 	 2320 	 0
1788204002570 	 33 	 200 	 2321 	 0
1788204002626 	 34 	 200 	 2324 	 2
1788204002628 	 34 	 200 	 2324 	 1
1788204002648 	 20 	 200 	 2325 	 1
1788204002669 	 17 	 200 	 2325 	 0
1788204002729 	 31 	 200 	 2327 	 1
1788204002749 	 28 	 200 	 2327 	 0
1788204002799 	 26 	 200 	 2328 	 0
1788204002861 	 25 	 200 	 2330 	 1
1788204002868 	 23 	 200 	 2331 	 1
1788204002888 	 12 	 200 	 2331 	 0
1788204002908 	 12 	 200 	 2332 	 0
1788204002930 	 14 	 200 	 2334 	 1
1788204002938 	 12 	 200 	 2334 	 0
1788204003037 	 32 	 200 	 2335 	 1
1788204003070 	 15 	 200 	 2336 	 0
1788204003153 	 21 	 200 	 2337 	 0
1788204003247 	 15 	 200 	 2338 	 0
1788204003319 	 12 	 200 	 2339 	 0
1788204003352 	 12 	 200 	 2340 	 0
1788204003381 	 13 	 200 	 2341 	 0
1788204003602 	 27 	 200 	 2342 	 0
1788204003644 	 27 	 200 	 2343 	 0
1788204003690 	 17 	 200 	 2344 	 0
1788204003724 	 15 	 200 	 2346 	 1
1788204003736 	 12 	 200 	 2346 	 0
1788204003781 	 13 	 200 	 2347 	 0
1788204003864 	 23 	 200 	 2348 	 0
1788204003952 	 31 	 200 	 2351 	 2
1788204003967 	 23 	 200 	 2351 	 1
1788204003976 	 17 	 200 	 2351 	 0
1788204004002 	 14 	 200 	 2352 	 0
1788204004062 	 18 	 200 	 2353 	 0
1788204004086 	 12 	 200 	 2354 	 0
1788204004110 	 24 	 200 	 2355 	 0
1788204004142 	 35 	 200 	 2356 	 0
1788204004230 	 23 	 200 	 2357 	 0
1788204004301 	 23 	 200 	 2358 	 0
1788204004338 	 15 	 200 	 2359 	 0
1788204004371 	 12 	 200 	 2360 	 0
1788204004567 	 26 	 200 	 2363 	 2
1788204004580 	 18 	 200 	 2363 	 1
1788204004591 	 26 	 200 	 2363 	 0
1788204004619 	 17 	 200 	 2364 	 0
1788204004740 	 35 	 200 	 2366 	 1
1788204004744 	 37 	 200 	 2366 	 0
1788204004852 	 33 	 200 	 2369 	 2
1788204004867 	 22 	 200 	 2369 	 1
1788204004885 	 17 	 200 	 2370 	 1
1788204004892 	 14 	 200 	 2370 	 0
1788204005112 	 35 	 200 	 2372 	 1
1788204005112 	 38 	 200 	 2372 	 0
1788204005173 	 16 	 200 	 2373 	 0
1788204005196 	 14 	 200 	 2375 	 1
1788204005230 	 13 	 200 	 2376 	 1
1788204005322 	 27 	 200 	 2377 	 1
1788204005202 	 170 	 200 	 2379 	 2
1788204005372 	 26 	 200 	 2379 	 1
1788204005364 	 35 	 200 	 2379 	 0
1788204005422 	 13 	 200 	 2381 	 1
1788204005428 	 12 	 200 	 2381 	 0
1788204005466 	 22 	 200 	 2383 	 1
1788204005471 	 18 	 200 	 2383 	 0
1788204005497 	 14 	 200 	 2385 	 1
1788204005509 	 21 	 200 	 2386 	 1
1788204005524 	 12 	 200 	 2386 	 0
1788204005543 	 14 	 200 	 2387 	 0
1788204005619 	 31 	 200 	 2388 	 0
1788204005780 	 38 	 200 	 2390 	 1
1788204005795 	 33 	 200 	 2390 	 0
1788204005841 	 61 	 200 	 2392 	 1
1788204005888 	 19 	 200 	 2392 	 0
1788204005936 	 31 	 200 	 2393 	 0
1788204006051 	 36 	 200 	 2394 	 0
1788204006101 	 15 	 200 	 2396 	 1
1788204006112 	 16 	 200 	 2397 	 1
1788204006124 	 15 	 200 	 2397 	 0
1788204006204 	 33 	 200 	 2398 	 0
1788204006249 	 14 	 200 	 2399 	 0
1788204006329 	 13 	 200 	 2400 	 0
1788204006384 	 17 	 200 	 2401 	 0
1788204006447 	 19 	 200 	 2403 	 1
1788204006521 	 13 	 200 	 2404 	 1
1788204006444 	 94 	 200 	 2404 	 0
1788204006642 	 36 	 200 	 2405 	 0
1788204006755 	 33 	 200 	 2409 	 3
1788204006764 	 25 	 200 	 2409 	 2
1788204006753 	 37 	 200 	 2409 	 1
1788204006767 	 26 	 200 	 2409 	 0
1788204006794 	 13 	 200 	 2410 	 0
1788204006929 	 19 	 200 	 2412 	 1
1788204007072 	 28 	 200 	 2414 	 2
1788204007092 	 26 	 200 	 2414 	 1
1788204007119 	 20 	 200 	 2416 	 2
1788204007136 	 13 	 200 	 2416 	 1
1788204007169 	 29 	 200 	 2417 	 1
1788204006862 	 432 	 200 	 2417 	 0
1788204007407 	 38 	 200 	 2418 	 0
1788204007464 	 22 	 200 	 2419 	 0
1788204007536 	 32 	 200 	 2421 	 1
1788204007538 	 34 	 200 	 2421 	 0
1788204007589 	 12 	 200 	 2422 	 0
1788204007619 	 31 	 200 	 2424 	 1
1788204007627 	 31 	 200 	 2424 	 0
1788204007754 	 18 	 200 	 2425 	 0
1788204007921 	 33 	 200 	 2426 	 0
1788204007969 	 13 	 200 	 2427 	 0
1788204008001 	 14 	 200 	 2429 	 1
1788204008016 	 12 	 200 	 2429 	 0
1788204008154 	 28 	 200 	 2430 	 0
1788204008291 	 38 	 200 	 2431 	 0
1788204008364 	 15 	 200 	 2432 	 0
1788204008381 	 16 	 200 	 2434 	 1
1788204008392 	 16 	 200 	 2434 	 0
1788204008436 	 14 	 200 	 2435 	 0
1788204008608 	 13 	 200 	 2436 	 0
1788204008640 	 13 	 200 	 2438 	 1
1788204008649 	 15 	 200 	 2439 	 1
1788204008656 	 14 	 200 	 2439 	 0
1788204008716 	 13 	 200 	 2440 	 0
1788204008885 	 16 	 200 	 2441 	 0
1788204008954 	 36 	 200 	 2442 	 0
1788204009018 	 13 	 200 	 2444 	 1
1788204009009 	 65 	 200 	 2445 	 1
1788204009063 	 13 	 200 	 2445 	 0
1788204009113 	 15 	 200 	 2447 	 1
1788204009123 	 14 	 200 	 2447 	 0
1788204009143 	 12 	 200 	 2449 	 1
1788204009149 	 13 	 200 	 2449 	 0
1788204009200 	 34 	 200 	 2451 	 1
1788204009223 	 24 	 200 	 2451 	 0
1788204009291 	 14 	 200 	 2453 	 1
1788204009301 	 13 	 200 	 2453 	 0
1788204009328 	 14 	 200 	 2455 	 1
1788204009327 	 16 	 200 	 2455 	 0
1788204009385 	 90 	 200 	 2456 	 0
1788204009600 	 38 	 200 	 2458 	 1
1788204009602 	 39 	 200 	 2458 	 0
1788204009654 	 21 	 200 	 2460 	 1
1788204009666 	 17 	 200 	 2460 	 0
1788204009821 	 12 	 200 	 2461 	 0
1788204009996 	 37 	 200 	 2462 	 0
1788204010074 	 13 	 200 	 2463 	 0
1788204010123 	 34 	 200 	 2465 	 1
1788204010137 	 31 	 200 	 2466 	 1
1788204010162 	 19 	 200 	 2466 	 0
1788204010188 	 13 	 200 	 2467 	 0
1788204010274 	 35 	 200 	 2469 	 1
1788204010298 	 28 	 200 	 2470 	 1
1788204010323 	 14 	 200 	 2470 	 0
1788204010384 	 18 	 200 	 2471 	 0
1788204010412 	 22 	 200 	 2472 	 0
1788204010478 	 13 	 200 	 2473 	 0
1788204010519 	 16 	 200 	 2474 	 0
1788204010717 	 35 	 200 	 2475 	 0
1788204010755 	 32 	 200 	 2478 	 2
1788204010766 	 28 	 200 	 2478 	 1
1788204010768 	 28 	 200 	 2478 	 0
1788204010859 	 23 	 200 	 2480 	 1
1788204010861 	 21 	 200 	 2480 	 0
1788204010916 	 17 	 200 	 2481 	 0
1788204010944 	 12 	 200 	 2482 	 0
1788204010966 	 20 	 200 	 2483 	 0
1788204011000 	 32 	 200 	 2485 	 1
1788204011015 	 30 	 200 	 2485 	 0
1788204011106 	 28 	 200 	 2486 	 0
1788204011183 	 39 	 200 	 2489 	 2
1788204011196 	 27 	 200 	 2489 	 1
1788204011200 	 27 	 200 	 2489 	 0
1788204011333 	 41 	 200 	 2492 	 2
1788204011357 	 22 	 200 	 2493 	 2
1788204011369 	 15 	 200 	 2493 	 1
1788204011379 	 12 	 200 	 2493 	 0
1788204011430 	 14 	 200 	 2495 	 1
1788204011440 	 15 	 200 	 2496 	 1
1788204011450 	 14 	 200 	 2496 	 0
1788204011510 	 19 	 200 	 2497 	 0
1788204011590 	 25 	 200 	 2498 	 0
1788204011620 	 12 	 200 	 2499 	 0
1788204011702 	 44 	 200 	 2500 	 0
1788204011757 	 15 	 200 	 2502 	 1
1788204011754 	 21 	 200 	 2502 	 0
1788204011793 	 12 	 200 	 2503 	 0
1788204011855 	 19 	 200 	 2504 	 0
1788204011888 	 12 	 200 	 2505 	 0
1788204011941 	 16 	 200 	 2506 	 0
1788204012062 	 23 	 200 	 2508 	 1
1788204012077 	 14 	 200 	 2508 	 0
1788204012159 	 27 	 200 	 2509 	 0
1788204012214 	 14 	 200 	 2511 	 1
1788204012220 	 15 	 200 	 2511 	 0
1788204012272 	 31 	 200 	 2512 	 0
1788204012332 	 35 	 200 	 2514 	 1
1788204012344 	 28 	 200 	 2514 	 0
1788204012386 	 14 	 200 	 2515 	 0
1788204012474 	 21 	 200 	 2520 	 4
1788204012478 	 22 	 200 	 2520 	 3
1788204012489 	 17 	 200 	 2520 	 2
1788204012491 	 17 	 200 	 2520 	 1
1788204012494 	 17 	 200 	 2520 	 0
1788204012532 	 25 	 200 	 2521 	 0
1788204012598 	 33 	 200 	 2522 	 0
1788204012650 	 34 	 200 	 2523 	 0
1788204012780 	 22 	 200 	 2524 	 0
1788204012820 	 34 	 200 	 2526 	 1
1788204012835 	 25 	 200 	 2526 	 0
1788204012891 	 12 	 200 	 2528 	 1
1788204012907 	 17 	 200 	 2529 	 1
1788204012883 	 56 	 200 	 2529 	 0
1788204012968 	 13 	 200 	 2530 	 0
1788204012994 	 14 	 200 	 2531 	 0
1788204013073 	 19 	 200 	 2532 	 0
1788204013128 	 34 	 200 	 2533 	 0
1788204013180 	 32 	 200 	 2535 	 1
1788204013198 	 31 	 200 	 2536 	 1
1788204013231 	 21 	 200 	 2536 	 0
1788204013349 	 33 	 200 	 2538 	 1
1788204013363 	 23 	 200 	 2538 	 0
1788204013485 	 37 	 200 	 2540 	 1
1788204013500 	 28 	 200 	 2540 	 0
1788204013722 	 38 	 200 	 2541 	 0
1788204013763 	 15 	 200 	 2542 	 0
1788204013793 	 13 	 200 	 2543 	 0
1788204013814 	 13 	 200 	 2544 	 0
1788204013852 	 25 	 200 	 2546 	 1
1788204013852 	 25 	 200 	 2546 	 0
1788204013986 	 19 	 200 	 2549 	 2
1788204013994 	 13 	 200 	 2549 	 1
1788204013998 	 17 	 200 	 2549 	 0
1788204014047 	 35 	 200 	 2550 	 0
1788204014128 	 13 	 200 	 2551 	 0
1788204014171 	 35 	 200 	 2553 	 1
1788204014201 	 37 	 200 	 2554 	 1
1788204014218 	 27 	 200 	 2554 	 0
1788204014276 	 16 	 200 	 2555 	 0
1788204014300 	 14 	 200 	 2556 	 0
1788204014318 	 12 	 200 	 2558 	 1
1788204014331 	 13 	 200 	 2558 	 0
1788204014346 	 17 	 200 	 2559 	 0
1788204014365 	 13 	 200 	 2560 	 0
1788204014468 	 17 	 200 	 2562 	 1
1788204014469 	 19 	 200 	 2562 	 0
1788204014529 	 12 	 200 	 2563 	 0
1788204014548 	 13 	 200 	 2564 	 0
1788204014592 	 15 	 200 	 2566 	 1
1788204014598 	 32 	 200 	 2567 	 1
1788204014612 	 26 	 200 	 2568 	 1
1788204014637 	 14 	 200 	 2569 	 1
1788204014643 	 16 	 200 	 2569 	 0
1788204014661 	 17 	 200 	 2570 	 0
1788204014730 	 16 	 200 	 2571 	 0
1788204014764 	 14 	 200 	 2573 	 1
1788204014768 	 13 	 200 	 2573 	 0
1788204014915 	 15 	 200 	 2574 	 0
1788204014934 	 12 	 200 	 2575 	 0
1788204014956 	 13 	 200 	 2577 	 1
1788204014961 	 14 	 200 	 2577 	 0
1788204014976 	 15 	 200 	 2579 	 1
1788204014991 	 16 	 200 	 2579 	 0
1788204015047 	 24 	 200 	 2580 	 0
1788204015230 	 22 	 200 	 2582 	 1
1788204015246 	 14 	 200 	 2582 	 0
1788204015264 	 12 	 200 	 2583 	 0
1788204015290 	 15 	 200 	 2584 	 0
1788204015469 	 15 	 200 	 2586 	 1
1788204015484 	 18 	 200 	 2588 	 2
1788204015498 	 16 	 200 	 2588 	 1
1788204015499 	 19 	 200 	 2588 	 0
1788204015525 	 13 	 200 	 2591 	 2
1788204015522 	 16 	 200 	 2591 	 1
1788204015534 	 12 	 200 	 2592 	 1
1788204015546 	 12 	 200 	 2592 	 0
1788204015592 	 14 	 200 	 2593 	 0
1788204015652 	 30 	 200 	 2594 	 0
1788204015690 	 13 	 200 	 2595 	 0
1788204015734 	 30 	 200 	 2596 	 0
1788204015805 	 17 	 200 	 2597 	 0
1788204015855 	 27 	 200 	 2600 	 2
1788204015859 	 24 	 200 	 2600 	 1
1788204015861 	 25 	 200 	 2600 	 0
1788204016127 	 24 	 200 	 2602 	 1
1788204016117 	 37 	 200 	 2602 	 0
1788204016174 	 33 	 200 	 2605 	 2
1788204016197 	 22 	 200 	 2605 	 1
1788204016204 	 18 	 200 	 2605 	 0
1788204016232 	 12 	 200 	 2606 	 0
1788204016256 	 13 	 200 	 2608 	 1
1788204016267 	 13 	 200 	 2608 	 0
1788204016573 	 27 	 200 	 2609 	 0
1788204016692 	 12 	 200 	 2612 	 2
1788204016692 	 13 	 200 	 2612 	 1
1788204016706 	 13 	 200 	 2614 	 2
1788204016717 	 14 	 200 	 2614 	 1
1788204016715 	 17 	 200 	 2614 	 0
1788204016787 	 14 	 200 	 2615 	 0
1788204016847 	 34 	 200 	 2618 	 2
1788204016875 	 18 	 200 	 2620 	 3
1788204016861 	 36 	 200 	 2620 	 2
1788204016883 	 17 	 200 	 2621 	 2
1788204016885 	 19 	 200 	 2621 	 1
1788204016900 	 15 	 200 	 2621 	 0
1788204016969 	 29 	 200 	 2623 	 1
1788204016961 	 37 	 200 	 2623 	 0
1788204017047 	 32 	 200 	 2625 	 1
1788204017075 	 18 	 200 	 2626 	 1
1788204017086 	 14 	 200 	 2626 	 0
1788204017115 	 14 	 200 	 2628 	 1
1788204017125 	 12 	 200 	 2628 	 0
1788204017250 	 14 	 200 	 2629 	 0
1788204017274 	 21 	 200 	 2631 	 1
1788204017282 	 17 	 200 	 2631 	 0
1788204017305 	 12 	 200 	 2632 	 0
1788204017406 	 26 	 200 	 2633 	 0
1788204017619 	 15 	 200 	 2634 	 0
1788204017645 	 12 	 200 	 2636 	 1
1788204017653 	 12 	 200 	 2636 	 0
1788204017691 	 35 	 200 	 2637 	 0
1788204017780 	 13 	 200 	 2638 	 0
1788204017836 	 29 	 200 	 2640 	 1
1788204017850 	 15 	 200 	 2640 	 0
1788204017994 	 32 	 200 	 2641 	 0
1788204018033 	 35 	 200 	 2644 	 2
1788204018046 	 28 	 200 	 2644 	 1
1788204018048 	 28 	 200 	 2644 	 0
1788204018241 	 17 	 200 	 2645 	 0
1788204018292 	 14 	 200 	 2646 	 0
1788204018367 	 16 	 200 	 2647 	 0
1788204018392 	 13 	 200 	 2649 	 1
1788204018403 	 15 	 200 	 2649 	 0
1788204018430 	 13 	 200 	 2650 	 0
1788204018481 	 21 	 200 	 2652 	 1
1788204018500 	 20 	 200 	 2652 	 0
1788204018528 	 12 	 200 	 2653 	 0
1788204018665 	 13 	 200 	 2654 	 0
1788204018775 	 15 	 200 	 2656 	 1
1788204018778 	 14 	 200 	 2656 	 0
1788204018797 	 20 	 200 	 2657 	 0
1788204018902 	 36 	 200 	 2659 	 1
1788204018931 	 34 	 200 	 2659 	 0
1788204018972 	 16 	 200 	 2660 	 0
1788204019082 	 14 	 200 	 2661 	 0
1788204019099 	 15 	 200 	 2662 	 0
1788204019227 	 30 	 200 	 2663 	 0
1788204019307 	 36 	 200 	 2664 	 0
1788204019406 	 14 	 200 	 2666 	 1
1788204019413 	 23 	 200 	 2667 	 1
1788204019422 	 14 	 200 	 2667 	 0
1788204019492 	 19 	 200 	 2668 	 0
1788204019591 	 19 	 200 	 2670 	 1
1788204019594 	 17 	 200 	 2670 	 0
1788204019734 	 20 	 200 	 2671 	 0
1788204019783 	 31 	 200 	 2672 	 0
1788204019829 	 14 	 200 	 2673 	 0
1788204019977 	 18 	 200 	 2674 	 0
1788204020013 	 13 	 200 	 2675 	 0
1788204020047 	 12 	 200 	 2676 	 0
1788204020109 	 33 	 200 	 2677 	 0
1788204020190 	 16 	 200 	 2678 	 0
1788204020317 	 12 	 200 	 2679 	 0
1788204020332 	 13 	 200 	 2680 	 0
1788204020405 	 35 	 200 	 2682 	 1
1788204020421 	 30 	 200 	 2682 	 0
1788204020459 	 20 	 200 	 2685 	 2
1788204020463 	 19 	 200 	 2685 	 1
1788204020474 	 14 	 200 	 2686 	 1
1788204020487 	 14 	 200 	 2686 	 0
1788204020593 	 15 	 200 	 2687 	 0
1788204020667 	 14 	 200 	 2688 	 0
1788204020731 	 34 	 200 	 2690 	 1
1788204020764 	 23 	 200 	 2690 	 0
1788204020813 	 14 	 200 	 2691 	 0
1788204020830 	 19 	 200 	 2692 	 0
1788204020856 	 14 	 200 	 2694 	 1
1788204020859 	 12 	 200 	 2694 	 0
1788204021009 	 19 	 200 	 2696 	 1
1788204021022 	 16 	 200 	 2696 	 0
1788204021115 	 39 	 200 	 2697 	 0
1788204021265 	 22 	 200 	 2699 	 1
1788204021263 	 29 	 200 	 2699 	 0
1788204021327 	 34 	 200 	 2700 	 0
1788204021411 	 35 	 200 	 2702 	 1
1788204021428 	 26 	 200 	 2703 	 1
1788204021451 	 15 	 200 	 2703 	 0
1788204021479 	 13 	 200 	 2704 	 0
1788204021623 	 21 	 200 	 2705 	 0
1788204021649 	 15 	 200 	 2706 	 0
1788204021830 	 12 	 200 	 2708 	 1
1788204021844 	 12 	 200 	 2710 	 2
1788204021819 	 57 	 200 	 2711 	 2
1788204021864 	 14 	 200 	 2711 	 1
1788204021855 	 23 	 200 	 2711 	 0
1788204021903 	 28 	 200 	 2713 	 1
1788204021912 	 27 	 200 	 2713 	 0
1788204021995 	 14 	 200 	 2714 	 0
1788204022021 	 15 	 200 	 2715 	 0
1788204022273 	 18 	 200 	 2716 	 0
1788204022361 	 13 	 200 	 2717 	 0
1788204022496 	 14 	 200 	 2719 	 1
1788204022493 	 18 	 200 	 2719 	 0
1788204022549 	 35 	 200 	 2721 	 1
1788204022578 	 23 	 200 	 2721 	 0
1788204022671 	 22 	 200 	 2723 	 1
1788204022669 	 25 	 200 	 2723 	 0
1788204022701 	 13 	 200 	 2724 	 0
1788204022719 	 12 	 200 	 2725 	 0
1788204022754 	 40 	 200 	 2730 	 4
1788204022778 	 23 	 200 	 2730 	 3
1788204022791 	 16 	 200 	 2730 	 2
1788204022770 	 44 	 200 	 2730 	 1
1788204022786 	 34 	 200 	 2731 	 1
1788204022817 	 12 	 200 	 2731 	 0
1788204022841 	 12 	 200 	 2733 	 1
1788204022853 	 18 	 200 	 2735 	 2
1788204022863 	 16 	 200 	 2735 	 1
1788204022867 	 16 	 200 	 2735 	 0
1788204023028 	 41 	 200 	 2737 	 1
1788204023053 	 30 	 200 	 2737 	 0
1788204023222 	 26 	 200 	 2738 	 0
1788204023262 	 22 	 200 	 2739 	 0
1788204023313 	 15 	 200 	 2740 	 0
1788204023413 	 34 	 200 	 2742 	 1
1788204023426 	 28 	 200 	 2742 	 0
1788204023502 	 16 	 200 	 2743 	 0
1788204023601 	 14 	 200 	 2745 	 1
1788204023603 	 30 	 200 	 2745 	 0
1788204023668 	 25 	 200 	 2746 	 0
1788204023711 	 16 	 200 	 2748 	 1
1788204023719 	 14 	 200 	 2748 	 0
1788204023742 	 12 	 200 	 2749 	 0
1788204023781 	 37 	 200 	 2750 	 0
1788204023821 	 27 	 200 	 2751 	 0
1788204023868 	 14 	 200 	 2752 	 0
1788204023918 	 12 	 200 	 2753 	 0
1788204023957 	 12 	 200 	 2754 	 0
1788204023994 	 26 	 200 	 2757 	 2
1788204024004 	 21 	 200 	 2757 	 1
1788204024020 	 13 	 200 	 2758 	 1
1788204024033 	 12 	 200 	 2758 	 0
1788204024055 	 13 	 200 	 2759 	 0
1788204024094 	 16 	 200 	 2760 	 0
1788204024182 	 28 	 200 	 2762 	 1
1788204024191 	 23 	 200 	 2762 	 0
1788204024278 	 37 	 200 	 2763 	 0
1788204024347 	 29 	 200 	 2765 	 1
1788204024353 	 27 	 200 	 2765 	 0
1788204024408 	 27 	 200 	 2767 	 1
1788204024396 	 39 	 200 	 2767 	 0
1788204024566 	 23 	 200 	 2768 	 0
1788204024634 	 12 	 200 	 2770 	 1
1788204024624 	 28 	 200 	 2770 	 0
1788204024722 	 25 	 200 	 2773 	 2
1788204024709 	 39 	 200 	 2773 	 1
1788204024739 	 15 	 200 	 2773 	 0
1788204024794 	 13 	 200 	 2774 	 0
1788204024935 	 14 	 200 	 2776 	 1
1788204024929 	 45 	 200 	 2776 	 0
1788204025040 	 29 	 200 	 2777 	 0
1788204025254 	 14 	 200 	 2779 	 1
1788204025259 	 13 	 200 	 2779 	 0
1788204025311 	 16 	 200 	 2780 	 0
1788204025379 	 17 	 200 	 2781 	 0
1788204025421 	 31 	 200 	 2782 	 0
1788204025477 	 14 	 200 	 2784 	 1
1788204025482 	 13 	 200 	 2784 	 0
1788204025498 	 12 	 200 	 2785 	 0
1788204025529 	 12 	 200 	 2786 	 0
1788204025555 	 15 	 200 	 2787 	 0
1788204025641 	 34 	 200 	 2788 	 0
1788204025801 	 14 	 200 	 2789 	 0
1788204025832 	 16 	 200 	 2791 	 1
1788204025836 	 15 	 200 	 2792 	 1
1788204025850 	 12 	 200 	 2793 	 1
1788204025858 	 14 	 200 	 2793 	 0
1788204025912 	 32 	 200 	 2795 	 1
1788204025916 	 45 	 200 	 2796 	 1
1788204025946 	 16 	 200 	 2796 	 0
1788204025982 	 13 	 200 	 2798 	 1
1788204025987 	 15 	 200 	 2798 	 0
1788204026146 	 32 	 200 	 2800 	 1
1788204026165 	 33 	 200 	 2800 	 0
1788204026216 	 20 	 200 	 2801 	 0
1788204026244 	 13 	 200 	 2802 	 0
1788204026287 	 15 	 200 	 2803 	 0
1788204026372 	 13 	 200 	 2804 	 0
1788204026416 	 22 	 200 	 2805 	 0
1788204026516 	 13 	 200 	 2806 	 0
1788204026753 	 40 	 200 	 2808 	 1
1788204026760 	 38 	 200 	 2808 	 0
1788204026805 	 12 	 200 	 2809 	 0
1788204026956 	 14 	 200 	 2810 	 0
1788204026983 	 24 	 200 	 2811 	 0
1788204027029 	 34 	 200 	 2812 	 0
1788204027115 	 20 	 200 	 2813 	 0
1788204027165 	 24 	 200 	 2814 	 0
1788204027211 	 26 	 200 	 2816 	 1
1788204027209 	 28 	 200 	 2816 	 0
1788204027251 	 16 	 200 	 2818 	 1
1788204027261 	 19 	 200 	 2820 	 2
1788204027270 	 14 	 200 	 2820 	 1
1788204027276 	 14 	 200 	 2820 	 1
1788204027291 	 14 	 200 	 2821 	 0
1788204027329 	 14 	 200 	 2823 	 1
1788204027340 	 17 	 200 	 2823 	 0
1788204027369 	 13 	 200 	 2825 	 1
1788204027382 	 16 	 200 	 2826 	 1
1788204027390 	 15 	 200 	 2827 	 1
1788204027403 	 15 	 200 	 2827 	 0
1788204027459 	 16 	 200 	 2828 	 0
1788204027498 	 13 	 200 	 2829 	 0
1788204027520 	 16 	 200 	 2830 	 0
1788204027570 	 15 	 200 	 2831 	 0
1788204027605 	 13 	 200 	 2832 	 0
1788204027671 	 14 	 200 	 2833 	 0
1788204027915 	 18 	 200 	 2834 	 0
1788204027972 	 13 	 200 	 2835 	 0
1788204028081 	 12 	 200 	 2836 	 0
1788204028148 	 15 	 200 	 2839 	 2
1788204028157 	 53 	 200 	 2839 	 1
1788204028266 	 14 	 200 	 2841 	 2
1788204028220 	 95 	 200 	 2841 	 1
1788204028320 	 119 	 200 	 2842 	 1
1788204028122 	 344 	 200 	 2842 	 0
1788204028483 	 13 	 200 	 2845 	 2
1788204028481 	 17 	 200 	 2845 	 1
1788204028492 	 15 	 200 	 2846 	 1
1788204028503 	 13 	 200 	 2846 	 0
1788204028522 	 13 	 200 	 2848 	 1
1788204028535 	 12 	 200 	 2848 	 0
1788204028612 	 14 	 200 	 2849 	 0
1788204028688 	 17 	 200 	 2850 	 0
1788204028714 	 14 	 200 	 2852 	 1
1788204028721 	 16 	 200 	 2852 	 0
1788204028738 	 12 	 200 	 2854 	 1
1788204028741 	 13 	 200 	 2854 	 0
1788204028787 	 14 	 200 	 2855 	 0
1788204028951 	 28 	 200 	 2856 	 0
1788204029040 	 35 	 200 	 2858 	 1
1788204029068 	 32 	 200 	 2858 	 0
1788204029148 	 24 	 200 	 2859 	 0
1788204029182 	 14 	 200 	 2860 	 0
1788204029209 	 58 	 200 	 2861 	 0
1788204029377 	 21 	 200 	 2864 	 2
1788204029366 	 55 	 200 	 2864 	 1
1788204029472 	 14 	 200 	 2866 	 2
1788204029433 	 82 	 200 	 2866 	 1
1788204029268 	 390 	 200 	 2866 	 0
1788204029737 	 34 	 200 	 2868 	 1
1788204029745 	 28 	 200 	 2868 	 0
1788204029967 	 15 	 200 	 2869 	 0
1788204030004 	 17 	 200 	 2871 	 1
1788204030006 	 19 	 200 	 2871 	 0
1788204030230 	 17 	 200 	 2873 	 1
1788204030235 	 15 	 200 	 2873 	 0
1788204030279 	 16 	 200 	 2874 	 0
1788204030337 	 18 	 200 	 2876 	 1
1788204030346 	 17 	 200 	 2876 	 0
1788204030397 	 25 	 200 	 2877 	 0
1788204030498 	 15 	 200 	 2878 	 0
1788204030600 	 15 	 200 	 2879 	 0
1788204030643 	 36 	 200 	 2881 	 1
1788204030671 	 21 	 200 	 2881 	 0
1788204030774 	 34 	 200 	 2882 	 0
1788204030822 	 30 	 200 	 2884 	 1
1788204030831 	 23 	 200 	 2884 	 0
1788204030861 	 13 	 200 	 2885 	 0
1788204030927 	 13 	 200 	 2886 	 0
1788204030972 	 16 	 200 	 2888 	 1
1788204030975 	 15 	 200 	 2888 	 0
1788204031015 	 13 	 200 	 2891 	 2
1788204031020 	 14 	 200 	 2891 	 1
1788204031022 	 14 	 200 	 2891 	 0
1788204031042 	 14 	 200 	 2892 	 0
1788204031093 	 19 	 200 	 2896 	 3
1788204031107 	 14 	 200 	 2897 	 3
1788204031106 	 25 	 200 	 2897 	 2
1788204031114 	 19 	 200 	 2897 	 1
1788204031117 	 18 	 200 	 2898 	 1
1788204031136 	 15 	 200 	 2898 	 0
1788204031193 	 24 	 200 	 2900 	 1
1788204031195 	 23 	 200 	 2900 	 0
1788204031407 	 13 	 200 	 2902 	 1
1788204031409 	 14 	 200 	 2903 	 1
1788204031423 	 13 	 200 	 2904 	 1
1788204031431 	 20 	 200 	 2904 	 0
1788204031462 	 13 	 200 	 2905 	 0
1788204031519 	 47 	 200 	 2909 	 3
1788204031526 	 41 	 200 	 2909 	 2
1788204031521 	 48 	 200 	 2909 	 1
1788204031563 	 14 	 200 	 2910 	 1
1788204031576 	 15 	 200 	 2910 	 0
1788204031667 	 24 	 200 	 2911 	 0
1788204031755 	 32 	 200 	 2914 	 2
1788204031780 	 33 	 200 	 2916 	 3
1788204031786 	 27 	 200 	 2916 	 2
1788204031797 	 18 	 200 	 2916 	 1
1788204031804 	 19 	 200 	 2916 	 0
1788204031828 	 17 	 200 	 2918 	 1
1788204031830 	 16 	 200 	 2918 	 0
1788204031859 	 13 	 200 	 2919 	 0
1788204031917 	 13 	 200 	 2920 	 0
1788204031952 	 18 	 200 	 2923 	 2
1788204031947 	 24 	 200 	 2923 	 1
1788204031966 	 15 	 200 	 2923 	 0
1788204032007 	 13 	 200 	 2924 	 0
1788204032030 	 14 	 200 	 2926 	 1
1788204032043 	 12 	 200 	 2926 	 0
1788204032065 	 14 	 200 	 2927 	 0
1788204032155 	 25 	 200 	 2928 	 0
1788204032197 	 16 	 200 	 2930 	 1
1788204032207 	 15 	 200 	 2931 	 1
1788204032217 	 11 	 200 	 2931 	 0
1788204032310 	 34 	 200 	 2933 	 1
1788204032340 	 23 	 200 	 2933 	 0
1788204032387 	 14 	 200 	 2934 	 0
1788204032444 	 12 	 200 	 2936 	 1
1788204032455 	 14 	 200 	 2936 	 0
1788204032477 	 13 	 200 	 2937 	 0
1788204032555 	 25 	 200 	 2938 	 0
1788204032600 	 12 	 200 	 2939 	 0
1788204032636 	 33 	 200 	 2940 	 0
1788204032685 	 13 	 200 	 2941 	 0
1788204032732 	 17 	 200 	 2943 	 1
1788204032734 	 18 	 200 	 2943 	 0
1788204032820 	 96 	 200 	 2944 	 0
1788204032933 	 21 	 200 	 2945 	 0
1788204032986 	 26 	 200 	 2946 	 0
1788204033051 	 15 	 200 	 2947 	 0
1788204033201 	 19 	 200 	 2948 	 0
1788204033232 	 16 	 200 	 2950 	 1
1788204033236 	 14 	 200 	 2950 	 0
1788204033298 	 23 	 200 	 2952 	 1
1788204033288 	 33 	 200 	 2952 	 0
1788204033348 	 17 	 200 	 2954 	 1
1788204033364 	 14 	 200 	 2954 	 0
1788204033499 	 13 	 200 	 2955 	 0
1788204033524 	 15 	 200 	 2957 	 1
1788204033535 	 16 	 200 	 2958 	 1
1788204033541 	 14 	 200 	 2958 	 0
1788204033611 	 31 	 200 	 2959 	 0
1788204033692 	 14 	 200 	 2960 	 0
1788204033895 	 14 	 200 	 2962 	 1
1788204033931 	 21 	 200 	 2964 	 2
1788204033945 	 49 	 200 	 2964 	 1
1788204034033 	 14 	 200 	 2965 	 1
1788204034106 	 13 	 200 	 2966 	 1
1788204034226 	 14 	 200 	 2968 	 2
1788204034229 	 14 	 200 	 2968 	 1
1788204033848 	 404 	 200 	 2968 	 0
1788204034290 	 20 	 200 	 2970 	 1
1788204034299 	 13 	 200 	 2970 	 0
1788204034394 	 38 	 200 	 2971 	 0
1788204034443 	 14 	 200 	 2972 	 0
1788204034479 	 12 	 200 	 2973 	 0
1788204034571 	 32 	 200 	 2974 	 0
1788204034625 	 17 	 200 	 2975 	 0
1788204034716 	 20 	 200 	 2976 	 0
1788204034740 	 12 	 200 	 2977 	 0
1788204034783 	 22 	 200 	 2978 	 0
1788204034883 	 33 	 200 	 2979 	 0
1788204034928 	 29 	 200 	 2982 	 2
1788204034948 	 14 	 200 	 2982 	 1
1788204034957 	 17 	 200 	 2982 	 0
1788204035103 	 34 	 200 	 2983 	 0
1788204035224 	 25 	 200 	 2985 	 1
1788204035215 	 37 	 200 	 2985 	 0
1788204035356 	 24 	 200 	 2986 	 0
1788204035383 	 13 	 200 	 2987 	 0
1788204035492 	 33 	 200 	 2988 	 0
1788204035573 	 14 	 200 	 2990 	 1
1788204035580 	 14 	 200 	 2990 	 0
1788204035620 	 31 	 200 	 2991 	 0
1788204035691 	 22 	 200 	 2992 	 0
1788204035804 	 15 	 200 	 2993 	 0
1788204035829 	 11 	 200 	 2994 	 0
1788204036011 	 26 	 200 	 2996 	 1
1788204036027 	 20 	 200 	 2996 	 0
1788204036148 	 24 	 200 	 2997 	 0
1788204036218 	 24 	 200 	 2999 	 1
1788204036239 	 14 	 200 	 3002 	 3
1788204036245 	 14 	 200 	 3002 	 2
1788204036253 	 14 	 200 	 3002 	 1
1788204036249 	 29 	 200 	 3002 	 0
1788204036333 	 13 	 200 	 3003 	 0
1788204036360 	 12 	 200 	 3004 	 0
1788204036554 	 28 	 200 	 3006 	 1
1788204036578 	 16 	 200 	 3007 	 1
1788204036586 	 13 	 200 	 3008 	 1
1788204036598 	 13 	 200 	 3008 	 0
1788204036672 	 15 	 200 	 3009 	 0
1788204036709 	 18 	 200 	 3010 	 0
1788204036858 	 25 	 200 	 3011 	 0
1788204036904 	 24 	 200 	 3013 	 1
1788204036908 	 28 	 200 	 3013 	 0
1788204036944 	 12 	 200 	 3014 	 0
1788204036990 	 13 	 200 	 3015 	 0
1788204037011 	 16 	 200 	 3016 	 0
1788204037032 	 17 	 200 	 3017 	 0
1788204037129 	 15 	 200 	 3019 	 1
1788204037134 	 19 	 200 	 3019 	 0
1788204037185 	 12 	 200 	 3020 	 0
1788204037281 	 15 	 200 	 3021 	 0
1788204037350 	 15 	 200 	 3023 	 1
1788204037355 	 17 	 200 	 3023 	 0
1788204037378 	 12 	 200 	 3024 	 0
1788204037416 	 37 	 200 	 3025 	 0
1788204037482 	 13 	 200 	 3026 	 0
1788204037590 	 15 	 200 	 3027 	 0
1788204037775 	 33 	 200 	 3029 	 1
1788204037787 	 29 	 200 	 3030 	 1
1788204037811 	 18 	 200 	 3030 	 0
1788204037861 	 32 	 200 	 3031 	 0
1788204037962 	 16 	 200 	 3032 	 0
1788204037988 	 15 	 200 	 3034 	 1
1788204037988 	 15 	 200 	 3034 	 0
1788204038043 	 36 	 200 	 3035 	 0
1788204038209 	 33 	 200 	 3036 	 0
1788204038287 	 13 	 200 	 3037 	 0
1788204038318 	 12 	 200 	 3038 	 0
1788204038434 	 21 	 200 	 3040 	 1
1788204038450 	 13 	 200 	 3040 	 0
1788204038486 	 13 	 200 	 3043 	 2
1788204038497 	 14 	 200 	 3043 	 1
1788204038494 	 18 	 200 	 3043 	 0
1788204038521 	 12 	 200 	 3045 	 1
1788204038527 	 13 	 200 	 3045 	 0
1788204038585 	 12 	 200 	 3046 	 0
1788204038636 	 15 	 200 	 3047 	 0
1788204038751 	 15 	 200 	 3049 	 1
1788204038767 	 14 	 200 	 3050 	 1
1788204038774 	 13 	 200 	 3050 	 0
1788204038882 	 15 	 200 	 3052 	 1
1788204038968 	 33 	 200 	 3055 	 3
1788204038988 	 17 	 200 	 3055 	 2
1788204039105 	 41 	 200 	 3058 	 4
1788204039108 	 38 	 200 	 3058 	 3
1788204039183 	 18 	 200 	 3059 	 3
1788204039207 	 35 	 200 	 3060 	 3
1788204039095 	 199 	 200 	 3061 	 3
1788204039249 	 50 	 200 	 3061 	 2
1788204038989 	 319 	 200 	 3061 	 1
1788204038880 	 491 	 200 	 3061 	 0
1788204039377 	 17 	 200 	 3064 	 2
1788204039390 	 14 	 200 	 3064 	 1
1788204039383 	 24 	 200 	 3064 	 0
1788204039555 	 37 	 200 	 3065 	 0
1788204039671 	 23 	 200 	 3067 	 1
1788204039676 	 20 	 200 	 3067 	 0
1788204039703 	 15 	 200 	 3068 	 0
1788204039796 	 31 	 200 	 3070 	 1
1788204039798 	 40 	 200 	 3070 	 0
1788204039920 	 34 	 200 	 3072 	 1
1788204039940 	 22 	 200 	 3072 	 0
1788204039995 	 16 	 200 	 3074 	 1
1788204040000 	 15 	 200 	 3075 	 1
1788204040012 	 14 	 200 	 3075 	 0
1788204040103 	 14 	 200 	 3076 	 0
1788204040141 	 14 	 200 	 3078 	 1
1788204040155 	 13 	 200 	 3078 	 0
1788204040245 	 17 	 200 	 3080 	 1
1788204040248 	 15 	 200 	 3080 	 0
1788204040303 	 21 	 200 	 3083 	 2
1788204040315 	 14 	 200 	 3083 	 1
1788204040324 	 13 	 200 	 3083 	 0
1788204040382 	 15 	 200 	 3084 	 0
1788204040428 	 23 	 200 	 3085 	 0
1788204040463 	 32 	 200 	 3088 	 2
1788204040478 	 25 	 200 	 3088 	 1
1788204040497 	 14 	 200 	 3088 	 0
1788204040528 	 13 	 200 	 3089 	 0
1788204040608 	 30 	 200 	 3091 	 1
1788204040610 	 34 	 200 	 3091 	 0
1788204040658 	 14 	 200 	 3093 	 1
1788204040671 	 14 	 200 	 3094 	 1
1788204040680 	 13 	 200 	 3094 	 0
1788204040890 	 26 	 200 	 3095 	 0
1788204040976 	 13 	 200 	 3096 	 0
1788204041070 	 25 	 200 	 3099 	 2
1788204041075 	 20 	 200 	 3099 	 1
1788204041072 	 26 	 200 	 3099 	 0
1788204041111 	 21 	 200 	 3100 	 0
1788204041173 	 34 	 200 	 3101 	 0
1788204041278 	 23 	 200 	 3102 	 0
1788204041344 	 53 	 200 	 3103 	 0
1788204041677 	 15 	 200 	 3104 	 0
1788204041706 	 14 	 200 	 3105 	 0
1788204041800 	 16 	 200 	 3106 	 0
1788204041988 	 13 	 200 	 3107 	 0
1788204042018 	 13 	 200 	 3110 	 2
1788204042016 	 20 	 200 	 3110 	 1
1788204042025 	 14 	 200 	 3110 	 0
1788204042076 	 13 	 200 	 3112 	 1
1788204042066 	 25 	 200 	 3112 	 0
1788204042107 	 13 	 200 	 3115 	 2
1788204042109 	 16 	 200 	 3115 	 1
1788204042120 	 13 	 200 	 3115 	 0
1788204042204 	 13 	 200 	 3116 	 0
1788204042302 	 21 	 200 	 3118 	 1
1788204042319 	 12 	 200 	 3118 	 0
1788204042347 	 17 	 200 	 3119 	 0
1788204042416 	 20 	 200 	 3121 	 1
1788204042425 	 13 	 200 	 3121 	 0
1788204042474 	 14 	 200 	 3122 	 0
1788204042528 	 29 	 200 	 3123 	 0
1788204042689 	 17 	 200 	 3124 	 0
1788204042716 	 14 	 200 	 3125 	 0
1788204042823 	 13 	 200 	 3126 	 0
1788204042870 	 14 	 200 	 3128 	 1
1788204042877 	 12 	 200 	 3128 	 0
1788204042896 	 16 	 200 	 3129 	 0
1788204042940 	 14 	 200 	 3130 	 0
1788204043064 	 18 	 200 	 3132 	 1
1788204043082 	 12 	 200 	 3132 	 0
1788204043158 	 21 	 200 	 3133 	 0
1788204043286 	 17 	 200 	 3134 	 0
1788204043306 	 12 	 200 	 3135 	 0
1788204043329 	 12 	 200 	 3136 	 0
1788204043347 	 14 	 200 	 3137 	 0
1788204043399 	 15 	 200 	 3138 	 0
1788204043417 	 14 	 200 	 3139 	 0
1788204043454 	 14 	 200 	 3140 	 0
1788204043510 	 14 	 200 	 3141 	 0
1788204043650 	 32 	 200 	 3142 	 0
1788204043733 	 34 	 200 	 3144 	 1
1788204043756 	 27 	 200 	 3144 	 0
1788204043834 	 29 	 200 	 3146 	 1
1788204043854 	 22 	 200 	 3147 	 1
1788204043875 	 14 	 200 	 3147 	 0
1788204043970 	 17 	 200 	 3149 	 1
1788204043974 	 18 	 200 	 3149 	 0
1788204044065 	 14 	 200 	 3151 	 1
1788204044070 	 14 	 200 	 3151 	 0
1788204044135 	 37 	 200 	 3152 	 0
1788204044179 	 15 	 200 	 3154 	 1
1788204044180 	 16 	 200 	 3154 	 0
1788204044224 	 13 	 200 	 3156 	 1
1788204044228 	 12 	 200 	 3156 	 0
1788204044300 	 35 	 200 	 3157 	 0
1788204044339 	 12 	 200 	 3158 	 0
1788204044396 	 13 	 200 	 3159 	 0
1788204044426 	 27 	 200 	 3160 	 0
1788204044575 	 15 	 200 	 3161 	 0
1788204044633 	 32 	 200 	 3162 	 0
1788204044692 	 13 	 200 	 3163 	 0
1788204044783 	 20 	 200 	 3165 	 1
1788204044797 	 15 	 200 	 3165 	 0
1788204044987 	 13 	 200 	 3167 	 1
1788204044995 	 13 	 200 	 3167 	 0
1788204045047 	 35 	 200 	 3168 	 0
1788204045100 	 13 	 200 	 3169 	 0
1788204045184 	 38 	 200 	 3173 	 3
1788204045188 	 34 	 200 	 3173 	 2
1788204045206 	 19 	 200 	 3173 	 1
1788204045202 	 24 	 200 	 3173 	 0
1788204045390 	 16 	 200 	 3174 	 0
1788204045455 	 18 	 200 	 3175 	 0
1788204045574 	 17 	 200 	 3176 	 0
1788204045685 	 15 	 200 	 3178 	 1
1788204045693 	 15 	 200 	 3178 	 0
1788204045759 	 20 	 200 	 3181 	 2
1788204045778 	 12 	 200 	 3181 	 1
1788204045777 	 17 	 200 	 3181 	 0
1788204045910 	 34 	 200 	 3182 	 0
1788204046077 	 18 	 200 	 3183 	 0
1788204046233 	 30 	 200 	 3185 	 1
1788204046238 	 27 	 200 	 3185 	 0
1788204046314 	 12 	 200 	 3186 	 0
1788204046335 	 15 	 200 	 3188 	 1
1788204046346 	 13 	 200 	 3189 	 1
1788204046352 	 22 	 200 	 3189 	 0
1788204046430 	 32 	 200 	 3190 	 0
1788204046532 	 38 	 200 	 3191 	 0
1788204046608 	 16 	 200 	 3192 	 1
1788204046625 	 14 	 200 	 3194 	 1
1788204046629 	 12 	 200 	 3194 	 0
1788204046694 	 22 	 200 	 3195 	 0
1788204046725 	 33 	 200 	 3197 	 1
1788204046747 	 26 	 200 	 3197 	 0
1788204046795 	 14 	 200 	 3198 	 0
1788204046813 	 17 	 200 	 3200 	 1
1788204046827 	 13 	 200 	 3200 	 0
1788204046866 	 14 	 200 	 3201 	 0
1788204046888 	 13 	 200 	 3202 	 0
1788204047032 	 36 	 200 	 3203 	 0
1788204047097 	 14 	 200 	 3205 	 1
1788204047111 	 12 	 200 	 3205 	 0
1788204047149 	 22 	 200 	 3206 	 0
1788204047203 	 34 	 200 	 3208 	 1
1788204047218 	 33 	 200 	 3209 	 1
1788204047252 	 14 	 200 	 3209 	 0
1788204047291 	 14 	 200 	 3211 	 1
1788204047291 	 25 	 200 	 3212 	 1
1788204047313 	 15 	 200 	 3212 	 0
1788204047348 	 12 	 200 	 3213 	 0
1788204047386 	 12 	 200 	 3214 	 0
1788204047418 	 13 	 200 	 3216 	 1
1788204047421 	 14 	 200 	 3217 	 2
1788204047435 	 15 	 200 	 3218 	 1
1788204047436 	 15 	 200 	 3218 	 0
1788204047491 	 15 	 200 	 3220 	 1
1788204047501 	 15 	 200 	 3220 	 0
1788204047551 	 33 	 200 	 3222 	 1
1788204047576 	 26 	 200 	 3224 	 2
1788204047594 	 15 	 200 	 3224 	 1
1788204047602 	 13 	 200 	 3225 	 1
1788204047614 	 15 	 200 	 3225 	 0
1788204047721 	 38 	 200 	 3228 	 2
1788204047749 	 26 	 200 	 3229 	 2
1788204047758 	 21 	 200 	 3229 	 1
1788204047775 	 15 	 200 	 3229 	 0
1788204047832 	 13 	 200 	 3231 	 1
1788204047830 	 15 	 200 	 3231 	 0
1788204047858 	 13 	 200 	 3232 	 0
1788204047903 	 13 	 200 	 3233 	 0
1788204047947 	 14 	 200 	 3234 	 0
1788204048016 	 39 	 200 	 3235 	 0
1788204048091 	 13 	 200 	 3236 	 0
1788204048203 	 31 	 200 	 3238 	 1
1788204048230 	 14 	 200 	 3238 	 0
1788204048254 	 15 	 200 	 3239 	 0
1788204048285 	 14 	 200 	 3240 	 0
1788204048365 	 12 	 200 	 3241 	 0
1788204048392 	 14 	 200 	 3242 	 0
1788204048548 	 17 	 200 	 3243 	 0
1788204048589 	 28 	 200 	 3244 	 0
1788204048656 	 22 	 200 	 3245 	 0
1788204048714 	 17 	 200 	 3246 	 0
1788204048787 	 15 	 200 	 3248 	 1
1788204048788 	 17 	 200 	 3248 	 0
1788204048973 	 32 	 200 	 3249 	 0
1788204049140 	 22 	 200 	 3250 	 0
1788204049235 	 14 	 200 	 3251 	 0
1788204049274 	 13 	 200 	 3252 	 0
1788204049289 	 12 	 200 	 3253 	 0
1788204049407 	 37 	 200 	 3255 	 1
1788204049434 	 28 	 200 	 3256 	 1
1788204049462 	 13 	 200 	 3256 	 0
1788204049588 	 17 	 200 	 3258 	 1
1788204049592 	 15 	 200 	 3258 	 0
1788204049646 	 36 	 200 	 3260 	 1
1788204049651 	 33 	 200 	 3260 	 0
1788204049882 	 33 	 200 	 3262 	 1
1788204049910 	 31 	 200 	 3264 	 2
1788204049917 	 27 	 200 	 3264 	 1
1788204049938 	 18 	 200 	 3264 	 0
1788204049967 	 14 	 200 	 3265 	 0
1788204050035 	 13 	 200 	 3266 	 0
1788204050070 	 15 	 200 	 3268 	 1
1788204050073 	 14 	 200 	 3268 	 0
1788204050100 	 15 	 200 	 3270 	 1
1788204050104 	 13 	 200 	 3270 	 0
1788204050153 	 17 	 200 	 3271 	 0
1788204050229 	 21 	 200 	 3273 	 1
1788204050244 	 13 	 200 	 3273 	 0
1788204050316 	 14 	 200 	 3274 	 0
1788204050389 	 13 	 200 	 3275 	 0
1788204050529 	 15 	 200 	 3277 	 1
1788204050541 	 11 	 200 	 3277 	 0
1788204050557 	 16 	 200 	 3278 	 0
1788204050588 	 20 	 200 	 3280 	 1
1788204050594 	 16 	 200 	 3280 	 0
1788204050824 	 12 	 200 	 3281 	 0
1788204050846 	 14 	 200 	 3282 	 0
1788204050865 	 12 	 200 	 3283 	 0
1788204050902 	 15 	 200 	 3284 	 0
1788204050967 	 15 	 200 	 3285 	 0
1788204050991 	 12 	 200 	 3286 	 0
1788204051028 	 14 	 200 	 3287 	 0
1788204051057 	 30 	 200 	 3288 	 0
1788204051233 	 17 	 200 	 3290 	 1
1788204051246 	 16 	 200 	 3291 	 1
1788204051258 	 13 	 200 	 3292 	 1
1788204051267 	 15 	 200 	 3293 	 1
1788204051281 	 13 	 200 	 3294 	 1
1788204051288 	 19 	 200 	 3295 	 1
1788204051296 	 13 	 200 	 3295 	 0
1788204051344 	 17 	 200 	 3297 	 1
1788204051350 	 16 	 200 	 3297 	 0
1788204051416 	 12 	 200 	 3299 	 1
1788204051424 	 12 	 200 	 3299 	 0
1788204051474 	 16 	 200 	 3300 	 0
1788204051528 	 30 	 200 	 3301 	 0
1788204051568 	 33 	 200 	 3303 	 1
1788204051576 	 25 	 200 	 3303 	 0
1788204051658 	 55 	 200 	 3304 	 0
1788204051740 	 18 	 200 	 3305 	 0
1788204051768 	 12 	 200 	 3306 	 0
1788204051790 	 22 	 200 	 3308 	 1
1788204051804 	 13 	 200 	 3308 	 0
1788204051941 	 23 	 200 	 3310 	 1
1788204051953 	 15 	 200 	 3310 	 0
1788204052094 	 20 	 200 	 3312 	 1
1788204052114 	 13 	 200 	 3312 	 0
1788204052157 	 16 	 200 	 3314 	 1
1788204052167 	 12 	 200 	 3314 	 0
1788204052246 	 13 	 200 	 3316 	 1
1788204052260 	 11 	 200 	 3316 	 0
1788204052287 	 14 	 200 	 3317 	 0
1788204052335 	 15 	 200 	 3318 	 0
1788204052368 	 14 	 200 	 3319 	 0
1788204052394 	 14 	 200 	 3320 	 0
1788204052498 	 12 	 200 	 3321 	 0
1788204052517 	 12 	 200 	 3322 	 0
1788204052572 	 33 	 200 	 3324 	 1
1788204052601 	 17 	 200 	 3324 	 0
1788204052626 	 12 	 200 	 3325 	 0
1788204052668 	 13 	 200 	 3326 	 0
1788204052700 	 34 	 200 	 3327 	 0
1788204052787 	 12 	 200 	 3328 	 0
1788204052864 	 21 	 200 	 3330 	 1
1788204052874 	 15 	 200 	 3330 	 0
1788204052894 	 14 	 200 	 3331 	 0
1788204052952 	 13 	 200 	 3332 	 0
1788204053050 	 31 	 200 	 3334 	 1
1788204053052 	 32 	 200 	 3334 	 0
1788204053134 	 20 	 200 	 3339 	 4
1788204053143 	 16 	 200 	 3339 	 3
1788204053150 	 58 	 200 	 3340 	 3
1788204053155 	 53 	 200 	 3340 	 2
1788204053194 	 19 	 200 	 3340 	 1
1788204053221 	 24 	 200 	 3341 	 1
1788204053367 	 12 	 200 	 3344 	 3
1788204053379 	 20 	 200 	 3345 	 3
1788204053314 	 86 	 200 	 3345 	 2
1788204053480 	 19 	 200 	 3346 	 2
1788204053578 	 74 	 200 	 3349 	 4
1788204053628 	 67 	 200 	 3350 	 4
1788204053641 	 59 	 200 	 3350 	 3
1788204053391 	 363 	 200 	 3353 	 5
1788204053741 	 53 	 200 	 3353 	 4
1788204053753 	 46 	 200 	 3353 	 3
1788204053739 	 61 	 200 	 3353 	 2
1788204053675 	 126 	 200 	 3353 	 1
1788204053096 	 708 	 200 	 3353 	 0
1788204053823 	 14 	 200 	 3355 	 1
1788204053828 	 14 	 200 	 3355 	 0
1788204053898 	 14 	 200 	 3357 	 1
1788204053905 	 14 	 200 	 3357 	 0
1788204054002 	 27 	 200 	 3358 	 0
1788204054054 	 20 	 200 	 3359 	 0
1788204054106 	 13 	 200 	 3360 	 0
1788204054144 	 28 	 200 	 3362 	 1
1788204054142 	 44 	 200 	 3363 	 1
1788204054174 	 19 	 200 	 3364 	 1
1788204054193 	 13 	 200 	 3364 	 0
1788204054322 	 14 	 200 	 3365 	 0
1788204054392 	 18 	 200 	 3367 	 1
1788204054398 	 19 	 200 	 3367 	 0
1788204054590 	 13 	 200 	 3368 	 0
1788204054606 	 18 	 200 	 3369 	 0
1788204054629 	 12 	 200 	 3370 	 0
1788204054717 	 15 	 200 	 3371 	 0
1788204054931 	 29 	 200 	 3372 	 0
1788204055021 	 34 	 200 	 3375 	 2
1788204055035 	 32 	 200 	 3375 	 1
1788204055054 	 19 	 200 	 3375 	 0
1788204055210 	 17 	 200 	 3376 	 0
1788204055243 	 12 	 200 	 3377 	 0
1788204055299 	 30 	 200 	 3378 	 0
1788204055336 	 22 	 200 	 3379 	 0
1788204055361 	 14 	 200 	 3380 	 0
1788204055414 	 13 	 200 	 3381 	 0
1788204055507 	 15 	 200 	 3383 	 1
1788204055522 	 16 	 200 	 3384 	 1
1788204055525 	 13 	 200 	 3384 	 0
1788204055614 	 17 	 200 	 3385 	 0
1788204055812 	 36 	 200 	 3386 	 0
1788204055882 	 15 	 200 	 3387 	 0
1788204055983 	 13 	 200 	 3388 	 0
1788204055998 	 14 	 200 	 3389 	 0
1788204056032 	 23 	 200 	 3390 	 0
1788204056121 	 14 	 200 	 3391 	 0
1788204056212 	 13 	 200 	 3392 	 0
1788204056272 	 38 	 200 	 3394 	 1
1788204056291 	 22 	 200 	 3394 	 0
1788204056356 	 33 	 200 	 3395 	 0
1788204056425 	 34 	 200 	 3397 	 1
1788204056437 	 27 	 200 	 3397 	 0
1788204056501 	 15 	 200 	 3398 	 0
1788204056519 	 13 	 200 	 3399 	 0
1788204056578 	 13 	 200 	 3401 	 1
1788204056579 	 16 	 200 	 3401 	 0
1788204056649 	 30 	 200 	 3405 	 3
1788204056659 	 27 	 200 	 3405 	 2
1788204056654 	 34 	 200 	 3405 	 1
1788204056681 	 14 	 200 	 3405 	 0
1788204056700 	 16 	 200 	 3406 	 0
1788204056799 	 29 	 200 	 3409 	 2
1788204056793 	 40 	 200 	 3409 	 1
1788204056819 	 18 	 200 	 3409 	 0
1788204056852 	 15 	 200 	 3410 	 0
1788204056886 	 20 	 200 	 3411 	 0
1788204056961 	 13 	 200 	 3412 	 0
1788204056997 	 14 	 200 	 3415 	 2
1788204057002 	 15 	 200 	 3416 	 2
1788204057009 	 16 	 200 	 3416 	 1
1788204057013 	 13 	 200 	 3416 	 0
1788204057041 	 19 	 200 	 3417 	 0
1788204057179 	 15 	 200 	 3418 	 0
1788204057255 	 28 	 200 	 3419 	 0
1788204057328 	 29 	 200 	 3420 	 0
1788204057580 	 30 	 200 	 3421 	 0
1788204057651 	 30 	 200 	 3422 	 0
1788204057765 	 24 	 200 	 3424 	 1
1788204057743 	 50 	 200 	 3424 	 0
1788204057798 	 14 	 200 	 3425 	 0
1788204057824 	 12 	 200 	 3426 	 0
1788204057878 	 21 	 200 	 3427 	 0
1788204057906 	 14 	 200 	 3429 	 1
1788204057917 	 12 	 200 	 3429 	 0
1788204057972 	 35 	 200 	 3430 	 0
1788204058037 	 20 	 200 	 3431 	 0
1788204058132 	 25 	 200 	 3433 	 1
1788204058141 	 21 	 200 	 3433 	 0
1788204058201 	 15 	 200 	 3434 	 0
1788204058303 	 15 	 200 	 3435 	 0
1788204058380 	 16 	 200 	 3436 	 0
1788204058491 	 16 	 200 	 3437 	 0
1788204058581 	 13 	 200 	 3438 	 0
1788204058681 	 39 	 200 	 3441 	 2
1788204058691 	 31 	 200 	 3441 	 1
1788204058719 	 27 	 200 	 3442 	 1
1788204058738 	 14 	 200 	 3442 	 0
1788204058843 	 15 	 200 	 3445 	 2
1788204058846 	 18 	 200 	 3445 	 1
1788204058845 	 21 	 200 	 3445 	 0
1788204058901 	 13 	 200 	 3446 	 0
1788204058922 	 15 	 200 	 3447 	 0
1788204059011 	 13 	 200 	 3448 	 0
1788204059039 	 15 	 200 	 3449 	 0
1788204059213 	 13 	 200 	 3450 	 0
1788204059338 	 18 	 200 	 3452 	 1
1788204059345 	 15 	 200 	 3452 	 0
1788204059446 	 18 	 200 	 3453 	 0
1788204059495 	 17 	 200 	 3457 	 3
1788204059489 	 30 	 200 	 3458 	 3
1788204059490 	 31 	 200 	 3458 	 2
1788204059515 	 16 	 200 	 3458 	 1
1788204059509 	 24 	 200 	 3458 	 0
1788204059552 	 12 	 200 	 3459 	 0
1788204059571 	 14 	 200 	 3460 	 0
1788204059600 	 16 	 200 	 3461 	 0
1788204059658 	 24 	 200 	 3462 	 0
1788204059751 	 23 	 200 	 3463 	 0
1788204059792 	 13 	 200 	 3464 	 0
1788204059826 	 13 	 200 	 3466 	 1
1788204059821 	 25 	 200 	 3466 	 0
1788204059870 	 13 	 200 	 3467 	 0
1788204059897 	 12 	 200 	 3468 	 0
1788204059952 	 31 	 200 	 3469 	 0
1788204059989 	 12 	 200 	 3471 	 1
1788204059992 	 14 	 200 	 3472 	 1
1788204060007 	 20 	 200 	 3472 	 0
1788204060049 	 28 	 200 	 3473 	 0
1788204060081 	 14 	 200 	 3475 	 1
1788204060095 	 13 	 200 	 3476 	 1
1788204060102 	 13 	 200 	 3476 	 0
1788204060232 	 21 	 200 	 3477 	 0
1788204060365 	 32 	 200 	 3479 	 1
1788204060384 	 20 	 200 	 3479 	 0
1788204060487 	 13 	 200 	 3480 	 0
1788204060502 	 14 	 200 	 3481 	 0
1788204060529 	 35 	 200 	 3482 	 0
1788204060620 	 13 	 200 	 3483 	 0
1788204060737 	 18 	 200 	 3484 	 0
1788204060832 	 28 	 200 	 3485 	 0
1788204060911 	 33 	 200 	 3490 	 4
1788204060927 	 22 	 200 	 3490 	 3
1788204060933 	 21 	 200 	 3490 	 2
1788204060936 	 19 	 200 	 3490 	 1
1788204060939 	 18 	 200 	 3490 	 0
1788204061157 	 31 	 200 	 3492 	 1
1788204061159 	 31 	 200 	 3492 	 0
1788204061226 	 16 	 200 	 3493 	 0
1788204061253 	 19 	 200 	 3494 	 0
1788204061311 	 37 	 200 	 3496 	 1
1788204061344 	 16 	 200 	 3496 	 0
1788204061433 	 37 	 200 	 3498 	 1
1788204061456 	 21 	 200 	 3498 	 0
1788204061534 	 30 	 200 	 3500 	 1
1788204061529 	 37 	 200 	 3500 	 0
1788204061628 	 35 	 200 	 3502 	 1
1788204061650 	 26 	 200 	 3502 	 0
1788204061701 	 13 	 200 	 3503 	 0
1788204061726 	 33 	 200 	 3504 	 0
1788204061909 	 14 	 200 	 3505 	 0
1788204062052 	 35 	 200 	 3507 	 1
1788204062066 	 24 	 200 	 3508 	 1
1788204062090 	 14 	 200 	 3508 	 0
1788204062144 	 29 	 200 	 3512 	 3
1788204062148 	 28 	 200 	 3512 	 2
1788204062150 	 27 	 200 	 3512 	 1
1788204062157 	 22 	 200 	 3512 	 0
1788204062244 	 14 	 200 	 3514 	 1
1788204062258 	 16 	 200 	 3515 	 1
1788204062269 	 17 	 200 	 3515 	 0
1788204062316 	 16 	 200 	 3516 	 0
1788204062348 	 17 	 200 	 3518 	 1
1788204062360 	 14 	 200 	 3518 	 0
1788204062397 	 16 	 200 	 3520 	 1
1788204062407 	 17 	 200 	 3520 	 0
1788204062444 	 13 	 200 	 3521 	 0
1788204062519 	 19 	 200 	 3523 	 1
1788204062528 	 27 	 200 	 3523 	 0
1788204062600 	 16 	 200 	 3524 	 0
1788204062645 	 31 	 200 	 3525 	 0
1788204062682 	 12 	 200 	 3526 	 0
1788204062706 	 13 	 200 	 3527 	 0
1788204062760 	 14 	 200 	 3528 	 0
1788204062793 	 14 	 200 	 3529 	 0
1788204062896 	 33 	 200 	 3530 	 0
1788204062953 	 12 	 200 	 3531 	 0
1788204062986 	 13 	 200 	 3532 	 0
1788204063015 	 12 	 200 	 3533 	 0
1788204063123 	 28 	 200 	 3534 	 0
1788204063224 	 17 	 200 	 3536 	 1
1788204063241 	 14 	 200 	 3537 	 1
1788204063248 	 18 	 200 	 3537 	 0
1788204063329 	 34 	 200 	 3539 	 1
1788204063362 	 18 	 200 	 3539 	 0
1788204063458 	 19 	 200 	 3540 	 0
1788204063488 	 14 	 200 	 3542 	 1
1788204063487 	 15 	 200 	 3542 	 0
1788204063538 	 31 	 200 	 3543 	 0
1788204063614 	 37 	 200 	 3544 	 0
1788204063776 	 13 	 200 	 3545 	 0
1788204063815 	 15 	 200 	 3547 	 1
1788204063824 	 13 	 200 	 3547 	 0
1788204063859 	 26 	 200 	 3549 	 1
1788204063857 	 29 	 200 	 3549 	 0
1788204063892 	 12 	 200 	 3550 	 0
1788204064078 	 15 	 200 	 3552 	 1
1788204064073 	 27 	 200 	 3552 	 0
1788204064126 	 20 	 200 	 3555 	 2
1788204064130 	 16 	 200 	 3555 	 1
1788204064132 	 17 	 200 	 3555 	 0
1788204064198 	 13 	 200 	 3556 	 0
1788204064231 	 17 	 200 	 3557 	 0
1788204064284 	 17 	 200 	 3558 	 0
1788204064320 	 12 	 200 	 3559 	 0
1788204064440 	 13 	 200 	 3560 	 0
1788204064488 	 16 	 200 	 3562 	 1
1788204064487 	 18 	 200 	 3562 	 0
1788204064509 	 13 	 200 	 3563 	 0
1788204064550 	 30 	 200 	 3564 	 0
1788204064605 	 12 	 200 	 3565 	 0
1788204064642 	 20 	 200 	 3566 	 0
1788204064720 	 32 	 200 	 3568 	 1
1788204064717 	 39 	 200 	 3568 	 0
1788204064778 	 13 	 200 	 3570 	 1
1788204064791 	 12 	 200 	 3570 	 0
1788204064813 	 14 	 200 	 3573 	 2
1788204064816 	 18 	 200 	 3573 	 1
1788204064823 	 15 	 200 	 3573 	 0
1788204064858 	 22 	 200 	 3574 	 0
1788204065138 	 34 	 200 	 3575 	 0
1788204065253 	 24 	 200 	 3577 	 1
1788204065277 	 15 	 200 	 3577 	 0
1788204065298 	 15 	 200 	 3578 	 0
1788204065437 	 33 	 200 	 3579 	 0
1788204065656 	 22 	 200 	 3581 	 1
1788204065671 	 16 	 200 	 3581 	 0
1788204065725 	 32 	 200 	 3583 	 1
1788204065743 	 30 	 200 	 3583 	 0
1788204065824 	 18 	 200 	 3584 	 0
1788204065866 	 27 	 200 	 3586 	 1
1788204065871 	 28 	 200 	 3586 	 0
1788204065961 	 40 	 200 	 3587 	 0
1788204066044 	 25 	 200 	 3588 	 0
1788204066085 	 14 	 200 	 3589 	 0
1788204066150 	 31 	 200 	 3592 	 2
1788204066153 	 29 	 200 	 3592 	 1
1788204066161 	 26 	 200 	 3592 	 0
1788204066205 	 12 	 200 	 3593 	 0
1788204066305 	 27 	 200 	 3594 	 0
1788204066381 	 13 	 200 	 3595 	 0
1788204066472 	 14 	 200 	 3597 	 1
1788204066484 	 15 	 200 	 3597 	 0
1788204066566 	 17 	 200 	 3598 	 0
1788204066665 	 26 	 200 	 3600 	 1
1788204066686 	 13 	 200 	 3601 	 1
1788204066699 	 12 	 200 	 3601 	 0
1788204066847 	 35 	 200 	 3603 	 1
1788204066861 	 27 	 200 	 3603 	 0
1788204066895 	 19 	 200 	 3605 	 1
1788204066912 	 13 	 200 	 3605 	 0
1788204066951 	 13 	 200 	 3606 	 0
1788204067020 	 37 	 200 	 3607 	 0
1788204067084 	 13 	 200 	 3608 	 0
1788204067136 	 33 	 200 	 3609 	 0
1788204067176 	 14 	 200 	 3610 	 0
1788204067204 	 14 	 200 	 3611 	 0
1788204067275 	 32 	 200 	 3612 	 0
1788204067325 	 24 	 200 	 3614 	 1
1788204067349 	 14 	 200 	 3614 	 0
1788204067381 	 20 	 200 	 3615 	 0
1788204067549 	 25 	 200 	 3616 	 0
1788204067613 	 14 	 200 	 3617 	 0
1788204067748 	 26 	 200 	 3618 	 0
1788204067823 	 38 	 200 	 3620 	 1
1788204067824 	 43 	 200 	 3620 	 0
1788204067913 	 18 	 200 	 3622 	 1
1788204067923 	 14 	 200 	 3622 	 0
1788204068069 	 29 	 200 	 3624 	 1
1788204068081 	 17 	 200 	 3624 	 0
1788204068179 	 21 	 200 	 3625 	 0
1788204068228 	 13 	 200 	 3626 	 0
1788204068272 	 14 	 200 	 3629 	 2
1788204068279 	 16 	 200 	 3629 	 1
1788204068279 	 14 	 200 	 3629 	 0
1788204068322 	 13 	 200 	 3631 	 1
1788204068323 	 13 	 200 	 3631 	 0
1788204068355 	 12 	 200 	 3632 	 0
1788204068386 	 19 	 200 	 3633 	 0
1788204068458 	 21 	 200 	 3634 	 0
1788204068495 	 16 	 200 	 3635 	 0
1788204068564 	 27 	 200 	 3637 	 1
1788204068553 	 38 	 200 	 3637 	 0
1788204068650 	 31 	 200 	 3638 	 0
1788204068718 	 14 	 200 	 3639 	 0
1788204068738 	 18 	 200 	 3640 	 0
1788204068785 	 19 	 200 	 3642 	 1
1788204068798 	 13 	 200 	 3642 	 0
1788204069042 	 37 	 200 	 3645 	 2
1788204069052 	 29 	 200 	 3645 	 1
1788204069061 	 23 	 200 	 3645 	 0
1788204069189 	 27 	 200 	 3646 	 0
1788204069349 	 13 	 200 	 3647 	 0
1788204069408 	 14 	 200 	 3648 	 0
1788204069537 	 31 	 200 	 3649 	 0
1788204069810 	 13 	 200 	 3650 	 0
1788204069858 	 35 	 200 	 3653 	 2
1788204069893 	 16 	 200 	 3653 	 1
1788204069892 	 19 	 200 	 3653 	 0
1788204069938 	 18 	 200 	 3654 	 0
1788204070000 	 15 	 200 	 3655 	 0
1788204070055 	 18 	 200 	 3657 	 1
1788204070138 	 13 	 200 	 3659 	 2
1788204070136 	 17 	 200 	 3659 	 1
1788204070170 	 30 	 200 	 3660 	 1
1788204070068 	 143 	 200 	 3661 	 1
1788204070204 	 12 	 200 	 3661 	 0
1788204070414 	 37 	 200 	 3662 	 0
1788204070507 	 14 	 200 	 3663 	 0
1788204070554 	 16 	 200 	 3664 	 0
1788204070619 	 37 	 200 	 3666 	 1
1788204070633 	 34 	 200 	 3666 	 0
1788204070772 	 13 	 200 	 3667 	 0
1788204070826 	 29 	 200 	 3669 	 1
1788204070848 	 15 	 200 	 3669 	 0
1788204070900 	 16 	 200 	 3670 	 0
1788204070981 	 16 	 200 	 3672 	 2
1788204070993 	 13 	 200 	 3673 	 1
1788204070998 	 12 	 200 	 3673 	 0
1788204071025 	 20 	 200 	 3675 	 1
1788204071044 	 14 	 200 	 3675 	 0
1788204071096 	 12 	 200 	 3676 	 0
1788204071188 	 15 	 200 	 3677 	 0
1788204071278 	 13 	 200 	 3678 	 0
1788204071498 	 34 	 200 	 3679 	 0
1788204071543 	 25 	 200 	 3682 	 2
1788204071545 	 23 	 200 	 3682 	 1
1788204071562 	 14 	 200 	 3682 	 0
1788204071611 	 15 	 200 	 3683 	 0
1788204071678 	 32 	 200 	 3684 	 0
1788204071780 	 17 	 200 	 3686 	 1
1788204071787 	 15 	 200 	 3686 	 0
1788204071963 	 29 	 200 	 3688 	 1
1788204071984 	 15 	 200 	 3689 	 1
1788204071995 	 15 	 200 	 3690 	 1
1788204072002 	 12 	 200 	 3690 	 0
1788204072056 	 28 	 200 	 3692 	 1
1788204072053 	 34 	 200 	 3692 	 0
1788204072149 	 13 	 200 	 3693 	 0
1788204072174 	 13 	 200 	 3694 	 0
1788204072260 	 29 	 200 	 3696 	 1
1788204072266 	 25 	 200 	 3696 	 0
1788204072296 	 13 	 200 	 3697 	 0
1788204072375 	 33 	 200 	 3699 	 1
1788204072395 	 30 	 200 	 3699 	 0
1788204072484 	 30 	 200 	 3701 	 1
1788204072491 	 34 	 200 	 3701 	 0
1788204072565 	 23 	 200 	 3703 	 1
1788204072560 	 35 	 200 	 3703 	 0
1788204072626 	 32 	 200 	 3705 	 1
1788204072643 	 24 	 200 	 3705 	 0
1788204072702 	 13 	 200 	 3706 	 0
1788204072733 	 12 	 200 	 3707 	 0
1788204072750 	 12 	 200 	 3708 	 0
1788204072779 	 28 	 200 	 3711 	 2
1788204072782 	 29 	 200 	 3711 	 1
1788204072788 	 23 	 200 	 3711 	 0
1788204072873 	 17 	 200 	 3712 	 0
1788204072893 	 13 	 200 	 3713 	 0
1788204073006 	 36 	 200 	 3715 	 1
1788204073032 	 29 	 200 	 3716 	 1
1788204073051 	 20 	 200 	 3716 	 0
1788204073126 	 27 	 200 	 3717 	 0
1788204073222 	 21 	 200 	 3719 	 1
1788204073242 	 14 	 200 	 3719 	 0
1788204073431 	 17 	 200 	 3720 	 0
1788204073468 	 14 	 200 	 3722 	 1
1788204073462 	 32 	 200 	 3722 	 0
1788204073528 	 37 	 200 	 3724 	 1
1788204073554 	 27 	 200 	 3724 	 0
1788204073621 	 14 	 200 	 3726 	 1
1788204073638 	 13 	 200 	 3727 	 1
1788204073635 	 16 	 200 	 3727 	 0
1788204073668 	 20 	 200 	 3728 	 0
1788204073701 	 30 	 200 	 3731 	 2
1788204073714 	 29 	 200 	 3732 	 2
1788204073717 	 29 	 200 	 3732 	 1
1788204073743 	 16 	 200 	 3732 	 0
1788204073904 	 14 	 200 	 3733 	 0
1788204073993 	 35 	 200 	 3734 	 0
1788204074041 	 30 	 200 	 3736 	 1
1788204074051 	 32 	 200 	 3736 	 0
1788204074146 	 20 	 200 	 3738 	 1
1788204074157 	 13 	 200 	 3738 	 0
1788204074231 	 14 	 200 	 3739 	 0
1788204074338 	 39 	 200 	 3741 	 1
1788204074351 	 27 	 200 	 3741 	 0
1788204074455 	 25 	 200 	 3744 	 2
1788204074460 	 24 	 200 	 3744 	 1
1788204074473 	 17 	 200 	 3744 	 0
1788204074533 	 30 	 200 	 3745 	 0
1788204074566 	 18 	 200 	 3746 	 0
1788204074641 	 35 	 200 	 3749 	 3
1788204074667 	 30 	 200 	 3750 	 2
1788204074678 	 23 	 200 	 3750 	 1
1788204074679 	 22 	 200 	 3750 	 0
1788204074798 	 14 	 200 	 3751 	 0
1788204074838 	 13 	 200 	 3752 	 0
1788204074855 	 15 	 200 	 3753 	 0
1788204074889 	 14 	 200 	 3754 	 0
1788204074997 	 13 	 200 	 3755 	 0
1788204075053 	 33 	 200 	 3757 	 1
1788204075084 	 19 	 200 	 3757 	 0
1788204075118 	 13 	 200 	 3758 	 0
1788204075145 	 37 	 200 	 3760 	 1
1788204075147 	 37 	 200 	 3760 	 0
1788204075195 	 17 	 200 	 3761 	 0
1788204075225 	 20 	 200 	 3762 	 0
1788204075362 	 14 	 200 	 3763 	 0
1788204075380 	 12 	 200 	 3764 	 0
1788204075578 	 25 	 200 	 3766 	 1
1788204075592 	 14 	 200 	 3766 	 0
1788204075694 	 33 	 200 	 3767 	 0
1788204075747 	 35 	 200 	 3769 	 1
1788204075769 	 19 	 200 	 3769 	 0
1788204075875 	 18 	 200 	 3771 	 1
1788204075881 	 15 	 200 	 3771 	 0
1788204076015 	 33 	 200 	 3774 	 2
1788204076017 	 35 	 200 	 3774 	 1
1788204076042 	 19 	 200 	 3775 	 1
1788204076054 	 15 	 200 	 3775 	 0
1788204076081 	 30 	 200 	 3776 	 0
1788204076232 	 12 	 200 	 3777 	 0
1788204076274 	 21 	 200 	 3779 	 1
1788204076294 	 13 	 200 	 3780 	 1
1788204076304 	 20 	 200 	 3780 	 0
1788204076332 	 14 	 200 	 3781 	 0
1788204076405 	 13 	 200 	 3782 	 0
1788204076420 	 12 	 200 	 3783 	 0
1788204076495 	 32 	 200 	 3786 	 2
1788204076503 	 32 	 200 	 3786 	 1
1788204076524 	 25 	 200 	 3786 	 0
1788204076571 	 14 	 200 	 3788 	 1
1788204076585 	 15 	 200 	 3788 	 0
1788204076675 	 17 	 200 	 3789 	 0
1788204076741 	 14 	 200 	 3790 	 0
1788204076948 	 19 	 200 	 3792 	 1
1788204076956 	 13 	 200 	 3792 	 0
1788204076991 	 13 	 200 	 3793 	 0
1788204077010 	 13 	 200 	 3794 	 0
1788204077025 	 13 	 200 	 3795 	 0
1788204077108 	 38 	 200 	 3797 	 1
1788204077138 	 30 	 200 	 3798 	 1
1788204077154 	 22 	 200 	 3798 	 0
1788204077251 	 15 	 200 	 3799 	 0
1788204077346 	 21 	 200 	 3801 	 1
1788204077352 	 15 	 200 	 3801 	 0
1788204077373 	 12 	 200 	 3802 	 0
1788204077479 	 15 	 200 	 3804 	 1
1788204077484 	 14 	 200 	 3804 	 0
1788204077507 	 12 	 200 	 3805 	 0
1788204077626 	 31 	 200 	 3806 	 0
1788204077685 	 24 	 200 	 3808 	 1
1788204077703 	 13 	 200 	 3808 	 0
1788204077767 	 17 	 200 	 3809 	 0
1788204077810 	 16 	 200 	 3811 	 1
1788204077819 	 12 	 200 	 3811 	 0
1788204077868 	 20 	 200 	 3812 	 0
1788204077920 	 33 	 200 	 3813 	 0
1788204077964 	 14 	 200 	 3817 	 3
1788204077969 	 21 	 200 	 3818 	 3
1788204077978 	 16 	 200 	 3818 	 2
1788204077976 	 18 	 200 	 3818 	 1
1788204077985 	 15 	 200 	 3818 	 0
1788204078009 	 13 	 200 	 3820 	 1
1788204078022 	 20 	 200 	 3821 	 1
1788204078029 	 16 	 200 	 3821 	 0
1788204078141 	 32 	 200 	 3822 	 0
1788204078209 	 22 	 200 	 3824 	 1
1788204078213 	 20 	 200 	 3824 	 0
1788204078246 	 14 	 200 	 3826 	 1
1788204078256 	 13 	 200 	 3826 	 0
1788204078301 	 15 	 200 	 3828 	 1
1788204078296 	 151 	 200 	 3828 	 0
1788204078485 	 27 	 200 	 3829 	 0
1788204078518 	 13 	 200 	 3830 	 0
1788204078579 	 13 	 200 	 3831 	 0
1788204078601 	 13 	 200 	 3832 	 0
1788204078659 	 42 	 200 	 3833 	 0
1788204078737 	 33 	 200 	 3835 	 1
1788204078751 	 27 	 200 	 3835 	 0
1788204078793 	 17 	 200 	 3838 	 2
1788204078806 	 13 	 200 	 3838 	 1
1788204078810 	 12 	 200 	 3838 	 0
1788204078900 	 30 	 200 	 3840 	 1
1788204078932 	 17 	 200 	 3840 	 0
1788204078971 	 30 	 200 	 3841 	 0
1788204079004 	 17 	 200 	 3842 	 0
1788204079055 	 19 	 200 	 3843 	 0
1788204079228 	 40 	 200 	 3845 	 1
1788204079254 	 24 	 200 	 3845 	 0
1788204079342 	 13 	 200 	 3846 	 0
1788204079376 	 15 	 200 	 3847 	 0
1788204079456 	 13 	 200 	 3849 	 1
1788204079468 	 14 	 200 	 3849 	 0
1788204079491 	 14 	 200 	 3850 	 0
1788204079515 	 13 	 200 	 3851 	 0
1788204079542 	 11 	 200 	 3852 	 0
1788204079654 	 27 	 200 	 3853 	 0
1788204079728 	 42 	 200 	 3854 	 0
1788204079788 	 33 	 200 	 3856 	 1
1788204079794 	 32 	 200 	 3856 	 0
1788204079975 	 28 	 200 	 3858 	 1
1788204079988 	 19 	 200 	 3858 	 0
1788204080017 	 15 	 200 	 3859 	 0
1788204080062 	 16 	 200 	 3860 	 0
1788204080081 	 18 	 200 	 3861 	 0
1788204080105 	 13 	 200 	 3862 	 0
1788204080233 	 15 	 200 	 3863 	 0
1788204080304 	 31 	 200 	 3864 	 0
1788204080438 	 34 	 200 	 3865 	 0
1788204080510 	 36 	 200 	 3866 	 0
1788204080566 	 15 	 200 	 3868 	 1
1788204080565 	 17 	 200 	 3868 	 0
1788204080586 	 12 	 200 	 3870 	 1
1788204080596 	 12 	 200 	 3870 	 0
1788204080633 	 13 	 200 	 3871 	 0
1788204080673 	 28 	 200 	 3872 	 0
1788204080810 	 37 	 200 	 3873 	 0
1788204080906 	 39 	 200 	 3874 	 0
1788204081040 	 17 	 200 	 3875 	 0
1788204081077 	 12 	 200 	 3876 	 0
1788204081128 	 34 	 200 	 3877 	 0
1788204081176 	 15 	 200 	 3879 	 1
1788204081181 	 16 	 200 	 3879 	 0
1788204081238 	 12 	 200 	 3881 	 1
1788204081244 	 13 	 200 	 3882 	 1
1788204081257 	 14 	 200 	 3882 	 0
1788204081350 	 27 	 200 	 3883 	 0
1788204081414 	 27 	 200 	 3884 	 0
1788204081462 	 18 	 200 	 3885 	 0
1788204081537 	 39 	 200 	 3887 	 1
1788204081554 	 23 	 200 	 3887 	 0
1788204081600 	 16 	 200 	 3890 	 2
1788204081606 	 14 	 200 	 3890 	 1
1788204081607 	 17 	 200 	 3890 	 0
1788204081736 	 33 	 200 	 3891 	 0
1788204081803 	 14 	 200 	 3892 	 0
1788204081908 	 31 	 200 	 3894 	 1
1788204081913 	 32 	 200 	 3894 	 0
1788204081958 	 14 	 200 	 3897 	 2
1788204081955 	 18 	 200 	 3897 	 1
1788204081966 	 20 	 200 	 3897 	 0
1788204081990 	 16 	 200 	 3898 	 0
1788204082048 	 34 	 200 	 3901 	 2
1788204082050 	 37 	 200 	 3901 	 1
1788204082081 	 13 	 200 	 3901 	 0
1788204082104 	 12 	 200 	 3902 	 0
1788204082178 	 33 	 200 	 3906 	 3
1788204082191 	 26 	 200 	 3906 	 2
1788204082200 	 20 	 200 	 3906 	 1
1788204082213 	 12 	 200 	 3906 	 0
1788204082234 	 15 	 200 	 3907 	 0
1788204082397 	 15 	 200 	 3909 	 1
1788204082403 	 13 	 200 	 3909 	 0
1788204082447 	 13 	 200 	 3910 	 0
1788204082637 	 35 	 200 	 3913 	 2
1788204082639 	 33 	 200 	 3913 	 1
1788204082662 	 18 	 200 	 3913 	 0
1788204082758 	 37 	 200 	 3915 	 1
1788204082783 	 15 	 200 	 3915 	 0
1788204082889 	 31 	 200 	 3916 	 0
1788204082946 	 39 	 200 	 3917 	 0
1788204082990 	 14 	 200 	 3918 	 0
1788204083088 	 12 	 200 	 3920 	 1
1788204083099 	 18 	 200 	 3920 	 0
1788204083170 	 21 	 200 	 3922 	 1
1788204083192 	 32 	 200 	 3922 	 0
1788204083292 	 41 	 200 	 3924 	 1
1788204083323 	 27 	 200 	 3924 	 0
1788204083364 	 15 	 200 	 3926 	 1
1788204083378 	 12 	 200 	 3926 	 0
1788204083414 	 38 	 200 	 3928 	 1
1788204083434 	 19 	 200 	 3929 	 1
1788204083453 	 13 	 200 	 3929 	 0
1788204083525 	 26 	 200 	 3931 	 1
1788204083509 	 42 	 200 	 3931 	 0
1788204083560 	 15 	 200 	 3932 	 0
1788204083620 	 15 	 200 	 3933 	 0
1788204083649 	 14 	 200 	 3934 	 0
1788204083733 	 44 	 200 	 3935 	 0
1788204083779 	 12 	 200 	 3936 	 0
1788204084058 	 32 	 200 	 3938 	 1
1788204084082 	 18 	 200 	 3938 	 0
1788204084185 	 34 	 200 	 3939 	 0
1788204084290 	 37 	 200 	 3940 	 0
1788204084366 	 12 	 200 	 3943 	 2
1788204084375 	 17 	 200 	 3943 	 1
1788204084380 	 15 	 200 	 3943 	 0
1788204084454 	 37 	 200 	 3945 	 1
1788204084477 	 16 	 200 	 3945 	 0
1788204084497 	 13 	 200 	 3948 	 2
1788204084508 	 17 	 200 	 3948 	 1
1788204084512 	 14 	 200 	 3948 	 0
1788204084528 	 17 	 200 	 3950 	 1
1788204084542 	 39 	 200 	 3950 	 0
1788204084665 	 35 	 200 	 3952 	 1
1788204084696 	 36 	 200 	 3953 	 1
1788204084719 	 18 	 200 	 3953 	 0
1788204084757 	 29 	 200 	 3954 	 0
1788204084951 	 15 	 200 	 3955 	 0
1788204085083 	 23 	 200 	 3956 	 0
1788204085109 	 16 	 200 	 3958 	 1
1788204085121 	 14 	 200 	 3958 	 0
1788204085162 	 24 	 200 	 3959 	 0
1788204085265 	 23 	 200 	 3961 	 1
1788204085280 	 13 	 200 	 3961 	 0
1788204085338 	 21 	 200 	 3963 	 1
1788204085336 	 25 	 200 	 3963 	 0
1788204085386 	 20 	 200 	 3964 	 0
1788204085465 	 16 	 200 	 3965 	 0
1788204085592 	 14 	 200 	 3966 	 0
1788204085626 	 15 	 200 	 3967 	 0
1788204085735 	 35 	 200 	 3970 	 2
1788204085750 	 37 	 200 	 3970 	 1
1788204085766 	 23 	 200 	 3971 	 1
1788204085789 	 13 	 200 	 3972 	 1
1788204085792 	 12 	 200 	 3972 	 0
1788204085874 	 20 	 200 	 3973 	 0
1788204085966 	 17 	 200 	 3976 	 2
1788204085957 	 26 	 200 	 3976 	 1
1788204085978 	 16 	 200 	 3977 	 1
1788204085994 	 12 	 200 	 3978 	 1
1788204086005 	 13 	 200 	 3978 	 0
1788204086040 	 27 	 200 	 3980 	 1
1788204086037 	 31 	 200 	 3980 	 0
1788204086075 	 17 	 200 	 3982 	 1
1788204086092 	 16 	 200 	 3983 	 1
1788204086097 	 12 	 200 	 3983 	 0
1788204086250 	 16 	 200 	 3984 	 0
1788204086381 	 15 	 200 	 3986 	 1
1788204086385 	 13 	 200 	 3986 	 0
1788204086412 	 14 	 200 	 3987 	 0
1788204086520 	 31 	 200 	 3988 	 0
1788204086625 	 15 	 200 	 3991 	 2
1788204086629 	 42 	 200 	 3991 	 1
1788204086713 	 13 	 200 	 3993 	 2
1788204086674 	 63 	 200 	 3993 	 1
1788204086583 	 389 	 200 	 3994 	 1
1788204086966 	 29 	 200 	 3995 	 1
1788204086995 	 15 	 200 	 3995 	 0
1788204087012 	 14 	 200 	 3997 	 1
1788204087013 	 13 	 200 	 3997 	 0
1788204087049 	 31 	 200 	 3999 	 1
1788204087074 	 16 	 200 	 3999 	 0
1788204087140 	 14 	 200 	 4000 	 0
1788204087170 	 16 	 200 	 4001 	 0
1788204087211 	 24 	 200 	 4002 	 0
1788204087410 	 35 	 200 	 4004 	 1
1788204087414 	 37 	 200 	 4004 	 0
1788204087463 	 13 	 200 	 4005 	 0
1788204087483 	 13 	 200 	 4007 	 1
1788204087479 	 21 	 200 	 4007 	 0
1788204087541 	 15 	 200 	 4008 	 0
1788204087613 	 31 	 200 	 4011 	 2
1788204087627 	 33 	 200 	 4011 	 1
1788204087641 	 21 	 200 	 4011 	 0
1788204087684 	 14 	 200 	 4013 	 1
1788204087673 	 30 	 200 	 4014 	 1
1788204087699 	 14 	 200 	 4016 	 2
1788204087707 	 18 	 200 	 4016 	 1
1788204087713 	 16 	 200 	 4016 	 0
1788204087757 	 16 	 200 	 4017 	 0
1788204087785 	 13 	 200 	 4018 	 0
1788204087818 	 13 	 200 	 4019 	 0
1788204087850 	 16 	 200 	 4021 	 1
1788204087854 	 13 	 200 	 4021 	 0
1788204087904 	 28 	 200 	 4022 	 0
1788204088076 	 15 	 200 	 4024 	 1
1788204088090 	 14 	 200 	 4024 	 0
1788204088107 	 13 	 200 	 4027 	 2
1788204088121 	 13 	 200 	 4027 	 1
1788204088120 	 17 	 200 	 4027 	 0
1788204088145 	 13 	 200 	 4030 	 2
1788204088149 	 16 	 200 	 4030 	 1
1788204088149 	 16 	 200 	 4030 	 0
1788204088195 	 15 	 200 	 4031 	 0
1788204088294 	 13 	 200 	 4033 	 1
1788204088307 	 14 	 200 	 4034 	 1
1788204088317 	 13 	 200 	 4034 	 0
1788204088612 	 33 	 200 	 4037 	 2
1788204088626 	 56 	 200 	 4037 	 1
1788204088630 	 53 	 200 	 4037 	 0
1788204088702 	 15 	 200 	 4041 	 3
1788204088713 	 17 	 200 	 4041 	 2
1788204088718 	 13 	 200 	 4041 	 1
1788204088717 	 24 	 200 	 4041 	 0
1788204088758 	 12 	 200 	 4042 	 0
1788204088774 	 13 	 200 	 4044 	 1
1788204088777 	 13 	 200 	 4044 	 0
1788204088792 	 19 	 200 	 4045 	 0
1788204088892 	 33 	 200 	 4047 	 1
1788204088902 	 33 	 200 	 4047 	 0
1788204089026 	 37 	 200 	 4052 	 4
1788204089032 	 33 	 200 	 4052 	 3
1788204089035 	 32 	 200 	 4052 	 2
1788204089054 	 22 	 200 	 4052 	 1
1788204089060 	 22 	 200 	 4052 	 0
1788204089089 	 14 	 200 	 4053 	 0
1788204089187 	 33 	 200 	 4056 	 2
1788204089202 	 23 	 200 	 4056 	 1
1788204089218 	 15 	 200 	 4056 	 0
1788204089258 	 15 	 200 	 4057 	 0
1788204089344 	 14 	 200 	 4059 	 1
1788204089345 	 15 	 200 	 4059 	 0
1788204089421 	 37 	 200 	 4061 	 1
1788204089416 	 43 	 200 	 4061 	 0
1788204089595 	 37 	 200 	 4062 	 0
1788204089659 	 29 	 200 	 4063 	 0
1788204089824 	 16 	 200 	 4066 	 2
1788204089828 	 13 	 200 	 4066 	 1
1788204089836 	 16 	 200 	 4067 	 1
1788204089846 	 13 	 200 	 4067 	 0
1788204089977 	 16 	 200 	 4069 	 1
1788204089984 	 12 	 200 	 4069 	 0
1788204090134 	 36 	 200 	 4072 	 2
1788204090146 	 31 	 200 	 4072 	 1
1788204090168 	 17 	 200 	 4072 	 0
1788204090196 	 15 	 200 	 4073 	 0
1788204090241 	 36 	 200 	 4074 	 0
1788204090419 	 36 	 200 	 4076 	 1
1788204090444 	 27 	 200 	 4076 	 1
1788204090473 	 17 	 200 	 4077 	 0
1788204090665 	 37 	 200 	 4079 	 1
1788204090688 	 29 	 200 	 4081 	 2
1788204090706 	 19 	 200 	 4081 	 1
1788204090709 	 18 	 200 	 4081 	 0
1788204090755 	 25 	 200 	 4082 	 0
1788204091053 	 31 	 200 	 4083 	 0
1788204091087 	 39 	 200 	 4084 	 0
1788204091133 	 21 	 200 	 4086 	 1
1788204091148 	 19 	 200 	 4086 	 0
1788204091291 	 15 	 200 	 4088 	 1
1788204091303 	 15 	 200 	 4088 	 0
1788204091413 	 24 	 200 	 4089 	 0
1788204091480 	 12 	 200 	 4090 	 0
1788204091506 	 12 	 200 	 4092 	 1
1788204091518 	 14 	 200 	 4093 	 1
1788204091523 	 15 	 200 	 4093 	 0
1788204091575 	 13 	 200 	 4094 	 0
1788204091595 	 12 	 200 	 4095 	 0
1788204091669 	 20 	 200 	 4096 	 0
1788204091718 	 29 	 200 	 4099 	 2
1788204091716 	 32 	 200 	 4099 	 1
1788204091733 	 19 	 200 	 4099 	 0
1788204091783 	 16 	 200 	 4101 	 1
1788204091795 	 12 	 200 	 4101 	 0
1788204091815 	 14 	 200 	 4102 	 0
1788204091923 	 15 	 200 	 4103 	 0
1788204091943 	 12 	 200 	 4104 	 0
1788204092025 	 14 	 200 	 4105 	 0
1788204092052 	 12 	 200 	 4106 	 0
1788204092109 	 32 	 200 	 4108 	 1
1788204092135 	 33 	 200 	 4108 	 0
1788204092228 	 28 	 200 	 4109 	 1
1788204092258 	 21 	 200 	 4110 	 0
1788204092339 	 34 	 200 	 4111 	 0
1788204092400 	 37 	 200 	 4115 	 3
1788204092417 	 21 	 200 	 4115 	 2
1788204092413 	 27 	 200 	 4115 	 1
1788204092437 	 15 	 200 	 4115 	 0
1788204092489 	 19 	 200 	 4116 	 0
1788204092546 	 28 	 200 	 4117 	 0
1788204092697 	 37 	 200 	 4119 	 1
1788204092731 	 30 	 200 	 4120 	 1
1788204092760 	 31 	 200 	 4120 	 0
1788204092837 	 36 	 200 	 4124 	 3
1788204092849 	 26 	 200 	 4124 	 2
1788204092847 	 30 	 200 	 4124 	 1
1788204092868 	 15 	 200 	 4124 	 0
1788204092968 	 16 	 200 	 4126 	 1
1788204092980 	 16 	 200 	 4126 	 0
1788204093031 	 33 	 200 	 4127 	 0
1788204093156 	 21 	 200 	 4128 	 0
1788204093187 	 15 	 200 	 4129 	 0
1788204093288 	 14 	 200 	 4131 	 1
1788204093299 	 13 	 200 	 4131 	 0
1788204093345 	 17 	 200 	 4133 	 1
1788204093354 	 19 	 200 	 4134 	 1
1788204093367 	 13 	 200 	 4134 	 0
1788204093392 	 13 	 200 	 4135 	 0
1788204093505 	 13 	 200 	 4136 	 0
1788204093549 	 25 	 200 	 4139 	 2
1788204093543 	 35 	 200 	 4139 	 1
1788204093540 	 39 	 200 	 4139 	 0
1788204093588 	 14 	 200 	 4140 	 0
1788204093690 	 30 	 200 	 4141 	 0
1788204093844 	 27 	 200 	 4142 	 0
1788204094022 	 39 	 200 	 4144 	 1
1788204094029 	 37 	 200 	 4144 	 0
1788204094069 	 84 	 200 	 4145 	 0
1788204094199 	 15 	 200 	 4147 	 1
1788204094214 	 13 	 200 	 4147 	 0
1788204094291 	 28 	 200 	 4149 	 1
1788204094297 	 26 	 200 	 4149 	 0
1788204094372 	 20 	 200 	 4150 	 0
1788204094470 	 22 	 200 	 4151 	 0
1788204094515 	 21 	 200 	 4152 	 0
1788204094869 	 21 	 200 	 4153 	 0
1788204094897 	 16 	 200 	 4155 	 1
1788204094902 	 12 	 200 	 4155 	 0
1788204094955 	 16 	 200 	 4158 	 2
1788204094957 	 15 	 200 	 4158 	 1
1788204094970 	 18 	 200 	 4159 	 1
1788204094984 	 19 	 200 	 4160 	 1
1788204094993 	 14 	 200 	 4160 	 0
1788204095019 	 15 	 200 	 4163 	 2
1788204095027 	 14 	 200 	 4163 	 1
1788204095027 	 21 	 200 	 4163 	 0
1788204095133 	 38 	 200 	 4164 	 0
1788204095309 	 24 	 200 	 4165 	 0
1788204095363 	 24 	 200 	 4166 	 0
1788204095415 	 37 	 200 	 4168 	 1
1788204095435 	 27 	 200 	 4168 	 0
1788204095541 	 27 	 200 	 4169 	 0
1788204095642 	 39 	 200 	 4171 	 1
1788204095676 	 19 	 200 	 4172 	 1
1788204095686 	 14 	 200 	 4172 	 0
1788204095780 	 37 	 200 	 4176 	 3
1788204095797 	 23 	 200 	 4176 	 2
1788204095799 	 20 	 200 	 4176 	 1
1788204095811 	 14 	 200 	 4176 	 0
1788204095897 	 30 	 200 	 4178 	 1
1788204095897 	 36 	 200 	 4178 	 0
1788204095976 	 14 	 200 	 4180 	 1
1788204095983 	 14 	 200 	 4180 	 0
1788204095999 	 12 	 200 	 4181 	 0
1788204096021 	 15 	 200 	 4182 	 0
1788204096236 	 20 	 200 	 4183 	 0
1788204096370 	 12 	 200 	 4184 	 0
1788204096493 	 34 	 200 	 4186 	 1
1788204096515 	 29 	 200 	 4186 	 0
1788204096547 	 29 	 200 	 4187 	 0
1788204096654 	 27 	 200 	 4189 	 1
1788204096677 	 13 	 200 	 4189 	 0
1788204096716 	 29 	 200 	 4190 	 0
1788204096812 	 22 	 200 	 4191 	 0
1788204096847 	 17 	 200 	 4193 	 1
1788204096845 	 19 	 200 	 4193 	 0
1788204096939 	 39 	 200 	 4195 	 1
1788204096969 	 20 	 200 	 4196 	 1
1788204096990 	 21 	 200 	 4197 	 1
1788204096998 	 20 	 200 	 4197 	 0
1788204097070 	 36 	 200 	 4198 	 0
1788204097192 	 12 	 200 	 4200 	 1
1788204097207 	 13 	 200 	 4201 	 1
1788204097198 	 35 	 200 	 4201 	 0
1788204097244 	 15 	 200 	 4202 	 0
1788204097266 	 13 	 200 	 4203 	 0
1788204097281 	 12 	 200 	 4204 	 0
1788204097355 	 15 	 200 	 4205 	 0
1788204097416 	 24 	 200 	 4208 	 2
1788204097411 	 31 	 200 	 4208 	 1
1788204097414 	 31 	 200 	 4208 	 0
1788204097546 	 18 	 200 	 4210 	 1
1788204097560 	 14 	 200 	 4210 	 0
1788204097595 	 19 	 200 	 4211 	 0
1788204097673 	 17 	 200 	 4212 	 0
1788204097749 	 29 	 200 	 4214 	 1
1788204097743 	 36 	 200 	 4214 	 0
1788204097849 	 31 	 200 	 4216 	 1
1788204097867 	 23 	 200 	 4216 	 0
1788204097961 	 23 	 200 	 4217 	 0
1788204098152 	 32 	 200 	 4219 	 1
1788204098150 	 37 	 200 	 4219 	 0
1788204098394 	 31 	 200 	 4220 	 0
1788204098676 	 15 	 200 	 4221 	 0
1788204098710 	 13 	 200 	 4222 	 0
1788204098745 	 17 	 200 	 4223 	 0
1788204098814 	 13 	 200 	 4224 	 0
1788204098880 	 14 	 200 	 4226 	 1
1788204098883 	 12 	 200 	 4227 	 1
1788204098896 	 13 	 200 	 4227 	 0
1788204098937 	 14 	 200 	 4228 	 0
1788204098978 	 15 	 200 	 4229 	 0
1788204098998 	 12 	 200 	 4230 	 0
1788204099024 	 25 	 200 	 4231 	 0
1788204099080 	 19 	 200 	 4232 	 0
1788204099140 	 25 	 200 	 4234 	 1
1788204099142 	 24 	 200 	 4234 	 0
1788204099209 	 15 	 200 	 4235 	 0
1788204099275 	 16 	 200 	 4237 	 1
1788204099280 	 16 	 200 	 4237 	 0
1788204099324 	 12 	 200 	 4238 	 0
1788204099376 	 13 	 200 	 4239 	 0
1788204099414 	 17 	 200 	 4240 	 0
1788204099469 	 15 	 200 	 4242 	 1
1788204099481 	 12 	 200 	 4242 	 0
1788204099510 	 19 	 200 	 4243 	 0
1788204099600 	 36 	 200 	 4244 	 0
1788204099666 	 22 	 200 	 4245 	 0
1788204099816 	 32 	 200 	 4246 	 0
1788204099889 	 14 	 200 	 4248 	 1
1788204099898 	 12 	 200 	 4248 	 0
1788204099974 	 12 	 200 	 4249 	 0
1788204099991 	 14 	 200 	 4250 	 0
1788204100012 	 15 	 200 	 4251 	 0
1788204100056 	 21 	 200 	 4252 	 0
1788204100097 	 19 	 200 	 4253 	 0
1788204100169 	 21 	 200 	 4254 	 0
1788204100198 	 12 	 200 	 4255 	 0
1788204100310 	 31 	 200 	 4256 	 0
1788204100373 	 12 	 200 	 4257 	 0
1788204100435 	 32 	 200 	 4258 	 0
1788204100514 	 13 	 200 	 4259 	 0
1788204100556 	 25 	 200 	 4260 	 0
1788204100666 	 17 	 200 	 4261 	 0
1788204100771 	 36 	 200 	 4262 	 0
1788204100890 	 13 	 200 	 4263 	 0
1788204100952 	 32 	 200 	 4264 	 0
1788204101150 	 30 	 200 	 4265 	 0
1788204101203 	 13 	 200 	 4266 	 0
1788204101282 	 22 	 200 	 4267 	 0
1788204101328 	 31 	 200 	 4268 	 0
1788204101373 	 13 	 200 	 4270 	 1
1788204101381 	 16 	 200 	 4270 	 0
1788204101416 	 12 	 200 	 4271 	 0
1788204101438 	 15 	 200 	 4272 	 0
1788204101461 	 13 	 200 	 4273 	 0
1788204101690 	 19 	 200 	 4274 	 0
1788204101763 	 27 	 200 	 4276 	 1
1788204101756 	 45 	 200 	 4276 	 0
1788204101857 	 29 	 200 	 4277 	 0
1788204101957 	 29 	 200 	 4278 	 0
1788204102072 	 24 	 200 	 4280 	 1
1788204102075 	 25 	 200 	 4280 	 0
1788204102227 	 38 	 200 	 4282 	 1
1788204102247 	 25 	 200 	 4282 	 0
1788204102343 	 15 	 200 	 4283 	 0
1788204102376 	 13 	 200 	 4284 	 0
1788204102395 	 20 	 200 	 4286 	 1
1788204102407 	 14 	 200 	 4286 	 0
1788204102476 	 14 	 200 	 4287 	 0
1788204102709 	 31 	 200 	 4288 	 0
1788204102744 	 33 	 200 	 4290 	 1
1788204102785 	 14 	 200 	 4291 	 1
1788204102767 	 32 	 200 	 4291 	 0
1788204102836 	 32 	 200 	 4293 	 1
1788204102846 	 25 	 200 	 4293 	 0
1788204102875 	 15 	 200 	 4295 	 1
1788204102876 	 14 	 200 	 4295 	 0
1788204103055 	 31 	 200 	 4298 	 2
1788204103070 	 22 	 200 	 4298 	 1
1788204103075 	 21 	 200 	 4299 	 1
1788204103095 	 15 	 200 	 4300 	 1
1788204103102 	 19 	 200 	 4301 	 1
1788204103115 	 18 	 200 	 4302 	 1
1788204103130 	 14 	 200 	 4302 	 0
1788204103288 	 16 	 200 	 4304 	 1
1788204103295 	 14 	 200 	 4304 	 0
1788204103388 	 32 	 200 	 4306 	 1
1788204103403 	 34 	 200 	 4306 	 0
1788204103514 	 35 	 200 	 4308 	 1
1788204103548 	 30 	 200 	 4308 	 0
1788204103718 	 21 	 200 	 4310 	 1
1788204103741 	 12 	 200 	 4310 	 0
1788204103785 	 37 	 200 	 4311 	 0
1788204103879 	 15 	 200 	 4312 	 0
1788204103909 	 13 	 200 	 4314 	 1
1788204103917 	 13 	 200 	 4314 	 0
1788204103976 	 20 	 200 	 4315 	 0
1788204104016 	 13 	 200 	 4316 	 0
1788204104038 	 13 	 200 	 4317 	 0
1788204104206 	 42 	 200 	 4318 	 0
1788204104259 	 14 	 200 	 4319 	 0
1788204104299 	 14 	 200 	 4320 	 0
1788204104348 	 20 	 200 	 4321 	 0
1788204104392 	 14 	 200 	 4323 	 1
1788204104400 	 14 	 200 	 4323 	 0
1788204104419 	 12 	 200 	 4326 	 2
1788204104423 	 17 	 200 	 4326 	 1
1788204104427 	 14 	 200 	 4326 	 0
1788204104481 	 14 	 200 	 4327 	 0
1788204104540 	 14 	 200 	 4328 	 0
1788204104586 	 16 	 200 	 4329 	 0
1788204104651 	 12 	 200 	 4330 	 0
1788204104675 	 26 	 200 	 4332 	 1
1788204104683 	 18 	 200 	 4332 	 0
1788204104723 	 16 	 200 	 4333 	 0
1788204104838 	 14 	 200 	 4334 	 0
1788204104983 	 15 	 200 	 4335 	 0
1788204105034 	 30 	 200 	 4337 	 1
1788204105046 	 32 	 200 	 4337 	 0
1788204105170 	 40 	 200 	 4338 	 0
1788204105237 	 18 	 200 	 4339 	 0
1788204105332 	 33 	 200 	 4340 	 0
1788204105368 	 12 	 200 	 4341 	 0
1788204105398 	 24 	 200 	 4342 	 0
1788204105467 	 16 	 200 	 4343 	 0
1788204105544 	 32 	 200 	 4344 	 0
1788204105587 	 13 	 200 	 4345 	 0
1788204105672 	 33 	 200 	 4346 	 0
1788204105731 	 29 	 200 	 4347 	 0
1788204105914 	 13 	 200 	 4348 	 0
1788204105938 	 26 	 200 	 4349 	 0
1788204105993 	 14 	 200 	 4351 	 1
1788204105993 	 20 	 200 	 4351 	 0
1788204106034 	 31 	 200 	 4352 	 0
1788204106081 	 16 	 200 	 4353 	 0
1788204106139 	 32 	 200 	 4354 	 0
1788204106206 	 16 	 200 	 4355 	 0
1788204106283 	 35 	 200 	 4358 	 2
1788204106300 	 32 	 200 	 4358 	 1
1788204106316 	 25 	 200 	 4358 	 0
1788204106400 	 13 	 200 	 4359 	 0
1788204106460 	 23 	 200 	 4361 	 1
1788204106477 	 13 	 200 	 4361 	 0
1788204106580 	 14 	 200 	 4363 	 1
1788204106578 	 18 	 200 	 4363 	 0
1788204106612 	 16 	 200 	 4365 	 1
1788204106624 	 21 	 200 	 4365 	 0
1788204106657 	 19 	 200 	 4366 	 0
1788204106678 	 14 	 200 	 4367 	 0
1788204106803 	 31 	 200 	 4368 	 0
1788204106848 	 12 	 200 	 4370 	 1
1788204106860 	 14 	 200 	 4370 	 0
1788204107137 	 33 	 200 	 4371 	 0
1788204107187 	 15 	 200 	 4373 	 1
1788204107198 	 13 	 200 	 4373 	 0
1788204107371 	 14 	 200 	 4374 	 0
1788204107497 	 13 	 200 	 4375 	 0
1788204107549 	 35 	 200 	 4378 	 2
1788204107560 	 29 	 200 	 4378 	 1
1788204107571 	 20 	 200 	 4378 	 0
1788204107596 	 14 	 200 	 4379 	 0
1788204107680 	 37 	 200 	 4381 	 1
1788204107715 	 35 	 200 	 4382 	 1
1788204107741 	 30 	 200 	 4382 	 0
1788204107869 	 16 	 200 	 4383 	 0
1788204107896 	 12 	 200 	 4384 	 0
1788204107941 	 38 	 200 	 4386 	 1
1788204107946 	 33 	 200 	 4386 	 0
1788204108050 	 41 	 200 	 4390 	 3
1788204108071 	 24 	 200 	 4390 	 2
1788204108069 	 29 	 200 	 4390 	 1
1788204108075 	 24 	 200 	 4390 	 0
1788204108102 	 17 	 200 	 4392 	 1
1788204108116 	 14 	 200 	 4392 	 0
1788204108135 	 13 	 200 	 4394 	 1
1788204108145 	 12 	 200 	 4394 	 0
1788204108172 	 12 	 200 	 4395 	 0
1788204108236 	 18 	 200 	 4396 	 0
1788204108294 	 21 	 200 	 4397 	 0
1788204108348 	 15 	 200 	 4398 	 0
1788204108422 	 17 	 200 	 4399 	 0
1788204108464 	 15 	 200 	 4400 	 0
1788204108537 	 13 	 200 	 4401 	 0
1788204108564 	 15 	 200 	 4402 	 0
1788204108806 	 12 	 200 	 4403 	 0
1788204108882 	 14 	 200 	 4404 	 0
1788204108909 	 13 	 200 	 4405 	 0
1788204108953 	 26 	 200 	 4407 	 1
1788204108978 	 12 	 200 	 4407 	 0
1788204109104 	 12 	 200 	 4408 	 0
1788204109145 	 26 	 200 	 4410 	 1
1788204109168 	 12 	 200 	 4410 	 0
1788204109338 	 33 	 200 	 4412 	 1
1788204109355 	 29 	 200 	 4412 	 0
1788204109437 	 12 	 200 	 4413 	 0
1788204109510 	 31 	 200 	 4417 	 3
1788204109515 	 31 	 200 	 4417 	 2
1788204109520 	 26 	 200 	 4417 	 1
1788204109539 	 18 	 200 	 4417 	 0
1788204109587 	 15 	 200 	 4418 	 0
1788204109623 	 18 	 200 	 4420 	 1
1788204109634 	 13 	 200 	 4420 	 0
1788204109696 	 29 	 200 	 4421 	 0
1788204109791 	 19 	 200 	 4422 	 0
1788204109869 	 29 	 200 	 4423 	 0
1788204109939 	 18 	 200 	 4424 	 0
1788204109961 	 16 	 200 	 4426 	 1
1788204109973 	 16 	 200 	 4426 	 0
1788204110251 	 16 	 200 	 4427 	 0
1788204110283 	 12 	 200 	 4428 	 0
1788204110296 	 12 	 200 	 4429 	 0
1788204110310 	 15 	 200 	 4431 	 1
1788204110318 	 12 	 200 	 4431 	 0
1788204110401 	 13 	 200 	 4433 	 1
1788204110414 	 18 	 200 	 4433 	 0
1788204110507 	 21 	 200 	 4434 	 0
1788204110535 	 27 	 200 	 4435 	 0
1788204110603 	 31 	 200 	 4436 	 0
1788204110658 	 32 	 200 	 4439 	 2
1788204110667 	 26 	 200 	 4440 	 2
1788204110683 	 19 	 200 	 4440 	 1
1788204110693 	 16 	 200 	 4440 	 0
1788204110737 	 27 	 200 	 4441 	 0
1788204110766 	 17 	 200 	 4442 	 0
1788204110794 	 16 	 200 	 4443 	 0
1788204110845 	 38 	 200 	 4446 	 2
1788204110855 	 31 	 200 	 4446 	 1
1788204110869 	 19 	 200 	 4446 	 0
1788204110902 	 12 	 200 	 4447 	 0
1788204110932 	 14 	 200 	 4448 	 0
1788204110949 	 16 	 200 	 4449 	 0
1788204110988 	 14 	 200 	 4451 	 1
1788204110977 	 25 	 200 	 4451 	 0
1788204111037 	 32 	 200 	 4452 	 0
1788204111089 	 14 	 200 	 4453 	 0
1788204111113 	 31 	 200 	 4454 	 0
1788204111192 	 13 	 200 	 4455 	 0
1788204111260 	 14 	 200 	 4456 	 0
1788204111289 	 13 	 200 	 4458 	 1
1788204111292 	 20 	 200 	 4459 	 1
1788204111309 	 13 	 200 	 4459 	 0
1788204111385 	 16 	 200 	 4460 	 0
1788204111448 	 30 	 200 	 4464 	 3
1788204111446 	 34 	 200 	 4464 	 2
1788204111457 	 28 	 200 	 4464 	 1
1788204111468 	 20 	 200 	 4464 	 0
1788204111502 	 12 	 200 	 4465 	 0
1788204111522 	 18 	 200 	 4468 	 2
1788204111529 	 15 	 200 	 4468 	 1
1788204111540 	 20 	 200 	 4468 	 0
1788204111566 	 13 	 200 	 4469 	 0
1788204111690 	 19 	 200 	 4471 	 1
1788204111696 	 15 	 200 	 4471 	 0
1788204111845 	 22 	 200 	 4473 	 1
1788204111850 	 47 	 200 	 4473 	 0
1788204111923 	 16 	 200 	 4476 	 2
1788204111918 	 27 	 200 	 4476 	 1
1788204111940 	 13 	 200 	 4476 	 0
1788204112169 	 18 	 200 	 4477 	 0
1788204112222 	 25 	 200 	 4480 	 2
1788204112235 	 16 	 200 	 4480 	 1
1788204112244 	 14 	 200 	 4480 	 0
1788204112288 	 13 	 200 	 4481 	 0
1788204112314 	 13 	 200 	 4482 	 0
1788204112449 	 26 	 200 	 4483 	 0
1788204112534 	 32 	 200 	 4484 	 0
1788204112737 	 23 	 200 	 4489 	 4
1788204112717 	 52 	 200 	 4489 	 3
1788204112749 	 19 	 200 	 4489 	 2
1788204112746 	 26 	 200 	 4489 	 1
1788204112719 	 53 	 200 	 4489 	 0
1788204112910 	 31 	 200 	 4490 	 0
1788204112951 	 12 	 200 	 4491 	 0
1788204112967 	 14 	 200 	 4492 	 0
1788204112996 	 13 	 200 	 4494 	 1
1788204113008 	 12 	 200 	 4494 	 0
1788204113123 	 34 	 200 	 4496 	 1
1788204113137 	 23 	 200 	 4497 	 1
1788204113160 	 15 	 200 	 4497 	 0
1788204113225 	 31 	 200 	 4499 	 1
1788204113224 	 36 	 200 	 4500 	 1
1788204113262 	 17 	 200 	 4500 	 0
1788204113316 	 14 	 200 	 4501 	 0
1788204113363 	 14 	 200 	 4502 	 0
1788204113525 	 36 	 200 	 4504 	 1
1788204113549 	 29 	 200 	 4504 	 0
1788204113682 	 13 	 200 	 4505 	 0
1788204113699 	 14 	 200 	 4507 	 1
1788204113699 	 13 	 200 	 4507 	 0
1788204113716 	 15 	 200 	 4510 	 2
1788204113719 	 15 	 200 	 4510 	 1
1788204113729 	 17 	 200 	 4510 	 0
1788204113770 	 13 	 200 	 4511 	 0
1788204113789 	 18 	 200 	 4512 	 0
1788204113832 	 29 	 200 	 4514 	 1
1788204113845 	 29 	 200 	 4514 	 0
1788204113975 	 13 	 200 	 4516 	 1
1788204113974 	 15 	 200 	 4516 	 0
1788204113997 	 18 	 200 	 4518 	 1
1788204114008 	 14 	 200 	 4518 	 0
1788204114068 	 14 	 200 	 4521 	 2
1788204114082 	 12 	 200 	 4521 	 1
1788204114098 	 13 	 200 	 4522 	 1
1788204114189 	 14 	 200 	 4523 	 1
1788204114219 	 13 	 200 	 4524 	 1
1788204114257 	 44 	 200 	 4525 	 1
1788204114337 	 13 	 200 	 4527 	 2
1788204114349 	 52 	 200 	 4529 	 3
1788204114379 	 23 	 200 	 4529 	 2
1788204114385 	 17 	 200 	 4529 	 1
1788204114429 	 14 	 200 	 4530 	 1
1788204114063 	 388 	 200 	 4530 	 0
1788204114482 	 16 	 200 	 4533 	 2
1788204114479 	 39 	 200 	 4534 	 2
1788204114508 	 13 	 200 	 4534 	 1
1788204114481 	 43 	 200 	 4534 	 0
1788204114629 	 14 	 200 	 4535 	 0
1788204114695 	 13 	 200 	 4536 	 0
1788204114818 	 32 	 200 	 4537 	 0
1788204114856 	 15 	 200 	 4538 	 0
1788204114919 	 34 	 200 	 4540 	 1
1788204114948 	 22 	 200 	 4540 	 0
1788204115012 	 31 	 200 	 4541 	 0
1788204115056 	 21 	 200 	 4542 	 0
1788204115138 	 32 	 200 	 4543 	 0
1788204115191 	 14 	 200 	 4544 	 0
1788204115262 	 24 	 200 	 4547 	 2
1788204115286 	 15 	 200 	 4548 	 2
1788204115283 	 19 	 200 	 4548 	 1
1788204115301 	 18 	 200 	 4549 	 1
1788204115316 	 14 	 200 	 4549 	 0
1788204115553 	 29 	 200 	 4553 	 3
1788204115580 	 16 	 200 	 4553 	 2
1788204115576 	 23 	 200 	 4553 	 1
1788204115578 	 22 	 200 	 4553 	 0
1788204115632 	 38 	 200 	 4554 	 0
1788204115694 	 14 	 200 	 4555 	 0
1788204115754 	 25 	 200 	 4556 	 0
1788204115838 	 19 	 200 	 4557 	 0
1788204115869 	 13 	 200 	 4558 	 0
1788204115906 	 13 	 200 	 4559 	 0
1788204116016 	 39 	 200 	 4561 	 1
1788204116054 	 25 	 200 	 4561 	 0
1788204116112 	 20 	 200 	 4562 	 0
1788204116154 	 14 	 200 	 4563 	 0
1788204116208 	 35 	 200 	 4564 	 0
1788204116363 	 25 	 200 	 4566 	 1
1788204116354 	 41 	 200 	 4566 	 0
1788204116423 	 13 	 200 	 4567 	 0
1788204116459 	 17 	 200 	 4569 	 1
1788204116478 	 22 	 200 	 4569 	 0
1788204116507 	 12 	 200 	 4570 	 0
1788204116550 	 27 	 200 	 4571 	 0
1788204116611 	 39 	 200 	 4573 	 1
1788204116626 	 30 	 200 	 4573 	 0
1788204116667 	 13 	 200 	 4574 	 0
1788204116783 	 14 	 200 	 4576 	 1
1788204116789 	 14 	 200 	 4576 	 0
1788204116893 	 30 	 200 	 4577 	 0
1788204116974 	 14 	 200 	 4578 	 0
1788204117055 	 23 	 200 	 4579 	 0
1788204117158 	 37 	 200 	 4580 	 0
1788204117217 	 13 	 200 	 4581 	 0
1788204117299 	 14 	 200 	 4583 	 1
1788204117309 	 18 	 200 	 4584 	 1
1788204117323 	 14 	 200 	 4584 	 0
1788204117417 	 32 	 200 	 4587 	 2
1788204117436 	 26 	 200 	 4587 	 1
1788204117440 	 23 	 200 	 4587 	 0
1788204117469 	 15 	 200 	 4588 	 0
1788204117509 	 14 	 200 	 4589 	 0
1788204117605 	 14 	 200 	 4591 	 1
1788204117609 	 12 	 200 	 4591 	 0
1788204117677 	 36 	 200 	 4592 	 0
1788204117720 	 29 	 200 	 4593 	 0
1788204117766 	 17 	 200 	 4594 	 0
1788204117902 	 16 	 200 	 4595 	 0
1788204117944 	 26 	 200 	 4597 	 1
1788204117928 	 79 	 200 	 4598 	 1
1788204117980 	 30 	 200 	 4598 	 0
1788204118013 	 13 	 200 	 4599 	 0
1788204118082 	 15 	 200 	 4601 	 1
1788204118086 	 13 	 200 	 4601 	 0
1788204118168 	 31 	 200 	 4604 	 2
1788204118164 	 37 	 200 	 4604 	 1
1788204118171 	 33 	 200 	 4604 	 0
1788204118308 	 28 	 200 	 4605 	 0
1788204118353 	 27 	 200 	 4608 	 2
1788204118367 	 15 	 200 	 4608 	 1
1788204118381 	 15 	 200 	 4609 	 1
1788204118388 	 15 	 200 	 4609 	 0
1788204118453 	 31 	 200 	 4610 	 0
1788204118559 	 21 	 200 	 4611 	 0
1788204118599 	 30 	 200 	 4612 	 0
1788204118666 	 21 	 200 	 4613 	 0
1788204118693 	 35 	 200 	 4615 	 1
1788204118764 	 66 	 200 	 4616 	 1
1788204118983 	 17 	 200 	 4619 	 3
1788204118969 	 31 	 200 	 4619 	 2
1788204118934 	 92 	 200 	 4619 	 1
1788204118699 	 373 	 200 	 4619 	 0
1788204119114 	 16 	 200 	 4621 	 1
1788204119124 	 17 	 200 	 4621 	 0
1788204119166 	 16 	 200 	 4622 	 0
1788204119221 	 16 	 200 	 4623 	 0
1788204119280 	 17 	 200 	 4624 	 0
1788204119355 	 17 	 200 	 4626 	 1
1788204119365 	 13 	 200 	 4627 	 1
1788204119374 	 14 	 200 	 4627 	 0
1788204119484 	 21 	 200 	 4628 	 0
1788204119544 	 33 	 200 	 4629 	 0
1788204119592 	 18 	 200 	 4631 	 1
1788204119594 	 25 	 200 	 4631 	 0
1788204119718 	 34 	 200 	 4633 	 1
1788204119742 	 27 	 200 	 4633 	 0
1788204119860 	 28 	 200 	 4635 	 1
1788204119875 	 14 	 200 	 4635 	 0
1788204119976 	 12 	 200 	 4637 	 1
1788204119977 	 20 	 200 	 4637 	 0
1788204120231 	 22 	 200 	 4638 	 0
1788204120305 	 13 	 200 	 4639 	 0
1788204120346 	 15 	 200 	 4640 	 0
1788204120395 	 16 	 200 	 4642 	 1
1788204120399 	 12 	 200 	 4642 	 0
1788204120414 	 13 	 200 	 4643 	 0
1788204120444 	 15 	 200 	 4644 	 0
1788204120474 	 14 	 200 	 4645 	 0
1788204120667 	 13 	 200 	 4647 	 1
1788204120670 	 19 	 200 	 4647 	 0
1788204120716 	 14 	 200 	 4649 	 1
1788204120721 	 13 	 200 	 4650 	 1
1788204120734 	 13 	 200 	 4650 	 0
1788204120773 	 16 	 200 	 4652 	 1
1788204120781 	 18 	 200 	 4652 	 0
1788204120816 	 15 	 200 	 4654 	 1
1788204120825 	 17 	 200 	 4656 	 2
1788204120834 	 14 	 200 	 4656 	 1
1788204120838 	 16 	 200 	 4656 	 0
1788204120869 	 16 	 200 	 4657 	 0
1788204120966 	 17 	 200 	 4659 	 1
1788204120986 	 11 	 200 	 4660 	 1
1788204120972 	 54 	 200 	 4660 	 0
1788204121039 	 14 	 200 	 4661 	 0
1788204121180 	 29 	 200 	 4663 	 1
1788204121189 	 27 	 200 	 4663 	 0
1788204121280 	 20 	 200 	 4664 	 0
1788204121328 	 16 	 200 	 4666 	 1
1788204121332 	 13 	 200 	 4666 	 0
1788204121356 	 16 	 200 	 4669 	 2
1788204121357 	 16 	 200 	 4669 	 1
1788204121357 	 17 	 200 	 4670 	 1
1788204121374 	 12 	 200 	 4670 	 0
1788204121439 	 32 	 200 	 4671 	 0
1788204121488 	 28 	 200 	 4673 	 1
1788204121502 	 15 	 200 	 4673 	 0
1788204121588 	 23 	 200 	 4675 	 1
1788204121597 	 22 	 200 	 4675 	 0
1788204121622 	 14 	 200 	 4676 	 0
1788204121717 	 31 	 200 	 4677 	 0
1788204121822 	 37 	 200 	 4678 	 0
1788204121864 	 13 	 200 	 4679 	 0
1788204121930 	 33 	 200 	 4681 	 1
1788204121951 	 36 	 200 	 4682 	 1
1788204121984 	 14 	 200 	 4682 	 0
1788204122165 	 36 	 200 	 4684 	 1
1788204122200 	 24 	 200 	 4686 	 2
1788204122209 	 19 	 200 	 4686 	 1
1788204122214 	 15 	 200 	 4686 	 0
1788204122265 	 15 	 200 	 4687 	 0
1788204122319 	 29 	 200 	 4688 	 0
1788204122501 	 18 	 200 	 4689 	 0
1788204122543 	 29 	 200 	 4690 	 0
1788204122623 	 35 	 200 	 4691 	 0
1788204122692 	 39 	 200 	 4693 	 1
1788204122714 	 22 	 200 	 4693 	 0
1788204122739 	 20 	 200 	 4694 	 0
1788204122790 	 15 	 200 	 4697 	 2
1788204122795 	 14 	 200 	 4697 	 1
1788204122802 	 19 	 200 	 4697 	 0
1788204122885 	 13 	 200 	 4698 	 0
1788204122946 	 26 	 200 	 4699 	 0
1788204123007 	 33 	 200 	 4702 	 2
1788204123007 	 32 	 200 	 4702 	 1
1788204123009 	 34 	 200 	 4702 	 0
1788204123138 	 27 	 200 	 4704 	 1
1788204123159 	 15 	 200 	 4704 	 0
1788204123248 	 25 	 200 	 4705 	 0
1788204123290 	 12 	 200 	 4706 	 0
1788204123358 	 13 	 200 	 4707 	 0
1788204123429 	 40 	 200 	 4708 	 0
1788204123549 	 28 	 200 	 4711 	 2
1788204123547 	 40 	 200 	 4711 	 1
1788204123553 	 37 	 200 	 4711 	 0
1788204123656 	 20 	 200 	 4712 	 0
1788204123692 	 18 	 200 	 4713 	 0
1788204123766 	 17 	 200 	 4716 	 2
1788204123768 	 15 	 200 	 4716 	 1
1788204123775 	 18 	 200 	 4717 	 1
1788204123791 	 12 	 200 	 4717 	 0
1788204123899 	 30 	 200 	 4719 	 1
1788204123917 	 24 	 200 	 4720 	 1
1788204123935 	 14 	 200 	 4720 	 0
1788204123958 	 14 	 200 	 4721 	 0
1788204123993 	 13 	 200 	 4723 	 1
1788204123997 	 13 	 200 	 4723 	 0
1788204124056 	 21 	 200 	 4725 	 1
1788204124079 	 14 	 200 	 4725 	 0
1788204124102 	 15 	 200 	 4726 	 0
1788204124161 	 21 	 200 	 4727 	 0
1788204124184 	 12 	 200 	 4728 	 0
1788204124215 	 12 	 200 	 4729 	 0
1788204124245 	 12 	 200 	 4730 	 0
1788204124265 	 13 	 200 	 4732 	 1
1788204124278 	 14 	 200 	 4732 	 0
1788204124403 	 24 	 200 	 4733 	 0
1788204124430 	 12 	 200 	 4734 	 0
1788204124527 	 12 	 200 	 4735 	 0
1788204124546 	 13 	 200 	 4737 	 1
1788204124555 	 14 	 200 	 4737 	 0
1788204124594 	 17 	 200 	 4738 	 0
1788204124649 	 24 	 200 	 4740 	 1
1788204124741 	 15 	 200 	 4742 	 2
1788204124656 	 105 	 200 	 4742 	 1
1788204124752 	 19 	 200 	 4742 	 0
1788204124843 	 18 	 200 	 4743 	 0
1788204124938 	 31 	 200 	 4744 	 0
1788204124989 	 13 	 200 	 4746 	 1
1788204125002 	 15 	 200 	 4746 	 0
1788204125046 	 30 	 200 	 4747 	 0
1788204125222 	 30 	 200 	 4748 	 0
1788204125257 	 33 	 200 	 4751 	 2
1788204125265 	 27 	 200 	 4751 	 1
1788204125287 	 15 	 200 	 4751 	 0
1788204125388 	 13 	 200 	 4752 	 0
1788204125482 	 15 	 200 	 4753 	 0
1788204125530 	 26 	 200 	 4755 	 1
1788204125528 	 31 	 200 	 4756 	 1
1788204125558 	 19 	 200 	 4756 	 0
1788204125590 	 14 	 200 	 4757 	 0
1788204125731 	 17 	 200 	 4759 	 1
1788204125744 	 14 	 200 	 4759 	 0
1788204125769 	 15 	 200 	 4760 	 0
1788204125935 	 22 	 200 	 4761 	 0
1788204125974 	 13 	 200 	 4762 	 0
1788204126030 	 37 	 200 	 4763 	 0
1788204126157 	 12 	 200 	 4764 	 0
1788204126214 	 13 	 200 	 4766 	 1
1788204126211 	 17 	 200 	 4766 	 0
1788204126237 	 55 	 200 	 4768 	 1
1788204126277 	 17 	 200 	 4768 	 0
1788204126315 	 18 	 200 	 4770 	 1
1788204126320 	 18 	 200 	 4770 	 0
1788204126369 	 16 	 200 	 4771 	 0
1788204126456 	 29 	 200 	 4774 	 2
1788204126454 	 33 	 200 	 4774 	 1
1788204126471 	 19 	 200 	 4774 	 0
1788204126583 	 33 	 200 	 4775 	 0
1788204126636 	 29 	 200 	 4776 	 0
1788204126674 	 14 	 200 	 4777 	 0
1788204126795 	 14 	 200 	 4779 	 1
1788204126791 	 17 	 200 	 4779 	 0
1788204126828 	 17 	 200 	 4781 	 1
1788204126834 	 14 	 200 	 4781 	 0
1788204127060 	 32 	 200 	 4782 	 0
1788204127188 	 17 	 200 	 4784 	 1
1788204127195 	 13 	 200 	 4784 	 0
1788204127211 	 12 	 200 	 4785 	 0
1788204127261 	 23 	 200 	 4786 	 0
1788204127300 	 13 	 200 	 4787 	 0
1788204127337 	 12 	 200 	 4788 	 0
1788204127575 	 13 	 200 	 4789 	 0
1788204127718 	 40 	 200 	 4792 	 2
1788204127736 	 27 	 200 	 4792 	 1
1788204127743 	 24 	 200 	 4792 	 0
1788204127823 	 35 	 200 	 4793 	 0
1788204127903 	 17 	 200 	 4794 	 0
1788204128075 	 14 	 200 	 4795 	 0
1788204128133 	 36 	 200 	 4797 	 1
1788204128168 	 14 	 200 	 4797 	 0
1788204128276 	 15 	 200 	 4798 	 0
1788204128403 	 30 	 200 	 4800 	 1
1788204128415 	 31 	 200 	 4800 	 0
1788204128490 	 16 	 200 	 4804 	 3
1788204128492 	 15 	 200 	 4804 	 2
1788204128485 	 29 	 200 	 4804 	 1
1788204128489 	 27 	 200 	 4804 	 0
1788204128517 	 13 	 200 	 4805 	 0
1788204128653 	 15 	 200 	 4806 	 0
1788204128723 	 44 	 200 	 4808 	 1
1788204128762 	 17 	 200 	 4809 	 1
1788204128774 	 14 	 200 	 4809 	 0
1788204128852 	 36 	 200 	 4811 	 1
1788204128883 	 20 	 200 	 4811 	 0
1788204128939 	 30 	 200 	 4812 	 0
1788204129048 	 35 	 200 	 4813 	 0
1788204129157 	 29 	 200 	 4815 	 1
1788204129164 	 26 	 200 	 4815 	 0
1788204129192 	 17 	 200 	 4817 	 1
1788204129194 	 25 	 200 	 4818 	 1
1788204129212 	 14 	 200 	 4818 	 0
1788204129297 	 36 	 200 	 4820 	 1
1788204129315 	 27 	 200 	 4821 	 1
1788204129336 	 12 	 200 	 4821 	 0
1788204129372 	 14 	 200 	 4822 	 0
1788204129536 	 17 	 200 	 4823 	 0
1788204129557 	 11 	 200 	 4824 	 0
1788204129596 	 31 	 200 	 4825 	 0
1788204129637 	 28 	 200 	 4826 	 0
1788204129678 	 14 	 200 	 4827 	 0
1788204129737 	 15 	 200 	 4828 	 0
1788204129757 	 16 	 200 	 4829 	 0
1788204129896 	 33 	 200 	 4830 	 0
1788204129953 	 32 	 200 	 4831 	 0
1788204130129 	 35 	 200 	 4833 	 1
1788204130147 	 35 	 200 	 4834 	 1
1788204130174 	 22 	 200 	 4834 	 0
1788204130234 	 20 	 200 	 4835 	 0
1788204130280 	 16 	 200 	 4836 	 0
1788204130375 	 14 	 200 	 4838 	 1
1788204130377 	 18 	 200 	 4838 	 0
1788204130607 	 20 	 200 	 4839 	 0
1788204130714 	 36 	 200 	 4841 	 1
1788204130722 	 35 	 200 	 4841 	 1
1788204130759 	 25 	 200 	 4843 	 1
1788204130780 	 15 	 200 	 4843 	 0
1788204130834 	 17 	 200 	 4845 	 1
1788204130844 	 14 	 200 	 4845 	 0
1788204130909 	 33 	 200 	 4846 	 0
1788204131158 	 33 	 200 	 4847 	 0
1788204131224 	 26 	 200 	 4848 	 0
1788204131278 	 16 	 200 	 4849 	 0
1788204131319 	 12 	 200 	 4850 	 0
1788204131474 	 27 	 200 	 4852 	 1
1788204131484 	 25 	 200 	 4852 	 0
1788204131524 	 15 	 200 	 4855 	 2
1788204131539 	 14 	 200 	 4856 	 2
1788204131538 	 18 	 200 	 4856 	 1
1788204131553 	 13 	 200 	 4857 	 1
1788204131564 	 12 	 200 	 4857 	 0
1788204131611 	 37 	 200 	 4858 	 0
1788204131711 	 37 	 200 	 4859 	 0
1788204131772 	 19 	 200 	 4860 	 0
1788204131799 	 22 	 200 	 4861 	 0
1788204131824 	 12 	 200 	 4862 	 0
1788204131953 	 26 	 200 	 4863 	 0
1788204132024 	 13 	 200 	 4864 	 0
1788204132050 	 24 	 200 	 4865 	 0
1788204132177 	 14 	 200 	 4866 	 1
1788204132192 	 13 	 200 	 4867 	 0
1788204132242 	 19 	 200 	 4868 	 0
1788204132356 	 18 	 200 	 4871 	 2
1788204132365 	 15 	 200 	 4871 	 1
1788204132395 	 16 	 200 	 4872 	 1
1788204132354 	 61 	 200 	 4872 	 0
1788204132511 	 14 	 200 	 4873 	 0
1788204132655 	 23 	 200 	 4874 	 0
1788204132700 	 25 	 200 	 4875 	 0
1788204132759 	 29 	 200 	 4880 	 4
1788204132767 	 24 	 200 	 4880 	 3
1788204132782 	 17 	 200 	 4880 	 2
1788204132784 	 16 	 200 	 4880 	 1
1788204132787 	 14 	 200 	 4880 	 0
1788204132820 	 13 	 200 	 4881 	 0
1788204132857 	 22 	 200 	 4883 	 1
1788204132865 	 16 	 200 	 4883 	 0
1788204132910 	 33 	 200 	 4884 	 0
1788204133073 	 14 	 200 	 4885 	 0
1788204133296 	 16 	 200 	 4887 	 1
1788204133514 	 27 	 200 	 4890 	 3
1788204133450 	 104 	 200 	 4892 	 4
1788204133547 	 14 	 200 	 4892 	 3
1788204133549 	 14 	 200 	 4892 	 2
1788204133467 	 189 	 200 	 4894 	 3
1788204133628 	 31 	 200 	 4894 	 2
1788204133623 	 71 	 200 	 4894 	 1
1788204133304 	 476 	 200 	 4896 	 2
1788204133712 	 69 	 200 	 4896 	 1
1788204133716 	 66 	 200 	 4896 	 0
1788204133826 	 15 	 200 	 4897 	 0
1788204133859 	 15 	 200 	 4900 	 2
1788204133858 	 18 	 200 	 4900 	 1
1788204133862 	 17 	 200 	 4901 	 1
1788204133878 	 21 	 200 	 4902 	 1
1788204133887 	 15 	 200 	 4902 	 0
1788204133913 	 14 	 200 	 4903 	 0
1788204134129 	 36 	 200 	 4904 	 0
1788204134173 	 17 	 200 	 4907 	 2
1788204134171 	 23 	 200 	 4907 	 1
1788204134183 	 14 	 200 	 4907 	 0
1788204134357 	 34 	 200 	 4909 	 1
1788204134390 	 17 	 200 	 4909 	 0
1788204134416 	 28 	 200 	 4910 	 0
1788204134463 	 17 	 200 	 4911 	 0
1788204134493 	 13 	 200 	 4912 	 0
1788204134541 	 16 	 200 	 4913 	 0
1788204134600 	 13 	 200 	 4914 	 0
1788204134720 	 31 	 200 	 4915 	 0
1788204134886 	 16 	 200 	 4916 	 0
1788204134974 	 13 	 200 	 4917 	 0
1788204135136 	 37 	 200 	 4919 	 1
1788204135165 	 16 	 200 	 4919 	 0
1788204135194 	 12 	 200 	 4920 	 0
1788204135267 	 16 	 200 	 4922 	 1
1788204135268 	 18 	 200 	 4922 	 0
1788204135338 	 25 	 200 	 4923 	 0
1788204135376 	 19 	 200 	 4925 	 1
1788204135395 	 16 	 200 	 4925 	 0
1788204135418 	 22 	 200 	 4926 	 0
1788204135495 	 14 	 200 	 4927 	 0
1788204135539 	 18 	 200 	 4929 	 1
1788204135544 	 15 	 200 	 4929 	 0
1788204135611 	 40 	 200 	 4932 	 2
1788204135613 	 49 	 200 	 4932 	 1
1788204135638 	 28 	 200 	 4932 	 0
1788204135705 	 27 	 200 	 4933 	 0
1788204135755 	 14 	 200 	 4935 	 1
1788204135766 	 18 	 200 	 4935 	 0
1788204135799 	 12 	 200 	 4936 	 0
1788204135828 	 13 	 200 	 4938 	 1
1788204135834 	 14 	 200 	 4938 	 0
1788204135891 	 36 	 200 	 4939 	 0
1788204135942 	 37 	 200 	 4940 	 0
1788204136023 	 33 	 200 	 4942 	 1
1788204136053 	 32 	 200 	 4943 	 1
1788204136075 	 33 	 200 	 4943 	 0
1788204136142 	 39 	 200 	 4944 	 0
1788204136193 	 15 	 200 	 4945 	 0
1788204136321 	 30 	 200 	 4946 	 0
1788204136531 	 37 	 200 	 4948 	 1
1788204136550 	 26 	 200 	 4948 	 0
1788204136653 	 35 	 200 	 4949 	 0
1788204136779 	 15 	 200 	 4950 	 0
1788204136839 	 42 	 200 	 4953 	 2
1788204136857 	 26 	 200 	 4953 	 1
1788204136881 	 13 	 200 	 4953 	 0
1788204136940 	 12 	 200 	 4955 	 1
1788204136951 	 16 	 200 	 4955 	 0
1788204136988 	 16 	 200 	 4956 	 0
1788204137027 	 17 	 200 	 4958 	 1
1788204137035 	 13 	 200 	 4958 	 0
1788204137111 	 35 	 200 	 4959 	 0
1788204137150 	 13 	 200 	 4960 	 0
1788204137216 	 35 	 200 	 4962 	 1
1788204137242 	 23 	 200 	 4962 	 0
1788204137280 	 21 	 200 	 4963 	 0
1788204137363 	 27 	 200 	 4965 	 1
1788204137392 	 14 	 200 	 4965 	 0
1788204137420 	 21 	 200 	 4967 	 1
1788204137429 	 13 	 200 	 4967 	 0
1788204137504 	 37 	 200 	 4969 	 1
1788204137521 	 31 	 200 	 4971 	 2
1788204137545 	 25 	 200 	 4971 	 1
1788204137543 	 29 	 200 	 4971 	 0
1788204137589 	 22 	 200 	 4973 	 1
1788204137603 	 12 	 200 	 4973 	 0
1788204137623 	 12 	 200 	 4975 	 1
1788204137627 	 14 	 200 	 4975 	 0
1788204137657 	 14 	 200 	 4976 	 0
1788204137690 	 22 	 200 	 4977 	 0
1788204137736 	 31 	 200 	 4979 	 1
1788204137743 	 26 	 200 	 4979 	 0
1788204137834 	 35 	 200 	 4980 	 0
1788204137978 	 34 	 200 	 4983 	 2
1788204138001 	 28 	 200 	 4983 	 1
1788204138011 	 20 	 200 	 4983 	 0
1788204138047 	 16 	 200 	 4984 	 0
1788204138140 	 46 	 200 	 4987 	 2
1788204138149 	 39 	 200 	 4987 	 1
1788204138181 	 13 	 200 	 4988 	 1
1788204138194 	 17 	 200 	 4988 	 0
1788204138381 	 21 	 200 	 4992 	 3
1788204138382 	 23 	 200 	 4992 	 2
1788204138345 	 73 	 200 	 4992 	 1
1788204138496 	 14 	 200 	 4994 	 2
1788204138528 	 14 	 200 	 4995 	 2
1788204138469 	 91 	 200 	 4995 	 1
1788204138621 	 12 	 200 	 4997 	 2
1788204138589 	 72 	 200 	 4997 	 1
1788204138275 	 427 	 200 	 4997 	 0
1788204138729 	 13 	 200 	 4998 	 0
1788204138860 	 22 	 200 	 5000 	 1
1788204138875 	 13 	 200 	 5000 	 0