1788204141010 	 18 	 200 	 1 	 0
1788204141050 	 12 	 200 	 2 	 0
1788204141092 	 25 	 200 	 3 	 0
1788204141126 	 13 	 200 	 5 	 1
1788204141130 	 36 	 200 	 6 	 1
1788204141157 	 15 	 200 	 6 	 0
1788204141211 	 30 	 200 	 8 	 1
1788204141239 	 13 	 200 	 8 	 0
1788204141279 	 27 	 200 	 9 	 0
1788204141399 	 18 	 200 	 10 	 0
1788204141430 	 13 	 200 	 11 	 0
1788204141468 	 21 	 200 	 13 	 1
1788204141478 	 13 	 200 	 13 	 0
1788204141548 	 35 	 200 	 15 	 1
1788204141555 	 29 	 200 	 15 	 0
1788204141772 	 19 	 200 	 16 	 0
1788204141846 	 12 	 200 	 17 	 0
1788204141897 	 19 	 200 	 18 	 0
1788204141954 	 19 	 200 	 19 	 0
1788204141976 	 12 	 200 	 20 	 0
1788204142126 	 40 	 200 	 22 	 1
1788204142132 	 39 	 200 	 22 	 0
1788204142226 	 20 	 200 	 23 	 0
1788204142340 	 18 	 200 	 24 	 0
1788204142443 	 23 	 200 	 25 	 0
1788204142478 	 16 	 200 	 27 	 1
1788204142478 	 19 	 200 	 27 	 0
1788204142517 	 15 	 200 	 29 	 1
1788204142517 	 21 	 200 	 29 	 0
1788204142682 	 13 	 200 	 30 	 0
1788204142701 	 16 	 200 	 31 	 0
1788204142781 	 15 	 200 	 32 	 0
1788204142841 	 13 	 200 	 33 	 0
1788204142860 	 12 	 200 	 34 	 0
1788204142937 	 29 	 200 	 35 	 0
1788204143095 	 16 	 200 	 37 	 1
1788204143101 	 12 	 200 	 37 	 0
1788204143123 	 25 	 200 	 38 	 0
1788204143183 	 27 	 200 	 39 	 0
1788204143346 	 17 	 200 	 40 	 0
1788204143369 	 13 	 200 	 41 	 0
1788204143445 	 14 	 200 	 42 	 0
1788204143476 	 22 	 200 	 43 	 0
1788204143598 	 15 	 200 	 45 	 1
1788204143602 	 14 	 200 	 45 	 0
1788204143639 	 16 	 200 	 47 	 1
1788204143654 	 13 	 200 	 47 	 0
1788204143674 	 13 	 200 	 48 	 0
1788204143783 	 15 	 200 	 50 	 1
1788204143810 	 33 	 200 	 52 	 2
1788204143811 	 33 	 200 	 52 	 1
1788204143730 	 124 	 200 	 52 	 0
1788204143959 	 19 	 200 	 53 	 0
1788204143986 	 13 	 200 	 56 	 2
1788204143984 	 20 	 200 	 56 	 1
1788204143987 	 19 	 200 	 56 	 0
1788204144088 	 13 	 200 	 57 	 0
1788204144201 	 32 	 200 	 58 	 0
1788204144260 	 16 	 200 	 59 	 0
1788204144317 	 13 	 200 	 60 	 0
1788204144435 	 34 	 200 	 61 	 0
1788204144577 	 37 	 200 	 62 	 0
1788204144672 	 19 	 200 	 64 	 1
1788204144690 	 13 	 200 	 64 	 0
1788204144758 	 13 	 200 	 65 	 0
1788204144818 	 15 	 200 	 66 	 0
1788204145003 	 27 	 200 	 67 	 0
1788204145065 	 18 	 200 	 69 	 1
1788204145069 	 17 	 200 	 69 	 0
1788204145096 	 14 	 200 	 71 	 1
1788204145096 	 19 	 200 	 71 	 0
1788204145183 	 14 	 200 	 72 	 0
1788204145228 	 14 	 200 	 74 	 1
1788204145242 	 17 	 200 	 74 	 0
1788204145294 	 39 	 200 	 75 	 0
1788204145363 	 24 	 200 	 76 	 0
1788204145464 	 14 	 200 	 77 	 0
1788204145834 	 46 	 200 	 80 	 2
1788204145848 	 36 	 200 	 80 	 1
1788204145878 	 18 	 200 	 80 	 0
1788204145915 	 34 	 200 	 82 	 1
1788204145951 	 25 	 200 	 83 	 1
1788204145948 	 33 	 200 	 84 	 1
1788204145981 	 17 	 200 	 84 	 0
1788204146084 	 42 	 200 	 87 	 2
1788204146094 	 34 	 200 	 87 	 1
1788204146122 	 18 	 200 	 87 	 0
1788204146163 	 22 	 200 	 88 	 0
1788204146291 	 35 	 200 	 91 	 2
1788204146307 	 26 	 200 	 92 	 2
1788204146309 	 29 	 200 	 92 	 1
1788204146331 	 14 	 200 	 92 	 0
1788204146387 	 14 	 200 	 93 	 0
1788204146404 	 13 	 200 	 94 	 0
1788204146475 	 13 	 200 	 95 	 0
1788204146517 	 16 	 200 	 97 	 1
1788204146522 	 12 	 200 	 97 	 0
1788204146543 	 15 	 200 	 99 	 1
1788204146553 	 17 	 200 	 99 	 0
1788204146604 	 13 	 200 	 100 	 0
1788204146662 	 29 	 200 	 102 	 1
1788204146670 	 31 	 200 	 102 	 0
1788204146764 	 22 	 200 	 103 	 0
1788204146901 	 35 	 200 	 104 	 0
1788204146988 	 12 	 200 	 106 	 1
1788204146991 	 12 	 200 	 106 	 0
1788204147032 	 12 	 200 	 107 	 0
1788204147236 	 17 	 200 	 109 	 1
1788204147250 	 15 	 200 	 110 	 1
1788204147262 	 13 	 200 	 110 	 0
1788204147470 	 14 	 200 	 111 	 0
1788204147521 	 32 	 200 	 113 	 1
1788204147552 	 30 	 200 	 113 	 0
1788204147602 	 15 	 200 	 114 	 0
1788204147673 	 19 	 200 	 115 	 0
1788204147738 	 35 	 200 	 116 	 0
1788204147838 	 31 	 200 	 119 	 2
1788204147853 	 27 	 200 	 120 	 2
1788204147851 	 30 	 200 	 120 	 1
1788204147881 	 15 	 200 	 120 	 0
1788204147904 	 19 	 200 	 122 	 1
1788204147909 	 15 	 200 	 122 	 0
1788204147935 	 13 	 200 	 123 	 0
1788204147971 	 15 	 200 	 125 	 1
1788204147976 	 13 	 200 	 125 	 0
1788204147997 	 16 	 200 	 127 	 1
1788204148001 	 13 	 200 	 127 	 0
1788204148049 	 27 	 200 	 128 	 0
1788204148080 	 14 	 200 	 129 	 0
1788204148114 	 17 	 200 	 130 	 0
1788204148180 	 35 	 200 	 131 	 0
1788204148248 	 27 	 200 	 132 	 0
1788204148565 	 32 	 200 	 133 	 0
1788204148613 	 34 	 200 	 134 	 0
1788204148746 	 15 	 200 	 136 	 1
1788204148758 	 15 	 200 	 136 	 0
1788204148849 	 36 	 200 	 137 	 0
1788204148890 	 29 	 200 	 138 	 0
1788204148928 	 14 	 200 	 139 	 0
1788204148976 	 50 	 200 	 140 	 0
1788204149132 	 30 	 200 	 141 	 0
1788204149209 	 35 	 200 	 142 	 0
1788204149255 	 28 	 200 	 144 	 1
1788204149273 	 25 	 200 	 146 	 2
1788204149287 	 23 	 200 	 146 	 1
1788204149300 	 17 	 200 	 146 	 0
1788204149479 	 17 	 200 	 147 	 0
1788204149500 	 13 	 200 	 148 	 0
1788204149518 	 13 	 200 	 149 	 0
1788204149538 	 14 	 200 	 150 	 0
1788204149591 	 22 	 200 	 152 	 1
1788204149607 	 15 	 200 	 152 	 0
1788204149625 	 15 	 200 	 153 	 0
1788204149648 	 18 	 200 	 154 	 0
1788204149686 	 14 	 200 	 155 	 0
1788204149819 	 13 	 200 	 157 	 1
1788204149808 	 25 	 200 	 157 	 0
1788204149862 	 28 	 200 	 160 	 2
1788204149887 	 19 	 200 	 160 	 1
1788204149889 	 25 	 200 	 160 	 0
1788204149923 	 18 	 200 	 161 	 0
1788204150060 	 35 	 200 	 162 	 0
1788204150175 	 36 	 200 	 163 	 0
1788204150233 	 12 	 200 	 164 	 0
1788204150266 	 20 	 200 	 166 	 1
1788204150269 	 19 	 200 	 166 	 0
1788204150326 	 21 	 200 	 167 	 0
1788204150432 	 38 	 200 	 168 	 0
1788204150472 	 16 	 200 	 169 	 0
1788204150505 	 30 	 200 	 170 	 0
1788204150623 	 38 	 200 	 171 	 0
1788204150748 	 18 	 200 	 173 	 1
1788204150759 	 14 	 200 	 173 	 0
1788204150815 	 32 	 200 	 174 	 0
1788204150905 	 37 	 200 	 175 	 0
1788204150945 	 27 	 200 	 176 	 0
1788204151088 	 13 	 200 	 177 	 0
1788204151172 	 37 	 200 	 180 	 2
1788204151190 	 24 	 200 	 180 	 1
1788204151195 	 21 	 200 	 181 	 1
1788204151217 	 14 	 200 	 181 	 0
1788204151236 	 20 	 200 	 182 	 0
1788204151279 	 35 	 200 	 186 	 3
1788204151296 	 21 	 200 	 186 	 2
1788204151302 	 19 	 200 	 186 	 1
1788204151308 	 17 	 200 	 186 	 0
1788204151369 	 14 	 200 	 187 	 0
1788204151389 	 14 	 200 	 190 	 2
1788204151386 	 17 	 200 	 190 	 1
1788204151402 	 14 	 200 	 190 	 0
1788204151447 	 18 	 200 	 191 	 0
1788204151526 	 42 	 200 	 193 	 1
1788204151569 	 13 	 200 	 193 	 0
1788204151621 	 14 	 200 	 194 	 0
1788204151669 	 26 	 200 	 195 	 0
1788204151697 	 16 	 200 	 197 	 1
1788204151701 	 15 	 200 	 197 	 0
1788204151778 	 31 	 200 	 198 	 0
1788204151831 	 40 	 200 	 199 	 0
1788204151886 	 14 	 200 	 200 	 0
1788204152036 	 39 	 200 	 203 	 2
1788204152045 	 31 	 200 	 203 	 1
1788204152061 	 23 	 200 	 203 	 0
1788204152120 	 39 	 200 	 204 	 0
1788204152183 	 14 	 200 	 206 	 1
1788204152185 	 15 	 200 	 206 	 0
1788204152427 	 31 	 200 	 207 	 0
1788204152549 	 21 	 200 	 211 	 3
1788204152541 	 29 	 200 	 211 	 2
1788204152532 	 38 	 200 	 211 	 1
1788204152536 	 44 	 200 	 212 	 1
1788204152580 	 16 	 200 	 213 	 1
1788204152586 	 16 	 200 	 213 	 0
1788204152689 	 13 	 200 	 214 	 0
1788204152829 	 31 	 200 	 215 	 0
1788204152969 	 12 	 200 	 217 	 1
1788204152928 	 61 	 200 	 217 	 0
1788204153049 	 34 	 200 	 219 	 1
1788204153070 	 20 	 200 	 219 	 0
1788204153246 	 13 	 200 	 220 	 0
1788204153267 	 15 	 200 	 221 	 0
1788204153518 	 20 	 200 	 223 	 1
1788204153522 	 17 	 200 	 223 	 0
1788204153717 	 39 	 200 	 224 	 0
1788204153811 	 17 	 200 	 225 	 0
1788204153846 	 15 	 200 	 226 	 0
1788204153877 	 13 	 200 	 227 	 0
1788204153928 	 25 	 200 	 228 	 0
1788204153973 	 14 	 200 	 229 	 0
1788204154018 	 14 	 200 	 230 	 0
1788204154040 	 13 	 200 	 231 	 0
1788204154141 	 35 	 200 	 232 	 0
1788204154205 	 32 	 200 	 234 	 1
1788204154214 	 26 	 200 	 234 	 0
1788204154325 	 36 	 200 	 236 	 1
1788204154357 	 13 	 200 	 236 	 0
1788204154433 	 21 	 200 	 238 	 1
1788204154451 	 13 	 200 	 238 	 0
1788204154622 	 16 	 200 	 240 	 1
1788204154609 	 39 	 200 	 240 	 0
1788204154738 	 40 	 200 	 241 	 0
1788204154820 	 27 	 200 	 242 	 0
1788204154889 	 34 	 200 	 243 	 0
1788204155019 	 14 	 200 	 245 	 1
1788204155026 	 12 	 200 	 245 	 0
1788204155091 	 19 	 200 	 248 	 2
1788204155093 	 19 	 200 	 248 	 1
1788204155095 	 17 	 200 	 248 	 0
1788204155136 	 14 	 200 	 250 	 1
1788204155151 	 12 	 200 	 250 	 0
1788204155265 	 23 	 200 	 251 	 0
1788204155388 	 38 	 200 	 253 	 1
1788204155427 	 14 	 200 	 253 	 0
1788204155457 	 15 	 200 	 254 	 0
1788204155497 	 14 	 200 	 255 	 0
1788204155523 	 13 	 200 	 256 	 0
1788204155912 	 35 	 200 	 257 	 0
1788204156120 	 32 	 200 	 258 	 0
1788204156197 	 16 	 200 	 259 	 0
1788204156247 	 13 	 200 	 260 	 0
1788204156299 	 32 	 200 	 262 	 2
1788204156312 	 36 	 200 	 264 	 2
1788204156334 	 17 	 200 	 264 	 1
1788204156335 	 19 	 200 	 265 	 1
1788204156356 	 12 	 200 	 265 	 0
1788204156379 	 30 	 200 	 266 	 0
1788204156432 	 29 	 200 	 267 	 0
1788204156480 	 13 	 200 	 269 	 1
1788204156494 	 19 	 200 	 269 	 0
1788204156585 	 14 	 200 	 270 	 0
1788204156658 	 25 	 200 	 272 	 1
1788204156645 	 38 	 200 	 272 	 0
1788204156729 	 31 	 200 	 273 	 0
1788204156793 	 35 	 200 	 275 	 1
1788204156816 	 32 	 200 	 275 	 0
1788204156907 	 24 	 200 	 277 	 1
1788204156921 	 14 	 200 	 277 	 0
1788204157006 	 21 	 200 	 278 	 0
1788204157044 	 15 	 200 	 279 	 0
1788204157112 	 33 	 200 	 281 	 1
1788204157127 	 31 	 200 	 281 	 0
1788204157165 	 17 	 200 	 282 	 0
1788204157247 	 25 	 200 	 284 	 1
1788204157249 	 25 	 200 	 284 	 0
1788204157376 	 13 	 200 	 285 	 0
1788204157416 	 12 	 200 	 286 	 0
1788204157464 	 12 	 200 	 287 	 0
1788204157518 	 17 	 200 	 288 	 0
1788204157541 	 14 	 200 	 289 	 0
1788204157599 	 13 	 200 	 290 	 0
1788204157630 	 19 	 200 	 291 	 0
1788204157689 	 17 	 200 	 292 	 0
1788204157738 	 33 	 200 	 293 	 0
1788204157852 	 29 	 200 	 294 	 1
1788204157884 	 16 	 200 	 295 	 0
1788204157915 	 29 	 200 	 296 	 0
1788204157996 	 26 	 200 	 297 	 0
1788204158051 	 35 	 200 	 298 	 0
1788204158126 	 24 	 200 	 299 	 0
1788204158184 	 18 	 200 	 300 	 0
1788204158215 	 19 	 200 	 301 	 0
1788204158320 	 42 	 200 	 302 	 0
1788204158377 	 14 	 200 	 305 	 2
1788204158379 	 14 	 200 	 305 	 1
1788204158385 	 15 	 200 	 306 	 1
1788204158396 	 15 	 200 	 307 	 1
1788204158411 	 13 	 200 	 307 	 0
1788204158575 	 14 	 200 	 309 	 1
1788204158651 	 44 	 200 	 310 	 1
1788204158528 	 166 	 200 	 310 	 0
1788204158854 	 32 	 200 	 312 	 1
1788204158856 	 31 	 200 	 312 	 0
1788204158914 	 15 	 200 	 314 	 1
1788204158924 	 13 	 200 	 314 	 0
1788204158967 	 15 	 200 	 316 	 1
1788204158967 	 17 	 200 	 316 	 0
1788204159065 	 29 	 200 	 318 	 1
1788204159081 	 17 	 200 	 318 	 0
1788204159112 	 12 	 200 	 320 	 1
1788204159119 	 14 	 200 	 320 	 0
1788204159158 	 29 	 200 	 321 	 0
1788204159198 	 34 	 200 	 323 	 1
1788204159223 	 25 	 200 	 323 	 0
1788204159292 	 14 	 200 	 324 	 0
1788204159366 	 14 	 200 	 326 	 1
1788204159374 	 15 	 200 	 326 	 0
1788204159401 	 13 	 200 	 327 	 0
1788204159430 	 19 	 200 	 328 	 0
1788204159469 	 19 	 200 	 330 	 1
1788204159475 	 17 	 200 	 330 	 0
1788204159565 	 24 	 200 	 331 	 0
1788204159598 	 13 	 200 	 332 	 0
1788204159643 	 13 	 200 	 333 	 0
1788204159712 	 13 	 200 	 335 	 1
1788204159718 	 13 	 200 	 335 	 0
1788204159776 	 17 	 200 	 338 	 2
1788204159763 	 31 	 200 	 338 	 1
1788204159782 	 16 	 200 	 338 	 0
1788204159832 	 30 	 200 	 339 	 0
1788204159870 	 23 	 200 	 340 	 0
1788204159914 	 34 	 200 	 341 	 0
1788204159951 	 25 	 200 	 342 	 0
1788204160008 	 13 	 200 	 344 	 1
1788204160020 	 15 	 200 	 345 	 1
1788204160030 	 16 	 200 	 345 	 0
1788204160053 	 13 	 200 	 346 	 0
1788204160103 	 35 	 200 	 348 	 2
1788204160099 	 43 	 200 	 349 	 1
1788204160141 	 20 	 200 	 350 	 1
1788204160150 	 17 	 200 	 350 	 0
1788204160172 	 16 	 200 	 351 	 0
1788204160214 	 13 	 200 	 352 	 0
1788204160234 	 18 	 200 	 354 	 1
1788204160234 	 20 	 200 	 355 	 1
1788204160254 	 17 	 200 	 357 	 2
1788204160256 	 21 	 200 	 357 	 1
1788204160268 	 17 	 200 	 357 	 0
1788204160398 	 34 	 200 	 358 	 0
1788204160512 	 30 	 200 	 359 	 0
1788204160610 	 35 	 200 	 360 	 0
1788204160688 	 39 	 200 	 362 	 1
1788204160713 	 24 	 200 	 363 	 1
1788204160736 	 13 	 200 	 363 	 0
1788204160787 	 26 	 200 	 365 	 1
1788204160930 	 17 	 200 	 367 	 2
1788204160949 	 16 	 200 	 368 	 2
1788204161038 	 14 	 200 	 369 	 2
1788204160960 	 95 	 200 	 369 	 1
1788204160797 	 402 	 200 	 371 	 2
1788204161165 	 35 	 200 	 371 	 1
1788204161200 	 13 	 200 	 371 	 0
1788204161256 	 20 	 200 	 373 	 1
1788204161261 	 17 	 200 	 373 	 0
1788204161383 	 13 	 200 	 374 	 0
1788204161427 	 13 	 200 	 376 	 1
1788204161433 	 12 	 200 	 376 	 0
1788204161688 	 33 	 200 	 377 	 0
1788204161783 	 43 	 200 	 378 	 0
1788204161839 	 39 	 200 	 380 	 1
1788204161858 	 21 	 200 	 380 	 0
1788204161950 	 18 	 200 	 382 	 1
1788204161965 	 12 	 200 	 382 	 0
1788204161978 	 13 	 200 	 383 	 0
1788204162008 	 14 	 200 	 384 	 0
1788204162056 	 33 	 200 	 385 	 0
1788204162153 	 32 	 200 	 387 	 1
1788204162150 	 36 	 200 	 387 	 0
1788204162203 	 22 	 200 	 388 	 0
1788204162274 	 35 	 200 	 390 	 1
1788204162280 	 33 	 200 	 390 	 0
1788204162338 	 39 	 200 	 391 	 0
1788204162440 	 16 	 200 	 392 	 0
1788204162476 	 12 	 200 	 393 	 0
1788204162501 	 12 	 200 	 395 	 1
1788204162561 	 13 	 200 	 396 	 1
1788204162703 	 35 	 200 	 397 	 1
1788204162784 	 16 	 200 	 398 	 1
1788204162805 	 39 	 200 	 399 	 1
1788204162513 	 361 	 200 	 399 	 0
1788204162923 	 28 	 200 	 400 	 0
1788204163013 	 34 	 200 	 403 	 2
1788204163026 	 28 	 200 	 403 	 1
1788204163023 	 32 	 200 	 403 	 0
1788204163060 	 15 	 200 	 404 	 0
1788204163112 	 40 	 200 	 406 	 1
1788204163124 	 32 	 200 	 406 	 0
1788204163233 	 14 	 200 	 408 	 1
1788204163247 	 15 	 200 	 408 	 0
1788204163281 	 39 	 200 	 409 	 0
1788204163437 	 33 	 200 	 411 	 1
1788204163466 	 35 	 200 	 412 	 1
1788204163484 	 40 	 200 	 412 	 0
1788204163583 	 16 	 200 	 413 	 0
1788204163670 	 30 	 200 	 415 	 1
1788204163701 	 35 	 200 	 415 	 0
1788204163746 	 25 	 200 	 417 	 1
1788204163771 	 13 	 200 	 417 	 0
1788204163828 	 40 	 200 	 419 	 1
1788204163870 	 14 	 200 	 419 	 0
1788204163973 	 30 	 200 	 420 	 0
1788204164059 	 25 	 200 	 421 	 0
1788204164103 	 16 	 200 	 422 	 0
1788204164145 	 28 	 200 	 423 	 0
1788204164186 	 33 	 200 	 424 	 0
1788204164254 	 30 	 200 	 425 	 0
1788204164356 	 15 	 200 	 426 	 0
1788204164404 	 12 	 200 	 427 	 0
1788204164431 	 17 	 200 	 429 	 1
1788204164441 	 21 	 200 	 429 	 0
1788204164505 	 28 	 200 	 430 	 0
1788204164631 	 26 	 200 	 433 	 2
1788204164625 	 37 	 200 	 433 	 1
1788204164639 	 26 	 200 	 433 	 0
1788204164679 	 48 	 200 	 437 	 3
1788204164712 	 27 	 200 	 437 	 2
1788204164714 	 29 	 200 	 437 	 1
1788204164770 	 30 	 200 	 438 	 1
1788204164873 	 27 	 200 	 442 	 4
1788204164866 	 35 	 200 	 442 	 4
1788204164896 	 17 	 200 	 443 	 3
1788204164903 	 13 	 200 	 443 	 2
1788204164872 	 88 	 200 	 443 	 1
1788204164677 	 433 	 200 	 443 	 0
1788204165179 	 40 	 200 	 445 	 1
1788204165191 	 30 	 200 	 445 	 0
1788204165347 	 16 	 200 	 450 	 4
1788204165358 	 19 	 200 	 450 	 3
1788204165361 	 17 	 200 	 450 	 2
1788204165363 	 21 	 200 	 450 	 1
1788204165313 	 85 	 200 	 450 	 0
1788204165463 	 23 	 200 	 451 	 0
1788204165501 	 13 	 200 	 452 	 0
1788204165598 	 12 	 200 	 453 	 0
1788204165677 	 19 	 200 	 455 	 1
1788204165657 	 43 	 200 	 455 	 0
1788204165722 	 12 	 200 	 456 	 0
1788204165780 	 34 	 200 	 457 	 0
1788204165859 	 28 	 200 	 458 	 0
1788204166020 	 33 	 200 	 460 	 1
1788204166034 	 32 	 200 	 461 	 1
1788204166055 	 18 	 200 	 462 	 1
1788204166073 	 13 	 200 	 462 	 0
1788204166166 	 20 	 200 	 463 	 0
1788204166200 	 12 	 200 	 464 	 0
1788204166378 	 13 	 200 	 465 	 0
1788204166403 	 14 	 200 	 466 	 0
1788204166418 	 13 	 200 	 467 	 0
1788204166612 	 34 	 200 	 469 	 1
1788204166620 	 33 	 200 	 469 	 0
1788204166690 	 14 	 200 	 471 	 1
1788204166705 	 25 	 200 	 471 	 0
1788204166785 	 13 	 200 	 472 	 0
1788204166828 	 18 	 200 	 473 	 0
1788204166854 	 12 	 200 	 475 	 1
1788204166865 	 14 	 200 	 475 	 0
1788204166955 	 29 	 200 	 479 	 3
1788204166957 	 33 	 200 	 479 	 2
1788204166983 	 14 	 200 	 479 	 1
1788204166978 	 18 	 200 	 479 	 0
1788204167021 	 23 	 200 	 481 	 1
1788204167025 	 21 	 200 	 481 	 0
1788204167129 	 35 	 200 	 483 	 1
1788204167131 	 35 	 200 	 483 	 0
1788204167181 	 14 	 200 	 484 	 0
1788204167229 	 14 	 200 	 486 	 1
1788204167267 	 15 	 200 	 488 	 2
1788204167274 	 13 	 200 	 488 	 1
1788204167324 	 20 	 200 	 489 	 1
1788204167464 	 13 	 200 	 490 	 1
1788204167543 	 16 	 200 	 493 	 3
1788204167541 	 20 	 200 	 493 	 2
1788204167558 	 14 	 200 	 493 	 1
1788204167215 	 427 	 200 	 494 	 1
1788204167613 	 37 	 200 	 494 	 0
1788204167668 	 13 	 200 	 495 	 0
1788204167698 	 13 	 200 	 497 	 1
1788204167705 	 14 	 200 	 497 	 0
1788204167786 	 31 	 200 	 499 	 1
1788204167797 	 27 	 200 	 499 	 0
1788204167868 	 21 	 200 	 500 	 0
1788204167898 	 14 	 200 	 503 	 2
1788204167899 	 13 	 200 	 503 	 1
1788204167896 	 19 	 200 	 503 	 0
1788204167959 	 16 	 200 	 504 	 0
1788204168034 	 20 	 200 	 505 	 0
1788204168056 	 13 	 200 	 506 	 0
1788204168083 	 32 	 200 	 507 	 0
1788204168235 	 13 	 200 	 508 	 0
1788204168421 	 17 	 200 	 510 	 1
1788204168434 	 17 	 200 	 510 	 0
1788204168489 	 24 	 200 	 511 	 0
1788204168610 	 31 	 200 	 512 	 0
1788204168645 	 30 	 200 	 513 	 0
1788204168736 	 13 	 200 	 514 	 0
1788204168770 	 13 	 200 	 515 	 0
1788204168956 	 31 	 200 	 516 	 0
1788204169004 	 17 	 200 	 518 	 1
1788204169013 	 16 	 200 	 519 	 1
1788204169025 	 15 	 200 	 519 	 0
1788204169047 	 11 	 200 	 520 	 0
1788204169084 	 37 	 200 	 521 	 0
1788204169146 	 31 	 200 	 522 	 0
1788204169240 	 15 	 200 	 523 	 0
1788204169334 	 16 	 200 	 524 	 0
1788204169417 	 19 	 200 	 525 	 0
1788204169450 	 15 	 200 	 526 	 0
1788204169484 	 34 	 200 	 528 	 1
1788204169500 	 32 	 200 	 528 	 0
1788204169561 	 22 	 200 	 530 	 1
1788204169565 	 22 	 200 	 530 	 0
1788204169610 	 14 	 200 	 531 	 0
1788204169695 	 30 	 200 	 533 	 1
1788204169699 	 28 	 200 	 533 	 0
1788204169974 	 22 	 200 	 534 	 0
1788204170087 	 14 	 200 	 536 	 1
1788204170092 	 14 	 200 	 536 	 0
1788204170187 	 14 	 200 	 537 	 0
1788204170239 	 13 	 200 	 538 	 0
1788204170318 	 21 	 200 	 540 	 1
1788204170335 	 13 	 200 	 540 	 0
1788204170386 	 15 	 200 	 542 	 1
1788204170400 	 13 	 200 	 542 	 0
1788204170457 	 28 	 200 	 544 	 1
1788204170459 	 28 	 200 	 544 	 0
1788204170575 	 34 	 200 	 546 	 1
1788204170577 	 32 	 200 	 546 	 0
1788204170677 	 31 	 200 	 547 	 0
1788204170757 	 25 	 200 	 549 	 1
1788204170751 	 46 	 200 	 551 	 2
1788204170785 	 49 	 200 	 553 	 3
1788204170795 	 40 	 200 	 553 	 2
1788204170816 	 44 	 200 	 554 	 2
1788204170832 	 32 	 200 	 554 	 1
1788204170858 	 13 	 200 	 554 	 0
1788204170903 	 38 	 200 	 556 	 1
1788204170939 	 38 	 200 	 558 	 2
1788204170972 	 15 	 200 	 558 	 1
1788204170971 	 25 	 200 	 558 	 0
1788204171091 	 32 	 200 	 560 	 1
1788204171101 	 32 	 200 	 560 	 0
1788204171140 	 21 	 200 	 561 	 0
1788204171254 	 29 	 200 	 562 	 0
1788204171354 	 18 	 200 	 563 	 0
1788204171375 	 88 	 200 	 564 	 0
1788204171502 	 38 	 200 	 565 	 0
1788204171670 	 21 	 200 	 568 	 2
1788204171667 	 26 	 200 	 568 	 1
1788204171677 	 20 	 200 	 568 	 0
1788204171730 	 17 	 200 	 569 	 0
1788204171767 	 13 	 200 	 570 	 0
1788204171803 	 28 	 200 	 572 	 1
1788204171806 	 31 	 200 	 572 	 0
1788204171848 	 15 	 200 	 574 	 1
1788204171852 	 13 	 200 	 574 	 0
1788204171881 	 12 	 200 	 575 	 0
1788204171895 	 13 	 200 	 576 	 0
1788204172174 	 24 	 200 	 577 	 0
1788204172237 	 12 	 200 	 578 	 0
1788204172318 	 19 	 200 	 579 	 0
1788204172358 	 13 	 200 	 580 	 0
1788204172482 	 14 	 200 	 581 	 0
1788204172527 	 18 	 200 	 584 	 2
1788204172540 	 15 	 200 	 584 	 1
1788204172544 	 13 	 200 	 584 	 0
1788204172578 	 16 	 200 	 586 	 1
1788204172592 	 13 	 200 	 586 	 0
1788204172633 	 35 	 200 	 587 	 0
1788204172758 	 37 	 200 	 590 	 2
1788204172768 	 29 	 200 	 590 	 1
1788204172779 	 22 	 200 	 590 	 0
1788204173060 	 16 	 200 	 591 	 0
1788204173113 	 33 	 200 	 592 	 0
1788204173258 	 35 	 200 	 593 	 0
1788204173332 	 24 	 200 	 594 	 0
1788204173538 	 17 	 200 	 595 	 0
1788204173579 	 18 	 200 	 596 	 0
1788204173636 	 32 	 200 	 598 	 1
1788204173665 	 21 	 200 	 598 	 0
1788204173717 	 30 	 200 	 599 	 0
1788204173781 	 32 	 200 	 600 	 0
1788204173886 	 13 	 200 	 601 	 0
1788204173906 	 12 	 200 	 602 	 0
1788204174139 	 34 	 200 	 603 	 0
1788204174176 	 14 	 200 	 604 	 0
1788204174212 	 12 	 200 	 605 	 0
1788204174303 	 14 	 200 	 606 	 0
1788204174409 	 32 	 200 	 607 	 0
1788204174450 	 23 	 200 	 608 	 0
1788204174522 	 13 	 200 	 609 	 0
1788204174538 	 11 	 200 	 610 	 0
1788204174589 	 13 	 200 	 612 	 1
1788204174587 	 17 	 200 	 612 	 0
1788204174609 	 12 	 200 	 614 	 1
1788204174608 	 14 	 200 	 614 	 0
1788204174659 	 32 	 200 	 616 	 1
1788204174685 	 15 	 200 	 616 	 0
1788204174750 	 30 	 200 	 617 	 0
1788204174803 	 34 	 200 	 619 	 1
1788204174833 	 22 	 200 	 619 	 0
1788204174860 	 15 	 200 	 621 	 1
1788204174864 	 16 	 200 	 621 	 0
1788204174904 	 14 	 200 	 623 	 1
1788204174908 	 14 	 200 	 623 	 0
1788204174938 	 13 	 200 	 624 	 0
1788204175019 	 14 	 200 	 625 	 0
1788204175058 	 37 	 200 	 627 	 1
1788204175086 	 17 	 200 	 627 	 0
1788204175173 	 33 	 200 	 628 	 0
1788204175255 	 21 	 200 	 630 	 1
1788204175263 	 24 	 200 	 632 	 2
1788204175278 	 20 	 200 	 632 	 1
1788204175280 	 20 	 200 	 632 	 0
1788204175419 	 34 	 200 	 634 	 1
1788204175432 	 36 	 200 	 634 	 0
1788204175480 	 16 	 200 	 635 	 0
1788204175516 	 13 	 200 	 636 	 0
1788204175544 	 13 	 200 	 637 	 0
1788204175599 	 24 	 200 	 638 	 0
1788204175638 	 13 	 200 	 641 	 2
1788204175634 	 18 	 200 	 641 	 1
1788204175639 	 16 	 200 	 641 	 0
1788204175668 	 15 	 200 	 644 	 2
1788204175676 	 14 	 200 	 644 	 1
1788204175683 	 17 	 200 	 644 	 0
1788204175706 	 12 	 200 	 645 	 0
1788204175735 	 17 	 200 	 646 	 0
1788204175865 	 25 	 200 	 647 	 0
1788204175941 	 17 	 200 	 648 	 0
1788204176053 	 41 	 200 	 649 	 0
1788204176199 	 18 	 200 	 651 	 1
1788204176212 	 15 	 200 	 651 	 0
1788204176230 	 17 	 200 	 652 	 0
1788204176541 	 34 	 200 	 653 	 0
1788204176579 	 12 	 200 	 655 	 1
1788204176591 	 15 	 200 	 655 	 0
1788204176677 	 32 	 200 	 658 	 2
1788204176684 	 29 	 200 	 658 	 1
1788204176695 	 49 	 200 	 658 	 0
1788204176847 	 33 	 200 	 659 	 0
1788204176906 	 19 	 200 	 661 	 1
1788204176919 	 13 	 200 	 661 	 0
1788204176956 	 12 	 200 	 662 	 0
1788204177039 	 15 	 200 	 664 	 1
1788204177054 	 17 	 200 	 664 	 0
1788204177097 	 29 	 200 	 666 	 1
1788204177122 	 16 	 200 	 666 	 0
1788204177156 	 25 	 200 	 667 	 0
1788204177252 	 22 	 200 	 668 	 0
1788204177313 	 15 	 200 	 669 	 0
1788204177366 	 32 	 200 	 670 	 0
1788204177455 	 16 	 200 	 671 	 0
1788204177479 	 15 	 200 	 672 	 0
1788204177544 	 18 	 200 	 673 	 0
1788204177590 	 13 	 200 	 674 	 0
1788204177616 	 14 	 200 	 676 	 1
1788204177628 	 13 	 200 	 676 	 0
1788204177754 	 23 	 200 	 677 	 0
1788204177863 	 22 	 200 	 679 	 1
1788204177845 	 41 	 200 	 679 	 0
1788204177892 	 14 	 200 	 681 	 1
1788204177895 	 15 	 200 	 681 	 0
1788204177919 	 12 	 200 	 682 	 0
1788204177960 	 16 	 200 	 683 	 0
1788204178032 	 24 	 200 	 684 	 0
1788204178068 	 22 	 200 	 686 	 1
1788204178087 	 14 	 200 	 686 	 0
1788204178166 	 45 	 200 	 689 	 2
1788204178185 	 30 	 200 	 689 	 1
1788204178190 	 56 	 200 	 689 	 0
1788204178427 	 33 	 200 	 691 	 1
1788204178452 	 26 	 200 	 691 	 0
1788204178588 	 17 	 200 	 692 	 0
1788204178679 	 30 	 200 	 693 	 0
1788204178790 	 14 	 200 	 697 	 3
1788204178790 	 16 	 200 	 697 	 2
1788204178789 	 19 	 200 	 697 	 1
1788204178799 	 19 	 200 	 697 	 0
1788204178833 	 12 	 200 	 698 	 0
1788204178939 	 18 	 200 	 702 	 3
1788204178943 	 16 	 200 	 702 	 2
1788204178952 	 15 	 200 	 702 	 1
1788204178958 	 14 	 200 	 702 	 0
1788204178973 	 16 	 200 	 704 	 1
1788204178986 	 14 	 200 	 704 	 0
1788204179119 	 47 	 200 	 707 	 2
1788204179125 	 48 	 200 	 707 	 1
1788204179158 	 19 	 200 	 707 	 0
1788204179249 	 13 	 200 	 708 	 0
1788204179411 	 13 	 200 	 710 	 1
1788204179420 	 15 	 200 	 710 	 0
1788204179509 	 41 	 200 	 711 	 0
1788204179589 	 21 	 200 	 714 	 2
1788204179588 	 23 	 200 	 714 	 1
1788204179594 	 20 	 200 	 714 	 0
1788204179620 	 15 	 200 	 716 	 1
1788204179630 	 16 	 200 	 716 	 0
1788204179669 	 13 	 200 	 717 	 0
1788204179717 	 12 	 200 	 718 	 0
1788204179751 	 12 	 200 	 719 	 0
1788204179782 	 21 	 200 	 720 	 0
1788204179815 	 15 	 200 	 721 	 0
1788204179896 	 14 	 200 	 722 	 0
1788204179928 	 14 	 200 	 723 	 0
1788204180015 	 17 	 200 	 724 	 0
1788204180122 	 24 	 200 	 725 	 0
1788204180157 	 27 	 200 	 726 	 0
1788204180191 	 12 	 200 	 728 	 1
1788204180191 	 14 	 200 	 728 	 0
1788204180207 	 12 	 200 	 729 	 0
1788204180224 	 15 	 200 	 730 	 0
1788204180267 	 21 	 200 	 732 	 1
1788204180289 	 16 	 200 	 732 	 0
1788204180309 	 12 	 200 	 734 	 1
1788204180317 	 20 	 200 	 734 	 0
1788204180350 	 18 	 200 	 736 	 1
1788204180358 	 12 	 200 	 736 	 0
1788204180499 	 28 	 200 	 738 	 1
1788204180522 	 17 	 200 	 739 	 1
1788204180533 	 16 	 200 	 740 	 1
1788204180544 	 14 	 200 	 740 	 0
1788204180589 	 25 	 200 	 742 	 1
1788204180591 	 25 	 200 	 743 	 1
1788204180616 	 17 	 200 	 744 	 1
1788204180627 	 15 	 200 	 744 	 0
1788204180686 	 13 	 200 	 745 	 0
1788204180744 	 16 	 200 	 746 	 0
1788204180785 	 19 	 200 	 748 	 1
1788204180791 	 15 	 200 	 748 	 0
1788204180829 	 32 	 200 	 749 	 0
1788204180965 	 17 	 200 	 750 	 0
1788204181017 	 11 	 200 	 751 	 0
1788204181141 	 32 	 200 	 752 	 0
1788204181270 	 22 	 200 	 753 	 0
1788204181298 	 13 	 200 	 754 	 0
1788204181359 	 27 	 200 	 755 	 0
1788204181393 	 73 	 200 	 756 	 0
1788204181557 	 29 	 200 	 757 	 0
1788204181675 	 42 	 200 	 759 	 1
1788204181713 	 23 	 200 	 759 	 0
1788204181752 	 17 	 200 	 760 	 0
1788204181801 	 13 	 200 	 761 	 0
1788204181878 	 17 	 200 	 763 	 1
1788204181893 	 12 	 200 	 763 	 0
1788204181968 	 23 	 200 	 764 	 0
1788204182032 	 30 	 200 	 765 	 0
1788204182132 	 40 	 200 	 767 	 1
1788204182151 	 21 	 200 	 767 	 0
1788204182191 	 16 	 200 	 768 	 0
1788204182220 	 17 	 200 	 769 	 0
1788204182262 	 38 	 200 	 770 	 0
1788204182335 	 26 	 200 	 771 	 0
1788204182394 	 32 	 200 	 772 	 0
1788204182474 	 24 	 200 	 774 	 1
1788204182481 	 18 	 200 	 774 	 0
1788204182846 	 34 	 200 	 775 	 0
1788204182917 	 32 	 200 	 777 	 1
1788204182927 	 27 	 200 	 777 	 0
1788204182996 	 14 	 200 	 778 	 0
1788204183258 	 18 	 200 	 781 	 2
1788204183262 	 15 	 200 	 781 	 1
1788204183277 	 14 	 200 	 781 	 0
1788204183342 	 38 	 200 	 782 	 0
1788204183437 	 19 	 200 	 783 	 0
1788204183558 	 28 	 200 	 785 	 1
1788204183555 	 44 	 200 	 786 	 1
1788204183592 	 14 	 200 	 786 	 0
1788204183608 	 14 	 200 	 788 	 1
1788204183619 	 13 	 200 	 788 	 0
1788204183652 	 29 	 200 	 790 	 1
1788204183657 	 25 	 200 	 790 	 0
1788204183695 	 13 	 200 	 792 	 1
1788204183699 	 11 	 200 	 792 	 0
1788204183713 	 14 	 200 	 793 	 0
1788204183872 	 35 	 200 	 796 	 2
1788204183869 	 41 	 200 	 796 	 1
1788204183887 	 24 	 200 	 796 	 0
1788204183926 	 14 	 200 	 797 	 0
1788204184021 	 16 	 200 	 799 	 1
1788204184090 	 17 	 200 	 800 	 1
1788204183987 	 138 	 200 	 800 	 0
1788204184172 	 13 	 200 	 801 	 0
1788204184219 	 30 	 200 	 803 	 1
1788204184219 	 28 	 200 	 803 	 0
1788204184258 	 14 	 200 	 805 	 1
1788204184265 	 19 	 200 	 805 	 0
1788204184290 	 14 	 200 	 806 	 0
1788204184325 	 22 	 200 	 808 	 1
1788204184346 	 12 	 200 	 808 	 0
1788204184376 	 14 	 200 	 809 	 0
1788204184432 	 12 	 200 	 810 	 0
1788204184626 	 19 	 200 	 812 	 1
1788204184701 	 16 	 200 	 817 	 5
1788204184712 	 32 	 200 	 817 	 4
1788204184706 	 41 	 200 	 817 	 3
1788204184714 	 36 	 200 	 817 	 2
1788204184676 	 118 	 200 	 820 	 4
1788204184777 	 26 	 200 	 820 	 3
1788204184859 	 18 	 200 	 822 	 4
1788204184780 	 101 	 200 	 822 	 3
1788204184871 	 24 	 200 	 823 	 3
1788204184790 	 105 	 200 	 823 	 2
1788204184980 	 17 	 200 	 824 	 2
1788204184884 	 115 	 200 	 824 	 1
1788204184505 	 505 	 200 	 824 	 0
1788204185111 	 37 	 200 	 826 	 1
1788204185127 	 27 	 200 	 826 	 0
1788204185188 	 16 	 200 	 827 	 0
1788204185227 	 16 	 200 	 828 	 0
1788204185272 	 13 	 200 	 829 	 0
1788204185372 	 13 	 200 	 830 	 0
1788204185430 	 14 	 200 	 831 	 0
1788204185446 	 13 	 200 	 832 	 0
1788204185461 	 13 	 200 	 834 	 1
1788204185470 	 14 	 200 	 834 	 0
1788204185497 	 14 	 200 	 835 	 0
1788204185539 	 14 	 200 	 837 	 1
1788204185549 	 13 	 200 	 837 	 0
1788204185567 	 17 	 200 	 838 	 0
1788204185623 	 36 	 200 	 840 	 1
1788204185646 	 34 	 200 	 841 	 1
1788204185673 	 22 	 200 	 841 	 0
1788204185732 	 34 	 200 	 843 	 1
1788204185763 	 12 	 200 	 843 	 0
1788204185832 	 29 	 200 	 844 	 0
1788204186090 	 13 	 200 	 845 	 0
1788204186106 	 12 	 200 	 846 	 0
1788204186121 	 12 	 200 	 847 	 0
1788204186172 	 33 	 200 	 848 	 0
1788204186215 	 28 	 200 	 850 	 1
1788204186238 	 18 	 200 	 850 	 0
1788204186297 	 16 	 200 	 851 	 0
1788204186375 	 14 	 200 	 852 	 0
1788204186406 	 14 	 200 	 853 	 0
1788204186436 	 25 	 200 	 854 	 0
1788204186520 	 14 	 200 	 856 	 1
1788204186534 	 14 	 200 	 856 	 0
1788204186596 	 18 	 200 	 858 	 1
1788204186705 	 14 	 200 	 859 	 1
1788204186746 	 14 	 200 	 861 	 2
1788204186761 	 15 	 200 	 862 	 2
1788204186769 	 29 	 200 	 862 	 1
1788204186918 	 25 	 200 	 863 	 1
1788204186593 	 387 	 200 	 863 	 0
1788204187065 	 14 	 200 	 865 	 1
1788204187180 	 24 	 200 	 868 	 3
1788204187192 	 16 	 200 	 868 	 2
1788204187245 	 56 	 200 	 869 	 2
1788204187333 	 68 	 200 	 872 	 4
1788204187376 	 26 	 200 	 872 	 3
1788204187335 	 69 	 200 	 872 	 2
1788204187441 	 13 	 200 	 873 	 2
1788204187488 	 23 	 200 	 874 	 2
1788204187554 	 48 	 200 	 876 	 3
1788204187566 	 73 	 200 	 877 	 3
1788204187619 	 24 	 200 	 877 	 2
1788204187689 	 24 	 200 	 878 	 2
1788204187732 	 22 	 200 	 879 	 2
1788204187765 	 38 	 200 	 882 	 4
1788204187757 	 48 	 200 	 883 	 4
1788204187785 	 54 	 200 	 884 	 4
1788204187061 	 847 	 200 	 885 	 4
1788204187852 	 57 	 200 	 885 	 3
1788204187804 	 199 	 200 	 888 	 5
1788204187936 	 67 	 200 	 888 	 4
1788204187973 	 31 	 200 	 888 	 3
1788204187822 	 188 	 200 	 888 	 2
1788204187994 	 48 	 200 	 888 	 1
1788204187186 	 875 	 200 	 888 	 0
1788204188254 	 30 	 200 	 889 	 0
1788204188355 	 19 	 200 	 891 	 1
1788204188366 	 16 	 200 	 891 	 0
1788204188566 	 34 	 200 	 892 	 0
1788204188869 	 22 	 200 	 893 	 0
1788204188980 	 21 	 200 	 894 	 0
1788204189032 	 14 	 200 	 895 	 0
1788204189115 	 24 	 200 	 898 	 2
1788204189113 	 32 	 200 	 898 	 1
1788204189126 	 21 	 200 	 898 	 0
1788204189243 	 13 	 200 	 899 	 0
1788204189270 	 30 	 200 	 901 	 1
1788204189296 	 30 	 200 	 901 	 0
1788204189341 	 11 	 200 	 902 	 0
1788204189394 	 15 	 200 	 904 	 1
1788204189394 	 15 	 200 	 904 	 0
1788204189466 	 23 	 200 	 906 	 1
1788204189482 	 13 	 200 	 906 	 0
1788204189547 	 18 	 200 	 907 	 0
1788204189574 	 12 	 200 	 908 	 0
1788204189605 	 34 	 200 	 910 	 1
1788204189620 	 29 	 200 	 910 	 0
1788204189672 	 22 	 200 	 912 	 1
1788204189681 	 15 	 200 	 912 	 0
1788204189838 	 34 	 200 	 913 	 0
1788204189889 	 12 	 200 	 914 	 0
1788204189919 	 15 	 200 	 915 	 0
1788204190030 	 45 	 200 	 916 	 0
1788204190093 	 16 	 200 	 917 	 0
1788204190284 	 13 	 200 	 918 	 0
1788204190314 	 21 	 200 	 919 	 0
1788204190380 	 17 	 200 	 921 	 1
1788204190383 	 14 	 200 	 921 	 0
1788204190426 	 13 	 200 	 922 	 0
1788204190447 	 25 	 200 	 925 	 2
1788204190457 	 15 	 200 	 925 	 1
1788204190450 	 25 	 200 	 925 	 0
1788204190549 	 34 	 200 	 926 	 0
1788204190598 	 13 	 200 	 928 	 1
1788204190607 	 15 	 200 	 929 	 1
1788204190616 	 16 	 200 	 929 	 0
1788204190646 	 12 	 200 	 930 	 0
1788204190673 	 15 	 200 	 931 	 0
1788204190821 	 15 	 200 	 932 	 0
1788204190852 	 23 	 200 	 933 	 0
1788204191009 	 14 	 200 	 934 	 0
1788204191051 	 17 	 200 	 936 	 1
1788204191062 	 18 	 200 	 937 	 1
1788204191077 	 15 	 200 	 937 	 0
1788204191168 	 22 	 200 	 939 	 1
1788204191162 	 31 	 200 	 939 	 0
1788204191197 	 13 	 200 	 940 	 0
1788204191230 	 13 	 200 	 942 	 1
1788204191242 	 12 	 200 	 942 	 0
1788204191298 	 33 	 200 	 943 	 0
1788204191343 	 27 	 200 	 944 	 0
1788204191511 	 36 	 200 	 946 	 1
1788204191530 	 31 	 200 	 946 	 0
1788204191600 	 21 	 200 	 947 	 0
1788204191649 	 33 	 200 	 949 	 1
1788204191680 	 18 	 200 	 949 	 0
1788204191886 	 33 	 200 	 950 	 0
1788204191928 	 16 	 200 	 951 	 0
1788204192063 	 17 	 200 	 952 	 0
1788204192139 	 40 	 200 	 954 	 1
1788204192181 	 15 	 200 	 954 	 0
1788204192229 	 20 	 200 	 955 	 0
1788204192313 	 35 	 200 	 956 	 0
1788204192375 	 17 	 200 	 957 	 0
1788204192439 	 12 	 200 	 958 	 0
1788204192466 	 11 	 200 	 959 	 0
1788204192503 	 34 	 200 	 960 	 0
1788204192610 	 20 	 200 	 961 	 0
1788204192691 	 39 	 200 	 962 	 0
1788204192892 	 33 	 200 	 964 	 1
1788204192896 	 30 	 200 	 964 	 0
1788204192948 	 30 	 200 	 966 	 1
1788204192978 	 22 	 200 	 967 	 1
1788204192986 	 17 	 200 	 967 	 0
1788204193026 	 14 	 200 	 968 	 0
1788204193103 	 37 	 200 	 969 	 0
1788204193184 	 15 	 200 	 970 	 0
1788204193280 	 30 	 200 	 971 	 0
1788204193400 	 29 	 200 	 972 	 0
1788204193485 	 15 	 200 	 974 	 1
1788204193464 	 39 	 200 	 974 	 0
1788204193519 	 24 	 200 	 977 	 2
1788204193533 	 14 	 200 	 977 	 1
1788204193526 	 20 	 200 	 977 	 0
1788204193556 	 20 	 200 	 978 	 0
1788204193626 	 14 	 200 	 979 	 0
1788204193667 	 17 	 200 	 980 	 0
1788204193840 	 33 	 200 	 982 	 1
1788204193856 	 23 	 200 	 982 	 0
1788204193904 	 20 	 200 	 983 	 0
1788204193939 	 12 	 200 	 984 	 0
1788204193990 	 36 	 200 	 986 	 1
1788204194025 	 31 	 200 	 987 	 1
1788204194056 	 34 	 200 	 987 	 0
1788204194312 	 33 	 200 	 989 	 1
1788204194347 	 26 	 200 	 990 	 1
1788204194356 	 21 	 200 	 990 	 0
1788204194385 	 13 	 200 	 991 	 0
1788204194431 	 13 	 200 	 992 	 0
1788204194565 	 24 	 200 	 993 	 0
1788204194619 	 12 	 200 	 994 	 0
1788204194652 	 16 	 200 	 995 	 0
1788204194750 	 32 	 200 	 998 	 2
1788204194748 	 37 	 200 	 998 	 1
1788204194772 	 23 	 200 	 999 	 1
1788204194794 	 13 	 200 	 999 	 0
1788204194893 	 20 	 200 	 1001 	 1
1788204194901 	 16 	 200 	 1001 	 0
1788204195028 	 26 	 200 	 1002 	 0
1788204195071 	 14 	 200 	 1003 	 0
1788204195108 	 25 	 200 	 1004 	 0
1788204195177 	 13 	 200 	 1005 	 0
1788204195268 	 25 	 200 	 1006 	 0
1788204195295 	 13 	 200 	 1007 	 0
1788204195334 	 14 	 200 	 1009 	 1
1788204195340 	 15 	 200 	 1009 	 0
1788204195362 	 11 	 200 	 1010 	 0
1788204195392 	 35 	 200 	 1011 	 0
1788204195484 	 31 	 200 	 1014 	 2
1788204195486 	 31 	 200 	 1014 	 2
1788204195512 	 18 	 200 	 1015 	 1
1788204195519 	 15 	 200 	 1015 	 0
1788204195601 	 22 	 200 	 1018 	 2
1788204195590 	 35 	 200 	 1018 	 1
1788204195596 	 30 	 200 	 1018 	 0
1788204195641 	 20 	 200 	 1019 	 0
1788204195687 	 28 	 200 	 1023 	 3
1788204195691 	 30 	 200 	 1023 	 2
1788204195693 	 31 	 200 	 1023 	 1
1788204195712 	 19 	 200 	 1023 	 0
1788204195830 	 13 	 200 	 1024 	 0
1788204195861 	 13 	 200 	 1025 	 0
1788204195912 	 38 	 200 	 1027 	 1
1788204195944 	 24 	 200 	 1027 	 0
1788204195994 	 15 	 200 	 1028 	 0
1788204196025 	 12 	 200 	 1029 	 0
1788204196106 	 30 	 200 	 1030 	 0
1788204196190 	 37 	 200 	 1031 	 0
1788204196281 	 29 	 200 	 1032 	 0
1788204196347 	 25 	 200 	 1033 	 0
1788204196435 	 19 	 200 	 1035 	 1
1788204196446 	 15 	 200 	 1035 	 0
1788204196504 	 30 	 200 	 1036 	 0
1788204196550 	 39 	 200 	 1040 	 3
1788204196572 	 17 	 200 	 1040 	 2
1788204196584 	 16 	 200 	 1040 	 1
1788204196589 	 12 	 200 	 1040 	 0
1788204196622 	 30 	 200 	 1042 	 1
1788204196643 	 12 	 200 	 1042 	 0
1788204196713 	 32 	 200 	 1043 	 0
1788204196827 	 18 	 200 	 1045 	 1
1788204196846 	 13 	 200 	 1045 	 0
1788204196921 	 31 	 200 	 1046 	 0
1788204196962 	 14 	 200 	 1048 	 1
1788204196975 	 14 	 200 	 1050 	 2
1788204196980 	 15 	 200 	 1050 	 1
1788204196979 	 18 	 200 	 1050 	 0
1788204197048 	 24 	 200 	 1052 	 1
1788204197063 	 16 	 200 	 1053 	 1
1788204197080 	 14 	 200 	 1053 	 0
1788204197113 	 20 	 200 	 1055 	 1
1788204197122 	 15 	 200 	 1055 	 0
1788204197143 	 12 	 200 	 1056 	 0
1788204197295 	 17 	 200 	 1058 	 1
1788204197297 	 16 	 200 	 1058 	 0
1788204197419 	 27 	 200 	 1059 	 0
1788204197479 	 14 	 200 	 1060 	 0
1788204197576 	 25 	 200 	 1061 	 0
1788204197618 	 16 	 200 	 1062 	 0
1788204197674 	 33 	 200 	 1063 	 0
1788204197987 	 17 	 200 	 1064 	 0
1788204198060 	 19 	 200 	 1065 	 0
1788204198127 	 29 	 200 	 1068 	 2
1788204198123 	 33 	 200 	 1068 	 1
1788204198132 	 26 	 200 	 1068 	 0
1788204198162 	 17 	 200 	 1070 	 1
1788204198177 	 17 	 200 	 1071 	 1
1788204198191 	 13 	 200 	 1072 	 1
1788204198205 	 13 	 200 	 1073 	 1
1788204198206 	 21 	 200 	 1073 	 0
1788204198272 	 17 	 200 	 1074 	 0
1788204198322 	 13 	 200 	 1075 	 0
1788204198345 	 32 	 200 	 1076 	 0
1788204198394 	 30 	 200 	 1078 	 1
1788204198411 	 19 	 200 	 1078 	 0
1788204198468 	 20 	 200 	 1079 	 0
1788204198529 	 14 	 200 	 1080 	 0
1788204198564 	 14 	 200 	 1081 	 0
1788204198666 	 36 	 200 	 1082 	 0
1788204198799 	 25 	 200 	 1083 	 0
1788204198844 	 30 	 200 	 1084 	 0
1788204198980 	 32 	 200 	 1086 	 1
1788204198983 	 33 	 200 	 1086 	 0
1788204199029 	 33 	 200 	 1087 	 0
1788204199145 	 42 	 200 	 1090 	 3
1788204199173 	 30 	 200 	 1091 	 2
1788204199177 	 28 	 200 	 1091 	 1
1788204199190 	 21 	 200 	 1091 	 0
1788204199220 	 21 	 200 	 1092 	 0
1788204199269 	 31 	 200 	 1094 	 1
1788204199300 	 26 	 200 	 1096 	 2
1788204199305 	 25 	 200 	 1096 	 1
1788204199319 	 19 	 200 	 1097 	 1
1788204199338 	 18 	 200 	 1097 	 0
1788204199558 	 15 	 200 	 1098 	 0
1788204199588 	 12 	 200 	 1099 	 0
1788204199633 	 34 	 200 	 1102 	 2
1788204199631 	 38 	 200 	 1102 	 1
1788204199660 	 18 	 200 	 1102 	 0
1788204199720 	 21 	 200 	 1103 	 0
1788204199842 	 20 	 200 	 1105 	 1
1788204199854 	 13 	 200 	 1105 	 0
1788204199876 	 13 	 200 	 1107 	 1
1788204199874 	 22 	 200 	 1107 	 0
1788204199933 	 24 	 200 	 1108 	 0
1788204200000 	 32 	 200 	 1109 	 0
1788204200044 	 33 	 200 	 1110 	 0
1788204200153 	 23 	 200 	 1114 	 3
1788204200159 	 19 	 200 	 1114 	 2
1788204200127 	 68 	 200 	 1115 	 2
1788204200141 	 54 	 200 	 1115 	 1
1788204200191 	 14 	 200 	 1116 	 2
1788204200199 	 13 	 200 	 1117 	 1
1788204200206 	 13 	 200 	 1118 	 1
1788204200216 	 12 	 200 	 1119 	 1
1788204200225 	 15 	 200 	 1120 	 1
1788204200236 	 13 	 200 	 1120 	 0
1788204200272 	 13 	 200 	 1121 	 0
1788204200438 	 20 	 200 	 1122 	 0
1788204200476 	 15 	 200 	 1123 	 0
1788204200499 	 12 	 200 	 1124 	 0
1788204200521 	 11 	 200 	 1125 	 0
1788204200547 	 30 	 200 	 1126 	 0
1788204200586 	 12 	 200 	 1127 	 0
1788204200608 	 14 	 200 	 1128 	 0
1788204200633 	 15 	 200 	 1129 	 0
1788204200723 	 38 	 200 	 1130 	 0
1788204200787 	 16 	 200 	 1133 	 2
1788204200796 	 13 	 200 	 1133 	 1
1788204200800 	 12 	 200 	 1133 	 0
1788204200895 	 43 	 200 	 1135 	 1
1788204200937 	 19 	 200 	 1135 	 0
1788204200989 	 14 	 200 	 1136 	 0
1788204201015 	 12 	 200 	 1137 	 0
1788204201057 	 26 	 200 	 1138 	 0
1788204201127 	 33 	 200 	 1140 	 1
1788204201139 	 30 	 200 	 1140 	 0
1788204201245 	 12 	 200 	 1142 	 1
1788204201248 	 12 	 200 	 1142 	 0
1788204201289 	 13 	 200 	 1143 	 0
1788204201317 	 13 	 200 	 1144 	 0
1788204201402 	 35 	 200 	 1145 	 0
1788204201449 	 14 	 200 	 1148 	 2
1788204201462 	 13 	 200 	 1148 	 1
1788204201459 	 17 	 200 	 1148 	 0
1788204201509 	 14 	 200 	 1149 	 0
1788204201529 	 13 	 200 	 1152 	 2
1788204201535 	 13 	 200 	 1152 	 1
1788204201540 	 14 	 200 	 1152 	 0
1788204201607 	 32 	 200 	 1153 	 0
1788204201764 	 24 	 200 	 1155 	 1
1788204201774 	 19 	 200 	 1155 	 0
1788204201798 	 12 	 200 	 1156 	 0
1788204201861 	 17 	 200 	 1157 	 0
1788204201882 	 26 	 200 	 1158 	 0
1788204201957 	 13 	 200 	 1159 	 0
1788204202087 	 17 	 200 	 1161 	 1
1788204202102 	 12 	 200 	 1161 	 0
1788204202163 	 33 	 200 	 1162 	 0
1788204202253 	 25 	 200 	 1164 	 1
1788204202274 	 13 	 200 	 1164 	 0
1788204202303 	 14 	 200 	 1165 	 0
1788204202344 	 13 	 200 	 1166 	 0
1788204202400 	 33 	 200 	 1167 	 0
1788204202450 	 12 	 200 	 1168 	 0
1788204202469 	 17 	 200 	 1169 	 0
1788204202552 	 12 	 200 	 1170 	 0
1788204202621 	 30 	 200 	 1171 	 0
1788204202681 	 12 	 200 	 1172 	 0
1788204202697 	 12 	 200 	 1173 	 0
1788204202851 	 28 	 200 	 1174 	 0
1788204202937 	 40 	 200 	 1176 	 1
1788204202968 	 13 	 200 	 1176 	 0
1788204203124 	 21 	 200 	 1178 	 1
1788204203143 	 13 	 200 	 1178 	 0
1788204203192 	 38 	 200 	 1179 	 0
1788204203259 	 26 	 200 	 1181 	 1
1788204203323 	 18 	 200 	 1182 	 1
1788204203343 	 12 	 200 	 1183 	 1
1788204203264 	 92 	 200 	 1183 	 0
1788204203381 	 12 	 200 	 1184 	 0
1788204203401 	 13 	 200 	 1185 	 0
1788204203487 	 15 	 200 	 1186 	 0
1788204203625 	 28 	 200 	 1188 	 1
1788204203615 	 41 	 200 	 1188 	 0
1788204203734 	 15 	 200 	 1190 	 1
1788204203741 	 13 	 200 	 1190 	 0
1788204203759 	 14 	 200 	 1192 	 1
1788204203759 	 15 	 200 	 1192 	 0
1788204203795 	 26 	 200 	 1193 	 0
1788204203867 	 22 	 200 	 1195 	 1
1788204203887 	 13 	 200 	 1195 	 0
1788204203910 	 13 	 200 	 1196 	 0
1788204203929 	 12 	 200 	 1197 	 0
1788204203955 	 13 	 200 	 1198 	 0
1788204204002 	 37 	 200 	 1201 	 2
1788204204012 	 29 	 200 	 1201 	 1
1788204204029 	 29 	 200 	 1201 	 0
1788204204080 	 18 	 200 	 1203 	 1
1788204204086 	 14 	 200 	 1203 	 0
1788204204260 	 28 	 200 	 1205 	 1
1788204204279 	 17 	 200 	 1205 	 0
1788204204309 	 13 	 200 	 1207 	 1
1788204204315 	 13 	 200 	 1207 	 0
1788204204515 	 17 	 200 	 1210 	 2
1788204204485 	 47 	 200 	 1210 	 1
1788204204528 	 14 	 200 	 1210 	 0
1788204204553 	 13 	 200 	 1211 	 0
1788204204617 	 37 	 200 	 1213 	 1
1788204204642 	 19 	 200 	 1213 	 0
1788204204703 	 16 	 200 	 1215 	 1
1788204204707 	 15 	 200 	 1215 	 0
1788204204762 	 24 	 200 	 1216 	 0
1788204204799 	 13 	 200 	 1218 	 1
1788204204812 	 12 	 200 	 1218 	 0
1788204204830 	 12 	 200 	 1219 	 0
1788204204870 	 34 	 200 	 1220 	 0
1788204204957 	 31 	 200 	 1223 	 2
1788204204974 	 17 	 200 	 1223 	 1
1788204204971 	 20 	 200 	 1223 	 0
1788204205002 	 13 	 200 	 1224 	 0
1788204205121 	 30 	 200 	 1225 	 0
1788204205194 	 42 	 200 	 1228 	 2
1788204205204 	 34 	 200 	 1228 	 1
1788204205222 	 22 	 200 	 1228 	 0
1788204205293 	 27 	 200 	 1230 	 1
1788204205287 	 36 	 200 	 1230 	 0
1788204205376 	 40 	 200 	 1233 	 2
1788204205409 	 58 	 200 	 1235 	 3
1788204205461 	 34 	 200 	 1235 	 2
1788204205465 	 33 	 200 	 1235 	 1
1788204205524 	 19 	 200 	 1236 	 1
1788204205549 	 12 	 200 	 1237 	 1
1788204205582 	 66 	 200 	 1238 	 1
1788204205702 	 73 	 200 	 1239 	 1
1788204205377 	 432 	 200 	 1240 	 1
1788204205798 	 12 	 200 	 1240 	 0
1788204205914 	 29 	 200 	 1242 	 1
1788204205940 	 18 	 200 	 1242 	 0
1788204206024 	 33 	 200 	 1243 	 0
1788204206135 	 35 	 200 	 1245 	 1
1788204206165 	 33 	 200 	 1246 	 1
1788204206185 	 19 	 200 	 1246 	 0
1788204206279 	 37 	 200 	 1248 	 1
1788204206316 	 27 	 200 	 1248 	 0
1788204206385 	 37 	 200 	 1250 	 1
1788204206398 	 24 	 200 	 1250 	 0
1788204206426 	 12 	 200 	 1251 	 0
1788204206461 	 12 	 200 	 1252 	 0
1788204206542 	 30 	 200 	 1253 	 0
1788204206578 	 13 	 200 	 1254 	 0
1788204206665 	 32 	 200 	 1256 	 1
1788204206668 	 34 	 200 	 1256 	 0
1788204206721 	 27 	 200 	 1260 	 3
1788204206725 	 25 	 200 	 1260 	 2
1788204206723 	 33 	 200 	 1260 	 1
1788204206727 	 30 	 200 	 1260 	 0
1788204206771 	 13 	 200 	 1261 	 0
1788204206820 	 15 	 200 	 1262 	 0
1788204206850 	 17 	 200 	 1263 	 0
1788204206884 	 16 	 200 	 1264 	 0
1788204207050 	 24 	 200 	 1265 	 0
1788204207160 	 12 	 200 	 1266 	 0
1788204207185 	 17 	 200 	 1267 	 0
1788204207218 	 23 	 200 	 1268 	 0
1788204207276 	 33 	 200 	 1270 	 1
1788204207304 	 38 	 200 	 1272 	 2
1788204207334 	 23 	 200 	 1272 	 1
1788204207336 	 22 	 200 	 1272 	 0
1788204207429 	 52 	 200 	 1273 	 0
1788204207573 	 36 	 200 	 1275 	 1
1788204207597 	 28 	 200 	 1275 	 0
1788204207692 	 38 	 200 	 1277 	 1
1788204207701 	 37 	 200 	 1277 	 0
1788204207784 	 15 	 200 	 1279 	 1
1788204207795 	 12 	 200 	 1279 	 0
1788204207896 	 31 	 200 	 1280 	 0
1788204207930 	 15 	 200 	 1281 	 0
1788204207951 	 16 	 200 	 1284 	 2
1788204207953 	 16 	 200 	 1284 	 1
1788204207962 	 13 	 200 	 1284 	 0
1788204208054 	 29 	 200 	 1285 	 0
1788204208171 	 32 	 200 	 1286 	 0
1788204208292 	 51 	 200 	 1287 	 0
1788204208348 	 13 	 200 	 1288 	 0
1788204208368 	 13 	 200 	 1289 	 0
1788204208428 	 17 	 200 	 1291 	 1
1788204208438 	 16 	 200 	 1291 	 0
1788204208678 	 21 	 200 	 1294 	 2
1788204208655 	 47 	 200 	 1294 	 1
1788204208684 	 20 	 200 	 1294 	 0
1788204208750 	 26 	 200 	 1295 	 0
1788204208794 	 17 	 200 	 1296 	 0
1788204208857 	 16 	 200 	 1297 	 0
1788204208898 	 17 	 200 	 1298 	 0
1788204208922 	 11 	 200 	 1299 	 0
1788204209050 	 33 	 200 	 1301 	 1
1788204209070 	 36 	 200 	 1302 	 1
1788204209098 	 26 	 200 	 1303 	 1
1788204209110 	 15 	 200 	 1303 	 0
1788204209198 	 13 	 200 	 1305 	 1
1788204209211 	 12 	 200 	 1305 	 0
1788204209316 	 12 	 200 	 1306 	 0
1788204209388 	 33 	 200 	 1309 	 2
1788204209403 	 32 	 200 	 1309 	 1
1788204209409 	 28 	 200 	 1309 	 0
1788204209475 	 13 	 200 	 1310 	 0
1788204209587 	 22 	 200 	 1311 	 0
1788204209647 	 33 	 200 	 1313 	 1
1788204209679 	 14 	 200 	 1313 	 0
1788204209729 	 34 	 200 	 1314 	 0
1788204209779 	 20 	 200 	 1317 	 2
1788204209785 	 16 	 200 	 1317 	 1
1788204209800 	 14 	 200 	 1317 	 0
1788204209860 	 13 	 200 	 1318 	 0
1788204209927 	 15 	 200 	 1319 	 0
1788204210005 	 43 	 200 	 1320 	 0
1788204210066 	 20 	 200 	 1321 	 0
1788204210095 	 15 	 200 	 1322 	 0
1788204210131 	 13 	 200 	 1323 	 0
1788204210157 	 13 	 200 	 1324 	 0
1788204210257 	 14 	 200 	 1326 	 1
1788204210264 	 14 	 200 	 1326 	 0
1788204210453 	 14 	 200 	 1327 	 0
1788204210515 	 30 	 200 	 1329 	 1
1788204210517 	 35 	 200 	 1329 	 0
1788204210597 	 31 	 200 	 1330 	 0
1788204210650 	 28 	 200 	 1332 	 1
1788204210676 	 20 	 200 	 1333 	 1
1788204210687 	 12 	 200 	 1333 	 0
1788204210832 	 32 	 200 	 1334 	 0
1788204211007 	 30 	 200 	 1337 	 2
1788204211005 	 38 	 200 	 1337 	 1
1788204211025 	 18 	 200 	 1337 	 0
1788204211106 	 17 	 200 	 1338 	 0
1788204211243 	 15 	 200 	 1339 	 0
1788204211327 	 35 	 200 	 1340 	 0
1788204211383 	 13 	 200 	 1341 	 0
1788204211452 	 15 	 200 	 1342 	 0
1788204211584 	 40 	 200 	 1344 	 1
1788204211614 	 29 	 200 	 1344 	 0
1788204211878 	 31 	 200 	 1346 	 1
1788204211901 	 25 	 200 	 1346 	 0
1788204211934 	 13 	 200 	 1347 	 0
1788204212028 	 37 	 200 	 1350 	 2
1788204212042 	 30 	 200 	 1350 	 1
1788204212044 	 35 	 200 	 1351 	 1
1788204212079 	 12 	 200 	 1351 	 0
1788204212163 	 19 	 200 	 1352 	 0
1788204212217 	 39 	 200 	 1354 	 1
1788204212223 	 37 	 200 	 1354 	 0
1788204212315 	 35 	 200 	 1355 	 0
1788204212613 	 28 	 200 	 1357 	 1
1788204212609 	 35 	 200 	 1357 	 0
1788204212689 	 35 	 200 	 1358 	 0
1788204212736 	 15 	 200 	 1359 	 0
1788204212793 	 16 	 200 	 1360 	 0
1788204212978 	 34 	 200 	 1361 	 0
1788204213109 	 38 	 200 	 1362 	 0
1788204213150 	 34 	 200 	 1366 	 3
1788204213166 	 22 	 200 	 1366 	 2
1788204213160 	 28 	 200 	 1366 	 1
1788204213180 	 17 	 200 	 1366 	 0
1788204213221 	 12 	 200 	 1367 	 0
1788204213247 	 14 	 200 	 1368 	 0
1788204213292 	 16 	 200 	 1369 	 0
1788204213343 	 14 	 200 	 1370 	 0
1788204213432 	 37 	 200 	 1372 	 1
1788204213435 	 38 	 200 	 1372 	 0
1788204213501 	 16 	 200 	 1373 	 0
1788204213529 	 12 	 200 	 1374 	 0
1788204213591 	 12 	 200 	 1375 	 0
1788204213695 	 40 	 200 	 1378 	 2
1788204213713 	 26 	 200 	 1378 	 1
1788204213720 	 23 	 200 	 1378 	 0
1788204213791 	 30 	 200 	 1379 	 0
1788204213862 	 21 	 200 	 1380 	 0
1788204213910 	 15 	 200 	 1381 	 0
1788204213932 	 12 	 200 	 1382 	 0
1788204214000 	 28 	 200 	 1384 	 1
1788204214018 	 18 	 200 	 1384 	 0
1788204214122 	 14 	 200 	 1385 	 0
1788204214205 	 15 	 200 	 1386 	 0
1788204214232 	 13 	 200 	 1387 	 0
1788204214297 	 38 	 200 	 1390 	 2
1788204214317 	 41 	 200 	 1392 	 3
1788204214334 	 25 	 200 	 1393 	 3
1788204214351 	 17 	 200 	 1393 	 2
1788204214360 	 13 	 200 	 1393 	 1
1788204214350 	 27 	 200 	 1393 	 0
1788204214524 	 39 	 200 	 1396 	 2
1788204214558 	 32 	 200 	 1396 	 1
1788204214561 	 29 	 200 	 1396 	 0
1788204214605 	 17 	 200 	 1397 	 0
1788204214673 	 12 	 200 	 1398 	 0
1788204214712 	 24 	 200 	 1399 	 0
1788204214739 	 16 	 200 	 1400 	 0
1788204214776 	 12 	 200 	 1401 	 0
1788204214793 	 13 	 200 	 1402 	 0
1788204214819 	 16 	 200 	 1404 	 1
1788204214821 	 18 	 200 	 1404 	 0
1788204214858 	 24 	 200 	 1405 	 0
1788204214916 	 13 	 200 	 1406 	 0
1788204215002 	 36 	 200 	 1409 	 2
1788204215018 	 27 	 200 	 1409 	 1
1788204215029 	 20 	 200 	 1409 	 0
1788204215071 	 17 	 200 	 1410 	 0
1788204215151 	 30 	 200 	 1411 	 0
1788204215205 	 16 	 200 	 1413 	 1
1788204215214 	 27 	 200 	 1413 	 0
1788204215306 	 33 	 200 	 1414 	 0
1788204215360 	 17 	 200 	 1415 	 0
1788204215385 	 13 	 200 	 1416 	 0
1788204215421 	 12 	 200 	 1417 	 0
1788204215496 	 14 	 200 	 1418 	 0
1788204215520 	 18 	 200 	 1419 	 0
1788204215605 	 13 	 200 	 1422 	 2
1788204215606 	 17 	 200 	 1422 	 1
1788204215576 	 176 	 200 	 1422 	 0
1788204215773 	 14 	 200 	 1423 	 0
1788204215792 	 13 	 200 	 1424 	 0
1788204215827 	 31 	 200 	 1425 	 0
1788204215889 	 13 	 200 	 1427 	 1
1788204215898 	 13 	 200 	 1427 	 0
1788204215916 	 15 	 200 	 1428 	 0
1788204216009 	 13 	 200 	 1429 	 0
1788204216034 	 13 	 200 	 1430 	 0
1788204216101 	 30 	 200 	 1432 	 1
1788204216265 	 13 	 200 	 1433 	 1
1788204216280 	 18 	 200 	 1434 	 1
1788204216132 	 222 	 200 	 1434 	 0
1788204216364 	 22 	 200 	 1435 	 0
1788204216463 	 20 	 200 	 1436 	 0
1788204216605 	 39 	 200 	 1437 	 0
1788204216767 	 19 	 200 	 1438 	 0
1788204216788 	 15 	 200 	 1439 	 0
1788204216867 	 37 	 200 	 1441 	 1
1788204216900 	 34 	 200 	 1441 	 0
1788204216954 	 27 	 200 	 1443 	 2
1788204216974 	 17 	 200 	 1444 	 1
1788204216983 	 19 	 200 	 1445 	 1
1788204216996 	 15 	 200 	 1445 	 0
1788204217016 	 19 	 200 	 1446 	 0
1788204217065 	 19 	 200 	 1447 	 0
1788204217193 	 33 	 200 	 1448 	 0
1788204217242 	 12 	 200 	 1449 	 0
1788204217286 	 15 	 200 	 1450 	 0
1788204217490 	 17 	 200 	 1451 	 0
1788204217586 	 13 	 200 	 1452 	 0
1788204217603 	 14 	 200 	 1453 	 0
1788204217693 	 15 	 200 	 1455 	 1
1788204217705 	 13 	 200 	 1456 	 1
1788204217710 	 14 	 200 	 1456 	 0
1788204217729 	 14 	 200 	 1457 	 0
1788204217812 	 34 	 200 	 1459 	 1
1788204217821 	 32 	 200 	 1459 	 0
1788204217920 	 28 	 200 	 1461 	 1
1788204217943 	 12 	 200 	 1461 	 0
1788204218045 	 30 	 200 	 1462 	 0
1788204218105 	 12 	 200 	 1463 	 0
1788204218243 	 51 	 200 	 1465 	 1
1788204218303 	 12 	 200 	 1466 	 1
1788204218399 	 14 	 200 	 1467 	 1
1788204218446 	 12 	 200 	 1468 	 1
1788204218473 	 28 	 200 	 1469 	 1
1788204218175 	 383 	 200 	 1470 	 1
1788204218554 	 13 	 200 	 1470 	 0
1788204218819 	 15 	 200 	 1471 	 0
1788204218950 	 32 	 200 	 1472 	 0
1788204219049 	 39 	 200 	 1474 	 1
1788204219073 	 30 	 200 	 1475 	 1
1788204219091 	 23 	 200 	 1475 	 0
1788204219164 	 35 	 200 	 1476 	 0
1788204219236 	 14 	 200 	 1477 	 0
1788204219338 	 31 	 200 	 1478 	 0
1788204219405 	 32 	 200 	 1479 	 0
1788204219443 	 16 	 200 	 1480 	 0
1788204219514 	 19 	 200 	 1482 	 1
1788204219529 	 15 	 200 	 1482 	 0
1788204219560 	 29 	 200 	 1483 	 0
1788204219667 	 38 	 200 	 1484 	 0
1788204219721 	 16 	 200 	 1485 	 0
1788204219855 	 27 	 200 	 1486 	 0
1788204219894 	 17 	 200 	 1487 	 0
1788204219974 	 36 	 200 	 1489 	 1
1788204219994 	 27 	 200 	 1489 	 0
1788204220198 	 13 	 200 	 1490 	 0
1788204220267 	 31 	 200 	 1491 	 0
1788204220314 	 12 	 200 	 1493 	 1
1788204220316 	 12 	 200 	 1493 	 0
1788204220418 	 39 	 200 	 1496 	 2
1788204220433 	 26 	 200 	 1496 	 1
1788204220455 	 19 	 200 	 1496 	 0
1788204220479 	 18 	 200 	 1499 	 2
1788204220487 	 22 	 200 	 1499 	 1
1788204220491 	 21 	 200 	 1499 	 0
1788204220524 	 12 	 200 	 1500 	 0
1788204220572 	 19 	 200 	 1501 	 0
1788204220663 	 39 	 200 	 1503 	 1
1788204220686 	 32 	 200 	 1504 	 1
1788204220707 	 22 	 200 	 1504 	 0
1788204220747 	 17 	 200 	 1505 	 0
1788204220764 	 22 	 200 	 1507 	 1
1788204220766 	 23 	 200 	 1508 	 1
1788204220790 	 12 	 200 	 1508 	 0
1788204221094 	 20 	 200 	 1510 	 1
1788204221106 	 16 	 200 	 1510 	 0
1788204221178 	 41 	 200 	 1513 	 2
1788204221176 	 43 	 200 	 1513 	 1
1788204221183 	 38 	 200 	 1513 	 0
1788204221306 	 28 	 200 	 1514 	 0
1788204221350 	 16 	 200 	 1515 	 0
1788204221409 	 25 	 200 	 1516 	 0
1788204221443 	 12 	 200 	 1518 	 1
1788204221454 	 12 	 200 	 1518 	 0
1788204221496 	 14 	 200 	 1520 	 1
1788204221496 	 16 	 200 	 1520 	 0
1788204221529 	 13 	 200 	 1522 	 1
1788204221532 	 18 	 200 	 1522 	 0
1788204221643 	 41 	 200 	 1523 	 0
1788204221740 	 29 	 200 	 1527 	 3
1788204221733 	 39 	 200 	 1527 	 2
1788204221756 	 22 	 200 	 1527 	 1
1788204221759 	 22 	 200 	 1527 	 0
1788204221927 	 13 	 200 	 1528 	 0
1788204221971 	 14 	 200 	 1530 	 1
1788204221974 	 13 	 200 	 1530 	 0
1788204222146 	 39 	 200 	 1531 	 0
1788204222276 	 14 	 200 	 1533 	 1
1788204222281 	 13 	 200 	 1533 	 0
1788204222335 	 26 	 200 	 1535 	 1
1788204222403 	 13 	 200 	 1536 	 1
1788204222471 	 27 	 200 	 1537 	 1
1788204222625 	 17 	 200 	 1538 	 1
1788204222347 	 370 	 200 	 1539 	 1
1788204222706 	 14 	 200 	 1539 	 0
1788204222877 	 14 	 200 	 1540 	 0
1788204222894 	 15 	 200 	 1541 	 0
1788204223030 	 39 	 200 	 1542 	 0
1788204223127 	 32 	 200 	 1543 	 0
1788204223265 	 14 	 200 	 1544 	 0
1788204223300 	 13 	 200 	 1545 	 0
1788204223785 	 29 	 200 	 1546 	 0
1788204223872 	 18 	 200 	 1547 	 0
1788204223904 	 15 	 200 	 1549 	 1
1788204223906 	 15 	 200 	 1549 	 0
1788204223972 	 15 	 200 	 1550 	 0
1788204224030 	 41 	 200 	 1551 	 0
1788204224202 	 15 	 200 	 1552 	 0
1788204224252 	 13 	 200 	 1553 	 0
1788204224281 	 15 	 200 	 1554 	 0
1788204224498 	 13 	 200 	 1555 	 0
1788204224589 	 16 	 200 	 1559 	 3
1788204224584 	 21 	 200 	 1559 	 2
1788204224588 	 18 	 200 	 1559 	 1
1788204224676 	 27 	 200 	 1562 	 3
1788204224677 	 30 	 200 	 1562 	 2
1788204224656 	 51 	 200 	 1562 	 1
1788204224777 	 22 	 200 	 1565 	 3
1788204224733 	 71 	 200 	 1565 	 2
1788204224738 	 69 	 200 	 1565 	 1
1788204224830 	 12 	 200 	 1566 	 1
1788204224878 	 20 	 200 	 1569 	 3
1788204224869 	 34 	 200 	 1569 	 2
1788204224876 	 28 	 200 	 1569 	 1
1788204224983 	 17 	 200 	 1570 	 1
1788204225017 	 15 	 200 	 1571 	 1
1788204224561 	 478 	 200 	 1571 	 0
1788204225054 	 15 	 200 	 1572 	 0
1788204225090 	 18 	 200 	 1575 	 2
1788204225098 	 13 	 200 	 1575 	 1
1788204225100 	 13 	 200 	 1575 	 0
1788204225219 	 33 	 200 	 1576 	 0
1788204225257 	 14 	 200 	 1577 	 0
1788204225272 	 12 	 200 	 1578 	 0
1788204225398 	 20 	 200 	 1579 	 0
1788204225478 	 22 	 200 	 1580 	 0
1788204225571 	 16 	 200 	 1581 	 0
1788204225593 	 15 	 200 	 1583 	 1
1788204225602 	 12 	 200 	 1583 	 0
1788204225691 	 45 	 200 	 1584 	 0
1788204225791 	 16 	 200 	 1585 	 0
1788204226084 	 45 	 200 	 1586 	 0
1788204226241 	 12 	 200 	 1589 	 2
1788204226253 	 12 	 200 	 1589 	 1
1788204226269 	 13 	 200 	 1590 	 1
1788204226252 	 40 	 200 	 1590 	 0
1788204226339 	 31 	 200 	 1592 	 1
1788204226347 	 34 	 200 	 1592 	 0
1788204226418 	 46 	 200 	 1593 	 0
1788204226493 	 13 	 200 	 1594 	 0
1788204226533 	 18 	 200 	 1595 	 0
1788204226764 	 24 	 200 	 1596 	 0
1788204226860 	 26 	 200 	 1597 	 0
1788204226972 	 14 	 200 	 1598 	 0
1788204226994 	 13 	 200 	 1600 	 1
1788204227003 	 14 	 200 	 1600 	 0
1788204227052 	 12 	 200 	 1601 	 0
1788204227074 	 13 	 200 	 1602 	 0
1788204227147 	 35 	 200 	 1604 	 1
1788204227169 	 21 	 200 	 1604 	 0
1788204227237 	 12 	 200 	 1605 	 0
1788204227344 	 14 	 200 	 1608 	 2
1788204227345 	 18 	 200 	 1608 	 1
1788204227350 	 14 	 200 	 1608 	 0
1788204227389 	 25 	 200 	 1610 	 1
1788204227404 	 24 	 200 	 1610 	 0
1788204227574 	 16 	 200 	 1611 	 0
1788204227615 	 24 	 200 	 1613 	 1
1788204227639 	 12 	 200 	 1613 	 0
1788204227738 	 32 	 200 	 1614 	 0
1788204227817 	 29 	 200 	 1616 	 1
1788204227814 	 37 	 200 	 1616 	 0
1788204227870 	 21 	 200 	 1618 	 1
1788204227874 	 17 	 200 	 1618 	 0
1788204227936 	 36 	 200 	 1619 	 0
1788204228014 	 33 	 200 	 1621 	 1
1788204228046 	 31 	 200 	 1622 	 1
1788204228059 	 24 	 200 	 1622 	 0
1788204228173 	 33 	 200 	 1624 	 1
1788204228175 	 32 	 200 	 1624 	 0
1788204228312 	 39 	 200 	 1627 	 2
1788204228323 	 33 	 200 	 1627 	 1
1788204228345 	 20 	 200 	 1627 	 0
1788204228401 	 13 	 200 	 1628 	 0
1788204228430 	 13 	 200 	 1629 	 0
1788204228472 	 15 	 200 	 1632 	 2
1788204228480 	 15 	 200 	 1632 	 1
1788204228486 	 16 	 200 	 1632 	 0
1788204228583 	 14 	 200 	 1633 	 0
1788204228599 	 13 	 200 	 1634 	 0
1788204228652 	 23 	 200 	 1635 	 0
1788204228693 	 24 	 200 	 1636 	 0
1788204228737 	 28 	 200 	 1638 	 1
1788204228757 	 16 	 200 	 1638 	 0
1788204228821 	 16 	 200 	 1639 	 0
1788204228975 	 17 	 200 	 1640 	 0
1788204229014 	 13 	 200 	 1642 	 1
1788204229018 	 13 	 200 	 1642 	 0
1788204229098 	 37 	 200 	 1643 	 0
1788204229145 	 32 	 200 	 1644 	 0
1788204229198 	 13 	 200 	 1645 	 0
1788204229266 	 14 	 200 	 1646 	 0
1788204229322 	 33 	 200 	 1647 	 0
1788204229388 	 13 	 200 	 1648 	 0
1788204229440 	 16 	 200 	 1649 	 0
1788204229477 	 28 	 200 	 1650 	 0
1788204229512 	 15 	 200 	 1652 	 1
1788204229512 	 15 	 200 	 1652 	 0
1788204229531 	 15 	 200 	 1654 	 1
1788204229561 	 20 	 200 	 1657 	 3
1788204229565 	 19 	 200 	 1657 	 2
1788204229576 	 16 	 200 	 1657 	 1
1788204229542 	 204 	 200 	 1658 	 1
1788204229716 	 30 	 200 	 1658 	 0
1788204229963 	 31 	 200 	 1659 	 0
1788204230000 	 13 	 200 	 1660 	 0
1788204230059 	 32 	 200 	 1663 	 2
1788204230061 	 30 	 200 	 1663 	 1
1788204230070 	 24 	 200 	 1663 	 0
1788204230244 	 16 	 200 	 1664 	 0
1788204230301 	 17 	 200 	 1665 	 0
1788204230320 	 13 	 200 	 1668 	 2
1788204230329 	 14 	 200 	 1668 	 1
1788204230327 	 17 	 200 	 1668 	 0
1788204230419 	 32 	 200 	 1671 	 2
1788204230432 	 29 	 200 	 1671 	 1
1788204230437 	 26 	 200 	 1671 	 0
1788204230496 	 15 	 200 	 1673 	 1
1788204230491 	 20 	 200 	 1673 	 0
1788204230569 	 32 	 200 	 1674 	 0
1788204230614 	 13 	 200 	 1675 	 0
1788204230660 	 30 	 200 	 1677 	 1
1788204230667 	 29 	 200 	 1677 	 0
1788204230710 	 38 	 200 	 1678 	 0
1788204230810 	 21 	 200 	 1679 	 0
1788204230932 	 17 	 200 	 1680 	 0
1788204231004 	 19 	 200 	 1683 	 2
1788204231010 	 14 	 200 	 1683 	 1
1788204231020 	 13 	 200 	 1683 	 0
1788204231073 	 25 	 200 	 1684 	 0
1788204231180 	 31 	 200 	 1685 	 0
1788204231256 	 15 	 200 	 1687 	 1
1788204231264 	 19 	 200 	 1688 	 1
1788204231273 	 13 	 200 	 1688 	 0
1788204231304 	 13 	 200 	 1690 	 1
1788204231308 	 12 	 200 	 1690 	 0
1788204231342 	 17 	 200 	 1692 	 1
1788204231346 	 16 	 200 	 1692 	 0
1788204231378 	 29 	 200 	 1693 	 0
1788204231431 	 36 	 200 	 1697 	 3
1788204231446 	 24 	 200 	 1697 	 2
1788204231444 	 27 	 200 	 1697 	 1
1788204231454 	 18 	 200 	 1697 	 0
1788204231576 	 16 	 200 	 1698 	 0
1788204231747 	 28 	 200 	 1699 	 0
1788204231825 	 15 	 200 	 1700 	 0
1788204231852 	 16 	 200 	 1701 	 0
1788204231876 	 11 	 200 	 1702 	 0
1788204231891 	 11 	 200 	 1703 	 0
1788204231911 	 21 	 200 	 1704 	 0
1788204231994 	 25 	 200 	 1706 	 1
1788204232011 	 38 	 200 	 1707 	 1
1788204232048 	 15 	 200 	 1707 	 0
1788204232085 	 12 	 200 	 1708 	 0
1788204232104 	 14 	 200 	 1709 	 0
1788204232124 	 14 	 200 	 1710 	 0
1788204232142 	 14 	 200 	 1711 	 0
1788204232235 	 18 	 200 	 1714 	 2
1788204232214 	 48 	 200 	 1714 	 1
1788204232220 	 70 	 200 	 1715 	 1
1788204232278 	 15 	 200 	 1715 	 0
1788204232317 	 20 	 200 	 1716 	 0
1788204232345 	 13 	 200 	 1718 	 1
1788204232354 	 16 	 200 	 1719 	 1
1788204232360 	 17 	 200 	 1719 	 0
1788204232425 	 17 	 200 	 1722 	 2
1788204232433 	 15 	 200 	 1722 	 1
1788204232440 	 14 	 200 	 1722 	 0
1788204232548 	 23 	 200 	 1723 	 0
1788204232594 	 15 	 200 	 1724 	 0
1788204232614 	 17 	 200 	 1726 	 1
1788204232617 	 17 	 200 	 1726 	 0
1788204232649 	 14 	 200 	 1727 	 0
1788204232731 	 15 	 200 	 1728 	 0
1788204232813 	 15 	 200 	 1729 	 0
1788204232873 	 42 	 200 	 1730 	 0
1788204232919 	 15 	 200 	 1731 	 0
1788204232989 	 16 	 200 	 1732 	 0
1788204233211 	 36 	 200 	 1734 	 1
1788204233227 	 25 	 200 	 1734 	 0
1788204233296 	 12 	 200 	 1736 	 1
1788204233306 	 14 	 200 	 1736 	 0
1788204233341 	 15 	 200 	 1737 	 0
1788204233421 	 28 	 200 	 1738 	 0
1788204233527 	 18 	 200 	 1739 	 0
1788204233573 	 15 	 200 	 1741 	 1
1788204233577 	 13 	 200 	 1741 	 0
1788204233600 	 13 	 200 	 1742 	 0
1788204233689 	 27 	 200 	 1745 	 2
1788204233691 	 38 	 200 	 1745 	 1
1788204233704 	 29 	 200 	 1746 	 1
1788204233731 	 11 	 200 	 1746 	 0
1788204233776 	 18 	 200 	 1748 	 1
1788204233786 	 14 	 200 	 1748 	 0
1788204233823 	 12 	 200 	 1749 	 0
1788204233880 	 12 	 200 	 1750 	 0
1788204233931 	 24 	 200 	 1751 	 0
1788204233987 	 38 	 200 	 1753 	 1
1788204234016 	 22 	 200 	 1754 	 1
1788204234033 	 15 	 200 	 1755 	 1
1788204234045 	 13 	 200 	 1755 	 0
1788204234068 	 17 	 200 	 1756 	 0
1788204234113 	 13 	 200 	 1757 	 0
1788204234189 	 22 	 200 	 1758 	 0
1788204234269 	 17 	 200 	 1759 	 0
1788204234389 	 38 	 200 	 1761 	 1
1788204234418 	 23 	 200 	 1761 	 0
1788204234570 	 42 	 200 	 1762 	 0
1788204234722 	 33 	 200 	 1764 	 1
1788204234738 	 29 	 200 	 1764 	 0
1788204234845 	 41 	 200 	 1766 	 1
1788204234841 	 45 	 200 	 1766 	 0
1788204234891 	 13 	 200 	 1767 	 0
1788204234913 	 11 	 200 	 1768 	 0
1788204234927 	 15 	 200 	 1769 	 0
1788204234966 	 21 	 200 	 1770 	 0
1788204235018 	 37 	 200 	 1772 	 1
1788204235022 	 38 	 200 	 1772 	 0
1788204235062 	 18 	 200 	 1773 	 0
1788204235134 	 31 	 200 	 1775 	 1
1788204235139 	 29 	 200 	 1775 	 0
1788204235308 	 16 	 200 	 1777 	 1
1788204235318 	 13 	 200 	 1777 	 0
1788204235470 	 13 	 200 	 1779 	 1
1788204235483 	 12 	 200 	 1779 	 0
1788204235507 	 20 	 200 	 1780 	 0
1788204235671 	 14 	 200 	 1781 	 0
1788204235764 	 13 	 200 	 1782 	 0
1788204235781 	 16 	 200 	 1784 	 1
1788204235785 	 14 	 200 	 1784 	 0
1788204235812 	 16 	 200 	 1786 	 1
1788204235822 	 13 	 200 	 1787 	 1
1788204235831 	 13 	 200 	 1787 	 0
1788204236078 	 18 	 200 	 1788 	 0
1788204236146 	 34 	 200 	 1789 	 0
1788204236225 	 32 	 200 	 1791 	 1
1788204236228 	 31 	 200 	 1791 	 0
1788204236305 	 35 	 200 	 1793 	 1
1788204236313 	 33 	 200 	 1793 	 0
1788204236450 	 15 	 200 	 1795 	 1
1788204236409 	 78 	 200 	 1796 	 1
1788204236481 	 14 	 200 	 1797 	 1
1788204236490 	 13 	 200 	 1797 	 0
1788204236508 	 12 	 200 	 1799 	 1
1788204236517 	 13 	 200 	 1799 	 0
1788204236561 	 30 	 200 	 1800 	 0
1788204236632 	 38 	 200 	 1802 	 1
1788204236670 	 18 	 200 	 1802 	 0
1788204236696 	 15 	 200 	 1804 	 1
1788204236701 	 11 	 200 	 1804 	 0
1788204236715 	 14 	 200 	 1805 	 0
1788204236832 	 21 	 200 	 1807 	 1
1788204236843 	 12 	 200 	 1807 	 0
1788204236911 	 25 	 200 	 1808 	 0
1788204236941 	 19 	 200 	 1810 	 1
1788204236954 	 14 	 200 	 1810 	 0
1788204237112 	 16 	 200 	 1811 	 0
1788204237279 	 18 	 200 	 1812 	 0
1788204237338 	 16 	 200 	 1815 	 2
1788204237342 	 14 	 200 	 1815 	 2
1788204237357 	 15 	 200 	 1816 	 1
1788204237352 	 33 	 200 	 1816 	 0
1788204237415 	 13 	 200 	 1818 	 1
1788204237421 	 13 	 200 	 1818 	 0
1788204237449 	 14 	 200 	 1819 	 0
1788204237492 	 12 	 200 	 1820 	 0
1788204237615 	 18 	 200 	 1821 	 0
1788204237668 	 36 	 200 	 1822 	 0
1788204237739 	 38 	 200 	 1823 	 0
1788204237827 	 31 	 200 	 1825 	 1
1788204237843 	 31 	 200 	 1825 	 0
1788204237977 	 18 	 200 	 1826 	 0
1788204238047 	 23 	 200 	 1827 	 0
1788204238153 	 34 	 200 	 1828 	 0
1788204238248 	 13 	 200 	 1830 	 1
1788204238251 	 12 	 200 	 1830 	 0
1788204238341 	 15 	 200 	 1831 	 0
1788204238364 	 13 	 200 	 1832 	 0
1788204238381 	 17 	 200 	 1834 	 1
1788204238390 	 14 	 200 	 1834 	 0
1788204238436 	 16 	 200 	 1835 	 0
1788204238499 	 13 	 200 	 1836 	 0
1788204238576 	 27 	 200 	 1837 	 0
1788204238644 	 19 	 200 	 1838 	 0
1788204238685 	 33 	 200 	 1839 	 0
1788204238850 	 27 	 200 	 1841 	 1
1788204238871 	 14 	 200 	 1841 	 0
1788204239026 	 32 	 200 	 1842 	 0
1788204239135 	 39 	 200 	 1845 	 2
1788204239157 	 33 	 200 	 1845 	 1
1788204239164 	 27 	 200 	 1845 	 0
1788204239229 	 29 	 200 	 1847 	 1
1788204239242 	 22 	 200 	 1847 	 0
1788204239292 	 15 	 200 	 1848 	 0
1788204239368 	 12 	 200 	 1849 	 0
1788204239398 	 13 	 200 	 1850 	 0
1788204239417 	 12 	 200 	 1851 	 0
1788204239495 	 13 	 200 	 1852 	 0
1788204239570 	 30 	 200 	 1853 	 0
1788204239626 	 39 	 200 	 1854 	 0
1788204239814 	 19 	 200 	 1856 	 1
1788204239823 	 12 	 200 	 1856 	 0
1788204239862 	 12 	 200 	 1857 	 0
1788204239990 	 33 	 200 	 1858 	 0
1788204240056 	 18 	 200 	 1860 	 1
1788204240076 	 12 	 200 	 1861 	 1
1788204240072 	 18 	 200 	 1861 	 0
1788204240156 	 17 	 200 	 1863 	 1
1788204240165 	 15 	 200 	 1863 	 0
1788204240317 	 31 	 200 	 1864 	 0
1788204240415 	 19 	 200 	 1865 	 0
1788204240454 	 12 	 200 	 1866 	 0
1788204240497 	 18 	 200 	 1867 	 0
1788204240519 	 14 	 200 	 1869 	 1
1788204240529 	 16 	 200 	 1869 	 0
1788204240564 	 19 	 200 	 1870 	 0
1788204240608 	 13 	 200 	 1872 	 1
1788204240605 	 17 	 200 	 1872 	 0
1788204240707 	 14 	 200 	 1873 	 0
1788204240798 	 20 	 200 	 1874 	 0
1788204240832 	 20 	 200 	 1876 	 1
1788204240845 	 14 	 200 	 1876 	 0
1788204240909 	 28 	 200 	 1877 	 0
1788204241010 	 39 	 200 	 1882 	 4
1788204241018 	 33 	 200 	 1882 	 3
1788204241025 	 27 	 200 	 1882 	 2
1788204241036 	 18 	 200 	 1882 	 1
1788204241022 	 42 	 200 	 1882 	 0
1788204241088 	 15 	 200 	 1883 	 0
1788204241120 	 40 	 200 	 1884 	 0
1788204241254 	 15 	 200 	 1886 	 1
1788204241265 	 15 	 200 	 1886 	 0
1788204241327 	 28 	 200 	 1887 	 0
1788204241377 	 15 	 200 	 1889 	 1
1788204241384 	 13 	 200 	 1889 	 0
1788204241459 	 15 	 200 	 1890 	 0
1788204241486 	 16 	 200 	 1891 	 0
1788204241570 	 35 	 200 	 1894 	 2
1788204241575 	 32 	 200 	 1894 	 1
1788204241598 	 23 	 200 	 1895 	 1
1788204241622 	 12 	 200 	 1895 	 0
1788204241651 	 41 	 200 	 1898 	 2
1788204241678 	 19 	 200 	 1898 	 1
1788204241681 	 19 	 200 	 1898 	 0
1788204241841 	 42 	 200 	 1901 	 2
1788204241859 	 26 	 200 	 1901 	 1
1788204241880 	 15 	 200 	 1901 	 0
1788204242053 	 29 	 200 	 1902 	 0
1788204242152 	 37 	 200 	 1903 	 0
1788204242231 	 15 	 200 	 1905 	 1
1788204242246 	 12 	 200 	 1905 	 0
1788204242325 	 18 	 200 	 1906 	 0
1788204242456 	 29 	 200 	 1908 	 1
1788204242481 	 18 	 200 	 1909 	 1
1788204242493 	 12 	 200 	 1909 	 0
1788204242517 	 17 	 200 	 1912 	 2
1788204242523 	 13 	 200 	 1912 	 1
1788204242534 	 13 	 200 	 1912 	 0
1788204242580 	 15 	 200 	 1914 	 1
1788204242588 	 14 	 200 	 1914 	 0
1788204242610 	 13 	 200 	 1915 	 0
1788204242711 	 34 	 200 	 1919 	 3
1788204242722 	 32 	 200 	 1920 	 3
1788204242753 	 17 	 200 	 1920 	 2
1788204242742 	 27 	 200 	 1920 	 1
1788204242748 	 25 	 200 	 1920 	 0
1788204242796 	 14 	 200 	 1921 	 0
1788204242857 	 27 	 200 	 1923 	 1
1788204242861 	 25 	 200 	 1923 	 0
1788204242990 	 31 	 200 	 1924 	 0
1788204243047 	 32 	 200 	 1926 	 1
1788204243056 	 26 	 200 	 1926 	 0
1788204243216 	 31 	 200 	 1927 	 0
1788204243313 	 16 	 200 	 1929 	 1
1788204243322 	 14 	 200 	 1930 	 1
1788204243336 	 13 	 200 	 1930 	 0
1788204243376 	 16 	 200 	 1931 	 0
1788204243454 	 29 	 200 	 1933 	 1
1788204243464 	 27 	 200 	 1933 	 0
1788204243512 	 14 	 200 	 1934 	 0
1788204243542 	 31 	 200 	 1935 	 0
1788204243695 	 17 	 200 	 1938 	 2
1788204243707 	 14 	 200 	 1938 	 1
1788204243713 	 14 	 200 	 1938 	 0
1788204243734 	 21 	 200 	 1939 	 0
1788204243757 	 14 	 200 	 1941 	 1
1788204243763 	 13 	 200 	 1941 	 0
1788204243814 	 30 	 200 	 1942 	 0
1788204243903 	 13 	 200 	 1943 	 0
1788204243998 	 13 	 200 	 1944 	 0
1788204244045 	 30 	 200 	 1945 	 0
1788204244079 	 21 	 200 	 1946 	 0
1788204244143 	 34 	 200 	 1948 	 1
1788204244163 	 22 	 200 	 1948 	 0
1788204244232 	 13 	 200 	 1949 	 0
1788204244566 	 19 	 200 	 1950 	 0
1788204244618 	 12 	 200 	 1951 	 0
1788204244699 	 17 	 200 	 1952 	 0
1788204244856 	 30 	 200 	 1953 	 0
1788204244897 	 30 	 200 	 1954 	 0
1788204244950 	 27 	 200 	 1955 	 0
1788204245044 	 40 	 200 	 1957 	 1
1788204245070 	 19 	 200 	 1957 	 0
1788204245174 	 32 	 200 	 1959 	 1
1788204245191 	 33 	 200 	 1959 	 0
1788204245270 	 15 	 200 	 1960 	 0
1788204245306 	 12 	 200 	 1961 	 0
1788204245344 	 16 	 200 	 1962 	 0
1788204245487 	 13 	 200 	 1964 	 1
1788204245500 	 15 	 200 	 1964 	 0
1788204245553 	 31 	 200 	 1967 	 2
1788204245556 	 33 	 200 	 1967 	 1
1788204245583 	 13 	 200 	 1967 	 0
1788204245613 	 37 	 200 	 1968 	 0
1788204245660 	 20 	 200 	 1969 	 0
1788204245725 	 14 	 200 	 1971 	 1
1788204245734 	 14 	 200 	 1971 	 0
1788204245751 	 12 	 200 	 1972 	 0
1788204245908 	 33 	 200 	 1973 	 1
1788204245943 	 32 	 200 	 1975 	 1
1788204245964 	 26 	 200 	 1975 	 0
1788204246048 	 31 	 200 	 1976 	 0
1788204246259 	 20 	 200 	 1977 	 0
1788204246319 	 14 	 200 	 1978 	 0
1788204246385 	 13 	 200 	 1979 	 0
1788204246421 	 13 	 200 	 1980 	 0
1788204246437 	 15 	 200 	 1981 	 0
1788204246465 	 16 	 200 	 1982 	 0
1788204246523 	 16 	 200 	 1983 	 0
1788204246587 	 14 	 200 	 1984 	 0
1788204246744 	 18 	 200 	 1987 	 2
1788204246746 	 18 	 200 	 1987 	 1
1788204246746 	 20 	 200 	 1987 	 0
1788204246960 	 24 	 200 	 1988 	 0
1788204247008 	 14 	 200 	 1989 	 0
1788204247029 	 12 	 200 	 1990 	 0
1788204247087 	 13 	 200 	 1993 	 2
1788204247086 	 17 	 200 	 1993 	 1
1788204247097 	 14 	 200 	 1993 	 0
1788204247119 	 12 	 200 	 1994 	 0
1788204247227 	 14 	 200 	 1995 	 0
1788204247279 	 14 	 200 	 1998 	 2
1788204247269 	 27 	 200 	 1998 	 1
1788204247285 	 14 	 200 	 1998 	 0
1788204247345 	 19 	 200 	 1999 	 0
1788204247367 	 13 	 200 	 2000 	 0
1788204247421 	 23 	 200 	 2001 	 0
1788204247490 	 13 	 200 	 2003 	 1
1788204247498 	 12 	 200 	 2003 	 0
1788204247518 	 14 	 200 	 2005 	 1
1788204247522 	 19 	 200 	 2005 	 0
1788204247601 	 28 	 200 	 2006 	 0
1788204247653 	 12 	 200 	 2007 	 0
1788204247748 	 25 	 200 	 2008 	 0
1788204247920 	 33 	 200 	 2009 	 0
1788204247996 	 12 	 200 	 2010 	 0
1788204248030 	 13 	 200 	 2011 	 0
1788204248081 	 14 	 200 	 2012 	 0
1788204248098 	 14 	 200 	 2013 	 0
1788204248250 	 16 	 200 	 2014 	 0
1788204248386 	 39 	 200 	 2016 	 1
1788204248415 	 29 	 200 	 2017 	 1
1788204248439 	 23 	 200 	 2017 	 0
1788204248489 	 12 	 200 	 2018 	 0
1788204248583 	 16 	 200 	 2020 	 1
1788204248594 	 12 	 200 	 2020 	 0
1788204248650 	 12 	 200 	 2021 	 0
1788204248784 	 12 	 200 	 2022 	 0
1788204248826 	 13 	 200 	 2023 	 0
1788204248858 	 23 	 200 	 2025 	 1
1788204248869 	 13 	 200 	 2025 	 0
1788204248897 	 20 	 200 	 2027 	 1
1788204248904 	 14 	 200 	 2027 	 0
1788204248946 	 16 	 200 	 2029 	 1
1788204248962 	 14 	 200 	 2029 	 0
1788204249065 	 13 	 200 	 2030 	 0
1788204249093 	 15 	 200 	 2032 	 1
1788204249100 	 13 	 200 	 2032 	 0
1788204249155 	 30 	 200 	 2035 	 2
1788204249163 	 25 	 200 	 2035 	 1
1788204249181 	 14 	 200 	 2035 	 0
1788204249198 	 23 	 200 	 2036 	 0
1788204249246 	 16 	 200 	 2037 	 0
1788204249293 	 30 	 200 	 2039 	 1
1788204249310 	 29 	 200 	 2039 	 0
1788204249415 	 14 	 200 	 2042 	 2
1788204249418 	 13 	 200 	 2043 	 2
1788204249425 	 13 	 200 	 2043 	 1
1788204249431 	 15 	 200 	 2043 	 0
1788204249447 	 12 	 200 	 2044 	 0
1788204249484 	 13 	 200 	 2045 	 0
1788204249526 	 15 	 200 	 2047 	 1
1788204249537 	 11 	 200 	 2047 	 0
1788204249562 	 20 	 200 	 2049 	 1
1788204249580 	 14 	 200 	 2049 	 0
1788204249595 	 15 	 200 	 2051 	 1
1788204249600 	 20 	 200 	 2051 	 0
1788204249650 	 15 	 200 	 2054 	 2
1788204249649 	 17 	 200 	 2054 	 1
1788204249664 	 19 	 200 	 2055 	 1
1788204249671 	 14 	 200 	 2055 	 0
1788204249733 	 36 	 200 	 2058 	 2
1788204249743 	 31 	 200 	 2058 	 1
1788204249763 	 18 	 200 	 2058 	 0
1788204249889 	 14 	 200 	 2060 	 1
1788204249890 	 13 	 200 	 2060 	 0
1788204250043 	 35 	 200 	 2062 	 1
1788204250045 	 33 	 200 	 2062 	 0
1788204250131 	 12 	 200 	 2063 	 0
1788204250165 	 14 	 200 	 2064 	 0
1788204250275 	 28 	 200 	 2065 	 0
1788204250360 	 18 	 200 	 2066 	 0
1788204250438 	 17 	 200 	 2067 	 0
1788204250603 	 36 	 200 	 2069 	 1
1788204250623 	 30 	 200 	 2069 	 0
1788204250661 	 30 	 200 	 2070 	 0
1788204250779 	 16 	 200 	 2071 	 0
1788204250814 	 13 	 200 	 2073 	 1
1788204250827 	 13 	 200 	 2073 	 0
1788204251025 	 31 	 200 	 2074 	 0
1788204251137 	 32 	 200 	 2075 	 0
1788204251181 	 14 	 200 	 2076 	 0
1788204251204 	 13 	 200 	 2077 	 0
1788204251226 	 12 	 200 	 2078 	 0
1788204251313 	 34 	 200 	 2080 	 1
1788204251366 	 25 	 200 	 2084 	 4
1788204251374 	 18 	 200 	 2084 	 3
1788204251377 	 16 	 200 	 2084 	 2
1788204251379 	 17 	 200 	 2085 	 2
1788204251395 	 51 	 200 	 2085 	 1
1788204251470 	 14 	 200 	 2086 	 1
1788204251324 	 177 	 200 	 2086 	 0
1788204251524 	 16 	 200 	 2088 	 1
1788204251528 	 16 	 200 	 2088 	 0
1788204251914 	 32 	 200 	 2091 	 2
1788204251919 	 28 	 200 	 2091 	 1
1788204251934 	 18 	 200 	 2091 	 0
1788204251958 	 18 	 200 	 2092 	 0
1788204252074 	 18 	 200 	 2093 	 0
1788204252204 	 35 	 200 	 2094 	 0
1788204252285 	 12 	 200 	 2096 	 1
1788204252296 	 18 	 200 	 2096 	 0
1788204252324 	 11 	 200 	 2097 	 0
1788204252386 	 12 	 200 	 2098 	 0
1788204252407 	 12 	 200 	 2099 	 0
1788204252463 	 15 	 200 	 2100 	 0
1788204252482 	 14 	 200 	 2101 	 0
1788204252609 	 15 	 200 	 2102 	 0
1788204252670 	 28 	 200 	 2103 	 0
1788204252707 	 31 	 200 	 2106 	 2
1788204252720 	 34 	 200 	 2106 	 1
1788204252737 	 23 	 200 	 2106 	 0
1788204252820 	 34 	 200 	 2107 	 0
1788204252865 	 14 	 200 	 2109 	 1
1788204252875 	 12 	 200 	 2109 	 0
1788204252907 	 24 	 200 	 2112 	 2
1788204252917 	 17 	 200 	 2112 	 1
1788204252926 	 15 	 200 	 2112 	 0
1788204252950 	 14 	 200 	 2113 	 0
1788204253179 	 37 	 200 	 2114 	 0
1788204253521 	 33 	 200 	 2116 	 1
1788204253534 	 39 	 200 	 2116 	 0
1788204253626 	 30 	 200 	 2117 	 0
1788204253664 	 26 	 200 	 2119 	 1
1788204253668 	 24 	 200 	 2119 	 0
1788204253709 	 13 	 200 	 2120 	 0
1788204253770 	 13 	 200 	 2121 	 0
1788204253844 	 36 	 200 	 2123 	 1
1788204253846 	 35 	 200 	 2123 	 0
1788204253888 	 12 	 200 	 2125 	 1
1788204253899 	 12 	 200 	 2125 	 0
1788204253913 	 12 	 200 	 2126 	 0
1788204253978 	 16 	 200 	 2128 	 1
1788204253978 	 17 	 200 	 2128 	 0
1788204254045 	 25 	 200 	 2129 	 0
1788204254103 	 13 	 200 	 2130 	 0
1788204254128 	 32 	 200 	 2132 	 1
1788204254143 	 22 	 200 	 2132 	 0
1788204254191 	 14 	 200 	 2134 	 1
1788204254198 	 13 	 200 	 2134 	 0
1788204254339 	 24 	 200 	 2135 	 0
1788204254410 	 34 	 200 	 2136 	 0
1788204254462 	 13 	 200 	 2137 	 0
1788204254568 	 28 	 200 	 2138 	 0
1788204254670 	 22 	 200 	 2140 	 1
1788204254663 	 30 	 200 	 2140 	 0
1788204254735 	 31 	 200 	 2142 	 1
1788204254765 	 31 	 200 	 2145 	 3
1788204254773 	 27 	 200 	 2145 	 2
1788204254788 	 16 	 200 	 2145 	 1
1788204254779 	 32 	 200 	 2145 	 0
1788204254923 	 17 	 200 	 2146 	 0
1788204254982 	 25 	 200 	 2147 	 0
1788204255082 	 15 	 200 	 2148 	 0
1788204255242 	 13 	 200 	 2149 	 0
1788204255261 	 13 	 200 	 2150 	 0
1788204255333 	 21 	 200 	 2151 	 0
1788204255401 	 33 	 200 	 2154 	 2
1788204255403 	 31 	 200 	 2154 	 1
1788204255411 	 26 	 200 	 2154 	 0
1788204255617 	 34 	 200 	 2156 	 1
1788204255621 	 35 	 200 	 2156 	 0
1788204255672 	 28 	 200 	 2159 	 2
1788204255682 	 20 	 200 	 2159 	 1
1788204255675 	 35 	 200 	 2159 	 0
1788204255844 	 14 	 200 	 2160 	 0
1788204255989 	 30 	 200 	 2161 	 0
1788204256233 	 25 	 200 	 2164 	 2
1788204256235 	 25 	 200 	 2164 	 1
1788204256251 	 17 	 200 	 2164 	 0
1788204256348 	 15 	 200 	 2166 	 1
1788204256352 	 18 	 200 	 2166 	 0
1788204256436 	 34 	 200 	 2168 	 1
1788204256436 	 37 	 200 	 2168 	 0
1788204256492 	 13 	 200 	 2169 	 0
1788204256534 	 22 	 200 	 2170 	 0
1788204256575 	 15 	 200 	 2172 	 1
1788204256586 	 14 	 200 	 2172 	 0
1788204256639 	 30 	 200 	 2174 	 1
1788204256668 	 28 	 200 	 2174 	 0
1788204256704 	 28 	 200 	 2175 	 0
1788204256739 	 17 	 200 	 2176 	 0
1788204256765 	 12 	 200 	 2178 	 1
1788204256769 	 13 	 200 	 2178 	 0
1788204256827 	 32 	 200 	 2179 	 0
1788204256995 	 14 	 200 	 2180 	 0
1788204257053 	 32 	 200 	 2183 	 2
1788204257067 	 33 	 200 	 2184 	 2
1788204257071 	 32 	 200 	 2184 	 1
1788204257099 	 53 	 200 	 2185 	 1
1788204257135 	 21 	 200 	 2185 	 0
1788204257208 	 36 	 200 	 2187 	 1
1788204257244 	 15 	 200 	 2188 	 1
1788204257256 	 16 	 200 	 2189 	 1
1788204257268 	 21 	 200 	 2189 	 0
1788204257296 	 12 	 200 	 2190 	 0
1788204257440 	 13 	 200 	 2191 	 0
1788204257502 	 36 	 200 	 2192 	 0
1788204257557 	 13 	 200 	 2193 	 0
1788204257635 	 34 	 200 	 2194 	 0
1788204257730 	 21 	 200 	 2196 	 1
1788204257751 	 14 	 200 	 2196 	 0
1788204257778 	 12 	 200 	 2197 	 0
1788204257806 	 13 	 200 	 2198 	 0
1788204257890 	 13 	 200 	 2199 	 0
1788204258053 	 42 	 200 	 2200 	 0
1788204258124 	 31 	 200 	 2201 	 0
1788204258225 	 23 	 200 	 2202 	 0
1788204258268 	 17 	 200 	 2204 	 1
1788204258282 	 12 	 200 	 2204 	 0
1788204258296 	 14 	 200 	 2205 	 0
1788204258353 	 13 	 200 	 2206 	 0
1788204258413 	 18 	 200 	 2207 	 0
1788204258458 	 31 	 200 	 2208 	 0
1788204258611 	 18 	 200 	 2209 	 0
1788204258652 	 12 	 200 	 2210 	 0
1788204258670 	 11 	 200 	 2211 	 0
1788204258725 	 15 	 200 	 2212 	 0
1788204258782 	 14 	 200 	 2213 	 0
1788204258801 	 18 	 200 	 2215 	 1
1788204258810 	 14 	 200 	 2215 	 0
1788204258840 	 13 	 200 	 2217 	 1
1788204258838 	 17 	 200 	 2217 	 0
1788204258906 	 35 	 200 	 2218 	 0
1788204258964 	 27 	 200 	 2221 	 2
1788204258968 	 28 	 200 	 2222 	 2
1788204258976 	 20 	 200 	 2222 	 1
1788204258996 	 16 	 200 	 2222 	 0
1788204259027 	 16 	 200 	 2223 	 0
1788204259061 	 13 	 200 	 2224 	 0
1788204259312 	 12 	 200 	 2225 	 0
1788204259573 	 31 	 200 	 2226 	 0
1788204259651 	 19 	 200 	 2228 	 1
1788204259655 	 18 	 200 	 2228 	 0
1788204259686 	 12 	 200 	 2229 	 0
1788204259787 	 15 	 200 	 2230 	 0
1788204259819 	 14 	 200 	 2231 	 0
1788204259866 	 33 	 200 	 2232 	 0
1788204259925 	 30 	 200 	 2235 	 2
1788204259931 	 27 	 200 	 2235 	 1
1788204259937 	 24 	 200 	 2235 	 0
1788204259978 	 17 	 200 	 2237 	 1
1788204259986 	 13 	 200 	 2237 	 0
1788204260021 	 35 	 200 	 2238 	 0
1788204260059 	 19 	 200 	 2239 	 0
1788204260117 	 20 	 200 	 2241 	 1
1788204260124 	 13 	 200 	 2241 	 0
1788204260171 	 26 	 200 	 2243 	 1
1788204260175 	 24 	 200 	 2243 	 0
1788204260209 	 26 	 200 	 2244 	 0
1788204260237 	 17 	 200 	 2245 	 0
1788204260280 	 12 	 200 	 2246 	 0
1788204260331 	 25 	 200 	 2247 	 0
1788204260449 	 12 	 200 	 2249 	 1
1788204260448 	 16 	 200 	 2249 	 0
1788204260533 	 30 	 200 	 2253 	 3
1788204260545 	 20 	 200 	 2253 	 2
1788204260541 	 26 	 200 	 2253 	 1
1788204260560 	 14 	 200 	 2253 	 0
1788204260576 	 12 	 200 	 2254 	 0
1788204260597 	 21 	 200 	 2255 	 0
1788204260628 	 12 	 200 	 2256 	 0
1788204260680 	 34 	 200 	 2257 	 0
1788204260852 	 28 	 200 	 2258 	 0
1788204261074 	 32 	 200 	 2260 	 1
1788204261072 	 35 	 200 	 2260 	 0
1788204261193 	 25 	 200 	 2261 	 0
1788204261237 	 12 	 200 	 2263 	 1
1788204261245 	 16 	 200 	 2263 	 0
1788204261281 	 12 	 200 	 2264 	 0
1788204261338 	 20 	 200 	 2265 	 0
1788204261432 	 14 	 200 	 2266 	 0
1788204261460 	 18 	 200 	 2267 	 0
1788204261521 	 33 	 200 	 2269 	 1
1788204261536 	 31 	 200 	 2269 	 0
1788204261650 	 30 	 200 	 2272 	 2
1788204261648 	 32 	 200 	 2272 	 1
1788204261680 	 14 	 200 	 2272 	 0
1788204261858 	 33 	 200 	 2273 	 0
1788204261960 	 13 	 200 	 2274 	 0
1788204261976 	 13 	 200 	 2275 	 0
1788204262017 	 20 	 200 	 2276 	 0
1788204262068 	 13 	 200 	 2277 	 0
1788204262113 	 17 	 200 	 2278 	 0
1788204262145 	 28 	 200 	 2280 	 1
1788204262148 	 26 	 200 	 2280 	 0
1788204262206 	 15 	 200 	 2281 	 0
1788204262247 	 15 	 200 	 2282 	 0
1788204262295 	 14 	 200 	 2283 	 0
1788204262347 	 24 	 200 	 2286 	 2
1788204262370 	 15 	 200 	 2286 	 1
1788204262371 	 15 	 200 	 2286 	 0
1788204262412 	 12 	 200 	 2287 	 0
1788204262531 	 27 	 200 	 2288 	 0
1788204262681 	 21 	 200 	 2291 	 2
1788204262692 	 17 	 200 	 2291 	 1
1788204262697 	 20 	 200 	 2291 	 0
1788204262781 	 37 	 200 	 2294 	 2
1788204262815 	 24 	 200 	 2294 	 1
1788204262886 	 13 	 200 	 2296 	 2
1788204262817 	 84 	 200 	 2296 	 1
1788204262887 	 17 	 200 	 2296 	 0
1788204262997 	 39 	 200 	 2298 	 1
1788204263028 	 35 	 200 	 2298 	 0
1788204263097 	 18 	 200 	 2300 	 1
1788204263099 	 18 	 200 	 2300 	 0
1788204263203 	 40 	 200 	 2301 	 0
1788204263258 	 34 	 200 	 2303 	 1
1788204263266 	 32 	 200 	 2303 	 0
1788204263315 	 15 	 200 	 2306 	 2
1788204263324 	 12 	 200 	 2306 	 1
1788204263327 	 14 	 200 	 2306 	 0
1788204263370 	 13 	 200 	 2307 	 0
1788204263387 	 12 	 200 	 2308 	 0
1788204263471 	 16 	 200 	 2310 	 1
1788204263477 	 14 	 200 	 2310 	 0
1788204263505 	 15 	 200 	 2312 	 1
1788204263516 	 12 	 200 	 2312 	 0
1788204263534 	 12 	 200 	 2313 	 0
1788204263633 	 34 	 200 	 2314 	 0
1788204263705 	 15 	 200 	 2315 	 0
1788204263758 	 39 	 200 	 2318 	 2
1788204263782 	 18 	 200 	 2318 	 1
1788204263815 	 16 	 200 	 2319 	 1
1788204263864 	 38 	 200 	 2320 	 1
1788204263906 	 14 	 200 	 2321 	 1
1788204263761 	 174 	 200 	 2321 	 0
1788204263963 	 21 	 200 	 2324 	 2
1788204263962 	 23 	 200 	 2324 	 1
1788204263984 	 16 	 200 	 2324 	 0
1788204264005 	 12 	 200 	 2325 	 0
1788204264064 	 25 	 200 	 2327 	 1
1788204264085 	 12 	 200 	 2327 	 0
1788204264134 	 24 	 200 	 2328 	 0
1788204264197 	 19 	 200 	 2330 	 1
1788204264204 	 21 	 200 	 2331 	 1
1788204264224 	 12 	 200 	 2331 	 0
1788204264244 	 12 	 200 	 2332 	 0
1788204264274 	 15 	 200 	 2334 	 1
1788204264266 	 23 	 200 	 2334 	 0
1788204264372 	 35 	 200 	 2336 	 1
1788204264406 	 33 	 200 	 2336 	 0
1788204264488 	 39 	 200 	 2337 	 0
1788204264583 	 17 	 200 	 2338 	 0
1788204264655 	 35 	 200 	 2340 	 1
1788204264688 	 31 	 200 	 2341 	 1
1788204264717 	 37 	 200 	 2341 	 0
1788204264937 	 14 	 200 	 2342 	 0
1788204264980 	 31 	 200 	 2343 	 0
1788204265026 	 32 	 200 	 2344 	 0
1788204265060 	 24 	 200 	 2346 	 1
1788204265072 	 13 	 200 	 2346 	 0
1788204265117 	 26 	 200 	 2347 	 0
1788204265200 	 34 	 200 	 2348 	 0
1788204265288 	 17 	 200 	 2350 	 1
1788204265303 	 15 	 200 	 2351 	 1
1788204265312 	 12 	 200 	 2351 	 0
1788204265338 	 15 	 200 	 2352 	 0
1788204265398 	 38 	 200 	 2354 	 1
1788204265422 	 33 	 200 	 2355 	 1
1788204265446 	 27 	 200 	 2355 	 0
1788204265478 	 25 	 200 	 2356 	 0
1788204265565 	 18 	 200 	 2357 	 0
1788204265636 	 33 	 200 	 2358 	 0
1788204265674 	 15 	 200 	 2359 	 0
1788204265707 	 16 	 200 	 2360 	 0
1788204265902 	 23 	 200 	 2362 	 1
1788204265916 	 15 	 200 	 2363 	 1
1788204265927 	 15 	 200 	 2363 	 0
1788204265955 	 16 	 200 	 2364 	 0
1788204266075 	 31 	 200 	 2366 	 1
1788204266080 	 33 	 200 	 2366 	 0
1788204266187 	 32 	 200 	 2369 	 2
1788204266202 	 20 	 200 	 2369 	 1
1788204266221 	 14 	 200 	 2370 	 1
1788204266228 	 17 	 200 	 2370 	 0
1788204266447 	 30 	 200 	 2372 	 1
1788204266449 	 35 	 200 	 2372 	 0
1788204266509 	 16 	 200 	 2373 	 0
1788204266532 	 16 	 200 	 2375 	 1
1788204266566 	 17 	 200 	 2376 	 1
1788204266658 	 21 	 200 	 2377 	 1
1788204266700 	 48 	 200 	 2379 	 2
1788204266758 	 14 	 200 	 2381 	 3
1788204266764 	 13 	 200 	 2381 	 2
1788204266708 	 86 	 200 	 2381 	 1
1788204266807 	 43 	 200 	 2385 	 4
1788204266833 	 25 	 200 	 2385 	 3
1788204266845 	 17 	 200 	 2386 	 3
1788204266860 	 13 	 200 	 2386 	 2
1788204266802 	 74 	 200 	 2386 	 1
1788204266954 	 20 	 200 	 2388 	 2
1788204266879 	 114 	 200 	 2388 	 1
1788204266538 	 520 	 200 	 2388 	 0
1788204267115 	 14 	 200 	 2389 	 0
1788204267131 	 13 	 200 	 2390 	 0
1788204267177 	 13 	 200 	 2391 	 0
1788204267224 	 26 	 200 	 2392 	 0
1788204267271 	 19 	 200 	 2393 	 0
1788204267386 	 14 	 200 	 2394 	 0
1788204267437 	 19 	 200 	 2396 	 1
1788204267448 	 37 	 200 	 2397 	 1
1788204267460 	 28 	 200 	 2397 	 0
1788204267539 	 38 	 200 	 2398 	 0
1788204267585 	 12 	 200 	 2399 	 0
1788204267664 	 18 	 200 	 2400 	 0
1788204267720 	 37 	 200 	 2401 	 0
1788204267779 	 15 	 200 	 2403 	 1
1788204267783 	 17 	 200 	 2403 	 0
1788204267857 	 27 	 200 	 2404 	 0
1788204267977 	 18 	 200 	 2405 	 0
1788204268090 	 19 	 200 	 2409 	 3
1788204268088 	 21 	 200 	 2409 	 2
1788204268099 	 14 	 200 	 2409 	 1
1788204268102 	 15 	 200 	 2409 	 0
1788204268130 	 15 	 200 	 2410 	 0
1788204268197 	 31 	 200 	 2411 	 0
1788204268265 	 20 	 200 	 2412 	 0
1788204268407 	 41 	 200 	 2414 	 1
1788204268428 	 37 	 200 	 2415 	 1
1788204268455 	 24 	 200 	 2416 	 1
1788204268472 	 16 	 200 	 2416 	 0
1788204268505 	 15 	 200 	 2417 	 0
1788204268742 	 39 	 200 	 2418 	 0
1788204268799 	 13 	 200 	 2419 	 0
1788204268871 	 19 	 200 	 2421 	 1
1788204268873 	 30 	 200 	 2421 	 0
1788204268924 	 14 	 200 	 2422 	 0
1788204268955 	 15 	 200 	 2424 	 1
1788204268963 	 15 	 200 	 2424 	 0
1788204269089 	 14 	 200 	 2425 	 0
1788204269256 	 32 	 200 	 2426 	 0
1788204269305 	 25 	 200 	 2427 	 0
1788204269337 	 23 	 200 	 2429 	 1
1788204269352 	 16 	 200 	 2429 	 0
1788204269489 	 24 	 200 	 2430 	 0
1788204269626 	 41 	 200 	 2431 	 0
1788204269699 	 23 	 200 	 2433 	 1
1788204269717 	 17 	 200 	 2434 	 1
1788204269727 	 14 	 200 	 2434 	 0
1788204269771 	 29 	 200 	 2435 	 0
1788204269943 	 35 	 200 	 2437 	 1
1788204269976 	 31 	 200 	 2439 	 2
1788204269985 	 25 	 200 	 2439 	 1
1788204269992 	 21 	 200 	 2439 	 0
1788204270052 	 32 	 200 	 2440 	 0
1788204270220 	 13 	 200 	 2441 	 0
1788204270289 	 14 	 200 	 2442 	 0
1788204270344 	 13 	 200 	 2444 	 1
1788204270353 	 13 	 200 	 2444 	 0
1788204270398 	 35 	 200 	 2445 	 0
1788204270448 	 15 	 200 	 2447 	 1
1788204270459 	 13 	 200 	 2447 	 0
1788204270479 	 32 	 200 	 2449 	 1
1788204270485 	 30 	 200 	 2449 	 0
1788204270535 	 34 	 200 	 2451 	 1
1788204270558 	 24 	 200 	 2451 	 0
1788204270626 	 15 	 200 	 2453 	 1
1788204270637 	 16 	 200 	 2453 	 0
1788204270663 	 16 	 200 	 2455 	 1
1788204270664 	 19 	 200 	 2455 	 0
1788204270720 	 37 	 200 	 2456 	 0
1788204270935 	 35 	 200 	 2458 	 1
1788204270938 	 35 	 200 	 2458 	 0
1788204270989 	 14 	 200 	 2460 	 1
1788204271001 	 15 	 200 	 2460 	 0
1788204271156 	 39 	 200 	 2461 	 0
1788204271331 	 35 	 200 	 2462 	 0
1788204271409 	 12 	 200 	 2463 	 0
1788204271458 	 26 	 200 	 2465 	 1
1788204271497 	 16 	 200 	 2466 	 1
1788204271472 	 40 	 200 	 2466 	 0
1788204271524 	 14 	 200 	 2467 	 0
1788204271609 	 35 	 200 	 2469 	 1
1788204271633 	 34 	 200 	 2470 	 1
1788204271658 	 13 	 200 	 2470 	 0
1788204271719 	 13 	 200 	 2471 	 0
1788204271747 	 15 	 200 	 2472 	 0
1788204271813 	 13 	 200 	 2473 	 0
1788204271854 	 30 	 200 	 2474 	 0
1788204272052 	 31 	 200 	 2475 	 0
1788204272090 	 27 	 200 	 2478 	 2
1788204272104 	 15 	 200 	 2478 	 1
1788204272101 	 18 	 200 	 2478 	 0
1788204272195 	 13 	 200 	 2480 	 1
1788204272194 	 15 	 200 	 2480 	 0
1788204272251 	 12 	 200 	 2481 	 0
1788204272279 	 12 	 200 	 2482 	 0
1788204272301 	 14 	 200 	 2483 	 0
1788204272335 	 11 	 200 	 2484 	 0
1788204272350 	 13 	 200 	 2485 	 0
1788204272441 	 29 	 200 	 2486 	 0
1788204272518 	 20 	 200 	 2489 	 2
1788204272531 	 17 	 200 	 2489 	 1
1788204272535 	 14 	 200 	 2489 	 0
1788204272668 	 35 	 200 	 2492 	 2
1788204272692 	 18 	 200 	 2492 	 1
1788204272704 	 14 	 200 	 2493 	 1
1788204272714 	 14 	 200 	 2493 	 0
1788204272765 	 25 	 200 	 2496 	 2
1788204272775 	 19 	 200 	 2496 	 1
1788204272785 	 15 	 200 	 2496 	 0
1788204272845 	 15 	 200 	 2497 	 0
1788204272925 	 35 	 200 	 2499 	 1
1788204272955 	 37 	 200 	 2499 	 0
1788204273037 	 33 	 200 	 2500 	 0
1788204273089 	 17 	 200 	 2502 	 1
1788204273092 	 19 	 200 	 2502 	 0
1788204273128 	 16 	 200 	 2503 	 0
1788204273190 	 38 	 200 	 2505 	 1
1788204273223 	 27 	 200 	 2505 	 0
1788204273276 	 17 	 200 	 2506 	 0
1788204273397 	 19 	 200 	 2508 	 1
1788204273412 	 12 	 200 	 2508 	 0
1788204273494 	 13 	 200 	 2509 	 0
1788204273549 	 14 	 200 	 2511 	 1
1788204273555 	 12 	 200 	 2511 	 0
1788204273607 	 13 	 200 	 2512 	 0
1788204273667 	 22 	 200 	 2514 	 1
1788204273679 	 14 	 200 	 2514 	 0
1788204273721 	 18 	 200 	 2515 	 0
1788204273809 	 14 	 200 	 2518 	 2
1788204273813 	 14 	 200 	 2519 	 2
1788204273829 	 15 	 200 	 2520 	 2
1788204273824 	 22 	 200 	 2520 	 1
1788204273826 	 22 	 200 	 2520 	 0
1788204273867 	 23 	 200 	 2521 	 0
1788204273933 	 20 	 200 	 2522 	 0
1788204273985 	 43 	 200 	 2523 	 0
1788204274115 	 40 	 200 	 2525 	 1
1788204274155 	 19 	 200 	 2526 	 1
1788204274170 	 18 	 200 	 2526 	 0
1788204274218 	 19 	 200 	 2528 	 1
1788204274226 	 15 	 200 	 2528 	 1
1788204274242 	 12 	 200 	 2529 	 0
1788204274303 	 13 	 200 	 2530 	 0
1788204274329 	 12 	 200 	 2531 	 0
1788204274408 	 34 	 200 	 2532 	 0
1788204274463 	 22 	 200 	 2533 	 0
1788204274515 	 12 	 200 	 2534 	 0
1788204274533 	 13 	 200 	 2535 	 0
1788204274566 	 16 	 200 	 2536 	 0
1788204274684 	 37 	 200 	 2538 	 1
1788204274698 	 29 	 200 	 2538 	 0
1788204274820 	 36 	 200 	 2540 	 1
1788204274835 	 34 	 200 	 2540 	 0
1788204275057 	 20 	 200 	 2541 	 0
1788204275098 	 34 	 200 	 2543 	 1
1788204275128 	 19 	 200 	 2543 	 1
1788204275149 	 13 	 200 	 2544 	 0
1788204275187 	 35 	 200 	 2546 	 1
1788204275187 	 39 	 200 	 2546 	 0
1788204275321 	 23 	 200 	 2549 	 2
1788204275329 	 19 	 200 	 2549 	 1
1788204275333 	 16 	 200 	 2549 	 0
1788204275382 	 14 	 200 	 2550 	 0
1788204275463 	 30 	 200 	 2551 	 0
1788204275506 	 17 	 200 	 2552 	 0
1788204275536 	 12 	 200 	 2553 	 0
1788204275553 	 12 	 200 	 2554 	 0
1788204275611 	 35 	 200 	 2556 	 1
1788204275635 	 30 	 200 	 2558 	 2
1788204275653 	 20 	 200 	 2558 	 1
1788204275666 	 14 	 200 	 2559 	 1
1788204275681 	 15 	 200 	 2559 	 0
1788204275700 	 18 	 200 	 2560 	 0
1788204275803 	 24 	 200 	 2562 	 1
1788204275805 	 24 	 200 	 2562 	 0
1788204275864 	 42 	 200 	 2564 	 1
1788204275883 	 23 	 200 	 2564 	 0
1788204275933 	 31 	 200 	 2567 	 2
1788204275972 	 21 	 200 	 2569 	 3
1788204275978 	 64 	 200 	 2570 	 3
1788204275996 	 47 	 200 	 2570 	 2
1788204275947 	 114 	 200 	 2570 	 1
1788204275927 	 137 	 200 	 2571 	 1
1788204276065 	 15 	 200 	 2571 	 0
1788204276099 	 14 	 200 	 2573 	 1
1788204276103 	 16 	 200 	 2573 	 0
1788204276250 	 14 	 200 	 2574 	 0
1788204276269 	 12 	 200 	 2575 	 0
1788204276291 	 13 	 200 	 2577 	 1
1788204276296 	 14 	 200 	 2578 	 1
1788204276311 	 14 	 200 	 2579 	 1
1788204276326 	 14 	 200 	 2579 	 0
1788204276382 	 14 	 200 	 2580 	 0
1788204276581 	 25 	 200 	 2583 	 2
1788204276565 	 41 	 200 	 2583 	 1
1788204276599 	 15 	 200 	 2583 	 0
1788204276625 	 15 	 200 	 2584 	 0
1788204276804 	 18 	 200 	 2586 	 1
1788204276819 	 13 	 200 	 2586 	 0
1788204276833 	 17 	 200 	 2588 	 1
1788204276834 	 19 	 200 	 2588 	 0
1788204276857 	 12 	 200 	 2591 	 2
1788204276860 	 13 	 200 	 2591 	 1
1788204276869 	 16 	 200 	 2592 	 1
1788204276881 	 14 	 200 	 2592 	 0
1788204276927 	 23 	 200 	 2593 	 0
1788204276987 	 39 	 200 	 2595 	 1
1788204277025 	 14 	 200 	 2595 	 0
1788204277069 	 36 	 200 	 2596 	 0
1788204277140 	 13 	 200 	 2597 	 0
1788204277190 	 12 	 200 	 2600 	 2
1788204277194 	 16 	 200 	 2600 	 1
1788204277194 	 19 	 200 	 2600 	 0
1788204277452 	 40 	 200 	 2602 	 1
1788204277462 	 33 	 200 	 2602 	 0
1788204277509 	 13 	 200 	 2603 	 0
1788204277532 	 14 	 200 	 2605 	 1
1788204277539 	 13 	 200 	 2605 	 0
1788204277567 	 12 	 200 	 2606 	 0
1788204277591 	 15 	 200 	 2608 	 1
1788204277602 	 17 	 200 	 2608 	 0
1788204277909 	 39 	 200 	 2609 	 0
1788204278027 	 38 	 200 	 2614 	 4
1788204278050 	 24 	 200 	 2614 	 3
1788204278029 	 46 	 200 	 2614 	 2
1788204278041 	 35 	 200 	 2614 	 1
1788204278053 	 27 	 200 	 2614 	 0
1788204278122 	 34 	 200 	 2615 	 0
1788204278182 	 13 	 200 	 2616 	 0
1788204278196 	 16 	 200 	 2618 	 1
1788204278210 	 17 	 200 	 2620 	 2
1788204278218 	 19 	 200 	 2621 	 2
1788204278220 	 17 	 200 	 2621 	 1
1788204278235 	 15 	 200 	 2621 	 0
1788204278296 	 14 	 200 	 2623 	 1
1788204278304 	 18 	 200 	 2623 	 0
1788204278382 	 30 	 200 	 2625 	 1
1788204278410 	 34 	 200 	 2626 	 1
1788204278421 	 23 	 200 	 2626 	 0
1788204278450 	 19 	 200 	 2628 	 1
1788204278460 	 14 	 200 	 2628 	 0
1788204278585 	 35 	 200 	 2631 	 2
1788204278609 	 17 	 200 	 2631 	 1
1788204278617 	 18 	 200 	 2631 	 0
1788204278640 	 30 	 200 	 2632 	 0
1788204278741 	 13 	 200 	 2633 	 0
1788204278954 	 13 	 200 	 2634 	 0
1788204278980 	 16 	 200 	 2636 	 1
1788204278988 	 15 	 200 	 2636 	 0
1788204279026 	 34 	 200 	 2637 	 0
1788204279115 	 34 	 200 	 2638 	 0
1788204279171 	 19 	 200 	 2640 	 1
1788204279185 	 12 	 200 	 2640 	 0
1788204279329 	 27 	 200 	 2641 	 0
1788204279368 	 36 	 200 	 2644 	 2
1788204279381 	 26 	 200 	 2644 	 1
1788204279383 	 24 	 200 	 2644 	 0
1788204279576 	 20 	 200 	 2645 	 0
1788204279627 	 13 	 200 	 2646 	 0
1788204279702 	 35 	 200 	 2648 	 2
1788204279727 	 23 	 200 	 2649 	 1
1788204279739 	 16 	 200 	 2649 	 0
1788204279765 	 12 	 200 	 2650 	 0
1788204279816 	 30 	 200 	 2652 	 1
1788204279835 	 17 	 200 	 2652 	 0
1788204279863 	 14 	 200 	 2653 	 0
1788204280001 	 30 	 200 	 2654 	 0
1788204280110 	 38 	 200 	 2657 	 2
1788204280113 	 40 	 200 	 2657 	 1
1788204280132 	 36 	 200 	 2657 	 0
1788204280237 	 15 	 200 	 2658 	 0
1788204280266 	 12 	 200 	 2659 	 0
1788204280307 	 33 	 200 	 2660 	 0
1788204280417 	 25 	 200 	 2662 	 1
1788204280434 	 12 	 200 	 2662 	 0
1788204280562 	 25 	 200 	 2663 	 0
1788204280642 	 31 	 200 	 2664 	 0
1788204280748 	 31 	 200 	 2667 	 2
1788204280741 	 39 	 200 	 2667 	 1
1788204280757 	 25 	 200 	 2667 	 0
1788204280827 	 58 	 200 	 2668 	 0
1788204280929 	 30 	 200 	 2670 	 1
1788204280926 	 37 	 200 	 2670 	 0
1788204281069 	 14 	 200 	 2671 	 0
1788204281118 	 16 	 200 	 2672 	 0
1788204281164 	 33 	 200 	 2673 	 0
1788204281312 	 16 	 200 	 2674 	 0
1788204281348 	 16 	 200 	 2675 	 0
1788204281382 	 36 	 200 	 2676 	 0
1788204281444 	 16 	 200 	 2677 	 0
1788204281525 	 33 	 200 	 2678 	 0
1788204281652 	 22 	 200 	 2680 	 1
1788204281667 	 15 	 200 	 2680 	 0
1788204281740 	 33 	 200 	 2682 	 1
1788204281756 	 26 	 200 	 2682 	 0
1788204281794 	 17 	 200 	 2685 	 2
1788204281798 	 16 	 200 	 2685 	 1
1788204281809 	 12 	 200 	 2686 	 1
1788204281822 	 11 	 200 	 2686 	 0
1788204281928 	 13 	 200 	 2687 	 0
1788204282002 	 32 	 200 	 2688 	 0
1788204282066 	 25 	 200 	 2689 	 0
1788204282099 	 14 	 200 	 2690 	 0
1788204282148 	 32 	 200 	 2692 	 1
1788204282165 	 30 	 200 	 2694 	 2
1788204282191 	 15 	 200 	 2694 	 1
1788204282194 	 13 	 200 	 2694 	 0
1788204282344 	 25 	 200 	 2696 	 1
1788204282357 	 22 	 200 	 2696 	 0
1788204282450 	 13 	 200 	 2697 	 0
1788204282599 	 31 	 200 	 2699 	 1
1788204282601 	 34 	 200 	 2699 	 0
1788204282662 	 15 	 200 	 2700 	 0
1788204282746 	 35 	 200 	 2702 	 1
1788204282763 	 22 	 200 	 2703 	 1
1788204282786 	 18 	 200 	 2703 	 0
1788204282814 	 14 	 200 	 2704 	 0
1788204282958 	 35 	 200 	 2706 	 1
1788204282984 	 35 	 200 	 2706 	 0
1788204283165 	 27 	 200 	 2710 	 3
1788204283179 	 16 	 200 	 2710 	 2
1788204283154 	 41 	 200 	 2710 	 1
1788204283190 	 14 	 200 	 2711 	 1
1788204283199 	 12 	 200 	 2711 	 0
1788204283238 	 14 	 200 	 2713 	 1
1788204283247 	 13 	 200 	 2713 	 0
1788204283330 	 37 	 200 	 2715 	 1
1788204283356 	 30 	 200 	 2715 	 0
1788204283608 	 15 	 200 	 2716 	 0
1788204283696 	 16 	 200 	 2717 	 0
1788204283829 	 35 	 200 	 2719 	 1
1788204283831 	 35 	 200 	 2719 	 0
1788204283884 	 39 	 200 	 2721 	 1
1788204283913 	 26 	 200 	 2721 	 0
1788204284004 	 38 	 200 	 2724 	 2
1788204284006 	 41 	 200 	 2724 	 1
1788204284036 	 24 	 200 	 2725 	 1
1788204284054 	 13 	 200 	 2725 	 0
1788204284089 	 40 	 200 	 2730 	 4
1788204284105 	 29 	 200 	 2730 	 3
1788204284113 	 27 	 200 	 2730 	 2
1788204284121 	 22 	 200 	 2730 	 1
1788204284126 	 24 	 200 	 2730 	 0
1788204284152 	 19 	 200 	 2731 	 0
1788204284176 	 12 	 200 	 2733 	 1
1788204284188 	 14 	 200 	 2735 	 2
1788204284198 	 13 	 200 	 2735 	 1
1788204284202 	 15 	 200 	 2735 	 0
1788204284363 	 14 	 200 	 2736 	 0
1788204284388 	 13 	 200 	 2737 	 0
1788204284558 	 33 	 200 	 2738 	 0
1788204284597 	 19 	 200 	 2739 	 0
1788204284649 	 32 	 200 	 2740 	 0
1788204284748 	 34 	 200 	 2742 	 1
1788204284761 	 24 	 200 	 2742 	 0
1788204284837 	 40 	 200 	 2743 	 0
1788204284937 	 34 	 200 	 2745 	 1
1788204284938 	 33 	 200 	 2745 	 0
1788204285003 	 33 	 200 	 2746 	 0
1788204285046 	 34 	 200 	 2749 	 2
1788204285054 	 29 	 200 	 2749 	 1
1788204285077 	 13 	 200 	 2749 	 0
1788204285116 	 76 	 200 	 2751 	 1
1788204285156 	 37 	 200 	 2751 	 0
1788204285203 	 13 	 200 	 2752 	 0
1788204285253 	 25 	 200 	 2753 	 0
1788204285292 	 34 	 200 	 2754 	 0
1788204285329 	 15 	 200 	 2756 	 1
1788204285339 	 13 	 200 	 2756 	 0
1788204285355 	 13 	 200 	 2758 	 1
1788204285368 	 16 	 200 	 2758 	 0
1788204285390 	 12 	 200 	 2759 	 0
1788204285429 	 32 	 200 	 2760 	 0
1788204285517 	 38 	 200 	 2762 	 1
1788204285526 	 30 	 200 	 2762 	 0
1788204285613 	 18 	 200 	 2763 	 0
1788204285682 	 12 	 200 	 2765 	 1
1788204285688 	 14 	 200 	 2765 	 0
1788204285731 	 31 	 200 	 2767 	 1
1788204285743 	 31 	 200 	 2767 	 0
1788204285901 	 14 	 200 	 2768 	 0
1788204285959 	 17 	 200 	 2770 	 1
1788204285969 	 13 	 200 	 2770 	 0
1788204286045 	 34 	 200 	 2773 	 2
1788204286057 	 33 	 200 	 2773 	 1
1788204286074 	 22 	 200 	 2773 	 0
1788204286129 	 12 	 200 	 2774 	 0
1788204286264 	 18 	 200 	 2776 	 1
1788204286270 	 15 	 200 	 2776 	 0
1788204286375 	 14 	 200 	 2777 	 0
1788204286589 	 18 	 200 	 2779 	 1
1788204286594 	 15 	 200 	 2779 	 0
1788204286646 	 14 	 200 	 2780 	 0
1788204286715 	 33 	 200 	 2781 	 0
1788204286756 	 16 	 200 	 2782 	 0
1788204286817 	 30 	 200 	 2785 	 2
1788204286812 	 36 	 200 	 2785 	 1
1788204286833 	 24 	 200 	 2785 	 0
1788204286864 	 16 	 200 	 2786 	 0
1788204286890 	 12 	 200 	 2787 	 0
1788204286976 	 15 	 200 	 2788 	 0
1788204287136 	 12 	 200 	 2789 	 0
1788204287167 	 18 	 200 	 2792 	 2
1788204287171 	 17 	 200 	 2792 	 1
1788204287185 	 15 	 200 	 2793 	 1
1788204287193 	 15 	 200 	 2793 	 0
1788204287247 	 16 	 200 	 2795 	 1
1788204287251 	 14 	 200 	 2795 	 0
1788204287281 	 12 	 200 	 2796 	 0
1788204287317 	 19 	 200 	 2798 	 1
1788204287322 	 15 	 200 	 2798 	 0
1788204287481 	 14 	 200 	 2799 	 0
1788204287500 	 20 	 200 	 2800 	 0
1788204287551 	 23 	 200 	 2801 	 0
1788204287579 	 17 	 200 	 2802 	 0
1788204287622 	 55 	 200 	 2803 	 0
1788204287708 	 31 	 200 	 2804 	 0
1788204287751 	 18 	 200 	 2805 	 0
1788204287851 	 31 	 200 	 2806 	 0
1788204288095 	 27 	 200 	 2808 	 1
1788204288089 	 36 	 200 	 2808 	 0
1788204288140 	 13 	 200 	 2809 	 0
1788204288291 	 20 	 200 	 2810 	 0
1788204288318 	 13 	 200 	 2811 	 0
1788204288364 	 16 	 200 	 2812 	 0
1788204288450 	 17 	 200 	 2813 	 0
1788204288500 	 14 	 200 	 2814 	 0
1788204288544 	 14 	 200 	 2816 	 1
1788204288545 	 15 	 200 	 2816 	 0
1788204288586 	 15 	 200 	 2818 	 1
1788204288605 	 15 	 200 	 2820 	 2
1788204288596 	 25 	 200 	 2820 	 1
1788204288611 	 15 	 200 	 2821 	 1
1788204288626 	 15 	 200 	 2821 	 0
1788204288664 	 18 	 200 	 2823 	 1
1788204288675 	 16 	 200 	 2823 	 0
1788204288717 	 14 	 200 	 2826 	 2
1788204288704 	 29 	 200 	 2826 	 1
1788204288725 	 14 	 200 	 2827 	 1
1788204288738 	 13 	 200 	 2827 	 0
1788204288795 	 18 	 200 	 2828 	 0
1788204288833 	 15 	 200 	 2829 	 0
1788204288855 	 15 	 200 	 2830 	 0
1788204288905 	 16 	 200 	 2831 	 0
1788204288940 	 12 	 200 	 2832 	 0
1788204289007 	 31 	 200 	 2833 	 0
1788204289251 	 30 	 200 	 2834 	 0
1788204289307 	 35 	 200 	 2835 	 0
1788204289417 	 41 	 200 	 2837 	 1
1788204289457 	 13 	 200 	 2837 	 0
1788204289483 	 13 	 200 	 2839 	 1
1788204289492 	 15 	 200 	 2839 	 0
1788204289555 	 18 	 200 	 2840 	 0
1788204289601 	 14 	 200 	 2841 	 0
1788204289656 	 25 	 200 	 2842 	 0
1788204289816 	 13 	 200 	 2845 	 2
1788204289818 	 14 	 200 	 2845 	 1
1788204289827 	 14 	 200 	 2846 	 1
1788204289838 	 13 	 200 	 2846 	 0
1788204289857 	 12 	 200 	 2847 	 0
1788204289870 	 13 	 200 	 2848 	 0
1788204289948 	 32 	 200 	 2849 	 0
1788204290023 	 39 	 200 	 2852 	 2
1788204290049 	 28 	 200 	 2854 	 3
1788204290056 	 22 	 200 	 2854 	 2
1788204290073 	 24 	 200 	 2854 	 1
1788204290076 	 21 	 200 	 2854 	 0
1788204290122 	 18 	 200 	 2855 	 0
1788204290287 	 55 	 200 	 2856 	 0
1788204290375 	 15 	 200 	 2857 	 0
1788204290403 	 12 	 200 	 2858 	 0
1788204290484 	 32 	 200 	 2859 	 0
1788204290517 	 18 	 200 	 2860 	 0
1788204290544 	 19 	 200 	 2861 	 0
1788204290604 	 25 	 200 	 2862 	 0
1788204290701 	 14 	 200 	 2864 	 1
1788204290712 	 13 	 200 	 2864 	 0
1788204290768 	 13 	 200 	 2865 	 0
1788204290807 	 14 	 200 	 2866 	 0
1788204291073 	 36 	 200 	 2868 	 1
1788204291080 	 31 	 200 	 2868 	 0
1788204291303 	 15 	 200 	 2869 	 0
1788204291339 	 13 	 200 	 2871 	 1
1788204291341 	 13 	 200 	 2871 	 0
1788204291566 	 26 	 200 	 2873 	 1
1788204291570 	 22 	 200 	 2873 	 0
1788204291614 	 13 	 200 	 2874 	 0
1788204291672 	 29 	 200 	 2876 	 1
1788204291681 	 30 	 200 	 2876 	 0
1788204291732 	 37 	 200 	 2877 	 0
1788204291834 	 34 	 200 	 2878 	 0
1788204291936 	 14 	 200 	 2879 	 0
1788204291978 	 38 	 200 	 2881 	 1
1788204292006 	 19 	 200 	 2881 	 0
1788204292110 	 16 	 200 	 2882 	 0
1788204292158 	 20 	 200 	 2884 	 1
1788204292166 	 18 	 200 	 2884 	 0
1788204292196 	 14 	 200 	 2885 	 0
1788204292263 	 31 	 200 	 2886 	 0
1788204292307 	 16 	 200 	 2888 	 1
1788204292310 	 15 	 200 	 2888 	 0
1788204292351 	 18 	 200 	 2891 	 2
1788204292355 	 16 	 200 	 2891 	 1
1788204292357 	 18 	 200 	 2891 	 0
1788204292377 	 14 	 200 	 2892 	 0
1788204292428 	 18 	 200 	 2895 	 2
1788204292441 	 15 	 200 	 2897 	 3
1788204292442 	 18 	 200 	 2897 	 2
1788204292448 	 13 	 200 	 2897 	 1
1788204292452 	 15 	 200 	 2897 	 0
1788204292471 	 14 	 200 	 2898 	 0
1788204292529 	 32 	 200 	 2900 	 1
1788204292530 	 41 	 200 	 2900 	 0
1788204292742 	 36 	 200 	 2904 	 3
1788204292744 	 36 	 200 	 2904 	 2
1788204292758 	 28 	 200 	 2904 	 1
1788204292767 	 24 	 200 	 2904 	 0
1788204292797 	 16 	 200 	 2905 	 0
1788204292856 	 27 	 200 	 2908 	 2
1788204292855 	 29 	 200 	 2908 	 1
1788204292861 	 23 	 200 	 2908 	 0
1788204292898 	 12 	 200 	 2909 	 0
1788204292911 	 14 	 200 	 2910 	 0
1788204293003 	 30 	 200 	 2911 	 0
1788204293091 	 39 	 200 	 2914 	 2
1788204293116 	 25 	 200 	 2916 	 3
1788204293122 	 21 	 200 	 2916 	 2
1788204293132 	 16 	 200 	 2916 	 1
1788204293139 	 12 	 200 	 2916 	 0
1788204293165 	 14 	 200 	 2918 	 1
1788204293163 	 22 	 200 	 2918 	 0
1788204293194 	 12 	 200 	 2919 	 0
1788204293253 	 41 	 200 	 2922 	 2
1788204293283 	 30 	 200 	 2923 	 2
1788204293287 	 28 	 200 	 2923 	 1
1788204293302 	 19 	 200 	 2923 	 0
1788204293342 	 14 	 200 	 2924 	 0
1788204293365 	 13 	 200 	 2926 	 1
1788204293378 	 12 	 200 	 2926 	 0
1788204293400 	 16 	 200 	 2927 	 0
1788204293491 	 13 	 200 	 2928 	 0
1788204293532 	 14 	 200 	 2930 	 1
1788204293542 	 13 	 200 	 2931 	 1
1788204293552 	 13 	 200 	 2931 	 0
1788204293646 	 34 	 200 	 2933 	 1
1788204293676 	 15 	 200 	 2933 	 0
1788204293722 	 13 	 200 	 2934 	 0
1788204293790 	 18 	 200 	 2936 	 1
1788204293780 	 29 	 200 	 2936 	 0
1788204293812 	 16 	 200 	 2937 	 0
1788204293891 	 31 	 200 	 2938 	 0
1788204293936 	 15 	 200 	 2939 	 0
1788204293972 	 27 	 200 	 2940 	 0
1788204294021 	 33 	 200 	 2941 	 0
1788204294070 	 13 	 200 	 2943 	 1
1788204294068 	 19 	 200 	 2943 	 0
1788204294156 	 29 	 200 	 2944 	 0
1788204294269 	 25 	 200 	 2945 	 0
1788204294321 	 15 	 200 	 2946 	 0
1788204294387 	 32 	 200 	 2947 	 0
1788204294537 	 41 	 200 	 2950 	 2
1788204294568 	 34 	 200 	 2950 	 1
1788204294572 	 34 	 200 	 2950 	 0
1788204294624 	 21 	 200 	 2952 	 1
1788204294633 	 14 	 200 	 2952 	 0
1788204294683 	 14 	 200 	 2953 	 0
1788204294699 	 13 	 200 	 2954 	 0
1788204294835 	 37 	 200 	 2957 	 2
1788204294860 	 24 	 200 	 2958 	 2
1788204294871 	 19 	 200 	 2958 	 1
1788204294876 	 21 	 200 	 2958 	 0
1788204294947 	 39 	 200 	 2959 	 0
1788204295028 	 70 	 200 	 2960 	 0
1788204295184 	 37 	 200 	 2961 	 0
1788204295231 	 23 	 200 	 2962 	 0
1788204295267 	 15 	 200 	 2964 	 1
1788204295280 	 12 	 200 	 2964 	 0
1788204295369 	 13 	 200 	 2965 	 0
1788204295442 	 72 	 200 	 2966 	 0
1788204295562 	 29 	 200 	 2968 	 1
1788204295565 	 31 	 200 	 2968 	 0
1788204295625 	 15 	 200 	 2970 	 1
1788204295634 	 13 	 200 	 2970 	 0
1788204295730 	 17 	 200 	 2971 	 0
1788204295778 	 13 	 200 	 2972 	 0
1788204295814 	 15 	 200 	 2973 	 0
1788204295907 	 39 	 200 	 2974 	 0
1788204295961 	 15 	 200 	 2975 	 0
1788204296052 	 34 	 200 	 2977 	 1
1788204296076 	 29 	 200 	 2977 	 0
1788204296119 	 17 	 200 	 2978 	 0
1788204296219 	 16 	 200 	 2979 	 0
1788204296264 	 27 	 200 	 2982 	 2
1788204296284 	 21 	 200 	 2982 	 1
1788204296293 	 14 	 200 	 2982 	 0
1788204296439 	 15 	 200 	 2983 	 0
1788204296550 	 36 	 200 	 2985 	 1
1788204296560 	 32 	 200 	 2985 	 0
1788204296692 	 13 	 200 	 2986 	 0
1788204296719 	 33 	 200 	 2987 	 0
1788204296827 	 15 	 200 	 2988 	 0
1788204296909 	 36 	 200 	 2990 	 1
1788204296916 	 35 	 200 	 2990 	 0
1788204296956 	 18 	 200 	 2991 	 0
1788204297027 	 32 	 200 	 2992 	 0
1788204297140 	 15 	 200 	 2993 	 0
1788204297165 	 15 	 200 	 2994 	 0
1788204297346 	 16 	 200 	 2996 	 1
1788204297363 	 14 	 200 	 2996 	 0
1788204297483 	 36 	 200 	 2997 	 0
1788204297554 	 16 	 200 	 2998 	 0
1788204297575 	 14 	 200 	 3002 	 3
1788204297581 	 20 	 200 	 3002 	 2
1788204297585 	 19 	 200 	 3002 	 1
1788204297589 	 15 	 200 	 3002 	 0
1788204297669 	 31 	 200 	 3004 	 1
1788204297696 	 14 	 200 	 3004 	 0
1788204297889 	 33 	 200 	 3007 	 2
1788204297914 	 30 	 200 	 3008 	 2
1788204297922 	 24 	 200 	 3008 	 1
1788204297934 	 22 	 200 	 3008 	 0
1788204298008 	 13 	 200 	 3009 	 0
1788204298045 	 12 	 200 	 3010 	 0
1788204298194 	 29 	 200 	 3011 	 0
1788204298240 	 12 	 200 	 3013 	 1
1788204298244 	 14 	 200 	 3013 	 0
1788204298280 	 14 	 200 	 3014 	 0
1788204298326 	 12 	 200 	 3015 	 0
1788204298347 	 18 	 200 	 3016 	 0
1788204298368 	 13 	 200 	 3017 	 0
1788204298465 	 16 	 200 	 3019 	 1
1788204298470 	 14 	 200 	 3019 	 0
1788204298521 	 12 	 200 	 3020 	 0
1788204298616 	 18 	 200 	 3021 	 0
1788204298686 	 13 	 200 	 3023 	 1
1788204298691 	 15 	 200 	 3023 	 0
1788204298714 	 16 	 200 	 3024 	 0
1788204298752 	 12 	 200 	 3025 	 0
1788204298818 	 15 	 200 	 3026 	 0
1788204298926 	 31 	 200 	 3027 	 0
1788204299110 	 35 	 200 	 3029 	 2
1788204299123 	 32 	 200 	 3030 	 1
1788204299147 	 22 	 200 	 3030 	 0
1788204299197 	 31 	 200 	 3031 	 0
1788204299298 	 22 	 200 	 3032 	 0
1788204299324 	 19 	 200 	 3034 	 1
1788204299324 	 20 	 200 	 3034 	 0
1788204299379 	 41 	 200 	 3035 	 0
1788204299544 	 30 	 200 	 3036 	 0
1788204299623 	 25 	 200 	 3037 	 0
1788204299654 	 15 	 200 	 3038 	 0
1788204299769 	 25 	 200 	 3040 	 1
1788204299786 	 12 	 200 	 3040 	 0
1788204299830 	 17 	 200 	 3043 	 2
1788204299822 	 24 	 200 	 3043 	 1
1788204299833 	 14 	 200 	 3043 	 0
1788204299857 	 17 	 200 	 3045 	 1
1788204299863 	 13 	 200 	 3045 	 0
1788204299921 	 30 	 200 	 3046 	 0
1788204299971 	 33 	 200 	 3047 	 0
1788204300087 	 21 	 200 	 3049 	 1
1788204300103 	 13 	 200 	 3050 	 1
1788204300110 	 12 	 200 	 3050 	 0
1788204300216 	 34 	 200 	 3052 	 1
1788204300218 	 33 	 200 	 3052 	 0
1788204300304 	 34 	 200 	 3055 	 2
1788204300326 	 35 	 200 	 3055 	 1
1788204300324 	 40 	 200 	 3055 	 0
1788204300431 	 36 	 200 	 3058 	 2
1788204300441 	 30 	 200 	 3058 	 1
1788204300444 	 28 	 200 	 3058 	 0
1788204300519 	 36 	 200 	 3060 	 1
1788204300543 	 26 	 200 	 3060 	 0
1788204300585 	 12 	 200 	 3061 	 0
1788204300719 	 29 	 200 	 3064 	 2
1788204300713 	 35 	 200 	 3064 	 1
1788204300726 	 25 	 200 	 3064 	 0
1788204300891 	 35 	 200 	 3065 	 0
1788204301007 	 37 	 200 	 3068 	 2
1788204301012 	 32 	 200 	 3068 	 1
1788204301039 	 15 	 200 	 3068 	 0
1788204301134 	 30 	 200 	 3070 	 1
1788204301131 	 41 	 200 	 3070 	 0
1788204301255 	 14 	 200 	 3071 	 0
1788204301276 	 13 	 200 	 3072 	 0
1788204301331 	 31 	 200 	 3075 	 2
1788204301336 	 34 	 200 	 3075 	 1
1788204301348 	 25 	 200 	 3075 	 0
1788204301439 	 14 	 200 	 3076 	 0
1788204301477 	 13 	 200 	 3078 	 1
1788204301491 	 12 	 200 	 3078 	 0
1788204301584 	 14 	 200 	 3080 	 1
1788204301581 	 19 	 200 	 3080 	 0
1788204301638 	 15 	 200 	 3082 	 1
1788204301651 	 17 	 200 	 3083 	 1
1788204301660 	 21 	 200 	 3083 	 0
1788204301718 	 34 	 200 	 3084 	 0
1788204301763 	 33 	 200 	 3085 	 0
1788204301799 	 14 	 200 	 3087 	 1
1788204301814 	 12 	 200 	 3087 	 0
1788204301832 	 13 	 200 	 3088 	 0
1788204301864 	 24 	 200 	 3089 	 0
1788204301943 	 16 	 200 	 3091 	 1
1788204301945 	 17 	 200 	 3091 	 0
1788204301994 	 35 	 200 	 3094 	 2
1788204302007 	 24 	 200 	 3094 	 1
1788204302016 	 21 	 200 	 3094 	 0
1788204302225 	 32 	 200 	 3095 	 0
1788204302312 	 31 	 200 	 3096 	 0
1788204302405 	 32 	 200 	 3099 	 2
1788204302407 	 35 	 200 	 3099 	 1
1788204302411 	 34 	 200 	 3100 	 1
1788204302447 	 17 	 200 	 3100 	 0
1788204302508 	 31 	 200 	 3101 	 0
1788204302613 	 14 	 200 	 3102 	 0
1788204302679 	 12 	 200 	 3103 	 0
1788204303012 	 39 	 200 	 3105 	 1
1788204303042 	 26 	 200 	 3105 	 0
1788204303136 	 34 	 200 	 3106 	 0
1788204303323 	 15 	 200 	 3107 	 0
1788204303361 	 15 	 200 	 3110 	 2
1788204303352 	 25 	 200 	 3110 	 1
1788204303354 	 24 	 200 	 3110 	 0
1788204303402 	 32 	 200 	 3112 	 1
1788204303412 	 28 	 200 	 3112 	 0
1788204303443 	 14 	 200 	 3115 	 2
1788204303445 	 13 	 200 	 3115 	 1
1788204303456 	 15 	 200 	 3115 	 0
1788204303539 	 15 	 200 	 3116 	 0
1788204303637 	 24 	 200 	 3118 	 1
1788204303655 	 14 	 200 	 3118 	 0
1788204303683 	 22 	 200 	 3119 	 0
1788204303751 	 34 	 200 	 3121 	 1
1788204303761 	 28 	 200 	 3121 	 0
1788204303809 	 13 	 200 	 3122 	 0
1788204303864 	 15 	 200 	 3123 	 0
1788204304024 	 33 	 200 	 3125 	 1
1788204304052 	 25 	 200 	 3125 	 0
1788204304159 	 40 	 200 	 3126 	 0
1788204304206 	 30 	 200 	 3129 	 2
1788204304213 	 31 	 200 	 3129 	 1
1788204304232 	 25 	 200 	 3129 	 0
1788204304276 	 12 	 200 	 3130 	 0
1788204304399 	 13 	 200 	 3131 	 0
1788204304418 	 12 	 200 	 3132 	 0
1788204304493 	 13 	 200 	 3133 	 0
1788204304621 	 13 	 200 	 3134 	 0
1788204304642 	 12 	 200 	 3135 	 0
1788204304665 	 14 	 200 	 3136 	 0
1788204304683 	 11 	 200 	 3137 	 0
1788204304734 	 37 	 200 	 3139 	 1
1788204304753 	 26 	 200 	 3139 	 0
1788204304790 	 13 	 200 	 3140 	 0
1788204304845 	 13 	 200 	 3141 	 0
1788204304985 	 20 	 200 	 3142 	 0
1788204305068 	 30 	 200 	 3144 	 1
1788204305091 	 33 	 200 	 3144 	 0
1788204305169 	 21 	 200 	 3146 	 1
1788204305189 	 14 	 200 	 3146 	 0
1788204305211 	 16 	 200 	 3147 	 0
1788204305310 	 31 	 200 	 3149 	 1
1788204305305 	 36 	 200 	 3149 	 0
1788204305400 	 32 	 200 	 3151 	 1
1788204305406 	 28 	 200 	 3151 	 0
1788204305470 	 20 	 200 	 3152 	 0
1788204305515 	 43 	 200 	 3155 	 2
1788204305515 	 47 	 200 	 3156 	 2
1788204305560 	 22 	 200 	 3156 	 1
1788204305564 	 21 	 200 	 3156 	 0
1788204305635 	 28 	 200 	 3157 	 0
1788204305675 	 14 	 200 	 3158 	 0
1788204305731 	 28 	 200 	 3159 	 0
1788204305761 	 12 	 200 	 3160 	 0
1788204305910 	 15 	 200 	 3161 	 0
1788204305968 	 21 	 200 	 3162 	 0
1788204306028 	 15 	 200 	 3163 	 0
1788204306118 	 35 	 200 	 3165 	 1
1788204306132 	 35 	 200 	 3165 	 0
1788204306322 	 14 	 200 	 3167 	 1
1788204306330 	 12 	 200 	 3167 	 0
1788204306382 	 13 	 200 	 3168 	 0
1788204306436 	 11 	 200 	 3169 	 0
1788204306519 	 18 	 200 	 3172 	 2
1788204306524 	 17 	 200 	 3173 	 2
1788204306541 	 20 	 200 	 3173 	 1
1788204306537 	 24 	 200 	 3173 	 0
1788204306725 	 22 	 200 	 3174 	 0
1788204306790 	 37 	 200 	 3175 	 0
1788204306909 	 30 	 200 	 3176 	 0
1788204307020 	 38 	 200 	 3178 	 1
1788204307029 	 35 	 200 	 3178 	 0
1788204307094 	 19 	 200 	 3181 	 2
1788204307113 	 15 	 200 	 3181 	 1
1788204307112 	 18 	 200 	 3181 	 0
1788204307245 	 20 	 200 	 3182 	 0
1788204307412 	 33 	 200 	 3183 	 0
1788204307568 	 18 	 200 	 3185 	 1
1788204307573 	 15 	 200 	 3185 	 0
1788204307649 	 21 	 200 	 3187 	 1
1788204307671 	 14 	 200 	 3188 	 1
1788204307682 	 13 	 200 	 3189 	 1
1788204307688 	 12 	 200 	 3189 	 0
1788204307765 	 28 	 200 	 3190 	 0
1788204307867 	 14 	 200 	 3191 	 0
1788204307943 	 34 	 200 	 3194 	 2
1788204307965 	 30 	 200 	 3194 	 1
1788204307960 	 35 	 200 	 3194 	 0
1788204308029 	 14 	 200 	 3195 	 0
1788204308060 	 16 	 200 	 3196 	 0
1788204308082 	 11 	 200 	 3197 	 0
1788204308130 	 15 	 200 	 3198 	 0
1788204308149 	 14 	 200 	 3200 	 1
1788204308162 	 13 	 200 	 3200 	 0
1788204308202 	 15 	 200 	 3201 	 0
1788204308224 	 14 	 200 	 3202 	 0
1788204308367 	 14 	 200 	 3203 	 0
1788204308446 	 21 	 200 	 3205 	 1
1788204308432 	 38 	 200 	 3205 	 0
1788204308484 	 14 	 200 	 3206 	 0
1788204308538 	 22 	 200 	 3208 	 1
1788204308553 	 17 	 200 	 3208 	 0
1788204308587 	 12 	 200 	 3209 	 0
1788204308626 	 12 	 200 	 3211 	 1
1788204308626 	 16 	 200 	 3211 	 0
1788204308648 	 13 	 200 	 3212 	 0
1788204308683 	 14 	 200 	 3213 	 0
1788204308721 	 25 	 200 	 3214 	 0
1788204308753 	 15 	 200 	 3216 	 1
1788204308756 	 17 	 200 	 3218 	 2
1788204308771 	 14 	 200 	 3218 	 1
1788204308770 	 15 	 200 	 3218 	 0
1788204308826 	 17 	 200 	 3220 	 1
1788204308836 	 13 	 200 	 3220 	 0
1788204308886 	 13 	 200 	 3221 	 0
1788204308911 	 12 	 200 	 3222 	 0
1788204308929 	 14 	 200 	 3224 	 1
1788204308937 	 16 	 200 	 3225 	 1
1788204308949 	 12 	 200 	 3225 	 0
1788204309056 	 21 	 200 	 3226 	 0
1788204309084 	 13 	 200 	 3228 	 1
1788204309093 	 13 	 200 	 3228 	 0
1788204309110 	 12 	 200 	 3229 	 0
1788204309165 	 26 	 200 	 3231 	 1
1788204309167 	 24 	 200 	 3231 	 0
1788204309193 	 16 	 200 	 3232 	 0
1788204309238 	 14 	 200 	 3233 	 0
1788204309282 	 39 	 200 	 3234 	 0
1788204309351 	 46 	 200 	 3235 	 0
1788204309426 	 13 	 200 	 3236 	 0
1788204309538 	 37 	 200 	 3238 	 1
1788204309565 	 23 	 200 	 3239 	 1
1788204309589 	 15 	 200 	 3239 	 0
1788204309620 	 12 	 200 	 3240 	 0
1788204309700 	 38 	 200 	 3242 	 1
1788204309727 	 17 	 200 	 3242 	 0
1788204309883 	 15 	 200 	 3243 	 0
1788204309924 	 16 	 200 	 3244 	 0
1788204309991 	 32 	 200 	 3245 	 0
1788204310049 	 36 	 200 	 3246 	 0
1788204310122 	 15 	 200 	 3248 	 1
1788204310123 	 15 	 200 	 3248 	 0
1788204310308 	 31 	 200 	 3249 	 0
1788204310475 	 19 	 200 	 3250 	 0
1788204310570 	 18 	 200 	 3251 	 0
1788204310609 	 32 	 200 	 3253 	 1
1788204310624 	 24 	 200 	 3253 	 0
1788204310742 	 14 	 200 	 3254 	 0
1788204310769 	 26 	 200 	 3255 	 0
1788204310797 	 12 	 200 	 3256 	 0
1788204310923 	 34 	 200 	 3258 	 1
1788204310927 	 36 	 200 	 3258 	 0
1788204310981 	 16 	 200 	 3260 	 1
1788204310986 	 14 	 200 	 3260 	 0
1788204311217 	 28 	 200 	 3262 	 1
1788204311245 	 18 	 200 	 3263 	 1
1788204311252 	 14 	 200 	 3263 	 0
1788204311273 	 15 	 200 	 3264 	 0
1788204311302 	 15 	 200 	 3265 	 0
1788204311370 	 18 	 200 	 3266 	 0
1788204311405 	 14 	 200 	 3268 	 1
1788204311408 	 14 	 200 	 3268 	 0
1788204311439 	 20 	 200 	 3270 	 1
1788204311435 	 24 	 200 	 3270 	 0
1788204311488 	 34 	 200 	 3271 	 0
1788204311564 	 36 	 200 	 3273 	 1
1788204311579 	 23 	 200 	 3273 	 0
1788204311651 	 35 	 200 	 3274 	 0
1788204311724 	 18 	 200 	 3275 	 0
1788204311864 	 23 	 200 	 3277 	 1
1788204311876 	 12 	 200 	 3277 	 0
1788204311892 	 20 	 200 	 3278 	 0
1788204311923 	 18 	 200 	 3280 	 1
1788204311929 	 16 	 200 	 3280 	 0
1788204312159 	 27 	 200 	 3282 	 1
1788204312181 	 17 	 200 	 3282 	 0
1788204312200 	 13 	 200 	 3283 	 0
1788204312237 	 18 	 200 	 3284 	 0
1788204312302 	 22 	 200 	 3285 	 0
1788204312326 	 14 	 200 	 3286 	 0
1788204312363 	 30 	 200 	 3288 	 1
1788204312392 	 27 	 200 	 3288 	 0
1788204312568 	 36 	 200 	 3292 	 3
1788204312581 	 33 	 200 	 3292 	 3
1788204312593 	 26 	 200 	 3293 	 2
1788204312602 	 21 	 200 	 3294 	 2
1788204312616 	 14 	 200 	 3295 	 2
1788204312623 	 14 	 200 	 3295 	 1
1788204312631 	 13 	 200 	 3295 	 0
1788204312679 	 15 	 200 	 3297 	 1
1788204312685 	 14 	 200 	 3297 	 0
1788204312751 	 13 	 200 	 3299 	 1
1788204312759 	 14 	 200 	 3299 	 0
1788204312809 	 18 	 200 	 3300 	 0
1788204312863 	 22 	 200 	 3301 	 0
1788204312903 	 14 	 200 	 3303 	 1
1788204312911 	 13 	 200 	 3303 	 0
1788204312993 	 39 	 200 	 3304 	 0
1788204313075 	 37 	 200 	 3306 	 1
1788204313103 	 32 	 200 	 3307 	 1
1788204313125 	 25 	 200 	 3308 	 1
1788204313139 	 24 	 200 	 3308 	 0
1788204313276 	 21 	 200 	 3310 	 1
1788204313288 	 15 	 200 	 3310 	 0
1788204313429 	 18 	 200 	 3311 	 0
1788204313449 	 16 	 200 	 3312 	 0
1788204313492 	 30 	 200 	 3314 	 1
1788204313502 	 21 	 200 	 3314 	 0
1788204313595 	 23 	 200 	 3316 	 1
1788204313622 	 16 	 200 	 3317 	 1
1788204313670 	 35 	 200 	 3319 	 2
1788204313703 	 16 	 200 	 3319 	 1
1788204313581 	 150 	 200 	 3320 	 1
1788204313729 	 12 	 200 	 3320 	 0
1788204313833 	 37 	 200 	 3322 	 1
1788204313852 	 33 	 200 	 3322 	 0
1788204313907 	 39 	 200 	 3324 	 1
1788204313936 	 22 	 200 	 3324 	 0
1788204313961 	 20 	 200 	 3325 	 0
1788204314003 	 34 	 200 	 3327 	 1
1788204314035 	 34 	 200 	 3327 	 0
1788204314122 	 42 	 200 	 3328 	 0
1788204314199 	 39 	 200 	 3331 	 2
1788204314209 	 30 	 200 	 3331 	 1
1788204314229 	 20 	 200 	 3331 	 0
1788204314287 	 34 	 200 	 3332 	 0
1788204314385 	 31 	 200 	 3334 	 1
1788204314387 	 33 	 200 	 3334 	 0
1788204314431 	 14 	 200 	 3335 	 0
1788204314469 	 15 	 200 	 3338 	 2
1788204314478 	 21 	 200 	 3339 	 2
1788204314485 	 15 	 200 	 3339 	 1
1788204314490 	 15 	 200 	 3339 	 0
1788204314529 	 24 	 200 	 3340 	 0
1788204314556 	 13 	 200 	 3341 	 0
1788204314649 	 28 	 200 	 3342 	 0
1788204314702 	 13 	 200 	 3344 	 1
1788204314714 	 14 	 200 	 3345 	 1
1788204314726 	 13 	 200 	 3345 	 0
1788204314815 	 28 	 200 	 3346 	 0
1788204314913 	 30 	 200 	 3347 	 0
1788204314963 	 14 	 200 	 3349 	 1
1788204314976 	 13 	 200 	 3349 	 0
1788204315010 	 35 	 200 	 3350 	 0
1788204315074 	 15 	 200 	 3353 	 2
1788204315076 	 14 	 200 	 3353 	 1
1788204315088 	 13 	 200 	 3353 	 0
1788204315158 	 43 	 200 	 3355 	 1
1788204315163 	 39 	 200 	 3355 	 0
1788204315233 	 13 	 200 	 3357 	 1
1788204315240 	 12 	 200 	 3357 	 0
1788204315337 	 15 	 200 	 3358 	 0
1788204315389 	 12 	 200 	 3359 	 0
1788204315441 	 13 	 200 	 3360 	 0
1788204315477 	 18 	 200 	 3362 	 1
1788204315478 	 20 	 200 	 3362 	 0
1788204315509 	 12 	 200 	 3363 	 0
1788204315528 	 12 	 200 	 3364 	 0
1788204315657 	 24 	 200 	 3365 	 0
1788204315727 	 34 	 200 	 3367 	 1
1788204315733 	 39 	 200 	 3367 	 0
1788204315925 	 13 	 200 	 3368 	 0
1788204315941 	 12 	 200 	 3369 	 0
1788204315964 	 19 	 200 	 3370 	 0
1788204316052 	 35 	 200 	 3371 	 0
1788204316266 	 22 	 200 	 3372 	 0
1788204316356 	 17 	 200 	 3374 	 1
1788204316370 	 15 	 200 	 3374 	 0
1788204316389 	 14 	 200 	 3375 	 0
1788204316545 	 23 	 200 	 3376 	 0
1788204316578 	 13 	 200 	 3377 	 0
1788204316634 	 25 	 200 	 3378 	 0
1788204316671 	 15 	 200 	 3379 	 0
1788204316696 	 17 	 200 	 3380 	 0
1788204316749 	 32 	 200 	 3381 	 0
1788204316842 	 35 	 200 	 3384 	 2
1788204316860 	 22 	 200 	 3384 	 1
1788204316857 	 28 	 200 	 3384 	 0
1788204316949 	 13 	 200 	 3385 	 0
1788204317147 	 18 	 200 	 3386 	 0
1788204317217 	 24 	 200 	 3387 	 0
1788204317318 	 13 	 200 	 3388 	 0
1788204317333 	 12 	 200 	 3389 	 0
1788204317367 	 14 	 200 	 3390 	 0
1788204317456 	 15 	 200 	 3391 	 0
1788204317547 	 30 	 200 	 3392 	 0
1788204317607 	 26 	 200 	 3394 	 1
1788204317626 	 25 	 200 	 3394 	 0
1788204317691 	 15 	 200 	 3395 	 0
1788204317760 	 24 	 200 	 3397 	 1
1788204317772 	 15 	 200 	 3397 	 0
1788204317836 	 34 	 200 	 3399 	 1
1788204317854 	 66 	 200 	 3401 	 2
1788204317913 	 14 	 200 	 3401 	 1
1788204317914 	 15 	 200 	 3401 	 0
1788204317984 	 14 	 200 	 3404 	 2
1788204317989 	 13 	 200 	 3404 	 1
1788204317994 	 18 	 200 	 3404 	 0
1788204318016 	 13 	 200 	 3405 	 0
1788204318035 	 12 	 200 	 3406 	 0
1788204318134 	 39 	 200 	 3409 	 2
1788204318128 	 46 	 200 	 3409 	 1
1788204318154 	 23 	 200 	 3409 	 0
1788204318187 	 12 	 200 	 3410 	 0
1788204318221 	 20 	 200 	 3411 	 0
1788204318296 	 15 	 200 	 3412 	 0
1788204318332 	 13 	 200 	 3415 	 2
1788204318337 	 15 	 200 	 3416 	 2
1788204318344 	 14 	 200 	 3416 	 1
1788204318348 	 15 	 200 	 3416 	 0
1788204318376 	 15 	 200 	 3417 	 0
1788204318514 	 15 	 200 	 3418 	 0
1788204318590 	 40 	 200 	 3419 	 0
1788204318663 	 24 	 200 	 3420 	 0
1788204318916 	 36 	 200 	 3421 	 0
1788204318986 	 29 	 200 	 3422 	 0
1788204319078 	 13 	 200 	 3423 	 0
1788204319100 	 16 	 200 	 3424 	 0
1788204319133 	 14 	 200 	 3425 	 0
1788204319159 	 13 	 200 	 3426 	 0
1788204319213 	 21 	 200 	 3427 	 0
1788204319241 	 15 	 200 	 3429 	 1
1788204319252 	 13 	 200 	 3429 	 0
1788204319307 	 15 	 200 	 3430 	 0
1788204319372 	 13 	 200 	 3431 	 0
1788204319467 	 25 	 200 	 3433 	 1
1788204319476 	 18 	 200 	 3433 	 0
1788204319536 	 14 	 200 	 3434 	 0
1788204319638 	 37 	 200 	 3435 	 0
1788204319715 	 28 	 200 	 3436 	 0
1788204319826 	 38 	 200 	 3437 	 0
1788204319916 	 15 	 200 	 3438 	 0
1788204320016 	 46 	 200 	 3441 	 2
1788204320026 	 47 	 200 	 3442 	 2
1788204320054 	 21 	 200 	 3442 	 1
1788204320073 	 28 	 200 	 3442 	 0
1788204320178 	 24 	 200 	 3445 	 2
1788204320181 	 26 	 200 	 3445 	 1
1788204320180 	 27 	 200 	 3445 	 0
1788204320236 	 12 	 200 	 3446 	 0
1788204320257 	 12 	 200 	 3447 	 0
1788204320346 	 19 	 200 	 3448 	 0
1788204320374 	 13 	 200 	 3449 	 0
1788204320548 	 29 	 200 	 3450 	 0
1788204320673 	 26 	 200 	 3452 	 1
1788204320680 	 21 	 200 	 3452 	 0
1788204320781 	 12 	 200 	 3453 	 0
1788204320824 	 18 	 200 	 3456 	 2
1788204320826 	 18 	 200 	 3457 	 2
1788204320830 	 18 	 200 	 3457 	 1
1788204320844 	 13 	 200 	 3458 	 1
1788204320850 	 12 	 200 	 3458 	 0
1788204320887 	 18 	 200 	 3459 	 1
1788204320906 	 15 	 200 	 3460 	 0
1788204320935 	 14 	 200 	 3461 	 0
1788204320993 	 23 	 200 	 3462 	 0
1788204321086 	 14 	 200 	 3463 	 0
1788204321127 	 20 	 200 	 3464 	 0
1788204321156 	 16 	 200 	 3466 	 1
1788204321161 	 12 	 200 	 3466 	 0
1788204321205 	 33 	 200 	 3468 	 1
1788204321232 	 24 	 200 	 3468 	 0
1788204321287 	 31 	 200 	 3469 	 0
1788204321324 	 12 	 200 	 3471 	 1
1788204321327 	 11 	 200 	 3471 	 0
1788204321342 	 15 	 200 	 3472 	 0
1788204321384 	 14 	 200 	 3473 	 0
1788204321416 	 15 	 200 	 3475 	 1
1788204321430 	 14 	 200 	 3476 	 1
1788204321437 	 16 	 200 	 3476 	 0
1788204321567 	 25 	 200 	 3477 	 0
1788204321700 	 36 	 200 	 3479 	 1
1788204321719 	 38 	 200 	 3479 	 0
1788204321864 	 15 	 200 	 3482 	 2
1788204321837 	 101 	 200 	 3482 	 1
1788204321955 	 94 	 200 	 3483 	 1
1788204322072 	 93 	 200 	 3484 	 1
1788204322167 	 86 	 200 	 3486 	 2
1788204321822 	 431 	 200 	 3486 	 1
1788204322246 	 13 	 200 	 3486 	 0
1788204322262 	 15 	 200 	 3490 	 3
1788204322268 	 16 	 200 	 3490 	 2
1788204322271 	 21 	 200 	 3490 	 1
1788204322274 	 20 	 200 	 3490 	 0
1788204322492 	 31 	 200 	 3492 	 1
1788204322494 	 32 	 200 	 3492 	 0
1788204322561 	 37 	 200 	 3494 	 1
1788204322588 	 25 	 200 	 3494 	 0
1788204322646 	 34 	 200 	 3496 	 1
1788204322679 	 22 	 200 	 3496 	 0
1788204322768 	 34 	 200 	 3498 	 1
1788204322791 	 30 	 200 	 3498 	 0
1788204322864 	 27 	 200 	 3500 	 1
1788204322869 	 24 	 200 	 3500 	 0
1788204322963 	 31 	 200 	 3502 	 1
1788204322985 	 21 	 200 	 3502 	 0
1788204323036 	 49 	 200 	 3504 	 1
1788204323061 	 27 	 200 	 3504 	 0
1788204323244 	 14 	 200 	 3505 	 0
1788204323387 	 12 	 200 	 3506 	 0
1788204323401 	 13 	 200 	 3507 	 0
1788204323425 	 13 	 200 	 3508 	 0
1788204323485 	 28 	 200 	 3512 	 3
1788204323483 	 33 	 200 	 3512 	 2
1788204323479 	 37 	 200 	 3512 	 1
1788204323492 	 26 	 200 	 3512 	 0
1788204323579 	 15 	 200 	 3514 	 1
1788204323593 	 14 	 200 	 3515 	 1
1788204323604 	 14 	 200 	 3515 	 0
1788204323651 	 33 	 200 	 3517 	 1
1788204323683 	 26 	 200 	 3518 	 1
1788204323695 	 16 	 200 	 3518 	 0
1788204323732 	 32 	 200 	 3520 	 1
1788204323742 	 44 	 200 	 3521 	 1
1788204323779 	 17 	 200 	 3521 	 0
1788204323854 	 17 	 200 	 3523 	 1
1788204323863 	 17 	 200 	 3523 	 0
1788204323935 	 38 	 200 	 3524 	 0
1788204323980 	 14 	 200 	 3525 	 0
1788204324017 	 20 	 200 	 3526 	 0
1788204324041 	 12 	 200 	 3527 	 0
1788204324095 	 14 	 200 	 3528 	 0
1788204324128 	 22 	 200 	 3529 	 0
1788204324231 	 20 	 200 	 3530 	 0
1788204324288 	 12 	 200 	 3531 	 0
1788204324321 	 12 	 200 	 3532 	 0
1788204324350 	 12 	 200 	 3533 	 0
1788204324458 	 21 	 200 	 3534 	 0
1788204324559 	 32 	 200 	 3537 	 2
1788204324576 	 27 	 200 	 3537 	 1
1788204324583 	 22 	 200 	 3537 	 0
1788204324664 	 35 	 200 	 3539 	 1
1788204324697 	 13 	 200 	 3539 	 0
1788204324793 	 17 	 200 	 3540 	 0
1788204324822 	 17 	 200 	 3542 	 1
1788204324823 	 19 	 200 	 3542 	 0
1788204324873 	 21 	 200 	 3543 	 0
1788204324949 	 33 	 200 	 3544 	 0
1788204325111 	 18 	 200 	 3545 	 0
1788204325150 	 35 	 200 	 3547 	 1
1788204325159 	 30 	 200 	 3547 	 0
1788204325192 	 28 	 200 	 3549 	 1
1788204325194 	 29 	 200 	 3549 	 0
1788204325227 	 13 	 200 	 3550 	 0
1788204325413 	 37 	 200 	 3552 	 1
1788204325409 	 42 	 200 	 3552 	 0
1788204325461 	 16 	 200 	 3555 	 2
1788204325465 	 15 	 200 	 3555 	 1
1788204325465 	 16 	 200 	 3555 	 0
1788204325533 	 38 	 200 	 3557 	 1
1788204325566 	 18 	 200 	 3557 	 0
1788204325619 	 28 	 200 	 3558 	 0
1788204325655 	 12 	 200 	 3559 	 0
1788204325776 	 34 	 200 	 3560 	 0
1788204325822 	 17 	 200 	 3562 	 1
1788204325844 	 15 	 200 	 3563 	 1
1788204325824 	 35 	 200 	 3563 	 0
1788204325885 	 14 	 200 	 3564 	 0
1788204325940 	 14 	 200 	 3565 	 0
1788204325977 	 16 	 200 	 3566 	 0
1788204326053 	 30 	 200 	 3568 	 1
1788204326055 	 28 	 200 	 3568 	 0
1788204326113 	 13 	 200 	 3570 	 1
1788204326126 	 14 	 200 	 3570 	 0
1788204326148 	 14 	 200 	 3573 	 2
1788204326151 	 13 	 200 	 3573 	 1
1788204326158 	 19 	 200 	 3573 	 0
1788204326193 	 19 	 200 	 3574 	 0
1788204326473 	 14 	 200 	 3575 	 0
1788204326588 	 13 	 200 	 3576 	 0
1788204326612 	 17 	 200 	 3577 	 0
1788204326633 	 12 	 200 	 3578 	 0
1788204326772 	 38 	 200 	 3579 	 0
1788204326991 	 14 	 200 	 3581 	 1
1788204327006 	 37 	 200 	 3581 	 0
1788204327060 	 17 	 200 	 3583 	 1
1788204327078 	 14 	 200 	 3583 	 0
1788204327159 	 16 	 200 	 3584 	 0
1788204327201 	 30 	 200 	 3586 	 1
1788204327206 	 29 	 200 	 3586 	 0
1788204327297 	 38 	 200 	 3587 	 0
1788204327379 	 15 	 200 	 3588 	 0
1788204327420 	 14 	 200 	 3589 	 0
1788204327485 	 34 	 200 	 3592 	 2
1788204327488 	 34 	 200 	 3592 	 1
1788204327496 	 25 	 200 	 3592 	 0
1788204327540 	 19 	 200 	 3593 	 0
1788204327641 	 32 	 200 	 3594 	 0
1788204327716 	 39 	 200 	 3595 	 0
1788204327808 	 37 	 200 	 3597 	 1
1788204327820 	 27 	 200 	 3597 	 0
1788204327901 	 32 	 200 	 3598 	 0
1788204328000 	 15 	 200 	 3599 	 0
1788204328021 	 24 	 200 	 3601 	 1
1788204328034 	 38 	 200 	 3601 	 0
1788204328183 	 13 	 200 	 3603 	 1
1788204328196 	 14 	 200 	 3603 	 0
1788204328230 	 12 	 200 	 3604 	 0
1788204328247 	 17 	 200 	 3605 	 0
1788204328286 	 14 	 200 	 3606 	 0
1788204328355 	 29 	 200 	 3607 	 0
1788204328419 	 18 	 200 	 3608 	 0
1788204328471 	 36 	 200 	 3609 	 0
1788204328511 	 16 	 200 	 3610 	 0
1788204328539 	 32 	 200 	 3611 	 0
1788204328611 	 23 	 200 	 3612 	 0
1788204328660 	 33 	 200 	 3614 	 1
1788204328685 	 18 	 200 	 3614 	 0
1788204328716 	 14 	 200 	 3615 	 0
1788204328885 	 12 	 200 	 3616 	 0
1788204328948 	 69 	 200 	 3617 	 0
1788204329084 	 15 	 200 	 3618 	 0
1788204329159 	 42 	 200 	 3620 	 1
1788204329159 	 52 	 200 	 3620 	 0
1788204329248 	 16 	 200 	 3622 	 1
1788204329258 	 14 	 200 	 3622 	 0
1788204329405 	 34 	 200 	 3624 	 1
1788204329416 	 30 	 200 	 3624 	 0
1788204329515 	 22 	 200 	 3625 	 0
1788204329563 	 13 	 200 	 3626 	 0
1788204329607 	 15 	 200 	 3629 	 2
1788204329614 	 13 	 200 	 3629 	 1
1788204329614 	 13 	 200 	 3629 	 0
1788204329659 	 24 	 200 	 3631 	 1
1788204329657 	 26 	 200 	 3631 	 0
1788204329690 	 19 	 200 	 3632 	 0
1788204329721 	 14 	 200 	 3633 	 0
1788204329794 	 30 	 200 	 3634 	 0
1788204329830 	 12 	 200 	 3635 	 0
1788204329889 	 16 	 200 	 3637 	 1
1788204329899 	 14 	 200 	 3637 	 0
1788204329985 	 16 	 200 	 3638 	 0
1788204330053 	 38 	 200 	 3640 	 1
1788204330073 	 24 	 200 	 3640 	 0
1788204330120 	 13 	 200 	 3642 	 1
1788204330133 	 13 	 200 	 3642 	 0
1788204330378 	 38 	 200 	 3645 	 2
1788204330387 	 29 	 200 	 3645 	 1
1788204330397 	 25 	 200 	 3645 	 0
1788204330525 	 40 	 200 	 3646 	 0
1788204330685 	 13 	 200 	 3647 	 0
1788204330744 	 30 	 200 	 3648 	 0
1788204330872 	 12 	 200 	 3649 	 0
1788204331146 	 31 	 200 	 3650 	 0
1788204331193 	 11 	 200 	 3651 	 0
1788204331228 	 25 	 200 	 3653 	 1
1788204331227 	 24 	 200 	 3653 	 0
1788204331273 	 15 	 200 	 3654 	 0
1788204331335 	 12 	 200 	 3655 	 0
1788204331391 	 29 	 200 	 3657 	 1
1788204331403 	 21 	 200 	 3657 	 0
1788204331471 	 19 	 200 	 3659 	 1
1788204331473 	 19 	 200 	 3659 	 0
1788204331505 	 14 	 200 	 3660 	 0
1788204331539 	 13 	 200 	 3661 	 0
1788204331750 	 34 	 200 	 3662 	 0
1788204331842 	 13 	 200 	 3663 	 0
1788204331889 	 31 	 200 	 3664 	 0
1788204331968 	 20 	 200 	 3666 	 1
1788204331955 	 41 	 200 	 3666 	 0
1788204332108 	 12 	 200 	 3667 	 0
1788204332161 	 14 	 200 	 3668 	 0
1788204332183 	 14 	 200 	 3669 	 0
1788204332235 	 13 	 200 	 3670 	 0
1788204332317 	 21 	 200 	 3673 	 2
1788204332328 	 19 	 200 	 3673 	 1
1788204332333 	 15 	 200 	 3673 	 0
1788204332360 	 12 	 200 	 3674 	 0
1788204332379 	 11 	 200 	 3675 	 0
1788204332432 	 34 	 200 	 3676 	 0
1788204332524 	 33 	 200 	 3677 	 0
1788204332614 	 32 	 200 	 3678 	 0
1788204332834 	 17 	 200 	 3679 	 0
1788204332878 	 33 	 200 	 3682 	 2
1788204332880 	 32 	 200 	 3682 	 1
1788204332898 	 18 	 200 	 3682 	 0
1788204332946 	 17 	 200 	 3683 	 0
1788204333014 	 46 	 200 	 3684 	 0
1788204333122 	 27 	 200 	 3686 	 1
1788204333116 	 61 	 200 	 3686 	 0
1788204333298 	 13 	 200 	 3687 	 0
1788204333319 	 13 	 200 	 3689 	 1
1788204333330 	 15 	 200 	 3690 	 1
1788204333337 	 18 	 200 	 3690 	 0
1788204333389 	 42 	 200 	 3692 	 1
1788204333391 	 43 	 200 	 3692 	 0
1788204333485 	 34 	 200 	 3694 	 1
1788204333510 	 20 	 200 	 3694 	 0
1788204333596 	 36 	 200 	 3697 	 2
1788204333602 	 49 	 200 	 3697 	 1
1788204333631 	 22 	 200 	 3697 	 0
1788204333711 	 48 	 200 	 3699 	 1
1788204333731 	 32 	 200 	 3699 	 0
1788204333820 	 30 	 200 	 3701 	 1
1788204333826 	 27 	 200 	 3701 	 0
1788204333901 	 36 	 200 	 3703 	 1
1788204333896 	 43 	 200 	 3703 	 0
1788204333962 	 14 	 200 	 3704 	 0
1788204333978 	 13 	 200 	 3705 	 0
1788204334038 	 36 	 200 	 3707 	 1
1788204334069 	 31 	 200 	 3708 	 1
1788204334086 	 26 	 200 	 3708 	 0
1788204334114 	 25 	 200 	 3711 	 2
1788204334117 	 23 	 200 	 3711 	 1
1788204334123 	 18 	 200 	 3711 	 0
1788204334209 	 13 	 200 	 3712 	 0
1788204334228 	 56 	 200 	 3713 	 0
1788204334342 	 12 	 200 	 3714 	 0
1788204334367 	 12 	 200 	 3715 	 0
1788204334386 	 12 	 200 	 3716 	 0
1788204334462 	 25 	 200 	 3717 	 0
1788204334558 	 25 	 200 	 3719 	 1
1788204334578 	 31 	 200 	 3719 	 0
1788204334766 	 15 	 200 	 3720 	 0
1788204334798 	 27 	 200 	 3722 	 1
1788204334804 	 25 	 200 	 3722 	 0
1788204334863 	 16 	 200 	 3723 	 0
1788204334890 	 28 	 200 	 3724 	 0
1788204334957 	 15 	 200 	 3727 	 2
1788204334970 	 15 	 200 	 3727 	 1
1788204334973 	 14 	 200 	 3727 	 0
1788204335003 	 14 	 200 	 3728 	 0
1788204335037 	 39 	 200 	 3731 	 2
1788204335053 	 23 	 200 	 3731 	 1
1788204335050 	 28 	 200 	 3732 	 1
1788204335078 	 12 	 200 	 3732 	 0
1788204335240 	 12 	 200 	 3733 	 0
1788204335329 	 20 	 200 	 3734 	 0
1788204335377 	 12 	 200 	 3736 	 1
1788204335386 	 14 	 200 	 3736 	 0
1788204335482 	 39 	 200 	 3738 	 1
1788204335493 	 31 	 200 	 3738 	 0
1788204335567 	 24 	 200 	 3739 	 0
1788204335673 	 36 	 200 	 3741 	 1
1788204335687 	 23 	 200 	 3741 	 0
1788204335791 	 30 	 200 	 3744 	 2
1788204335796 	 29 	 200 	 3744 	 1
1788204335809 	 21 	 200 	 3744 	 0
1788204335869 	 17 	 200 	 3745 	 0
1788204335902 	 19 	 200 	 3746 	 0
1788204335976 	 12 	 200 	 3747 	 0
1788204336003 	 15 	 200 	 3750 	 2
1788204336011 	 16 	 200 	 3750 	 1
1788204336012 	 15 	 200 	 3750 	 0
1788204336133 	 49 	 200 	 3752 	 1
1788204336174 	 15 	 200 	 3752 	 0
1788204336190 	 12 	 200 	 3753 	 0
1788204336224 	 15 	 200 	 3754 	 0
1788204336333 	 21 	 200 	 3755 	 0
1788204336388 	 33 	 200 	 3757 	 1
1788204336420 	 30 	 200 	 3757 	 0
1788204336453 	 12 	 200 	 3758 	 0
1788204336481 	 14 	 200 	 3760 	 1
1788204336481 	 14 	 200 	 3760 	 0
1788204336531 	 12 	 200 	 3761 	 0
1788204336561 	 14 	 200 	 3762 	 0
1788204336697 	 16 	 200 	 3763 	 0
1788204336715 	 14 	 200 	 3764 	 0
1788204336914 	 38 	 200 	 3766 	 1
1788204336928 	 32 	 200 	 3766 	 0
1788204337029 	 33 	 200 	 3767 	 0
1788204337083 	 19 	 200 	 3768 	 0
1788204337105 	 12 	 200 	 3769 	 0
1788204337211 	 35 	 200 	 3771 	 1
1788204337217 	 31 	 200 	 3771 	 0
1788204337350 	 32 	 200 	 3774 	 2
1788204337352 	 31 	 200 	 3774 	 1
1788204337378 	 14 	 200 	 3775 	 1
1788204337390 	 13 	 200 	 3775 	 0
1788204337417 	 35 	 200 	 3776 	 0
1788204337568 	 23 	 200 	 3777 	 0
1788204337609 	 15 	 200 	 3778 	 0
1788204337630 	 17 	 200 	 3780 	 1
1788204337640 	 27 	 200 	 3781 	 1
1788204337668 	 13 	 200 	 3781 	 0
1788204337741 	 23 	 200 	 3783 	 1
1788204337756 	 17 	 200 	 3783 	 0
1788204337831 	 18 	 200 	 3785 	 1
1788204337839 	 12 	 200 	 3785 	 0
1788204337860 	 17 	 200 	 3786 	 0
1788204337907 	 38 	 200 	 3788 	 1
1788204337921 	 24 	 200 	 3788 	 0
1788204338011 	 17 	 200 	 3789 	 0
1788204338077 	 14 	 200 	 3790 	 0
1788204338284 	 13 	 200 	 3792 	 1
1788204338292 	 13 	 200 	 3792 	 0
1788204338327 	 19 	 200 	 3794 	 1
1788204338346 	 28 	 200 	 3795 	 1
1788204338361 	 15 	 200 	 3795 	 0
1788204338444 	 14 	 200 	 3796 	 0
1788204338473 	 14 	 200 	 3797 	 0
1788204338490 	 15 	 200 	 3798 	 0
1788204338587 	 15 	 200 	 3799 	 0
1788204338682 	 14 	 200 	 3801 	 1
1788204338688 	 14 	 200 	 3801 	 0
1788204338709 	 16 	 200 	 3802 	 0
1788204338815 	 13 	 200 	 3804 	 1
1788204338820 	 12 	 200 	 3804 	 0
1788204338843 	 12 	 200 	 3805 	 0
1788204338962 	 31 	 200 	 3806 	 0
1788204339021 	 15 	 200 	 3807 	 0
1788204339039 	 13 	 200 	 3808 	 0
1788204339103 	 15 	 200 	 3809 	 0
1788204339146 	 13 	 200 	 3811 	 1
1788204339155 	 14 	 200 	 3811 	 0
1788204339204 	 15 	 200 	 3812 	 0
1788204339256 	 13 	 200 	 3813 	 0
1788204339300 	 16 	 200 	 3817 	 3
1788204339305 	 18 	 200 	 3818 	 3
1788204339314 	 15 	 200 	 3818 	 2
1788204339312 	 20 	 200 	 3818 	 1
1788204339321 	 16 	 200 	 3818 	 0
1788204339345 	 12 	 200 	 3819 	 0
1788204339358 	 14 	 200 	 3821 	 1
1788204339365 	 12 	 200 	 3821 	 0
1788204339476 	 30 	 200 	 3822 	 0
1788204339545 	 15 	 200 	 3824 	 1
1788204339549 	 13 	 200 	 3824 	 0
1788204339582 	 13 	 200 	 3826 	 1
1788204339592 	 12 	 200 	 3826 	 0
1788204339632 	 29 	 200 	 3828 	 1
1788204339637 	 28 	 200 	 3828 	 0
1788204339821 	 38 	 200 	 3830 	 1
1788204339854 	 23 	 200 	 3830 	 0
1788204339915 	 28 	 200 	 3832 	 1
1788204339937 	 17 	 200 	 3832 	 0
1788204339994 	 14 	 200 	 3833 	 0
1788204340072 	 31 	 200 	 3835 	 1
1788204340087 	 31 	 200 	 3835 	 0
1788204340129 	 31 	 200 	 3838 	 2
1788204340142 	 24 	 200 	 3838 	 1
1788204340146 	 22 	 200 	 3838 	 0
1788204340236 	 38 	 200 	 3840 	 1
1788204340268 	 18 	 200 	 3840 	 0
1788204340307 	 12 	 200 	 3841 	 0
1788204340340 	 17 	 200 	 3842 	 0
1788204340391 	 19 	 200 	 3843 	 0
1788204340563 	 42 	 200 	 3845 	 1
1788204340589 	 23 	 200 	 3845 	 0
1788204340678 	 33 	 200 	 3847 	 1
1788204340712 	 22 	 200 	 3847 	 0
1788204340791 	 17 	 200 	 3849 	 1
1788204340804 	 12 	 200 	 3849 	 0
1788204340827 	 12 	 200 	 3850 	 0
1788204340851 	 17 	 200 	 3851 	 0
1788204340878 	 14 	 200 	 3852 	 0
1788204340989 	 16 	 200 	 3853 	 0
1788204341063 	 39 	 200 	 3854 	 0
1788204341130 	 26 	 200 	 3856 	 1
1788204341124 	 35 	 200 	 3856 	 0
1788204341310 	 33 	 200 	 3858 	 1
1788204341324 	 29 	 200 	 3859 	 1
1788204341353 	 12 	 200 	 3859 	 0
1788204341398 	 14 	 200 	 3860 	 0
1788204341417 	 13 	 200 	 3861 	 0
1788204341441 	 12 	 200 	 3862 	 0
1788204341569 	 14 	 200 	 3863 	 0
1788204341639 	 43 	 200 	 3864 	 0
1788204341773 	 17 	 200 	 3865 	 0
1788204341845 	 40 	 200 	 3866 	 0
1788204341902 	 27 	 200 	 3869 	 2
1788204341900 	 32 	 200 	 3870 	 2
1788204341922 	 17 	 200 	 3870 	 1
1788204341932 	 14 	 200 	 3870 	 0
1788204341969 	 20 	 200 	 3871 	 0
1788204342008 	 15 	 200 	 3872 	 0
1788204342145 	 34 	 200 	 3873 	 0
1788204342241 	 13 	 200 	 3874 	 0
1788204342375 	 13 	 200 	 3875 	 0
1788204342413 	 17 	 200 	 3876 	 0
1788204342463 	 35 	 200 	 3877 	 0
1788204342512 	 19 	 200 	 3879 	 1
1788204342517 	 16 	 200 	 3879 	 0
1788204342574 	 33 	 200 	 3882 	 2
1788204342580 	 31 	 200 	 3882 	 1
1788204342593 	 23 	 200 	 3882 	 0
1788204342685 	 42 	 200 	 3883 	 0
1788204342749 	 32 	 200 	 3884 	 0
1788204342798 	 13 	 200 	 3885 	 0
1788204342872 	 20 	 200 	 3887 	 1
1788204342889 	 18 	 200 	 3887 	 0
1788204342936 	 21 	 200 	 3890 	 2
1788204342944 	 16 	 200 	 3890 	 1
1788204342942 	 22 	 200 	 3890 	 0
1788204343071 	 37 	 200 	 3891 	 0
1788204343138 	 45 	 200 	 3892 	 0
1788204343243 	 14 	 200 	 3894 	 1
1788204343248 	 14 	 200 	 3894 	 0
1788204343291 	 31 	 200 	 3897 	 2
1788204343294 	 29 	 200 	 3897 	 1
1788204343302 	 24 	 200 	 3898 	 1
1788204343326 	 13 	 200 	 3898 	 0
1788204343383 	 33 	 200 	 3901 	 2
1788204343385 	 32 	 200 	 3901 	 1
1788204343418 	 26 	 200 	 3902 	 1
1788204343440 	 21 	 200 	 3902 	 0
1788204343513 	 18 	 200 	 3904 	 1
1788204343526 	 13 	 200 	 3905 	 1
1788204343535 	 12 	 200 	 3906 	 1
1788204343548 	 15 	 200 	 3906 	 0
1788204343570 	 11 	 200 	 3907 	 0
1788204343732 	 15 	 200 	 3909 	 1
1788204343739 	 13 	 200 	 3909 	 0
1788204343783 	 17 	 200 	 3910 	 0
1788204343974 	 28 	 200 	 3913 	 2
1788204343972 	 33 	 200 	 3913 	 1
1788204343997 	 16 	 200 	 3913 	 0
1788204344093 	 29 	 200 	 3915 	 1
1788204344118 	 13 	 200 	 3915 	 0
1788204344224 	 14 	 200 	 3916 	 0
1788204344281 	 32 	 200 	 3917 	 0
1788204344326 	 93 	 200 	 3918 	 0
1788204344423 	 28 	 200 	 3920 	 1
1788204344435 	 17 	 200 	 3920 	 0
1788204344505 	 30 	 200 	 3922 	 1
1788204344527 	 19 	 200 	 3922 	 0
1788204344627 	 32 	 200 	 3924 	 1
1788204344658 	 23 	 200 	 3924 	 0
1788204344700 	 17 	 200 	 3926 	 1
1788204344714 	 14 	 200 	 3926 	 0
1788204344749 	 12 	 200 	 3927 	 0
1788204344769 	 14 	 200 	 3928 	 0
1788204344789 	 13 	 200 	 3929 	 0
1788204344844 	 13 	 200 	 3930 	 0
1788204344860 	 14 	 200 	 3931 	 0
1788204344896 	 13 	 200 	 3932 	 0
1788204344955 	 31 	 200 	 3934 	 1
1788204344985 	 28 	 200 	 3934 	 0
1788204345068 	 38 	 200 	 3935 	 0
1788204345115 	 14 	 200 	 3936 	 0
1788204345393 	 45 	 200 	 3938 	 1
1788204345417 	 26 	 200 	 3938 	 0
1788204345520 	 30 	 200 	 3939 	 0
1788204345625 	 32 	 200 	 3940 	 0
1788204345701 	 16 	 200 	 3943 	 2
1788204345710 	 13 	 200 	 3943 	 1
1788204345715 	 12 	 200 	 3943 	 0
1788204345789 	 13 	 200 	 3944 	 0
1788204345812 	 12 	 200 	 3945 	 0
1788204345833 	 12 	 200 	 3947 	 1
1788204345843 	 15 	 200 	 3948 	 1
1788204345847 	 21 	 200 	 3949 	 1
1788204345864 	 13 	 200 	 3950 	 1
1788204345877 	 12 	 200 	 3950 	 0
1788204346000 	 15 	 200 	 3951 	 0
1788204346031 	 12 	 200 	 3952 	 0
1788204346054 	 12 	 200 	 3953 	 0
1788204346092 	 32 	 200 	 3954 	 0
1788204346286 	 39 	 200 	 3955 	 0
1788204346418 	 37 	 200 	 3958 	 2
1788204346444 	 33 	 200 	 3958 	 1
1788204346456 	 33 	 200 	 3958 	 0
1788204346497 	 16 	 200 	 3959 	 0
1788204346600 	 13 	 200 	 3960 	 0
1788204346615 	 14 	 200 	 3961 	 0
1788204346673 	 18 	 200 	 3963 	 1
1788204346671 	 20 	 200 	 3963 	 0
1788204346721 	 13 	 200 	 3964 	 0
1788204346800 	 20 	 200 	 3965 	 0
1788204346927 	 22 	 200 	 3966 	 0
1788204346961 	 11 	 200 	 3967 	 0
1788204347070 	 31 	 200 	 3970 	 2
1788204347085 	 27 	 200 	 3970 	 1
1788204347101 	 13 	 200 	 3970 	 0
1788204347127 	 20 	 200 	 3972 	 1
1788204347124 	 24 	 200 	 3972 	 0
1788204347207 	 29 	 200 	 3973 	 0
1788204347292 	 27 	 200 	 3976 	 2
1788204347301 	 26 	 200 	 3976 	 1
1788204347313 	 16 	 200 	 3977 	 1
1788204347329 	 15 	 200 	 3978 	 1
1788204347340 	 14 	 200 	 3978 	 0
1788204347372 	 17 	 200 	 3980 	 1
1788204347375 	 16 	 200 	 3980 	 0
1788204347410 	 13 	 200 	 3981 	 0
1788204347427 	 15 	 200 	 3983 	 1
1788204347432 	 12 	 200 	 3983 	 0
1788204347585 	 31 	 200 	 3984 	 0
1788204347716 	 28 	 200 	 3986 	 1
1788204347720 	 25 	 200 	 3987 	 1
1788204347747 	 12 	 200 	 3987 	 0
1788204347855 	 34 	 200 	 3988 	 0
1788204347918 	 30 	 200 	 3989 	 0
1788204347960 	 28 	 200 	 3991 	 1
1788204347964 	 25 	 200 	 3991 	 0
1788204348009 	 37 	 200 	 3992 	 1
1788204348048 	 16 	 200 	 3993 	 0
1788204348301 	 38 	 200 	 3995 	 1
1788204348330 	 23 	 200 	 3997 	 2
1788204348348 	 20 	 200 	 3997 	 1
1788204348347 	 22 	 200 	 3997 	 0
1788204348384 	 12 	 200 	 3998 	 0
1788204348409 	 16 	 200 	 3999 	 0
1788204348475 	 12 	 200 	 4000 	 0
1788204348505 	 15 	 200 	 4001 	 0
1788204348546 	 24 	 200 	 4002 	 0
1788204348745 	 32 	 200 	 4004 	 1
1788204348749 	 34 	 200 	 4004 	 0
1788204348798 	 15 	 200 	 4006 	 1
1788204348814 	 12 	 200 	 4007 	 1
1788204348818 	 16 	 200 	 4007 	 0
1788204348876 	 13 	 200 	 4008 	 0
1788204348948 	 13 	 200 	 4009 	 1
1788204348962 	 12 	 200 	 4010 	 0
1788204348976 	 13 	 200 	 4011 	 0
1788204349008 	 32 	 200 	 4015 	 3
1788204349019 	 29 	 200 	 4016 	 3
1788204349034 	 22 	 200 	 4016 	 2
1788204349042 	 16 	 200 	 4016 	 1
1788204349048 	 14 	 200 	 4016 	 0
1788204349092 	 14 	 200 	 4017 	 0
1788204349120 	 13 	 200 	 4018 	 0
1788204349153 	 15 	 200 	 4019 	 0
1788204349185 	 14 	 200 	 4021 	 1
1788204349189 	 13 	 200 	 4021 	 0
1788204349239 	 16 	 200 	 4022 	 0
1788204349425 	 25 	 200 	 4025 	 2
1788204349411 	 40 	 200 	 4025 	 1
1788204349442 	 25 	 200 	 4027 	 2
1788204349456 	 14 	 200 	 4027 	 1
1788204349455 	 15 	 200 	 4027 	 0
1788204349480 	 19 	 200 	 4030 	 2
1788204349484 	 17 	 200 	 4030 	 1
1788204349484 	 17 	 200 	 4030 	 0
1788204349530 	 12 	 200 	 4031 	 0
1788204349629 	 24 	 200 	 4034 	 2
1788204349642 	 17 	 200 	 4034 	 1
1788204349652 	 22 	 200 	 4034 	 0
1788204349947 	 18 	 200 	 4037 	 2
1788204349961 	 13 	 200 	 4037 	 1
1788204349965 	 17 	 200 	 4037 	 0
1788204350037 	 15 	 200 	 4041 	 3
1788204350048 	 17 	 200 	 4041 	 2
1788204350052 	 21 	 200 	 4041 	 1
1788204350053 	 21 	 200 	 4041 	 0
1788204350093 	 12 	 200 	 4042 	 0
1788204350109 	 12 	 200 	 4044 	 1
1788204350112 	 13 	 200 	 4044 	 0
1788204350127 	 11 	 200 	 4045 	 0
1788204350227 	 28 	 200 	 4047 	 1
1788204350237 	 19 	 200 	 4047 	 0
1788204350361 	 15 	 200 	 4050 	 2
1788204350367 	 15 	 200 	 4050 	 1
1788204350370 	 14 	 200 	 4050 	 0
1788204350389 	 15 	 200 	 4052 	 1
1788204350395 	 18 	 200 	 4052 	 0
1788204350424 	 18 	 200 	 4053 	 0
1788204350522 	 39 	 200 	 4056 	 2
1788204350537 	 31 	 200 	 4056 	 1
1788204350553 	 21 	 200 	 4056 	 0
1788204350593 	 12 	 200 	 4057 	 0
1788204350679 	 17 	 200 	 4059 	 1
1788204350681 	 15 	 200 	 4059 	 0
1788204350751 	 15 	 200 	 4061 	 1
1788204350756 	 13 	 200 	 4061 	 0
1788204350930 	 39 	 200 	 4062 	 0
1788204350994 	 13 	 200 	 4063 	 0
1788204351159 	 16 	 200 	 4066 	 2
1788204351163 	 15 	 200 	 4066 	 1
1788204351171 	 14 	 200 	 4067 	 1
1788204351181 	 12 	 200 	 4067 	 0
1788204351312 	 32 	 200 	 4069 	 1
1788204351319 	 34 	 200 	 4069 	 0
1788204351469 	 15 	 200 	 4071 	 1
1788204351481 	 13 	 200 	 4071 	 0
1788204351503 	 12 	 200 	 4072 	 0
1788204351531 	 30 	 200 	 4073 	 0
1788204351576 	 37 	 200 	 4074 	 0
1788204351754 	 19 	 200 	 4075 	 0
1788204351779 	 15 	 200 	 4076 	 0
1788204351807 	 12 	 200 	 4077 	 0
1788204352000 	 37 	 200 	 4079 	 1
1788204352023 	 34 	 200 	 4081 	 2
1788204352041 	 23 	 200 	 4081 	 1
1788204352044 	 21 	 200 	 4081 	 0
1788204352090 	 36 	 200 	 4082 	 0
1788204352388 	 29 	 200 	 4083 	 0
1788204352422 	 24 	 200 	 4084 	 0
1788204352468 	 35 	 200 	 4086 	 1
1788204352483 	 26 	 200 	 4086 	 0
1788204352626 	 30 	 200 	 4088 	 1
1788204352638 	 20 	 200 	 4088 	 0
1788204352748 	 13 	 200 	 4089 	 0
1788204352815 	 38 	 200 	 4092 	 2
1788204352841 	 24 	 200 	 4093 	 2
1788204352853 	 28 	 200 	 4093 	 1
1788204352858 	 24 	 200 	 4093 	 0
1788204352910 	 13 	 200 	 4094 	 0
1788204352930 	 13 	 200 	 4095 	 0
1788204353051 	 15 	 200 	 4098 	 2
1788204353068 	 12 	 200 	 4099 	 2
1788204353053 	 52 	 200 	 4099 	 1
1788204353004 	 100 	 200 	 4099 	 0
1788204353118 	 21 	 200 	 4101 	 1
1788204353130 	 26 	 200 	 4102 	 1
1788204353150 	 25 	 200 	 4102 	 0
1788204353258 	 27 	 200 	 4104 	 1
1788204353278 	 15 	 200 	 4104 	 0
1788204353360 	 12 	 200 	 4105 	 0
1788204353387 	 30 	 200 	 4106 	 0
1788204353444 	 30 	 200 	 4108 	 1
1788204353470 	 14 	 200 	 4108 	 0
1788204353563 	 37 	 200 	 4110 	 1
1788204353593 	 20 	 200 	 4110 	 0
1788204353674 	 18 	 200 	 4111 	 0
1788204353735 	 22 	 200 	 4114 	 2
1788204353748 	 18 	 200 	 4114 	 1
1788204353753 	 18 	 200 	 4115 	 1
1788204353772 	 13 	 200 	 4115 	 0
1788204353824 	 24 	 200 	 4116 	 0
1788204353881 	 13 	 200 	 4117 	 0
1788204354032 	 42 	 200 	 4119 	 1
1788204354066 	 23 	 200 	 4119 	 0
1788204354095 	 17 	 200 	 4120 	 0
1788204354172 	 38 	 200 	 4124 	 3
1788204354184 	 27 	 200 	 4124 	 2
1788204354182 	 29 	 200 	 4124 	 1
1788204354203 	 18 	 200 	 4124 	 0
1788204354303 	 16 	 200 	 4126 	 1
1788204354315 	 14 	 200 	 4126 	 0
1788204354366 	 13 	 200 	 4127 	 0
1788204354491 	 13 	 200 	 4128 	 0
1788204354522 	 14 	 200 	 4129 	 0
1788204354623 	 37 	 200 	 4131 	 1
1788204354634 	 31 	 200 	 4131 	 0
1788204354680 	 14 	 200 	 4133 	 1
1788204354689 	 13 	 200 	 4134 	 1
1788204354702 	 12 	 200 	 4134 	 0
1788204354727 	 12 	 200 	 4135 	 0
1788204354875 	 16 	 200 	 4139 	 3
1788204354878 	 18 	 200 	 4139 	 2
1788204354884 	 14 	 200 	 4139 	 1
1788204354923 	 22 	 200 	 4140 	 1
1788204354840 	 119 	 200 	 4140 	 0
1788204355025 	 43 	 200 	 4141 	 0
1788204355179 	 13 	 200 	 4142 	 0
1788204355357 	 29 	 200 	 4144 	 1
1788204355364 	 23 	 200 	 4144 	 0
1788204355404 	 13 	 200 	 4145 	 0
1788204355534 	 37 	 200 	 4147 	 1
1788204355549 	 31 	 200 	 4147 	 0
1788204355632 	 27 	 200 	 4149 	 1
1788204355626 	 41 	 200 	 4149 	 0
1788204355707 	 37 	 200 	 4150 	 0
1788204355805 	 17 	 200 	 4151 	 0
1788204355850 	 15 	 200 	 4152 	 0
1788204356232 	 16 	 200 	 4155 	 2
1788204356237 	 44 	 200 	 4155 	 1
1788204356204 	 77 	 200 	 4155 	 0
1788204356291 	 14 	 200 	 4158 	 2
1788204356290 	 16 	 200 	 4158 	 1
1788204356305 	 13 	 200 	 4159 	 1
1788204356319 	 18 	 200 	 4160 	 1
1788204356328 	 13 	 200 	 4160 	 0
1788204356362 	 14 	 200 	 4163 	 2
1788204356354 	 26 	 200 	 4163 	 1
1788204356362 	 18 	 200 	 4163 	 0
1788204356468 	 16 	 200 	 4164 	 0
1788204356644 	 32 	 200 	 4165 	 0
1788204356698 	 16 	 200 	 4166 	 0
1788204356750 	 19 	 200 	 4168 	 1
1788204356770 	 13 	 200 	 4168 	 0
1788204356876 	 15 	 200 	 4169 	 0
1788204356977 	 32 	 200 	 4170 	 0
1788204357011 	 17 	 200 	 4172 	 1
1788204357021 	 15 	 200 	 4172 	 0
1788204357115 	 37 	 200 	 4176 	 3
1788204357134 	 24 	 200 	 4176 	 2
1788204357132 	 30 	 200 	 4176 	 1
1788204357146 	 17 	 200 	 4176 	 0
1788204357233 	 36 	 200 	 4178 	 1
1788204357232 	 37 	 200 	 4178 	 0
1788204357311 	 16 	 200 	 4180 	 1
1788204357318 	 15 	 200 	 4180 	 1
1788204357334 	 11 	 200 	 4181 	 0
1788204357356 	 14 	 200 	 4182 	 0
1788204357571 	 21 	 200 	 4183 	 0
1788204357705 	 31 	 200 	 4184 	 0
1788204357828 	 36 	 200 	 4186 	 1
1788204357850 	 32 	 200 	 4187 	 1
1788204357882 	 15 	 200 	 4187 	 0
1788204357989 	 13 	 200 	 4188 	 0
1788204358012 	 41 	 200 	 4190 	 1
1788204358051 	 12 	 200 	 4190 	 0
1788204358147 	 32 	 200 	 4192 	 1
1788204358183 	 18 	 200 	 4193 	 1
1788204358181 	 24 	 200 	 4193 	 0
1788204358274 	 13 	 200 	 4194 	 0
1788204358304 	 13 	 200 	 4195 	 0
1788204358325 	 14 	 200 	 4197 	 1
1788204358333 	 12 	 200 	 4197 	 0
1788204358405 	 13 	 200 	 4198 	 0
1788204358527 	 31 	 200 	 4201 	 2
1788204358533 	 27 	 200 	 4201 	 1
1788204358542 	 24 	 200 	 4201 	 0
1788204358579 	 12 	 200 	 4202 	 0
1788204358601 	 12 	 200 	 4203 	 0
1788204358616 	 13 	 200 	 4204 	 0
1788204358690 	 34 	 200 	 4205 	 0
1788204358746 	 30 	 200 	 4208 	 2
1788204358751 	 25 	 200 	 4208 	 1
1788204358749 	 30 	 200 	 4208 	 0
1788204358881 	 13 	 200 	 4210 	 1
1788204358895 	 13 	 200 	 4210 	 0
1788204358930 	 12 	 200 	 4211 	 0
1788204359008 	 29 	 200 	 4212 	 0
1788204359078 	 15 	 200 	 4214 	 1
1788204359084 	 14 	 200 	 4214 	 0
1788204359184 	 36 	 200 	 4216 	 1
1788204359202 	 32 	 200 	 4216 	 0
1788204359296 	 12 	 200 	 4217 	 0
1788204359485 	 27 	 200 	 4219 	 1
1788204359487 	 31 	 200 	 4219 	 0
1788204359729 	 21 	 200 	 4220 	 0
1788204360011 	 38 	 200 	 4222 	 1
1788204360045 	 31 	 200 	 4222 	 0
1788204360080 	 13 	 200 	 4223 	 0
1788204360149 	 13 	 200 	 4224 	 0
1788204360218 	 32 	 200 	 4227 	 2
1788204360231 	 22 	 200 	 4227 	 1
1788204360215 	 47 	 200 	 4227 	 0
1788204360272 	 13 	 200 	 4228 	 0
1788204360313 	 13 	 200 	 4229 	 0
1788204360333 	 13 	 200 	 4230 	 0
1788204360359 	 13 	 200 	 4231 	 0
1788204360415 	 21 	 200 	 4232 	 0
1788204360475 	 15 	 200 	 4234 	 1
1788204360477 	 68 	 200 	 4235 	 1
1788204360544 	 14 	 200 	 4235 	 0
1788204360610 	 15 	 200 	 4237 	 1
1788204360615 	 13 	 200 	 4237 	 0
1788204360659 	 33 	 200 	 4238 	 0
1788204360711 	 14 	 200 	 4239 	 0
1788204360749 	 29 	 200 	 4240 	 0
1788204360804 	 32 	 200 	 4242 	 1
1788204360816 	 36 	 200 	 4243 	 1
1788204360845 	 43 	 200 	 4243 	 0
1788204360935 	 13 	 200 	 4244 	 0
1788204361001 	 13 	 200 	 4245 	 0
1788204361151 	 17 	 200 	 4246 	 0
1788204361224 	 48 	 200 	 4248 	 1
1788204361326 	 17 	 200 	 4250 	 2
1788204361347 	 12 	 200 	 4251 	 2
1788204361391 	 15 	 200 	 4252 	 2
1788204361309 	 101 	 200 	 4252 	 1
1788204361432 	 25 	 200 	 4253 	 1
1788204361504 	 35 	 200 	 4255 	 2
1788204361233 	 307 	 200 	 4255 	 1
1788204361533 	 14 	 200 	 4255 	 0
1788204361645 	 32 	 200 	 4256 	 0
1788204361708 	 22 	 200 	 4257 	 0
1788204361770 	 13 	 200 	 4258 	 0
1788204361849 	 43 	 200 	 4260 	 1
1788204361891 	 14 	 200 	 4260 	 0
1788204362001 	 22 	 200 	 4261 	 0
1788204362106 	 19 	 200 	 4262 	 0
1788204362225 	 33 	 200 	 4263 	 0
1788204362287 	 12 	 200 	 4264 	 0
1788204362485 	 12 	 200 	 4265 	 0
1788204362538 	 38 	 200 	 4266 	 0
1788204362617 	 36 	 200 	 4267 	 0
1788204362663 	 30 	 200 	 4268 	 0
1788204362708 	 32 	 200 	 4270 	 1
1788204362716 	 28 	 200 	 4270 	 0
1788204362751 	 22 	 200 	 4272 	 1
1788204362773 	 17 	 200 	 4272 	 0
1788204362796 	 12 	 200 	 4273 	 0
1788204363026 	 33 	 200 	 4274 	 0
1788204363098 	 13 	 200 	 4276 	 1
1788204363091 	 25 	 200 	 4276 	 0
1788204363192 	 13 	 200 	 4277 	 0
1788204363292 	 31 	 200 	 4278 	 0
1788204363410 	 32 	 200 	 4280 	 1
1788204363408 	 37 	 200 	 4280 	 0
1788204363563 	 35 	 200 	 4282 	 1
1788204363582 	 32 	 200 	 4282 	 0
1788204363678 	 33 	 200 	 4284 	 1
1788204363711 	 13 	 200 	 4284 	 0
1788204363730 	 12 	 200 	 4286 	 1
1788204363742 	 13 	 200 	 4286 	 0
1788204363811 	 22 	 200 	 4287 	 0
1788204364045 	 34 	 200 	 4289 	 1
1788204364080 	 30 	 200 	 4290 	 1
1788204364102 	 35 	 200 	 4291 	 1
1788204364120 	 21 	 200 	 4291 	 0
1788204364171 	 19 	 200 	 4293 	 1
1788204364181 	 16 	 200 	 4293 	 0
1788204364210 	 14 	 200 	 4295 	 1
1788204364211 	 14 	 200 	 4295 	 0
1788204364391 	 31 	 200 	 4298 	 2
1788204364405 	 27 	 200 	 4299 	 2
1788204364410 	 25 	 200 	 4300 	 2
1788204364430 	 14 	 200 	 4300 	 1
1788204364437 	 17 	 200 	 4301 	 1
1788204364450 	 12 	 200 	 4301 	 0
1788204364465 	 20 	 200 	 4302 	 0
1788204364623 	 34 	 200 	 4304 	 1
1788204364630 	 30 	 200 	 4304 	 0
1788204364724 	 35 	 200 	 4306 	 1
1788204364738 	 31 	 200 	 4306 	 0
1788204364850 	 33 	 200 	 4308 	 1
1788204364883 	 29 	 200 	 4308 	 0
1788204365054 	 35 	 200 	 4310 	 1
1788204365076 	 31 	 200 	 4310 	 0
1788204365120 	 34 	 200 	 4311 	 0
1788204365214 	 12 	 200 	 4312 	 0
1788204365252 	 13 	 200 	 4314 	 1
1788204365244 	 48 	 200 	 4314 	 0
1788204365311 	 29 	 200 	 4315 	 0
1788204365351 	 14 	 200 	 4316 	 0
1788204365373 	 13 	 200 	 4317 	 0
1788204365541 	 33 	 200 	 4318 	 0
1788204365594 	 15 	 200 	 4319 	 0
1788204365634 	 30 	 200 	 4320 	 0
1788204365683 	 16 	 200 	 4321 	 0
1788204365727 	 17 	 200 	 4323 	 1
1788204365735 	 13 	 200 	 4323 	 0
1788204365754 	 21 	 200 	 4326 	 2
1788204365758 	 18 	 200 	 4326 	 1
1788204365762 	 16 	 200 	 4326 	 0
1788204365816 	 25 	 200 	 4327 	 0
1788204365875 	 55 	 200 	 4329 	 1
1788204365921 	 12 	 200 	 4329 	 0
1788204365986 	 12 	 200 	 4330 	 0
1788204366010 	 38 	 200 	 4332 	 1
1788204366018 	 35 	 200 	 4332 	 0
1788204366058 	 17 	 200 	 4333 	 0
1788204366173 	 35 	 200 	 4334 	 0
1788204366319 	 30 	 200 	 4335 	 0
1788204366369 	 15 	 200 	 4337 	 1
1788204366381 	 17 	 200 	 4337 	 0
1788204366505 	 25 	 200 	 4338 	 0
1788204366572 	 18 	 200 	 4339 	 0
1788204366667 	 25 	 200 	 4340 	 0
1788204366703 	 12 	 200 	 4341 	 0
1788204366733 	 29 	 200 	 4342 	 0
1788204366802 	 15 	 200 	 4343 	 0
1788204366879 	 36 	 200 	 4344 	 0
1788204366922 	 28 	 200 	 4345 	 0
1788204367007 	 36 	 200 	 4346 	 0
1788204367066 	 21 	 200 	 4347 	 0
1788204367249 	 14 	 200 	 4348 	 0
1788204367273 	 12 	 200 	 4349 	 0
1788204367329 	 34 	 200 	 4351 	 1
1788204367328 	 35 	 200 	 4351 	 0
1788204367369 	 15 	 200 	 4352 	 0
1788204367416 	 37 	 200 	 4353 	 0
1788204367474 	 14 	 200 	 4354 	 0
1788204367541 	 36 	 200 	 4355 	 0
1788204367635 	 26 	 200 	 4358 	 2
1788204367651 	 13 	 200 	 4358 	 1
1788204367618 	 47 	 200 	 4358 	 0
1788204367736 	 35 	 200 	 4359 	 0
1788204367795 	 13 	 200 	 4360 	 0
1788204367812 	 14 	 200 	 4361 	 0
1788204367916 	 30 	 200 	 4363 	 2
1788204367914 	 37 	 200 	 4364 	 1
1788204367947 	 13 	 200 	 4365 	 1
1788204367959 	 17 	 200 	 4365 	 0
1788204367992 	 13 	 200 	 4366 	 0
1788204368013 	 15 	 200 	 4367 	 0
1788204368139 	 35 	 200 	 4368 	 0
1788204368183 	 12 	 200 	 4370 	 1
1788204368195 	 11 	 200 	 4370 	 0
1788204368472 	 12 	 200 	 4371 	 0
1788204368522 	 34 	 200 	 4373 	 1
1788204368533 	 26 	 200 	 4373 	 0
1788204368706 	 30 	 200 	 4374 	 0
1788204368832 	 13 	 200 	 4375 	 0
1788204368884 	 16 	 200 	 4377 	 1
1788204368895 	 18 	 200 	 4378 	 1
1788204368906 	 13 	 200 	 4378 	 0
1788204368931 	 12 	 200 	 4379 	 0
1788204369015 	 13 	 200 	 4380 	 0
1788204369050 	 21 	 200 	 4381 	 0
1788204369076 	 13 	 200 	 4382 	 0
1788204369204 	 38 	 200 	 4384 	 1
1788204369231 	 22 	 200 	 4384 	 0
1788204369276 	 17 	 200 	 4386 	 1
1788204369281 	 15 	 200 	 4386 	 0
1788204369385 	 17 	 200 	 4387 	 0
1788204369406 	 15 	 200 	 4390 	 2
1788204369404 	 18 	 200 	 4390 	 1
1788204369407 	 17 	 200 	 4390 	 0
1788204369437 	 12 	 200 	 4391 	 0
1788204369451 	 14 	 200 	 4392 	 0
1788204369470 	 14 	 200 	 4394 	 1
1788204369480 	 12 	 200 	 4394 	 0
1788204369507 	 17 	 200 	 4395 	 0
1788204369571 	 13 	 200 	 4396 	 0
1788204369630 	 15 	 200 	 4397 	 0
1788204369683 	 12 	 200 	 4398 	 0
1788204369758 	 18 	 200 	 4399 	 0
1788204369799 	 15 	 200 	 4400 	 0
1788204369872 	 14 	 200 	 4401 	 0
1788204369899 	 14 	 200 	 4402 	 0
1788204370142 	 37 	 200 	 4403 	 0
1788204370217 	 14 	 200 	 4404 	 0
1788204370244 	 15 	 200 	 4405 	 0
1788204370289 	 27 	 200 	 4407 	 1
1788204370313 	 18 	 200 	 4407 	 0
1788204370440 	 38 	 200 	 4408 	 0
1788204370480 	 17 	 200 	 4409 	 0
1788204370503 	 16 	 200 	 4410 	 0
1788204370674 	 39 	 200 	 4412 	 1
1788204370691 	 31 	 200 	 4412 	 0
1788204370772 	 20 	 200 	 4413 	 0
1788204370846 	 29 	 200 	 4417 	 3
1788204370850 	 26 	 200 	 4417 	 2
1788204370855 	 23 	 200 	 4417 	 1
1788204370874 	 13 	 200 	 4417 	 0
1788204370922 	 30 	 200 	 4418 	 0
1788204370958 	 28 	 200 	 4420 	 1
1788204370969 	 24 	 200 	 4420 	 0
1788204371032 	 33 	 200 	 4421 	 0
1788204371127 	 40 	 200 	 4422 	 0
1788204371203 	 16 	 200 	 4423 	 0
1788204371275 	 15 	 200 	 4424 	 0
1788204371296 	 13 	 200 	 4426 	 1
1788204371308 	 13 	 200 	 4426 	 0
1788204371587 	 42 	 200 	 4428 	 1
1788204371619 	 36 	 200 	 4431 	 3
1788204371631 	 31 	 200 	 4431 	 2
1788204371645 	 22 	 200 	 4431 	 1
1788204371653 	 17 	 200 	 4431 	 0
1788204371737 	 32 	 200 	 4433 	 1
1788204371749 	 30 	 200 	 4433 	 0
1788204371842 	 13 	 200 	 4434 	 0
1788204371870 	 13 	 200 	 4435 	 0
1788204371939 	 13 	 200 	 4436 	 0
1788204371994 	 15 	 200 	 4438 	 1
1788204372002 	 13 	 200 	 4438 	 0
1788204372018 	 12 	 200 	 4440 	 1
1788204372028 	 14 	 200 	 4440 	 0
1788204372072 	 30 	 200 	 4442 	 1
1788204372101 	 13 	 200 	 4442 	 0
1788204372129 	 30 	 200 	 4443 	 0
1788204372190 	 12 	 200 	 4445 	 1
1788204372204 	 13 	 200 	 4446 	 1
1788204372237 	 17 	 200 	 4447 	 1
1788204372180 	 79 	 200 	 4447 	 0
1788204372284 	 14 	 200 	 4449 	 1
1788204372267 	 33 	 200 	 4449 	 0
1788204372312 	 12 	 200 	 4451 	 1
1788204372323 	 14 	 200 	 4451 	 0
1788204372373 	 14 	 200 	 4452 	 0
1788204372424 	 29 	 200 	 4454 	 1
1788204372448 	 13 	 200 	 4454 	 0
1788204372528 	 21 	 200 	 4455 	 0
1788204372596 	 37 	 200 	 4458 	 2
1788204372627 	 23 	 200 	 4459 	 2
1788204372625 	 27 	 200 	 4459 	 1
1788204372644 	 17 	 200 	 4459 	 0
1788204372721 	 29 	 200 	 4460 	 0
1788204372783 	 13 	 200 	 4463 	 2
1788204372781 	 20 	 200 	 4463 	 1
1788204372792 	 13 	 200 	 4464 	 1
1788204372803 	 17 	 200 	 4464 	 0
1788204372837 	 24 	 200 	 4466 	 1
1788204372864 	 19 	 200 	 4468 	 2
1788204372875 	 17 	 200 	 4468 	 1
1788204372901 	 14 	 200 	 4469 	 1
1788204373026 	 75 	 200 	 4471 	 2
1788204373031 	 79 	 200 	 4471 	 1
1788204373181 	 14 	 200 	 4473 	 2
1788204373254 	 16 	 200 	 4475 	 3
1788204373258 	 13 	 200 	 4475 	 2
1788204373185 	 88 	 200 	 4475 	 1
1788204372857 	 422 	 200 	 4476 	 1
1788204373275 	 14 	 200 	 4476 	 0
1788204373504 	 26 	 200 	 4477 	 0
1788204373558 	 33 	 200 	 4480 	 2
1788204373571 	 24 	 200 	 4480 	 1
1788204373579 	 18 	 200 	 4480 	 0
1788204373623 	 13 	 200 	 4481 	 0
1788204373650 	 15 	 200 	 4482 	 0
1788204373785 	 38 	 200 	 4483 	 0
1788204373870 	 21 	 200 	 4484 	 0
1788204374052 	 37 	 200 	 4489 	 4
1788204374055 	 37 	 200 	 4489 	 3
1788204374073 	 21 	 200 	 4489 	 2
1788204374082 	 18 	 200 	 4489 	 1
1788204374084 	 16 	 200 	 4489 	 0
1788204374246 	 12 	 200 	 4490 	 0
1788204374287 	 19 	 200 	 4492 	 1
1788204374302 	 21 	 200 	 4492 	 0
1788204374332 	 19 	 200 	 4494 	 1
1788204374344 	 26 	 200 	 4494 	 0
1788204374458 	 16 	 200 	 4496 	 1
1788204374472 	 18 	 200 	 4496 	 0
1788204374495 	 13 	 200 	 4497 	 0
1788204374560 	 33 	 200 	 4499 	 1
1788204374560 	 40 	 200 	 4500 	 1
1788204374598 	 21 	 200 	 4500 	 0
1788204374652 	 33 	 200 	 4501 	 0
1788204374699 	 16 	 200 	 4502 	 0
1788204374860 	 30 	 200 	 4504 	 1
1788204374885 	 17 	 200 	 4504 	 0
1788204375018 	 13 	 200 	 4505 	 0
1788204375035 	 13 	 200 	 4507 	 1
1788204375034 	 13 	 200 	 4507 	 0
1788204375051 	 13 	 200 	 4510 	 2
1788204375054 	 12 	 200 	 4510 	 1
1788204375065 	 17 	 200 	 4510 	 0
1788204375106 	 42 	 200 	 4512 	 1
1788204375125 	 25 	 200 	 4512 	 0
1788204375168 	 20 	 200 	 4514 	 1
1788204375181 	 14 	 200 	 4514 	 0
1788204375312 	 37 	 200 	 4518 	 3
1788204375310 	 40 	 200 	 4518 	 2
1788204375333 	 24 	 200 	 4518 	 1
1788204375344 	 15 	 200 	 4518 	 0
1788204375399 	 19 	 200 	 4521 	 2
1788204375404 	 17 	 200 	 4521 	 1
1788204375418 	 12 	 200 	 4521 	 0
1788204375433 	 13 	 200 	 4522 	 0
1788204375525 	 40 	 200 	 4524 	 1
1788204375555 	 25 	 200 	 4524 	 0
1788204375593 	 22 	 200 	 4525 	 0
1788204375673 	 32 	 200 	 4527 	 1
1788204375685 	 28 	 200 	 4527 	 1
1788204375721 	 21 	 200 	 4529 	 1
1788204375715 	 46 	 200 	 4529 	 0
1788204375765 	 13 	 200 	 4530 	 0
1788204375817 	 14 	 200 	 4533 	 2
1788204375815 	 17 	 200 	 4533 	 1
1788204375817 	 17 	 200 	 4533 	 0
1788204375843 	 13 	 200 	 4534 	 0
1788204375965 	 29 	 200 	 4535 	 0
1788204376031 	 31 	 200 	 4536 	 0
1788204376154 	 32 	 200 	 4537 	 0
1788204376192 	 45 	 200 	 4538 	 0
1788204376255 	 14 	 200 	 4539 	 0
1788204376284 	 16 	 200 	 4540 	 0
1788204376348 	 16 	 200 	 4541 	 0
1788204376392 	 30 	 200 	 4542 	 0
1788204376474 	 31 	 200 	 4543 	 0
1788204376527 	 60 	 200 	 4544 	 0
1788204376598 	 18 	 200 	 4545 	 0
1788204376619 	 21 	 200 	 4548 	 2
1788204376622 	 19 	 200 	 4548 	 1
1788204376637 	 16 	 200 	 4549 	 1
1788204376652 	 14 	 200 	 4549 	 0
1788204376888 	 14 	 200 	 4550 	 0
1788204376912 	 15 	 200 	 4553 	 2
1788204376914 	 15 	 200 	 4553 	 1
1788204376916 	 16 	 200 	 4553 	 0
1788204376967 	 20 	 200 	 4554 	 0
1788204377030 	 17 	 200 	 4555 	 0
1788204377090 	 31 	 200 	 4556 	 0
1788204377174 	 18 	 200 	 4557 	 0
1788204377205 	 13 	 200 	 4558 	 0
1788204377242 	 15 	 200 	 4559 	 0
1788204377352 	 22 	 200 	 4560 	 0
1788204377390 	 14 	 200 	 4561 	 0
1788204377448 	 13 	 200 	 4562 	 0
1788204377490 	 13 	 200 	 4563 	 0
1788204377544 	 36 	 200 	 4564 	 0
1788204377699 	 28 	 200 	 4566 	 1
1788204377759 	 18 	 200 	 4567 	 1
1788204377795 	 14 	 200 	 4568 	 1
1788204377689 	 125 	 200 	 4569 	 1
1788204377813 	 13 	 200 	 4569 	 0
1788204377843 	 12 	 200 	 4570 	 0
1788204377886 	 29 	 200 	 4571 	 0
1788204377947 	 26 	 200 	 4573 	 1
1788204377962 	 18 	 200 	 4573 	 0
1788204378003 	 18 	 200 	 4574 	 0
1788204378125 	 28 	 200 	 4576 	 1
1788204378119 	 34 	 200 	 4576 	 0
1788204378229 	 22 	 200 	 4577 	 0
1788204378310 	 14 	 200 	 4578 	 0
1788204378390 	 34 	 200 	 4579 	 0
1788204378493 	 17 	 200 	 4580 	 0
1788204378553 	 33 	 200 	 4581 	 0
1788204378635 	 37 	 200 	 4584 	 2
1788204378645 	 31 	 200 	 4584 	 1
1788204378659 	 18 	 200 	 4584 	 0
1788204378752 	 34 	 200 	 4587 	 2
1788204378772 	 20 	 200 	 4587 	 1
1788204378776 	 17 	 200 	 4587 	 0
1788204378805 	 12 	 200 	 4588 	 0
1788204378845 	 23 	 200 	 4589 	 0
1788204378945 	 27 	 200 	 4591 	 1
1788204378941 	 43 	 200 	 4591 	 0
1788204379012 	 17 	 200 	 4592 	 0
1788204379056 	 15 	 200 	 4593 	 0
1788204379102 	 30 	 200 	 4594 	 0
1788204379237 	 13 	 200 	 4595 	 0
1788204379264 	 22 	 200 	 4597 	 1
1788204379280 	 13 	 200 	 4597 	 0
1788204379316 	 18 	 200 	 4598 	 0
1788204379349 	 16 	 200 	 4599 	 0
1788204379422 	 27 	 200 	 4601 	 1
1788204379418 	 31 	 200 	 4601 	 0
1788204379499 	 32 	 200 	 4604 	 2
1788204379504 	 34 	 200 	 4604 	 1
1788204379506 	 32 	 200 	 4604 	 0
1788204379644 	 33 	 200 	 4605 	 0
1788204379689 	 14 	 200 	 4607 	 1
1788204379703 	 14 	 200 	 4608 	 1
1788204379717 	 20 	 200 	 4609 	 1
1788204379724 	 15 	 200 	 4609 	 0
1788204379789 	 16 	 200 	 4610 	 0
1788204379895 	 13 	 200 	 4611 	 0
1788204379935 	 12 	 200 	 4612 	 0
1788204380002 	 15 	 200 	 4613 	 0
1788204380028 	 13 	 200 	 4615 	 1
1788204380034 	 16 	 200 	 4615 	 0
1788204380099 	 30 	 200 	 4616 	 0
1788204380269 	 42 	 200 	 4618 	 1
1788204380304 	 15 	 200 	 4619 	 1
1788204380318 	 17 	 200 	 4619 	 0
1788204380449 	 17 	 200 	 4621 	 1
1788204380459 	 14 	 200 	 4621 	 0
1788204380501 	 37 	 200 	 4622 	 0
1788204380556 	 24 	 200 	 4623 	 0
1788204380615 	 12 	 200 	 4624 	 0
1788204380700 	 28 	 200 	 4627 	 2
1788204380690 	 41 	 200 	 4627 	 1
1788204380709 	 24 	 200 	 4627 	 0
1788204380819 	 33 	 200 	 4628 	 0
1788204380879 	 15 	 200 	 4629 	 0
1788204380929 	 20 	 200 	 4631 	 1
1788204380927 	 25 	 200 	 4631 	 0
1788204381053 	 13 	 200 	 4632 	 0
1788204381077 	 20 	 200 	 4633 	 0
1788204381195 	 15 	 200 	 4635 	 1
1788204381210 	 13 	 200 	 4635 	 0
1788204381311 	 32 	 200 	 4637 	 1
1788204381313 	 33 	 200 	 4637 	 0
1788204381566 	 32 	 200 	 4638 	 0
1788204381640 	 31 	 200 	 4639 	 0
1788204381681 	 34 	 200 	 4640 	 0
1788204381730 	 27 	 200 	 4643 	 2
1788204381734 	 25 	 200 	 4643 	 1
1788204381749 	 16 	 200 	 4643 	 0
1788204381779 	 15 	 200 	 4644 	 0
1788204381809 	 13 	 200 	 4645 	 0
1788204382002 	 34 	 200 	 4647 	 1
1788204382005 	 42 	 200 	 4647 	 0
1788204382051 	 26 	 200 	 4650 	 2
1788204382056 	 27 	 200 	 4650 	 1
1788204382069 	 16 	 200 	 4650 	 0
1788204382108 	 12 	 200 	 4652 	 1
1788204382116 	 12 	 200 	 4652 	 0
1788204382151 	 27 	 200 	 4656 	 3
1788204382160 	 25 	 200 	 4656 	 2
1788204382169 	 19 	 200 	 4656 	 1
1788204382173 	 17 	 200 	 4656 	 0
1788204382204 	 14 	 200 	 4657 	 0
1788204382307 	 24 	 200 	 4660 	 2
1788204382301 	 29 	 200 	 4660 	 1
1788204382321 	 15 	 200 	 4660 	 0
1788204382374 	 15 	 200 	 4661 	 0
1788204382515 	 18 	 200 	 4663 	 1
1788204382524 	 12 	 200 	 4663 	 0
1788204382615 	 35 	 200 	 4664 	 0
1788204382663 	 40 	 200 	 4669 	 4
1788204382667 	 38 	 200 	 4669 	 3
1788204382693 	 17 	 200 	 4670 	 3
1788204382694 	 18 	 200 	 4670 	 2
1788204382691 	 22 	 200 	 4670 	 1
1788204382709 	 14 	 200 	 4670 	 0
1788204382774 	 18 	 200 	 4671 	 0
1788204382823 	 18 	 200 	 4673 	 1
1788204382837 	 12 	 200 	 4673 	 0
1788204382923 	 35 	 200 	 4676 	 2
1788204382932 	 28 	 200 	 4676 	 1
1788204382957 	 19 	 200 	 4676 	 0
1788204383052 	 25 	 200 	 4677 	 0
1788204383157 	 30 	 200 	 4678 	 0
1788204383199 	 30 	 200 	 4679 	 0
1788204383265 	 22 	 200 	 4681 	 1
1788204383286 	 13 	 200 	 4681 	 0
1788204383319 	 63 	 200 	 4682 	 0
1788204383500 	 38 	 200 	 4684 	 1
1788204383537 	 25 	 200 	 4686 	 2
1788204383544 	 21 	 200 	 4686 	 1
1788204383549 	 19 	 200 	 4686 	 0
1788204383600 	 21 	 200 	 4687 	 0
1788204383654 	 26 	 200 	 4688 	 0
1788204383836 	 33 	 200 	 4689 	 0
1788204383878 	 12 	 200 	 4690 	 0
1788204383958 	 31 	 200 	 4691 	 0
1788204384027 	 31 	 200 	 4693 	 1
1788204384049 	 32 	 200 	 4694 	 1
1788204384074 	 13 	 200 	 4694 	 0
1788204384125 	 36 	 200 	 4697 	 2
1788204384130 	 31 	 200 	 4697 	 1
1788204384137 	 26 	 200 	 4697 	 0
1788204384220 	 29 	 200 	 4698 	 0
1788204384281 	 15 	 200 	 4699 	 0
1788204384344 	 38 	 200 	 4702 	 2
1788204384342 	 39 	 200 	 4702 	 1
1788204384346 	 38 	 200 	 4702 	 0
1788204384473 	 31 	 200 	 4704 	 1
1788204384494 	 16 	 200 	 4704 	 0
1788204384583 	 13 	 200 	 4705 	 0
1788204384625 	 16 	 200 	 4706 	 0
1788204384693 	 13 	 200 	 4707 	 0
1788204384764 	 16 	 200 	 4708 	 0
1788204384883 	 14 	 200 	 4711 	 2
1788204384882 	 18 	 200 	 4711 	 1
1788204384888 	 14 	 200 	 4711 	 0
1788204384991 	 14 	 200 	 4712 	 0
1788204385027 	 29 	 200 	 4713 	 0
1788204385101 	 18 	 200 	 4716 	 2
1788204385102 	 20 	 200 	 4716 	 1
1788204385110 	 13 	 200 	 4716 	 0
1788204385126 	 14 	 200 	 4717 	 0
1788204385234 	 18 	 200 	 4719 	 1
1788204385252 	 12 	 200 	 4719 	 0
1788204385270 	 12 	 200 	 4720 	 0
1788204385293 	 20 	 200 	 4721 	 0
1788204385332 	 31 	 200 	 4723 	 1
1788204385328 	 37 	 200 	 4723 	 0
1788204385391 	 14 	 200 	 4724 	 0
1788204385437 	 16 	 200 	 4726 	 1
1788204385414 	 48 	 200 	 4726 	 0
1788204385496 	 13 	 200 	 4727 	 0
1788204385519 	 13 	 200 	 4728 	 0
1788204385550 	 27 	 200 	 4729 	 0
1788204385580 	 12 	 200 	 4730 	 0
1788204385600 	 12 	 200 	 4731 	 0
1788204385613 	 16 	 200 	 4732 	 0
1788204385738 	 35 	 200 	 4734 	 1
1788204385765 	 17 	 200 	 4734 	 0
1788204385862 	 19 	 200 	 4736 	 1
1788204385881 	 13 	 200 	 4737 	 1
1788204385890 	 14 	 200 	 4737 	 0
1788204385929 	 40 	 200 	 4738 	 0
1788204385984 	 14 	 200 	 4740 	 1
1788204385991 	 12 	 200 	 4740 	 0
1788204386076 	 16 	 200 	 4742 	 1
1788204386087 	 16 	 200 	 4742 	 0
1788204386178 	 31 	 200 	 4743 	 0
1788204386273 	 13 	 200 	 4744 	 0
1788204386324 	 39 	 200 	 4746 	 1
1788204386337 	 32 	 200 	 4746 	 0
1788204386381 	 16 	 200 	 4747 	 0
1788204386557 	 24 	 200 	 4748 	 0
1788204386592 	 13 	 200 	 4750 	 1
1788204386600 	 16 	 200 	 4750 	 0
1788204386622 	 12 	 200 	 4751 	 0
1788204386723 	 37 	 200 	 4752 	 0
1788204386817 	 35 	 200 	 4753 	 0
1788204386863 	 21 	 200 	 4755 	 1
1788204386865 	 19 	 200 	 4755 	 0
1788204386893 	 14 	 200 	 4756 	 0
1788204386925 	 13 	 200 	 4757 	 0
1788204387066 	 23 	 200 	 4759 	 1
1788204387079 	 16 	 200 	 4759 	 0
1788204387104 	 12 	 200 	 4760 	 0
1788204387270 	 22 	 200 	 4761 	 0
1788204387309 	 20 	 200 	 4762 	 0
1788204387365 	 24 	 200 	 4763 	 0
1788204387492 	 32 	 200 	 4764 	 0
1788204387546 	 31 	 200 	 4767 	 2
1788204387549 	 31 	 200 	 4767 	 1
1788204387572 	 17 	 200 	 4767 	 0
1788204387612 	 13 	 200 	 4768 	 0
1788204387650 	 32 	 200 	 4770 	 1
1788204387655 	 30 	 200 	 4770 	 0
1788204387704 	 26 	 200 	 4771 	 0
1788204387791 	 31 	 200 	 4774 	 2
1788204387789 	 36 	 200 	 4774 	 1
1788204387806 	 26 	 200 	 4774 	 0
1788204387918 	 14 	 200 	 4775 	 0
1788204387971 	 31 	 200 	 4776 	 0
1788204388009 	 17 	 200 	 4777 	 0
1788204388130 	 33 	 200 	 4780 	 2
1788204388126 	 39 	 200 	 4780 	 1
1788204388163 	 14 	 200 	 4781 	 1
1788204388169 	 14 	 200 	 4781 	 0
1788204388395 	 29 	 200 	 4782 	 0
1788204388523 	 14 	 200 	 4784 	 1
1788204388530 	 12 	 200 	 4784 	 0
1788204388546 	 19 	 200 	 4785 	 0
1788204388596 	 27 	 200 	 4786 	 0
1788204388635 	 13 	 200 	 4787 	 0
1788204388672 	 18 	 200 	 4788 	 0
1788204388910 	 33 	 200 	 4789 	 0
1788204389053 	 40 	 200 	 4792 	 2
1788204389071 	 26 	 200 	 4792 	 1
1788204389078 	 20 	 200 	 4792 	 0
1788204389158 	 42 	 200 	 4793 	 0
1788204389238 	 11 	 200 	 4794 	 0
1788204389410 	 23 	 200 	 4795 	 0
1788204389468 	 14 	 200 	 4796 	 0
1788204389503 	 14 	 200 	 4797 	 0
1788204389611 	 44 	 200 	 4798 	 0
1788204389738 	 19 	 200 	 4800 	 1
1788204389750 	 18 	 200 	 4800 	 0
1788204389820 	 16 	 200 	 4804 	 3
1788204389825 	 16 	 200 	 4804 	 2
1788204389824 	 19 	 200 	 4804 	 1
1788204389827 	 16 	 200 	 4804 	 0
1788204389852 	 17 	 200 	 4805 	 0
1788204389988 	 30 	 200 	 4806 	 0
1788204390058 	 23 	 200 	 4807 	 0
1788204390097 	 14 	 200 	 4809 	 1
1788204390109 	 12 	 200 	 4809 	 0
1788204390187 	 23 	 200 	 4810 	 0
1788204390218 	 23 	 200 	 4811 	 0
1788204390274 	 17 	 200 	 4812 	 0
1788204390383 	 16 	 200 	 4813 	 0
1788204390492 	 36 	 200 	 4817 	 3
1788204390499 	 30 	 200 	 4817 	 2
1788204390527 	 14 	 200 	 4817 	 1
1788204390529 	 13 	 200 	 4817 	 0
1788204390547 	 36 	 200 	 4818 	 0
1788204390632 	 36 	 200 	 4820 	 1
1788204390650 	 26 	 200 	 4821 	 1
1788204390671 	 19 	 200 	 4821 	 0
1788204390707 	 28 	 200 	 4822 	 0
1788204390871 	 15 	 200 	 4823 	 0
1788204390892 	 17 	 200 	 4824 	 0
1788204390931 	 34 	 200 	 4825 	 0
1788204390972 	 17 	 200 	 4826 	 0
1788204391013 	 29 	 200 	 4827 	 0
1788204391072 	 35 	 200 	 4829 	 1
1788204391092 	 16 	 200 	 4829 	 0
1788204391231 	 18 	 200 	 4830 	 0
1788204391288 	 13 	 200 	 4831 	 0
1788204391464 	 31 	 200 	 4833 	 1
1788204391482 	 15 	 200 	 4833 	 0
1788204391509 	 13 	 200 	 4834 	 0
1788204391569 	 17 	 200 	 4835 	 0
1788204391615 	 38 	 200 	 4836 	 0
1788204391710 	 35 	 200 	 4838 	 1
1788204391713 	 136 	 200 	 4838 	 0
1788204391942 	 15 	 200 	 4839 	 0
1788204392049 	 33 	 200 	 4841 	 1
1788204392057 	 32 	 200 	 4841 	 0
1788204392094 	 14 	 200 	 4842 	 0
1788204392115 	 24 	 200 	 4843 	 0
1788204392169 	 17 	 200 	 4845 	 1
1788204392179 	 13 	 200 	 4845 	 0
1788204392244 	 15 	 200 	 4846 	 0
1788204392493 	 34 	 200 	 4847 	 0
1788204392559 	 15 	 200 	 4848 	 0
1788204392613 	 33 	 200 	 4849 	 0
1788204392654 	 30 	 200 	 4850 	 0
1788204392810 	 37 	 200 	 4852 	 1
1788204392859 	 13 	 200 	 4853 	 2
1788204392819 	 58 	 200 	 4855 	 2
1788204392873 	 19 	 200 	 4856 	 2
1788204392888 	 13 	 200 	 4857 	 2
1788204392874 	 35 	 200 	 4857 	 1
1788204392899 	 13 	 200 	 4857 	 0
1788204392946 	 17 	 200 	 4858 	 0
1788204393046 	 32 	 200 	 4859 	 0
1788204393107 	 15 	 200 	 4860 	 0
1788204393134 	 17 	 200 	 4861 	 0
1788204393159 	 13 	 200 	 4862 	 0
1788204393288 	 33 	 200 	 4863 	 0
1788204393359 	 22 	 200 	 4864 	 0
1788204393385 	 12 	 200 	 4865 	 0
1788204393512 	 12 	 200 	 4866 	 0
1788204393527 	 15 	 200 	 4867 	 0
1788204393577 	 13 	 200 	 4868 	 0
1788204393691 	 29 	 200 	 4871 	 2
1788204393689 	 31 	 200 	 4871 	 1
1788204393700 	 25 	 200 	 4871 	 0
1788204393730 	 17 	 200 	 4872 	 0
1788204393846 	 33 	 200 	 4873 	 0
1788204393990 	 14 	 200 	 4874 	 0
1788204394035 	 13 	 200 	 4875 	 0
1788204394094 	 35 	 200 	 4880 	 4
1788204394119 	 22 	 200 	 4880 	 3
1788204394117 	 30 	 200 	 4880 	 2
1788204394122 	 28 	 200 	 4880 	 1
1788204394102 	 53 	 200 	 4881 	 1
1788204394155 	 13 	 200 	 4881 	 0
1788204394192 	 36 	 200 	 4883 	 1
1788204394200 	 29 	 200 	 4883 	 0
1788204394245 	 12 	 200 	 4884 	 0
1788204394408 	 13 	 200 	 4885 	 0
1788204394631 	 34 	 200 	 4887 	 1
1788204394639 	 31 	 200 	 4887 	 0
1788204394785 	 36 	 200 	 4889 	 1
1788204394802 	 32 	 200 	 4889 	 0
1788204394849 	 12 	 200 	 4890 	 0
1788204394882 	 16 	 200 	 4892 	 1
1788204394884 	 14 	 200 	 4892 	 0
1788204394958 	 14 	 200 	 4894 	 1
1788204394963 	 15 	 200 	 4894 	 0
1788204395051 	 30 	 200 	 4896 	 1
1788204395047 	 35 	 200 	 4896 	 0
1788204395161 	 26 	 200 	 4897 	 0
1788204395193 	 15 	 200 	 4900 	 2
1788204395197 	 13 	 200 	 4900 	 1
1788204395194 	 23 	 200 	 4901 	 1
1788204395213 	 18 	 200 	 4902 	 1
1788204395222 	 13 	 200 	 4902 	 0
1788204395248 	 35 	 200 	 4903 	 0
1788204395464 	 23 	 200 	 4904 	 0
1788204395506 	 13 	 200 	 4907 	 2
1788204395508 	 16 	 200 	 4907 	 1
1788204395518 	 14 	 200 	 4907 	 0
1788204395692 	 12 	 200 	 4908 	 0
1788204395725 	 13 	 200 	 4909 	 0
1788204395798 	 23 	 200 	 4911 	 1
1788204395828 	 16 	 200 	 4912 	 1
1788204395751 	 115 	 200 	 4912 	 0
1788204395876 	 12 	 200 	 4913 	 0
1788204395935 	 42 	 200 	 4914 	 0
1788204396055 	 32 	 200 	 4915 	 0
1788204396222 	 16 	 200 	 4916 	 0
1788204396309 	 22 	 200 	 4917 	 0
1788204396471 	 38 	 200 	 4919 	 1
1788204396500 	 33 	 200 	 4920 	 1
1788204396529 	 13 	 200 	 4920 	 0
1788204396603 	 35 	 200 	 4922 	 1
1788204396602 	 35 	 200 	 4922 	 0
1788204396673 	 14 	 200 	 4923 	 0
1788204396711 	 14 	 200 	 4924 	 0
1788204396730 	 14 	 200 	 4925 	 0
1788204396753 	 15 	 200 	 4926 	 0
1788204396830 	 13 	 200 	 4927 	 0
1788204396879 	 22 	 200 	 4929 	 1
1788204396874 	 33 	 200 	 4929 	 0
1788204396948 	 29 	 200 	 4932 	 2
1788204396947 	 31 	 200 	 4932 	 1
1788204396973 	 12 	 200 	 4932 	 0
1788204397040 	 14 	 200 	 4933 	 0
1788204397090 	 18 	 200 	 4935 	 1
1788204397101 	 19 	 200 	 4935 	 0
1788204397134 	 13 	 200 	 4936 	 0
1788204397163 	 13 	 200 	 4938 	 1
1788204397169 	 14 	 200 	 4938 	 0
1788204397226 	 13 	 200 	 4939 	 0
1788204397277 	 17 	 200 	 4940 	 0
1788204397358 	 30 	 200 	 4942 	 1
1788204397388 	 13 	 200 	 4942 	 0
1788204397410 	 12 	 200 	 4943 	 0
1788204397477 	 21 	 200 	 4944 	 0
1788204397528 	 33 	 200 	 4945 	 0
1788204397657 	 21 	 200 	 4946 	 0
1788204397867 	 37 	 200 	 4948 	 1
1788204397885 	 33 	 200 	 4948 	 0
1788204397988 	 15 	 200 	 4949 	 0
1788204398115 	 35 	 200 	 4950 	 0
1788204398174 	 34 	 200 	 4952 	 1
1788204398192 	 24 	 200 	 4953 	 1
1788204398216 	 14 	 200 	 4953 	 0
1788204398275 	 32 	 200 	 4955 	 1
1788204398286 	 28 	 200 	 4955 	 0
1788204398323 	 13 	 200 	 4956 	 0
1788204398362 	 39 	 200 	 4958 	 1
1788204398370 	 33 	 200 	 4958 	 0
1788204398446 	 28 	 200 	 4959 	 0
1788204398485 	 17 	 200 	 4960 	 0
1788204398551 	 18 	 200 	 4961 	 0
1788204398577 	 16 	 200 	 4962 	 0
1788204398615 	 25 	 200 	 4963 	 0
1788204398699 	 39 	 200 	 4965 	 1
1788204398727 	 28 	 200 	 4966 	 1
1788204398755 	 25 	 200 	 4967 	 1
1788204398764 	 21 	 200 	 4967 	 0
1788204398839 	 17 	 200 	 4969 	 1
1788204398856 	 16 	 200 	 4969 	 0
1788204398878 	 16 	 200 	 4971 	 1
1788204398879 	 18 	 200 	 4971 	 0
1788204398924 	 12 	 200 	 4972 	 0
1788204398938 	 12 	 200 	 4973 	 0
1788204398958 	 13 	 200 	 4975 	 1
1788204398962 	 18 	 200 	 4975 	 0
1788204398992 	 24 	 200 	 4976 	 0
1788204399025 	 15 	 200 	 4977 	 0
1788204399071 	 15 	 200 	 4979 	 1
1788204399078 	 12 	 200 	 4979 	 0
1788204399170 	 32 	 200 	 4980 	 0
1788204399314 	 34 	 200 	 4983 	 2
1788204399336 	 29 	 200 	 4983 	 1
1788204399346 	 27 	 200 	 4983 	 0
1788204399382 	 16 	 200 	 4984 	 0
1788204399475 	 15 	 200 	 4986 	 1
1788204399484 	 17 	 200 	 4986 	 0
1788204399516 	 13 	 200 	 4988 	 1
1788204399529 	 12 	 200 	 4988 	 0
1788204399610 	 29 	 200 	 4989 	 0
1788204399681 	 29 	 200 	 4990 	 0
1788204399718 	 25 	 200 	 4992 	 1
1788204399716 	 29 	 200 	 4992 	 0
1788204399804 	 37 	 200 	 4994 	 1
1788204399831 	 18 	 200 	 4994 	 0
1788204399863 	 14 	 200 	 4995 	 0
1788204399925 	 22 	 200 	 4996 	 0
1788204399956 	 12 	 200 	 4997 	 0
1788204400064 	 24 	 200 	 4998 	 0
1788204400195 	 14 	 200 	 5000 	 1
1788204400200 	 16 	 200 	 5000 	 0