1788204402383 	 12 	 200 	 2 	 1
1788204402344 	 72 	 200 	 2 	 0
1788204402425 	 13 	 200 	 3 	 0
1788204402459 	 31 	 200 	 6 	 2
1788204402490 	 15 	 200 	 6 	 1
1788204402463 	 64 	 200 	 6 	 0
1788204402544 	 18 	 200 	 7 	 0
1788204402572 	 12 	 200 	 8 	 0
1788204402612 	 36 	 200 	 9 	 0
1788204402732 	 20 	 200 	 10 	 0
1788204402763 	 11 	 200 	 11 	 0
1788204402801 	 29 	 200 	 13 	 1
1788204402811 	 19 	 200 	 13 	 0
1788204402888 	 14 	 200 	 15 	 1
1788204402881 	 22 	 200 	 15 	 0
1788204403105 	 25 	 200 	 16 	 0
1788204403179 	 34 	 200 	 17 	 0
1788204403230 	 15 	 200 	 18 	 0
1788204403287 	 14 	 200 	 19 	 0
1788204403309 	 18 	 200 	 20 	 0
1788204403459 	 14 	 200 	 22 	 1
1788204403465 	 18 	 200 	 22 	 0
1788204403559 	 26 	 200 	 23 	 0
1788204403673 	 33 	 200 	 24 	 0
1788204403776 	 30 	 200 	 25 	 0
1788204403811 	 21 	 200 	 27 	 1
1788204403811 	 22 	 200 	 27 	 0
1788204403850 	 15 	 200 	 29 	 1
1788204403850 	 17 	 200 	 29 	 0
1788204404015 	 32 	 200 	 31 	 1
1788204404034 	 31 	 200 	 31 	 0
1788204404114 	 12 	 200 	 32 	 0
1788204404174 	 13 	 200 	 33 	 0
1788204404193 	 13 	 200 	 34 	 0
1788204404270 	 39 	 200 	 35 	 0
1788204404428 	 13 	 200 	 37 	 1
1788204404434 	 18 	 200 	 37 	 0
1788204404456 	 12 	 200 	 38 	 0
1788204404516 	 20 	 200 	 39 	 0
1788204404679 	 38 	 200 	 41 	 1
1788204404702 	 21 	 200 	 41 	 0
1788204404778 	 12 	 200 	 42 	 0
1788204404809 	 12 	 200 	 43 	 0
1788204404931 	 33 	 200 	 45 	 1
1788204404935 	 34 	 200 	 45 	 0
1788204404972 	 15 	 200 	 47 	 1
1788204404987 	 12 	 200 	 47 	 0
1788204405007 	 13 	 200 	 48 	 0
1788204405063 	 13 	 200 	 49 	 0
1788204405116 	 13 	 200 	 50 	 0
1788204405143 	 13 	 200 	 52 	 1
1788204405144 	 22 	 200 	 52 	 0
1788204405293 	 38 	 200 	 56 	 3
1788204405322 	 16 	 200 	 56 	 2
1788204405317 	 25 	 200 	 56 	 1
1788204405319 	 26 	 200 	 56 	 0
1788204405421 	 36 	 200 	 57 	 0
1788204405534 	 33 	 200 	 58 	 0
1788204405593 	 16 	 200 	 59 	 0
1788204405650 	 33 	 200 	 60 	 0
1788204405768 	 23 	 200 	 61 	 0
1788204405910 	 22 	 200 	 62 	 0
1788204406005 	 37 	 200 	 64 	 1
1788204406023 	 26 	 200 	 64 	 0
1788204406091 	 30 	 200 	 65 	 0
1788204406152 	 33 	 200 	 66 	 0
1788204406336 	 21 	 200 	 67 	 0
1788204406402 	 28 	 200 	 71 	 3
1788204406398 	 33 	 200 	 71 	 2
1788204406429 	 36 	 200 	 71 	 1
1788204406430 	 41 	 200 	 71 	 0
1788204406516 	 37 	 200 	 72 	 0
1788204406561 	 23 	 200 	 74 	 1
1788204406575 	 16 	 200 	 74 	 0
1788204406627 	 15 	 200 	 75 	 0
1788204406696 	 21 	 200 	 76 	 0
1788204406797 	 26 	 200 	 77 	 0
1788204407167 	 12 	 200 	 78 	 0
1788204407181 	 12 	 200 	 79 	 0
1788204407211 	 14 	 200 	 80 	 0
1788204407248 	 16 	 200 	 81 	 0
1788204407281 	 15 	 200 	 83 	 1
1788204407284 	 14 	 200 	 83 	 0
1788204407314 	 12 	 200 	 84 	 0
1788204407417 	 34 	 200 	 86 	 1
1788204407427 	 33 	 200 	 87 	 1
1788204407455 	 19 	 200 	 87 	 0
1788204407496 	 14 	 200 	 88 	 0
1788204407624 	 36 	 200 	 91 	 2
1788204407640 	 34 	 200 	 92 	 2
1788204407642 	 33 	 200 	 92 	 1
1788204407664 	 16 	 200 	 92 	 0
1788204407720 	 12 	 200 	 93 	 0
1788204407737 	 19 	 200 	 94 	 0
1788204407808 	 15 	 200 	 95 	 0
1788204407850 	 13 	 200 	 97 	 1
1788204407855 	 14 	 200 	 97 	 0
1788204407876 	 15 	 200 	 99 	 1
1788204407886 	 14 	 200 	 99 	 0
1788204407937 	 32 	 200 	 100 	 0
1788204407995 	 14 	 200 	 102 	 1
1788204408003 	 20 	 200 	 102 	 0
1788204408097 	 14 	 200 	 103 	 0
1788204408234 	 39 	 200 	 104 	 0
1788204408321 	 36 	 200 	 106 	 1
1788204408365 	 53 	 200 	 107 	 1
1788204408324 	 249 	 200 	 108 	 1
1788204408569 	 20 	 200 	 109 	 1
1788204408583 	 15 	 200 	 110 	 1
1788204408595 	 16 	 200 	 110 	 0
1788204408804 	 22 	 200 	 111 	 0
1788204408854 	 18 	 200 	 112 	 0
1788204408885 	 12 	 200 	 113 	 0
1788204408935 	 14 	 200 	 114 	 0
1788204409006 	 32 	 200 	 115 	 0
1788204409071 	 22 	 200 	 116 	 0
1788204409171 	 33 	 200 	 119 	 2
1788204409186 	 24 	 200 	 119 	 1
1788204409184 	 28 	 200 	 119 	 0
1788204409214 	 15 	 200 	 120 	 0
1788204409237 	 16 	 200 	 122 	 1
1788204409242 	 13 	 200 	 122 	 0
1788204409268 	 20 	 200 	 123 	 0
1788204409304 	 13 	 200 	 125 	 1
1788204409309 	 13 	 200 	 125 	 0
1788204409330 	 13 	 200 	 127 	 1
1788204409334 	 11 	 200 	 127 	 0
1788204409382 	 33 	 200 	 129 	 1
1788204409413 	 24 	 200 	 129 	 0
1788204409447 	 35 	 200 	 130 	 0
1788204409513 	 30 	 200 	 131 	 0
1788204409581 	 15 	 200 	 132 	 0
1788204409898 	 34 	 200 	 133 	 0
1788204409946 	 14 	 200 	 134 	 0
1788204410079 	 19 	 200 	 136 	 1
1788204410091 	 12 	 200 	 136 	 0
1788204410182 	 25 	 200 	 137 	 0
1788204410223 	 19 	 200 	 138 	 0
1788204410261 	 13 	 200 	 139 	 0
1788204410309 	 14 	 200 	 140 	 0
1788204410466 	 51 	 200 	 141 	 0
1788204410542 	 36 	 200 	 142 	 0
1788204410588 	 12 	 200 	 143 	 0
1788204410606 	 12 	 200 	 144 	 0
1788204410620 	 11 	 200 	 145 	 0
1788204410633 	 14 	 200 	 146 	 0
1788204410812 	 32 	 200 	 148 	 1
1788204410833 	 31 	 200 	 149 	 1
1788204410851 	 20 	 200 	 150 	 1
1788204410871 	 14 	 200 	 150 	 0
1788204410924 	 38 	 200 	 153 	 2
1788204410940 	 22 	 200 	 153 	 1
1788204410958 	 14 	 200 	 153 	 0
1788204410981 	 20 	 200 	 154 	 0
1788204411019 	 30 	 200 	 155 	 0
1788204411141 	 15 	 200 	 157 	 1
1788204411152 	 12 	 200 	 157 	 0
1788204411195 	 16 	 200 	 158 	 0
1788204411220 	 14 	 200 	 160 	 1
1788204411222 	 15 	 200 	 160 	 0
1788204411256 	 13 	 200 	 161 	 0
1788204411393 	 15 	 200 	 162 	 0
1788204411509 	 32 	 200 	 163 	 0
1788204411566 	 30 	 200 	 164 	 0
1788204411602 	 28 	 200 	 166 	 1
1788204411599 	 32 	 200 	 166 	 0
1788204411659 	 36 	 200 	 167 	 0
1788204411766 	 38 	 200 	 168 	 0
1788204411805 	 21 	 200 	 169 	 0
1788204411838 	 11 	 200 	 170 	 0
1788204411956 	 24 	 200 	 171 	 0
1788204412081 	 18 	 200 	 173 	 1
1788204412092 	 16 	 200 	 173 	 0
1788204412148 	 31 	 200 	 174 	 0
1788204412238 	 12 	 200 	 175 	 0
1788204412278 	 14 	 200 	 176 	 0
1788204412421 	 29 	 200 	 177 	 0
1788204412506 	 35 	 200 	 180 	 2
1788204412528 	 22 	 200 	 181 	 2
1788204412523 	 33 	 200 	 181 	 1
1788204412550 	 13 	 200 	 181 	 0
1788204412569 	 13 	 200 	 182 	 0
1788204412612 	 41 	 200 	 186 	 3
1788204412629 	 26 	 200 	 186 	 2
1788204412635 	 21 	 200 	 186 	 1
1788204412641 	 18 	 200 	 186 	 0
1788204412702 	 26 	 200 	 189 	 2
1788204412719 	 16 	 200 	 190 	 2
1788204412722 	 17 	 200 	 190 	 1
1788204412735 	 15 	 200 	 190 	 0
1788204412781 	 34 	 200 	 191 	 0
1788204412859 	 15 	 200 	 192 	 0
1788204412902 	 13 	 200 	 193 	 0
1788204412954 	 16 	 200 	 194 	 0
1788204413003 	 24 	 200 	 195 	 0
1788204413030 	 16 	 200 	 197 	 1
1788204413034 	 14 	 200 	 197 	 0
1788204413112 	 17 	 200 	 198 	 0
1788204413165 	 13 	 200 	 199 	 0
1788204413219 	 14 	 200 	 200 	 0
1788204413369 	 20 	 200 	 202 	 1
1788204413378 	 20 	 200 	 203 	 1
1788204413394 	 12 	 200 	 203 	 0
1788204413453 	 28 	 200 	 204 	 0
1788204413516 	 14 	 200 	 206 	 1
1788204413518 	 18 	 200 	 206 	 0
1788204413761 	 36 	 200 	 207 	 0
1788204413869 	 24 	 200 	 211 	 3
1788204413882 	 15 	 200 	 211 	 2
1788204413913 	 25 	 200 	 213 	 3
1788204413874 	 64 	 200 	 213 	 2
1788204413919 	 22 	 200 	 213 	 1
1788204413865 	 88 	 200 	 213 	 0
1788204414023 	 30 	 200 	 214 	 0
1788204414163 	 33 	 200 	 215 	 0
1788204414262 	 34 	 200 	 216 	 0
1788204414302 	 22 	 200 	 217 	 0
1788204414383 	 34 	 200 	 219 	 1
1788204414404 	 29 	 200 	 219 	 0
1788204414580 	 38 	 200 	 221 	 1
1788204414600 	 33 	 200 	 221 	 0
1788204414852 	 31 	 200 	 223 	 1
1788204414855 	 31 	 200 	 223 	 0
1788204415051 	 28 	 200 	 224 	 0
1788204415145 	 36 	 200 	 226 	 1
1788204415179 	 32 	 200 	 227 	 1
1788204415211 	 22 	 200 	 227 	 0
1788204415261 	 18 	 200 	 228 	 0
1788204415307 	 30 	 200 	 229 	 0
1788204415351 	 13 	 200 	 230 	 0
1788204415373 	 12 	 200 	 231 	 0
1788204415475 	 28 	 200 	 232 	 0
1788204415548 	 31 	 200 	 234 	 1
1788204415539 	 40 	 200 	 234 	 0
1788204415659 	 38 	 200 	 236 	 1
1788204415690 	 21 	 200 	 236 	 0
1788204415767 	 13 	 200 	 237 	 0
1788204415784 	 12 	 200 	 238 	 0
1788204415943 	 14 	 200 	 240 	 1
1788204415955 	 12 	 200 	 240 	 0
1788204416072 	 42 	 200 	 241 	 0
1788204416154 	 34 	 200 	 242 	 0
1788204416223 	 23 	 200 	 243 	 0
1788204416359 	 28 	 200 	 245 	 1
1788204416353 	 37 	 200 	 245 	 0
1788204416424 	 15 	 200 	 248 	 2
1788204416425 	 15 	 200 	 248 	 1
1788204416427 	 15 	 200 	 248 	 0
1788204416469 	 13 	 200 	 249 	 0
1788204416484 	 13 	 200 	 250 	 0
1788204416599 	 41 	 200 	 251 	 0
1788204416722 	 22 	 200 	 252 	 0
1788204416761 	 15 	 200 	 253 	 0
1788204416790 	 36 	 200 	 254 	 0
1788204416830 	 16 	 200 	 255 	 0
1788204416856 	 14 	 200 	 256 	 0
1788204417245 	 15 	 200 	 257 	 0
1788204417454 	 27 	 200 	 258 	 0
1788204417531 	 22 	 200 	 259 	 0
1788204417580 	 13 	 200 	 260 	 0
1788204417633 	 35 	 200 	 264 	 3
1788204417645 	 33 	 200 	 264 	 2
1788204417667 	 24 	 200 	 265 	 2
1788204417670 	 23 	 200 	 265 	 1
1788204417689 	 13 	 200 	 265 	 0
1788204417712 	 13 	 200 	 266 	 0
1788204417765 	 12 	 200 	 267 	 0
1788204417828 	 29 	 200 	 269 	 1
1788204417814 	 43 	 200 	 269 	 0
1788204417919 	 23 	 200 	 270 	 0
1788204417979 	 15 	 200 	 272 	 1
1788204417991 	 13 	 200 	 272 	 0
1788204418063 	 27 	 200 	 273 	 0
1788204418127 	 32 	 200 	 275 	 1
1788204418150 	 28 	 200 	 275 	 0
1788204418240 	 14 	 200 	 277 	 1
1788204418254 	 20 	 200 	 277 	 0
1788204418340 	 19 	 200 	 278 	 0
1788204418378 	 19 	 200 	 279 	 0
1788204418446 	 38 	 200 	 281 	 1
1788204418461 	 34 	 200 	 281 	 0
1788204418498 	 18 	 200 	 282 	 0
1788204418581 	 15 	 200 	 284 	 1
1788204418582 	 15 	 200 	 284 	 0
1788204418710 	 13 	 200 	 285 	 0
1788204418750 	 21 	 200 	 286 	 0
1788204418798 	 28 	 200 	 287 	 0
1788204418852 	 18 	 200 	 288 	 0
1788204418874 	 14 	 200 	 289 	 0
1788204418933 	 33 	 200 	 291 	 1
1788204418964 	 43 	 200 	 291 	 0
1788204419023 	 37 	 200 	 292 	 0
1788204419071 	 12 	 200 	 293 	 0
1788204419186 	 15 	 200 	 294 	 0
1788204419216 	 14 	 200 	 295 	 0
1788204419248 	 13 	 200 	 296 	 0
1788204419330 	 13 	 200 	 297 	 0
1788204419385 	 33 	 200 	 298 	 0
1788204419460 	 57 	 200 	 300 	 1
1788204419517 	 12 	 200 	 300 	 0
1788204419549 	 23 	 200 	 301 	 0
1788204419654 	 42 	 200 	 302 	 0
1788204419713 	 28 	 200 	 306 	 3
1788204419711 	 35 	 200 	 307 	 3
1788204419719 	 31 	 200 	 307 	 2
1788204419730 	 29 	 200 	 307 	 1
1788204419744 	 18 	 200 	 307 	 0
1788204419862 	 23 	 200 	 308 	 0
1788204419909 	 30 	 200 	 309 	 0
1788204419984 	 13 	 200 	 310 	 0
1788204420188 	 19 	 200 	 312 	 1
1788204420190 	 17 	 200 	 312 	 0
1788204420247 	 14 	 200 	 314 	 1
1788204420257 	 15 	 200 	 314 	 0
1788204420300 	 15 	 200 	 316 	 1
1788204420301 	 16 	 200 	 316 	 0
1788204420399 	 24 	 200 	 318 	 1
1788204420415 	 16 	 200 	 318 	 0
1788204420445 	 14 	 200 	 320 	 1
1788204420453 	 17 	 200 	 320 	 0
1788204420492 	 29 	 200 	 321 	 0
1788204420531 	 12 	 200 	 322 	 0
1788204420557 	 14 	 200 	 323 	 0
1788204420626 	 35 	 200 	 324 	 0
1788204420700 	 13 	 200 	 326 	 1
1788204420707 	 12 	 200 	 326 	 0
1788204420734 	 13 	 200 	 327 	 0
1788204420764 	 12 	 200 	 328 	 0
1788204420803 	 13 	 200 	 330 	 1
1788204420808 	 13 	 200 	 330 	 0
1788204420899 	 34 	 200 	 332 	 1
1788204420932 	 37 	 200 	 332 	 0
1788204420977 	 14 	 200 	 333 	 0
1788204421046 	 33 	 200 	 335 	 1
1788204421052 	 27 	 200 	 335 	 0
1788204421096 	 13 	 200 	 337 	 1
1788204421110 	 14 	 200 	 338 	 1
1788204421115 	 19 	 200 	 338 	 0
1788204421166 	 17 	 200 	 339 	 0
1788204421248 	 43 	 200 	 342 	 2
1788204421342 	 17 	 200 	 344 	 3
1788204421354 	 16 	 200 	 345 	 3
1788204421285 	 109 	 200 	 346 	 3
1788204421387 	 15 	 200 	 346 	 2
1788204421203 	 199 	 200 	 346 	 1
1788204421364 	 40 	 200 	 346 	 0
1788204421433 	 12 	 200 	 348 	 1
1788204421436 	 12 	 200 	 348 	 0
1788204421484 	 28 	 200 	 351 	 2
1788204421474 	 40 	 200 	 351 	 1
1788204421506 	 23 	 200 	 351 	 0
1788204421548 	 30 	 200 	 354 	 2
1788204421568 	 27 	 200 	 356 	 3
1788204421568 	 30 	 200 	 356 	 2
1788204421590 	 17 	 200 	 357 	 2
1788204421588 	 21 	 200 	 357 	 1
1788204421602 	 16 	 200 	 357 	 0
1788204421732 	 22 	 200 	 358 	 0
1788204421846 	 30 	 200 	 359 	 0
1788204421944 	 29 	 200 	 360 	 0
1788204422022 	 39 	 200 	 362 	 1
1788204422047 	 16 	 200 	 362 	 0
1788204422070 	 12 	 200 	 363 	 0
1788204422121 	 22 	 200 	 365 	 1
1788204422131 	 13 	 200 	 365 	 0
1788204422264 	 27 	 200 	 367 	 1
1788204422282 	 15 	 200 	 368 	 1
1788204422294 	 18 	 200 	 368 	 0
1788204422372 	 30 	 200 	 369 	 0
1788204422499 	 37 	 200 	 371 	 1
1788204422534 	 37 	 200 	 371 	 0
1788204422590 	 12 	 200 	 373 	 1
1788204422595 	 14 	 200 	 373 	 0
1788204422717 	 32 	 200 	 374 	 0
1788204422761 	 15 	 200 	 376 	 1
1788204422767 	 13 	 200 	 376 	 0
1788204423021 	 35 	 200 	 377 	 0
1788204423117 	 38 	 200 	 378 	 0
1788204423192 	 23 	 200 	 380 	 1
1788204423173 	 47 	 200 	 380 	 0
1788204423284 	 34 	 200 	 383 	 2
1788204423299 	 29 	 200 	 383 	 1
1788204423312 	 19 	 200 	 383 	 0
1788204423342 	 16 	 200 	 384 	 0
1788204423390 	 34 	 200 	 385 	 0
1788204423484 	 21 	 200 	 387 	 1
1788204423486 	 22 	 200 	 387 	 0
1788204423537 	 15 	 200 	 388 	 0
1788204423608 	 34 	 200 	 390 	 1
1788204423672 	 15 	 200 	 391 	 1
1788204423614 	 72 	 200 	 391 	 0
1788204423774 	 44 	 200 	 393 	 1
1788204423810 	 37 	 200 	 395 	 2
1788204423835 	 26 	 200 	 395 	 1
1788204423847 	 18 	 200 	 395 	 0
1788204423895 	 13 	 200 	 396 	 0
1788204424037 	 25 	 200 	 397 	 0
1788204424118 	 12 	 200 	 398 	 0
1788204424139 	 15 	 200 	 399 	 0
1788204424257 	 37 	 200 	 400 	 0
1788204424357 	 27 	 200 	 403 	 2
1788204424347 	 40 	 200 	 403 	 1
1788204424359 	 30 	 200 	 403 	 0
1788204424394 	 13 	 200 	 404 	 0
1788204424446 	 32 	 200 	 406 	 1
1788204424458 	 37 	 200 	 406 	 0
1788204424567 	 23 	 200 	 408 	 1
1788204424581 	 16 	 200 	 408 	 0
1788204424615 	 14 	 200 	 409 	 0
1788204424771 	 15 	 200 	 410 	 0
1788204424800 	 23 	 200 	 412 	 1
1788204424818 	 12 	 200 	 412 	 0
1788204424917 	 15 	 200 	 413 	 0
1788204425004 	 41 	 200 	 415 	 1
1788204425035 	 17 	 200 	 415 	 0
1788204425080 	 13 	 200 	 416 	 0
1788204425105 	 12 	 200 	 417 	 0
1788204425162 	 14 	 200 	 418 	 0
1788204425204 	 12 	 200 	 419 	 0
1788204425307 	 93 	 200 	 421 	 1
1788204425392 	 13 	 200 	 421 	 0
1788204425437 	 29 	 200 	 422 	 0
1788204425479 	 41 	 200 	 424 	 1
1788204425520 	 13 	 200 	 424 	 0
1788204425588 	 31 	 200 	 425 	 0
1788204425690 	 35 	 200 	 426 	 0
1788204425738 	 17 	 200 	 427 	 0
1788204425775 	 12 	 200 	 429 	 1
1788204425765 	 38 	 200 	 429 	 0
1788204425839 	 34 	 200 	 430 	 0
1788204425959 	 35 	 200 	 433 	 2
1788204425965 	 32 	 200 	 433 	 1
1788204425973 	 26 	 200 	 433 	 0
1788204426011 	 16 	 200 	 435 	 1
1788204426013 	 14 	 200 	 435 	 0
1788204426046 	 29 	 200 	 437 	 1
1788204426048 	 29 	 200 	 437 	 0
1788204426104 	 13 	 200 	 438 	 0
1788204426206 	 12 	 200 	 441 	 2
1788204426200 	 20 	 200 	 441 	 1
1788204426206 	 17 	 200 	 441 	 0
1788204426230 	 14 	 200 	 443 	 1
1788204426236 	 13 	 200 	 443 	 0
1788204426512 	 34 	 200 	 445 	 1
1788204426525 	 29 	 200 	 445 	 0
1788204426646 	 36 	 200 	 447 	 1
1788204426681 	 23 	 200 	 450 	 3
1788204426692 	 19 	 200 	 450 	 2
1788204426695 	 19 	 200 	 450 	 1
1788204426697 	 18 	 200 	 450 	 0
1788204426796 	 15 	 200 	 451 	 0
1788204426835 	 14 	 200 	 452 	 0
1788204426932 	 38 	 200 	 453 	 0
1788204426991 	 27 	 200 	 455 	 1
1788204427011 	 20 	 200 	 455 	 0
1788204427056 	 37 	 200 	 456 	 0
1788204427114 	 29 	 200 	 457 	 0
1788204427193 	 14 	 200 	 458 	 0
1788204427353 	 15 	 200 	 460 	 1
1788204427368 	 12 	 200 	 460 	 0
1788204427389 	 12 	 200 	 461 	 0
1788204427407 	 14 	 200 	 462 	 0
1788204427500 	 14 	 200 	 463 	 0
1788204427534 	 31 	 200 	 464 	 0
1788204427712 	 37 	 200 	 466 	 1
1788204427737 	 28 	 200 	 467 	 1
1788204427752 	 23 	 200 	 467 	 0
1788204427946 	 34 	 200 	 469 	 1
1788204427954 	 30 	 200 	 469 	 0
1788204428024 	 40 	 200 	 471 	 1
1788204428039 	 24 	 200 	 471 	 0
1788204428119 	 15 	 200 	 472 	 0
1788204428162 	 25 	 200 	 474 	 1
1788204428188 	 15 	 200 	 475 	 1
1788204428199 	 17 	 200 	 475 	 0
1788204428288 	 31 	 200 	 479 	 3
1788204428290 	 38 	 200 	 479 	 2
1788204428312 	 17 	 200 	 479 	 1
1788204428317 	 17 	 200 	 479 	 0
1788204428355 	 17 	 200 	 481 	 1
1788204428359 	 13 	 200 	 481 	 0
1788204428462 	 15 	 200 	 483 	 1
1788204428465 	 13 	 200 	 483 	 0
1788204428515 	 36 	 200 	 485 	 1
1788204428563 	 22 	 200 	 486 	 1
1788204428549 	 38 	 200 	 486 	 0
1788204428601 	 14 	 200 	 488 	 1
1788204428608 	 19 	 200 	 488 	 0
1788204428658 	 28 	 200 	 489 	 0
1788204428798 	 15 	 200 	 490 	 0
1788204428877 	 23 	 200 	 493 	 2
1788204428875 	 29 	 200 	 493 	 1
1788204428892 	 16 	 200 	 493 	 0
1788204428947 	 17 	 200 	 494 	 0
1788204429002 	 39 	 200 	 497 	 2
1788204429032 	 19 	 200 	 497 	 1
1788204429039 	 17 	 200 	 497 	 0
1788204429120 	 43 	 200 	 499 	 1
1788204429131 	 35 	 200 	 499 	 0
1788204429202 	 13 	 200 	 500 	 0
1788204429232 	 17 	 200 	 503 	 2
1788204429233 	 20 	 200 	 503 	 1
1788204429230 	 23 	 200 	 503 	 0
1788204429292 	 19 	 200 	 504 	 0
1788204429367 	 14 	 200 	 505 	 0
1788204429390 	 22 	 200 	 506 	 0
1788204429417 	 12 	 200 	 507 	 0
1788204429569 	 23 	 200 	 508 	 0
1788204429755 	 21 	 200 	 510 	 1
1788204429768 	 12 	 200 	 510 	 0
1788204429823 	 37 	 200 	 511 	 0
1788204429943 	 27 	 200 	 512 	 0
1788204429979 	 30 	 200 	 513 	 0
1788204430070 	 25 	 200 	 514 	 0
1788204430104 	 13 	 200 	 515 	 0
1788204430289 	 35 	 200 	 516 	 0
1788204430338 	 15 	 200 	 518 	 1
1788204430347 	 12 	 200 	 519 	 1
1788204430359 	 13 	 200 	 519 	 0
1788204430381 	 13 	 200 	 520 	 0
1788204430418 	 14 	 200 	 521 	 0
1788204430480 	 15 	 200 	 522 	 0
1788204430574 	 13 	 200 	 523 	 0
1788204430668 	 33 	 200 	 524 	 0
1788204430751 	 34 	 200 	 526 	 1
1788204430784 	 25 	 200 	 526 	 0
1788204430818 	 12 	 200 	 527 	 0
1788204430834 	 14 	 200 	 528 	 0
1788204430895 	 27 	 200 	 530 	 1
1788204430899 	 27 	 200 	 530 	 0
1788204430944 	 17 	 200 	 531 	 0
1788204431028 	 18 	 200 	 533 	 1
1788204431033 	 15 	 200 	 533 	 0
1788204431307 	 38 	 200 	 534 	 0
1788204431421 	 33 	 200 	 536 	 1
1788204431426 	 29 	 200 	 536 	 0
1788204431521 	 34 	 200 	 537 	 0
1788204431573 	 30 	 200 	 538 	 0
1788204431652 	 38 	 200 	 540 	 1
1788204431669 	 32 	 200 	 540 	 0
1788204431720 	 30 	 200 	 542 	 1
1788204431734 	 32 	 200 	 542 	 0
1788204431790 	 16 	 200 	 544 	 1
1788204431792 	 15 	 200 	 544 	 0
1788204431908 	 14 	 200 	 546 	 1
1788204431911 	 14 	 200 	 546 	 0
1788204432010 	 25 	 200 	 547 	 0
1788204432084 	 33 	 200 	 550 	 2
1788204432091 	 33 	 200 	 550 	 1
1788204432119 	 22 	 200 	 551 	 1
1788204432129 	 21 	 200 	 552 	 1
1788204432150 	 25 	 200 	 553 	 1
1788204432166 	 18 	 200 	 553 	 0
1788204432192 	 36 	 200 	 554 	 0
1788204432236 	 13 	 200 	 555 	 0
1788204432273 	 29 	 200 	 556 	 0
1788204432305 	 16 	 200 	 558 	 1
1788204432305 	 16 	 200 	 558 	 0
1788204432424 	 30 	 200 	 560 	 1
1788204432435 	 29 	 200 	 560 	 0
1788204432474 	 13 	 200 	 561 	 0
1788204432587 	 37 	 200 	 562 	 0
1788204432687 	 34 	 200 	 564 	 1
1788204432709 	 34 	 200 	 564 	 0
1788204432835 	 25 	 200 	 565 	 0
1788204433000 	 20 	 200 	 568 	 2
1788204433004 	 17 	 200 	 568 	 1
1788204433011 	 15 	 200 	 568 	 0
1788204433064 	 17 	 200 	 569 	 0
1788204433101 	 12 	 200 	 570 	 0
1788204433136 	 18 	 200 	 572 	 1
1788204433140 	 14 	 200 	 572 	 0
1788204433182 	 19 	 200 	 574 	 1
1788204433186 	 16 	 200 	 574 	 0
1788204433215 	 13 	 200 	 575 	 1
1788204433229 	 12 	 200 	 576 	 0
1788204433507 	 38 	 200 	 577 	 0
1788204433571 	 15 	 200 	 578 	 0
1788204433651 	 38 	 200 	 579 	 0
1788204433692 	 29 	 200 	 580 	 0
1788204433815 	 33 	 200 	 581 	 0
1788204433860 	 13 	 200 	 583 	 1
1788204433874 	 15 	 200 	 584 	 1
1788204433878 	 14 	 200 	 584 	 0
1788204433912 	 13 	 200 	 586 	 1
1788204433926 	 17 	 200 	 586 	 0
1788204433967 	 12 	 200 	 587 	 0
1788204434091 	 35 	 200 	 590 	 2
1788204434102 	 26 	 200 	 590 	 1
1788204434113 	 17 	 200 	 590 	 0
1788204434393 	 34 	 200 	 591 	 0
1788204434446 	 18 	 200 	 592 	 0
1788204434591 	 22 	 200 	 593 	 0
1788204434666 	 31 	 200 	 594 	 0
1788204434872 	 18 	 200 	 595 	 0
1788204434913 	 18 	 200 	 596 	 0
1788204434969 	 14 	 200 	 597 	 0
1788204434998 	 25 	 200 	 598 	 0
1788204435050 	 14 	 200 	 599 	 0
1788204435114 	 32 	 200 	 600 	 0
1788204435220 	 42 	 200 	 602 	 1
1788204435240 	 36 	 200 	 602 	 0
1788204435472 	 19 	 200 	 603 	 0
1788204435510 	 14 	 200 	 604 	 0
1788204435546 	 29 	 200 	 605 	 0
1788204435636 	 32 	 200 	 606 	 0
1788204435742 	 34 	 200 	 607 	 0
1788204435784 	 12 	 200 	 608 	 0
1788204435856 	 29 	 200 	 610 	 1
1788204435872 	 18 	 200 	 610 	 0
1788204435923 	 14 	 200 	 612 	 1
1788204435920 	 19 	 200 	 612 	 0
1788204435942 	 13 	 200 	 614 	 1
1788204435943 	 16 	 200 	 614 	 0
1788204435992 	 13 	 200 	 615 	 0
1788204436019 	 13 	 200 	 616 	 0
1788204436083 	 31 	 200 	 617 	 0
1788204436136 	 32 	 200 	 619 	 1
1788204436166 	 32 	 200 	 621 	 2
1788204436194 	 28 	 200 	 621 	 1
1788204436198 	 29 	 200 	 621 	 0
1788204436238 	 16 	 200 	 623 	 1
1788204436242 	 15 	 200 	 623 	 0
1788204436272 	 15 	 200 	 624 	 0
1788204436352 	 13 	 200 	 625 	 0
1788204436392 	 16 	 200 	 626 	 0
1788204436420 	 12 	 200 	 627 	 0
1788204436506 	 40 	 200 	 628 	 0
1788204436588 	 36 	 200 	 632 	 3
1788204436597 	 31 	 200 	 632 	 2
1788204436612 	 20 	 200 	 632 	 1
1788204436614 	 24 	 200 	 632 	 0
1788204436752 	 33 	 200 	 634 	 1
1788204436765 	 25 	 200 	 634 	 0
1788204436814 	 28 	 200 	 635 	 0
1788204436850 	 50 	 200 	 637 	 1
1788204436878 	 27 	 200 	 637 	 0
1788204436932 	 12 	 200 	 638 	 0
1788204436968 	 14 	 200 	 641 	 2
1788204436973 	 15 	 200 	 641 	 1
1788204436972 	 22 	 200 	 641 	 0
1788204437002 	 12 	 200 	 643 	 1
1788204437010 	 13 	 200 	 644 	 1
1788204437016 	 13 	 200 	 644 	 0
1788204437040 	 14 	 200 	 645 	 0
1788204437068 	 15 	 200 	 646 	 0
1788204437198 	 19 	 200 	 647 	 0
1788204437274 	 13 	 200 	 648 	 0
1788204437386 	 13 	 200 	 649 	 0
1788204437532 	 33 	 200 	 652 	 2
1788204437545 	 28 	 200 	 652 	 1
1788204437564 	 22 	 200 	 652 	 0
1788204437874 	 30 	 200 	 653 	 0
1788204437912 	 18 	 200 	 655 	 1
1788204437924 	 17 	 200 	 655 	 0
1788204438010 	 33 	 200 	 658 	 2
1788204438017 	 34 	 200 	 658 	 1
1788204438028 	 26 	 200 	 658 	 0
1788204438180 	 15 	 200 	 659 	 0
1788204438239 	 12 	 200 	 661 	 1
1788204438252 	 13 	 200 	 661 	 0
1788204438290 	 30 	 200 	 662 	 0
1788204438372 	 41 	 200 	 664 	 1
1788204438387 	 30 	 200 	 664 	 0
1788204438430 	 18 	 200 	 665 	 0
1788204438455 	 14 	 200 	 666 	 0
1788204438489 	 14 	 200 	 667 	 0
1788204438585 	 14 	 200 	 668 	 0
1788204438646 	 14 	 200 	 669 	 0
1788204438699 	 35 	 200 	 670 	 0
1788204438812 	 14 	 200 	 672 	 1
1788204438788 	 40 	 200 	 672 	 0
1788204438877 	 16 	 200 	 673 	 0
1788204438923 	 15 	 200 	 674 	 0
1788204438949 	 12 	 200 	 676 	 1
1788204438961 	 13 	 200 	 676 	 0
1788204439087 	 37 	 200 	 677 	 0
1788204439178 	 33 	 200 	 679 	 1
1788204439196 	 39 	 200 	 681 	 2
1788204439226 	 18 	 200 	 681 	 1
1788204439229 	 16 	 200 	 681 	 0
1788204439252 	 33 	 200 	 682 	 0
1788204439293 	 13 	 200 	 683 	 0
1788204439365 	 20 	 200 	 684 	 0
1788204439401 	 19 	 200 	 686 	 1
1788204439420 	 13 	 200 	 686 	 0
1788204439499 	 33 	 200 	 689 	 2
1788204439518 	 28 	 200 	 689 	 1
1788204439523 	 26 	 200 	 689 	 0
1788204439760 	 22 	 200 	 690 	 0
1788204439785 	 20 	 200 	 691 	 0
1788204439921 	 13 	 200 	 692 	 0
1788204440012 	 32 	 200 	 693 	 0
1788204440124 	 30 	 200 	 697 	 3
1788204440126 	 30 	 200 	 697 	 2
1788204440132 	 24 	 200 	 697 	 1
1788204440122 	 35 	 200 	 697 	 0
1788204440166 	 20 	 200 	 698 	 0
1788204440272 	 16 	 200 	 701 	 2
1788204440276 	 15 	 200 	 702 	 2
1788204440285 	 15 	 200 	 702 	 1
1788204440291 	 14 	 200 	 702 	 0
1788204440306 	 12 	 200 	 703 	 1
1788204440319 	 14 	 200 	 704 	 0
1788204440452 	 21 	 200 	 706 	 1
1788204440458 	 16 	 200 	 706 	 0
1788204440491 	 12 	 200 	 707 	 0
1788204440582 	 39 	 200 	 708 	 0
1788204440744 	 39 	 200 	 710 	 1
1788204440753 	 35 	 200 	 710 	 0
1788204440842 	 25 	 200 	 711 	 0
1788204440921 	 14 	 200 	 714 	 2
1788204440922 	 15 	 200 	 714 	 1
1788204440927 	 14 	 200 	 714 	 0
1788204440953 	 17 	 200 	 716 	 1
1788204440963 	 17 	 200 	 716 	 0
1788204441002 	 12 	 200 	 717 	 0
1788204441050 	 32 	 200 	 718 	 1
1788204441085 	 17 	 200 	 719 	 0
1788204441115 	 16 	 200 	 720 	 0
1788204441148 	 16 	 200 	 721 	 0
1788204441229 	 19 	 200 	 722 	 0
1788204441261 	 13 	 200 	 723 	 0
1788204441348 	 22 	 200 	 724 	 0
1788204441455 	 14 	 200 	 725 	 0
1788204441490 	 17 	 200 	 726 	 0
1788204441524 	 15 	 200 	 729 	 2
1788204441540 	 14 	 200 	 729 	 1
1788204441557 	 13 	 200 	 730 	 1
1788204441524 	 70 	 200 	 730 	 0
1788204441600 	 12 	 200 	 731 	 0
1788204441622 	 17 	 200 	 732 	 0
1788204441642 	 12 	 200 	 734 	 1
1788204441650 	 14 	 200 	 734 	 0
1788204441683 	 16 	 200 	 736 	 1
1788204441691 	 13 	 200 	 736 	 0
1788204441832 	 43 	 200 	 740 	 3
1788204441855 	 30 	 200 	 740 	 2
1788204441866 	 22 	 200 	 740 	 1
1788204441877 	 17 	 200 	 740 	 0
1788204441922 	 37 	 200 	 743 	 2
1788204441924 	 40 	 200 	 744 	 2
1788204441949 	 19 	 200 	 744 	 1
1788204441960 	 17 	 200 	 744 	 0
1788204442019 	 13 	 200 	 745 	 0
1788204442077 	 19 	 200 	 746 	 0
1788204442118 	 13 	 200 	 748 	 1
1788204442124 	 15 	 200 	 748 	 0
1788204442162 	 30 	 200 	 749 	 0
1788204442298 	 33 	 200 	 750 	 0
1788204442350 	 18 	 200 	 751 	 0
1788204442474 	 13 	 200 	 752 	 0
1788204442603 	 38 	 200 	 754 	 1
1788204442631 	 31 	 200 	 754 	 0
1788204442692 	 30 	 200 	 755 	 0
1788204442726 	 22 	 200 	 756 	 0
1788204442890 	 14 	 200 	 757 	 0
1788204443008 	 40 	 200 	 759 	 1
1788204443046 	 38 	 200 	 760 	 1
1788204443085 	 20 	 200 	 760 	 0
1788204443134 	 31 	 200 	 761 	 0
1788204443211 	 38 	 200 	 763 	 1
1788204443226 	 26 	 200 	 763 	 0
1788204443301 	 38 	 200 	 764 	 0
1788204443365 	 17 	 200 	 765 	 0
1788204443484 	 12 	 200 	 767 	 1
1788204443465 	 44 	 200 	 767 	 0
1788204443524 	 16 	 200 	 768 	 0
1788204443553 	 35 	 200 	 769 	 0
1788204443595 	 12 	 200 	 770 	 0
1788204443668 	 32 	 200 	 771 	 0
1788204443727 	 24 	 200 	 772 	 0
1788204443807 	 28 	 200 	 774 	 1
1788204443814 	 28 	 200 	 774 	 0
1788204444179 	 14 	 200 	 775 	 0
1788204444260 	 29 	 200 	 777 	 1
1788204444329 	 13 	 200 	 778 	 1
1788204444591 	 15 	 200 	 780 	 2
1788204444595 	 18 	 200 	 781 	 2
1788204444250 	 393 	 200 	 781 	 1
1788204444610 	 33 	 200 	 781 	 0
1788204444675 	 34 	 200 	 782 	 0
1788204444770 	 16 	 200 	 783 	 0
1788204444891 	 12 	 200 	 785 	 1
1788204444888 	 15 	 200 	 785 	 0
1788204444925 	 13 	 200 	 786 	 0
1788204444941 	 15 	 200 	 788 	 1
1788204444952 	 13 	 200 	 788 	 0
1788204444985 	 20 	 200 	 790 	 1
1788204444990 	 17 	 200 	 790 	 0
1788204445028 	 14 	 200 	 792 	 1
1788204445032 	 14 	 200 	 793 	 1
1788204445046 	 17 	 200 	 793 	 0
1788204445205 	 30 	 200 	 796 	 2
1788204445202 	 34 	 200 	 796 	 1
1788204445220 	 21 	 200 	 796 	 0
1788204445259 	 22 	 200 	 797 	 0
1788204445320 	 14 	 200 	 798 	 0
1788204445354 	 12 	 200 	 799 	 0
1788204445423 	 38 	 200 	 800 	 0
1788204445505 	 19 	 200 	 801 	 0
1788204445552 	 33 	 200 	 803 	 1
1788204445554 	 31 	 200 	 803 	 0
1788204445591 	 21 	 200 	 805 	 1
1788204445598 	 14 	 200 	 805 	 0
1788204445623 	 18 	 200 	 806 	 0
1788204445658 	 25 	 200 	 808 	 1
1788204445679 	 14 	 200 	 808 	 0
1788204445709 	 12 	 200 	 809 	 0
1788204445765 	 14 	 200 	 810 	 0
1788204445838 	 32 	 200 	 811 	 0
1788204445959 	 33 	 200 	 812 	 0
1788204446009 	 32 	 200 	 815 	 2
1788204446034 	 26 	 200 	 817 	 3
1788204446039 	 24 	 200 	 817 	 2
1788204446047 	 20 	 200 	 817 	 1
1788204446045 	 22 	 200 	 817 	 0
1788204446110 	 17 	 200 	 820 	 2
1788204446113 	 16 	 200 	 820 	 1
1788204446123 	 14 	 200 	 820 	 0
1788204446192 	 12 	 200 	 822 	 1
1788204446204 	 13 	 200 	 823 	 1
1788204446217 	 12 	 200 	 823 	 0
1788204446313 	 20 	 200 	 824 	 0
1788204446444 	 14 	 200 	 826 	 1
1788204446460 	 12 	 200 	 826 	 0
1788204446521 	 31 	 200 	 827 	 0
1788204446560 	 15 	 200 	 828 	 0
1788204446605 	 14 	 200 	 829 	 0
1788204446705 	 30 	 200 	 830 	 0
1788204446763 	 27 	 200 	 832 	 1
1788204446794 	 15 	 200 	 834 	 2
1788204446803 	 14 	 200 	 834 	 1
1788204446779 	 41 	 200 	 834 	 0
1788204446830 	 14 	 200 	 835 	 0
1788204446872 	 14 	 200 	 837 	 1
1788204446882 	 14 	 200 	 837 	 0
1788204446900 	 15 	 200 	 838 	 0
1788204446956 	 14 	 200 	 839 	 0
1788204446979 	 14 	 200 	 840 	 0
1788204447006 	 17 	 200 	 841 	 0
1788204447065 	 18 	 200 	 842 	 0
1788204447096 	 12 	 200 	 843 	 0
1788204447165 	 33 	 200 	 844 	 0
1788204447423 	 21 	 200 	 846 	 1
1788204447439 	 14 	 200 	 846 	 0
1788204447454 	 19 	 200 	 847 	 0
1788204447505 	 17 	 200 	 848 	 0
1788204447548 	 13 	 200 	 849 	 0
1788204447571 	 12 	 200 	 850 	 0
1788204447630 	 34 	 200 	 851 	 0
1788204447708 	 34 	 200 	 853 	 1
1788204447739 	 32 	 200 	 854 	 1
1788204447769 	 14 	 200 	 854 	 0
1788204447853 	 26 	 200 	 856 	 1
1788204447867 	 16 	 200 	 856 	 0
1788204447926 	 17 	 200 	 858 	 1
1788204447929 	 17 	 200 	 858 	 0
1788204448038 	 44 	 200 	 860 	 1
1788204448079 	 36 	 200 	 862 	 2
1788204448094 	 24 	 200 	 862 	 1
1788204448102 	 19 	 200 	 862 	 0
1788204448251 	 19 	 200 	 863 	 0
1788204448394 	 37 	 200 	 865 	 1
1788204448398 	 36 	 200 	 865 	 0
1788204448519 	 56 	 200 	 868 	 2
1788204448513 	 66 	 200 	 869 	 2
1788204448525 	 54 	 200 	 869 	 1
1788204448578 	 17 	 200 	 869 	 0
1788204448666 	 24 	 200 	 871 	 1
1788204448669 	 23 	 200 	 871 	 0
1788204448709 	 12 	 200 	 872 	 0
1788204448774 	 24 	 200 	 873 	 0
1788204448821 	 20 	 200 	 874 	 0
1788204448887 	 34 	 200 	 876 	 1
1788204448899 	 34 	 200 	 876 	 0
1788204448952 	 16 	 200 	 877 	 0
1788204449022 	 39 	 200 	 878 	 0
1788204449065 	 22 	 200 	 879 	 0
1788204449090 	 27 	 200 	 881 	 1
1788204449098 	 21 	 200 	 882 	 1
1788204449118 	 12 	 200 	 882 	 0
1788204449137 	 17 	 200 	 883 	 1
1788204449156 	 12 	 200 	 884 	 0
1788204449185 	 29 	 200 	 885 	 0
1788204449269 	 36 	 200 	 887 	 1
1788204449306 	 26 	 200 	 888 	 1
1788204449327 	 15 	 200 	 888 	 0
1788204449587 	 31 	 200 	 889 	 0
1788204449688 	 17 	 200 	 891 	 1
1788204449699 	 16 	 200 	 891 	 0
1788204449899 	 38 	 200 	 892 	 0
1788204450202 	 17 	 200 	 893 	 0
1788204450314 	 33 	 200 	 894 	 0
1788204450365 	 31 	 200 	 895 	 0
1788204450448 	 32 	 200 	 898 	 2
1788204450446 	 36 	 200 	 898 	 1
1788204450459 	 24 	 200 	 898 	 0
1788204450576 	 32 	 200 	 900 	 1
1788204450603 	 32 	 200 	 901 	 1
1788204450629 	 31 	 200 	 901 	 0
1788204450674 	 15 	 200 	 902 	 0
1788204450727 	 36 	 200 	 904 	 1
1788204450729 	 38 	 200 	 904 	 0
1788204450815 	 24 	 200 	 906 	 1
1788204450799 	 42 	 200 	 906 	 0
1788204450880 	 16 	 200 	 907 	 0
1788204450907 	 14 	 200 	 908 	 0
1788204450938 	 14 	 200 	 910 	 1
1788204450953 	 13 	 200 	 910 	 0
1788204451014 	 12 	 200 	 912 	 1
1788204451005 	 23 	 200 	 912 	 0
1788204451171 	 14 	 200 	 913 	 0
1788204451222 	 21 	 200 	 914 	 0
1788204451252 	 17 	 200 	 915 	 0
1788204451363 	 13 	 200 	 916 	 0
1788204451426 	 18 	 200 	 917 	 0
1788204451618 	 19 	 200 	 918 	 0
1788204451647 	 16 	 200 	 919 	 0
1788204451713 	 35 	 200 	 921 	 1
1788204451716 	 35 	 200 	 921 	 0
1788204451759 	 13 	 200 	 922 	 0
1788204451780 	 17 	 200 	 925 	 2
1788204451783 	 16 	 200 	 925 	 1
1788204451790 	 12 	 200 	 925 	 0
1788204451882 	 31 	 200 	 926 	 0
1788204451931 	 14 	 200 	 928 	 1
1788204451940 	 13 	 200 	 929 	 1
1788204451949 	 16 	 200 	 929 	 0
1788204451979 	 12 	 200 	 930 	 0
1788204452006 	 15 	 200 	 931 	 0
1788204452155 	 38 	 200 	 933 	 1
1788204452185 	 31 	 200 	 933 	 0
1788204452343 	 18 	 200 	 934 	 0
1788204452384 	 35 	 200 	 937 	 2
1788204452395 	 28 	 200 	 937 	 1
1788204452410 	 21 	 200 	 937 	 0
1788204452495 	 15 	 200 	 939 	 1
1788204452501 	 14 	 200 	 939 	 0
1788204452530 	 14 	 200 	 940 	 0
1788204452563 	 16 	 200 	 942 	 1
1788204452575 	 19 	 200 	 942 	 0
1788204452631 	 32 	 200 	 943 	 0
1788204452676 	 31 	 200 	 944 	 0
1788204452845 	 17 	 200 	 946 	 1
1788204452864 	 12 	 200 	 946 	 0
1788204452933 	 16 	 200 	 947 	 0
1788204452982 	 15 	 200 	 948 	 0
1788204453013 	 13 	 200 	 949 	 0
1788204453220 	 22 	 200 	 950 	 0
1788204453261 	 37 	 200 	 951 	 0
1788204453396 	 14 	 200 	 952 	 0
1788204453472 	 12 	 200 	 953 	 0
1788204453514 	 13 	 200 	 954 	 0
1788204453562 	 12 	 200 	 955 	 0
1788204453646 	 41 	 200 	 956 	 0
1788204453708 	 17 	 200 	 957 	 0
1788204453772 	 18 	 200 	 958 	 0
1788204453799 	 13 	 200 	 959 	 0
1788204453836 	 12 	 200 	 960 	 0
1788204453943 	 20 	 200 	 961 	 0
1788204454025 	 31 	 200 	 962 	 0
1788204454226 	 28 	 200 	 964 	 1
1788204454229 	 27 	 200 	 964 	 0
1788204454281 	 26 	 200 	 965 	 0
1788204454311 	 31 	 200 	 967 	 1
1788204454319 	 25 	 200 	 967 	 0
1788204454359 	 13 	 200 	 968 	 0
1788204454436 	 15 	 200 	 969 	 0
1788204454518 	 34 	 200 	 970 	 0
1788204454613 	 15 	 200 	 971 	 0
1788204454733 	 38 	 200 	 972 	 0
1788204454797 	 16 	 200 	 973 	 0
1788204454818 	 12 	 200 	 974 	 0
1788204454852 	 21 	 200 	 977 	 2
1788204454859 	 20 	 200 	 977 	 1
1788204454866 	 16 	 200 	 977 	 0
1788204454889 	 13 	 200 	 978 	 0
1788204454959 	 15 	 200 	 979 	 0
1788204455000 	 12 	 200 	 980 	 0
1788204455173 	 19 	 200 	 982 	 1
1788204455189 	 17 	 200 	 982 	 0
1788204455237 	 16 	 200 	 983 	 0
1788204455272 	 13 	 200 	 984 	 0
1788204455323 	 32 	 200 	 985 	 0
1788204455358 	 11 	 200 	 986 	 0
1788204455389 	 34 	 200 	 987 	 0
1788204455646 	 32 	 200 	 988 	 0
1788204455680 	 32 	 200 	 990 	 1
1788204455689 	 25 	 200 	 990 	 0
1788204455718 	 32 	 200 	 991 	 0
1788204455764 	 14 	 200 	 992 	 0
1788204455899 	 38 	 200 	 993 	 0
1788204455952 	 13 	 200 	 994 	 0
1788204455985 	 17 	 200 	 995 	 0
1788204456081 	 17 	 200 	 997 	 1
1788204456084 	 16 	 200 	 997 	 0
1788204456105 	 12 	 200 	 998 	 0
1788204456127 	 12 	 200 	 999 	 0
1788204456227 	 40 	 200 	 1001 	 1
1788204456234 	 37 	 200 	 1001 	 0
1788204456441 	 16 	 200 	 1004 	 2
1788204456404 	 120 	 200 	 1005 	 2
1788204456510 	 15 	 200 	 1005 	 1
1788204456628 	 13 	 200 	 1007 	 2
1788204456601 	 60 	 200 	 1007 	 1
1788204456667 	 32 	 200 	 1010 	 3
1788204456695 	 18 	 200 	 1010 	 2
1788204456725 	 20 	 200 	 1011 	 2
1788204456673 	 121 	 200 	 1011 	 1
1788204456362 	 461 	 200 	 1013 	 2
1788204456817 	 14 	 200 	 1013 	 1
1788204456818 	 20 	 200 	 1013 	 0
1788204456845 	 12 	 200 	 1015 	 1
1788204456852 	 12 	 200 	 1015 	 0
1788204456929 	 29 	 200 	 1018 	 2
1788204456924 	 49 	 200 	 1018 	 1
1788204456934 	 43 	 200 	 1019 	 1
1788204456974 	 14 	 200 	 1019 	 0
1788204457020 	 17 	 200 	 1022 	 2
1788204457024 	 17 	 200 	 1022 	 1
1788204457026 	 15 	 200 	 1022 	 0
1788204457045 	 15 	 200 	 1023 	 0
1788204457164 	 26 	 200 	 1024 	 0
1788204457194 	 14 	 200 	 1025 	 0
1788204457245 	 14 	 200 	 1026 	 0
1788204457277 	 12 	 200 	 1027 	 0
1788204457328 	 30 	 200 	 1029 	 1
1788204457358 	 14 	 200 	 1029 	 0
1788204457439 	 22 	 200 	 1030 	 0
1788204457524 	 42 	 200 	 1031 	 0
1788204457614 	 13 	 200 	 1032 	 0
1788204457680 	 13 	 200 	 1033 	 0
1788204457768 	 13 	 200 	 1035 	 1
1788204457779 	 17 	 200 	 1035 	 0
1788204457838 	 31 	 200 	 1036 	 0
1788204457883 	 13 	 200 	 1037 	 0
1788204457905 	 15 	 200 	 1039 	 1
1788204457917 	 13 	 200 	 1040 	 1
1788204457922 	 15 	 200 	 1040 	 0
1788204457955 	 14 	 200 	 1041 	 0
1788204457976 	 29 	 200 	 1042 	 0
1788204458047 	 31 	 200 	 1043 	 0
1788204458161 	 37 	 200 	 1045 	 1
1788204458179 	 37 	 200 	 1045 	 0
1788204458254 	 29 	 200 	 1046 	 0
1788204458295 	 12 	 200 	 1048 	 1
1788204458308 	 15 	 200 	 1050 	 2
1788204458312 	 13 	 200 	 1050 	 1
1788204458313 	 15 	 200 	 1050 	 0
1788204458382 	 39 	 200 	 1053 	 2
1788204458396 	 27 	 200 	 1053 	 1
1788204458413 	 22 	 200 	 1053 	 0
1788204458446 	 16 	 200 	 1055 	 1
1788204458476 	 12 	 200 	 1056 	 1
1788204458455 	 50 	 200 	 1056 	 0
1788204458629 	 22 	 200 	 1058 	 1
1788204458631 	 21 	 200 	 1058 	 0
1788204458753 	 20 	 200 	 1059 	 0
1788204458813 	 17 	 200 	 1060 	 0
1788204458909 	 16 	 200 	 1061 	 0
1788204458951 	 15 	 200 	 1062 	 0
1788204459008 	 13 	 200 	 1063 	 0
1788204459321 	 31 	 200 	 1064 	 0
1788204459393 	 32 	 200 	 1065 	 0
1788204459460 	 24 	 200 	 1068 	 2
1788204459465 	 19 	 200 	 1068 	 1
1788204459457 	 51 	 200 	 1069 	 1
1788204459495 	 15 	 200 	 1070 	 1
1788204459510 	 12 	 200 	 1070 	 0
1788204459524 	 13 	 200 	 1072 	 1
1788204459538 	 14 	 200 	 1073 	 1
1788204459539 	 14 	 200 	 1073 	 0
1788204459605 	 15 	 200 	 1074 	 0
1788204459656 	 15 	 200 	 1075 	 0
1788204459678 	 12 	 200 	 1076 	 0
1788204459728 	 40 	 200 	 1078 	 1
1788204459744 	 26 	 200 	 1078 	 0
1788204459802 	 12 	 200 	 1079 	 0
1788204459863 	 26 	 200 	 1080 	 0
1788204459897 	 12 	 200 	 1081 	 0
1788204460000 	 31 	 200 	 1082 	 0
1788204460133 	 14 	 200 	 1083 	 0
1788204460177 	 33 	 200 	 1084 	 0
1788204460314 	 29 	 200 	 1086 	 1
1788204460316 	 35 	 200 	 1086 	 0
1788204460362 	 17 	 200 	 1087 	 0
1788204460479 	 21 	 200 	 1088 	 0
1788204460506 	 13 	 200 	 1090 	 1
1788204460510 	 16 	 200 	 1091 	 1
1788204460522 	 12 	 200 	 1091 	 0
1788204460553 	 13 	 200 	 1092 	 0
1788204460603 	 43 	 200 	 1095 	 2
1788204460634 	 30 	 200 	 1096 	 2
1788204460638 	 27 	 200 	 1096 	 1
1788204460652 	 20 	 200 	 1097 	 1
1788204460671 	 14 	 200 	 1097 	 0
1788204460892 	 30 	 200 	 1099 	 1
1788204460921 	 22 	 200 	 1099 	 0
1788204460966 	 14 	 200 	 1101 	 1
1788204460964 	 16 	 200 	 1101 	 0
1788204460994 	 15 	 200 	 1102 	 0
1788204461054 	 29 	 200 	 1103 	 0
1788204461187 	 30 	 200 	 1107 	 3
1788204461176 	 48 	 200 	 1107 	 2
1788204461209 	 16 	 200 	 1107 	 1
1788204461208 	 19 	 200 	 1107 	 0
1788204461267 	 16 	 200 	 1108 	 0
1788204461333 	 26 	 200 	 1109 	 0
1788204461377 	 19 	 200 	 1110 	 0
1788204461460 	 18 	 200 	 1112 	 1
1788204461474 	 17 	 200 	 1113 	 1
1788204461486 	 15 	 200 	 1114 	 1
1788204461493 	 32 	 200 	 1115 	 1
1788204461524 	 16 	 200 	 1117 	 2
1788204461532 	 16 	 200 	 1117 	 1
1788204461539 	 18 	 200 	 1119 	 2
1788204461549 	 16 	 200 	 1119 	 1
1788204461559 	 15 	 200 	 1120 	 1
1788204461569 	 16 	 200 	 1120 	 0
1788204461605 	 13 	 200 	 1121 	 0
1788204461772 	 32 	 200 	 1122 	 0
1788204461809 	 12 	 200 	 1123 	 0
1788204461832 	 14 	 200 	 1124 	 0
1788204461854 	 20 	 200 	 1125 	 0
1788204461880 	 12 	 200 	 1126 	 0
1788204461920 	 13 	 200 	 1127 	 0
1788204461941 	 11 	 200 	 1128 	 0
1788204461966 	 12 	 200 	 1129 	 0
1788204462057 	 42 	 200 	 1130 	 0
1788204462134 	 13 	 200 	 1133 	 2
1788204462121 	 28 	 200 	 1133 	 1
1788204462130 	 23 	 200 	 1133 	 0
1788204462229 	 24 	 200 	 1134 	 0
1788204462271 	 31 	 200 	 1135 	 0
1788204462323 	 36 	 200 	 1137 	 1
1788204462349 	 29 	 200 	 1137 	 0
1788204462391 	 30 	 200 	 1138 	 0
1788204462461 	 35 	 200 	 1140 	 1
1788204462473 	 33 	 200 	 1140 	 0
1788204462582 	 29 	 200 	 1142 	 1
1788204462579 	 42 	 200 	 1142 	 1
1788204462623 	 13 	 200 	 1143 	 0
1788204462651 	 13 	 200 	 1144 	 0
1788204462736 	 39 	 200 	 1145 	 0
1788204462782 	 14 	 200 	 1148 	 2
1788204462792 	 13 	 200 	 1148 	 1
1788204462795 	 22 	 200 	 1148 	 0
1788204462843 	 14 	 200 	 1149 	 0
1788204462862 	 13 	 200 	 1152 	 2
1788204462868 	 12 	 200 	 1152 	 1
1788204462873 	 17 	 200 	 1152 	 0
1788204462941 	 30 	 200 	 1153 	 0
1788204463108 	 29 	 200 	 1156 	 2
1788204463132 	 18 	 200 	 1156 	 1
1788204463195 	 12 	 200 	 1157 	 1
1788204463215 	 27 	 200 	 1158 	 1
1788204463291 	 14 	 200 	 1159 	 1
1788204463421 	 22 	 200 	 1161 	 2
1788204463436 	 72 	 200 	 1162 	 2
1788204463497 	 12 	 200 	 1162 	 1
1788204463098 	 413 	 200 	 1162 	 0
1788204463587 	 36 	 200 	 1164 	 1
1788204463608 	 24 	 200 	 1164 	 0
1788204463636 	 13 	 200 	 1165 	 0
1788204463677 	 14 	 200 	 1166 	 0
1788204463734 	 35 	 200 	 1167 	 0
1788204463784 	 36 	 200 	 1169 	 1
1788204463803 	 30 	 200 	 1169 	 0
1788204463886 	 32 	 200 	 1170 	 0
1788204463955 	 20 	 200 	 1171 	 0
1788204464015 	 31 	 200 	 1173 	 1
1788204464031 	 37 	 200 	 1173 	 0
1788204464185 	 91 	 200 	 1175 	 1
1788204464271 	 12 	 200 	 1175 	 0
1788204464302 	 30 	 200 	 1176 	 0
1788204464458 	 26 	 200 	 1178 	 1
1788204464477 	 16 	 200 	 1178 	 0
1788204464526 	 17 	 200 	 1179 	 0
1788204464598 	 25 	 200 	 1181 	 1
1788204464593 	 31 	 200 	 1181 	 0
1788204464657 	 37 	 200 	 1183 	 1
1788204464677 	 19 	 200 	 1183 	 0
1788204464715 	 31 	 200 	 1185 	 1
1788204464735 	 27 	 200 	 1185 	 0
1788204464821 	 35 	 200 	 1186 	 0
1788204464949 	 27 	 200 	 1188 	 1
1788204464959 	 20 	 200 	 1188 	 0
1788204465068 	 16 	 200 	 1190 	 1
1788204465075 	 15 	 200 	 1190 	 0
1788204465093 	 12 	 200 	 1192 	 1
1788204465093 	 34 	 200 	 1192 	 0
1788204465129 	 12 	 200 	 1193 	 0
1788204465201 	 13 	 200 	 1194 	 0
1788204465221 	 15 	 200 	 1195 	 0
1788204465289 	 19 	 200 	 1198 	 2
1788204465263 	 63 	 200 	 1198 	 1
1788204465346 	 13 	 200 	 1200 	 2
1788204465363 	 36 	 200 	 1201 	 2
1788204465336 	 80 	 200 	 1202 	 2
1788204465414 	 29 	 200 	 1203 	 2
1788204465420 	 36 	 200 	 1203 	 1
1788204465594 	 13 	 200 	 1204 	 1
1788204465613 	 14 	 200 	 1205 	 1
1788204465643 	 14 	 200 	 1207 	 2
1788204465649 	 14 	 200 	 1207 	 1
1788204465244 	 432 	 200 	 1207 	 0
1788204465819 	 34 	 200 	 1209 	 1
1788204465849 	 29 	 200 	 1210 	 1
1788204465862 	 20 	 200 	 1210 	 0
1788204465887 	 14 	 200 	 1211 	 0
1788204465951 	 25 	 200 	 1213 	 1
1788204465976 	 12 	 200 	 1213 	 0
1788204466037 	 32 	 200 	 1215 	 1
1788204466041 	 31 	 200 	 1215 	 0
1788204466096 	 20 	 200 	 1216 	 0
1788204466133 	 11 	 200 	 1217 	 0
1788204466146 	 22 	 200 	 1219 	 1
1788204466164 	 14 	 200 	 1219 	 0
1788204466204 	 12 	 200 	 1220 	 0
1788204466291 	 19 	 200 	 1223 	 2
1788204466305 	 15 	 200 	 1223 	 1
1788204466308 	 12 	 200 	 1223 	 0
1788204466336 	 11 	 200 	 1224 	 0
1788204466455 	 32 	 200 	 1225 	 0
1788204466528 	 16 	 200 	 1227 	 1
1788204466538 	 22 	 200 	 1228 	 1
1788204466556 	 12 	 200 	 1228 	 0
1788204466627 	 28 	 200 	 1230 	 1
1788204466621 	 36 	 200 	 1230 	 0
1788204466711 	 13 	 200 	 1232 	 1
1788204466710 	 14 	 200 	 1232 	 0
1788204466743 	 16 	 200 	 1233 	 0
1788204466795 	 21 	 200 	 1235 	 1
1788204466799 	 19 	 200 	 1235 	 0
1788204466858 	 32 	 200 	 1237 	 1
1788204466883 	 14 	 200 	 1237 	 0
1788204466916 	 12 	 200 	 1238 	 0
1788204467036 	 18 	 200 	 1239 	 0
1788204467132 	 32 	 200 	 1240 	 0
1788204467248 	 12 	 200 	 1241 	 0
1788204467274 	 15 	 200 	 1242 	 0
1788204467357 	 13 	 200 	 1243 	 0
1788204467468 	 17 	 200 	 1244 	 0
1788204467499 	 22 	 200 	 1246 	 1
1788204467519 	 15 	 200 	 1246 	 0
1788204467613 	 17 	 200 	 1247 	 0
1788204467650 	 22 	 200 	 1248 	 0
1788204467732 	 15 	 200 	 1250 	 1
1788204467760 	 14 	 200 	 1251 	 1
1788204467719 	 82 	 200 	 1252 	 1
1788204467795 	 14 	 200 	 1252 	 0
1788204467876 	 28 	 200 	 1253 	 0
1788204467912 	 35 	 200 	 1254 	 0
1788204467999 	 15 	 200 	 1256 	 1
1788204468002 	 14 	 200 	 1256 	 0
1788204468055 	 18 	 200 	 1260 	 3
1788204468058 	 17 	 200 	 1260 	 2
1788204468057 	 19 	 200 	 1260 	 1
1788204468059 	 22 	 200 	 1260 	 0
1788204468105 	 12 	 200 	 1261 	 0
1788204468154 	 28 	 200 	 1262 	 0
1788204468184 	 14 	 200 	 1263 	 0
1788204468218 	 21 	 200 	 1264 	 0
1788204468383 	 31 	 200 	 1265 	 0
1788204468494 	 24 	 200 	 1267 	 1
1788204468519 	 15 	 200 	 1267 	 0
1788204468552 	 27 	 200 	 1268 	 0
1788204468610 	 37 	 200 	 1270 	 1
1788204468638 	 34 	 200 	 1272 	 2
1788204468670 	 18 	 200 	 1272 	 1
1788204468668 	 22 	 200 	 1272 	 0
1788204468763 	 17 	 200 	 1273 	 0
1788204468907 	 42 	 200 	 1275 	 1
1788204468931 	 20 	 200 	 1275 	 0
1788204469026 	 31 	 200 	 1277 	 1
1788204469035 	 24 	 200 	 1277 	 0
1788204469118 	 17 	 200 	 1279 	 1
1788204469129 	 13 	 200 	 1279 	 0
1788204469230 	 27 	 200 	 1280 	 0
1788204469264 	 21 	 200 	 1282 	 1
1788204469287 	 16 	 200 	 1284 	 2
1788204469285 	 19 	 200 	 1284 	 1
1788204469296 	 14 	 200 	 1284 	 0
1788204469388 	 14 	 200 	 1285 	 0
1788204469504 	 29 	 200 	 1286 	 0
1788204469625 	 39 	 200 	 1287 	 0
1788204469682 	 35 	 200 	 1289 	 1
1788204469702 	 17 	 200 	 1289 	 0
1788204469762 	 22 	 200 	 1291 	 1
1788204469772 	 17 	 200 	 1291 	 0
1788204469988 	 15 	 200 	 1292 	 0
1788204470012 	 16 	 200 	 1294 	 1
1788204470018 	 12 	 200 	 1294 	 0
1788204470084 	 35 	 200 	 1295 	 0
1788204470128 	 34 	 200 	 1296 	 0
1788204470191 	 14 	 200 	 1297 	 0
1788204470232 	 18 	 200 	 1298 	 0
1788204470256 	 11 	 200 	 1299 	 0
1788204470384 	 15 	 200 	 1300 	 0
1788204470404 	 12 	 200 	 1301 	 0
1788204470432 	 23 	 200 	 1303 	 1
1788204470444 	 12 	 200 	 1303 	 0
1788204470532 	 14 	 200 	 1305 	 1
1788204470545 	 13 	 200 	 1305 	 0
1788204470650 	 30 	 200 	 1306 	 0
1788204470722 	 37 	 200 	 1309 	 2
1788204470737 	 34 	 200 	 1309 	 1
1788204470743 	 28 	 200 	 1309 	 0
1788204470809 	 37 	 200 	 1310 	 0
1788204470921 	 38 	 200 	 1311 	 0
1788204470980 	 13 	 200 	 1312 	 0
1788204471013 	 33 	 200 	 1313 	 0
1788204471063 	 21 	 200 	 1314 	 0
1788204471113 	 21 	 200 	 1317 	 2
1788204471119 	 17 	 200 	 1317 	 1
1788204471134 	 14 	 200 	 1317 	 0
1788204471194 	 18 	 200 	 1318 	 0
1788204471261 	 12 	 200 	 1319 	 0
1788204471338 	 32 	 200 	 1320 	 0
1788204471400 	 15 	 200 	 1321 	 0
1788204471429 	 12 	 200 	 1322 	 0
1788204471465 	 14 	 200 	 1323 	 0
1788204471491 	 15 	 200 	 1324 	 0
1788204471591 	 46 	 200 	 1326 	 1
1788204471598 	 41 	 200 	 1326 	 0
1788204471787 	 19 	 200 	 1327 	 0
1788204471848 	 32 	 200 	 1329 	 1
1788204471850 	 34 	 200 	 1329 	 0
1788204471930 	 13 	 200 	 1330 	 0
1788204471984 	 16 	 200 	 1331 	 0
1788204472010 	 30 	 200 	 1333 	 1
1788204472021 	 24 	 200 	 1333 	 0
1788204472165 	 37 	 200 	 1334 	 0
1788204472338 	 17 	 200 	 1336 	 1
1788204472340 	 18 	 200 	 1337 	 1
1788204472359 	 12 	 200 	 1337 	 0
1788204472440 	 35 	 200 	 1338 	 0
1788204472577 	 14 	 200 	 1339 	 0
1788204472660 	 33 	 200 	 1340 	 0
1788204472717 	 17 	 200 	 1341 	 0
1788204472786 	 33 	 200 	 1342 	 0
1788204472918 	 24 	 200 	 1343 	 0
1788204472948 	 12 	 200 	 1344 	 0
1788204473211 	 19 	 200 	 1345 	 0
1788204473235 	 23 	 200 	 1346 	 0
1788204473268 	 12 	 200 	 1347 	 0
1788204473361 	 13 	 200 	 1348 	 0
1788204473376 	 14 	 200 	 1350 	 1
1788204473378 	 15 	 200 	 1350 	 0
1788204473413 	 33 	 200 	 1351 	 0
1788204473496 	 23 	 200 	 1352 	 0
1788204473551 	 33 	 200 	 1354 	 1
1788204473557 	 27 	 200 	 1354 	 0
1788204473648 	 36 	 200 	 1355 	 0
1788204473947 	 29 	 200 	 1357 	 1
1788204473943 	 36 	 200 	 1357 	 0
1788204474022 	 37 	 200 	 1358 	 0
1788204474069 	 13 	 200 	 1359 	 0
1788204474127 	 31 	 200 	 1360 	 0
1788204474311 	 36 	 200 	 1361 	 0
1788204474443 	 21 	 200 	 1362 	 0
1788204474484 	 22 	 200 	 1365 	 2
1788204474494 	 25 	 200 	 1366 	 2
1788204474500 	 22 	 200 	 1366 	 1
1788204474514 	 14 	 200 	 1366 	 0
1788204474555 	 28 	 200 	 1368 	 1
1788204474581 	 14 	 200 	 1368 	 0
1788204474626 	 35 	 200 	 1369 	 0
1788204474677 	 38 	 200 	 1370 	 0
1788204474768 	 23 	 200 	 1372 	 1
1788204474766 	 27 	 200 	 1372 	 0
1788204474835 	 15 	 200 	 1373 	 0
1788204474863 	 13 	 200 	 1374 	 0
1788204474925 	 30 	 200 	 1375 	 0
1788204475028 	 37 	 200 	 1378 	 2
1788204475047 	 28 	 200 	 1378 	 1
1788204475054 	 23 	 200 	 1378 	 0
1788204475124 	 32 	 200 	 1379 	 0
1788204475195 	 39 	 200 	 1380 	 0
1788204475244 	 15 	 200 	 1381 	 0
1788204475266 	 14 	 200 	 1382 	 0
1788204475333 	 35 	 200 	 1384 	 1
1788204475352 	 27 	 200 	 1384 	 0
1788204475456 	 21 	 200 	 1385 	 0
1788204475539 	 36 	 200 	 1387 	 1
1788204475566 	 20 	 200 	 1387 	 0
1788204475631 	 51 	 200 	 1390 	 2
1788204475651 	 39 	 200 	 1392 	 3
1788204475668 	 25 	 200 	 1393 	 3
1788204475684 	 15 	 200 	 1393 	 2
1788204475684 	 17 	 200 	 1393 	 1
1788204475694 	 13 	 200 	 1393 	 0
1788204475857 	 13 	 200 	 1394 	 0
1788204475895 	 14 	 200 	 1396 	 1
1788204475892 	 17 	 200 	 1396 	 0
1788204475938 	 23 	 200 	 1397 	 0
1788204476007 	 22 	 200 	 1398 	 0
1788204476046 	 12 	 200 	 1399 	 0
1788204476073 	 16 	 200 	 1400 	 0
1788204476110 	 15 	 200 	 1401 	 0
1788204476127 	 15 	 200 	 1402 	 0
1788204476154 	 12 	 200 	 1404 	 1
1788204476153 	 16 	 200 	 1404 	 0
1788204476191 	 32 	 200 	 1405 	 0
1788204476250 	 13 	 200 	 1406 	 0
1788204476335 	 16 	 200 	 1408 	 1
1788204476362 	 13 	 200 	 1409 	 1
1788204476352 	 31 	 200 	 1409 	 0
1788204476405 	 20 	 200 	 1410 	 0
1788204476484 	 16 	 200 	 1411 	 0
1788204476539 	 41 	 200 	 1413 	 1
1788204476548 	 36 	 200 	 1413 	 0
1788204476639 	 31 	 200 	 1414 	 0
1788204476694 	 13 	 200 	 1415 	 0
1788204476719 	 26 	 200 	 1416 	 0
1788204476755 	 20 	 200 	 1417 	 0
1788204476830 	 36 	 200 	 1419 	 1
1788204476854 	 26 	 200 	 1419 	 0
1788204476910 	 12 	 200 	 1420 	 0
1788204476939 	 13 	 200 	 1422 	 1
1788204476939 	 14 	 200 	 1422 	 0
1788204477106 	 39 	 200 	 1424 	 1
1788204477126 	 28 	 200 	 1424 	 0
1788204477161 	 20 	 200 	 1425 	 0
1788204477223 	 34 	 200 	 1428 	 2
1788204477232 	 25 	 200 	 1428 	 1
1788204477250 	 17 	 200 	 1428 	 0
1788204477342 	 15 	 200 	 1429 	 0
1788204477367 	 12 	 200 	 1430 	 0
1788204477434 	 41 	 200 	 1432 	 1
1788204477465 	 18 	 200 	 1432 	 0
1788204477598 	 32 	 200 	 1434 	 1
1788204477614 	 25 	 200 	 1434 	 0
1788204477698 	 39 	 200 	 1435 	 0
1788204477796 	 22 	 200 	 1436 	 0
1788204477938 	 29 	 200 	 1437 	 0
1788204478100 	 35 	 200 	 1439 	 1
1788204478122 	 55 	 200 	 1439 	 0
1788204478200 	 24 	 200 	 1440 	 0
1788204478233 	 12 	 200 	 1441 	 0
1788204478287 	 31 	 200 	 1444 	 2
1788204478307 	 37 	 200 	 1445 	 2
1788204478316 	 30 	 200 	 1445 	 1
1788204478330 	 18 	 200 	 1445 	 0
1788204478350 	 18 	 200 	 1446 	 0
1788204478398 	 30 	 200 	 1447 	 0
1788204478526 	 41 	 200 	 1448 	 0
1788204478576 	 13 	 200 	 1449 	 0
1788204478620 	 16 	 200 	 1450 	 0
1788204478823 	 73 	 200 	 1451 	 0
1788204478919 	 23 	 200 	 1453 	 1
1788204478937 	 24 	 200 	 1453 	 0
1788204479026 	 37 	 200 	 1457 	 3
1788204479039 	 33 	 200 	 1457 	 2
1788204479044 	 30 	 200 	 1457 	 1
1788204479063 	 16 	 200 	 1457 	 0
1788204479145 	 19 	 200 	 1459 	 1
1788204479154 	 13 	 200 	 1459 	 0
1788204479253 	 14 	 200 	 1460 	 0
1788204479277 	 25 	 200 	 1461 	 0
1788204479378 	 34 	 200 	 1462 	 0
1788204479438 	 30 	 200 	 1463 	 0
1788204479508 	 18 	 200 	 1464 	 0
1788204479577 	 27 	 200 	 1465 	 0
1788204479637 	 32 	 200 	 1466 	 0
1788204479732 	 12 	 200 	 1467 	 0
1788204479779 	 14 	 200 	 1468 	 0
1788204479807 	 26 	 200 	 1469 	 0
1788204479887 	 13 	 200 	 1470 	 0
1788204480152 	 40 	 200 	 1471 	 0
1788204480283 	 15 	 200 	 1472 	 0
1788204480382 	 33 	 200 	 1474 	 1
1788204480406 	 33 	 200 	 1475 	 1
1788204480424 	 17 	 200 	 1475 	 0
1788204480497 	 38 	 200 	 1476 	 0
1788204480570 	 13 	 200 	 1477 	 0
1788204480671 	 31 	 200 	 1478 	 0
1788204480738 	 39 	 200 	 1480 	 1
1788204480777 	 15 	 200 	 1480 	 0
1788204480847 	 34 	 200 	 1482 	 1
1788204480863 	 24 	 200 	 1482 	 0
1788204480893 	 13 	 200 	 1483 	 0
1788204481000 	 32 	 200 	 1484 	 0
1788204481055 	 23 	 200 	 1485 	 0
1788204481188 	 15 	 200 	 1486 	 0
1788204481327 	 16 	 200 	 1489 	 2
1788204481307 	 39 	 200 	 1489 	 1
1788204481531 	 13 	 200 	 1490 	 1
1788204481227 	 363 	 200 	 1490 	 0
1788204481600 	 12 	 200 	 1491 	 0
1788204481648 	 35 	 200 	 1493 	 1
1788204481650 	 33 	 200 	 1493 	 0
1788204481751 	 36 	 200 	 1496 	 2
1788204481766 	 22 	 200 	 1496 	 1
1788204481788 	 13 	 200 	 1496 	 0
1788204481813 	 14 	 200 	 1499 	 2
1788204481820 	 13 	 200 	 1499 	 1
1788204481824 	 19 	 200 	 1499 	 0
1788204481857 	 13 	 200 	 1500 	 0
1788204481905 	 15 	 200 	 1501 	 0
1788204482019 	 18 	 200 	 1503 	 1
1788204482040 	 11 	 200 	 1504 	 1
1788204481996 	 62 	 200 	 1504 	 0
1788204482080 	 14 	 200 	 1505 	 0
1788204482098 	 13 	 200 	 1507 	 1
1788204482100 	 13 	 200 	 1507 	 0
1788204482123 	 14 	 200 	 1508 	 0
1788204482427 	 15 	 200 	 1510 	 1
1788204482439 	 19 	 200 	 1510 	 0
1788204482509 	 35 	 200 	 1513 	 2
1788204482516 	 30 	 200 	 1513 	 1
1788204482511 	 36 	 200 	 1513 	 0
1788204482639 	 32 	 200 	 1514 	 0
1788204482683 	 34 	 200 	 1515 	 0
1788204482742 	 15 	 200 	 1516 	 0
1788204482776 	 15 	 200 	 1518 	 1
1788204482787 	 21 	 200 	 1518 	 0
1788204482829 	 13 	 200 	 1520 	 1
1788204482829 	 16 	 200 	 1520 	 0
1788204482862 	 15 	 200 	 1522 	 1
1788204482866 	 16 	 200 	 1522 	 0
1788204482976 	 23 	 200 	 1523 	 0
1788204483073 	 31 	 200 	 1527 	 3
1788204483066 	 39 	 200 	 1527 	 2
1788204483089 	 26 	 200 	 1527 	 1
1788204483092 	 24 	 200 	 1527 	 0
1788204483260 	 27 	 200 	 1528 	 0
1788204483304 	 14 	 200 	 1530 	 1
1788204483307 	 14 	 200 	 1530 	 0
1788204483479 	 22 	 200 	 1531 	 0
1788204483609 	 33 	 200 	 1533 	 1
1788204483614 	 34 	 200 	 1533 	 0
1788204483668 	 18 	 200 	 1535 	 1
1788204483680 	 20 	 200 	 1535 	 0
1788204483736 	 15 	 200 	 1536 	 0
1788204483804 	 14 	 200 	 1537 	 0
1788204483958 	 27 	 200 	 1538 	 0
1788204484039 	 38 	 200 	 1539 	 0
1788204484210 	 35 	 200 	 1541 	 1
1788204484227 	 27 	 200 	 1541 	 0
1788204484363 	 23 	 200 	 1542 	 0
1788204484460 	 19 	 200 	 1543 	 0
1788204484598 	 40 	 200 	 1545 	 1
1788204484633 	 26 	 200 	 1545 	 0
1788204485119 	 41 	 200 	 1546 	 0
1788204485205 	 20 	 200 	 1547 	 0
1788204485237 	 12 	 200 	 1549 	 1
1788204485239 	 12 	 200 	 1549 	 0
1788204485305 	 15 	 200 	 1550 	 0
1788204485363 	 17 	 200 	 1551 	 0
1788204485535 	 28 	 200 	 1552 	 0
1788204485585 	 34 	 200 	 1554 	 1
1788204485614 	 24 	 200 	 1554 	 0
1788204485831 	 35 	 200 	 1555 	 0
1788204485894 	 16 	 200 	 1556 	 0
1788204485917 	 13 	 200 	 1559 	 2
1788204485922 	 18 	 200 	 1559 	 1
1788204485921 	 19 	 200 	 1559 	 0
1788204485989 	 25 	 200 	 1562 	 2
1788204486009 	 17 	 200 	 1562 	 1
1788204486010 	 16 	 200 	 1562 	 0
1788204486066 	 35 	 200 	 1564 	 1
1788204486071 	 35 	 200 	 1564 	 0
1788204486110 	 12 	 200 	 1565 	 0
1788204486163 	 31 	 200 	 1566 	 0
1788204486202 	 17 	 200 	 1569 	 2
1788204486209 	 17 	 200 	 1569 	 1
1788204486211 	 15 	 200 	 1569 	 0
1788204486316 	 13 	 200 	 1570 	 0
1788204486350 	 15 	 200 	 1571 	 0
1788204486387 	 32 	 200 	 1572 	 0
1788204486433 	 14 	 200 	 1575 	 2
1788204486423 	 24 	 200 	 1575 	 1
1788204486431 	 17 	 200 	 1575 	 0
1788204486552 	 32 	 200 	 1576 	 0
1788204486590 	 15 	 200 	 1578 	 1
1788204486605 	 14 	 200 	 1578 	 0
1788204486731 	 41 	 200 	 1579 	 0
1788204486811 	 30 	 200 	 1580 	 0
1788204486904 	 16 	 200 	 1581 	 0
1788204486926 	 19 	 200 	 1583 	 1
1788204486935 	 15 	 200 	 1583 	 0
1788204487024 	 22 	 200 	 1584 	 0
1788204487124 	 37 	 200 	 1585 	 0
1788204487417 	 30 	 200 	 1586 	 0
1788204487574 	 20 	 200 	 1589 	 2
1788204487587 	 24 	 200 	 1590 	 2
1788204487585 	 28 	 200 	 1590 	 1
1788204487602 	 14 	 200 	 1590 	 0
1788204487680 	 26 	 200 	 1592 	 1
1788204487672 	 44 	 200 	 1592 	 0
1788204487751 	 13 	 200 	 1593 	 0
1788204487826 	 15 	 200 	 1594 	 0
1788204487866 	 13 	 200 	 1595 	 0
1788204488097 	 30 	 200 	 1596 	 0
1788204488193 	 32 	 200 	 1597 	 0
1788204488305 	 27 	 200 	 1599 	 1
1788204488327 	 17 	 200 	 1600 	 1
1788204488336 	 26 	 200 	 1600 	 0
1788204488385 	 33 	 200 	 1602 	 1
1788204488407 	 34 	 200 	 1602 	 0
1788204488480 	 14 	 200 	 1603 	 0
1788204488502 	 16 	 200 	 1604 	 0
1788204488570 	 16 	 200 	 1605 	 0
1788204488683 	 27 	 200 	 1608 	 2
1788204488677 	 39 	 200 	 1608 	 1
1788204488679 	 38 	 200 	 1608 	 0
1788204488722 	 18 	 200 	 1610 	 1
1788204488737 	 28 	 200 	 1610 	 0
1788204488907 	 23 	 200 	 1611 	 0
1788204488948 	 19 	 200 	 1612 	 0
1788204488972 	 14 	 200 	 1613 	 0
1788204489071 	 15 	 200 	 1614 	 0
1788204489150 	 28 	 200 	 1616 	 1
1788204489147 	 34 	 200 	 1616 	 0
1788204489203 	 14 	 200 	 1618 	 1
1788204489207 	 13 	 200 	 1618 	 0
1788204489269 	 14 	 200 	 1619 	 0
1788204489347 	 32 	 200 	 1621 	 1
1788204489379 	 16 	 200 	 1622 	 1
1788204489392 	 17 	 200 	 1622 	 0
1788204489506 	 39 	 200 	 1624 	 1
1788204489508 	 39 	 200 	 1624 	 0
1788204489645 	 23 	 200 	 1626 	 1
1788204489656 	 16 	 200 	 1626 	 0
1788204489678 	 14 	 200 	 1627 	 0
1788204489734 	 27 	 200 	 1629 	 1
1788204489763 	 17 	 200 	 1629 	 0
1788204489805 	 23 	 200 	 1632 	 2
1788204489813 	 17 	 200 	 1632 	 1
1788204489819 	 18 	 200 	 1632 	 0
1788204489916 	 19 	 200 	 1634 	 1
1788204489932 	 15 	 200 	 1634 	 0
1788204489985 	 39 	 200 	 1635 	 0
1788204490026 	 16 	 200 	 1636 	 0
1788204490070 	 31 	 200 	 1638 	 1
1788204490090 	 20 	 200 	 1638 	 0
1788204490154 	 36 	 200 	 1639 	 0
1788204490308 	 17 	 200 	 1640 	 0
1788204490351 	 11 	 200 	 1642 	 1
1788204490347 	 20 	 200 	 1642 	 0
1788204490431 	 34 	 200 	 1643 	 0
1788204490478 	 46 	 200 	 1644 	 0
1788204490531 	 15 	 200 	 1645 	 0
1788204490599 	 13 	 200 	 1646 	 0
1788204490655 	 14 	 200 	 1647 	 0
1788204490721 	 24 	 200 	 1648 	 0
1788204490773 	 32 	 200 	 1649 	 0
1788204490810 	 29 	 200 	 1650 	 0
1788204490845 	 30 	 200 	 1654 	 3
1788204490846 	 32 	 200 	 1654 	 2
1788204490864 	 21 	 200 	 1654 	 1
1788204490875 	 19 	 200 	 1655 	 1
1788204490898 	 12 	 200 	 1657 	 2
1788204490894 	 18 	 200 	 1657 	 1
1788204490909 	 12 	 200 	 1657 	 0
1788204491050 	 42 	 200 	 1658 	 0
1788204491297 	 25 	 200 	 1659 	 0
1788204491333 	 12 	 200 	 1660 	 0
1788204491403 	 20 	 200 	 1663 	 2
1788204491392 	 35 	 200 	 1663 	 1
1788204491394 	 33 	 200 	 1663 	 0
1788204491577 	 17 	 200 	 1664 	 0
1788204491634 	 13 	 200 	 1665 	 0
1788204491653 	 17 	 200 	 1668 	 2
1788204491662 	 13 	 200 	 1668 	 1
1788204491660 	 16 	 200 	 1668 	 0
1788204491765 	 25 	 200 	 1671 	 2
1788204491752 	 39 	 200 	 1671 	 1
1788204491770 	 23 	 200 	 1671 	 0
1788204491824 	 17 	 200 	 1673 	 1
1788204491829 	 16 	 200 	 1673 	 0
1788204491902 	 25 	 200 	 1674 	 0
1788204491947 	 18 	 200 	 1675 	 0
1788204491993 	 17 	 200 	 1677 	 1
1788204492000 	 13 	 200 	 1677 	 0
1788204492043 	 43 	 200 	 1678 	 0
1788204492143 	 13 	 200 	 1679 	 0
1788204492265 	 32 	 200 	 1680 	 0
1788204492337 	 20 	 200 	 1683 	 2
1788204492343 	 17 	 200 	 1683 	 1
1788204492353 	 14 	 200 	 1683 	 0
1788204492406 	 36 	 200 	 1684 	 0
1788204492513 	 38 	 200 	 1685 	 0
1788204492589 	 15 	 200 	 1687 	 1
1788204492597 	 14 	 200 	 1688 	 1
1788204492606 	 14 	 200 	 1688 	 0
1788204492637 	 32 	 200 	 1690 	 1
1788204492641 	 37 	 200 	 1692 	 2
1788204492675 	 13 	 200 	 1692 	 1
1788204492679 	 16 	 200 	 1692 	 0
1788204492711 	 34 	 200 	 1693 	 0
1788204492764 	 33 	 200 	 1697 	 3
1788204492777 	 24 	 200 	 1697 	 2
1788204492779 	 26 	 200 	 1697 	 1
1788204492787 	 19 	 200 	 1697 	 0
1788204492909 	 24 	 200 	 1698 	 0
1788204493080 	 38 	 200 	 1699 	 0
1788204493159 	 32 	 200 	 1701 	 1
1788204493185 	 15 	 200 	 1701 	 0
1788204493209 	 12 	 200 	 1702 	 0
1788204493224 	 13 	 200 	 1703 	 0
1788204493244 	 18 	 200 	 1704 	 0
1788204493327 	 36 	 200 	 1706 	 1
1788204493344 	 32 	 200 	 1706 	 0
1788204493381 	 12 	 200 	 1707 	 0
1788204493418 	 35 	 200 	 1709 	 1
1788204493437 	 26 	 200 	 1710 	 1
1788204493457 	 25 	 200 	 1711 	 1
1788204493475 	 14 	 200 	 1711 	 0
1788204493547 	 32 	 200 	 1714 	 2
1788204493553 	 28 	 200 	 1714 	 1
1788204493568 	 19 	 200 	 1714 	 0
1788204493611 	 15 	 200 	 1715 	 0
1788204493650 	 18 	 200 	 1716 	 0
1788204493678 	 26 	 200 	 1719 	 2
1788204493687 	 23 	 200 	 1719 	 1
1788204493693 	 22 	 200 	 1719 	 0
1788204493758 	 32 	 200 	 1722 	 2
1788204493766 	 26 	 200 	 1722 	 1
1788204493773 	 49 	 200 	 1722 	 0
1788204493881 	 49 	 200 	 1724 	 1
1788204493927 	 14 	 200 	 1724 	 0
1788204493947 	 12 	 200 	 1726 	 1
1788204493950 	 11 	 200 	 1726 	 0
1788204493982 	 15 	 200 	 1727 	 0
1788204494064 	 39 	 200 	 1728 	 0
1788204494146 	 34 	 200 	 1729 	 0
1788204494206 	 22 	 200 	 1730 	 0
1788204494252 	 13 	 200 	 1731 	 0
1788204494322 	 15 	 200 	 1732 	 0
1788204494545 	 50 	 200 	 1734 	 1
1788204494560 	 36 	 200 	 1734 	 0
1788204494629 	 14 	 200 	 1736 	 1
1788204494639 	 41 	 200 	 1737 	 1
1788204494674 	 15 	 200 	 1737 	 0
1788204494754 	 34 	 200 	 1738 	 0
1788204494860 	 28 	 200 	 1739 	 0
1788204494906 	 14 	 200 	 1741 	 1
1788204494910 	 14 	 200 	 1741 	 0
1788204494933 	 12 	 200 	 1742 	 0
1788204495023 	 17 	 200 	 1745 	 2
1788204495024 	 23 	 200 	 1745 	 1
1788204495037 	 15 	 200 	 1745 	 0
1788204495064 	 13 	 200 	 1746 	 0
1788204495109 	 35 	 200 	 1748 	 1
1788204495119 	 28 	 200 	 1748 	 0
1788204495156 	 16 	 200 	 1749 	 0
1788204495213 	 32 	 200 	 1750 	 0
1788204495264 	 20 	 200 	 1751 	 0
1788204495320 	 14 	 200 	 1752 	 0
1788204495349 	 12 	 200 	 1753 	 0
1788204495366 	 16 	 200 	 1755 	 1
1788204495378 	 22 	 200 	 1755 	 0
1788204495401 	 15 	 200 	 1756 	 0
1788204495446 	 26 	 200 	 1757 	 0
1788204495523 	 39 	 200 	 1758 	 0
1788204495602 	 35 	 200 	 1759 	 0
1788204495722 	 31 	 200 	 1761 	 1
1788204495751 	 34 	 200 	 1761 	 0
1788204495904 	 21 	 200 	 1762 	 0
1788204496055 	 36 	 200 	 1764 	 1
1788204496071 	 25 	 200 	 1764 	 0
1788204496174 	 18 	 200 	 1766 	 1
1788204496178 	 20 	 200 	 1766 	 0
1788204496224 	 18 	 200 	 1767 	 0
1788204496246 	 13 	 200 	 1768 	 1
1788204496260 	 13 	 200 	 1769 	 0
1788204496299 	 32 	 200 	 1770 	 0
1788204496351 	 14 	 200 	 1772 	 1
1788204496355 	 13 	 200 	 1772 	 0
1788204496395 	 14 	 200 	 1773 	 0
1788204496467 	 22 	 200 	 1775 	 1
1788204496472 	 20 	 200 	 1775 	 0
1788204496641 	 20 	 200 	 1777 	 1
1788204496651 	 14 	 200 	 1777 	 0
1788204496803 	 13 	 200 	 1779 	 1
1788204496816 	 12 	 200 	 1779 	 0
1788204496840 	 14 	 200 	 1780 	 0
1788204497004 	 21 	 200 	 1781 	 0
1788204497098 	 35 	 200 	 1784 	 2
1788204497118 	 17 	 200 	 1784 	 1
1788204497114 	 21 	 200 	 1784 	 0
1788204497145 	 17 	 200 	 1786 	 1
1788204497155 	 12 	 200 	 1787 	 1
1788204497164 	 18 	 200 	 1787 	 0
1788204497411 	 31 	 200 	 1788 	 0
1788204497479 	 12 	 200 	 1789 	 0
1788204497558 	 29 	 200 	 1791 	 1
1788204497561 	 46 	 200 	 1791 	 0
1788204497639 	 31 	 200 	 1793 	 1
1788204497646 	 32 	 200 	 1793 	 0
1788204497742 	 43 	 200 	 1795 	 1
1788204497783 	 26 	 200 	 1795 	 0
1788204497814 	 16 	 200 	 1797 	 1
1788204497823 	 14 	 200 	 1797 	 0
1788204497841 	 13 	 200 	 1799 	 1
1788204497850 	 14 	 200 	 1799 	 0
1788204497894 	 33 	 200 	 1800 	 0
1788204497965 	 17 	 200 	 1801 	 0
1788204498003 	 27 	 200 	 1803 	 1
1788204498034 	 39 	 200 	 1805 	 2
1788204498048 	 30 	 200 	 1805 	 1
1788204498029 	 49 	 200 	 1805 	 0
1788204498166 	 31 	 200 	 1807 	 1
1788204498176 	 23 	 200 	 1807 	 0
1788204498244 	 23 	 200 	 1808 	 0
1788204498274 	 12 	 200 	 1809 	 0
1788204498287 	 13 	 200 	 1810 	 0
1788204498446 	 28 	 200 	 1811 	 0
1788204498613 	 34 	 200 	 1812 	 0
1788204498671 	 18 	 200 	 1816 	 3
1788204498675 	 19 	 200 	 1816 	 2
1788204498685 	 17 	 200 	 1816 	 1
1788204498690 	 14 	 200 	 1816 	 0
1788204498748 	 15 	 200 	 1818 	 1
1788204498754 	 14 	 200 	 1818 	 0
1788204498782 	 19 	 200 	 1819 	 0
1788204498825 	 17 	 200 	 1820 	 0
1788204498949 	 34 	 200 	 1821 	 0
1788204499001 	 17 	 200 	 1822 	 0
1788204499073 	 15 	 200 	 1823 	 0
1788204499161 	 40 	 200 	 1825 	 1
1788204499177 	 30 	 200 	 1825 	 0
1788204499311 	 16 	 200 	 1826 	 0
1788204499381 	 13 	 200 	 1827 	 0
1788204499487 	 34 	 200 	 1828 	 0
1788204499582 	 14 	 200 	 1830 	 1
1788204499584 	 14 	 200 	 1830 	 0
1788204499675 	 17 	 200 	 1831 	 0
1788204499697 	 12 	 200 	 1832 	 0
1788204499714 	 16 	 200 	 1834 	 1
1788204499723 	 13 	 200 	 1834 	 0
1788204499770 	 16 	 200 	 1835 	 0
1788204499833 	 18 	 200 	 1836 	 0
1788204499910 	 18 	 200 	 1837 	 0
1788204499978 	 29 	 200 	 1838 	 0
1788204500019 	 23 	 200 	 1839 	 0
1788204500184 	 34 	 200 	 1841 	 1
1788204500205 	 63 	 200 	 1841 	 0
1788204500360 	 14 	 200 	 1842 	 0
1788204500469 	 37 	 200 	 1845 	 2
1788204500491 	 27 	 200 	 1845 	 1
1788204500498 	 20 	 200 	 1845 	 0
1788204500563 	 32 	 200 	 1847 	 1
1788204500576 	 22 	 200 	 1847 	 0
1788204500626 	 34 	 200 	 1848 	 0
1788204500702 	 21 	 200 	 1849 	 0
1788204500731 	 21 	 200 	 1851 	 1
1788204500751 	 12 	 200 	 1851 	 0
1788204500829 	 31 	 200 	 1852 	 0
1788204500904 	 31 	 200 	 1853 	 0
1788204500960 	 36 	 200 	 1854 	 0
1788204501148 	 35 	 200 	 1856 	 1
1788204501157 	 28 	 200 	 1856 	 0
1788204501195 	 13 	 200 	 1857 	 0
1788204501324 	 15 	 200 	 1858 	 0
1788204501390 	 16 	 200 	 1860 	 1
1788204501406 	 14 	 200 	 1861 	 1
1788204501409 	 12 	 200 	 1861 	 0
1788204501490 	 18 	 200 	 1863 	 1
1788204501499 	 14 	 200 	 1863 	 0
1788204501651 	 35 	 200 	 1864 	 0
1788204501749 	 13 	 200 	 1865 	 0
1788204501788 	 37 	 200 	 1866 	 0
1788204501831 	 20 	 200 	 1867 	 1
1788204501853 	 14 	 200 	 1869 	 1
1788204501863 	 12 	 200 	 1869 	 0
1788204501898 	 12 	 200 	 1870 	 0
1788204501939 	 27 	 200 	 1872 	 1
1788204501941 	 29 	 200 	 1872 	 0
1788204502041 	 30 	 200 	 1873 	 0
1788204502132 	 23 	 200 	 1874 	 0
1788204502166 	 24 	 200 	 1876 	 1
1788204502179 	 16 	 200 	 1876 	 0
1788204502243 	 12 	 200 	 1877 	 0
1788204502344 	 17 	 200 	 1881 	 3
1788204502352 	 15 	 200 	 1881 	 2
1788204502357 	 14 	 200 	 1882 	 2
1788204502355 	 19 	 200 	 1882 	 1
1788204502370 	 14 	 200 	 1882 	 0
1788204502422 	 14 	 200 	 1883 	 0
1788204502454 	 14 	 200 	 1884 	 0
1788204502588 	 19 	 200 	 1886 	 1
1788204502599 	 13 	 200 	 1886 	 0
1788204502661 	 30 	 200 	 1887 	 0
1788204502711 	 31 	 200 	 1889 	 1
1788204502718 	 30 	 200 	 1889 	 0
1788204502793 	 15 	 200 	 1890 	 0
1788204502820 	 12 	 200 	 1891 	 0
1788204502904 	 38 	 200 	 1894 	 2
1788204502909 	 33 	 200 	 1894 	 1
1788204502932 	 16 	 200 	 1894 	 0
1788204502956 	 13 	 200 	 1895 	 0
1788204502985 	 17 	 200 	 1896 	 0
1788204503015 	 13 	 200 	 1898 	 1
1788204503012 	 19 	 200 	 1898 	 0
1788204503175 	 22 	 200 	 1900 	 1
1788204503193 	 12 	 200 	 1900 	 0
1788204503214 	 13 	 200 	 1901 	 0
1788204503387 	 20 	 200 	 1902 	 0
1788204503565 	 35 	 200 	 1905 	 2
1788204503580 	 70 	 200 	 1905 	 1
1788204503659 	 99 	 200 	 1906 	 1
1788204503790 	 14 	 200 	 1907 	 1
1788204503815 	 12 	 200 	 1909 	 2
1788204503827 	 16 	 200 	 1909 	 1
1788204503486 	 375 	 200 	 1911 	 2
1788204503851 	 14 	 200 	 1911 	 1
1788204503857 	 18 	 200 	 1912 	 1
1788204503868 	 31 	 200 	 1912 	 0
1788204503914 	 14 	 200 	 1914 	 1
1788204503922 	 15 	 200 	 1914 	 0
1788204503944 	 14 	 200 	 1915 	 0
1788204504045 	 18 	 200 	 1917 	 1
1788204504056 	 12 	 200 	 1917 	 0
1788204504076 	 12 	 200 	 1920 	 2
1788204504081 	 15 	 200 	 1920 	 1
1788204504087 	 25 	 200 	 1920 	 0
1788204504130 	 32 	 200 	 1921 	 0
1788204504191 	 13 	 200 	 1923 	 1
1788204504195 	 13 	 200 	 1923 	 0
1788204504323 	 30 	 200 	 1924 	 0
1788204504381 	 40 	 200 	 1926 	 1
1788204504390 	 34 	 200 	 1926 	 0
1788204504549 	 36 	 200 	 1927 	 0
1788204504647 	 37 	 200 	 1930 	 2
1788204504656 	 29 	 200 	 1930 	 1
1788204504670 	 20 	 200 	 1930 	 0
1788204504710 	 14 	 200 	 1931 	 0
1788204504788 	 14 	 200 	 1933 	 1
1788204504798 	 13 	 200 	 1933 	 0
1788204504846 	 31 	 200 	 1935 	 1
1788204504876 	 30 	 200 	 1935 	 0
1788204505029 	 43 	 200 	 1939 	 3
1788204505047 	 26 	 200 	 1939 	 2
1788204505041 	 35 	 200 	 1939 	 1
1788204505068 	 17 	 200 	 1939 	 0
1788204505091 	 14 	 200 	 1941 	 1
1788204505097 	 17 	 200 	 1941 	 0
1788204505148 	 22 	 200 	 1942 	 0
1788204505237 	 26 	 200 	 1943 	 0
1788204505332 	 13 	 200 	 1944 	 0
1788204505379 	 15 	 200 	 1945 	 0
1788204505413 	 14 	 200 	 1946 	 0
1788204505477 	 31 	 200 	 1948 	 1
1788204505497 	 32 	 200 	 1948 	 0
1788204505566 	 22 	 200 	 1949 	 0
1788204505900 	 32 	 200 	 1950 	 0
1788204505952 	 15 	 200 	 1951 	 0
1788204506033 	 28 	 200 	 1952 	 0
1788204506189 	 13 	 200 	 1953 	 0
1788204506231 	 16 	 200 	 1954 	 0
1788204506284 	 15 	 200 	 1955 	 0
1788204506378 	 15 	 200 	 1956 	 0
1788204506404 	 28 	 200 	 1957 	 0
1788204506507 	 22 	 200 	 1959 	 1
1788204506525 	 15 	 200 	 1959 	 0
1788204506604 	 23 	 200 	 1960 	 0
1788204506640 	 33 	 200 	 1961 	 0
1788204506678 	 26 	 200 	 1962 	 0
1788204506821 	 25 	 200 	 1964 	 1
1788204506834 	 16 	 200 	 1964 	 0
1788204506887 	 34 	 200 	 1967 	 2
1788204506890 	 32 	 200 	 1967 	 1
1788204506917 	 26 	 200 	 1967 	 0
1788204506947 	 25 	 200 	 1968 	 0
1788204506994 	 14 	 200 	 1969 	 0
1788204507059 	 30 	 200 	 1972 	 2
1788204507068 	 30 	 200 	 1972 	 1
1788204507085 	 19 	 200 	 1972 	 0
1788204507241 	 13 	 200 	 1973 	 0
1788204507276 	 13 	 200 	 1974 	 0
1788204507298 	 13 	 200 	 1975 	 0
1788204507382 	 14 	 200 	 1976 	 0
1788204507593 	 16 	 200 	 1977 	 0
1788204507653 	 18 	 200 	 1978 	 0
1788204507719 	 30 	 200 	 1979 	 0
1788204507755 	 21 	 200 	 1981 	 1
1788204507771 	 19 	 200 	 1981 	 0
1788204507799 	 18 	 200 	 1982 	 0
1788204507857 	 17 	 200 	 1983 	 0
1788204507921 	 19 	 200 	 1984 	 0
1788204508078 	 13 	 200 	 1987 	 2
1788204508080 	 14 	 200 	 1987 	 1
1788204508080 	 16 	 200 	 1987 	 0
1788204508293 	 14 	 200 	 1988 	 0
1788204508342 	 13 	 200 	 1989 	 0
1788204508363 	 12 	 200 	 1990 	 0
1788204508420 	 32 	 200 	 1994 	 3
1788204508422 	 31 	 200 	 1994 	 2
1788204508431 	 25 	 200 	 1994 	 1
1788204508453 	 13 	 200 	 1994 	 0
1788204508561 	 20 	 200 	 1995 	 0
1788204508603 	 15 	 200 	 1997 	 1
1788204508613 	 16 	 200 	 1998 	 1
1788204508619 	 12 	 200 	 1998 	 0
1788204508679 	 39 	 200 	 2000 	 1
1788204508701 	 35 	 200 	 2000 	 0
1788204508755 	 22 	 200 	 2001 	 0
1788204508824 	 15 	 200 	 2003 	 1
1788204508832 	 13 	 200 	 2003 	 0
1788204508852 	 12 	 200 	 2005 	 1
1788204508856 	 14 	 200 	 2005 	 0
1788204508935 	 32 	 200 	 2006 	 0
1788204508987 	 28 	 200 	 2007 	 0
1788204509082 	 15 	 200 	 2008 	 0
1788204509253 	 39 	 200 	 2009 	 0
1788204509330 	 23 	 200 	 2010 	 0
1788204509364 	 23 	 200 	 2011 	 0
1788204509415 	 16 	 200 	 2013 	 1
1788204509432 	 12 	 200 	 2013 	 0
1788204509584 	 34 	 200 	 2014 	 0
1788204509719 	 13 	 200 	 2015 	 0
1788204509749 	 13 	 200 	 2016 	 0
1788204509773 	 17 	 200 	 2017 	 0
1788204509823 	 33 	 200 	 2018 	 0
1788204509917 	 17 	 200 	 2020 	 1
1788204509928 	 15 	 200 	 2020 	 0
1788204509984 	 14 	 200 	 2021 	 0
1788204510118 	 31 	 200 	 2022 	 0
1788204510160 	 34 	 200 	 2024 	 1
1788204510192 	 25 	 200 	 2025 	 1
1788204510203 	 25 	 200 	 2025 	 0
1788204510231 	 30 	 200 	 2027 	 1
1788204510238 	 26 	 200 	 2027 	 0
1788204510280 	 31 	 200 	 2029 	 1
1788204510296 	 27 	 200 	 2029 	 0
1788204510399 	 19 	 200 	 2030 	 0
1788204510427 	 14 	 200 	 2032 	 1
1788204510434 	 16 	 200 	 2032 	 0
1788204510489 	 12 	 200 	 2034 	 1
1788204510497 	 14 	 200 	 2034 	 0
1788204510515 	 13 	 200 	 2035 	 0
1788204510532 	 13 	 200 	 2036 	 0
1788204510580 	 14 	 200 	 2037 	 0
1788204510627 	 21 	 200 	 2039 	 1
1788204510644 	 37 	 200 	 2039 	 0
1788204510749 	 30 	 200 	 2043 	 3
1788204510752 	 34 	 200 	 2044 	 3
1788204510759 	 33 	 200 	 2044 	 2
1788204510765 	 27 	 200 	 2044 	 1
1788204510781 	 17 	 200 	 2044 	 0
1788204510818 	 26 	 200 	 2045 	 0
1788204510860 	 13 	 200 	 2047 	 1
1788204510871 	 13 	 200 	 2047 	 0
1788204510896 	 13 	 200 	 2048 	 0
1788204510914 	 15 	 200 	 2050 	 1
1788204510929 	 13 	 200 	 2051 	 1
1788204510934 	 15 	 200 	 2051 	 0
1788204510984 	 14 	 200 	 2054 	 2
1788204510982 	 19 	 200 	 2054 	 1
1788204510998 	 13 	 200 	 2055 	 1
1788204511005 	 12 	 200 	 2055 	 0
1788204511077 	 23 	 200 	 2058 	 2
1788204511097 	 15 	 200 	 2058 	 1
1788204511067 	 49 	 200 	 2058 	 0
1788204511223 	 29 	 200 	 2060 	 1
1788204511225 	 31 	 200 	 2060 	 0
1788204511379 	 15 	 200 	 2062 	 1
1788204511376 	 25 	 200 	 2062 	 0
1788204511465 	 14 	 200 	 2063 	 0
1788204511499 	 13 	 200 	 2064 	 0
1788204511608 	 26 	 200 	 2065 	 0
1788204511694 	 42 	 200 	 2066 	 0
1788204511771 	 15 	 200 	 2067 	 0
1788204511937 	 15 	 200 	 2068 	 0
1788204511957 	 16 	 200 	 2069 	 0
1788204511995 	 33 	 200 	 2070 	 0
1788204512113 	 28 	 200 	 2071 	 0
1788204512148 	 11 	 200 	 2072 	 0
1788204512161 	 12 	 200 	 2073 	 0
1788204512358 	 15 	 200 	 2074 	 0
1788204512471 	 16 	 200 	 2075 	 0
1788204512515 	 15 	 200 	 2076 	 0
1788204512538 	 12 	 200 	 2077 	 0
1788204512560 	 14 	 200 	 2078 	 0
1788204512646 	 34 	 200 	 2080 	 1
1788204512658 	 29 	 200 	 2080 	 0
1788204512700 	 17 	 200 	 2084 	 3
1788204512708 	 17 	 200 	 2084 	 2
1788204512711 	 14 	 200 	 2084 	 1
1788204512729 	 12 	 200 	 2085 	 1
1788204512712 	 41 	 200 	 2085 	 0
1788204512804 	 16 	 200 	 2086 	 0
1788204512858 	 29 	 200 	 2088 	 1
1788204512862 	 24 	 200 	 2088 	 0
1788204513247 	 18 	 200 	 2090 	 1
1788204513253 	 17 	 200 	 2091 	 1
1788204513267 	 14 	 200 	 2091 	 0
1788204513292 	 14 	 200 	 2092 	 0
1788204513407 	 34 	 200 	 2093 	 0
1788204513537 	 36 	 200 	 2094 	 0
1788204513630 	 22 	 200 	 2096 	 1
1788204513619 	 33 	 200 	 2096 	 0
1788204513658 	 13 	 200 	 2097 	 0
1788204513720 	 26 	 200 	 2099 	 1
1788204513741 	 19 	 200 	 2099 	 0
1788204513816 	 19 	 200 	 2101 	 1
1788204513797 	 46 	 200 	 2101 	 0
1788204513942 	 13 	 200 	 2102 	 0
1788204514003 	 42 	 200 	 2104 	 1
1788204514041 	 14 	 200 	 2105 	 1
1788204514053 	 16 	 200 	 2105 	 0
1788204514071 	 12 	 200 	 2106 	 0
1788204514153 	 35 	 200 	 2107 	 0
1788204514199 	 32 	 200 	 2109 	 1
1788204514209 	 30 	 200 	 2109 	 0
1788204514241 	 16 	 200 	 2111 	 1
1788204514251 	 19 	 200 	 2112 	 1
1788204514260 	 14 	 200 	 2112 	 0
1788204514284 	 13 	 200 	 2113 	 0
1788204514512 	 35 	 200 	 2114 	 0
1788204514854 	 30 	 200 	 2116 	 1
1788204514868 	 22 	 200 	 2116 	 0
1788204514959 	 14 	 200 	 2117 	 0
1788204514998 	 17 	 200 	 2119 	 1
1788204515002 	 15 	 200 	 2119 	 0
1788204515043 	 28 	 200 	 2120 	 0
1788204515104 	 47 	 200 	 2121 	 0
1788204515177 	 32 	 200 	 2123 	 1
1788204515179 	 32 	 200 	 2123 	 0
1788204515233 	 14 	 200 	 2126 	 2
1788204515247 	 12 	 200 	 2126 	 1
1788204515222 	 37 	 200 	 2126 	 0
1788204515311 	 32 	 200 	 2128 	 1
1788204515313 	 33 	 200 	 2128 	 0
1788204515378 	 36 	 200 	 2129 	 0
1788204515436 	 27 	 200 	 2131 	 1
1788204515461 	 19 	 200 	 2132 	 1
1788204515476 	 13 	 200 	 2132 	 0
1788204515525 	 12 	 200 	 2134 	 1
1788204515532 	 12 	 200 	 2134 	 0
1788204515672 	 35 	 200 	 2135 	 0
1788204515743 	 29 	 200 	 2136 	 0
1788204515796 	 12 	 200 	 2137 	 0
1788204515901 	 39 	 200 	 2138 	 0
1788204515996 	 12 	 200 	 2140 	 1
1788204516004 	 13 	 200 	 2140 	 0
1788204516068 	 21 	 200 	 2141 	 0
1788204516098 	 16 	 200 	 2144 	 2
1788204516106 	 16 	 200 	 2145 	 2
1788204516112 	 18 	 200 	 2145 	 1
1788204516121 	 16 	 200 	 2145 	 0
1788204516256 	 36 	 200 	 2146 	 0
1788204516315 	 37 	 200 	 2147 	 0
1788204516415 	 27 	 200 	 2148 	 0
1788204516575 	 39 	 200 	 2150 	 1
1788204516595 	 32 	 200 	 2150 	 0
1788204516666 	 23 	 200 	 2151 	 0
1788204516735 	 13 	 200 	 2154 	 2
1788204516734 	 14 	 200 	 2154 	 1
1788204516744 	 19 	 200 	 2154 	 0
1788204516950 	 40 	 200 	 2156 	 1
1788204517006 	 33 	 200 	 2159 	 3
1788204517015 	 33 	 200 	 2159 	 2
1788204517008 	 136 	 200 	 2159 	 1
1788204516954 	 220 	 200 	 2159 	 0
1788204517177 	 13 	 200 	 2160 	 0
1788204517322 	 16 	 200 	 2161 	 0
1788204517568 	 29 	 200 	 2164 	 2
1788204517566 	 34 	 200 	 2164 	 1
1788204517585 	 25 	 200 	 2164 	 0
1788204517681 	 31 	 200 	 2166 	 1
1788204517685 	 30 	 200 	 2166 	 0
1788204517769 	 14 	 200 	 2168 	 1
1788204517769 	 14 	 200 	 2168 	 0
1788204517826 	 12 	 200 	 2169 	 0
1788204517867 	 13 	 200 	 2170 	 0
1788204517908 	 14 	 200 	 2172 	 1
1788204517920 	 31 	 200 	 2172 	 0
1788204517972 	 14 	 200 	 2173 	 0
1788204518001 	 15 	 200 	 2174 	 0
1788204518037 	 14 	 200 	 2175 	 0
1788204518072 	 14 	 200 	 2176 	 0
1788204518099 	 14 	 200 	 2178 	 1
1788204518103 	 14 	 200 	 2178 	 0
1788204518160 	 26 	 200 	 2179 	 0
1788204518328 	 17 	 200 	 2180 	 0
1788204518386 	 37 	 200 	 2183 	 2
1788204518400 	 26 	 200 	 2183 	 1
1788204518404 	 26 	 200 	 2183 	 0
1788204518433 	 14 	 200 	 2184 	 0
1788204518468 	 18 	 200 	 2185 	 0
1788204518541 	 49 	 200 	 2188 	 2
1788204518577 	 14 	 200 	 2188 	 1
1788204518589 	 15 	 200 	 2189 	 1
1788204518601 	 15 	 200 	 2189 	 0
1788204518630 	 22 	 200 	 2190 	 0
1788204518773 	 33 	 200 	 2191 	 0
1788204518835 	 14 	 200 	 2192 	 0
1788204518890 	 16 	 200 	 2193 	 0
1788204518968 	 30 	 200 	 2194 	 0
1788204519063 	 31 	 200 	 2196 	 1
1788204519084 	 17 	 200 	 2196 	 0
1788204519111 	 12 	 200 	 2197 	 0
1788204519139 	 12 	 200 	 2198 	 0
1788204519223 	 28 	 200 	 2199 	 0
1788204519386 	 39 	 200 	 2200 	 0
1788204519457 	 14 	 200 	 2201 	 0
1788204519558 	 38 	 200 	 2202 	 0
1788204519601 	 34 	 200 	 2205 	 2
1788204519615 	 30 	 200 	 2205 	 1
1788204519630 	 22 	 200 	 2205 	 0
1788204519686 	 13 	 200 	 2206 	 0
1788204519746 	 12 	 200 	 2207 	 0
1788204519791 	 21 	 200 	 2208 	 0
1788204519944 	 17 	 200 	 2209 	 0
1788204519985 	 17 	 200 	 2210 	 0
1788204520003 	 13 	 200 	 2211 	 0
1788204520058 	 16 	 200 	 2212 	 0
1788204520115 	 38 	 200 	 2215 	 2
1788204520134 	 30 	 200 	 2215 	 1
1788204520143 	 24 	 200 	 2215 	 0
1788204520171 	 12 	 200 	 2217 	 1
1788204520173 	 13 	 200 	 2217 	 0
1788204520239 	 12 	 200 	 2218 	 0
1788204520301 	 15 	 200 	 2221 	 2
1788204520297 	 23 	 200 	 2221 	 1
1788204520309 	 14 	 200 	 2221 	 0
1788204520329 	 13 	 200 	 2222 	 0
1788204520360 	 12 	 200 	 2223 	 0
1788204520394 	 23 	 200 	 2224 	 0
1788204520645 	 30 	 200 	 2225 	 0
1788204520907 	 32 	 200 	 2226 	 0
1788204520984 	 14 	 200 	 2228 	 1
1788204520988 	 13 	 200 	 2228 	 0
1788204521019 	 15 	 200 	 2229 	 0
1788204521120 	 36 	 200 	 2231 	 1
1788204521152 	 21 	 200 	 2231 	 0
1788204521199 	 29 	 200 	 2232 	 0
1788204521258 	 15 	 200 	 2235 	 2
1788204521264 	 15 	 200 	 2235 	 1
1788204521270 	 15 	 200 	 2235 	 0
1788204521311 	 12 	 200 	 2237 	 1
1788204521319 	 17 	 200 	 2237 	 0
1788204521354 	 12 	 200 	 2238 	 0
1788204521392 	 41 	 200 	 2239 	 0
1788204521450 	 13 	 200 	 2241 	 1
1788204521457 	 15 	 200 	 2241 	 0
1788204521504 	 15 	 200 	 2243 	 1
1788204521508 	 13 	 200 	 2243 	 0
1788204521542 	 22 	 200 	 2244 	 0
1788204521570 	 15 	 200 	 2245 	 0
1788204521613 	 15 	 200 	 2246 	 0
1788204521664 	 50 	 200 	 2247 	 0
1788204521783 	 13 	 200 	 2249 	 1
1788204521781 	 18 	 200 	 2249 	 0
1788204521874 	 27 	 200 	 2253 	 3
1788204521866 	 38 	 200 	 2253 	 2
1788204521878 	 26 	 200 	 2253 	 1
1788204521893 	 18 	 200 	 2254 	 1
1788204521909 	 14 	 200 	 2254 	 0
1788204521930 	 14 	 200 	 2255 	 0
1788204521961 	 12 	 200 	 2256 	 0
1788204522013 	 39 	 200 	 2257 	 0
1788204522185 	 23 	 200 	 2258 	 0
1788204522407 	 36 	 200 	 2260 	 1
1788204522405 	 39 	 200 	 2260 	 0
1788204522526 	 38 	 200 	 2261 	 0
1788204522578 	 31 	 200 	 2263 	 1
1788204522570 	 40 	 200 	 2263 	 0
1788204522614 	 12 	 200 	 2264 	 0
1788204522671 	 38 	 200 	 2265 	 0
1788204522765 	 25 	 200 	 2266 	 0
1788204522793 	 12 	 200 	 2267 	 0
1788204522854 	 15 	 200 	 2269 	 1
1788204522869 	 12 	 200 	 2269 	 0
1788204522981 	 14 	 200 	 2271 	 1
1788204522983 	 15 	 200 	 2271 	 0
1788204523013 	 13 	 200 	 2272 	 0
1788204523191 	 38 	 200 	 2273 	 0
1788204523293 	 37 	 200 	 2275 	 1
1788204523309 	 30 	 200 	 2275 	 0
1788204523350 	 45 	 200 	 2276 	 0
1788204523401 	 14 	 200 	 2277 	 0
1788204523446 	 14 	 200 	 2278 	 0
1788204523478 	 16 	 200 	 2280 	 1
1788204523481 	 16 	 200 	 2280 	 0
1788204523539 	 15 	 200 	 2281 	 0
1788204523580 	 23 	 200 	 2282 	 0
1788204523628 	 35 	 200 	 2283 	 0
1788204523680 	 33 	 200 	 2286 	 2
1788204523703 	 25 	 200 	 2286 	 1
1788204523705 	 24 	 200 	 2286 	 0
1788204523745 	 12 	 200 	 2287 	 0
1788204523864 	 33 	 200 	 2288 	 0
1788204524025 	 14 	 200 	 2291 	 2
1788204524014 	 24 	 200 	 2291 	 1
1788204524030 	 19 	 200 	 2291 	 0
1788204524114 	 40 	 200 	 2294 	 2
1788204524150 	 19 	 200 	 2294 	 1
1788204524148 	 24 	 200 	 2294 	 0
1788204524219 	 34 	 200 	 2296 	 1
1788204524221 	 33 	 200 	 2296 	 0
1788204524330 	 15 	 200 	 2297 	 0
1788204524361 	 14 	 200 	 2298 	 0
1788204524432 	 14 	 200 	 2300 	 1
1788204524430 	 18 	 200 	 2300 	 0
1788204524536 	 33 	 200 	 2301 	 0
1788204524591 	 35 	 200 	 2303 	 1
1788204524599 	 31 	 200 	 2303 	 0
1788204524648 	 29 	 200 	 2306 	 2
1788204524660 	 25 	 200 	 2306 	 1
1788204524657 	 30 	 200 	 2306 	 0
1788204524703 	 15 	 200 	 2307 	 0
1788204524720 	 12 	 200 	 2308 	 0
1788204524804 	 38 	 200 	 2311 	 2
1788204524810 	 33 	 200 	 2311 	 1
1788204524838 	 16 	 200 	 2312 	 1
1788204524849 	 13 	 200 	 2312 	 0
1788204524867 	 14 	 200 	 2313 	 0
1788204524966 	 12 	 200 	 2314 	 0
1788204525038 	 34 	 200 	 2315 	 0
1788204525091 	 13 	 200 	 2317 	 1
1788204525094 	 12 	 200 	 2317 	 0
1788204525115 	 11 	 200 	 2318 	 0
1788204525148 	 13 	 200 	 2319 	 0
1788204525197 	 31 	 200 	 2320 	 0
1788204525239 	 12 	 200 	 2321 	 0
1788204525295 	 36 	 200 	 2324 	 2
1788204525297 	 35 	 200 	 2324 	 1
1788204525317 	 24 	 200 	 2325 	 1
1788204525338 	 16 	 200 	 2325 	 0
1788204525397 	 34 	 200 	 2327 	 1
1788204525418 	 30 	 200 	 2327 	 0
1788204525467 	 27 	 200 	 2328 	 0
1788204525530 	 16 	 200 	 2330 	 1
1788204525537 	 15 	 200 	 2330 	 0
1788204525557 	 11 	 200 	 2331 	 0
1788204525577 	 12 	 200 	 2332 	 0
1788204525599 	 15 	 200 	 2334 	 1
1788204525607 	 17 	 200 	 2334 	 0
1788204525705 	 29 	 200 	 2335 	 0
1788204525739 	 17 	 200 	 2336 	 0
1788204525821 	 35 	 200 	 2337 	 0
1788204525916 	 36 	 200 	 2338 	 0
1788204525988 	 16 	 200 	 2339 	 0
1788204526021 	 39 	 200 	 2341 	 1
1788204526050 	 27 	 200 	 2341 	 0
1788204526270 	 30 	 200 	 2342 	 0
1788204526313 	 34 	 200 	 2343 	 0
1788204526359 	 12 	 200 	 2344 	 0
1788204526405 	 23 	 200 	 2346 	 1
1788204526393 	 41 	 200 	 2346 	 0
1788204526450 	 14 	 200 	 2347 	 0
1788204526533 	 36 	 200 	 2348 	 0
1788204526621 	 13 	 200 	 2349 	 0
1788204526636 	 13 	 200 	 2351 	 1
1788204526645 	 12 	 200 	 2351 	 0
1788204526671 	 15 	 200 	 2352 	 0
1788204526731 	 29 	 200 	 2354 	 1
1788204526755 	 14 	 200 	 2354 	 0
1788204526779 	 15 	 200 	 2355 	 0
1788204526811 	 13 	 200 	 2356 	 0
1788204526898 	 40 	 200 	 2357 	 0
1788204526969 	 13 	 200 	 2358 	 0
1788204527007 	 13 	 200 	 2359 	 0
1788204527040 	 36 	 200 	 2360 	 0
1788204527235 	 34 	 200 	 2363 	 2
1788204527249 	 21 	 200 	 2363 	 1
1788204527260 	 21 	 200 	 2363 	 0
1788204527288 	 14 	 200 	 2364 	 0
1788204527408 	 31 	 200 	 2366 	 1
1788204527413 	 33 	 200 	 2366 	 0
1788204527520 	 35 	 200 	 2369 	 2
1788204527535 	 22 	 200 	 2369 	 1
1788204527554 	 14 	 200 	 2370 	 1
1788204527561 	 12 	 200 	 2370 	 0
1788204527781 	 17 	 200 	 2372 	 1
1788204527781 	 18 	 200 	 2372 	 0
1788204527842 	 18 	 200 	 2373 	 0
1788204527865 	 12 	 200 	 2375 	 1
1788204527871 	 16 	 200 	 2375 	 0
1788204527899 	 16 	 200 	 2376 	 0
1788204527991 	 23 	 200 	 2377 	 0
1788204528033 	 18 	 200 	 2379 	 1
1788204528041 	 18 	 200 	 2379 	 0
1788204528091 	 17 	 200 	 2381 	 1
1788204528097 	 12 	 200 	 2381 	 0
1788204528135 	 35 	 200 	 2384 	 2
1788204528140 	 33 	 200 	 2384 	 1
1788204528166 	 14 	 200 	 2385 	 1
1788204528178 	 13 	 200 	 2385 	 0
1788204528193 	 13 	 200 	 2386 	 0
1788204528212 	 12 	 200 	 2387 	 0
1788204528287 	 13 	 200 	 2388 	 0
1788204528449 	 32 	 200 	 2390 	 1
1788204528464 	 29 	 200 	 2390 	 0
1788204528510 	 13 	 200 	 2391 	 0
1788204528557 	 29 	 200 	 2392 	 0
1788204528604 	 16 	 200 	 2393 	 0
1788204528719 	 30 	 200 	 2394 	 0
1788204528770 	 15 	 200 	 2396 	 1
1788204528781 	 13 	 200 	 2397 	 1
1788204528793 	 12 	 200 	 2397 	 0
1788204528872 	 13 	 200 	 2398 	 0
1788204528918 	 14 	 200 	 2399 	 0
1788204528997 	 15 	 200 	 2400 	 0
1788204529053 	 39 	 200 	 2401 	 0
1788204529112 	 13 	 200 	 2403 	 1
1788204529116 	 13 	 200 	 2403 	 0
1788204529190 	 13 	 200 	 2404 	 0
1788204529311 	 75 	 200 	 2405 	 0
1788204529421 	 15 	 200 	 2409 	 3
1788204529422 	 18 	 200 	 2409 	 2
1788204529435 	 16 	 200 	 2409 	 1
1788204529432 	 20 	 200 	 2409 	 0
1788204529463 	 13 	 200 	 2410 	 0
1788204529530 	 37 	 200 	 2411 	 0
1788204529598 	 16 	 200 	 2412 	 0
1788204529740 	 31 	 200 	 2414 	 1
1788204529761 	 16 	 200 	 2414 	 0
1788204529788 	 12 	 200 	 2415 	 0
1788204529805 	 14 	 200 	 2416 	 0
1788204529838 	 12 	 200 	 2417 	 0
1788204530076 	 33 	 200 	 2418 	 0
1788204530132 	 29 	 200 	 2419 	 0
1788204530205 	 30 	 200 	 2421 	 1
1788204530206 	 40 	 200 	 2421 	 0
1788204530257 	 16 	 200 	 2422 	 0
1788204530288 	 26 	 200 	 2424 	 1
1788204530296 	 21 	 200 	 2424 	 0
1788204530422 	 14 	 200 	 2425 	 0
1788204530589 	 37 	 200 	 2426 	 0
1788204530638 	 12 	 200 	 2427 	 0
1788204530670 	 23 	 200 	 2429 	 1
1788204530685 	 14 	 200 	 2429 	 0
1788204530822 	 22 	 200 	 2430 	 0
1788204530959 	 33 	 200 	 2431 	 0
1788204531032 	 37 	 200 	 2434 	 2
1788204531050 	 27 	 200 	 2434 	 1
1788204531060 	 19 	 200 	 2434 	 0
1788204531104 	 13 	 200 	 2435 	 0
1788204531277 	 20 	 200 	 2436 	 0
1788204531309 	 13 	 200 	 2438 	 1
1788204531318 	 14 	 200 	 2439 	 1
1788204531325 	 13 	 200 	 2439 	 0
1788204531385 	 15 	 200 	 2440 	 0
1788204531554 	 20 	 200 	 2441 	 0
1788204531623 	 31 	 200 	 2442 	 0
1788204531677 	 32 	 200 	 2444 	 1
1788204531686 	 28 	 200 	 2444 	 0
1788204531781 	 13 	 200 	 2447 	 2
1788204531731 	 68 	 200 	 2447 	 1
1788204531792 	 17 	 200 	 2447 	 0
1788204531812 	 14 	 200 	 2449 	 1
1788204531818 	 14 	 200 	 2449 	 0
1788204531868 	 34 	 200 	 2451 	 1
1788204531891 	 23 	 200 	 2451 	 0
1788204531959 	 41 	 200 	 2455 	 3
1788204531970 	 31 	 200 	 2455 	 2
1788204531996 	 21 	 200 	 2455 	 1
1788204531999 	 23 	 200 	 2455 	 0
1788204532053 	 30 	 200 	 2456 	 0
1788204532269 	 29 	 200 	 2458 	 1
1788204532271 	 29 	 200 	 2458 	 0
1788204532334 	 15 	 200 	 2460 	 1
1788204532322 	 27 	 200 	 2460 	 0
1788204532489 	 34 	 200 	 2461 	 0
1788204532664 	 39 	 200 	 2462 	 0
1788204532742 	 32 	 200 	 2463 	 0
1788204532791 	 30 	 200 	 2465 	 1
1788204532805 	 21 	 200 	 2465 	 0
1788204532830 	 12 	 200 	 2466 	 0
1788204532857 	 14 	 200 	 2467 	 0
1788204532942 	 13 	 200 	 2468 	 0
1788204532966 	 19 	 200 	 2469 	 0
1788204532991 	 14 	 200 	 2470 	 0
1788204533053 	 30 	 200 	 2472 	 1
1788204533080 	 16 	 200 	 2472 	 0
1788204533147 	 33 	 200 	 2473 	 0
1788204533187 	 40 	 200 	 2474 	 0
1788204533385 	 33 	 200 	 2475 	 0
1788204533423 	 33 	 200 	 2478 	 2
1788204533434 	 28 	 200 	 2478 	 1
1788204533436 	 31 	 200 	 2478 	 0
1788204533527 	 20 	 200 	 2480 	 1
1788204533528 	 20 	 200 	 2480 	 0
1788204533584 	 13 	 200 	 2481 	 0
1788204533612 	 23 	 200 	 2483 	 1
1788204533634 	 13 	 200 	 2483 	 0
1788204533668 	 18 	 200 	 2485 	 1
1788204533683 	 34 	 200 	 2485 	 0
1788204533775 	 29 	 200 	 2486 	 0
1788204533851 	 31 	 200 	 2489 	 2
1788204533864 	 27 	 200 	 2489 	 1
1788204533868 	 25 	 200 	 2489 	 0
1788204534001 	 32 	 200 	 2491 	 1
1788204534025 	 29 	 200 	 2493 	 2
1788204534037 	 22 	 200 	 2493 	 1
1788204534047 	 17 	 200 	 2493 	 0
1788204534099 	 35 	 200 	 2496 	 2
1788204534118 	 21 	 200 	 2496 	 1
1788204534178 	 18 	 200 	 2497 	 1
1788204534258 	 18 	 200 	 2498 	 1
1788204534288 	 14 	 200 	 2499 	 1
1788204534370 	 14 	 200 	 2500 	 1
1788204534422 	 21 	 200 	 2502 	 2
1788204534425 	 19 	 200 	 2502 	 1
1788204534461 	 16 	 200 	 2503 	 1
1788204534108 	 410 	 200 	 2503 	 0
1788204534523 	 23 	 200 	 2504 	 0
1788204534556 	 14 	 200 	 2505 	 0
1788204534610 	 37 	 200 	 2506 	 0
1788204534731 	 34 	 200 	 2508 	 1
1788204534745 	 32 	 200 	 2508 	 0
1788204534827 	 14 	 200 	 2509 	 0
1788204534882 	 17 	 200 	 2511 	 1
1788204534888 	 13 	 200 	 2511 	 0
1788204534940 	 18 	 200 	 2512 	 0
1788204535001 	 36 	 200 	 2514 	 1
1788204535012 	 29 	 200 	 2514 	 0
1788204535054 	 23 	 200 	 2515 	 0
1788204535142 	 14 	 200 	 2518 	 2
1788204535146 	 15 	 200 	 2519 	 2
1788204535158 	 14 	 200 	 2520 	 2
1788204535159 	 21 	 200 	 2520 	 1
1788204535162 	 20 	 200 	 2520 	 0
1788204535200 	 15 	 200 	 2521 	 0
1788204535267 	 19 	 200 	 2522 	 0
1788204535318 	 14 	 200 	 2523 	 0
1788204535449 	 21 	 200 	 2524 	 0
1788204535489 	 27 	 200 	 2526 	 1
1788204535503 	 16 	 200 	 2526 	 0
1788204535559 	 27 	 200 	 2529 	 2
1788204535552 	 35 	 200 	 2529 	 1
1788204535575 	 18 	 200 	 2529 	 0
1788204535637 	 12 	 200 	 2530 	 0
1788204535662 	 33 	 200 	 2531 	 0
1788204535742 	 32 	 200 	 2532 	 0
1788204535797 	 32 	 200 	 2533 	 0
1788204535848 	 35 	 200 	 2535 	 1
1788204535867 	 34 	 200 	 2536 	 1
1788204535899 	 31 	 200 	 2536 	 0
1788204536018 	 36 	 200 	 2538 	 1
1788204536032 	 32 	 200 	 2538 	 0
1788204536154 	 32 	 200 	 2540 	 1
1788204536169 	 26 	 200 	 2540 	 0
1788204536391 	 13 	 200 	 2541 	 0
1788204536431 	 12 	 200 	 2542 	 0
1788204536461 	 26 	 200 	 2544 	 1
1788204536482 	 13 	 200 	 2544 	 0
1788204536521 	 34 	 200 	 2546 	 1
1788204536521 	 34 	 200 	 2546 	 0
1788204536655 	 35 	 200 	 2549 	 2
1788204536667 	 24 	 200 	 2549 	 1
1788204536662 	 28 	 200 	 2549 	 0
1788204536716 	 26 	 200 	 2550 	 0
1788204536797 	 35 	 200 	 2551 	 0
1788204536839 	 16 	 200 	 2552 	 0
1788204536869 	 13 	 200 	 2553 	 0
1788204536886 	 12 	 200 	 2554 	 0
1788204536945 	 20 	 200 	 2555 	 0
1788204536968 	 15 	 200 	 2556 	 0
1788204536986 	 14 	 200 	 2558 	 1
1788204536999 	 12 	 200 	 2558 	 0
1788204537014 	 12 	 200 	 2559 	 0
1788204537033 	 12 	 200 	 2560 	 0
1788204537139 	 14 	 200 	 2562 	 1
1788204537137 	 18 	 200 	 2562 	 0
1788204537198 	 32 	 200 	 2564 	 1
1788204537217 	 33 	 200 	 2564 	 0
1788204537260 	 15 	 200 	 2566 	 1
1788204537266 	 15 	 200 	 2567 	 1
1788204537280 	 13 	 200 	 2567 	 0
1788204537305 	 14 	 200 	 2569 	 1
1788204537311 	 13 	 200 	 2569 	 0
1788204537329 	 11 	 200 	 2570 	 0
1788204537399 	 25 	 200 	 2571 	 0
1788204537432 	 12 	 200 	 2573 	 1
1788204537436 	 11 	 200 	 2573 	 0
1788204537584 	 23 	 200 	 2575 	 1
1788204537603 	 15 	 200 	 2575 	 0
1788204537624 	 20 	 200 	 2578 	 2
1788204537630 	 19 	 200 	 2578 	 1
1788204537645 	 14 	 200 	 2578 	 0
1788204537659 	 15 	 200 	 2579 	 0
1788204537716 	 21 	 200 	 2580 	 0
1788204537899 	 31 	 200 	 2582 	 1
1788204537915 	 28 	 200 	 2583 	 1
1788204537933 	 18 	 200 	 2583 	 0
1788204537958 	 14 	 200 	 2584 	 0
1788204538138 	 34 	 200 	 2588 	 3
1788204538153 	 27 	 200 	 2588 	 2
1788204538167 	 20 	 200 	 2588 	 1
1788204538169 	 19 	 200 	 2588 	 0
1788204538190 	 13 	 200 	 2591 	 2
1788204538193 	 19 	 200 	 2591 	 1
1788204538203 	 12 	 200 	 2592 	 1
1788204538214 	 12 	 200 	 2592 	 0
1788204538261 	 15 	 200 	 2593 	 0
1788204538321 	 12 	 200 	 2594 	 0
1788204538358 	 16 	 200 	 2595 	 0
1788204538403 	 29 	 200 	 2596 	 0
1788204538474 	 30 	 200 	 2597 	 0
1788204538524 	 19 	 200 	 2600 	 2
1788204538528 	 17 	 200 	 2600 	 1
1788204538530 	 38 	 200 	 2600 	 0
1788204538786 	 33 	 200 	 2602 	 1
1788204538796 	 26 	 200 	 2602 	 0
1788204538843 	 12 	 200 	 2603 	 0
1788204538866 	 13 	 200 	 2605 	 1
1788204538872 	 12 	 200 	 2605 	 0
1788204538901 	 36 	 200 	 2608 	 2
1788204538925 	 16 	 200 	 2608 	 1
1788204538936 	 18 	 200 	 2608 	 0
1788204539242 	 16 	 200 	 2609 	 0
1788204539361 	 15 	 200 	 2612 	 2
1788204539361 	 16 	 200 	 2612 	 1
1788204539375 	 12 	 200 	 2614 	 2
1788204539383 	 13 	 200 	 2614 	 1
1788204539385 	 13 	 200 	 2614 	 0
1788204539456 	 28 	 200 	 2615 	 0
1788204539516 	 34 	 200 	 2618 	 3
1788204539530 	 30 	 200 	 2620 	 3
1788204539552 	 17 	 200 	 2621 	 3
1788204539554 	 16 	 200 	 2621 	 2
1788204539544 	 37 	 200 	 2621 	 1
1788204539569 	 16 	 200 	 2621 	 0
1788204539630 	 31 	 200 	 2623 	 1
1788204539638 	 32 	 200 	 2623 	 0
1788204539716 	 35 	 200 	 2625 	 1
1788204539755 	 20 	 200 	 2626 	 1
1788204539744 	 30 	 200 	 2626 	 0
1788204539783 	 16 	 200 	 2628 	 1
1788204539794 	 12 	 200 	 2628 	 0
1788204539919 	 15 	 200 	 2629 	 0
1788204539942 	 12 	 200 	 2631 	 1
1788204539951 	 14 	 200 	 2631 	 0
1788204539974 	 12 	 200 	 2632 	 0
1788204540075 	 13 	 200 	 2633 	 0
1788204540288 	 36 	 200 	 2636 	 2
1788204540314 	 33 	 200 	 2636 	 1
1788204540322 	 29 	 200 	 2636 	 0
1788204540360 	 15 	 200 	 2637 	 0
1788204540449 	 31 	 200 	 2638 	 0
1788204540505 	 35 	 200 	 2640 	 1
1788204540519 	 34 	 200 	 2640 	 0
1788204540663 	 16 	 200 	 2641 	 0
1788204540702 	 12 	 200 	 2644 	 2
1788204540715 	 12 	 200 	 2644 	 1
1788204540716 	 13 	 200 	 2644 	 0
1788204540910 	 31 	 200 	 2645 	 0
1788204540961 	 29 	 200 	 2646 	 0
1788204541036 	 48 	 200 	 2649 	 2
1788204541061 	 25 	 200 	 2649 	 1
1788204541072 	 16 	 200 	 2649 	 0
1788204541099 	 14 	 200 	 2650 	 0
1788204541150 	 33 	 200 	 2652 	 1
1788204541169 	 31 	 200 	 2653 	 1
1788204541197 	 20 	 200 	 2653 	 0
1788204541334 	 13 	 200 	 2654 	 0
1788204541444 	 39 	 200 	 2657 	 2
1788204541447 	 36 	 200 	 2657 	 1
1788204541466 	 20 	 200 	 2657 	 0
1788204541571 	 33 	 200 	 2659 	 1
1788204541600 	 36 	 200 	 2659 	 0
1788204541641 	 25 	 200 	 2660 	 0
1788204541751 	 22 	 200 	 2662 	 1
1788204541768 	 13 	 200 	 2662 	 0
1788204541896 	 13 	 200 	 2663 	 0
1788204541976 	 12 	 200 	 2664 	 0
1788204542075 	 22 	 200 	 2667 	 2
1788204542082 	 18 	 200 	 2667 	 1
1788204542091 	 16 	 200 	 2667 	 0
1788204542161 	 38 	 200 	 2668 	 0
1788204542260 	 17 	 200 	 2670 	 1
1788204542263 	 19 	 200 	 2670 	 0
1788204542403 	 33 	 200 	 2671 	 0
1788204542452 	 15 	 200 	 2672 	 0
1788204542498 	 13 	 200 	 2673 	 0
1788204542646 	 37 	 200 	 2675 	 1
1788204542682 	 30 	 200 	 2675 	 0
1788204542716 	 13 	 200 	 2676 	 0
1788204542778 	 33 	 200 	 2677 	 0
1788204542859 	 24 	 200 	 2678 	 0
1788204542986 	 20 	 200 	 2680 	 1
1788204543001 	 18 	 200 	 2680 	 0
1788204543074 	 12 	 200 	 2681 	 0
1788204543090 	 11 	 200 	 2682 	 0
1788204543128 	 31 	 200 	 2686 	 3
1788204543132 	 28 	 200 	 2686 	 2
1788204543143 	 20 	 200 	 2686 	 1
1788204543156 	 13 	 200 	 2686 	 0
1788204543262 	 26 	 200 	 2687 	 0
1788204543336 	 15 	 200 	 2688 	 0
1788204543400 	 27 	 200 	 2689 	 0
1788204543433 	 14 	 200 	 2690 	 0
1788204543482 	 15 	 200 	 2691 	 0
1788204543499 	 17 	 200 	 2692 	 0
1788204543525 	 14 	 200 	 2694 	 1
1788204543528 	 13 	 200 	 2694 	 0
1788204543678 	 17 	 200 	 2696 	 1
1788204543691 	 15 	 200 	 2696 	 0
1788204543784 	 13 	 200 	 2697 	 0
1788204543934 	 22 	 200 	 2699 	 1
1788204543932 	 26 	 200 	 2699 	 0
1788204543996 	 14 	 200 	 2700 	 0
1788204544080 	 16 	 200 	 2702 	 1
1788204544097 	 13 	 200 	 2702 	 0
1788204544120 	 14 	 200 	 2703 	 0
1788204544148 	 11 	 200 	 2704 	 0
1788204544292 	 21 	 200 	 2705 	 0
1788204544318 	 14 	 200 	 2706 	 0
1788204544488 	 14 	 200 	 2708 	 1
1788204544499 	 17 	 200 	 2709 	 1
1788204544524 	 15 	 200 	 2711 	 2
1788204544513 	 34 	 200 	 2711 	 1
1788204544533 	 16 	 200 	 2711 	 0
1788204544572 	 20 	 200 	 2713 	 1
1788204544581 	 14 	 200 	 2713 	 0
1788204544664 	 24 	 200 	 2714 	 0
1788204544690 	 11 	 200 	 2715 	 0
1788204544942 	 28 	 200 	 2716 	 0
1788204545030 	 32 	 200 	 2717 	 0
1788204545165 	 26 	 200 	 2719 	 1
1788204545162 	 33 	 200 	 2719 	 0
1788204545218 	 35 	 200 	 2721 	 1
1788204545247 	 12 	 200 	 2721 	 0
1788204545340 	 34 	 200 	 2724 	 2
1788204545338 	 47 	 200 	 2724 	 1
1788204545370 	 21 	 200 	 2725 	 1
1788204545388 	 19 	 200 	 2725 	 0
1788204545423 	 12 	 200 	 2726 	 0
1788204545439 	 13 	 200 	 2728 	 1
1788204545447 	 13 	 200 	 2730 	 2
1788204545455 	 16 	 200 	 2730 	 1
1788204545460 	 13 	 200 	 2730 	 0
1788204545486 	 14 	 200 	 2731 	 0
1788204545510 	 13 	 200 	 2733 	 1
1788204545522 	 14 	 200 	 2735 	 2
1788204545532 	 15 	 200 	 2735 	 1
1788204545536 	 13 	 200 	 2735 	 0
1788204545697 	 16 	 200 	 2736 	 0
1788204545722 	 13 	 200 	 2737 	 0
1788204545891 	 40 	 200 	 2739 	 1
1788204545931 	 26 	 200 	 2739 	 0
1788204545982 	 12 	 200 	 2740 	 0
1788204546082 	 15 	 200 	 2742 	 1
1788204546095 	 15 	 200 	 2742 	 0
1788204546171 	 34 	 200 	 2743 	 0
1788204546270 	 24 	 200 	 2745 	 1
1788204546272 	 26 	 200 	 2745 	 0
1788204546337 	 23 	 200 	 2746 	 0
1788204546388 	 29 	 200 	 2749 	 2
1788204546380 	 39 	 200 	 2749 	 1
1788204546411 	 14 	 200 	 2749 	 0
1788204546450 	 18 	 200 	 2750 	 0
1788204546490 	 12 	 200 	 2751 	 0
1788204546537 	 16 	 200 	 2752 	 0
1788204546587 	 39 	 200 	 2754 	 1
1788204546626 	 30 	 200 	 2754 	 0
1788204546663 	 29 	 200 	 2757 	 2
1788204546689 	 13 	 200 	 2758 	 2
1788204546673 	 30 	 200 	 2758 	 1
1788204546702 	 14 	 200 	 2758 	 0
1788204546724 	 17 	 200 	 2759 	 0
1788204546763 	 25 	 200 	 2760 	 0
1788204546860 	 14 	 200 	 2762 	 1
1788204546851 	 23 	 200 	 2762 	 0
1788204546947 	 45 	 200 	 2763 	 0
1788204547016 	 32 	 200 	 2765 	 1
1788204547022 	 34 	 200 	 2765 	 0
1788204547065 	 17 	 200 	 2767 	 1
1788204547077 	 13 	 200 	 2767 	 0
1788204547235 	 18 	 200 	 2768 	 0
1788204547293 	 36 	 200 	 2770 	 1
1788204547303 	 29 	 200 	 2770 	 0
1788204547378 	 31 	 200 	 2773 	 2
1788204547391 	 40 	 200 	 2773 	 1
1788204547408 	 25 	 200 	 2773 	 0
1788204547463 	 15 	 200 	 2774 	 0
1788204547598 	 20 	 200 	 2776 	 1
1788204547604 	 23 	 200 	 2776 	 0
1788204547709 	 33 	 200 	 2777 	 0
1788204547928 	 32 	 200 	 2779 	 1
1788204547923 	 55 	 200 	 2779 	 1
1788204547980 	 12 	 200 	 2780 	 0
1788204548048 	 31 	 200 	 2781 	 0
1788204548090 	 14 	 200 	 2782 	 0
1788204548146 	 15 	 200 	 2784 	 1
1788204548151 	 14 	 200 	 2784 	 0
1788204548167 	 12 	 200 	 2785 	 0
1788204548198 	 12 	 200 	 2786 	 0
1788204548224 	 12 	 200 	 2787 	 0
1788204548310 	 34 	 200 	 2788 	 0
1788204548470 	 12 	 200 	 2789 	 0
1788204548505 	 12 	 200 	 2791 	 1
1788204548501 	 22 	 200 	 2792 	 1
1788204548519 	 15 	 200 	 2793 	 1
1788204548527 	 13 	 200 	 2793 	 0
1788204548581 	 35 	 200 	 2796 	 2
1788204548585 	 33 	 200 	 2796 	 1
1788204548615 	 18 	 200 	 2796 	 0
1788204548651 	 27 	 200 	 2798 	 1
1788204548656 	 28 	 200 	 2798 	 0
1788204548815 	 22 	 200 	 2800 	 1
1788204548834 	 12 	 200 	 2800 	 0
1788204548885 	 37 	 200 	 2802 	 1
1788204548913 	 24 	 200 	 2802 	 0
1788204548956 	 25 	 200 	 2803 	 0
1788204549041 	 21 	 200 	 2804 	 0
1788204549085 	 22 	 200 	 2805 	 0
1788204549185 	 35 	 200 	 2806 	 0
1788204549422 	 32 	 200 	 2808 	 1
1788204549429 	 28 	 200 	 2808 	 0
1788204549474 	 38 	 200 	 2809 	 0
1788204549625 	 40 	 200 	 2811 	 1
1788204549652 	 27 	 200 	 2811 	 0
1788204549698 	 25 	 200 	 2812 	 0
1788204549784 	 13 	 200 	 2813 	 0
1788204549834 	 13 	 200 	 2814 	 0
1788204549878 	 13 	 200 	 2816 	 1
1788204549878 	 14 	 200 	 2816 	 0
1788204549920 	 13 	 200 	 2818 	 1
1788204549930 	 13 	 200 	 2819 	 1
1788204549945 	 12 	 200 	 2820 	 1
1788204549939 	 23 	 200 	 2821 	 1
1788204549960 	 13 	 200 	 2821 	 0
1788204549998 	 13 	 200 	 2823 	 1
1788204550009 	 13 	 200 	 2823 	 0
1788204550038 	 16 	 200 	 2825 	 1
1788204550051 	 15 	 200 	 2826 	 1
1788204550059 	 12 	 200 	 2826 	 1
1788204550072 	 13 	 200 	 2827 	 0
1788204550128 	 27 	 200 	 2828 	 0
1788204550167 	 15 	 200 	 2829 	 0
1788204550189 	 13 	 200 	 2830 	 0
1788204550239 	 14 	 200 	 2831 	 0
1788204550274 	 13 	 200 	 2832 	 0
1788204550340 	 19 	 200 	 2833 	 0
1788204550584 	 15 	 200 	 2834 	 0
1788204550641 	 32 	 200 	 2835 	 0
1788204550750 	 32 	 200 	 2836 	 0
1788204550791 	 22 	 200 	 2837 	 0
1788204550817 	 15 	 200 	 2839 	 1
1788204550826 	 12 	 200 	 2839 	 0
1788204550889 	 17 	 200 	 2840 	 0
1788204550935 	 40 	 200 	 2841 	 0
1788204550989 	 20 	 200 	 2842 	 0
1788204551152 	 19 	 200 	 2846 	 3
1788204551150 	 26 	 200 	 2846 	 2
1788204551161 	 18 	 200 	 2846 	 1
1788204551172 	 19 	 200 	 2847 	 1
1788204551191 	 13 	 200 	 2848 	 1
1788204551204 	 13 	 200 	 2848 	 0
1788204551281 	 16 	 200 	 2849 	 0
1788204551357 	 21 	 200 	 2850 	 0
1788204551383 	 17 	 200 	 2852 	 1
1788204551390 	 14 	 200 	 2852 	 0
1788204551407 	 14 	 200 	 2854 	 1
1788204551410 	 14 	 200 	 2854 	 0
1788204551456 	 30 	 200 	 2855 	 0
1788204551620 	 32 	 200 	 2856 	 0
1788204551709 	 42 	 200 	 2858 	 1
1788204551737 	 16 	 200 	 2858 	 0
1788204551817 	 12 	 200 	 2859 	 0
1788204551851 	 17 	 200 	 2860 	 0
1788204551878 	 14 	 200 	 2861 	 0
1788204551937 	 14 	 200 	 2862 	 0
1788204552035 	 32 	 200 	 2864 	 1
1788204552046 	 28 	 200 	 2864 	 0
1788204552102 	 14 	 200 	 2865 	 0
1788204552141 	 13 	 200 	 2866 	 0
1788204552406 	 34 	 200 	 2868 	 1
1788204552414 	 27 	 200 	 2868 	 0
1788204552636 	 34 	 200 	 2869 	 0
1788204552675 	 18 	 200 	 2871 	 1
1788204552673 	 22 	 200 	 2871 	 0
1788204552899 	 32 	 200 	 2873 	 1
1788204552904 	 34 	 200 	 2873 	 0
1788204552948 	 14 	 200 	 2874 	 0
1788204553006 	 36 	 200 	 2876 	 1
1788204553015 	 33 	 200 	 2876 	 0
1788204553066 	 24 	 200 	 2877 	 0
1788204553167 	 23 	 200 	 2878 	 0
1788204553269 	 23 	 200 	 2879 	 0
1788204553312 	 12 	 200 	 2880 	 0
1788204553340 	 15 	 200 	 2881 	 0
1788204553443 	 13 	 200 	 2882 	 0
1788204553491 	 15 	 200 	 2884 	 1
1788204553500 	 13 	 200 	 2884 	 0
1788204553530 	 24 	 200 	 2885 	 0
1788204553596 	 36 	 200 	 2886 	 0
1788204553641 	 12 	 200 	 2888 	 1
1788204553644 	 18 	 200 	 2888 	 0
1788204553684 	 20 	 200 	 2891 	 2
1788204553689 	 17 	 200 	 2891 	 1
1788204553691 	 17 	 200 	 2891 	 0
1788204553711 	 11 	 200 	 2892 	 0
1788204553762 	 20 	 200 	 2896 	 3
1788204553776 	 14 	 200 	 2897 	 3
1788204553775 	 17 	 200 	 2897 	 2
1788204553782 	 29 	 200 	 2898 	 2
1788204553786 	 30 	 200 	 2898 	 1
1788204553805 	 15 	 200 	 2898 	 0
1788204553862 	 13 	 200 	 2900 	 1
1788204553863 	 14 	 200 	 2900 	 0
1788204554075 	 34 	 200 	 2904 	 3
1788204554092 	 26 	 200 	 2904 	 2
1788204554078 	 40 	 200 	 2904 	 1
1788204554100 	 20 	 200 	 2904 	 0
1788204554131 	 16 	 200 	 2905 	 0
1788204554189 	 14 	 200 	 2908 	 2
1788204554195 	 15 	 200 	 2908 	 1
1788204554188 	 23 	 200 	 2908 	 0
1788204554232 	 17 	 200 	 2910 	 1
1788204554245 	 13 	 200 	 2910 	 0
1788204554336 	 24 	 200 	 2911 	 0
1788204554424 	 39 	 200 	 2914 	 2
1788204554449 	 28 	 200 	 2916 	 3
1788204554455 	 27 	 200 	 2916 	 2
1788204554466 	 17 	 200 	 2916 	 1
1788204554473 	 13 	 200 	 2916 	 0
1788204554497 	 12 	 200 	 2918 	 1
1788204554499 	 22 	 200 	 2918 	 0
1788204554528 	 13 	 200 	 2919 	 0
1788204554586 	 38 	 200 	 2922 	 2
1788204554621 	 18 	 200 	 2923 	 2
1788204554616 	 24 	 200 	 2923 	 1
1788204554635 	 26 	 200 	 2923 	 0
1788204554676 	 25 	 200 	 2925 	 1
1788204554699 	 31 	 200 	 2926 	 1
1788204554712 	 26 	 200 	 2927 	 1
1788204554734 	 14 	 200 	 2927 	 0
1788204554824 	 32 	 200 	 2928 	 0
1788204554866 	 18 	 200 	 2930 	 1
1788204554876 	 17 	 200 	 2931 	 1
1788204554886 	 15 	 200 	 2931 	 0
1788204554979 	 16 	 200 	 2932 	 0
1788204555009 	 12 	 200 	 2933 	 0
1788204555056 	 39 	 200 	 2934 	 0
1788204555113 	 23 	 200 	 2936 	 1
1788204555124 	 17 	 200 	 2936 	 0
1788204555146 	 17 	 200 	 2937 	 0
1788204555224 	 26 	 200 	 2938 	 0
1788204555269 	 20 	 200 	 2939 	 0
1788204555305 	 12 	 200 	 2940 	 0
1788204555354 	 17 	 200 	 2941 	 0
1788204555403 	 36 	 200 	 2943 	 1
1788204555401 	 42 	 200 	 2943 	 0
1788204555489 	 35 	 200 	 2944 	 0
1788204555602 	 36 	 200 	 2945 	 0
1788204555655 	 30 	 200 	 2946 	 0
1788204555720 	 39 	 200 	 2947 	 0
1788204555870 	 22 	 200 	 2948 	 0
1788204555901 	 15 	 200 	 2950 	 1
1788204555905 	 13 	 200 	 2950 	 0
1788204555957 	 15 	 200 	 2952 	 1
1788204555967 	 12 	 200 	 2952 	 0
1788204556017 	 34 	 200 	 2954 	 1
1788204556033 	 35 	 200 	 2954 	 0
1788204556168 	 13 	 200 	 2955 	 0
1788204556193 	 17 	 200 	 2958 	 2
1788204556204 	 15 	 200 	 2958 	 1
1788204556210 	 18 	 200 	 2958 	 0
1788204556280 	 13 	 200 	 2959 	 0
1788204556361 	 14 	 200 	 2960 	 0
1788204556517 	 30 	 200 	 2961 	 0
1788204556564 	 33 	 200 	 2962 	 0
1788204556600 	 30 	 200 	 2964 	 1
1788204556614 	 31 	 200 	 2964 	 0
1788204556702 	 14 	 200 	 2965 	 0
1788204556775 	 18 	 200 	 2966 	 0
1788204556895 	 14 	 200 	 2968 	 1
1788204556898 	 15 	 200 	 2968 	 0
1788204556959 	 33 	 200 	 2970 	 1
1788204556968 	 31 	 200 	 2970 	 0
1788204557063 	 24 	 200 	 2971 	 0
1788204557112 	 15 	 200 	 2972 	 0
1788204557148 	 13 	 200 	 2973 	 0
1788204557240 	 17 	 200 	 2974 	 0
1788204557294 	 38 	 200 	 2975 	 0
1788204557385 	 14 	 200 	 2976 	 0
1788204557409 	 12 	 200 	 2977 	 0
1788204557452 	 12 	 200 	 2978 	 0
1788204557552 	 35 	 200 	 2979 	 0
1788204557597 	 16 	 200 	 2980 	 0
1788204557617 	 13 	 200 	 2982 	 1
1788204557626 	 15 	 200 	 2982 	 0
1788204557772 	 22 	 200 	 2983 	 0
1788204557883 	 14 	 200 	 2985 	 1
1788204557893 	 13 	 200 	 2985 	 0
1788204558025 	 31 	 200 	 2987 	 1
1788204558052 	 20 	 200 	 2987 	 0
1788204558160 	 36 	 200 	 2988 	 0
1788204558242 	 14 	 200 	 2990 	 1
1788204558249 	 13 	 200 	 2990 	 0
1788204558289 	 17 	 200 	 2991 	 0
1788204558360 	 22 	 200 	 2992 	 0
1788204558473 	 13 	 200 	 2993 	 0
1788204558498 	 12 	 200 	 2994 	 0
1788204558679 	 24 	 200 	 2996 	 1
1788204558696 	 13 	 200 	 2996 	 0
1788204558816 	 16 	 200 	 2997 	 0
1788204558887 	 15 	 200 	 2998 	 0
1788204558908 	 15 	 200 	 3002 	 3
1788204558914 	 17 	 200 	 3002 	 2
1788204558918 	 18 	 200 	 3002 	 1
1788204558922 	 17 	 200 	 3002 	 0
1788204559002 	 34 	 200 	 3004 	 1
1788204559029 	 31 	 200 	 3004 	 0
1788204559267 	 20 	 200 	 3008 	 3
1788204559341 	 19 	 200 	 3009 	 3
1788204559247 	 123 	 200 	 3009 	 2
1788204559255 	 127 	 200 	 3010 	 2
1788204559378 	 109 	 200 	 3010 	 1
1788204559577 	 13 	 200 	 3013 	 3
1788204559527 	 77 	 200 	 3013 	 2
1788204559573 	 86 	 200 	 3015 	 3
1788204559680 	 17 	 200 	 3016 	 3
1788204559613 	 90 	 200 	 3017 	 3
1788204559659 	 44 	 200 	 3017 	 2
1788204559222 	 482 	 200 	 3017 	 1
1788204559701 	 16 	 200 	 3017 	 0
1788204559798 	 14 	 200 	 3019 	 1
1788204559803 	 12 	 200 	 3019 	 0
1788204559854 	 24 	 200 	 3020 	 0
1788204559949 	 13 	 200 	 3021 	 0
1788204560019 	 34 	 200 	 3024 	 2
1788204560024 	 37 	 200 	 3024 	 1
1788204560047 	 20 	 200 	 3024 	 0
1788204560085 	 14 	 200 	 3025 	 0
1788204560151 	 31 	 200 	 3026 	 0
1788204560259 	 14 	 200 	 3027 	 0
1788204560443 	 24 	 200 	 3029 	 1
1788204560456 	 16 	 200 	 3029 	 0
1788204560480 	 16 	 200 	 3030 	 0
1788204560530 	 12 	 200 	 3031 	 0
1788204560631 	 39 	 200 	 3034 	 2
1788204560659 	 23 	 200 	 3034 	 1
1788204560657 	 27 	 200 	 3034 	 0
1788204560712 	 39 	 200 	 3035 	 0
1788204560877 	 33 	 200 	 3036 	 0
1788204560956 	 29 	 200 	 3037 	 0
1788204560987 	 32 	 200 	 3038 	 0
1788204561102 	 36 	 200 	 3040 	 1
1788204561119 	 35 	 200 	 3041 	 1
1788204561155 	 28 	 200 	 3043 	 2
1788204561166 	 19 	 200 	 3043 	 1
1788204561163 	 23 	 200 	 3043 	 0
1788204561190 	 13 	 200 	 3045 	 1
1788204561196 	 17 	 200 	 3045 	 0
1788204561254 	 31 	 200 	 3046 	 0
1788204561304 	 35 	 200 	 3047 	 0
1788204561443 	 20 	 200 	 3050 	 2
1788204561436 	 58 	 200 	 3050 	 1
1788204561420 	 74 	 200 	 3050 	 0
1788204561551 	 30 	 200 	 3052 	 1
1788204561549 	 32 	 200 	 3052 	 0
1788204561637 	 39 	 200 	 3055 	 2
1788204561657 	 28 	 200 	 3055 	 1
1788204561659 	 29 	 200 	 3055 	 0
1788204561764 	 27 	 200 	 3058 	 2
1788204561777 	 16 	 200 	 3058 	 1
1788204561774 	 20 	 200 	 3058 	 0
1788204561852 	 30 	 200 	 3060 	 1
1788204561876 	 18 	 200 	 3060 	 0
1788204561918 	 14 	 200 	 3061 	 0
1788204562046 	 37 	 200 	 3064 	 2
1788204562059 	 26 	 200 	 3064 	 1
1788204562052 	 37 	 200 	 3064 	 0
1788204562224 	 26 	 200 	 3065 	 0
1788204562340 	 15 	 200 	 3067 	 1
1788204562345 	 12 	 200 	 3067 	 0
1788204562372 	 16 	 200 	 3068 	 0
1788204562464 	 39 	 200 	 3070 	 1
1788204562467 	 43 	 200 	 3070 	 0
1788204562588 	 37 	 200 	 3072 	 1
1788204562609 	 30 	 200 	 3072 	 0
1788204562664 	 28 	 200 	 3075 	 2
1788204562669 	 24 	 200 	 3075 	 1
1788204562681 	 14 	 200 	 3075 	 0
1788204562772 	 39 	 200 	 3077 	 1
1788204562810 	 17 	 200 	 3078 	 1
1788204562824 	 13 	 200 	 3078 	 0
1788204562914 	 37 	 200 	 3080 	 1
1788204562917 	 34 	 200 	 3080 	 0
1788204562971 	 25 	 200 	 3083 	 2
1788204562984 	 16 	 200 	 3083 	 1
1788204562993 	 15 	 200 	 3083 	 0
1788204563051 	 30 	 200 	 3084 	 0
1788204563096 	 13 	 200 	 3085 	 0
1788204563132 	 14 	 200 	 3086 	 1
1788204563147 	 15 	 200 	 3087 	 0
1788204563165 	 13 	 200 	 3088 	 0
1788204563197 	 13 	 200 	 3089 	 0
1788204563276 	 20 	 200 	 3091 	 1
1788204563278 	 19 	 200 	 3091 	 0
1788204563327 	 13 	 200 	 3093 	 1
1788204563340 	 16 	 200 	 3094 	 1
1788204563349 	 23 	 200 	 3094 	 0
1788204563558 	 31 	 200 	 3095 	 0
1788204563645 	 31 	 200 	 3096 	 0
1788204563738 	 16 	 200 	 3099 	 2
1788204563740 	 19 	 200 	 3099 	 1
1788204563744 	 17 	 200 	 3099 	 0
1788204563780 	 12 	 200 	 3100 	 0
1788204563841 	 13 	 200 	 3101 	 0
1788204563946 	 33 	 200 	 3102 	 0
1788204564012 	 13 	 200 	 3103 	 0
1788204564346 	 27 	 200 	 3104 	 0
1788204564375 	 12 	 200 	 3105 	 0
1788204564469 	 18 	 200 	 3106 	 0
1788204564656 	 30 	 200 	 3109 	 2
1788204564685 	 16 	 200 	 3110 	 2
1788204564687 	 17 	 200 	 3110 	 1
1788204564694 	 16 	 200 	 3110 	 0
1788204564735 	 13 	 200 	 3112 	 1
1788204564745 	 12 	 200 	 3112 	 0
1788204564776 	 33 	 200 	 3115 	 2
1788204564778 	 31 	 200 	 3115 	 1
1788204564789 	 22 	 200 	 3115 	 0
1788204564872 	 22 	 200 	 3116 	 0
1788204564970 	 23 	 200 	 3118 	 1
1788204564988 	 14 	 200 	 3118 	 0
1788204565016 	 13 	 200 	 3119 	 0
1788204565084 	 35 	 200 	 3121 	 1
1788204565094 	 28 	 200 	 3121 	 0
1788204565142 	 39 	 200 	 3122 	 0
1788204565197 	 12 	 200 	 3123 	 0
1788204565357 	 26 	 200 	 3124 	 0
1788204565385 	 19 	 200 	 3125 	 0
1788204565492 	 12 	 200 	 3126 	 0
1788204565539 	 34 	 200 	 3129 	 2
1788204565546 	 33 	 200 	 3129 	 1
1788204565565 	 25 	 200 	 3129 	 0
1788204565609 	 35 	 200 	 3130 	 0
1788204565732 	 35 	 200 	 3132 	 1
1788204565751 	 31 	 200 	 3132 	 0
1788204565826 	 21 	 200 	 3133 	 0
1788204565954 	 15 	 200 	 3134 	 0
1788204565975 	 13 	 200 	 3135 	 0
1788204565998 	 13 	 200 	 3136 	 0
1788204566016 	 22 	 200 	 3137 	 0
1788204566067 	 18 	 200 	 3139 	 1
1788204566086 	 13 	 200 	 3139 	 0
1788204566123 	 14 	 200 	 3140 	 0
1788204566178 	 30 	 200 	 3141 	 0
1788204566318 	 28 	 200 	 3142 	 0
1788204566401 	 14 	 200 	 3143 	 0
1788204566424 	 21 	 200 	 3144 	 0
1788204566502 	 17 	 200 	 3145 	 0
1788204566522 	 14 	 200 	 3146 	 0
1788204566544 	 15 	 200 	 3147 	 0
1788204566638 	 33 	 200 	 3149 	 1
1788204566643 	 32 	 200 	 3149 	 0
1788204566733 	 17 	 200 	 3151 	 1
1788204566739 	 14 	 200 	 3151 	 0
1788204566803 	 35 	 200 	 3152 	 0
1788204566848 	 28 	 200 	 3154 	 1
1788204566850 	 30 	 200 	 3154 	 0
1788204566893 	 16 	 200 	 3156 	 1
1788204566897 	 13 	 200 	 3156 	 0
1788204566968 	 18 	 200 	 3157 	 0
1788204567008 	 17 	 200 	 3158 	 0
1788204567064 	 32 	 200 	 3160 	 1
1788204567094 	 30 	 200 	 3160 	 0
1788204567243 	 14 	 200 	 3161 	 0
1788204567301 	 40 	 200 	 3162 	 0
1788204567361 	 13 	 200 	 3163 	 0
1788204567451 	 18 	 200 	 3165 	 1
1788204567465 	 12 	 200 	 3165 	 0
1788204567655 	 28 	 200 	 3167 	 1
1788204567663 	 36 	 200 	 3167 	 0
1788204567715 	 13 	 200 	 3168 	 0
1788204567769 	 12 	 200 	 3169 	 0
1788204567852 	 12 	 200 	 3171 	 1
1788204567857 	 16 	 200 	 3172 	 1
1788204567870 	 15 	 200 	 3173 	 1
1788204567874 	 13 	 200 	 3173 	 0
1788204568059 	 37 	 200 	 3174 	 0
1788204568123 	 38 	 200 	 3175 	 0
1788204568242 	 13 	 200 	 3176 	 0
1788204568353 	 29 	 200 	 3178 	 1
1788204568362 	 29 	 200 	 3178 	 0
1788204568427 	 21 	 200 	 3181 	 2
1788204568445 	 16 	 200 	 3181 	 1
1788204568446 	 18 	 200 	 3181 	 0
1788204568578 	 15 	 200 	 3182 	 0
1788204568745 	 24 	 200 	 3183 	 0
1788204568901 	 20 	 200 	 3185 	 1
1788204568906 	 18 	 200 	 3185 	 0
1788204568982 	 18 	 200 	 3186 	 0
1788204569004 	 12 	 200 	 3188 	 1
1788204569015 	 12 	 200 	 3189 	 1
1788204569021 	 13 	 200 	 3189 	 0
1788204569098 	 35 	 200 	 3190 	 0
1788204569200 	 15 	 200 	 3191 	 0
1788204569276 	 25 	 200 	 3194 	 2
1788204569293 	 13 	 200 	 3194 	 1
1788204569298 	 14 	 200 	 3194 	 0
1788204569362 	 15 	 200 	 3195 	 0
1788204569393 	 18 	 200 	 3196 	 0
1788204569415 	 27 	 200 	 3197 	 0
1788204569463 	 36 	 200 	 3200 	 2
1788204569482 	 23 	 200 	 3200 	 1
1788204569495 	 19 	 200 	 3200 	 0
1788204569535 	 35 	 200 	 3202 	 1
1788204569557 	 22 	 200 	 3202 	 0
1788204569700 	 35 	 200 	 3203 	 0
1788204569765 	 19 	 200 	 3205 	 1
1788204569779 	 15 	 200 	 3205 	 0
1788204569817 	 32 	 200 	 3206 	 0
1788204569871 	 13 	 200 	 3207 	 0
1788204569886 	 12 	 200 	 3208 	 0
1788204569920 	 17 	 200 	 3209 	 0
1788204569959 	 16 	 200 	 3211 	 1
1788204569959 	 15 	 200 	 3211 	 0
1788204569981 	 14 	 200 	 3212 	 0
1788204570016 	 13 	 200 	 3213 	 0
1788204570054 	 18 	 200 	 3214 	 0
1788204570086 	 36 	 200 	 3218 	 3
1788204570103 	 22 	 200 	 3218 	 2
1788204570089 	 37 	 200 	 3218 	 1
1788204570106 	 23 	 200 	 3218 	 0
1788204570159 	 31 	 200 	 3220 	 1
1788204570169 	 25 	 200 	 3220 	 0
1788204570219 	 12 	 200 	 3221 	 0
1788204570244 	 14 	 200 	 3222 	 0
1788204570262 	 16 	 200 	 3224 	 1
1788204570270 	 14 	 200 	 3225 	 1
1788204570282 	 12 	 200 	 3225 	 0
1788204570389 	 42 	 200 	 3228 	 2
1788204570417 	 24 	 200 	 3228 	 1
1788204570426 	 18 	 200 	 3229 	 1
1788204570443 	 16 	 200 	 3229 	 0
1788204570500 	 30 	 200 	 3232 	 2
1788204570498 	 44 	 200 	 3232 	 1
1788204570526 	 16 	 200 	 3232 	 0
1788204570571 	 14 	 200 	 3233 	 0
1788204570615 	 25 	 200 	 3234 	 0
1788204570759 	 13 	 200 	 3236 	 1
1788204570898 	 24 	 200 	 3239 	 3
1788204570922 	 17 	 200 	 3239 	 2
1788204570871 	 89 	 200 	 3240 	 2
1788204570953 	 45 	 200 	 3240 	 1
1788204570684 	 413 	 200 	 3242 	 2
1788204571033 	 66 	 200 	 3242 	 1
1788204571060 	 41 	 200 	 3242 	 0
1788204571216 	 35 	 200 	 3243 	 0
1788204571257 	 13 	 200 	 3244 	 0
1788204571324 	 29 	 200 	 3245 	 0
1788204571382 	 13 	 200 	 3246 	 0
1788204571455 	 18 	 200 	 3248 	 1
1788204571456 	 18 	 200 	 3248 	 0
1788204571641 	 14 	 200 	 3249 	 0
1788204571808 	 30 	 200 	 3250 	 0
1788204571903 	 27 	 200 	 3251 	 0
1788204571942 	 23 	 200 	 3253 	 1
1788204571957 	 14 	 200 	 3253 	 0
1788204572075 	 15 	 200 	 3254 	 0
1788204572102 	 13 	 200 	 3255 	 0
1788204572130 	 27 	 200 	 3256 	 0
1788204572257 	 28 	 200 	 3258 	 1
1788204572260 	 27 	 200 	 3258 	 0
1788204572314 	 18 	 200 	 3260 	 1
1788204572319 	 14 	 200 	 3260 	 0
1788204572551 	 31 	 200 	 3262 	 1
1788204572578 	 28 	 200 	 3264 	 2
1788204572585 	 24 	 200 	 3264 	 1
1788204572606 	 14 	 200 	 3264 	 0
1788204572635 	 31 	 200 	 3265 	 0
1788204572703 	 29 	 200 	 3266 	 0
1788204572741 	 14 	 200 	 3268 	 1
1788204572738 	 17 	 200 	 3268 	 0
1788204572768 	 14 	 200 	 3270 	 1
1788204572772 	 12 	 200 	 3270 	 0
1788204572822 	 35 	 200 	 3271 	 0
1788204572897 	 37 	 200 	 3273 	 1
1788204572912 	 27 	 200 	 3273 	 0
1788204572984 	 13 	 200 	 3274 	 0
1788204573057 	 25 	 200 	 3275 	 0
1788204573197 	 16 	 200 	 3277 	 1
1788204573209 	 20 	 200 	 3278 	 1
1788204573225 	 12 	 200 	 3278 	 0
1788204573256 	 16 	 200 	 3280 	 1
1788204573262 	 17 	 200 	 3280 	 0
1788204573492 	 15 	 200 	 3281 	 0
1788204573514 	 13 	 200 	 3282 	 0
1788204573533 	 13 	 200 	 3283 	 0
1788204573570 	 14 	 200 	 3284 	 0
1788204573636 	 31 	 200 	 3286 	 1
1788204573659 	 23 	 200 	 3286 	 0
1788204573696 	 15 	 200 	 3287 	 0
1788204573725 	 13 	 200 	 3288 	 0
1788204573901 	 20 	 200 	 3290 	 1
1788204573914 	 13 	 200 	 3291 	 1
1788204573926 	 14 	 200 	 3292 	 1
1788204573935 	 12 	 200 	 3292 	 0
1788204573949 	 20 	 200 	 3295 	 2
1788204573956 	 14 	 200 	 3295 	 1
1788204573964 	 15 	 200 	 3295 	 0
1788204574012 	 13 	 200 	 3297 	 1
1788204574018 	 14 	 200 	 3297 	 0
1788204574084 	 36 	 200 	 3299 	 1
1788204574092 	 29 	 200 	 3299 	 0
1788204574142 	 39 	 200 	 3300 	 0
1788204574196 	 14 	 200 	 3301 	 0
1788204574236 	 15 	 200 	 3303 	 1
1788204574244 	 17 	 200 	 3303 	 0
1788204574327 	 26 	 200 	 3304 	 0
1788204574409 	 34 	 200 	 3306 	 1
1788204574436 	 27 	 200 	 3307 	 1
1788204574458 	 21 	 200 	 3308 	 1
1788204574472 	 15 	 200 	 3308 	 0
1788204574610 	 30 	 200 	 3310 	 1
1788204574621 	 27 	 200 	 3310 	 0
1788204574762 	 26 	 200 	 3312 	 1
1788204574782 	 24 	 200 	 3312 	 0
1788204574825 	 14 	 200 	 3314 	 1
1788204574835 	 14 	 200 	 3314 	 0
1788204574915 	 36 	 200 	 3316 	 1
1788204574928 	 25 	 200 	 3317 	 1
1788204574955 	 14 	 200 	 3317 	 0
1788204575003 	 15 	 200 	 3318 	 0
1788204575036 	 15 	 200 	 3319 	 0
1788204575062 	 12 	 200 	 3320 	 0
1788204575166 	 29 	 200 	 3322 	 1
1788204575185 	 20 	 200 	 3322 	 0
1788204575240 	 12 	 200 	 3323 	 0
1788204575269 	 13 	 200 	 3324 	 0
1788204575294 	 37 	 200 	 3325 	 0
1788204575336 	 18 	 200 	 3326 	 0
1788204575368 	 14 	 200 	 3327 	 0
1788204575455 	 15 	 200 	 3328 	 0
1788204575533 	 32 	 200 	 3331 	 2
1788204575542 	 33 	 200 	 3331 	 1
1788204575562 	 25 	 200 	 3331 	 0
1788204575620 	 14 	 200 	 3332 	 0
1788204575719 	 33 	 200 	 3334 	 1
1788204575721 	 34 	 200 	 3334 	 0
1788204575764 	 18 	 200 	 3335 	 0
1788204575802 	 16 	 200 	 3338 	 2
1788204575811 	 18 	 200 	 3339 	 2
1788204575818 	 14 	 200 	 3339 	 1
1788204575823 	 14 	 200 	 3339 	 0
1788204575862 	 24 	 200 	 3340 	 0
1788204575889 	 13 	 200 	 3341 	 0
1788204575982 	 32 	 200 	 3342 	 0
1788204576035 	 12 	 200 	 3344 	 1
1788204576047 	 16 	 200 	 3345 	 1
1788204576059 	 13 	 200 	 3345 	 0
1788204576149 	 30 	 200 	 3346 	 0
1788204576246 	 14 	 200 	 3347 	 0
1788204576296 	 13 	 200 	 3349 	 1
1788204576309 	 12 	 200 	 3349 	 0
1788204576343 	 13 	 200 	 3350 	 0
1788204576409 	 34 	 200 	 3353 	 2
1788204576407 	 38 	 200 	 3353 	 1
1788204576421 	 25 	 200 	 3353 	 0
1788204576491 	 17 	 200 	 3355 	 1
1788204576496 	 14 	 200 	 3355 	 0
1788204576573 	 46 	 200 	 3357 	 1
1788204576567 	 58 	 200 	 3357 	 0
1788204576670 	 28 	 200 	 3358 	 0
1788204576723 	 36 	 200 	 3359 	 0
1788204576774 	 13 	 200 	 3360 	 0
1788204576811 	 15 	 200 	 3362 	 1
1788204576810 	 17 	 200 	 3362 	 0
1788204576842 	 12 	 200 	 3363 	 0
1788204576861 	 13 	 200 	 3364 	 0
1788204576990 	 16 	 200 	 3365 	 0
1788204577061 	 14 	 200 	 3367 	 1
1788204577066 	 14 	 200 	 3367 	 0
1788204577259 	 35 	 200 	 3369 	 1
1788204577274 	 29 	 200 	 3370 	 1
1788204577297 	 31 	 200 	 3370 	 0
1788204577386 	 31 	 200 	 3371 	 0
1788204577600 	 32 	 200 	 3372 	 0
1788204577690 	 39 	 200 	 3375 	 2
1788204577703 	 35 	 200 	 3375 	 1
1788204577722 	 24 	 200 	 3375 	 0
1788204577878 	 30 	 200 	 3376 	 0
1788204577911 	 32 	 200 	 3377 	 0
1788204577967 	 16 	 200 	 3378 	 0
1788204578004 	 15 	 200 	 3379 	 0
1788204578029 	 12 	 200 	 3380 	 0
1788204578082 	 13 	 200 	 3381 	 0
1788204578176 	 18 	 200 	 3384 	 2
1788204578190 	 14 	 200 	 3384 	 1
1788204578193 	 17 	 200 	 3384 	 0
1788204578282 	 83 	 200 	 3385 	 0
1788204578480 	 20 	 200 	 3386 	 0
1788204578551 	 33 	 200 	 3387 	 0
1788204578651 	 13 	 200 	 3388 	 0
1788204578666 	 12 	 200 	 3389 	 0
1788204578700 	 23 	 200 	 3390 	 0
1788204578789 	 12 	 200 	 3391 	 0
1788204578880 	 13 	 200 	 3392 	 0
1788204578940 	 22 	 200 	 3394 	 1
1788204578959 	 11 	 200 	 3394 	 0
1788204579024 	 38 	 200 	 3395 	 0
1788204579093 	 32 	 200 	 3397 	 1
1788204579105 	 34 	 200 	 3397 	 0
1788204579169 	 22 	 200 	 3399 	 1
1788204579187 	 12 	 200 	 3399 	 0
1788204579247 	 14 	 200 	 3401 	 1
1788204579246 	 21 	 200 	 3401 	 0
1788204579317 	 21 	 200 	 3404 	 2
1788204579322 	 24 	 200 	 3404 	 1
1788204579327 	 23 	 200 	 3405 	 1
1788204579349 	 16 	 200 	 3405 	 0
1788204579368 	 18 	 200 	 3406 	 0
1788204579462 	 27 	 200 	 3409 	 2
1788204579467 	 24 	 200 	 3409 	 1
1788204579487 	 15 	 200 	 3409 	 0
1788204579520 	 13 	 200 	 3410 	 0
1788204579554 	 15 	 200 	 3411 	 0
1788204579630 	 40 	 200 	 3414 	 2
1788204579665 	 17 	 200 	 3416 	 3
1788204579670 	 15 	 200 	 3416 	 2
1788204579677 	 15 	 200 	 3416 	 1
1788204579681 	 14 	 200 	 3416 	 0
1788204579709 	 25 	 200 	 3417 	 0
1788204579848 	 32 	 200 	 3418 	 0
1788204579924 	 30 	 200 	 3419 	 0
1788204579997 	 33 	 200 	 3420 	 0
1788204580249 	 12 	 200 	 3421 	 0
1788204580319 	 36 	 200 	 3422 	 0
1788204580412 	 35 	 200 	 3424 	 1
1788204580434 	 24 	 200 	 3424 	 0
1788204580466 	 18 	 200 	 3425 	 0
1788204580492 	 14 	 200 	 3426 	 0
1788204580547 	 33 	 200 	 3428 	 1
1788204580574 	 15 	 200 	 3429 	 1
1788204580585 	 13 	 200 	 3429 	 0
1788204580641 	 36 	 200 	 3430 	 0
1788204580705 	 13 	 200 	 3431 	 0
1788204580801 	 28 	 200 	 3433 	 1
1788204580809 	 21 	 200 	 3433 	 0
1788204580869 	 18 	 200 	 3434 	 0
1788204580972 	 38 	 200 	 3435 	 0
1788204581049 	 30 	 200 	 3436 	 0
1788204581160 	 33 	 200 	 3437 	 0
1788204581250 	 27 	 200 	 3438 	 0
1788204581350 	 20 	 200 	 3440 	 1
1788204581359 	 13 	 200 	 3440 	 0
1788204581387 	 16 	 200 	 3441 	 0
1788204581406 	 12 	 200 	 3442 	 0
1788204581512 	 31 	 200 	 3445 	 2
1788204581514 	 30 	 200 	 3445 	 1
1788204581516 	 31 	 200 	 3445 	 0
1788204581570 	 33 	 200 	 3447 	 1
1788204581591 	 21 	 200 	 3447 	 0
1788204581680 	 14 	 200 	 3448 	 0
1788204581707 	 16 	 200 	 3449 	 0
1788204581882 	 33 	 200 	 3450 	 0
1788204582007 	 25 	 200 	 3452 	 1
1788204582014 	 18 	 200 	 3452 	 0
1788204582115 	 31 	 200 	 3453 	 0
1788204582157 	 19 	 200 	 3456 	 3
1788204582158 	 21 	 200 	 3457 	 2
1788204582178 	 19 	 200 	 3458 	 2
1788204582183 	 14 	 200 	 3458 	 1
1788204582163 	 42 	 200 	 3458 	 0
1788204582220 	 12 	 200 	 3459 	 0
1788204582239 	 12 	 200 	 3460 	 0
1788204582268 	 18 	 200 	 3461 	 0
1788204582327 	 35 	 200 	 3462 	 0
1788204582419 	 12 	 200 	 3463 	 0
1788204582460 	 16 	 200 	 3464 	 0
1788204582489 	 13 	 200 	 3466 	 1
1788204582494 	 16 	 200 	 3466 	 0
1788204582539 	 13 	 200 	 3467 	 0
1788204582566 	 17 	 200 	 3468 	 0
1788204582621 	 35 	 200 	 3470 	 1
1788204582658 	 29 	 200 	 3472 	 2
1788204582661 	 30 	 200 	 3472 	 1
1788204582676 	 17 	 200 	 3472 	 0
1788204582718 	 34 	 200 	 3474 	 1
1788204582750 	 22 	 200 	 3476 	 2
1788204582764 	 21 	 200 	 3476 	 1
1788204582771 	 21 	 200 	 3476 	 0
1788204582901 	 33 	 200 	 3477 	 0
1788204583034 	 31 	 200 	 3479 	 1
1788204583053 	 22 	 200 	 3479 	 0
1788204583156 	 34 	 200 	 3481 	 1
1788204583171 	 22 	 200 	 3481 	 0
1788204583197 	 16 	 200 	 3482 	 0
1788204583289 	 13 	 200 	 3483 	 0
1788204583406 	 19 	 200 	 3484 	 0
1788204583501 	 14 	 200 	 3485 	 0
1788204583580 	 14 	 200 	 3486 	 0
1788204583595 	 20 	 200 	 3490 	 3
1788204583601 	 16 	 200 	 3490 	 2
1788204583604 	 16 	 200 	 3490 	 1
1788204583607 	 16 	 200 	 3490 	 0
1788204583826 	 23 	 200 	 3492 	 1
1788204583828 	 21 	 200 	 3492 	 0
1788204583895 	 15 	 200 	 3493 	 0
1788204583922 	 12 	 200 	 3494 	 0
1788204583980 	 13 	 200 	 3495 	 0
1788204584012 	 20 	 200 	 3496 	 0
1788204584102 	 38 	 200 	 3498 	 1
1788204584125 	 20 	 200 	 3498 	 0
1788204584198 	 15 	 200 	 3500 	 1
1788204584202 	 14 	 200 	 3500 	 0
1788204584297 	 36 	 200 	 3502 	 1
1788204584319 	 31 	 200 	 3502 	 0
1788204584370 	 17 	 200 	 3503 	 0
1788204584394 	 12 	 200 	 3504 	 0
1788204584578 	 32 	 200 	 3505 	 0
1788204584721 	 30 	 200 	 3507 	 1
1788204584735 	 21 	 200 	 3507 	 0
1788204584758 	 12 	 200 	 3508 	 0
1788204584813 	 17 	 200 	 3512 	 3
1788204584816 	 16 	 200 	 3512 	 2
1788204584818 	 19 	 200 	 3512 	 1
1788204584826 	 14 	 200 	 3512 	 0
1788204584927 	 23 	 200 	 3515 	 2
1788204584913 	 42 	 200 	 3515 	 1
1788204584938 	 17 	 200 	 3515 	 0
1788204584985 	 33 	 200 	 3517 	 1
1788204585029 	 25 	 200 	 3518 	 1
1788204585017 	 39 	 200 	 3518 	 0
1788204585066 	 15 	 200 	 3520 	 1
1788204585076 	 13 	 200 	 3520 	 0
1788204585112 	 13 	 200 	 3521 	 0
1788204585188 	 13 	 200 	 3523 	 1
1788204585197 	 14 	 200 	 3523 	 0
1788204585269 	 37 	 200 	 3524 	 0
1788204585314 	 29 	 200 	 3525 	 0
1788204585351 	 15 	 200 	 3526 	 0
1788204585375 	 13 	 200 	 3527 	 0
1788204585429 	 12 	 200 	 3528 	 0
1788204585462 	 14 	 200 	 3529 	 0
1788204585565 	 18 	 200 	 3530 	 0
1788204585622 	 18 	 200 	 3531 	 0
1788204585655 	 13 	 200 	 3532 	 0
1788204585684 	 38 	 200 	 3533 	 0
1788204585792 	 31 	 200 	 3534 	 0
1788204585893 	 36 	 200 	 3537 	 2
1788204585917 	 22 	 200 	 3537 	 1
1788204585910 	 33 	 200 	 3537 	 0
1788204585998 	 12 	 200 	 3538 	 0
1788204586031 	 14 	 200 	 3539 	 0
1788204586127 	 34 	 200 	 3542 	 2
1788204586156 	 27 	 200 	 3542 	 1
1788204586158 	 24 	 200 	 3542 	 0
1788204586207 	 13 	 200 	 3543 	 0
1788204586283 	 13 	 200 	 3544 	 0
1788204586445 	 14 	 200 	 3545 	 0
1788204586493 	 16 	 200 	 3547 	 1
1788204586484 	 29 	 200 	 3547 	 0
1788204586526 	 12 	 200 	 3549 	 1
1788204586528 	 12 	 200 	 3549 	 0
1788204586561 	 33 	 200 	 3550 	 0
1788204586742 	 36 	 200 	 3552 	 1
1788204586747 	 39 	 200 	 3552 	 0
1788204586795 	 19 	 200 	 3555 	 2
1788204586799 	 17 	 200 	 3555 	 1
1788204586801 	 17 	 200 	 3555 	 0
1788204586867 	 16 	 200 	 3556 	 0
1788204586900 	 12 	 200 	 3557 	 0
1788204586953 	 16 	 200 	 3558 	 0
1788204586989 	 18 	 200 	 3559 	 0
1788204587109 	 20 	 200 	 3560 	 0
1788204587156 	 21 	 200 	 3563 	 2
1788204587156 	 23 	 200 	 3563 	 1
1788204587178 	 14 	 200 	 3563 	 0
1788204587219 	 12 	 200 	 3564 	 0
1788204587274 	 15 	 200 	 3565 	 0
1788204587311 	 12 	 200 	 3566 	 0
1788204587386 	 15 	 200 	 3568 	 1
1788204587389 	 27 	 200 	 3568 	 0
1788204587447 	 32 	 200 	 3570 	 1
1788204587460 	 28 	 200 	 3572 	 2
1788204587482 	 18 	 200 	 3573 	 2
1788204587485 	 16 	 200 	 3573 	 1
1788204587492 	 13 	 200 	 3573 	 0
1788204587527 	 12 	 200 	 3574 	 0
1788204587807 	 17 	 200 	 3575 	 0
1788204587922 	 12 	 200 	 3576 	 0
1788204587946 	 13 	 200 	 3577 	 0
1788204587967 	 15 	 200 	 3578 	 0
1788204588106 	 26 	 200 	 3579 	 0
1788204588325 	 27 	 200 	 3581 	 1
1788204588340 	 18 	 200 	 3581 	 0
1788204588394 	 13 	 200 	 3582 	 0
1788204588412 	 14 	 200 	 3583 	 0
1788204588493 	 15 	 200 	 3584 	 0
1788204588535 	 12 	 200 	 3586 	 1
1788204588540 	 13 	 200 	 3586 	 0
1788204588630 	 37 	 200 	 3587 	 0
1788204588713 	 15 	 200 	 3588 	 0
1788204588754 	 15 	 200 	 3589 	 0
1788204588830 	 22 	 200 	 3592 	 2
1788204588819 	 34 	 200 	 3592 	 1
1788204588822 	 31 	 200 	 3592 	 0
1788204588874 	 14 	 200 	 3593 	 0
1788204588974 	 15 	 200 	 3594 	 0
1788204589050 	 12 	 200 	 3595 	 0
1788204589153 	 25 	 200 	 3597 	 1
1788204589141 	 37 	 200 	 3597 	 0
1788204589235 	 18 	 200 	 3598 	 0
1788204589334 	 32 	 200 	 3600 	 2
1788204589355 	 30 	 200 	 3601 	 1
1788204589368 	 18 	 200 	 3601 	 0
1788204589516 	 27 	 200 	 3603 	 1
1788204589530 	 16 	 200 	 3603 	 0
1788204589564 	 22 	 200 	 3605 	 1
1788204589581 	 15 	 200 	 3605 	 0
1788204589620 	 32 	 200 	 3606 	 0
1788204589689 	 33 	 200 	 3607 	 0
1788204589753 	 21 	 200 	 3608 	 0
1788204589805 	 13 	 200 	 3609 	 0
1788204589845 	 14 	 200 	 3610 	 0
1788204589873 	 12 	 200 	 3611 	 0
1788204589944 	 27 	 200 	 3612 	 0
1788204589994 	 12 	 200 	 3613 	 0
1788204590018 	 24 	 200 	 3614 	 0
1788204590050 	 14 	 200 	 3615 	 0
1788204590218 	 22 	 200 	 3616 	 0
1788204590282 	 15 	 200 	 3617 	 0
1788204590417 	 15 	 200 	 3618 	 0
1788204590492 	 15 	 200 	 3620 	 1
1788204590492 	 20 	 200 	 3620 	 0
1788204590582 	 14 	 200 	 3622 	 1
1788204590592 	 13 	 200 	 3622 	 0
1788204590738 	 12 	 200 	 3624 	 1
1788204590750 	 12 	 200 	 3624 	 0
1788204590848 	 30 	 200 	 3625 	 0
1788204590897 	 13 	 200 	 3626 	 0
1788204590941 	 15 	 200 	 3629 	 2
1788204590948 	 13 	 200 	 3629 	 1
1788204590948 	 18 	 200 	 3629 	 0
1788204590991 	 14 	 200 	 3631 	 1
1788204590992 	 14 	 200 	 3631 	 0
1788204591024 	 23 	 200 	 3632 	 0
1788204591055 	 12 	 200 	 3633 	 0
1788204591127 	 14 	 200 	 3634 	 0
1788204591164 	 14 	 200 	 3635 	 0
1788204591222 	 31 	 200 	 3637 	 1
1788204591233 	 22 	 200 	 3637 	 0
1788204591319 	 31 	 200 	 3638 	 0
1788204591387 	 13 	 200 	 3639 	 0
1788204591407 	 14 	 200 	 3640 	 0
1788204591454 	 17 	 200 	 3642 	 1
1788204591467 	 13 	 200 	 3642 	 0
1788204591721 	 29 	 200 	 3645 	 2
1788204591730 	 24 	 200 	 3645 	 1
1788204591711 	 43 	 200 	 3645 	 0
1788204591858 	 35 	 200 	 3646 	 0
1788204592018 	 23 	 200 	 3647 	 0
1788204592077 	 15 	 200 	 3648 	 0
1788204592206 	 32 	 200 	 3649 	 0
1788204592479 	 30 	 200 	 3650 	 0
1788204592527 	 34 	 200 	 3653 	 2
1788204592561 	 14 	 200 	 3653 	 1
1788204592562 	 14 	 200 	 3653 	 0
1788204592607 	 35 	 200 	 3654 	 0
1788204592669 	 16 	 200 	 3655 	 0
1788204592724 	 12 	 200 	 3657 	 1
1788204592737 	 13 	 200 	 3657 	 0
1788204592805 	 34 	 200 	 3660 	 2
1788204592807 	 40 	 200 	 3660 	 1
1788204592839 	 12 	 200 	 3660 	 0
1788204592873 	 15 	 200 	 3661 	 0
1788204593083 	 22 	 200 	 3662 	 0
1788204593176 	 31 	 200 	 3663 	 0
1788204593223 	 20 	 200 	 3664 	 0
1788204593288 	 37 	 200 	 3666 	 1
1788204593302 	 34 	 200 	 3666 	 0
1788204593441 	 38 	 200 	 3667 	 0
1788204593495 	 15 	 200 	 3668 	 0
1788204593517 	 30 	 200 	 3669 	 0
1788204593569 	 35 	 200 	 3670 	 0
1788204593650 	 35 	 200 	 3673 	 2
1788204593662 	 27 	 200 	 3673 	 1
1788204593667 	 25 	 200 	 3673 	 0
1788204593694 	 15 	 200 	 3674 	 0
1788204593713 	 13 	 200 	 3675 	 0
1788204593765 	 12 	 200 	 3676 	 0
1788204593857 	 31 	 200 	 3677 	 0
1788204593947 	 37 	 200 	 3678 	 0
1788204594167 	 23 	 200 	 3679 	 0
1788204594212 	 14 	 200 	 3681 	 1
1788204594212 	 16 	 200 	 3681 	 0
1788204594231 	 12 	 200 	 3682 	 0
1788204594280 	 13 	 200 	 3683 	 0
1788204594347 	 14 	 200 	 3684 	 0
1788204594456 	 14 	 200 	 3686 	 1
1788204594449 	 22 	 200 	 3686 	 0
1788204594631 	 42 	 200 	 3690 	 3
1788204594653 	 26 	 200 	 3690 	 2
1788204594664 	 21 	 200 	 3690 	 1
1788204594671 	 17 	 200 	 3690 	 0
1788204594724 	 26 	 200 	 3692 	 1
1788204594722 	 29 	 200 	 3692 	 0
1788204594818 	 19 	 200 	 3693 	 0
1788204594843 	 11 	 200 	 3694 	 0
1788204594929 	 45 	 200 	 3697 	 2
1788204594935 	 38 	 200 	 3697 	 1
1788204594965 	 17 	 200 	 3697 	 0
1788204595044 	 22 	 200 	 3699 	 1
1788204595064 	 16 	 200 	 3699 	 0
1788204595160 	 25 	 200 	 3701 	 1
1788204595153 	 35 	 200 	 3701 	 0
1788204595229 	 23 	 200 	 3703 	 1
1788204595234 	 21 	 200 	 3703 	 0
1788204595295 	 35 	 200 	 3705 	 1
1788204595312 	 29 	 200 	 3705 	 0
1788204595371 	 33 	 200 	 3707 	 1
1788204595402 	 34 	 200 	 3708 	 1
1788204595419 	 26 	 200 	 3708 	 0
1788204595448 	 23 	 200 	 3711 	 2
1788204595451 	 22 	 200 	 3711 	 1
1788204595457 	 21 	 200 	 3711 	 0
1788204595542 	 36 	 200 	 3713 	 1
1788204595562 	 26 	 200 	 3713 	 0
1788204595675 	 21 	 200 	 3714 	 0
1788204595701 	 13 	 200 	 3715 	 0
1788204595720 	 11 	 200 	 3716 	 0
1788204595795 	 16 	 200 	 3717 	 0
1788204595891 	 39 	 200 	 3719 	 1
1788204595911 	 33 	 200 	 3719 	 0
1788204596099 	 22 	 200 	 3720 	 0
1788204596131 	 13 	 200 	 3722 	 1
1788204596137 	 18 	 200 	 3722 	 0
1788204596197 	 36 	 200 	 3724 	 1
1788204596223 	 31 	 200 	 3724 	 0
1788204596290 	 14 	 200 	 3726 	 1
1788204596304 	 14 	 200 	 3727 	 1
1788204596307 	 12 	 200 	 3727 	 0
1788204596337 	 13 	 200 	 3728 	 0
1788204596370 	 15 	 200 	 3731 	 2
1788204596383 	 13 	 200 	 3731 	 1
1788204596386 	 13 	 200 	 3731 	 0
1788204596412 	 13 	 200 	 3732 	 0
1788204596573 	 14 	 200 	 3733 	 0
1788204596662 	 25 	 200 	 3734 	 0
1788204596710 	 31 	 200 	 3736 	 1
1788204596720 	 32 	 200 	 3736 	 0
1788204596815 	 23 	 200 	 3738 	 1
1788204596826 	 15 	 200 	 3738 	 0
1788204596900 	 40 	 200 	 3739 	 0
1788204597006 	 14 	 200 	 3741 	 1
1788204597020 	 13 	 200 	 3741 	 0
1788204597124 	 17 	 200 	 3744 	 2
1788204597129 	 14 	 200 	 3744 	 1
1788204597142 	 12 	 200 	 3744 	 0
1788204597202 	 17 	 200 	 3745 	 0
1788204597235 	 60 	 200 	 3746 	 0
1788204597309 	 14 	 200 	 3747 	 0
1788204597336 	 30 	 200 	 3750 	 2
1788204597345 	 25 	 200 	 3750 	 1
1788204597345 	 26 	 200 	 3750 	 0
1788204597466 	 22 	 200 	 3751 	 0
1788204597507 	 13 	 200 	 3752 	 0
1788204597524 	 18 	 200 	 3753 	 0
1788204597558 	 12 	 200 	 3754 	 0
1788204597666 	 24 	 200 	 3755 	 0
1788204597721 	 33 	 200 	 3757 	 1
1788204597753 	 25 	 200 	 3757 	 0
1788204597787 	 14 	 200 	 3758 	 0
1788204597815 	 13 	 200 	 3760 	 1
1788204597814 	 14 	 200 	 3760 	 0
1788204597864 	 31 	 200 	 3762 	 1
1788204597894 	 33 	 200 	 3762 	 0
1788204598030 	 27 	 200 	 3764 	 1
1788204598049 	 16 	 200 	 3764 	 0
1788204598247 	 14 	 200 	 3766 	 1
1788204598261 	 16 	 200 	 3766 	 0
1788204598362 	 17 	 200 	 3767 	 0
1788204598416 	 12 	 200 	 3768 	 0
1788204598438 	 13 	 200 	 3769 	 0
1788204598544 	 20 	 200 	 3771 	 1
1788204598550 	 17 	 200 	 3771 	 0
1788204598683 	 14 	 200 	 3773 	 1
1788204598685 	 14 	 200 	 3773 	 0
1788204598711 	 12 	 200 	 3775 	 1
1788204598723 	 13 	 200 	 3775 	 0
1788204598750 	 14 	 200 	 3776 	 0
1788204598901 	 36 	 200 	 3777 	 0
1788204598942 	 21 	 200 	 3779 	 1
1788204598963 	 15 	 200 	 3780 	 1
1788204598973 	 12 	 200 	 3780 	 0
1788204599001 	 28 	 200 	 3781 	 0
1788204599074 	 19 	 200 	 3783 	 1
1788204599089 	 13 	 200 	 3783 	 0
1788204599164 	 25 	 200 	 3785 	 1
1788204599172 	 23 	 200 	 3786 	 1
1788204599193 	 12 	 200 	 3786 	 0
1788204599240 	 14 	 200 	 3788 	 1
1788204599254 	 12 	 200 	 3788 	 0
1788204599344 	 20 	 200 	 3789 	 0
1788204599410 	 19 	 200 	 3790 	 0
1788204599617 	 34 	 200 	 3792 	 1
1788204599625 	 30 	 200 	 3792 	 0
1788204599660 	 15 	 200 	 3793 	 0
1788204599694 	 13 	 200 	 3795 	 1
1788204599679 	 121 	 200 	 3796 	 1
1788204599777 	 25 	 200 	 3796 	 0
1788204599806 	 15 	 200 	 3797 	 0
1788204599823 	 13 	 200 	 3798 	 0
1788204599920 	 18 	 200 	 3799 	 0
1788204600015 	 27 	 200 	 3802 	 2
1788204600021 	 26 	 200 	 3802 	 1
1788204600042 	 16 	 200 	 3802 	 0
1788204600148 	 32 	 200 	 3805 	 2
1788204600153 	 28 	 200 	 3805 	 1
1788204600176 	 16 	 200 	 3805 	 0
1788204600295 	 12 	 200 	 3806 	 0
1788204600354 	 13 	 200 	 3807 	 0
1788204600372 	 14 	 200 	 3808 	 0
1788204600436 	 34 	 200 	 3809 	 0
1788204600488 	 16 	 200 	 3811 	 1
1788204600479 	 27 	 200 	 3811 	 0
1788204600537 	 12 	 200 	 3812 	 0
1788204600589 	 12 	 200 	 3813 	 0
1788204600638 	 14 	 200 	 3817 	 3
1788204600633 	 19 	 200 	 3817 	 2
1788204600645 	 16 	 200 	 3818 	 2
1788204600647 	 16 	 200 	 3818 	 1
1788204600654 	 14 	 200 	 3818 	 0
1788204600678 	 16 	 200 	 3820 	 1
1788204600691 	 13 	 200 	 3821 	 1
1788204600698 	 19 	 200 	 3821 	 0
1788204600809 	 30 	 200 	 3822 	 0
1788204600882 	 14 	 200 	 3824 	 1
1788204600878 	 21 	 200 	 3824 	 0
1788204600915 	 14 	 200 	 3826 	 1
1788204600925 	 15 	 200 	 3826 	 0
1788204600965 	 15 	 200 	 3828 	 1
1788204600970 	 16 	 200 	 3828 	 0
1788204601154 	 30 	 200 	 3829 	 0
1788204601187 	 14 	 200 	 3830 	 0
1788204601248 	 18 	 200 	 3831 	 0
1788204601270 	 13 	 200 	 3832 	 0
1788204601327 	 21 	 200 	 3833 	 0
1788204601405 	 28 	 200 	 3835 	 1
1788204601420 	 19 	 200 	 3835 	 0
1788204601462 	 25 	 200 	 3838 	 2
1788204601479 	 15 	 200 	 3838 	 1
1788204601475 	 30 	 200 	 3838 	 0
1788204601569 	 20 	 200 	 3839 	 0
1788204601601 	 13 	 200 	 3840 	 0
1788204601640 	 14 	 200 	 3841 	 0
1788204601724 	 14 	 200 	 3843 	 1
1788204601896 	 12 	 200 	 3844 	 1
1788204601922 	 12 	 200 	 3845 	 1
1788204602011 	 18 	 200 	 3846 	 1
1788204601673 	 366 	 200 	 3846 	 0
1788204602045 	 16 	 200 	 3847 	 0
1788204602124 	 15 	 200 	 3849 	 1
1788204602137 	 15 	 200 	 3849 	 0
1788204602160 	 17 	 200 	 3850 	 0
1788204602211 	 13 	 200 	 3852 	 1
1788204602322 	 12 	 200 	 3853 	 1
1788204602396 	 24 	 200 	 3854 	 1
1788204602184 	 241 	 200 	 3854 	 0
1788204602463 	 14 	 200 	 3856 	 1
1788204602457 	 19 	 200 	 3856 	 0
1788204602643 	 17 	 200 	 3858 	 1
1788204602657 	 12 	 200 	 3858 	 0
1788204602686 	 27 	 200 	 3859 	 0
1788204602731 	 26 	 200 	 3861 	 1
1788204602750 	 19 	 200 	 3861 	 0
1788204602774 	 12 	 200 	 3862 	 0
1788204602902 	 12 	 200 	 3863 	 0
1788204602972 	 28 	 200 	 3864 	 0
1788204603106 	 32 	 200 	 3865 	 0
1788204603178 	 14 	 200 	 3866 	 0
1788204603234 	 13 	 200 	 3868 	 1
1788204603233 	 17 	 200 	 3868 	 0
1788204603255 	 14 	 200 	 3870 	 1
1788204603265 	 20 	 200 	 3870 	 0
1788204603302 	 33 	 200 	 3871 	 0
1788204603341 	 20 	 200 	 3872 	 0
1788204603478 	 14 	 200 	 3873 	 0
1788204603574 	 34 	 200 	 3874 	 0
1788204603708 	 17 	 200 	 3875 	 0
1788204603746 	 13 	 200 	 3876 	 0
1788204603796 	 15 	 200 	 3877 	 0
1788204603845 	 14 	 200 	 3879 	 1
1788204603850 	 17 	 200 	 3879 	 0
1788204603907 	 32 	 200 	 3882 	 2
1788204603913 	 37 	 200 	 3882 	 1
1788204603926 	 24 	 200 	 3882 	 0
1788204604018 	 32 	 200 	 3883 	 0
1788204604082 	 14 	 200 	 3884 	 0
1788204604131 	 32 	 200 	 3885 	 0
1788204604205 	 13 	 200 	 3886 	 0
1788204604222 	 12 	 200 	 3887 	 0
1788204604269 	 13 	 200 	 3890 	 2
1788204604275 	 13 	 200 	 3890 	 1
1788204604276 	 14 	 200 	 3890 	 0
1788204604404 	 14 	 200 	 3891 	 0
1788204604471 	 16 	 200 	 3892 	 0
1788204604576 	 13 	 200 	 3894 	 1
1788204604581 	 15 	 200 	 3894 	 0
1788204604624 	 15 	 200 	 3897 	 2
1788204604627 	 15 	 200 	 3897 	 1
1788204604635 	 13 	 200 	 3897 	 0
1788204604659 	 12 	 200 	 3898 	 0
1788204604716 	 33 	 200 	 3901 	 2
1788204604718 	 38 	 200 	 3901 	 1
1788204604751 	 17 	 200 	 3901 	 0
1788204604773 	 13 	 200 	 3902 	 0
1788204604846 	 17 	 200 	 3904 	 1
1788204604859 	 18 	 200 	 3905 	 1
1788204604868 	 18 	 200 	 3906 	 1
1788204604881 	 12 	 200 	 3906 	 0
1788204604903 	 16 	 200 	 3907 	 0
1788204605065 	 31 	 200 	 3909 	 1
1788204605072 	 27 	 200 	 3909 	 0
1788204605116 	 14 	 200 	 3910 	 0
1788204605305 	 20 	 200 	 3912 	 1
1788204605306 	 20 	 200 	 3912 	 0
1788204605426 	 16 	 200 	 3914 	 1
1788204605451 	 11 	 200 	 3915 	 1
1788204605557 	 17 	 200 	 3916 	 1
1788204605614 	 29 	 200 	 3917 	 1
1788204605659 	 13 	 200 	 3918 	 1
1788204605330 	 388 	 200 	 3918 	 0
1788204605768 	 14 	 200 	 3920 	 1
1788204605756 	 27 	 200 	 3920 	 0
1788204605838 	 33 	 200 	 3922 	 1
1788204605860 	 24 	 200 	 3922 	 0
1788204605960 	 25 	 200 	 3923 	 0
1788204605991 	 25 	 200 	 3924 	 0
1788204606033 	 32 	 200 	 3926 	 1
1788204606047 	 30 	 200 	 3926 	 0
1788204606082 	 15 	 200 	 3927 	 0
1788204606102 	 13 	 200 	 3928 	 0
1788204606122 	 11 	 200 	 3929 	 0
1788204606177 	 34 	 200 	 3931 	 1
1788204606193 	 28 	 200 	 3931 	 0
1788204606229 	 20 	 200 	 3932 	 0
1788204606288 	 19 	 200 	 3933 	 0
1788204606318 	 13 	 200 	 3934 	 0
1788204606401 	 13 	 200 	 3935 	 0
1788204606448 	 32 	 200 	 3936 	 0
1788204606726 	 14 	 200 	 3937 	 0
1788204606750 	 14 	 200 	 3938 	 0
1788204606853 	 30 	 200 	 3939 	 0
1788204606958 	 26 	 200 	 3940 	 0
1788204607034 	 32 	 200 	 3943 	 2
1788204607043 	 27 	 200 	 3943 	 1
1788204607048 	 22 	 200 	 3943 	 0
1788204607122 	 33 	 200 	 3945 	 1
1788204607145 	 27 	 200 	 3946 	 1
1788204607166 	 14 	 200 	 3948 	 2
1788204607176 	 13 	 200 	 3948 	 1
1788204607180 	 13 	 200 	 3948 	 0
1788204607197 	 15 	 200 	 3950 	 1
1788204607210 	 15 	 200 	 3950 	 0
1788204607333 	 40 	 200 	 3952 	 1
1788204607364 	 14 	 200 	 3952 	 0
1788204607387 	 11 	 200 	 3953 	 0
1788204607425 	 13 	 200 	 3954 	 0
1788204607619 	 32 	 200 	 3955 	 0
1788204607751 	 32 	 200 	 3957 	 1
1788204607777 	 18 	 200 	 3958 	 1
1788204607789 	 13 	 200 	 3958 	 0
1788204607830 	 19 	 200 	 3959 	 0
1788204607933 	 36 	 200 	 3961 	 1
1788204607948 	 29 	 200 	 3961 	 0
1788204608006 	 43 	 200 	 3963 	 1
1788204608004 	 46 	 200 	 3963 	 0
1788204608054 	 18 	 200 	 3964 	 0
1788204608133 	 35 	 200 	 3965 	 0
1788204608260 	 39 	 200 	 3967 	 1
1788204608294 	 14 	 200 	 3967 	 0
1788204608403 	 32 	 200 	 3970 	 2
1788204608418 	 30 	 200 	 3970 	 1
1788204608434 	 26 	 200 	 3972 	 2
1788204608457 	 14 	 200 	 3972 	 1
1788204608460 	 13 	 200 	 3972 	 0
1788204608540 	 25 	 200 	 3973 	 0
1788204608625 	 22 	 200 	 3976 	 2
1788204608634 	 15 	 200 	 3976 	 1
1788204608646 	 13 	 200 	 3976 	 0
1788204608662 	 12 	 200 	 3978 	 1
1788204608673 	 13 	 200 	 3978 	 0
1788204608705 	 43 	 200 	 3981 	 2
1788204608708 	 44 	 200 	 3981 	 1
1788204608743 	 20 	 200 	 3982 	 1
1788204608760 	 12 	 200 	 3983 	 1
1788204608765 	 13 	 200 	 3983 	 0
1788204608918 	 15 	 200 	 3984 	 0
1788204609053 	 27 	 200 	 3987 	 2
1788204609049 	 36 	 200 	 3987 	 1
1788204609080 	 14 	 200 	 3987 	 0
1788204609188 	 37 	 200 	 3988 	 0
1788204609251 	 13 	 200 	 3989 	 0
1788204609293 	 15 	 200 	 3991 	 1
1788204609297 	 19 	 200 	 3991 	 0
1788204609342 	 18 	 200 	 3992 	 0
1788204609381 	 12 	 200 	 3993 	 0
1788204609634 	 37 	 200 	 3995 	 1
1788204609680 	 18 	 200 	 3997 	 2
1788204609663 	 35 	 200 	 3997 	 1
1788204609681 	 20 	 200 	 3997 	 0
1788204609717 	 11 	 200 	 3998 	 0
1788204609742 	 12 	 200 	 3999 	 0
1788204609808 	 23 	 200 	 4000 	 0
1788204609838 	 12 	 200 	 4001 	 0
1788204609879 	 28 	 200 	 4002 	 0
1788204610078 	 13 	 200 	 4004 	 1
1788204610082 	 12 	 200 	 4004 	 0
1788204610131 	 30 	 200 	 4007 	 2
1788204610147 	 26 	 200 	 4007 	 1
1788204610151 	 26 	 200 	 4007 	 0
1788204610209 	 20 	 200 	 4008 	 0
1788204610281 	 19 	 200 	 4010 	 1
1788204610295 	 14 	 200 	 4011 	 1
1788204610309 	 13 	 200 	 4011 	 0
1788204610341 	 30 	 200 	 4014 	 2
1788204610352 	 20 	 200 	 4014 	 1
1788204610367 	 18 	 200 	 4016 	 2
1788204610375 	 13 	 200 	 4016 	 1
1788204610381 	 13 	 200 	 4016 	 0
1788204610425 	 14 	 200 	 4017 	 0
1788204610453 	 12 	 200 	 4018 	 0
1788204610486 	 14 	 200 	 4019 	 0
1788204610518 	 15 	 200 	 4021 	 1
1788204610522 	 12 	 200 	 4021 	 0
1788204610572 	 17 	 200 	 4022 	 0
1788204610744 	 13 	 200 	 4024 	 1
1788204610758 	 14 	 200 	 4024 	 0
1788204610775 	 17 	 200 	 4027 	 2
1788204610788 	 15 	 200 	 4027 	 1
1788204610813 	 16 	 200 	 4030 	 3
1788204610817 	 13 	 200 	 4030 	 2
1788204610817 	 15 	 200 	 4030 	 1
1788204610863 	 35 	 200 	 4031 	 1
1788204610789 	 132 	 200 	 4031 	 0
1788204610962 	 28 	 200 	 4034 	 2
1788204610975 	 19 	 200 	 4034 	 1
1788204610985 	 15 	 200 	 4034 	 0
1788204611280 	 21 	 200 	 4037 	 2
1788204611294 	 14 	 200 	 4037 	 1
1788204611298 	 13 	 200 	 4037 	 0
1788204611370 	 14 	 200 	 4039 	 2
1788204611381 	 13 	 200 	 4041 	 2
1788204611385 	 12 	 200 	 4041 	 1
1788204611386 	 21 	 200 	 4041 	 0
1788204611426 	 13 	 200 	 4042 	 0
1788204611442 	 14 	 200 	 4044 	 1
1788204611445 	 12 	 200 	 4044 	 0
1788204611460 	 11 	 200 	 4045 	 0
1788204611560 	 26 	 200 	 4047 	 1
1788204611570 	 21 	 200 	 4047 	 0
1788204611694 	 33 	 200 	 4052 	 4
1788204611700 	 32 	 200 	 4052 	 3
1788204611703 	 34 	 200 	 4052 	 2
1788204611722 	 18 	 200 	 4052 	 1
1788204611728 	 19 	 200 	 4052 	 0
1788204611757 	 16 	 200 	 4053 	 0
1788204611855 	 29 	 200 	 4055 	 2
1788204611870 	 22 	 200 	 4056 	 1
1788204611886 	 18 	 200 	 4056 	 0
1788204611926 	 13 	 200 	 4057 	 0
1788204612012 	 31 	 200 	 4059 	 1
1788204612013 	 32 	 200 	 4059 	 0
1788204612084 	 38 	 200 	 4061 	 1
1788204612089 	 33 	 200 	 4061 	 0
1788204612263 	 20 	 200 	 4062 	 0
1788204612327 	 14 	 200 	 4063 	 0
1788204612496 	 18 	 200 	 4067 	 3
1788204612492 	 25 	 200 	 4067 	 2
1788204612504 	 14 	 200 	 4067 	 1
1788204612514 	 14 	 200 	 4067 	 0
1788204612645 	 38 	 200 	 4069 	 1
1788204612652 	 34 	 200 	 4069 	 0
1788204612802 	 15 	 200 	 4071 	 1
1788204612814 	 12 	 200 	 4071 	 0
1788204612836 	 16 	 200 	 4072 	 0
1788204612864 	 19 	 200 	 4073 	 0
1788204612909 	 21 	 200 	 4074 	 0
1788204613087 	 42 	 200 	 4076 	 1
1788204613112 	 18 	 200 	 4076 	 0
1788204613140 	 14 	 200 	 4077 	 0
1788204613333 	 35 	 200 	 4079 	 1
1788204613356 	 36 	 200 	 4081 	 2
1788204613374 	 26 	 200 	 4081 	 1
1788204613377 	 24 	 200 	 4081 	 0
1788204613423 	 16 	 200 	 4082 	 0
1788204613722 	 32 	 200 	 4083 	 1
1788204613755 	 13 	 200 	 4084 	 0
1788204613816 	 14 	 200 	 4086 	 1
1788204613801 	 55 	 200 	 4086 	 0
1788204613959 	 20 	 200 	 4088 	 1
1788204613971 	 15 	 200 	 4088 	 0
1788204614081 	 40 	 200 	 4089 	 0
1788204614148 	 12 	 200 	 4090 	 0
1788204614174 	 15 	 200 	 4092 	 1
1788204614186 	 22 	 200 	 4093 	 1
1788204614191 	 20 	 200 	 4093 	 0
1788204614243 	 13 	 200 	 4094 	 0
1788204614263 	 15 	 200 	 4095 	 0
1788204614337 	 12 	 200 	 4096 	 0
1788204614384 	 18 	 200 	 4099 	 2
1788204614386 	 17 	 200 	 4099 	 1
1788204614402 	 14 	 200 	 4099 	 0
1788204614463 	 24 	 200 	 4102 	 2
1788204614451 	 37 	 200 	 4102 	 1
1788204614483 	 14 	 200 	 4102 	 0
1788204614591 	 23 	 200 	 4104 	 1
1788204614611 	 69 	 200 	 4104 	 0
1788204614693 	 12 	 200 	 4105 	 0
1788204614720 	 37 	 200 	 4106 	 0
1788204614777 	 14 	 200 	 4107 	 0
1788204614803 	 15 	 200 	 4108 	 0
1788204614896 	 29 	 200 	 4110 	 1
1788204614926 	 12 	 200 	 4110 	 0
1788204615007 	 33 	 200 	 4111 	 0
1788204615068 	 12 	 200 	 4113 	 1
1788204615081 	 15 	 200 	 4114 	 1
1788204615085 	 13 	 200 	 4114 	 0
1788204615105 	 26 	 200 	 4115 	 0
1788204615157 	 29 	 200 	 4116 	 0
1788204615214 	 24 	 200 	 4117 	 0
1788204615365 	 38 	 200 	 4119 	 1
1788204615399 	 21 	 200 	 4119 	 0
1788204615428 	 12 	 200 	 4120 	 0
1788204615505 	 50 	 200 	 4124 	 3
1788204615515 	 42 	 200 	 4124 	 2
1788204615518 	 42 	 200 	 4124 	 1
1788204615536 	 24 	 200 	 4124 	 0
1788204615636 	 38 	 200 	 4126 	 1
1788204615648 	 31 	 200 	 4126 	 0
1788204615699 	 29 	 200 	 4127 	 0
1788204615824 	 32 	 200 	 4129 	 1
1788204615855 	 20 	 200 	 4129 	 0
1788204615956 	 47 	 200 	 4131 	 1
1788204615967 	 36 	 200 	 4131 	 0
1788204616013 	 21 	 200 	 4134 	 2
1788204616022 	 14 	 200 	 4134 	 1
1788204616035 	 14 	 200 	 4134 	 0
1788204616060 	 20 	 200 	 4135 	 0
1788204616173 	 36 	 200 	 4137 	 1
1788204616208 	 29 	 200 	 4139 	 2
1788204616211 	 28 	 200 	 4139 	 1
1788204616217 	 26 	 200 	 4139 	 0
1788204616256 	 24 	 200 	 4140 	 0
1788204616358 	 36 	 200 	 4141 	 0
1788204616513 	 33 	 200 	 4142 	 0
1788204616691 	 35 	 200 	 4144 	 1
1788204616697 	 29 	 200 	 4144 	 0
1788204616737 	 16 	 200 	 4145 	 0
1788204616867 	 15 	 200 	 4147 	 1
1788204616882 	 14 	 200 	 4147 	 0
1788204616959 	 31 	 200 	 4149 	 1
1788204616965 	 31 	 200 	 4149 	 0
1788204617040 	 38 	 200 	 4150 	 0
1788204617138 	 58 	 200 	 4152 	 1
1788204617183 	 16 	 200 	 4152 	 0
1788204617538 	 31 	 200 	 4155 	 2
1788204617565 	 17 	 200 	 4155 	 1
1788204617570 	 16 	 200 	 4155 	 0
1788204617626 	 33 	 200 	 4159 	 4
1788204617624 	 36 	 200 	 4160 	 3
1788204617638 	 25 	 200 	 4160 	 2
1788204617661 	 24 	 200 	 4160 	 1
1788204617652 	 41 	 200 	 4161 	 1
1788204617687 	 16 	 200 	 4163 	 2
1788204617695 	 15 	 200 	 4163 	 1
1788204617695 	 15 	 200 	 4163 	 0
1788204617801 	 17 	 200 	 4164 	 0
1788204617978 	 38 	 200 	 4165 	 0
1788204618031 	 29 	 200 	 4166 	 0
1788204618083 	 35 	 200 	 4168 	 1
1788204618103 	 27 	 200 	 4168 	 0
1788204618210 	 41 	 200 	 4169 	 0
1788204618310 	 14 	 200 	 4170 	 0
1788204618344 	 15 	 200 	 4172 	 1
1788204618354 	 12 	 200 	 4172 	 0
1788204618449 	 36 	 200 	 4176 	 3
1788204618465 	 27 	 200 	 4176 	 2
1788204618467 	 35 	 200 	 4176 	 1
1788204618479 	 26 	 200 	 4176 	 0
1788204618565 	 33 	 200 	 4178 	 1
1788204618567 	 35 	 200 	 4178 	 0
1788204618644 	 27 	 200 	 4181 	 2
1788204618651 	 24 	 200 	 4181 	 1
1788204618667 	 15 	 200 	 4181 	 0
1788204618689 	 15 	 200 	 4182 	 0
1788204618904 	 14 	 200 	 4183 	 0
1788204619038 	 23 	 200 	 4184 	 0
1788204619162 	 25 	 200 	 4186 	 1
1788204619183 	 14 	 200 	 4186 	 0
1788204619215 	 20 	 200 	 4187 	 0
1788204619322 	 31 	 200 	 4189 	 1
1788204619345 	 22 	 200 	 4189 	 0
1788204619384 	 13 	 200 	 4190 	 0
1788204619481 	 22 	 200 	 4191 	 0
1788204619513 	 13 	 200 	 4193 	 1
1788204619515 	 12 	 200 	 4193 	 0
1788204619607 	 13 	 200 	 4194 	 0
1788204619637 	 13 	 200 	 4195 	 0
1788204619658 	 16 	 200 	 4197 	 1
1788204619666 	 14 	 200 	 4197 	 0
1788204619739 	 46 	 200 	 4198 	 0
1788204619861 	 27 	 200 	 4201 	 2
1788204619866 	 24 	 200 	 4201 	 1
1788204619875 	 19 	 200 	 4201 	 0
1788204619912 	 16 	 200 	 4202 	 0
1788204619934 	 13 	 200 	 4203 	 0
1788204619949 	 13 	 200 	 4204 	 0
1788204620024 	 33 	 200 	 4205 	 0
1788204620084 	 23 	 200 	 4208 	 2
1788204620082 	 27 	 200 	 4208 	 1
1788204620079 	 30 	 200 	 4208 	 0
1788204620214 	 24 	 200 	 4210 	 1
1788204620228 	 14 	 200 	 4210 	 0
1788204620263 	 16 	 200 	 4211 	 0
1788204620341 	 17 	 200 	 4212 	 0
1788204620411 	 37 	 200 	 4214 	 1
1788204620417 	 30 	 200 	 4214 	 0
1788204620517 	 29 	 200 	 4216 	 1
1788204620535 	 15 	 200 	 4216 	 0
1788204620630 	 26 	 200 	 4217 	 0
1788204620819 	 14 	 200 	 4219 	 1
1788204620820 	 18 	 200 	 4219 	 0
1788204621062 	 32 	 200 	 4220 	 0
1788204621345 	 28 	 200 	 4221 	 0
1788204621378 	 12 	 200 	 4222 	 0
1788204621413 	 23 	 200 	 4223 	 0
1788204621482 	 13 	 200 	 4224 	 0
1788204621551 	 27 	 200 	 4227 	 2
1788204621548 	 36 	 200 	 4227 	 1
1788204621564 	 22 	 200 	 4227 	 0
1788204621605 	 30 	 200 	 4228 	 0
1788204621646 	 30 	 200 	 4230 	 1
1788204621692 	 12 	 200 	 4231 	 1
1788204621748 	 12 	 200 	 4232 	 1
1788204621666 	 149 	 200 	 4234 	 2
1788204621808 	 14 	 200 	 4234 	 1
1788204621810 	 15 	 200 	 4234 	 0
1788204621877 	 13 	 200 	 4235 	 0
1788204621943 	 14 	 200 	 4237 	 1
1788204621948 	 12 	 200 	 4237 	 0
1788204621993 	 34 	 200 	 4238 	 0
1788204622044 	 33 	 200 	 4239 	 0
1788204622082 	 13 	 200 	 4240 	 0
1788204622138 	 17 	 200 	 4242 	 1
1788204622149 	 17 	 200 	 4242 	 0
1788204622178 	 14 	 200 	 4243 	 0
1788204622268 	 12 	 200 	 4244 	 0
1788204622335 	 35 	 200 	 4245 	 0
1788204622484 	 15 	 200 	 4246 	 0
1788204622558 	 35 	 200 	 4248 	 1
1788204622566 	 41 	 200 	 4248 	 0
1788204622643 	 36 	 200 	 4251 	 2
1788204622681 	 15 	 200 	 4251 	 1
1788204622659 	 44 	 200 	 4251 	 0
1788204622725 	 27 	 200 	 4252 	 0
1788204622765 	 24 	 200 	 4253 	 0
1788204622837 	 31 	 200 	 4255 	 1
1788204622866 	 20 	 200 	 4255 	 0
1788204622979 	 33 	 200 	 4256 	 0
1788204623042 	 32 	 200 	 4257 	 0
1788204623104 	 32 	 200 	 4258 	 0
1788204623182 	 15 	 200 	 4259 	 0
1788204623224 	 33 	 200 	 4260 	 0
1788204623334 	 45 	 200 	 4261 	 0
1788204623440 	 32 	 200 	 4262 	 0
1788204623559 	 39 	 200 	 4263 	 0
1788204623620 	 34 	 200 	 4264 	 0
1788204623819 	 38 	 200 	 4265 	 0
1788204623871 	 32 	 200 	 4266 	 0
1788204623950 	 13 	 200 	 4267 	 0
1788204623996 	 12 	 200 	 4268 	 0
1788204624041 	 13 	 200 	 4270 	 1
1788204624049 	 14 	 200 	 4270 	 0
1788204624084 	 16 	 200 	 4271 	 0
1788204624106 	 13 	 200 	 4272 	 0
1788204624129 	 14 	 200 	 4273 	 0
1788204624358 	 37 	 200 	 4274 	 0
1788204624431 	 30 	 200 	 4276 	 1
1788204624425 	 38 	 200 	 4276 	 0
1788204624526 	 34 	 200 	 4277 	 0
1788204624626 	 32 	 200 	 4278 	 0
1788204624743 	 35 	 200 	 4280 	 1
1788204624741 	 39 	 200 	 4280 	 0
1788204624896 	 34 	 200 	 4282 	 1
1788204624915 	 25 	 200 	 4282 	 0
1788204625012 	 30 	 200 	 4283 	 0
1788204625044 	 32 	 200 	 4286 	 2
1788204625064 	 18 	 200 	 4286 	 1
1788204625075 	 13 	 200 	 4286 	 0
1788204625145 	 37 	 200 	 4287 	 0
1788204625378 	 17 	 200 	 4288 	 0
1788204625412 	 12 	 200 	 4289 	 0
1788204625435 	 22 	 200 	 4291 	 1
1788204625453 	 13 	 200 	 4291 	 0
1788204625505 	 16 	 200 	 4293 	 1
1788204625514 	 16 	 200 	 4293 	 0
1788204625544 	 13 	 200 	 4295 	 1
1788204625543 	 14 	 200 	 4295 	 0
1788204625724 	 22 	 200 	 4298 	 2
1788204625738 	 16 	 200 	 4298 	 1
1788204625743 	 14 	 200 	 4298 	 0
1788204625763 	 14 	 200 	 4300 	 1
1788204625770 	 13 	 200 	 4301 	 1
1788204625783 	 12 	 200 	 4301 	 0
1788204625798 	 17 	 200 	 4302 	 0
1788204625957 	 37 	 200 	 4304 	 1
1788204625963 	 32 	 200 	 4304 	 0
1788204626057 	 23 	 200 	 4306 	 1
1788204626071 	 15 	 200 	 4306 	 0
1788204626182 	 37 	 200 	 4308 	 1
1788204626217 	 28 	 200 	 4308 	 0
1788204626387 	 13 	 200 	 4309 	 0
1788204626409 	 12 	 200 	 4310 	 0
1788204626453 	 14 	 200 	 4311 	 0
1788204626548 	 33 	 200 	 4313 	 1
1788204626578 	 13 	 200 	 4314 	 1
1788204626585 	 13 	 200 	 4314 	 0
1788204626645 	 21 	 200 	 4315 	 0
1788204626684 	 13 	 200 	 4316 	 0
1788204626706 	 12 	 200 	 4317 	 0
1788204626875 	 36 	 200 	 4318 	 0
1788204626928 	 30 	 200 	 4319 	 0
1788204626967 	 14 	 200 	 4320 	 0
1788204627016 	 17 	 200 	 4321 	 0
1788204627061 	 27 	 200 	 4324 	 2
1788204627068 	 22 	 200 	 4325 	 2
1788204627088 	 18 	 200 	 4326 	 2
1788204627095 	 13 	 200 	 4326 	 1
1788204627091 	 18 	 200 	 4326 	 0
1788204627150 	 31 	 200 	 4327 	 0
1788204627209 	 36 	 200 	 4328 	 0
1788204627254 	 13 	 200 	 4329 	 0
1788204627320 	 12 	 200 	 4330 	 0
1788204627343 	 16 	 200 	 4332 	 1
1788204627351 	 14 	 200 	 4332 	 0
1788204627391 	 12 	 200 	 4333 	 0
1788204627507 	 38 	 200 	 4334 	 0
1788204627652 	 37 	 200 	 4335 	 0
1788204627702 	 33 	 200 	 4337 	 1
1788204627715 	 29 	 200 	 4337 	 0
1788204627839 	 29 	 200 	 4338 	 0
1788204627906 	 14 	 200 	 4339 	 0
1788204628001 	 42 	 200 	 4341 	 1
1788204628036 	 28 	 200 	 4341 	 0
1788204628066 	 18 	 200 	 4342 	 0
1788204628136 	 40 	 200 	 4343 	 0
1788204628213 	 19 	 200 	 4344 	 0
1788204628255 	 13 	 200 	 4345 	 0
1788204628341 	 37 	 200 	 4346 	 0
1788204628399 	 13 	 200 	 4347 	 0
1788204628583 	 36 	 200 	 4349 	 1
1788204628607 	 20 	 200 	 4349 	 0
1788204628662 	 29 	 200 	 4351 	 1
1788204628662 	 35 	 200 	 4351 	 0
1788204628702 	 16 	 200 	 4352 	 0
1788204628749 	 16 	 200 	 4353 	 0
1788204628807 	 12 	 200 	 4354 	 0
1788204628875 	 12 	 200 	 4355 	 0
1788204628952 	 35 	 200 	 4358 	 2
1788204628969 	 39 	 200 	 4358 	 1
1788204628985 	 25 	 200 	 4358 	 0
1788204629069 	 21 	 200 	 4359 	 0
1788204629129 	 14 	 200 	 4360 	 0
1788204629145 	 14 	 200 	 4361 	 0
1788204629247 	 17 	 200 	 4363 	 1
1788204629248 	 19 	 200 	 4363 	 0
1788204629280 	 13 	 200 	 4365 	 1
1788204629292 	 13 	 200 	 4365 	 0
1788204629325 	 13 	 200 	 4366 	 0
1788204629346 	 20 	 200 	 4367 	 0
1788204629472 	 14 	 200 	 4368 	 0
1788204629517 	 14 	 200 	 4370 	 1
1788204629528 	 17 	 200 	 4370 	 0
1788204629805 	 13 	 200 	 4371 	 0
1788204629855 	 20 	 200 	 4373 	 1
1788204629866 	 20 	 200 	 4373 	 0
1788204630040 	 22 	 200 	 4374 	 0
1788204630166 	 38 	 200 	 4375 	 0
1788204630218 	 12 	 200 	 4377 	 1
1788204630228 	 12 	 200 	 4378 	 1
1788204630239 	 12 	 200 	 4378 	 0
1788204630264 	 18 	 200 	 4379 	 0
1788204630349 	 36 	 200 	 4381 	 1
1788204630384 	 13 	 200 	 4381 	 0
1788204630409 	 12 	 200 	 4382 	 0
1788204630538 	 38 	 200 	 4384 	 1
1788204630565 	 33 	 200 	 4384 	 0
1788204630610 	 36 	 200 	 4386 	 1
1788204630615 	 35 	 200 	 4386 	 0
1788204630719 	 33 	 200 	 4390 	 3
1788204630738 	 29 	 200 	 4390 	 2
1788204630740 	 29 	 200 	 4390 	 1
1788204630771 	 17 	 200 	 4392 	 2
1788204630785 	 14 	 200 	 4392 	 1
1788204630803 	 38 	 200 	 4395 	 3
1788204630814 	 30 	 200 	 4395 	 2
1788204630841 	 14 	 200 	 4395 	 1
1788204630742 	 121 	 200 	 4395 	 0
1788204630905 	 21 	 200 	 4396 	 0
1788204630963 	 26 	 200 	 4397 	 0
1788204631017 	 14 	 200 	 4398 	 0
1788204631091 	 14 	 200 	 4399 	 0
1788204631133 	 21 	 200 	 4400 	 0
1788204631206 	 35 	 200 	 4402 	 1
1788204631233 	 25 	 200 	 4402 	 0
1788204631475 	 16 	 200 	 4403 	 0
1788204631551 	 32 	 200 	 4405 	 1
1788204631578 	 26 	 200 	 4405 	 0
1788204631622 	 32 	 200 	 4407 	 1
1788204631647 	 33 	 200 	 4407 	 0
1788204631773 	 13 	 200 	 4408 	 0
1788204631814 	 18 	 200 	 4409 	 0
1788204631837 	 14 	 200 	 4410 	 0
1788204632007 	 34 	 200 	 4412 	 1
1788204632024 	 22 	 200 	 4412 	 0
1788204632106 	 30 	 200 	 4413 	 0
1788204632184 	 26 	 200 	 4417 	 3
1788204632179 	 31 	 200 	 4417 	 2
1788204632189 	 22 	 200 	 4417 	 1
1788204632208 	 13 	 200 	 4417 	 0
1788204632256 	 16 	 200 	 4418 	 0
1788204632292 	 29 	 200 	 4420 	 1
1788204632303 	 20 	 200 	 4420 	 0
1788204632365 	 17 	 200 	 4421 	 0
1788204632460 	 23 	 200 	 4422 	 0
1788204632536 	 13 	 200 	 4423 	 0
1788204632608 	 39 	 200 	 4426 	 2
1788204632630 	 32 	 200 	 4426 	 1
1788204632642 	 23 	 200 	 4426 	 0
1788204632920 	 33 	 200 	 4428 	 1
1788204632952 	 18 	 200 	 4429 	 1
1788204632965 	 13 	 200 	 4430 	 1
1788204632979 	 14 	 200 	 4431 	 1
1788204632987 	 14 	 200 	 4431 	 0
1788204633070 	 35 	 200 	 4433 	 1
1788204633083 	 32 	 200 	 4433 	 0
1788204633176 	 14 	 200 	 4434 	 0
1788204633204 	 13 	 200 	 4435 	 0
1788204633272 	 22 	 200 	 4436 	 0
1788204633327 	 34 	 200 	 4440 	 3
1788204633336 	 27 	 200 	 4440 	 2
1788204633362 	 14 	 200 	 4440 	 1
1788204633352 	 24 	 200 	 4440 	 0
1788204633406 	 34 	 200 	 4442 	 1
1788204633435 	 16 	 200 	 4442 	 0
1788204633463 	 20 	 200 	 4443 	 0
1788204633514 	 14 	 200 	 4445 	 1
1788204633524 	 12 	 200 	 4445 	 0
1788204633538 	 15 	 200 	 4446 	 0
1788204633571 	 13 	 200 	 4447 	 0
1788204633601 	 13 	 200 	 4448 	 0
1788204633618 	 13 	 200 	 4449 	 0
1788204633646 	 29 	 200 	 4451 	 1
1788204633657 	 30 	 200 	 4451 	 0
1788204633706 	 30 	 200 	 4452 	 0
1788204633758 	 13 	 200 	 4453 	 0
1788204633782 	 13 	 200 	 4454 	 0
1788204633861 	 28 	 200 	 4455 	 0
1788204633929 	 14 	 200 	 4456 	 0
1788204633958 	 15 	 200 	 4458 	 1
1788204633961 	 14 	 200 	 4458 	 0
1788204633978 	 12 	 200 	 4459 	 0
1788204634054 	 20 	 200 	 4460 	 0
1788204634115 	 19 	 200 	 4463 	 2
1788204634117 	 18 	 200 	 4463 	 1
1788204634126 	 18 	 200 	 4464 	 1
1788204634137 	 12 	 200 	 4464 	 0
1788204634171 	 12 	 200 	 4465 	 0
1788204634191 	 23 	 200 	 4468 	 2
1788204634198 	 16 	 200 	 4468 	 1
1788204634209 	 13 	 200 	 4468 	 0
1788204634235 	 12 	 200 	 4469 	 0
1788204634359 	 25 	 200 	 4471 	 1
1788204634365 	 26 	 200 	 4471 	 0
1788204634514 	 37 	 200 	 4473 	 1
1788204634519 	 38 	 200 	 4473 	 0
1788204634587 	 36 	 200 	 4476 	 2
1788204634592 	 33 	 200 	 4476 	 1
1788204634609 	 19 	 200 	 4476 	 0
1788204634837 	 29 	 200 	 4477 	 0
1788204634891 	 35 	 200 	 4480 	 2
1788204634904 	 34 	 200 	 4480 	 1
1788204634913 	 26 	 200 	 4480 	 0
1788204634957 	 15 	 200 	 4481 	 0
1788204634983 	 19 	 200 	 4482 	 0
1788204635118 	 40 	 200 	 4483 	 0
1788204635203 	 16 	 200 	 4484 	 0
1788204635388 	 30 	 200 	 4489 	 4
1788204635385 	 41 	 200 	 4489 	 3
1788204635406 	 29 	 200 	 4489 	 2
1788204635415 	 21 	 200 	 4489 	 1
1788204635418 	 20 	 200 	 4489 	 0
1788204635579 	 16 	 200 	 4490 	 0
1788204635620 	 13 	 200 	 4491 	 0
1788204635636 	 12 	 200 	 4492 	 0
1788204635665 	 11 	 200 	 4494 	 1
1788204635677 	 15 	 200 	 4494 	 0
1788204635791 	 13 	 200 	 4495 	 0
1788204635806 	 14 	 200 	 4496 	 0
1788204635829 	 15 	 200 	 4497 	 0
1788204635893 	 14 	 200 	 4499 	 1
1788204635893 	 15 	 200 	 4499 	 0
1788204635931 	 17 	 200 	 4500 	 0
1788204635985 	 26 	 200 	 4501 	 0
1788204636032 	 31 	 200 	 4502 	 0
1788204636193 	 34 	 200 	 4504 	 1
1788204636218 	 33 	 200 	 4504 	 0
1788204636351 	 13 	 200 	 4505 	 0
1788204636368 	 12 	 200 	 4507 	 1
1788204636368 	 14 	 200 	 4507 	 0
1788204636385 	 14 	 200 	 4510 	 2
1788204636388 	 12 	 200 	 4510 	 1
1788204636398 	 13 	 200 	 4510 	 0
1788204636439 	 19 	 200 	 4512 	 1
1788204636458 	 12 	 200 	 4512 	 0
1788204636501 	 18 	 200 	 4514 	 1
1788204636514 	 12 	 200 	 4514 	 0
1788204636643 	 18 	 200 	 4516 	 1
1788204636645 	 17 	 200 	 4516 	 0
1788204636666 	 13 	 200 	 4518 	 1
1788204636677 	 15 	 200 	 4518 	 0
1788204636732 	 27 	 200 	 4521 	 2
1788204636737 	 22 	 200 	 4521 	 1
1788204636751 	 21 	 200 	 4522 	 1
1788204636767 	 13 	 200 	 4522 	 0
1788204636858 	 14 	 200 	 4523 	 0
1788204636888 	 31 	 200 	 4524 	 0
1788204636926 	 18 	 200 	 4525 	 0
1788204637006 	 38 	 200 	 4527 	 1
1788204637018 	 35 	 200 	 4529 	 2
1788204637048 	 15 	 200 	 4529 	 1
1788204637054 	 14 	 200 	 4529 	 0
1788204637098 	 14 	 200 	 4530 	 0
1788204637150 	 14 	 200 	 4533 	 2
1788204637151 	 32 	 200 	 4534 	 2
1788204637148 	 37 	 200 	 4534 	 1
1788204637177 	 13 	 200 	 4534 	 0
1788204637298 	 13 	 200 	 4535 	 0
1788204637364 	 13 	 200 	 4536 	 0
1788204637487 	 45 	 200 	 4538 	 1
1788204637525 	 14 	 200 	 4538 	 0
1788204637588 	 24 	 200 	 4539 	 0
1788204637617 	 26 	 200 	 4540 	 0
1788204637681 	 15 	 200 	 4541 	 0
1788204637725 	 30 	 200 	 4542 	 0
1788204637807 	 32 	 200 	 4543 	 0
1788204637860 	 16 	 200 	 4544 	 0
1788204637931 	 18 	 200 	 4545 	 0
1788204637952 	 15 	 200 	 4547 	 1
1788204637955 	 16 	 200 	 4548 	 1
1788204637970 	 12 	 200 	 4548 	 0
1788204637985 	 13 	 200 	 4549 	 0
1788204638221 	 38 	 200 	 4553 	 3
1788204638247 	 27 	 200 	 4553 	 2
1788204638249 	 26 	 200 	 4553 	 1
1788204638245 	 34 	 200 	 4553 	 0
1788204638300 	 15 	 200 	 4554 	 0
1788204638363 	 18 	 200 	 4555 	 0
1788204638423 	 34 	 200 	 4556 	 0
1788204638507 	 32 	 200 	 4558 	 1
1788204638538 	 23 	 200 	 4558 	 0
1788204638575 	 32 	 200 	 4559 	 0
1788204638685 	 35 	 200 	 4560 	 0
1788204638723 	 30 	 200 	 4561 	 0
1788204638781 	 19 	 200 	 4562 	 0
1788204638823 	 17 	 200 	 4563 	 0
1788204638877 	 15 	 200 	 4564 	 0
1788204639022 	 38 	 200 	 4566 	 1
1788204639032 	 30 	 200 	 4566 	 0
1788204639092 	 16 	 200 	 4567 	 0
1788204639128 	 12 	 200 	 4568 	 0
1788204639146 	 42 	 200 	 4570 	 1
1788204639176 	 13 	 200 	 4570 	 0
1788204639219 	 22 	 200 	 4571 	 0
1788204639280 	 18 	 200 	 4573 	 1
1788204639295 	 14 	 200 	 4573 	 0
1788204639336 	 17 	 200 	 4574 	 0
1788204639452 	 13 	 200 	 4576 	 1
1788204639458 	 20 	 200 	 4576 	 0
1788204639562 	 14 	 200 	 4577 	 0
1788204639643 	 34 	 200 	 4578 	 0
1788204639723 	 31 	 200 	 4579 	 0
1788204639826 	 38 	 200 	 4580 	 0
1788204639886 	 31 	 200 	 4581 	 0
1788204639968 	 22 	 200 	 4583 	 1
1788204639978 	 14 	 200 	 4584 	 1
1788204639992 	 13 	 200 	 4584 	 0
1788204640085 	 15 	 200 	 4585 	 0
1788204640105 	 16 	 200 	 4587 	 1
1788204640109 	 16 	 200 	 4587 	 0
1788204640138 	 15 	 200 	 4588 	 0
1788204640178 	 32 	 200 	 4589 	 0
1788204640274 	 27 	 200 	 4591 	 1
1788204640278 	 25 	 200 	 4591 	 0
1788204640345 	 18 	 200 	 4592 	 0
1788204640389 	 12 	 200 	 4593 	 0
1788204640435 	 12 	 200 	 4594 	 0
1788204640570 	 23 	 200 	 4595 	 0
1788204640597 	 11 	 200 	 4596 	 0
1788204640613 	 13 	 200 	 4597 	 0
1788204640649 	 20 	 200 	 4598 	 0
1788204640682 	 21 	 200 	 4599 	 0
1788204640751 	 27 	 200 	 4601 	 1
1788204640755 	 25 	 200 	 4601 	 0
1788204640837 	 17 	 200 	 4604 	 2
1788204640838 	 16 	 200 	 4604 	 1
1788204640832 	 38 	 200 	 4604 	 0
1788204640977 	 37 	 200 	 4605 	 0
1788204641022 	 31 	 200 	 4608 	 2
1788204641036 	 29 	 200 	 4609 	 2
1788204641050 	 21 	 200 	 4609 	 1
1788204641057 	 14 	 200 	 4609 	 0
1788204641122 	 26 	 200 	 4610 	 0
1788204641228 	 23 	 200 	 4611 	 0
1788204641268 	 13 	 200 	 4612 	 0
1788204641335 	 22 	 200 	 4613 	 0
1788204641361 	 14 	 200 	 4615 	 1
1788204641367 	 15 	 200 	 4615 	 0
1788204641432 	 12 	 200 	 4616 	 0
1788204641602 	 14 	 200 	 4617 	 0
1788204641637 	 13 	 200 	 4618 	 0
1788204641651 	 13 	 200 	 4619 	 0
1788204641782 	 17 	 200 	 4621 	 1
1788204641792 	 13 	 200 	 4621 	 0
1788204641834 	 12 	 200 	 4622 	 0
1788204641889 	 35 	 200 	 4623 	 0
1788204641948 	 18 	 200 	 4624 	 0
1788204642023 	 43 	 200 	 4627 	 2
1788204642033 	 35 	 200 	 4627 	 1
1788204642042 	 26 	 200 	 4627 	 0
1788204642152 	 34 	 200 	 4628 	 0
1788204642212 	 13 	 200 	 4629 	 0
1788204642260 	 38 	 200 	 4631 	 1
1788204642262 	 39 	 200 	 4631 	 0
1788204642410 	 54 	 200 	 4633 	 1
1788204642386 	 79 	 200 	 4633 	 0
1788204642528 	 13 	 200 	 4634 	 0
1788204642543 	 12 	 200 	 4635 	 0
1788204642644 	 36 	 200 	 4637 	 1
1788204642646 	 37 	 200 	 4637 	 0
1788204642899 	 25 	 200 	 4638 	 0
1788204642973 	 14 	 200 	 4639 	 0
1788204643014 	 17 	 200 	 4640 	 0
1788204643063 	 36 	 200 	 4643 	 2
1788204643067 	 34 	 200 	 4643 	 1
1788204643082 	 20 	 200 	 4643 	 0
1788204643112 	 28 	 200 	 4644 	 0
1788204643142 	 14 	 200 	 4645 	 0
1788204643335 	 13 	 200 	 4647 	 1
1788204643338 	 13 	 200 	 4647 	 0
1788204643384 	 17 	 200 	 4650 	 2
1788204643389 	 16 	 200 	 4650 	 1
1788204643402 	 14 	 200 	 4650 	 0
1788204643441 	 19 	 200 	 4652 	 1
1788204643449 	 15 	 200 	 4652 	 0
1788204643484 	 15 	 200 	 4654 	 1
1788204643493 	 13 	 200 	 4656 	 2
1788204643502 	 13 	 200 	 4656 	 1
1788204643506 	 16 	 200 	 4656 	 0
1788204643537 	 35 	 200 	 4657 	 0
1788204643634 	 32 	 200 	 4660 	 2
1788204643640 	 33 	 200 	 4660 	 1
1788204643654 	 24 	 200 	 4660 	 0
1788204643707 	 35 	 200 	 4661 	 0
1788204643848 	 34 	 200 	 4663 	 1
1788204643857 	 29 	 200 	 4663 	 0
1788204643948 	 39 	 200 	 4664 	 0
1788204643996 	 33 	 200 	 4669 	 4
1788204644000 	 35 	 200 	 4669 	 3
1788204644024 	 22 	 200 	 4670 	 3
1788204644026 	 24 	 200 	 4670 	 2
1788204644028 	 24 	 200 	 4670 	 1
1788204644042 	 19 	 200 	 4670 	 0
1788204644107 	 31 	 200 	 4671 	 0
1788204644156 	 17 	 200 	 4673 	 1
1788204644170 	 13 	 200 	 4673 	 0
1788204644256 	 17 	 200 	 4675 	 1
1788204644265 	 16 	 200 	 4675 	 0
1788204644290 	 14 	 200 	 4676 	 0
1788204644385 	 29 	 200 	 4677 	 0
1788204644490 	 28 	 200 	 4678 	 0
1788204644532 	 37 	 200 	 4679 	 0
1788204644598 	 32 	 200 	 4681 	 1
1788204644619 	 30 	 200 	 4681 	 0
1788204644652 	 29 	 200 	 4682 	 0
1788204644833 	 13 	 200 	 4683 	 0
1788204644868 	 15 	 200 	 4686 	 2
1788204644877 	 16 	 200 	 4686 	 1
1788204644882 	 12 	 200 	 4686 	 0
1788204644933 	 13 	 200 	 4687 	 0
1788204644987 	 12 	 200 	 4688 	 0
1788204645169 	 17 	 200 	 4689 	 0
1788204645211 	 14 	 200 	 4690 	 0
1788204645291 	 42 	 200 	 4691 	 0
1788204645360 	 14 	 200 	 4692 	 0
1788204645382 	 12 	 200 	 4693 	 0
1788204645407 	 13 	 200 	 4694 	 0
1788204645458 	 16 	 200 	 4697 	 2
1788204645463 	 14 	 200 	 4697 	 1
1788204645470 	 15 	 200 	 4697 	 0
1788204645553 	 34 	 200 	 4698 	 0
1788204645614 	 14 	 200 	 4699 	 0
1788204645678 	 30 	 200 	 4702 	 2
1788204645675 	 35 	 200 	 4702 	 1
1788204645680 	 33 	 200 	 4702 	 0
1788204645806 	 18 	 200 	 4703 	 0
1788204645827 	 19 	 200 	 4704 	 0
1788204645916 	 33 	 200 	 4705 	 0
1788204645958 	 18 	 200 	 4706 	 0
1788204646026 	 39 	 200 	 4707 	 0
1788204646097 	 33 	 200 	 4708 	 0
1788204646215 	 31 	 200 	 4711 	 2
1788204646218 	 41 	 200 	 4711 	 1
1788204646221 	 38 	 200 	 4711 	 0
1788204646324 	 13 	 200 	 4712 	 0
1788204646360 	 15 	 200 	 4713 	 0
1788204646459 	 21 	 200 	 4717 	 3
1788204646443 	 37 	 200 	 4717 	 2
1788204646436 	 63 	 200 	 4717 	 1
1788204646585 	 13 	 200 	 4719 	 2
1788204646603 	 39 	 200 	 4721 	 3
1788204646626 	 21 	 200 	 4721 	 2
1788204646567 	 107 	 200 	 4723 	 3
1788204646661 	 43 	 200 	 4723 	 2
1788204646665 	 76 	 200 	 4724 	 2
1788204646724 	 29 	 200 	 4725 	 2
1788204646747 	 14 	 200 	 4725 	 1
1788204646434 	 341 	 200 	 4726 	 1
1788204646770 	 13 	 200 	 4726 	 0
1788204646829 	 13 	 200 	 4727 	 0
1788204646852 	 16 	 200 	 4728 	 0
1788204646883 	 19 	 200 	 4729 	 0
1788204646913 	 15 	 200 	 4730 	 0
1788204646933 	 12 	 200 	 4732 	 1
1788204646947 	 13 	 200 	 4732 	 0
1788204647071 	 38 	 200 	 4734 	 1
1788204647098 	 27 	 200 	 4734 	 0
1788204647195 	 16 	 200 	 4735 	 0
1788204647214 	 19 	 200 	 4737 	 1
1788204647223 	 13 	 200 	 4737 	 0
1788204647262 	 13 	 200 	 4738 	 0
1788204647317 	 14 	 200 	 4740 	 1
1788204647324 	 14 	 200 	 4740 	 0
1788204647409 	 14 	 200 	 4742 	 1
1788204647420 	 13 	 200 	 4742 	 0
1788204647511 	 33 	 200 	 4743 	 0
1788204647606 	 33 	 200 	 4744 	 0
1788204647657 	 29 	 200 	 4746 	 1
1788204647670 	 18 	 200 	 4746 	 0
1788204647714 	 26 	 200 	 4747 	 0
1788204647890 	 16 	 200 	 4748 	 0
1788204647925 	 15 	 200 	 4750 	 1
1788204647933 	 12 	 200 	 4750 	 0
1788204647955 	 13 	 200 	 4751 	 0
1788204648057 	 31 	 200 	 4752 	 0
1788204648150 	 32 	 200 	 4753 	 0
1788204648196 	 34 	 200 	 4756 	 2
1788204648198 	 34 	 200 	 4756 	 1
1788204648226 	 14 	 200 	 4756 	 0
1788204648258 	 19 	 200 	 4757 	 0
1788204648400 	 22 	 200 	 4759 	 1
1788204648412 	 16 	 200 	 4759 	 0
1788204648437 	 12 	 200 	 4760 	 0
1788204648604 	 13 	 200 	 4761 	 0
1788204648642 	 16 	 200 	 4762 	 0
1788204648698 	 19 	 200 	 4763 	 0
1788204648825 	 20 	 200 	 4764 	 0
1788204648882 	 16 	 200 	 4766 	 1
1788204648879 	 20 	 200 	 4766 	 0
1788204648905 	 12 	 200 	 4767 	 0
1788204648945 	 18 	 200 	 4768 	 0
1788204648983 	 30 	 200 	 4770 	 1
1788204648988 	 27 	 200 	 4770 	 0
1788204649037 	 39 	 200 	 4771 	 0
1788204649123 	 33 	 200 	 4774 	 2
1788204649124 	 31 	 200 	 4774 	 1
1788204649139 	 24 	 200 	 4774 	 0
1788204649251 	 24 	 200 	 4775 	 0
1788204649304 	 15 	 200 	 4776 	 0
1788204649342 	 12 	 200 	 4777 	 0
1788204649459 	 34 	 200 	 4779 	 1
1788204649463 	 33 	 200 	 4780 	 1
1788204649496 	 22 	 200 	 4781 	 1
1788204649502 	 23 	 200 	 4781 	 0
1788204649728 	 30 	 200 	 4782 	 0
1788204649856 	 33 	 200 	 4785 	 2
1788204649863 	 32 	 200 	 4785 	 1
1788204649879 	 26 	 200 	 4785 	 0
1788204649929 	 19 	 200 	 4786 	 0
1788204649968 	 16 	 200 	 4787 	 0
1788204650005 	 16 	 200 	 4788 	 0
1788204650243 	 13 	 200 	 4789 	 0
1788204650387 	 40 	 200 	 4792 	 2
1788204650404 	 27 	 200 	 4792 	 1
1788204650411 	 24 	 200 	 4792 	 0
1788204650491 	 34 	 200 	 4793 	 0
1788204650571 	 40 	 200 	 4794 	 0
1788204650743 	 37 	 200 	 4795 	 0
1788204650801 	 23 	 200 	 4796 	 0
1788204650836 	 11 	 200 	 4797 	 0
1788204650944 	 16 	 200 	 4798 	 0
1788204651072 	 21 	 200 	 4800 	 1
1788204651083 	 16 	 200 	 4800 	 0
1788204651153 	 31 	 200 	 4805 	 4
1788204651162 	 27 	 200 	 4805 	 3
1788204651157 	 34 	 200 	 4805 	 2
1788204651159 	 33 	 200 	 4805 	 1
1788204651185 	 13 	 200 	 4805 	 0
1788204651321 	 27 	 200 	 4806 	 0
1788204651391 	 37 	 200 	 4807 	 1
1788204651431 	 16 	 200 	 4809 	 1
1788204651442 	 13 	 200 	 4809 	 0
1788204651520 	 34 	 200 	 4811 	 1
1788204651551 	 28 	 200 	 4811 	 0
1788204651607 	 34 	 200 	 4812 	 0
1788204651717 	 36 	 200 	 4813 	 0
1788204651825 	 43 	 200 	 4817 	 3
1788204651832 	 40 	 200 	 4817 	 2
1788204651862 	 13 	 200 	 4817 	 1
1788204651860 	 16 	 200 	 4817 	 0
1788204651880 	 14 	 200 	 4818 	 0
1788204651965 	 34 	 200 	 4820 	 1
1788204651983 	 26 	 200 	 4821 	 1
1788204652004 	 15 	 200 	 4821 	 0
1788204652040 	 30 	 200 	 4822 	 0
1788204652204 	 22 	 200 	 4824 	 1
1788204652225 	 21 	 200 	 4824 	 0
1788204652264 	 12 	 200 	 4825 	 0
1788204652305 	 16 	 200 	 4826 	 0
1788204652346 	 12 	 200 	 4827 	 0
1788204652405 	 39 	 200 	 4829 	 1
1788204652425 	 22 	 200 	 4829 	 0
1788204652565 	 23 	 200 	 4830 	 0
1788204652621 	 30 	 200 	 4831 	 0
1788204652798 	 39 	 200 	 4833 	 1
1788204652815 	 28 	 200 	 4834 	 1
1788204652842 	 17 	 200 	 4834 	 0
1788204652903 	 34 	 200 	 4835 	 0
1788204652948 	 33 	 200 	 4836 	 0
1788204653044 	 35 	 200 	 4838 	 1
1788204653046 	 35 	 200 	 4838 	 0
1788204653276 	 31 	 200 	 4839 	 0
1788204653382 	 13 	 200 	 4841 	 1
1788204653390 	 13 	 200 	 4841 	 0
1788204653427 	 15 	 200 	 4842 	 0
1788204653448 	 12 	 200 	 4843 	 0
1788204653503 	 31 	 200 	 4845 	 1
1788204653512 	 31 	 200 	 4845 	 0
1788204653577 	 32 	 200 	 4846 	 0
1788204653826 	 33 	 200 	 4847 	 0
1788204653893 	 37 	 200 	 4848 	 0
1788204653946 	 28 	 200 	 4849 	 0
1788204653987 	 19 	 200 	 4850 	 0
1788204654143 	 37 	 200 	 4852 	 1
1788204654152 	 32 	 200 	 4852 	 0
1788204654192 	 20 	 200 	 4855 	 2
1788204654206 	 30 	 200 	 4857 	 3
1788204654221 	 18 	 200 	 4857 	 2
1788204654232 	 20 	 200 	 4857 	 1
1788204654206 	 46 	 200 	 4857 	 0
1788204654279 	 31 	 200 	 4858 	 0
1788204654379 	 28 	 200 	 4859 	 0
1788204654440 	 14 	 200 	 4860 	 0
1788204654467 	 14 	 200 	 4861 	 0
1788204654492 	 13 	 200 	 4862 	 0
1788204654622 	 35 	 200 	 4863 	 0
1788204654693 	 40 	 200 	 4865 	 1
1788204654718 	 28 	 200 	 4865 	 0
1788204654846 	 27 	 200 	 4867 	 1
1788204654860 	 15 	 200 	 4867 	 0
1788204654911 	 37 	 200 	 4868 	 0
1788204655022 	 17 	 200 	 4871 	 2
1788204655033 	 15 	 200 	 4871 	 1
1788204655023 	 44 	 200 	 4872 	 1
1788204655063 	 14 	 200 	 4872 	 0
1788204655180 	 31 	 200 	 4873 	 0
1788204655324 	 37 	 200 	 4874 	 0
1788204655368 	 14 	 200 	 4875 	 0
1788204655427 	 32 	 200 	 4880 	 4
1788204655435 	 29 	 200 	 4880 	 3
1788204655455 	 15 	 200 	 4880 	 2
1788204655452 	 19 	 200 	 4880 	 1
1788204655450 	 22 	 200 	 4880 	 0
1788204655488 	 29 	 200 	 4881 	 0
1788204655525 	 22 	 200 	 4883 	 1
1788204655533 	 17 	 200 	 4883 	 0
1788204655578 	 15 	 200 	 4884 	 0
1788204655742 	 39 	 200 	 4885 	 0
1788204655965 	 38 	 200 	 4887 	 1
1788204655972 	 30 	 200 	 4887 	 0
1788204656119 	 35 	 200 	 4889 	 1
1788204656135 	 21 	 200 	 4889 	 0
1788204656182 	 14 	 200 	 4890 	 0
1788204656215 	 24 	 200 	 4892 	 1
1788204656218 	 25 	 200 	 4892 	 0
1788204656292 	 35 	 200 	 4894 	 1
1788204656296 	 31 	 200 	 4894 	 0
1788204656380 	 19 	 200 	 4896 	 1
1788204656384 	 17 	 200 	 4896 	 0
1788204656495 	 35 	 200 	 4899 	 2
1788204656532 	 23 	 200 	 4902 	 4
1788204656526 	 29 	 200 	 4902 	 3
1788204656528 	 31 	 200 	 4902 	 2
1788204656546 	 17 	 200 	 4902 	 1
1788204656555 	 16 	 200 	 4902 	 0
1788204656581 	 12 	 200 	 4903 	 0
1788204656798 	 32 	 200 	 4904 	 0
1788204656839 	 14 	 200 	 4907 	 2
1788204656840 	 13 	 200 	 4907 	 1
1788204656851 	 13 	 200 	 4907 	 0
1788204657026 	 33 	 200 	 4909 	 1
1788204657059 	 37 	 200 	 4910 	 1
1788204657085 	 22 	 200 	 4910 	 0
1788204657132 	 34 	 200 	 4912 	 1
1788204657162 	 29 	 200 	 4912 	 0
1788204657210 	 33 	 200 	 4913 	 0
1788204657268 	 31 	 200 	 4914 	 0
1788204657388 	 14 	 200 	 4915 	 0
1788204657555 	 30 	 200 	 4916 	 0
1788204657642 	 15 	 200 	 4917 	 0
1788204657805 	 16 	 200 	 4918 	 0
1788204657833 	 13 	 200 	 4919 	 0
1788204657862 	 12 	 200 	 4920 	 0
1788204657936 	 42 	 200 	 4922 	 1
1788204657936 	 44 	 200 	 4922 	 0
1788204658007 	 18 	 200 	 4923 	 0
1788204658045 	 36 	 200 	 4925 	 1
1788204658063 	 32 	 200 	 4926 	 1
1788204658086 	 25 	 200 	 4926 	 0
1788204658164 	 35 	 200 	 4927 	 0
1788204658207 	 24 	 200 	 4929 	 1
1788204658212 	 24 	 200 	 4929 	 0
1788204658280 	 34 	 200 	 4932 	 2
1788204658282 	 32 	 200 	 4932 	 1
1788204658307 	 22 	 200 	 4932 	 0
1788204658373 	 13 	 200 	 4933 	 0
1788204658423 	 31 	 200 	 4935 	 1
1788204658434 	 41 	 200 	 4936 	 1
1788204658467 	 15 	 200 	 4936 	 0
1788204658496 	 13 	 200 	 4938 	 1
1788204658502 	 19 	 200 	 4938 	 0
1788204658560 	 16 	 200 	 4939 	 0
1788204658611 	 19 	 200 	 4940 	 0
1788204658692 	 28 	 200 	 4941 	 0
1788204658722 	 33 	 200 	 4943 	 1
1788204658744 	 26 	 200 	 4943 	 0
1788204658811 	 22 	 200 	 4944 	 0
1788204658862 	 30 	 200 	 4945 	 0
1788204658990 	 32 	 200 	 4946 	 0
1788204659199 	 33 	 200 	 4948 	 1
1788204659219 	 21 	 200 	 4948 	 0
1788204659322 	 34 	 200 	 4949 	 0
1788204659448 	 16 	 200 	 4950 	 0
1788204659508 	 21 	 200 	 4952 	 1
1788204659525 	 12 	 200 	 4952 	 0
1788204659549 	 25 	 200 	 4953 	 0
1788204659608 	 19 	 200 	 4955 	 1
1788204659619 	 28 	 200 	 4955 	 0
1788204659656 	 13 	 200 	 4956 	 0
1788204659696 	 35 	 200 	 4958 	 1
1788204659704 	 29 	 200 	 4958 	 0
1788204659780 	 13 	 200 	 4959 	 0
1788204659818 	 15 	 200 	 4960 	 0
1788204659885 	 36 	 200 	 4962 	 1
1788204659911 	 32 	 200 	 4962 	 0
1788204659949 	 16 	 200 	 4963 	 0
1788204660032 	 34 	 200 	 4965 	 1
1788204660061 	 33 	 200 	 4966 	 1
1788204660089 	 18 	 200 	 4967 	 1
1788204660097 	 17 	 200 	 4967 	 0
1788204660190 	 23 	 200 	 4971 	 3
1788204660173 	 45 	 200 	 4971 	 2
1788204660213 	 13 	 200 	 4971 	 1
1788204660211 	 15 	 200 	 4971 	 0
1788204660258 	 36 	 200 	 4975 	 3
1788204660272 	 29 	 200 	 4975 	 2
1788204660296 	 14 	 200 	 4975 	 1
1788204660292 	 20 	 200 	 4975 	 0
1788204660326 	 30 	 200 	 4976 	 0
1788204660358 	 12 	 200 	 4977 	 0
1788204660405 	 36 	 200 	 4979 	 1
1788204660412 	 31 	 200 	 4979 	 0
1788204660503 	 37 	 200 	 4980 	 0
1788204660647 	 40 	 200 	 4983 	 2
1788204660670 	 29 	 200 	 4983 	 1
1788204660680 	 22 	 200 	 4983 	 0
1788204660716 	 29 	 200 	 4984 	 0
1788204660849 	 17 	 200 	 4988 	 3
1788204660862 	 19 	 200 	 4988 	 2
1788204660818 	 75 	 200 	 4988 	 1
1788204660809 	 149 	 200 	 4989 	 1
1788204660944 	 18 	 200 	 4989 	 0
1788204661014 	 37 	 200 	 4991 	 2
1788204661050 	 32 	 200 	 4992 	 1
1788204661053 	 30 	 200 	 4992 	 0
1788204661138 	 36 	 200 	 4994 	 1
1788204661165 	 25 	 200 	 4994 	 0
1788204661196 	 13 	 200 	 4995 	 0
1788204661258 	 12 	 200 	 4996 	 0
1788204661290 	 16 	 200 	 4997 	 0
1788204661398 	 35 	 200 	 4998 	 0
1788204661529 	 30 	 200 	 5000 	 1
1788204661548 	 21 	 200 	 5000 	 0