1787306823393 	 30 	 200 	 1 	 0
1787306823434 	 16 	 200 	 2 	 0
1787306823476 	 13 	 200 	 3 	 0
1787306823510 	 13 	 200 	 5 	 1
1787306823514 	 17 	 200 	 5 	 0
1787306823541 	 14 	 200 	 6 	 0
1787306823595 	 20 	 200 	 7 	 0
1787306823623 	 13 	 200 	 8 	 0
1787306823663 	 15 	 200 	 9 	 0
1787306823783 	 21 	 200 	 10 	 0
1787306823814 	 13 	 200 	 11 	 0
1787306823852 	 21 	 200 	 13 	 1
1787306823862 	 26 	 200 	 13 	 0
1787306823932 	 26 	 200 	 15 	 1
1787306823939 	 21 	 200 	 15 	 0
1787306824156 	 22 	 200 	 16 	 0
1787306824230 	 36 	 200 	 17 	 0
1787306824281 	 13 	 200 	 18 	 0
1787306824338 	 13 	 200 	 19 	 0
1787306824360 	 19 	 200 	 20 	 0
1787306824510 	 14 	 200 	 22 	 1
1787306824516 	 16 	 200 	 22 	 0
1787306824610 	 14 	 200 	 23 	 0
1787306824724 	 15 	 200 	 24 	 0
1787306824827 	 14 	 200 	 25 	 0
1787306824862 	 13 	 200 	 27 	 1
1787306824862 	 18 	 200 	 27 	 0
1787306824901 	 14 	 200 	 29 	 1
1787306824901 	 18 	 200 	 29 	 0
1787306825066 	 37 	 200 	 31 	 1
1787306825085 	 32 	 200 	 31 	 0
1787306825165 	 20 	 200 	 32 	 0
1787306825225 	 22 	 200 	 34 	 1
1787306825244 	 13 	 200 	 34 	 0
1787306825321 	 33 	 200 	 35 	 0
1787306825479 	 13 	 200 	 37 	 1
1787306825485 	 13 	 200 	 37 	 0
1787306825507 	 19 	 200 	 38 	 0
1787306825567 	 35 	 200 	 39 	 0
1787306825730 	 14 	 200 	 40 	 0
1787306825753 	 14 	 200 	 41 	 0
1787306825829 	 13 	 200 	 42 	 0
1787306825860 	 15 	 200 	 43 	 0
1787306825986 	 24 	 200 	 45 	 1
1787306825982 	 36 	 200 	 45 	 0
1787306826023 	 13 	 200 	 46 	 0
1787306826038 	 13 	 200 	 47 	 0
1787306826058 	 12 	 200 	 48 	 0
1787306826114 	 32 	 200 	 49 	 0
1787306826167 	 13 	 200 	 50 	 0
1787306826194 	 13 	 200 	 52 	 1
1787306826195 	 14 	 200 	 52 	 0
1787306826343 	 12 	 200 	 53 	 0
1787306826368 	 20 	 200 	 56 	 2
1787306826370 	 19 	 200 	 56 	 1
1787306826371 	 19 	 200 	 56 	 0
1787306826472 	 16 	 200 	 57 	 0
1787306826585 	 15 	 200 	 58 	 0
1787306826644 	 16 	 200 	 59 	 0
1787306826701 	 17 	 200 	 60 	 0
1787306826819 	 34 	 200 	 61 	 0
1787306826961 	 35 	 200 	 62 	 0
1787306827056 	 37 	 200 	 64 	 1
1787306827074 	 21 	 200 	 64 	 0
1787306827142 	 32 	 200 	 65 	 0
1787306827202 	 31 	 200 	 66 	 0
1787306827387 	 27 	 200 	 67 	 0
1787306827449 	 13 	 200 	 69 	 1
1787306827453 	 14 	 200 	 69 	 0
1787306827480 	 14 	 200 	 71 	 1
1787306827480 	 17 	 200 	 71 	 0
1787306827567 	 14 	 200 	 72 	 0
1787306827612 	 14 	 200 	 74 	 1
1787306827626 	 13 	 200 	 74 	 0
1787306827678 	 30 	 200 	 75 	 0
1787306827747 	 14 	 200 	 76 	 0
1787306827848 	 13 	 200 	 77 	 0
1787306828219 	 36 	 200 	 79 	 1
1787306828232 	 30 	 200 	 80 	 1
1787306828262 	 14 	 200 	 80 	 0
1787306828299 	 22 	 200 	 81 	 0
1787306828332 	 13 	 200 	 83 	 1
1787306828335 	 13 	 200 	 83 	 0
1787306828365 	 16 	 200 	 84 	 0
1787306828468 	 14 	 200 	 86 	 1
1787306828478 	 13 	 200 	 86 	 0
1787306828506 	 14 	 200 	 87 	 0
1787306828547 	 18 	 200 	 88 	 0
1787306828675 	 27 	 200 	 91 	 2
1787306828691 	 18 	 200 	 91 	 1
1787306828694 	 22 	 200 	 92 	 1
1787306828715 	 13 	 200 	 92 	 0
1787306828771 	 14 	 200 	 93 	 0
1787306828788 	 13 	 200 	 94 	 0
1787306828859 	 28 	 200 	 95 	 0
1787306828901 	 20 	 200 	 97 	 1
1787306828906 	 16 	 200 	 97 	 0
1787306828927 	 13 	 200 	 99 	 1
1787306828937 	 12 	 200 	 99 	 0
1787306828988 	 23 	 200 	 100 	 0
1787306829046 	 33 	 200 	 102 	 1
1787306829054 	 32 	 200 	 102 	 0
1787306829148 	 15 	 200 	 103 	 0
1787306829285 	 14 	 200 	 104 	 0
1787306829372 	 33 	 200 	 106 	 1
1787306829375 	 32 	 200 	 106 	 0
1787306829416 	 16 	 200 	 107 	 0
1787306829634 	 12 	 200 	 110 	 2
1787306829620 	 36 	 200 	 110 	 1
1787306829646 	 16 	 200 	 110 	 0
1787306829854 	 27 	 200 	 111 	 0
1787306829905 	 14 	 200 	 112 	 0
1787306829936 	 16 	 200 	 113 	 0
1787306829986 	 14 	 200 	 114 	 0
1787306830057 	 17 	 200 	 115 	 0
1787306830122 	 13 	 200 	 116 	 0
1787306830222 	 40 	 200 	 119 	 2
1787306830235 	 29 	 200 	 120 	 2
1787306830238 	 30 	 200 	 120 	 1
1787306830265 	 13 	 200 	 120 	 0
1787306830288 	 18 	 200 	 122 	 1
1787306830293 	 20 	 200 	 122 	 0
1787306830319 	 21 	 200 	 123 	 0
1787306830360 	 13 	 200 	 125 	 1
1787306830355 	 18 	 200 	 125 	 0
1787306830385 	 15 	 200 	 127 	 1
1787306830381 	 19 	 200 	 127 	 0
1787306830433 	 23 	 200 	 128 	 0
1787306830464 	 12 	 200 	 129 	 0
1787306830498 	 13 	 200 	 130 	 0
1787306830564 	 31 	 200 	 131 	 0
1787306830632 	 17 	 200 	 132 	 0
1787306830950 	 30 	 200 	 133 	 0
1787306830997 	 13 	 200 	 134 	 0
1787306831130 	 34 	 200 	 136 	 1
1787306831142 	 30 	 200 	 136 	 0
1787306831233 	 39 	 200 	 137 	 0
1787306831274 	 14 	 200 	 138 	 0
1787306831312 	 15 	 200 	 139 	 0
1787306831360 	 15 	 200 	 140 	 0
1787306831516 	 19 	 200 	 141 	 0
1787306831593 	 23 	 200 	 142 	 0
1787306831639 	 16 	 200 	 143 	 0
1787306831657 	 12 	 200 	 144 	 0
1787306831671 	 13 	 200 	 146 	 1
1787306831684 	 13 	 200 	 146 	 0
1787306831863 	 13 	 200 	 147 	 0
1787306831884 	 14 	 200 	 148 	 0
1787306831902 	 18 	 200 	 149 	 0
1787306831922 	 12 	 200 	 150 	 0
1787306831975 	 20 	 200 	 152 	 1
1787306831991 	 16 	 200 	 152 	 0
1787306832009 	 15 	 200 	 153 	 0
1787306832032 	 14 	 200 	 154 	 0
1787306832070 	 18 	 200 	 155 	 0
1787306832192 	 24 	 200 	 157 	 1
1787306832203 	 20 	 200 	 157 	 0
1787306832246 	 16 	 200 	 158 	 0
1787306832271 	 20 	 200 	 160 	 1
1787306832273 	 20 	 200 	 160 	 0
1787306832307 	 13 	 200 	 161 	 0
1787306832444 	 21 	 200 	 162 	 0
1787306832559 	 13 	 200 	 163 	 0
1787306832617 	 15 	 200 	 164 	 0
1787306832650 	 14 	 200 	 166 	 1
1787306832653 	 15 	 200 	 166 	 0
1787306832710 	 15 	 200 	 167 	 0
1787306832816 	 32 	 200 	 168 	 0
1787306832856 	 15 	 200 	 169 	 0
1787306832889 	 14 	 200 	 170 	 0
1787306833007 	 12 	 200 	 171 	 0
1787306833132 	 17 	 200 	 173 	 1
1787306833143 	 13 	 200 	 173 	 0
1787306833199 	 15 	 200 	 174 	 0
1787306833289 	 22 	 200 	 175 	 0
1787306833329 	 12 	 200 	 176 	 0
1787306833472 	 29 	 200 	 177 	 0
1787306833556 	 17 	 200 	 179 	 1
1787306833574 	 13 	 200 	 180 	 1
1787306833579 	 15 	 200 	 180 	 0
1787306833601 	 13 	 200 	 181 	 0
1787306833620 	 16 	 200 	 182 	 0
1787306833663 	 31 	 200 	 186 	 3
1787306833680 	 26 	 200 	 186 	 2
1787306833693 	 24 	 200 	 186 	 1
1787306833686 	 31 	 200 	 186 	 0
1787306833753 	 24 	 200 	 189 	 2
1787306833770 	 17 	 200 	 190 	 2
1787306833773 	 17 	 200 	 190 	 1
1787306833786 	 14 	 200 	 190 	 0
1787306833831 	 36 	 200 	 191 	 0
1787306833910 	 17 	 200 	 192 	 0
1787306833953 	 14 	 200 	 193 	 0
1787306834005 	 13 	 200 	 194 	 0
1787306834053 	 40 	 200 	 197 	 2
1787306834081 	 22 	 200 	 197 	 1
1787306834085 	 31 	 200 	 197 	 0
1787306834162 	 33 	 200 	 198 	 0
1787306834215 	 19 	 200 	 199 	 0
1787306834270 	 14 	 200 	 200 	 0
1787306834420 	 19 	 200 	 202 	 1
1787306834429 	 16 	 200 	 203 	 1
1787306834445 	 14 	 200 	 203 	 0
1787306834504 	 17 	 200 	 204 	 0
1787306834567 	 41 	 200 	 206 	 1
1787306834569 	 42 	 200 	 206 	 0
1787306834812 	 12 	 200 	 207 	 0
1787306834916 	 33 	 200 	 211 	 3
1787306834933 	 20 	 200 	 211 	 2
1787306834920 	 35 	 200 	 211 	 1
1787306834925 	 43 	 200 	 212 	 2
1787306834964 	 13 	 200 	 213 	 1
1787306834971 	 13 	 200 	 213 	 0
1787306835073 	 39 	 200 	 214 	 0
1787306835213 	 33 	 200 	 215 	 0
1787306835312 	 16 	 200 	 216 	 0
1787306835353 	 14 	 200 	 217 	 0
1787306835433 	 35 	 200 	 219 	 1
1787306835454 	 20 	 200 	 219 	 0
1787306835630 	 17 	 200 	 220 	 0
1787306835651 	 13 	 200 	 221 	 0
1787306835903 	 18 	 200 	 223 	 1
1787306835906 	 16 	 200 	 223 	 0
1787306836102 	 23 	 200 	 224 	 0
1787306836195 	 31 	 200 	 225 	 0
1787306836230 	 15 	 200 	 226 	 0
1787306836261 	 13 	 200 	 227 	 0
1787306836312 	 12 	 200 	 228 	 0
1787306836357 	 15 	 200 	 229 	 0
1787306836402 	 28 	 200 	 231 	 1
1787306836424 	 13 	 200 	 231 	 0
1787306836525 	 14 	 200 	 232 	 0
1787306836589 	 26 	 200 	 234 	 1
1787306836598 	 21 	 200 	 234 	 0
1787306836709 	 14 	 200 	 235 	 0
1787306836741 	 13 	 200 	 236 	 0
1787306836817 	 34 	 200 	 238 	 1
1787306836835 	 26 	 200 	 238 	 0
1787306836993 	 20 	 200 	 240 	 1
1787306837006 	 13 	 200 	 240 	 0
1787306837123 	 37 	 200 	 241 	 0
1787306837204 	 16 	 200 	 242 	 0
1787306837273 	 19 	 200 	 243 	 0
1787306837403 	 15 	 200 	 245 	 1
1787306837410 	 15 	 200 	 245 	 0
1787306837475 	 20 	 200 	 248 	 2
1787306837478 	 18 	 200 	 248 	 1
1787306837476 	 22 	 200 	 248 	 0
1787306837520 	 14 	 200 	 249 	 1
1787306837535 	 19 	 200 	 250 	 0
1787306837649 	 15 	 200 	 251 	 0
1787306837772 	 13 	 200 	 252 	 0
1787306837811 	 13 	 200 	 253 	 0
1787306837841 	 14 	 200 	 254 	 0
1787306837881 	 14 	 200 	 255 	 0
1787306837907 	 13 	 200 	 256 	 0
1787306838296 	 13 	 200 	 257 	 0
1787306838505 	 21 	 200 	 258 	 0
1787306838581 	 13 	 200 	 259 	 0
1787306838631 	 13 	 200 	 260 	 0
1787306838683 	 31 	 200 	 262 	 1
1787306838696 	 28 	 200 	 264 	 2
1787306838717 	 14 	 200 	 264 	 1
1787306838719 	 19 	 200 	 264 	 0
1787306838740 	 13 	 200 	 265 	 0
1787306838763 	 17 	 200 	 266 	 0
1787306838816 	 16 	 200 	 267 	 0
1787306838864 	 15 	 200 	 269 	 1
1787306838878 	 14 	 200 	 269 	 0
1787306838969 	 33 	 200 	 270 	 0
1787306839029 	 32 	 200 	 272 	 1
1787306839042 	 33 	 200 	 272 	 0
1787306839114 	 32 	 200 	 273 	 0
1787306839177 	 20 	 200 	 274 	 0
1787306839200 	 14 	 200 	 275 	 0
1787306839292 	 25 	 200 	 277 	 1
1787306839305 	 16 	 200 	 277 	 0
1787306839390 	 17 	 200 	 278 	 0
1787306839428 	 15 	 200 	 279 	 0
1787306839496 	 13 	 200 	 281 	 1
1787306839511 	 12 	 200 	 281 	 0
1787306839549 	 27 	 200 	 282 	 0
1787306839633 	 15 	 200 	 284 	 1
1787306839631 	 19 	 200 	 284 	 0
1787306839761 	 33 	 200 	 285 	 0
1787306839800 	 16 	 200 	 286 	 0
1787306839848 	 13 	 200 	 287 	 0
1787306839902 	 17 	 200 	 288 	 0
1787306839925 	 20 	 200 	 289 	 0
1787306840014 	 14 	 200 	 291 	 1
1787306839983 	 70 	 200 	 291 	 0
1787306840073 	 17 	 200 	 292 	 0
1787306840122 	 16 	 200 	 293 	 0
1787306840236 	 14 	 200 	 294 	 0
1787306840267 	 13 	 200 	 295 	 0
1787306840299 	 14 	 200 	 296 	 0
1787306840380 	 13 	 200 	 297 	 0
1787306840435 	 19 	 200 	 298 	 0
1787306840510 	 20 	 200 	 299 	 0
1787306840568 	 29 	 200 	 301 	 1
1787306840600 	 12 	 200 	 301 	 0
1787306840704 	 13 	 200 	 302 	 0
1787306840763 	 15 	 200 	 305 	 2
1787306840761 	 27 	 200 	 306 	 2
1787306840769 	 20 	 200 	 306 	 1
1787306840780 	 18 	 200 	 307 	 1
1787306840795 	 13 	 200 	 307 	 0
1787306840912 	 25 	 200 	 308 	 0
1787306840959 	 16 	 200 	 309 	 0
1787306841036 	 29 	 200 	 310 	 0
1787306841240 	 15 	 200 	 312 	 1
1787306841239 	 20 	 200 	 312 	 0
1787306841299 	 21 	 200 	 314 	 1
1787306841308 	 20 	 200 	 314 	 0
1787306841352 	 19 	 200 	 316 	 1
1787306841351 	 24 	 200 	 316 	 0
1787306841450 	 15 	 200 	 318 	 1
1787306841465 	 14 	 200 	 318 	 0
1787306841496 	 17 	 200 	 320 	 1
1787306841503 	 13 	 200 	 320 	 0
1787306841542 	 14 	 200 	 321 	 0
1787306841582 	 21 	 200 	 322 	 0
1787306841607 	 16 	 200 	 323 	 0
1787306841676 	 29 	 200 	 324 	 0
1787306841750 	 15 	 200 	 326 	 1
1787306841758 	 13 	 200 	 326 	 0
1787306841785 	 13 	 200 	 327 	 0
1787306841814 	 15 	 200 	 328 	 0
1787306841853 	 22 	 200 	 330 	 1
1787306841859 	 16 	 200 	 330 	 0
1787306841949 	 13 	 200 	 331 	 0
1787306841982 	 14 	 200 	 332 	 0
1787306842027 	 14 	 200 	 333 	 0
1787306842096 	 24 	 200 	 335 	 1
1787306842102 	 20 	 200 	 335 	 0
1787306842147 	 15 	 200 	 337 	 1
1787306842160 	 14 	 200 	 338 	 1
1787306842166 	 21 	 200 	 338 	 0
1787306842216 	 14 	 200 	 339 	 0
1787306842254 	 19 	 200 	 340 	 0
1787306842298 	 16 	 200 	 341 	 0
1787306842335 	 13 	 200 	 342 	 0
1787306842392 	 16 	 200 	 344 	 1
1787306842404 	 13 	 200 	 345 	 1
1787306842414 	 12 	 200 	 345 	 0
1787306842437 	 12 	 200 	 346 	 0
1787306842484 	 21 	 200 	 348 	 1
1787306842487 	 26 	 200 	 348 	 0
1787306842524 	 16 	 200 	 350 	 1
1787306842534 	 17 	 200 	 350 	 0
1787306842556 	 12 	 200 	 351 	 0
1787306842598 	 12 	 200 	 352 	 0
1787306842618 	 12 	 200 	 354 	 1
1787306842619 	 13 	 200 	 354 	 0
1787306842652 	 14 	 200 	 357 	 2
1787306842638 	 33 	 200 	 357 	 1
1787306842640 	 32 	 200 	 357 	 0
1787306842782 	 14 	 200 	 358 	 0
1787306842897 	 14 	 200 	 359 	 0
1787306842994 	 14 	 200 	 360 	 0
1787306843073 	 22 	 200 	 361 	 0
1787306843097 	 12 	 200 	 362 	 0
1787306843120 	 11 	 200 	 363 	 0
1787306843172 	 45 	 200 	 365 	 1
1787306843332 	 18 	 200 	 368 	 3
1787306843344 	 21 	 200 	 368 	 2
1787306843315 	 101 	 200 	 368 	 1
1787306843422 	 68 	 200 	 369 	 1
1787306843550 	 16 	 200 	 370 	 1
1787306843181 	 401 	 200 	 370 	 1
1787306843585 	 14 	 200 	 371 	 0
1787306843640 	 13 	 200 	 373 	 1
1787306843645 	 13 	 200 	 373 	 0
1787306843768 	 14 	 200 	 374 	 0
1787306843811 	 15 	 200 	 376 	 1
1787306843817 	 13 	 200 	 376 	 0
1787306844072 	 26 	 200 	 377 	 0
1787306844168 	 32 	 200 	 378 	 0
1787306844223 	 16 	 200 	 379 	 0
1787306844242 	 12 	 200 	 380 	 0
1787306844335 	 16 	 200 	 382 	 1
1787306844349 	 13 	 200 	 383 	 1
1787306844362 	 12 	 200 	 383 	 0
1787306844392 	 15 	 200 	 384 	 0
1787306844440 	 13 	 200 	 385 	 0
1787306844536 	 17 	 200 	 387 	 1
1787306844535 	 20 	 200 	 387 	 0
1787306844587 	 13 	 200 	 388 	 0
1787306844659 	 21 	 200 	 390 	 1
1787306844665 	 16 	 200 	 390 	 0
1787306844723 	 13 	 200 	 391 	 0
1787306844825 	 23 	 200 	 392 	 0
1787306844861 	 16 	 200 	 393 	 0
1787306844886 	 23 	 200 	 395 	 1
1787306844897 	 15 	 200 	 395 	 0
1787306844946 	 26 	 200 	 396 	 0
1787306845088 	 28 	 200 	 397 	 0
1787306845169 	 34 	 200 	 399 	 1
1787306845190 	 28 	 200 	 399 	 0
1787306845308 	 22 	 200 	 400 	 0
1787306845398 	 23 	 200 	 403 	 2
1787306845408 	 21 	 200 	 403 	 1
1787306845410 	 19 	 200 	 403 	 0
1787306845444 	 14 	 200 	 404 	 0
1787306845509 	 17 	 200 	 406 	 1
1787306845497 	 31 	 200 	 406 	 0
1787306845618 	 14 	 200 	 408 	 1
1787306845631 	 13 	 200 	 408 	 0
1787306845666 	 17 	 200 	 409 	 0
1787306845822 	 35 	 200 	 411 	 1
1787306845851 	 29 	 200 	 412 	 1
1787306845869 	 30 	 200 	 412 	 0
1787306845968 	 15 	 200 	 413 	 0
1787306846055 	 39 	 200 	 415 	 1
1787306846086 	 18 	 200 	 415 	 0
1787306846130 	 13 	 200 	 416 	 0
1787306846156 	 20 	 200 	 417 	 0
1787306846213 	 33 	 200 	 418 	 0
1787306846254 	 20 	 200 	 419 	 0
1787306846358 	 24 	 200 	 420 	 0
1787306846443 	 21 	 200 	 421 	 0
1787306846488 	 16 	 200 	 422 	 0
1787306846530 	 15 	 200 	 423 	 0
1787306846571 	 25 	 200 	 424 	 0
1787306846639 	 13 	 200 	 425 	 0
1787306846741 	 33 	 200 	 426 	 0
1787306846789 	 14 	 200 	 427 	 0
1787306846816 	 18 	 200 	 429 	 1
1787306846826 	 21 	 200 	 429 	 0
1787306846890 	 15 	 200 	 430 	 0
1787306847010 	 15 	 200 	 433 	 2
1787306847016 	 12 	 200 	 433 	 1
1787306847024 	 23 	 200 	 433 	 0
1787306847063 	 15 	 200 	 435 	 1
1787306847062 	 20 	 200 	 435 	 0
1787306847096 	 15 	 200 	 437 	 1
1787306847098 	 14 	 200 	 437 	 0
1787306847155 	 35 	 200 	 438 	 0
1787306847259 	 26 	 200 	 442 	 3
1787306847251 	 36 	 200 	 443 	 3
1787306847257 	 35 	 200 	 443 	 2
1787306847281 	 15 	 200 	 443 	 1
1787306847287 	 20 	 200 	 443 	 0
1787306847563 	 13 	 200 	 445 	 1
1787306847576 	 28 	 200 	 445 	 0
1787306847697 	 14 	 200 	 446 	 0
1787306847732 	 20 	 200 	 450 	 3
1787306847743 	 14 	 200 	 450 	 2
1787306847746 	 24 	 200 	 450 	 1
1787306847748 	 25 	 200 	 450 	 0
1787306847847 	 14 	 200 	 451 	 0
1787306847886 	 13 	 200 	 452 	 0
1787306847983 	 43 	 200 	 453 	 0
1787306848042 	 12 	 200 	 454 	 0
1787306848062 	 12 	 200 	 455 	 0
1787306848107 	 18 	 200 	 456 	 0
1787306848165 	 30 	 200 	 457 	 0
1787306848244 	 13 	 200 	 458 	 0
1787306848404 	 18 	 200 	 460 	 1
1787306848419 	 15 	 200 	 460 	 0
1787306848440 	 12 	 200 	 461 	 0
1787306848458 	 12 	 200 	 462 	 0
1787306848551 	 35 	 200 	 464 	 1
1787306848585 	 18 	 200 	 464 	 0
1787306848763 	 17 	 200 	 465 	 0
1787306848788 	 15 	 200 	 467 	 1
1787306848803 	 18 	 200 	 467 	 0
1787306848997 	 15 	 200 	 469 	 1
1787306849005 	 14 	 200 	 469 	 0
1787306849075 	 33 	 200 	 471 	 1
1787306849090 	 40 	 200 	 471 	 0
1787306849170 	 13 	 200 	 472 	 0
1787306849213 	 13 	 200 	 473 	 0
1787306849239 	 15 	 200 	 475 	 1
1787306849250 	 15 	 200 	 475 	 0
1787306849339 	 16 	 200 	 477 	 1
1787306849341 	 16 	 200 	 477 	 0
1787306849363 	 18 	 200 	 479 	 1
1787306849368 	 20 	 200 	 479 	 0
1787306849406 	 14 	 200 	 481 	 1
1787306849410 	 12 	 200 	 481 	 0
1787306849513 	 15 	 200 	 483 	 1
1787306849516 	 13 	 200 	 483 	 0
1787306849566 	 13 	 200 	 484 	 0
1787306849614 	 16 	 200 	 486 	 1
1787306849652 	 13 	 200 	 488 	 2
1787306849659 	 14 	 200 	 488 	 1
1787306849709 	 14 	 200 	 489 	 1
1787306849849 	 14 	 200 	 490 	 1
1787306849926 	 16 	 200 	 492 	 2
1787306849927 	 25 	 200 	 493 	 2
1787306849943 	 26 	 200 	 493 	 1
1787306849998 	 31 	 200 	 494 	 1
1787306849600 	 445 	 200 	 494 	 0
1787306850053 	 13 	 200 	 495 	 0
1787306850083 	 17 	 200 	 497 	 1
1787306850090 	 45 	 200 	 497 	 0
1787306850171 	 31 	 200 	 499 	 1
1787306850182 	 22 	 200 	 499 	 0
1787306850253 	 14 	 200 	 500 	 0
1787306850281 	 16 	 200 	 503 	 2
1787306850283 	 15 	 200 	 503 	 1
1787306850284 	 42 	 200 	 503 	 0
1787306850343 	 16 	 200 	 504 	 0
1787306850418 	 15 	 200 	 505 	 0
1787306850441 	 14 	 200 	 506 	 0
1787306850468 	 13 	 200 	 507 	 0
1787306850620 	 15 	 200 	 508 	 0
1787306850806 	 14 	 200 	 510 	 1
1787306850819 	 17 	 200 	 510 	 0
1787306850874 	 38 	 200 	 511 	 0
1787306850994 	 27 	 200 	 512 	 0
1787306851030 	 14 	 200 	 513 	 0
1787306851121 	 43 	 200 	 515 	 1
1787306851155 	 18 	 200 	 515 	 0
1787306851340 	 31 	 200 	 516 	 0
1787306851389 	 17 	 200 	 518 	 1
1787306851398 	 16 	 200 	 519 	 1
1787306851410 	 13 	 200 	 519 	 0
1787306851432 	 15 	 200 	 520 	 0
1787306851469 	 12 	 200 	 521 	 0
1787306851531 	 19 	 200 	 522 	 0
1787306851625 	 22 	 200 	 523 	 0
1787306851719 	 18 	 200 	 524 	 0
1787306851802 	 38 	 200 	 526 	 1
1787306851835 	 32 	 200 	 526 	 1
1787306851869 	 15 	 200 	 528 	 1
1787306851885 	 12 	 200 	 528 	 0
1787306851946 	 21 	 200 	 530 	 1
1787306851950 	 20 	 200 	 530 	 0
1787306851995 	 26 	 200 	 531 	 0
1787306852079 	 32 	 200 	 533 	 1
1787306852084 	 29 	 200 	 533 	 0
1787306852358 	 34 	 200 	 534 	 0
1787306852472 	 17 	 200 	 536 	 1
1787306852477 	 14 	 200 	 536 	 0
1787306852572 	 18 	 200 	 537 	 0
1787306852624 	 13 	 200 	 538 	 0
1787306852703 	 13 	 200 	 539 	 0
1787306852720 	 15 	 200 	 540 	 0
1787306852771 	 12 	 200 	 541 	 0
1787306852785 	 13 	 200 	 542 	 0
1787306852843 	 37 	 200 	 544 	 1
1787306852841 	 40 	 200 	 544 	 0
1787306852959 	 15 	 200 	 546 	 1
1787306852962 	 15 	 200 	 546 	 0
1787306853061 	 36 	 200 	 547 	 0
1787306853135 	 21 	 200 	 549 	 1
1787306853142 	 14 	 200 	 549 	 0
1787306853170 	 15 	 200 	 551 	 1
1787306853180 	 22 	 200 	 552 	 1
1787306853201 	 14 	 200 	 552 	 0
1787306853217 	 12 	 200 	 553 	 0
1787306853243 	 16 	 200 	 554 	 0
1787306853287 	 15 	 200 	 555 	 0
1787306853324 	 13 	 200 	 556 	 0
1787306853356 	 15 	 200 	 558 	 1
1787306853356 	 17 	 200 	 558 	 0
1787306853475 	 15 	 200 	 560 	 1
1787306853486 	 21 	 200 	 560 	 0
1787306853525 	 15 	 200 	 561 	 0
1787306853638 	 18 	 200 	 562 	 0
1787306853738 	 34 	 200 	 564 	 1
1787306853760 	 24 	 200 	 564 	 0
1787306853886 	 14 	 200 	 565 	 0
1787306854051 	 23 	 200 	 568 	 2
1787306854055 	 20 	 200 	 568 	 1
1787306854062 	 15 	 200 	 568 	 0
1787306854115 	 12 	 200 	 569 	 0
1787306854152 	 14 	 200 	 570 	 0
1787306854187 	 33 	 200 	 572 	 1
1787306854191 	 36 	 200 	 572 	 0
1787306854237 	 15 	 200 	 574 	 1
1787306854233 	 20 	 200 	 574 	 0
1787306854266 	 15 	 200 	 576 	 1
1787306854280 	 13 	 200 	 576 	 0
1787306854558 	 16 	 200 	 577 	 0
1787306854622 	 14 	 200 	 578 	 0
1787306854702 	 17 	 200 	 579 	 0
1787306854743 	 17 	 200 	 580 	 0
1787306854866 	 40 	 200 	 581 	 0
1787306854911 	 14 	 200 	 583 	 1
1787306854925 	 13 	 200 	 584 	 1
1787306854929 	 22 	 200 	 584 	 0
1787306854963 	 14 	 200 	 586 	 1
1787306854977 	 17 	 200 	 586 	 0
1787306855018 	 12 	 200 	 587 	 0
1787306855142 	 13 	 200 	 589 	 1
1787306855153 	 15 	 200 	 590 	 1
1787306855164 	 13 	 200 	 590 	 0
1787306855444 	 24 	 200 	 591 	 0
1787306855497 	 66 	 200 	 592 	 0
1787306855642 	 13 	 200 	 593 	 0
1787306855717 	 14 	 200 	 594 	 0
1787306855923 	 25 	 200 	 595 	 0
1787306855964 	 12 	 200 	 596 	 0
1787306856020 	 14 	 200 	 597 	 0
1787306856049 	 19 	 200 	 598 	 0
1787306856101 	 15 	 200 	 599 	 0
1787306856165 	 32 	 200 	 600 	 0
1787306856271 	 19 	 200 	 602 	 1
1787306856291 	 25 	 200 	 602 	 0
1787306856523 	 12 	 200 	 603 	 0
1787306856561 	 14 	 200 	 604 	 0
1787306856597 	 20 	 200 	 605 	 0
1787306856687 	 15 	 200 	 606 	 0
1787306856793 	 25 	 200 	 607 	 0
1787306856835 	 15 	 200 	 608 	 0
1787306856907 	 13 	 200 	 609 	 0
1787306856923 	 18 	 200 	 610 	 0
1787306856971 	 15 	 200 	 612 	 1
1787306856974 	 13 	 200 	 612 	 0
1787306856993 	 13 	 200 	 614 	 1
1787306856994 	 12 	 200 	 614 	 0
1787306857043 	 38 	 200 	 616 	 1
1787306857070 	 21 	 200 	 616 	 0
1787306857134 	 33 	 200 	 617 	 0
1787306857187 	 27 	 200 	 618 	 0
1787306857217 	 13 	 200 	 619 	 0
1787306857245 	 14 	 200 	 621 	 1
1787306857249 	 16 	 200 	 621 	 0
1787306857293 	 15 	 200 	 623 	 1
1787306857289 	 19 	 200 	 623 	 0
1787306857323 	 12 	 200 	 624 	 0
1787306857403 	 33 	 200 	 625 	 0
1787306857443 	 14 	 200 	 626 	 0
1787306857471 	 14 	 200 	 627 	 0
1787306857557 	 14 	 200 	 628 	 0
1787306857639 	 17 	 200 	 630 	 1
1787306857648 	 14 	 200 	 631 	 1
1787306857665 	 16 	 200 	 632 	 1
1787306857663 	 109 	 200 	 632 	 0
1787306857816 	 13 	 200 	 634 	 1
1787306857803 	 38 	 200 	 634 	 0
1787306857865 	 14 	 200 	 635 	 0
1787306857901 	 13 	 200 	 636 	 0
1787306857929 	 13 	 200 	 637 	 0
1787306857983 	 13 	 200 	 638 	 0
1787306858019 	 15 	 200 	 641 	 2
1787306858023 	 13 	 200 	 641 	 1
1787306858024 	 15 	 200 	 641 	 0
1787306858053 	 16 	 200 	 644 	 2
1787306858061 	 14 	 200 	 644 	 1
1787306858067 	 13 	 200 	 644 	 0
1787306858091 	 14 	 200 	 645 	 0
1787306858119 	 13 	 200 	 646 	 0
1787306858249 	 13 	 200 	 647 	 0
1787306858325 	 31 	 200 	 648 	 0
1787306858437 	 17 	 200 	 649 	 0
1787306858583 	 20 	 200 	 651 	 1
1787306858596 	 16 	 200 	 651 	 0
1787306858615 	 16 	 200 	 652 	 0
1787306858925 	 34 	 200 	 653 	 0
1787306858963 	 14 	 200 	 655 	 1
1787306858975 	 18 	 200 	 655 	 0
1787306859061 	 33 	 200 	 658 	 2
1787306859068 	 36 	 200 	 658 	 1
1787306859079 	 25 	 200 	 658 	 0
1787306859231 	 17 	 200 	 659 	 0
1787306859290 	 20 	 200 	 661 	 1
1787306859303 	 17 	 200 	 661 	 0
1787306859341 	 17 	 200 	 662 	 0
1787306859423 	 13 	 200 	 663 	 0
1787306859438 	 13 	 200 	 664 	 0
1787306859481 	 34 	 200 	 666 	 1
1787306859506 	 20 	 200 	 666 	 0
1787306859540 	 36 	 200 	 667 	 0
1787306859636 	 35 	 200 	 668 	 0
1787306859697 	 24 	 200 	 669 	 0
1787306859750 	 18 	 200 	 670 	 0
1787306859839 	 24 	 200 	 672 	 1
1787306859863 	 13 	 200 	 672 	 0
1787306859928 	 24 	 200 	 673 	 0
1787306859974 	 16 	 200 	 674 	 0
1787306860000 	 16 	 200 	 676 	 1
1787306860012 	 13 	 200 	 676 	 0
1787306860138 	 31 	 200 	 677 	 0
1787306860229 	 12 	 200 	 678 	 0
1787306860247 	 15 	 200 	 679 	 0
1787306860277 	 12 	 200 	 681 	 1
1787306860280 	 13 	 200 	 681 	 0
1787306860303 	 17 	 200 	 682 	 0
1787306860344 	 13 	 200 	 683 	 0
1787306860416 	 51 	 200 	 685 	 1
1787306860452 	 18 	 200 	 686 	 1
1787306860471 	 13 	 200 	 686 	 0
1787306860550 	 19 	 200 	 688 	 1
1787306860569 	 14 	 200 	 689 	 1
1787306860574 	 23 	 200 	 689 	 0
1787306860811 	 17 	 200 	 690 	 0
1787306860836 	 14 	 200 	 691 	 0
1787306860972 	 33 	 200 	 692 	 0
1787306861063 	 35 	 200 	 693 	 0
1787306861173 	 15 	 200 	 697 	 3
1787306861174 	 17 	 200 	 697 	 2
1787306861183 	 16 	 200 	 697 	 1
1787306861175 	 27 	 200 	 697 	 0
1787306861217 	 14 	 200 	 698 	 0
1787306861323 	 31 	 200 	 702 	 3
1787306861342 	 18 	 200 	 703 	 3
1787306861327 	 34 	 200 	 703 	 2
1787306861336 	 25 	 200 	 703 	 1
1787306861357 	 14 	 200 	 704 	 1
1787306861370 	 16 	 200 	 704 	 0
1787306861503 	 15 	 200 	 706 	 1
1787306861509 	 16 	 200 	 706 	 0
1787306861542 	 12 	 200 	 707 	 0
1787306861633 	 14 	 200 	 708 	 0
1787306861795 	 23 	 200 	 710 	 1
1787306861804 	 17 	 200 	 710 	 0
1787306861893 	 19 	 200 	 711 	 0
1787306861978 	 14 	 200 	 714 	 2
1787306861972 	 20 	 200 	 714 	 1
1787306861974 	 22 	 200 	 714 	 0
1787306862004 	 14 	 200 	 716 	 1
1787306862014 	 15 	 200 	 716 	 0
1787306862053 	 33 	 200 	 717 	 0
1787306862101 	 18 	 200 	 718 	 0
1787306862135 	 14 	 200 	 719 	 0
1787306862166 	 13 	 200 	 720 	 0
1787306862199 	 15 	 200 	 721 	 0
1787306862280 	 15 	 200 	 722 	 0
1787306862312 	 13 	 200 	 723 	 0
1787306862399 	 23 	 200 	 724 	 0
1787306862506 	 13 	 200 	 725 	 0
1787306862541 	 14 	 200 	 726 	 0
1787306862575 	 16 	 200 	 729 	 2
1787306862575 	 21 	 200 	 729 	 1
1787306862591 	 15 	 200 	 729 	 0
1787306862608 	 14 	 200 	 730 	 0
1787306862651 	 13 	 200 	 731 	 0
1787306862673 	 15 	 200 	 732 	 0
1787306862693 	 14 	 200 	 734 	 1
1787306862701 	 15 	 200 	 734 	 0
1787306862734 	 19 	 200 	 736 	 1
1787306862742 	 14 	 200 	 736 	 0
1787306862883 	 29 	 200 	 738 	 1
1787306862906 	 16 	 200 	 739 	 1
1787306862917 	 19 	 200 	 740 	 1
1787306862928 	 13 	 200 	 740 	 0
1787306862973 	 14 	 200 	 742 	 1
1787306862975 	 15 	 200 	 742 	 0
1787306863000 	 13 	 200 	 744 	 1
1787306863011 	 18 	 200 	 744 	 0
1787306863070 	 35 	 200 	 745 	 0
1787306863128 	 18 	 200 	 746 	 0
1787306863169 	 25 	 200 	 748 	 1
1787306863175 	 22 	 200 	 748 	 0
1787306863213 	 17 	 200 	 749 	 0
1787306863349 	 15 	 200 	 750 	 0
1787306863401 	 15 	 200 	 751 	 0
1787306863525 	 14 	 200 	 752 	 0
1787306863654 	 16 	 200 	 753 	 0
1787306863682 	 13 	 200 	 754 	 0
1787306863743 	 26 	 200 	 755 	 0
1787306863777 	 19 	 200 	 756 	 0
1787306863941 	 35 	 200 	 757 	 0
1787306864059 	 39 	 200 	 759 	 1
1787306864097 	 32 	 200 	 759 	 0
1787306864136 	 26 	 200 	 760 	 0
1787306864185 	 15 	 200 	 761 	 0
1787306864262 	 17 	 200 	 763 	 1
1787306864277 	 17 	 200 	 763 	 0
1787306864352 	 34 	 200 	 764 	 0
1787306864416 	 14 	 200 	 765 	 0
1787306864516 	 12 	 200 	 766 	 0
1787306864535 	 13 	 200 	 767 	 0
1787306864575 	 15 	 200 	 768 	 0
1787306864604 	 13 	 200 	 769 	 0
1787306864646 	 13 	 200 	 770 	 0
1787306864719 	 13 	 200 	 771 	 0
1787306864778 	 14 	 200 	 772 	 0
1787306864858 	 15 	 200 	 774 	 1
1787306864865 	 14 	 200 	 774 	 0
1787306865230 	 26 	 200 	 775 	 0
1787306865301 	 21 	 200 	 777 	 1
1787306865311 	 23 	 200 	 777 	 0
1787306865380 	 31 	 200 	 778 	 0
1787306865642 	 16 	 200 	 780 	 1
1787306865646 	 22 	 200 	 781 	 1
1787306865661 	 14 	 200 	 781 	 0
1787306865726 	 15 	 200 	 782 	 0
1787306865821 	 12 	 200 	 783 	 0
1787306865939 	 15 	 200 	 785 	 1
1787306865942 	 14 	 200 	 785 	 0
1787306865976 	 16 	 200 	 787 	 1
1787306865992 	 15 	 200 	 788 	 1
1787306866003 	 14 	 200 	 788 	 0
1787306866036 	 13 	 200 	 790 	 1
1787306866041 	 14 	 200 	 790 	 0
1787306866097 	 22 	 200 	 793 	 2
1787306866079 	 42 	 200 	 793 	 1
1787306866083 	 48 	 200 	 793 	 0
1787306866256 	 23 	 200 	 796 	 2
1787306866253 	 30 	 200 	 796 	 1
1787306866271 	 14 	 200 	 796 	 0
1787306866310 	 14 	 200 	 797 	 0
1787306866371 	 39 	 200 	 799 	 1
1787306866405 	 13 	 200 	 799 	 0
1787306866474 	 25 	 200 	 800 	 0
1787306866556 	 14 	 200 	 801 	 0
1787306866603 	 19 	 200 	 803 	 1
1787306866603 	 19 	 200 	 803 	 0
1787306866642 	 14 	 200 	 805 	 1
1787306866649 	 13 	 200 	 805 	 0
1787306866674 	 12 	 200 	 806 	 0
1787306866709 	 13 	 200 	 807 	 0
1787306866730 	 12 	 200 	 808 	 0
1787306866760 	 12 	 200 	 809 	 0
1787306866816 	 15 	 200 	 810 	 0
1787306866889 	 26 	 200 	 811 	 0
1787306867010 	 13 	 200 	 812 	 0
1787306867060 	 36 	 200 	 817 	 4
1787306867090 	 27 	 200 	 817 	 3
1787306867085 	 33 	 200 	 817 	 2
1787306867099 	 21 	 200 	 817 	 1
1787306867096 	 23 	 200 	 817 	 0
1787306867161 	 31 	 200 	 820 	 2
1787306867164 	 29 	 200 	 820 	 1
1787306867174 	 21 	 200 	 820 	 0
1787306867243 	 17 	 200 	 822 	 1
1787306867255 	 13 	 200 	 823 	 1
1787306867268 	 15 	 200 	 823 	 0
1787306867364 	 14 	 200 	 824 	 0
1787306867495 	 16 	 200 	 826 	 1
1787306867511 	 13 	 200 	 826 	 0
1787306867572 	 16 	 200 	 827 	 0
1787306867611 	 12 	 200 	 828 	 0
1787306867656 	 21 	 200 	 829 	 0
1787306867756 	 18 	 200 	 830 	 0
1787306867814 	 17 	 200 	 832 	 1
1787306867830 	 14 	 200 	 832 	 1
1787306867845 	 25 	 200 	 834 	 1
1787306867854 	 21 	 200 	 834 	 0
1787306867881 	 14 	 200 	 835 	 0
1787306867923 	 13 	 200 	 837 	 1
1787306867933 	 13 	 200 	 837 	 0
1787306867951 	 15 	 200 	 838 	 0
1787306868007 	 32 	 200 	 840 	 1
1787306868030 	 33 	 200 	 841 	 1
1787306868057 	 21 	 200 	 841 	 0
1787306868116 	 20 	 200 	 842 	 0
1787306868147 	 17 	 200 	 843 	 0
1787306868216 	 13 	 200 	 844 	 0
1787306868474 	 34 	 200 	 847 	 2
1787306868490 	 22 	 200 	 847 	 1
1787306868505 	 18 	 200 	 847 	 0
1787306868556 	 15 	 200 	 848 	 0
1787306868599 	 14 	 200 	 849 	 0
1787306868622 	 14 	 200 	 850 	 0
1787306868681 	 28 	 200 	 851 	 0
1787306868759 	 19 	 200 	 852 	 0
1787306868790 	 14 	 200 	 853 	 0
1787306868820 	 12 	 200 	 854 	 0
1787306868904 	 36 	 200 	 856 	 1
1787306868918 	 46 	 200 	 856 	 0
1787306868977 	 14 	 200 	 858 	 1
1787306868980 	 18 	 200 	 858 	 0
1787306869089 	 27 	 200 	 859 	 0
1787306869130 	 12 	 200 	 860 	 0
1787306869145 	 13 	 200 	 862 	 1
1787306869153 	 15 	 200 	 862 	 0
1787306869302 	 18 	 200 	 863 	 0
1787306869445 	 15 	 200 	 865 	 1
1787306869449 	 12 	 200 	 865 	 0
1787306869564 	 24 	 200 	 868 	 2
1787306869576 	 16 	 200 	 868 	 1
1787306869629 	 37 	 200 	 869 	 1
1787306869717 	 19 	 200 	 871 	 2
1787306869719 	 19 	 200 	 871 	 1
1787306869760 	 13 	 200 	 872 	 1
1787306869825 	 41 	 200 	 873 	 1
1787306869872 	 13 	 200 	 874 	 1
1787306869570 	 329 	 200 	 874 	 0
1787306869938 	 13 	 200 	 876 	 1
1787306869950 	 14 	 200 	 876 	 0
1787306870003 	 13 	 200 	 877 	 0
1787306870073 	 33 	 200 	 878 	 0
1787306870149 	 11 	 200 	 881 	 2
1787306870116 	 50 	 200 	 881 	 1
1787306870141 	 29 	 200 	 882 	 1
1787306870169 	 13 	 200 	 882 	 0
1787306870188 	 17 	 200 	 884 	 1
1787306870206 	 35 	 200 	 885 	 1
1787306870236 	 13 	 200 	 885 	 0
1787306870320 	 14 	 200 	 886 	 0
1787306870357 	 15 	 200 	 887 	 0
1787306870378 	 13 	 200 	 888 	 0
1787306870639 	 17 	 200 	 889 	 0
1787306870739 	 17 	 200 	 891 	 1
1787306870750 	 13 	 200 	 891 	 0
1787306870950 	 13 	 200 	 892 	 0
1787306871253 	 16 	 200 	 893 	 0
1787306871364 	 17 	 200 	 894 	 0
1787306871416 	 35 	 200 	 895 	 0
1787306871501 	 22 	 200 	 898 	 2
1787306871510 	 20 	 200 	 898 	 1
1787306871497 	 43 	 200 	 898 	 0
1787306871627 	 14 	 200 	 899 	 0
1787306871654 	 14 	 200 	 900 	 0
1787306871680 	 18 	 200 	 901 	 0
1787306871725 	 13 	 200 	 902 	 0
1787306871778 	 15 	 200 	 904 	 1
1787306871778 	 16 	 200 	 904 	 0
1787306871850 	 16 	 200 	 906 	 1
1787306871866 	 14 	 200 	 906 	 0
1787306871931 	 14 	 200 	 907 	 0
1787306871958 	 15 	 200 	 908 	 0
1787306871989 	 14 	 200 	 909 	 0
1787306872004 	 12 	 200 	 910 	 0
1787306872056 	 33 	 200 	 912 	 1
1787306872065 	 34 	 200 	 912 	 0
1787306872222 	 16 	 200 	 913 	 0
1787306872273 	 16 	 200 	 914 	 0
1787306872303 	 12 	 200 	 915 	 0
1787306872414 	 15 	 200 	 916 	 0
1787306872477 	 13 	 200 	 917 	 0
1787306872668 	 14 	 200 	 918 	 0
1787306872764 	 15 	 200 	 921 	 2
1787306872767 	 15 	 200 	 921 	 1
1787306872810 	 14 	 200 	 922 	 1
1787306872831 	 45 	 200 	 925 	 3
1787306872841 	 38 	 200 	 925 	 2
1787306872834 	 82 	 200 	 925 	 1
1787306872933 	 13 	 200 	 926 	 1
1787306873000 	 19 	 200 	 929 	 3
1787306872982 	 43 	 200 	 929 	 2
1787306872991 	 36 	 200 	 929 	 1
1787306873030 	 13 	 200 	 930 	 1
1787306873057 	 19 	 200 	 931 	 1
1787306872698 	 454 	 200 	 931 	 0
1787306873205 	 42 	 200 	 933 	 1
1787306873236 	 26 	 200 	 933 	 0
1787306873393 	 14 	 200 	 934 	 0
1787306873435 	 13 	 200 	 936 	 1
1787306873446 	 13 	 200 	 936 	 0
1787306873461 	 14 	 200 	 937 	 0
1787306873546 	 15 	 200 	 939 	 1
1787306873552 	 15 	 200 	 939 	 0
1787306873581 	 18 	 200 	 940 	 0
1787306873614 	 16 	 200 	 942 	 1
1787306873626 	 20 	 200 	 942 	 0
1787306873682 	 13 	 200 	 943 	 0
1787306873727 	 16 	 200 	 944 	 0
1787306873895 	 13 	 200 	 945 	 0
1787306873914 	 12 	 200 	 946 	 0
1787306873984 	 39 	 200 	 947 	 0
1787306874033 	 13 	 200 	 948 	 0
1787306874064 	 38 	 200 	 949 	 0
1787306874270 	 14 	 200 	 950 	 0
1787306874312 	 16 	 200 	 951 	 0
1787306874447 	 13 	 200 	 952 	 0
1787306874523 	 20 	 200 	 953 	 0
1787306874565 	 15 	 200 	 954 	 0
1787306874613 	 12 	 200 	 955 	 0
1787306874697 	 22 	 200 	 956 	 0
1787306874759 	 15 	 200 	 957 	 0
1787306874823 	 16 	 200 	 958 	 0
1787306874850 	 13 	 200 	 959 	 0
1787306874887 	 14 	 200 	 960 	 0
1787306874994 	 12 	 200 	 961 	 0
1787306875075 	 33 	 200 	 962 	 0
1787306875277 	 19 	 200 	 964 	 1
1787306875280 	 28 	 200 	 964 	 0
1787306875332 	 14 	 200 	 965 	 0
1787306875362 	 14 	 200 	 967 	 1
1787306875370 	 13 	 200 	 967 	 0
1787306875410 	 13 	 200 	 968 	 0
1787306875487 	 20 	 200 	 969 	 0
1787306875569 	 20 	 200 	 970 	 0
1787306875664 	 12 	 200 	 971 	 0
1787306875784 	 15 	 200 	 972 	 0
1787306875848 	 37 	 200 	 974 	 1
1787306875869 	 24 	 200 	 974 	 0
1787306875903 	 15 	 200 	 977 	 2
1787306875910 	 16 	 200 	 977 	 1
1787306875917 	 13 	 200 	 977 	 0
1787306875940 	 14 	 200 	 978 	 0
1787306876010 	 13 	 200 	 979 	 0
1787306876051 	 11 	 200 	 980 	 0
1787306876225 	 36 	 200 	 982 	 1
1787306876240 	 24 	 200 	 982 	 0
1787306876288 	 14 	 200 	 983 	 0
1787306876323 	 17 	 200 	 984 	 0
1787306876374 	 33 	 200 	 986 	 1
1787306876410 	 31 	 200 	 987 	 1
1787306876440 	 18 	 200 	 987 	 0
1787306876696 	 13 	 200 	 988 	 0
1787306876731 	 12 	 200 	 990 	 1
1787306876740 	 13 	 200 	 990 	 0
1787306876769 	 18 	 200 	 991 	 0
1787306876815 	 31 	 200 	 992 	 0
1787306876949 	 14 	 200 	 993 	 0
1787306877004 	 43 	 200 	 995 	 1
1787306877036 	 28 	 200 	 995 	 0
1787306877132 	 16 	 200 	 997 	 1
1787306877134 	 17 	 200 	 997 	 0
1787306877156 	 12 	 200 	 998 	 0
1787306877178 	 14 	 200 	 999 	 0
1787306877277 	 14 	 200 	 1001 	 1
1787306877285 	 13 	 200 	 1001 	 0
1787306877412 	 18 	 200 	 1002 	 0
1787306877455 	 14 	 200 	 1003 	 0
1787306877492 	 18 	 200 	 1004 	 0
1787306877561 	 20 	 200 	 1005 	 0
1787306877653 	 18 	 200 	 1006 	 0
1787306877679 	 14 	 200 	 1007 	 0
1787306877718 	 14 	 200 	 1009 	 1
1787306877724 	 14 	 200 	 1009 	 0
1787306877746 	 15 	 200 	 1010 	 0
1787306877776 	 13 	 200 	 1011 	 0
1787306877869 	 29 	 200 	 1014 	 2
1787306877871 	 30 	 200 	 1014 	 1
1787306877896 	 18 	 200 	 1015 	 1
1787306877903 	 13 	 200 	 1015 	 0
1787306877974 	 15 	 200 	 1018 	 2
1787306877980 	 15 	 200 	 1018 	 1
1787306877985 	 15 	 200 	 1018 	 0
1787306878025 	 15 	 200 	 1019 	 0
1787306878071 	 13 	 200 	 1022 	 2
1787306878077 	 14 	 200 	 1022 	 1
1787306878075 	 23 	 200 	 1023 	 1
1787306878096 	 12 	 200 	 1023 	 0
1787306878215 	 16 	 200 	 1024 	 0
1787306878245 	 17 	 200 	 1025 	 0
1787306878296 	 13 	 200 	 1026 	 0
1787306878328 	 12 	 200 	 1027 	 0
1787306878378 	 21 	 200 	 1028 	 0
1787306878409 	 15 	 200 	 1029 	 0
1787306878490 	 16 	 200 	 1030 	 0
1787306878574 	 15 	 200 	 1031 	 0
1787306878665 	 14 	 200 	 1032 	 0
1787306878731 	 12 	 200 	 1033 	 0
1787306878819 	 27 	 200 	 1035 	 1
1787306878830 	 20 	 200 	 1035 	 0
1787306878888 	 13 	 200 	 1036 	 0
1787306878934 	 14 	 200 	 1037 	 0
1787306878956 	 21 	 200 	 1040 	 2
1787306878968 	 17 	 200 	 1040 	 1
1787306878973 	 15 	 200 	 1040 	 0
1787306879006 	 17 	 200 	 1041 	 0
1787306879027 	 13 	 200 	 1042 	 0
1787306879098 	 22 	 200 	 1043 	 0
1787306879212 	 35 	 200 	 1045 	 1
1787306879231 	 29 	 200 	 1045 	 0
1787306879306 	 18 	 200 	 1046 	 0
1787306879347 	 34 	 200 	 1050 	 3
1787306879360 	 27 	 200 	 1050 	 2
1787306879365 	 24 	 200 	 1050 	 1
1787306879363 	 35 	 200 	 1050 	 0
1787306879432 	 18 	 200 	 1052 	 1
1787306879447 	 13 	 200 	 1052 	 0
1787306879464 	 13 	 200 	 1053 	 0
1787306879497 	 14 	 200 	 1055 	 1
1787306879506 	 20 	 200 	 1055 	 0
1787306879527 	 16 	 200 	 1056 	 0
1787306879680 	 13 	 200 	 1058 	 1
1787306879681 	 14 	 200 	 1058 	 0
1787306879803 	 17 	 200 	 1059 	 0
1787306879863 	 15 	 200 	 1060 	 0
1787306879961 	 20 	 200 	 1061 	 0
1787306880002 	 16 	 200 	 1062 	 0
1787306880058 	 16 	 200 	 1063 	 0
1787306880372 	 23 	 200 	 1064 	 0
1787306880444 	 13 	 200 	 1065 	 0
1787306880507 	 19 	 200 	 1068 	 2
1787306880516 	 21 	 200 	 1068 	 1
1787306880511 	 26 	 200 	 1068 	 0
1787306880546 	 17 	 200 	 1070 	 1
1787306880561 	 18 	 200 	 1071 	 1
1787306880575 	 13 	 200 	 1072 	 1
1787306880590 	 14 	 200 	 1073 	 1
1787306880591 	 17 	 200 	 1073 	 0
1787306880657 	 23 	 200 	 1074 	 0
1787306880707 	 33 	 200 	 1076 	 1
1787306880730 	 14 	 200 	 1076 	 0
1787306880778 	 12 	 200 	 1077 	 0
1787306880795 	 16 	 200 	 1078 	 0
1787306880852 	 13 	 200 	 1079 	 0
1787306880914 	 36 	 200 	 1081 	 1
1787306880948 	 15 	 200 	 1081 	 0
1787306881051 	 32 	 200 	 1082 	 0
1787306881184 	 31 	 200 	 1083 	 0
1787306881229 	 38 	 200 	 1084 	 0
1787306881365 	 16 	 200 	 1086 	 1
1787306881367 	 15 	 200 	 1086 	 0
1787306881414 	 14 	 200 	 1087 	 0
1787306881530 	 40 	 200 	 1090 	 2
1787306881557 	 13 	 200 	 1090 	 1
1787306881561 	 22 	 200 	 1091 	 1
1787306881573 	 14 	 200 	 1091 	 0
1787306881605 	 15 	 200 	 1092 	 0
1787306881654 	 12 	 200 	 1093 	 0
1787306881685 	 17 	 200 	 1095 	 1
1787306881689 	 20 	 200 	 1096 	 1
1787306881703 	 13 	 200 	 1096 	 0
1787306881723 	 12 	 200 	 1097 	 0
1787306881943 	 14 	 200 	 1098 	 0
1787306881972 	 17 	 200 	 1099 	 0
1787306882016 	 31 	 200 	 1102 	 2
1787306882018 	 33 	 200 	 1102 	 1
1787306882045 	 29 	 200 	 1102 	 0
1787306882105 	 15 	 200 	 1103 	 0
1787306882227 	 12 	 200 	 1105 	 1
1787306882239 	 14 	 200 	 1105 	 0
1787306882259 	 14 	 200 	 1107 	 1
1787306882260 	 14 	 200 	 1107 	 0
1787306882318 	 14 	 200 	 1108 	 0
1787306882385 	 15 	 200 	 1109 	 0
1787306882429 	 31 	 200 	 1110 	 0
1787306882512 	 13 	 200 	 1112 	 1
1787306882526 	 13 	 200 	 1113 	 1
1787306882538 	 13 	 200 	 1114 	 1
1787306882544 	 17 	 200 	 1114 	 0
1787306882576 	 20 	 200 	 1117 	 2
1787306882584 	 16 	 200 	 1118 	 2
1787306882591 	 17 	 200 	 1118 	 1
1787306882601 	 13 	 200 	 1119 	 1
1787306882610 	 17 	 200 	 1120 	 1
1787306882621 	 15 	 200 	 1120 	 0
1787306882657 	 13 	 200 	 1121 	 0
1787306882823 	 13 	 200 	 1122 	 0
1787306882861 	 13 	 200 	 1123 	 0
1787306882884 	 20 	 200 	 1124 	 0
1787306882906 	 12 	 200 	 1125 	 0
1787306882932 	 15 	 200 	 1126 	 0
1787306882971 	 16 	 200 	 1127 	 0
1787306882993 	 15 	 200 	 1128 	 0
1787306883018 	 14 	 200 	 1129 	 0
1787306883108 	 13 	 200 	 1130 	 0
1787306883172 	 20 	 200 	 1133 	 2
1787306883181 	 13 	 200 	 1133 	 1
1787306883185 	 13 	 200 	 1133 	 0
1787306883280 	 17 	 200 	 1134 	 0
1787306883322 	 12 	 200 	 1135 	 0
1787306883374 	 15 	 200 	 1136 	 0
1787306883400 	 16 	 200 	 1137 	 0
1787306883442 	 25 	 200 	 1138 	 0
1787306883512 	 13 	 200 	 1140 	 1
1787306883524 	 19 	 200 	 1140 	 0
1787306883630 	 17 	 200 	 1142 	 1
1787306883633 	 19 	 200 	 1142 	 0
1787306883674 	 12 	 200 	 1143 	 0
1787306883702 	 13 	 200 	 1144 	 0
1787306883787 	 37 	 200 	 1145 	 0
1787306883834 	 14 	 200 	 1148 	 2
1787306883844 	 21 	 200 	 1148 	 1
1787306883847 	 21 	 200 	 1148 	 0
1787306883894 	 14 	 200 	 1149 	 0
1787306883914 	 15 	 200 	 1152 	 2
1787306883920 	 17 	 200 	 1152 	 1
1787306883925 	 16 	 200 	 1152 	 0
1787306883992 	 21 	 200 	 1153 	 0
1787306884149 	 34 	 200 	 1156 	 2
1787306884159 	 34 	 200 	 1156 	 1
1787306884183 	 22 	 200 	 1156 	 0
1787306884246 	 38 	 200 	 1158 	 1
1787306884267 	 21 	 200 	 1158 	 0
1787306884342 	 36 	 200 	 1159 	 0
1787306884472 	 13 	 200 	 1160 	 0
1787306884487 	 12 	 200 	 1161 	 0
1787306884548 	 31 	 200 	 1162 	 0
1787306884638 	 16 	 200 	 1163 	 0
1787306884659 	 15 	 200 	 1164 	 0
1787306884688 	 16 	 200 	 1165 	 0
1787306884729 	 14 	 200 	 1166 	 0
1787306884785 	 15 	 200 	 1167 	 0
1787306884835 	 16 	 200 	 1168 	 0
1787306884854 	 14 	 200 	 1169 	 0
1787306884937 	 16 	 200 	 1170 	 0
1787306885006 	 12 	 200 	 1171 	 0
1787306885066 	 13 	 200 	 1172 	 0
1787306885082 	 11 	 200 	 1173 	 0
1787306885236 	 43 	 200 	 1174 	 0
1787306885322 	 19 	 200 	 1175 	 0
1787306885353 	 19 	 200 	 1176 	 0
1787306885509 	 13 	 200 	 1177 	 0
1787306885528 	 15 	 200 	 1178 	 0
1787306885577 	 15 	 200 	 1179 	 0
1787306885644 	 14 	 200 	 1181 	 1
1787306885649 	 22 	 200 	 1181 	 0
1787306885708 	 23 	 200 	 1183 	 1
1787306885728 	 16 	 200 	 1183 	 0
1787306885766 	 13 	 200 	 1184 	 0
1787306885786 	 18 	 200 	 1185 	 0
1787306885872 	 36 	 200 	 1186 	 0
1787306886000 	 13 	 200 	 1188 	 1
1787306886010 	 12 	 200 	 1188 	 0
1787306886119 	 14 	 200 	 1190 	 1
1787306886126 	 15 	 200 	 1190 	 0
1787306886144 	 17 	 200 	 1192 	 1
1787306886144 	 19 	 200 	 1192 	 0
1787306886180 	 26 	 200 	 1193 	 0
1787306886252 	 14 	 200 	 1194 	 0
1787306886272 	 13 	 200 	 1195 	 0
1787306886295 	 13 	 200 	 1196 	 0
1787306886314 	 20 	 200 	 1197 	 0
1787306886340 	 13 	 200 	 1198 	 0
1787306886387 	 15 	 200 	 1200 	 1
1787306886397 	 14 	 200 	 1200 	 0
1787306886414 	 12 	 200 	 1201 	 0
1787306886465 	 18 	 200 	 1203 	 1
1787306886471 	 15 	 200 	 1203 	 0
1787306886645 	 12 	 200 	 1204 	 0
1787306886664 	 13 	 200 	 1205 	 0
1787306886694 	 14 	 200 	 1207 	 1
1787306886700 	 14 	 200 	 1207 	 0
1787306886870 	 17 	 200 	 1208 	 0
1787306886900 	 14 	 200 	 1210 	 1
1787306886913 	 13 	 200 	 1210 	 0
1787306886938 	 12 	 200 	 1211 	 0
1787306887002 	 41 	 200 	 1213 	 1
1787306887027 	 18 	 200 	 1213 	 0
1787306887088 	 30 	 200 	 1215 	 1
1787306887092 	 28 	 200 	 1215 	 0
1787306887147 	 12 	 200 	 1216 	 0
1787306887184 	 33 	 200 	 1219 	 2
1787306887197 	 28 	 200 	 1219 	 1
1787306887215 	 18 	 200 	 1219 	 0
1787306887255 	 28 	 200 	 1220 	 0
1787306887342 	 29 	 200 	 1223 	 2
1787306887359 	 21 	 200 	 1223 	 1
1787306887356 	 30 	 200 	 1224 	 1
1787306887387 	 13 	 200 	 1224 	 0
1787306887506 	 15 	 200 	 1225 	 0
1787306887579 	 21 	 200 	 1227 	 1
1787306887589 	 15 	 200 	 1227 	 0
1787306887607 	 12 	 200 	 1228 	 0
1787306887672 	 16 	 200 	 1230 	 1
1787306887678 	 15 	 200 	 1230 	 0
1787306887761 	 20 	 200 	 1232 	 1
1787306887762 	 22 	 200 	 1232 	 0
1787306887794 	 13 	 200 	 1233 	 0
1787306887846 	 19 	 200 	 1235 	 1
1787306887850 	 16 	 200 	 1235 	 0
1787306887909 	 15 	 200 	 1236 	 0
1787306887934 	 18 	 200 	 1237 	 0
1787306887967 	 12 	 200 	 1238 	 0
1787306888087 	 28 	 200 	 1239 	 0
1787306888183 	 21 	 200 	 1240 	 0
1787306888299 	 17 	 200 	 1241 	 0
1787306888325 	 15 	 200 	 1242 	 0
1787306888408 	 37 	 200 	 1243 	 0
1787306888519 	 14 	 200 	 1244 	 0
1787306888550 	 13 	 200 	 1245 	 0
1787306888570 	 18 	 200 	 1246 	 0
1787306888664 	 16 	 200 	 1247 	 0
1787306888701 	 16 	 200 	 1248 	 0
1787306888770 	 26 	 200 	 1250 	 1
1787306888783 	 23 	 200 	 1250 	 0
1787306888811 	 17 	 200 	 1251 	 0
1787306888846 	 12 	 200 	 1252 	 0
1787306888927 	 18 	 200 	 1253 	 0
1787306888963 	 14 	 200 	 1254 	 0
1787306889050 	 31 	 200 	 1256 	 1
1787306889053 	 31 	 200 	 1256 	 0
1787306889106 	 16 	 200 	 1260 	 3
1787306889110 	 14 	 200 	 1260 	 2
1787306889108 	 21 	 200 	 1260 	 1
1787306889109 	 20 	 200 	 1260 	 0
1787306889156 	 13 	 200 	 1261 	 0
1787306889205 	 13 	 200 	 1262 	 0
1787306889235 	 14 	 200 	 1263 	 0
1787306889269 	 13 	 200 	 1264 	 0
1787306889434 	 27 	 200 	 1265 	 0
1787306889545 	 15 	 200 	 1266 	 0
1787306889570 	 13 	 200 	 1267 	 0
1787306889603 	 14 	 200 	 1268 	 0
1787306889661 	 12 	 200 	 1269 	 0
1787306889689 	 13 	 200 	 1270 	 0
1787306889719 	 13 	 200 	 1272 	 1
1787306889721 	 14 	 200 	 1272 	 0
1787306889814 	 17 	 200 	 1273 	 0
1787306889958 	 36 	 200 	 1275 	 1
1787306889982 	 20 	 200 	 1275 	 0
1787306890086 	 26 	 200 	 1277 	 1
1787306890077 	 39 	 200 	 1277 	 0
1787306890169 	 33 	 200 	 1279 	 1
1787306890180 	 25 	 200 	 1279 	 0
1787306890281 	 20 	 200 	 1280 	 0
1787306890315 	 14 	 200 	 1281 	 0
1787306890336 	 14 	 200 	 1284 	 2
1787306890338 	 13 	 200 	 1284 	 1
1787306890347 	 13 	 200 	 1284 	 0
1787306890439 	 12 	 200 	 1285 	 0
1787306890555 	 16 	 200 	 1286 	 0
1787306890676 	 13 	 200 	 1287 	 0
1787306890733 	 14 	 200 	 1288 	 0
1787306890753 	 14 	 200 	 1289 	 0
1787306890813 	 17 	 200 	 1291 	 1
1787306890823 	 18 	 200 	 1291 	 0
1787306891039 	 16 	 200 	 1292 	 0
1787306891063 	 14 	 200 	 1294 	 1
1787306891069 	 18 	 200 	 1294 	 0
1787306891135 	 36 	 200 	 1295 	 0
1787306891179 	 25 	 200 	 1296 	 0
1787306891242 	 13 	 200 	 1297 	 0
1787306891283 	 15 	 200 	 1298 	 0
1787306891307 	 16 	 200 	 1299 	 0
1787306891435 	 13 	 200 	 1300 	 0
1787306891455 	 17 	 200 	 1301 	 0
1787306891483 	 14 	 200 	 1303 	 1
1787306891495 	 12 	 200 	 1303 	 0
1787306891583 	 16 	 200 	 1305 	 1
1787306891596 	 20 	 200 	 1305 	 0
1787306891701 	 34 	 200 	 1306 	 0
1787306891773 	 15 	 200 	 1308 	 1
1787306891788 	 14 	 200 	 1309 	 1
1787306891860 	 13 	 200 	 1310 	 1
1787306891794 	 96 	 200 	 1310 	 0
1787306891972 	 24 	 200 	 1311 	 0
1787306892031 	 16 	 200 	 1312 	 0
1787306892064 	 16 	 200 	 1313 	 0
1787306892114 	 15 	 200 	 1314 	 0
1787306892170 	 29 	 200 	 1317 	 2
1787306892164 	 38 	 200 	 1317 	 1
1787306892185 	 21 	 200 	 1317 	 0
1787306892245 	 33 	 200 	 1318 	 0
1787306892312 	 17 	 200 	 1319 	 0
1787306892389 	 13 	 200 	 1320 	 0
1787306892451 	 20 	 200 	 1321 	 0
1787306892480 	 16 	 200 	 1322 	 0
1787306892516 	 14 	 200 	 1323 	 0
1787306892542 	 12 	 200 	 1324 	 0
1787306892642 	 14 	 200 	 1326 	 1
1787306892649 	 12 	 200 	 1326 	 0
1787306892838 	 31 	 200 	 1327 	 0
1787306892899 	 16 	 200 	 1329 	 1
1787306892900 	 19 	 200 	 1329 	 0
1787306892981 	 20 	 200 	 1330 	 0
1787306893035 	 13 	 200 	 1331 	 0
1787306893061 	 15 	 200 	 1333 	 1
1787306893072 	 12 	 200 	 1333 	 0
1787306893216 	 36 	 200 	 1334 	 0
1787306893391 	 24 	 200 	 1337 	 2
1787306893389 	 29 	 200 	 1337 	 1
1787306893410 	 13 	 200 	 1337 	 0
1787306893491 	 29 	 200 	 1338 	 0
1787306893628 	 19 	 200 	 1339 	 0
1787306893711 	 37 	 200 	 1340 	 0
1787306893768 	 16 	 200 	 1341 	 0
1787306893837 	 14 	 200 	 1342 	 0
1787306893969 	 12 	 200 	 1343 	 0
1787306893999 	 12 	 200 	 1344 	 0
1787306894262 	 13 	 200 	 1345 	 0
1787306894286 	 16 	 200 	 1346 	 0
1787306894319 	 14 	 200 	 1347 	 0
1787306894412 	 12 	 200 	 1348 	 0
1787306894429 	 15 	 200 	 1350 	 1
1787306894427 	 19 	 200 	 1350 	 0
1787306894464 	 14 	 200 	 1351 	 0
1787306894547 	 19 	 200 	 1352 	 0
1787306894602 	 16 	 200 	 1354 	 1
1787306894608 	 14 	 200 	 1354 	 0
1787306894699 	 19 	 200 	 1355 	 0
1787306894994 	 12 	 200 	 1357 	 1
1787306894998 	 12 	 200 	 1357 	 0
1787306895073 	 25 	 200 	 1358 	 0
1787306895120 	 32 	 200 	 1359 	 0
1787306895178 	 28 	 200 	 1360 	 0
1787306895362 	 12 	 200 	 1361 	 0
1787306895494 	 16 	 200 	 1362 	 0
1787306895535 	 16 	 200 	 1365 	 2
1787306895551 	 13 	 200 	 1366 	 2
1787306895545 	 33 	 200 	 1366 	 1
1787306895565 	 13 	 200 	 1366 	 0
1787306895606 	 14 	 200 	 1367 	 0
1787306895632 	 17 	 200 	 1368 	 0
1787306895677 	 15 	 200 	 1369 	 0
1787306895728 	 14 	 200 	 1370 	 0
1787306895817 	 14 	 200 	 1372 	 1
1787306895819 	 22 	 200 	 1372 	 0
1787306895886 	 15 	 200 	 1373 	 0
1787306895914 	 14 	 200 	 1374 	 0
1787306895976 	 30 	 200 	 1375 	 0
1787306896079 	 18 	 200 	 1377 	 1
1787306896098 	 16 	 200 	 1378 	 1
1787306896105 	 14 	 200 	 1378 	 0
1787306896175 	 14 	 200 	 1379 	 0
1787306896246 	 32 	 200 	 1380 	 0
1787306896295 	 14 	 200 	 1381 	 0
1787306896317 	 19 	 200 	 1382 	 0
1787306896384 	 15 	 200 	 1383 	 0
1787306896403 	 13 	 200 	 1384 	 0
1787306896507 	 14 	 200 	 1385 	 0
1787306896590 	 13 	 200 	 1386 	 0
1787306896617 	 13 	 200 	 1387 	 0
1787306896682 	 14 	 200 	 1388 	 0
1787306896702 	 12 	 200 	 1389 	 0
1787306896719 	 14 	 200 	 1390 	 0
1787306896735 	 16 	 200 	 1393 	 2
1787306896735 	 17 	 200 	 1393 	 1
1787306896745 	 13 	 200 	 1393 	 0
1787306896908 	 33 	 200 	 1395 	 1
1787306896944 	 14 	 200 	 1396 	 1
1787306896946 	 15 	 200 	 1396 	 0
1787306896989 	 14 	 200 	 1397 	 0
1787306897058 	 36 	 200 	 1398 	 0
1787306897097 	 27 	 200 	 1400 	 1
1787306897124 	 13 	 200 	 1400 	 0
1787306897161 	 36 	 200 	 1402 	 1
1787306897178 	 31 	 200 	 1404 	 2
1787306897204 	 14 	 200 	 1404 	 1
1787306897205 	 23 	 200 	 1404 	 0
1787306897242 	 12 	 200 	 1405 	 0
1787306897301 	 22 	 200 	 1406 	 0
1787306897386 	 20 	 200 	 1408 	 1
1787306897403 	 14 	 200 	 1409 	 1
1787306897413 	 15 	 200 	 1409 	 0
1787306897456 	 16 	 200 	 1410 	 0
1787306897535 	 14 	 200 	 1411 	 0
1787306897590 	 13 	 200 	 1413 	 1
1787306897599 	 13 	 200 	 1413 	 0
1787306897690 	 19 	 200 	 1414 	 0
1787306897745 	 12 	 200 	 1415 	 0
1787306897770 	 13 	 200 	 1416 	 0
1787306897806 	 16 	 200 	 1417 	 0
1787306897881 	 19 	 200 	 1418 	 0
1787306897905 	 15 	 200 	 1419 	 0
1787306897961 	 13 	 200 	 1420 	 0
1787306897992 	 13 	 200 	 1422 	 1
1787306897990 	 17 	 200 	 1422 	 0
1787306898157 	 36 	 200 	 1424 	 1
1787306898177 	 28 	 200 	 1424 	 0
1787306898212 	 14 	 200 	 1425 	 0
1787306898274 	 14 	 200 	 1427 	 1
1787306898283 	 18 	 200 	 1428 	 1
1787306898301 	 13 	 200 	 1428 	 0
1787306898393 	 20 	 200 	 1429 	 0
1787306898418 	 12 	 200 	 1430 	 0
1787306898485 	 17 	 200 	 1431 	 0
1787306898516 	 13 	 200 	 1432 	 0
1787306898649 	 24 	 200 	 1434 	 1
1787306898665 	 13 	 200 	 1434 	 0
1787306898749 	 13 	 200 	 1435 	 0
1787306898847 	 16 	 200 	 1436 	 0
1787306898989 	 34 	 200 	 1437 	 0
1787306899151 	 13 	 200 	 1438 	 0
1787306899173 	 12 	 200 	 1439 	 0
1787306899251 	 38 	 200 	 1441 	 1
1787306899284 	 13 	 200 	 1441 	 0
1787306899338 	 39 	 200 	 1444 	 2
1787306899367 	 18 	 200 	 1445 	 2
1787306899358 	 28 	 200 	 1445 	 1
1787306899381 	 17 	 200 	 1445 	 0
1787306899401 	 16 	 200 	 1446 	 0
1787306899449 	 16 	 200 	 1447 	 0
1787306899577 	 12 	 200 	 1448 	 0
1787306899627 	 14 	 200 	 1449 	 0
1787306899671 	 19 	 200 	 1450 	 0
1787306899874 	 24 	 200 	 1451 	 0
1787306899970 	 13 	 200 	 1452 	 0
1787306899988 	 28 	 200 	 1453 	 0
1787306900077 	 31 	 200 	 1456 	 2
1787306900090 	 26 	 200 	 1457 	 2
1787306900095 	 22 	 200 	 1457 	 1
1787306900114 	 13 	 200 	 1457 	 0
1787306900205 	 20 	 200 	 1459 	 1
1787306900196 	 30 	 200 	 1459 	 0
1787306900304 	 22 	 200 	 1461 	 1
1787306900328 	 13 	 200 	 1461 	 0
1787306900429 	 14 	 200 	 1462 	 0
1787306900489 	 18 	 200 	 1463 	 0
1787306900628 	 13 	 200 	 1465 	 1
1787306900688 	 15 	 200 	 1466 	 1
1787306900783 	 22 	 200 	 1467 	 1
1787306900830 	 36 	 200 	 1469 	 2
1787306900858 	 68 	 200 	 1469 	 1
1787306900559 	 424 	 200 	 1470 	 1
1787306900938 	 46 	 200 	 1470 	 0
1787306901203 	 18 	 200 	 1471 	 0
1787306901334 	 17 	 200 	 1472 	 0
1787306901433 	 14 	 200 	 1473 	 0
1787306901457 	 14 	 200 	 1474 	 0
1787306901475 	 67 	 200 	 1475 	 0
1787306901548 	 15 	 200 	 1476 	 0
1787306901621 	 12 	 200 	 1477 	 0
1787306901722 	 13 	 200 	 1478 	 0
1787306901789 	 13 	 200 	 1479 	 0
1787306901828 	 56 	 200 	 1480 	 0
1787306901898 	 13 	 200 	 1481 	 0
1787306901914 	 15 	 200 	 1482 	 0
1787306901944 	 13 	 200 	 1483 	 0
1787306902051 	 14 	 200 	 1484 	 0
1787306902106 	 24 	 200 	 1485 	 0
1787306902239 	 13 	 200 	 1486 	 0
1787306902278 	 14 	 200 	 1487 	 0
1787306902358 	 31 	 200 	 1489 	 1
1787306902378 	 25 	 200 	 1489 	 0
1787306902582 	 39 	 200 	 1490 	 0
1787306902651 	 22 	 200 	 1491 	 0
1787306902699 	 19 	 200 	 1493 	 1
1787306902701 	 17 	 200 	 1493 	 0
1787306902802 	 19 	 200 	 1495 	 1
1787306902817 	 16 	 200 	 1495 	 0
1787306902839 	 13 	 200 	 1496 	 0
1787306902864 	 16 	 200 	 1499 	 2
1787306902871 	 15 	 200 	 1499 	 1
1787306902875 	 28 	 200 	 1499 	 0
1787306902908 	 13 	 200 	 1500 	 0
1787306902956 	 18 	 200 	 1501 	 0
1787306903047 	 40 	 200 	 1503 	 1
1787306903070 	 31 	 200 	 1504 	 1
1787306903091 	 17 	 200 	 1504 	 0
1787306903131 	 14 	 200 	 1505 	 0
1787306903149 	 14 	 200 	 1507 	 1
1787306903151 	 12 	 200 	 1507 	 0
1787306903174 	 23 	 200 	 1508 	 0
1787306903478 	 16 	 200 	 1510 	 1
1787306903490 	 15 	 200 	 1510 	 0
1787306903562 	 16 	 200 	 1513 	 2
1787306903560 	 22 	 200 	 1513 	 1
1787306903567 	 16 	 200 	 1513 	 0
1787306903690 	 21 	 200 	 1514 	 0
1787306903734 	 18 	 200 	 1515 	 0
1787306903793 	 14 	 200 	 1516 	 0
1787306903827 	 17 	 200 	 1518 	 1
1787306903838 	 14 	 200 	 1518 	 0
1787306903880 	 15 	 200 	 1520 	 1
1787306903880 	 17 	 200 	 1520 	 0
1787306903913 	 14 	 200 	 1522 	 1
1787306903917 	 12 	 200 	 1522 	 0
1787306904027 	 31 	 200 	 1523 	 0
1787306904117 	 14 	 200 	 1525 	 1
1787306904124 	 14 	 200 	 1525 	 0
1787306904140 	 12 	 200 	 1527 	 1
1787306904143 	 12 	 200 	 1527 	 0
1787306904311 	 16 	 200 	 1528 	 0
1787306904355 	 14 	 200 	 1530 	 1
1787306904358 	 12 	 200 	 1530 	 0
1787306904530 	 13 	 200 	 1531 	 0
1787306904660 	 15 	 200 	 1533 	 1
1787306904665 	 15 	 200 	 1533 	 0
1787306904719 	 15 	 200 	 1535 	 1
1787306904731 	 14 	 200 	 1535 	 0
1787306904787 	 14 	 200 	 1536 	 0
1787306904855 	 15 	 200 	 1537 	 0
1787306905009 	 13 	 200 	 1538 	 0
1787306905090 	 32 	 200 	 1539 	 0
1787306905278 	 27 	 200 	 1541 	 1
1787306905261 	 45 	 200 	 1541 	 0
1787306905414 	 31 	 200 	 1542 	 0
1787306905511 	 20 	 200 	 1543 	 0
1787306905649 	 21 	 200 	 1544 	 0
1787306905684 	 14 	 200 	 1545 	 0
1787306906170 	 38 	 200 	 1546 	 0
1787306906256 	 16 	 200 	 1547 	 0
1787306906290 	 13 	 200 	 1549 	 1
1787306906288 	 17 	 200 	 1549 	 0
1787306906356 	 14 	 200 	 1550 	 0
1787306906414 	 13 	 200 	 1551 	 0
1787306906586 	 25 	 200 	 1552 	 0
1787306906636 	 22 	 200 	 1553 	 0
1787306906665 	 14 	 200 	 1554 	 0
1787306906882 	 16 	 200 	 1555 	 0
1787306906945 	 20 	 200 	 1556 	 0
1787306906968 	 14 	 200 	 1559 	 2
1787306906972 	 14 	 200 	 1559 	 1
1787306906973 	 17 	 200 	 1559 	 0
1787306907040 	 33 	 200 	 1562 	 2
1787306907060 	 23 	 200 	 1562 	 1
1787306907062 	 25 	 200 	 1562 	 0
1787306907117 	 20 	 200 	 1564 	 1
1787306907122 	 17 	 200 	 1564 	 0
1787306907161 	 39 	 200 	 1565 	 0
1787306907214 	 30 	 200 	 1566 	 0
1787306907253 	 16 	 200 	 1569 	 2
1787306907262 	 14 	 200 	 1569 	 1
1787306907260 	 26 	 200 	 1569 	 0
1787306907367 	 31 	 200 	 1570 	 0
1787306907401 	 13 	 200 	 1571 	 0
1787306907438 	 14 	 200 	 1572 	 0
1787306907474 	 18 	 200 	 1575 	 2
1787306907482 	 16 	 200 	 1575 	 1
1787306907484 	 15 	 200 	 1575 	 0
1787306907603 	 20 	 200 	 1576 	 0
1787306907641 	 12 	 200 	 1577 	 0
1787306907656 	 14 	 200 	 1578 	 0
1787306907782 	 17 	 200 	 1579 	 0
1787306907862 	 32 	 200 	 1580 	 0
1787306907955 	 13 	 200 	 1581 	 0
1787306907977 	 13 	 200 	 1583 	 1
1787306907986 	 12 	 200 	 1583 	 0
1787306908075 	 26 	 200 	 1584 	 0
1787306908175 	 33 	 200 	 1585 	 0
1787306908469 	 18 	 200 	 1586 	 0
1787306908625 	 12 	 200 	 1589 	 2
1787306908636 	 14 	 200 	 1589 	 1
1787306908637 	 15 	 200 	 1589 	 1
1787306908653 	 13 	 200 	 1590 	 0
1787306908723 	 22 	 200 	 1592 	 1
1787306908731 	 30 	 200 	 1592 	 0
1787306908802 	 18 	 200 	 1593 	 0
1787306908877 	 13 	 200 	 1594 	 0
1787306908917 	 13 	 200 	 1595 	 0
1787306909148 	 15 	 200 	 1596 	 0
1787306909244 	 14 	 200 	 1597 	 0
1787306909356 	 17 	 200 	 1598 	 0
1787306909378 	 13 	 200 	 1600 	 1
1787306909387 	 14 	 200 	 1600 	 0
1787306909436 	 13 	 200 	 1601 	 0
1787306909458 	 16 	 200 	 1602 	 0
1787306909531 	 12 	 200 	 1603 	 0
1787306909553 	 33 	 200 	 1604 	 0
1787306909621 	 14 	 200 	 1605 	 0
1787306909728 	 18 	 200 	 1608 	 2
1787306909734 	 16 	 200 	 1608 	 1
1787306909730 	 29 	 200 	 1608 	 0
1787306909773 	 15 	 200 	 1610 	 1
1787306909788 	 13 	 200 	 1610 	 0
1787306909958 	 20 	 200 	 1611 	 0
1787306909999 	 35 	 200 	 1613 	 1
1787306910023 	 28 	 200 	 1613 	 0
1787306910122 	 14 	 200 	 1614 	 0
1787306910198 	 14 	 200 	 1616 	 1
1787306910201 	 19 	 200 	 1616 	 0
1787306910254 	 18 	 200 	 1618 	 1
1787306910258 	 17 	 200 	 1618 	 0
1787306910320 	 21 	 200 	 1619 	 0
1787306910398 	 14 	 200 	 1620 	 0
1787306910430 	 14 	 200 	 1622 	 1
1787306910443 	 13 	 200 	 1622 	 0
1787306910558 	 13 	 200 	 1624 	 1
1787306910557 	 17 	 200 	 1624 	 0
1787306910696 	 15 	 200 	 1626 	 1
1787306910707 	 12 	 200 	 1626 	 0
1787306910729 	 18 	 200 	 1627 	 0
1787306910785 	 15 	 200 	 1628 	 0
1787306910814 	 13 	 200 	 1629 	 0
1787306910856 	 15 	 200 	 1632 	 2
1787306910864 	 16 	 200 	 1632 	 1
1787306910870 	 14 	 200 	 1632 	 0
1787306910983 	 14 	 200 	 1634 	 1
1787306911036 	 13 	 200 	 1635 	 1
1787306911077 	 12 	 200 	 1636 	 1
1787306911121 	 12 	 200 	 1637 	 1
1787306911141 	 30 	 200 	 1638 	 1
1787306910967 	 211 	 200 	 1638 	 0
1787306911205 	 15 	 200 	 1639 	 0
1787306911359 	 14 	 200 	 1640 	 0
1787306911398 	 15 	 200 	 1642 	 1
1787306911402 	 12 	 200 	 1642 	 0
1787306911482 	 19 	 200 	 1643 	 0
1787306911529 	 17 	 200 	 1644 	 0
1787306911582 	 15 	 200 	 1645 	 0
1787306911650 	 18 	 200 	 1646 	 0
1787306911706 	 15 	 200 	 1647 	 0
1787306911824 	 22 	 200 	 1649 	 1
1787306911772 	 76 	 200 	 1649 	 0
1787306911861 	 14 	 200 	 1650 	 0
1787306911896 	 15 	 200 	 1652 	 1
1787306911915 	 12 	 200 	 1654 	 2
1787306911896 	 41 	 200 	 1654 	 1
1787306911926 	 14 	 200 	 1654 	 0
1787306911945 	 14 	 200 	 1657 	 2
1787306911949 	 14 	 200 	 1657 	 1
1787306911960 	 15 	 200 	 1657 	 0
1787306912100 	 14 	 200 	 1658 	 0
1787306912348 	 15 	 200 	 1659 	 0
1787306912384 	 14 	 200 	 1660 	 0
1787306912443 	 18 	 200 	 1663 	 2
1787306912444 	 18 	 200 	 1663 	 1
1787306912454 	 58 	 200 	 1663 	 0
1787306912628 	 18 	 200 	 1664 	 0
1787306912685 	 16 	 200 	 1665 	 0
1787306912704 	 18 	 200 	 1668 	 2
1787306912711 	 17 	 200 	 1668 	 1
1787306912713 	 21 	 200 	 1668 	 0
1787306912803 	 17 	 200 	 1671 	 2
1787306912816 	 17 	 200 	 1671 	 1
1787306912822 	 18 	 200 	 1671 	 0
1787306912875 	 23 	 200 	 1673 	 1
1787306912880 	 19 	 200 	 1673 	 0
1787306912953 	 25 	 200 	 1674 	 0
1787306912998 	 12 	 200 	 1675 	 0
1787306913044 	 13 	 200 	 1677 	 1
1787306913051 	 13 	 200 	 1677 	 0
1787306913094 	 13 	 200 	 1678 	 0
1787306913194 	 13 	 200 	 1679 	 0
1787306913316 	 15 	 200 	 1680 	 0
1787306913388 	 17 	 200 	 1683 	 2
1787306913394 	 18 	 200 	 1683 	 1
1787306913404 	 13 	 200 	 1683 	 0
1787306913457 	 18 	 200 	 1684 	 0
1787306913564 	 34 	 200 	 1685 	 0
1787306913640 	 17 	 200 	 1688 	 2
1787306913648 	 13 	 200 	 1688 	 1
1787306913657 	 13 	 200 	 1688 	 0
1787306913688 	 15 	 200 	 1690 	 1
1787306913692 	 13 	 200 	 1690 	 0
1787306913726 	 19 	 200 	 1692 	 1
1787306913730 	 17 	 200 	 1692 	 0
1787306913762 	 17 	 200 	 1693 	 0
1787306913815 	 13 	 200 	 1695 	 1
1787306913828 	 18 	 200 	 1697 	 2
1787306913830 	 17 	 200 	 1697 	 1
1787306913838 	 18 	 200 	 1697 	 0
1787306913961 	 13 	 200 	 1698 	 0
1787306914132 	 13 	 200 	 1699 	 0
1787306914210 	 38 	 200 	 1701 	 1
1787306914236 	 39 	 200 	 1703 	 2
1787306914261 	 20 	 200 	 1703 	 1
1787306914275 	 14 	 200 	 1703 	 0
1787306914295 	 13 	 200 	 1704 	 0
1787306914395 	 16 	 200 	 1706 	 1
1787306914378 	 49 	 200 	 1706 	 0
1787306914432 	 12 	 200 	 1707 	 0
1787306914469 	 15 	 200 	 1708 	 0
1787306914488 	 14 	 200 	 1709 	 0
1787306914508 	 13 	 200 	 1710 	 0
1787306914526 	 17 	 200 	 1711 	 0
1787306914598 	 14 	 200 	 1713 	 1
1787306914604 	 17 	 200 	 1714 	 1
1787306914619 	 12 	 200 	 1714 	 0
1787306914662 	 15 	 200 	 1715 	 0
1787306914701 	 13 	 200 	 1716 	 0
1787306914729 	 20 	 200 	 1719 	 2
1787306914738 	 26 	 200 	 1719 	 1
1787306914744 	 22 	 200 	 1719 	 0
1787306914809 	 16 	 200 	 1722 	 2
1787306914817 	 20 	 200 	 1722 	 1
1787306914824 	 15 	 200 	 1722 	 0
1787306914932 	 29 	 200 	 1723 	 0
1787306914978 	 14 	 200 	 1724 	 0
1787306915001 	 17 	 200 	 1726 	 1
1787306914998 	 21 	 200 	 1726 	 0
1787306915033 	 14 	 200 	 1727 	 0
1787306915116 	 37 	 200 	 1728 	 0
1787306915198 	 37 	 200 	 1729 	 0
1787306915258 	 26 	 200 	 1730 	 0
1787306915304 	 15 	 200 	 1731 	 0
1787306915374 	 30 	 200 	 1732 	 0
1787306915596 	 15 	 200 	 1733 	 1
1787306915612 	 14 	 200 	 1734 	 0
1787306915681 	 14 	 200 	 1736 	 1
1787306915690 	 27 	 200 	 1736 	 0
1787306915725 	 13 	 200 	 1737 	 0
1787306915805 	 13 	 200 	 1738 	 0
1787306915911 	 12 	 200 	 1739 	 0
1787306915957 	 16 	 200 	 1741 	 1
1787306915961 	 14 	 200 	 1741 	 0
1787306915984 	 12 	 200 	 1742 	 0
1787306916076 	 37 	 200 	 1745 	 2
1787306916074 	 71 	 200 	 1746 	 2
1787306916170 	 14 	 200 	 1748 	 3
1787306916207 	 20 	 200 	 1749 	 3
1787306916115 	 121 	 200 	 1749 	 2
1787306916160 	 94 	 200 	 1749 	 1
1787306916088 	 170 	 200 	 1749 	 0
1787306916264 	 14 	 200 	 1750 	 0
1787306916316 	 32 	 200 	 1751 	 0
1787306916372 	 29 	 200 	 1753 	 1
1787306916400 	 13 	 200 	 1753 	 0
1787306916417 	 13 	 200 	 1755 	 1
1787306916429 	 18 	 200 	 1755 	 0
1787306916452 	 13 	 200 	 1756 	 0
1787306916497 	 13 	 200 	 1757 	 0
1787306916574 	 17 	 200 	 1758 	 0
1787306916654 	 15 	 200 	 1759 	 0
1787306916774 	 18 	 200 	 1760 	 0
1787306916802 	 12 	 200 	 1761 	 0
1787306916955 	 32 	 200 	 1762 	 0
1787306917107 	 24 	 200 	 1764 	 1
1787306917122 	 12 	 200 	 1764 	 0
1787306917226 	 16 	 200 	 1766 	 1
1787306917229 	 14 	 200 	 1766 	 0
1787306917275 	 16 	 200 	 1767 	 0
1787306917297 	 12 	 200 	 1768 	 0
1787306917312 	 27 	 200 	 1769 	 0
1787306917351 	 13 	 200 	 1770 	 0
1787306917402 	 17 	 200 	 1772 	 1
1787306917406 	 15 	 200 	 1772 	 0
1787306917447 	 13 	 200 	 1773 	 0
1787306917519 	 13 	 200 	 1775 	 1
1787306917523 	 14 	 200 	 1775 	 0
1787306917693 	 24 	 200 	 1777 	 1
1787306917703 	 17 	 200 	 1777 	 0
1787306917855 	 34 	 200 	 1779 	 1
1787306917868 	 29 	 200 	 1780 	 1
1787306917891 	 17 	 200 	 1780 	 0
1787306918056 	 37 	 200 	 1781 	 0
1787306918149 	 20 	 200 	 1784 	 2
1787306918165 	 15 	 200 	 1784 	 1
1787306918169 	 13 	 200 	 1784 	 0
1787306918197 	 12 	 200 	 1786 	 1
1787306918206 	 15 	 200 	 1787 	 1
1787306918216 	 12 	 200 	 1787 	 0
1787306918463 	 21 	 200 	 1788 	 0
1787306918531 	 12 	 200 	 1789 	 0
1787306918610 	 13 	 200 	 1791 	 1
1787306918612 	 15 	 200 	 1791 	 0
1787306918690 	 27 	 200 	 1793 	 1
1787306918698 	 25 	 200 	 1793 	 0
1787306918794 	 27 	 200 	 1794 	 0
1787306918835 	 14 	 200 	 1795 	 0
1787306918866 	 16 	 200 	 1797 	 1
1787306918875 	 12 	 200 	 1797 	 0
1787306918893 	 14 	 200 	 1799 	 1
1787306918901 	 20 	 200 	 1799 	 0
1787306918946 	 17 	 200 	 1800 	 0
1787306919017 	 13 	 200 	 1801 	 0
1787306919055 	 41 	 200 	 1804 	 2
1787306919081 	 33 	 200 	 1805 	 2
1787306919086 	 31 	 200 	 1805 	 1
1787306919100 	 50 	 200 	 1805 	 0
1787306919217 	 38 	 200 	 1807 	 1
1787306919228 	 29 	 200 	 1807 	 0
1787306919296 	 21 	 200 	 1808 	 0
1787306919326 	 12 	 200 	 1810 	 1
1787306919339 	 14 	 200 	 1810 	 0
1787306919497 	 32 	 200 	 1811 	 0
1787306919664 	 33 	 200 	 1812 	 0
1787306919726 	 15 	 200 	 1816 	 3
1787306919723 	 24 	 200 	 1816 	 2
1787306919742 	 14 	 200 	 1816 	 1
1787306919737 	 26 	 200 	 1816 	 0
1787306919800 	 19 	 200 	 1818 	 1
1787306919806 	 14 	 200 	 1818 	 0
1787306919834 	 15 	 200 	 1819 	 0
1787306919877 	 15 	 200 	 1820 	 0
1787306920000 	 12 	 200 	 1821 	 0
1787306920053 	 31 	 200 	 1822 	 0
1787306920124 	 12 	 200 	 1823 	 0
1787306920212 	 16 	 200 	 1825 	 1
1787306920228 	 14 	 200 	 1825 	 0
1787306920362 	 17 	 200 	 1826 	 0
1787306920432 	 29 	 200 	 1827 	 0
1787306920538 	 12 	 200 	 1828 	 0
1787306920633 	 17 	 200 	 1830 	 1
1787306920636 	 15 	 200 	 1830 	 0
1787306920726 	 12 	 200 	 1831 	 0
1787306920749 	 12 	 200 	 1832 	 0
1787306920766 	 14 	 200 	 1834 	 1
1787306920775 	 14 	 200 	 1834 	 0
1787306920821 	 14 	 200 	 1835 	 0
1787306920884 	 13 	 200 	 1836 	 0
1787306920961 	 32 	 200 	 1837 	 0
1787306921029 	 14 	 200 	 1838 	 0
1787306921070 	 31 	 200 	 1839 	 0
1787306921235 	 33 	 200 	 1841 	 1
1787306921256 	 26 	 200 	 1841 	 0
1787306921411 	 22 	 200 	 1842 	 0
1787306921520 	 23 	 200 	 1844 	 1
1787306921542 	 13 	 200 	 1845 	 1
1787306921549 	 12 	 200 	 1845 	 0
1787306921614 	 17 	 200 	 1847 	 1
1787306921627 	 22 	 200 	 1847 	 0
1787306921677 	 15 	 200 	 1848 	 0
1787306921753 	 13 	 200 	 1849 	 0
1787306921783 	 16 	 200 	 1850 	 0
1787306921802 	 17 	 200 	 1851 	 0
1787306921880 	 18 	 200 	 1852 	 0
1787306921955 	 21 	 200 	 1853 	 0
1787306922011 	 29 	 200 	 1854 	 0
1787306922199 	 12 	 200 	 1856 	 1
1787306922208 	 14 	 200 	 1856 	 0
1787306922247 	 21 	 200 	 1857 	 0
1787306922375 	 31 	 200 	 1858 	 0
1787306922441 	 21 	 200 	 1861 	 2
1787306922457 	 16 	 200 	 1861 	 1
1787306922461 	 14 	 200 	 1861 	 0
1787306922541 	 13 	 200 	 1863 	 1
1787306922550 	 13 	 200 	 1863 	 0
1787306922702 	 13 	 200 	 1864 	 0
1787306922800 	 34 	 200 	 1865 	 0
1787306922839 	 12 	 200 	 1866 	 0
1787306922882 	 14 	 200 	 1867 	 0
1787306922904 	 24 	 200 	 1869 	 1
1787306922914 	 23 	 200 	 1869 	 0
1787306922949 	 14 	 200 	 1870 	 0
1787306922990 	 15 	 200 	 1872 	 1
1787306922993 	 14 	 200 	 1872 	 0
1787306923092 	 36 	 200 	 1873 	 0
1787306923183 	 36 	 200 	 1875 	 1
1787306923217 	 28 	 200 	 1876 	 1
1787306923230 	 21 	 200 	 1876 	 0
1787306923294 	 22 	 200 	 1877 	 0
1787306923395 	 23 	 200 	 1881 	 3
1787306923403 	 18 	 200 	 1882 	 3
1787306923408 	 17 	 200 	 1882 	 2
1787306923407 	 23 	 200 	 1882 	 1
1787306923421 	 14 	 200 	 1882 	 0
1787306923473 	 22 	 200 	 1883 	 0
1787306923505 	 13 	 200 	 1884 	 0
1787306923639 	 25 	 200 	 1886 	 1
1787306923650 	 16 	 200 	 1886 	 0
1787306923712 	 19 	 200 	 1887 	 0
1787306923762 	 13 	 200 	 1889 	 1
1787306923769 	 19 	 200 	 1889 	 0
1787306923844 	 13 	 200 	 1890 	 0
1787306923871 	 13 	 200 	 1891 	 0
1787306923960 	 21 	 200 	 1894 	 2
1787306923983 	 12 	 200 	 1894 	 1
1787306923955 	 55 	 200 	 1895 	 1
1787306924007 	 14 	 200 	 1895 	 0
1787306924036 	 29 	 200 	 1898 	 2
1787306924063 	 24 	 200 	 1898 	 1
1787306924066 	 23 	 200 	 1898 	 0
1787306924226 	 15 	 200 	 1899 	 0
1787306924244 	 14 	 200 	 1900 	 0
1787306924265 	 13 	 200 	 1901 	 0
1787306924438 	 13 	 200 	 1902 	 0
1787306924537 	 12 	 200 	 1903 	 0
1787306924616 	 15 	 200 	 1905 	 1
1787306924631 	 16 	 200 	 1905 	 0
1787306924710 	 14 	 200 	 1906 	 0
1787306924841 	 28 	 200 	 1908 	 1
1787306924878 	 14 	 200 	 1909 	 1
1787306924866 	 35 	 200 	 1910 	 1
1787306924902 	 15 	 200 	 1912 	 2
1787306924908 	 16 	 200 	 1912 	 1
1787306924919 	 15 	 200 	 1912 	 0
1787306924965 	 16 	 200 	 1914 	 1
1787306924973 	 13 	 200 	 1914 	 0
1787306924995 	 14 	 200 	 1915 	 0
1787306925107 	 29 	 200 	 1919 	 3
1787306925096 	 42 	 200 	 1920 	 3
1787306925138 	 13 	 200 	 1920 	 2
1787306925181 	 48 	 200 	 1921 	 2
1787306925132 	 97 	 200 	 1921 	 1
1787306925242 	 14 	 200 	 1923 	 2
1787306925246 	 100 	 200 	 1923 	 1
1787306925374 	 13 	 200 	 1924 	 1
1787306925441 	 13 	 200 	 1926 	 2
1787306925432 	 120 	 200 	 1926 	 1
1787306925127 	 448 	 200 	 1926 	 0
1787306925600 	 13 	 200 	 1927 	 0
1787306925698 	 13 	 200 	 1929 	 1
1787306925707 	 15 	 200 	 1930 	 1
1787306925721 	 15 	 200 	 1930 	 0
1787306925761 	 13 	 200 	 1931 	 0
1787306925839 	 14 	 200 	 1933 	 1
1787306925849 	 16 	 200 	 1933 	 0
1787306925897 	 16 	 200 	 1934 	 0
1787306925927 	 12 	 200 	 1935 	 0
1787306926080 	 34 	 200 	 1938 	 2
1787306926098 	 18 	 200 	 1938 	 1
1787306926092 	 26 	 200 	 1939 	 1
1787306926119 	 13 	 200 	 1939 	 0
1787306926142 	 14 	 200 	 1941 	 1
1787306926148 	 17 	 200 	 1941 	 0
1787306926199 	 33 	 200 	 1942 	 0
1787306926288 	 33 	 200 	 1943 	 0
1787306926383 	 13 	 200 	 1944 	 0
1787306926430 	 16 	 200 	 1945 	 0
1787306926464 	 13 	 200 	 1946 	 0
1787306926528 	 17 	 200 	 1947 	 0
1787306926548 	 13 	 200 	 1948 	 0
1787306926617 	 13 	 200 	 1949 	 0
1787306926951 	 41 	 200 	 1950 	 0
1787306927003 	 14 	 200 	 1951 	 0
1787306927084 	 13 	 200 	 1952 	 0
1787306927240 	 30 	 200 	 1953 	 0
1787306927282 	 15 	 200 	 1954 	 0
1787306927335 	 37 	 200 	 1955 	 0
1787306927429 	 28 	 200 	 1957 	 1
1787306927455 	 12 	 200 	 1957 	 0
1787306927558 	 33 	 200 	 1959 	 1
1787306927576 	 34 	 200 	 1959 	 0
1787306927655 	 19 	 200 	 1960 	 0
1787306927691 	 16 	 200 	 1961 	 0
1787306927729 	 13 	 200 	 1962 	 0
1787306927872 	 31 	 200 	 1964 	 1
1787306927885 	 25 	 200 	 1964 	 0
1787306927938 	 15 	 200 	 1966 	 1
1787306927941 	 21 	 200 	 1966 	 0
1787306927968 	 15 	 200 	 1967 	 0
1787306927998 	 13 	 200 	 1968 	 0
1787306928045 	 31 	 200 	 1969 	 0
1787306928110 	 17 	 200 	 1971 	 1
1787306928119 	 14 	 200 	 1971 	 0
1787306928136 	 12 	 200 	 1972 	 0
1787306928292 	 17 	 200 	 1973 	 0
1787306928327 	 26 	 200 	 1975 	 1
1787306928349 	 13 	 200 	 1975 	 0
1787306928433 	 24 	 200 	 1976 	 0
1787306928644 	 25 	 200 	 1977 	 0
1787306928704 	 26 	 200 	 1978 	 0
1787306928770 	 12 	 200 	 1979 	 0
1787306928806 	 13 	 200 	 1980 	 0
1787306928822 	 15 	 200 	 1981 	 0
1787306928850 	 13 	 200 	 1982 	 0
1787306928908 	 18 	 200 	 1983 	 0
1787306928972 	 16 	 200 	 1984 	 0
1787306929129 	 23 	 200 	 1987 	 2
1787306929131 	 35 	 200 	 1987 	 1
1787306929131 	 41 	 200 	 1987 	 0
1787306929344 	 13 	 200 	 1988 	 0
1787306929393 	 16 	 200 	 1989 	 0
1787306929414 	 15 	 200 	 1990 	 0
1787306929471 	 16 	 200 	 1993 	 2
1787306929471 	 19 	 200 	 1993 	 1
1787306929482 	 21 	 200 	 1994 	 1
1787306929504 	 18 	 200 	 1994 	 0
1787306929612 	 24 	 200 	 1995 	 0
1787306929654 	 17 	 200 	 1998 	 2
1787306929664 	 17 	 200 	 1998 	 1
1787306929670 	 13 	 200 	 1998 	 0
1787306929730 	 13 	 200 	 1999 	 0
1787306929752 	 12 	 200 	 2000 	 0
1787306929806 	 14 	 200 	 2001 	 0
1787306929875 	 18 	 200 	 2003 	 1
1787306929883 	 16 	 200 	 2003 	 0
1787306929903 	 13 	 200 	 2005 	 1
1787306929907 	 13 	 200 	 2005 	 0
1787306929986 	 28 	 200 	 2006 	 0
1787306930038 	 14 	 200 	 2007 	 0
1787306930133 	 31 	 200 	 2008 	 0
1787306930304 	 14 	 200 	 2009 	 0
1787306930381 	 18 	 200 	 2010 	 0
1787306930415 	 13 	 200 	 2011 	 0
1787306930466 	 13 	 200 	 2012 	 0
1787306930483 	 16 	 200 	 2013 	 0
1787306930635 	 27 	 200 	 2014 	 0
1787306930800 	 12 	 200 	 2016 	 1
1787306930824 	 14 	 200 	 2017 	 1
1787306930770 	 119 	 200 	 2018 	 1
1787306930874 	 20 	 200 	 2018 	 0
1787306930968 	 13 	 200 	 2020 	 1
1787306930979 	 12 	 200 	 2020 	 0
1787306931035 	 33 	 200 	 2021 	 0
1787306931169 	 30 	 200 	 2022 	 0
1787306931211 	 14 	 200 	 2023 	 0
1787306931243 	 14 	 200 	 2025 	 1
1787306931254 	 12 	 200 	 2025 	 0
1787306931282 	 15 	 200 	 2027 	 1
1787306931289 	 15 	 200 	 2027 	 0
1787306931331 	 17 	 200 	 2029 	 1
1787306931347 	 14 	 200 	 2029 	 0
1787306931450 	 17 	 200 	 2030 	 0
1787306931478 	 13 	 200 	 2032 	 1
1787306931485 	 34 	 200 	 2032 	 0
1787306931548 	 15 	 200 	 2034 	 1
1787306931566 	 14 	 200 	 2035 	 1
1787306931540 	 82 	 200 	 2036 	 1
1787306931583 	 41 	 200 	 2036 	 0
1787306931631 	 12 	 200 	 2037 	 0
1787306931678 	 28 	 200 	 2039 	 1
1787306931695 	 41 	 200 	 2039 	 0
1787306931803 	 18 	 200 	 2043 	 3
1787306931800 	 22 	 200 	 2043 	 2
1787306931810 	 17 	 200 	 2043 	 1
1787306931816 	 17 	 200 	 2044 	 1
1787306931832 	 13 	 200 	 2044 	 0
1787306931869 	 12 	 200 	 2045 	 0
1787306931911 	 18 	 200 	 2047 	 1
1787306931922 	 14 	 200 	 2047 	 0
1787306931947 	 12 	 200 	 2048 	 0
1787306931965 	 12 	 200 	 2049 	 0
1787306931980 	 18 	 200 	 2051 	 1
1787306931985 	 19 	 200 	 2051 	 0
1787306932033 	 17 	 200 	 2054 	 2
1787306932035 	 19 	 200 	 2054 	 1
1787306932049 	 14 	 200 	 2055 	 1
1787306932056 	 14 	 200 	 2055 	 0
1787306932118 	 14 	 200 	 2057 	 1
1787306932128 	 22 	 200 	 2058 	 1
1787306932148 	 12 	 200 	 2058 	 0
1787306932276 	 17 	 200 	 2060 	 1
1787306932274 	 19 	 200 	 2060 	 0
1787306932427 	 17 	 200 	 2062 	 1
1787306932430 	 15 	 200 	 2062 	 0
1787306932516 	 13 	 200 	 2063 	 0
1787306932550 	 15 	 200 	 2064 	 0
1787306932659 	 31 	 200 	 2065 	 0
1787306932745 	 24 	 200 	 2066 	 0
1787306932822 	 14 	 200 	 2067 	 0
1787306932988 	 15 	 200 	 2068 	 0
1787306933008 	 13 	 200 	 2069 	 0
1787306933046 	 14 	 200 	 2070 	 0
1787306933164 	 18 	 200 	 2071 	 0
1787306933199 	 14 	 200 	 2073 	 1
1787306933212 	 15 	 200 	 2073 	 0
1787306933409 	 17 	 200 	 2074 	 0
1787306933522 	 13 	 200 	 2075 	 0
1787306933566 	 12 	 200 	 2076 	 0
1787306933589 	 13 	 200 	 2077 	 0
1787306933611 	 12 	 200 	 2078 	 0
1787306933697 	 21 	 200 	 2080 	 1
1787306933709 	 14 	 200 	 2080 	 0
1787306933751 	 21 	 200 	 2084 	 3
1787306933763 	 15 	 200 	 2084 	 2
1787306933759 	 21 	 200 	 2085 	 2
1787306933762 	 26 	 200 	 2085 	 1
1787306933780 	 19 	 200 	 2085 	 0
1787306933855 	 39 	 200 	 2086 	 0
1787306933909 	 18 	 200 	 2088 	 1
1787306933913 	 17 	 200 	 2088 	 0
1787306934298 	 14 	 200 	 2090 	 1
1787306934304 	 14 	 200 	 2091 	 1
1787306934318 	 13 	 200 	 2091 	 0
1787306934343 	 13 	 200 	 2092 	 0
1787306934458 	 18 	 200 	 2093 	 0
1787306934588 	 17 	 200 	 2094 	 0
1787306934670 	 27 	 200 	 2096 	 1
1787306934681 	 20 	 200 	 2096 	 0
1787306934709 	 15 	 200 	 2097 	 0
1787306934771 	 16 	 200 	 2098 	 0
1787306934792 	 15 	 200 	 2099 	 0
1787306934848 	 36 	 200 	 2101 	 1
1787306934867 	 20 	 200 	 2101 	 0
1787306934993 	 13 	 200 	 2102 	 0
1787306935054 	 34 	 200 	 2103 	 0
1787306935092 	 22 	 200 	 2105 	 1
1787306935104 	 13 	 200 	 2105 	 0
1787306935122 	 13 	 200 	 2106 	 0
1787306935204 	 14 	 200 	 2107 	 0
1787306935250 	 15 	 200 	 2109 	 1
1787306935260 	 15 	 200 	 2109 	 0
1787306935292 	 19 	 200 	 2112 	 2
1787306935302 	 17 	 200 	 2112 	 1
1787306935311 	 13 	 200 	 2112 	 0
1787306935335 	 18 	 200 	 2113 	 0
1787306935563 	 14 	 200 	 2114 	 0
1787306935906 	 21 	 200 	 2116 	 1
1787306935919 	 13 	 200 	 2116 	 0
1787306936010 	 13 	 200 	 2117 	 0
1787306936049 	 14 	 200 	 2119 	 1
1787306936053 	 14 	 200 	 2119 	 0
1787306936094 	 32 	 200 	 2120 	 0
1787306936155 	 13 	 200 	 2121 	 0
1787306936228 	 16 	 200 	 2123 	 1
1787306936231 	 17 	 200 	 2123 	 0
1787306936273 	 14 	 200 	 2125 	 1
1787306936284 	 13 	 200 	 2126 	 1
1787306936298 	 12 	 200 	 2126 	 0
1787306936364 	 28 	 200 	 2128 	 1
1787306936362 	 31 	 200 	 2128 	 0
1787306936429 	 19 	 200 	 2129 	 0
1787306936487 	 29 	 200 	 2131 	 1
1787306936527 	 14 	 200 	 2132 	 1
1787306936576 	 15 	 200 	 2134 	 2
1787306936512 	 82 	 200 	 2134 	 1
1787306936583 	 37 	 200 	 2134 	 0
1787306936723 	 26 	 200 	 2135 	 0
1787306936794 	 15 	 200 	 2136 	 0
1787306936847 	 13 	 200 	 2137 	 0
1787306936952 	 34 	 200 	 2138 	 0
1787306937047 	 18 	 200 	 2140 	 1
1787306937055 	 12 	 200 	 2140 	 0
1787306937119 	 18 	 200 	 2141 	 0
1787306937149 	 15 	 200 	 2144 	 2
1787306937157 	 13 	 200 	 2144 	 1
1787306937163 	 22 	 200 	 2145 	 1
1787306937172 	 20 	 200 	 2145 	 0
1787306937307 	 17 	 200 	 2146 	 0
1787306937366 	 27 	 200 	 2147 	 0
1787306937466 	 13 	 200 	 2148 	 0
1787306937626 	 14 	 200 	 2149 	 0
1787306937646 	 16 	 200 	 2150 	 0
1787306937717 	 13 	 200 	 2151 	 0
1787306937786 	 14 	 200 	 2154 	 2
1787306937785 	 15 	 200 	 2154 	 1
1787306937795 	 17 	 200 	 2154 	 0
1787306938005 	 29 	 200 	 2156 	 1
1787306938002 	 34 	 200 	 2156 	 0
1787306938059 	 28 	 200 	 2159 	 2
1787306938057 	 32 	 200 	 2159 	 1
1787306938066 	 39 	 200 	 2159 	 0
1787306938228 	 27 	 200 	 2160 	 0
1787306938373 	 24 	 200 	 2161 	 0
1787306938617 	 16 	 200 	 2163 	 1
1787306938618 	 16 	 200 	 2163 	 0
1787306938636 	 12 	 200 	 2164 	 0
1787306938732 	 19 	 200 	 2166 	 1
1787306938736 	 68 	 200 	 2166 	 0
1787306938820 	 13 	 200 	 2168 	 1
1787306938820 	 19 	 200 	 2168 	 0
1787306938877 	 13 	 200 	 2169 	 0
1787306938918 	 18 	 200 	 2170 	 0
1787306938959 	 14 	 200 	 2172 	 1
1787306938971 	 14 	 200 	 2172 	 0
1787306939023 	 33 	 200 	 2174 	 1
1787306939052 	 29 	 200 	 2174 	 0
1787306939088 	 19 	 200 	 2175 	 0
1787306939123 	 13 	 200 	 2176 	 0
1787306939150 	 12 	 200 	 2178 	 1
1787306939154 	 14 	 200 	 2178 	 0
1787306939211 	 17 	 200 	 2179 	 0
1787306939379 	 16 	 200 	 2180 	 0
1787306939437 	 17 	 200 	 2183 	 2
1787306939451 	 19 	 200 	 2183 	 1
1787306939455 	 20 	 200 	 2183 	 0
1787306939484 	 12 	 200 	 2184 	 0
1787306939519 	 18 	 200 	 2185 	 0
1787306939592 	 30 	 200 	 2186 	 0
1787306939628 	 15 	 200 	 2188 	 1
1787306939640 	 19 	 200 	 2189 	 1
1787306939652 	 12 	 200 	 2189 	 0
1787306939681 	 15 	 200 	 2190 	 0
1787306939824 	 18 	 200 	 2191 	 0
1787306939886 	 17 	 200 	 2192 	 0
1787306939941 	 16 	 200 	 2193 	 0
1787306940019 	 36 	 200 	 2194 	 0
1787306940114 	 14 	 200 	 2195 	 0
1787306940135 	 13 	 200 	 2196 	 0
1787306940162 	 14 	 200 	 2197 	 0
1787306940190 	 38 	 200 	 2198 	 0
1787306940274 	 25 	 200 	 2199 	 0
1787306940437 	 29 	 200 	 2200 	 0
1787306940508 	 18 	 200 	 2201 	 0
1787306940609 	 17 	 200 	 2202 	 0
1787306940652 	 22 	 200 	 2204 	 1
1787306940666 	 15 	 200 	 2205 	 1
1787306940681 	 15 	 200 	 2205 	 0
1787306940737 	 16 	 200 	 2206 	 0
1787306940797 	 15 	 200 	 2207 	 0
1787306940842 	 15 	 200 	 2208 	 0
1787306940995 	 31 	 200 	 2209 	 0
1787306941036 	 25 	 200 	 2211 	 1
1787306941054 	 15 	 200 	 2211 	 0
1787306941109 	 13 	 200 	 2212 	 0
1787306941166 	 15 	 200 	 2213 	 0
1787306941185 	 13 	 200 	 2215 	 1
1787306941194 	 31 	 200 	 2217 	 2
1787306941222 	 14 	 200 	 2217 	 1
1787306941224 	 15 	 200 	 2217 	 0
1787306941290 	 24 	 200 	 2218 	 0
1787306941348 	 16 	 200 	 2221 	 2
1787306941352 	 14 	 200 	 2221 	 1
1787306941360 	 16 	 200 	 2221 	 0
1787306941380 	 14 	 200 	 2222 	 0
1787306941411 	 12 	 200 	 2223 	 0
1787306941445 	 15 	 200 	 2224 	 0
1787306941697 	 25 	 200 	 2225 	 0
1787306941958 	 14 	 200 	 2226 	 0
1787306942035 	 20 	 200 	 2228 	 1
1787306942039 	 21 	 200 	 2228 	 0
1787306942070 	 11 	 200 	 2229 	 0
1787306942172 	 31 	 200 	 2231 	 1
1787306942203 	 16 	 200 	 2231 	 0
1787306942250 	 16 	 200 	 2232 	 0
1787306942315 	 29 	 200 	 2235 	 2
1787306942309 	 36 	 200 	 2235 	 1
1787306942321 	 26 	 200 	 2235 	 0
1787306942362 	 18 	 200 	 2237 	 1
1787306942370 	 19 	 200 	 2237 	 0
1787306942405 	 13 	 200 	 2238 	 0
1787306942443 	 14 	 200 	 2239 	 0
1787306942501 	 13 	 200 	 2241 	 1
1787306942508 	 13 	 200 	 2241 	 0
1787306942555 	 12 	 200 	 2243 	 1
1787306942559 	 13 	 200 	 2243 	 0
1787306942593 	 13 	 200 	 2244 	 0
1787306942621 	 13 	 200 	 2245 	 0
1787306942664 	 13 	 200 	 2246 	 0
1787306942715 	 15 	 200 	 2247 	 0
1787306942832 	 16 	 200 	 2249 	 1
1787306942833 	 18 	 200 	 2249 	 0
1787306942917 	 31 	 200 	 2253 	 3
1787306942929 	 25 	 200 	 2253 	 2
1787306942925 	 31 	 200 	 2253 	 1
1787306942944 	 16 	 200 	 2254 	 1
1787306942960 	 13 	 200 	 2254 	 0
1787306942981 	 14 	 200 	 2255 	 0
1787306943012 	 34 	 200 	 2256 	 0
1787306943064 	 13 	 200 	 2257 	 0
1787306943237 	 15 	 200 	 2258 	 0
1787306943456 	 14 	 200 	 2260 	 1
1787306943457 	 37 	 200 	 2260 	 0
1787306943577 	 13 	 200 	 2261 	 0
1787306943621 	 16 	 200 	 2263 	 1
1787306943629 	 17 	 200 	 2263 	 0
1787306943665 	 12 	 200 	 2264 	 0
1787306943722 	 35 	 200 	 2265 	 0
1787306943816 	 13 	 200 	 2266 	 0
1787306943844 	 13 	 200 	 2267 	 0
1787306943905 	 17 	 200 	 2269 	 1
1787306943920 	 14 	 200 	 2269 	 0
1787306944032 	 14 	 200 	 2271 	 1
1787306944064 	 14 	 200 	 2272 	 1
1787306944034 	 47 	 200 	 2272 	 0
1787306944242 	 15 	 200 	 2273 	 0
1787306944344 	 21 	 200 	 2275 	 1
1787306944360 	 14 	 200 	 2275 	 0
1787306944401 	 14 	 200 	 2276 	 0
1787306944452 	 13 	 200 	 2277 	 0
1787306944497 	 14 	 200 	 2278 	 0
1787306944532 	 14 	 200 	 2280 	 1
1787306944529 	 41 	 200 	 2280 	 0
1787306944590 	 15 	 200 	 2281 	 0
1787306944631 	 18 	 200 	 2282 	 0
1787306944679 	 15 	 200 	 2283 	 0
1787306944731 	 14 	 200 	 2284 	 0
1787306944755 	 14 	 200 	 2286 	 1
1787306944754 	 15 	 200 	 2286 	 0
1787306944796 	 16 	 200 	 2287 	 0
1787306944915 	 13 	 200 	 2288 	 0
1787306945066 	 14 	 200 	 2291 	 2
1787306945076 	 15 	 200 	 2291 	 1
1787306945082 	 14 	 200 	 2291 	 0
1787306945166 	 28 	 200 	 2292 	 0
1787306945199 	 13 	 200 	 2294 	 1
1787306945201 	 14 	 200 	 2294 	 0
1787306945270 	 13 	 200 	 2296 	 1
1787306945271 	 13 	 200 	 2296 	 0
1787306945381 	 31 	 200 	 2298 	 1
1787306945412 	 13 	 200 	 2298 	 0
1787306945484 	 15 	 200 	 2300 	 1
1787306945482 	 20 	 200 	 2300 	 0
1787306945588 	 16 	 200 	 2301 	 0
1787306945642 	 21 	 200 	 2303 	 1
1787306945650 	 16 	 200 	 2303 	 0
1787306945699 	 17 	 200 	 2306 	 2
1787306945708 	 15 	 200 	 2306 	 1
1787306945711 	 15 	 200 	 2306 	 0
1787306945754 	 13 	 200 	 2307 	 0
1787306945771 	 15 	 200 	 2308 	 0
1787306945856 	 30 	 200 	 2310 	 1
1787306945861 	 27 	 200 	 2311 	 1
1787306945889 	 17 	 200 	 2312 	 1
1787306945900 	 16 	 200 	 2312 	 0
1787306945918 	 12 	 200 	 2313 	 0
1787306946018 	 32 	 200 	 2314 	 0
1787306946090 	 32 	 200 	 2315 	 0
1787306946142 	 14 	 200 	 2317 	 1
1787306946145 	 13 	 200 	 2317 	 0
1787306946166 	 13 	 200 	 2318 	 0
1787306946199 	 16 	 200 	 2319 	 0
1787306946248 	 15 	 200 	 2320 	 0
1787306946290 	 17 	 200 	 2321 	 0
1787306946347 	 14 	 200 	 2323 	 1
1787306946346 	 15 	 200 	 2323 	 0
1787306946368 	 12 	 200 	 2324 	 0
1787306946389 	 13 	 200 	 2325 	 0
1787306946448 	 13 	 200 	 2326 	 0
1787306946469 	 13 	 200 	 2327 	 0
1787306946518 	 14 	 200 	 2328 	 0
1787306946581 	 15 	 200 	 2330 	 1
1787306946588 	 13 	 200 	 2330 	 0
1787306946608 	 13 	 200 	 2331 	 0
1787306946628 	 12 	 200 	 2332 	 0
1787306946650 	 15 	 200 	 2334 	 1
1787306946658 	 16 	 200 	 2334 	 0
1787306946757 	 36 	 200 	 2336 	 1
1787306946790 	 22 	 200 	 2336 	 0
1787306946873 	 20 	 200 	 2337 	 0
1787306946968 	 19 	 200 	 2338 	 0
1787306947039 	 17 	 200 	 2339 	 0
1787306947072 	 17 	 200 	 2340 	 0
1787306947101 	 15 	 200 	 2341 	 0
1787306947322 	 23 	 200 	 2342 	 0
1787306947364 	 14 	 200 	 2343 	 0
1787306947410 	 15 	 200 	 2344 	 0
1787306947444 	 15 	 200 	 2346 	 1
1787306947456 	 15 	 200 	 2346 	 0
1787306947501 	 12 	 200 	 2347 	 0
1787306947585 	 29 	 200 	 2348 	 0
1787306947673 	 13 	 200 	 2349 	 0
1787306947687 	 14 	 200 	 2351 	 1
1787306947696 	 15 	 200 	 2351 	 0
1787306947722 	 12 	 200 	 2352 	 0
1787306947782 	 26 	 200 	 2354 	 1
1787306947806 	 14 	 200 	 2354 	 0
1787306947831 	 13 	 200 	 2355 	 0
1787306947862 	 12 	 200 	 2356 	 0
1787306947950 	 15 	 200 	 2357 	 0
1787306948021 	 26 	 200 	 2358 	 0
1787306948059 	 15 	 200 	 2359 	 0
1787306948091 	 15 	 200 	 2360 	 0
1787306948287 	 30 	 200 	 2363 	 2
1787306948301 	 24 	 200 	 2363 	 1
1787306948312 	 20 	 200 	 2363 	 0
1787306948339 	 14 	 200 	 2364 	 0
1787306948460 	 13 	 200 	 2366 	 1
1787306948464 	 13 	 200 	 2366 	 0
1787306948572 	 13 	 200 	 2367 	 0
1787306948586 	 13 	 200 	 2368 	 0
1787306948605 	 16 	 200 	 2370 	 1
1787306948612 	 15 	 200 	 2370 	 0
1787306948832 	 14 	 200 	 2372 	 1
1787306948832 	 17 	 200 	 2372 	 0
1787306948893 	 17 	 200 	 2373 	 0
1787306948916 	 13 	 200 	 2375 	 1
1787306948922 	 19 	 200 	 2375 	 0
1787306948950 	 13 	 200 	 2376 	 0
1787306949043 	 20 	 200 	 2377 	 0
1787306949084 	 17 	 200 	 2379 	 1
1787306949092 	 17 	 200 	 2379 	 0
1787306949142 	 17 	 200 	 2381 	 1
1787306949148 	 14 	 200 	 2381 	 0
1787306949186 	 16 	 200 	 2383 	 1
1787306949191 	 12 	 200 	 2383 	 0
1787306949217 	 13 	 200 	 2385 	 1
1787306949229 	 28 	 200 	 2386 	 1
1787306949244 	 14 	 200 	 2386 	 0
1787306949263 	 15 	 200 	 2387 	 0
1787306949339 	 14 	 200 	 2388 	 0
1787306949500 	 23 	 200 	 2390 	 1
1787306949515 	 13 	 200 	 2390 	 0
1787306949562 	 30 	 200 	 2391 	 0
1787306949609 	 18 	 200 	 2392 	 0
1787306949656 	 31 	 200 	 2393 	 0
1787306949771 	 33 	 200 	 2394 	 0
1787306949832 	 16 	 200 	 2397 	 2
1787306949844 	 12 	 200 	 2397 	 1
1787306949924 	 14 	 200 	 2398 	 1
1787306949821 	 162 	 200 	 2399 	 1
1787306949969 	 16 	 200 	 2399 	 0
1787306950049 	 33 	 200 	 2400 	 0
1787306950105 	 13 	 200 	 2401 	 0
1787306950164 	 31 	 200 	 2403 	 1
1787306950168 	 42 	 200 	 2403 	 0
1787306950242 	 38 	 200 	 2404 	 0
1787306950362 	 33 	 200 	 2405 	 0
1787306950475 	 15 	 200 	 2409 	 3
1787306950473 	 19 	 200 	 2409 	 2
1787306950483 	 19 	 200 	 2409 	 1
1787306950486 	 24 	 200 	 2409 	 0
1787306950514 	 15 	 200 	 2410 	 0
1787306950582 	 18 	 200 	 2411 	 0
1787306950650 	 20 	 200 	 2412 	 0
1787306950792 	 19 	 200 	 2414 	 1
1787306950812 	 12 	 200 	 2414 	 0
1787306950839 	 12 	 200 	 2415 	 0
1787306950856 	 13 	 200 	 2416 	 0
1787306950890 	 14 	 200 	 2417 	 0
1787306951127 	 12 	 200 	 2418 	 0
1787306951184 	 14 	 200 	 2419 	 0
1787306951258 	 12 	 200 	 2421 	 1
1787306951256 	 17 	 200 	 2421 	 0
1787306951309 	 27 	 200 	 2422 	 0
1787306951340 	 15 	 200 	 2424 	 1
1787306951348 	 16 	 200 	 2424 	 0
1787306951474 	 13 	 200 	 2425 	 0
1787306951641 	 12 	 200 	 2426 	 0
1787306951690 	 33 	 200 	 2428 	 1
1787306951722 	 13 	 200 	 2428 	 0
1787306951737 	 12 	 200 	 2429 	 0
1787306951874 	 22 	 200 	 2430 	 0
1787306952011 	 31 	 200 	 2431 	 0
1787306952084 	 13 	 200 	 2432 	 0
1787306952102 	 12 	 200 	 2434 	 1
1787306952112 	 14 	 200 	 2434 	 0
1787306952156 	 13 	 200 	 2435 	 0
1787306952328 	 16 	 200 	 2436 	 0
1787306952361 	 32 	 200 	 2439 	 2
1787306952377 	 21 	 200 	 2439 	 1
1787306952370 	 34 	 200 	 2439 	 0
1787306952437 	 17 	 200 	 2440 	 0
1787306952605 	 26 	 200 	 2441 	 0
1787306952674 	 18 	 200 	 2442 	 0
1787306952729 	 32 	 200 	 2444 	 1
1787306952738 	 30 	 200 	 2444 	 0
1787306952783 	 15 	 200 	 2445 	 0
1787306952833 	 15 	 200 	 2447 	 1
1787306952844 	 14 	 200 	 2447 	 0
1787306952864 	 14 	 200 	 2449 	 1
1787306952870 	 26 	 200 	 2449 	 0
1787306952920 	 14 	 200 	 2450 	 0
1787306952943 	 12 	 200 	 2451 	 0
1787306953011 	 38 	 200 	 2454 	 2
1787306953022 	 32 	 200 	 2455 	 2
1787306953051 	 21 	 200 	 2455 	 1
1787306953048 	 28 	 200 	 2455 	 0
1787306953105 	 13 	 200 	 2456 	 0
1787306953320 	 19 	 200 	 2458 	 1
1787306953322 	 20 	 200 	 2458 	 0
1787306953386 	 15 	 200 	 2460 	 1
1787306953541 	 29 	 200 	 2461 	 1
1787306953716 	 22 	 200 	 2462 	 1
1787306953374 	 368 	 200 	 2462 	 0
1787306953794 	 26 	 200 	 2463 	 0
1787306953843 	 14 	 200 	 2465 	 1
1787306953857 	 18 	 200 	 2465 	 0
1787306953882 	 13 	 200 	 2466 	 0
1787306953909 	 12 	 200 	 2467 	 0
1787306953994 	 27 	 200 	 2469 	 1
1787306954018 	 19 	 200 	 2469 	 0
1787306954043 	 15 	 200 	 2470 	 0
1787306954104 	 29 	 200 	 2472 	 1
1787306954132 	 24 	 200 	 2472 	 0
1787306954198 	 15 	 200 	 2473 	 0
1787306954239 	 15 	 200 	 2474 	 0
1787306954437 	 19 	 200 	 2475 	 0
1787306954475 	 17 	 200 	 2478 	 2
1787306954486 	 17 	 200 	 2478 	 1
1787306954488 	 16 	 200 	 2478 	 0
1787306954579 	 28 	 200 	 2480 	 1
1787306954581 	 27 	 200 	 2480 	 0
1787306954636 	 12 	 200 	 2481 	 0
1787306954664 	 17 	 200 	 2482 	 0
1787306954686 	 13 	 200 	 2483 	 0
1787306954720 	 18 	 200 	 2485 	 1
1787306954735 	 13 	 200 	 2485 	 0
1787306954826 	 15 	 200 	 2486 	 0
1787306954903 	 13 	 200 	 2488 	 1
1787306954916 	 16 	 200 	 2489 	 1
1787306954920 	 13 	 200 	 2489 	 0
1787306955053 	 41 	 200 	 2492 	 2
1787306955077 	 26 	 200 	 2493 	 2
1787306955089 	 19 	 200 	 2493 	 1
1787306955099 	 28 	 200 	 2493 	 0
1787306955150 	 15 	 200 	 2495 	 1
1787306955160 	 15 	 200 	 2496 	 1
1787306955170 	 12 	 200 	 2496 	 0
1787306955230 	 34 	 200 	 2497 	 0
1787306955310 	 13 	 200 	 2498 	 0
1787306955340 	 13 	 200 	 2499 	 0
1787306955422 	 16 	 200 	 2500 	 0
1787306955474 	 13 	 200 	 2502 	 1
1787306955477 	 13 	 200 	 2502 	 0
1787306955513 	 14 	 200 	 2503 	 0
1787306955575 	 13 	 200 	 2504 	 0
1787306955608 	 14 	 200 	 2505 	 0
1787306955661 	 37 	 200 	 2506 	 0
1787306955782 	 24 	 200 	 2508 	 1
1787306955797 	 25 	 200 	 2508 	 0
1787306955879 	 37 	 200 	 2509 	 0
1787306955934 	 13 	 200 	 2511 	 1
1787306955940 	 12 	 200 	 2511 	 0
1787306955992 	 18 	 200 	 2512 	 0
1787306956052 	 38 	 200 	 2514 	 1
1787306956064 	 28 	 200 	 2514 	 0
1787306956106 	 15 	 200 	 2515 	 0
1787306956209 	 20 	 200 	 2520 	 4
1787306956194 	 37 	 200 	 2520 	 3
1787306956198 	 37 	 200 	 2520 	 2
1787306956212 	 23 	 200 	 2520 	 1
1787306956215 	 23 	 200 	 2520 	 0
1787306956252 	 15 	 200 	 2521 	 0
1787306956318 	 17 	 200 	 2522 	 0
1787306956370 	 28 	 200 	 2523 	 0
1787306956500 	 20 	 200 	 2524 	 0
1787306956540 	 12 	 200 	 2525 	 0
1787306956555 	 12 	 200 	 2526 	 0
1787306956603 	 14 	 200 	 2528 	 1
1787306956611 	 13 	 200 	 2528 	 0
1787306956627 	 13 	 200 	 2529 	 0
1787306956688 	 14 	 200 	 2530 	 0
1787306956714 	 12 	 200 	 2531 	 0
1787306956793 	 32 	 200 	 2532 	 0
1787306956848 	 38 	 200 	 2533 	 0
1787306956900 	 23 	 200 	 2535 	 1
1787306956918 	 14 	 200 	 2535 	 0
1787306956951 	 14 	 200 	 2536 	 0
1787306957083 	 22 	 200 	 2538 	 1
1787306957069 	 44 	 200 	 2538 	 0
1787306957205 	 32 	 200 	 2540 	 1
1787306957220 	 28 	 200 	 2540 	 0
1787306957442 	 13 	 200 	 2541 	 0
1787306957483 	 13 	 200 	 2542 	 0
1787306957513 	 13 	 200 	 2543 	 0
1787306957534 	 15 	 200 	 2544 	 0
1787306957572 	 21 	 200 	 2546 	 1
1787306957572 	 25 	 200 	 2546 	 0
1787306957706 	 14 	 200 	 2549 	 2
1787306957714 	 17 	 200 	 2549 	 1
1787306957718 	 14 	 200 	 2549 	 0
1787306957767 	 16 	 200 	 2550 	 0
1787306957848 	 30 	 200 	 2551 	 0
1787306957891 	 18 	 200 	 2552 	 0
1787306957921 	 16 	 200 	 2553 	 0
1787306957938 	 13 	 200 	 2554 	 0
1787306957996 	 21 	 200 	 2555 	 0
1787306958020 	 28 	 200 	 2557 	 1
1787306958038 	 16 	 200 	 2558 	 1
1787306958051 	 13 	 200 	 2558 	 0
1787306958066 	 12 	 200 	 2559 	 0
1787306958085 	 14 	 200 	 2560 	 0
1787306958188 	 28 	 200 	 2562 	 1
1787306958190 	 28 	 200 	 2562 	 0
1787306958249 	 13 	 200 	 2563 	 0
1787306958268 	 14 	 200 	 2564 	 0
1787306958312 	 26 	 200 	 2567 	 2
1787306958332 	 17 	 200 	 2567 	 1
1787306958357 	 14 	 200 	 2569 	 2
1787306958363 	 14 	 200 	 2569 	 1
1787306958318 	 110 	 200 	 2570 	 1
1787306958381 	 48 	 200 	 2570 	 0
1787306958450 	 12 	 200 	 2571 	 0
1787306958484 	 13 	 200 	 2573 	 1
1787306958488 	 12 	 200 	 2573 	 0
1787306958635 	 16 	 200 	 2574 	 0
1787306958654 	 13 	 200 	 2575 	 0
1787306958676 	 34 	 200 	 2579 	 3
1787306958696 	 16 	 200 	 2579 	 2
1787306958711 	 16 	 200 	 2579 	 1
1787306958681 	 55 	 200 	 2579 	 0
1787306958767 	 12 	 200 	 2580 	 0
1787306958950 	 24 	 200 	 2582 	 1
1787306958966 	 31 	 200 	 2583 	 1
1787306958984 	 17 	 200 	 2583 	 0
1787306959010 	 16 	 200 	 2584 	 0
1787306959189 	 33 	 200 	 2588 	 3
1787306959204 	 35 	 200 	 2588 	 2
1787306959218 	 23 	 200 	 2589 	 2
1787306959220 	 23 	 200 	 2589 	 1
1787306959242 	 15 	 200 	 2591 	 2
1787306959245 	 16 	 200 	 2591 	 1
1787306959254 	 19 	 200 	 2592 	 1
1787306959266 	 13 	 200 	 2592 	 0
1787306959312 	 17 	 200 	 2593 	 0
1787306959372 	 13 	 200 	 2594 	 0
1787306959410 	 12 	 200 	 2595 	 0
1787306959454 	 13 	 200 	 2596 	 0
1787306959525 	 17 	 200 	 2597 	 0
1787306959575 	 15 	 200 	 2600 	 2
1787306959579 	 14 	 200 	 2600 	 1
1787306959579 	 16 	 200 	 2600 	 0
1787306959837 	 21 	 200 	 2602 	 1
1787306959847 	 30 	 200 	 2602 	 0
1787306959894 	 16 	 200 	 2603 	 0
1787306959917 	 21 	 200 	 2605 	 1
1787306959924 	 22 	 200 	 2605 	 0
1787306959952 	 12 	 200 	 2606 	 0
1787306959976 	 16 	 200 	 2608 	 1
1787306959987 	 16 	 200 	 2608 	 0
1787306960293 	 14 	 200 	 2609 	 0
1787306960412 	 19 	 200 	 2612 	 2
1787306960413 	 24 	 200 	 2614 	 3
1787306960426 	 16 	 200 	 2614 	 2
1787306960435 	 17 	 200 	 2614 	 1
1787306960437 	 15 	 200 	 2614 	 0
1787306960507 	 15 	 200 	 2615 	 0
1787306960567 	 20 	 200 	 2617 	 1
1787306960581 	 14 	 200 	 2618 	 1
1787306960595 	 14 	 200 	 2620 	 2
1787306960603 	 17 	 200 	 2621 	 2
1787306960605 	 16 	 200 	 2621 	 1
1787306960620 	 14 	 200 	 2621 	 0
1787306960681 	 19 	 200 	 2623 	 1
1787306960689 	 16 	 200 	 2623 	 0
1787306960767 	 17 	 200 	 2624 	 0
1787306960795 	 16 	 200 	 2626 	 1
1787306960806 	 12 	 200 	 2626 	 0
1787306960835 	 16 	 200 	 2628 	 1
1787306960845 	 19 	 200 	 2628 	 0
1787306960970 	 37 	 200 	 2631 	 2
1787306960994 	 16 	 200 	 2631 	 1
1787306961002 	 13 	 200 	 2631 	 0
1787306961025 	 13 	 200 	 2632 	 0
1787306961126 	 14 	 200 	 2633 	 0
1787306961339 	 22 	 200 	 2634 	 0
1787306961373 	 14 	 200 	 2636 	 1
1787306961411 	 70 	 200 	 2637 	 1
1787306961500 	 19 	 200 	 2638 	 1
1787306961556 	 18 	 200 	 2640 	 2
1787306961570 	 15 	 200 	 2640 	 1
1787306961714 	 15 	 200 	 2641 	 1
1787306961753 	 19 	 200 	 2644 	 3
1787306961365 	 420 	 200 	 2644 	 2
1787306961767 	 20 	 200 	 2644 	 1
1787306961766 	 23 	 200 	 2644 	 0
1787306961961 	 20 	 200 	 2645 	 0
1787306962012 	 33 	 200 	 2646 	 0
1787306962087 	 15 	 200 	 2647 	 0
1787306962112 	 15 	 200 	 2649 	 1
1787306962123 	 15 	 200 	 2649 	 0
1787306962150 	 13 	 200 	 2650 	 0
1787306962201 	 16 	 200 	 2651 	 0
1787306962220 	 13 	 200 	 2652 	 0
1787306962248 	 20 	 200 	 2653 	 0
1787306962385 	 23 	 200 	 2654 	 0
1787306962495 	 20 	 200 	 2656 	 1
1787306962498 	 17 	 200 	 2656 	 1
1787306962517 	 27 	 200 	 2657 	 0
1787306962622 	 14 	 200 	 2658 	 0
1787306962651 	 13 	 200 	 2659 	 0
1787306962692 	 12 	 200 	 2660 	 0
1787306962802 	 14 	 200 	 2661 	 0
1787306962819 	 13 	 200 	 2662 	 0
1787306962947 	 21 	 200 	 2663 	 0
1787306963027 	 13 	 200 	 2664 	 0
1787306963126 	 16 	 200 	 2667 	 2
1787306963133 	 16 	 200 	 2667 	 1
1787306963142 	 16 	 200 	 2667 	 0
1787306963212 	 13 	 200 	 2668 	 0
1787306963311 	 18 	 200 	 2670 	 1
1787306963314 	 17 	 200 	 2670 	 0
1787306963454 	 20 	 200 	 2671 	 0
1787306963503 	 12 	 200 	 2672 	 0
1787306963549 	 16 	 200 	 2673 	 0
1787306963697 	 16 	 200 	 2674 	 0
1787306963733 	 12 	 200 	 2675 	 0
1787306963767 	 14 	 200 	 2676 	 0
1787306963829 	 14 	 200 	 2677 	 0
1787306963910 	 36 	 200 	 2678 	 0
1787306964037 	 35 	 200 	 2680 	 1
1787306964052 	 35 	 200 	 2680 	 0
1787306964125 	 19 	 200 	 2682 	 1
1787306964141 	 14 	 200 	 2682 	 0
1787306964179 	 33 	 200 	 2686 	 3
1787306964194 	 22 	 200 	 2686 	 2
1787306964183 	 34 	 200 	 2686 	 1
1787306964207 	 15 	 200 	 2686 	 0
1787306964313 	 16 	 200 	 2687 	 0
1787306964387 	 31 	 200 	 2688 	 0
1787306964451 	 19 	 200 	 2689 	 0
1787306964484 	 15 	 200 	 2690 	 0
1787306964533 	 17 	 200 	 2692 	 1
1787306964550 	 18 	 200 	 2692 	 0
1787306964576 	 13 	 200 	 2694 	 1
1787306964579 	 100 	 200 	 2694 	 0
1787306964729 	 16 	 200 	 2696 	 1
1787306964742 	 15 	 200 	 2696 	 0
1787306964835 	 16 	 200 	 2697 	 0
1787306964983 	 15 	 200 	 2699 	 1
1787306964985 	 14 	 200 	 2699 	 0
1787306965047 	 21 	 200 	 2700 	 0
1787306965131 	 13 	 200 	 2701 	 0
1787306965148 	 16 	 200 	 2702 	 0
1787306965171 	 14 	 200 	 2703 	 0
1787306965199 	 25 	 200 	 2704 	 0
1787306965343 	 19 	 200 	 2705 	 0
1787306965369 	 12 	 200 	 2706 	 0
1787306965539 	 12 	 200 	 2708 	 1
1787306965550 	 13 	 200 	 2708 	 1
1787306965564 	 13 	 200 	 2710 	 1
1787306965575 	 13 	 200 	 2711 	 1
1787306965584 	 14 	 200 	 2711 	 0
1787306965623 	 14 	 200 	 2713 	 1
1787306965632 	 15 	 200 	 2713 	 0
1787306965715 	 15 	 200 	 2714 	 0
1787306965741 	 43 	 200 	 2715 	 0
1787306965993 	 14 	 200 	 2716 	 0
1787306966081 	 30 	 200 	 2717 	 0
1787306966213 	 22 	 200 	 2719 	 1
1787306966216 	 22 	 200 	 2719 	 0
1787306966269 	 25 	 200 	 2720 	 0
1787306966298 	 16 	 200 	 2721 	 0
1787306966389 	 19 	 200 	 2723 	 1
1787306966390 	 18 	 200 	 2723 	 0
1787306966421 	 13 	 200 	 2724 	 0
1787306966439 	 20 	 200 	 2725 	 0
1787306966474 	 14 	 200 	 2726 	 0
1787306966490 	 16 	 200 	 2729 	 2
1787306966498 	 22 	 200 	 2730 	 2
1787306966506 	 15 	 200 	 2730 	 1
1787306966511 	 16 	 200 	 2730 	 0
1787306966537 	 13 	 200 	 2731 	 0
1787306966561 	 16 	 200 	 2733 	 1
1787306966573 	 15 	 200 	 2735 	 2
1787306966583 	 13 	 200 	 2735 	 1
1787306966587 	 14 	 200 	 2735 	 0
1787306966748 	 26 	 200 	 2737 	 1
1787306966773 	 13 	 200 	 2737 	 0
1787306966942 	 34 	 200 	 2738 	 0
1787306966982 	 19 	 200 	 2739 	 0
1787306967033 	 15 	 200 	 2740 	 0
1787306967146 	 30 	 200 	 2742 	 1
1787306967133 	 44 	 200 	 2742 	 0
1787306967222 	 34 	 200 	 2743 	 0
1787306967321 	 15 	 200 	 2745 	 1
1787306967323 	 17 	 200 	 2745 	 0
1787306967388 	 14 	 200 	 2746 	 0
1787306967431 	 17 	 200 	 2748 	 1
1787306967439 	 18 	 200 	 2748 	 0
1787306967462 	 13 	 200 	 2749 	 0
1787306967501 	 13 	 200 	 2750 	 0
1787306967541 	 19 	 200 	 2751 	 0
1787306967588 	 15 	 200 	 2752 	 0
1787306967638 	 14 	 200 	 2753 	 0
1787306967677 	 12 	 200 	 2754 	 0
1787306967714 	 15 	 200 	 2756 	 1
1787306967724 	 16 	 200 	 2757 	 1
1787306967740 	 13 	 200 	 2758 	 1
1787306967753 	 15 	 200 	 2758 	 0
1787306967775 	 14 	 200 	 2759 	 0
1787306967814 	 16 	 200 	 2760 	 0
1787306967902 	 22 	 200 	 2762 	 1
1787306967911 	 16 	 200 	 2762 	 0
1787306967998 	 21 	 200 	 2763 	 0
1787306968067 	 15 	 200 	 2765 	 1
1787306968073 	 14 	 200 	 2765 	 0
1787306968116 	 15 	 200 	 2767 	 1
1787306968128 	 18 	 200 	 2767 	 0
1787306968286 	 15 	 200 	 2768 	 0
1787306968344 	 32 	 200 	 2770 	 1
1787306968354 	 28 	 200 	 2770 	 0
1787306968429 	 32 	 200 	 2773 	 2
1787306968442 	 21 	 200 	 2773 	 1
1787306968459 	 13 	 200 	 2773 	 0
1787306968514 	 13 	 200 	 2774 	 0
1787306968649 	 14 	 200 	 2776 	 1
1787306968655 	 14 	 200 	 2776 	 0
1787306968760 	 16 	 200 	 2777 	 0
1787306968974 	 13 	 200 	 2779 	 1
1787306968979 	 14 	 200 	 2779 	 0
1787306969031 	 20 	 200 	 2780 	 0
1787306969099 	 21 	 200 	 2781 	 0
1787306969141 	 13 	 200 	 2782 	 0
1787306969197 	 29 	 200 	 2785 	 2
1787306969218 	 14 	 200 	 2785 	 1
1787306969202 	 29 	 200 	 2785 	 0
1787306969249 	 13 	 200 	 2786 	 0
1787306969275 	 14 	 200 	 2787 	 0
1787306969361 	 25 	 200 	 2788 	 0
1787306969521 	 14 	 200 	 2789 	 0
1787306969552 	 16 	 200 	 2791 	 1
1787306969556 	 13 	 200 	 2791 	 0
1787306969570 	 12 	 200 	 2793 	 1
1787306969578 	 14 	 200 	 2793 	 0
1787306969632 	 16 	 200 	 2795 	 1
1787306969636 	 14 	 200 	 2795 	 0
1787306969666 	 13 	 200 	 2796 	 0
1787306969702 	 14 	 200 	 2798 	 1
1787306969707 	 13 	 200 	 2798 	 0
1787306969866 	 33 	 200 	 2800 	 1
1787306969885 	 27 	 200 	 2800 	 0
1787306969936 	 19 	 200 	 2801 	 0
1787306969964 	 13 	 200 	 2802 	 0
1787306970007 	 21 	 200 	 2803 	 0
1787306970092 	 13 	 200 	 2804 	 0
1787306970136 	 13 	 200 	 2805 	 0
1787306970236 	 74 	 200 	 2806 	 0
1787306970473 	 16 	 200 	 2808 	 1
1787306970480 	 14 	 200 	 2808 	 0
1787306970525 	 13 	 200 	 2809 	 0
1787306970676 	 13 	 200 	 2810 	 0
1787306970703 	 13 	 200 	 2811 	 0
1787306970749 	 24 	 200 	 2812 	 0
1787306970835 	 13 	 200 	 2813 	 0
1787306970885 	 14 	 200 	 2814 	 0
1787306970929 	 14 	 200 	 2816 	 1
1787306970930 	 18 	 200 	 2816 	 0
1787306970971 	 19 	 200 	 2819 	 2
1787306970981 	 17 	 200 	 2820 	 2
1787306970990 	 18 	 200 	 2820 	 1
1787306970996 	 16 	 200 	 2821 	 1
1787306971011 	 12 	 200 	 2821 	 0
1787306971049 	 14 	 200 	 2823 	 1
1787306971060 	 12 	 200 	 2823 	 0
1787306971089 	 15 	 200 	 2825 	 1
1787306971102 	 16 	 200 	 2826 	 1
1787306971110 	 21 	 200 	 2827 	 1
1787306971123 	 16 	 200 	 2827 	 0
1787306971179 	 17 	 200 	 2828 	 0
1787306971218 	 13 	 200 	 2829 	 0
1787306971240 	 14 	 200 	 2830 	 0
1787306971290 	 12 	 200 	 2831 	 0
1787306971325 	 52 	 200 	 2832 	 0
1787306971391 	 16 	 200 	 2833 	 0
1787306971635 	 14 	 200 	 2834 	 0
1787306971692 	 12 	 200 	 2835 	 0
1787306971801 	 22 	 200 	 2836 	 0
1787306971842 	 13 	 200 	 2837 	 0
1787306971868 	 16 	 200 	 2839 	 1
1787306971877 	 20 	 200 	 2839 	 0
1787306971940 	 14 	 200 	 2840 	 0
1787306971986 	 17 	 200 	 2841 	 0
1787306972040 	 35 	 200 	 2842 	 0
1787306972201 	 15 	 200 	 2845 	 2
1787306972203 	 15 	 200 	 2845 	 1
1787306972212 	 15 	 200 	 2846 	 1
1787306972223 	 12 	 200 	 2846 	 0
1787306972242 	 14 	 200 	 2848 	 1
1787306972255 	 13 	 200 	 2848 	 0
1787306972332 	 15 	 200 	 2849 	 0
1787306972408 	 36 	 200 	 2852 	 2
1787306972434 	 24 	 200 	 2853 	 2
1787306972441 	 20 	 200 	 2854 	 2
1787306972458 	 15 	 200 	 2854 	 1
1787306972461 	 14 	 200 	 2854 	 0
1787306972507 	 14 	 200 	 2855 	 0
1787306972671 	 16 	 200 	 2856 	 0
1787306972760 	 15 	 200 	 2857 	 0
1787306972788 	 13 	 200 	 2858 	 0
1787306972868 	 34 	 200 	 2860 	 1
1787306972902 	 14 	 200 	 2860 	 0
1787306972929 	 13 	 200 	 2861 	 0
1787306972988 	 15 	 200 	 2862 	 0
1787306973086 	 16 	 200 	 2864 	 1
1787306973097 	 19 	 200 	 2864 	 0
1787306973153 	 13 	 200 	 2865 	 0
1787306973192 	 13 	 200 	 2866 	 0
1787306973457 	 16 	 200 	 2868 	 1
1787306973465 	 20 	 200 	 2868 	 0
1787306973687 	 33 	 200 	 2869 	 0
1787306973724 	 18 	 200 	 2871 	 1
1787306973726 	 20 	 200 	 2871 	 0
1787306973950 	 17 	 200 	 2873 	 1
1787306973955 	 15 	 200 	 2873 	 0
1787306973999 	 18 	 200 	 2874 	 0
1787306974066 	 24 	 200 	 2876 	 1
1787306974057 	 38 	 200 	 2876 	 0
1787306974117 	 12 	 200 	 2877 	 0
1787306974218 	 33 	 200 	 2878 	 0
1787306974320 	 38 	 200 	 2879 	 0
1787306974363 	 15 	 200 	 2880 	 0
1787306974391 	 30 	 200 	 2881 	 0
1787306974494 	 14 	 200 	 2882 	 0
1787306974542 	 14 	 200 	 2884 	 1
1787306974551 	 13 	 200 	 2884 	 0
1787306974581 	 13 	 200 	 2885 	 0
1787306974647 	 17 	 200 	 2886 	 0
1787306974692 	 14 	 200 	 2888 	 1
1787306974695 	 14 	 200 	 2888 	 0
1787306974735 	 14 	 200 	 2891 	 2
1787306974740 	 17 	 200 	 2891 	 1
1787306974742 	 15 	 200 	 2891 	 0
1787306974762 	 21 	 200 	 2892 	 0
1787306974813 	 34 	 200 	 2897 	 4
1787306974826 	 24 	 200 	 2897 	 3
1787306974837 	 18 	 200 	 2898 	 3
1787306974833 	 24 	 200 	 2898 	 2
1787306974828 	 36 	 200 	 2898 	 1
1787306974856 	 13 	 200 	 2898 	 0
1787306974914 	 13 	 200 	 2900 	 1
1787306974913 	 14 	 200 	 2900 	 0
1787306975129 	 12 	 200 	 2902 	 1
1787306975126 	 15 	 200 	 2902 	 0
1787306975143 	 20 	 200 	 2904 	 1
1787306975151 	 13 	 200 	 2904 	 0
1787306975182 	 15 	 200 	 2905 	 0
1787306975242 	 13 	 200 	 2908 	 2
1787306975246 	 15 	 200 	 2908 	 1
1787306975296 	 23 	 200 	 2910 	 2
1787306975283 	 93 	 200 	 2910 	 1
1787306975387 	 78 	 200 	 2911 	 1
1787306975475 	 12 	 200 	 2912 	 1
1787306975500 	 25 	 200 	 2916 	 4
1787306975506 	 20 	 200 	 2916 	 3
1787306975517 	 16 	 200 	 2916 	 2
1787306975548 	 24 	 200 	 2918 	 3
1787306975550 	 23 	 200 	 2918 	 2
1787306975579 	 14 	 200 	 2919 	 2
1787306975524 	 102 	 200 	 2919 	 1
1787306975667 	 13 	 200 	 2922 	 3
1787306975672 	 17 	 200 	 2923 	 3
1787306975686 	 16 	 200 	 2923 	 2
1787306975637 	 80 	 200 	 2923 	 1
1787306975239 	 479 	 200 	 2923 	 0
1787306975727 	 14 	 200 	 2924 	 0
1787306975750 	 13 	 200 	 2926 	 1
1787306975763 	 35 	 200 	 2927 	 1
1787306975785 	 15 	 200 	 2927 	 0
1787306975875 	 30 	 200 	 2928 	 0
1787306975917 	 36 	 200 	 2931 	 2
1787306975927 	 29 	 200 	 2931 	 1
1787306975937 	 28 	 200 	 2931 	 0
1787306976030 	 13 	 200 	 2932 	 0
1787306976060 	 12 	 200 	 2933 	 0
1787306976107 	 27 	 200 	 2934 	 0
1787306976164 	 35 	 200 	 2937 	 2
1787306976175 	 29 	 200 	 2937 	 1
1787306976197 	 15 	 200 	 2937 	 0
1787306976275 	 20 	 200 	 2938 	 0
1787306976320 	 16 	 200 	 2939 	 0
1787306976356 	 13 	 200 	 2940 	 0
1787306976405 	 16 	 200 	 2941 	 0
1787306976452 	 16 	 200 	 2943 	 1
1787306976454 	 16 	 200 	 2943 	 0
1787306976540 	 13 	 200 	 2944 	 0
1787306976653 	 14 	 200 	 2945 	 0
1787306976706 	 13 	 200 	 2946 	 0
1787306976771 	 14 	 200 	 2947 	 0
1787306976921 	 17 	 200 	 2948 	 0
1787306976952 	 16 	 200 	 2950 	 1
1787306976956 	 13 	 200 	 2950 	 0
1787306977008 	 12 	 200 	 2952 	 1
1787306977018 	 13 	 200 	 2952 	 0
1787306977068 	 12 	 200 	 2953 	 0
1787306977084 	 13 	 200 	 2954 	 0
1787306977220 	 39 	 200 	 2957 	 2
1787306977244 	 31 	 200 	 2958 	 2
1787306977261 	 16 	 200 	 2958 	 1
1787306977255 	 23 	 200 	 2958 	 0
1787306977331 	 37 	 200 	 2959 	 0
1787306977412 	 15 	 200 	 2960 	 0
1787306977568 	 26 	 200 	 2961 	 0
1787306977615 	 13 	 200 	 2962 	 0
1787306977651 	 18 	 200 	 2964 	 1
1787306977665 	 15 	 200 	 2964 	 0
1787306977753 	 13 	 200 	 2965 	 0
1787306977826 	 68 	 200 	 2966 	 0
1787306977946 	 15 	 200 	 2968 	 1
1787306977949 	 17 	 200 	 2968 	 0
1787306978010 	 37 	 200 	 2970 	 1
1787306978019 	 33 	 200 	 2970 	 0
1787306978114 	 14 	 200 	 2971 	 0
1787306978163 	 40 	 200 	 2973 	 1
1787306978199 	 27 	 200 	 2973 	 0
1787306978291 	 16 	 200 	 2974 	 0
1787306978345 	 16 	 200 	 2975 	 0
1787306978436 	 25 	 200 	 2977 	 1
1787306978460 	 20 	 200 	 2977 	 0
1787306978503 	 22 	 200 	 2978 	 0
1787306978603 	 17 	 200 	 2979 	 0
1787306978648 	 13 	 200 	 2980 	 0
1787306978668 	 15 	 200 	 2982 	 1
1787306978677 	 16 	 200 	 2982 	 0
1787306978824 	 37 	 200 	 2983 	 0
1787306978934 	 30 	 200 	 2985 	 1
1787306978944 	 24 	 200 	 2985 	 0
1787306979077 	 32 	 200 	 2987 	 1
1787306979103 	 19 	 200 	 2987 	 0
1787306979212 	 34 	 200 	 2988 	 0
1787306979293 	 23 	 200 	 2990 	 1
1787306979300 	 20 	 200 	 2990 	 0
1787306979340 	 13 	 200 	 2991 	 0
1787306979411 	 13 	 200 	 2992 	 0
1787306979524 	 14 	 200 	 2993 	 0
1787306979549 	 13 	 200 	 2994 	 0
1787306979731 	 27 	 200 	 2996 	 1
1787306979747 	 16 	 200 	 2996 	 0
1787306979868 	 22 	 200 	 2997 	 0
1787306979938 	 16 	 200 	 2998 	 0
1787306979959 	 19 	 200 	 3002 	 3
1787306979973 	 17 	 200 	 3002 	 2
1787306979969 	 24 	 200 	 3002 	 1
1787306979965 	 30 	 200 	 3002 	 0
1787306980053 	 37 	 200 	 3004 	 1
1787306980080 	 26 	 200 	 3004 	 0
1787306980273 	 17 	 200 	 3005 	 0
1787306980298 	 15 	 200 	 3007 	 1
1787306980306 	 17 	 200 	 3008 	 1
1787306980318 	 14 	 200 	 3008 	 0
1787306980392 	 15 	 200 	 3009 	 0
1787306980429 	 13 	 200 	 3010 	 0
1787306980579 	 31 	 200 	 3011 	 0
1787306980624 	 15 	 200 	 3013 	 1
1787306980628 	 16 	 200 	 3013 	 0
1787306980664 	 16 	 200 	 3014 	 0
1787306980710 	 44 	 200 	 3017 	 2
1787306980732 	 25 	 200 	 3017 	 1
1787306980752 	 13 	 200 	 3017 	 0
1787306980850 	 31 	 200 	 3019 	 1
1787306980854 	 33 	 200 	 3019 	 0
1787306980905 	 14 	 200 	 3020 	 0
1787306981000 	 39 	 200 	 3021 	 0
1787306981070 	 31 	 200 	 3024 	 2
1787306981075 	 32 	 200 	 3024 	 1
1787306981098 	 41 	 200 	 3025 	 1
1787306981136 	 18 	 200 	 3025 	 0
1787306981203 	 27 	 200 	 3026 	 0
1787306981310 	 18 	 200 	 3027 	 0
1787306981494 	 16 	 200 	 3029 	 1
1787306981507 	 13 	 200 	 3029 	 0
1787306981531 	 14 	 200 	 3030 	 0
1787306981581 	 24 	 200 	 3031 	 0
1787306981682 	 37 	 200 	 3034 	 2
1787306981709 	 16 	 200 	 3034 	 1
1787306981709 	 18 	 200 	 3034 	 0
1787306981763 	 24 	 200 	 3035 	 0
1787306981928 	 16 	 200 	 3036 	 0
1787306982008 	 32 	 200 	 3038 	 1
1787306982038 	 32 	 200 	 3038 	 0
1787306982153 	 17 	 200 	 3040 	 1
1787306982170 	 12 	 200 	 3040 	 0
1787306982206 	 16 	 200 	 3043 	 2
1787306982214 	 15 	 200 	 3043 	 1
1787306982217 	 13 	 200 	 3043 	 0
1787306982241 	 15 	 200 	 3045 	 1
1787306982247 	 12 	 200 	 3045 	 0
1787306982305 	 13 	 200 	 3046 	 0
1787306982355 	 14 	 200 	 3047 	 0
1787306982471 	 14 	 200 	 3048 	 0
1787306982487 	 14 	 200 	 3050 	 1
1787306982494 	 16 	 200 	 3050 	 0
1787306982600 	 14 	 200 	 3052 	 1
1787306982602 	 14 	 200 	 3052 	 0
1787306982688 	 15 	 200 	 3053 	 0
1787306982708 	 14 	 200 	 3055 	 1
1787306982709 	 15 	 200 	 3055 	 0
1787306982816 	 21 	 200 	 3058 	 2
1787306982825 	 15 	 200 	 3058 	 1
1787306982828 	 15 	 200 	 3058 	 0
1787306982903 	 32 	 200 	 3060 	 1
1787306982927 	 17 	 200 	 3060 	 0
1787306982970 	 18 	 200 	 3061 	 0
1787306983097 	 17 	 200 	 3064 	 2
1787306983103 	 21 	 200 	 3064 	 1
1787306983110 	 16 	 200 	 3064 	 0
1787306983276 	 21 	 200 	 3065 	 0
1787306983392 	 23 	 200 	 3067 	 1
1787306983396 	 18 	 200 	 3067 	 0
1787306983423 	 21 	 200 	 3068 	 0
1787306983515 	 15 	 200 	 3070 	 1
1787306983518 	 17 	 200 	 3070 	 0
1787306983640 	 15 	 200 	 3071 	 0
1787306983660 	 12 	 200 	 3072 	 0
1787306983716 	 20 	 200 	 3075 	 2
1787306983720 	 17 	 200 	 3075 	 1
1787306983732 	 13 	 200 	 3075 	 0
1787306983824 	 35 	 200 	 3076 	 0
1787306983861 	 29 	 200 	 3078 	 1
1787306983875 	 16 	 200 	 3078 	 0
1787306983965 	 17 	 200 	 3080 	 1
1787306983968 	 16 	 200 	 3080 	 0
1787306984022 	 34 	 200 	 3083 	 2
1787306984035 	 28 	 200 	 3083 	 1
1787306984044 	 19 	 200 	 3083 	 0
1787306984102 	 18 	 200 	 3084 	 0
1787306984147 	 13 	 200 	 3085 	 0
1787306984183 	 14 	 200 	 3086 	 1
1787306984199 	 22 	 200 	 3088 	 1
1787306984216 	 15 	 200 	 3088 	 0
1787306984248 	 13 	 200 	 3089 	 0
1787306984328 	 47 	 200 	 3091 	 1
1787306984330 	 45 	 200 	 3091 	 0
1787306984378 	 14 	 200 	 3093 	 1
1787306984391 	 13 	 200 	 3094 	 1
1787306984400 	 13 	 200 	 3094 	 0
1787306984610 	 13 	 200 	 3095 	 0
1787306984697 	 15 	 200 	 3096 	 0
1787306984789 	 19 	 200 	 3099 	 2
1787306984791 	 19 	 200 	 3099 	 1
1787306984795 	 14 	 200 	 3099 	 0
1787306984831 	 13 	 200 	 3100 	 0
1787306984893 	 16 	 200 	 3101 	 0
1787306984998 	 14 	 200 	 3102 	 0
1787306985063 	 13 	 200 	 3103 	 0
1787306985397 	 20 	 200 	 3104 	 0
1787306985426 	 15 	 200 	 3105 	 0
1787306985520 	 14 	 200 	 3106 	 0
1787306985708 	 32 	 200 	 3109 	 2
1787306985737 	 26 	 200 	 3110 	 2
1787306985739 	 25 	 200 	 3110 	 1
1787306985745 	 26 	 200 	 3110 	 0
1787306985786 	 16 	 200 	 3112 	 1
1787306985796 	 13 	 200 	 3112 	 0
1787306985829 	 15 	 200 	 3115 	 2
1787306985827 	 20 	 200 	 3115 	 1
1787306985840 	 13 	 200 	 3115 	 0
1787306985924 	 24 	 200 	 3116 	 0
1787306986022 	 13 	 200 	 3117 	 0
1787306986039 	 12 	 200 	 3118 	 0
1787306986067 	 12 	 200 	 3119 	 0
1787306986136 	 42 	 200 	 3121 	 1
1787306986145 	 36 	 200 	 3121 	 0
1787306986193 	 13 	 200 	 3122 	 0
1787306986249 	 36 	 200 	 3123 	 0
1787306986409 	 14 	 200 	 3124 	 0
1787306986436 	 15 	 200 	 3125 	 0
1787306986544 	 30 	 200 	 3126 	 0
1787306986590 	 16 	 200 	 3128 	 1
1787306986597 	 19 	 200 	 3129 	 1
1787306986616 	 14 	 200 	 3129 	 0
1787306986660 	 22 	 200 	 3130 	 0
1787306986784 	 16 	 200 	 3131 	 0
1787306986803 	 25 	 200 	 3132 	 0
1787306986878 	 31 	 200 	 3133 	 0
1787306987006 	 39 	 200 	 3135 	 1
1787306987027 	 32 	 200 	 3136 	 1
1787306987050 	 18 	 200 	 3137 	 1
1787306987067 	 18 	 200 	 3137 	 0
1787306987119 	 14 	 200 	 3138 	 0
1787306987175 	 18 	 200 	 3140 	 1
1787306987230 	 13 	 200 	 3141 	 1
1787306987137 	 151 	 200 	 3141 	 0
1787306987370 	 15 	 200 	 3142 	 0
1787306987453 	 37 	 200 	 3144 	 1
1787306987476 	 19 	 200 	 3144 	 0
1787306987554 	 14 	 200 	 3145 	 0
1787306987573 	 47 	 200 	 3147 	 1
1787306987596 	 27 	 200 	 3147 	 0
1787306987690 	 21 	 200 	 3149 	 1
1787306987695 	 21 	 200 	 3149 	 0
1787306987785 	 15 	 200 	 3151 	 1
1787306987790 	 13 	 200 	 3151 	 0
1787306987855 	 34 	 200 	 3152 	 0
1787306987899 	 13 	 200 	 3154 	 1
1787306987900 	 14 	 200 	 3154 	 0
1787306987945 	 32 	 200 	 3156 	 1
1787306987949 	 30 	 200 	 3156 	 0
1787306988020 	 15 	 200 	 3157 	 0
1787306988060 	 13 	 200 	 3158 	 0
1787306988116 	 30 	 200 	 3160 	 1
1787306988146 	 14 	 200 	 3160 	 0
1787306988295 	 19 	 200 	 3161 	 0
1787306988353 	 31 	 200 	 3162 	 0
1787306988413 	 16 	 200 	 3163 	 0
1787306988503 	 16 	 200 	 3165 	 1
1787306988516 	 14 	 200 	 3165 	 0
1787306988707 	 14 	 200 	 3167 	 1
1787306988715 	 22 	 200 	 3167 	 0
1787306988767 	 16 	 200 	 3168 	 0
1787306988821 	 40 	 200 	 3169 	 0
1787306988904 	 30 	 200 	 3173 	 3
1787306988909 	 26 	 200 	 3173 	 2
1787306988926 	 20 	 200 	 3173 	 1
1787306988922 	 24 	 200 	 3173 	 0
1787306989110 	 16 	 200 	 3174 	 0
1787306989175 	 16 	 200 	 3175 	 0
1787306989294 	 25 	 200 	 3176 	 0
1787306989405 	 14 	 200 	 3178 	 1
1787306989414 	 17 	 200 	 3178 	 0
1787306989479 	 25 	 200 	 3181 	 2
1787306989497 	 14 	 200 	 3181 	 1
1787306989497 	 14 	 200 	 3181 	 0
1787306989630 	 14 	 200 	 3182 	 0
1787306989797 	 15 	 200 	 3183 	 0
1787306989953 	 22 	 200 	 3185 	 1
1787306989958 	 21 	 200 	 3185 	 0
1787306990034 	 44 	 200 	 3189 	 3
1787306990056 	 30 	 200 	 3189 	 2
1787306990067 	 25 	 200 	 3189 	 1
1787306990073 	 20 	 200 	 3189 	 0
1787306990150 	 35 	 200 	 3190 	 0
1787306990252 	 49 	 200 	 3191 	 0
1787306990328 	 15 	 200 	 3192 	 0
1787306990345 	 14 	 200 	 3194 	 1
1787306990350 	 61 	 200 	 3194 	 0
1787306990414 	 13 	 200 	 3195 	 0
1787306990445 	 13 	 200 	 3196 	 0
1787306990467 	 14 	 200 	 3197 	 0
1787306990515 	 18 	 200 	 3199 	 1
1787306990534 	 12 	 200 	 3199 	 1
1787306990547 	 14 	 200 	 3200 	 0
1787306990587 	 19 	 200 	 3201 	 0
1787306990609 	 15 	 200 	 3202 	 0
1787306990752 	 18 	 200 	 3203 	 0
1787306990817 	 17 	 200 	 3205 	 1
1787306990831 	 13 	 200 	 3205 	 0
1787306990869 	 16 	 200 	 3206 	 0
1787306990923 	 28 	 200 	 3208 	 1
1787306990938 	 21 	 200 	 3208 	 0
1787306990972 	 15 	 200 	 3209 	 0
1787306991011 	 19 	 200 	 3211 	 1
1787306991011 	 19 	 200 	 3211 	 0
1787306991033 	 12 	 200 	 3212 	 0
1787306991068 	 23 	 200 	 3213 	 0
1787306991106 	 13 	 200 	 3214 	 0
1787306991138 	 13 	 200 	 3216 	 1
1787306991141 	 18 	 200 	 3218 	 2
1787306991155 	 15 	 200 	 3218 	 1
1787306991155 	 16 	 200 	 3218 	 0
1787306991211 	 19 	 200 	 3220 	 1
1787306991221 	 21 	 200 	 3220 	 0
1787306991271 	 15 	 200 	 3221 	 0
1787306991296 	 15 	 200 	 3222 	 0
1787306991314 	 25 	 200 	 3225 	 2
1787306991322 	 21 	 200 	 3225 	 1
1787306991334 	 16 	 200 	 3225 	 0
1787306991441 	 27 	 200 	 3227 	 1
1787306991469 	 13 	 200 	 3228 	 1
1787306991478 	 15 	 200 	 3228 	 0
1787306991495 	 17 	 200 	 3229 	 0
1787306991550 	 33 	 200 	 3232 	 2
1787306991552 	 32 	 200 	 3232 	 1
1787306991578 	 14 	 200 	 3232 	 0
1787306991623 	 12 	 200 	 3233 	 0
1787306991667 	 14 	 200 	 3234 	 0
1787306991736 	 13 	 200 	 3235 	 0
1787306991811 	 14 	 200 	 3236 	 0
1787306991923 	 34 	 200 	 3238 	 1
1787306991950 	 21 	 200 	 3238 	 0
1787306991974 	 14 	 200 	 3239 	 0
1787306992005 	 15 	 200 	 3240 	 0
1787306992085 	 39 	 200 	 3242 	 1
1787306992112 	 13 	 200 	 3242 	 0
1787306992268 	 14 	 200 	 3243 	 0
1787306992309 	 14 	 200 	 3244 	 0
1787306992376 	 32 	 200 	 3245 	 0
1787306992434 	 36 	 200 	 3246 	 0
1787306992507 	 16 	 200 	 3248 	 1
1787306992508 	 16 	 200 	 3248 	 0
1787306992693 	 34 	 200 	 3249 	 0
1787306992860 	 36 	 200 	 3250 	 0
1787306992955 	 24 	 200 	 3251 	 0
1787306992994 	 18 	 200 	 3253 	 1
1787306993009 	 13 	 200 	 3253 	 0
1787306993127 	 15 	 200 	 3254 	 0
1787306993154 	 18 	 200 	 3255 	 0
1787306993182 	 31 	 200 	 3256 	 0
1787306993308 	 17 	 200 	 3258 	 1
1787306993312 	 14 	 200 	 3258 	 0
1787306993366 	 18 	 200 	 3260 	 1
1787306993371 	 16 	 200 	 3260 	 0
1787306993602 	 14 	 200 	 3261 	 0
1787306993630 	 13 	 200 	 3263 	 1
1787306993637 	 22 	 200 	 3264 	 1
1787306993658 	 14 	 200 	 3264 	 0
1787306993687 	 13 	 200 	 3265 	 0
1787306993755 	 14 	 200 	 3266 	 0
1787306993790 	 14 	 200 	 3268 	 1
1787306993793 	 14 	 200 	 3268 	 0
1787306993820 	 15 	 200 	 3270 	 1
1787306993824 	 13 	 200 	 3270 	 0
1787306993873 	 15 	 200 	 3271 	 0
1787306993949 	 27 	 200 	 3273 	 1
1787306993964 	 16 	 200 	 3273 	 0
1787306994036 	 24 	 200 	 3274 	 0
1787306994109 	 22 	 200 	 3275 	 0
1787306994249 	 30 	 200 	 3278 	 2
1787306994261 	 21 	 200 	 3278 	 1
1787306994277 	 18 	 200 	 3278 	 0
1787306994308 	 14 	 200 	 3280 	 1
1787306994314 	 12 	 200 	 3280 	 0
1787306994544 	 15 	 200 	 3281 	 0
1787306994566 	 14 	 200 	 3282 	 0
1787306994585 	 11 	 200 	 3283 	 0
1787306994622 	 15 	 200 	 3284 	 0
1787306994687 	 23 	 200 	 3286 	 1
1787306994711 	 13 	 200 	 3286 	 0
1787306994748 	 12 	 200 	 3287 	 0
1787306994777 	 16 	 200 	 3288 	 0
1787306994953 	 14 	 200 	 3290 	 1
1787306994966 	 13 	 200 	 3291 	 1
1787306994987 	 19 	 200 	 3293 	 2
1787306994978 	 29 	 200 	 3293 	 2
1787306995001 	 15 	 200 	 3295 	 2
1787306995008 	 15 	 200 	 3295 	 1
1787306995016 	 13 	 200 	 3295 	 0
1787306995064 	 32 	 200 	 3297 	 1
1787306995070 	 29 	 200 	 3297 	 0
1787306995136 	 15 	 200 	 3299 	 1
1787306995144 	 13 	 200 	 3299 	 0
1787306995194 	 22 	 200 	 3300 	 0
1787306995248 	 15 	 200 	 3301 	 0
1787306995288 	 17 	 200 	 3303 	 1
1787306995296 	 17 	 200 	 3303 	 0
1787306995378 	 21 	 200 	 3304 	 0
1787306995460 	 12 	 200 	 3305 	 0
1787306995488 	 15 	 200 	 3306 	 0
1787306995510 	 22 	 200 	 3308 	 1
1787306995524 	 13 	 200 	 3308 	 0
1787306995661 	 13 	 200 	 3310 	 1
1787306995673 	 13 	 200 	 3310 	 0
1787306995814 	 35 	 200 	 3312 	 1
1787306995834 	 25 	 200 	 3312 	 0
1787306995877 	 21 	 200 	 3314 	 1
1787306995887 	 14 	 200 	 3314 	 0
1787306995966 	 13 	 200 	 3316 	 1
1787306995980 	 33 	 200 	 3317 	 1
1787306996007 	 14 	 200 	 3317 	 0
1787306996055 	 34 	 200 	 3319 	 1
1787306996088 	 37 	 200 	 3320 	 1
1787306996114 	 28 	 200 	 3320 	 0
1787306996218 	 33 	 200 	 3322 	 1
1787306996237 	 21 	 200 	 3322 	 0
1787306996292 	 15 	 200 	 3323 	 0
1787306996321 	 15 	 200 	 3324 	 0
1787306996346 	 15 	 200 	 3325 	 0
1787306996388 	 33 	 200 	 3327 	 1
1787306996420 	 15 	 200 	 3327 	 0
1787306996507 	 14 	 200 	 3328 	 0
1787306996584 	 15 	 200 	 3330 	 1
1787306996594 	 14 	 200 	 3330 	 0
1787306996614 	 14 	 200 	 3331 	 0
1787306996672 	 14 	 200 	 3332 	 0
1787306996770 	 25 	 200 	 3334 	 1
1787306996772 	 27 	 200 	 3334 	 0
1787306996816 	 15 	 200 	 3335 	 0
1787306996854 	 18 	 200 	 3338 	 2
1787306996863 	 17 	 200 	 3339 	 2
1787306996870 	 13 	 200 	 3339 	 1
1787306996875 	 16 	 200 	 3339 	 0
1787306996914 	 14 	 200 	 3340 	 0
1787306996941 	 13 	 200 	 3341 	 0
1787306997034 	 19 	 200 	 3342 	 0
1787306997087 	 16 	 200 	 3344 	 1
1787306997099 	 16 	 200 	 3345 	 1
1787306997111 	 20 	 200 	 3345 	 0
1787306997200 	 33 	 200 	 3346 	 0
1787306997298 	 13 	 200 	 3347 	 0
1787306997348 	 17 	 200 	 3349 	 1
1787306997361 	 15 	 200 	 3349 	 0
1787306997395 	 15 	 200 	 3350 	 0
1787306997459 	 14 	 200 	 3353 	 2
1787306997461 	 20 	 200 	 3353 	 1
1787306997473 	 14 	 200 	 3353 	 0
1787306997543 	 15 	 200 	 3355 	 1
1787306997548 	 13 	 200 	 3355 	 0
1787306997618 	 22 	 200 	 3357 	 1
1787306997625 	 17 	 200 	 3357 	 0
1787306997722 	 14 	 200 	 3358 	 0
1787306997774 	 13 	 200 	 3359 	 0
1787306997826 	 17 	 200 	 3360 	 0
1787306997862 	 13 	 200 	 3362 	 1
1787306997863 	 15 	 200 	 3362 	 0
1787306997894 	 14 	 200 	 3363 	 0
1787306997913 	 20 	 200 	 3364 	 0
1787306998042 	 37 	 200 	 3365 	 0
1787306998112 	 13 	 200 	 3367 	 1
1787306998118 	 17 	 200 	 3367 	 0
1787306998310 	 16 	 200 	 3369 	 1
1787306998326 	 12 	 200 	 3369 	 0
1787306998349 	 13 	 200 	 3370 	 0
1787306998437 	 18 	 200 	 3371 	 0
1787306998651 	 38 	 200 	 3372 	 0
1787306998741 	 31 	 200 	 3374 	 1
1787306998755 	 22 	 200 	 3375 	 1
1787306998774 	 12 	 200 	 3375 	 0
1787306998930 	 13 	 200 	 3376 	 0
1787306998963 	 12 	 200 	 3377 	 0
1787306999019 	 16 	 200 	 3378 	 0
1787306999056 	 14 	 200 	 3379 	 0
1787306999081 	 12 	 200 	 3380 	 0
1787306999134 	 38 	 200 	 3381 	 0
1787306999227 	 15 	 200 	 3383 	 1
1787306999245 	 13 	 200 	 3384 	 1
1787306999242 	 18 	 200 	 3384 	 0
1787306999334 	 33 	 200 	 3385 	 0
1787306999532 	 14 	 200 	 3386 	 0
1787306999602 	 21 	 200 	 3387 	 0
1787306999703 	 14 	 200 	 3389 	 1
1787306999718 	 12 	 200 	 3389 	 0
1787306999752 	 15 	 200 	 3390 	 0
1787306999841 	 17 	 200 	 3391 	 0
1787306999932 	 26 	 200 	 3392 	 0
1787306999992 	 34 	 200 	 3394 	 1
1787307000011 	 25 	 200 	 3394 	 0
1787307000076 	 32 	 200 	 3395 	 0
1787307000145 	 17 	 200 	 3397 	 1
1787307000157 	 13 	 200 	 3397 	 0
1787307000221 	 17 	 200 	 3398 	 1
1787307000239 	 12 	 200 	 3399 	 0
1787307000298 	 19 	 200 	 3401 	 1
1787307000300 	 21 	 200 	 3401 	 0
1787307000369 	 29 	 200 	 3404 	 2
1787307000374 	 30 	 200 	 3405 	 2
1787307000401 	 15 	 200 	 3405 	 1
1787307000420 	 12 	 200 	 3406 	 1
1787307000379 	 78 	 200 	 3406 	 0
1787307000513 	 14 	 200 	 3408 	 1
1787307000519 	 20 	 200 	 3409 	 1
1787307000539 	 18 	 200 	 3409 	 0
1787307000572 	 12 	 200 	 3410 	 0
1787307000606 	 24 	 200 	 3411 	 0
1787307000681 	 19 	 200 	 3412 	 0
1787307000717 	 13 	 200 	 3415 	 2
1787307000722 	 20 	 200 	 3416 	 2
1787307000729 	 15 	 200 	 3416 	 1
1787307000733 	 18 	 200 	 3416 	 0
1787307000761 	 20 	 200 	 3417 	 0
1787307000899 	 15 	 200 	 3418 	 0
1787307000975 	 14 	 200 	 3419 	 0
1787307001048 	 40 	 200 	 3420 	 0
1787307001300 	 20 	 200 	 3421 	 0
1787307001371 	 36 	 200 	 3422 	 0
1787307001463 	 13 	 200 	 3423 	 0
1787307001485 	 15 	 200 	 3424 	 0
1787307001518 	 13 	 200 	 3425 	 0
1787307001544 	 13 	 200 	 3426 	 0
1787307001598 	 16 	 200 	 3427 	 0
1787307001626 	 16 	 200 	 3429 	 1
1787307001637 	 16 	 200 	 3429 	 0
1787307001692 	 15 	 200 	 3430 	 0
1787307001757 	 17 	 200 	 3431 	 0
1787307001861 	 28 	 200 	 3433 	 1
1787307001921 	 13 	 200 	 3434 	 1
1787307001852 	 128 	 200 	 3434 	 0
1787307002023 	 13 	 200 	 3435 	 0
1787307002100 	 18 	 200 	 3436 	 0
1787307002211 	 13 	 200 	 3437 	 0
1787307002301 	 13 	 200 	 3438 	 0
1787307002401 	 14 	 200 	 3440 	 1
1787307002411 	 16 	 200 	 3440 	 0
1787307002439 	 12 	 200 	 3441 	 0
1787307002458 	 13 	 200 	 3442 	 0
1787307002563 	 17 	 200 	 3445 	 2
1787307002565 	 17 	 200 	 3445 	 1
1787307002567 	 17 	 200 	 3445 	 0
1787307002621 	 15 	 200 	 3446 	 0
1787307002642 	 13 	 200 	 3447 	 0
1787307002731 	 14 	 200 	 3448 	 0
1787307002759 	 12 	 200 	 3449 	 0
1787307002933 	 27 	 200 	 3450 	 0
1787307003058 	 40 	 200 	 3452 	 1
1787307003065 	 38 	 200 	 3452 	 0
1787307003166 	 32 	 200 	 3453 	 0
1787307003209 	 14 	 200 	 3456 	 2
1787307003210 	 15 	 200 	 3456 	 1
1787307003215 	 21 	 200 	 3458 	 2
1787307003229 	 14 	 200 	 3458 	 1
1787307003235 	 14 	 200 	 3458 	 0
1787307003272 	 23 	 200 	 3460 	 1
1787307003291 	 14 	 200 	 3460 	 0
1787307003320 	 13 	 200 	 3461 	 0
1787307003378 	 18 	 200 	 3462 	 0
1787307003471 	 31 	 200 	 3463 	 0
1787307003512 	 12 	 200 	 3464 	 0
1787307003541 	 13 	 200 	 3466 	 1
1787307003546 	 17 	 200 	 3466 	 0
1787307003590 	 26 	 200 	 3468 	 1
1787307003617 	 14 	 200 	 3468 	 0
1787307003672 	 15 	 200 	 3469 	 0
1787307003709 	 14 	 200 	 3471 	 1
1787307003712 	 16 	 200 	 3472 	 1
1787307003727 	 13 	 200 	 3472 	 0
1787307003769 	 23 	 200 	 3473 	 0
1787307003801 	 13 	 200 	 3475 	 1
1787307003815 	 16 	 200 	 3476 	 1
1787307003822 	 13 	 200 	 3476 	 0
1787307003952 	 19 	 200 	 3477 	 0
1787307004085 	 21 	 200 	 3479 	 1
1787307004104 	 14 	 200 	 3479 	 0
1787307004207 	 34 	 200 	 3481 	 1
1787307004222 	 25 	 200 	 3481 	 1
1787307004249 	 12 	 200 	 3482 	 0
1787307004340 	 97 	 200 	 3483 	 0
1787307004457 	 19 	 200 	 3484 	 0
1787307004552 	 19 	 200 	 3485 	 0
1787307004631 	 27 	 200 	 3490 	 4
1787307004647 	 27 	 200 	 3490 	 3
1787307004659 	 16 	 200 	 3490 	 2
1787307004653 	 23 	 200 	 3490 	 1
1787307004656 	 20 	 200 	 3490 	 0
1787307004877 	 28 	 200 	 3492 	 1
1787307004878 	 31 	 200 	 3492 	 0
1787307004946 	 14 	 200 	 3493 	 0
1787307004973 	 14 	 200 	 3494 	 0
1787307005064 	 52 	 200 	 3496 	 1
1787307005031 	 85 	 200 	 3496 	 0
1787307005153 	 14 	 200 	 3497 	 0
1787307005176 	 12 	 200 	 3498 	 0
1787307005249 	 33 	 200 	 3500 	 1
1787307005254 	 32 	 200 	 3500 	 0
1787307005348 	 12 	 200 	 3501 	 0
1787307005370 	 17 	 200 	 3502 	 0
1787307005421 	 14 	 200 	 3503 	 0
1787307005446 	 14 	 200 	 3504 	 0
1787307005629 	 14 	 200 	 3505 	 0
1787307005772 	 13 	 200 	 3506 	 1
1787307005786 	 12 	 200 	 3507 	 0
1787307005810 	 17 	 200 	 3508 	 0
1787307005870 	 27 	 200 	 3512 	 3
1787307005864 	 36 	 200 	 3512 	 2
1787307005868 	 33 	 200 	 3512 	 1
1787307005877 	 27 	 200 	 3512 	 0
1787307005964 	 22 	 200 	 3514 	 1
1787307005978 	 15 	 200 	 3515 	 1
1787307005989 	 12 	 200 	 3515 	 0
1787307006036 	 31 	 200 	 3517 	 1
1787307006080 	 34 	 200 	 3518 	 1
1787307006068 	 45 	 200 	 3518 	 0
1787307006117 	 14 	 200 	 3520 	 1
1787307006127 	 15 	 200 	 3520 	 0
1787307006164 	 49 	 200 	 3521 	 0
1787307006239 	 29 	 200 	 3523 	 1
1787307006248 	 28 	 200 	 3523 	 0
1787307006320 	 13 	 200 	 3524 	 0
1787307006365 	 18 	 200 	 3525 	 0
1787307006402 	 12 	 200 	 3526 	 0
1787307006426 	 14 	 200 	 3527 	 0
1787307006480 	 20 	 200 	 3528 	 0
1787307006513 	 14 	 200 	 3529 	 0
1787307006673 	 14 	 200 	 3531 	 1
1787307006706 	 12 	 200 	 3532 	 1
1787307006735 	 14 	 200 	 3533 	 1
1787307006843 	 23 	 200 	 3534 	 1
1787307006944 	 15 	 200 	 3535 	 1
1787307006961 	 13 	 200 	 3537 	 2
1787307006968 	 12 	 200 	 3537 	 1
1787307006616 	 376 	 200 	 3537 	 0
1787307007049 	 34 	 200 	 3539 	 1
1787307007082 	 23 	 200 	 3539 	 0
1787307007178 	 31 	 200 	 3542 	 2
1787307007207 	 20 	 200 	 3542 	 1
1787307007209 	 21 	 200 	 3542 	 0
1787307007258 	 34 	 200 	 3543 	 0
1787307007334 	 26 	 200 	 3544 	 0
1787307007496 	 14 	 200 	 3545 	 0
1787307007535 	 15 	 200 	 3547 	 1
1787307007544 	 13 	 200 	 3547 	 0
1787307007577 	 14 	 200 	 3549 	 1
1787307007579 	 14 	 200 	 3549 	 0
1787307007612 	 16 	 200 	 3550 	 0
1787307007793 	 15 	 200 	 3552 	 1
1787307007798 	 12 	 200 	 3552 	 0
1787307007850 	 16 	 200 	 3555 	 2
1787307007846 	 23 	 200 	 3555 	 1
1787307007850 	 22 	 200 	 3555 	 0
1787307007918 	 16 	 200 	 3556 	 0
1787307007951 	 14 	 200 	 3557 	 0
1787307008004 	 24 	 200 	 3558 	 0
1787307008040 	 12 	 200 	 3559 	 0
1787307008160 	 36 	 200 	 3560 	 0
1787307008207 	 29 	 200 	 3563 	 2
1787307008207 	 31 	 200 	 3563 	 1
1787307008229 	 19 	 200 	 3563 	 0
1787307008270 	 32 	 200 	 3564 	 0
1787307008325 	 13 	 200 	 3565 	 0
1787307008362 	 34 	 200 	 3566 	 0
1787307008437 	 26 	 200 	 3568 	 1
1787307008440 	 34 	 200 	 3568 	 0
1787307008498 	 15 	 200 	 3570 	 1
1787307008511 	 14 	 200 	 3570 	 0
1787307008533 	 13 	 200 	 3573 	 2
1787307008536 	 13 	 200 	 3573 	 1
1787307008543 	 14 	 200 	 3573 	 0
1787307008578 	 203 	 200 	 3574 	 0
1787307008858 	 26 	 200 	 3575 	 0
1787307008973 	 14 	 200 	 3576 	 0
1787307008997 	 12 	 200 	 3577 	 0
1787307009018 	 12 	 200 	 3578 	 0
1787307009157 	 34 	 200 	 3579 	 0
1787307009376 	 12 	 200 	 3580 	 0
1787307009445 	 22 	 200 	 3583 	 2
1787307009463 	 13 	 200 	 3583 	 1
1787307009544 	 14 	 200 	 3584 	 1
1787307009391 	 171 	 200 	 3584 	 0
1787307009586 	 13 	 200 	 3586 	 1
1787307009591 	 13 	 200 	 3586 	 0
1787307009681 	 15 	 200 	 3587 	 0
1787307009764 	 28 	 200 	 3588 	 0
1787307009805 	 14 	 200 	 3589 	 0
1787307009870 	 17 	 200 	 3592 	 2
1787307009873 	 14 	 200 	 3592 	 1
1787307009881 	 20 	 200 	 3592 	 0
1787307009925 	 19 	 200 	 3593 	 0
1787307010025 	 42 	 200 	 3594 	 0
1787307010101 	 14 	 200 	 3595 	 0
1787307010192 	 33 	 200 	 3597 	 1
1787307010204 	 30 	 200 	 3597 	 0
1787307010286 	 21 	 200 	 3598 	 0
1787307010385 	 13 	 200 	 3599 	 0
1787307010406 	 17 	 200 	 3601 	 1
1787307010419 	 15 	 200 	 3601 	 0
1787307010567 	 20 	 200 	 3603 	 1
1787307010581 	 14 	 200 	 3603 	 0
1787307010615 	 13 	 200 	 3604 	 0
1787307010632 	 13 	 200 	 3605 	 0
1787307010671 	 22 	 200 	 3606 	 0
1787307010740 	 12 	 200 	 3607 	 0
1787307010804 	 52 	 200 	 3609 	 1
1787307010856 	 14 	 200 	 3609 	 0
1787307010896 	 13 	 200 	 3610 	 0
1787307010924 	 14 	 200 	 3611 	 0
1787307010995 	 21 	 200 	 3612 	 0
1787307011045 	 13 	 200 	 3613 	 0
1787307011069 	 13 	 200 	 3614 	 0
1787307011101 	 12 	 200 	 3615 	 0
1787307011269 	 35 	 200 	 3616 	 0
1787307011333 	 22 	 200 	 3617 	 0
1787307011468 	 14 	 200 	 3618 	 0
1787307011543 	 16 	 200 	 3620 	 1
1787307011543 	 16 	 200 	 3620 	 0
1787307011633 	 17 	 200 	 3622 	 1
1787307011643 	 19 	 200 	 3622 	 0
1787307011789 	 17 	 200 	 3624 	 1
1787307011801 	 15 	 200 	 3624 	 0
1787307011899 	 16 	 200 	 3625 	 0
1787307011948 	 38 	 200 	 3626 	 0
1787307011992 	 15 	 200 	 3629 	 2
1787307011999 	 15 	 200 	 3629 	 1
1787307012000 	 15 	 200 	 3629 	 0
1787307012042 	 28 	 200 	 3631 	 1
1787307012044 	 27 	 200 	 3631 	 0
1787307012075 	 21 	 200 	 3632 	 0
1787307012106 	 13 	 200 	 3633 	 0
1787307012215 	 14 	 200 	 3635 	 1
1787307012178 	 73 	 200 	 3635 	 0
1787307012273 	 15 	 200 	 3637 	 1
1787307012284 	 14 	 200 	 3637 	 0
1787307012370 	 29 	 200 	 3638 	 0
1787307012438 	 14 	 200 	 3639 	 0
1787307012458 	 13 	 200 	 3640 	 0
1787307012505 	 21 	 200 	 3642 	 1
1787307012518 	 13 	 200 	 3642 	 0
1787307012763 	 35 	 200 	 3645 	 2
1787307012772 	 27 	 200 	 3645 	 1
1787307012781 	 23 	 200 	 3645 	 0
1787307012909 	 12 	 200 	 3646 	 0
1787307013069 	 35 	 200 	 3647 	 0
1787307013128 	 12 	 200 	 3648 	 0
1787307013257 	 35 	 200 	 3649 	 0
1787307013530 	 17 	 200 	 3650 	 0
1787307013578 	 15 	 200 	 3651 	 0
1787307013612 	 14 	 200 	 3653 	 1
1787307013612 	 22 	 200 	 3653 	 0
1787307013658 	 14 	 200 	 3654 	 0
1787307013720 	 16 	 200 	 3655 	 0
1787307013775 	 13 	 200 	 3657 	 1
1787307013788 	 13 	 200 	 3657 	 0
1787307013856 	 13 	 200 	 3659 	 1
1787307013858 	 17 	 200 	 3659 	 0
1787307013890 	 13 	 200 	 3660 	 0
1787307013924 	 23 	 200 	 3661 	 0
1787307014134 	 16 	 200 	 3662 	 0
1787307014227 	 35 	 200 	 3663 	 0
1787307014274 	 14 	 200 	 3664 	 0
1787307014339 	 17 	 200 	 3666 	 1
1787307014353 	 13 	 200 	 3666 	 0
1787307014492 	 13 	 200 	 3667 	 0
1787307014546 	 13 	 200 	 3668 	 0
1787307014568 	 16 	 200 	 3669 	 0
1787307014620 	 13 	 200 	 3670 	 0
1787307014701 	 21 	 200 	 3673 	 2
1787307014713 	 14 	 200 	 3673 	 1
1787307014718 	 22 	 200 	 3673 	 0
1787307014745 	 12 	 200 	 3674 	 0
1787307014764 	 12 	 200 	 3675 	 0
1787307014816 	 39 	 200 	 3676 	 0
1787307014908 	 32 	 200 	 3677 	 0
1787307014998 	 37 	 200 	 3678 	 0
1787307015218 	 36 	 200 	 3679 	 0
1787307015263 	 19 	 200 	 3682 	 2
1787307015263 	 20 	 200 	 3682 	 1
1787307015282 	 14 	 200 	 3682 	 0
1787307015331 	 14 	 200 	 3683 	 0
1787307015398 	 13 	 200 	 3684 	 0
1787307015500 	 16 	 200 	 3686 	 1
1787307015507 	 124 	 200 	 3686 	 0
1787307015682 	 18 	 200 	 3687 	 0
1787307015704 	 17 	 200 	 3689 	 2
1787307015715 	 19 	 200 	 3690 	 1
1787307015723 	 20 	 200 	 3690 	 0
1787307015773 	 18 	 200 	 3692 	 1
1787307015776 	 20 	 200 	 3692 	 0
1787307015869 	 13 	 200 	 3693 	 0
1787307015894 	 17 	 200 	 3694 	 0
1787307015980 	 30 	 200 	 3696 	 1
1787307015986 	 31 	 200 	 3697 	 1
1787307016016 	 22 	 200 	 3697 	 0
1787307016095 	 27 	 200 	 3699 	 1
1787307016115 	 15 	 200 	 3699 	 0
1787307016211 	 17 	 200 	 3701 	 1
1787307016204 	 24 	 200 	 3701 	 0
1787307016280 	 21 	 200 	 3703 	 1
1787307016285 	 24 	 200 	 3703 	 0
1787307016346 	 13 	 200 	 3704 	 0
1787307016363 	 15 	 200 	 3705 	 0
1787307016422 	 24 	 200 	 3706 	 0
1787307016453 	 13 	 200 	 3707 	 0
1787307016470 	 18 	 200 	 3708 	 0
1787307016502 	 15 	 200 	 3711 	 2
1787307016499 	 18 	 200 	 3711 	 1
1787307016508 	 14 	 200 	 3711 	 0
1787307016593 	 24 	 200 	 3713 	 1
1787307016613 	 13 	 200 	 3713 	 0
1787307016726 	 19 	 200 	 3714 	 0
1787307016752 	 13 	 200 	 3715 	 0
1787307016771 	 12 	 200 	 3716 	 0
1787307016846 	 34 	 200 	 3717 	 0
1787307016942 	 25 	 200 	 3719 	 1
1787307016962 	 17 	 200 	 3719 	 0
1787307017150 	 15 	 200 	 3720 	 0
1787307017182 	 15 	 200 	 3722 	 1
1787307017188 	 15 	 200 	 3722 	 0
1787307017248 	 14 	 200 	 3723 	 0
1787307017274 	 15 	 200 	 3724 	 0
1787307017341 	 13 	 200 	 3725 	 1
1787307017355 	 13 	 200 	 3727 	 1
1787307017358 	 14 	 200 	 3727 	 0
1787307017388 	 12 	 200 	 3728 	 0
1787307017421 	 20 	 200 	 3731 	 2
1787307017437 	 16 	 200 	 3731 	 1
1787307017463 	 14 	 200 	 3732 	 1
1787307017434 	 60 	 200 	 3732 	 0
1787307017625 	 13 	 200 	 3733 	 0
1787307017713 	 16 	 200 	 3734 	 0
1787307017761 	 14 	 200 	 3736 	 1
1787307017771 	 12 	 200 	 3736 	 0
1787307017866 	 15 	 200 	 3738 	 1
1787307017877 	 13 	 200 	 3738 	 0
1787307017951 	 16 	 200 	 3739 	 0
1787307018057 	 37 	 200 	 3741 	 1
1787307018071 	 23 	 200 	 3741 	 0
1787307018175 	 12 	 200 	 3743 	 1
1787307018180 	 17 	 200 	 3744 	 1
1787307018193 	 18 	 200 	 3744 	 0
1787307018253 	 15 	 200 	 3745 	 0
1787307018286 	 13 	 200 	 3746 	 0
1787307018360 	 16 	 200 	 3747 	 0
1787307018387 	 14 	 200 	 3750 	 2
1787307018396 	 14 	 200 	 3750 	 1
1787307018397 	 18 	 200 	 3750 	 0
1787307018517 	 17 	 200 	 3751 	 0
1787307018558 	 13 	 200 	 3752 	 0
1787307018575 	 13 	 200 	 3753 	 0
1787307018609 	 12 	 200 	 3754 	 0
1787307018717 	 20 	 200 	 3755 	 0
1787307018772 	 16 	 200 	 3756 	 0
1787307018804 	 13 	 200 	 3757 	 0
1787307018838 	 39 	 200 	 3760 	 2
1787307018865 	 25 	 200 	 3760 	 1
1787307018867 	 29 	 200 	 3760 	 0
1787307018915 	 17 	 200 	 3761 	 0
1787307018945 	 14 	 200 	 3762 	 0
1787307019082 	 23 	 200 	 3764 	 1
1787307019100 	 14 	 200 	 3764 	 0
1787307019299 	 26 	 200 	 3766 	 1
1787307019312 	 19 	 200 	 3766 	 0
1787307019413 	 40 	 200 	 3767 	 0
1787307019467 	 13 	 200 	 3768 	 0
1787307019489 	 12 	 200 	 3769 	 0
1787307019595 	 16 	 200 	 3771 	 1
1787307019601 	 15 	 200 	 3771 	 0
1787307019734 	 13 	 200 	 3773 	 1
1787307019736 	 15 	 200 	 3773 	 0
1787307019762 	 13 	 200 	 3775 	 1
1787307019774 	 14 	 200 	 3775 	 0
1787307019801 	 13 	 200 	 3776 	 0
1787307019953 	 36 	 200 	 3777 	 0
1787307019993 	 16 	 200 	 3778 	 0
1787307020024 	 13 	 200 	 3780 	 1
1787307020052 	 16 	 200 	 3781 	 1
1787307020125 	 12 	 200 	 3782 	 1
1787307020140 	 12 	 200 	 3783 	 1
1787307020217 	 31 	 200 	 3786 	 3
1787307020226 	 32 	 200 	 3786 	 2
1787307020244 	 26 	 200 	 3786 	 1
1787307020305 	 16 	 200 	 3788 	 2
1787307020291 	 30 	 200 	 3788 	 1
1787307020395 	 25 	 200 	 3789 	 1
1787307020014 	 430 	 200 	 3789 	 0
1787307020461 	 12 	 200 	 3790 	 0
1787307020669 	 17 	 200 	 3792 	 1
1787307020676 	 15 	 200 	 3792 	 0
1787307020711 	 30 	 200 	 3794 	 1
1787307020730 	 16 	 200 	 3795 	 1
1787307020745 	 13 	 200 	 3795 	 0
1787307020829 	 40 	 200 	 3797 	 1
1787307020857 	 17 	 200 	 3798 	 1
1787307020874 	 13 	 200 	 3798 	 0
1787307020972 	 29 	 200 	 3799 	 0
1787307021066 	 22 	 200 	 3801 	 1
1787307021072 	 28 	 200 	 3802 	 1
1787307021093 	 15 	 200 	 3802 	 0
1787307021200 	 21 	 200 	 3804 	 1
1787307021204 	 21 	 200 	 3805 	 1
1787307021227 	 13 	 200 	 3805 	 0
1787307021346 	 14 	 200 	 3806 	 0
1787307021405 	 18 	 200 	 3808 	 1
1787307021423 	 33 	 200 	 3808 	 0
1787307021487 	 23 	 200 	 3809 	 0
1787307021530 	 14 	 200 	 3811 	 1
1787307021539 	 16 	 200 	 3811 	 0
1787307021589 	 31 	 200 	 3812 	 0
1787307021640 	 15 	 200 	 3813 	 0
1787307021685 	 18 	 200 	 3817 	 3
1787307021689 	 15 	 200 	 3817 	 3
1787307021698 	 14 	 200 	 3818 	 2
1787307021696 	 21 	 200 	 3818 	 1
1787307021706 	 14 	 200 	 3818 	 0
1787307021729 	 13 	 200 	 3820 	 1
1787307021742 	 13 	 200 	 3821 	 1
1787307021749 	 17 	 200 	 3821 	 0
1787307021861 	 27 	 200 	 3822 	 0
1787307021930 	 28 	 200 	 3824 	 1
1787307021933 	 25 	 200 	 3824 	 0
1787307021966 	 15 	 200 	 3826 	 1
1787307021976 	 13 	 200 	 3826 	 0
1787307022016 	 14 	 200 	 3828 	 1
1787307022021 	 13 	 200 	 3828 	 0
1787307022206 	 14 	 200 	 3829 	 0
1787307022238 	 45 	 200 	 3830 	 0
1787307022299 	 14 	 200 	 3831 	 0
1787307022321 	 12 	 200 	 3832 	 0
1787307022378 	 38 	 200 	 3833 	 0
1787307022456 	 15 	 200 	 3835 	 1
1787307022471 	 13 	 200 	 3835 	 0
1787307022513 	 16 	 200 	 3837 	 1
1787307022526 	 14 	 200 	 3838 	 1
1787307022530 	 12 	 200 	 3838 	 0
1787307022621 	 15 	 200 	 3839 	 0
1787307022652 	 15 	 200 	 3840 	 0
1787307022692 	 13 	 200 	 3841 	 0
1787307022725 	 15 	 200 	 3842 	 0
1787307022775 	 15 	 200 	 3843 	 0
1787307022948 	 13 	 200 	 3844 	 0
1787307022973 	 13 	 200 	 3845 	 0
1787307023063 	 22 	 200 	 3846 	 0
1787307023096 	 13 	 200 	 3847 	 0
1787307023176 	 36 	 200 	 3850 	 2
1787307023189 	 30 	 200 	 3850 	 1
1787307023211 	 17 	 200 	 3850 	 0
1787307023235 	 13 	 200 	 3851 	 0
1787307023263 	 14 	 200 	 3852 	 0
1787307023374 	 13 	 200 	 3853 	 0
1787307023448 	 36 	 200 	 3854 	 0
1787307023508 	 13 	 200 	 3856 	 1
1787307023514 	 12 	 200 	 3856 	 0
1787307023695 	 13 	 200 	 3858 	 1
1787307023708 	 12 	 200 	 3858 	 0
1787307023737 	 12 	 200 	 3859 	 0
1787307023782 	 15 	 200 	 3860 	 0
1787307023801 	 14 	 200 	 3861 	 0
1787307023826 	 12 	 200 	 3862 	 0
1787307023954 	 17 	 200 	 3863 	 0
1787307024023 	 15 	 200 	 3864 	 0
1787307024158 	 37 	 200 	 3865 	 0
1787307024230 	 33 	 200 	 3866 	 0
1787307024287 	 27 	 200 	 3869 	 2
1787307024307 	 17 	 200 	 3870 	 2
1787307024285 	 46 	 200 	 3870 	 1
1787307024316 	 17 	 200 	 3870 	 0
1787307024353 	 13 	 200 	 3871 	 0
1787307024392 	 18 	 200 	 3872 	 0
1787307024530 	 13 	 200 	 3873 	 0
1787307024626 	 17 	 200 	 3874 	 0
1787307024760 	 50 	 200 	 3876 	 1
1787307024797 	 26 	 200 	 3876 	 0
1787307024848 	 16 	 200 	 3877 	 0
1787307024901 	 29 	 200 	 3879 	 1
1787307024897 	 38 	 200 	 3879 	 0
1787307024964 	 14 	 200 	 3882 	 2
1787307024959 	 22 	 200 	 3882 	 1
1787307024977 	 21 	 200 	 3882 	 0
1787307025070 	 36 	 200 	 3883 	 0
1787307025133 	 13 	 200 	 3884 	 0
1787307025183 	 17 	 200 	 3885 	 0
1787307025257 	 34 	 200 	 3887 	 1
1787307025274 	 18 	 200 	 3887 	 0
1787307025327 	 16 	 200 	 3890 	 2
1787307025321 	 23 	 200 	 3890 	 1
1787307025327 	 20 	 200 	 3890 	 0
1787307025456 	 18 	 200 	 3891 	 0
1787307025522 	 17 	 200 	 3892 	 0
1787307025628 	 15 	 200 	 3894 	 1
1787307025632 	 12 	 200 	 3894 	 0
1787307025675 	 16 	 200 	 3897 	 2
1787307025679 	 14 	 200 	 3897 	 1
1787307025687 	 16 	 200 	 3897 	 0
1787307025710 	 13 	 200 	 3898 	 0
1787307025768 	 23 	 200 	 3900 	 1
1787307025769 	 24 	 200 	 3900 	 0
1787307025801 	 13 	 200 	 3901 	 0
1787307025825 	 13 	 200 	 3902 	 0
1787307025898 	 21 	 200 	 3905 	 2
1787307025911 	 17 	 200 	 3905 	 1
1787307025920 	 14 	 200 	 3906 	 1
1787307025933 	 13 	 200 	 3906 	 0
1787307025955 	 18 	 200 	 3907 	 0
1787307026117 	 16 	 200 	 3909 	 1
1787307026124 	 13 	 200 	 3909 	 0
1787307026168 	 32 	 200 	 3910 	 0
1787307026357 	 14 	 200 	 3912 	 1
1787307026358 	 14 	 200 	 3912 	 0
1787307026382 	 16 	 200 	 3913 	 0
1787307026478 	 30 	 200 	 3915 	 1
1787307026503 	 14 	 200 	 3915 	 0
1787307026609 	 17 	 200 	 3916 	 0
1787307026666 	 39 	 200 	 3917 	 0
1787307026711 	 15 	 200 	 3918 	 0
1787307026808 	 16 	 200 	 3920 	 1
1787307026820 	 13 	 200 	 3920 	 0
1787307026890 	 25 	 200 	 3922 	 1
1787307026912 	 15 	 200 	 3922 	 0
1787307027012 	 41 	 200 	 3924 	 1
1787307027043 	 25 	 200 	 3924 	 0
1787307027085 	 31 	 200 	 3926 	 1
1787307027099 	 24 	 200 	 3926 	 0
1787307027134 	 16 	 200 	 3927 	 0
1787307027154 	 17 	 200 	 3928 	 0
1787307027174 	 11 	 200 	 3929 	 0
1787307027229 	 14 	 200 	 3930 	 0
1787307027245 	 13 	 200 	 3931 	 0
1787307027281 	 12 	 200 	 3932 	 0
1787307027340 	 16 	 200 	 3933 	 0
1787307027370 	 19 	 200 	 3934 	 0
1787307027453 	 15 	 200 	 3935 	 0
1787307027500 	 14 	 200 	 3936 	 0
1787307027778 	 20 	 200 	 3937 	 0
1787307027802 	 14 	 200 	 3938 	 0
1787307027905 	 31 	 200 	 3939 	 0
1787307028010 	 32 	 200 	 3940 	 0
1787307028086 	 23 	 200 	 3943 	 2
1787307028095 	 18 	 200 	 3943 	 1
1787307028100 	 19 	 200 	 3943 	 0
1787307028174 	 31 	 200 	 3945 	 1
1787307028197 	 15 	 200 	 3945 	 0
1787307028218 	 12 	 200 	 3947 	 1
1787307028228 	 17 	 200 	 3948 	 1
1787307028232 	 24 	 200 	 3949 	 1
1787307028249 	 15 	 200 	 3950 	 1
1787307028262 	 13 	 200 	 3950 	 0
1787307028385 	 29 	 200 	 3951 	 1
1787307028416 	 13 	 200 	 3952 	 0
1787307028439 	 17 	 200 	 3953 	 0
1787307028477 	 13 	 200 	 3954 	 0
1787307028671 	 16 	 200 	 3955 	 0
1787307028803 	 43 	 200 	 3958 	 2
1787307028829 	 22 	 200 	 3958 	 1
1787307028841 	 15 	 200 	 3958 	 0
1787307028882 	 30 	 200 	 3959 	 0
1787307028985 	 13 	 200 	 3960 	 0
1787307029000 	 13 	 200 	 3961 	 0
1787307029056 	 33 	 200 	 3963 	 1
1787307029058 	 34 	 200 	 3963 	 0
1787307029106 	 14 	 200 	 3964 	 0
1787307029185 	 19 	 200 	 3965 	 0
1787307029312 	 14 	 200 	 3966 	 0
1787307029346 	 20 	 200 	 3967 	 0
1787307029455 	 15 	 200 	 3969 	 1
1787307029470 	 22 	 200 	 3970 	 1
1787307029486 	 23 	 200 	 3971 	 1
1787307029509 	 18 	 200 	 3972 	 1
1787307029512 	 17 	 200 	 3972 	 0
1787307029592 	 16 	 200 	 3973 	 0
1787307029677 	 16 	 200 	 3975 	 1
1787307029686 	 20 	 200 	 3976 	 1
1787307029698 	 14 	 200 	 3976 	 0
1787307029714 	 15 	 200 	 3978 	 1
1787307029725 	 12 	 200 	 3978 	 0
1787307029757 	 23 	 200 	 3980 	 1
1787307029760 	 24 	 200 	 3980 	 0
1787307029795 	 12 	 200 	 3981 	 0
1787307029812 	 15 	 200 	 3983 	 1
1787307029817 	 13 	 200 	 3983 	 0
1787307029970 	 25 	 200 	 3984 	 0
1787307030101 	 35 	 200 	 3987 	 2
1787307030105 	 32 	 200 	 3987 	 1
1787307030132 	 27 	 200 	 3987 	 0
1787307030240 	 35 	 200 	 3988 	 0
1787307030303 	 14 	 200 	 3989 	 0
1787307030345 	 17 	 200 	 3991 	 1
1787307030349 	 24 	 200 	 3991 	 0
1787307030394 	 15 	 200 	 3992 	 0
1787307030433 	 16 	 200 	 3993 	 0
1787307030686 	 22 	 200 	 3994 	 0
1787307030715 	 12 	 200 	 3995 	 0
1787307030733 	 14 	 200 	 3997 	 1
1787307030732 	 16 	 200 	 3997 	 0
1787307030769 	 16 	 200 	 3998 	 0
1787307030794 	 17 	 200 	 3999 	 0
1787307030860 	 21 	 200 	 4000 	 0
1787307030890 	 13 	 200 	 4001 	 0
1787307030931 	 30 	 200 	 4002 	 0
1787307031130 	 15 	 200 	 4004 	 1
1787307031134 	 13 	 200 	 4004 	 0
1787307031183 	 14 	 200 	 4005 	 0
1787307031199 	 12 	 200 	 4007 	 1
1787307031203 	 14 	 200 	 4007 	 0
1787307031261 	 34 	 200 	 4008 	 0
1787307031333 	 22 	 200 	 4010 	 1
1787307031347 	 14 	 200 	 4011 	 1
1787307031361 	 12 	 200 	 4011 	 0
1787307031393 	 17 	 200 	 4013 	 1
1787307031404 	 13 	 200 	 4013 	 0
1787307031419 	 18 	 200 	 4016 	 2
1787307031427 	 14 	 200 	 4016 	 1
1787307031433 	 14 	 200 	 4016 	 0
1787307031477 	 32 	 200 	 4018 	 1
1787307031505 	 15 	 200 	 4018 	 0
1787307031538 	 14 	 200 	 4019 	 0
1787307031570 	 16 	 200 	 4021 	 1
1787307031574 	 14 	 200 	 4021 	 0
1787307031624 	 14 	 200 	 4022 	 0
1787307031796 	 15 	 200 	 4024 	 1
1787307031810 	 16 	 200 	 4024 	 0
1787307031827 	 12 	 200 	 4025 	 0
1787307031840 	 14 	 200 	 4027 	 1
1787307031841 	 17 	 200 	 4027 	 0
1787307031865 	 14 	 200 	 4030 	 2
1787307031869 	 15 	 200 	 4030 	 1
1787307031869 	 17 	 200 	 4030 	 0
1787307031915 	 13 	 200 	 4031 	 0
1787307032014 	 13 	 200 	 4033 	 1
1787307032027 	 14 	 200 	 4034 	 1
1787307032037 	 13 	 200 	 4034 	 0
1787307032332 	 21 	 200 	 4037 	 2
1787307032346 	 16 	 200 	 4037 	 1
1787307032350 	 14 	 200 	 4037 	 0
1787307032422 	 32 	 200 	 4041 	 3
1787307032433 	 23 	 200 	 4041 	 2
1787307032437 	 31 	 200 	 4041 	 1
1787307032440 	 32 	 200 	 4041 	 0
1787307032478 	 13 	 200 	 4042 	 0
1787307032494 	 12 	 200 	 4044 	 1
1787307032497 	 11 	 200 	 4044 	 0
1787307032512 	 13 	 200 	 4045 	 0
1787307032612 	 15 	 200 	 4047 	 1
1787307032622 	 14 	 200 	 4047 	 0
1787307032746 	 28 	 200 	 4051 	 3
1787307032752 	 26 	 200 	 4051 	 2
1787307032774 	 18 	 200 	 4052 	 2
1787307032780 	 16 	 200 	 4052 	 1
1787307032809 	 13 	 200 	 4053 	 1
1787307032755 	 125 	 200 	 4053 	 0
1787307032907 	 15 	 200 	 4055 	 1
1787307032922 	 15 	 200 	 4056 	 1
1787307032938 	 14 	 200 	 4056 	 0
1787307032978 	 24 	 200 	 4057 	 0
1787307033066 	 30 	 200 	 4059 	 1
1787307033064 	 33 	 200 	 4059 	 0
1787307033136 	 14 	 200 	 4061 	 1
1787307033141 	 19 	 200 	 4061 	 0
1787307033315 	 20 	 200 	 4062 	 0
1787307033379 	 21 	 200 	 4063 	 0
1787307033544 	 13 	 200 	 4066 	 2
1787307033548 	 12 	 200 	 4066 	 1
1787307033556 	 17 	 200 	 4067 	 1
1787307033566 	 14 	 200 	 4067 	 0
1787307033697 	 31 	 200 	 4069 	 1
1787307033704 	 28 	 200 	 4069 	 0
1787307033854 	 32 	 200 	 4071 	 2
1787307033866 	 30 	 200 	 4072 	 1
1787307033889 	 18 	 200 	 4072 	 0
1787307033916 	 12 	 200 	 4073 	 0
1787307033961 	 16 	 200 	 4074 	 0
1787307034139 	 31 	 200 	 4076 	 1
1787307034164 	 37 	 200 	 4077 	 1
1787307034192 	 17 	 200 	 4077 	 0
1787307034385 	 16 	 200 	 4078 	 0
1787307034408 	 12 	 200 	 4079 	 0
1787307034426 	 13 	 200 	 4081 	 1
1787307034429 	 30 	 200 	 4081 	 0
1787307034475 	 13 	 200 	 4082 	 0
1787307034773 	 28 	 200 	 4083 	 0
1787307034807 	 14 	 200 	 4084 	 0
1787307034853 	 28 	 200 	 4086 	 1
1787307034868 	 27 	 200 	 4086 	 0
1787307035011 	 29 	 200 	 4088 	 1
1787307035023 	 18 	 200 	 4088 	 0
1787307035133 	 35 	 200 	 4089 	 0
1787307035200 	 34 	 200 	 4091 	 1
1787307035226 	 26 	 200 	 4093 	 2
1787307035238 	 23 	 200 	 4093 	 1
1787307035243 	 18 	 200 	 4093 	 0
1787307035295 	 20 	 200 	 4095 	 1
1787307035315 	 13 	 200 	 4095 	 0
1787307035389 	 24 	 200 	 4096 	 0
1787307035436 	 17 	 200 	 4099 	 2
1787307035438 	 18 	 200 	 4099 	 1
1787307035453 	 15 	 200 	 4099 	 0
1787307035515 	 19 	 200 	 4102 	 2
1787307035503 	 40 	 200 	 4102 	 1
1787307035535 	 12 	 200 	 4102 	 0
1787307035643 	 21 	 200 	 4104 	 1
1787307035663 	 13 	 200 	 4104 	 0
1787307035745 	 17 	 200 	 4105 	 0
1787307035772 	 14 	 200 	 4106 	 0
1787307035829 	 30 	 200 	 4108 	 1
1787307035855 	 17 	 200 	 4108 	 0
1787307035948 	 14 	 200 	 4109 	 0
1787307035978 	 18 	 200 	 4110 	 0
1787307036059 	 34 	 200 	 4111 	 0
1787307036120 	 12 	 200 	 4112 	 1
1787307036133 	 11 	 200 	 4114 	 1
1787307036137 	 24 	 200 	 4115 	 1
1787307036157 	 12 	 200 	 4115 	 0
1787307036209 	 16 	 200 	 4116 	 0
1787307036266 	 16 	 200 	 4117 	 0
1787307036417 	 13 	 200 	 4118 	 0
1787307036451 	 19 	 200 	 4119 	 0
1787307036480 	 16 	 200 	 4120 	 0
1787307036557 	 27 	 200 	 4123 	 2
1787307036567 	 14 	 200 	 4123 	 1
1787307036567 	 20 	 200 	 4124 	 1
1787307036588 	 12 	 200 	 4124 	 0
1787307036688 	 15 	 200 	 4126 	 1
1787307036700 	 20 	 200 	 4126 	 0
1787307036751 	 18 	 200 	 4127 	 0
1787307036876 	 20 	 200 	 4128 	 0
1787307036907 	 13 	 200 	 4129 	 0
1787307037008 	 15 	 200 	 4131 	 1
1787307037019 	 20 	 200 	 4131 	 0
1787307037087 	 25 	 200 	 4135 	 3
1787307037074 	 43 	 200 	 4135 	 2
1787307037065 	 52 	 200 	 4135 	 1
1787307037112 	 15 	 200 	 4135 	 0
1787307037225 	 36 	 200 	 4138 	 2
1787307037263 	 13 	 200 	 4139 	 2
1787307037260 	 16 	 200 	 4139 	 1
1787307037269 	 14 	 200 	 4139 	 0
1787307037308 	 13 	 200 	 4140 	 0
1787307037410 	 22 	 200 	 4141 	 0
1787307037564 	 28 	 200 	 4142 	 0
1787307037742 	 31 	 200 	 4144 	 1
1787307037749 	 31 	 200 	 4144 	 0
1787307037789 	 12 	 200 	 4145 	 0
1787307037919 	 13 	 200 	 4146 	 0
1787307037934 	 13 	 200 	 4147 	 0
1787307038011 	 18 	 200 	 4149 	 1
1787307038017 	 14 	 200 	 4149 	 0
1787307038092 	 33 	 200 	 4150 	 0
1787307038190 	 36 	 200 	 4151 	 0
1787307038235 	 20 	 200 	 4152 	 0
1787307038589 	 12 	 200 	 4153 	 0
1787307038617 	 13 	 200 	 4155 	 1
1787307038622 	 19 	 200 	 4155 	 0
1787307038675 	 15 	 200 	 4158 	 2
1787307038676 	 16 	 200 	 4158 	 1
1787307038690 	 14 	 200 	 4159 	 1
1787307038704 	 14 	 200 	 4160 	 1
1787307038713 	 17 	 200 	 4160 	 0
1787307038739 	 16 	 200 	 4163 	 2
1787307038747 	 14 	 200 	 4163 	 1
1787307038747 	 17 	 200 	 4163 	 0
1787307038853 	 13 	 200 	 4164 	 0
1787307039029 	 36 	 200 	 4165 	 0
1787307039083 	 26 	 200 	 4166 	 0
1787307039135 	 22 	 200 	 4168 	 1
1787307039155 	 32 	 200 	 4168 	 0
1787307039261 	 21 	 200 	 4169 	 0
1787307039362 	 14 	 200 	 4170 	 0
1787307039396 	 16 	 200 	 4172 	 1
1787307039406 	 15 	 200 	 4172 	 0
1787307039500 	 14 	 200 	 4173 	 0
1787307039517 	 13 	 200 	 4175 	 2
1787307039518 	 19 	 200 	 4176 	 1
1787307039531 	 13 	 200 	 4176 	 0
1787307039619 	 14 	 200 	 4178 	 1
1787307039617 	 18 	 200 	 4178 	 0
1787307039696 	 15 	 200 	 4180 	 1
1787307039703 	 18 	 200 	 4181 	 1
1787307039719 	 14 	 200 	 4181 	 0
1787307039741 	 14 	 200 	 4182 	 0
1787307039956 	 31 	 200 	 4183 	 0
1787307040090 	 28 	 200 	 4184 	 0
1787307040213 	 35 	 200 	 4186 	 1
1787307040235 	 21 	 200 	 4186 	 0
1787307040267 	 13 	 200 	 4187 	 0
1787307040374 	 15 	 200 	 4188 	 0
1787307040397 	 26 	 200 	 4189 	 0
1787307040436 	 13 	 200 	 4190 	 0
1787307040532 	 12 	 200 	 4191 	 0
1787307040567 	 13 	 200 	 4193 	 1
1787307040565 	 24 	 200 	 4193 	 0
1787307040659 	 14 	 200 	 4194 	 0
1787307040710 	 14 	 200 	 4197 	 2
1787307040718 	 15 	 200 	 4197 	 1
1787307040790 	 34 	 200 	 4198 	 1
1787307040689 	 238 	 200 	 4201 	 3
1787307040912 	 19 	 200 	 4201 	 2
1787307040918 	 17 	 200 	 4201 	 1
1787307040927 	 17 	 200 	 4201 	 0
1787307040964 	 13 	 200 	 4202 	 0
1787307040986 	 13 	 200 	 4203 	 0
1787307041001 	 13 	 200 	 4204 	 0
1787307041075 	 32 	 200 	 4205 	 0
1787307041131 	 28 	 200 	 4208 	 2
1787307041134 	 30 	 200 	 4208 	 1
1787307041136 	 29 	 200 	 4208 	 0
1787307041280 	 13 	 200 	 4210 	 1
1787307041315 	 14 	 200 	 4211 	 1
1787307041266 	 111 	 200 	 4211 	 0
1787307041393 	 13 	 200 	 4212 	 0
1787307041463 	 16 	 200 	 4214 	 1
1787307041469 	 13 	 200 	 4214 	 0
1787307041569 	 20 	 200 	 4216 	 1
1787307041587 	 17 	 200 	 4216 	 0
1787307041681 	 14 	 200 	 4217 	 0
1787307041872 	 19 	 200 	 4219 	 1
1787307041870 	 21 	 200 	 4219 	 0
1787307042114 	 13 	 200 	 4220 	 0
1787307042430 	 16 	 200 	 4222 	 1
1787307042465 	 51 	 200 	 4223 	 1
1787307042534 	 12 	 200 	 4224 	 1
1787307042600 	 17 	 200 	 4227 	 3
1787307042603 	 22 	 200 	 4227 	 2
1787307042616 	 18 	 200 	 4227 	 1
1787307042657 	 12 	 200 	 4228 	 1
1787307042698 	 20 	 200 	 4230 	 2
1787307042744 	 27 	 200 	 4231 	 2
1787307042800 	 23 	 200 	 4232 	 2
1787307042396 	 478 	 200 	 4234 	 3
1787307042860 	 16 	 200 	 4234 	 2
1787307042929 	 14 	 200 	 4235 	 2
1787307042862 	 103 	 200 	 4235 	 1
1787307042995 	 27 	 200 	 4237 	 2
1787307043000 	 27 	 200 	 4237 	 1
1787307042718 	 355 	 200 	 4238 	 1
1787307043044 	 31 	 200 	 4238 	 0
1787307043096 	 18 	 200 	 4239 	 0
1787307043134 	 13 	 200 	 4240 	 0
1787307043189 	 18 	 200 	 4242 	 1
1787307043201 	 12 	 200 	 4242 	 0
1787307043230 	 13 	 200 	 4243 	 0
1787307043320 	 33 	 200 	 4244 	 0
1787307043386 	 21 	 200 	 4245 	 0
1787307043536 	 21 	 200 	 4246 	 0
1787307043609 	 15 	 200 	 4248 	 1
1787307043618 	 14 	 200 	 4248 	 0
1787307043694 	 20 	 200 	 4250 	 1
1787307043711 	 15 	 200 	 4250 	 0
1787307043732 	 12 	 200 	 4251 	 0
1787307043776 	 14 	 200 	 4252 	 0
1787307043817 	 14 	 200 	 4253 	 0
1787307043889 	 13 	 200 	 4254 	 0
1787307043918 	 14 	 200 	 4255 	 0
1787307044030 	 29 	 200 	 4256 	 0
1787307044093 	 13 	 200 	 4257 	 0
1787307044155 	 32 	 200 	 4258 	 0
1787307044234 	 35 	 200 	 4259 	 0
1787307044276 	 13 	 200 	 4260 	 0
1787307044386 	 18 	 200 	 4261 	 0
1787307044491 	 23 	 200 	 4262 	 0
1787307044610 	 12 	 200 	 4263 	 0
1787307044672 	 35 	 200 	 4264 	 0
1787307044870 	 22 	 200 	 4265 	 0
1787307044923 	 21 	 200 	 4266 	 0
1787307045002 	 14 	 200 	 4267 	 0
1787307045048 	 28 	 200 	 4268 	 0
1787307045093 	 17 	 200 	 4270 	 1
1787307045101 	 13 	 200 	 4270 	 0
1787307045136 	 15 	 200 	 4271 	 0
1787307045158 	 16 	 200 	 4272 	 0
1787307045181 	 12 	 200 	 4273 	 0
1787307045410 	 43 	 200 	 4274 	 0
1787307045476 	 20 	 200 	 4276 	 1
1787307045483 	 15 	 200 	 4276 	 0
1787307045577 	 17 	 200 	 4277 	 0
1787307045677 	 25 	 200 	 4278 	 0
1787307045792 	 13 	 200 	 4280 	 1
1787307045795 	 13 	 200 	 4280 	 0
1787307045947 	 31 	 200 	 4282 	 1
1787307045967 	 22 	 200 	 4282 	 0
1787307046063 	 20 	 200 	 4283 	 0
1787307046096 	 15 	 200 	 4284 	 0
1787307046115 	 16 	 200 	 4286 	 1
1787307046127 	 16 	 200 	 4286 	 0
1787307046196 	 27 	 200 	 4287 	 0
1787307046429 	 31 	 200 	 4288 	 0
1787307046464 	 13 	 200 	 4289 	 0
1787307046487 	 12 	 200 	 4290 	 0
1787307046505 	 19 	 200 	 4291 	 0
1787307046556 	 22 	 200 	 4293 	 1
1787307046566 	 20 	 200 	 4293 	 0
1787307046595 	 13 	 200 	 4295 	 1
1787307046596 	 20 	 200 	 4295 	 0
1787307046775 	 13 	 200 	 4296 	 0
1787307046790 	 19 	 200 	 4298 	 1
1787307046795 	 15 	 200 	 4298 	 0
1787307046815 	 14 	 200 	 4300 	 1
1787307046822 	 13 	 200 	 4301 	 1
1787307046835 	 18 	 200 	 4302 	 1
1787307046850 	 14 	 200 	 4302 	 0
1787307047008 	 17 	 200 	 4304 	 1
1787307047015 	 13 	 200 	 4304 	 0
1787307047108 	 18 	 200 	 4306 	 1
1787307047123 	 12 	 200 	 4306 	 0
1787307047234 	 14 	 200 	 4307 	 0
1787307047268 	 13 	 200 	 4308 	 0
1787307047438 	 15 	 200 	 4309 	 0
1787307047461 	 12 	 200 	 4310 	 0
1787307047505 	 21 	 200 	 4311 	 0
1787307047599 	 12 	 200 	 4312 	 0
1787307047629 	 16 	 200 	 4314 	 1
1787307047637 	 18 	 200 	 4314 	 0
1787307047696 	 36 	 200 	 4315 	 0
1787307047736 	 19 	 200 	 4316 	 0
1787307047758 	 12 	 200 	 4317 	 0
1787307047926 	 12 	 200 	 4318 	 0
1787307047979 	 15 	 200 	 4319 	 0
1787307048019 	 31 	 200 	 4320 	 0
1787307048068 	 16 	 200 	 4321 	 0
1787307048112 	 14 	 200 	 4323 	 1
1787307048120 	 13 	 200 	 4323 	 0
1787307048139 	 19 	 200 	 4326 	 2
1787307048147 	 14 	 200 	 4326 	 1
1787307048143 	 20 	 200 	 4326 	 0
1787307048201 	 15 	 200 	 4327 	 0
1787307048260 	 23 	 200 	 4328 	 0
1787307048306 	 12 	 200 	 4329 	 0
1787307048371 	 27 	 200 	 4331 	 1
1787307048395 	 15 	 200 	 4332 	 1
1787307048403 	 13 	 200 	 4332 	 0
1787307048443 	 14 	 200 	 4333 	 0
1787307048558 	 14 	 200 	 4334 	 0
1787307048703 	 14 	 200 	 4335 	 0
1787307048754 	 14 	 200 	 4337 	 1
1787307048766 	 13 	 200 	 4337 	 0
1787307048957 	 40 	 200 	 4339 	 1
1787307048890 	 107 	 200 	 4339 	 0
1787307049052 	 23 	 200 	 4340 	 0
1787307049088 	 32 	 200 	 4342 	 1
1787307049118 	 19 	 200 	 4342 	 0
1787307049187 	 14 	 200 	 4343 	 0
1787307049264 	 33 	 200 	 4344 	 0
1787307049307 	 13 	 200 	 4345 	 0
1787307049392 	 13 	 200 	 4346 	 0
1787307049451 	 21 	 200 	 4347 	 0
1787307049634 	 25 	 200 	 4349 	 1
1787307049658 	 14 	 200 	 4349 	 0
1787307049713 	 17 	 200 	 4351 	 1
1787307049713 	 20 	 200 	 4351 	 0
1787307049754 	 18 	 200 	 4352 	 0
1787307049801 	 14 	 200 	 4353 	 0
1787307049859 	 13 	 200 	 4354 	 0
1787307049926 	 13 	 200 	 4355 	 0
1787307050003 	 32 	 200 	 4357 	 2
1787307050020 	 28 	 200 	 4358 	 1
1787307050037 	 23 	 200 	 4358 	 0
1787307050120 	 16 	 200 	 4359 	 0
1787307050180 	 12 	 200 	 4360 	 0
1787307050197 	 13 	 200 	 4361 	 0
1787307050298 	 18 	 200 	 4363 	 1
1787307050300 	 18 	 200 	 4363 	 0
1787307050332 	 13 	 200 	 4365 	 1
1787307050344 	 18 	 200 	 4365 	 0
1787307050377 	 14 	 200 	 4366 	 0
1787307050398 	 16 	 200 	 4367 	 0
1787307050523 	 13 	 200 	 4368 	 0
1787307050568 	 38 	 200 	 4370 	 1
1787307050580 	 39 	 200 	 4370 	 0
1787307050856 	 12 	 200 	 4371 	 0
1787307050907 	 31 	 200 	 4373 	 1
1787307050918 	 26 	 200 	 4373 	 0
1787307051091 	 19 	 200 	 4374 	 0
1787307051217 	 13 	 200 	 4375 	 0
1787307051269 	 14 	 200 	 4377 	 1
1787307051280 	 15 	 200 	 4378 	 1
1787307051291 	 21 	 200 	 4378 	 0
1787307051316 	 14 	 200 	 4379 	 0
1787307051400 	 37 	 200 	 4381 	 1
1787307051435 	 14 	 200 	 4381 	 0
1787307051461 	 13 	 200 	 4382 	 0
1787307051589 	 22 	 200 	 4383 	 0
1787307051616 	 14 	 200 	 4384 	 0
1787307051661 	 14 	 200 	 4386 	 1
1787307051666 	 14 	 200 	 4386 	 0
1787307051770 	 13 	 200 	 4387 	 0
1787307051789 	 14 	 200 	 4390 	 2
1787307051791 	 17 	 200 	 4390 	 1
1787307051792 	 19 	 200 	 4390 	 0
1787307051822 	 12 	 200 	 4391 	 0
1787307051836 	 12 	 200 	 4392 	 0
1787307051855 	 17 	 200 	 4394 	 1
1787307051865 	 13 	 200 	 4394 	 0
1787307051892 	 13 	 200 	 4395 	 0
1787307052014 	 15 	 200 	 4397 	 1
1787307051956 	 81 	 200 	 4397 	 0
1787307052068 	 17 	 200 	 4398 	 0
1787307052142 	 28 	 200 	 4399 	 0
1787307052184 	 15 	 200 	 4400 	 0
1787307052257 	 12 	 200 	 4401 	 0
1787307052284 	 13 	 200 	 4402 	 0
1787307052526 	 13 	 200 	 4403 	 0
1787307052602 	 14 	 200 	 4404 	 0
1787307052629 	 13 	 200 	 4405 	 0
1787307052673 	 27 	 200 	 4407 	 1
1787307052698 	 20 	 200 	 4407 	 0
1787307052824 	 34 	 200 	 4408 	 0
1787307052865 	 24 	 200 	 4410 	 1
1787307052888 	 12 	 200 	 4410 	 0
1787307053058 	 32 	 200 	 4412 	 1
1787307053075 	 38 	 200 	 4412 	 0
1787307053157 	 14 	 200 	 4413 	 0
1787307053230 	 14 	 200 	 4416 	 2
1787307053235 	 13 	 200 	 4416 	 1
1787307053240 	 19 	 200 	 4417 	 1
1787307053259 	 12 	 200 	 4417 	 0
1787307053307 	 14 	 200 	 4418 	 0
1787307053343 	 19 	 200 	 4420 	 1
1787307053354 	 15 	 200 	 4420 	 0
1787307053416 	 13 	 200 	 4421 	 0
1787307053511 	 15 	 200 	 4422 	 0
1787307053587 	 14 	 200 	 4423 	 0
1787307053659 	 15 	 200 	 4424 	 0
1787307053681 	 17 	 200 	 4426 	 1
1787307053693 	 17 	 200 	 4426 	 0
1787307053972 	 24 	 200 	 4427 	 0
1787307054003 	 14 	 200 	 4429 	 1
1787307054016 	 14 	 200 	 4430 	 1
1787307054030 	 19 	 200 	 4431 	 1
1787307054038 	 15 	 200 	 4431 	 0
1787307054121 	 33 	 200 	 4433 	 1
1787307054134 	 33 	 200 	 4433 	 0
1787307054227 	 34 	 200 	 4435 	 1
1787307054255 	 35 	 200 	 4435 	 0
1787307054323 	 20 	 200 	 4436 	 0
1787307054378 	 17 	 200 	 4438 	 1
1787307054387 	 12 	 200 	 4438 	 0
1787307054403 	 16 	 200 	 4440 	 1
1787307054413 	 14 	 200 	 4440 	 0
1787307054457 	 15 	 200 	 4441 	 0
1787307054486 	 17 	 200 	 4442 	 0
1787307054514 	 12 	 200 	 4443 	 0
1787307054565 	 13 	 200 	 4445 	 1
1787307054575 	 14 	 200 	 4446 	 1
1787307054589 	 13 	 200 	 4446 	 0
1787307054622 	 17 	 200 	 4447 	 0
1787307054652 	 17 	 200 	 4449 	 1
1787307054669 	 12 	 200 	 4449 	 0
1787307054697 	 19 	 200 	 4451 	 1
1787307054708 	 13 	 200 	 4451 	 0
1787307054757 	 17 	 200 	 4452 	 0
1787307054809 	 15 	 200 	 4453 	 0
1787307054833 	 13 	 200 	 4454 	 0
1787307054912 	 16 	 200 	 4455 	 0
1787307054980 	 15 	 200 	 4456 	 0
1787307055009 	 14 	 200 	 4458 	 1
1787307055012 	 16 	 200 	 4458 	 1
1787307055029 	 12 	 200 	 4459 	 0
1787307055105 	 40 	 200 	 4460 	 0
1787307055166 	 19 	 200 	 4463 	 2
1787307055168 	 17 	 200 	 4463 	 1
1787307055177 	 15 	 200 	 4464 	 1
1787307055188 	 14 	 200 	 4464 	 0
1787307055222 	 31 	 200 	 4467 	 2
1787307055242 	 16 	 200 	 4467 	 1
1787307055249 	 16 	 200 	 4468 	 1
1787307055260 	 12 	 200 	 4468 	 0
1787307055286 	 15 	 200 	 4469 	 0
1787307055410 	 14 	 200 	 4471 	 1
1787307055416 	 15 	 200 	 4471 	 0
1787307055565 	 17 	 200 	 4473 	 1
1787307055570 	 13 	 200 	 4473 	 0
1787307055638 	 15 	 200 	 4475 	 1
1787307055643 	 12 	 200 	 4475 	 0
1787307055660 	 13 	 200 	 4476 	 0
1787307055888 	 13 	 200 	 4477 	 0
1787307055942 	 13 	 200 	 4479 	 1
1787307055955 	 14 	 200 	 4480 	 1
1787307055964 	 15 	 200 	 4480 	 0
1787307056008 	 40 	 200 	 4482 	 1
1787307056034 	 15 	 200 	 4482 	 0
1787307056170 	 15 	 200 	 4483 	 0
1787307056255 	 14 	 200 	 4484 	 0
1787307056439 	 39 	 200 	 4489 	 4
1787307056457 	 22 	 200 	 4489 	 3
1787307056437 	 43 	 200 	 4489 	 2
1787307056466 	 28 	 200 	 4489 	 1
1787307056469 	 29 	 200 	 4489 	 0
1787307056630 	 13 	 200 	 4490 	 0
1787307056671 	 27 	 200 	 4492 	 1
1787307056687 	 22 	 200 	 4492 	 0
1787307056716 	 12 	 200 	 4494 	 1
1787307056728 	 12 	 200 	 4494 	 0
1787307056843 	 35 	 200 	 4496 	 1
1787307056857 	 28 	 200 	 4497 	 1
1787307056880 	 14 	 200 	 4497 	 0
1787307056945 	 31 	 200 	 4499 	 1
1787307056945 	 35 	 200 	 4499 	 0
1787307056982 	 13 	 200 	 4500 	 0
1787307057036 	 20 	 200 	 4501 	 0
1787307057083 	 14 	 200 	 4502 	 0
1787307057245 	 32 	 200 	 4504 	 1
1787307057269 	 18 	 200 	 4504 	 0
1787307057403 	 18 	 200 	 4507 	 2
1787307057419 	 18 	 200 	 4509 	 3
1787307057420 	 24 	 200 	 4509 	 2
1787307057436 	 15 	 200 	 4510 	 2
1787307057449 	 13 	 200 	 4510 	 1
1787307057440 	 25 	 200 	 4510 	 0
1787307057490 	 13 	 200 	 4511 	 0
1787307057509 	 13 	 200 	 4512 	 0
1787307057553 	 17 	 200 	 4514 	 1
1787307057565 	 17 	 200 	 4514 	 0
1787307057695 	 27 	 200 	 4517 	 2
1787307057696 	 27 	 200 	 4517 	 1
1787307057717 	 18 	 200 	 4518 	 1
1787307057728 	 13 	 200 	 4518 	 0
1787307057783 	 13 	 200 	 4520 	 1
1787307057788 	 15 	 200 	 4521 	 1
1787307057802 	 13 	 200 	 4521 	 0
1787307057818 	 12 	 200 	 4522 	 0
1787307057910 	 37 	 200 	 4524 	 1
1787307057939 	 14 	 200 	 4524 	 0
1787307057977 	 16 	 200 	 4525 	 0
1787307058057 	 33 	 200 	 4527 	 1
1787307058069 	 35 	 200 	 4529 	 2
1787307058099 	 21 	 200 	 4529 	 1
1787307058106 	 27 	 200 	 4529 	 0
1787307058149 	 37 	 200 	 4530 	 0
1787307058199 	 19 	 200 	 4533 	 2
1787307058201 	 18 	 200 	 4533 	 1
1787307058203 	 30 	 200 	 4534 	 1
1787307058228 	 28 	 200 	 4534 	 0
1787307058350 	 20 	 200 	 4535 	 0
1787307058416 	 32 	 200 	 4536 	 0
1787307058538 	 15 	 200 	 4537 	 0
1787307058576 	 13 	 200 	 4538 	 0
1787307058639 	 12 	 200 	 4539 	 0
1787307058668 	 17 	 200 	 4540 	 0
1787307058733 	 38 	 200 	 4541 	 0
1787307058776 	 13 	 200 	 4542 	 0
1787307058859 	 34 	 200 	 4543 	 0
1787307058912 	 18 	 200 	 4544 	 0
1787307058982 	 14 	 200 	 4545 	 0
1787307059003 	 15 	 200 	 4547 	 1
1787307059006 	 13 	 200 	 4547 	 0
1787307059021 	 15 	 200 	 4549 	 1
1787307059036 	 13 	 200 	 4549 	 0
1787307059273 	 14 	 200 	 4550 	 0
1787307059296 	 14 	 200 	 4553 	 2
1787307059298 	 15 	 200 	 4553 	 1
1787307059300 	 20 	 200 	 4553 	 0
1787307059351 	 14 	 200 	 4554 	 0
1787307059415 	 38 	 200 	 4555 	 0
1787307059474 	 24 	 200 	 4556 	 0
1787307059558 	 16 	 200 	 4557 	 0
1787307059589 	 12 	 200 	 4558 	 0
1787307059626 	 14 	 200 	 4559 	 0
1787307059737 	 14 	 200 	 4560 	 0
1787307059775 	 15 	 200 	 4561 	 0
1787307059833 	 39 	 200 	 4562 	 0
1787307059874 	 29 	 200 	 4563 	 0
1787307059928 	 16 	 200 	 4564 	 0
1787307060074 	 29 	 200 	 4566 	 1
1787307060084 	 31 	 200 	 4566 	 0
1787307060144 	 28 	 200 	 4567 	 0
1787307060179 	 32 	 200 	 4569 	 1
1787307060198 	 21 	 200 	 4569 	 0
1787307060227 	 12 	 200 	 4570 	 0
1787307060270 	 12 	 200 	 4571 	 0
1787307060331 	 13 	 200 	 4572 	 0
1787307060346 	 18 	 200 	 4573 	 0
1787307060387 	 15 	 200 	 4574 	 0
1787307060504 	 15 	 200 	 4576 	 1
1787307060509 	 23 	 200 	 4576 	 0
1787307060614 	 13 	 200 	 4577 	 0
1787307060695 	 17 	 200 	 4578 	 0
1787307060774 	 12 	 200 	 4579 	 0
1787307060878 	 15 	 200 	 4580 	 0
1787307060938 	 15 	 200 	 4581 	 0
1787307061019 	 14 	 200 	 4583 	 1
1787307061029 	 13 	 200 	 4583 	 0
1787307061043 	 11 	 200 	 4584 	 0
1787307061137 	 32 	 200 	 4587 	 2
1787307061157 	 28 	 200 	 4587 	 1
1787307061160 	 26 	 200 	 4587 	 0
1787307061189 	 11 	 200 	 4588 	 0
1787307061229 	 12 	 200 	 4589 	 0
1787307061326 	 16 	 200 	 4591 	 1
1787307061330 	 15 	 200 	 4591 	 0
1787307061397 	 17 	 200 	 4592 	 0
1787307061440 	 13 	 200 	 4593 	 0
1787307061486 	 18 	 200 	 4594 	 0
1787307061622 	 13 	 200 	 4595 	 0
1787307061648 	 13 	 200 	 4596 	 0
1787307061664 	 12 	 200 	 4597 	 0
1787307061700 	 13 	 200 	 4598 	 0
1787307061733 	 19 	 200 	 4599 	 0
1787307061802 	 16 	 200 	 4601 	 1
1787307061806 	 19 	 200 	 4601 	 0
1787307061884 	 24 	 200 	 4604 	 2
1787307061889 	 19 	 200 	 4604 	 1
1787307061891 	 21 	 200 	 4604 	 0
1787307062029 	 13 	 200 	 4605 	 0
1787307062074 	 31 	 200 	 4608 	 2
1787307062088 	 19 	 200 	 4608 	 1
1787307062101 	 13 	 200 	 4609 	 1
1787307062108 	 14 	 200 	 4609 	 0
1787307062174 	 31 	 200 	 4610 	 0
1787307062280 	 16 	 200 	 4611 	 0
1787307062319 	 17 	 200 	 4612 	 0
1787307062387 	 13 	 200 	 4613 	 0
1787307062413 	 17 	 200 	 4615 	 1
1787307062419 	 25 	 200 	 4615 	 0
1787307062484 	 13 	 200 	 4616 	 0
1787307062654 	 20 	 200 	 4617 	 0
1787307062689 	 12 	 200 	 4618 	 0
1787307062703 	 13 	 200 	 4619 	 0
1787307062834 	 17 	 200 	 4621 	 1
1787307062844 	 12 	 200 	 4621 	 0
1787307062886 	 31 	 200 	 4622 	 0
1787307062941 	 13 	 200 	 4623 	 0
1787307063000 	 15 	 200 	 4624 	 0
1787307063075 	 32 	 200 	 4627 	 2
1787307063085 	 29 	 200 	 4627 	 1
1787307063094 	 24 	 200 	 4627 	 0
1787307063204 	 28 	 200 	 4628 	 0
1787307063264 	 25 	 200 	 4629 	 0
1787307063312 	 15 	 200 	 4631 	 1
1787307063314 	 16 	 200 	 4631 	 0
1787307063438 	 22 	 200 	 4633 	 1
1787307063462 	 14 	 200 	 4633 	 0
1787307063580 	 36 	 200 	 4635 	 1
1787307063595 	 30 	 200 	 4635 	 0
1787307063696 	 23 	 200 	 4637 	 1
1787307063698 	 29 	 200 	 4637 	 0
1787307063951 	 53 	 200 	 4638 	 0
1787307064025 	 13 	 200 	 4639 	 0
1787307064066 	 17 	 200 	 4640 	 0
1787307064115 	 14 	 200 	 4642 	 1
1787307064119 	 14 	 200 	 4643 	 1
1787307064134 	 13 	 200 	 4643 	 0
1787307064164 	 14 	 200 	 4644 	 0
1787307064194 	 47 	 200 	 4645 	 0
1787307064387 	 14 	 200 	 4647 	 1
1787307064390 	 20 	 200 	 4647 	 0
1787307064436 	 13 	 200 	 4649 	 1
1787307064441 	 17 	 200 	 4650 	 1
1787307064454 	 18 	 200 	 4650 	 0
1787307064493 	 15 	 200 	 4652 	 1
1787307064501 	 15 	 200 	 4652 	 0
1787307064536 	 16 	 200 	 4654 	 1
1787307064545 	 17 	 200 	 4656 	 2
1787307064554 	 16 	 200 	 4656 	 1
1787307064558 	 16 	 200 	 4656 	 0
1787307064589 	 13 	 200 	 4657 	 0
1787307064686 	 14 	 200 	 4659 	 1
1787307064692 	 13 	 200 	 4660 	 1
1787307064706 	 14 	 200 	 4660 	 0
1787307064759 	 35 	 200 	 4661 	 0
1787307064900 	 15 	 200 	 4663 	 1
1787307064909 	 15 	 200 	 4663 	 0
1787307065000 	 14 	 200 	 4664 	 0
1787307065052 	 13 	 200 	 4666 	 1
1787307065048 	 19 	 200 	 4666 	 0
1787307065076 	 14 	 200 	 4669 	 2
1787307065078 	 15 	 200 	 4669 	 2
1787307065077 	 17 	 200 	 4670 	 1
1787307065095 	 15 	 200 	 4670 	 0
1787307065159 	 23 	 200 	 4671 	 0
1787307065208 	 34 	 200 	 4673 	 1
1787307065222 	 22 	 200 	 4673 	 0
1787307065308 	 13 	 200 	 4675 	 1
1787307065317 	 13 	 200 	 4675 	 0
1787307065342 	 14 	 200 	 4676 	 0
1787307065437 	 13 	 200 	 4677 	 0
1787307065542 	 17 	 200 	 4678 	 0
1787307065584 	 15 	 200 	 4679 	 0
1787307065650 	 14 	 200 	 4680 	 0
1787307065671 	 26 	 200 	 4681 	 0
1787307065704 	 156 	 200 	 4682 	 0
1787307065885 	 13 	 200 	 4683 	 0
1787307065920 	 14 	 200 	 4686 	 2
1787307065929 	 15 	 200 	 4686 	 1
1787307065934 	 12 	 200 	 4686 	 0
1787307065985 	 17 	 200 	 4687 	 0
1787307066039 	 12 	 200 	 4688 	 0
1787307066221 	 36 	 200 	 4689 	 0
1787307066263 	 15 	 200 	 4690 	 0
1787307066343 	 16 	 200 	 4691 	 0
1787307066412 	 13 	 200 	 4692 	 0
1787307066434 	 14 	 200 	 4693 	 0
1787307066459 	 13 	 200 	 4694 	 0
1787307066510 	 13 	 200 	 4697 	 2
1787307066515 	 13 	 200 	 4697 	 1
1787307066522 	 19 	 200 	 4697 	 0
1787307066605 	 19 	 200 	 4698 	 0
1787307066666 	 13 	 200 	 4699 	 0
1787307066728 	 14 	 200 	 4702 	 2
1787307066727 	 17 	 200 	 4702 	 1
1787307066729 	 17 	 200 	 4702 	 0
1787307066858 	 16 	 200 	 4703 	 0
1787307066879 	 19 	 200 	 4704 	 0
1787307066968 	 18 	 200 	 4705 	 0
1787307067010 	 13 	 200 	 4706 	 0
1787307067078 	 13 	 200 	 4707 	 0
1787307067149 	 34 	 200 	 4708 	 0
1787307067267 	 16 	 200 	 4711 	 2
1787307067268 	 18 	 200 	 4711 	 1
1787307067273 	 17 	 200 	 4711 	 0
1787307067376 	 33 	 200 	 4712 	 0
1787307067412 	 19 	 200 	 4713 	 0
1787307067488 	 17 	 200 	 4716 	 2
1787307067486 	 21 	 200 	 4716 	 1
1787307067495 	 22 	 200 	 4717 	 1
1787307067511 	 12 	 200 	 4717 	 0
1787307067619 	 13 	 200 	 4718 	 0
1787307067655 	 13 	 200 	 4720 	 1
1787307067678 	 14 	 200 	 4721 	 1
1787307067637 	 80 	 200 	 4723 	 2
1787307067713 	 15 	 200 	 4723 	 1
1787307067717 	 13 	 200 	 4723 	 0
1787307067776 	 20 	 200 	 4724 	 0
1787307067799 	 15 	 200 	 4725 	 0
1787307067822 	 13 	 200 	 4726 	 0
1787307067881 	 17 	 200 	 4727 	 0
1787307067904 	 13 	 200 	 4728 	 0
1787307067935 	 13 	 200 	 4729 	 0
1787307067965 	 34 	 200 	 4732 	 2
1787307067985 	 30 	 200 	 4732 	 1
1787307067998 	 21 	 200 	 4732 	 0
1787307068123 	 13 	 200 	 4733 	 0
1787307068150 	 13 	 200 	 4734 	 0
1787307068247 	 15 	 200 	 4735 	 0
1787307068266 	 14 	 200 	 4737 	 1
1787307068275 	 13 	 200 	 4737 	 0
1787307068314 	 17 	 200 	 4738 	 0
1787307068369 	 20 	 200 	 4740 	 1
1787307068376 	 21 	 200 	 4740 	 0
1787307068461 	 14 	 200 	 4742 	 1
1787307068472 	 12 	 200 	 4742 	 0
1787307068563 	 34 	 200 	 4743 	 0
1787307068658 	 16 	 200 	 4744 	 0
1787307068709 	 13 	 200 	 4746 	 1
1787307068722 	 15 	 200 	 4746 	 0
1787307068766 	 16 	 200 	 4747 	 0
1787307068977 	 17 	 200 	 4750 	 2
1787307068985 	 15 	 200 	 4750 	 1
1787307069007 	 14 	 200 	 4751 	 1
1787307069108 	 14 	 200 	 4752 	 1
1787307069202 	 13 	 200 	 4753 	 1
1787307069248 	 27 	 200 	 4755 	 2
1787307069278 	 16 	 200 	 4756 	 2
1787307069310 	 14 	 200 	 4757 	 2
1787307069249 	 118 	 200 	 4757 	 1
1787307068942 	 437 	 200 	 4757 	 0
1787307069451 	 14 	 200 	 4759 	 1
1787307069464 	 13 	 200 	 4759 	 0
1787307069489 	 14 	 200 	 4760 	 0
1787307069655 	 15 	 200 	 4761 	 0
1787307069694 	 14 	 200 	 4762 	 0
1787307069750 	 16 	 200 	 4763 	 0
1787307069877 	 17 	 200 	 4764 	 0
1787307069934 	 14 	 200 	 4766 	 1
1787307069931 	 19 	 200 	 4766 	 0
1787307069957 	 13 	 200 	 4767 	 0
1787307069997 	 14 	 200 	 4768 	 0
1787307070035 	 18 	 200 	 4770 	 1
1787307070040 	 14 	 200 	 4770 	 0
1787307070089 	 26 	 200 	 4771 	 0
1787307070176 	 16 	 200 	 4774 	 2
1787307070174 	 32 	 200 	 4774 	 1
1787307070191 	 18 	 200 	 4774 	 0
1787307070303 	 19 	 200 	 4775 	 0
1787307070356 	 14 	 200 	 4776 	 0
1787307070394 	 16 	 200 	 4777 	 0
1787307070511 	 15 	 200 	 4779 	 1
1787307070515 	 13 	 200 	 4779 	 0
1787307070548 	 16 	 200 	 4781 	 1
1787307070554 	 21 	 200 	 4781 	 0
1787307070780 	 31 	 200 	 4782 	 0
1787307070908 	 14 	 200 	 4784 	 1
1787307070915 	 15 	 200 	 4784 	 0
1787307070931 	 12 	 200 	 4785 	 0
1787307070981 	 15 	 200 	 4786 	 0
1787307071020 	 17 	 200 	 4787 	 0
1787307071057 	 12 	 200 	 4788 	 0
1787307071295 	 14 	 200 	 4789 	 0
1787307071438 	 13 	 200 	 4790 	 0
1787307071463 	 64 	 200 	 4792 	 1
1787307071456 	 84 	 200 	 4792 	 0
1787307071543 	 13 	 200 	 4793 	 0
1787307071623 	 14 	 200 	 4794 	 0
1787307071795 	 17 	 200 	 4795 	 0
1787307071853 	 31 	 200 	 4796 	 0
1787307071888 	 15 	 200 	 4797 	 0
1787307071996 	 21 	 200 	 4798 	 0
1787307072123 	 15 	 200 	 4800 	 1
1787307072135 	 12 	 200 	 4800 	 0
1787307072205 	 17 	 200 	 4804 	 3
1787307072209 	 18 	 200 	 4804 	 2
1787307072212 	 18 	 200 	 4804 	 1
1787307072210 	 26 	 200 	 4804 	 0
1787307072237 	 13 	 200 	 4805 	 0
1787307072373 	 25 	 200 	 4806 	 0
1787307072443 	 22 	 200 	 4807 	 0
1787307072482 	 13 	 200 	 4809 	 1
1787307072494 	 12 	 200 	 4809 	 0
1787307072572 	 14 	 200 	 4810 	 0
1787307072603 	 17 	 200 	 4811 	 0
1787307072659 	 14 	 200 	 4812 	 0
1787307072768 	 23 	 200 	 4813 	 0
1787307072877 	 17 	 200 	 4815 	 1
1787307072884 	 13 	 200 	 4815 	 0
1787307072912 	 29 	 200 	 4818 	 2
1787307072914 	 29 	 200 	 4818 	 1
1787307072932 	 18 	 200 	 4818 	 0
1787307073017 	 21 	 200 	 4820 	 1
1787307073035 	 17 	 200 	 4820 	 0
1787307073056 	 12 	 200 	 4821 	 0
1787307073092 	 22 	 200 	 4822 	 0
1787307073256 	 18 	 200 	 4823 	 0
1787307073277 	 51 	 200 	 4825 	 1
1787307073316 	 14 	 200 	 4825 	 0
1787307073357 	 20 	 200 	 4826 	 0
1787307073398 	 17 	 200 	 4827 	 0
1787307073457 	 14 	 200 	 4828 	 0
1787307073477 	 13 	 200 	 4829 	 0
1787307073616 	 19 	 200 	 4830 	 0
1787307073673 	 23 	 200 	 4831 	 0
1787307073849 	 18 	 200 	 4833 	 1
1787307073867 	 14 	 200 	 4833 	 0
1787307073894 	 12 	 200 	 4834 	 0
1787307073954 	 30 	 200 	 4835 	 0
1787307074000 	 14 	 200 	 4836 	 0
1787307074097 	 27 	 200 	 4838 	 1
1787307074095 	 30 	 200 	 4838 	 0
1787307074327 	 23 	 200 	 4839 	 0
1787307074434 	 16 	 200 	 4841 	 1
1787307074442 	 14 	 200 	 4841 	 0
1787307074479 	 13 	 200 	 4842 	 0
1787307074500 	 13 	 200 	 4843 	 0
1787307074554 	 28 	 200 	 4845 	 1
1787307074564 	 28 	 200 	 4845 	 0
1787307074629 	 13 	 200 	 4846 	 0
1787307074878 	 17 	 200 	 4847 	 0
1787307074944 	 13 	 200 	 4848 	 0
1787307074998 	 15 	 200 	 4849 	 0
1787307075039 	 27 	 200 	 4850 	 0
1787307075194 	 25 	 200 	 4852 	 1
1787307075204 	 16 	 200 	 4852 	 0
1787307075244 	 30 	 200 	 4856 	 3
1787307075258 	 24 	 200 	 4856 	 2
1787307075260 	 34 	 200 	 4857 	 2
1787307075273 	 23 	 200 	 4857 	 1
1787307075284 	 15 	 200 	 4857 	 0
1787307075331 	 33 	 200 	 4858 	 0
1787307075431 	 27 	 200 	 4859 	 0
1787307075492 	 17 	 200 	 4860 	 0
1787307075519 	 14 	 200 	 4861 	 0
1787307075544 	 12 	 200 	 4862 	 0
1787307075673 	 13 	 200 	 4863 	 0
1787307075744 	 16 	 200 	 4864 	 0
1787307075770 	 28 	 200 	 4865 	 0
1787307075897 	 15 	 200 	 4867 	 1
1787307075912 	 13 	 200 	 4867 	 0
1787307075962 	 22 	 200 	 4868 	 0
1787307076074 	 25 	 200 	 4871 	 2
1787307076076 	 26 	 200 	 4871 	 1
1787307076085 	 18 	 200 	 4871 	 0
1787307076115 	 13 	 200 	 4872 	 0
1787307076231 	 37 	 200 	 4873 	 0
1787307076375 	 27 	 200 	 4874 	 0
1787307076420 	 12 	 200 	 4875 	 0
1787307076479 	 23 	 200 	 4878 	 3
1787307076487 	 22 	 200 	 4880 	 3
1787307076502 	 17 	 200 	 4880 	 2
1787307076504 	 18 	 200 	 4880 	 1
1787307076507 	 17 	 200 	 4880 	 0
1787307076540 	 13 	 200 	 4881 	 0
1787307076577 	 18 	 200 	 4883 	 1
1787307076585 	 17 	 200 	 4883 	 0
1787307076630 	 15 	 200 	 4884 	 0
1787307076793 	 24 	 200 	 4885 	 0
1787307077016 	 12 	 200 	 4887 	 1
1787307077024 	 23 	 200 	 4887 	 0
1787307077170 	 38 	 200 	 4889 	 1
1787307077187 	 24 	 200 	 4889 	 0
1787307077234 	 18 	 200 	 4890 	 0
1787307077269 	 14 	 200 	 4892 	 1
1787307077267 	 16 	 200 	 4892 	 0
1787307077343 	 17 	 200 	 4894 	 1
1787307077348 	 14 	 200 	 4894 	 0
1787307077432 	 29 	 200 	 4896 	 1
1787307077436 	 25 	 200 	 4896 	 0
1787307077546 	 38 	 200 	 4900 	 3
1787307077578 	 23 	 200 	 4901 	 3
1787307077583 	 19 	 200 	 4901 	 2
1787307077580 	 32 	 200 	 4902 	 2
1787307077598 	 19 	 200 	 4902 	 1
1787307077607 	 17 	 200 	 4902 	 0
1787307077633 	 12 	 200 	 4903 	 0
1787307077849 	 14 	 200 	 4904 	 0
1787307077892 	 16 	 200 	 4907 	 2
1787307077891 	 17 	 200 	 4907 	 1
1787307077903 	 32 	 200 	 4907 	 0
1787307078077 	 31 	 200 	 4908 	 0
1787307078110 	 13 	 200 	 4909 	 0
1787307078136 	 15 	 200 	 4910 	 0
1787307078183 	 18 	 200 	 4911 	 0
1787307078213 	 17 	 200 	 4912 	 0
1787307078261 	 16 	 200 	 4913 	 0
1787307078320 	 14 	 200 	 4914 	 0
1787307078440 	 23 	 200 	 4915 	 0
1787307078606 	 14 	 200 	 4916 	 0
1787307078694 	 15 	 200 	 4917 	 0
1787307078856 	 32 	 200 	 4919 	 1
1787307078885 	 16 	 200 	 4919 	 0
1787307078914 	 15 	 200 	 4920 	 0
1787307078989 	 29 	 200 	 4922 	 1
1787307078987 	 36 	 200 	 4922 	 0
1787307079058 	 13 	 200 	 4923 	 0
1787307079096 	 14 	 200 	 4924 	 0
1787307079115 	 16 	 200 	 4925 	 0
1787307079138 	 12 	 200 	 4926 	 0
1787307079215 	 37 	 200 	 4927 	 0
1787307079259 	 14 	 200 	 4929 	 1
1787307079264 	 15 	 200 	 4929 	 0
1787307079331 	 16 	 200 	 4931 	 1
1787307079332 	 15 	 200 	 4931 	 0
1787307079358 	 17 	 200 	 4932 	 0
1787307079425 	 34 	 200 	 4933 	 0
1787307079475 	 16 	 200 	 4935 	 1
1787307079486 	 18 	 200 	 4935 	 0
1787307079519 	 13 	 200 	 4936 	 0
1787307079611 	 13 	 200 	 4939 	 2
1787307079662 	 14 	 200 	 4940 	 2
1787307079554 	 156 	 200 	 4940 	 1
1787307079773 	 13 	 200 	 4942 	 2
1787307079795 	 15 	 200 	 4943 	 2
1787307079743 	 95 	 200 	 4943 	 1
1787307079862 	 18 	 200 	 4944 	 1
1787307079913 	 91 	 200 	 4945 	 1
1787307079548 	 460 	 200 	 4945 	 0
1787307080041 	 12 	 200 	 4946 	 0
1787307080252 	 24 	 200 	 4948 	 1
1787307080270 	 17 	 200 	 4948 	 0
1787307080373 	 15 	 200 	 4949 	 0
1787307080499 	 18 	 200 	 4950 	 0
1787307080559 	 14 	 200 	 4951 	 0
1787307080577 	 22 	 200 	 4952 	 0
1787307080601 	 16 	 200 	 4953 	 0
1787307080660 	 13 	 200 	 4955 	 1
1787307080671 	 14 	 200 	 4955 	 0
1787307080708 	 12 	 200 	 4956 	 0
1787307080747 	 20 	 200 	 4958 	 1
1787307080755 	 13 	 200 	 4958 	 0
1787307080831 	 12 	 200 	 4959 	 0
1787307080870 	 18 	 200 	 4960 	 0
1787307080936 	 12 	 200 	 4961 	 0
1787307080962 	 15 	 200 	 4962 	 0
1787307081000 	 13 	 200 	 4963 	 0
1787307081083 	 36 	 200 	 4965 	 1
1787307081112 	 22 	 200 	 4965 	 0
1787307081140 	 12 	 200 	 4967 	 1
1787307081149 	 13 	 200 	 4967 	 0
1787307081224 	 13 	 200 	 4968 	 0
1787307081241 	 15 	 200 	 4969 	 0
1787307081263 	 14 	 200 	 4971 	 1
1787307081264 	 18 	 200 	 4971 	 0
1787307081309 	 25 	 200 	 4973 	 1
1787307081323 	 13 	 200 	 4973 	 0
1787307081343 	 14 	 200 	 4975 	 1
1787307081347 	 20 	 200 	 4975 	 0
1787307081377 	 21 	 200 	 4976 	 0
1787307081410 	 12 	 200 	 4977 	 0
1787307081456 	 14 	 200 	 4979 	 1
1787307081463 	 19 	 200 	 4979 	 0
1787307081554 	 39 	 200 	 4980 	 0
1787307081698 	 18 	 200 	 4981 	 0
1787307081721 	 15 	 200 	 4983 	 1
1787307081731 	 16 	 200 	 4983 	 0
1787307081767 	 21 	 200 	 4984 	 0
1787307081869 	 32 	 200 	 4987 	 2
1787307081860 	 55 	 200 	 4988 	 2
1787307081901 	 14 	 200 	 4988 	 1
1787307081914 	 13 	 200 	 4988 	 0
1787307081995 	 30 	 200 	 4989 	 0
1787307082065 	 16 	 200 	 4990 	 0
1787307082102 	 13 	 200 	 4992 	 1
1787307082101 	 17 	 200 	 4992 	 0
1787307082189 	 13 	 200 	 4993 	 0
1787307082216 	 14 	 200 	 4994 	 0
1787307082248 	 14 	 200 	 4995 	 0
1787307082309 	 17 	 200 	 4996 	 0
1787307082341 	 13 	 200 	 4997 	 0
1787307082449 	 20 	 200 	 4998 	 0
1787307082581 	 28 	 200 	 5000 	 1
1787307082600 	 20 	 200 	 5000 	 0