1787306562052 	 45 	 200 	 2 	 1
1787306562092 	 24 	 200 	 2 	 0
1787306562133 	 14 	 200 	 3 	 0
1787306562171 	 14 	 200 	 5 	 1
1787306562167 	 18 	 200 	 5 	 0
1787306562198 	 15 	 200 	 6 	 0
1787306562252 	 14 	 200 	 7 	 0
1787306562280 	 12 	 200 	 8 	 0
1787306562320 	 15 	 200 	 9 	 0
1787306562440 	 16 	 200 	 10 	 0
1787306562471 	 14 	 200 	 11 	 0
1787306562509 	 14 	 200 	 13 	 1
1787306562519 	 17 	 200 	 13 	 0
1787306562596 	 20 	 200 	 15 	 1
1787306562590 	 50 	 200 	 15 	 0
1787306562814 	 13 	 200 	 16 	 0
1787306562887 	 14 	 200 	 17 	 0
1787306562938 	 15 	 200 	 18 	 0
1787306562995 	 13 	 200 	 19 	 0
1787306563017 	 17 	 200 	 20 	 0
1787306563168 	 16 	 200 	 22 	 1
1787306563173 	 30 	 200 	 22 	 0
1787306563268 	 23 	 200 	 23 	 0
1787306563381 	 13 	 200 	 24 	 0
1787306563485 	 24 	 200 	 25 	 0
1787306563520 	 17 	 200 	 27 	 1
1787306563519 	 16 	 200 	 27 	 0
1787306563561 	 14 	 200 	 29 	 1
1787306563558 	 16 	 200 	 29 	 0
1787306563724 	 16 	 200 	 30 	 0
1787306563742 	 12 	 200 	 31 	 0
1787306563822 	 13 	 200 	 32 	 0
1787306563883 	 17 	 200 	 34 	 1
1787306563901 	 13 	 200 	 34 	 0
1787306563979 	 30 	 200 	 35 	 0
1787306564137 	 22 	 200 	 37 	 1
1787306564142 	 17 	 200 	 37 	 0
1787306564164 	 13 	 200 	 38 	 0
1787306564225 	 14 	 200 	 39 	 0
1787306564388 	 16 	 200 	 40 	 0
1787306564410 	 14 	 200 	 41 	 0
1787306564486 	 14 	 200 	 42 	 0
1787306564517 	 15 	 200 	 43 	 0
1787306564643 	 15 	 200 	 45 	 1
1787306564639 	 19 	 200 	 45 	 0
1787306564680 	 15 	 200 	 47 	 1
1787306564695 	 13 	 200 	 47 	 0
1787306564715 	 13 	 200 	 48 	 0
1787306564772 	 24 	 200 	 49 	 0
1787306564824 	 13 	 200 	 50 	 0
1787306564852 	 15 	 200 	 52 	 1
1787306564851 	 16 	 200 	 52 	 0
1787306565001 	 33 	 200 	 56 	 3
1787306565026 	 20 	 200 	 56 	 2
1787306565028 	 19 	 200 	 56 	 1
1787306565030 	 17 	 200 	 56 	 0
1787306565130 	 35 	 200 	 57 	 0
1787306565243 	 37 	 200 	 58 	 0
1787306565301 	 14 	 200 	 59 	 0
1787306565358 	 19 	 200 	 60 	 0
1787306565477 	 28 	 200 	 61 	 0
1787306565619 	 18 	 200 	 62 	 0
1787306565714 	 17 	 200 	 64 	 1
1787306565731 	 12 	 200 	 64 	 0
1787306565799 	 18 	 200 	 65 	 0
1787306565860 	 13 	 200 	 66 	 0
1787306566045 	 37 	 200 	 67 	 0
1787306566107 	 16 	 200 	 69 	 1
1787306566110 	 13 	 200 	 69 	 0
1787306566137 	 14 	 200 	 71 	 1
1787306566138 	 16 	 200 	 71 	 0
1787306566225 	 30 	 200 	 72 	 0
1787306566269 	 17 	 200 	 74 	 1
1787306566283 	 13 	 200 	 74 	 0
1787306566335 	 13 	 200 	 75 	 0
1787306566404 	 17 	 200 	 76 	 0
1787306566506 	 15 	 200 	 77 	 0
1787306566876 	 22 	 200 	 79 	 1
1787306566889 	 14 	 200 	 79 	 0
1787306566919 	 14 	 200 	 80 	 0
1787306566956 	 32 	 200 	 82 	 1
1787306566990 	 13 	 200 	 83 	 1
1787306566992 	 12 	 200 	 83 	 0
1787306567022 	 13 	 200 	 84 	 0
1787306567126 	 17 	 200 	 86 	 1
1787306567135 	 14 	 200 	 86 	 0
1787306567163 	 13 	 200 	 87 	 0
1787306567205 	 16 	 200 	 88 	 0
1787306567333 	 26 	 200 	 91 	 2
1787306567349 	 15 	 200 	 91 	 1
1787306567351 	 14 	 200 	 91 	 0
1787306567445 	 13 	 200 	 94 	 2
1787306567428 	 88 	 200 	 95 	 2
1787306567558 	 15 	 200 	 97 	 3
1787306567516 	 63 	 200 	 97 	 2
1787306567563 	 18 	 200 	 97 	 1
1787306567372 	 210 	 200 	 97 	 0
1787306567584 	 31 	 200 	 99 	 1
1787306567594 	 31 	 200 	 99 	 0
1787306567645 	 15 	 200 	 100 	 0
1787306567703 	 16 	 200 	 102 	 1
1787306567711 	 16 	 200 	 102 	 0
1787306567806 	 15 	 200 	 103 	 0
1787306567943 	 15 	 200 	 104 	 0
1787306568032 	 29 	 200 	 106 	 1
1787306568030 	 37 	 200 	 106 	 0
1787306568073 	 17 	 200 	 107 	 0
1787306568278 	 14 	 200 	 109 	 1
1787306568291 	 13 	 200 	 110 	 1
1787306568303 	 16 	 200 	 110 	 0
1787306568512 	 18 	 200 	 111 	 0
1787306568563 	 18 	 200 	 112 	 0
1787306568593 	 14 	 200 	 113 	 0
1787306568644 	 13 	 200 	 114 	 0
1787306568714 	 13 	 200 	 115 	 0
1787306568779 	 12 	 200 	 116 	 0
1787306568880 	 32 	 200 	 119 	 2
1787306568895 	 24 	 200 	 119 	 1
1787306568893 	 27 	 200 	 119 	 0
1787306568922 	 14 	 200 	 120 	 0
1787306568945 	 13 	 200 	 122 	 1
1787306568950 	 18 	 200 	 122 	 0
1787306568977 	 17 	 200 	 123 	 0
1787306569013 	 14 	 200 	 125 	 1
1787306569017 	 12 	 200 	 125 	 0
1787306569038 	 12 	 200 	 127 	 1
1787306569042 	 19 	 200 	 127 	 0
1787306569091 	 23 	 200 	 128 	 0
1787306569121 	 15 	 200 	 129 	 0
1787306569155 	 12 	 200 	 130 	 0
1787306569222 	 61 	 200 	 131 	 0
1787306569290 	 13 	 200 	 132 	 0
1787306569607 	 15 	 200 	 133 	 0
1787306569655 	 30 	 200 	 134 	 0
1787306569788 	 20 	 200 	 136 	 1
1787306569799 	 14 	 200 	 136 	 0
1787306569891 	 14 	 200 	 137 	 0
1787306569932 	 28 	 200 	 138 	 0
1787306569969 	 18 	 200 	 139 	 0
1787306570018 	 19 	 200 	 140 	 0
1787306570174 	 16 	 200 	 141 	 0
1787306570251 	 25 	 200 	 142 	 0
1787306570297 	 15 	 200 	 143 	 0
1787306570314 	 14 	 200 	 145 	 1
1787306570328 	 14 	 200 	 146 	 1
1787306570342 	 15 	 200 	 146 	 0
1787306570521 	 14 	 200 	 147 	 0
1787306570541 	 12 	 200 	 148 	 0
1787306570560 	 14 	 200 	 149 	 0
1787306570580 	 13 	 200 	 150 	 0
1787306570633 	 17 	 200 	 152 	 1
1787306570649 	 16 	 200 	 152 	 0
1787306570666 	 14 	 200 	 153 	 0
1787306570690 	 14 	 200 	 154 	 0
1787306570728 	 12 	 200 	 155 	 0
1787306570850 	 12 	 200 	 157 	 1
1787306570860 	 15 	 200 	 157 	 0
1787306570904 	 12 	 200 	 158 	 0
1787306570929 	 13 	 200 	 160 	 1
1787306570930 	 15 	 200 	 160 	 0
1787306570965 	 13 	 200 	 161 	 0
1787306571102 	 20 	 200 	 162 	 0
1787306571217 	 32 	 200 	 163 	 0
1787306571275 	 20 	 200 	 164 	 0
1787306571308 	 16 	 200 	 166 	 1
1787306571311 	 13 	 200 	 166 	 0
1787306571368 	 32 	 200 	 167 	 0
1787306571474 	 19 	 200 	 168 	 0
1787306571514 	 15 	 200 	 169 	 0
1787306571547 	 14 	 200 	 170 	 0
1787306571665 	 37 	 200 	 171 	 0
1787306571790 	 15 	 200 	 173 	 1
1787306571801 	 22 	 200 	 173 	 0
1787306571857 	 13 	 200 	 174 	 0
1787306571947 	 12 	 200 	 175 	 0
1787306571987 	 14 	 200 	 176 	 0
1787306572130 	 13 	 200 	 177 	 0
1787306572214 	 13 	 200 	 178 	 0
1787306572232 	 17 	 200 	 180 	 1
1787306572237 	 20 	 200 	 180 	 0
1787306572259 	 14 	 200 	 181 	 0
1787306572278 	 12 	 200 	 182 	 0
1787306572321 	 15 	 200 	 183 	 0
1787306572337 	 17 	 200 	 186 	 2
1787306572344 	 14 	 200 	 186 	 1
1787306572350 	 21 	 200 	 186 	 0
1787306572411 	 12 	 200 	 187 	 0
1787306572428 	 14 	 200 	 189 	 1
1787306572431 	 17 	 200 	 190 	 1
1787306572444 	 23 	 200 	 190 	 0
1787306572489 	 22 	 200 	 191 	 0
1787306572568 	 15 	 200 	 192 	 0
1787306572611 	 15 	 200 	 193 	 0
1787306572663 	 15 	 200 	 194 	 0
1787306572711 	 21 	 200 	 195 	 0
1787306572739 	 14 	 200 	 197 	 1
1787306572743 	 18 	 200 	 197 	 0
1787306572820 	 14 	 200 	 198 	 0
1787306572873 	 13 	 200 	 199 	 0
1787306572928 	 17 	 200 	 200 	 0
1787306573078 	 32 	 200 	 203 	 2
1787306573103 	 16 	 200 	 203 	 1
1787306573087 	 34 	 200 	 203 	 0
1787306573162 	 14 	 200 	 204 	 0
1787306573225 	 14 	 200 	 206 	 1
1787306573227 	 14 	 200 	 206 	 0
1787306573469 	 13 	 200 	 207 	 0
1787306573574 	 17 	 200 	 211 	 3
1787306573578 	 17 	 200 	 211 	 2
1787306573583 	 14 	 200 	 211 	 1
1787306573591 	 15 	 200 	 211 	 0
1787306573622 	 15 	 200 	 213 	 1
1787306573628 	 13 	 200 	 213 	 0
1787306573731 	 13 	 200 	 214 	 0
1787306573871 	 34 	 200 	 215 	 0
1787306573970 	 13 	 200 	 216 	 0
1787306574011 	 17 	 200 	 217 	 0
1787306574091 	 14 	 200 	 218 	 0
1787306574112 	 12 	 200 	 219 	 0
1787306574288 	 13 	 200 	 220 	 0
1787306574309 	 12 	 200 	 221 	 0
1787306574560 	 17 	 200 	 223 	 1
1787306574564 	 15 	 200 	 223 	 0
1787306574853 	 16 	 200 	 225 	 1
1787306574919 	 62 	 200 	 228 	 3
1787306574888 	 98 	 200 	 228 	 2
1787306574970 	 55 	 200 	 229 	 2
1787306575015 	 51 	 200 	 230 	 2
1787306575060 	 13 	 200 	 230 	 1
1787306575082 	 13 	 200 	 231 	 1
1787306575183 	 14 	 200 	 232 	 1
1787306574759 	 480 	 200 	 232 	 0
1787306575247 	 23 	 200 	 234 	 1
1787306575256 	 15 	 200 	 234 	 0
1787306575367 	 16 	 200 	 235 	 0
1787306575399 	 18 	 200 	 236 	 0
1787306575475 	 14 	 200 	 237 	 0
1787306575493 	 14 	 200 	 238 	 0
1787306575651 	 28 	 200 	 240 	 1
1787306575664 	 22 	 200 	 240 	 0
1787306575780 	 19 	 200 	 241 	 0
1787306575931 	 19 	 200 	 243 	 1
1787306576061 	 14 	 200 	 245 	 2
1787306576068 	 17 	 200 	 245 	 1
1787306576136 	 43 	 200 	 249 	 4
1787306576133 	 47 	 200 	 249 	 3
1787306576134 	 48 	 200 	 249 	 2
1787306576178 	 15 	 200 	 250 	 2
1787306576193 	 29 	 200 	 250 	 1
1787306575862 	 436 	 200 	 250 	 0
1787306576307 	 14 	 200 	 251 	 0
1787306576430 	 30 	 200 	 252 	 0
1787306576469 	 14 	 200 	 253 	 0
1787306576499 	 12 	 200 	 254 	 0
1787306576539 	 17 	 200 	 255 	 0
1787306576565 	 13 	 200 	 256 	 0
1787306576953 	 15 	 200 	 257 	 0
1787306577162 	 30 	 200 	 258 	 0
1787306577239 	 53 	 200 	 260 	 1
1787306577289 	 20 	 200 	 260 	 0
1787306577341 	 26 	 200 	 262 	 1
1787306577354 	 31 	 200 	 264 	 2
1787306577376 	 18 	 200 	 264 	 1
1787306577379 	 19 	 200 	 265 	 1
1787306577398 	 13 	 200 	 265 	 0
1787306577421 	 14 	 200 	 266 	 0
1787306577474 	 18 	 200 	 267 	 0
1787306577522 	 15 	 200 	 269 	 1
1787306577536 	 15 	 200 	 269 	 0
1787306577627 	 14 	 200 	 270 	 0
1787306577687 	 18 	 200 	 272 	 1
1787306577700 	 14 	 200 	 272 	 0
1787306577771 	 19 	 200 	 273 	 0
1787306577835 	 14 	 200 	 274 	 0
1787306577858 	 15 	 200 	 275 	 0
1787306577963 	 17 	 200 	 277 	 1
1787306578048 	 23 	 200 	 278 	 1
1787306578086 	 16 	 200 	 279 	 1
1787306577949 	 155 	 200 	 279 	 0
1787306578154 	 15 	 200 	 281 	 1
1787306578169 	 13 	 200 	 281 	 0
1787306578207 	 17 	 200 	 282 	 0
1787306578289 	 15 	 200 	 284 	 1
1787306578291 	 15 	 200 	 284 	 0
1787306578418 	 13 	 200 	 285 	 0
1787306578458 	 14 	 200 	 286 	 0
1787306578506 	 16 	 200 	 287 	 0
1787306578560 	 20 	 200 	 288 	 0
1787306578583 	 14 	 200 	 289 	 0
1787306578641 	 16 	 200 	 290 	 0
1787306578672 	 15 	 200 	 291 	 0
1787306578731 	 15 	 200 	 292 	 0
1787306578780 	 15 	 200 	 293 	 0
1787306578894 	 14 	 200 	 294 	 0
1787306578925 	 17 	 200 	 295 	 0
1787306578957 	 14 	 200 	 296 	 0
1787306579038 	 15 	 200 	 297 	 0
1787306579093 	 31 	 200 	 298 	 0
1787306579168 	 16 	 200 	 299 	 0
1787306579226 	 14 	 200 	 300 	 0
1787306579257 	 14 	 200 	 301 	 0
1787306579362 	 36 	 200 	 302 	 0
1787306579419 	 16 	 200 	 305 	 2
1787306579421 	 15 	 200 	 305 	 1
1787306579427 	 14 	 200 	 306 	 1
1787306579438 	 14 	 200 	 307 	 1
1787306579453 	 13 	 200 	 307 	 0
1787306579570 	 34 	 200 	 308 	 0
1787306579617 	 12 	 200 	 309 	 0
1787306579693 	 26 	 200 	 310 	 0
1787306579898 	 18 	 200 	 312 	 1
1787306579896 	 20 	 200 	 312 	 0
1787306579956 	 15 	 200 	 314 	 1
1787306579966 	 14 	 200 	 314 	 0
1787306580009 	 18 	 200 	 316 	 1
1787306580009 	 19 	 200 	 316 	 0
1787306580107 	 17 	 200 	 318 	 1
1787306580123 	 14 	 200 	 318 	 0
1787306580154 	 13 	 200 	 320 	 1
1787306580161 	 14 	 200 	 320 	 0
1787306580200 	 12 	 200 	 321 	 0
1787306580240 	 13 	 200 	 322 	 0
1787306580265 	 13 	 200 	 323 	 0
1787306580334 	 33 	 200 	 324 	 0
1787306580408 	 14 	 200 	 326 	 1
1787306580416 	 15 	 200 	 326 	 0
1787306580443 	 14 	 200 	 327 	 0
1787306580472 	 14 	 200 	 328 	 0
1787306580511 	 18 	 200 	 330 	 1
1787306580517 	 13 	 200 	 330 	 0
1787306580607 	 15 	 200 	 331 	 0
1787306580640 	 16 	 200 	 332 	 0
1787306580685 	 14 	 200 	 333 	 0
1787306580754 	 22 	 200 	 335 	 1
1787306580760 	 18 	 200 	 335 	 0
1787306580805 	 12 	 200 	 337 	 1
1787306580818 	 16 	 200 	 338 	 1
1787306580824 	 16 	 200 	 338 	 0
1787306580874 	 15 	 200 	 339 	 0
1787306580912 	 15 	 200 	 340 	 0
1787306580956 	 38 	 200 	 342 	 1
1787306580993 	 17 	 200 	 342 	 0
1787306581050 	 16 	 200 	 344 	 1
1787306581062 	 20 	 200 	 345 	 1
1787306581072 	 15 	 200 	 345 	 0
1787306581095 	 15 	 200 	 346 	 0
1787306581141 	 16 	 200 	 348 	 1
1787306581145 	 15 	 200 	 348 	 0
1787306581182 	 19 	 200 	 350 	 1
1787306581192 	 15 	 200 	 350 	 0
1787306581214 	 15 	 200 	 351 	 0
1787306581256 	 13 	 200 	 352 	 0
1787306581276 	 20 	 200 	 355 	 2
1787306581276 	 20 	 200 	 355 	 1
1787306581299 	 17 	 200 	 357 	 2
1787306581296 	 25 	 200 	 357 	 1
1787306581310 	 22 	 200 	 357 	 0
1787306581440 	 14 	 200 	 358 	 0
1787306581554 	 40 	 200 	 359 	 0
1787306581652 	 13 	 200 	 360 	 0
1787306581730 	 18 	 200 	 361 	 0
1787306581755 	 12 	 200 	 362 	 0
1787306581778 	 13 	 200 	 363 	 0
1787306581829 	 14 	 200 	 365 	 1
1787306581839 	 12 	 200 	 365 	 0
1787306581972 	 18 	 200 	 367 	 1
1787306581990 	 16 	 200 	 368 	 1
1787306582002 	 16 	 200 	 368 	 0
1787306582080 	 30 	 200 	 369 	 0
1787306582207 	 17 	 200 	 370 	 0
1787306582242 	 17 	 200 	 371 	 0
1787306582298 	 13 	 200 	 373 	 1
1787306582303 	 15 	 200 	 373 	 0
1787306582425 	 16 	 200 	 374 	 0
1787306582469 	 15 	 200 	 376 	 1
1787306582475 	 23 	 200 	 376 	 0
1787306582729 	 17 	 200 	 377 	 0
1787306582825 	 16 	 200 	 378 	 0
1787306582881 	 14 	 200 	 379 	 0
1787306582900 	 15 	 200 	 380 	 0
1787306582992 	 21 	 200 	 382 	 1
1787306583007 	 15 	 200 	 383 	 1
1787306583020 	 13 	 200 	 383 	 0
1787306583050 	 14 	 200 	 384 	 0
1787306583098 	 16 	 200 	 385 	 0
1787306583192 	 15 	 200 	 387 	 1
1787306583194 	 16 	 200 	 387 	 0
1787306583245 	 18 	 200 	 388 	 0
1787306583316 	 13 	 200 	 390 	 1
1787306583322 	 16 	 200 	 390 	 0
1787306583380 	 27 	 200 	 391 	 0
1787306583482 	 14 	 200 	 392 	 0
1787306583543 	 14 	 200 	 395 	 2
1787306583518 	 42 	 200 	 395 	 1
1787306583555 	 15 	 200 	 395 	 0
1787306583603 	 13 	 200 	 396 	 0
1787306583745 	 67 	 200 	 397 	 0
1787306583826 	 16 	 200 	 398 	 0
1787306583847 	 12 	 200 	 399 	 0
1787306583965 	 16 	 200 	 400 	 0
1787306584055 	 33 	 200 	 403 	 2
1787306584065 	 28 	 200 	 403 	 1
1787306584067 	 27 	 200 	 403 	 0
1787306584102 	 13 	 200 	 404 	 0
1787306584154 	 35 	 200 	 406 	 1
1787306584166 	 32 	 200 	 406 	 0
1787306584275 	 16 	 200 	 408 	 1
1787306584289 	 36 	 200 	 409 	 1
1787306584323 	 14 	 200 	 409 	 0
1787306584479 	 12 	 200 	 410 	 0
1787306584508 	 14 	 200 	 411 	 0
1787306584526 	 17 	 200 	 412 	 0
1787306584625 	 15 	 200 	 413 	 0
1787306584712 	 18 	 200 	 414 	 0
1787306584743 	 15 	 200 	 415 	 0
1787306584788 	 13 	 200 	 416 	 0
1787306584813 	 13 	 200 	 417 	 0
1787306584870 	 35 	 200 	 418 	 0
1787306584912 	 15 	 200 	 419 	 0
1787306585015 	 33 	 200 	 420 	 0
1787306585100 	 28 	 200 	 421 	 0
1787306585145 	 14 	 200 	 422 	 0
1787306585187 	 28 	 200 	 423 	 0
1787306585228 	 12 	 200 	 424 	 0
1787306585296 	 23 	 200 	 425 	 0
1787306585398 	 15 	 200 	 426 	 0
1787306585446 	 15 	 200 	 427 	 0
1787306585473 	 14 	 200 	 429 	 1
1787306585483 	 23 	 200 	 429 	 0
1787306585547 	 16 	 200 	 430 	 0
1787306585673 	 14 	 200 	 433 	 2
1787306585681 	 26 	 200 	 433 	 1
1787306585667 	 41 	 200 	 433 	 0
1787306585721 	 40 	 200 	 437 	 3
1787306585719 	 49 	 200 	 437 	 2
1787306585756 	 15 	 200 	 437 	 1
1787306585754 	 21 	 200 	 437 	 0
1787306585812 	 12 	 200 	 438 	 0
1787306585908 	 17 	 200 	 441 	 2
1787306585914 	 14 	 200 	 441 	 1
1787306585914 	 16 	 200 	 441 	 0
1787306585944 	 23 	 200 	 443 	 1
1787306585938 	 30 	 200 	 443 	 0
1787306586220 	 20 	 200 	 445 	 1
1787306586233 	 15 	 200 	 445 	 0
1787306586354 	 14 	 200 	 446 	 0
1787306586389 	 14 	 200 	 449 	 2
1787306586400 	 19 	 200 	 450 	 2
1787306586405 	 15 	 200 	 450 	 1
1787306586403 	 19 	 200 	 450 	 0
1787306586504 	 15 	 200 	 451 	 0
1787306586543 	 14 	 200 	 452 	 0
1787306586640 	 18 	 200 	 453 	 0
1787306586699 	 13 	 200 	 454 	 0
1787306586719 	 14 	 200 	 455 	 0
1787306586764 	 15 	 200 	 456 	 0
1787306586822 	 16 	 200 	 457 	 0
1787306586901 	 21 	 200 	 458 	 0
1787306587061 	 12 	 200 	 459 	 0
1787306587076 	 13 	 200 	 460 	 0
1787306587115 	 76 	 200 	 462 	 1
1787306587208 	 14 	 200 	 463 	 1
1787306587097 	 126 	 200 	 463 	 0
1787306587242 	 20 	 200 	 464 	 0
1787306587420 	 14 	 200 	 465 	 0
1787306587445 	 15 	 200 	 467 	 1
1787306587460 	 13 	 200 	 467 	 0
1787306587654 	 19 	 200 	 469 	 1
1787306587662 	 14 	 200 	 469 	 0
1787306587732 	 14 	 200 	 470 	 0
1787306587747 	 18 	 200 	 471 	 0
1787306587827 	 13 	 200 	 472 	 0
1787306587870 	 14 	 200 	 473 	 0
1787306587896 	 13 	 200 	 475 	 1
1787306587907 	 13 	 200 	 475 	 0
1787306587996 	 30 	 200 	 479 	 3
1787306587998 	 31 	 200 	 479 	 2
1787306588020 	 15 	 200 	 479 	 1
1787306588025 	 16 	 200 	 479 	 0
1787306588063 	 27 	 200 	 481 	 1
1787306588067 	 56 	 200 	 481 	 0
1787306588170 	 13 	 200 	 483 	 1
1787306588173 	 17 	 200 	 483 	 0
1787306588223 	 14 	 200 	 484 	 0
1787306588257 	 14 	 200 	 486 	 1
1787306588271 	 13 	 200 	 486 	 0
1787306588309 	 17 	 200 	 488 	 1
1787306588316 	 30 	 200 	 488 	 0
1787306588366 	 15 	 200 	 489 	 0
1787306588506 	 15 	 200 	 490 	 0
1787306588584 	 14 	 200 	 492 	 1
1787306588583 	 15 	 200 	 492 	 0
1787306588600 	 13 	 200 	 493 	 0
1787306588655 	 17 	 200 	 494 	 0
1787306588710 	 13 	 200 	 495 	 0
1787306588740 	 15 	 200 	 497 	 1
1787306588747 	 14 	 200 	 497 	 0
1787306588828 	 13 	 200 	 499 	 1
1787306588839 	 15 	 200 	 499 	 0
1787306588910 	 14 	 200 	 500 	 0
1787306588940 	 16 	 200 	 503 	 2
1787306588941 	 16 	 200 	 503 	 1
1787306588938 	 19 	 200 	 503 	 0
1787306589000 	 15 	 200 	 504 	 0
1787306589075 	 32 	 200 	 506 	 1
1787306589098 	 29 	 200 	 507 	 1
1787306589125 	 13 	 200 	 507 	 0
1787306589277 	 32 	 200 	 508 	 0
1787306589463 	 17 	 200 	 510 	 1
1787306589476 	 15 	 200 	 510 	 0
1787306589531 	 12 	 200 	 511 	 0
1787306589651 	 14 	 200 	 512 	 0
1787306589687 	 15 	 200 	 513 	 0
1787306589778 	 13 	 200 	 514 	 0
1787306589812 	 17 	 200 	 515 	 0
1787306589997 	 23 	 200 	 516 	 0
1787306590046 	 13 	 200 	 518 	 1
1787306590055 	 15 	 200 	 519 	 1
1787306590067 	 16 	 200 	 519 	 0
1787306590089 	 13 	 200 	 520 	 0
1787306590126 	 12 	 200 	 521 	 0
1787306590188 	 40 	 200 	 522 	 0
1787306590282 	 26 	 200 	 523 	 0
1787306590376 	 13 	 200 	 524 	 0
1787306590459 	 18 	 200 	 525 	 0
1787306590492 	 21 	 200 	 526 	 0
1787306590526 	 13 	 200 	 527 	 0
1787306590542 	 17 	 200 	 528 	 0
1787306590603 	 16 	 200 	 530 	 1
1787306590607 	 15 	 200 	 530 	 0
1787306590652 	 16 	 200 	 531 	 0
1787306590736 	 16 	 200 	 533 	 1
1787306590741 	 20 	 200 	 533 	 0
1787306591015 	 36 	 200 	 534 	 0
1787306591129 	 23 	 200 	 536 	 1
1787306591134 	 18 	 200 	 536 	 0
1787306591229 	 35 	 200 	 537 	 0
1787306591281 	 14 	 200 	 538 	 0
1787306591377 	 33 	 200 	 540 	 1
1787306591360 	 68 	 200 	 541 	 1
1787306591428 	 15 	 200 	 542 	 1
1787306591442 	 14 	 200 	 542 	 0
1787306591498 	 15 	 200 	 544 	 1
1787306591500 	 15 	 200 	 544 	 0
1787306591616 	 14 	 200 	 546 	 1
1787306591619 	 15 	 200 	 546 	 0
1787306591718 	 18 	 200 	 547 	 0
1787306591799 	 15 	 200 	 549 	 1
1787306591792 	 22 	 200 	 549 	 0
1787306591827 	 14 	 200 	 551 	 1
1787306591837 	 13 	 200 	 551 	 0
1787306591858 	 27 	 200 	 553 	 1
1787306591874 	 16 	 200 	 553 	 0
1787306591900 	 26 	 200 	 554 	 0
1787306591944 	 13 	 200 	 555 	 0
1787306591981 	 12 	 200 	 556 	 0
1787306592013 	 15 	 200 	 558 	 1
1787306592013 	 27 	 200 	 558 	 0
1787306592132 	 14 	 200 	 560 	 1
1787306592143 	 13 	 200 	 560 	 0
1787306592182 	 12 	 200 	 561 	 0
1787306592295 	 19 	 200 	 562 	 0
1787306592395 	 20 	 200 	 563 	 0
1787306592417 	 13 	 200 	 564 	 0
1787306592543 	 13 	 200 	 565 	 0
1787306592708 	 18 	 200 	 568 	 2
1787306592712 	 14 	 200 	 568 	 1
1787306592719 	 16 	 200 	 568 	 0
1787306592772 	 14 	 200 	 569 	 0
1787306592809 	 14 	 200 	 570 	 0
1787306592844 	 14 	 200 	 572 	 1
1787306592848 	 16 	 200 	 572 	 0
1787306592890 	 17 	 200 	 574 	 1
1787306592894 	 18 	 200 	 574 	 0
1787306592923 	 16 	 200 	 576 	 1
1787306592937 	 13 	 200 	 576 	 0
1787306593215 	 39 	 200 	 577 	 0
1787306593279 	 42 	 200 	 578 	 0
1787306593359 	 12 	 200 	 579 	 0
1787306593400 	 15 	 200 	 580 	 0
1787306593523 	 13 	 200 	 581 	 0
1787306593568 	 12 	 200 	 582 	 0
1787306593582 	 13 	 200 	 584 	 1
1787306593586 	 14 	 200 	 584 	 0
1787306593620 	 15 	 200 	 586 	 1
1787306593634 	 13 	 200 	 586 	 0
1787306593675 	 21 	 200 	 587 	 0
1787306593799 	 20 	 200 	 590 	 2
1787306593810 	 21 	 200 	 590 	 1
1787306593821 	 12 	 200 	 590 	 0
1787306594101 	 16 	 200 	 591 	 0
1787306594154 	 34 	 200 	 592 	 0
1787306594299 	 15 	 200 	 593 	 0
1787306594374 	 13 	 200 	 594 	 0
1787306594580 	 27 	 200 	 595 	 0
1787306594621 	 19 	 200 	 596 	 0
1787306594677 	 15 	 200 	 597 	 0
1787306594706 	 14 	 200 	 598 	 0
1787306594758 	 15 	 200 	 599 	 0
1787306594822 	 14 	 200 	 600 	 0
1787306594928 	 13 	 200 	 601 	 0
1787306594948 	 17 	 200 	 602 	 0
1787306595180 	 19 	 200 	 603 	 0
1787306595218 	 37 	 200 	 605 	 1
1787306595254 	 15 	 200 	 605 	 0
1787306595344 	 13 	 200 	 606 	 0
1787306595450 	 16 	 200 	 607 	 0
1787306595492 	 13 	 200 	 608 	 0
1787306595564 	 14 	 200 	 609 	 0
1787306595580 	 14 	 200 	 610 	 0
1787306595628 	 27 	 200 	 614 	 3
1787306595631 	 26 	 200 	 614 	 2
1787306595651 	 16 	 200 	 614 	 1
1787306595650 	 17 	 200 	 614 	 0
1787306595700 	 16 	 200 	 615 	 0
1787306595727 	 14 	 200 	 616 	 0
1787306595791 	 17 	 200 	 617 	 0
1787306595844 	 12 	 200 	 618 	 0
1787306595874 	 15 	 200 	 619 	 0
1787306595902 	 15 	 200 	 621 	 1
1787306595906 	 18 	 200 	 621 	 0
1787306595946 	 13 	 200 	 623 	 1
1787306595950 	 20 	 200 	 623 	 0
1787306595980 	 12 	 200 	 624 	 0
1787306596060 	 12 	 200 	 625 	 0
1787306596100 	 13 	 200 	 626 	 0
1787306596128 	 13 	 200 	 627 	 0
1787306596214 	 13 	 200 	 628 	 0
1787306596296 	 13 	 200 	 630 	 1
1787306596305 	 16 	 200 	 631 	 1
1787306596320 	 25 	 200 	 632 	 1
1787306596322 	 30 	 200 	 632 	 0
1787306596460 	 17 	 200 	 634 	 1
1787306596473 	 15 	 200 	 634 	 0
1787306596522 	 15 	 200 	 635 	 0
1787306596558 	 12 	 200 	 636 	 0
1787306596586 	 13 	 200 	 637 	 0
1787306596640 	 14 	 200 	 638 	 0
1787306596680 	 17 	 200 	 641 	 2
1787306596676 	 20 	 200 	 641 	 1
1787306596681 	 17 	 200 	 641 	 0
1787306596710 	 16 	 200 	 644 	 2
1787306596718 	 13 	 200 	 644 	 1
1787306596724 	 13 	 200 	 644 	 0
1787306596748 	 15 	 200 	 645 	 0
1787306596776 	 12 	 200 	 646 	 0
1787306596906 	 14 	 200 	 647 	 0
1787306596982 	 29 	 200 	 648 	 0
1787306597094 	 15 	 200 	 649 	 0
1787306597240 	 17 	 200 	 651 	 1
1787306597253 	 18 	 200 	 652 	 1
1787306597272 	 23 	 200 	 652 	 0
1787306597582 	 19 	 200 	 653 	 0
1787306597620 	 14 	 200 	 655 	 1
1787306597632 	 13 	 200 	 655 	 0
1787306597718 	 13 	 200 	 657 	 1
1787306597725 	 13 	 200 	 658 	 1
1787306597736 	 16 	 200 	 658 	 0
1787306597888 	 22 	 200 	 659 	 0
1787306597947 	 14 	 200 	 661 	 1
1787306597960 	 27 	 200 	 661 	 0
1787306597998 	 14 	 200 	 662 	 0
1787306598080 	 32 	 200 	 664 	 1
1787306598095 	 23 	 200 	 664 	 0
1787306598138 	 13 	 200 	 665 	 0
1787306598163 	 13 	 200 	 666 	 0
1787306598197 	 12 	 200 	 667 	 0
1787306598293 	 19 	 200 	 668 	 0
1787306598354 	 29 	 200 	 669 	 0
1787306598407 	 13 	 200 	 670 	 0
1787306598496 	 22 	 200 	 671 	 0
1787306598520 	 12 	 200 	 672 	 0
1787306598585 	 16 	 200 	 673 	 0
1787306598631 	 12 	 200 	 674 	 0
1787306598657 	 14 	 200 	 676 	 1
1787306598669 	 14 	 200 	 676 	 0
1787306598795 	 23 	 200 	 677 	 0
1787306598886 	 22 	 200 	 679 	 1
1787306598904 	 13 	 200 	 679 	 0
1787306598934 	 17 	 200 	 681 	 1
1787306598937 	 16 	 200 	 681 	 0
1787306598960 	 12 	 200 	 682 	 0
1787306599001 	 31 	 200 	 683 	 0
1787306599073 	 13 	 200 	 684 	 0
1787306599109 	 18 	 200 	 686 	 1
1787306599128 	 12 	 200 	 686 	 0
1787306599207 	 16 	 200 	 687 	 0
1787306599226 	 17 	 200 	 689 	 1
1787306599231 	 13 	 200 	 689 	 0
1787306599468 	 17 	 200 	 690 	 0
1787306599493 	 15 	 200 	 691 	 0
1787306599629 	 14 	 200 	 692 	 0
1787306599720 	 14 	 200 	 693 	 0
1787306599830 	 15 	 200 	 697 	 3
1787306599832 	 18 	 200 	 697 	 2
1787306599831 	 21 	 200 	 697 	 1
1787306599840 	 16 	 200 	 697 	 0
1787306599874 	 14 	 200 	 698 	 0
1787306599980 	 16 	 200 	 701 	 2
1787306599984 	 15 	 200 	 702 	 2
1787306599993 	 16 	 200 	 702 	 1
1787306599999 	 18 	 200 	 703 	 1
1787306600014 	 14 	 200 	 704 	 1
1787306600027 	 17 	 200 	 704 	 0
1787306600166 	 20 	 200 	 706 	 1
1787306600160 	 28 	 200 	 706 	 0
1787306600199 	 16 	 200 	 707 	 0
1787306600290 	 34 	 200 	 708 	 0
1787306600452 	 16 	 200 	 710 	 1
1787306600461 	 14 	 200 	 710 	 0
1787306600550 	 31 	 200 	 711 	 0
1787306600629 	 17 	 200 	 714 	 2
1787306600635 	 13 	 200 	 714 	 1
1787306600631 	 19 	 200 	 714 	 0
1787306600661 	 17 	 200 	 716 	 1
1787306600671 	 14 	 200 	 716 	 0
1787306600710 	 17 	 200 	 717 	 0
1787306600758 	 16 	 200 	 718 	 0
1787306600792 	 18 	 200 	 719 	 0
1787306600823 	 13 	 200 	 720 	 0
1787306600856 	 17 	 200 	 721 	 0
1787306600937 	 16 	 200 	 722 	 0
1787306600969 	 14 	 200 	 723 	 0
1787306601056 	 40 	 200 	 724 	 0
1787306601163 	 22 	 200 	 725 	 0
1787306601198 	 16 	 200 	 726 	 0
1787306601232 	 14 	 200 	 728 	 1
1787306601232 	 19 	 200 	 729 	 1
1787306601248 	 12 	 200 	 729 	 0
1787306601265 	 15 	 200 	 730 	 0
1787306601308 	 12 	 200 	 731 	 0
1787306601330 	 13 	 200 	 732 	 0
1787306601350 	 16 	 200 	 734 	 1
1787306601358 	 14 	 200 	 734 	 0
1787306601391 	 16 	 200 	 736 	 1
1787306601399 	 25 	 200 	 736 	 0
1787306601540 	 16 	 200 	 737 	 0
1787306601563 	 12 	 200 	 739 	 1
1787306601574 	 18 	 200 	 740 	 1
1787306601585 	 13 	 200 	 740 	 0
1787306601632 	 13 	 200 	 742 	 1
1787306601630 	 14 	 200 	 742 	 0
1787306601657 	 17 	 200 	 744 	 1
1787306601668 	 13 	 200 	 744 	 0
1787306601727 	 19 	 200 	 745 	 0
1787306601785 	 15 	 200 	 746 	 0
1787306601826 	 14 	 200 	 748 	 1
1787306601832 	 15 	 200 	 748 	 0
1787306601870 	 13 	 200 	 749 	 0
1787306602006 	 14 	 200 	 750 	 0
1787306602058 	 17 	 200 	 751 	 0
1787306602182 	 15 	 200 	 752 	 0
1787306602311 	 14 	 200 	 753 	 0
1787306602339 	 26 	 200 	 754 	 0
1787306602400 	 13 	 200 	 755 	 0
1787306602434 	 17 	 200 	 756 	 0
1787306602598 	 20 	 200 	 757 	 0
1787306602716 	 14 	 200 	 758 	 0
1787306602754 	 13 	 200 	 759 	 0
1787306602793 	 12 	 200 	 760 	 0
1787306602842 	 14 	 200 	 761 	 0
1787306602919 	 23 	 200 	 763 	 1
1787306602934 	 14 	 200 	 763 	 0
1787306603009 	 12 	 200 	 764 	 0
1787306603073 	 36 	 200 	 765 	 0
1787306603173 	 35 	 200 	 767 	 1
1787306603192 	 22 	 200 	 767 	 0
1787306603232 	 15 	 200 	 768 	 0
1787306603261 	 16 	 200 	 769 	 0
1787306603303 	 14 	 200 	 770 	 0
1787306603376 	 12 	 200 	 771 	 0
1787306603435 	 20 	 200 	 772 	 0
1787306603515 	 15 	 200 	 774 	 1
1787306603522 	 16 	 200 	 774 	 0
1787306603888 	 14 	 200 	 775 	 0
1787306603958 	 15 	 200 	 777 	 1
1787306603968 	 16 	 200 	 777 	 0
1787306604037 	 15 	 200 	 778 	 0
1787306604299 	 18 	 200 	 781 	 2
1787306604303 	 24 	 200 	 781 	 1
1787306604318 	 17 	 200 	 781 	 0
1787306604383 	 17 	 200 	 782 	 0
1787306604478 	 13 	 200 	 783 	 0
1787306604596 	 14 	 200 	 785 	 1
1787306604599 	 16 	 200 	 785 	 0
1787306604633 	 13 	 200 	 786 	 0
1787306604649 	 22 	 200 	 788 	 1
1787306604660 	 13 	 200 	 788 	 0
1787306604693 	 15 	 200 	 790 	 1
1787306604698 	 46 	 200 	 792 	 2
1787306604736 	 13 	 200 	 792 	 1
1787306604740 	 17 	 200 	 793 	 1
1787306604754 	 15 	 200 	 793 	 0
1787306604928 	 21 	 200 	 796 	 2
1787306604967 	 17 	 200 	 797 	 2
1787306604913 	 107 	 200 	 797 	 1
1787306605062 	 13 	 200 	 799 	 2
1787306605028 	 87 	 200 	 799 	 1
1787306604911 	 222 	 200 	 800 	 1
1787306605131 	 12 	 200 	 800 	 0
1787306605213 	 14 	 200 	 801 	 0
1787306605260 	 13 	 200 	 803 	 1
1787306605260 	 21 	 200 	 803 	 0
1787306605299 	 17 	 200 	 805 	 1
1787306605306 	 23 	 200 	 805 	 0
1787306605331 	 12 	 200 	 806 	 0
1787306605366 	 13 	 200 	 807 	 0
1787306605387 	 13 	 200 	 808 	 0
1787306605417 	 14 	 200 	 809 	 0
1787306605473 	 23 	 200 	 810 	 0
1787306605546 	 13 	 200 	 811 	 0
1787306605667 	 19 	 200 	 812 	 0
1787306605717 	 12 	 200 	 813 	 0
1787306605742 	 14 	 200 	 817 	 3
1787306605747 	 15 	 200 	 817 	 2
1787306605753 	 15 	 200 	 817 	 1
1787306605755 	 17 	 200 	 817 	 0
1787306605818 	 14 	 200 	 820 	 2
1787306605821 	 19 	 200 	 820 	 1
1787306605831 	 16 	 200 	 820 	 0
1787306605900 	 13 	 200 	 822 	 1
1787306605912 	 15 	 200 	 823 	 1
1787306605925 	 13 	 200 	 823 	 0
1787306606021 	 18 	 200 	 824 	 0
1787306606153 	 19 	 200 	 826 	 1
1787306606168 	 14 	 200 	 826 	 0
1787306606229 	 12 	 200 	 827 	 0
1787306606268 	 13 	 200 	 828 	 0
1787306606313 	 20 	 200 	 829 	 0
1787306606413 	 13 	 200 	 830 	 0
1787306606471 	 13 	 200 	 831 	 0
1787306606487 	 15 	 200 	 833 	 1
1787306606502 	 14 	 200 	 834 	 1
1787306606511 	 16 	 200 	 834 	 0
1787306606538 	 14 	 200 	 835 	 0
1787306606580 	 13 	 200 	 837 	 1
1787306606590 	 20 	 200 	 838 	 1
1787306606608 	 13 	 200 	 838 	 0
1787306606664 	 16 	 200 	 839 	 0
1787306606687 	 13 	 200 	 840 	 0
1787306606714 	 13 	 200 	 841 	 0
1787306606773 	 17 	 200 	 842 	 0
1787306606804 	 14 	 200 	 843 	 0
1787306606873 	 34 	 200 	 844 	 0
1787306607132 	 22 	 200 	 846 	 1
1787306607147 	 21 	 200 	 847 	 1
1787306607162 	 20 	 200 	 847 	 0
1787306607214 	 20 	 200 	 848 	 0
1787306607256 	 19 	 200 	 849 	 0
1787306607279 	 19 	 200 	 850 	 0
1787306607338 	 12 	 200 	 851 	 0
1787306607416 	 22 	 200 	 852 	 0
1787306607447 	 14 	 200 	 853 	 0
1787306607477 	 17 	 200 	 854 	 0
1787306607562 	 38 	 200 	 856 	 1
1787306607575 	 27 	 200 	 856 	 0
1787306607634 	 14 	 200 	 858 	 1
1787306607637 	 14 	 200 	 858 	 0
1787306607746 	 16 	 200 	 859 	 0
1787306607787 	 13 	 200 	 860 	 0
1787306607802 	 13 	 200 	 862 	 1
1787306607810 	 15 	 200 	 862 	 0
1787306607960 	 19 	 200 	 863 	 0
1787306608103 	 21 	 200 	 865 	 1
1787306608106 	 25 	 200 	 865 	 0
1787306608222 	 32 	 200 	 868 	 2
1787306608227 	 31 	 200 	 868 	 1
1787306608233 	 37 	 200 	 868 	 0
1787306608286 	 30 	 200 	 869 	 0
1787306608374 	 14 	 200 	 871 	 1
1787306608376 	 14 	 200 	 871 	 0
1787306608417 	 13 	 200 	 872 	 0
1787306608483 	 17 	 200 	 873 	 0
1787306608529 	 14 	 200 	 874 	 0
1787306608595 	 12 	 200 	 876 	 1
1787306608607 	 13 	 200 	 876 	 0
1787306608660 	 19 	 200 	 877 	 0
1787306608730 	 13 	 200 	 878 	 0
1787306608773 	 13 	 200 	 879 	 0
1787306608798 	 14 	 200 	 881 	 1
1787306608806 	 23 	 200 	 882 	 1
1787306608826 	 17 	 200 	 882 	 0
1787306608845 	 13 	 200 	 883 	 0
1787306608863 	 46 	 200 	 885 	 1
1787306608893 	 38 	 200 	 885 	 0
1787306608977 	 24 	 200 	 886 	 0
1787306609014 	 39 	 200 	 888 	 1
1787306609035 	 25 	 200 	 888 	 0
1787306609296 	 24 	 200 	 889 	 0
1787306609396 	 15 	 200 	 891 	 1
1787306609407 	 15 	 200 	 891 	 0
1787306609608 	 36 	 200 	 892 	 0
1787306609911 	 13 	 200 	 893 	 0
1787306610022 	 15 	 200 	 894 	 0
1787306610074 	 12 	 200 	 895 	 0
1787306610154 	 14 	 200 	 898 	 2
1787306610155 	 13 	 200 	 898 	 1
1787306610167 	 13 	 200 	 898 	 0
1787306610285 	 15 	 200 	 899 	 0
1787306610311 	 14 	 200 	 900 	 0
1787306610337 	 14 	 200 	 901 	 0
1787306610382 	 12 	 200 	 902 	 0
1787306610436 	 13 	 200 	 904 	 1
1787306610435 	 22 	 200 	 904 	 0
1787306610507 	 14 	 200 	 905 	 0
1787306610523 	 13 	 200 	 906 	 0
1787306610589 	 30 	 200 	 908 	 1
1787306610616 	 15 	 200 	 908 	 0
1787306610646 	 19 	 200 	 910 	 1
1787306610661 	 13 	 200 	 910 	 0
1787306610714 	 20 	 200 	 912 	 1
1787306610722 	 21 	 200 	 912 	 0
1787306610880 	 18 	 200 	 913 	 0
1787306610931 	 27 	 200 	 914 	 0
1787306610960 	 15 	 200 	 915 	 0
1787306611072 	 23 	 200 	 916 	 0
1787306611134 	 12 	 200 	 917 	 0
1787306611326 	 13 	 200 	 918 	 0
1787306611355 	 14 	 200 	 919 	 0
1787306611424 	 33 	 200 	 921 	 1
1787306611422 	 36 	 200 	 921 	 0
1787306611467 	 13 	 200 	 922 	 0
1787306611491 	 15 	 200 	 925 	 2
1787306611498 	 15 	 200 	 925 	 1
1787306611488 	 29 	 200 	 925 	 0
1787306611648 	 17 	 200 	 929 	 3
1787306611639 	 80 	 200 	 931 	 4
1787306611591 	 133 	 200 	 931 	 3
1787306611688 	 40 	 200 	 931 	 2
1787306611657 	 76 	 200 	 931 	 1
1787306611714 	 21 	 200 	 931 	 0
1787306611863 	 23 	 200 	 932 	 0
1787306611893 	 16 	 200 	 933 	 0
1787306612051 	 34 	 200 	 934 	 0
1787306612092 	 15 	 200 	 936 	 1
1787306612103 	 13 	 200 	 936 	 0
1787306612118 	 12 	 200 	 937 	 0
1787306612204 	 17 	 200 	 939 	 1
1787306612209 	 13 	 200 	 939 	 0
1787306612239 	 13 	 200 	 940 	 0
1787306612271 	 17 	 200 	 942 	 1
1787306612283 	 15 	 200 	 942 	 0
1787306612340 	 12 	 200 	 943 	 0
1787306612385 	 20 	 200 	 944 	 0
1787306612553 	 16 	 200 	 945 	 0
1787306612571 	 12 	 200 	 946 	 0
1787306612642 	 14 	 200 	 947 	 0
1787306612691 	 21 	 200 	 948 	 0
1787306612722 	 14 	 200 	 949 	 0
1787306612928 	 33 	 200 	 950 	 0
1787306612969 	 20 	 200 	 951 	 0
1787306613105 	 33 	 200 	 952 	 0
1787306613181 	 30 	 200 	 953 	 0
1787306613222 	 16 	 200 	 954 	 0
1787306613271 	 12 	 200 	 955 	 0
1787306613355 	 31 	 200 	 956 	 0
1787306613417 	 20 	 200 	 957 	 0
1787306613481 	 28 	 200 	 959 	 1
1787306613508 	 16 	 200 	 959 	 0
1787306613545 	 13 	 200 	 960 	 0
1787306613652 	 12 	 200 	 961 	 0
1787306613733 	 31 	 200 	 962 	 0
1787306613937 	 15 	 200 	 964 	 1
1787306613934 	 22 	 200 	 964 	 0
1787306613990 	 23 	 200 	 965 	 0
1787306614019 	 25 	 200 	 967 	 1
1787306614027 	 20 	 200 	 967 	 0
1787306614068 	 12 	 200 	 968 	 0
1787306614145 	 12 	 200 	 969 	 0
1787306614226 	 15 	 200 	 970 	 0
1787306614322 	 14 	 200 	 971 	 0
1787306614442 	 16 	 200 	 972 	 0
1787306614506 	 17 	 200 	 973 	 0
1787306614527 	 13 	 200 	 974 	 0
1787306614560 	 14 	 200 	 977 	 2
1787306614568 	 19 	 200 	 977 	 1
1787306614574 	 17 	 200 	 977 	 0
1787306614598 	 12 	 200 	 978 	 0
1787306614668 	 14 	 200 	 979 	 0
1787306614709 	 15 	 200 	 980 	 0
1787306614882 	 17 	 200 	 982 	 1
1787306614897 	 22 	 200 	 982 	 0
1787306614946 	 14 	 200 	 983 	 0
1787306614980 	 16 	 200 	 984 	 0
1787306615032 	 31 	 200 	 985 	 0
1787306615067 	 35 	 200 	 987 	 1
1787306615097 	 13 	 200 	 987 	 0
1787306615354 	 36 	 200 	 989 	 1
1787306615389 	 24 	 200 	 990 	 1
1787306615397 	 27 	 200 	 990 	 0
1787306615427 	 13 	 200 	 991 	 0
1787306615472 	 15 	 200 	 992 	 0
1787306615607 	 17 	 200 	 993 	 0
1787306615661 	 12 	 200 	 994 	 0
1787306615694 	 17 	 200 	 995 	 0
1787306615790 	 13 	 200 	 997 	 1
1787306615791 	 19 	 200 	 997 	 0
1787306615813 	 12 	 200 	 998 	 0
1787306615836 	 17 	 200 	 999 	 0
1787306615935 	 13 	 200 	 1001 	 1
1787306615943 	 14 	 200 	 1001 	 0
1787306616070 	 16 	 200 	 1002 	 0
1787306616113 	 16 	 200 	 1003 	 0
1787306616150 	 23 	 200 	 1004 	 0
1787306616219 	 14 	 200 	 1005 	 0
1787306616310 	 16 	 200 	 1006 	 0
1787306616337 	 24 	 200 	 1007 	 0
1787306616376 	 25 	 200 	 1009 	 1
1787306616382 	 32 	 200 	 1010 	 1
1787306616404 	 16 	 200 	 1010 	 0
1787306616434 	 13 	 200 	 1011 	 0
1787306616526 	 18 	 200 	 1013 	 1
1787306616526 	 19 	 200 	 1013 	 0
1787306616554 	 13 	 200 	 1015 	 1
1787306616561 	 15 	 200 	 1015 	 0
1787306616632 	 18 	 200 	 1018 	 2
1787306616638 	 15 	 200 	 1018 	 1
1787306616643 	 14 	 200 	 1018 	 0
1787306616683 	 14 	 200 	 1019 	 0
1787306616729 	 15 	 200 	 1022 	 2
1787306616734 	 22 	 200 	 1023 	 2
1787306616733 	 28 	 200 	 1023 	 1
1787306616754 	 14 	 200 	 1023 	 0
1787306616872 	 13 	 200 	 1024 	 0
1787306616903 	 17 	 200 	 1025 	 0
1787306616954 	 13 	 200 	 1026 	 0
1787306616986 	 13 	 200 	 1027 	 0
1787306617036 	 13 	 200 	 1028 	 0
1787306617067 	 33 	 200 	 1029 	 0
1787306617148 	 14 	 200 	 1030 	 0
1787306617232 	 17 	 200 	 1031 	 0
1787306617323 	 34 	 200 	 1032 	 0
1787306617389 	 28 	 200 	 1033 	 0
1787306617477 	 15 	 200 	 1035 	 1
1787306617488 	 18 	 200 	 1035 	 0
1787306617546 	 14 	 200 	 1036 	 0
1787306617592 	 17 	 200 	 1037 	 0
1787306617613 	 22 	 200 	 1040 	 2
1787306617626 	 17 	 200 	 1040 	 1
1787306617630 	 15 	 200 	 1040 	 0
1787306617664 	 13 	 200 	 1041 	 0
1787306617685 	 13 	 200 	 1042 	 0
1787306617755 	 18 	 200 	 1043 	 0
1787306617869 	 16 	 200 	 1044 	 0
1787306617888 	 13 	 200 	 1045 	 0
1787306617963 	 36 	 200 	 1046 	 0
1787306618004 	 31 	 200 	 1050 	 3
1787306618017 	 22 	 200 	 1050 	 2
1787306618021 	 20 	 200 	 1050 	 1
1787306618023 	 22 	 200 	 1050 	 0
1787306618090 	 35 	 200 	 1053 	 2
1787306618105 	 31 	 200 	 1053 	 1
1787306618122 	 20 	 200 	 1053 	 0
1787306618155 	 16 	 200 	 1055 	 1
1787306618164 	 14 	 200 	 1055 	 0
1787306618185 	 12 	 200 	 1056 	 0
1787306618337 	 22 	 200 	 1058 	 1
1787306618339 	 22 	 200 	 1058 	 0
1787306618461 	 15 	 200 	 1059 	 0
1787306618521 	 19 	 200 	 1060 	 0
1787306618618 	 31 	 200 	 1061 	 0
1787306618660 	 12 	 200 	 1062 	 0
1787306618716 	 14 	 200 	 1063 	 0
1787306619029 	 36 	 200 	 1064 	 0
1787306619102 	 20 	 200 	 1065 	 0
1787306619165 	 17 	 200 	 1068 	 2
1787306619169 	 16 	 200 	 1068 	 1
1787306619174 	 15 	 200 	 1068 	 0
1787306619204 	 16 	 200 	 1070 	 1
1787306619219 	 14 	 200 	 1071 	 1
1787306619233 	 14 	 200 	 1073 	 2
1787306619248 	 14 	 200 	 1073 	 1
1787306619247 	 14 	 200 	 1073 	 0
1787306619314 	 21 	 200 	 1074 	 0
1787306619364 	 14 	 200 	 1075 	 0
1787306619387 	 13 	 200 	 1076 	 0
1787306619436 	 16 	 200 	 1077 	 1
1787306619453 	 12 	 200 	 1078 	 0
1787306619510 	 17 	 200 	 1079 	 0
1787306619571 	 18 	 200 	 1080 	 0
1787306619606 	 14 	 200 	 1081 	 0
1787306619708 	 13 	 200 	 1082 	 0
1787306619841 	 18 	 200 	 1083 	 0
1787306619886 	 17 	 200 	 1084 	 0
1787306620022 	 32 	 200 	 1086 	 1
1787306620025 	 33 	 200 	 1086 	 0
1787306620071 	 14 	 200 	 1087 	 0
1787306620187 	 30 	 200 	 1089 	 1
1787306620219 	 13 	 200 	 1091 	 2
1787306620215 	 25 	 200 	 1091 	 1
1787306620231 	 15 	 200 	 1091 	 0
1787306620262 	 13 	 200 	 1092 	 0
1787306620311 	 17 	 200 	 1093 	 0
1787306620342 	 13 	 200 	 1095 	 1
1787306620347 	 15 	 200 	 1096 	 1
1787306620361 	 12 	 200 	 1096 	 0
1787306620380 	 14 	 200 	 1097 	 0
1787306620600 	 17 	 200 	 1098 	 0
1787306620630 	 14 	 200 	 1099 	 0
1787306620675 	 14 	 200 	 1101 	 1
1787306620702 	 18 	 200 	 1102 	 1
1787306620673 	 64 	 200 	 1102 	 0
1787306620762 	 18 	 200 	 1103 	 0
1787306620884 	 14 	 200 	 1105 	 1
1787306620896 	 14 	 200 	 1105 	 0
1787306620916 	 14 	 200 	 1107 	 1
1787306620918 	 14 	 200 	 1107 	 0
1787306620975 	 31 	 200 	 1108 	 0
1787306621042 	 18 	 200 	 1109 	 0
1787306621086 	 14 	 200 	 1110 	 0
1787306621169 	 16 	 200 	 1112 	 1
1787306621183 	 16 	 200 	 1113 	 1
1787306621201 	 13 	 200 	 1114 	 1
1787306621195 	 19 	 200 	 1114 	 0
1787306621233 	 21 	 200 	 1117 	 2
1787306621241 	 15 	 200 	 1117 	 1
1787306621248 	 18 	 200 	 1118 	 2
1787306621258 	 15 	 200 	 1119 	 1
1787306621267 	 14 	 200 	 1120 	 1
1787306621278 	 13 	 200 	 1120 	 0
1787306621314 	 13 	 200 	 1121 	 0
1787306621480 	 14 	 200 	 1122 	 0
1787306621518 	 12 	 200 	 1123 	 0
1787306621541 	 17 	 200 	 1124 	 0
1787306621563 	 13 	 200 	 1125 	 0
1787306621589 	 18 	 200 	 1126 	 0
1787306621628 	 15 	 200 	 1127 	 0
1787306621650 	 12 	 200 	 1128 	 0
1787306621675 	 12 	 200 	 1129 	 0
1787306621765 	 16 	 200 	 1130 	 0
1787306621829 	 17 	 200 	 1133 	 2
1787306621838 	 15 	 200 	 1133 	 1
1787306621842 	 15 	 200 	 1133 	 0
1787306621937 	 14 	 200 	 1134 	 0
1787306621979 	 13 	 200 	 1135 	 0
1787306622031 	 34 	 200 	 1137 	 1
1787306622057 	 28 	 200 	 1137 	 0
1787306622099 	 16 	 200 	 1138 	 0
1787306622169 	 13 	 200 	 1140 	 1
1787306622181 	 14 	 200 	 1140 	 0
1787306622287 	 14 	 200 	 1142 	 1
1787306622290 	 22 	 200 	 1142 	 0
1787306622331 	 16 	 200 	 1143 	 0
1787306622359 	 15 	 200 	 1144 	 0
1787306622444 	 15 	 200 	 1145 	 0
1787306622491 	 14 	 200 	 1148 	 2
1787306622501 	 18 	 200 	 1148 	 1
1787306622504 	 15 	 200 	 1148 	 0
1787306622551 	 15 	 200 	 1149 	 0
1787306622571 	 18 	 200 	 1152 	 2
1787306622577 	 18 	 200 	 1152 	 1
1787306622582 	 15 	 200 	 1152 	 0
1787306622649 	 16 	 200 	 1153 	 0
1787306622816 	 14 	 200 	 1155 	 1
1787306622806 	 25 	 200 	 1155 	 0
1787306622840 	 12 	 200 	 1156 	 0
1787306622903 	 39 	 200 	 1158 	 1
1787306622924 	 21 	 200 	 1158 	 0
1787306622999 	 32 	 200 	 1159 	 0
1787306623129 	 35 	 200 	 1161 	 1
1787306623144 	 27 	 200 	 1161 	 0
1787306623205 	 36 	 200 	 1162 	 0
1787306623295 	 17 	 200 	 1163 	 0
1787306623316 	 15 	 200 	 1164 	 0
1787306623345 	 13 	 200 	 1165 	 0
1787306623386 	 13 	 200 	 1166 	 0
1787306623442 	 16 	 200 	 1167 	 0
1787306623492 	 28 	 200 	 1169 	 1
1787306623511 	 17 	 200 	 1169 	 0
1787306623594 	 14 	 200 	 1170 	 0
1787306623663 	 14 	 200 	 1171 	 0
1787306623723 	 14 	 200 	 1172 	 0
1787306623739 	 12 	 200 	 1173 	 0
1787306623893 	 19 	 200 	 1174 	 0
1787306623979 	 16 	 200 	 1175 	 0
1787306624010 	 13 	 200 	 1176 	 0
1787306624166 	 14 	 200 	 1177 	 0
1787306624185 	 11 	 200 	 1178 	 0
1787306624234 	 17 	 200 	 1179 	 0
1787306624301 	 17 	 200 	 1181 	 1
1787306624306 	 13 	 200 	 1181 	 0
1787306624365 	 37 	 200 	 1183 	 1
1787306624385 	 19 	 200 	 1183 	 0
1787306624423 	 17 	 200 	 1184 	 0
1787306624443 	 18 	 200 	 1185 	 0
1787306624529 	 16 	 200 	 1186 	 0
1787306624657 	 14 	 200 	 1188 	 1
1787306624667 	 26 	 200 	 1188 	 0
1787306624776 	 16 	 200 	 1190 	 1
1787306624783 	 31 	 200 	 1192 	 2
1787306624801 	 15 	 200 	 1192 	 1
1787306624801 	 18 	 200 	 1192 	 0
1787306624837 	 13 	 200 	 1193 	 0
1787306624909 	 34 	 200 	 1195 	 1
1787306624929 	 22 	 200 	 1196 	 1
1787306624952 	 19 	 200 	 1197 	 1
1787306624971 	 14 	 200 	 1197 	 0
1787306624997 	 13 	 200 	 1198 	 0
1787306625044 	 34 	 200 	 1201 	 2
1787306625054 	 25 	 200 	 1201 	 1
1787306625071 	 38 	 200 	 1201 	 0
1787306625122 	 14 	 200 	 1203 	 1
1787306625128 	 16 	 200 	 1203 	 0
1787306625302 	 14 	 200 	 1204 	 0
1787306625321 	 15 	 200 	 1205 	 0
1787306625351 	 13 	 200 	 1207 	 1
1787306625357 	 13 	 200 	 1207 	 0
1787306625527 	 14 	 200 	 1208 	 0
1787306625557 	 13 	 200 	 1210 	 1
1787306625570 	 15 	 200 	 1210 	 0
1787306625595 	 18 	 200 	 1211 	 0
1787306625659 	 15 	 200 	 1212 	 0
1787306625684 	 14 	 200 	 1213 	 0
1787306625745 	 15 	 200 	 1215 	 1
1787306625749 	 13 	 200 	 1215 	 0
1787306625804 	 14 	 200 	 1216 	 0
1787306625841 	 13 	 200 	 1218 	 1
1787306625854 	 13 	 200 	 1218 	 0
1787306625872 	 12 	 200 	 1219 	 0
1787306625912 	 15 	 200 	 1220 	 0
1787306625999 	 13 	 200 	 1222 	 1
1787306626013 	 14 	 200 	 1223 	 1
1787306626016 	 13 	 200 	 1223 	 0
1787306626044 	 13 	 200 	 1224 	 0
1787306626163 	 15 	 200 	 1225 	 0
1787306626236 	 32 	 200 	 1228 	 2
1787306626246 	 22 	 200 	 1228 	 1
1787306626264 	 16 	 200 	 1228 	 0
1787306626329 	 33 	 200 	 1230 	 1
1787306626335 	 29 	 200 	 1230 	 0
1787306626418 	 18 	 200 	 1232 	 1
1787306626419 	 19 	 200 	 1232 	 0
1787306626451 	 19 	 200 	 1233 	 0
1787306626503 	 17 	 200 	 1235 	 1
1787306626507 	 23 	 200 	 1235 	 0
1787306626566 	 17 	 200 	 1236 	 0
1787306626591 	 15 	 200 	 1237 	 0
1787306626624 	 14 	 200 	 1238 	 0
1787306626744 	 28 	 200 	 1239 	 0
1787306626840 	 23 	 200 	 1240 	 0
1787306626956 	 15 	 200 	 1241 	 0
1787306626982 	 16 	 200 	 1242 	 0
1787306627065 	 30 	 200 	 1243 	 0
1787306627176 	 32 	 200 	 1245 	 1
1787306627207 	 33 	 200 	 1246 	 1
1787306627227 	 27 	 200 	 1246 	 0
1787306627321 	 15 	 200 	 1247 	 0
1787306627358 	 14 	 200 	 1248 	 0
1787306627427 	 18 	 200 	 1250 	 1
1787306627440 	 14 	 200 	 1250 	 0
1787306627468 	 12 	 200 	 1251 	 0
1787306627503 	 36 	 200 	 1252 	 0
1787306627584 	 18 	 200 	 1253 	 0
1787306627620 	 14 	 200 	 1254 	 0
1787306627707 	 18 	 200 	 1256 	 1
1787306627710 	 18 	 200 	 1256 	 0
1787306627763 	 15 	 200 	 1260 	 3
1787306627766 	 16 	 200 	 1260 	 2
1787306627765 	 27 	 200 	 1260 	 1
1787306627767 	 25 	 200 	 1260 	 0
1787306627813 	 12 	 200 	 1261 	 0
1787306627862 	 13 	 200 	 1262 	 0
1787306627892 	 14 	 200 	 1263 	 0
1787306627926 	 14 	 200 	 1264 	 0
1787306628091 	 27 	 200 	 1265 	 0
1787306628202 	 14 	 200 	 1266 	 0
1787306628227 	 12 	 200 	 1267 	 0
1787306628260 	 20 	 200 	 1268 	 0
1787306628318 	 37 	 200 	 1270 	 1
1787306628346 	 18 	 200 	 1270 	 0
1787306628376 	 14 	 200 	 1272 	 1
1787306628378 	 14 	 200 	 1272 	 0
1787306628471 	 76 	 200 	 1273 	 0
1787306628615 	 16 	 200 	 1274 	 0
1787306628639 	 15 	 200 	 1275 	 0
1787306628743 	 13 	 200 	 1277 	 1
1787306628826 	 40 	 200 	 1279 	 2
1787306628837 	 91 	 200 	 1279 	 1
1787306628734 	 197 	 200 	 1279 	 0
1787306628938 	 13 	 200 	 1280 	 0
1787306628972 	 14 	 200 	 1281 	 0
1787306628993 	 13 	 200 	 1284 	 2
1787306628995 	 13 	 200 	 1284 	 1
1787306629004 	 16 	 200 	 1284 	 0
1787306629096 	 29 	 200 	 1285 	 0
1787306629212 	 14 	 200 	 1286 	 0
1787306629333 	 14 	 200 	 1287 	 0
1787306629390 	 26 	 200 	 1289 	 1
1787306629410 	 14 	 200 	 1289 	 0
1787306629470 	 14 	 200 	 1291 	 1
1787306629480 	 15 	 200 	 1291 	 0
1787306629696 	 13 	 200 	 1292 	 0
1787306629720 	 13 	 200 	 1294 	 1
1787306629726 	 14 	 200 	 1294 	 0
1787306629792 	 13 	 200 	 1295 	 0
1787306629836 	 15 	 200 	 1296 	 0
1787306629899 	 14 	 200 	 1297 	 0
1787306629940 	 18 	 200 	 1298 	 0
1787306629964 	 12 	 200 	 1299 	 0
1787306630092 	 13 	 200 	 1300 	 0
1787306630112 	 14 	 200 	 1301 	 0
1787306630140 	 12 	 200 	 1303 	 1
1787306630152 	 12 	 200 	 1303 	 0
1787306630240 	 31 	 200 	 1305 	 1
1787306630253 	 22 	 200 	 1305 	 0
1787306630358 	 14 	 200 	 1306 	 0
1787306630430 	 15 	 200 	 1308 	 1
1787306630445 	 14 	 200 	 1309 	 1
1787306630451 	 15 	 200 	 1309 	 0
1787306630517 	 22 	 200 	 1310 	 0
1787306630629 	 16 	 200 	 1311 	 0
1787306630688 	 16 	 200 	 1312 	 0
1787306630721 	 30 	 200 	 1313 	 0
1787306630771 	 13 	 200 	 1314 	 0
1787306630821 	 32 	 200 	 1317 	 2
1787306630827 	 32 	 200 	 1317 	 1
1787306630842 	 19 	 200 	 1317 	 0
1787306630902 	 29 	 200 	 1318 	 0
1787306630969 	 20 	 200 	 1319 	 0
1787306631046 	 20 	 200 	 1320 	 0
1787306631108 	 21 	 200 	 1321 	 0
1787306631137 	 12 	 200 	 1322 	 0
1787306631173 	 29 	 200 	 1324 	 1
1787306631199 	 13 	 200 	 1324 	 0
1787306631299 	 17 	 200 	 1326 	 1
1787306631306 	 15 	 200 	 1326 	 0
1787306631495 	 21 	 200 	 1327 	 0
1787306631556 	 17 	 200 	 1329 	 1
1787306631558 	 19 	 200 	 1329 	 0
1787306631638 	 19 	 200 	 1330 	 0
1787306631692 	 37 	 200 	 1333 	 2
1787306631718 	 18 	 200 	 1333 	 1
1787306631729 	 13 	 200 	 1333 	 0
1787306631873 	 19 	 200 	 1334 	 0
1787306632046 	 36 	 200 	 1337 	 2
1787306632048 	 40 	 200 	 1337 	 1
1787306632067 	 34 	 200 	 1337 	 0
1787306632148 	 32 	 200 	 1338 	 0
1787306632285 	 14 	 200 	 1339 	 0
1787306632368 	 14 	 200 	 1340 	 0
1787306632425 	 17 	 200 	 1341 	 0
1787306632494 	 20 	 200 	 1342 	 0
1787306632626 	 20 	 200 	 1343 	 0
1787306632656 	 13 	 200 	 1344 	 0
1787306632919 	 16 	 200 	 1345 	 0
1787306632943 	 19 	 200 	 1346 	 0
1787306632976 	 12 	 200 	 1347 	 0
1787306633069 	 21 	 200 	 1350 	 2
1787306633086 	 15 	 200 	 1350 	 1
1787306633084 	 16 	 200 	 1350 	 0
1787306633121 	 14 	 200 	 1351 	 0
1787306633204 	 31 	 200 	 1352 	 0
1787306633265 	 17 	 200 	 1354 	 1
1787306633259 	 22 	 200 	 1354 	 0
1787306633356 	 22 	 200 	 1355 	 0
1787306633651 	 17 	 200 	 1357 	 1
1787306633655 	 14 	 200 	 1357 	 0
1787306633730 	 21 	 200 	 1358 	 0
1787306633777 	 14 	 200 	 1359 	 0
1787306633835 	 13 	 200 	 1360 	 0
1787306634019 	 31 	 200 	 1361 	 0
1787306634151 	 32 	 200 	 1362 	 0
1787306634202 	 21 	 200 	 1366 	 3
1787306634192 	 41 	 200 	 1366 	 2
1787306634208 	 28 	 200 	 1366 	 1
1787306634222 	 22 	 200 	 1366 	 0
1787306634263 	 14 	 200 	 1367 	 0
1787306634289 	 15 	 200 	 1368 	 0
1787306634334 	 13 	 200 	 1369 	 0
1787306634385 	 20 	 200 	 1370 	 0
1787306634474 	 17 	 200 	 1372 	 1
1787306634476 	 23 	 200 	 1372 	 0
1787306634543 	 14 	 200 	 1373 	 0
1787306634633 	 109 	 200 	 1376 	 2
1787306634571 	 173 	 200 	 1376 	 1
1787306634736 	 18 	 200 	 1377 	 1
1787306634755 	 23 	 200 	 1378 	 1
1787306634762 	 16 	 200 	 1378 	 0
1787306634832 	 15 	 200 	 1379 	 0
1787306634903 	 13 	 200 	 1380 	 0
1787306634952 	 32 	 200 	 1382 	 1
1787306634974 	 19 	 200 	 1382 	 0
1787306635041 	 12 	 200 	 1383 	 0
1787306635060 	 19 	 200 	 1384 	 0
1787306635164 	 35 	 200 	 1385 	 0
1787306635247 	 14 	 200 	 1386 	 0
1787306635274 	 13 	 200 	 1387 	 0
1787306635359 	 24 	 200 	 1390 	 2
1787306635392 	 15 	 200 	 1393 	 4
1787306635376 	 95 	 200 	 1393 	 3
1787306635402 	 180 	 200 	 1394 	 3
1787306635603 	 22 	 200 	 1396 	 4
1787306635646 	 30 	 200 	 1397 	 4
1787306635600 	 124 	 200 	 1398 	 4
1787306635392 	 380 	 200 	 1399 	 4
1787306635565 	 207 	 200 	 1399 	 3
1787306635754 	 19 	 200 	 1399 	 2
1787306635715 	 59 	 200 	 1399 	 1
1787306635781 	 14 	 200 	 1400 	 1
1787306635818 	 13 	 200 	 1401 	 1
1787306635835 	 39 	 200 	 1404 	 3
1787306635862 	 14 	 200 	 1404 	 2
1787306635899 	 25 	 200 	 1405 	 2
1787306635958 	 14 	 200 	 1406 	 2
1787306635861 	 126 	 200 	 1406 	 1
1787306635339 	 674 	 200 	 1406 	 0
1787306636043 	 13 	 200 	 1407 	 0
1787306636060 	 17 	 200 	 1409 	 1
1787306636070 	 15 	 200 	 1409 	 0
1787306636113 	 16 	 200 	 1410 	 0
1787306636192 	 35 	 200 	 1411 	 0
1787306636247 	 13 	 200 	 1413 	 1
1787306636256 	 12 	 200 	 1413 	 0
1787306636347 	 14 	 200 	 1414 	 0
1787306636402 	 14 	 200 	 1415 	 0
1787306636427 	 35 	 200 	 1416 	 0
1787306636463 	 16 	 200 	 1417 	 0
1787306636538 	 19 	 200 	 1418 	 0
1787306636562 	 13 	 200 	 1419 	 0
1787306636618 	 12 	 200 	 1420 	 0
1787306636647 	 17 	 200 	 1422 	 1
1787306636647 	 17 	 200 	 1422 	 0
1787306636814 	 16 	 200 	 1423 	 0
1787306636834 	 13 	 200 	 1424 	 0
1787306636869 	 12 	 200 	 1425 	 0
1787306636931 	 16 	 200 	 1427 	 1
1787306636940 	 21 	 200 	 1428 	 1
1787306636958 	 15 	 200 	 1428 	 0
1787306637050 	 33 	 200 	 1430 	 1
1787306637075 	 31 	 200 	 1430 	 0
1787306637142 	 14 	 200 	 1431 	 0
1787306637173 	 20 	 200 	 1432 	 0
1787306637306 	 19 	 200 	 1434 	 1
1787306637322 	 72 	 200 	 1434 	 0
1787306637406 	 13 	 200 	 1435 	 0
1787306637504 	 20 	 200 	 1436 	 0
1787306637646 	 13 	 200 	 1437 	 0
1787306637808 	 13 	 200 	 1438 	 0
1787306637830 	 14 	 200 	 1439 	 0
1787306637908 	 13 	 200 	 1440 	 0
1787306637941 	 16 	 200 	 1441 	 0
1787306637995 	 14 	 200 	 1442 	 0
1787306638015 	 13 	 200 	 1444 	 1
1787306638024 	 14 	 200 	 1445 	 1
1787306638038 	 11 	 200 	 1445 	 0
1787306638058 	 14 	 200 	 1446 	 0
1787306638106 	 18 	 200 	 1447 	 0
1787306638234 	 19 	 200 	 1448 	 0
1787306638284 	 17 	 200 	 1449 	 0
1787306638328 	 33 	 200 	 1450 	 0
1787306638531 	 33 	 200 	 1451 	 0
1787306638627 	 13 	 200 	 1452 	 0
1787306638645 	 15 	 200 	 1453 	 0
1787306638734 	 17 	 200 	 1455 	 2
1787306638747 	 14 	 200 	 1456 	 1
1787306638752 	 22 	 200 	 1457 	 1
1787306638771 	 13 	 200 	 1457 	 0
1787306638853 	 27 	 200 	 1459 	 1
1787306638862 	 22 	 200 	 1459 	 0
1787306638961 	 16 	 200 	 1460 	 0
1787306638985 	 12 	 200 	 1461 	 0
1787306639086 	 41 	 200 	 1462 	 0
1787306639146 	 22 	 200 	 1463 	 0
1787306639216 	 40 	 200 	 1464 	 0
1787306639285 	 16 	 200 	 1465 	 0
1787306639345 	 33 	 200 	 1466 	 0
1787306639440 	 23 	 200 	 1467 	 0
1787306639487 	 14 	 200 	 1468 	 0
1787306639515 	 17 	 200 	 1469 	 0
1787306639595 	 22 	 200 	 1470 	 0
1787306639860 	 15 	 200 	 1471 	 0
1787306639991 	 19 	 200 	 1472 	 0
1787306640090 	 30 	 200 	 1474 	 1
1787306640114 	 18 	 200 	 1475 	 1
1787306640132 	 13 	 200 	 1475 	 0
1787306640205 	 33 	 200 	 1476 	 0
1787306640278 	 34 	 200 	 1477 	 0
1787306640379 	 15 	 200 	 1478 	 0
1787306640446 	 22 	 200 	 1479 	 0
1787306640485 	 28 	 200 	 1480 	 0
1787306640555 	 15 	 200 	 1481 	 0
1787306640571 	 17 	 200 	 1482 	 0
1787306640601 	 12 	 200 	 1483 	 0
1787306640708 	 16 	 200 	 1484 	 0
1787306640763 	 16 	 200 	 1485 	 0
1787306640896 	 22 	 200 	 1486 	 0
1787306640935 	 14 	 200 	 1487 	 0
1787306641015 	 37 	 200 	 1489 	 1
1787306641035 	 29 	 200 	 1489 	 0
1787306641239 	 33 	 200 	 1490 	 0
1787306641308 	 14 	 200 	 1491 	 0
1787306641356 	 13 	 200 	 1493 	 1
1787306641358 	 13 	 200 	 1493 	 0
1787306641459 	 14 	 200 	 1495 	 1
1787306641474 	 12 	 200 	 1495 	 0
1787306641496 	 14 	 200 	 1496 	 0
1787306641521 	 15 	 200 	 1499 	 2
1787306641528 	 14 	 200 	 1499 	 1
1787306641532 	 14 	 200 	 1499 	 0
1787306641565 	 12 	 200 	 1500 	 0
1787306641613 	 14 	 200 	 1501 	 0
1787306641704 	 29 	 200 	 1503 	 1
1787306641727 	 21 	 200 	 1504 	 1
1787306641748 	 16 	 200 	 1504 	 0
1787306641788 	 14 	 200 	 1505 	 0
1787306641806 	 15 	 200 	 1507 	 1
1787306641808 	 14 	 200 	 1507 	 0
1787306641831 	 14 	 200 	 1508 	 0
1787306642135 	 39 	 200 	 1510 	 1
1787306642147 	 33 	 200 	 1510 	 0
1787306642219 	 14 	 200 	 1513 	 2
1787306642217 	 17 	 200 	 1513 	 1
1787306642224 	 15 	 200 	 1513 	 0
1787306642347 	 31 	 200 	 1514 	 0
1787306642391 	 38 	 200 	 1515 	 0
1787306642450 	 24 	 200 	 1516 	 0
1787306642484 	 12 	 200 	 1518 	 1
1787306642495 	 14 	 200 	 1518 	 0
1787306642537 	 15 	 200 	 1520 	 1
1787306642537 	 17 	 200 	 1520 	 0
1787306642570 	 24 	 200 	 1522 	 1
1787306642574 	 36 	 200 	 1522 	 0
1787306642684 	 33 	 200 	 1523 	 0
1787306642774 	 20 	 200 	 1525 	 1
1787306642781 	 18 	 200 	 1526 	 1
1787306642800 	 14 	 200 	 1527 	 1
1787306642797 	 19 	 200 	 1527 	 0
1787306642968 	 26 	 200 	 1528 	 0
1787306643012 	 14 	 200 	 1530 	 1
1787306643015 	 15 	 200 	 1530 	 0
1787306643187 	 27 	 200 	 1531 	 0
1787306643317 	 14 	 200 	 1533 	 1
1787306643322 	 13 	 200 	 1533 	 0
1787306643376 	 12 	 200 	 1535 	 1
1787306643388 	 13 	 200 	 1535 	 0
1787306643444 	 13 	 200 	 1536 	 0
1787306643512 	 13 	 200 	 1537 	 0
1787306643666 	 13 	 200 	 1538 	 0
1787306643747 	 22 	 200 	 1539 	 0
1787306643918 	 14 	 200 	 1540 	 0
1787306643935 	 16 	 200 	 1541 	 0
1787306644071 	 34 	 200 	 1542 	 0
1787306644171 	 30 	 200 	 1543 	 0
1787306644306 	 38 	 200 	 1545 	 1
1787306644341 	 25 	 200 	 1545 	 0
1787306644827 	 13 	 200 	 1546 	 0
1787306644913 	 12 	 200 	 1547 	 0
1787306644945 	 18 	 200 	 1549 	 1
1787306644947 	 29 	 200 	 1549 	 0
1787306645013 	 16 	 200 	 1550 	 0
1787306645071 	 32 	 200 	 1551 	 0
1787306645243 	 35 	 200 	 1552 	 0
1787306645293 	 18 	 200 	 1553 	 0
1787306645322 	 15 	 200 	 1554 	 0
1787306645539 	 16 	 200 	 1555 	 0
1787306645602 	 16 	 200 	 1556 	 0
1787306645629 	 12 	 200 	 1559 	 2
1787306645625 	 20 	 200 	 1559 	 1
1787306645630 	 18 	 200 	 1559 	 0
1787306645697 	 16 	 200 	 1560 	 0
1787306645717 	 13 	 200 	 1562 	 1
1787306645718 	 17 	 200 	 1562 	 0
1787306645774 	 21 	 200 	 1564 	 1
1787306645779 	 17 	 200 	 1564 	 0
1787306645818 	 17 	 200 	 1565 	 0
1787306645871 	 16 	 200 	 1566 	 0
1787306645910 	 16 	 200 	 1569 	 2
1787306645917 	 16 	 200 	 1569 	 1
1787306645919 	 17 	 200 	 1569 	 0
1787306646058 	 13 	 200 	 1571 	 1
1787306646095 	 12 	 200 	 1572 	 1
1787306646131 	 13 	 200 	 1575 	 3
1787306646139 	 29 	 200 	 1575 	 2
1787306646141 	 63 	 200 	 1575 	 1
1787306646024 	 197 	 200 	 1575 	 0
1787306646260 	 13 	 200 	 1576 	 0
1787306646298 	 12 	 200 	 1577 	 0
1787306646313 	 16 	 200 	 1578 	 0
1787306646439 	 12 	 200 	 1579 	 0
1787306646519 	 12 	 200 	 1580 	 0
1787306646612 	 15 	 200 	 1581 	 0
1787306646634 	 14 	 200 	 1583 	 1
1787306646643 	 13 	 200 	 1583 	 0
1787306646732 	 19 	 200 	 1584 	 0
1787306646832 	 15 	 200 	 1585 	 0
1787306647125 	 31 	 200 	 1586 	 0
1787306647282 	 15 	 200 	 1589 	 2
1787306647293 	 15 	 200 	 1589 	 1
1787306647294 	 15 	 200 	 1590 	 1
1787306647310 	 12 	 200 	 1590 	 0
1787306647380 	 17 	 200 	 1592 	 1
1787306647388 	 15 	 200 	 1592 	 0
1787306647459 	 17 	 200 	 1593 	 0
1787306647534 	 17 	 200 	 1594 	 0
1787306647574 	 30 	 200 	 1595 	 0
1787306647805 	 15 	 200 	 1596 	 0
1787306647901 	 18 	 200 	 1597 	 0
1787306648013 	 32 	 200 	 1600 	 2
1787306648035 	 36 	 200 	 1600 	 1
1787306648044 	 32 	 200 	 1600 	 0
1787306648093 	 16 	 200 	 1601 	 0
1787306648115 	 12 	 200 	 1602 	 0
1787306648188 	 27 	 200 	 1604 	 1
1787306648210 	 15 	 200 	 1604 	 0
1787306648278 	 13 	 200 	 1605 	 0
1787306648385 	 15 	 200 	 1608 	 2
1787306648386 	 17 	 200 	 1608 	 1
1787306648391 	 21 	 200 	 1608 	 0
1787306648430 	 13 	 200 	 1609 	 0
1787306648445 	 12 	 200 	 1610 	 0
1787306648615 	 13 	 200 	 1611 	 0
1787306648656 	 15 	 200 	 1612 	 0
1787306648680 	 15 	 200 	 1613 	 0
1787306648779 	 15 	 200 	 1614 	 0
1787306648855 	 14 	 200 	 1616 	 1
1787306648858 	 12 	 200 	 1616 	 0
1787306648911 	 12 	 200 	 1618 	 1
1787306648915 	 15 	 200 	 1618 	 0
1787306648977 	 13 	 200 	 1619 	 0
1787306649055 	 34 	 200 	 1621 	 1
1787306649087 	 28 	 200 	 1622 	 1
1787306649100 	 17 	 200 	 1622 	 0
1787306649214 	 35 	 200 	 1624 	 1
1787306649216 	 36 	 200 	 1624 	 0
1787306649353 	 14 	 200 	 1626 	 1
1787306649364 	 15 	 200 	 1626 	 0
1787306649386 	 12 	 200 	 1627 	 0
1787306649442 	 13 	 200 	 1628 	 0
1787306649471 	 12 	 200 	 1629 	 0
1787306649513 	 15 	 200 	 1632 	 2
1787306649521 	 18 	 200 	 1632 	 1
1787306649527 	 14 	 200 	 1632 	 0
1787306649624 	 15 	 200 	 1634 	 1
1787306649640 	 12 	 200 	 1634 	 0
1787306649693 	 25 	 200 	 1635 	 0
1787306649734 	 13 	 200 	 1636 	 0
1787306649778 	 16 	 200 	 1637 	 0
1787306649862 	 15 	 200 	 1639 	 1
1787306650016 	 16 	 200 	 1640 	 1
1787306650059 	 13 	 200 	 1642 	 2
1787306650055 	 87 	 200 	 1643 	 2
1787306649798 	 383 	 200 	 1643 	 1
1787306650139 	 49 	 200 	 1644 	 1
1787306650186 	 14 	 200 	 1644 	 0
1787306650239 	 17 	 200 	 1645 	 0
1787306650307 	 29 	 200 	 1646 	 0
1787306650363 	 19 	 200 	 1647 	 0
1787306650429 	 15 	 200 	 1648 	 0
1787306650481 	 17 	 200 	 1649 	 0
1787306650518 	 15 	 200 	 1650 	 0
1787306650553 	 22 	 200 	 1653 	 2
1787306650553 	 24 	 200 	 1653 	 1
1787306650572 	 15 	 200 	 1654 	 1
1787306650583 	 15 	 200 	 1654 	 0
1787306650602 	 14 	 200 	 1657 	 2
1787306650606 	 17 	 200 	 1657 	 1
1787306650617 	 13 	 200 	 1657 	 0
1787306650757 	 17 	 200 	 1658 	 0
1787306651005 	 14 	 200 	 1659 	 0
1787306651041 	 12 	 200 	 1660 	 0
1787306651100 	 33 	 200 	 1663 	 2
1787306651101 	 35 	 200 	 1663 	 1
1787306651111 	 34 	 200 	 1663 	 0
1787306651285 	 22 	 200 	 1664 	 0
1787306651342 	 38 	 200 	 1668 	 3
1787306651370 	 17 	 200 	 1668 	 2
1787306651361 	 27 	 200 	 1668 	 1
1787306651368 	 21 	 200 	 1668 	 0
1787306651460 	 14 	 200 	 1670 	 1
1787306651473 	 20 	 200 	 1671 	 1
1787306651478 	 17 	 200 	 1671 	 0
1787306651532 	 15 	 200 	 1673 	 1
1787306651537 	 13 	 200 	 1673 	 0
1787306651610 	 15 	 200 	 1674 	 0
1787306651655 	 13 	 200 	 1675 	 0
1787306651701 	 14 	 200 	 1677 	 1
1787306651708 	 17 	 200 	 1677 	 0
1787306651751 	 13 	 200 	 1678 	 0
1787306651851 	 15 	 200 	 1679 	 0
1787306651973 	 13 	 200 	 1680 	 0
1787306652061 	 22 	 200 	 1683 	 2
1787306652045 	 45 	 200 	 1683 	 1
1787306652051 	 43 	 200 	 1683 	 0
1787306652114 	 14 	 200 	 1684 	 0
1787306652221 	 13 	 200 	 1685 	 0
1787306652297 	 17 	 200 	 1688 	 2
1787306652305 	 13 	 200 	 1688 	 1
1787306652314 	 15 	 200 	 1688 	 0
1787306652345 	 14 	 200 	 1690 	 1
1787306652349 	 17 	 200 	 1690 	 0
1787306652387 	 14 	 200 	 1692 	 1
1787306652383 	 21 	 200 	 1692 	 0
1787306652419 	 15 	 200 	 1693 	 0
1787306652472 	 13 	 200 	 1695 	 1
1787306652487 	 17 	 200 	 1697 	 2
1787306652485 	 20 	 200 	 1697 	 1
1787306652495 	 22 	 200 	 1697 	 0
1787306652617 	 17 	 200 	 1698 	 0
1787306652788 	 13 	 200 	 1699 	 0
1787306652866 	 14 	 200 	 1700 	 0
1787306652893 	 17 	 200 	 1701 	 0
1787306652917 	 13 	 200 	 1702 	 0
1787306652932 	 13 	 200 	 1703 	 0
1787306652952 	 12 	 200 	 1704 	 0
1787306653036 	 31 	 200 	 1706 	 1
1787306653052 	 24 	 200 	 1706 	 0
1787306653089 	 18 	 200 	 1707 	 0
1787306653126 	 14 	 200 	 1708 	 0
1787306653145 	 14 	 200 	 1709 	 0
1787306653165 	 13 	 200 	 1710 	 0
1787306653183 	 16 	 200 	 1711 	 0
1787306653255 	 37 	 200 	 1714 	 2
1787306653261 	 31 	 200 	 1714 	 1
1787306653276 	 19 	 200 	 1714 	 0
1787306653319 	 13 	 200 	 1715 	 0
1787306653358 	 34 	 200 	 1717 	 1
1787306653386 	 16 	 200 	 1719 	 2
1787306653401 	 13 	 200 	 1719 	 1
1787306653395 	 20 	 200 	 1719 	 0
1787306653466 	 14 	 200 	 1721 	 2
1787306653474 	 16 	 200 	 1722 	 1
1787306653481 	 12 	 200 	 1722 	 0
1787306653589 	 29 	 200 	 1723 	 0
1787306653635 	 13 	 200 	 1724 	 0
1787306653658 	 14 	 200 	 1726 	 1
1787306653655 	 23 	 200 	 1726 	 0
1787306653690 	 13 	 200 	 1727 	 0
1787306653772 	 14 	 200 	 1728 	 0
1787306653854 	 36 	 200 	 1729 	 0
1787306653914 	 18 	 200 	 1730 	 0
1787306653960 	 14 	 200 	 1731 	 0
1787306654030 	 16 	 200 	 1732 	 0
1787306654253 	 35 	 200 	 1734 	 1
1787306654268 	 28 	 200 	 1734 	 0
1787306654337 	 18 	 200 	 1736 	 1
1787306654347 	 17 	 200 	 1736 	 0
1787306654382 	 14 	 200 	 1737 	 0
1787306654462 	 14 	 200 	 1738 	 0
1787306654568 	 15 	 200 	 1739 	 0
1787306654614 	 17 	 200 	 1741 	 1
1787306654618 	 15 	 200 	 1741 	 0
1787306654641 	 12 	 200 	 1742 	 0
1787306654730 	 16 	 200 	 1745 	 2
1787306654732 	 16 	 200 	 1745 	 1
1787306654745 	 17 	 200 	 1745 	 0
1787306654772 	 14 	 200 	 1746 	 0
1787306654817 	 13 	 200 	 1748 	 1
1787306654827 	 12 	 200 	 1748 	 0
1787306654864 	 13 	 200 	 1749 	 0
1787306654921 	 15 	 200 	 1750 	 0
1787306654972 	 12 	 200 	 1751 	 0
1787306655028 	 13 	 200 	 1752 	 0
1787306655057 	 14 	 200 	 1753 	 0
1787306655074 	 12 	 200 	 1755 	 1
1787306655086 	 13 	 200 	 1755 	 0
1787306655109 	 13 	 200 	 1756 	 0
1787306655154 	 17 	 200 	 1757 	 0
1787306655230 	 39 	 200 	 1758 	 0
1787306655310 	 13 	 200 	 1759 	 0
1787306655431 	 16 	 200 	 1760 	 0
1787306655459 	 12 	 200 	 1761 	 0
1787306655612 	 24 	 200 	 1762 	 0
1787306655764 	 27 	 200 	 1764 	 1
1787306655779 	 17 	 200 	 1764 	 0
1787306655882 	 14 	 200 	 1766 	 1
1787306655886 	 18 	 200 	 1766 	 0
1787306655932 	 15 	 200 	 1767 	 0
1787306655954 	 14 	 200 	 1769 	 1
1787306655968 	 19 	 200 	 1769 	 0
1787306656007 	 37 	 200 	 1770 	 0
1787306656059 	 59 	 200 	 1773 	 2
1787306656103 	 20 	 200 	 1773 	 1
1787306656063 	 61 	 200 	 1773 	 0
1787306656176 	 42 	 200 	 1775 	 1
1787306656180 	 38 	 200 	 1775 	 0
1787306656350 	 15 	 200 	 1777 	 1
1787306656359 	 13 	 200 	 1777 	 0
1787306656512 	 14 	 200 	 1779 	 1
1787306656524 	 12 	 200 	 1779 	 0
1787306656548 	 12 	 200 	 1780 	 0
1787306656712 	 14 	 200 	 1781 	 0
1787306656805 	 13 	 200 	 1782 	 0
1787306656822 	 18 	 200 	 1784 	 1
1787306656826 	 16 	 200 	 1784 	 0
1787306656853 	 17 	 200 	 1786 	 1
1787306656863 	 16 	 200 	 1787 	 1
1787306656872 	 13 	 200 	 1787 	 0
1787306657120 	 17 	 200 	 1788 	 0
1787306657188 	 30 	 200 	 1789 	 0
1787306657266 	 15 	 200 	 1791 	 1
1787306657269 	 14 	 200 	 1791 	 0
1787306657347 	 22 	 200 	 1793 	 1
1787306657354 	 15 	 200 	 1793 	 0
1787306657451 	 13 	 200 	 1794 	 0
1787306657491 	 14 	 200 	 1795 	 0
1787306657522 	 13 	 200 	 1797 	 1
1787306657531 	 14 	 200 	 1797 	 0
1787306657549 	 16 	 200 	 1799 	 1
1787306657558 	 12 	 200 	 1799 	 0
1787306657602 	 13 	 200 	 1800 	 0
1787306657674 	 18 	 200 	 1801 	 0
1787306657711 	 13 	 200 	 1802 	 0
1787306657737 	 23 	 200 	 1805 	 2
1787306657742 	 24 	 200 	 1805 	 1
1787306657756 	 14 	 200 	 1805 	 0
1787306657874 	 26 	 200 	 1807 	 1
1787306657884 	 21 	 200 	 1807 	 0
1787306657953 	 24 	 200 	 1808 	 0
1787306657982 	 12 	 200 	 1809 	 1
1787306657996 	 13 	 200 	 1810 	 0
1787306658154 	 35 	 200 	 1811 	 0
1787306658321 	 39 	 200 	 1812 	 0
1787306658379 	 25 	 200 	 1816 	 3
1787306658383 	 24 	 200 	 1816 	 2
1787306658393 	 27 	 200 	 1816 	 1
1787306658398 	 25 	 200 	 1816 	 0
1787306658456 	 14 	 200 	 1818 	 1
1787306658463 	 13 	 200 	 1818 	 0
1787306658491 	 13 	 200 	 1819 	 0
1787306658534 	 14 	 200 	 1820 	 0
1787306658657 	 13 	 200 	 1821 	 0
1787306658710 	 12 	 200 	 1822 	 0
1787306658781 	 14 	 200 	 1823 	 0
1787306658869 	 14 	 200 	 1824 	 0
1787306658884 	 14 	 200 	 1825 	 0
1787306659019 	 15 	 200 	 1826 	 0
1787306659089 	 30 	 200 	 1827 	 0
1787306659195 	 26 	 200 	 1828 	 0
1787306659290 	 30 	 200 	 1830 	 1
1787306659293 	 31 	 200 	 1830 	 0
1787306659383 	 16 	 200 	 1831 	 0
1787306659406 	 13 	 200 	 1832 	 0
1787306659423 	 14 	 200 	 1834 	 1
1787306659432 	 15 	 200 	 1834 	 0
1787306659478 	 13 	 200 	 1835 	 0
1787306659541 	 20 	 200 	 1836 	 0
1787306659618 	 15 	 200 	 1837 	 0
1787306659686 	 14 	 200 	 1838 	 0
1787306659727 	 29 	 200 	 1839 	 0
1787306659892 	 22 	 200 	 1841 	 1
1787306659913 	 12 	 200 	 1841 	 0
1787306660068 	 13 	 200 	 1842 	 0
1787306660199 	 21 	 200 	 1845 	 2
1787306660177 	 45 	 200 	 1845 	 1
1787306660206 	 27 	 200 	 1845 	 0
1787306660271 	 15 	 200 	 1847 	 1
1787306660284 	 15 	 200 	 1847 	 0
1787306660334 	 15 	 200 	 1848 	 0
1787306660410 	 14 	 200 	 1849 	 0
1787306660440 	 14 	 200 	 1850 	 0
1787306660459 	 14 	 200 	 1851 	 0
1787306660537 	 17 	 200 	 1852 	 0
1787306660612 	 13 	 200 	 1853 	 0
1787306660668 	 36 	 200 	 1854 	 0
1787306660856 	 13 	 200 	 1856 	 1
1787306660865 	 13 	 200 	 1856 	 0
1787306660904 	 13 	 200 	 1857 	 0
1787306661032 	 32 	 200 	 1858 	 0
1787306661098 	 19 	 200 	 1861 	 2
1787306661118 	 14 	 200 	 1861 	 1
1787306661114 	 26 	 200 	 1861 	 0
1787306661198 	 44 	 200 	 1863 	 1
1787306661207 	 40 	 200 	 1863 	 0
1787306661359 	 14 	 200 	 1864 	 0
1787306661457 	 15 	 200 	 1865 	 0
1787306661496 	 13 	 200 	 1866 	 0
1787306661539 	 12 	 200 	 1867 	 0
1787306661561 	 14 	 200 	 1869 	 1
1787306661571 	 15 	 200 	 1869 	 0
1787306661606 	 15 	 200 	 1870 	 0
1787306661647 	 14 	 200 	 1872 	 1
1787306661650 	 13 	 200 	 1872 	 0
1787306661749 	 24 	 200 	 1873 	 0
1787306661840 	 17 	 200 	 1874 	 0
1787306661874 	 13 	 200 	 1876 	 1
1787306661887 	 13 	 200 	 1876 	 0
1787306661951 	 13 	 200 	 1877 	 0
1787306662052 	 33 	 200 	 1882 	 4
1787306662060 	 31 	 200 	 1882 	 3
1787306662064 	 31 	 200 	 1882 	 2
1787306662078 	 18 	 200 	 1882 	 1
1787306662067 	 30 	 200 	 1882 	 0
1787306662130 	 42 	 200 	 1884 	 1
1787306662162 	 27 	 200 	 1884 	 0
1787306662296 	 23 	 200 	 1886 	 1
1787306662307 	 14 	 200 	 1886 	 0
1787306662369 	 36 	 200 	 1887 	 0
1787306662419 	 13 	 200 	 1889 	 1
1787306662426 	 19 	 200 	 1889 	 0
1787306662501 	 21 	 200 	 1890 	 0
1787306662528 	 13 	 200 	 1891 	 0
1787306662612 	 15 	 200 	 1893 	 1
1787306662617 	 13 	 200 	 1893 	 0
1787306662640 	 14 	 200 	 1894 	 0
1787306662664 	 13 	 200 	 1895 	 0
1787306662693 	 15 	 200 	 1896 	 0
1787306662723 	 13 	 200 	 1898 	 1
1787306662720 	 19 	 200 	 1898 	 0
1787306662883 	 13 	 200 	 1899 	 0
1787306662901 	 14 	 200 	 1900 	 0
1787306662922 	 13 	 200 	 1901 	 0
1787306663095 	 25 	 200 	 1902 	 0
1787306663194 	 40 	 200 	 1903 	 0
1787306663273 	 26 	 200 	 1905 	 1
1787306663288 	 17 	 200 	 1905 	 0
1787306663367 	 19 	 200 	 1906 	 0
1787306663498 	 16 	 200 	 1907 	 0
1787306663523 	 20 	 200 	 1909 	 1
1787306663535 	 18 	 200 	 1909 	 0
1787306663559 	 13 	 200 	 1911 	 1
1787306663565 	 14 	 200 	 1912 	 1
1787306663576 	 15 	 200 	 1912 	 0
1787306663622 	 14 	 200 	 1914 	 1
1787306663630 	 12 	 200 	 1914 	 0
1787306663652 	 15 	 200 	 1915 	 0
1787306663753 	 30 	 200 	 1918 	 2
1787306663764 	 24 	 200 	 1919 	 2
1787306663784 	 16 	 200 	 1920 	 2
1787306663789 	 12 	 200 	 1920 	 1
1787306663795 	 14 	 200 	 1920 	 0
1787306663838 	 27 	 200 	 1921 	 0
1787306663899 	 14 	 200 	 1923 	 1
1787306663903 	 12 	 200 	 1923 	 0
1787306664031 	 38 	 200 	 1924 	 0
1787306664089 	 14 	 200 	 1926 	 1
1787306664098 	 17 	 200 	 1926 	 0
1787306664257 	 36 	 200 	 1927 	 0
1787306664355 	 31 	 200 	 1930 	 2
1787306664364 	 23 	 200 	 1930 	 1
1787306664378 	 18 	 200 	 1930 	 0
1787306664418 	 13 	 200 	 1931 	 0
1787306664496 	 14 	 200 	 1933 	 1
1787306664506 	 14 	 200 	 1933 	 0
1787306664554 	 15 	 200 	 1934 	 0
1787306664584 	 14 	 200 	 1935 	 0
1787306664737 	 13 	 200 	 1937 	 1
1787306664749 	 19 	 200 	 1938 	 1
1787306664755 	 14 	 200 	 1938 	 0
1787306664776 	 13 	 200 	 1939 	 0
1787306664799 	 18 	 200 	 1941 	 1
1787306664805 	 13 	 200 	 1941 	 0
1787306664856 	 15 	 200 	 1942 	 0
1787306664945 	 27 	 200 	 1943 	 0
1787306665040 	 35 	 200 	 1944 	 0
1787306665087 	 23 	 200 	 1945 	 0
1787306665121 	 24 	 200 	 1946 	 0
1787306665185 	 14 	 200 	 1947 	 0
1787306665205 	 13 	 200 	 1948 	 0
1787306665274 	 19 	 200 	 1949 	 0
1787306665608 	 20 	 200 	 1950 	 0
1787306665660 	 15 	 200 	 1951 	 0
1787306665741 	 28 	 200 	 1952 	 0
1787306665897 	 13 	 200 	 1953 	 0
1787306665939 	 16 	 200 	 1954 	 0
1787306665992 	 24 	 200 	 1955 	 0
1787306666086 	 36 	 200 	 1957 	 1
1787306666112 	 28 	 200 	 1957 	 0
1787306666215 	 13 	 200 	 1958 	 0
1787306666233 	 14 	 200 	 1959 	 0
1787306666312 	 31 	 200 	 1960 	 0
1787306666348 	 21 	 200 	 1961 	 0
1787306666386 	 13 	 200 	 1962 	 0
1787306666529 	 13 	 200 	 1964 	 1
1787306666542 	 14 	 200 	 1964 	 0
1787306666595 	 25 	 200 	 1966 	 1
1787306666598 	 25 	 200 	 1966 	 0
1787306666625 	 15 	 200 	 1967 	 0
1787306666655 	 14 	 200 	 1968 	 0
1787306666702 	 13 	 200 	 1969 	 0
1787306666767 	 18 	 200 	 1971 	 1
1787306666776 	 15 	 200 	 1971 	 0
1787306666793 	 12 	 200 	 1972 	 0
1787306666949 	 33 	 200 	 1973 	 1
1787306666985 	 24 	 200 	 1975 	 1
1787306667006 	 13 	 200 	 1975 	 0
1787306667090 	 33 	 200 	 1976 	 0
1787306667301 	 28 	 200 	 1977 	 0
1787306667361 	 36 	 200 	 1978 	 0
1787306667427 	 17 	 200 	 1979 	 0
1787306667463 	 13 	 200 	 1980 	 0
1787306667479 	 12 	 200 	 1981 	 0
1787306667565 	 14 	 200 	 1983 	 1
1787306667507 	 143 	 200 	 1984 	 1
1787306667629 	 32 	 200 	 1984 	 0
1787306667790 	 26 	 200 	 1987 	 2
1787306667788 	 32 	 200 	 1987 	 1
1787306667786 	 35 	 200 	 1987 	 0
1787306668001 	 17 	 200 	 1988 	 0
1787306668050 	 12 	 200 	 1989 	 0
1787306668071 	 12 	 200 	 1990 	 0
1787306668128 	 14 	 200 	 1993 	 2
1787306668128 	 19 	 200 	 1993 	 1
1787306668139 	 19 	 200 	 1993 	 0
1787306668161 	 15 	 200 	 1994 	 0
1787306668269 	 26 	 200 	 1995 	 0
1787306668311 	 40 	 200 	 1998 	 2
1787306668321 	 35 	 200 	 1998 	 1
1787306668327 	 29 	 200 	 1998 	 0
1787306668387 	 29 	 200 	 2000 	 1
1787306668409 	 15 	 200 	 2000 	 0
1787306668463 	 13 	 200 	 2001 	 0
1787306668532 	 14 	 200 	 2003 	 1
1787306668540 	 16 	 200 	 2003 	 0
1787306668560 	 12 	 200 	 2005 	 1
1787306668564 	 20 	 200 	 2005 	 0
1787306668643 	 17 	 200 	 2006 	 0
1787306668695 	 34 	 200 	 2007 	 0
1787306668790 	 20 	 200 	 2008 	 0
1787306668961 	 18 	 200 	 2009 	 0
1787306669038 	 17 	 200 	 2010 	 0
1787306669072 	 33 	 200 	 2011 	 0
1787306669123 	 15 	 200 	 2012 	 0
1787306669140 	 15 	 200 	 2013 	 0
1787306669292 	 26 	 200 	 2014 	 0
1787306669427 	 42 	 200 	 2016 	 1
1787306669457 	 14 	 200 	 2016 	 0
1787306669481 	 12 	 200 	 2017 	 0
1787306669531 	 13 	 200 	 2018 	 0
1787306669625 	 13 	 200 	 2020 	 1
1787306669636 	 19 	 200 	 2020 	 0
1787306669692 	 32 	 200 	 2021 	 0
1787306669826 	 15 	 200 	 2022 	 0
1787306669868 	 13 	 200 	 2023 	 0
1787306669900 	 15 	 200 	 2025 	 1
1787306669911 	 14 	 200 	 2025 	 0
1787306669939 	 14 	 200 	 2027 	 1
1787306669946 	 18 	 200 	 2027 	 0
1787306669988 	 23 	 200 	 2029 	 1
1787306670004 	 19 	 200 	 2029 	 0
1787306670107 	 16 	 200 	 2030 	 0
1787306670135 	 14 	 200 	 2032 	 1
1787306670142 	 20 	 200 	 2032 	 0
1787306670197 	 36 	 200 	 2035 	 2
1787306670205 	 29 	 200 	 2035 	 1
1787306670223 	 17 	 200 	 2036 	 1
1787306670240 	 14 	 200 	 2036 	 0
1787306670288 	 28 	 200 	 2037 	 0
1787306670335 	 14 	 200 	 2038 	 0
1787306670352 	 13 	 200 	 2039 	 0
1787306670457 	 15 	 200 	 2042 	 2
1787306670460 	 13 	 200 	 2043 	 2
1787306670467 	 22 	 200 	 2044 	 2
1787306670489 	 16 	 200 	 2044 	 1
1787306670473 	 35 	 200 	 2044 	 0
1787306670526 	 14 	 200 	 2045 	 0
1787306670568 	 16 	 200 	 2047 	 1
1787306670579 	 15 	 200 	 2047 	 0
1787306670604 	 14 	 200 	 2048 	 0
1787306670622 	 14 	 200 	 2049 	 1
1787306670637 	 12 	 200 	 2051 	 1
1787306670642 	 12 	 200 	 2051 	 0
1787306670692 	 18 	 200 	 2054 	 2
1787306670690 	 23 	 200 	 2055 	 2
1787306670706 	 17 	 200 	 2055 	 1
1787306670713 	 14 	 200 	 2055 	 0
1787306670775 	 14 	 200 	 2057 	 1
1787306670785 	 15 	 200 	 2057 	 0
1787306670805 	 13 	 200 	 2058 	 0
1787306670931 	 31 	 200 	 2060 	 1
1787306670933 	 35 	 200 	 2060 	 0
1787306671084 	 36 	 200 	 2062 	 1
1787306671087 	 38 	 200 	 2062 	 0
1787306671173 	 37 	 200 	 2064 	 1
1787306671207 	 31 	 200 	 2064 	 0
1787306671316 	 16 	 200 	 2065 	 0
1787306671402 	 18 	 200 	 2066 	 0
1787306671479 	 33 	 200 	 2067 	 0
1787306671645 	 15 	 200 	 2068 	 0
1787306671665 	 15 	 200 	 2069 	 0
1787306671703 	 16 	 200 	 2070 	 0
1787306671821 	 32 	 200 	 2071 	 0
1787306671856 	 15 	 200 	 2073 	 1
1787306671869 	 13 	 200 	 2073 	 0
1787306672066 	 19 	 200 	 2074 	 0
1787306672179 	 30 	 200 	 2075 	 0
1787306672223 	 33 	 200 	 2077 	 1
1787306672246 	 18 	 200 	 2077 	 0
1787306672268 	 13 	 200 	 2078 	 0
1787306672354 	 26 	 200 	 2080 	 1
1787306672366 	 16 	 200 	 2080 	 0
1787306672408 	 20 	 200 	 2084 	 3
1787306672419 	 15 	 200 	 2084 	 2
1787306672416 	 19 	 200 	 2084 	 1
1787306672420 	 20 	 200 	 2085 	 1
1787306672437 	 13 	 200 	 2085 	 0
1787306672512 	 13 	 200 	 2086 	 0
1787306672566 	 15 	 200 	 2088 	 1
1787306672570 	 13 	 200 	 2088 	 0
1787306672955 	 22 	 200 	 2091 	 2
1787306672961 	 19 	 200 	 2091 	 1
1787306673000 	 103 	 200 	 2092 	 1
1787306673115 	 23 	 200 	 2093 	 1
1787306672975 	 163 	 200 	 2093 	 0
1787306673245 	 37 	 200 	 2094 	 0
1787306673327 	 28 	 200 	 2096 	 1
1787306673338 	 28 	 200 	 2097 	 1
1787306673366 	 13 	 200 	 2097 	 0
1787306673428 	 16 	 200 	 2098 	 0
1787306673449 	 12 	 200 	 2099 	 0
1787306673505 	 18 	 200 	 2100 	 1
1787306673524 	 15 	 200 	 2101 	 0
1787306673650 	 12 	 200 	 2102 	 0
1787306673711 	 17 	 200 	 2103 	 0
1787306673749 	 12 	 200 	 2105 	 1
1787306673761 	 13 	 200 	 2105 	 0
1787306673779 	 12 	 200 	 2106 	 0
1787306673861 	 22 	 200 	 2107 	 0
1787306673907 	 13 	 200 	 2109 	 1
1787306673917 	 13 	 200 	 2109 	 0
1787306673949 	 14 	 200 	 2111 	 1
1787306673959 	 14 	 200 	 2112 	 1
1787306673968 	 13 	 200 	 2112 	 0
1787306673992 	 14 	 200 	 2113 	 0
1787306674220 	 40 	 200 	 2114 	 0
1787306674562 	 36 	 200 	 2116 	 1
1787306674576 	 24 	 200 	 2116 	 0
1787306674667 	 13 	 200 	 2117 	 0
1787306674710 	 15 	 200 	 2119 	 1
1787306674706 	 20 	 200 	 2119 	 0
1787306674751 	 13 	 200 	 2120 	 0
1787306674812 	 14 	 200 	 2121 	 0
1787306674885 	 16 	 200 	 2123 	 1
1787306674887 	 15 	 200 	 2123 	 0
1787306674930 	 16 	 200 	 2125 	 1
1787306674941 	 14 	 200 	 2126 	 1
1787306674955 	 16 	 200 	 2126 	 0
1787306675019 	 14 	 200 	 2128 	 1
1787306675020 	 16 	 200 	 2128 	 0
1787306675086 	 23 	 200 	 2129 	 0
1787306675144 	 35 	 200 	 2131 	 1
1787306675169 	 27 	 200 	 2132 	 1
1787306675184 	 25 	 200 	 2132 	 0
1787306675233 	 35 	 200 	 2134 	 1
1787306675240 	 32 	 200 	 2134 	 0
1787306675380 	 28 	 200 	 2135 	 0
1787306675451 	 13 	 200 	 2136 	 0
1787306675504 	 15 	 200 	 2137 	 0
1787306675609 	 16 	 200 	 2138 	 0
1787306675704 	 36 	 200 	 2140 	 1
1787306675712 	 31 	 200 	 2140 	 0
1787306675776 	 33 	 200 	 2142 	 1
1787306675806 	 16 	 200 	 2144 	 2
1787306675814 	 14 	 200 	 2145 	 2
1787306675820 	 19 	 200 	 2145 	 1
1787306675829 	 14 	 200 	 2145 	 0
1787306675964 	 23 	 200 	 2146 	 0
1787306676023 	 38 	 200 	 2147 	 0
1787306676123 	 13 	 200 	 2148 	 0
1787306676283 	 35 	 200 	 2150 	 1
1787306676303 	 25 	 200 	 2150 	 0
1787306676374 	 25 	 200 	 2151 	 0
1787306676442 	 24 	 200 	 2154 	 2
1787306676444 	 24 	 200 	 2154 	 1
1787306676452 	 23 	 200 	 2154 	 0
1787306676662 	 16 	 200 	 2156 	 1
1787306676658 	 20 	 200 	 2156 	 0
1787306676714 	 14 	 200 	 2159 	 2
1787306676716 	 15 	 200 	 2159 	 1
1787306676723 	 18 	 200 	 2159 	 0
1787306676885 	 13 	 200 	 2160 	 0
1787306677030 	 16 	 200 	 2161 	 0
1787306677274 	 34 	 200 	 2164 	 2
1787306677276 	 36 	 200 	 2164 	 1
1787306677293 	 20 	 200 	 2164 	 0
1787306677389 	 33 	 200 	 2166 	 1
1787306677393 	 30 	 200 	 2166 	 0
1787306677477 	 22 	 200 	 2168 	 1
1787306677479 	 21 	 200 	 2168 	 0
1787306677534 	 19 	 200 	 2169 	 0
1787306677575 	 13 	 200 	 2170 	 0
1787306677616 	 15 	 200 	 2172 	 1
1787306677628 	 16 	 200 	 2172 	 0
1787306677680 	 15 	 200 	 2173 	 0
1787306677709 	 15 	 200 	 2174 	 0
1787306677745 	 12 	 200 	 2175 	 0
1787306677780 	 12 	 200 	 2176 	 0
1787306677807 	 18 	 200 	 2178 	 1
1787306677811 	 17 	 200 	 2178 	 0
1787306677868 	 24 	 200 	 2179 	 0
1787306678036 	 32 	 200 	 2180 	 0
1787306678094 	 22 	 200 	 2183 	 2
1787306678108 	 16 	 200 	 2183 	 1
1787306678112 	 16 	 200 	 2183 	 0
1787306678141 	 12 	 200 	 2184 	 0
1787306678176 	 34 	 200 	 2185 	 0
1787306678249 	 24 	 200 	 2186 	 0
1787306678285 	 13 	 200 	 2188 	 1
1787306678297 	 14 	 200 	 2189 	 1
1787306678309 	 12 	 200 	 2189 	 0
1787306678338 	 15 	 200 	 2190 	 0
1787306678481 	 15 	 200 	 2191 	 0
1787306678543 	 14 	 200 	 2192 	 0
1787306678598 	 21 	 200 	 2193 	 0
1787306678676 	 35 	 200 	 2194 	 0
1787306678771 	 36 	 200 	 2196 	 1
1787306678792 	 21 	 200 	 2196 	 0
1787306678819 	 13 	 200 	 2197 	 0
1787306678847 	 13 	 200 	 2198 	 0
1787306678931 	 16 	 200 	 2199 	 0
1787306679094 	 23 	 200 	 2200 	 0
1787306679165 	 15 	 200 	 2201 	 0
1787306679266 	 22 	 200 	 2202 	 0
1787306679309 	 14 	 200 	 2204 	 1
1787306679323 	 12 	 200 	 2204 	 0
1787306679338 	 12 	 200 	 2205 	 0
1787306679394 	 28 	 200 	 2206 	 0
1787306679454 	 13 	 200 	 2207 	 0
1787306679499 	 13 	 200 	 2208 	 0
1787306679652 	 35 	 200 	 2209 	 0
1787306679693 	 25 	 200 	 2211 	 1
1787306679711 	 12 	 200 	 2211 	 0
1787306679766 	 14 	 200 	 2212 	 0
1787306679823 	 14 	 200 	 2213 	 0
1787306679842 	 12 	 200 	 2215 	 1
1787306679851 	 18 	 200 	 2215 	 0
1787306679881 	 14 	 200 	 2217 	 1
1787306679879 	 19 	 200 	 2217 	 0
1787306679947 	 18 	 200 	 2218 	 0
1787306680005 	 31 	 200 	 2222 	 3
1787306680009 	 29 	 200 	 2222 	 2
1787306680017 	 27 	 200 	 2222 	 1
1787306680037 	 12 	 200 	 2222 	 0
1787306680068 	 30 	 200 	 2223 	 0
1787306680102 	 23 	 200 	 2224 	 0
1787306680353 	 37 	 200 	 2225 	 0
1787306680614 	 14 	 200 	 2226 	 0
1787306680696 	 21 	 200 	 2228 	 1
1787306680727 	 12 	 200 	 2229 	 1
1787306680692 	 60 	 200 	 2229 	 0
1787306680828 	 14 	 200 	 2230 	 0
1787306680860 	 14 	 200 	 2231 	 0
1787306680907 	 21 	 200 	 2232 	 0
1787306680966 	 15 	 200 	 2235 	 2
1787306680972 	 17 	 200 	 2235 	 1
1787306680978 	 16 	 200 	 2235 	 0
1787306681019 	 17 	 200 	 2237 	 1
1787306681027 	 25 	 200 	 2237 	 0
1787306681062 	 20 	 200 	 2238 	 0
1787306681100 	 20 	 200 	 2239 	 0
1787306681158 	 14 	 200 	 2241 	 1
1787306681165 	 12 	 200 	 2241 	 0
1787306681212 	 18 	 200 	 2243 	 1
1787306681216 	 16 	 200 	 2243 	 0
1787306681250 	 12 	 200 	 2244 	 0
1787306681278 	 13 	 200 	 2245 	 0
1787306681321 	 14 	 200 	 2246 	 0
1787306681372 	 14 	 200 	 2247 	 0
1787306681489 	 18 	 200 	 2249 	 1
1787306681491 	 26 	 200 	 2249 	 0
1787306681582 	 32 	 200 	 2253 	 3
1787306681574 	 43 	 200 	 2254 	 3
1787306681586 	 31 	 200 	 2254 	 2
1787306681601 	 25 	 200 	 2254 	 1
1787306681617 	 18 	 200 	 2254 	 0
1787306681638 	 12 	 200 	 2255 	 0
1787306681669 	 12 	 200 	 2256 	 0
1787306681721 	 18 	 200 	 2257 	 0
1787306681893 	 14 	 200 	 2258 	 0
1787306682113 	 20 	 200 	 2260 	 1
1787306682115 	 23 	 200 	 2260 	 0
1787306682234 	 38 	 200 	 2261 	 0
1787306682278 	 14 	 200 	 2263 	 1
1787306682286 	 28 	 200 	 2263 	 0
1787306682322 	 14 	 200 	 2264 	 0
1787306682379 	 36 	 200 	 2265 	 0
1787306682473 	 29 	 200 	 2267 	 1
1787306682501 	 14 	 200 	 2267 	 0
1787306682562 	 15 	 200 	 2269 	 1
1787306682577 	 13 	 200 	 2269 	 0
1787306682689 	 27 	 200 	 2271 	 1
1787306682691 	 25 	 200 	 2271 	 0
1787306682721 	 12 	 200 	 2272 	 0
1787306682899 	 16 	 200 	 2273 	 0
1787306683001 	 13 	 200 	 2274 	 0
1787306683017 	 12 	 200 	 2275 	 0
1787306683058 	 15 	 200 	 2276 	 0
1787306683109 	 14 	 200 	 2277 	 0
1787306683154 	 20 	 200 	 2278 	 0
1787306683186 	 14 	 200 	 2280 	 1
1787306683189 	 25 	 200 	 2280 	 0
1787306683247 	 12 	 200 	 2281 	 0
1787306683288 	 13 	 200 	 2282 	 0
1787306683336 	 13 	 200 	 2283 	 0
1787306683388 	 24 	 200 	 2286 	 2
1787306683411 	 14 	 200 	 2286 	 1
1787306683412 	 14 	 200 	 2286 	 0
1787306683453 	 18 	 200 	 2287 	 0
1787306683572 	 36 	 200 	 2288 	 0
1787306683722 	 18 	 200 	 2291 	 2
1787306683733 	 15 	 200 	 2291 	 1
1787306683738 	 14 	 200 	 2291 	 0
1787306683822 	 13 	 200 	 2292 	 0
1787306683856 	 14 	 200 	 2294 	 1
1787306683858 	 13 	 200 	 2294 	 0
1787306683927 	 14 	 200 	 2296 	 1
1787306683928 	 14 	 200 	 2296 	 0
1787306684038 	 33 	 200 	 2298 	 1
1787306684069 	 31 	 200 	 2298 	 0
1787306684138 	 13 	 200 	 2300 	 1
1787306684140 	 15 	 200 	 2300 	 0
1787306684244 	 37 	 200 	 2301 	 0
1787306684299 	 18 	 200 	 2303 	 1
1787306684307 	 14 	 200 	 2303 	 0
1787306684356 	 13 	 200 	 2306 	 2
1787306684365 	 14 	 200 	 2306 	 1
1787306684368 	 14 	 200 	 2306 	 0
1787306684411 	 15 	 200 	 2307 	 0
1787306684428 	 13 	 200 	 2308 	 0
1787306684512 	 15 	 200 	 2310 	 1
1787306684518 	 14 	 200 	 2310 	 0
1787306684546 	 15 	 200 	 2312 	 1
1787306684557 	 14 	 200 	 2312 	 0
1787306684575 	 13 	 200 	 2313 	 0
1787306684674 	 16 	 200 	 2314 	 0
1787306684746 	 15 	 200 	 2315 	 0
1787306684799 	 13 	 200 	 2317 	 1
1787306684802 	 14 	 200 	 2317 	 0
1787306684823 	 13 	 200 	 2318 	 0
1787306684856 	 19 	 200 	 2319 	 0
1787306684905 	 13 	 200 	 2320 	 0
1787306684947 	 12 	 200 	 2321 	 0
1787306685003 	 15 	 200 	 2323 	 1
1787306685004 	 20 	 200 	 2323 	 1
1787306685026 	 12 	 200 	 2324 	 0
1787306685046 	 12 	 200 	 2325 	 0
1787306685105 	 12 	 200 	 2326 	 0
1787306685126 	 13 	 200 	 2327 	 0
1787306685175 	 33 	 200 	 2328 	 0
1787306685238 	 14 	 200 	 2330 	 1
1787306685245 	 14 	 200 	 2330 	 0
1787306685265 	 13 	 200 	 2331 	 0
1787306685285 	 16 	 200 	 2332 	 0
1787306685307 	 14 	 200 	 2334 	 1
1787306685315 	 16 	 200 	 2334 	 0
1787306685413 	 14 	 200 	 2335 	 0
1787306685447 	 13 	 200 	 2336 	 0
1787306685529 	 15 	 200 	 2337 	 0
1787306685624 	 13 	 200 	 2338 	 0
1787306685696 	 14 	 200 	 2339 	 0
1787306685729 	 12 	 200 	 2340 	 0
1787306685758 	 13 	 200 	 2341 	 0
1787306685978 	 13 	 200 	 2342 	 0
1787306686021 	 33 	 200 	 2343 	 0
1787306686067 	 37 	 200 	 2345 	 1
1787306686101 	 17 	 200 	 2346 	 1
1787306686113 	 20 	 200 	 2346 	 0
1787306686158 	 31 	 200 	 2347 	 0
1787306686241 	 16 	 200 	 2348 	 0
1787306686329 	 26 	 200 	 2351 	 2
1787306686344 	 16 	 200 	 2351 	 1
1787306686353 	 14 	 200 	 2351 	 0
1787306686379 	 14 	 200 	 2352 	 0
1787306686439 	 24 	 200 	 2354 	 1
1787306686463 	 12 	 200 	 2354 	 0
1787306686487 	 17 	 200 	 2355 	 0
1787306686519 	 15 	 200 	 2356 	 0
1787306686606 	 17 	 200 	 2357 	 0
1787306686677 	 36 	 200 	 2358 	 0
1787306686715 	 16 	 200 	 2359 	 0
1787306686748 	 13 	 200 	 2360 	 0
1787306686943 	 20 	 200 	 2362 	 1
1787306686957 	 17 	 200 	 2363 	 1
1787306686968 	 13 	 200 	 2363 	 0
1787306686996 	 16 	 200 	 2364 	 0
1787306687116 	 12 	 200 	 2366 	 1
1787306687121 	 12 	 200 	 2366 	 0
1787306687228 	 20 	 200 	 2368 	 1
1787306687243 	 15 	 200 	 2368 	 0
1787306687262 	 15 	 200 	 2370 	 1
1787306687269 	 19 	 200 	 2370 	 0
1787306687489 	 17 	 200 	 2372 	 1
1787306687488 	 19 	 200 	 2372 	 0
1787306687550 	 32 	 200 	 2375 	 2
1787306687579 	 13 	 200 	 2375 	 1
1787306687573 	 20 	 200 	 2375 	 0
1787306687607 	 16 	 200 	 2376 	 0
1787306687699 	 20 	 200 	 2377 	 0
1787306687741 	 16 	 200 	 2379 	 1
1787306687749 	 15 	 200 	 2379 	 0
1787306687799 	 13 	 200 	 2381 	 1
1787306687805 	 12 	 200 	 2381 	 0
1787306687843 	 26 	 200 	 2383 	 1
1787306687848 	 22 	 200 	 2383 	 0
1787306687874 	 15 	 200 	 2385 	 1
1787306687886 	 13 	 200 	 2385 	 0
1787306687901 	 15 	 200 	 2386 	 0
1787306687920 	 16 	 200 	 2387 	 0
1787306687995 	 14 	 200 	 2388 	 0
1787306688172 	 24 	 200 	 2390 	 1
1787306688157 	 43 	 200 	 2390 	 0
1787306688218 	 13 	 200 	 2391 	 0
1787306688265 	 14 	 200 	 2392 	 0
1787306688312 	 12 	 200 	 2393 	 0
1787306688427 	 15 	 200 	 2394 	 0
1787306688478 	 21 	 200 	 2396 	 1
1787306688489 	 16 	 200 	 2397 	 1
1787306688501 	 19 	 200 	 2397 	 0
1787306688580 	 12 	 200 	 2398 	 0
1787306688626 	 22 	 200 	 2399 	 0
1787306688705 	 13 	 200 	 2400 	 0
1787306688761 	 14 	 200 	 2401 	 0
1787306688820 	 15 	 200 	 2403 	 1
1787306688824 	 13 	 200 	 2403 	 0
1787306688898 	 14 	 200 	 2404 	 0
1787306689018 	 14 	 200 	 2405 	 0
1787306689129 	 14 	 200 	 2409 	 3
1787306689130 	 15 	 200 	 2409 	 2
1787306689140 	 14 	 200 	 2409 	 1
1787306689143 	 16 	 200 	 2409 	 0
1787306689171 	 14 	 200 	 2410 	 0
1787306689238 	 25 	 200 	 2411 	 0
1787306689306 	 15 	 200 	 2412 	 0
1787306689448 	 17 	 200 	 2413 	 0
1787306689469 	 12 	 200 	 2414 	 0
1787306689496 	 13 	 200 	 2415 	 0
1787306689513 	 19 	 200 	 2416 	 0
1787306689546 	 19 	 200 	 2417 	 0
1787306689784 	 20 	 200 	 2418 	 0
1787306689840 	 12 	 200 	 2419 	 0
1787306689914 	 14 	 200 	 2421 	 1
1787306689912 	 20 	 200 	 2421 	 0
1787306689965 	 16 	 200 	 2422 	 0
1787306689996 	 14 	 200 	 2424 	 1
1787306690004 	 14 	 200 	 2424 	 0
1787306690131 	 13 	 200 	 2425 	 0
1787306690298 	 37 	 200 	 2426 	 0
1787306690346 	 36 	 200 	 2428 	 1
1787306690378 	 21 	 200 	 2429 	 1
1787306690393 	 66 	 200 	 2429 	 0
1787306690530 	 12 	 200 	 2430 	 0
1787306690668 	 29 	 200 	 2431 	 0
1787306690741 	 32 	 200 	 2434 	 2
1787306690758 	 23 	 200 	 2434 	 1
1787306690768 	 24 	 200 	 2434 	 0
1787306690812 	 13 	 200 	 2435 	 0
1787306690985 	 19 	 200 	 2436 	 0
1787306691017 	 13 	 200 	 2438 	 1
1787306691026 	 12 	 200 	 2439 	 1
1787306691033 	 12 	 200 	 2439 	 0
1787306691094 	 16 	 200 	 2440 	 0
1787306691261 	 15 	 200 	 2441 	 0
1787306691330 	 21 	 200 	 2442 	 0
1787306691385 	 20 	 200 	 2444 	 1
1787306691394 	 24 	 200 	 2444 	 0
1787306691439 	 13 	 200 	 2445 	 0
1787306691489 	 15 	 200 	 2447 	 1
1787306691500 	 13 	 200 	 2447 	 0
1787306691520 	 17 	 200 	 2449 	 1
1787306691526 	 14 	 200 	 2449 	 0
1787306691576 	 26 	 200 	 2451 	 1
1787306691599 	 13 	 200 	 2451 	 0
1787306691667 	 13 	 200 	 2453 	 1
1787306691678 	 12 	 200 	 2453 	 0
1787306691704 	 15 	 200 	 2455 	 1
1787306691705 	 14 	 200 	 2455 	 0
1787306691761 	 13 	 200 	 2456 	 0
1787306691978 	 13 	 200 	 2458 	 1
1787306691977 	 18 	 200 	 2458 	 0
1787306692030 	 33 	 200 	 2460 	 1
1787306692042 	 22 	 200 	 2460 	 0
1787306692197 	 13 	 200 	 2461 	 0
1787306692373 	 27 	 200 	 2462 	 0
1787306692450 	 12 	 200 	 2463 	 0
1787306692499 	 13 	 200 	 2464 	 0
1787306692513 	 12 	 200 	 2465 	 0
1787306692538 	 12 	 200 	 2466 	 0
1787306692565 	 13 	 200 	 2467 	 0
1787306692650 	 13 	 200 	 2468 	 0
1787306692674 	 12 	 200 	 2469 	 0
1787306692699 	 16 	 200 	 2470 	 0
1787306692760 	 13 	 200 	 2471 	 0
1787306692788 	 14 	 200 	 2472 	 0
1787306692855 	 29 	 200 	 2473 	 0
1787306692895 	 16 	 200 	 2474 	 0
1787306693093 	 16 	 200 	 2475 	 0
1787306693131 	 16 	 200 	 2478 	 2
1787306693144 	 12 	 200 	 2478 	 1
1787306693142 	 20 	 200 	 2478 	 0
1787306693238 	 36 	 200 	 2480 	 1
1787306693236 	 44 	 200 	 2480 	 0
1787306693292 	 13 	 200 	 2481 	 0
1787306693320 	 13 	 200 	 2482 	 0
1787306693342 	 19 	 200 	 2483 	 0
1787306693376 	 12 	 200 	 2484 	 0
1787306693391 	 15 	 200 	 2485 	 0
1787306693483 	 13 	 200 	 2486 	 0
1787306693559 	 16 	 200 	 2489 	 2
1787306693572 	 14 	 200 	 2489 	 1
1787306693576 	 14 	 200 	 2489 	 0
1787306693710 	 35 	 200 	 2491 	 2
1787306693733 	 32 	 200 	 2493 	 2
1787306693747 	 22 	 200 	 2493 	 1
1787306693755 	 16 	 200 	 2493 	 0
1787306693806 	 14 	 200 	 2495 	 1
1787306693816 	 13 	 200 	 2496 	 1
1787306693826 	 13 	 200 	 2496 	 0
1787306693886 	 14 	 200 	 2497 	 0
1787306693966 	 14 	 200 	 2498 	 0
1787306693996 	 21 	 200 	 2499 	 0
1787306694079 	 27 	 200 	 2500 	 0
1787306694133 	 12 	 200 	 2502 	 1
1787306694130 	 28 	 200 	 2502 	 0
1787306694169 	 30 	 200 	 2503 	 0
1787306694231 	 29 	 200 	 2504 	 0
1787306694264 	 17 	 200 	 2505 	 0
1787306694317 	 14 	 200 	 2506 	 0
1787306694438 	 13 	 200 	 2507 	 0
1787306694453 	 18 	 200 	 2508 	 0
1787306694535 	 12 	 200 	 2509 	 0
1787306694591 	 31 	 200 	 2511 	 1
1787306694596 	 26 	 200 	 2511 	 0
1787306694648 	 15 	 200 	 2512 	 0
1787306694709 	 14 	 200 	 2514 	 1
1787306694720 	 15 	 200 	 2514 	 0
1787306694762 	 13 	 200 	 2515 	 0
1787306694854 	 26 	 200 	 2520 	 4
1787306694851 	 35 	 200 	 2520 	 3
1787306694866 	 20 	 200 	 2520 	 2
1787306694871 	 21 	 200 	 2520 	 1
1787306694869 	 27 	 200 	 2520 	 0
1787306694908 	 15 	 200 	 2521 	 0
1787306694974 	 13 	 200 	 2522 	 0
1787306695027 	 39 	 200 	 2523 	 0
1787306695157 	 16 	 200 	 2524 	 0
1787306695197 	 18 	 200 	 2526 	 1
1787306695211 	 19 	 200 	 2526 	 0
1787306695259 	 20 	 200 	 2528 	 1
1787306695267 	 21 	 200 	 2529 	 1
1787306695283 	 12 	 200 	 2529 	 0
1787306695345 	 18 	 200 	 2530 	 0
1787306695370 	 16 	 200 	 2531 	 0
1787306695449 	 13 	 200 	 2532 	 0
1787306695504 	 52 	 200 	 2534 	 1
1787306695557 	 17 	 200 	 2534 	 0
1787306695574 	 27 	 200 	 2535 	 0
1787306695607 	 15 	 200 	 2536 	 0
1787306695726 	 13 	 200 	 2538 	 1
1787306695740 	 13 	 200 	 2538 	 0
1787306695862 	 16 	 200 	 2540 	 1
1787306695876 	 12 	 200 	 2540 	 0
1787306696099 	 33 	 200 	 2541 	 0
1787306696140 	 18 	 200 	 2542 	 0
1787306696170 	 37 	 200 	 2544 	 1
1787306696190 	 17 	 200 	 2544 	 0
1787306696229 	 19 	 200 	 2546 	 1
1787306696229 	 22 	 200 	 2546 	 0
1787306696363 	 28 	 200 	 2549 	 2
1787306696371 	 33 	 200 	 2549 	 1
1787306696374 	 29 	 200 	 2549 	 0
1787306696423 	 17 	 200 	 2550 	 0
1787306696505 	 25 	 200 	 2551 	 0
1787306696547 	 13 	 200 	 2552 	 0
1787306696577 	 15 	 200 	 2553 	 0
1787306696594 	 12 	 200 	 2554 	 0
1787306696653 	 34 	 200 	 2556 	 1
1787306696677 	 21 	 200 	 2557 	 1
1787306696694 	 13 	 200 	 2558 	 1
1787306696707 	 14 	 200 	 2558 	 0
1787306696723 	 14 	 200 	 2559 	 0
1787306696741 	 15 	 200 	 2560 	 0
1787306696846 	 17 	 200 	 2562 	 1
1787306696845 	 19 	 200 	 2562 	 0
1787306696906 	 13 	 200 	 2563 	 0
1787306696924 	 12 	 200 	 2564 	 0
1787306696969 	 20 	 200 	 2567 	 2
1787306696974 	 24 	 200 	 2567 	 1
1787306696988 	 14 	 200 	 2567 	 0
1787306697013 	 14 	 200 	 2569 	 1
1787306697019 	 14 	 200 	 2569 	 0
1787306697038 	 14 	 200 	 2570 	 0
1787306697107 	 12 	 200 	 2571 	 0
1787306697140 	 14 	 200 	 2573 	 1
1787306697144 	 12 	 200 	 2573 	 0
1787306697292 	 17 	 200 	 2574 	 0
1787306697310 	 14 	 200 	 2575 	 0
1787306697333 	 17 	 200 	 2577 	 1
1787306697337 	 13 	 200 	 2577 	 0
1787306697352 	 14 	 200 	 2578 	 0
1787306697367 	 12 	 200 	 2579 	 0
1787306697424 	 14 	 200 	 2580 	 0
1787306697607 	 16 	 200 	 2582 	 1
1787306697622 	 13 	 200 	 2582 	 0
1787306697641 	 25 	 200 	 2583 	 0
1787306697666 	 32 	 200 	 2584 	 0
1787306697846 	 36 	 200 	 2588 	 3
1787306697861 	 28 	 200 	 2588 	 2
1787306697875 	 22 	 200 	 2589 	 2
1787306697877 	 27 	 200 	 2590 	 2
1787306697899 	 14 	 200 	 2591 	 2
1787306697901 	 14 	 200 	 2591 	 1
1787306697910 	 13 	 200 	 2592 	 1
1787306697923 	 19 	 200 	 2592 	 0
1787306697969 	 14 	 200 	 2593 	 0
1787306698029 	 39 	 200 	 2595 	 1
1787306698067 	 29 	 200 	 2595 	 0
1787306698111 	 14 	 200 	 2596 	 0
1787306698182 	 36 	 200 	 2597 	 0
1787306698237 	 16 	 200 	 2600 	 2
1787306698232 	 24 	 200 	 2600 	 1
1787306698236 	 22 	 200 	 2600 	 0
1787306698494 	 14 	 200 	 2602 	 1
1787306698504 	 13 	 200 	 2602 	 0
1787306698551 	 12 	 200 	 2603 	 0
1787306698609 	 15 	 200 	 2606 	 2
1787306698644 	 27 	 200 	 2608 	 3
1787306698581 	 91 	 200 	 2608 	 2
1787306698632 	 50 	 200 	 2608 	 1
1787306698574 	 385 	 200 	 2609 	 1
1787306698950 	 20 	 200 	 2609 	 0
1787306699069 	 30 	 200 	 2614 	 4
1787306699069 	 36 	 200 	 2614 	 3
1787306699083 	 25 	 200 	 2614 	 2
1787306699092 	 25 	 200 	 2614 	 1
1787306699094 	 24 	 200 	 2614 	 0
1787306699164 	 37 	 200 	 2615 	 0
1787306699224 	 34 	 200 	 2618 	 3
1787306699238 	 29 	 200 	 2620 	 3
1787306699252 	 20 	 200 	 2620 	 2
1787306699260 	 18 	 200 	 2621 	 2
1787306699262 	 22 	 200 	 2621 	 1
1787306699277 	 15 	 200 	 2621 	 0
1787306699338 	 15 	 200 	 2623 	 1
1787306699346 	 13 	 200 	 2623 	 0
1787306699424 	 23 	 200 	 2624 	 0
1787306699452 	 13 	 200 	 2626 	 1
1787306699463 	 39 	 200 	 2628 	 2
1787306699492 	 16 	 200 	 2628 	 1
1787306699502 	 13 	 200 	 2628 	 0
1787306699627 	 14 	 200 	 2629 	 0
1787306699651 	 13 	 200 	 2631 	 1
1787306699659 	 15 	 200 	 2631 	 0
1787306699682 	 14 	 200 	 2632 	 0
1787306699783 	 21 	 200 	 2633 	 0
1787306699996 	 15 	 200 	 2634 	 0
1787306700022 	 13 	 200 	 2636 	 1
1787306700030 	 12 	 200 	 2636 	 0
1787306700068 	 14 	 200 	 2637 	 0
1787306700157 	 21 	 200 	 2638 	 0
1787306700213 	 13 	 200 	 2639 	 0
1787306700227 	 14 	 200 	 2640 	 0
1787306700371 	 33 	 200 	 2641 	 0
1787306700410 	 19 	 200 	 2644 	 2
1787306700423 	 16 	 200 	 2644 	 1
1787306700424 	 16 	 200 	 2644 	 0
1787306700618 	 18 	 200 	 2645 	 0
1787306700669 	 27 	 200 	 2646 	 0
1787306700744 	 26 	 200 	 2648 	 1
1787306700769 	 14 	 200 	 2649 	 1
1787306700780 	 13 	 200 	 2649 	 0
1787306700807 	 17 	 200 	 2650 	 0
1787306700858 	 12 	 200 	 2651 	 0
1787306700877 	 12 	 200 	 2652 	 0
1787306700905 	 15 	 200 	 2653 	 0
1787306701042 	 16 	 200 	 2654 	 0
1787306701155 	 31 	 200 	 2657 	 2
1787306701152 	 36 	 200 	 2657 	 1
1787306701174 	 23 	 200 	 2657 	 0
1787306701279 	 24 	 200 	 2658 	 0
1787306701308 	 13 	 200 	 2659 	 0
1787306701349 	 16 	 200 	 2660 	 0
1787306701459 	 13 	 200 	 2661 	 0
1787306701476 	 12 	 200 	 2662 	 0
1787306701604 	 18 	 200 	 2663 	 0
1787306701684 	 15 	 200 	 2664 	 0
1787306701783 	 17 	 200 	 2667 	 2
1787306701790 	 13 	 200 	 2667 	 1
1787306701799 	 15 	 200 	 2667 	 0
1787306701869 	 14 	 200 	 2668 	 0
1787306701968 	 17 	 200 	 2670 	 1
1787306701971 	 19 	 200 	 2670 	 0
1787306702111 	 13 	 200 	 2671 	 0
1787306702160 	 13 	 200 	 2672 	 0
1787306702206 	 14 	 200 	 2673 	 0
1787306702354 	 13 	 200 	 2674 	 0
1787306702390 	 17 	 200 	 2675 	 0
1787306702424 	 15 	 200 	 2676 	 0
1787306702486 	 19 	 200 	 2677 	 0
1787306702567 	 29 	 200 	 2678 	 0
1787306702694 	 20 	 200 	 2680 	 1
1787306702709 	 30 	 200 	 2680 	 0
1787306702782 	 18 	 200 	 2682 	 1
1787306702798 	 18 	 200 	 2682 	 0
1787306702836 	 16 	 200 	 2685 	 2
1787306702840 	 16 	 200 	 2685 	 1
1787306702851 	 13 	 200 	 2686 	 1
1787306702864 	 21 	 200 	 2686 	 0
1787306702970 	 13 	 200 	 2687 	 0
1787306703044 	 22 	 200 	 2688 	 0
1787306703108 	 17 	 200 	 2689 	 0
1787306703141 	 13 	 200 	 2690 	 0
1787306703190 	 35 	 200 	 2692 	 1
1787306703207 	 29 	 200 	 2694 	 2
1787306703233 	 30 	 200 	 2694 	 1
1787306703236 	 29 	 200 	 2694 	 0
1787306703386 	 13 	 200 	 2696 	 1
1787306703399 	 13 	 200 	 2696 	 0
1787306703492 	 27 	 200 	 2697 	 0
1787306703642 	 23 	 200 	 2699 	 1
1787306703640 	 25 	 200 	 2699 	 0
1787306703704 	 16 	 200 	 2700 	 0
1787306703788 	 19 	 200 	 2702 	 1
1787306703805 	 13 	 200 	 2702 	 0
1787306703828 	 15 	 200 	 2703 	 0
1787306703856 	 16 	 200 	 2704 	 0
1787306704000 	 20 	 200 	 2705 	 0
1787306704026 	 12 	 200 	 2706 	 0
1787306704196 	 37 	 200 	 2710 	 3
1787306704207 	 31 	 200 	 2710 	 2
1787306704221 	 25 	 200 	 2711 	 2
1787306704232 	 16 	 200 	 2711 	 1
1787306704241 	 18 	 200 	 2711 	 0
1787306704280 	 14 	 200 	 2713 	 1
1787306704289 	 15 	 200 	 2713 	 0
1787306704372 	 12 	 200 	 2714 	 0
1787306704398 	 13 	 200 	 2715 	 0
1787306704650 	 19 	 200 	 2716 	 0
1787306704738 	 14 	 200 	 2717 	 0
1787306704870 	 17 	 200 	 2719 	 1
1787306704873 	 14 	 200 	 2719 	 0
1787306704926 	 24 	 200 	 2720 	 0
1787306704955 	 18 	 200 	 2721 	 0
1787306705046 	 22 	 200 	 2723 	 1
1787306705048 	 22 	 200 	 2723 	 0
1787306705078 	 14 	 200 	 2724 	 0
1787306705096 	 13 	 200 	 2725 	 0
1787306705131 	 13 	 200 	 2726 	 0
1787306705147 	 14 	 200 	 2728 	 1
1787306705155 	 19 	 200 	 2730 	 2
1787306705163 	 19 	 200 	 2730 	 1
1787306705168 	 15 	 200 	 2730 	 0
1787306705194 	 15 	 200 	 2731 	 0
1787306705218 	 15 	 200 	 2733 	 1
1787306705230 	 13 	 200 	 2735 	 2
1787306705240 	 14 	 200 	 2735 	 1
1787306705244 	 19 	 200 	 2735 	 0
1787306705405 	 16 	 200 	 2736 	 0
1787306705430 	 13 	 200 	 2737 	 0
1787306705599 	 21 	 200 	 2738 	 0
1787306705639 	 17 	 200 	 2739 	 0
1787306705690 	 14 	 200 	 2740 	 0
1787306705790 	 38 	 200 	 2742 	 1
1787306705803 	 29 	 200 	 2742 	 0
1787306705879 	 27 	 200 	 2743 	 0
1787306705980 	 20 	 200 	 2745 	 1
1787306705978 	 28 	 200 	 2745 	 0
1787306706045 	 31 	 200 	 2746 	 0
1787306706088 	 22 	 200 	 2748 	 1
1787306706096 	 17 	 200 	 2748 	 0
1787306706119 	 15 	 200 	 2749 	 0
1787306706158 	 32 	 200 	 2750 	 0
1787306706198 	 37 	 200 	 2751 	 0
1787306706245 	 34 	 200 	 2752 	 0
1787306706295 	 14 	 200 	 2753 	 0
1787306706334 	 16 	 200 	 2754 	 0
1787306706371 	 16 	 200 	 2756 	 1
1787306706381 	 14 	 200 	 2756 	 0
1787306706397 	 18 	 200 	 2758 	 1
1787306706410 	 13 	 200 	 2758 	 0
1787306706432 	 13 	 200 	 2759 	 0
1787306706471 	 12 	 200 	 2760 	 0
1787306706559 	 31 	 200 	 2762 	 1
1787306706568 	 25 	 200 	 2762 	 0
1787306706655 	 13 	 200 	 2763 	 0
1787306706724 	 13 	 200 	 2765 	 1
1787306706730 	 13 	 200 	 2765 	 0
1787306706773 	 15 	 200 	 2767 	 1
1787306706785 	 13 	 200 	 2767 	 0
1787306706943 	 38 	 200 	 2768 	 0
1787306707001 	 18 	 200 	 2770 	 1
1787306707011 	 13 	 200 	 2770 	 0
1787306707086 	 13 	 200 	 2772 	 1
1787306707099 	 12 	 200 	 2772 	 0
1787306707116 	 12 	 200 	 2773 	 0
1787306707171 	 31 	 200 	 2774 	 0
1787306707306 	 18 	 200 	 2776 	 1
1787306707312 	 15 	 200 	 2776 	 0
1787306707417 	 17 	 200 	 2777 	 0
1787306707631 	 18 	 200 	 2779 	 1
1787306707636 	 15 	 200 	 2779 	 0
1787306707688 	 20 	 200 	 2780 	 0
1787306707756 	 13 	 200 	 2781 	 0
1787306707798 	 19 	 200 	 2782 	 0
1787306707859 	 31 	 200 	 2785 	 2
1787306707854 	 36 	 200 	 2785 	 1
1787306707875 	 21 	 200 	 2785 	 0
1787306707906 	 12 	 200 	 2786 	 0
1787306707932 	 12 	 200 	 2787 	 0
1787306708018 	 48 	 200 	 2788 	 0
1787306708178 	 41 	 200 	 2791 	 2
1787306708209 	 24 	 200 	 2792 	 2
1787306708213 	 23 	 200 	 2793 	 2
1787306708227 	 18 	 200 	 2793 	 1
1787306708235 	 41 	 200 	 2793 	 0
1787306708289 	 17 	 200 	 2795 	 1
1787306708293 	 16 	 200 	 2795 	 0
1787306708323 	 14 	 200 	 2796 	 0
1787306708359 	 14 	 200 	 2798 	 1
1787306708364 	 16 	 200 	 2798 	 0
1787306708523 	 14 	 200 	 2799 	 0
1787306708542 	 14 	 200 	 2800 	 0
1787306708593 	 17 	 200 	 2801 	 0
1787306708621 	 19 	 200 	 2802 	 0
1787306708664 	 12 	 200 	 2803 	 0
1787306708749 	 19 	 200 	 2804 	 0
1787306708793 	 23 	 200 	 2805 	 0
1787306708893 	 36 	 200 	 2806 	 0
1787306709130 	 14 	 200 	 2808 	 1
1787306709137 	 13 	 200 	 2808 	 0
1787306709182 	 29 	 200 	 2809 	 0
1787306709333 	 57 	 200 	 2811 	 1
1787306709360 	 32 	 200 	 2811 	 0
1787306709406 	 13 	 200 	 2812 	 0
1787306709492 	 30 	 200 	 2813 	 0
1787306709542 	 13 	 200 	 2814 	 0
1787306709586 	 15 	 200 	 2816 	 1
1787306709586 	 18 	 200 	 2816 	 0
1787306709628 	 16 	 200 	 2818 	 1
1787306709638 	 24 	 200 	 2820 	 2
1787306709647 	 15 	 200 	 2820 	 1
1787306709653 	 21 	 200 	 2821 	 1
1787306709668 	 15 	 200 	 2821 	 0
1787306709706 	 20 	 200 	 2823 	 1
1787306709717 	 19 	 200 	 2823 	 0
1787306709746 	 12 	 200 	 2825 	 1
1787306709759 	 12 	 200 	 2826 	 1
1787306709767 	 14 	 200 	 2827 	 1
1787306709780 	 16 	 200 	 2827 	 0
1787306709836 	 13 	 200 	 2828 	 0
1787306709875 	 16 	 200 	 2829 	 0
1787306709897 	 14 	 200 	 2830 	 0
1787306709947 	 15 	 200 	 2831 	 0
1787306709982 	 13 	 200 	 2832 	 0
1787306710048 	 34 	 200 	 2833 	 0
1787306710292 	 22 	 200 	 2834 	 0
1787306710349 	 17 	 200 	 2835 	 0
1787306710458 	 16 	 200 	 2836 	 0
1787306710499 	 16 	 200 	 2837 	 0
1787306710525 	 13 	 200 	 2839 	 1
1787306710534 	 13 	 200 	 2839 	 0
1787306710597 	 15 	 200 	 2840 	 0
1787306710643 	 16 	 200 	 2841 	 0
1787306710697 	 14 	 200 	 2842 	 0
1787306710860 	 32 	 200 	 2846 	 3
1787306710858 	 34 	 200 	 2846 	 2
1787306710869 	 24 	 200 	 2846 	 1
1787306710880 	 19 	 200 	 2847 	 1
1787306710899 	 13 	 200 	 2848 	 1
1787306710912 	 13 	 200 	 2848 	 0
1787306710989 	 21 	 200 	 2849 	 0
1787306711065 	 36 	 200 	 2852 	 2
1787306711091 	 33 	 200 	 2854 	 3
1787306711098 	 27 	 200 	 2854 	 2
1787306711115 	 13 	 200 	 2854 	 1
1787306711118 	 17 	 200 	 2854 	 0
1787306711164 	 31 	 200 	 2855 	 0
1787306711328 	 13 	 200 	 2856 	 0
1787306711417 	 19 	 200 	 2857 	 0
1787306711445 	 13 	 200 	 2858 	 0
1787306711525 	 12 	 200 	 2859 	 0
1787306711559 	 13 	 200 	 2860 	 0
1787306711586 	 13 	 200 	 2861 	 0
1787306711645 	 12 	 200 	 2862 	 0
1787306711743 	 13 	 200 	 2864 	 1
1787306711754 	 13 	 200 	 2864 	 0
1787306711810 	 13 	 200 	 2865 	 0
1787306711849 	 13 	 200 	 2866 	 0
1787306712114 	 34 	 200 	 2868 	 1
1787306712122 	 29 	 200 	 2868 	 0
1787306712344 	 18 	 200 	 2869 	 0
1787306712381 	 27 	 200 	 2871 	 1
1787306712383 	 26 	 200 	 2871 	 0
1787306712612 	 15 	 200 	 2873 	 1
1787306712607 	 21 	 200 	 2873 	 0
1787306712656 	 13 	 200 	 2874 	 0
1787306712714 	 25 	 200 	 2876 	 1
1787306712723 	 26 	 200 	 2876 	 0
1787306712774 	 33 	 200 	 2877 	 0
1787306712875 	 12 	 200 	 2878 	 0
1787306712977 	 12 	 200 	 2879 	 0
1787306713020 	 15 	 200 	 2880 	 0
1787306713048 	 16 	 200 	 2881 	 0
1787306713151 	 30 	 200 	 2882 	 0
1787306713199 	 17 	 200 	 2884 	 1
1787306713208 	 17 	 200 	 2884 	 0
1787306713238 	 24 	 200 	 2885 	 0
1787306713349 	 15 	 200 	 2888 	 2
1787306713352 	 21 	 200 	 2888 	 1
1787306713397 	 25 	 200 	 2892 	 4
1787306713399 	 23 	 200 	 2892 	 3
1787306713419 	 17 	 200 	 2892 	 2
1787306713470 	 51 	 200 	 2898 	 7
1787306713483 	 44 	 200 	 2898 	 6
1787306713513 	 53 	 200 	 2898 	 5
1787306713484 	 84 	 200 	 2898 	 4
1787306713490 	 81 	 200 	 2900 	 5
1787306713494 	 78 	 200 	 2900 	 4
1787306713570 	 55 	 200 	 2900 	 3
1787306713571 	 57 	 200 	 2900 	 2
1787306713392 	 240 	 200 	 2900 	 1
1787306713783 	 38 	 200 	 2904 	 4
1787306713808 	 15 	 200 	 2904 	 3
1787306713786 	 39 	 200 	 2904 	 2
1787306713304 	 539 	 200 	 2905 	 2
1787306713800 	 44 	 200 	 2905 	 1
1787306713839 	 15 	 200 	 2905 	 0
1787306713897 	 14 	 200 	 2908 	 2
1787306713896 	 16 	 200 	 2908 	 1
1787306713903 	 16 	 200 	 2908 	 0
1787306713940 	 17 	 200 	 2910 	 1
1787306713953 	 13 	 200 	 2910 	 0
1787306714044 	 15 	 200 	 2911 	 0
1787306714132 	 17 	 200 	 2912 	 0
1787306714157 	 13 	 200 	 2914 	 1
1787306714163 	 16 	 200 	 2915 	 1
1787306714174 	 15 	 200 	 2916 	 1
1787306714181 	 18 	 200 	 2916 	 0
1787306714205 	 27 	 200 	 2918 	 1
1787306714207 	 26 	 200 	 2918 	 0
1787306714236 	 12 	 200 	 2919 	 0
1787306714294 	 13 	 200 	 2920 	 0
1787306714324 	 15 	 200 	 2922 	 1
1787306714329 	 13 	 200 	 2923 	 1
1787306714343 	 16 	 200 	 2923 	 0
1787306714384 	 14 	 200 	 2924 	 0
1787306714407 	 14 	 200 	 2926 	 1
1787306714420 	 14 	 200 	 2926 	 0
1787306714442 	 18 	 200 	 2927 	 0
1787306714532 	 13 	 200 	 2928 	 0
1787306714574 	 13 	 200 	 2930 	 1
1787306714584 	 16 	 200 	 2931 	 1
1787306714594 	 13 	 200 	 2931 	 0
1787306714687 	 18 	 200 	 2932 	 0
1787306714717 	 13 	 200 	 2933 	 0
1787306714764 	 14 	 200 	 2934 	 0
1787306714821 	 25 	 200 	 2936 	 1
1787306714832 	 14 	 200 	 2936 	 0
1787306714854 	 18 	 200 	 2937 	 0
1787306714932 	 24 	 200 	 2938 	 0
1787306714977 	 16 	 200 	 2939 	 0
1787306715013 	 15 	 200 	 2940 	 0
1787306715062 	 37 	 200 	 2941 	 0
1787306715109 	 15 	 200 	 2943 	 1
1787306715111 	 15 	 200 	 2943 	 0
1787306715197 	 41 	 200 	 2944 	 0
1787306715310 	 12 	 200 	 2945 	 0
1787306715363 	 13 	 200 	 2946 	 0
1787306715428 	 29 	 200 	 2947 	 0
1787306715578 	 13 	 200 	 2948 	 0
1787306715609 	 13 	 200 	 2950 	 1
1787306715613 	 14 	 200 	 2950 	 0
1787306715665 	 15 	 200 	 2952 	 1
1787306715675 	 13 	 200 	 2952 	 0
1787306715725 	 25 	 200 	 2954 	 1
1787306715741 	 16 	 200 	 2954 	 0
1787306715876 	 16 	 200 	 2955 	 0
1787306715901 	 13 	 200 	 2957 	 1
1787306715918 	 20 	 200 	 2958 	 1
1787306715912 	 27 	 200 	 2958 	 0
1787306715988 	 35 	 200 	 2959 	 0
1787306716069 	 33 	 200 	 2960 	 0
1787306716225 	 14 	 200 	 2961 	 0
1787306716272 	 13 	 200 	 2962 	 0
1787306716308 	 17 	 200 	 2964 	 1
1787306716322 	 13 	 200 	 2964 	 0
1787306716410 	 36 	 200 	 2965 	 0
1787306716483 	 19 	 200 	 2966 	 0
1787306716603 	 13 	 200 	 2968 	 1
1787306716606 	 12 	 200 	 2968 	 0
1787306716667 	 13 	 200 	 2970 	 1
1787306716676 	 25 	 200 	 2970 	 0
1787306716820 	 17 	 200 	 2972 	 1
1787306716771 	 65 	 200 	 2972 	 0
1787306716856 	 14 	 200 	 2973 	 0
1787306716948 	 12 	 200 	 2974 	 0
1787306717002 	 24 	 200 	 2975 	 0
1787306717093 	 24 	 200 	 2977 	 1
1787306717117 	 13 	 200 	 2977 	 0
1787306717160 	 14 	 200 	 2978 	 0
1787306717260 	 14 	 200 	 2979 	 0
1787306717305 	 22 	 200 	 2981 	 1
1787306717325 	 21 	 200 	 2982 	 1
1787306717334 	 17 	 200 	 2982 	 0
1787306717480 	 13 	 200 	 2983 	 0
1787306717591 	 32 	 200 	 2985 	 1
1787306717601 	 24 	 200 	 2985 	 0
1787306717733 	 32 	 200 	 2987 	 1
1787306717760 	 26 	 200 	 2987 	 0
1787306717868 	 35 	 200 	 2988 	 0
1787306717950 	 17 	 200 	 2990 	 1
1787306717957 	 17 	 200 	 2990 	 0
1787306717997 	 15 	 200 	 2991 	 0
1787306718068 	 18 	 200 	 2992 	 0
1787306718181 	 18 	 200 	 2993 	 0
1787306718206 	 13 	 200 	 2994 	 0
1787306718387 	 14 	 200 	 2995 	 0
1787306718404 	 15 	 200 	 2996 	 0
1787306718524 	 12 	 200 	 2997 	 0
1787306718595 	 15 	 200 	 2998 	 0
1787306718616 	 15 	 200 	 3002 	 3
1787306718622 	 18 	 200 	 3002 	 2
1787306718626 	 19 	 200 	 3002 	 1
1787306718630 	 17 	 200 	 3002 	 0
1787306718710 	 20 	 200 	 3003 	 0
1787306718737 	 16 	 200 	 3004 	 0
1787306718930 	 12 	 200 	 3005 	 0
1787306718955 	 17 	 200 	 3007 	 1
1787306718963 	 17 	 200 	 3008 	 1
1787306718975 	 13 	 200 	 3008 	 0
1787306719049 	 15 	 200 	 3009 	 0
1787306719086 	 23 	 200 	 3010 	 0
1787306719235 	 15 	 200 	 3011 	 0
1787306719281 	 16 	 200 	 3013 	 1
1787306719285 	 14 	 200 	 3013 	 0
1787306719321 	 15 	 200 	 3014 	 0
1787306719367 	 24 	 200 	 3016 	 1
1787306719388 	 14 	 200 	 3016 	 0
1787306719409 	 14 	 200 	 3017 	 0
1787306719506 	 13 	 200 	 3019 	 1
1787306719511 	 21 	 200 	 3019 	 0
1787306719562 	 14 	 200 	 3020 	 0
1787306719657 	 21 	 200 	 3021 	 0
1787306719732 	 23 	 200 	 3024 	 2
1787306719755 	 13 	 200 	 3024 	 1
1787306719727 	 71 	 200 	 3025 	 1
1787306719793 	 13 	 200 	 3025 	 0
1787306719859 	 27 	 200 	 3026 	 0
1787306719967 	 16 	 200 	 3027 	 0
1787306720151 	 13 	 200 	 3029 	 1
1787306720164 	 13 	 200 	 3029 	 0
1787306720188 	 27 	 200 	 3030 	 0
1787306720238 	 15 	 200 	 3031 	 0
1787306720339 	 31 	 200 	 3034 	 2
1787306720365 	 13 	 200 	 3034 	 1
1787306720365 	 15 	 200 	 3034 	 0
1787306720420 	 34 	 200 	 3035 	 0
1787306720585 	 15 	 200 	 3036 	 0
1787306720664 	 18 	 200 	 3037 	 0
1787306720695 	 12 	 200 	 3038 	 0
1787306720810 	 32 	 200 	 3040 	 1
1787306720827 	 20 	 200 	 3040 	 0
1787306720863 	 27 	 200 	 3043 	 2
1787306720871 	 23 	 200 	 3043 	 1
1787306720874 	 23 	 200 	 3044 	 1
1787306720904 	 14 	 200 	 3045 	 1
1787306720898 	 20 	 200 	 3045 	 0
1787306720962 	 15 	 200 	 3046 	 0
1787306721012 	 14 	 200 	 3047 	 0
1787306721128 	 16 	 200 	 3049 	 1
1787306721144 	 14 	 200 	 3050 	 1
1787306721151 	 21 	 200 	 3050 	 0
1787306721257 	 20 	 200 	 3052 	 1
1787306721259 	 21 	 200 	 3052 	 0
1787306721345 	 13 	 200 	 3053 	 0
1787306721365 	 18 	 200 	 3055 	 1
1787306721366 	 18 	 200 	 3055 	 0
1787306721482 	 15 	 200 	 3058 	 2
1787306721485 	 15 	 200 	 3058 	 1
1787306721560 	 14 	 200 	 3059 	 1
1787306721584 	 15 	 200 	 3060 	 1
1787306721626 	 40 	 200 	 3061 	 1
1787306721754 	 17 	 200 	 3064 	 3
1787306721760 	 22 	 200 	 3064 	 2
1787306721767 	 18 	 200 	 3064 	 1
1787306721472 	 406 	 200 	 3064 	 0
1787306721932 	 33 	 200 	 3065 	 0
1787306722053 	 31 	 200 	 3068 	 2
1787306722048 	 39 	 200 	 3068 	 1
1787306722080 	 17 	 200 	 3068 	 0
1787306722172 	 13 	 200 	 3070 	 1
1787306722175 	 11 	 200 	 3070 	 0
1787306722296 	 16 	 200 	 3071 	 0
1787306722317 	 12 	 200 	 3072 	 0
1787306722372 	 23 	 200 	 3075 	 2
1787306722377 	 40 	 200 	 3075 	 1
1787306722389 	 29 	 200 	 3075 	 0
1787306722480 	 17 	 200 	 3076 	 0
1787306722518 	 14 	 200 	 3078 	 1
1787306722532 	 14 	 200 	 3078 	 0
1787306722622 	 14 	 200 	 3080 	 1
1787306722625 	 14 	 200 	 3080 	 0
1787306722679 	 13 	 200 	 3082 	 1
1787306722692 	 16 	 200 	 3083 	 1
1787306722701 	 13 	 200 	 3083 	 0
1787306722759 	 30 	 200 	 3084 	 0
1787306722804 	 14 	 200 	 3085 	 0
1787306722840 	 12 	 200 	 3086 	 0
1787306722855 	 19 	 200 	 3088 	 1
1787306722873 	 13 	 200 	 3088 	 0
1787306722905 	 14 	 200 	 3089 	 0
1787306722984 	 17 	 200 	 3091 	 1
1787306722986 	 18 	 200 	 3091 	 0
1787306723035 	 13 	 200 	 3093 	 1
1787306723048 	 15 	 200 	 3094 	 1
1787306723057 	 13 	 200 	 3094 	 0
1787306723266 	 13 	 200 	 3095 	 0
1787306723353 	 27 	 200 	 3096 	 0
1787306723446 	 13 	 200 	 3099 	 2
1787306723448 	 15 	 200 	 3099 	 1
1787306723452 	 24 	 200 	 3099 	 0
1787306723488 	 14 	 200 	 3100 	 0
1787306723549 	 13 	 200 	 3101 	 0
1787306723654 	 13 	 200 	 3102 	 0
1787306723720 	 17 	 200 	 3103 	 0
1787306724054 	 30 	 200 	 3105 	 1
1787306724083 	 24 	 200 	 3105 	 0
1787306724177 	 17 	 200 	 3106 	 0
1787306724364 	 16 	 200 	 3107 	 0
1787306724393 	 14 	 200 	 3110 	 2
1787306724395 	 17 	 200 	 3110 	 1
1787306724402 	 15 	 200 	 3110 	 0
1787306724443 	 14 	 200 	 3112 	 1
1787306724453 	 18 	 200 	 3112 	 0
1787306724484 	 17 	 200 	 3115 	 2
1787306724486 	 17 	 200 	 3115 	 1
1787306724497 	 14 	 200 	 3115 	 0
1787306724580 	 15 	 200 	 3116 	 0
1787306724678 	 24 	 200 	 3118 	 1
1787306724696 	 19 	 200 	 3118 	 0
1787306724724 	 12 	 200 	 3119 	 0
1787306724792 	 15 	 200 	 3121 	 1
1787306724802 	 16 	 200 	 3121 	 0
1787306724850 	 14 	 200 	 3122 	 0
1787306724905 	 13 	 200 	 3123 	 0
1787306725065 	 20 	 200 	 3124 	 0
1787306725200 	 22 	 200 	 3126 	 1
1787306725093 	 134 	 200 	 3126 	 0
1787306725247 	 17 	 200 	 3128 	 1
1787306725254 	 13 	 200 	 3128 	 0
1787306725273 	 44 	 200 	 3130 	 1
1787306725317 	 19 	 200 	 3130 	 0
1787306725440 	 22 	 200 	 3132 	 1
1787306725459 	 14 	 200 	 3132 	 0
1787306725534 	 15 	 200 	 3133 	 0
1787306725662 	 14 	 200 	 3134 	 0
1787306725683 	 14 	 200 	 3135 	 0
1787306725724 	 13 	 200 	 3137 	 1
1787306725706 	 37 	 200 	 3137 	 0
1787306725775 	 20 	 200 	 3139 	 1
1787306725794 	 14 	 200 	 3139 	 0
1787306725831 	 38 	 200 	 3140 	 0
1787306725886 	 24 	 200 	 3141 	 0
1787306726027 	 37 	 200 	 3142 	 0
1787306726109 	 22 	 200 	 3144 	 1
1787306726132 	 19 	 200 	 3144 	 0
1787306726210 	 21 	 200 	 3146 	 1
1787306726230 	 15 	 200 	 3146 	 0
1787306726252 	 12 	 200 	 3147 	 0
1787306726351 	 28 	 200 	 3149 	 1
1787306726346 	 42 	 200 	 3149 	 0
1787306726441 	 18 	 200 	 3151 	 1
1787306726447 	 14 	 200 	 3151 	 0
1787306726511 	 13 	 200 	 3152 	 0
1787306726558 	 29 	 200 	 3154 	 1
1787306726556 	 32 	 200 	 3154 	 0
1787306726601 	 13 	 200 	 3156 	 1
1787306726605 	 15 	 200 	 3156 	 0
1787306726676 	 21 	 200 	 3157 	 0
1787306726716 	 13 	 200 	 3158 	 0
1787306726773 	 17 	 200 	 3159 	 0
1787306726802 	 20 	 200 	 3160 	 0
1787306726951 	 14 	 200 	 3161 	 0
1787306727009 	 36 	 200 	 3162 	 0
1787306727069 	 32 	 200 	 3163 	 0
1787306727159 	 36 	 200 	 3165 	 1
1787306727173 	 33 	 200 	 3165 	 0
1787306727363 	 16 	 200 	 3167 	 1
1787306727371 	 17 	 200 	 3167 	 0
1787306727423 	 13 	 200 	 3168 	 0
1787306727477 	 15 	 200 	 3169 	 0
1787306727560 	 14 	 200 	 3171 	 1
1787306727565 	 13 	 200 	 3172 	 1
1787306727578 	 13 	 200 	 3173 	 1
1787306727582 	 16 	 200 	 3173 	 0
1787306727766 	 16 	 200 	 3174 	 0
1787306727831 	 17 	 200 	 3175 	 0
1787306727950 	 30 	 200 	 3176 	 0
1787306728061 	 36 	 200 	 3178 	 1
1787306728070 	 30 	 200 	 3178 	 0
1787306728154 	 17 	 200 	 3181 	 2
1787306728135 	 49 	 200 	 3181 	 1
1787306728153 	 40 	 200 	 3181 	 0
1787306728287 	 37 	 200 	 3182 	 0
1787306728453 	 14 	 200 	 3183 	 0
1787306728609 	 40 	 200 	 3185 	 1
1787306728614 	 36 	 200 	 3185 	 0
1787306728690 	 37 	 200 	 3189 	 3
1787306728712 	 24 	 200 	 3189 	 2
1787306728723 	 17 	 200 	 3189 	 1
1787306728729 	 13 	 200 	 3189 	 0
1787306728806 	 41 	 200 	 3190 	 0
1787306728908 	 14 	 200 	 3191 	 0
1787306728984 	 13 	 200 	 3192 	 0
1787306729001 	 14 	 200 	 3194 	 1
1787306729006 	 15 	 200 	 3194 	 0
1787306729070 	 18 	 200 	 3195 	 0
1787306729101 	 12 	 200 	 3196 	 0
1787306729123 	 12 	 200 	 3197 	 0
1787306729171 	 39 	 200 	 3200 	 2
1787306729190 	 26 	 200 	 3200 	 1
1787306729203 	 22 	 200 	 3200 	 0
1787306729243 	 31 	 200 	 3202 	 1
1787306729265 	 18 	 200 	 3202 	 0
1787306729408 	 13 	 200 	 3203 	 0
1787306729473 	 14 	 200 	 3205 	 1
1787306729487 	 15 	 200 	 3205 	 0
1787306729525 	 17 	 200 	 3206 	 0
1787306729579 	 13 	 200 	 3207 	 0
1787306729594 	 13 	 200 	 3208 	 0
1787306729628 	 16 	 200 	 3209 	 0
1787306729668 	 14 	 200 	 3211 	 1
1787306729667 	 16 	 200 	 3211 	 0
1787306729689 	 13 	 200 	 3212 	 0
1787306729724 	 13 	 200 	 3213 	 0
1787306729762 	 19 	 200 	 3214 	 0
1787306729797 	 21 	 200 	 3218 	 3
1787306729794 	 25 	 200 	 3218 	 2
1787306729812 	 18 	 200 	 3218 	 1
1787306729811 	 23 	 200 	 3218 	 0
1787306729867 	 13 	 200 	 3220 	 1
1787306729877 	 13 	 200 	 3220 	 0
1787306729927 	 13 	 200 	 3221 	 0
1787306729952 	 13 	 200 	 3222 	 0
1787306729970 	 14 	 200 	 3224 	 1
1787306729978 	 15 	 200 	 3225 	 1
1787306729990 	 15 	 200 	 3225 	 0
1787306730098 	 21 	 200 	 3226 	 0
1787306730125 	 13 	 200 	 3228 	 1
1787306730134 	 14 	 200 	 3228 	 0
1787306730151 	 15 	 200 	 3229 	 0
1787306730208 	 40 	 200 	 3232 	 2
1787306730206 	 43 	 200 	 3232 	 1
1787306730234 	 21 	 200 	 3232 	 0
1787306730279 	 14 	 200 	 3233 	 0
1787306730324 	 35 	 200 	 3234 	 0
1787306730392 	 12 	 200 	 3235 	 0
1787306730467 	 13 	 200 	 3236 	 0
1787306730580 	 32 	 200 	 3238 	 1
1787306730606 	 15 	 200 	 3238 	 0
1787306730630 	 12 	 200 	 3239 	 0
1787306730661 	 12 	 200 	 3240 	 0
1787306730741 	 31 	 200 	 3242 	 1
1787306730768 	 20 	 200 	 3242 	 0
1787306730925 	 14 	 200 	 3243 	 0
1787306730966 	 29 	 200 	 3244 	 0
1787306731090 	 14 	 200 	 3246 	 1
1787306731032 	 89 	 200 	 3246 	 0
1787306731165 	 44 	 200 	 3248 	 1
1787306731163 	 48 	 200 	 3248 	 0
1787306731350 	 23 	 200 	 3249 	 0
1787306731516 	 12 	 200 	 3250 	 0
1787306731611 	 13 	 200 	 3251 	 0
1787306731650 	 13 	 200 	 3252 	 0
1787306731665 	 13 	 200 	 3253 	 0
1787306731784 	 13 	 200 	 3254 	 0
1787306731810 	 13 	 200 	 3255 	 0
1787306731839 	 14 	 200 	 3256 	 0
1787306731965 	 22 	 200 	 3258 	 1
1787306731968 	 20 	 200 	 3258 	 0
1787306732023 	 37 	 200 	 3260 	 1
1787306732027 	 34 	 200 	 3260 	 0
1787306732259 	 12 	 200 	 3261 	 0
1787306732286 	 20 	 200 	 3263 	 1
1787306732293 	 25 	 200 	 3264 	 1
1787306732314 	 20 	 200 	 3264 	 0
1787306732343 	 12 	 200 	 3265 	 0
1787306732412 	 36 	 200 	 3267 	 1
1787306732447 	 19 	 200 	 3268 	 1
1787306732450 	 34 	 200 	 3270 	 2
1787306732476 	 14 	 200 	 3270 	 1
1787306732480 	 21 	 200 	 3270 	 0
1787306732529 	 14 	 200 	 3271 	 0
1787306732606 	 17 	 200 	 3273 	 1
1787306732620 	 16 	 200 	 3273 	 0
1787306732692 	 19 	 200 	 3274 	 0
1787306732766 	 29 	 200 	 3275 	 0
1787306732906 	 20 	 200 	 3277 	 1
1787306732917 	 23 	 200 	 3278 	 1
1787306732933 	 15 	 200 	 3278 	 0
1787306732964 	 14 	 200 	 3280 	 1
1787306732970 	 15 	 200 	 3280 	 0
1787306733201 	 41 	 200 	 3283 	 2
1787306733222 	 29 	 200 	 3283 	 1
1787306733242 	 19 	 200 	 3283 	 0
1787306733278 	 13 	 200 	 3284 	 0
1787306733343 	 33 	 200 	 3286 	 1
1787306733368 	 19 	 200 	 3286 	 0
1787306733404 	 14 	 200 	 3287 	 0
1787306733433 	 13 	 200 	 3288 	 0
1787306733610 	 12 	 200 	 3290 	 1
1787306733623 	 13 	 200 	 3291 	 1
1787306733634 	 14 	 200 	 3292 	 1
1787306733643 	 21 	 200 	 3294 	 2
1787306733657 	 13 	 200 	 3294 	 1
1787306733664 	 13 	 200 	 3295 	 1
1787306733672 	 13 	 200 	 3295 	 0
1787306733721 	 30 	 200 	 3297 	 1
1787306733726 	 28 	 200 	 3297 	 0
1787306733792 	 15 	 200 	 3299 	 1
1787306733800 	 12 	 200 	 3299 	 0
1787306733851 	 20 	 200 	 3300 	 0
1787306733904 	 15 	 200 	 3301 	 0
1787306733944 	 13 	 200 	 3303 	 1
1787306733952 	 13 	 200 	 3303 	 0
1787306734035 	 13 	 200 	 3304 	 0
1787306734117 	 41 	 200 	 3306 	 1
1787306734144 	 24 	 200 	 3307 	 1
1787306734166 	 14 	 200 	 3308 	 1
1787306734180 	 14 	 200 	 3308 	 0
1787306734318 	 22 	 200 	 3310 	 1
1787306734330 	 18 	 200 	 3310 	 0
1787306734471 	 13 	 200 	 3311 	 0
1787306734490 	 14 	 200 	 3312 	 0
1787306734533 	 15 	 200 	 3314 	 1
1787306734543 	 13 	 200 	 3314 	 0
1787306734623 	 13 	 200 	 3316 	 1
1787306734636 	 12 	 200 	 3316 	 0
1787306734663 	 12 	 200 	 3317 	 0
1787306734712 	 17 	 200 	 3318 	 0
1787306734744 	 13 	 200 	 3319 	 0
1787306734770 	 15 	 200 	 3320 	 0
1787306734875 	 15 	 200 	 3321 	 0
1787306734893 	 19 	 200 	 3322 	 0
1787306734948 	 15 	 200 	 3323 	 0
1787306734977 	 13 	 200 	 3324 	 0
1787306735003 	 19 	 200 	 3325 	 0
1787306735045 	 29 	 200 	 3326 	 0
1787306735077 	 23 	 200 	 3327 	 0
1787306735164 	 35 	 200 	 3328 	 0
1787306735241 	 14 	 200 	 3330 	 1
1787306735251 	 14 	 200 	 3330 	 0
1787306735270 	 12 	 200 	 3331 	 0
1787306735328 	 13 	 200 	 3332 	 0
1787306735429 	 15 	 200 	 3334 	 1
1787306735427 	 25 	 200 	 3334 	 0
1787306735472 	 12 	 200 	 3335 	 0
1787306735511 	 16 	 200 	 3338 	 2
1787306735519 	 15 	 200 	 3339 	 2
1787306735527 	 14 	 200 	 3339 	 1
1787306735531 	 14 	 200 	 3339 	 0
1787306735571 	 14 	 200 	 3340 	 0
1787306735597 	 12 	 200 	 3341 	 0
1787306735691 	 49 	 200 	 3342 	 0
1787306735743 	 14 	 200 	 3344 	 1
1787306735755 	 13 	 200 	 3345 	 1
1787306735767 	 17 	 200 	 3345 	 0
1787306735857 	 12 	 200 	 3346 	 0
1787306735955 	 31 	 200 	 3347 	 0
1787306736004 	 18 	 200 	 3349 	 1
1787306736018 	 14 	 200 	 3349 	 0
1787306736052 	 16 	 200 	 3350 	 0
1787306736118 	 20 	 200 	 3353 	 2
1787306736116 	 26 	 200 	 3353 	 1
1787306736130 	 14 	 200 	 3353 	 0
1787306736200 	 14 	 200 	 3355 	 1
1787306736204 	 13 	 200 	 3355 	 0
1787306736275 	 17 	 200 	 3357 	 1
1787306736281 	 15 	 200 	 3357 	 0
1787306736379 	 24 	 200 	 3358 	 0
1787306736431 	 14 	 200 	 3359 	 0
1787306736483 	 13 	 200 	 3360 	 0
1787306736518 	 14 	 200 	 3362 	 1
1787306736519 	 16 	 200 	 3362 	 0
1787306736550 	 13 	 200 	 3363 	 0
1787306736569 	 12 	 200 	 3364 	 0
1787306736699 	 34 	 200 	 3365 	 0
1787306736769 	 13 	 200 	 3367 	 1
1787306736774 	 12 	 200 	 3367 	 0
1787306736967 	 28 	 200 	 3369 	 1
1787306736983 	 18 	 200 	 3369 	 0
1787306737005 	 12 	 200 	 3370 	 0
1787306737094 	 33 	 200 	 3371 	 0
1787306737308 	 13 	 200 	 3372 	 0
1787306737398 	 14 	 200 	 3374 	 1
1787306737411 	 12 	 200 	 3374 	 0
1787306737431 	 17 	 200 	 3375 	 0
1787306737587 	 17 	 200 	 3376 	 0
1787306737620 	 15 	 200 	 3377 	 0
1787306737676 	 38 	 200 	 3379 	 1
1787306737713 	 31 	 200 	 3380 	 1
1787306737738 	 26 	 200 	 3380 	 0
1787306737791 	 15 	 200 	 3381 	 0
1787306737884 	 20 	 200 	 3384 	 2
1787306737899 	 20 	 200 	 3384 	 1
1787306737901 	 20 	 200 	 3384 	 0
1787306737991 	 17 	 200 	 3385 	 0
1787306738189 	 32 	 200 	 3386 	 0
1787306738259 	 15 	 200 	 3387 	 0
1787306738375 	 22 	 200 	 3389 	 1
1787306738360 	 38 	 200 	 3389 	 0
1787306738409 	 16 	 200 	 3390 	 0
1787306738498 	 17 	 200 	 3391 	 0
1787306738589 	 32 	 200 	 3392 	 0
1787306738649 	 34 	 200 	 3394 	 1
1787306738668 	 19 	 200 	 3394 	 0
1787306738733 	 19 	 200 	 3395 	 0
1787306738802 	 18 	 200 	 3397 	 1
1787306738814 	 16 	 200 	 3397 	 0
1787306738878 	 13 	 200 	 3398 	 0
1787306738896 	 15 	 200 	 3399 	 0
1787306738957 	 29 	 200 	 3401 	 1
1787306738955 	 33 	 200 	 3401 	 0
1787306739026 	 16 	 200 	 3404 	 2
1787306739035 	 13 	 200 	 3404 	 1
1787306739031 	 20 	 200 	 3404 	 0
1787306739058 	 12 	 200 	 3405 	 0
1787306739077 	 15 	 200 	 3406 	 0
1787306739170 	 42 	 200 	 3409 	 2
1787306739176 	 38 	 200 	 3409 	 1
1787306739196 	 20 	 200 	 3409 	 0
1787306739229 	 13 	 200 	 3410 	 0
1787306739263 	 16 	 200 	 3411 	 0
1787306739338 	 15 	 200 	 3412 	 0
1787306739374 	 20 	 200 	 3416 	 3
1787306739379 	 28 	 200 	 3416 	 2
1787306739386 	 24 	 200 	 3416 	 1
1787306739390 	 23 	 200 	 3416 	 0
1787306739418 	 13 	 200 	 3417 	 0
1787306739556 	 13 	 200 	 3418 	 0
1787306739632 	 12 	 200 	 3419 	 0
1787306739705 	 35 	 200 	 3420 	 0
1787306739957 	 16 	 200 	 3421 	 0
1787306740028 	 66 	 200 	 3422 	 0
1787306740120 	 16 	 200 	 3423 	 0
1787306740142 	 12 	 200 	 3424 	 0
1787306740175 	 23 	 200 	 3425 	 0
1787306740201 	 14 	 200 	 3426 	 0
1787306740255 	 16 	 200 	 3427 	 0
1787306740283 	 12 	 200 	 3429 	 1
1787306740294 	 14 	 200 	 3429 	 0
1787306740349 	 13 	 200 	 3430 	 0
1787306740414 	 16 	 200 	 3431 	 0
1787306740509 	 16 	 200 	 3433 	 1
1787306740518 	 13 	 200 	 3433 	 0
1787306740578 	 15 	 200 	 3434 	 0
1787306740680 	 21 	 200 	 3435 	 0
1787306740757 	 46 	 200 	 3436 	 0
1787306740868 	 37 	 200 	 3437 	 0
1787306740958 	 34 	 200 	 3438 	 0
1787306741058 	 17 	 200 	 3440 	 1
1787306741068 	 14 	 200 	 3440 	 0
1787306741096 	 12 	 200 	 3441 	 0
1787306741115 	 15 	 200 	 3442 	 0
1787306741220 	 29 	 200 	 3445 	 2
1787306741224 	 28 	 200 	 3445 	 1
1787306741222 	 31 	 200 	 3445 	 0
1787306741278 	 13 	 200 	 3446 	 0
1787306741299 	 13 	 200 	 3447 	 0
1787306741388 	 25 	 200 	 3448 	 0
1787306741416 	 13 	 200 	 3449 	 0
1787306741590 	 15 	 200 	 3450 	 0
1787306741715 	 20 	 200 	 3452 	 1
1787306741722 	 16 	 200 	 3452 	 0
1787306741823 	 20 	 200 	 3453 	 0
1787306741867 	 14 	 200 	 3456 	 2
1787306741866 	 19 	 200 	 3456 	 1
1787306741872 	 18 	 200 	 3457 	 1
1787306741886 	 14 	 200 	 3458 	 1
1787306741892 	 13 	 200 	 3458 	 0
1787306741929 	 41 	 200 	 3460 	 1
1787306741948 	 23 	 200 	 3460 	 0
1787306741977 	 13 	 200 	 3461 	 0
1787306742035 	 31 	 200 	 3462 	 0
1787306742128 	 45 	 200 	 3464 	 1
1787306742169 	 13 	 200 	 3464 	 0
1787306742198 	 14 	 200 	 3466 	 1
1787306742203 	 20 	 200 	 3466 	 0
1787306742247 	 15 	 200 	 3467 	 0
1787306742274 	 14 	 200 	 3468 	 0
1787306742329 	 14 	 200 	 3469 	 0
1787306742366 	 13 	 200 	 3471 	 1
1787306742369 	 13 	 200 	 3471 	 0
1787306742384 	 16 	 200 	 3472 	 0
1787306742426 	 16 	 200 	 3473 	 0
1787306742458 	 14 	 200 	 3475 	 1
1787306742472 	 20 	 200 	 3476 	 1
1787306742479 	 13 	 200 	 3476 	 0
1787306742609 	 22 	 200 	 3477 	 0
1787306742742 	 14 	 200 	 3478 	 0
1787306742761 	 13 	 200 	 3479 	 0
1787306742879 	 14 	 200 	 3481 	 1
1787306742906 	 13 	 200 	 3482 	 1
1787306742997 	 32 	 200 	 3483 	 1
1787306742864 	 170 	 200 	 3483 	 0
1787306743114 	 13 	 200 	 3484 	 0
1787306743209 	 13 	 200 	 3485 	 0
1787306743288 	 14 	 200 	 3486 	 0
1787306743304 	 19 	 200 	 3490 	 3
1787306743313 	 16 	 200 	 3490 	 2
1787306743310 	 20 	 200 	 3490 	 1
1787306743316 	 22 	 200 	 3490 	 0
1787306743534 	 15 	 200 	 3492 	 1
1787306743535 	 16 	 200 	 3492 	 0
1787306743603 	 32 	 200 	 3494 	 1
1787306743630 	 18 	 200 	 3494 	 0
1787306743688 	 24 	 200 	 3495 	 0
1787306743721 	 14 	 200 	 3496 	 0
1787306743810 	 42 	 200 	 3498 	 1
1787306743833 	 19 	 200 	 3498 	 0
1787306743906 	 14 	 200 	 3500 	 1
1787306743911 	 18 	 200 	 3500 	 0
1787306744005 	 14 	 200 	 3501 	 0
1787306744027 	 12 	 200 	 3502 	 0
1787306744078 	 35 	 200 	 3504 	 1
1787306744103 	 25 	 200 	 3504 	 0
1787306744286 	 18 	 200 	 3505 	 0
1787306744429 	 13 	 200 	 3506 	 0
1787306744443 	 23 	 200 	 3507 	 0
1787306744467 	 12 	 200 	 3508 	 0
1787306744521 	 13 	 200 	 3512 	 3
1787306744525 	 14 	 200 	 3512 	 2
1787306744527 	 14 	 200 	 3512 	 1
1787306744534 	 17 	 200 	 3512 	 0
1787306744621 	 18 	 200 	 3514 	 1
1787306744635 	 13 	 200 	 3515 	 1
1787306744646 	 19 	 200 	 3515 	 0
1787306744693 	 14 	 200 	 3516 	 0
1787306744725 	 16 	 200 	 3518 	 1
1787306744737 	 14 	 200 	 3518 	 0
1787306744774 	 16 	 200 	 3520 	 1
1787306744784 	 13 	 200 	 3520 	 0
1787306744821 	 12 	 200 	 3521 	 0
1787306744896 	 22 	 200 	 3523 	 1
1787306744905 	 27 	 200 	 3523 	 0
1787306744977 	 20 	 200 	 3524 	 0
1787306745022 	 14 	 200 	 3525 	 0
1787306745059 	 30 	 200 	 3527 	 1
1787306745083 	 16 	 200 	 3527 	 0
1787306745137 	 12 	 200 	 3528 	 0
1787306745170 	 13 	 200 	 3529 	 0
1787306745273 	 15 	 200 	 3530 	 0
1787306745330 	 12 	 200 	 3531 	 0
1787306745363 	 14 	 200 	 3532 	 0
1787306745392 	 35 	 200 	 3533 	 0
1787306745500 	 15 	 200 	 3534 	 0
1787306745601 	 13 	 200 	 3535 	 0
1787306745618 	 14 	 200 	 3537 	 1
1787306745625 	 16 	 200 	 3537 	 0
1787306745706 	 20 	 200 	 3538 	 0
1787306745739 	 16 	 200 	 3539 	 0
1787306745835 	 32 	 200 	 3542 	 2
1787306745864 	 21 	 200 	 3542 	 1
1787306745866 	 20 	 200 	 3542 	 0
1787306745915 	 13 	 200 	 3543 	 0
1787306745991 	 16 	 200 	 3544 	 0
1787306746153 	 31 	 200 	 3545 	 0
1787306746192 	 24 	 200 	 3547 	 1
1787306746201 	 24 	 200 	 3547 	 0
1787306746234 	 15 	 200 	 3549 	 1
1787306746236 	 14 	 200 	 3549 	 0
1787306746269 	 12 	 200 	 3550 	 0
1787306746450 	 18 	 200 	 3552 	 1
1787306746455 	 14 	 200 	 3552 	 0
1787306746507 	 22 	 200 	 3555 	 2
1787306746503 	 25 	 200 	 3555 	 1
1787306746508 	 22 	 200 	 3555 	 0
1787306746575 	 40 	 200 	 3557 	 1
1787306746608 	 15 	 200 	 3557 	 0
1787306746661 	 15 	 200 	 3558 	 0
1787306746697 	 17 	 200 	 3559 	 0
1787306746817 	 14 	 200 	 3560 	 0
1787306746864 	 20 	 200 	 3563 	 2
1787306746864 	 22 	 200 	 3563 	 1
1787306746886 	 15 	 200 	 3563 	 0
1787306746927 	 34 	 200 	 3564 	 0
1787306746982 	 30 	 200 	 3565 	 0
1787306747019 	 14 	 200 	 3566 	 0
1787306747097 	 33 	 200 	 3568 	 1
1787306747094 	 36 	 200 	 3568 	 0
1787306747155 	 32 	 200 	 3570 	 1
1787306747168 	 32 	 200 	 3573 	 3
1787306747190 	 17 	 200 	 3573 	 2
1787306747200 	 17 	 200 	 3573 	 1
1787306747193 	 24 	 200 	 3573 	 0
1787306747235 	 31 	 200 	 3574 	 0
1787306747515 	 14 	 200 	 3575 	 0
1787306747630 	 13 	 200 	 3576 	 0
1787306747654 	 13 	 200 	 3577 	 0
1787306747675 	 17 	 200 	 3578 	 0
1787306747814 	 12 	 200 	 3579 	 0
1787306748033 	 36 	 200 	 3581 	 1
1787306748048 	 28 	 200 	 3581 	 0
1787306748102 	 18 	 200 	 3583 	 1
1787306748120 	 13 	 200 	 3583 	 0
1787306748201 	 20 	 200 	 3584 	 0
1787306748243 	 17 	 200 	 3586 	 1
1787306748248 	 15 	 200 	 3586 	 0
1787306748338 	 32 	 200 	 3587 	 0
1787306748421 	 42 	 200 	 3589 	 1
1787306748462 	 13 	 200 	 3589 	 0
1787306748527 	 14 	 200 	 3592 	 2
1787306748530 	 17 	 200 	 3592 	 1
1787306748538 	 14 	 200 	 3592 	 0
1787306748582 	 16 	 200 	 3593 	 0
1787306748682 	 16 	 200 	 3594 	 0
1787306748758 	 25 	 200 	 3595 	 0
1787306748849 	 20 	 200 	 3597 	 1
1787306748861 	 14 	 200 	 3597 	 0
1787306748943 	 37 	 200 	 3598 	 0
1787306749042 	 12 	 200 	 3599 	 0
1787306749063 	 13 	 200 	 3601 	 1
1787306749076 	 14 	 200 	 3601 	 0
1787306749224 	 35 	 200 	 3603 	 1
1787306749238 	 30 	 200 	 3603 	 0
1787306749272 	 12 	 200 	 3604 	 0
1787306749289 	 15 	 200 	 3605 	 0
1787306749328 	 15 	 200 	 3606 	 0
1787306749397 	 14 	 200 	 3607 	 0
1787306749513 	 19 	 200 	 3609 	 1
1787306749553 	 17 	 200 	 3610 	 1
1787306749461 	 115 	 200 	 3610 	 0
1787306749581 	 17 	 200 	 3611 	 0
1787306749652 	 34 	 200 	 3612 	 0
1787306749702 	 13 	 200 	 3613 	 0
1787306749726 	 16 	 200 	 3614 	 0
1787306749758 	 13 	 200 	 3615 	 0
1787306749926 	 31 	 200 	 3616 	 0
1787306749990 	 30 	 200 	 3617 	 0
1787306750125 	 32 	 200 	 3618 	 0
1787306750200 	 24 	 200 	 3620 	 1
1787306750200 	 28 	 200 	 3620 	 0
1787306750290 	 32 	 200 	 3622 	 1
1787306750300 	 28 	 200 	 3622 	 0
1787306750446 	 22 	 200 	 3624 	 1
1787306750458 	 23 	 200 	 3624 	 0
1787306750556 	 14 	 200 	 3625 	 0
1787306750605 	 18 	 200 	 3626 	 0
1787306750649 	 17 	 200 	 3629 	 2
1787306750656 	 17 	 200 	 3629 	 1
1787306750656 	 18 	 200 	 3629 	 0
1787306750699 	 17 	 200 	 3631 	 1
1787306750700 	 16 	 200 	 3631 	 0
1787306750732 	 15 	 200 	 3632 	 0
1787306750763 	 15 	 200 	 3633 	 0
1787306750835 	 15 	 200 	 3634 	 0
1787306750872 	 13 	 200 	 3635 	 0
1787306750930 	 15 	 200 	 3637 	 1
1787306750941 	 14 	 200 	 3637 	 0
1787306751027 	 14 	 200 	 3638 	 0
1787306751095 	 34 	 200 	 3640 	 1
1787306751115 	 26 	 200 	 3640 	 0
1787306751162 	 33 	 200 	 3642 	 1
1787306751175 	 23 	 200 	 3642 	 0
1787306751419 	 14 	 200 	 3644 	 1
1787306751438 	 13 	 200 	 3645 	 1
1787306751429 	 23 	 200 	 3645 	 0
1787306751566 	 37 	 200 	 3646 	 0
1787306751726 	 15 	 200 	 3647 	 0
1787306751785 	 12 	 200 	 3648 	 0
1787306751914 	 13 	 200 	 3649 	 0
1787306752187 	 29 	 200 	 3650 	 0
1787306752235 	 14 	 200 	 3651 	 0
1787306752269 	 18 	 200 	 3653 	 1
1787306752269 	 24 	 200 	 3653 	 0
1787306752315 	 17 	 200 	 3654 	 0
1787306752377 	 30 	 200 	 3655 	 0
1787306752432 	 15 	 200 	 3657 	 1
1787306752445 	 17 	 200 	 3657 	 0
1787306752513 	 14 	 200 	 3659 	 1
1787306752515 	 17 	 200 	 3659 	 0
1787306752547 	 15 	 200 	 3660 	 0
1787306752581 	 13 	 200 	 3661 	 0
1787306752791 	 29 	 200 	 3662 	 0
1787306752884 	 15 	 200 	 3663 	 0
1787306752931 	 13 	 200 	 3664 	 0
1787306752996 	 16 	 200 	 3666 	 1
1787306753010 	 16 	 200 	 3666 	 0
1787306753149 	 14 	 200 	 3667 	 0
1787306753203 	 17 	 200 	 3668 	 0
1787306753225 	 25 	 200 	 3669 	 0
1787306753277 	 12 	 200 	 3670 	 0
1787306753358 	 30 	 200 	 3673 	 2
1787306753375 	 25 	 200 	 3674 	 2
1787306753402 	 15 	 200 	 3674 	 1
1787306753370 	 60 	 200 	 3675 	 1
1787306753421 	 13 	 200 	 3675 	 0
1787306753473 	 18 	 200 	 3676 	 0
1787306753565 	 16 	 200 	 3677 	 0
1787306753655 	 14 	 200 	 3678 	 0
1787306753875 	 16 	 200 	 3679 	 0
1787306753920 	 18 	 200 	 3682 	 2
1787306753939 	 12 	 200 	 3682 	 1
1787306753920 	 29 	 200 	 3682 	 0
1787306753988 	 15 	 200 	 3683 	 0
1787306754055 	 32 	 200 	 3684 	 0
1787306754164 	 31 	 200 	 3686 	 1
1787306754157 	 39 	 200 	 3686 	 0
1787306754339 	 21 	 200 	 3688 	 1
1787306754361 	 15 	 200 	 3689 	 1
1787306754372 	 14 	 200 	 3690 	 1
1787306754379 	 15 	 200 	 3690 	 0
1787306754431 	 14 	 200 	 3692 	 1
1787306754430 	 16 	 200 	 3692 	 0
1787306754526 	 14 	 200 	 3693 	 0
1787306754551 	 13 	 200 	 3694 	 0
1787306754637 	 15 	 200 	 3696 	 1
1787306754643 	 23 	 200 	 3696 	 0
1787306754673 	 14 	 200 	 3697 	 0
1787306754752 	 20 	 200 	 3699 	 1
1787306754772 	 16 	 200 	 3699 	 0
1787306754861 	 16 	 200 	 3701 	 1
1787306754868 	 14 	 200 	 3701 	 0
1787306754937 	 23 	 200 	 3703 	 1
1787306754942 	 21 	 200 	 3703 	 0
1787306755003 	 13 	 200 	 3704 	 0
1787306755020 	 12 	 200 	 3705 	 0
1787306755079 	 35 	 200 	 3707 	 1
1787306755110 	 19 	 200 	 3708 	 1
1787306755127 	 18 	 200 	 3708 	 0
1787306755159 	 13 	 200 	 3711 	 2
1787306755156 	 18 	 200 	 3711 	 1
1787306755165 	 14 	 200 	 3711 	 0
1787306755250 	 19 	 200 	 3713 	 1
1787306755270 	 12 	 200 	 3713 	 0
1787306755383 	 30 	 200 	 3715 	 1
1787306755409 	 15 	 200 	 3715 	 0
1787306755428 	 12 	 200 	 3716 	 0
1787306755503 	 18 	 200 	 3717 	 0
1787306755599 	 18 	 200 	 3718 	 0
1787306755619 	 14 	 200 	 3719 	 0
1787306755807 	 25 	 200 	 3720 	 0
1787306755845 	 16 	 200 	 3722 	 1
1787306755839 	 63 	 200 	 3722 	 0
1787306755905 	 15 	 200 	 3723 	 0
1787306755931 	 12 	 200 	 3724 	 0
1787306755998 	 14 	 200 	 3726 	 1
1787306756012 	 16 	 200 	 3727 	 1
1787306756015 	 16 	 200 	 3727 	 0
1787306756045 	 35 	 200 	 3729 	 1
1787306756078 	 28 	 200 	 3731 	 2
1787306756091 	 24 	 200 	 3731 	 1
1787306756094 	 25 	 200 	 3732 	 1
1787306756120 	 13 	 200 	 3732 	 0
1787306756281 	 20 	 200 	 3733 	 0
1787306756370 	 35 	 200 	 3734 	 0
1787306756418 	 19 	 200 	 3736 	 1
1787306756428 	 14 	 200 	 3736 	 0
1787306756523 	 15 	 200 	 3738 	 1
1787306756534 	 15 	 200 	 3738 	 0
1787306756608 	 23 	 200 	 3739 	 0
1787306756728 	 20 	 200 	 3741 	 1
1787306756714 	 48 	 200 	 3741 	 0
1787306756832 	 17 	 200 	 3744 	 2
1787306756837 	 14 	 200 	 3744 	 1
1787306756850 	 14 	 200 	 3744 	 0
1787306756910 	 24 	 200 	 3745 	 0
1787306756943 	 36 	 200 	 3746 	 0
1787306757017 	 13 	 200 	 3747 	 0
1787306757044 	 18 	 200 	 3750 	 2
1787306757053 	 17 	 200 	 3750 	 1
1787306757053 	 18 	 200 	 3750 	 0
1787306757174 	 34 	 200 	 3751 	 0
1787306757215 	 21 	 200 	 3753 	 1
1787306757232 	 18 	 200 	 3753 	 0
1787306757266 	 15 	 200 	 3754 	 0
1787306757374 	 15 	 200 	 3755 	 0
1787306757429 	 29 	 200 	 3756 	 0
1787306757461 	 13 	 200 	 3757 	 0
1787306757495 	 20 	 200 	 3758 	 0
1787306757522 	 18 	 200 	 3760 	 1
1787306757523 	 19 	 200 	 3760 	 0
1787306757572 	 16 	 200 	 3761 	 0
1787306757602 	 19 	 200 	 3762 	 0
1787306757738 	 12 	 200 	 3763 	 0
1787306757757 	 13 	 200 	 3764 	 0
1787306757955 	 29 	 200 	 3766 	 1
1787306757969 	 23 	 200 	 3766 	 0
1787306758070 	 57 	 200 	 3768 	 1
1787306758124 	 17 	 200 	 3768 	 0
1787306758146 	 17 	 200 	 3769 	 0
1787306758252 	 14 	 200 	 3771 	 1
1787306758258 	 13 	 200 	 3771 	 0
1787306758391 	 32 	 200 	 3774 	 2
1787306758393 	 31 	 200 	 3774 	 1
1787306758419 	 14 	 200 	 3775 	 1
1787306758431 	 13 	 200 	 3775 	 0
1787306758458 	 13 	 200 	 3776 	 0
1787306758609 	 16 	 200 	 3777 	 0
1787306758650 	 13 	 200 	 3778 	 0
1787306758671 	 14 	 200 	 3780 	 1
1787306758681 	 14 	 200 	 3780 	 0
1787306758709 	 16 	 200 	 3781 	 0
1787306758782 	 27 	 200 	 3783 	 1
1787306758797 	 25 	 200 	 3783 	 0
1787306758872 	 14 	 200 	 3785 	 1
1787306758880 	 13 	 200 	 3785 	 0
1787306758901 	 14 	 200 	 3786 	 0
1787306758948 	 15 	 200 	 3788 	 1
1787306758962 	 14 	 200 	 3788 	 0
1787306759052 	 22 	 200 	 3789 	 0
1787306759118 	 12 	 200 	 3790 	 0
1787306759325 	 31 	 200 	 3792 	 1
1787306759333 	 27 	 200 	 3792 	 0
1787306759368 	 12 	 200 	 3793 	 0
1787306759402 	 13 	 200 	 3795 	 1
1787306759485 	 34 	 200 	 3797 	 2
1787306759514 	 13 	 200 	 3797 	 1
1787306759531 	 13 	 200 	 3798 	 1
1787306759387 	 234 	 200 	 3798 	 0
1787306759628 	 12 	 200 	 3799 	 0
1787306759723 	 32 	 200 	 3802 	 2
1787306759729 	 27 	 200 	 3802 	 1
1787306759750 	 16 	 200 	 3802 	 0
1787306759856 	 14 	 200 	 3804 	 1
1787306759861 	 17 	 200 	 3804 	 0
1787306759884 	 13 	 200 	 3805 	 0
1787306760003 	 31 	 200 	 3806 	 0
1787306760062 	 37 	 200 	 3808 	 1
1787306760080 	 35 	 200 	 3808 	 0
1787306760144 	 35 	 200 	 3809 	 0
1787306760187 	 27 	 200 	 3811 	 1
1787306760196 	 27 	 200 	 3811 	 0
1787306760245 	 14 	 200 	 3812 	 0
1787306760297 	 14 	 200 	 3813 	 0
1787306760341 	 20 	 200 	 3818 	 4
1787306760346 	 17 	 200 	 3818 	 3
1787306760355 	 17 	 200 	 3818 	 2
1787306760353 	 22 	 200 	 3818 	 1
1787306760363 	 14 	 200 	 3818 	 0
1787306760386 	 14 	 200 	 3820 	 1
1787306760399 	 15 	 200 	 3821 	 1
1787306760406 	 19 	 200 	 3821 	 0
1787306760517 	 15 	 200 	 3822 	 0
1787306760586 	 33 	 200 	 3824 	 1
1787306760590 	 31 	 200 	 3825 	 1
1787306760623 	 16 	 200 	 3826 	 1
1787306760633 	 19 	 200 	 3826 	 0
1787306760673 	 22 	 200 	 3828 	 1
1787306760678 	 20 	 200 	 3828 	 0
1787306760862 	 16 	 200 	 3829 	 0
1787306760956 	 13 	 200 	 3831 	 1
1787306760978 	 44 	 200 	 3832 	 1
1787306761035 	 13 	 200 	 3833 	 1
1787306760895 	 192 	 200 	 3833 	 0
1787306761113 	 18 	 200 	 3835 	 1
1787306761128 	 12 	 200 	 3835 	 0
1787306761187 	 22 	 200 	 3838 	 2
1787306761170 	 41 	 200 	 3838 	 1
1787306761183 	 31 	 200 	 3838 	 0
1787306761277 	 19 	 200 	 3839 	 0
1787306761309 	 16 	 200 	 3840 	 0
1787306761348 	 16 	 200 	 3841 	 0
1787306761381 	 22 	 200 	 3842 	 0
1787306761432 	 18 	 200 	 3843 	 0
1787306761604 	 21 	 200 	 3844 	 0
1787306761753 	 18 	 200 	 3847 	 2
1787306761719 	 96 	 200 	 3847 	 1
1787306761845 	 30 	 200 	 3850 	 3
1787306761868 	 15 	 200 	 3850 	 2
1787306761919 	 13 	 200 	 3852 	 3
1787306761832 	 103 	 200 	 3852 	 2
1787306761892 	 94 	 200 	 3852 	 1
1787306761630 	 400 	 200 	 3853 	 1
1787306762030 	 13 	 200 	 3853 	 0
1787306762104 	 21 	 200 	 3854 	 0
1787306762165 	 13 	 200 	 3856 	 1
1787306762171 	 14 	 200 	 3856 	 0
1787306762351 	 31 	 200 	 3858 	 1
1787306762365 	 22 	 200 	 3858 	 0
1787306762394 	 12 	 200 	 3859 	 0
1787306762439 	 27 	 200 	 3861 	 1
1787306762458 	 13 	 200 	 3861 	 0
1787306762482 	 21 	 200 	 3862 	 0
1787306762610 	 22 	 200 	 3863 	 0
1787306762680 	 31 	 200 	 3864 	 0
1787306762814 	 14 	 200 	 3865 	 0
1787306762886 	 13 	 200 	 3866 	 0
1787306762942 	 15 	 200 	 3868 	 1
1787306762941 	 19 	 200 	 3868 	 0
1787306762963 	 14 	 200 	 3870 	 1
1787306762973 	 15 	 200 	 3870 	 0
1787306763010 	 31 	 200 	 3871 	 0
1787306763049 	 15 	 200 	 3872 	 0
1787306763186 	 12 	 200 	 3873 	 0
1787306763282 	 17 	 200 	 3874 	 0
1787306763416 	 13 	 200 	 3875 	 0
1787306763454 	 15 	 200 	 3876 	 0
1787306763504 	 17 	 200 	 3877 	 0
1787306763553 	 14 	 200 	 3879 	 1
1787306763558 	 14 	 200 	 3879 	 0
1787306763615 	 14 	 200 	 3881 	 1
1787306763621 	 14 	 200 	 3882 	 1
1787306763634 	 12 	 200 	 3882 	 0
1787306763726 	 28 	 200 	 3883 	 0
1787306763790 	 19 	 200 	 3884 	 0
1787306763839 	 14 	 200 	 3885 	 0
1787306763913 	 15 	 200 	 3886 	 0
1787306763930 	 15 	 200 	 3887 	 0
1787306763977 	 16 	 200 	 3890 	 2
1787306763983 	 15 	 200 	 3890 	 1
1787306763984 	 15 	 200 	 3890 	 0
1787306764112 	 15 	 200 	 3891 	 0
1787306764179 	 27 	 200 	 3892 	 0
1787306764284 	 17 	 200 	 3894 	 1
1787306764289 	 13 	 200 	 3894 	 0
1787306764332 	 19 	 200 	 3897 	 2
1787306764335 	 16 	 200 	 3897 	 1
1787306764343 	 17 	 200 	 3897 	 0
1787306764367 	 14 	 200 	 3898 	 0
1787306764424 	 13 	 200 	 3900 	 1
1787306764426 	 26 	 200 	 3900 	 0
1787306764458 	 12 	 200 	 3901 	 0
1787306764481 	 22 	 200 	 3902 	 0
1787306764554 	 13 	 200 	 3904 	 1
1787306764576 	 19 	 200 	 3906 	 2
1787306764567 	 39 	 200 	 3906 	 1
1787306764589 	 23 	 200 	 3907 	 1
1787306764611 	 119 	 200 	 3907 	 0
1787306764773 	 17 	 200 	 3909 	 1
1787306764780 	 13 	 200 	 3909 	 0
1787306764824 	 13 	 200 	 3910 	 0
1787306765014 	 31 	 200 	 3913 	 2
1787306765016 	 33 	 200 	 3913 	 1
1787306765038 	 17 	 200 	 3913 	 0
1787306765134 	 13 	 200 	 3914 	 0
1787306765159 	 13 	 200 	 3915 	 0
1787306765265 	 31 	 200 	 3916 	 0
1787306765322 	 34 	 200 	 3917 	 0
1787306765367 	 15 	 200 	 3918 	 0
1787306765464 	 36 	 200 	 3920 	 1
1787306765476 	 29 	 200 	 3920 	 0
1787306765546 	 22 	 200 	 3922 	 1
1787306765568 	 13 	 200 	 3922 	 0
1787306765668 	 15 	 200 	 3923 	 0
1787306765699 	 13 	 200 	 3924 	 0
1787306765741 	 12 	 200 	 3925 	 0
1787306765755 	 13 	 200 	 3926 	 0
1787306765790 	 15 	 200 	 3927 	 0
1787306765810 	 12 	 200 	 3928 	 0
1787306765830 	 16 	 200 	 3929 	 0
1787306765885 	 21 	 200 	 3931 	 1
1787306765901 	 15 	 200 	 3931 	 0
1787306765937 	 13 	 200 	 3932 	 0
1787306765996 	 15 	 200 	 3933 	 0
1787306766026 	 12 	 200 	 3934 	 0
1787306766109 	 16 	 200 	 3935 	 0
1787306766156 	 13 	 200 	 3936 	 0
1787306766435 	 18 	 200 	 3937 	 0
1787306766458 	 12 	 200 	 3938 	 0
1787306766561 	 39 	 200 	 3939 	 0
1787306766666 	 21 	 200 	 3940 	 0
1787306766742 	 29 	 200 	 3943 	 2
1787306766751 	 23 	 200 	 3943 	 1
1787306766756 	 28 	 200 	 3943 	 0
1787306766830 	 27 	 200 	 3945 	 1
1787306766853 	 16 	 200 	 3945 	 0
1787306766874 	 13 	 200 	 3947 	 1
1787306766884 	 17 	 200 	 3948 	 1
1787306766888 	 15 	 200 	 3948 	 0
1787306766905 	 16 	 200 	 3950 	 1
1787306766918 	 16 	 200 	 3950 	 0
1787306767041 	 18 	 200 	 3951 	 0
1787306767072 	 14 	 200 	 3952 	 0
1787306767095 	 16 	 200 	 3953 	 0
1787306767133 	 12 	 200 	 3954 	 0
1787306767327 	 13 	 200 	 3955 	 0
1787306767459 	 13 	 200 	 3956 	 0
1787306767485 	 18 	 200 	 3958 	 1
1787306767497 	 16 	 200 	 3958 	 0
1787306767538 	 12 	 200 	 3959 	 0
1787306767641 	 13 	 200 	 3960 	 0
1787306767656 	 12 	 200 	 3961 	 0
1787306767712 	 15 	 200 	 3963 	 1
1787306767714 	 15 	 200 	 3963 	 0
1787306767762 	 13 	 200 	 3964 	 0
1787306767841 	 14 	 200 	 3965 	 0
1787306767968 	 35 	 200 	 3967 	 1
1787306768002 	 12 	 200 	 3967 	 0
1787306768111 	 16 	 200 	 3969 	 1
1787306768126 	 12 	 200 	 3969 	 0
1787306768142 	 14 	 200 	 3970 	 0
1787306768165 	 16 	 200 	 3972 	 1
1787306768168 	 15 	 200 	 3972 	 0
1787306768248 	 44 	 200 	 3973 	 0
1787306768333 	 15 	 200 	 3975 	 1
1787306768342 	 15 	 200 	 3976 	 1
1787306768354 	 15 	 200 	 3977 	 1
1787306768370 	 13 	 200 	 3978 	 1
1787306768381 	 16 	 200 	 3978 	 0
1787306768413 	 15 	 200 	 3980 	 1
1787306768416 	 14 	 200 	 3980 	 0
1787306768451 	 13 	 200 	 3981 	 0
1787306768468 	 20 	 200 	 3983 	 1
1787306768473 	 16 	 200 	 3983 	 0
1787306768626 	 19 	 200 	 3984 	 0
1787306768757 	 20 	 200 	 3986 	 1
1787306768761 	 18 	 200 	 3986 	 0
1787306768788 	 15 	 200 	 3987 	 0
1787306768896 	 15 	 200 	 3988 	 0
1787306768959 	 14 	 200 	 3989 	 0
1787306769001 	 25 	 200 	 3991 	 1
1787306769005 	 24 	 200 	 3991 	 0
1787306769050 	 16 	 200 	 3992 	 0
1787306769089 	 12 	 200 	 3993 	 0
1787306769343 	 13 	 200 	 3994 	 0
1787306769371 	 13 	 200 	 3995 	 0
1787306769388 	 14 	 200 	 3997 	 1
1787306769389 	 21 	 200 	 3997 	 0
1787306769425 	 12 	 200 	 3998 	 0
1787306769450 	 14 	 200 	 3999 	 0
1787306769516 	 24 	 200 	 4000 	 0
1787306769546 	 13 	 200 	 4001 	 0
1787306769587 	 16 	 200 	 4002 	 0
1787306769787 	 15 	 200 	 4004 	 1
1787306769790 	 14 	 200 	 4004 	 0
1787306769839 	 14 	 200 	 4005 	 0
1787306769855 	 13 	 200 	 4007 	 1
1787306769859 	 19 	 200 	 4007 	 0
1787306769917 	 14 	 200 	 4008 	 0
1787306769989 	 17 	 200 	 4010 	 1
1787306770003 	 15 	 200 	 4011 	 1
1787306770017 	 15 	 200 	 4011 	 0
1787306770049 	 21 	 200 	 4013 	 1
1787306770060 	 12 	 200 	 4013 	 0
1787306770075 	 12 	 200 	 4015 	 1
1787306770083 	 19 	 200 	 4016 	 1
1787306770089 	 15 	 200 	 4016 	 0
1787306770133 	 13 	 200 	 4017 	 0
1787306770161 	 14 	 200 	 4018 	 0
1787306770194 	 12 	 200 	 4019 	 0
1787306770226 	 16 	 200 	 4021 	 1
1787306770230 	 14 	 200 	 4021 	 0
1787306770280 	 34 	 200 	 4022 	 0
1787306770453 	 17 	 200 	 4024 	 1
1787306770466 	 25 	 200 	 4025 	 1
1787306770483 	 14 	 200 	 4027 	 2
1787306770496 	 15 	 200 	 4027 	 1
1787306770497 	 18 	 200 	 4027 	 0
1787306770521 	 15 	 200 	 4030 	 2
1787306770525 	 15 	 200 	 4030 	 1
1787306770525 	 50 	 200 	 4031 	 1
1787306770571 	 14 	 200 	 4031 	 0
1787306770671 	 14 	 200 	 4033 	 1
1787306770683 	 15 	 200 	 4034 	 1
1787306770693 	 14 	 200 	 4034 	 0
1787306770989 	 30 	 200 	 4037 	 2
1787306771002 	 17 	 200 	 4037 	 1
1787306771006 	 18 	 200 	 4037 	 0
1787306771078 	 15 	 200 	 4040 	 2
1787306771089 	 17 	 200 	 4041 	 2
1787306771095 	 13 	 200 	 4041 	 1
1787306771093 	 17 	 200 	 4041 	 0
1787306771134 	 17 	 200 	 4043 	 1
1787306771150 	 13 	 200 	 4044 	 1
1787306771153 	 12 	 200 	 4044 	 0
1787306771168 	 14 	 200 	 4045 	 0
1787306771268 	 17 	 200 	 4047 	 1
1787306771278 	 17 	 200 	 4047 	 0
1787306771403 	 14 	 200 	 4050 	 2
1787306771408 	 15 	 200 	 4050 	 1
1787306771411 	 14 	 200 	 4050 	 0
1787306771430 	 16 	 200 	 4052 	 1
1787306771436 	 12 	 200 	 4052 	 0
1787306771465 	 17 	 200 	 4053 	 0
1787306771564 	 20 	 200 	 4055 	 1
1787306771578 	 13 	 200 	 4055 	 0
1787306771594 	 21 	 200 	 4056 	 0
1787306771634 	 16 	 200 	 4057 	 0
1787306771721 	 16 	 200 	 4059 	 1
1787306771720 	 17 	 200 	 4059 	 0
1787306771793 	 27 	 200 	 4061 	 1
1787306771797 	 24 	 200 	 4061 	 0
1787306771972 	 22 	 200 	 4062 	 0
1787306772036 	 31 	 200 	 4063 	 0
1787306772200 	 19 	 200 	 4066 	 2
1787306772204 	 18 	 200 	 4067 	 2
1787306772212 	 18 	 200 	 4067 	 1
1787306772222 	 14 	 200 	 4067 	 0
1787306772354 	 20 	 200 	 4069 	 1
1787306772360 	 16 	 200 	 4069 	 0
1787306772511 	 22 	 200 	 4071 	 1
1787306772522 	 13 	 200 	 4071 	 0
1787306772544 	 14 	 200 	 4072 	 0
1787306772572 	 35 	 200 	 4073 	 0
1787306772617 	 14 	 200 	 4074 	 0
1787306772796 	 23 	 200 	 4075 	 0
1787306772820 	 13 	 200 	 4076 	 0
1787306772848 	 14 	 200 	 4077 	 0
1787306773042 	 15 	 200 	 4078 	 0
1787306773064 	 21 	 200 	 4081 	 2
1787306773082 	 12 	 200 	 4081 	 1
1787306773085 	 13 	 200 	 4081 	 0
1787306773132 	 31 	 200 	 4082 	 0
1787306773430 	 13 	 200 	 4083 	 0
1787306773463 	 15 	 200 	 4084 	 0
1787306773509 	 15 	 200 	 4086 	 1
1787306773524 	 16 	 200 	 4086 	 0
1787306773668 	 37 	 200 	 4088 	 1
1787306773679 	 30 	 200 	 4088 	 0
1787306773790 	 35 	 200 	 4089 	 0
1787306773856 	 27 	 200 	 4091 	 1
1787306773882 	 17 	 200 	 4093 	 2
1787306773894 	 15 	 200 	 4093 	 1
1787306773899 	 14 	 200 	 4093 	 0
1787306773951 	 15 	 200 	 4094 	 0
1787306773971 	 13 	 200 	 4095 	 0
1787306774045 	 15 	 200 	 4096 	 0
1787306774095 	 25 	 200 	 4099 	 2
1787306774093 	 30 	 200 	 4099 	 1
1787306774109 	 16 	 200 	 4099 	 0
1787306774159 	 12 	 200 	 4101 	 1
1787306774171 	 12 	 200 	 4101 	 0
1787306774191 	 13 	 200 	 4102 	 0
1787306774299 	 14 	 200 	 4103 	 0
1787306774319 	 13 	 200 	 4104 	 0
1787306774402 	 46 	 200 	 4106 	 1
1787306774428 	 36 	 200 	 4106 	 0
1787306774485 	 13 	 200 	 4107 	 0
1787306774511 	 14 	 200 	 4108 	 0
1787306774605 	 16 	 200 	 4109 	 0
1787306774634 	 13 	 200 	 4110 	 0
1787306774716 	 29 	 200 	 4111 	 0
1787306774777 	 16 	 200 	 4114 	 2
1787306774789 	 14 	 200 	 4114 	 1
1787306774793 	 18 	 200 	 4114 	 0
1787306774813 	 14 	 200 	 4115 	 0
1787306774865 	 18 	 200 	 4116 	 0
1787306774922 	 23 	 200 	 4117 	 0
1787306775074 	 30 	 200 	 4118 	 0
1787306775107 	 17 	 200 	 4119 	 0
1787306775136 	 13 	 200 	 4120 	 0
1787306775214 	 38 	 200 	 4124 	 3
1787306775224 	 28 	 200 	 4124 	 2
1787306775226 	 28 	 200 	 4124 	 1
1787306775244 	 20 	 200 	 4124 	 0
1787306775344 	 16 	 200 	 4126 	 1
1787306775356 	 22 	 200 	 4126 	 0
1787306775407 	 15 	 200 	 4127 	 0
1787306775533 	 14 	 200 	 4128 	 0
1787306775563 	 12 	 200 	 4129 	 0
1787306775665 	 15 	 200 	 4131 	 1
1787306775675 	 18 	 200 	 4131 	 0
1787306775721 	 13 	 200 	 4133 	 1
1787306775730 	 22 	 200 	 4134 	 1
1787306775743 	 14 	 200 	 4134 	 0
1787306775769 	 18 	 200 	 4135 	 0
1787306775917 	 17 	 200 	 4139 	 3
1787306775882 	 58 	 200 	 4139 	 2
1787306775925 	 15 	 200 	 4139 	 1
1787306775919 	 25 	 200 	 4139 	 0
1787306775964 	 14 	 200 	 4140 	 0
1787306776067 	 21 	 200 	 4141 	 0
1787306776221 	 35 	 200 	 4142 	 0
1787306776399 	 19 	 200 	 4144 	 1
1787306776405 	 17 	 200 	 4144 	 0
1787306776445 	 13 	 200 	 4145 	 0
1787306776576 	 18 	 200 	 4147 	 1
1787306776590 	 15 	 200 	 4147 	 0
1787306776668 	 16 	 200 	 4149 	 1
1787306776673 	 21 	 200 	 4149 	 0
1787306776749 	 18 	 200 	 4150 	 0
1787306776847 	 16 	 200 	 4151 	 0
1787306776891 	 12 	 200 	 4152 	 0
1787306777246 	 36 	 200 	 4155 	 2
1787306777274 	 13 	 200 	 4155 	 1
1787306777278 	 14 	 200 	 4155 	 0
1787306777331 	 13 	 200 	 4157 	 1
1787306777333 	 19 	 200 	 4158 	 1
1787306777346 	 20 	 200 	 4159 	 1
1787306777360 	 13 	 200 	 4160 	 1
1787306777369 	 12 	 200 	 4160 	 0
1787306777395 	 23 	 200 	 4163 	 2
1787306777403 	 14 	 200 	 4163 	 1
1787306777404 	 15 	 200 	 4163 	 0
1787306777510 	 13 	 200 	 4164 	 0
1787306777686 	 27 	 200 	 4165 	 0
1787306777740 	 16 	 200 	 4166 	 0
1787306777792 	 13 	 200 	 4167 	 0
1787306777811 	 13 	 200 	 4168 	 0
1787306777918 	 13 	 200 	 4169 	 0
1787306778019 	 19 	 200 	 4170 	 0
1787306778052 	 15 	 200 	 4172 	 1
1787306778063 	 18 	 200 	 4172 	 0
1787306778175 	 28 	 200 	 4176 	 3
1787306778174 	 36 	 200 	 4176 	 2
1787306778188 	 23 	 200 	 4176 	 1
1787306778157 	 60 	 200 	 4176 	 0
1787306778274 	 18 	 200 	 4178 	 1
1787306778274 	 21 	 200 	 4178 	 0
1787306778353 	 35 	 200 	 4181 	 2
1787306778360 	 29 	 200 	 4181 	 1
1787306778376 	 19 	 200 	 4181 	 0
1787306778397 	 13 	 200 	 4182 	 0
1787306778747 	 23 	 200 	 4184 	 1
1787306778613 	 250 	 200 	 4184 	 0
1787306778870 	 14 	 200 	 4185 	 0
1787306778891 	 14 	 200 	 4186 	 0
1787306778924 	 21 	 200 	 4187 	 0
1787306779031 	 42 	 200 	 4189 	 1
1787306779054 	 37 	 200 	 4190 	 1
1787306779093 	 17 	 200 	 4190 	 0
1787306779189 	 32 	 200 	 4192 	 2
1787306779222 	 24 	 200 	 4193 	 1
1787306779224 	 23 	 200 	 4193 	 0
1787306779316 	 12 	 200 	 4194 	 0
1787306779346 	 12 	 200 	 4195 	 0
1787306779366 	 18 	 200 	 4197 	 1
1787306779375 	 13 	 200 	 4197 	 0
1787306779447 	 21 	 200 	 4198 	 0
1787306779569 	 16 	 200 	 4201 	 2
1787306779574 	 17 	 200 	 4201 	 1
1787306779584 	 15 	 200 	 4201 	 0
1787306779621 	 14 	 200 	 4202 	 0
1787306779642 	 14 	 200 	 4203 	 1
1787306779658 	 17 	 200 	 4204 	 0
1787306779732 	 19 	 200 	 4205 	 0
1787306779788 	 15 	 200 	 4208 	 2
1787306779791 	 15 	 200 	 4208 	 1
1787306779792 	 18 	 200 	 4208 	 0
1787306779923 	 28 	 200 	 4210 	 1
1787306779937 	 28 	 200 	 4210 	 0
1787306779972 	 12 	 200 	 4211 	 0
1787306780050 	 13 	 200 	 4212 	 0
1787306780120 	 17 	 200 	 4214 	 1
1787306780126 	 12 	 200 	 4214 	 0
1787306780226 	 15 	 200 	 4215 	 0
1787306780244 	 13 	 200 	 4216 	 0
1787306780338 	 23 	 200 	 4217 	 0
1787306780527 	 14 	 200 	 4219 	 1
1787306780528 	 21 	 200 	 4219 	 0
1787306780771 	 13 	 200 	 4220 	 0
1787306781053 	 33 	 200 	 4222 	 1
1787306781087 	 13 	 200 	 4222 	 0
1787306781122 	 13 	 200 	 4223 	 0
1787306781191 	 17 	 200 	 4224 	 0
1787306781260 	 20 	 200 	 4227 	 2
1787306781257 	 24 	 200 	 4227 	 1
1787306781273 	 15 	 200 	 4227 	 0
1787306781314 	 14 	 200 	 4228 	 0
1787306781355 	 17 	 200 	 4229 	 0
1787306781375 	 15 	 200 	 4230 	 0
1787306781401 	 22 	 200 	 4231 	 0
1787306781457 	 12 	 200 	 4232 	 0
1787306781517 	 14 	 200 	 4234 	 1
1787306781518 	 14 	 200 	 4234 	 0
1787306781586 	 13 	 200 	 4235 	 0
1787306781652 	 16 	 200 	 4237 	 1
1787306781657 	 18 	 200 	 4237 	 0
1787306781701 	 14 	 200 	 4238 	 0
1787306781753 	 13 	 200 	 4239 	 0
1787306781791 	 14 	 200 	 4240 	 0
1787306781846 	 13 	 200 	 4242 	 1
1787306781858 	 14 	 200 	 4242 	 0
1787306781887 	 16 	 200 	 4243 	 0
1787306781977 	 13 	 200 	 4244 	 0
1787306782043 	 41 	 200 	 4245 	 0
1787306782193 	 16 	 200 	 4246 	 0
1787306782266 	 24 	 200 	 4248 	 1
1787306782275 	 19 	 200 	 4248 	 0
1787306782351 	 28 	 200 	 4250 	 1
1787306782368 	 16 	 200 	 4250 	 0
1787306782389 	 11 	 200 	 4251 	 0
1787306782433 	 30 	 200 	 4252 	 0
1787306782474 	 18 	 200 	 4253 	 0
1787306782546 	 34 	 200 	 4255 	 1
1787306782575 	 20 	 200 	 4255 	 0
1787306782687 	 17 	 200 	 4256 	 0
1787306782750 	 35 	 200 	 4257 	 0
1787306782812 	 18 	 200 	 4258 	 0
1787306782891 	 15 	 200 	 4259 	 0
1787306782933 	 13 	 200 	 4260 	 0
1787306783043 	 13 	 200 	 4261 	 0
1787306783148 	 38 	 200 	 4262 	 0
1787306783267 	 37 	 200 	 4263 	 0
1787306783329 	 13 	 200 	 4264 	 0
1787306783527 	 13 	 200 	 4265 	 0
1787306783580 	 13 	 200 	 4266 	 0
1787306783659 	 16 	 200 	 4267 	 0
1787306783705 	 35 	 200 	 4268 	 0
1787306783750 	 13 	 200 	 4270 	 1
1787306783758 	 15 	 200 	 4270 	 0
1787306783793 	 14 	 200 	 4271 	 0
1787306783815 	 14 	 200 	 4272 	 0
1787306783838 	 17 	 200 	 4273 	 0
1787306784067 	 21 	 200 	 4274 	 0
1787306784133 	 14 	 200 	 4276 	 1
1787306784140 	 16 	 200 	 4276 	 0
1787306784234 	 76 	 200 	 4277 	 0
1787306784334 	 27 	 200 	 4278 	 0
1787306784449 	 13 	 200 	 4280 	 1
1787306784452 	 20 	 200 	 4280 	 0
1787306784604 	 14 	 200 	 4281 	 0
1787306784624 	 16 	 200 	 4282 	 0
1787306784720 	 15 	 200 	 4283 	 0
1787306784753 	 15 	 200 	 4284 	 0
1787306784772 	 16 	 200 	 4286 	 1
1787306784853 	 15 	 200 	 4287 	 1
1787306784784 	 153 	 200 	 4287 	 0
1787306785086 	 27 	 200 	 4288 	 0
1787306785121 	 11 	 200 	 4289 	 0
1787306785144 	 13 	 200 	 4290 	 0
1787306785162 	 12 	 200 	 4291 	 0
1787306785213 	 34 	 200 	 4293 	 1
1787306785223 	 29 	 200 	 4295 	 2
1787306785253 	 14 	 200 	 4295 	 1
1787306785252 	 24 	 200 	 4295 	 0
1787306785432 	 14 	 200 	 4297 	 1
1787306785447 	 16 	 200 	 4298 	 1
1787306785452 	 13 	 200 	 4298 	 0
1787306785472 	 13 	 200 	 4300 	 1
1787306785479 	 13 	 200 	 4301 	 1
1787306785492 	 17 	 200 	 4302 	 1
1787306785507 	 14 	 200 	 4302 	 0
1787306785665 	 19 	 200 	 4304 	 1
1787306785672 	 16 	 200 	 4304 	 0
1787306785765 	 12 	 200 	 4305 	 0
1787306785780 	 31 	 200 	 4306 	 0
1787306785891 	 18 	 200 	 4307 	 0
1787306785925 	 14 	 200 	 4308 	 0
1787306786095 	 29 	 200 	 4310 	 1
1787306786118 	 13 	 200 	 4310 	 0
1787306786162 	 12 	 200 	 4311 	 0
1787306786256 	 31 	 200 	 4313 	 1
1787306786294 	 17 	 200 	 4314 	 1
1787306786286 	 26 	 200 	 4314 	 0
1787306786353 	 27 	 200 	 4315 	 0
1787306786415 	 76 	 200 	 4317 	 1
1787306786393 	 170 	 200 	 4317 	 0
1787306786583 	 14 	 200 	 4318 	 0
1787306786636 	 18 	 200 	 4319 	 0
1787306786676 	 14 	 200 	 4320 	 0
1787306786725 	 14 	 200 	 4321 	 0
1787306786769 	 15 	 200 	 4323 	 1
1787306786777 	 15 	 200 	 4323 	 0
1787306786796 	 14 	 200 	 4326 	 2
1787306786800 	 15 	 200 	 4326 	 1
1787306786804 	 15 	 200 	 4326 	 0
1787306786858 	 15 	 200 	 4327 	 0
1787306786917 	 18 	 200 	 4328 	 0
1787306786963 	 15 	 200 	 4329 	 0
1787306787028 	 36 	 200 	 4332 	 2
1787306787052 	 26 	 200 	 4332 	 1
1787306787060 	 26 	 200 	 4332 	 0
1787306787100 	 12 	 200 	 4333 	 0
1787306787215 	 20 	 200 	 4334 	 0
1787306787360 	 13 	 200 	 4335 	 0
1787306787411 	 31 	 200 	 4337 	 1
1787306787423 	 31 	 200 	 4337 	 0
1787306787547 	 12 	 200 	 4338 	 0
1787306787614 	 20 	 200 	 4339 	 0
1787306787709 	 23 	 200 	 4340 	 0
1787306787745 	 12 	 200 	 4341 	 0
1787306787775 	 12 	 200 	 4342 	 0
1787306787844 	 13 	 200 	 4343 	 0
1787306787921 	 17 	 200 	 4344 	 0
1787306787964 	 15 	 200 	 4345 	 0
1787306788049 	 37 	 200 	 4346 	 0
1787306788108 	 12 	 200 	 4347 	 0
1787306788291 	 29 	 200 	 4349 	 1
1787306788315 	 16 	 200 	 4349 	 0
1787306788372 	 35 	 200 	 4351 	 1
1787306788370 	 38 	 200 	 4351 	 0
1787306788411 	 13 	 200 	 4352 	 0
1787306788458 	 15 	 200 	 4353 	 0
1787306788516 	 19 	 200 	 4354 	 0
1787306788583 	 35 	 200 	 4355 	 0
1787306788660 	 23 	 200 	 4357 	 1
1787306788677 	 25 	 200 	 4358 	 1
1787306788693 	 14 	 200 	 4358 	 0
1787306788777 	 40 	 200 	 4359 	 0
1787306788837 	 34 	 200 	 4361 	 1
1787306788854 	 27 	 200 	 4361 	 0
1787306788955 	 15 	 200 	 4363 	 1
1787306788957 	 19 	 200 	 4363 	 0
1787306788989 	 13 	 200 	 4365 	 1
1787306789001 	 20 	 200 	 4365 	 0
1787306789034 	 12 	 200 	 4366 	 0
1787306789055 	 11 	 200 	 4367 	 0
1787306789180 	 12 	 200 	 4368 	 0
1787306789225 	 38 	 200 	 4370 	 1
1787306789237 	 34 	 200 	 4370 	 0
1787306789513 	 13 	 200 	 4371 	 0
1787306789564 	 19 	 200 	 4373 	 1
1787306789575 	 15 	 200 	 4373 	 0
1787306789748 	 13 	 200 	 4374 	 0
1787306789874 	 13 	 200 	 4375 	 0
1787306789926 	 31 	 200 	 4378 	 2
1787306789937 	 22 	 200 	 4378 	 1
1787306789948 	 22 	 200 	 4378 	 0
1787306789973 	 12 	 200 	 4379 	 0
1787306790057 	 19 	 200 	 4380 	 0
1787306790092 	 22 	 200 	 4381 	 0
1787306790118 	 14 	 200 	 4382 	 0
1787306790246 	 26 	 200 	 4384 	 1
1787306790273 	 14 	 200 	 4384 	 0
1787306790318 	 16 	 200 	 4386 	 1
1787306790323 	 20 	 200 	 4386 	 0
1787306790427 	 26 	 200 	 4390 	 3
1787306790446 	 18 	 200 	 4390 	 2
1787306790448 	 16 	 200 	 4390 	 1
1787306790449 	 18 	 200 	 4390 	 0
1787306790479 	 14 	 200 	 4392 	 1
1787306790493 	 15 	 200 	 4392 	 0
1787306790512 	 15 	 200 	 4394 	 1
1787306790522 	 23 	 200 	 4394 	 0
1787306790549 	 14 	 200 	 4395 	 0
1787306790613 	 21 	 200 	 4396 	 0
1787306790671 	 15 	 200 	 4397 	 0
1787306790725 	 22 	 200 	 4398 	 0
1787306790799 	 21 	 200 	 4399 	 0
1787306790841 	 14 	 200 	 4400 	 0
1787306790914 	 15 	 200 	 4401 	 0
1787306790941 	 15 	 200 	 4402 	 0
1787306791183 	 36 	 200 	 4403 	 0
1787306791259 	 20 	 200 	 4404 	 0
1787306791286 	 12 	 200 	 4405 	 0
1787306791330 	 29 	 200 	 4407 	 1
1787306791355 	 18 	 200 	 4407 	 0
1787306791481 	 31 	 200 	 4408 	 0
1787306791522 	 12 	 200 	 4409 	 0
1787306791545 	 12 	 200 	 4410 	 0
1787306791715 	 13 	 200 	 4411 	 0
1787306791732 	 13 	 200 	 4412 	 0
1787306791814 	 12 	 200 	 4413 	 0
1787306791887 	 14 	 200 	 4416 	 2
1787306791892 	 17 	 200 	 4416 	 1
1787306791897 	 15 	 200 	 4416 	 0
1787306791916 	 12 	 200 	 4417 	 0
1787306791964 	 16 	 200 	 4418 	 0
1787306792000 	 16 	 200 	 4420 	 1
1787306792011 	 13 	 200 	 4420 	 0
1787306792073 	 38 	 200 	 4421 	 0
1787306792168 	 33 	 200 	 4422 	 0
1787306792244 	 35 	 200 	 4423 	 0
1787306792316 	 31 	 200 	 4425 	 1
1787306792338 	 19 	 200 	 4426 	 1
1787306792350 	 13 	 200 	 4426 	 0
1787306792628 	 14 	 200 	 4427 	 0
1787306792660 	 14 	 200 	 4429 	 1
1787306792673 	 12 	 200 	 4429 	 0
1787306792687 	 14 	 200 	 4431 	 1
1787306792695 	 27 	 200 	 4431 	 0
1787306792791 	 86 	 200 	 4433 	 1
1787306792778 	 101 	 200 	 4433 	 0
1787306792884 	 14 	 200 	 4434 	 0
1787306792912 	 13 	 200 	 4435 	 0
1787306792980 	 18 	 200 	 4436 	 0
1787306793035 	 37 	 200 	 4440 	 3
1787306793060 	 17 	 200 	 4440 	 2
1787306793044 	 36 	 200 	 4440 	 1
1787306793070 	 16 	 200 	 4440 	 0
1787306793114 	 13 	 200 	 4441 	 0
1787306793143 	 14 	 200 	 4442 	 0
1787306793171 	 16 	 200 	 4443 	 0
1787306793222 	 39 	 200 	 4446 	 2
1787306793246 	 17 	 200 	 4446 	 1
1787306793232 	 31 	 200 	 4446 	 0
1787306793279 	 13 	 200 	 4447 	 0
1787306793309 	 16 	 200 	 4448 	 1
1787306793326 	 25 	 200 	 4449 	 0
1787306793354 	 12 	 200 	 4451 	 1
1787306793365 	 12 	 200 	 4451 	 0
1787306793414 	 15 	 200 	 4452 	 0
1787306793466 	 12 	 200 	 4453 	 0
1787306793490 	 25 	 200 	 4454 	 0
1787306793569 	 12 	 200 	 4455 	 0
1787306793637 	 24 	 200 	 4456 	 0
1787306793666 	 18 	 200 	 4458 	 1
1787306793669 	 17 	 200 	 4459 	 1
1787306793686 	 15 	 200 	 4459 	 0
1787306793762 	 15 	 200 	 4460 	 0
1787306793825 	 13 	 200 	 4463 	 2
1787306793823 	 15 	 200 	 4463 	 1
1787306793834 	 13 	 200 	 4464 	 1
1787306793845 	 13 	 200 	 4464 	 0
1787306793879 	 17 	 200 	 4465 	 0
1787306793899 	 15 	 200 	 4467 	 1
1787306793906 	 21 	 200 	 4468 	 1
1787306793917 	 15 	 200 	 4468 	 0
1787306793943 	 15 	 200 	 4469 	 0
1787306794067 	 33 	 200 	 4471 	 1
1787306794073 	 32 	 200 	 4471 	 0
1787306794222 	 30 	 200 	 4473 	 1
1787306794227 	 38 	 200 	 4473 	 0
1787306794300 	 14 	 200 	 4475 	 1
1787306794295 	 20 	 200 	 4475 	 0
1787306794317 	 13 	 200 	 4476 	 0
1787306794545 	 13 	 200 	 4477 	 0
1787306794599 	 15 	 200 	 4479 	 1
1787306794612 	 15 	 200 	 4480 	 1
1787306794621 	 15 	 200 	 4480 	 0
1787306794691 	 17 	 200 	 4482 	 1
1787306794665 	 46 	 200 	 4482 	 0
1787306794826 	 17 	 200 	 4483 	 0
1787306794911 	 38 	 200 	 4484 	 0
1787306795096 	 36 	 200 	 4489 	 4
1787306795093 	 40 	 200 	 4489 	 3
1787306795114 	 23 	 200 	 4489 	 2
1787306795123 	 16 	 200 	 4489 	 1
1787306795126 	 16 	 200 	 4489 	 0
1787306795287 	 17 	 200 	 4490 	 0
1787306795328 	 18 	 200 	 4492 	 1
1787306795344 	 18 	 200 	 4492 	 0
1787306795373 	 12 	 200 	 4494 	 1
1787306795385 	 13 	 200 	 4494 	 0
1787306795499 	 14 	 200 	 4496 	 1
1787306795514 	 14 	 200 	 4496 	 0
1787306795537 	 15 	 200 	 4497 	 0
1787306795601 	 18 	 200 	 4499 	 1
1787306795602 	 19 	 200 	 4499 	 0
1787306795639 	 13 	 200 	 4500 	 0
1787306795693 	 12 	 200 	 4501 	 0
1787306795740 	 16 	 200 	 4502 	 0
1787306795901 	 39 	 200 	 4504 	 1
1787306795926 	 18 	 200 	 4504 	 0
1787306796059 	 12 	 200 	 4505 	 0
1787306796076 	 15 	 200 	 4507 	 1
1787306796077 	 14 	 200 	 4507 	 0
1787306796093 	 17 	 200 	 4510 	 2
1787306796096 	 15 	 200 	 4510 	 1
1787306796106 	 15 	 200 	 4510 	 0
1787306796147 	 36 	 200 	 4512 	 1
1787306796166 	 36 	 200 	 4512 	 0
1787306796209 	 14 	 200 	 4514 	 1
1787306796222 	 16 	 200 	 4514 	 0
1787306796352 	 17 	 200 	 4516 	 1
1787306796351 	 18 	 200 	 4516 	 0
1787306796374 	 15 	 200 	 4518 	 1
1787306796385 	 16 	 200 	 4518 	 0
1787306796440 	 13 	 200 	 4520 	 1
1787306796445 	 14 	 200 	 4521 	 1
1787306796459 	 14 	 200 	 4521 	 0
1787306796475 	 13 	 200 	 4522 	 0
1787306796566 	 19 	 200 	 4523 	 0
1787306796596 	 13 	 200 	 4524 	 0
1787306796634 	 13 	 200 	 4525 	 0
1787306796714 	 16 	 200 	 4527 	 1
1787306796726 	 13 	 200 	 4527 	 0
1787306796756 	 17 	 200 	 4529 	 1
1787306796762 	 12 	 200 	 4529 	 0
1787306796806 	 15 	 200 	 4530 	 0
1787306796858 	 26 	 200 	 4534 	 3
1787306796856 	 31 	 200 	 4534 	 2
1787306796860 	 28 	 200 	 4534 	 1
1787306796885 	 14 	 200 	 4534 	 0
1787306797006 	 13 	 200 	 4535 	 0
1787306797072 	 31 	 200 	 4536 	 0
1787306797195 	 38 	 200 	 4538 	 1
1787306797233 	 32 	 200 	 4538 	 0
1787306797296 	 20 	 200 	 4539 	 0
1787306797325 	 12 	 200 	 4540 	 0
1787306797389 	 44 	 200 	 4542 	 1
1787306797433 	 13 	 200 	 4542 	 0
1787306797515 	 14 	 200 	 4543 	 0
1787306797568 	 33 	 200 	 4544 	 0
1787306797639 	 19 	 200 	 4545 	 0
1787306797660 	 14 	 200 	 4547 	 1
1787306797663 	 12 	 200 	 4547 	 0
1787306797678 	 19 	 200 	 4549 	 1
1787306797693 	 13 	 200 	 4549 	 0
1787306797929 	 30 	 200 	 4553 	 3
1787306797953 	 18 	 200 	 4553 	 2
1787306797956 	 20 	 200 	 4553 	 1
1787306797958 	 19 	 200 	 4553 	 0
1787306798008 	 36 	 200 	 4554 	 0
1787306798071 	 13 	 200 	 4555 	 0
1787306798131 	 17 	 200 	 4556 	 0
1787306798215 	 41 	 200 	 4558 	 1
1787306798246 	 21 	 200 	 4558 	 0
1787306798283 	 13 	 200 	 4559 	 0
1787306798393 	 18 	 200 	 4560 	 0
1787306798431 	 15 	 200 	 4561 	 0
1787306798489 	 28 	 200 	 4562 	 0
1787306798531 	 29 	 200 	 4563 	 0
1787306798585 	 22 	 200 	 4564 	 0
1787306798730 	 22 	 200 	 4566 	 1
1787306798740 	 18 	 200 	 4566 	 0
1787306798800 	 17 	 200 	 4567 	 0
1787306798854 	 13 	 200 	 4569 	 1
1787306798884 	 14 	 200 	 4570 	 1
1787306798836 	 63 	 200 	 4570 	 0
1787306798927 	 12 	 200 	 4571 	 0
1787306798988 	 14 	 200 	 4573 	 1
1787306799003 	 11 	 200 	 4573 	 0
1787306799044 	 33 	 200 	 4574 	 0
1787306799160 	 24 	 200 	 4576 	 1
1787306799166 	 24 	 200 	 4576 	 0
1787306799270 	 14 	 200 	 4577 	 0
1787306799351 	 33 	 200 	 4578 	 0
1787306799431 	 12 	 200 	 4579 	 0
1787306799534 	 13 	 200 	 4580 	 0
1787306799594 	 18 	 200 	 4581 	 0
1787306799676 	 35 	 200 	 4584 	 2
1787306799686 	 34 	 200 	 4584 	 1
1787306799700 	 35 	 200 	 4584 	 0
1787306799793 	 14 	 200 	 4585 	 0
1787306799813 	 17 	 200 	 4587 	 1
1787306799817 	 15 	 200 	 4587 	 0
1787306799846 	 12 	 200 	 4588 	 0
1787306799886 	 25 	 200 	 4589 	 0
1787306799986 	 15 	 200 	 4591 	 1
1787306799982 	 26 	 200 	 4591 	 0
1787306800053 	 14 	 200 	 4592 	 0
1787306800097 	 13 	 200 	 4593 	 0
1787306800143 	 33 	 200 	 4594 	 0
1787306800278 	 16 	 200 	 4595 	 0
1787306800305 	 14 	 200 	 4596 	 0
1787306800321 	 15 	 200 	 4597 	 0
1787306800357 	 12 	 200 	 4598 	 0
1787306800390 	 14 	 200 	 4599 	 0
1787306800459 	 14 	 200 	 4601 	 1
1787306800463 	 15 	 200 	 4601 	 0
1787306800540 	 15 	 200 	 4604 	 2
1787306800545 	 16 	 200 	 4604 	 1
1787306800546 	 20 	 200 	 4604 	 0
1787306800685 	 13 	 200 	 4605 	 0
1787306800730 	 20 	 200 	 4607 	 1
1787306800744 	 13 	 200 	 4607 	 1
1787306800758 	 15 	 200 	 4609 	 1
1787306800765 	 14 	 200 	 4609 	 0
1787306800830 	 23 	 200 	 4610 	 0
1787306800936 	 29 	 200 	 4611 	 0
1787306800976 	 17 	 200 	 4612 	 0
1787306801043 	 33 	 200 	 4615 	 2
1787306801069 	 22 	 200 	 4615 	 1
1787306801075 	 31 	 200 	 4615 	 0
1787306801140 	 15 	 200 	 4616 	 0
1787306801310 	 14 	 200 	 4617 	 0
1787306801345 	 16 	 200 	 4619 	 1
1787306801359 	 14 	 200 	 4619 	 0
1787306801491 	 18 	 200 	 4621 	 1
1787306801500 	 15 	 200 	 4621 	 0
1787306801542 	 14 	 200 	 4622 	 0
1787306801597 	 12 	 200 	 4623 	 0
1787306801656 	 16 	 200 	 4624 	 0
1787306801731 	 18 	 200 	 4627 	 2
1787306801741 	 16 	 200 	 4627 	 1
1787306801750 	 12 	 200 	 4627 	 0
1787306801860 	 17 	 200 	 4628 	 0
1787306801920 	 13 	 200 	 4629 	 0
1787306801968 	 14 	 200 	 4631 	 1
1787306801970 	 17 	 200 	 4631 	 0
1787306802094 	 14 	 200 	 4632 	 0
1787306802118 	 12 	 200 	 4633 	 0
1787306802236 	 33 	 200 	 4635 	 1
1787306802251 	 25 	 200 	 4635 	 0
1787306802355 	 30 	 200 	 4637 	 1
1787306802352 	 35 	 200 	 4637 	 0
1787306802608 	 26 	 200 	 4638 	 0
1787306802681 	 28 	 200 	 4639 	 0
1787306802722 	 16 	 200 	 4640 	 0
1787306802771 	 28 	 200 	 4643 	 2
1787306802775 	 26 	 200 	 4643 	 1
1787306802790 	 17 	 200 	 4643 	 0
1787306802820 	 15 	 200 	 4644 	 0
1787306802850 	 19 	 200 	 4645 	 0
1787306803044 	 45 	 200 	 4647 	 1
1787306803046 	 48 	 200 	 4648 	 1
1787306803092 	 19 	 200 	 4650 	 2
1787306803097 	 16 	 200 	 4650 	 1
1787306803110 	 15 	 200 	 4650 	 0
1787306803149 	 16 	 200 	 4652 	 1
1787306803157 	 12 	 200 	 4652 	 0
1787306803192 	 18 	 200 	 4655 	 2
1787306803201 	 14 	 200 	 4656 	 2
1787306803210 	 19 	 200 	 4656 	 1
1787306803214 	 18 	 200 	 4656 	 0
1787306803245 	 17 	 200 	 4657 	 0
1787306803342 	 14 	 200 	 4659 	 1
1787306803348 	 14 	 200 	 4660 	 1
1787306803362 	 13 	 200 	 4660 	 0
1787306803415 	 14 	 200 	 4661 	 0
1787306803556 	 13 	 200 	 4663 	 1
1787306803565 	 17 	 200 	 4663 	 0
1787306803656 	 15 	 200 	 4664 	 0
1787306803704 	 15 	 200 	 4666 	 1
1787306803708 	 12 	 200 	 4666 	 0
1787306803734 	 15 	 200 	 4669 	 3
1787306803732 	 24 	 200 	 4670 	 2
1787306803733 	 34 	 200 	 4670 	 1
1787306803750 	 17 	 200 	 4670 	 0
1787306803815 	 14 	 200 	 4671 	 0
1787306803864 	 18 	 200 	 4673 	 1
1787306803878 	 15 	 200 	 4673 	 0
1787306803964 	 16 	 200 	 4675 	 1
1787306803973 	 15 	 200 	 4675 	 0
1787306803998 	 13 	 200 	 4676 	 0
1787306804093 	 14 	 200 	 4677 	 0
1787306804198 	 34 	 200 	 4678 	 0
1787306804240 	 17 	 200 	 4679 	 0
1787306804306 	 18 	 200 	 4680 	 0
1787306804327 	 15 	 200 	 4681 	 0
1787306804360 	 14 	 200 	 4682 	 0
1787306804542 	 25 	 200 	 4683 	 0
1787306804576 	 14 	 200 	 4686 	 2
1787306804585 	 14 	 200 	 4686 	 1
1787306804590 	 20 	 200 	 4686 	 0
1787306804641 	 21 	 200 	 4687 	 0
1787306804695 	 13 	 200 	 4688 	 0
1787306804877 	 21 	 200 	 4689 	 0
1787306804919 	 12 	 200 	 4690 	 0
1787306804999 	 32 	 200 	 4691 	 0
1787306805068 	 16 	 200 	 4692 	 0
1787306805090 	 13 	 200 	 4693 	 0
1787306805115 	 13 	 200 	 4694 	 0
1787306805166 	 16 	 200 	 4697 	 2
1787306805171 	 15 	 200 	 4697 	 1
1787306805178 	 14 	 200 	 4697 	 0
1787306805261 	 24 	 200 	 4698 	 0
1787306805322 	 14 	 200 	 4699 	 0
1787306805385 	 25 	 200 	 4702 	 2
1787306805383 	 30 	 200 	 4702 	 1
1787306805386 	 30 	 200 	 4702 	 0
1787306805514 	 15 	 200 	 4703 	 0
1787306805535 	 12 	 200 	 4704 	 0
1787306805624 	 17 	 200 	 4705 	 0
1787306805666 	 13 	 200 	 4706 	 0
1787306805734 	 35 	 200 	 4707 	 0
1787306805805 	 14 	 200 	 4708 	 0
1787306805923 	 14 	 200 	 4711 	 2
1787306805924 	 17 	 200 	 4711 	 1
1787306805929 	 17 	 200 	 4711 	 0
1787306806033 	 36 	 200 	 4713 	 1
1787306806068 	 28 	 200 	 4713 	 0
1787306806142 	 17 	 200 	 4716 	 2
1787306806143 	 16 	 200 	 4716 	 1
1787306806151 	 15 	 200 	 4717 	 1
1787306806167 	 17 	 200 	 4717 	 0
1787306806276 	 37 	 200 	 4720 	 2
1787306806294 	 28 	 200 	 4720 	 1
1787306806311 	 21 	 200 	 4720 	 0
1787306806334 	 12 	 200 	 4721 	 0
1787306806373 	 14 	 200 	 4723 	 1
1787306806369 	 18 	 200 	 4723 	 0
1787306806432 	 33 	 200 	 4725 	 1
1787306806455 	 20 	 200 	 4725 	 0
1787306806478 	 67 	 200 	 4727 	 1
1787306806537 	 13 	 200 	 4727 	 0
1787306806560 	 14 	 200 	 4728 	 0
1787306806621 	 12 	 200 	 4730 	 1
1787306806641 	 14 	 200 	 4732 	 2
1787306806654 	 16 	 200 	 4732 	 1
1787306806779 	 40 	 200 	 4734 	 2
1787306806806 	 17 	 200 	 4734 	 1
1787306806591 	 259 	 200 	 4734 	 0
1787306806903 	 17 	 200 	 4735 	 0
1787306806922 	 13 	 200 	 4737 	 1
1787306806931 	 17 	 200 	 4737 	 0
1787306806970 	 17 	 200 	 4738 	 0
1787306807026 	 34 	 200 	 4740 	 1
1787306807032 	 31 	 200 	 4740 	 0
1787306807117 	 16 	 200 	 4742 	 1
1787306807128 	 14 	 200 	 4742 	 0
1787306807219 	 35 	 200 	 4743 	 0
1787306807314 	 21 	 200 	 4744 	 0
1787306807365 	 13 	 200 	 4746 	 1
1787306807378 	 12 	 200 	 4746 	 0
1787306807423 	 18 	 200 	 4747 	 0
1787306807599 	 13 	 200 	 4748 	 0
1787306807633 	 13 	 200 	 4750 	 1
1787306807641 	 18 	 200 	 4750 	 0
1787306807663 	 14 	 200 	 4751 	 0
1787306807764 	 22 	 200 	 4752 	 0
1787306807859 	 22 	 200 	 4753 	 0
1787306807906 	 15 	 200 	 4755 	 1
1787306807904 	 16 	 200 	 4755 	 0
1787306807934 	 14 	 200 	 4756 	 0
1787306807966 	 14 	 200 	 4757 	 0
1787306808108 	 22 	 200 	 4759 	 1
1787306808120 	 16 	 200 	 4759 	 0
1787306808145 	 12 	 200 	 4760 	 0
1787306808312 	 17 	 200 	 4761 	 0
1787306808351 	 19 	 200 	 4762 	 0
1787306808406 	 15 	 200 	 4763 	 0
1787306808533 	 14 	 200 	 4764 	 0
1787306808587 	 13 	 200 	 4766 	 1
1787306808590 	 14 	 200 	 4766 	 0
1787306808653 	 14 	 200 	 4768 	 1
1787306808696 	 27 	 200 	 4770 	 2
1787306808691 	 32 	 200 	 4770 	 1
1787306808613 	 135 	 200 	 4771 	 1
1787306808745 	 20 	 200 	 4771 	 0
1787306808833 	 27 	 200 	 4774 	 2
1787306808831 	 35 	 200 	 4774 	 1
1787306808847 	 32 	 200 	 4774 	 0
1787306808960 	 14 	 200 	 4775 	 0
1787306809013 	 38 	 200 	 4777 	 1
1787306809050 	 23 	 200 	 4777 	 0
1787306809168 	 13 	 200 	 4779 	 1
1787306809171 	 16 	 200 	 4779 	 0
1787306809204 	 13 	 200 	 4781 	 1
1787306809210 	 12 	 200 	 4781 	 0
1787306809437 	 13 	 200 	 4782 	 0
1787306809564 	 14 	 200 	 4784 	 1
1787306809571 	 13 	 200 	 4784 	 0
1787306809587 	 15 	 200 	 4785 	 0
1787306809637 	 14 	 200 	 4786 	 0
1787306809677 	 19 	 200 	 4787 	 0
1787306809713 	 15 	 200 	 4788 	 0
1787306809952 	 28 	 200 	 4789 	 0
1787306810095 	 24 	 200 	 4792 	 2
1787306810112 	 17 	 200 	 4792 	 1
1787306810119 	 14 	 200 	 4792 	 0
1787306810199 	 14 	 200 	 4793 	 0
1787306810280 	 15 	 200 	 4794 	 0
1787306810452 	 14 	 200 	 4795 	 0
1787306810509 	 13 	 200 	 4796 	 0
1787306810544 	 13 	 200 	 4797 	 0
1787306810653 	 27 	 200 	 4798 	 0
1787306810780 	 15 	 200 	 4800 	 1
1787306810791 	 15 	 200 	 4800 	 0
1787306810862 	 16 	 200 	 4804 	 3
1787306810865 	 15 	 200 	 4804 	 2
1787306810866 	 19 	 200 	 4804 	 1
1787306810868 	 21 	 200 	 4804 	 0
1787306810893 	 15 	 200 	 4805 	 0
1787306811030 	 34 	 200 	 4806 	 0
1787306811100 	 19 	 200 	 4807 	 0
1787306811138 	 13 	 200 	 4809 	 1
1787306811150 	 13 	 200 	 4809 	 0
1787306811229 	 14 	 200 	 4810 	 0
1787306811259 	 12 	 200 	 4811 	 0
1787306811316 	 14 	 200 	 4812 	 0
1787306811425 	 17 	 200 	 4813 	 0
1787306811534 	 19 	 200 	 4815 	 1
1787306811540 	 16 	 200 	 4815 	 0
1787306811568 	 13 	 200 	 4817 	 1
1787306811570 	 15 	 200 	 4817 	 0
1787306811588 	 15 	 200 	 4818 	 0
1787306811674 	 24 	 200 	 4820 	 1
1787306811692 	 17 	 200 	 4820 	 0
1787306811712 	 15 	 200 	 4821 	 0
1787306811749 	 14 	 200 	 4822 	 0
1787306811913 	 14 	 200 	 4823 	 0
1787306811933 	 15 	 200 	 4824 	 0
1787306811972 	 16 	 200 	 4825 	 0
1787306812013 	 13 	 200 	 4826 	 0
1787306812055 	 14 	 200 	 4827 	 0
1787306812114 	 15 	 200 	 4828 	 0
1787306812133 	 12 	 200 	 4829 	 0
1787306812273 	 15 	 200 	 4830 	 0
1787306812329 	 14 	 200 	 4831 	 0
1787306812506 	 14 	 200 	 4832 	 0
1787306812523 	 14 	 200 	 4833 	 0
1787306812550 	 12 	 200 	 4834 	 0
1787306812611 	 26 	 200 	 4835 	 0
1787306812657 	 15 	 200 	 4836 	 0
1787306812752 	 21 	 200 	 4838 	 1
1787306812753 	 26 	 200 	 4838 	 0
1787306812984 	 14 	 200 	 4839 	 0
1787306813099 	 21 	 200 	 4841 	 1
1787306813091 	 31 	 200 	 4841 	 0
1787306813135 	 17 	 200 	 4842 	 0
1787306813156 	 12 	 200 	 4843 	 0
1787306813211 	 26 	 200 	 4845 	 1
1787306813221 	 28 	 200 	 4845 	 0
1787306813286 	 13 	 200 	 4846 	 0
1787306813535 	 15 	 200 	 4847 	 0
1787306813601 	 13 	 200 	 4848 	 0
1787306813655 	 12 	 200 	 4849 	 0
1787306813696 	 17 	 200 	 4850 	 0
1787306813851 	 21 	 200 	 4852 	 1
1787306813861 	 16 	 200 	 4852 	 0
1787306813900 	 14 	 200 	 4855 	 2
1787306813915 	 16 	 200 	 4856 	 2
1787306813915 	 16 	 200 	 4856 	 1
1787306813930 	 13 	 200 	 4857 	 1
1787306813941 	 21 	 200 	 4857 	 0
1787306813988 	 28 	 200 	 4858 	 0
1787306814088 	 36 	 200 	 4859 	 0
1787306814149 	 26 	 200 	 4860 	 1
1787306814176 	 21 	 200 	 4861 	 0
1787306814201 	 14 	 200 	 4862 	 0
1787306814330 	 36 	 200 	 4863 	 0
1787306814401 	 16 	 200 	 4864 	 0
1787306814426 	 15 	 200 	 4865 	 0
1787306814554 	 15 	 200 	 4867 	 1
1787306814569 	 12 	 200 	 4867 	 0
1787306814619 	 13 	 200 	 4868 	 0
1787306814731 	 19 	 200 	 4871 	 2
1787306814732 	 22 	 200 	 4871 	 1
1787306814742 	 16 	 200 	 4871 	 0
1787306814772 	 14 	 200 	 4872 	 0
1787306814888 	 17 	 200 	 4873 	 0
1787306815032 	 35 	 200 	 4874 	 0
1787306815077 	 28 	 200 	 4875 	 0
1787306815143 	 13 	 200 	 4877 	 1
1787306815159 	 14 	 200 	 4880 	 3
1787306815136 	 45 	 200 	 4880 	 2
1787306815160 	 23 	 200 	 4880 	 1
1787306815163 	 21 	 200 	 4880 	 0
1787306815197 	 18 	 200 	 4881 	 0
1787306815234 	 36 	 200 	 4883 	 1
1787306815242 	 29 	 200 	 4883 	 0
1787306815287 	 12 	 200 	 4884 	 0
1787306815450 	 18 	 200 	 4885 	 0
1787306815673 	 28 	 200 	 4887 	 1
1787306815681 	 25 	 200 	 4887 	 0
1787306815827 	 17 	 200 	 4889 	 1
1787306815844 	 13 	 200 	 4889 	 0
1787306815891 	 14 	 200 	 4890 	 0
1787306815926 	 14 	 200 	 4892 	 1
1787306815924 	 16 	 200 	 4892 	 0
1787306816000 	 24 	 200 	 4894 	 1
1787306816005 	 19 	 200 	 4894 	 0
1787306816089 	 33 	 200 	 4896 	 1
1787306816093 	 36 	 200 	 4896 	 0
1787306816203 	 14 	 200 	 4897 	 0
1787306816235 	 16 	 200 	 4900 	 2
1787306816236 	 17 	 200 	 4900 	 1
1787306816239 	 16 	 200 	 4901 	 1
1787306816254 	 13 	 200 	 4902 	 1
1787306816264 	 16 	 200 	 4902 	 0
1787306816290 	 12 	 200 	 4903 	 0
1787306816506 	 15 	 200 	 4904 	 0
1787306816548 	 16 	 200 	 4907 	 2
1787306816549 	 18 	 200 	 4907 	 1
1787306816560 	 17 	 200 	 4907 	 0
1787306816734 	 18 	 200 	 4908 	 0
1787306816767 	 16 	 200 	 4909 	 0
1787306816793 	 17 	 200 	 4910 	 0
1787306816840 	 26 	 200 	 4911 	 0
1787306816870 	 18 	 200 	 4912 	 0
1787306816918 	 13 	 200 	 4913 	 0
1787306816977 	 14 	 200 	 4914 	 0
1787306817097 	 18 	 200 	 4915 	 0
1787306817263 	 18 	 200 	 4916 	 0
1787306817351 	 27 	 200 	 4917 	 0
1787306817513 	 12 	 200 	 4918 	 0
1787306817542 	 16 	 200 	 4919 	 0
1787306817571 	 12 	 200 	 4920 	 0
1787306817644 	 33 	 200 	 4922 	 1
1787306817646 	 35 	 200 	 4922 	 0
1787306817715 	 14 	 200 	 4923 	 0
1787306817753 	 14 	 200 	 4924 	 0
1787306817772 	 14 	 200 	 4925 	 0
1787306817795 	 15 	 200 	 4926 	 0
1787306817872 	 13 	 200 	 4927 	 0
1787306817916 	 15 	 200 	 4929 	 1
1787306817921 	 16 	 200 	 4929 	 0
1787306817988 	 13 	 200 	 4931 	 1
1787306817989 	 12 	 200 	 4931 	 0
1787306818015 	 12 	 200 	 4932 	 0
1787306818082 	 32 	 200 	 4933 	 0
1787306818132 	 14 	 200 	 4935 	 1
1787306818143 	 12 	 200 	 4935 	 0
1787306818176 	 46 	 200 	 4938 	 2
1787306818205 	 21 	 200 	 4938 	 1
1787306818211 	 17 	 200 	 4938 	 0
1787306818268 	 15 	 200 	 4939 	 0
1787306818319 	 16 	 200 	 4940 	 0
1787306818400 	 13 	 200 	 4941 	 0
1787306818430 	 12 	 200 	 4942 	 0
1787306818452 	 12 	 200 	 4943 	 0
1787306818519 	 17 	 200 	 4944 	 0
1787306818570 	 14 	 200 	 4945 	 0
1787306818698 	 16 	 200 	 4946 	 0
1787306818908 	 29 	 200 	 4948 	 1
1787306818927 	 17 	 200 	 4948 	 0
1787306819030 	 15 	 200 	 4949 	 0
1787306819156 	 18 	 200 	 4950 	 0
1787306819216 	 32 	 200 	 4952 	 1
1787306819234 	 29 	 200 	 4953 	 1
1787306819258 	 14 	 200 	 4953 	 0
1787306819317 	 14 	 200 	 4955 	 1
1787306819328 	 15 	 200 	 4955 	 0
1787306819365 	 14 	 200 	 4956 	 0
1787306819404 	 19 	 200 	 4958 	 1
1787306819412 	 20 	 200 	 4958 	 0
1787306819488 	 27 	 200 	 4959 	 0
1787306819527 	 12 	 200 	 4960 	 0
1787306819593 	 19 	 200 	 4961 	 0
1787306819619 	 12 	 200 	 4962 	 0
1787306819657 	 16 	 200 	 4963 	 0
1787306819740 	 34 	 200 	 4965 	 1
1787306819769 	 14 	 200 	 4965 	 0
1787306819797 	 14 	 200 	 4967 	 1
1787306819806 	 21 	 200 	 4967 	 0
1787306819881 	 15 	 200 	 4968 	 0
1787306819898 	 13 	 200 	 4969 	 0
1787306819921 	 24 	 200 	 4971 	 1
1787306819920 	 24 	 200 	 4971 	 0
1787306819966 	 17 	 200 	 4973 	 1
1787306819980 	 14 	 200 	 4973 	 0
1787306820000 	 14 	 200 	 4975 	 1
1787306820004 	 19 	 200 	 4975 	 0
1787306820034 	 20 	 200 	 4976 	 0
1787306820067 	 14 	 200 	 4977 	 0
1787306820113 	 16 	 200 	 4979 	 1
1787306820120 	 15 	 200 	 4979 	 0
1787306820211 	 17 	 200 	 4980 	 0
1787306820355 	 40 	 200 	 4983 	 2
1787306820378 	 26 	 200 	 4983 	 1
1787306820388 	 23 	 200 	 4983 	 0
1787306820424 	 15 	 200 	 4984 	 0
1787306820517 	 15 	 200 	 4986 	 1
1787306820526 	 15 	 200 	 4986 	 0
1787306820558 	 14 	 200 	 4988 	 1
1787306820571 	 12 	 200 	 4988 	 0
1787306820652 	 21 	 200 	 4989 	 0
1787306820722 	 38 	 200 	 4992 	 2
1787306820759 	 14 	 200 	 4992 	 1
1787306820758 	 16 	 200 	 4992 	 0
1787306820846 	 34 	 200 	 4994 	 1
1787306820873 	 24 	 200 	 4994 	 0
1787306820905 	 16 	 200 	 4995 	 0
1787306820966 	 32 	 200 	 4997 	 1
1787306820998 	 12 	 200 	 4997 	 0
1787306821106 	 16 	 200 	 4998 	 0
1787306821237 	 27 	 200 	 5000 	 1
1787306821255 	 18 	 200 	 5000 	 0