1787307084746 	 20 	 200 	 1 	 0
1787307084786 	 14 	 200 	 2 	 0
1787307084828 	 26 	 200 	 3 	 0
1787307084862 	 13 	 200 	 5 	 1
1787307084866 	 14 	 200 	 5 	 0
1787307084893 	 16 	 200 	 6 	 0
1787307084947 	 15 	 200 	 7 	 0
1787307084975 	 15 	 200 	 8 	 0
1787307085015 	 14 	 200 	 9 	 0
1787307085135 	 39 	 200 	 11 	 1
1787307085166 	 23 	 200 	 11 	 0
1787307085204 	 28 	 200 	 13 	 1
1787307085214 	 20 	 200 	 13 	 0
1787307085284 	 25 	 200 	 15 	 1
1787307085291 	 19 	 200 	 15 	 0
1787307085508 	 15 	 200 	 16 	 0
1787307085582 	 14 	 200 	 17 	 0
1787307085633 	 17 	 200 	 18 	 0
1787307085690 	 23 	 200 	 20 	 1
1787307085712 	 20 	 200 	 20 	 0
1787307085862 	 33 	 200 	 22 	 1
1787307085868 	 30 	 200 	 22 	 0
1787307085962 	 22 	 200 	 23 	 0
1787307086076 	 27 	 200 	 24 	 0
1787307086179 	 38 	 200 	 27 	 2
1787307086215 	 21 	 200 	 27 	 1
1787307086214 	 20 	 200 	 27 	 0
1787307086255 	 13 	 200 	 29 	 1
1787307086253 	 17 	 200 	 29 	 0
1787307086418 	 37 	 200 	 31 	 1
1787307086437 	 23 	 200 	 31 	 0
1787307086517 	 13 	 200 	 32 	 0
1787307086577 	 13 	 200 	 33 	 0
1787307086596 	 12 	 200 	 34 	 0
1787307086673 	 13 	 200 	 35 	 0
1787307086831 	 17 	 200 	 37 	 1
1787307086837 	 13 	 200 	 37 	 0
1787307086859 	 13 	 200 	 38 	 0
1787307086919 	 13 	 200 	 39 	 0
1787307087082 	 13 	 200 	 40 	 0
1787307087105 	 15 	 200 	 41 	 0
1787307087182 	 36 	 200 	 43 	 1
1787307087212 	 32 	 200 	 43 	 0
1787307087334 	 47 	 200 	 46 	 2
1787307087338 	 44 	 200 	 46 	 1
1787307087375 	 14 	 200 	 47 	 1
1787307087391 	 13 	 200 	 47 	 0
1787307087410 	 13 	 200 	 48 	 0
1787307087466 	 13 	 200 	 49 	 0
1787307087519 	 15 	 200 	 50 	 0
1787307087546 	 15 	 200 	 52 	 1
1787307087547 	 17 	 200 	 52 	 0
1787307087695 	 14 	 200 	 53 	 0
1787307087723 	 14 	 200 	 56 	 2
1787307087720 	 17 	 200 	 56 	 1
1787307087722 	 17 	 200 	 56 	 0
1787307087824 	 19 	 200 	 57 	 0
1787307087937 	 36 	 200 	 58 	 0
1787307087996 	 43 	 200 	 59 	 0
1787307088053 	 14 	 200 	 60 	 0
1787307088171 	 17 	 200 	 61 	 0
1787307088313 	 17 	 200 	 62 	 0
1787307088408 	 28 	 200 	 64 	 1
1787307088426 	 16 	 200 	 64 	 0
1787307088494 	 15 	 200 	 65 	 0
1787307088554 	 22 	 200 	 66 	 0
1787307088739 	 15 	 200 	 67 	 0
1787307088801 	 15 	 200 	 69 	 1
1787307088805 	 14 	 200 	 69 	 0
1787307088832 	 16 	 200 	 71 	 1
1787307088832 	 23 	 200 	 71 	 0
1787307088919 	 15 	 200 	 72 	 0
1787307088964 	 26 	 200 	 74 	 1
1787307088978 	 17 	 200 	 74 	 0
1787307089030 	 18 	 200 	 75 	 0
1787307089099 	 24 	 200 	 76 	 0
1787307089201 	 20 	 200 	 77 	 0
1787307089571 	 18 	 200 	 79 	 1
1787307089584 	 17 	 200 	 79 	 0
1787307089614 	 14 	 200 	 80 	 0
1787307089651 	 13 	 200 	 81 	 0
1787307089684 	 23 	 200 	 83 	 1
1787307089687 	 23 	 200 	 83 	 0
1787307089717 	 14 	 200 	 84 	 0
1787307089820 	 16 	 200 	 86 	 1
1787307089830 	 17 	 200 	 86 	 0
1787307089858 	 15 	 200 	 87 	 0
1787307089899 	 20 	 200 	 88 	 0
1787307090027 	 15 	 200 	 90 	 1
1787307090045 	 16 	 200 	 91 	 1
1787307090043 	 19 	 200 	 91 	 0
1787307090067 	 12 	 200 	 92 	 0
1787307090123 	 17 	 200 	 94 	 1
1787307090140 	 12 	 200 	 94 	 0
1787307090211 	 34 	 200 	 95 	 0
1787307090253 	 14 	 200 	 97 	 1
1787307090258 	 22 	 200 	 98 	 1
1787307090279 	 17 	 200 	 99 	 1
1787307090289 	 13 	 200 	 99 	 0
1787307090340 	 25 	 200 	 100 	 0
1787307090398 	 24 	 200 	 102 	 1
1787307090406 	 18 	 200 	 102 	 0
1787307090500 	 14 	 200 	 103 	 0
1787307090637 	 14 	 200 	 104 	 0
1787307090724 	 39 	 200 	 106 	 1
1787307090727 	 40 	 200 	 107 	 1
1787307090768 	 12 	 200 	 107 	 0
1787307090973 	 35 	 200 	 110 	 2
1787307090986 	 27 	 200 	 110 	 1
1787307090998 	 27 	 200 	 110 	 0
1787307091206 	 18 	 200 	 111 	 0
1787307091257 	 15 	 200 	 112 	 0
1787307091288 	 21 	 200 	 113 	 0
1787307091338 	 35 	 200 	 114 	 0
1787307091409 	 16 	 200 	 115 	 0
1787307091474 	 14 	 200 	 116 	 0
1787307091574 	 13 	 200 	 118 	 1
1787307091587 	 22 	 200 	 119 	 1
1787307091589 	 23 	 200 	 119 	 0
1787307091617 	 14 	 200 	 120 	 0
1787307091640 	 17 	 200 	 122 	 1
1787307091645 	 15 	 200 	 122 	 0
1787307091671 	 14 	 200 	 123 	 0
1787307091707 	 22 	 200 	 125 	 1
1787307091712 	 19 	 200 	 126 	 1
1787307091734 	 15 	 200 	 127 	 1
1787307091737 	 13 	 200 	 127 	 0
1787307091785 	 15 	 200 	 128 	 0
1787307091816 	 17 	 200 	 129 	 0
1787307091850 	 13 	 200 	 130 	 0
1787307091916 	 35 	 200 	 131 	 0
1787307091984 	 16 	 200 	 132 	 0
1787307092302 	 21 	 200 	 133 	 0
1787307092349 	 17 	 200 	 134 	 0
1787307092485 	 20 	 200 	 136 	 1
1787307092494 	 26 	 200 	 136 	 0
1787307092586 	 27 	 200 	 137 	 0
1787307092626 	 16 	 200 	 138 	 0
1787307092664 	 20 	 200 	 139 	 0
1787307092712 	 40 	 200 	 140 	 0
1787307092869 	 34 	 200 	 141 	 0
1787307092945 	 37 	 200 	 142 	 0
1787307092991 	 22 	 200 	 144 	 1
1787307093009 	 16 	 200 	 145 	 1
1787307093023 	 14 	 200 	 146 	 1
1787307093036 	 20 	 200 	 146 	 0
1787307093216 	 14 	 200 	 147 	 0
1787307093236 	 13 	 200 	 148 	 0
1787307093254 	 13 	 200 	 149 	 0
1787307093274 	 14 	 200 	 150 	 0
1787307093327 	 34 	 200 	 153 	 2
1787307093343 	 24 	 200 	 153 	 1
1787307093361 	 14 	 200 	 153 	 0
1787307093384 	 13 	 200 	 154 	 0
1787307093422 	 14 	 200 	 155 	 0
1787307093545 	 16 	 200 	 157 	 1
1787307093555 	 14 	 200 	 157 	 0
1787307093598 	 16 	 200 	 158 	 0
1787307093623 	 13 	 200 	 160 	 1
1787307093625 	 14 	 200 	 160 	 0
1787307093659 	 12 	 200 	 161 	 0
1787307093796 	 13 	 200 	 162 	 0
1787307093911 	 16 	 200 	 163 	 0
1787307093969 	 42 	 200 	 166 	 2
1787307094005 	 21 	 200 	 166 	 1
1787307094002 	 26 	 200 	 166 	 0
1787307094062 	 28 	 200 	 167 	 0
1787307094169 	 21 	 200 	 168 	 0
1787307094208 	 14 	 200 	 169 	 0
1787307094241 	 50 	 200 	 170 	 0
1787307094360 	 31 	 200 	 171 	 0
1787307094484 	 14 	 200 	 173 	 1
1787307094495 	 16 	 200 	 173 	 0
1787307094551 	 17 	 200 	 174 	 0
1787307094641 	 21 	 200 	 175 	 0
1787307094681 	 13 	 200 	 176 	 0
1787307094824 	 14 	 200 	 177 	 0
1787307094908 	 16 	 200 	 178 	 0
1787307094926 	 14 	 200 	 180 	 1
1787307094931 	 16 	 200 	 180 	 0
1787307094953 	 13 	 200 	 181 	 0
1787307094972 	 14 	 200 	 182 	 0
1787307095015 	 16 	 200 	 183 	 1
1787307095033 	 15 	 200 	 186 	 2
1787307095038 	 14 	 200 	 186 	 1
1787307095044 	 16 	 200 	 186 	 0
1787307095105 	 33 	 200 	 190 	 3
1787307095123 	 23 	 200 	 190 	 2
1787307095126 	 26 	 200 	 190 	 1
1787307095139 	 15 	 200 	 190 	 0
1787307095183 	 32 	 200 	 191 	 0
1787307095263 	 26 	 200 	 192 	 0
1787307095306 	 17 	 200 	 193 	 0
1787307095358 	 32 	 200 	 194 	 0
1787307095405 	 13 	 200 	 195 	 0
1787307095434 	 14 	 200 	 197 	 1
1787307095437 	 12 	 200 	 197 	 0
1787307095514 	 12 	 200 	 198 	 0
1787307095567 	 15 	 200 	 199 	 0
1787307095622 	 15 	 200 	 200 	 0
1787307095773 	 14 	 200 	 202 	 1
1787307095781 	 13 	 200 	 202 	 0
1787307095797 	 13 	 200 	 203 	 0
1787307095856 	 17 	 200 	 204 	 0
1787307095922 	 27 	 200 	 206 	 1
1787307095920 	 31 	 200 	 206 	 0
1787307096164 	 14 	 200 	 207 	 0
1787307096269 	 22 	 200 	 211 	 3
1787307096277 	 14 	 200 	 211 	 2
1787307096285 	 16 	 200 	 211 	 1
1787307096272 	 54 	 200 	 213 	 2
1787307096316 	 17 	 200 	 213 	 1
1787307096322 	 13 	 200 	 213 	 0
1787307096426 	 31 	 200 	 214 	 0
1787307096566 	 36 	 200 	 215 	 0
1787307096665 	 21 	 200 	 216 	 0
1787307096705 	 12 	 200 	 217 	 0
1787307096785 	 14 	 200 	 218 	 0
1787307096806 	 13 	 200 	 219 	 0
1787307096983 	 27 	 200 	 221 	 1
1787307097004 	 17 	 200 	 221 	 0
1787307097255 	 29 	 200 	 223 	 1
1787307097259 	 28 	 200 	 223 	 0
1787307097454 	 14 	 200 	 224 	 0
1787307097548 	 17 	 200 	 225 	 0
1787307097583 	 28 	 200 	 226 	 0
1787307097613 	 14 	 200 	 227 	 0
1787307097664 	 12 	 200 	 228 	 0
1787307097710 	 17 	 200 	 229 	 0
1787307097755 	 13 	 200 	 230 	 0
1787307097776 	 22 	 200 	 231 	 0
1787307097878 	 12 	 200 	 232 	 0
1787307097941 	 13 	 200 	 234 	 1
1787307097950 	 12 	 200 	 234 	 0
1787307098062 	 37 	 200 	 236 	 1
1787307098094 	 18 	 200 	 236 	 0
1787307098170 	 16 	 200 	 237 	 0
1787307098187 	 13 	 200 	 238 	 0
1787307098346 	 33 	 200 	 240 	 1
1787307098359 	 28 	 200 	 240 	 0
1787307098475 	 33 	 200 	 241 	 0
1787307098556 	 12 	 200 	 242 	 0
1787307098626 	 14 	 200 	 243 	 0
1787307098756 	 23 	 200 	 245 	 1
1787307098762 	 22 	 200 	 245 	 0
1787307098828 	 15 	 200 	 248 	 2
1787307098830 	 14 	 200 	 248 	 1
1787307098829 	 16 	 200 	 248 	 0
1787307098873 	 22 	 200 	 250 	 1
1787307098887 	 14 	 200 	 250 	 0
1787307099002 	 19 	 200 	 251 	 0
1787307099125 	 13 	 200 	 252 	 0
1787307099164 	 12 	 200 	 253 	 0
1787307099194 	 31 	 200 	 254 	 0
1787307099234 	 36 	 200 	 256 	 1
1787307099260 	 27 	 200 	 256 	 0
1787307099648 	 24 	 200 	 257 	 0
1787307099857 	 14 	 200 	 258 	 0
1787307099934 	 26 	 200 	 259 	 0
1787307099984 	 20 	 200 	 260 	 0
1787307100036 	 14 	 200 	 262 	 1
1787307100049 	 14 	 200 	 262 	 0
1787307100070 	 18 	 200 	 264 	 1
1787307100071 	 18 	 200 	 264 	 0
1787307100092 	 12 	 200 	 265 	 0
1787307100115 	 13 	 200 	 266 	 0
1787307100169 	 48 	 200 	 268 	 1
1787307100217 	 18 	 200 	 269 	 1
1787307100231 	 14 	 200 	 269 	 0
1787307100322 	 14 	 200 	 270 	 0
1787307100382 	 20 	 200 	 272 	 1
1787307100395 	 16 	 200 	 272 	 0
1787307100466 	 15 	 200 	 273 	 0
1787307100530 	 12 	 200 	 274 	 0
1787307100552 	 13 	 200 	 275 	 0
1787307100644 	 14 	 200 	 277 	 1
1787307100658 	 19 	 200 	 277 	 0
1787307100743 	 13 	 200 	 278 	 0
1787307100781 	 14 	 200 	 279 	 0
1787307100902 	 14 	 200 	 282 	 2
1787307100864 	 54 	 200 	 282 	 1
1787307100849 	 70 	 200 	 282 	 0
1787307100984 	 14 	 200 	 284 	 1
1787307100985 	 14 	 200 	 284 	 0
1787307101113 	 30 	 200 	 285 	 0
1787307101153 	 48 	 200 	 287 	 1
1787307101201 	 16 	 200 	 287 	 0
1787307101255 	 17 	 200 	 288 	 0
1787307101278 	 15 	 200 	 289 	 0
1787307101336 	 12 	 200 	 290 	 0
1787307101367 	 12 	 200 	 291 	 0
1787307101426 	 15 	 200 	 292 	 0
1787307101475 	 13 	 200 	 293 	 0
1787307101589 	 29 	 200 	 294 	 1
1787307101620 	 16 	 200 	 295 	 0
1787307101652 	 12 	 200 	 296 	 0
1787307101733 	 32 	 200 	 297 	 0
1787307101788 	 17 	 200 	 298 	 0
1787307101863 	 29 	 200 	 299 	 0
1787307101921 	 14 	 200 	 300 	 0
1787307101952 	 13 	 200 	 301 	 0
1787307102057 	 18 	 200 	 302 	 0
1787307102114 	 15 	 200 	 305 	 2
1787307102116 	 14 	 200 	 305 	 1
1787307102122 	 17 	 200 	 306 	 1
1787307102133 	 12 	 200 	 306 	 0
1787307102148 	 19 	 200 	 307 	 0
1787307102265 	 18 	 200 	 308 	 0
1787307102312 	 39 	 200 	 309 	 0
1787307102388 	 30 	 200 	 310 	 0
1787307102591 	 16 	 200 	 312 	 1
1787307102593 	 15 	 200 	 312 	 0
1787307102651 	 18 	 200 	 314 	 1
1787307102661 	 13 	 200 	 314 	 0
1787307102704 	 20 	 200 	 316 	 1
1787307102704 	 22 	 200 	 316 	 0
1787307102802 	 32 	 200 	 318 	 1
1787307102818 	 21 	 200 	 318 	 0
1787307102849 	 14 	 200 	 320 	 1
1787307102856 	 16 	 200 	 320 	 0
1787307102895 	 14 	 200 	 321 	 0
1787307102935 	 14 	 200 	 322 	 0
1787307102960 	 14 	 200 	 323 	 0
1787307103029 	 25 	 200 	 324 	 0
1787307103103 	 33 	 200 	 326 	 2
1787307103111 	 31 	 200 	 327 	 1
1787307103138 	 22 	 200 	 327 	 0
1787307103167 	 17 	 200 	 328 	 0
1787307103206 	 29 	 200 	 330 	 1
1787307103212 	 28 	 200 	 330 	 0
1787307103302 	 17 	 200 	 331 	 0
1787307103335 	 13 	 200 	 332 	 0
1787307103380 	 13 	 200 	 333 	 0
1787307103449 	 19 	 200 	 335 	 1
1787307103455 	 18 	 200 	 335 	 0
1787307103500 	 14 	 200 	 337 	 1
1787307103513 	 19 	 200 	 338 	 1
1787307103519 	 15 	 200 	 338 	 0
1787307103569 	 39 	 200 	 340 	 1
1787307103607 	 13 	 200 	 340 	 0
1787307103651 	 13 	 200 	 341 	 0
1787307103688 	 13 	 200 	 342 	 0
1787307103745 	 20 	 200 	 344 	 1
1787307103757 	 17 	 200 	 345 	 1
1787307103767 	 13 	 200 	 345 	 0
1787307103790 	 13 	 200 	 346 	 0
1787307103836 	 19 	 200 	 348 	 1
1787307103840 	 18 	 200 	 348 	 0
1787307103877 	 13 	 200 	 350 	 1
1787307103887 	 14 	 200 	 350 	 0
1787307103909 	 12 	 200 	 351 	 0
1787307103951 	 14 	 200 	 352 	 0
1787307103971 	 14 	 200 	 354 	 1
1787307103971 	 14 	 200 	 354 	 0
1787307103991 	 15 	 200 	 357 	 2
1787307103993 	 16 	 200 	 357 	 1
1787307104005 	 12 	 200 	 357 	 0
1787307104135 	 33 	 200 	 358 	 0
1787307104249 	 13 	 200 	 359 	 0
1787307104347 	 34 	 200 	 360 	 0
1787307104425 	 15 	 200 	 361 	 0
1787307104450 	 15 	 200 	 362 	 0
1787307104473 	 15 	 200 	 363 	 0
1787307104524 	 14 	 200 	 365 	 1
1787307104534 	 17 	 200 	 365 	 0
1787307104667 	 14 	 200 	 366 	 0
1787307104685 	 14 	 200 	 368 	 1
1787307104697 	 14 	 200 	 368 	 0
1787307104775 	 12 	 200 	 369 	 0
1787307104902 	 36 	 200 	 371 	 1
1787307104937 	 15 	 200 	 371 	 0
1787307104993 	 25 	 200 	 373 	 1
1787307104998 	 24 	 200 	 373 	 0
1787307105120 	 38 	 200 	 374 	 0
1787307105164 	 14 	 200 	 376 	 1
1787307105170 	 14 	 200 	 376 	 0
1787307105424 	 31 	 200 	 377 	 0
1787307105520 	 15 	 200 	 378 	 0
1787307105576 	 23 	 200 	 380 	 1
1787307105595 	 16 	 200 	 380 	 0
1787307105687 	 14 	 200 	 382 	 1
1787307105702 	 13 	 200 	 383 	 1
1787307105715 	 16 	 200 	 383 	 0
1787307105745 	 12 	 200 	 384 	 0
1787307105793 	 45 	 200 	 385 	 0
1787307105887 	 23 	 200 	 387 	 1
1787307105889 	 28 	 200 	 387 	 0
1787307105940 	 13 	 200 	 388 	 0
1787307106011 	 15 	 200 	 390 	 1
1787307106017 	 20 	 200 	 390 	 0
1787307106075 	 21 	 200 	 391 	 0
1787307106177 	 34 	 200 	 392 	 0
1787307106213 	 35 	 200 	 395 	 2
1787307106238 	 16 	 200 	 395 	 1
1787307106250 	 14 	 200 	 395 	 0
1787307106298 	 17 	 200 	 396 	 0
1787307106521 	 95 	 200 	 399 	 2
1787307106542 	 75 	 200 	 399 	 1
1787307106440 	 238 	 200 	 400 	 1
1787307106660 	 20 	 200 	 400 	 0
1787307106750 	 31 	 200 	 403 	 2
1787307106760 	 24 	 200 	 403 	 1
1787307106762 	 23 	 200 	 403 	 0
1787307106797 	 15 	 200 	 404 	 0
1787307106849 	 13 	 200 	 406 	 1
1787307106861 	 14 	 200 	 406 	 0
1787307106970 	 36 	 200 	 408 	 1
1787307106984 	 25 	 200 	 408 	 0
1787307107018 	 13 	 200 	 409 	 0
1787307107174 	 25 	 200 	 410 	 0
1787307107203 	 19 	 200 	 412 	 1
1787307107221 	 17 	 200 	 412 	 0
1787307107320 	 15 	 200 	 413 	 0
1787307107407 	 33 	 200 	 415 	 1
1787307107438 	 30 	 200 	 415 	 0
1787307107483 	 29 	 200 	 417 	 1
1787307107508 	 12 	 200 	 417 	 0
1787307107565 	 33 	 200 	 418 	 0
1787307107607 	 15 	 200 	 419 	 0
1787307107710 	 14 	 200 	 420 	 0
1787307107795 	 32 	 200 	 421 	 0
1787307107840 	 13 	 200 	 422 	 0
1787307107882 	 17 	 200 	 423 	 0
1787307107923 	 13 	 200 	 424 	 0
1787307107991 	 20 	 200 	 425 	 0
1787307108093 	 21 	 200 	 426 	 0
1787307108141 	 12 	 200 	 427 	 0
1787307108168 	 12 	 200 	 429 	 1
1787307108178 	 16 	 200 	 429 	 0
1787307108242 	 32 	 200 	 430 	 0
1787307108362 	 45 	 200 	 433 	 2
1787307108376 	 32 	 200 	 433 	 1
1787307108368 	 41 	 200 	 433 	 0
1787307108414 	 17 	 200 	 435 	 1
1787307108416 	 17 	 200 	 435 	 0
1787307108449 	 16 	 200 	 437 	 1
1787307108451 	 14 	 200 	 437 	 0
1787307108507 	 14 	 200 	 438 	 0
1787307108603 	 16 	 200 	 441 	 2
1787307108609 	 12 	 200 	 441 	 1
1787307108633 	 17 	 200 	 443 	 2
1787307108639 	 13 	 200 	 443 	 1
1787307108609 	 53 	 200 	 443 	 0
1787307108915 	 21 	 200 	 445 	 1
1787307108928 	 15 	 200 	 445 	 0
1787307109049 	 21 	 200 	 446 	 0
1787307109084 	 14 	 200 	 449 	 2
1787307109095 	 17 	 200 	 450 	 2
1787307109098 	 17 	 200 	 450 	 1
1787307109100 	 17 	 200 	 450 	 0
1787307109199 	 36 	 200 	 451 	 0
1787307109238 	 35 	 200 	 452 	 0
1787307109335 	 35 	 200 	 453 	 0
1787307109394 	 23 	 200 	 455 	 1
1787307109414 	 14 	 200 	 455 	 0
1787307109459 	 18 	 200 	 456 	 0
1787307109517 	 13 	 200 	 457 	 0
1787307109596 	 13 	 200 	 458 	 0
1787307109756 	 14 	 200 	 460 	 1
1787307109771 	 22 	 200 	 461 	 1
1787307109792 	 15 	 200 	 461 	 0
1787307109810 	 14 	 200 	 462 	 0
1787307109903 	 12 	 200 	 463 	 0
1787307109937 	 14 	 200 	 464 	 0
1787307110115 	 13 	 200 	 465 	 0
1787307110140 	 13 	 200 	 466 	 0
1787307110155 	 13 	 200 	 467 	 0
1787307110349 	 35 	 200 	 469 	 1
1787307110357 	 30 	 200 	 469 	 0
1787307110427 	 22 	 200 	 471 	 1
1787307110442 	 22 	 200 	 471 	 0
1787307110522 	 14 	 200 	 472 	 0
1787307110565 	 35 	 200 	 474 	 1
1787307110591 	 20 	 200 	 475 	 1
1787307110602 	 14 	 200 	 475 	 0
1787307110691 	 19 	 200 	 477 	 1
1787307110693 	 18 	 200 	 477 	 0
1787307110715 	 14 	 200 	 479 	 1
1787307110720 	 17 	 200 	 479 	 0
1787307110758 	 17 	 200 	 481 	 1
1787307110762 	 15 	 200 	 481 	 0
1787307110865 	 18 	 200 	 483 	 1
1787307110868 	 17 	 200 	 483 	 0
1787307110918 	 27 	 200 	 484 	 0
1787307110952 	 14 	 200 	 486 	 1
1787307110966 	 13 	 200 	 486 	 0
1787307111011 	 27 	 200 	 488 	 1
1787307111004 	 34 	 200 	 488 	 0
1787307111061 	 18 	 200 	 489 	 0
1787307111201 	 33 	 200 	 490 	 0
1787307111278 	 19 	 200 	 493 	 2
1787307111279 	 18 	 200 	 493 	 1
1787307111295 	 14 	 200 	 493 	 0
1787307111350 	 14 	 200 	 494 	 0
1787307111405 	 42 	 200 	 497 	 2
1787307111442 	 21 	 200 	 497 	 1
1787307111435 	 31 	 200 	 497 	 0
1787307111523 	 15 	 200 	 499 	 1
1787307111534 	 13 	 200 	 499 	 0
1787307111605 	 16 	 200 	 500 	 0
1787307111633 	 14 	 200 	 503 	 2
1787307111635 	 13 	 200 	 503 	 1
1787307111636 	 13 	 200 	 503 	 0
1787307111695 	 15 	 200 	 504 	 0
1787307111770 	 19 	 200 	 505 	 0
1787307111793 	 14 	 200 	 506 	 0
1787307111820 	 19 	 200 	 507 	 0
1787307111972 	 30 	 200 	 508 	 0
1787307112158 	 22 	 200 	 510 	 1
1787307112171 	 14 	 200 	 510 	 0
1787307112226 	 42 	 200 	 511 	 0
1787307112346 	 20 	 200 	 512 	 0
1787307112382 	 14 	 200 	 513 	 0
1787307112473 	 13 	 200 	 514 	 0
1787307112507 	 17 	 200 	 515 	 0
1787307112692 	 26 	 200 	 516 	 0
1787307112741 	 14 	 200 	 518 	 1
1787307112750 	 18 	 200 	 519 	 1
1787307112762 	 14 	 200 	 519 	 0
1787307112784 	 17 	 200 	 520 	 0
1787307112821 	 14 	 200 	 521 	 0
1787307112883 	 15 	 200 	 522 	 0
1787307112977 	 13 	 200 	 523 	 0
1787307113071 	 36 	 200 	 524 	 0
1787307113154 	 25 	 200 	 525 	 0
1787307113187 	 14 	 200 	 526 	 0
1787307113221 	 25 	 200 	 528 	 1
1787307113237 	 18 	 200 	 528 	 0
1787307113298 	 26 	 200 	 530 	 1
1787307113302 	 24 	 200 	 530 	 0
1787307113347 	 34 	 200 	 531 	 0
1787307113431 	 16 	 200 	 533 	 1
1787307113436 	 13 	 200 	 533 	 0
1787307113710 	 13 	 200 	 534 	 0
1787307113824 	 16 	 200 	 536 	 1
1787307113829 	 15 	 200 	 536 	 0
1787307113924 	 17 	 200 	 537 	 0
1787307114072 	 14 	 200 	 540 	 2
1787307114123 	 15 	 200 	 542 	 3
1787307114137 	 34 	 200 	 542 	 2
1787307114055 	 116 	 200 	 542 	 1
1787307114195 	 38 	 200 	 544 	 2
1787307114193 	 105 	 200 	 544 	 1
1787307114311 	 18 	 200 	 546 	 2
1787307114314 	 17 	 200 	 546 	 1
1787307113976 	 371 	 200 	 546 	 0
1787307114413 	 13 	 200 	 547 	 0
1787307114487 	 13 	 200 	 549 	 1
1787307114494 	 14 	 200 	 549 	 0
1787307114522 	 14 	 200 	 551 	 1
1787307114532 	 19 	 200 	 551 	 0
1787307114553 	 12 	 200 	 552 	 0
1787307114569 	 16 	 200 	 553 	 0
1787307114595 	 16 	 200 	 554 	 0
1787307114639 	 16 	 200 	 555 	 0
1787307114676 	 16 	 200 	 556 	 0
1787307114708 	 15 	 200 	 558 	 1
1787307114708 	 23 	 200 	 558 	 0
1787307114827 	 13 	 200 	 560 	 1
1787307114838 	 23 	 200 	 560 	 0
1787307114877 	 14 	 200 	 561 	 0
1787307114990 	 16 	 200 	 562 	 0
1787307115090 	 25 	 200 	 564 	 1
1787307115112 	 13 	 200 	 564 	 0
1787307115238 	 18 	 200 	 565 	 0
1787307115407 	 25 	 200 	 568 	 2
1787307115403 	 32 	 200 	 568 	 1
1787307115414 	 24 	 200 	 568 	 0
1787307115467 	 27 	 200 	 569 	 0
1787307115504 	 13 	 200 	 570 	 0
1787307115539 	 19 	 200 	 572 	 1
1787307115543 	 17 	 200 	 572 	 0
1787307115585 	 21 	 200 	 574 	 1
1787307115589 	 19 	 200 	 574 	 0
1787307115618 	 12 	 200 	 575 	 0
1787307115632 	 12 	 200 	 576 	 0
1787307115910 	 13 	 200 	 577 	 0
1787307115974 	 13 	 200 	 578 	 0
1787307116095 	 14 	 200 	 580 	 1
1787307116218 	 16 	 200 	 581 	 1
1787307116263 	 17 	 200 	 584 	 3
1787307116281 	 41 	 200 	 585 	 3
1787307116315 	 17 	 200 	 586 	 3
1787307116329 	 40 	 200 	 587 	 3
1787307116277 	 104 	 200 	 587 	 2
1787307116370 	 16 	 200 	 587 	 1
1787307116054 	 443 	 200 	 588 	 1
1787307116494 	 18 	 200 	 589 	 1
1787307116505 	 16 	 200 	 590 	 1
1787307116516 	 14 	 200 	 590 	 0
1787307116796 	 20 	 200 	 591 	 0
1787307116849 	 12 	 200 	 592 	 0
1787307116994 	 18 	 200 	 593 	 0
1787307117069 	 14 	 200 	 594 	 0
1787307117275 	 13 	 200 	 595 	 0
1787307117316 	 13 	 200 	 596 	 0
1787307117372 	 39 	 200 	 598 	 1
1787307117401 	 23 	 200 	 598 	 0
1787307117453 	 13 	 200 	 599 	 0
1787307117517 	 13 	 200 	 600 	 0
1787307117623 	 12 	 200 	 601 	 0
1787307117643 	 14 	 200 	 602 	 0
1787307117875 	 13 	 200 	 603 	 0
1787307117913 	 14 	 200 	 604 	 0
1787307117949 	 15 	 200 	 605 	 0
1787307118039 	 23 	 200 	 606 	 0
1787307118145 	 18 	 200 	 607 	 0
1787307118187 	 15 	 200 	 608 	 0
1787307118259 	 34 	 200 	 610 	 1
1787307118275 	 21 	 200 	 610 	 0
1787307118326 	 14 	 200 	 612 	 1
1787307118345 	 12 	 200 	 614 	 2
1787307118346 	 25 	 200 	 614 	 1
1787307118323 	 69 	 200 	 614 	 0
1787307118395 	 13 	 200 	 615 	 0
1787307118422 	 13 	 200 	 616 	 0
1787307118486 	 15 	 200 	 617 	 0
1787307118539 	 14 	 200 	 618 	 0
1787307118569 	 12 	 200 	 619 	 0
1787307118601 	 17 	 200 	 621 	 1
1787307118597 	 22 	 200 	 621 	 0
1787307118641 	 15 	 200 	 623 	 1
1787307118645 	 13 	 200 	 623 	 0
1787307118675 	 13 	 200 	 624 	 0
1787307118755 	 36 	 200 	 625 	 0
1787307118795 	 16 	 200 	 626 	 0
1787307118823 	 19 	 200 	 627 	 0
1787307118909 	 14 	 200 	 628 	 0
1787307118991 	 14 	 200 	 630 	 1
1787307119000 	 13 	 200 	 630 	 0
1787307119017 	 14 	 200 	 632 	 1
1787307119015 	 17 	 200 	 632 	 0
1787307119155 	 17 	 200 	 634 	 1
1787307119168 	 16 	 200 	 634 	 0
1787307119217 	 16 	 200 	 635 	 0
1787307119253 	 37 	 200 	 637 	 1
1787307119281 	 17 	 200 	 637 	 0
1787307119335 	 32 	 200 	 638 	 0
1787307119371 	 20 	 200 	 641 	 2
1787307119375 	 18 	 200 	 641 	 1
1787307119377 	 18 	 200 	 641 	 0
1787307119405 	 17 	 200 	 644 	 2
1787307119413 	 18 	 200 	 644 	 1
1787307119419 	 14 	 200 	 644 	 0
1787307119443 	 15 	 200 	 645 	 0
1787307119471 	 13 	 200 	 646 	 0
1787307119601 	 17 	 200 	 647 	 0
1787307119677 	 18 	 200 	 648 	 0
1787307119789 	 15 	 200 	 649 	 0
1787307119935 	 30 	 200 	 652 	 2
1787307119948 	 20 	 200 	 652 	 1
1787307119967 	 14 	 200 	 652 	 0
1787307120277 	 14 	 200 	 653 	 0
1787307120315 	 16 	 200 	 655 	 1
1787307120327 	 15 	 200 	 655 	 0
1787307120413 	 36 	 200 	 658 	 2
1787307120420 	 31 	 200 	 658 	 1
1787307120431 	 21 	 200 	 658 	 0
1787307120583 	 12 	 200 	 659 	 0
1787307120642 	 16 	 200 	 661 	 1
1787307120655 	 19 	 200 	 661 	 0
1787307120693 	 24 	 200 	 662 	 0
1787307120775 	 14 	 200 	 663 	 1
1787307120790 	 13 	 200 	 664 	 0
1787307120833 	 13 	 200 	 665 	 0
1787307120858 	 18 	 200 	 666 	 0
1787307120892 	 16 	 200 	 667 	 0
1787307120988 	 14 	 200 	 668 	 0
1787307121049 	 13 	 200 	 669 	 0
1787307121102 	 14 	 200 	 670 	 0
1787307121191 	 32 	 200 	 672 	 1
1787307121215 	 40 	 200 	 672 	 0
1787307121280 	 14 	 200 	 673 	 0
1787307121326 	 34 	 200 	 675 	 1
1787307121352 	 27 	 200 	 676 	 1
1787307121364 	 26 	 200 	 676 	 0
1787307121490 	 24 	 200 	 677 	 0
1787307121581 	 27 	 200 	 679 	 1
1787307121599 	 18 	 200 	 679 	 0
1787307121629 	 13 	 200 	 681 	 1
1787307121632 	 24 	 200 	 682 	 1
1787307121655 	 11 	 200 	 682 	 0
1787307121696 	 34 	 200 	 683 	 0
1787307121804 	 14 	 200 	 685 	 1
1787307121823 	 14 	 200 	 686 	 1
1787307121768 	 102 	 200 	 686 	 0
1787307121902 	 16 	 200 	 687 	 0
1787307121921 	 15 	 200 	 689 	 1
1787307121926 	 14 	 200 	 689 	 0
1787307122163 	 36 	 200 	 691 	 1
1787307122188 	 24 	 200 	 691 	 0
1787307122324 	 34 	 200 	 692 	 0
1787307122415 	 14 	 200 	 693 	 0
1787307122525 	 17 	 200 	 697 	 3
1787307122527 	 15 	 200 	 697 	 2
1787307122526 	 19 	 200 	 697 	 1
1787307122535 	 17 	 200 	 697 	 0
1787307122569 	 12 	 200 	 698 	 0
1787307122679 	 22 	 200 	 702 	 3
1787307122675 	 29 	 200 	 702 	 2
1787307122688 	 20 	 200 	 703 	 2
1787307122694 	 21 	 200 	 703 	 1
1787307122709 	 19 	 200 	 704 	 1
1787307122722 	 13 	 200 	 704 	 0
1787307122861 	 13 	 200 	 706 	 1
1787307122855 	 19 	 200 	 706 	 0
1787307122894 	 14 	 200 	 707 	 0
1787307122985 	 32 	 200 	 708 	 0
1787307123147 	 15 	 200 	 710 	 1
1787307123156 	 12 	 200 	 710 	 0
1787307123245 	 25 	 200 	 711 	 0
1787307123325 	 17 	 200 	 714 	 2
1787307123324 	 18 	 200 	 714 	 1
1787307123330 	 14 	 200 	 714 	 0
1787307123356 	 16 	 200 	 716 	 1
1787307123366 	 13 	 200 	 716 	 0
1787307123405 	 31 	 200 	 717 	 0
1787307123453 	 16 	 200 	 718 	 0
1787307123487 	 17 	 200 	 719 	 0
1787307123518 	 14 	 200 	 720 	 0
1787307123551 	 16 	 200 	 721 	 0
1787307123632 	 18 	 200 	 722 	 0
1787307123664 	 13 	 200 	 723 	 0
1787307123751 	 12 	 200 	 724 	 0
1787307123858 	 37 	 200 	 726 	 1
1787307123893 	 20 	 200 	 726 	 0
1787307123927 	 14 	 200 	 728 	 1
1787307123927 	 19 	 200 	 729 	 1
1787307123943 	 18 	 200 	 730 	 1
1787307123960 	 14 	 200 	 730 	 0
1787307124003 	 13 	 200 	 731 	 0
1787307124025 	 12 	 200 	 732 	 0
1787307124045 	 14 	 200 	 734 	 1
1787307124053 	 14 	 200 	 734 	 0
1787307124086 	 14 	 200 	 736 	 1
1787307124094 	 13 	 200 	 736 	 0
1787307124235 	 27 	 200 	 738 	 1
1787307124258 	 14 	 200 	 739 	 1
1787307124269 	 18 	 200 	 740 	 1
1787307124280 	 15 	 200 	 740 	 0
1787307124327 	 13 	 200 	 742 	 1
1787307124325 	 19 	 200 	 742 	 0
1787307124352 	 14 	 200 	 744 	 1
1787307124363 	 17 	 200 	 744 	 0
1787307124422 	 12 	 200 	 745 	 0
1787307124480 	 16 	 200 	 746 	 0
1787307124521 	 17 	 200 	 748 	 1
1787307124527 	 13 	 200 	 748 	 0
1787307124565 	 20 	 200 	 749 	 0
1787307124701 	 13 	 200 	 750 	 0
1787307124753 	 17 	 200 	 751 	 0
1787307124877 	 13 	 200 	 752 	 0
1787307125006 	 15 	 200 	 753 	 0
1787307125034 	 15 	 200 	 754 	 0
1787307125095 	 24 	 200 	 755 	 0
1787307125129 	 41 	 200 	 756 	 0
1787307125293 	 21 	 200 	 757 	 0
1787307125411 	 19 	 200 	 758 	 0
1787307125449 	 13 	 200 	 759 	 0
1787307125488 	 12 	 200 	 760 	 0
1787307125537 	 17 	 200 	 761 	 0
1787307125614 	 18 	 200 	 763 	 1
1787307125629 	 12 	 200 	 763 	 0
1787307125704 	 30 	 200 	 764 	 0
1787307125768 	 15 	 200 	 765 	 0
1787307125868 	 35 	 200 	 767 	 1
1787307125887 	 28 	 200 	 767 	 0
1787307125927 	 13 	 200 	 768 	 0
1787307125956 	 13 	 200 	 769 	 0
1787307125998 	 14 	 200 	 770 	 0
1787307126071 	 17 	 200 	 771 	 0
1787307126130 	 19 	 200 	 772 	 0
1787307126217 	 29 	 200 	 774 	 1
1787307126210 	 38 	 200 	 774 	 0
1787307126583 	 15 	 200 	 775 	 0
1787307126653 	 20 	 200 	 777 	 1
1787307126663 	 16 	 200 	 777 	 0
1787307126732 	 13 	 200 	 778 	 0
1787307126994 	 29 	 200 	 781 	 2
1787307126998 	 28 	 200 	 781 	 1
1787307127014 	 15 	 200 	 781 	 0
1787307127078 	 18 	 200 	 782 	 0
1787307127173 	 38 	 200 	 783 	 0
1787307127291 	 17 	 200 	 785 	 1
1787307127294 	 18 	 200 	 785 	 0
1787307127328 	 14 	 200 	 786 	 0
1787307127344 	 13 	 200 	 788 	 1
1787307127355 	 14 	 200 	 788 	 0
1787307127388 	 14 	 200 	 790 	 1
1787307127393 	 24 	 200 	 790 	 0
1787307127431 	 15 	 200 	 792 	 1
1787307127435 	 12 	 200 	 792 	 0
1787307127449 	 14 	 200 	 793 	 0
1787307127605 	 14 	 200 	 795 	 1
1787307127608 	 13 	 200 	 795 	 0
1787307127623 	 14 	 200 	 796 	 0
1787307127662 	 13 	 200 	 797 	 0
1787307127723 	 18 	 200 	 798 	 0
1787307127757 	 24 	 200 	 799 	 0
1787307127826 	 37 	 200 	 800 	 0
1787307127908 	 13 	 200 	 801 	 0
1787307127955 	 12 	 200 	 803 	 1
1787307127955 	 14 	 200 	 803 	 0
1787307127994 	 14 	 200 	 805 	 1
1787307128001 	 12 	 200 	 805 	 0
1787307128026 	 13 	 200 	 806 	 0
1787307128061 	 34 	 200 	 808 	 1
1787307128082 	 27 	 200 	 808 	 0
1787307128112 	 14 	 200 	 809 	 0
1787307128168 	 12 	 200 	 810 	 0
1787307128241 	 20 	 200 	 811 	 0
1787307128362 	 14 	 200 	 812 	 0
1787307128412 	 21 	 200 	 813 	 0
1787307128437 	 16 	 200 	 817 	 3
1787307128450 	 15 	 200 	 817 	 2
1787307128448 	 20 	 200 	 817 	 1
1787307128442 	 41 	 200 	 817 	 0
1787307128513 	 15 	 200 	 820 	 2
1787307128516 	 15 	 200 	 820 	 1
1787307128526 	 16 	 200 	 820 	 0
1787307128595 	 14 	 200 	 822 	 1
1787307128607 	 14 	 200 	 823 	 1
1787307128620 	 32 	 200 	 823 	 0
1787307128716 	 12 	 200 	 824 	 0
1787307128847 	 12 	 200 	 825 	 0
1787307128863 	 12 	 200 	 826 	 0
1787307128924 	 22 	 200 	 827 	 0
1787307128963 	 12 	 200 	 828 	 0
1787307129008 	 14 	 200 	 829 	 0
1787307129108 	 35 	 200 	 830 	 0
1787307129166 	 35 	 200 	 833 	 2
1787307129182 	 24 	 200 	 834 	 2
1787307129197 	 16 	 200 	 834 	 1
1787307129206 	 16 	 200 	 834 	 0
1787307129233 	 29 	 200 	 835 	 0
1787307129275 	 19 	 200 	 837 	 1
1787307129285 	 14 	 200 	 837 	 0
1787307129303 	 13 	 200 	 838 	 0
1787307129359 	 25 	 200 	 840 	 1
1787307129382 	 12 	 200 	 840 	 0
1787307129409 	 12 	 200 	 841 	 0
1787307129468 	 13 	 200 	 842 	 0
1787307129499 	 17 	 200 	 843 	 0
1787307129568 	 15 	 200 	 844 	 0
1787307129827 	 15 	 200 	 846 	 1
1787307129842 	 15 	 200 	 847 	 1
1787307129857 	 13 	 200 	 847 	 0
1787307129908 	 17 	 200 	 848 	 0
1787307129951 	 15 	 200 	 849 	 0
1787307129974 	 13 	 200 	 850 	 0
1787307130034 	 23 	 200 	 851 	 0
1787307130111 	 16 	 200 	 852 	 0
1787307130142 	 14 	 200 	 853 	 0
1787307130172 	 12 	 200 	 854 	 0
1787307130256 	 15 	 200 	 856 	 1
1787307130270 	 14 	 200 	 856 	 0
1787307130329 	 13 	 200 	 858 	 1
1787307130332 	 28 	 200 	 858 	 0
1787307130441 	 14 	 200 	 859 	 0
1787307130482 	 13 	 200 	 860 	 0
1787307130497 	 13 	 200 	 862 	 1
1787307130505 	 15 	 200 	 862 	 0
1787307130654 	 15 	 200 	 863 	 0
1787307130798 	 18 	 200 	 865 	 1
1787307130801 	 18 	 200 	 865 	 0
1787307130916 	 16 	 200 	 868 	 2
1787307130922 	 20 	 200 	 868 	 1
1787307130928 	 16 	 200 	 868 	 0
1787307130981 	 22 	 200 	 869 	 0
1787307131071 	 15 	 200 	 871 	 1
1787307131070 	 17 	 200 	 871 	 0
1787307131112 	 15 	 200 	 872 	 0
1787307131177 	 17 	 200 	 873 	 0
1787307131224 	 18 	 200 	 874 	 0
1787307131290 	 17 	 200 	 876 	 1
1787307131302 	 14 	 200 	 876 	 0
1787307131355 	 26 	 200 	 877 	 0
1787307131426 	 31 	 200 	 878 	 0
1787307131468 	 14 	 200 	 879 	 0
1787307131493 	 16 	 200 	 881 	 1
1787307131501 	 14 	 200 	 881 	 0
1787307131521 	 17 	 200 	 882 	 0
1787307131540 	 12 	 200 	 883 	 0
1787307131558 	 12 	 200 	 884 	 0
1787307131588 	 14 	 200 	 885 	 0
1787307131673 	 21 	 200 	 886 	 0
1787307131709 	 13 	 200 	 887 	 0
1787307131730 	 16 	 200 	 888 	 0
1787307131991 	 15 	 200 	 889 	 0
1787307132092 	 15 	 200 	 891 	 1
1787307132102 	 16 	 200 	 891 	 0
1787307132303 	 17 	 200 	 892 	 0
1787307132606 	 16 	 200 	 893 	 0
1787307132717 	 17 	 200 	 894 	 0
1787307132768 	 15 	 200 	 895 	 0
1787307132850 	 18 	 200 	 898 	 2
1787307132852 	 18 	 200 	 898 	 1
1787307132862 	 21 	 200 	 898 	 0
1787307132979 	 15 	 200 	 899 	 0
1787307133006 	 12 	 200 	 900 	 0
1787307133033 	 23 	 200 	 901 	 0
1787307133078 	 19 	 200 	 902 	 0
1787307133133 	 16 	 200 	 904 	 1
1787307133131 	 23 	 200 	 904 	 0
1787307133202 	 14 	 200 	 905 	 0
1787307133218 	 14 	 200 	 906 	 0
1787307133283 	 13 	 200 	 907 	 0
1787307133310 	 14 	 200 	 908 	 0
1787307133341 	 19 	 200 	 910 	 1
1787307133356 	 13 	 200 	 910 	 0
1787307133408 	 14 	 200 	 912 	 1
1787307133417 	 13 	 200 	 912 	 0
1787307133575 	 13 	 200 	 913 	 0
1787307133625 	 16 	 200 	 914 	 0
1787307133655 	 12 	 200 	 915 	 0
1787307133767 	 40 	 200 	 916 	 0
1787307133830 	 40 	 200 	 917 	 0
1787307134021 	 35 	 200 	 919 	 1
1787307134051 	 20 	 200 	 919 	 0
1787307134116 	 14 	 200 	 921 	 1
1787307134119 	 22 	 200 	 921 	 0
1787307134162 	 14 	 200 	 922 	 0
1787307134183 	 15 	 200 	 925 	 2
1787307134186 	 14 	 200 	 925 	 1
1787307134193 	 20 	 200 	 925 	 0
1787307134286 	 18 	 200 	 926 	 0
1787307134334 	 15 	 200 	 928 	 1
1787307134343 	 13 	 200 	 929 	 1
1787307134352 	 12 	 200 	 929 	 0
1787307134382 	 16 	 200 	 930 	 0
1787307134409 	 16 	 200 	 931 	 0
1787307134558 	 13 	 200 	 932 	 0
1787307134588 	 30 	 200 	 933 	 0
1787307134746 	 14 	 200 	 934 	 0
1787307134788 	 16 	 200 	 936 	 1
1787307134798 	 16 	 200 	 937 	 1
1787307134813 	 14 	 200 	 937 	 0
1787307134905 	 30 	 200 	 940 	 2
1787307134933 	 13 	 200 	 940 	 1
1787307134899 	 71 	 200 	 941 	 1
1787307134966 	 15 	 200 	 942 	 1
1787307134978 	 13 	 200 	 942 	 0
1787307135035 	 35 	 200 	 943 	 0
1787307135079 	 12 	 200 	 944 	 0
1787307135248 	 38 	 200 	 946 	 1
1787307135267 	 26 	 200 	 946 	 0
1787307135337 	 13 	 200 	 947 	 0
1787307135386 	 23 	 200 	 948 	 0
1787307135417 	 13 	 200 	 949 	 0
1787307135623 	 14 	 200 	 950 	 0
1787307135665 	 18 	 200 	 951 	 0
1787307135800 	 14 	 200 	 952 	 0
1787307135876 	 13 	 200 	 953 	 0
1787307135917 	 13 	 200 	 954 	 0
1787307135966 	 17 	 200 	 955 	 0
1787307136050 	 23 	 200 	 956 	 0
1787307136112 	 19 	 200 	 957 	 0
1787307136176 	 31 	 200 	 959 	 1
1787307136203 	 21 	 200 	 959 	 0
1787307136239 	 17 	 200 	 960 	 0
1787307136428 	 14 	 200 	 962 	 1
1787307136347 	 133 	 200 	 962 	 0
1787307136629 	 15 	 200 	 964 	 1
1787307136632 	 15 	 200 	 964 	 0
1787307136684 	 14 	 200 	 965 	 0
1787307136715 	 17 	 200 	 967 	 1
1787307136722 	 18 	 200 	 967 	 0
1787307136763 	 14 	 200 	 968 	 0
1787307136840 	 37 	 200 	 969 	 0
1787307136921 	 35 	 200 	 970 	 0
1787307137017 	 32 	 200 	 971 	 0
1787307137137 	 32 	 200 	 972 	 0
1787307137201 	 36 	 200 	 974 	 1
1787307137222 	 37 	 200 	 975 	 1
1787307137255 	 17 	 200 	 977 	 2
1787307137262 	 13 	 200 	 977 	 1
1787307137269 	 12 	 200 	 977 	 0
1787307137292 	 15 	 200 	 978 	 0
1787307137363 	 31 	 200 	 979 	 0
1787307137404 	 17 	 200 	 980 	 0
1787307137577 	 13 	 200 	 981 	 0
1787307137593 	 13 	 200 	 982 	 0
1787307137641 	 16 	 200 	 983 	 0
1787307137676 	 34 	 200 	 984 	 0
1787307137727 	 12 	 200 	 985 	 0
1787307137762 	 14 	 200 	 986 	 0
1787307137793 	 14 	 200 	 987 	 0
1787307138049 	 40 	 200 	 989 	 1
1787307138084 	 24 	 200 	 990 	 1
1787307138093 	 22 	 200 	 990 	 0
1787307138122 	 11 	 200 	 991 	 0
1787307138168 	 27 	 200 	 992 	 0
1787307138302 	 42 	 200 	 993 	 0
1787307138356 	 16 	 200 	 994 	 0
1787307138389 	 17 	 200 	 995 	 0
1787307138485 	 13 	 200 	 997 	 1
1787307138486 	 16 	 200 	 997 	 0
1787307138509 	 14 	 200 	 998 	 0
1787307138531 	 13 	 200 	 999 	 0
1787307138630 	 13 	 200 	 1001 	 1
1787307138638 	 15 	 200 	 1001 	 0
1787307138765 	 16 	 200 	 1002 	 0
1787307138808 	 18 	 200 	 1003 	 0
1787307138845 	 16 	 200 	 1004 	 0
1787307138914 	 36 	 200 	 1005 	 0
1787307139005 	 14 	 200 	 1006 	 0
1787307139032 	 12 	 200 	 1007 	 0
1787307139071 	 14 	 200 	 1009 	 1
1787307139077 	 29 	 200 	 1010 	 1
1787307139099 	 13 	 200 	 1010 	 0
1787307139129 	 12 	 200 	 1011 	 0
1787307139221 	 32 	 200 	 1014 	 2
1787307139223 	 30 	 200 	 1014 	 1
1787307139249 	 15 	 200 	 1015 	 1
1787307139255 	 14 	 200 	 1015 	 0
1787307139327 	 35 	 200 	 1018 	 2
1787307139338 	 25 	 200 	 1018 	 1
1787307139333 	 39 	 200 	 1018 	 0
1787307139378 	 12 	 200 	 1019 	 0
1787307139424 	 17 	 200 	 1022 	 2
1787307139428 	 16 	 200 	 1022 	 1
1787307139430 	 17 	 200 	 1022 	 0
1787307139449 	 12 	 200 	 1023 	 0
1787307139567 	 22 	 200 	 1024 	 0
1787307139598 	 12 	 200 	 1025 	 0
1787307139649 	 12 	 200 	 1026 	 0
1787307139681 	 13 	 200 	 1027 	 0
1787307139731 	 14 	 200 	 1028 	 0
1787307139762 	 12 	 200 	 1029 	 0
1787307139843 	 16 	 200 	 1030 	 0
1787307139927 	 15 	 200 	 1031 	 0
1787307140018 	 39 	 200 	 1032 	 0
1787307140084 	 15 	 200 	 1033 	 0
1787307140172 	 15 	 200 	 1035 	 1
1787307140183 	 17 	 200 	 1035 	 0
1787307140241 	 23 	 200 	 1036 	 0
1787307140287 	 15 	 200 	 1037 	 0
1787307140309 	 15 	 200 	 1039 	 1
1787307140321 	 13 	 200 	 1040 	 1
1787307140326 	 15 	 200 	 1040 	 0
1787307140359 	 15 	 200 	 1041 	 0
1787307140380 	 15 	 200 	 1042 	 0
1787307140450 	 17 	 200 	 1043 	 0
1787307140564 	 13 	 200 	 1044 	 0
1787307140583 	 25 	 200 	 1045 	 0
1787307140658 	 16 	 200 	 1046 	 0
1787307140699 	 19 	 200 	 1050 	 3
1787307140712 	 16 	 200 	 1050 	 2
1787307140716 	 14 	 200 	 1050 	 1
1787307140717 	 22 	 200 	 1050 	 0
1787307140785 	 16 	 200 	 1052 	 1
1787307140800 	 17 	 200 	 1053 	 1
1787307140817 	 12 	 200 	 1053 	 0
1787307140850 	 14 	 200 	 1055 	 1
1787307140859 	 13 	 200 	 1055 	 0
1787307140880 	 12 	 200 	 1056 	 0
1787307141032 	 13 	 200 	 1058 	 1
1787307141034 	 16 	 200 	 1058 	 0
1787307141156 	 15 	 200 	 1059 	 0
1787307141216 	 39 	 200 	 1060 	 0
1787307141313 	 14 	 200 	 1061 	 0
1787307141355 	 16 	 200 	 1062 	 0
1787307141411 	 14 	 200 	 1063 	 0
1787307141724 	 16 	 200 	 1064 	 0
1787307141797 	 15 	 200 	 1065 	 0
1787307141860 	 28 	 200 	 1068 	 2
1787307141869 	 23 	 200 	 1068 	 1
1787307141864 	 44 	 200 	 1069 	 1
1787307141899 	 13 	 200 	 1069 	 0
1787307141914 	 18 	 200 	 1071 	 1
1787307141928 	 17 	 200 	 1073 	 2
1787307141942 	 14 	 200 	 1073 	 1
1787307141943 	 18 	 200 	 1073 	 0
1787307142009 	 15 	 200 	 1074 	 0
1787307142059 	 16 	 200 	 1075 	 0
1787307142082 	 15 	 200 	 1076 	 0
1787307142131 	 12 	 200 	 1077 	 0
1787307142148 	 11 	 200 	 1078 	 0
1787307142205 	 15 	 200 	 1079 	 0
1787307142266 	 14 	 200 	 1080 	 0
1787307142301 	 13 	 200 	 1081 	 0
1787307142403 	 30 	 200 	 1082 	 0
1787307142536 	 15 	 200 	 1083 	 0
1787307142581 	 13 	 200 	 1084 	 0
1787307142717 	 20 	 200 	 1086 	 1
1787307142720 	 19 	 200 	 1086 	 0
1787307142766 	 19 	 200 	 1087 	 0
1787307142882 	 14 	 200 	 1088 	 0
1787307142910 	 13 	 200 	 1090 	 1
1787307142914 	 16 	 200 	 1091 	 1
1787307142926 	 15 	 200 	 1091 	 0
1787307142957 	 13 	 200 	 1092 	 0
1787307143006 	 17 	 200 	 1093 	 0
1787307143037 	 26 	 200 	 1096 	 2
1787307143042 	 22 	 200 	 1096 	 1
1787307143056 	 16 	 200 	 1096 	 0
1787307143075 	 13 	 200 	 1097 	 0
1787307143295 	 20 	 200 	 1098 	 0
1787307143325 	 15 	 200 	 1099 	 0
1787307143368 	 17 	 200 	 1101 	 1
1787307143370 	 16 	 200 	 1101 	 0
1787307143397 	 13 	 200 	 1102 	 0
1787307143457 	 14 	 200 	 1103 	 0
1787307143579 	 16 	 200 	 1105 	 1
1787307143591 	 18 	 200 	 1105 	 0
1787307143611 	 14 	 200 	 1107 	 1
1787307143613 	 15 	 200 	 1107 	 0
1787307143670 	 18 	 200 	 1108 	 0
1787307143737 	 14 	 200 	 1109 	 0
1787307143781 	 14 	 200 	 1110 	 0
1787307143864 	 23 	 200 	 1112 	 1
1787307143890 	 15 	 200 	 1114 	 2
1787307143878 	 29 	 200 	 1114 	 1
1787307143896 	 15 	 200 	 1114 	 0
1787307143928 	 12 	 200 	 1116 	 1
1787307143936 	 12 	 200 	 1117 	 1
1787307143943 	 18 	 200 	 1119 	 2
1787307143953 	 14 	 200 	 1119 	 1
1787307143973 	 15 	 200 	 1120 	 1
1787307143962 	 35 	 200 	 1120 	 0
1787307144009 	 12 	 200 	 1121 	 0
1787307144175 	 35 	 200 	 1122 	 0
1787307144213 	 34 	 200 	 1124 	 1
1787307144236 	 17 	 200 	 1124 	 0
1787307144258 	 13 	 200 	 1125 	 0
1787307144284 	 15 	 200 	 1126 	 0
1787307144323 	 14 	 200 	 1127 	 0
1787307144345 	 13 	 200 	 1128 	 0
1787307144370 	 16 	 200 	 1129 	 0
1787307144460 	 12 	 200 	 1130 	 0
1787307144524 	 18 	 200 	 1133 	 2
1787307144533 	 20 	 200 	 1133 	 1
1787307144537 	 18 	 200 	 1133 	 0
1787307144632 	 13 	 200 	 1134 	 0
1787307144674 	 13 	 200 	 1135 	 0
1787307144726 	 16 	 200 	 1136 	 0
1787307144752 	 12 	 200 	 1137 	 0
1787307144794 	 13 	 200 	 1138 	 0
1787307144864 	 26 	 200 	 1140 	 1
1787307144876 	 17 	 200 	 1140 	 0
1787307144982 	 17 	 200 	 1142 	 1
1787307144985 	 15 	 200 	 1142 	 0
1787307145026 	 12 	 200 	 1143 	 0
1787307145054 	 23 	 200 	 1144 	 0
1787307145139 	 33 	 200 	 1145 	 0
1787307145186 	 17 	 200 	 1148 	 2
1787307145196 	 15 	 200 	 1148 	 1
1787307145199 	 13 	 200 	 1148 	 0
1787307145246 	 33 	 200 	 1152 	 3
1787307145266 	 31 	 200 	 1152 	 2
1787307145272 	 26 	 200 	 1152 	 1
1787307145277 	 23 	 200 	 1152 	 0
1787307145344 	 15 	 200 	 1153 	 0
1787307145501 	 14 	 200 	 1155 	 1
1787307145511 	 13 	 200 	 1155 	 0
1787307145535 	 18 	 200 	 1156 	 0
1787307145598 	 16 	 200 	 1157 	 0
1787307145619 	 14 	 200 	 1158 	 0
1787307145694 	 13 	 200 	 1159 	 0
1787307145824 	 22 	 200 	 1161 	 1
1787307145839 	 12 	 200 	 1161 	 0
1787307145900 	 15 	 200 	 1162 	 0
1787307145990 	 14 	 200 	 1163 	 0
1787307146011 	 14 	 200 	 1164 	 0
1787307146040 	 31 	 200 	 1165 	 0
1787307146081 	 13 	 200 	 1166 	 0
1787307146137 	 36 	 200 	 1167 	 0
1787307146187 	 17 	 200 	 1168 	 1
1787307146206 	 20 	 200 	 1169 	 0
1787307146289 	 13 	 200 	 1170 	 0
1787307146358 	 13 	 200 	 1171 	 0
1787307146418 	 35 	 200 	 1173 	 1
1787307146434 	 25 	 200 	 1173 	 0
1787307146588 	 16 	 200 	 1174 	 0
1787307146674 	 16 	 200 	 1175 	 0
1787307146705 	 18 	 200 	 1176 	 0
1787307146861 	 15 	 200 	 1177 	 0
1787307146880 	 12 	 200 	 1178 	 0
1787307146929 	 37 	 200 	 1179 	 0
1787307147001 	 26 	 200 	 1181 	 1
1787307146996 	 32 	 200 	 1181 	 0
1787307147060 	 24 	 200 	 1183 	 1
1787307147080 	 14 	 200 	 1183 	 0
1787307147118 	 32 	 200 	 1185 	 1
1787307147138 	 34 	 200 	 1185 	 0
1787307147224 	 43 	 200 	 1186 	 0
1787307147352 	 40 	 200 	 1188 	 1
1787307147362 	 33 	 200 	 1188 	 0
1787307147471 	 17 	 200 	 1190 	 1
1787307147478 	 23 	 200 	 1192 	 2
1787307147496 	 17 	 200 	 1192 	 1
1787307147496 	 19 	 200 	 1192 	 0
1787307147532 	 15 	 200 	 1193 	 0
1787307147604 	 15 	 200 	 1194 	 0
1787307147624 	 15 	 200 	 1195 	 0
1787307147647 	 12 	 200 	 1196 	 0
1787307147692 	 15 	 200 	 1198 	 1
1787307147749 	 23 	 200 	 1201 	 3
1787307147766 	 20 	 200 	 1201 	 2
1787307147817 	 14 	 200 	 1203 	 3
1787307147739 	 93 	 200 	 1203 	 2
1787307147823 	 47 	 200 	 1203 	 1
1787307147997 	 13 	 200 	 1204 	 1
1787307148016 	 12 	 200 	 1205 	 1
1787307148046 	 26 	 200 	 1207 	 2
1787307148052 	 23 	 200 	 1207 	 1
1787307147666 	 415 	 200 	 1207 	 0
1787307148222 	 26 	 200 	 1208 	 0
1787307148252 	 15 	 200 	 1210 	 1
1787307148265 	 13 	 200 	 1210 	 0
1787307148290 	 12 	 200 	 1211 	 0
1787307148354 	 19 	 200 	 1212 	 0
1787307148379 	 12 	 200 	 1213 	 0
1787307148440 	 19 	 200 	 1215 	 1
1787307148444 	 16 	 200 	 1215 	 0
1787307148499 	 14 	 200 	 1216 	 0
1787307148536 	 13 	 200 	 1218 	 1
1787307148549 	 12 	 200 	 1218 	 0
1787307148567 	 18 	 200 	 1219 	 0
1787307148607 	 18 	 200 	 1220 	 0
1787307148711 	 14 	 200 	 1223 	 2
1787307148694 	 34 	 200 	 1223 	 1
1787307148708 	 29 	 200 	 1224 	 1
1787307148739 	 15 	 200 	 1224 	 0
1787307148858 	 36 	 200 	 1225 	 0
1787307148931 	 30 	 200 	 1228 	 2
1787307148941 	 36 	 200 	 1228 	 1
1787307148959 	 20 	 200 	 1228 	 0
1787307149024 	 36 	 200 	 1230 	 1
1787307149030 	 34 	 200 	 1230 	 0
1787307149113 	 12 	 200 	 1232 	 1
1787307149114 	 54 	 200 	 1233 	 1
1787307149146 	 25 	 200 	 1233 	 0
1787307149198 	 13 	 200 	 1235 	 1
1787307149202 	 12 	 200 	 1235 	 0
1787307149261 	 14 	 200 	 1236 	 0
1787307149286 	 16 	 200 	 1237 	 0
1787307149319 	 14 	 200 	 1238 	 0
1787307149439 	 23 	 200 	 1239 	 0
1787307149535 	 13 	 200 	 1240 	 0
1787307149651 	 14 	 200 	 1241 	 0
1787307149677 	 14 	 200 	 1242 	 0
1787307149760 	 19 	 200 	 1243 	 0
1787307149871 	 14 	 200 	 1244 	 0
1787307149902 	 16 	 200 	 1245 	 0
1787307149922 	 12 	 200 	 1246 	 0
1787307150016 	 38 	 200 	 1248 	 1
1787307150053 	 30 	 200 	 1248 	 0
1787307150122 	 15 	 200 	 1250 	 1
1787307150135 	 13 	 200 	 1250 	 0
1787307150163 	 13 	 200 	 1251 	 0
1787307150198 	 12 	 200 	 1252 	 0
1787307150279 	 20 	 200 	 1253 	 0
1787307150315 	 14 	 200 	 1254 	 0
1787307150405 	 40 	 200 	 1256 	 1
1787307150402 	 44 	 200 	 1256 	 0
1787307150458 	 18 	 200 	 1260 	 3
1787307150460 	 17 	 200 	 1260 	 2
1787307150461 	 17 	 200 	 1260 	 1
1787307150462 	 21 	 200 	 1260 	 0
1787307150508 	 16 	 200 	 1261 	 0
1787307150557 	 33 	 200 	 1263 	 1
1787307150587 	 18 	 200 	 1263 	 0
1787307150621 	 14 	 200 	 1264 	 0
1787307150786 	 18 	 200 	 1265 	 0
1787307150897 	 15 	 200 	 1266 	 0
1787307150922 	 16 	 200 	 1267 	 0
1787307150955 	 12 	 200 	 1268 	 0
1787307151013 	 15 	 200 	 1269 	 0
1787307151041 	 12 	 200 	 1270 	 0
1787307151071 	 16 	 200 	 1272 	 1
1787307151073 	 16 	 200 	 1272 	 0
1787307151166 	 13 	 200 	 1273 	 0
1787307151310 	 14 	 200 	 1274 	 0
1787307151334 	 12 	 200 	 1275 	 0
1787307151429 	 14 	 200 	 1277 	 1
1787307151438 	 14 	 200 	 1277 	 0
1787307151521 	 15 	 200 	 1279 	 1
1787307151532 	 16 	 200 	 1279 	 0
1787307151633 	 26 	 200 	 1280 	 0
1787307151667 	 13 	 200 	 1281 	 0
1787307151688 	 18 	 200 	 1284 	 2
1787307151699 	 14 	 200 	 1284 	 1
1787307151690 	 39 	 200 	 1284 	 0
1787307151791 	 16 	 200 	 1285 	 0
1787307151907 	 33 	 200 	 1286 	 0
1787307152028 	 43 	 200 	 1287 	 0
1787307152085 	 14 	 200 	 1288 	 0
1787307152105 	 14 	 200 	 1289 	 0
1787307152165 	 14 	 200 	 1291 	 1
1787307152175 	 13 	 200 	 1291 	 0
1787307152391 	 16 	 200 	 1292 	 0
1787307152415 	 13 	 200 	 1294 	 1
1787307152421 	 42 	 200 	 1294 	 0
1787307152487 	 14 	 200 	 1295 	 0
1787307152531 	 15 	 200 	 1296 	 0
1787307152594 	 17 	 200 	 1297 	 0
1787307152635 	 14 	 200 	 1298 	 0
1787307152659 	 13 	 200 	 1299 	 0
1787307152787 	 17 	 200 	 1300 	 0
1787307152807 	 12 	 200 	 1301 	 0
1787307152835 	 17 	 200 	 1303 	 1
1787307152847 	 12 	 200 	 1303 	 0
1787307152935 	 30 	 200 	 1305 	 1
1787307152948 	 30 	 200 	 1305 	 0
1787307153053 	 30 	 200 	 1306 	 0
1787307153125 	 24 	 200 	 1309 	 2
1787307153140 	 15 	 200 	 1309 	 1
1787307153146 	 19 	 200 	 1309 	 0
1787307153212 	 15 	 200 	 1310 	 0
1787307153324 	 15 	 200 	 1311 	 0
1787307153383 	 15 	 200 	 1312 	 0
1787307153416 	 14 	 200 	 1313 	 0
1787307153466 	 15 	 200 	 1314 	 0
1787307153516 	 14 	 200 	 1316 	 1
1787307153522 	 14 	 200 	 1317 	 1
1787307153537 	 13 	 200 	 1317 	 0
1787307153597 	 13 	 200 	 1318 	 0
1787307153664 	 18 	 200 	 1319 	 0
1787307153741 	 16 	 200 	 1320 	 0
1787307153803 	 13 	 200 	 1321 	 0
1787307153832 	 15 	 200 	 1322 	 0
1787307153868 	 21 	 200 	 1323 	 0
1787307153894 	 15 	 200 	 1324 	 0
1787307153994 	 15 	 200 	 1326 	 1
1787307154001 	 13 	 200 	 1326 	 0
1787307154190 	 25 	 200 	 1327 	 0
1787307154252 	 12 	 200 	 1329 	 1
1787307154251 	 15 	 200 	 1329 	 0
1787307154333 	 14 	 200 	 1330 	 0
1787307154387 	 13 	 200 	 1331 	 0
1787307154413 	 14 	 200 	 1333 	 1
1787307154424 	 17 	 200 	 1333 	 0
1787307154568 	 33 	 200 	 1334 	 0
1787307154741 	 17 	 200 	 1336 	 1
1787307154742 	 17 	 200 	 1336 	 0
1787307154762 	 20 	 200 	 1337 	 0
1787307154843 	 16 	 200 	 1338 	 0
1787307154980 	 20 	 200 	 1339 	 0
1787307155063 	 31 	 200 	 1340 	 0
1787307155120 	 18 	 200 	 1341 	 0
1787307155189 	 14 	 200 	 1342 	 0
1787307155321 	 18 	 200 	 1343 	 0
1787307155351 	 13 	 200 	 1344 	 0
1787307155614 	 23 	 200 	 1346 	 1
1787307155638 	 12 	 200 	 1346 	 0
1787307155671 	 14 	 200 	 1347 	 0
1787307155764 	 35 	 200 	 1350 	 2
1787307155779 	 27 	 200 	 1350 	 1
1787307155781 	 27 	 200 	 1350 	 0
1787307155816 	 13 	 200 	 1351 	 0
1787307155899 	 34 	 200 	 1352 	 0
1787307155954 	 32 	 200 	 1354 	 1
1787307155960 	 29 	 200 	 1354 	 0
1787307156051 	 14 	 200 	 1355 	 0
1787307156346 	 22 	 200 	 1357 	 1
1787307156350 	 17 	 200 	 1357 	 0
1787307156425 	 22 	 200 	 1358 	 0
1787307156472 	 13 	 200 	 1359 	 0
1787307156530 	 12 	 200 	 1360 	 0
1787307156714 	 16 	 200 	 1361 	 0
1787307156846 	 27 	 200 	 1362 	 0
1787307156887 	 13 	 200 	 1364 	 1
1787307156897 	 16 	 200 	 1365 	 1
1787307156903 	 16 	 200 	 1366 	 1
1787307156917 	 16 	 200 	 1366 	 0
1787307156958 	 12 	 200 	 1367 	 0
1787307156984 	 16 	 200 	 1368 	 0
1787307157029 	 31 	 200 	 1369 	 0
1787307157080 	 21 	 200 	 1370 	 0
1787307157169 	 14 	 200 	 1372 	 1
1787307157171 	 13 	 200 	 1372 	 0
1787307157238 	 17 	 200 	 1373 	 0
1787307157266 	 12 	 200 	 1374 	 0
1787307157328 	 12 	 200 	 1375 	 0
1787307157431 	 18 	 200 	 1377 	 1
1787307157450 	 14 	 200 	 1378 	 1
1787307157457 	 14 	 200 	 1378 	 0
1787307157527 	 13 	 200 	 1379 	 0
1787307157598 	 35 	 200 	 1380 	 0
1787307157647 	 30 	 200 	 1382 	 1
1787307157669 	 20 	 200 	 1382 	 0
1787307157736 	 34 	 200 	 1384 	 1
1787307157755 	 24 	 200 	 1384 	 0
1787307157859 	 15 	 200 	 1385 	 0
1787307157942 	 31 	 200 	 1387 	 1
1787307157969 	 22 	 200 	 1387 	 0
1787307158034 	 38 	 200 	 1390 	 2
1787307158054 	 24 	 200 	 1390 	 1
1787307158071 	 13 	 200 	 1390 	 0
1787307158087 	 19 	 200 	 1393 	 2
1787307158097 	 16 	 200 	 1393 	 1
1787307158087 	 26 	 200 	 1393 	 0
1787307158260 	 13 	 200 	 1394 	 0
1787307158295 	 16 	 200 	 1396 	 1
1787307158298 	 14 	 200 	 1396 	 0
1787307158341 	 35 	 200 	 1397 	 0
1787307158410 	 15 	 200 	 1398 	 0
1787307158449 	 16 	 200 	 1399 	 0
1787307158476 	 14 	 200 	 1400 	 0
1787307158513 	 19 	 200 	 1402 	 1
1787307158530 	 13 	 200 	 1402 	 0
1787307158557 	 16 	 200 	 1404 	 1
1787307158556 	 18 	 200 	 1404 	 0
1787307158594 	 13 	 200 	 1405 	 0
1787307158653 	 38 	 200 	 1406 	 0
1787307158738 	 36 	 200 	 1409 	 2
1787307158755 	 28 	 200 	 1409 	 1
1787307158765 	 25 	 200 	 1409 	 0
1787307158808 	 16 	 200 	 1410 	 0
1787307158887 	 33 	 200 	 1411 	 0
1787307158942 	 17 	 200 	 1413 	 1
1787307158951 	 14 	 200 	 1413 	 0
1787307159042 	 31 	 200 	 1414 	 0
1787307159097 	 13 	 200 	 1415 	 0
1787307159122 	 14 	 200 	 1416 	 0
1787307159158 	 12 	 200 	 1417 	 0
1787307159233 	 36 	 200 	 1419 	 1
1787307159257 	 19 	 200 	 1419 	 0
1787307159313 	 24 	 200 	 1420 	 0
1787307159342 	 16 	 200 	 1422 	 1
1787307159342 	 17 	 200 	 1422 	 0
1787307159509 	 14 	 200 	 1423 	 0
1787307159529 	 13 	 200 	 1424 	 0
1787307159564 	 13 	 200 	 1425 	 0
1787307159626 	 14 	 200 	 1427 	 1
1787307159635 	 16 	 200 	 1427 	 0
1787307159653 	 15 	 200 	 1428 	 0
1787307159745 	 13 	 200 	 1429 	 0
1787307159770 	 15 	 200 	 1430 	 0
1787307159837 	 15 	 200 	 1431 	 0
1787307159868 	 16 	 200 	 1432 	 0
1787307160001 	 19 	 200 	 1434 	 1
1787307160017 	 13 	 200 	 1434 	 0
1787307160101 	 17 	 200 	 1435 	 0
1787307160199 	 20 	 200 	 1436 	 0
1787307160341 	 15 	 200 	 1437 	 0
1787307160503 	 22 	 200 	 1439 	 1
1787307160525 	 14 	 200 	 1439 	 0
1787307160636 	 15 	 200 	 1441 	 1
1787307160603 	 89 	 200 	 1442 	 1
1787307160690 	 26 	 200 	 1443 	 1
1787307160710 	 27 	 200 	 1445 	 2
1787307160719 	 22 	 200 	 1445 	 1
1787307160733 	 14 	 200 	 1445 	 0
1787307160753 	 15 	 200 	 1446 	 0
1787307160801 	 14 	 200 	 1447 	 0
1787307160929 	 33 	 200 	 1448 	 0
1787307160979 	 34 	 200 	 1449 	 0
1787307161023 	 32 	 200 	 1450 	 0
1787307161226 	 14 	 200 	 1451 	 0
1787307161322 	 15 	 200 	 1452 	 0
1787307161340 	 16 	 200 	 1453 	 0
1787307161429 	 12 	 200 	 1455 	 1
1787307161442 	 14 	 200 	 1456 	 1
1787307161447 	 16 	 200 	 1456 	 0
1787307161466 	 12 	 200 	 1457 	 0
1787307161548 	 16 	 200 	 1459 	 1
1787307161557 	 14 	 200 	 1459 	 0
1787307161656 	 14 	 200 	 1460 	 0
1787307161680 	 13 	 200 	 1461 	 0
1787307161781 	 19 	 200 	 1462 	 0
1787307161841 	 32 	 200 	 1463 	 0
1787307161911 	 16 	 200 	 1464 	 0
1787307161980 	 13 	 200 	 1465 	 0
1787307162040 	 33 	 200 	 1466 	 0
1787307162135 	 12 	 200 	 1467 	 0
1787307162182 	 18 	 200 	 1468 	 0
1787307162210 	 43 	 200 	 1469 	 0
1787307162290 	 32 	 200 	 1470 	 0
1787307162555 	 18 	 200 	 1471 	 0
1787307162686 	 13 	 200 	 1472 	 0
1787307162785 	 22 	 200 	 1474 	 1
1787307162809 	 13 	 200 	 1474 	 0
1787307162827 	 13 	 200 	 1475 	 0
1787307162900 	 16 	 200 	 1476 	 0
1787307162973 	 19 	 200 	 1477 	 0
1787307163074 	 33 	 200 	 1478 	 0
1787307163141 	 35 	 200 	 1479 	 0
1787307163180 	 12 	 200 	 1480 	 0
1787307163250 	 14 	 200 	 1481 	 0
1787307163266 	 15 	 200 	 1482 	 0
1787307163296 	 12 	 200 	 1483 	 0
1787307163403 	 16 	 200 	 1484 	 0
1787307163458 	 13 	 200 	 1485 	 0
1787307163591 	 23 	 200 	 1486 	 0
1787307163630 	 12 	 200 	 1487 	 0
1787307163710 	 15 	 200 	 1488 	 0
1787307163730 	 19 	 200 	 1489 	 0
1787307163934 	 30 	 200 	 1490 	 0
1787307164003 	 13 	 200 	 1491 	 0
1787307164053 	 13 	 200 	 1493 	 1
1787307164051 	 16 	 200 	 1493 	 0
1787307164154 	 30 	 200 	 1495 	 1
1787307164191 	 13 	 200 	 1496 	 1
1787307164169 	 39 	 200 	 1496 	 0
1787307164216 	 16 	 200 	 1499 	 2
1787307164223 	 13 	 200 	 1499 	 1
1787307164227 	 17 	 200 	 1499 	 0
1787307164260 	 15 	 200 	 1500 	 0
1787307164308 	 14 	 200 	 1501 	 0
1787307164399 	 17 	 200 	 1502 	 0
1787307164422 	 13 	 200 	 1503 	 0
1787307164443 	 14 	 200 	 1504 	 0
1787307164483 	 29 	 200 	 1507 	 2
1787307164501 	 16 	 200 	 1507 	 1
1787307164503 	 23 	 200 	 1508 	 1
1787307164526 	 15 	 200 	 1508 	 0
1787307164831 	 28 	 200 	 1510 	 1
1787307164842 	 24 	 200 	 1510 	 0
1787307164912 	 15 	 200 	 1513 	 2
1787307164919 	 14 	 200 	 1513 	 1
1787307164914 	 22 	 200 	 1513 	 0
1787307165042 	 33 	 200 	 1514 	 0
1787307165086 	 19 	 200 	 1515 	 0
1787307165145 	 13 	 200 	 1516 	 0
1787307165179 	 12 	 200 	 1518 	 1
1787307165190 	 14 	 200 	 1518 	 0
1787307165233 	 19 	 200 	 1520 	 1
1787307165232 	 24 	 200 	 1520 	 0
1787307165265 	 14 	 200 	 1522 	 1
1787307165269 	 13 	 200 	 1522 	 0
1787307165379 	 16 	 200 	 1523 	 0
1787307165476 	 14 	 200 	 1525 	 1
1787307165469 	 20 	 200 	 1525 	 0
1787307165492 	 13 	 200 	 1527 	 1
1787307165495 	 12 	 200 	 1527 	 0
1787307165663 	 14 	 200 	 1528 	 0
1787307165710 	 14 	 200 	 1530 	 1
1787307165707 	 16 	 200 	 1530 	 0
1787307165883 	 21 	 200 	 1531 	 0
1787307166012 	 14 	 200 	 1533 	 1
1787307166017 	 14 	 200 	 1533 	 0
1787307166071 	 13 	 200 	 1535 	 1
1787307166083 	 12 	 200 	 1535 	 0
1787307166139 	 14 	 200 	 1536 	 0
1787307166207 	 17 	 200 	 1537 	 0
1787307166362 	 17 	 200 	 1538 	 0
1787307166442 	 21 	 200 	 1539 	 0
1787307166613 	 16 	 200 	 1541 	 1
1787307166630 	 13 	 200 	 1541 	 0
1787307166766 	 13 	 200 	 1542 	 0
1787307166863 	 13 	 200 	 1543 	 0
1787307167001 	 29 	 200 	 1544 	 0
1787307167036 	 30 	 200 	 1545 	 0
1787307167522 	 14 	 200 	 1546 	 0
1787307167608 	 23 	 200 	 1547 	 0
1787307167642 	 13 	 200 	 1549 	 1
1787307167640 	 52 	 200 	 1549 	 0
1787307167708 	 18 	 200 	 1550 	 0
1787307167766 	 33 	 200 	 1551 	 0
1787307167939 	 34 	 200 	 1552 	 0
1787307167988 	 13 	 200 	 1553 	 0
1787307168017 	 13 	 200 	 1554 	 0
1787307168235 	 38 	 200 	 1555 	 0
1787307168297 	 13 	 200 	 1556 	 0
1787307168320 	 17 	 200 	 1559 	 2
1787307168325 	 16 	 200 	 1559 	 1
1787307168324 	 23 	 200 	 1559 	 0
1787307168392 	 22 	 200 	 1562 	 2
1787307168412 	 17 	 200 	 1562 	 1
1787307168413 	 17 	 200 	 1562 	 0
1787307168474 	 27 	 200 	 1564 	 1
1787307168469 	 33 	 200 	 1564 	 0
1787307168513 	 14 	 200 	 1565 	 0
1787307168566 	 16 	 200 	 1566 	 0
1787307168605 	 16 	 200 	 1569 	 2
1787307168612 	 18 	 200 	 1569 	 1
1787307168614 	 16 	 200 	 1569 	 0
1787307168719 	 12 	 200 	 1570 	 0
1787307168753 	 12 	 200 	 1571 	 0
1787307168790 	 13 	 200 	 1572 	 0
1787307168826 	 14 	 200 	 1575 	 2
1787307168836 	 13 	 200 	 1575 	 1
1787307168834 	 16 	 200 	 1575 	 0
1787307168955 	 13 	 200 	 1576 	 0
1787307168993 	 13 	 200 	 1577 	 0
1787307169008 	 14 	 200 	 1578 	 0
1787307169135 	 38 	 200 	 1579 	 0
1787307169214 	 17 	 200 	 1580 	 0
1787307169307 	 21 	 200 	 1581 	 0
1787307169330 	 13 	 200 	 1583 	 1
1787307169338 	 14 	 200 	 1583 	 0
1787307169427 	 29 	 200 	 1584 	 0
1787307169527 	 16 	 200 	 1585 	 0
1787307169821 	 16 	 200 	 1586 	 0
1787307169990 	 14 	 200 	 1589 	 3
1787307169978 	 32 	 200 	 1590 	 2
1787307169988 	 22 	 200 	 1590 	 1
1787307170005 	 13 	 200 	 1590 	 0
1787307170076 	 31 	 200 	 1592 	 1
1787307170083 	 25 	 200 	 1592 	 0
1787307170155 	 32 	 200 	 1593 	 0
1787307170230 	 38 	 200 	 1594 	 0
1787307170269 	 22 	 200 	 1595 	 0
1787307170501 	 20 	 200 	 1596 	 0
1787307170597 	 22 	 200 	 1597 	 0
1787307170708 	 15 	 200 	 1598 	 0
1787307170730 	 13 	 200 	 1600 	 1
1787307170739 	 12 	 200 	 1600 	 0
1787307170788 	 14 	 200 	 1601 	 0
1787307170810 	 13 	 200 	 1602 	 0
1787307170883 	 16 	 200 	 1603 	 0
1787307170905 	 12 	 200 	 1604 	 0
1787307170973 	 15 	 200 	 1605 	 0
1787307171081 	 24 	 200 	 1608 	 2
1787307171083 	 23 	 200 	 1608 	 1
1787307171086 	 30 	 200 	 1608 	 0
1787307171125 	 14 	 200 	 1610 	 1
1787307171140 	 12 	 200 	 1610 	 0
1787307171311 	 19 	 200 	 1611 	 0
1787307171351 	 21 	 200 	 1612 	 0
1787307171375 	 12 	 200 	 1613 	 0
1787307171475 	 33 	 200 	 1614 	 0
1787307171553 	 30 	 200 	 1616 	 1
1787307171551 	 39 	 200 	 1616 	 0
1787307171606 	 12 	 200 	 1618 	 1
1787307171610 	 16 	 200 	 1618 	 0
1787307171673 	 30 	 200 	 1619 	 0
1787307171750 	 24 	 200 	 1620 	 0
1787307171782 	 13 	 200 	 1622 	 1
1787307171795 	 12 	 200 	 1622 	 0
1787307171909 	 13 	 200 	 1624 	 1
1787307171910 	 13 	 200 	 1624 	 0
1787307172049 	 36 	 200 	 1627 	 2
1787307172059 	 33 	 200 	 1627 	 1
1787307172081 	 21 	 200 	 1627 	 0
1787307172138 	 32 	 200 	 1629 	 1
1787307172166 	 17 	 200 	 1629 	 0
1787307172208 	 13 	 200 	 1632 	 2
1787307172216 	 17 	 200 	 1632 	 1
1787307172223 	 21 	 200 	 1632 	 0
1787307172320 	 18 	 200 	 1634 	 1
1787307172335 	 23 	 200 	 1634 	 0
1787307172388 	 13 	 200 	 1635 	 0
1787307172429 	 22 	 200 	 1636 	 0
1787307172473 	 14 	 200 	 1637 	 0
1787307172493 	 14 	 200 	 1638 	 0
1787307172557 	 14 	 200 	 1639 	 0
1787307172712 	 16 	 200 	 1640 	 0
1787307172750 	 13 	 200 	 1642 	 1
1787307172754 	 12 	 200 	 1642 	 0
1787307172834 	 13 	 200 	 1643 	 0
1787307172881 	 13 	 200 	 1644 	 0
1787307172935 	 24 	 200 	 1645 	 0
1787307173003 	 23 	 200 	 1646 	 0
1787307173058 	 30 	 200 	 1647 	 0
1787307173124 	 12 	 200 	 1648 	 0
1787307173176 	 14 	 200 	 1649 	 0
1787307173213 	 14 	 200 	 1650 	 0
1787307173248 	 15 	 200 	 1652 	 1
1787307173249 	 17 	 200 	 1652 	 0
1787307173267 	 17 	 200 	 1654 	 1
1787307173278 	 16 	 200 	 1654 	 0
1787307173297 	 15 	 200 	 1657 	 2
1787307173301 	 15 	 200 	 1657 	 1
1787307173312 	 14 	 200 	 1657 	 0
1787307173453 	 32 	 200 	 1658 	 0
1787307173700 	 15 	 200 	 1659 	 0
1787307173737 	 13 	 200 	 1660 	 0
1787307173796 	 16 	 200 	 1663 	 2
1787307173796 	 17 	 200 	 1663 	 1
1787307173806 	 13 	 200 	 1663 	 0
1787307173981 	 31 	 200 	 1664 	 0
1787307174037 	 12 	 200 	 1665 	 0
1787307174056 	 16 	 200 	 1668 	 2
1787307174065 	 13 	 200 	 1668 	 1
1787307174063 	 22 	 200 	 1668 	 0
1787307174169 	 26 	 200 	 1671 	 2
1787307174156 	 41 	 200 	 1671 	 1
1787307174173 	 24 	 200 	 1671 	 0
1787307174233 	 22 	 200 	 1673 	 1
1787307174228 	 32 	 200 	 1673 	 0
1787307174305 	 13 	 200 	 1674 	 0
1787307174351 	 18 	 200 	 1675 	 0
1787307174396 	 13 	 200 	 1677 	 1
1787307174403 	 15 	 200 	 1677 	 0
1787307174447 	 12 	 200 	 1678 	 0
1787307174547 	 19 	 200 	 1679 	 0
1787307174669 	 28 	 200 	 1680 	 0
1787307174741 	 14 	 200 	 1682 	 1
1787307174746 	 14 	 200 	 1683 	 1
1787307174756 	 13 	 200 	 1683 	 0
1787307174810 	 14 	 200 	 1684 	 0
1787307174917 	 19 	 200 	 1685 	 0
1787307174992 	 15 	 200 	 1687 	 1
1787307175000 	 13 	 200 	 1688 	 1
1787307175009 	 13 	 200 	 1688 	 0
1787307175040 	 12 	 200 	 1690 	 1
1787307175044 	 13 	 200 	 1690 	 0
1787307175079 	 30 	 200 	 1692 	 1
1787307175083 	 28 	 200 	 1692 	 0
1787307175114 	 42 	 200 	 1693 	 0
1787307175167 	 14 	 200 	 1695 	 1
1787307175180 	 13 	 200 	 1697 	 2
1787307175182 	 13 	 200 	 1697 	 1
1787307175190 	 15 	 200 	 1697 	 0
1787307175313 	 18 	 200 	 1698 	 0
1787307175484 	 15 	 200 	 1699 	 0
1787307175562 	 30 	 200 	 1701 	 1
1787307175589 	 15 	 200 	 1701 	 0
1787307175612 	 14 	 200 	 1702 	 1
1787307175628 	 14 	 200 	 1703 	 0
1787307175647 	 13 	 200 	 1704 	 0
1787307175731 	 13 	 200 	 1705 	 0
1787307175747 	 15 	 200 	 1706 	 0
1787307175785 	 19 	 200 	 1707 	 0
1787307175821 	 19 	 200 	 1709 	 1
1787307175841 	 31 	 200 	 1710 	 1
1787307175861 	 16 	 200 	 1710 	 0
1787307175879 	 16 	 200 	 1711 	 0
1787307175957 	 28 	 200 	 1714 	 2
1787307175951 	 36 	 200 	 1714 	 1
1787307175972 	 18 	 200 	 1714 	 0
1787307176015 	 42 	 200 	 1716 	 1
1787307176054 	 13 	 200 	 1716 	 0
1787307176082 	 13 	 200 	 1718 	 1
1787307176090 	 13 	 200 	 1719 	 1
1787307176096 	 13 	 200 	 1719 	 0
1787307176162 	 36 	 200 	 1722 	 2
1787307176170 	 30 	 200 	 1722 	 1
1787307176177 	 31 	 200 	 1722 	 0
1787307176285 	 14 	 200 	 1723 	 0
1787307176331 	 15 	 200 	 1724 	 0
1787307176351 	 13 	 200 	 1726 	 1
1787307176353 	 13 	 200 	 1726 	 0
1787307176386 	 16 	 200 	 1727 	 0
1787307176468 	 15 	 200 	 1728 	 0
1787307176550 	 18 	 200 	 1729 	 0
1787307176610 	 14 	 200 	 1730 	 0
1787307176656 	 15 	 200 	 1731 	 0
1787307176726 	 14 	 200 	 1732 	 0
1787307176948 	 34 	 200 	 1734 	 1
1787307176964 	 21 	 200 	 1734 	 0
1787307177043 	 30 	 200 	 1736 	 1
1787307177033 	 41 	 200 	 1736 	 0
1787307177078 	 14 	 200 	 1737 	 0
1787307177158 	 17 	 200 	 1738 	 0
1787307177264 	 42 	 200 	 1739 	 0
1787307177310 	 15 	 200 	 1741 	 1
1787307177314 	 22 	 200 	 1741 	 1
1787307177337 	 16 	 200 	 1742 	 0
1787307177428 	 16 	 200 	 1745 	 2
1787307177426 	 18 	 200 	 1745 	 1
1787307177441 	 19 	 200 	 1745 	 0
1787307177468 	 15 	 200 	 1746 	 0
1787307177513 	 14 	 200 	 1748 	 1
1787307177523 	 17 	 200 	 1748 	 0
1787307177560 	 12 	 200 	 1749 	 0
1787307177617 	 12 	 200 	 1750 	 0
1787307177668 	 39 	 200 	 1751 	 0
1787307177724 	 14 	 200 	 1752 	 0
1787307177753 	 13 	 200 	 1753 	 0
1787307177770 	 15 	 200 	 1755 	 1
1787307177782 	 14 	 200 	 1755 	 0
1787307177805 	 13 	 200 	 1756 	 0
1787307177850 	 34 	 200 	 1757 	 0
1787307177926 	 16 	 200 	 1758 	 0
1787307178006 	 32 	 200 	 1759 	 0
1787307178126 	 13 	 200 	 1760 	 0
1787307178155 	 14 	 200 	 1761 	 0
1787307178307 	 13 	 200 	 1762 	 0
1787307178459 	 14 	 200 	 1763 	 0
1787307178475 	 14 	 200 	 1764 	 0
1787307178578 	 14 	 200 	 1766 	 1
1787307178582 	 26 	 200 	 1766 	 0
1787307178628 	 13 	 200 	 1767 	 0
1787307178650 	 14 	 200 	 1769 	 1
1787307178664 	 13 	 200 	 1769 	 0
1787307178703 	 15 	 200 	 1770 	 0
1787307178755 	 16 	 200 	 1772 	 1
1787307178759 	 14 	 200 	 1772 	 0
1787307178799 	 14 	 200 	 1773 	 0
1787307178871 	 21 	 200 	 1775 	 1
1787307178876 	 17 	 200 	 1775 	 0
1787307179055 	 27 	 200 	 1777 	 1
1787307179045 	 41 	 200 	 1777 	 0
1787307179207 	 35 	 200 	 1780 	 2
1787307179220 	 27 	 200 	 1780 	 1
1787307179244 	 13 	 200 	 1780 	 0
1787307179408 	 15 	 200 	 1781 	 0
1787307179501 	 32 	 200 	 1784 	 2
1787307179522 	 13 	 200 	 1784 	 1
1787307179518 	 19 	 200 	 1784 	 0
1787307179549 	 13 	 200 	 1786 	 1
1787307179559 	 17 	 200 	 1787 	 1
1787307179568 	 14 	 200 	 1787 	 0
1787307179883 	 15 	 200 	 1789 	 1
1787307179962 	 15 	 200 	 1791 	 2
1787307179965 	 18 	 200 	 1791 	 1
1787307180042 	 13 	 200 	 1793 	 2
1787307180050 	 19 	 200 	 1793 	 1
1787307180146 	 23 	 200 	 1794 	 1
1787307179815 	 383 	 200 	 1795 	 1
1787307180187 	 12 	 200 	 1795 	 0
1787307180218 	 13 	 200 	 1797 	 1
1787307180227 	 13 	 200 	 1797 	 0
1787307180245 	 16 	 200 	 1799 	 1
1787307180254 	 18 	 200 	 1799 	 0
1787307180298 	 12 	 200 	 1800 	 0
1787307180369 	 30 	 200 	 1801 	 0
1787307180407 	 14 	 200 	 1802 	 0
1787307180433 	 14 	 200 	 1804 	 1
1787307180438 	 15 	 200 	 1805 	 1
1787307180452 	 14 	 200 	 1805 	 0
1787307180569 	 27 	 200 	 1807 	 1
1787307180580 	 18 	 200 	 1807 	 0
1787307180678 	 14 	 200 	 1810 	 2
1787307180691 	 14 	 200 	 1810 	 1
1787307180849 	 46 	 200 	 1811 	 1
1787307180648 	 251 	 200 	 1811 	 0
1787307181016 	 39 	 200 	 1812 	 0
1787307181079 	 13 	 200 	 1816 	 3
1787307181075 	 21 	 200 	 1816 	 2
1787307181089 	 16 	 200 	 1816 	 1
1787307181094 	 15 	 200 	 1816 	 0
1787307181152 	 30 	 200 	 1818 	 1
1787307181158 	 35 	 200 	 1819 	 1
1787307181186 	 21 	 200 	 1819 	 0
1787307181229 	 16 	 200 	 1820 	 0
1787307181352 	 30 	 200 	 1821 	 0
1787307181405 	 14 	 200 	 1822 	 0
1787307181476 	 15 	 200 	 1823 	 0
1787307181564 	 14 	 200 	 1824 	 0
1787307181580 	 77 	 200 	 1825 	 0
1787307181714 	 15 	 200 	 1826 	 0
1787307181784 	 12 	 200 	 1827 	 0
1787307181890 	 38 	 200 	 1828 	 0
1787307181988 	 29 	 200 	 1830 	 1
1787307181985 	 39 	 200 	 1830 	 0
1787307182078 	 34 	 200 	 1832 	 1
1787307182101 	 24 	 200 	 1834 	 2
1787307182118 	 22 	 200 	 1834 	 1
1787307182127 	 17 	 200 	 1834 	 0
1787307182173 	 15 	 200 	 1835 	 0
1787307182236 	 27 	 200 	 1836 	 0
1787307182313 	 16 	 200 	 1837 	 0
1787307182381 	 15 	 200 	 1838 	 0
1787307182422 	 13 	 200 	 1839 	 0
1787307182608 	 13 	 200 	 1841 	 1
1787307182587 	 143 	 200 	 1841 	 0
1787307182763 	 18 	 200 	 1842 	 0
1787307182872 	 32 	 200 	 1845 	 2
1787307182894 	 24 	 200 	 1845 	 1
1787307182901 	 21 	 200 	 1845 	 0
1787307182966 	 16 	 200 	 1847 	 1
1787307182979 	 20 	 200 	 1847 	 0
1787307183029 	 31 	 200 	 1848 	 0
1787307183105 	 23 	 200 	 1849 	 0
1787307183135 	 16 	 200 	 1850 	 0
1787307183154 	 12 	 200 	 1851 	 0
1787307183232 	 17 	 200 	 1852 	 0
1787307183307 	 14 	 200 	 1853 	 0
1787307183363 	 36 	 200 	 1854 	 0
1787307183551 	 21 	 200 	 1856 	 1
1787307183560 	 14 	 200 	 1856 	 0
1787307183599 	 13 	 200 	 1857 	 0
1787307183727 	 15 	 200 	 1858 	 0
1787307183793 	 16 	 200 	 1860 	 1
1787307183809 	 16 	 200 	 1861 	 1
1787307183813 	 13 	 200 	 1861 	 0
1787307183893 	 25 	 200 	 1863 	 1
1787307183902 	 21 	 200 	 1863 	 0
1787307184054 	 14 	 200 	 1864 	 0
1787307184152 	 16 	 200 	 1865 	 0
1787307184191 	 13 	 200 	 1866 	 0
1787307184234 	 44 	 200 	 1869 	 2
1787307184266 	 23 	 200 	 1869 	 1
1787307184256 	 35 	 200 	 1869 	 0
1787307184301 	 11 	 200 	 1870 	 0
1787307184342 	 15 	 200 	 1872 	 1
1787307184345 	 20 	 200 	 1872 	 0
1787307184444 	 15 	 200 	 1873 	 0
1787307184535 	 16 	 200 	 1874 	 0
1787307184569 	 13 	 200 	 1876 	 1
1787307184582 	 14 	 200 	 1876 	 0
1787307184646 	 37 	 200 	 1877 	 0
1787307184747 	 17 	 200 	 1881 	 3
1787307184755 	 14 	 200 	 1881 	 2
1787307184759 	 15 	 200 	 1882 	 2
1787307184760 	 17 	 200 	 1882 	 1
1787307184773 	 15 	 200 	 1882 	 0
1787307184825 	 14 	 200 	 1883 	 0
1787307184857 	 12 	 200 	 1884 	 0
1787307184991 	 15 	 200 	 1886 	 1
1787307185002 	 12 	 200 	 1886 	 0
1787307185064 	 38 	 200 	 1887 	 0
1787307185114 	 14 	 200 	 1889 	 1
1787307185121 	 15 	 200 	 1889 	 0
1787307185196 	 33 	 200 	 1891 	 1
1787307185223 	 15 	 200 	 1891 	 0
1787307185307 	 17 	 200 	 1893 	 1
1787307185312 	 14 	 200 	 1893 	 0
1787307185335 	 14 	 200 	 1894 	 0
1787307185359 	 14 	 200 	 1895 	 0
1787307185388 	 21 	 200 	 1896 	 0
1787307185418 	 13 	 200 	 1898 	 1
1787307185415 	 18 	 200 	 1898 	 0
1787307185578 	 18 	 200 	 1900 	 1
1787307185596 	 15 	 200 	 1900 	 0
1787307185617 	 12 	 200 	 1901 	 0
1787307185790 	 16 	 200 	 1902 	 0
1787307185889 	 34 	 200 	 1903 	 0
1787307185983 	 24 	 200 	 1905 	 1
1787307186062 	 13 	 200 	 1906 	 1
1787307186218 	 54 	 200 	 1912 	 5
1787307186230 	 47 	 200 	 1912 	 5
1787307186254 	 26 	 200 	 1912 	 4
1787307186260 	 57 	 200 	 1913 	 4
1787307186271 	 50 	 200 	 1913 	 3
1787307186317 	 53 	 200 	 1915 	 4
1787307186325 	 49 	 200 	 1915 	 3
1787307186448 	 24 	 200 	 1917 	 4
1787307186459 	 14 	 200 	 1917 	 3
1787307186347 	 174 	 200 	 1920 	 5
1787307186479 	 45 	 200 	 1920 	 4
1787307186490 	 35 	 200 	 1920 	 3
1787307186484 	 86 	 200 	 1921 	 3
1787307186533 	 41 	 200 	 1921 	 2
1787307185968 	 611 	 200 	 1921 	 1
1787307186594 	 31 	 200 	 1923 	 2
1787307186598 	 28 	 200 	 1923 	 1
1787307186726 	 18 	 200 	 1924 	 1
1787307186193 	 587 	 200 	 1924 	 0
1787307186784 	 17 	 200 	 1926 	 1
1787307186793 	 15 	 200 	 1926 	 0
1787307186952 	 36 	 200 	 1927 	 0
1787307187050 	 15 	 200 	 1929 	 1
1787307187059 	 14 	 200 	 1930 	 1
1787307187073 	 15 	 200 	 1930 	 0
1787307187113 	 14 	 200 	 1931 	 0
1787307187191 	 32 	 200 	 1933 	 1
1787307187201 	 33 	 200 	 1933 	 0
1787307187249 	 17 	 200 	 1934 	 0
1787307187432 	 14 	 200 	 1937 	 2
1787307187444 	 22 	 200 	 1938 	 2
1787307187450 	 21 	 200 	 1939 	 2
1787307187471 	 13 	 200 	 1939 	 1
1787307187500 	 23 	 200 	 1941 	 2
1787307187551 	 18 	 200 	 1942 	 2
1787307187494 	 82 	 200 	 1942 	 1
1787307187279 	 367 	 200 	 1943 	 1
1787307187640 	 13 	 200 	 1943 	 0
1787307187735 	 13 	 200 	 1944 	 0
1787307187782 	 15 	 200 	 1945 	 0
1787307187816 	 15 	 200 	 1946 	 0
1787307187880 	 13 	 200 	 1947 	 0
1787307187900 	 12 	 200 	 1948 	 0
1787307187969 	 13 	 200 	 1949 	 0
1787307188303 	 16 	 200 	 1950 	 0
1787307188355 	 13 	 200 	 1951 	 0
1787307188436 	 24 	 200 	 1952 	 0
1787307188592 	 24 	 200 	 1953 	 0
1787307188634 	 17 	 200 	 1954 	 0
1787307188687 	 13 	 200 	 1955 	 0
1787307188781 	 13 	 200 	 1956 	 0
1787307188807 	 13 	 200 	 1957 	 0
1787307188910 	 41 	 200 	 1959 	 1
1787307188928 	 26 	 200 	 1959 	 0
1787307189007 	 15 	 200 	 1960 	 0
1787307189043 	 13 	 200 	 1961 	 0
1787307189081 	 15 	 200 	 1962 	 0
1787307189224 	 31 	 200 	 1964 	 1
1787307189237 	 21 	 200 	 1964 	 0
1787307189293 	 17 	 200 	 1966 	 1
1787307189290 	 24 	 200 	 1966 	 0
1787307189320 	 12 	 200 	 1967 	 0
1787307189350 	 19 	 200 	 1968 	 0
1787307189397 	 15 	 200 	 1969 	 0
1787307189462 	 16 	 200 	 1971 	 1
1787307189471 	 16 	 200 	 1971 	 0
1787307189488 	 14 	 200 	 1972 	 0
1787307189644 	 18 	 200 	 1973 	 0
1787307189679 	 16 	 200 	 1974 	 0
1787307189701 	 12 	 200 	 1975 	 0
1787307189785 	 32 	 200 	 1976 	 0
1787307189996 	 17 	 200 	 1977 	 0
1787307190056 	 16 	 200 	 1978 	 0
1787307190122 	 18 	 200 	 1979 	 0
1787307190158 	 12 	 200 	 1980 	 0
1787307190174 	 14 	 200 	 1981 	 0
1787307190202 	 16 	 200 	 1982 	 0
1787307190260 	 17 	 200 	 1983 	 0
1787307190324 	 13 	 200 	 1984 	 0
1787307190481 	 16 	 200 	 1987 	 2
1787307190483 	 17 	 200 	 1987 	 1
1787307190484 	 16 	 200 	 1987 	 0
1787307190696 	 20 	 200 	 1988 	 0
1787307190745 	 13 	 200 	 1989 	 0
1787307190766 	 13 	 200 	 1990 	 0
1787307190823 	 20 	 200 	 1993 	 2
1787307190823 	 22 	 200 	 1993 	 1
1787307190834 	 14 	 200 	 1993 	 0
1787307190856 	 16 	 200 	 1994 	 0
1787307190964 	 15 	 200 	 1995 	 0
1787307191006 	 33 	 200 	 1998 	 2
1787307191016 	 25 	 200 	 1998 	 1
1787307191022 	 29 	 200 	 1998 	 0
1787307191082 	 31 	 200 	 2000 	 1
1787307191104 	 27 	 200 	 2000 	 0
1787307191158 	 13 	 200 	 2001 	 0
1787307191227 	 16 	 200 	 2003 	 1
1787307191235 	 13 	 200 	 2003 	 0
1787307191255 	 13 	 200 	 2005 	 1
1787307191259 	 13 	 200 	 2005 	 0
1787307191338 	 34 	 200 	 2006 	 0
1787307191390 	 15 	 200 	 2007 	 0
1787307191485 	 17 	 200 	 2008 	 0
1787307191656 	 16 	 200 	 2009 	 0
1787307191733 	 35 	 200 	 2011 	 1
1787307191767 	 25 	 200 	 2011 	 0
1787307191818 	 14 	 200 	 2012 	 0
1787307191835 	 14 	 200 	 2013 	 0
1787307191987 	 26 	 200 	 2014 	 0
1787307192122 	 13 	 200 	 2015 	 0
1787307192152 	 20 	 200 	 2016 	 0
1787307192176 	 12 	 200 	 2017 	 0
1787307192226 	 25 	 200 	 2018 	 0
1787307192320 	 15 	 200 	 2020 	 1
1787307192331 	 16 	 200 	 2020 	 0
1787307192387 	 16 	 200 	 2021 	 0
1787307192521 	 13 	 200 	 2022 	 0
1787307192563 	 34 	 200 	 2024 	 1
1787307192595 	 32 	 200 	 2025 	 1
1787307192606 	 21 	 200 	 2025 	 0
1787307192634 	 14 	 200 	 2027 	 1
1787307192641 	 14 	 200 	 2027 	 0
1787307192683 	 28 	 200 	 2029 	 1
1787307192699 	 18 	 200 	 2029 	 0
1787307192802 	 14 	 200 	 2030 	 0
1787307192830 	 13 	 200 	 2032 	 1
1787307192837 	 14 	 200 	 2032 	 0
1787307192900 	 14 	 200 	 2034 	 1
1787307192892 	 28 	 200 	 2035 	 1
1787307192918 	 15 	 200 	 2035 	 0
1787307192935 	 17 	 200 	 2036 	 0
1787307192983 	 34 	 200 	 2037 	 0
1787307193030 	 13 	 200 	 2038 	 0
1787307193047 	 13 	 200 	 2039 	 0
1787307193152 	 18 	 200 	 2043 	 3
1787307193155 	 21 	 200 	 2043 	 2
1787307193162 	 18 	 200 	 2043 	 1
1787307193168 	 21 	 200 	 2044 	 1
1787307193184 	 13 	 200 	 2044 	 0
1787307193221 	 19 	 200 	 2045 	 0
1787307193263 	 17 	 200 	 2047 	 1
1787307193274 	 15 	 200 	 2047 	 0
1787307193299 	 19 	 200 	 2049 	 1
1787307193317 	 12 	 200 	 2049 	 0
1787307193332 	 13 	 200 	 2051 	 1
1787307193337 	 16 	 200 	 2051 	 0
1787307193387 	 28 	 200 	 2055 	 3
1787307193385 	 44 	 200 	 2055 	 2
1787307193401 	 61 	 200 	 2055 	 1
1787307193408 	 57 	 200 	 2055 	 0
1787307193470 	 14 	 200 	 2057 	 1
1787307193480 	 18 	 200 	 2057 	 0
1787307193500 	 13 	 200 	 2058 	 0
1787307193627 	 14 	 200 	 2060 	 1
1787307193626 	 16 	 200 	 2060 	 0
1787307193779 	 14 	 200 	 2062 	 1
1787307193782 	 16 	 200 	 2062 	 0
1787307193868 	 15 	 200 	 2063 	 0
1787307193902 	 15 	 200 	 2064 	 0
1787307194011 	 14 	 200 	 2065 	 0
1787307194097 	 31 	 200 	 2066 	 0
1787307194174 	 35 	 200 	 2067 	 0
1787307194340 	 16 	 200 	 2068 	 0
1787307194360 	 12 	 200 	 2069 	 0
1787307194398 	 31 	 200 	 2070 	 0
1787307194516 	 13 	 200 	 2071 	 0
1787307194551 	 13 	 200 	 2073 	 1
1787307194564 	 13 	 200 	 2073 	 0
1787307194761 	 34 	 200 	 2074 	 0
1787307194874 	 13 	 200 	 2075 	 0
1787307194918 	 12 	 200 	 2076 	 0
1787307194941 	 13 	 200 	 2077 	 0
1787307194963 	 13 	 200 	 2078 	 0
1787307195049 	 32 	 200 	 2080 	 1
1787307195061 	 32 	 200 	 2080 	 0
1787307195103 	 16 	 200 	 2084 	 3
1787307195111 	 18 	 200 	 2084 	 2
1787307195114 	 18 	 200 	 2085 	 2
1787307195115 	 19 	 200 	 2085 	 1
1787307195132 	 13 	 200 	 2085 	 0
1787307195207 	 17 	 200 	 2086 	 0
1787307195261 	 31 	 200 	 2088 	 1
1787307195265 	 34 	 200 	 2088 	 0
1787307195651 	 16 	 200 	 2090 	 1
1787307195656 	 21 	 200 	 2091 	 1
1787307195670 	 13 	 200 	 2091 	 0
1787307195695 	 13 	 200 	 2092 	 0
1787307195810 	 19 	 200 	 2093 	 0
1787307195940 	 15 	 200 	 2094 	 0
1787307196022 	 32 	 200 	 2096 	 1
1787307196033 	 30 	 200 	 2097 	 1
1787307196061 	 31 	 200 	 2097 	 0
1787307196123 	 32 	 200 	 2099 	 1
1787307196144 	 35 	 200 	 2099 	 0
1787307196200 	 16 	 200 	 2100 	 0
1787307196219 	 14 	 200 	 2101 	 0
1787307196345 	 27 	 200 	 2102 	 0
1787307196406 	 31 	 200 	 2103 	 0
1787307196444 	 12 	 200 	 2105 	 1
1787307196456 	 15 	 200 	 2105 	 0
1787307196474 	 18 	 200 	 2106 	 0
1787307196556 	 12 	 200 	 2107 	 0
1787307196602 	 16 	 200 	 2109 	 1
1787307196612 	 21 	 200 	 2109 	 0
1787307196644 	 14 	 200 	 2111 	 1
1787307196654 	 21 	 200 	 2112 	 1
1787307196663 	 20 	 200 	 2112 	 0
1787307196687 	 13 	 200 	 2113 	 0
1787307196915 	 16 	 200 	 2114 	 0
1787307197258 	 33 	 200 	 2116 	 1
1787307197271 	 24 	 200 	 2116 	 0
1787307197362 	 13 	 200 	 2117 	 0
1787307197401 	 17 	 200 	 2119 	 1
1787307197405 	 15 	 200 	 2119 	 0
1787307197446 	 19 	 200 	 2120 	 0
1787307197507 	 13 	 200 	 2121 	 0
1787307197580 	 14 	 200 	 2123 	 1
1787307197582 	 14 	 200 	 2123 	 0
1787307197625 	 14 	 200 	 2125 	 1
1787307197636 	 22 	 200 	 2126 	 1
1787307197650 	 19 	 200 	 2126 	 0
1787307197714 	 16 	 200 	 2128 	 1
1787307197714 	 15 	 200 	 2128 	 0
1787307197781 	 15 	 200 	 2129 	 0
1787307197879 	 12 	 200 	 2132 	 2
1787307197935 	 38 	 200 	 2134 	 3
1787307197928 	 162 	 200 	 2135 	 3
1787307198075 	 95 	 200 	 2136 	 3
1787307198146 	 25 	 200 	 2136 	 2
1787307198199 	 20 	 200 	 2137 	 2
1787307198304 	 15 	 200 	 2138 	 2
1787307198399 	 13 	 200 	 2140 	 3
1787307198407 	 13 	 200 	 2140 	 2
1787307198471 	 12 	 200 	 2141 	 2
1787307197839 	 653 	 200 	 2141 	 1
1787307198524 	 48 	 200 	 2145 	 4
1787307198515 	 60 	 200 	 2145 	 3
1787307198509 	 107 	 200 	 2145 	 2
1787307198501 	 136 	 200 	 2145 	 1
1787307197864 	 776 	 200 	 2145 	 0
1787307198659 	 14 	 200 	 2146 	 0
1787307198718 	 20 	 200 	 2147 	 0
1787307198818 	 16 	 200 	 2148 	 0
1787307198978 	 15 	 200 	 2149 	 0
1787307198998 	 14 	 200 	 2150 	 0
1787307199069 	 27 	 200 	 2151 	 0
1787307199137 	 19 	 200 	 2154 	 2
1787307199139 	 20 	 200 	 2154 	 1
1787307199147 	 20 	 200 	 2154 	 0
1787307199354 	 15 	 200 	 2156 	 1
1787307199357 	 14 	 200 	 2156 	 0
1787307199409 	 13 	 200 	 2159 	 2
1787307199411 	 13 	 200 	 2159 	 1
1787307199418 	 15 	 200 	 2159 	 0
1787307199580 	 17 	 200 	 2160 	 0
1787307199725 	 13 	 200 	 2161 	 0
1787307199972 	 14 	 200 	 2163 	 1
1787307199970 	 18 	 200 	 2164 	 1
1787307199988 	 14 	 200 	 2164 	 0
1787307200085 	 29 	 200 	 2166 	 1
1787307200088 	 25 	 200 	 2166 	 0
1787307200172 	 35 	 200 	 2168 	 1
1787307200175 	 42 	 200 	 2168 	 0
1787307200229 	 20 	 200 	 2169 	 0
1787307200270 	 14 	 200 	 2170 	 0
1787307200311 	 31 	 200 	 2172 	 1
1787307200323 	 24 	 200 	 2172 	 0
1787307200375 	 14 	 200 	 2173 	 0
1787307200404 	 12 	 200 	 2174 	 0
1787307200440 	 17 	 200 	 2175 	 0
1787307200475 	 14 	 200 	 2176 	 0
1787307200502 	 15 	 200 	 2178 	 1
1787307200506 	 14 	 200 	 2178 	 0
1787307200563 	 15 	 200 	 2179 	 0
1787307200732 	 29 	 200 	 2180 	 0
1787307200789 	 15 	 200 	 2182 	 1
1787307200803 	 13 	 200 	 2183 	 1
1787307200807 	 19 	 200 	 2183 	 0
1787307200836 	 14 	 200 	 2184 	 0
1787307200871 	 12 	 200 	 2185 	 0
1787307200944 	 14 	 200 	 2186 	 0
1787307200980 	 14 	 200 	 2188 	 1
1787307200992 	 20 	 200 	 2189 	 1
1787307201004 	 12 	 200 	 2189 	 0
1787307201033 	 14 	 200 	 2190 	 0
1787307201176 	 13 	 200 	 2191 	 0
1787307201238 	 13 	 200 	 2192 	 0
1787307201293 	 19 	 200 	 2193 	 0
1787307201371 	 17 	 200 	 2194 	 0
1787307201466 	 17 	 200 	 2195 	 0
1787307201487 	 15 	 200 	 2196 	 0
1787307201514 	 12 	 200 	 2197 	 0
1787307201542 	 13 	 200 	 2198 	 0
1787307201626 	 14 	 200 	 2199 	 0
1787307201790 	 35 	 200 	 2200 	 0
1787307201861 	 22 	 200 	 2201 	 0
1787307201962 	 28 	 200 	 2202 	 0
1787307202004 	 12 	 200 	 2203 	 0
1787307202018 	 13 	 200 	 2204 	 0
1787307202033 	 12 	 200 	 2205 	 0
1787307202089 	 24 	 200 	 2206 	 0
1787307202149 	 14 	 200 	 2207 	 0
1787307202194 	 14 	 200 	 2208 	 0
1787307202348 	 39 	 200 	 2209 	 1
1787307202406 	 18 	 200 	 2211 	 1
1787307202389 	 37 	 200 	 2211 	 0
1787307202461 	 16 	 200 	 2212 	 0
1787307202518 	 12 	 200 	 2213 	 0
1787307202537 	 14 	 200 	 2215 	 1
1787307202546 	 14 	 200 	 2215 	 0
1787307202574 	 17 	 200 	 2217 	 1
1787307202642 	 13 	 200 	 2218 	 1
1787307202576 	 114 	 200 	 2218 	 0
1787307202704 	 16 	 200 	 2221 	 2
1787307202712 	 14 	 200 	 2221 	 1
1787307202700 	 41 	 200 	 2222 	 1
1787307202732 	 16 	 200 	 2222 	 0
1787307202763 	 14 	 200 	 2223 	 0
1787307202797 	 13 	 200 	 2224 	 0
1787307203049 	 34 	 200 	 2225 	 0
1787307203310 	 15 	 200 	 2226 	 0
1787307203387 	 17 	 200 	 2228 	 1
1787307203391 	 16 	 200 	 2228 	 0
1787307203422 	 17 	 200 	 2229 	 0
1787307203523 	 13 	 200 	 2230 	 0
1787307203555 	 17 	 200 	 2231 	 0
1787307203602 	 17 	 200 	 2232 	 0
1787307203661 	 18 	 200 	 2235 	 2
1787307203667 	 15 	 200 	 2235 	 1
1787307203673 	 18 	 200 	 2235 	 0
1787307203714 	 13 	 200 	 2237 	 1
1787307203722 	 15 	 200 	 2237 	 0
1787307203757 	 13 	 200 	 2238 	 0
1787307203795 	 15 	 200 	 2239 	 0
1787307203854 	 16 	 200 	 2241 	 1
1787307203860 	 14 	 200 	 2241 	 0
1787307203911 	 13 	 200 	 2243 	 1
1787307203907 	 20 	 200 	 2243 	 0
1787307203945 	 17 	 200 	 2244 	 0
1787307203973 	 14 	 200 	 2245 	 0
1787307204016 	 13 	 200 	 2246 	 0
1787307204067 	 16 	 200 	 2247 	 0
1787307204185 	 42 	 200 	 2249 	 1
1787307204187 	 43 	 200 	 2249 	 0
1787307204281 	 13 	 200 	 2252 	 2
1787307204296 	 21 	 200 	 2254 	 3
1787307204312 	 18 	 200 	 2254 	 2
1787307204277 	 89 	 200 	 2256 	 3
1787307204333 	 41 	 200 	 2256 	 2
1787307204416 	 19 	 200 	 2257 	 2
1787307204364 	 71 	 200 	 2257 	 1
1787307204269 	 169 	 200 	 2257 	 0
1787307204589 	 20 	 200 	 2258 	 0
1787307204809 	 17 	 200 	 2260 	 1
1787307204809 	 18 	 200 	 2260 	 0
1787307204930 	 14 	 200 	 2261 	 0
1787307204973 	 15 	 200 	 2263 	 1
1787307204981 	 14 	 200 	 2263 	 0
1787307205017 	 33 	 200 	 2264 	 0
1787307205074 	 19 	 200 	 2265 	 0
1787307205168 	 19 	 200 	 2266 	 0
1787307205197 	 23 	 200 	 2267 	 0
1787307205257 	 26 	 200 	 2269 	 1
1787307205272 	 16 	 200 	 2269 	 0
1787307205385 	 18 	 200 	 2271 	 1
1787307205386 	 17 	 200 	 2271 	 0
1787307205416 	 17 	 200 	 2272 	 0
1787307205595 	 16 	 200 	 2273 	 0
1787307205696 	 13 	 200 	 2274 	 0
1787307205712 	 13 	 200 	 2275 	 0
1787307205754 	 18 	 200 	 2276 	 0
1787307205805 	 14 	 200 	 2277 	 0
1787307205850 	 40 	 200 	 2280 	 2
1787307205882 	 20 	 200 	 2280 	 1
1787307205884 	 20 	 200 	 2280 	 0
1787307205942 	 16 	 200 	 2281 	 0
1787307205984 	 15 	 200 	 2282 	 0
1787307206031 	 14 	 200 	 2283 	 0
1787307206084 	 27 	 200 	 2286 	 2
1787307206106 	 15 	 200 	 2286 	 1
1787307206108 	 14 	 200 	 2286 	 0
1787307206149 	 35 	 200 	 2287 	 0
1787307206268 	 40 	 200 	 2288 	 0
1787307206418 	 14 	 200 	 2290 	 1
1787307206428 	 13 	 200 	 2291 	 1
1787307206433 	 24 	 200 	 2291 	 0
1787307206518 	 15 	 200 	 2292 	 0
1787307206552 	 13 	 200 	 2294 	 1
1787307206553 	 13 	 200 	 2294 	 0
1787307206622 	 13 	 200 	 2296 	 1
1787307206623 	 105 	 200 	 2296 	 0
1787307206734 	 14 	 200 	 2297 	 0
1787307206765 	 17 	 200 	 2298 	 0
1787307206833 	 13 	 200 	 2300 	 1
1787307206835 	 21 	 200 	 2300 	 0
1787307206940 	 13 	 200 	 2301 	 0
1787307206995 	 22 	 200 	 2303 	 1
1787307207003 	 26 	 200 	 2303 	 0
1787307207051 	 20 	 200 	 2306 	 2
1787307207060 	 14 	 200 	 2306 	 1
1787307207063 	 16 	 200 	 2306 	 0
1787307207107 	 12 	 200 	 2307 	 0
1787307207124 	 16 	 200 	 2308 	 0
1787307207214 	 16 	 200 	 2310 	 1
1787307207208 	 22 	 200 	 2310 	 0
1787307207241 	 12 	 200 	 2312 	 1
1787307207252 	 13 	 200 	 2312 	 0
1787307207270 	 14 	 200 	 2313 	 0
1787307207370 	 44 	 200 	 2314 	 0
1787307207442 	 19 	 200 	 2315 	 0
1787307207498 	 13 	 200 	 2317 	 1
1787307207495 	 22 	 200 	 2317 	 0
1787307207518 	 17 	 200 	 2318 	 0
1787307207552 	 13 	 200 	 2319 	 0
1787307207601 	 15 	 200 	 2320 	 0
1787307207642 	 12 	 200 	 2321 	 0
1787307207700 	 15 	 200 	 2323 	 1
1787307207699 	 20 	 200 	 2323 	 0
1787307207720 	 12 	 200 	 2324 	 0
1787307207742 	 14 	 200 	 2325 	 0
1787307207801 	 17 	 200 	 2326 	 0
1787307207822 	 13 	 200 	 2327 	 0
1787307207871 	 16 	 200 	 2328 	 0
1787307207934 	 16 	 200 	 2330 	 1
1787307207941 	 31 	 200 	 2331 	 1
1787307207960 	 13 	 200 	 2331 	 0
1787307207980 	 13 	 200 	 2332 	 0
1787307208003 	 18 	 200 	 2334 	 1
1787307208010 	 13 	 200 	 2334 	 0
1787307208109 	 14 	 200 	 2335 	 0
1787307208143 	 18 	 200 	 2336 	 0
1787307208225 	 15 	 200 	 2337 	 0
1787307208320 	 32 	 200 	 2338 	 0
1787307208392 	 38 	 200 	 2340 	 1
1787307208425 	 17 	 200 	 2340 	 0
1787307208453 	 13 	 200 	 2341 	 0
1787307208674 	 13 	 200 	 2342 	 0
1787307208717 	 13 	 200 	 2343 	 0
1787307208763 	 28 	 200 	 2344 	 0
1787307208796 	 13 	 200 	 2346 	 1
1787307208809 	 13 	 200 	 2346 	 0
1787307208854 	 13 	 200 	 2347 	 0
1787307208937 	 34 	 200 	 2348 	 0
1787307209025 	 28 	 200 	 2351 	 2
1787307209040 	 17 	 200 	 2351 	 1
1787307209049 	 13 	 200 	 2351 	 0
1787307209075 	 12 	 200 	 2352 	 0
1787307209135 	 16 	 200 	 2353 	 0
1787307209159 	 14 	 200 	 2354 	 0
1787307209183 	 23 	 200 	 2355 	 0
1787307209215 	 13 	 200 	 2356 	 0
1787307209302 	 17 	 200 	 2357 	 0
1787307209373 	 29 	 200 	 2358 	 0
1787307209411 	 17 	 200 	 2359 	 0
1787307209444 	 15 	 200 	 2360 	 0
1787307209639 	 18 	 200 	 2362 	 1
1787307209653 	 15 	 200 	 2363 	 1
1787307209664 	 13 	 200 	 2363 	 0
1787307209692 	 19 	 200 	 2364 	 0
1787307209812 	 15 	 200 	 2366 	 1
1787307209817 	 12 	 200 	 2366 	 0
1787307209924 	 14 	 200 	 2367 	 0
1787307209939 	 17 	 200 	 2368 	 0
1787307209958 	 13 	 200 	 2370 	 1
1787307209965 	 13 	 200 	 2370 	 0
1787307210186 	 32 	 200 	 2372 	 1
1787307210184 	 36 	 200 	 2372 	 0
1787307210246 	 18 	 200 	 2373 	 0
1787307210269 	 15 	 200 	 2375 	 1
1787307210275 	 30 	 200 	 2376 	 1
1787307210303 	 13 	 200 	 2376 	 0
1787307210395 	 31 	 200 	 2377 	 0
1787307210437 	 26 	 200 	 2379 	 1
1787307210445 	 20 	 200 	 2379 	 0
1787307210495 	 17 	 200 	 2381 	 1
1787307210501 	 18 	 200 	 2381 	 0
1787307210539 	 13 	 200 	 2383 	 1
1787307210544 	 13 	 200 	 2383 	 0
1787307210570 	 14 	 200 	 2385 	 1
1787307210582 	 13 	 200 	 2385 	 0
1787307210597 	 15 	 200 	 2386 	 0
1787307210616 	 17 	 200 	 2387 	 0
1787307210691 	 13 	 200 	 2388 	 0
1787307210852 	 12 	 200 	 2389 	 0
1787307210868 	 18 	 200 	 2390 	 0
1787307210914 	 32 	 200 	 2391 	 0
1787307210961 	 12 	 200 	 2392 	 0
1787307211008 	 13 	 200 	 2393 	 0
1787307211123 	 13 	 200 	 2394 	 0
1787307211197 	 13 	 200 	 2397 	 2
1787307211174 	 37 	 200 	 2397 	 1
1787307211185 	 32 	 200 	 2397 	 0
1787307211276 	 13 	 200 	 2398 	 0
1787307211322 	 19 	 200 	 2399 	 0
1787307211401 	 32 	 200 	 2400 	 0
1787307211457 	 17 	 200 	 2401 	 0
1787307211516 	 14 	 200 	 2403 	 1
1787307211520 	 16 	 200 	 2403 	 0
1787307211594 	 15 	 200 	 2404 	 0
1787307211714 	 14 	 200 	 2405 	 0
1787307211836 	 23 	 200 	 2409 	 3
1787307211827 	 35 	 200 	 2409 	 2
1787307211825 	 37 	 200 	 2409 	 1
1787307211839 	 33 	 200 	 2410 	 1
1787307211867 	 15 	 200 	 2410 	 0
1787307211934 	 17 	 200 	 2411 	 0
1787307212002 	 33 	 200 	 2412 	 0
1787307212144 	 18 	 200 	 2413 	 0
1787307212165 	 13 	 200 	 2414 	 0
1787307212192 	 16 	 200 	 2416 	 1
1787307212209 	 15 	 200 	 2416 	 0
1787307212242 	 15 	 200 	 2417 	 0
1787307212479 	 13 	 200 	 2418 	 0
1787307212536 	 19 	 200 	 2419 	 0
1787307212608 	 26 	 200 	 2421 	 1
1787307212610 	 27 	 200 	 2421 	 0
1787307212661 	 14 	 200 	 2422 	 0
1787307212692 	 16 	 200 	 2424 	 1
1787307212700 	 22 	 200 	 2424 	 0
1787307212826 	 32 	 200 	 2425 	 0
1787307212993 	 16 	 200 	 2426 	 0
1787307213042 	 33 	 200 	 2428 	 1
1787307213074 	 25 	 200 	 2429 	 1
1787307213089 	 17 	 200 	 2429 	 0
1787307213226 	 27 	 200 	 2430 	 0
1787307213363 	 36 	 200 	 2431 	 0
1787307213436 	 15 	 200 	 2432 	 0
1787307213454 	 14 	 200 	 2434 	 1
1787307213464 	 13 	 200 	 2434 	 0
1787307213508 	 14 	 200 	 2435 	 0
1787307213680 	 40 	 200 	 2437 	 2
1787307213713 	 31 	 200 	 2439 	 2
1787307213722 	 24 	 200 	 2439 	 1
1787307213729 	 18 	 200 	 2439 	 0
1787307213789 	 34 	 200 	 2440 	 0
1787307213957 	 22 	 200 	 2441 	 0
1787307214026 	 36 	 200 	 2442 	 0
1787307214081 	 34 	 200 	 2444 	 1
1787307214090 	 29 	 200 	 2444 	 0
1787307214135 	 17 	 200 	 2445 	 0
1787307214185 	 15 	 200 	 2447 	 1
1787307214196 	 17 	 200 	 2447 	 0
1787307214222 	 14 	 200 	 2449 	 1
1787307214216 	 22 	 200 	 2449 	 0
1787307214272 	 13 	 200 	 2450 	 0
1787307214295 	 20 	 200 	 2451 	 0
1787307214363 	 33 	 200 	 2453 	 1
1787307214374 	 23 	 200 	 2453 	 0
1787307214401 	 14 	 200 	 2455 	 1
1787307214400 	 17 	 200 	 2455 	 0
1787307214457 	 12 	 200 	 2456 	 0
1787307214672 	 13 	 200 	 2458 	 1
1787307214674 	 15 	 200 	 2458 	 0
1787307214726 	 24 	 200 	 2460 	 1
1787307214738 	 14 	 200 	 2460 	 0
1787307214893 	 14 	 200 	 2461 	 0
1787307215068 	 29 	 200 	 2462 	 0
1787307215146 	 13 	 200 	 2463 	 0
1787307215209 	 15 	 200 	 2465 	 1
1787307215195 	 31 	 200 	 2465 	 0
1787307215234 	 17 	 200 	 2466 	 0
1787307215261 	 14 	 200 	 2467 	 0
1787307215346 	 41 	 200 	 2469 	 1
1787307215370 	 28 	 200 	 2470 	 1
1787307215395 	 17 	 200 	 2470 	 0
1787307215456 	 12 	 200 	 2471 	 0
1787307215484 	 14 	 200 	 2472 	 0
1787307215550 	 36 	 200 	 2473 	 0
1787307215591 	 12 	 200 	 2474 	 0
1787307215789 	 39 	 200 	 2476 	 1
1787307215827 	 27 	 200 	 2478 	 2
1787307215838 	 22 	 200 	 2478 	 1
1787307215840 	 44 	 200 	 2478 	 0
1787307215931 	 28 	 200 	 2480 	 1
1787307215933 	 27 	 200 	 2480 	 0
1787307215988 	 29 	 200 	 2482 	 1
1787307216016 	 34 	 200 	 2483 	 1
1787307216038 	 15 	 200 	 2483 	 0
1787307216072 	 13 	 200 	 2484 	 0
1787307216087 	 13 	 200 	 2485 	 0
1787307216178 	 24 	 200 	 2486 	 0
1787307216255 	 13 	 200 	 2488 	 1
1787307216268 	 15 	 200 	 2489 	 1
1787307216272 	 15 	 200 	 2489 	 0
1787307216405 	 36 	 200 	 2492 	 2
1787307216429 	 29 	 200 	 2493 	 2
1787307216441 	 19 	 200 	 2493 	 1
1787307216451 	 14 	 200 	 2493 	 0
1787307216502 	 19 	 200 	 2496 	 2
1787307216512 	 20 	 200 	 2496 	 1
1787307216522 	 16 	 200 	 2496 	 0
1787307216582 	 53 	 200 	 2497 	 0
1787307216692 	 12 	 200 	 2499 	 1
1787307216774 	 20 	 200 	 2500 	 1
1787307216662 	 168 	 200 	 2502 	 2
1787307216826 	 14 	 200 	 2502 	 1
1787307216829 	 17 	 200 	 2502 	 0
1787307216865 	 31 	 200 	 2503 	 0
1787307216927 	 29 	 200 	 2504 	 0
1787307216960 	 29 	 200 	 2505 	 0
1787307217013 	 20 	 200 	 2506 	 0
1787307217134 	 15 	 200 	 2508 	 1
1787307217149 	 29 	 200 	 2508 	 0
1787307217231 	 13 	 200 	 2509 	 0
1787307217286 	 14 	 200 	 2511 	 1
1787307217292 	 19 	 200 	 2511 	 0
1787307217344 	 31 	 200 	 2512 	 0
1787307217404 	 16 	 200 	 2514 	 1
1787307217416 	 13 	 200 	 2514 	 0
1787307217458 	 13 	 200 	 2515 	 0
1787307217546 	 28 	 200 	 2520 	 4
1787307217550 	 27 	 200 	 2520 	 3
1787307217566 	 19 	 200 	 2520 	 2
1787307217561 	 25 	 200 	 2520 	 1
1787307217563 	 33 	 200 	 2520 	 0
1787307217604 	 12 	 200 	 2521 	 0
1787307217670 	 15 	 200 	 2522 	 0
1787307217722 	 14 	 200 	 2523 	 0
1787307217852 	 61 	 200 	 2526 	 2
1787307217892 	 23 	 200 	 2526 	 1
1787307217907 	 17 	 200 	 2526 	 0
1787307217955 	 14 	 200 	 2528 	 1
1787307217963 	 19 	 200 	 2529 	 1
1787307217979 	 20 	 200 	 2529 	 0
1787307218040 	 13 	 200 	 2530 	 0
1787307218066 	 16 	 200 	 2531 	 0
1787307218145 	 32 	 200 	 2532 	 0
1787307218200 	 15 	 200 	 2533 	 0
1787307218252 	 12 	 200 	 2534 	 0
1787307218270 	 13 	 200 	 2535 	 0
1787307218303 	 14 	 200 	 2536 	 0
1787307218421 	 37 	 200 	 2538 	 1
1787307218435 	 25 	 200 	 2538 	 0
1787307218557 	 19 	 200 	 2540 	 1
1787307218572 	 15 	 200 	 2540 	 0
1787307218794 	 15 	 200 	 2541 	 0
1787307218835 	 14 	 200 	 2542 	 0
1787307218865 	 17 	 200 	 2543 	 0
1787307218886 	 12 	 200 	 2544 	 0
1787307218924 	 15 	 200 	 2546 	 1
1787307218924 	 17 	 200 	 2546 	 0
1787307219058 	 34 	 200 	 2549 	 2
1787307219070 	 24 	 200 	 2549 	 1
1787307219066 	 28 	 200 	 2549 	 0
1787307219119 	 15 	 200 	 2550 	 0
1787307219200 	 40 	 200 	 2551 	 0
1787307219243 	 13 	 200 	 2552 	 0
1787307219273 	 13 	 200 	 2553 	 0
1787307219290 	 21 	 200 	 2554 	 0
1787307219348 	 15 	 200 	 2555 	 0
1787307219372 	 14 	 200 	 2556 	 0
1787307219390 	 13 	 200 	 2558 	 1
1787307219403 	 17 	 200 	 2559 	 1
1787307219418 	 20 	 200 	 2560 	 1
1787307219437 	 15 	 200 	 2560 	 0
1787307219540 	 18 	 200 	 2562 	 1
1787307219541 	 41 	 200 	 2562 	 0
1787307219601 	 17 	 200 	 2563 	 0
1787307219620 	 13 	 200 	 2564 	 0
1787307219664 	 14 	 200 	 2566 	 1
1787307219670 	 17 	 200 	 2567 	 1
1787307219684 	 13 	 200 	 2567 	 0
1787307219709 	 19 	 200 	 2569 	 1
1787307219715 	 17 	 200 	 2570 	 1
1787307219733 	 13 	 200 	 2570 	 0
1787307219802 	 16 	 200 	 2571 	 0
1787307219836 	 14 	 200 	 2573 	 1
1787307219840 	 14 	 200 	 2573 	 0
1787307219987 	 21 	 200 	 2575 	 1
1787307220006 	 14 	 200 	 2575 	 0
1787307220028 	 22 	 200 	 2578 	 2
1787307220033 	 20 	 200 	 2578 	 1
1787307220048 	 13 	 200 	 2578 	 0
1787307220063 	 13 	 200 	 2579 	 0
1787307220119 	 15 	 200 	 2580 	 0
1787307220302 	 14 	 200 	 2581 	 0
1787307220318 	 14 	 200 	 2582 	 0
1787307220336 	 14 	 200 	 2583 	 0
1787307220362 	 21 	 200 	 2584 	 0
1787307220541 	 14 	 200 	 2585 	 1
1787307220556 	 15 	 200 	 2588 	 2
1787307220570 	 15 	 200 	 2588 	 1
1787307220571 	 16 	 200 	 2588 	 0
1787307220594 	 16 	 200 	 2591 	 2
1787307220597 	 24 	 200 	 2592 	 2
1787307220606 	 16 	 200 	 2592 	 1
1787307220618 	 15 	 200 	 2592 	 0
1787307220664 	 15 	 200 	 2593 	 0
1787307220724 	 30 	 200 	 2594 	 0
1787307220762 	 14 	 200 	 2595 	 0
1787307220806 	 14 	 200 	 2596 	 0
1787307220877 	 20 	 200 	 2597 	 0
1787307220931 	 17 	 200 	 2600 	 2
1787307220927 	 21 	 200 	 2600 	 1
1787307220932 	 21 	 200 	 2600 	 0
1787307221189 	 28 	 200 	 2602 	 1
1787307221199 	 39 	 200 	 2602 	 0
1787307221246 	 13 	 200 	 2603 	 0
1787307221269 	 15 	 200 	 2605 	 1
1787307221276 	 12 	 200 	 2605 	 0
1787307221304 	 14 	 200 	 2606 	 0
1787307221328 	 13 	 200 	 2608 	 1
1787307221339 	 12 	 200 	 2608 	 0
1787307221645 	 20 	 200 	 2609 	 0
1787307221766 	 20 	 200 	 2612 	 2
1787307221764 	 21 	 200 	 2613 	 2
1787307221778 	 14 	 200 	 2614 	 2
1787307221788 	 26 	 200 	 2614 	 1
1787307221789 	 26 	 200 	 2614 	 0
1787307221859 	 33 	 200 	 2615 	 0
1787307221919 	 14 	 200 	 2617 	 1
1787307221933 	 12 	 200 	 2617 	 0
1787307221947 	 12 	 200 	 2620 	 2
1787307221955 	 13 	 200 	 2620 	 1
1787307221957 	 17 	 200 	 2621 	 1
1787307221972 	 12 	 200 	 2621 	 0
1787307222041 	 27 	 200 	 2623 	 1
1787307222033 	 38 	 200 	 2623 	 0
1787307222119 	 12 	 200 	 2624 	 0
1787307222147 	 13 	 200 	 2626 	 1
1787307222158 	 13 	 200 	 2626 	 0
1787307222187 	 25 	 200 	 2628 	 1
1787307222197 	 21 	 200 	 2628 	 0
1787307222322 	 14 	 200 	 2629 	 0
1787307222346 	 13 	 200 	 2631 	 1
1787307222354 	 14 	 200 	 2631 	 0
1787307222377 	 23 	 200 	 2632 	 0
1787307222478 	 32 	 200 	 2633 	 0
1787307222691 	 22 	 200 	 2634 	 0
1787307222717 	 12 	 200 	 2636 	 1
1787307222725 	 13 	 200 	 2636 	 0
1787307222763 	 16 	 200 	 2637 	 0
1787307222852 	 32 	 200 	 2638 	 0
1787307222908 	 14 	 200 	 2640 	 1
1787307222922 	 14 	 200 	 2640 	 0
1787307223066 	 42 	 200 	 2642 	 1
1787307223105 	 17 	 200 	 2644 	 2
1787307223118 	 14 	 200 	 2644 	 1
1787307223119 	 13 	 200 	 2644 	 0
1787307223313 	 20 	 200 	 2645 	 0
1787307223364 	 12 	 200 	 2646 	 0
1787307223439 	 33 	 200 	 2648 	 1
1787307223464 	 20 	 200 	 2649 	 1
1787307223475 	 13 	 200 	 2649 	 0
1787307223502 	 15 	 200 	 2650 	 0
1787307223553 	 14 	 200 	 2651 	 0
1787307223572 	 14 	 200 	 2652 	 0
1787307223600 	 13 	 200 	 2653 	 0
1787307223737 	 13 	 200 	 2654 	 0
1787307223850 	 13 	 200 	 2656 	 1
1787307223847 	 15 	 200 	 2656 	 0
1787307223869 	 14 	 200 	 2657 	 0
1787307223974 	 35 	 200 	 2659 	 1
1787307224003 	 14 	 200 	 2659 	 0
1787307224044 	 28 	 200 	 2660 	 0
1787307224154 	 18 	 200 	 2662 	 1
1787307224171 	 12 	 200 	 2662 	 0
1787307224299 	 32 	 200 	 2663 	 0
1787307224379 	 34 	 200 	 2664 	 0
1787307224478 	 15 	 200 	 2667 	 2
1787307224485 	 13 	 200 	 2667 	 1
1787307224494 	 15 	 200 	 2667 	 0
1787307224564 	 14 	 200 	 2668 	 0
1787307224663 	 15 	 200 	 2670 	 1
1787307224666 	 15 	 200 	 2670 	 0
1787307224806 	 38 	 200 	 2671 	 0
1787307224855 	 14 	 200 	 2672 	 0
1787307224901 	 13 	 200 	 2673 	 0
1787307225049 	 36 	 200 	 2675 	 1
1787307225085 	 14 	 200 	 2675 	 0
1787307225119 	 12 	 200 	 2676 	 0
1787307225181 	 32 	 200 	 2677 	 0
1787307225262 	 23 	 200 	 2678 	 0
1787307225389 	 13 	 200 	 2679 	 0
1787307225404 	 14 	 200 	 2680 	 0
1787307225477 	 35 	 200 	 2682 	 1
1787307225493 	 29 	 200 	 2682 	 0
1787307225531 	 19 	 200 	 2685 	 2
1787307225535 	 18 	 200 	 2685 	 1
1787307225546 	 46 	 200 	 2686 	 1
1787307225559 	 37 	 200 	 2686 	 0
1787307225665 	 12 	 200 	 2687 	 0
1787307225739 	 15 	 200 	 2688 	 0
1787307225803 	 15 	 200 	 2689 	 0
1787307225836 	 17 	 200 	 2690 	 0
1787307225885 	 13 	 200 	 2691 	 0
1787307225902 	 17 	 200 	 2692 	 0
1787307225928 	 14 	 200 	 2694 	 1
1787307225931 	 12 	 200 	 2694 	 0
1787307226081 	 30 	 200 	 2696 	 1
1787307226094 	 21 	 200 	 2696 	 0
1787307226187 	 40 	 200 	 2697 	 0
1787307226337 	 14 	 200 	 2699 	 1
1787307226335 	 16 	 200 	 2699 	 0
1787307226399 	 14 	 200 	 2700 	 0
1787307226483 	 13 	 200 	 2701 	 0
1787307226500 	 15 	 200 	 2702 	 0
1787307226523 	 31 	 200 	 2704 	 1
1787307226551 	 12 	 200 	 2704 	 0
1787307226695 	 22 	 200 	 2705 	 0
1787307226721 	 14 	 200 	 2706 	 0
1787307226891 	 33 	 200 	 2709 	 2
1787307226902 	 30 	 200 	 2710 	 2
1787307226916 	 19 	 200 	 2711 	 2
1787307226927 	 15 	 200 	 2711 	 1
1787307226936 	 12 	 200 	 2711 	 0
1787307226975 	 17 	 200 	 2713 	 1
1787307226984 	 17 	 200 	 2713 	 0
1787307227067 	 33 	 200 	 2715 	 1
1787307227093 	 22 	 200 	 2715 	 0
1787307227345 	 28 	 200 	 2716 	 0
1787307227433 	 27 	 200 	 2717 	 0
1787307227568 	 14 	 200 	 2719 	 1
1787307227565 	 19 	 200 	 2719 	 0
1787307227621 	 12 	 200 	 2720 	 0
1787307227650 	 13 	 200 	 2721 	 0
1787307227743 	 44 	 200 	 2724 	 2
1787307227741 	 47 	 200 	 2724 	 1
1787307227773 	 31 	 200 	 2725 	 1
1787307227791 	 17 	 200 	 2725 	 0
1787307227826 	 15 	 200 	 2727 	 1
1787307227842 	 12 	 200 	 2728 	 1
1787307227850 	 16 	 200 	 2730 	 2
1787307227858 	 13 	 200 	 2730 	 1
1787307227863 	 14 	 200 	 2730 	 0
1787307227889 	 12 	 200 	 2731 	 0
1787307227913 	 13 	 200 	 2733 	 1
1787307227925 	 19 	 200 	 2735 	 2
1787307227939 	 16 	 200 	 2735 	 1
1787307227935 	 21 	 200 	 2735 	 0
1787307228100 	 19 	 200 	 2736 	 0
1787307228125 	 12 	 200 	 2737 	 0
1787307228294 	 36 	 200 	 2738 	 0
1787307228334 	 13 	 200 	 2739 	 0
1787307228385 	 40 	 200 	 2740 	 0
1787307228485 	 28 	 200 	 2742 	 1
1787307228498 	 26 	 200 	 2742 	 0
1787307228574 	 14 	 200 	 2743 	 0
1787307228673 	 42 	 200 	 2745 	 1
1787307228675 	 41 	 200 	 2745 	 0
1787307228740 	 31 	 200 	 2746 	 0
1787307228783 	 26 	 200 	 2748 	 1
1787307228791 	 36 	 200 	 2749 	 1
1787307228814 	 21 	 200 	 2749 	 0
1787307228853 	 17 	 200 	 2750 	 0
1787307228893 	 13 	 200 	 2751 	 0
1787307228940 	 13 	 200 	 2752 	 0
1787307228990 	 26 	 200 	 2753 	 0
1787307229029 	 17 	 200 	 2754 	 0
1787307229066 	 22 	 200 	 2756 	 1
1787307229076 	 15 	 200 	 2757 	 1
1787307229092 	 14 	 200 	 2758 	 1
1787307229105 	 15 	 200 	 2758 	 0
1787307229127 	 12 	 200 	 2759 	 0
1787307229166 	 15 	 200 	 2760 	 0
1787307229254 	 15 	 200 	 2762 	 1
1787307229263 	 14 	 200 	 2762 	 0
1787307229350 	 37 	 200 	 2763 	 0
1787307229419 	 13 	 200 	 2765 	 1
1787307229425 	 16 	 200 	 2765 	 0
1787307229468 	 13 	 200 	 2767 	 1
1787307229480 	 14 	 200 	 2767 	 0
1787307229638 	 33 	 200 	 2768 	 0
1787307229696 	 21 	 200 	 2770 	 1
1787307229706 	 16 	 200 	 2770 	 0
1787307229781 	 14 	 200 	 2772 	 1
1787307229794 	 14 	 200 	 2772 	 0
1787307229811 	 13 	 200 	 2773 	 0
1787307229866 	 27 	 200 	 2774 	 0
1787307230001 	 23 	 200 	 2776 	 1
1787307230007 	 56 	 200 	 2776 	 0
1787307230112 	 15 	 200 	 2777 	 0
1787307230326 	 14 	 200 	 2779 	 1
1787307230331 	 14 	 200 	 2779 	 0
1787307230383 	 28 	 200 	 2780 	 0
1787307230451 	 18 	 200 	 2781 	 0
1787307230493 	 13 	 200 	 2782 	 0
1787307230549 	 18 	 200 	 2784 	 1
1787307230554 	 17 	 200 	 2785 	 1
1787307230601 	 13 	 200 	 2786 	 1
1787307230627 	 16 	 200 	 2787 	 1
1787307230713 	 85 	 200 	 2788 	 1
1787307230570 	 235 	 200 	 2788 	 0
1787307230873 	 27 	 200 	 2789 	 0
1787307230904 	 15 	 200 	 2791 	 1
1787307230908 	 15 	 200 	 2792 	 1
1787307230922 	 18 	 200 	 2793 	 1
1787307230930 	 22 	 200 	 2793 	 0
1787307230984 	 15 	 200 	 2795 	 1
1787307230988 	 32 	 200 	 2796 	 1
1787307231018 	 15 	 200 	 2796 	 0
1787307231054 	 25 	 200 	 2798 	 1
1787307231059 	 21 	 200 	 2798 	 0
1787307231218 	 39 	 200 	 2800 	 1
1787307231237 	 23 	 200 	 2800 	 0
1787307231288 	 24 	 200 	 2801 	 0
1787307231316 	 13 	 200 	 2802 	 0
1787307231359 	 35 	 200 	 2803 	 0
1787307231444 	 26 	 200 	 2804 	 0
1787307231488 	 30 	 200 	 2805 	 0
1787307231588 	 33 	 200 	 2806 	 0
1787307231825 	 14 	 200 	 2808 	 1
1787307231832 	 16 	 200 	 2808 	 0
1787307231877 	 18 	 200 	 2809 	 0
1787307232028 	 30 	 200 	 2811 	 1
1787307232055 	 38 	 200 	 2811 	 0
1787307232101 	 15 	 200 	 2812 	 0
1787307232187 	 14 	 200 	 2813 	 0
1787307232237 	 13 	 200 	 2814 	 0
1787307232281 	 17 	 200 	 2816 	 1
1787307232281 	 17 	 200 	 2816 	 0
1787307232323 	 15 	 200 	 2818 	 1
1787307232333 	 20 	 200 	 2820 	 2
1787307232342 	 13 	 200 	 2820 	 1
1787307232348 	 14 	 200 	 2821 	 1
1787307232363 	 13 	 200 	 2821 	 0
1787307232401 	 12 	 200 	 2823 	 1
1787307232412 	 15 	 200 	 2823 	 0
1787307232441 	 12 	 200 	 2825 	 1
1787307232454 	 19 	 200 	 2826 	 1
1787307232462 	 14 	 200 	 2827 	 1
1787307232475 	 13 	 200 	 2827 	 0
1787307232531 	 34 	 200 	 2828 	 0
1787307232570 	 15 	 200 	 2829 	 0
1787307232592 	 13 	 200 	 2830 	 0
1787307232642 	 15 	 200 	 2831 	 0
1787307232677 	 13 	 200 	 2832 	 0
1787307232743 	 32 	 200 	 2833 	 0
1787307232988 	 18 	 200 	 2834 	 0
1787307233044 	 32 	 200 	 2835 	 0
1787307233153 	 12 	 200 	 2836 	 0
1787307233194 	 14 	 200 	 2837 	 0
1787307233220 	 15 	 200 	 2839 	 1
1787307233229 	 31 	 200 	 2839 	 0
1787307233292 	 16 	 200 	 2840 	 0
1787307233338 	 16 	 200 	 2841 	 0
1787307233392 	 23 	 200 	 2842 	 0
1787307233564 	 12 	 200 	 2846 	 3
1787307233553 	 29 	 200 	 2846 	 2
1787307233555 	 31 	 200 	 2846 	 1
1787307233575 	 15 	 200 	 2846 	 0
1787307233594 	 13 	 200 	 2848 	 1
1787307233607 	 16 	 200 	 2848 	 0
1787307233684 	 14 	 200 	 2849 	 0
1787307233760 	 23 	 200 	 2850 	 0
1787307233786 	 15 	 200 	 2852 	 1
1787307233793 	 14 	 200 	 2852 	 0
1787307233813 	 14 	 200 	 2854 	 1
1787307233810 	 20 	 200 	 2854 	 0
1787307233859 	 14 	 200 	 2855 	 0
1787307234023 	 33 	 200 	 2856 	 0
1787307234112 	 27 	 200 	 2858 	 1
1787307234140 	 13 	 200 	 2858 	 0
1787307234220 	 35 	 200 	 2860 	 1
1787307234254 	 24 	 200 	 2860 	 0
1787307234281 	 14 	 200 	 2861 	 0
1787307234340 	 16 	 200 	 2862 	 0
1787307234438 	 15 	 200 	 2864 	 1
1787307234449 	 16 	 200 	 2864 	 0
1787307234505 	 12 	 200 	 2865 	 0
1787307234544 	 18 	 200 	 2866 	 0
1787307234810 	 14 	 200 	 2868 	 1
1787307234817 	 16 	 200 	 2868 	 0
1787307235040 	 19 	 200 	 2869 	 0
1787307235076 	 17 	 200 	 2871 	 1
1787307235078 	 15 	 200 	 2871 	 0
1787307235303 	 17 	 200 	 2873 	 1
1787307235307 	 14 	 200 	 2873 	 0
1787307235409 	 15 	 200 	 2876 	 2
1787307235418 	 13 	 200 	 2876 	 1
1787307235469 	 14 	 200 	 2877 	 1
1787307235570 	 18 	 200 	 2878 	 1
1787307235351 	 332 	 200 	 2879 	 1
1787307235672 	 19 	 200 	 2879 	 0
1787307235715 	 14 	 200 	 2880 	 0
1787307235743 	 13 	 200 	 2881 	 0
1787307235846 	 24 	 200 	 2882 	 0
1787307235894 	 22 	 200 	 2884 	 1
1787307235903 	 14 	 200 	 2884 	 0
1787307235933 	 16 	 200 	 2885 	 0
1787307235999 	 13 	 200 	 2886 	 0
1787307236044 	 35 	 200 	 2888 	 1
1787307236047 	 33 	 200 	 2888 	 0
1787307236087 	 28 	 200 	 2892 	 3
1787307236092 	 24 	 200 	 2892 	 2
1787307236094 	 25 	 200 	 2892 	 1
1787307236114 	 16 	 200 	 2892 	 0
1787307236165 	 13 	 200 	 2894 	 1
1787307236178 	 19 	 200 	 2897 	 3
1787307236180 	 19 	 200 	 2897 	 2
1787307236185 	 21 	 200 	 2897 	 1
1787307236189 	 19 	 200 	 2898 	 1
1787307236208 	 17 	 200 	 2898 	 0
1787307236268 	 14 	 200 	 2900 	 1
1787307236265 	 25 	 200 	 2900 	 0
1787307236479 	 34 	 200 	 2904 	 3
1787307236481 	 38 	 200 	 2904 	 2
1787307236495 	 28 	 200 	 2904 	 1
1787307236503 	 21 	 200 	 2904 	 0
1787307236534 	 17 	 200 	 2905 	 0
1787307236598 	 16 	 200 	 2908 	 2
1787307236591 	 28 	 200 	 2908 	 1
1787307236593 	 28 	 200 	 2908 	 0
1787307236635 	 16 	 200 	 2910 	 1
1787307236648 	 17 	 200 	 2910 	 0
1787307236739 	 13 	 200 	 2911 	 0
1787307236828 	 26 	 200 	 2913 	 1
1787307236852 	 19 	 200 	 2915 	 2
1787307236858 	 23 	 200 	 2916 	 2
1787307236869 	 15 	 200 	 2916 	 1
1787307236876 	 14 	 200 	 2916 	 0
1787307236900 	 15 	 200 	 2918 	 1
1787307236902 	 14 	 200 	 2918 	 0
1787307236931 	 12 	 200 	 2919 	 0
1787307236989 	 31 	 200 	 2921 	 1
1787307237019 	 15 	 200 	 2922 	 1
1787307237024 	 12 	 200 	 2922 	 0
1787307237038 	 13 	 200 	 2923 	 0
1787307237079 	 13 	 200 	 2924 	 0
1787307237102 	 13 	 200 	 2926 	 1
1787307237115 	 11 	 200 	 2926 	 0
1787307237137 	 13 	 200 	 2927 	 0
1787307237228 	 36 	 200 	 2928 	 0
1787307237269 	 29 	 200 	 2931 	 2
1787307237279 	 27 	 200 	 2931 	 1
1787307237289 	 20 	 200 	 2931 	 0
1787307237383 	 16 	 200 	 2932 	 0
1787307237412 	 14 	 200 	 2933 	 0
1787307237459 	 16 	 200 	 2934 	 0
1787307237516 	 18 	 200 	 2936 	 1
1787307237527 	 13 	 200 	 2936 	 0
1787307237549 	 17 	 200 	 2937 	 0
1787307237627 	 18 	 200 	 2938 	 0
1787307237672 	 16 	 200 	 2939 	 0
1787307237708 	 16 	 200 	 2940 	 0
1787307237757 	 19 	 200 	 2941 	 0
1787307237804 	 15 	 200 	 2943 	 1
1787307237806 	 15 	 200 	 2943 	 0
1787307237892 	 13 	 200 	 2944 	 0
1787307238006 	 17 	 200 	 2945 	 0
1787307238058 	 20 	 200 	 2946 	 0
1787307238123 	 12 	 200 	 2947 	 0
1787307238274 	 20 	 200 	 2948 	 0
1787307238304 	 19 	 200 	 2950 	 1
1787307238308 	 19 	 200 	 2950 	 0
1787307238361 	 17 	 200 	 2952 	 1
1787307238370 	 14 	 200 	 2952 	 0
1787307238420 	 14 	 200 	 2953 	 0
1787307238436 	 21 	 200 	 2954 	 0
1787307238572 	 34 	 200 	 2956 	 1
1787307238597 	 21 	 200 	 2958 	 2
1787307238607 	 14 	 200 	 2958 	 1
1787307238613 	 15 	 200 	 2958 	 0
1787307238684 	 40 	 200 	 2959 	 0
1787307238765 	 16 	 200 	 2960 	 0
1787307238921 	 14 	 200 	 2961 	 0
1787307238968 	 16 	 200 	 2962 	 0
1787307239003 	 12 	 200 	 2963 	 0
1787307239017 	 17 	 200 	 2964 	 0
1787307239105 	 13 	 200 	 2965 	 0
1787307239178 	 14 	 200 	 2966 	 0
1787307239298 	 20 	 200 	 2968 	 1
1787307239301 	 20 	 200 	 2968 	 0
1787307239362 	 20 	 200 	 2970 	 1
1787307239371 	 13 	 200 	 2970 	 0
1787307239467 	 16 	 200 	 2971 	 0
1787307239515 	 18 	 200 	 2972 	 0
1787307239551 	 22 	 200 	 2973 	 0
1787307239643 	 13 	 200 	 2974 	 0
1787307239697 	 19 	 200 	 2975 	 0
1787307239788 	 21 	 200 	 2976 	 0
1787307239812 	 15 	 200 	 2977 	 0
1787307239855 	 14 	 200 	 2978 	 0
1787307239956 	 16 	 200 	 2979 	 0
1787307240001 	 13 	 200 	 2980 	 0
1787307240020 	 13 	 200 	 2982 	 1
1787307240029 	 31 	 200 	 2982 	 0
1787307240176 	 15 	 200 	 2983 	 0
1787307240287 	 19 	 200 	 2985 	 1
1787307240296 	 17 	 200 	 2985 	 0
1787307240429 	 13 	 200 	 2986 	 0
1787307240455 	 12 	 200 	 2987 	 0
1787307240564 	 38 	 200 	 2988 	 0
1787307240646 	 14 	 200 	 2990 	 1
1787307240652 	 13 	 200 	 2990 	 0
1787307240693 	 36 	 200 	 2991 	 0
1787307240764 	 19 	 200 	 2992 	 0
1787307240877 	 23 	 200 	 2993 	 0
1787307240901 	 14 	 200 	 2994 	 0
1787307241083 	 14 	 200 	 2995 	 0
1787307241099 	 14 	 200 	 2996 	 0
1787307241220 	 19 	 200 	 2997 	 0
1787307241291 	 16 	 200 	 2998 	 0
1787307241311 	 15 	 200 	 3002 	 3
1787307241317 	 20 	 200 	 3002 	 2
1787307241321 	 18 	 200 	 3002 	 1
1787307241325 	 18 	 200 	 3002 	 0
1787307241406 	 16 	 200 	 3003 	 0
1787307241433 	 19 	 200 	 3004 	 0
1787307241626 	 13 	 200 	 3005 	 0
1787307241658 	 20 	 200 	 3008 	 2
1787307241650 	 28 	 200 	 3008 	 1
1787307241670 	 14 	 200 	 3008 	 0
1787307241745 	 30 	 200 	 3009 	 0
1787307241782 	 14 	 200 	 3010 	 0
1787307241931 	 15 	 200 	 3011 	 0
1787307241976 	 13 	 200 	 3013 	 1
1787307241980 	 12 	 200 	 3013 	 0
1787307242017 	 12 	 200 	 3014 	 0
1787307242062 	 30 	 200 	 3016 	 1
1787307242083 	 13 	 200 	 3016 	 0
1787307242104 	 12 	 200 	 3017 	 0
1787307242202 	 25 	 200 	 3019 	 1
1787307242207 	 20 	 200 	 3019 	 0
1787307242258 	 13 	 200 	 3020 	 0
1787307242353 	 36 	 200 	 3021 	 0
1787307242423 	 14 	 200 	 3023 	 1
1787307242427 	 15 	 200 	 3023 	 0
1787307242450 	 12 	 200 	 3024 	 0
1787307242488 	 20 	 200 	 3025 	 0
1787307242555 	 13 	 200 	 3026 	 0
1787307242663 	 13 	 200 	 3027 	 0
1787307242847 	 16 	 200 	 3029 	 1
1787307242860 	 12 	 200 	 3029 	 0
1787307242884 	 15 	 200 	 3030 	 0
1787307242934 	 12 	 200 	 3031 	 0
1787307243035 	 37 	 200 	 3034 	 2
1787307243062 	 31 	 200 	 3034 	 1
1787307243061 	 39 	 200 	 3034 	 0
1787307243116 	 14 	 200 	 3035 	 0
1787307243281 	 13 	 200 	 3036 	 0
1787307243360 	 14 	 200 	 3037 	 0
1787307243390 	 13 	 200 	 3038 	 0
1787307243506 	 15 	 200 	 3039 	 0
1787307243522 	 13 	 200 	 3040 	 0
1787307243559 	 17 	 200 	 3043 	 2
1787307243567 	 14 	 200 	 3043 	 1
1787307243570 	 15 	 200 	 3043 	 0
1787307243594 	 16 	 200 	 3045 	 1
1787307243599 	 14 	 200 	 3045 	 0
1787307243658 	 13 	 200 	 3046 	 0
1787307243708 	 12 	 200 	 3047 	 0
1787307243824 	 35 	 200 	 3050 	 2
1787307243840 	 28 	 200 	 3050 	 1
1787307243847 	 24 	 200 	 3050 	 0
1787307243953 	 14 	 200 	 3052 	 1
1787307243955 	 16 	 200 	 3052 	 0
1787307244041 	 24 	 200 	 3055 	 2
1787307244061 	 14 	 200 	 3055 	 1
1787307244061 	 26 	 200 	 3055 	 0
1787307244168 	 17 	 200 	 3058 	 2
1787307244178 	 13 	 200 	 3058 	 1
1787307244181 	 13 	 200 	 3058 	 0
1787307244256 	 12 	 200 	 3059 	 0
1787307244280 	 14 	 200 	 3060 	 0
1787307244322 	 20 	 200 	 3061 	 0
1787307244450 	 15 	 200 	 3064 	 2
1787307244456 	 14 	 200 	 3064 	 1
1787307244463 	 21 	 200 	 3064 	 0
1787307244628 	 22 	 200 	 3065 	 0
1787307244744 	 19 	 200 	 3067 	 1
1787307244749 	 16 	 200 	 3067 	 0
1787307244776 	 17 	 200 	 3068 	 0
1787307244868 	 13 	 200 	 3070 	 1
1787307244871 	 15 	 200 	 3070 	 0
1787307244992 	 16 	 200 	 3071 	 0
1787307245013 	 13 	 200 	 3072 	 0
1787307245073 	 12 	 200 	 3075 	 2
1787307245068 	 21 	 200 	 3075 	 1
1787307245085 	 16 	 200 	 3075 	 0
1787307245176 	 22 	 200 	 3076 	 0
1787307245214 	 13 	 200 	 3078 	 1
1787307245228 	 13 	 200 	 3078 	 0
1787307245318 	 21 	 200 	 3080 	 1
1787307245321 	 19 	 200 	 3080 	 0
1787307245388 	 25 	 200 	 3083 	 2
1787307245375 	 40 	 200 	 3083 	 1
1787307245397 	 20 	 200 	 3083 	 0
1787307245455 	 17 	 200 	 3084 	 0
1787307245500 	 13 	 200 	 3085 	 0
1787307245536 	 13 	 200 	 3086 	 0
1787307245551 	 17 	 200 	 3087 	 1
1787307245569 	 18 	 200 	 3088 	 0
1787307245601 	 14 	 200 	 3089 	 0
1787307245680 	 30 	 200 	 3091 	 1
1787307245682 	 30 	 200 	 3091 	 0
1787307245731 	 15 	 200 	 3093 	 1
1787307245753 	 13 	 200 	 3094 	 1
1787307245962 	 16 	 200 	 3095 	 1
1787307246049 	 22 	 200 	 3096 	 1
1787307245744 	 360 	 200 	 3096 	 0
1787307246142 	 14 	 200 	 3099 	 2
1787307246144 	 16 	 200 	 3099 	 1
1787307246148 	 19 	 200 	 3099 	 0
1787307246184 	 59 	 200 	 3100 	 0
1787307246245 	 22 	 200 	 3101 	 0
1787307246350 	 33 	 200 	 3102 	 0
1787307246416 	 20 	 200 	 3103 	 0
1787307246749 	 16 	 200 	 3104 	 0
1787307246779 	 13 	 200 	 3105 	 0
1787307246873 	 19 	 200 	 3106 	 0
1787307247060 	 15 	 200 	 3107 	 0
1787307247091 	 32 	 200 	 3110 	 2
1787307247089 	 42 	 200 	 3110 	 1
1787307247098 	 35 	 200 	 3110 	 0
1787307247139 	 14 	 200 	 3112 	 1
1787307247149 	 14 	 200 	 3112 	 0
1787307247180 	 14 	 200 	 3115 	 2
1787307247182 	 16 	 200 	 3115 	 1
1787307247193 	 12 	 200 	 3115 	 0
1787307247276 	 20 	 200 	 3116 	 0
1787307247374 	 22 	 200 	 3118 	 1
1787307247392 	 14 	 200 	 3118 	 0
1787307247420 	 12 	 200 	 3119 	 0
1787307247488 	 28 	 200 	 3121 	 1
1787307247498 	 21 	 200 	 3121 	 0
1787307247546 	 16 	 200 	 3122 	 0
1787307247601 	 14 	 200 	 3123 	 0
1787307247761 	 35 	 200 	 3125 	 1
1787307247789 	 23 	 200 	 3125 	 0
1787307247896 	 22 	 200 	 3126 	 0
1787307247943 	 17 	 200 	 3128 	 1
1787307247950 	 12 	 200 	 3128 	 0
1787307247969 	 16 	 200 	 3129 	 0
1787307248013 	 33 	 200 	 3130 	 0
1787307248136 	 12 	 200 	 3131 	 0
1787307248155 	 11 	 200 	 3132 	 0
1787307248230 	 36 	 200 	 3133 	 0
1787307248358 	 20 	 200 	 3135 	 1
1787307248379 	 19 	 200 	 3135 	 0
1787307248402 	 13 	 200 	 3136 	 0
1787307248420 	 12 	 200 	 3137 	 0
1787307248471 	 13 	 200 	 3138 	 0
1787307248490 	 15 	 200 	 3139 	 0
1787307248527 	 13 	 200 	 3140 	 0
1787307248582 	 16 	 200 	 3141 	 0
1787307248722 	 14 	 200 	 3142 	 0
1787307248805 	 34 	 200 	 3144 	 1
1787307248828 	 27 	 200 	 3144 	 0
1787307248906 	 34 	 200 	 3146 	 1
1787307248926 	 26 	 200 	 3147 	 1
1787307248948 	 14 	 200 	 3147 	 0
1787307249042 	 29 	 200 	 3149 	 1
1787307249047 	 29 	 200 	 3149 	 0
1787307249137 	 33 	 200 	 3151 	 1
1787307249143 	 31 	 200 	 3151 	 0
1787307249207 	 16 	 200 	 3152 	 0
1787307249252 	 15 	 200 	 3154 	 1
1787307249252 	 38 	 200 	 3154 	 0
1787307249297 	 17 	 200 	 3156 	 1
1787307249301 	 15 	 200 	 3156 	 0
1787307249372 	 18 	 200 	 3157 	 0
1787307249412 	 17 	 200 	 3158 	 0
1787307249468 	 17 	 200 	 3159 	 0
1787307249498 	 16 	 200 	 3160 	 0
1787307249647 	 29 	 200 	 3161 	 0
1787307249705 	 26 	 200 	 3162 	 0
1787307249765 	 18 	 200 	 3163 	 0
1787307249855 	 33 	 200 	 3165 	 1
1787307249869 	 24 	 200 	 3165 	 0
1787307250059 	 14 	 200 	 3167 	 1
1787307250067 	 20 	 200 	 3167 	 0
1787307250119 	 20 	 200 	 3168 	 0
1787307250173 	 24 	 200 	 3169 	 0
1787307250256 	 35 	 200 	 3173 	 3
1787307250261 	 31 	 200 	 3173 	 2
1787307250274 	 28 	 200 	 3173 	 1
1787307250278 	 54 	 200 	 3173 	 0
1787307250462 	 19 	 200 	 3174 	 0
1787307250527 	 13 	 200 	 3175 	 0
1787307250646 	 13 	 200 	 3176 	 0
1787307250757 	 17 	 200 	 3178 	 1
1787307250766 	 17 	 200 	 3178 	 0
1787307250831 	 16 	 200 	 3179 	 0
1787307250850 	 15 	 200 	 3181 	 1
1787307250849 	 17 	 200 	 3181 	 0
1787307250982 	 15 	 200 	 3182 	 0
1787307251149 	 30 	 200 	 3183 	 0
1787307251305 	 13 	 200 	 3185 	 1
1787307251310 	 14 	 200 	 3185 	 0
1787307251386 	 19 	 200 	 3186 	 0
1787307251408 	 14 	 200 	 3188 	 1
1787307251419 	 15 	 200 	 3189 	 1
1787307251425 	 13 	 200 	 3189 	 0
1787307251502 	 17 	 200 	 3190 	 0
1787307251604 	 25 	 200 	 3191 	 0
1787307251680 	 26 	 200 	 3194 	 2
1787307251697 	 16 	 200 	 3194 	 1
1787307251702 	 15 	 200 	 3194 	 0
1787307251766 	 26 	 200 	 3195 	 0
1787307251797 	 27 	 200 	 3197 	 1
1787307251819 	 13 	 200 	 3197 	 0
1787307251867 	 29 	 200 	 3199 	 1
1787307251886 	 18 	 200 	 3200 	 1
1787307251899 	 12 	 200 	 3200 	 0
1787307251939 	 13 	 200 	 3201 	 0
1787307251961 	 16 	 200 	 3202 	 0
1787307252104 	 19 	 200 	 3203 	 0
1787307252169 	 13 	 200 	 3205 	 1
1787307252183 	 28 	 200 	 3205 	 0
1787307252221 	 15 	 200 	 3206 	 0
1787307252275 	 18 	 200 	 3208 	 1
1787307252290 	 14 	 200 	 3208 	 0
1787307252324 	 12 	 200 	 3209 	 0
1787307252363 	 25 	 200 	 3212 	 2
1787307252363 	 25 	 200 	 3212 	 1
1787307252385 	 15 	 200 	 3212 	 0
1787307252420 	 16 	 200 	 3213 	 0
1787307252458 	 18 	 200 	 3214 	 0
1787307252490 	 20 	 200 	 3218 	 3
1787307252493 	 22 	 200 	 3218 	 2
1787307252507 	 16 	 200 	 3218 	 1
1787307252508 	 17 	 200 	 3218 	 0
1787307252563 	 23 	 200 	 3220 	 1
1787307252573 	 19 	 200 	 3220 	 0
1787307252623 	 20 	 200 	 3221 	 0
1787307252648 	 16 	 200 	 3222 	 0
1787307252666 	 13 	 200 	 3224 	 1
1787307252674 	 15 	 200 	 3225 	 1
1787307252686 	 13 	 200 	 3225 	 0
1787307252793 	 19 	 200 	 3226 	 0
1787307252821 	 18 	 200 	 3228 	 1
1787307252830 	 20 	 200 	 3229 	 1
1787307252847 	 13 	 200 	 3229 	 0
1787307252902 	 19 	 200 	 3231 	 1
1787307252904 	 19 	 200 	 3231 	 0
1787307252930 	 14 	 200 	 3232 	 0
1787307252975 	 16 	 200 	 3233 	 0
1787307253019 	 12 	 200 	 3234 	 0
1787307253088 	 23 	 200 	 3235 	 0
1787307253163 	 31 	 200 	 3236 	 0
1787307253275 	 22 	 200 	 3237 	 0
1787307253302 	 14 	 200 	 3238 	 0
1787307253326 	 46 	 200 	 3240 	 1
1787307253357 	 18 	 200 	 3240 	 0
1787307253437 	 12 	 200 	 3241 	 0
1787307253464 	 13 	 200 	 3242 	 0
1787307253620 	 16 	 200 	 3243 	 0
1787307253661 	 17 	 200 	 3244 	 0
1787307253728 	 14 	 200 	 3245 	 0
1787307253786 	 38 	 200 	 3246 	 0
1787307253859 	 18 	 200 	 3248 	 1
1787307253861 	 18 	 200 	 3248 	 0
1787307254045 	 15 	 200 	 3249 	 0
1787307254212 	 33 	 200 	 3250 	 0
1787307254307 	 36 	 200 	 3251 	 0
1787307254346 	 34 	 200 	 3253 	 1
1787307254361 	 26 	 200 	 3253 	 0
1787307254479 	 14 	 200 	 3254 	 0
1787307254506 	 13 	 200 	 3255 	 0
1787307254534 	 12 	 200 	 3256 	 0
1787307254660 	 19 	 200 	 3258 	 1
1787307254664 	 30 	 200 	 3258 	 0
1787307254718 	 12 	 200 	 3260 	 1
1787307254723 	 23 	 200 	 3260 	 0
1787307254954 	 13 	 200 	 3261 	 0
1787307254989 	 15 	 200 	 3263 	 1
1787307254982 	 26 	 200 	 3263 	 0
1787307255010 	 12 	 200 	 3264 	 0
1787307255039 	 29 	 200 	 3265 	 0
1787307255107 	 28 	 200 	 3266 	 0
1787307255142 	 13 	 200 	 3268 	 1
1787307255145 	 16 	 200 	 3268 	 0
1787307255176 	 19 	 200 	 3270 	 1
1787307255172 	 25 	 200 	 3270 	 0
1787307255225 	 13 	 200 	 3271 	 0
1787307255301 	 23 	 200 	 3273 	 1
1787307255316 	 15 	 200 	 3273 	 0
1787307255388 	 21 	 200 	 3274 	 0
1787307255461 	 14 	 200 	 3275 	 0
1787307255601 	 23 	 200 	 3277 	 1
1787307255613 	 15 	 200 	 3278 	 1
1787307255629 	 13 	 200 	 3278 	 0
1787307255660 	 15 	 200 	 3280 	 1
1787307255666 	 28 	 200 	 3280 	 0
1787307255896 	 14 	 200 	 3281 	 0
1787307255918 	 14 	 200 	 3282 	 0
1787307255937 	 12 	 200 	 3283 	 0
1787307255974 	 12 	 200 	 3284 	 0
1787307256039 	 26 	 200 	 3286 	 1
1787307256063 	 16 	 200 	 3286 	 0
1787307256100 	 17 	 200 	 3287 	 0
1787307256129 	 12 	 200 	 3288 	 0
1787307256305 	 14 	 200 	 3290 	 1
1787307256318 	 13 	 200 	 3291 	 1
1787307256330 	 15 	 200 	 3292 	 1
1787307256339 	 12 	 200 	 3292 	 0
1787307256353 	 13 	 200 	 3294 	 1
1787307256360 	 13 	 200 	 3295 	 1
1787307256368 	 16 	 200 	 3295 	 0
1787307256416 	 14 	 200 	 3297 	 1
1787307256422 	 15 	 200 	 3297 	 0
1787307256496 	 20 	 200 	 3299 	 1
1787307256546 	 12 	 200 	 3300 	 1
1787307256600 	 21 	 200 	 3301 	 1
1787307256640 	 14 	 200 	 3303 	 2
1787307256648 	 22 	 200 	 3303 	 1
1787307256730 	 15 	 200 	 3304 	 1
1787307256812 	 16 	 200 	 3305 	 1
1787307256840 	 14 	 200 	 3306 	 1
1787307256862 	 14 	 200 	 3308 	 2
1787307256876 	 45 	 200 	 3308 	 1
1787307256488 	 443 	 200 	 3308 	 0
1787307257013 	 16 	 200 	 3310 	 1
1787307257025 	 13 	 200 	 3310 	 0
1787307257166 	 30 	 200 	 3312 	 1
1787307257186 	 19 	 200 	 3312 	 0
1787307257229 	 13 	 200 	 3314 	 1
1787307257239 	 16 	 200 	 3314 	 0
1787307257318 	 13 	 200 	 3316 	 1
1787307257332 	 13 	 200 	 3316 	 0
1787307257359 	 14 	 200 	 3317 	 0
1787307257407 	 20 	 200 	 3318 	 0
1787307257440 	 13 	 200 	 3319 	 0
1787307257466 	 12 	 200 	 3320 	 0
1787307257570 	 26 	 200 	 3322 	 1
1787307257589 	 14 	 200 	 3322 	 0
1787307257644 	 14 	 200 	 3323 	 0
1787307257673 	 12 	 200 	 3324 	 0
1787307257698 	 13 	 200 	 3325 	 0
1787307257740 	 13 	 200 	 3326 	 0
1787307257772 	 16 	 200 	 3327 	 0
1787307257859 	 40 	 200 	 3328 	 0
1787307257936 	 14 	 200 	 3330 	 1
1787307257946 	 15 	 200 	 3330 	 0
1787307257966 	 20 	 200 	 3331 	 0
1787307258024 	 34 	 200 	 3332 	 0
1787307258122 	 32 	 200 	 3334 	 1
1787307258124 	 31 	 200 	 3334 	 0
1787307258168 	 28 	 200 	 3335 	 0
1787307258206 	 14 	 200 	 3337 	 1
1787307258215 	 17 	 200 	 3339 	 2
1787307258222 	 15 	 200 	 3339 	 1
1787307258227 	 18 	 200 	 3339 	 0
1787307258266 	 14 	 200 	 3340 	 0
1787307258293 	 15 	 200 	 3341 	 0
1787307258386 	 16 	 200 	 3342 	 0
1787307258439 	 17 	 200 	 3344 	 1
1787307258451 	 12 	 200 	 3345 	 1
1787307258463 	 13 	 200 	 3345 	 0
1787307258552 	 14 	 200 	 3346 	 0
1787307258650 	 13 	 200 	 3347 	 0
1787307258700 	 15 	 200 	 3349 	 1
1787307258713 	 14 	 200 	 3349 	 0
1787307258747 	 14 	 200 	 3350 	 0
1787307258811 	 14 	 200 	 3353 	 2
1787307258813 	 17 	 200 	 3353 	 1
1787307258825 	 13 	 200 	 3353 	 0
1787307258895 	 20 	 200 	 3355 	 1
1787307258900 	 23 	 200 	 3355 	 0
1787307258970 	 33 	 200 	 3357 	 1
1787307258977 	 29 	 200 	 3357 	 0
1787307259074 	 34 	 200 	 3358 	 0
1787307259126 	 12 	 200 	 3359 	 0
1787307259178 	 19 	 200 	 3360 	 0
1787307259215 	 18 	 200 	 3362 	 1
1787307259214 	 19 	 200 	 3362 	 0
1787307259246 	 13 	 200 	 3363 	 0
1787307259265 	 17 	 200 	 3364 	 0
1787307259394 	 35 	 200 	 3365 	 0
1787307259464 	 13 	 200 	 3367 	 1
1787307259470 	 24 	 200 	 3367 	 0
1787307259662 	 40 	 200 	 3370 	 2
1787307259678 	 27 	 200 	 3370 	 1
1787307259701 	 13 	 200 	 3370 	 0
1787307259789 	 14 	 200 	 3371 	 0
1787307260003 	 23 	 200 	 3372 	 0
1787307260093 	 12 	 200 	 3373 	 0
1787307260107 	 14 	 200 	 3374 	 0
1787307260126 	 13 	 200 	 3375 	 0
1787307260282 	 16 	 200 	 3376 	 0
1787307260315 	 32 	 200 	 3377 	 0
1787307260371 	 21 	 200 	 3378 	 0
1787307260408 	 13 	 200 	 3379 	 0
1787307260433 	 12 	 200 	 3380 	 0
1787307260486 	 27 	 200 	 3381 	 0
1787307260579 	 31 	 200 	 3384 	 2
1787307260594 	 23 	 200 	 3384 	 1
1787307260597 	 24 	 200 	 3384 	 0
1787307260686 	 14 	 200 	 3385 	 0
1787307260884 	 23 	 200 	 3386 	 0
1787307260954 	 13 	 200 	 3387 	 0
1787307261055 	 13 	 200 	 3388 	 0
1787307261070 	 13 	 200 	 3389 	 0
1787307261104 	 14 	 200 	 3390 	 0
1787307261193 	 14 	 200 	 3391 	 0
1787307261284 	 28 	 200 	 3392 	 0
1787307261344 	 27 	 200 	 3394 	 1
1787307261363 	 17 	 200 	 3394 	 0
1787307261428 	 31 	 200 	 3395 	 0
1787307261497 	 17 	 200 	 3397 	 1
1787307261509 	 18 	 200 	 3397 	 0
1787307261573 	 14 	 200 	 3398 	 0
1787307261591 	 15 	 200 	 3399 	 0
1787307261651 	 13 	 200 	 3401 	 1
1787307261650 	 15 	 200 	 3401 	 0
1787307261721 	 15 	 200 	 3404 	 2
1787307261726 	 15 	 200 	 3404 	 1
1787307261731 	 18 	 200 	 3404 	 0
1787307261753 	 12 	 200 	 3405 	 0
1787307261772 	 17 	 200 	 3406 	 0
1787307261865 	 13 	 200 	 3408 	 1
1787307261871 	 12 	 200 	 3408 	 0
1787307261891 	 14 	 200 	 3409 	 0
1787307261924 	 13 	 200 	 3410 	 0
1787307261958 	 23 	 200 	 3411 	 0
1787307262033 	 37 	 200 	 3413 	 1
1787307262069 	 32 	 200 	 3416 	 3
1787307262074 	 29 	 200 	 3416 	 2
1787307262081 	 25 	 200 	 3416 	 1
1787307262085 	 21 	 200 	 3416 	 0
1787307262113 	 13 	 200 	 3417 	 0
1787307262251 	 12 	 200 	 3418 	 0
1787307262327 	 33 	 200 	 3419 	 0
1787307262400 	 15 	 200 	 3420 	 0
1787307262652 	 16 	 200 	 3421 	 0
1787307262723 	 14 	 200 	 3422 	 0
1787307262815 	 41 	 200 	 3424 	 1
1787307262837 	 24 	 200 	 3424 	 0
1787307262870 	 15 	 200 	 3425 	 0
1787307262896 	 16 	 200 	 3426 	 0
1787307262950 	 27 	 200 	 3428 	 1
1787307262978 	 12 	 200 	 3429 	 1
1787307262989 	 13 	 200 	 3429 	 0
1787307263044 	 13 	 200 	 3430 	 0
1787307263109 	 15 	 200 	 3431 	 0
1787307263204 	 16 	 200 	 3433 	 1
1787307263213 	 16 	 200 	 3433 	 0
1787307263273 	 18 	 200 	 3434 	 0
1787307263375 	 14 	 200 	 3435 	 0
1787307263452 	 34 	 200 	 3436 	 0
1787307263563 	 15 	 200 	 3437 	 0
1787307263653 	 15 	 200 	 3438 	 0
1787307263753 	 25 	 200 	 3440 	 1
1787307263763 	 30 	 200 	 3441 	 1
1787307263791 	 16 	 200 	 3441 	 0
1787307263810 	 21 	 200 	 3442 	 0
1787307263915 	 18 	 200 	 3445 	 2
1787307263917 	 20 	 200 	 3445 	 1
1787307263918 	 34 	 200 	 3445 	 0
1787307263973 	 15 	 200 	 3446 	 0
1787307263994 	 12 	 200 	 3447 	 0
1787307264083 	 29 	 200 	 3449 	 1
1787307264111 	 18 	 200 	 3449 	 0
1787307264285 	 16 	 200 	 3450 	 0
1787307264410 	 18 	 200 	 3452 	 1
1787307264417 	 14 	 200 	 3452 	 0
1787307264518 	 16 	 200 	 3453 	 0
1787307264561 	 32 	 200 	 3458 	 4
1787307264563 	 37 	 200 	 3458 	 3
1787307264581 	 20 	 200 	 3458 	 2
1787307264567 	 37 	 200 	 3458 	 1
1787307264587 	 18 	 200 	 3458 	 0
1787307264624 	 13 	 200 	 3459 	 0
1787307264643 	 14 	 200 	 3460 	 0
1787307264672 	 14 	 200 	 3461 	 0
1787307264730 	 14 	 200 	 3462 	 0
1787307264823 	 14 	 200 	 3463 	 0
1787307264864 	 13 	 200 	 3464 	 0
1787307264893 	 28 	 200 	 3466 	 1
1787307264898 	 39 	 200 	 3466 	 0
1787307264942 	 13 	 200 	 3467 	 0
1787307264969 	 15 	 200 	 3468 	 0
1787307265024 	 32 	 200 	 3469 	 0
1787307265061 	 12 	 200 	 3471 	 1
1787307265064 	 13 	 200 	 3471 	 0
1787307265079 	 13 	 200 	 3472 	 0
1787307265121 	 15 	 200 	 3473 	 0
1787307265153 	 25 	 200 	 3476 	 2
1787307265167 	 24 	 200 	 3476 	 1
1787307265174 	 24 	 200 	 3476 	 0
1787307265304 	 16 	 200 	 3477 	 0
1787307265437 	 25 	 200 	 3479 	 1
1787307265456 	 22 	 200 	 3479 	 0
1787307265559 	 19 	 200 	 3481 	 1
1787307265574 	 13 	 200 	 3481 	 0
1787307265601 	 14 	 200 	 3482 	 0
1787307265692 	 13 	 200 	 3483 	 0
1787307265809 	 21 	 200 	 3484 	 0
1787307265904 	 14 	 200 	 3485 	 0
1787307265983 	 24 	 200 	 3489 	 3
1787307265999 	 16 	 200 	 3490 	 3
1787307266005 	 15 	 200 	 3490 	 2
1787307266011 	 14 	 200 	 3490 	 1
1787307266008 	 21 	 200 	 3490 	 0
1787307266232 	 21 	 200 	 3492 	 1
1787307266229 	 24 	 200 	 3492 	 0
1787307266298 	 15 	 200 	 3493 	 0
1787307266325 	 13 	 200 	 3494 	 0
1787307266383 	 13 	 200 	 3495 	 0
1787307266416 	 18 	 200 	 3496 	 0
1787307266505 	 17 	 200 	 3497 	 0
1787307266528 	 12 	 200 	 3498 	 0
1787307266601 	 16 	 200 	 3500 	 1
1787307266606 	 14 	 200 	 3500 	 0
1787307266700 	 32 	 200 	 3502 	 1
1787307266722 	 20 	 200 	 3502 	 0
1787307266773 	 38 	 200 	 3504 	 1
1787307266798 	 16 	 200 	 3504 	 0
1787307266981 	 30 	 200 	 3505 	 0
1787307267124 	 12 	 200 	 3506 	 0
1787307267138 	 12 	 200 	 3507 	 0
1787307267162 	 19 	 200 	 3508 	 0
1787307267216 	 15 	 200 	 3512 	 3
1787307267220 	 15 	 200 	 3512 	 2
1787307267222 	 17 	 200 	 3512 	 1
1787307267229 	 15 	 200 	 3512 	 0
1787307267316 	 14 	 200 	 3514 	 1
1787307267330 	 15 	 200 	 3515 	 1
1787307267341 	 15 	 200 	 3515 	 0
1787307267388 	 15 	 200 	 3516 	 0
1787307267420 	 16 	 200 	 3518 	 1
1787307267432 	 17 	 200 	 3518 	 0
1787307267469 	 18 	 200 	 3520 	 1
1787307267479 	 13 	 200 	 3520 	 0
1787307267516 	 18 	 200 	 3521 	 0
1787307267591 	 13 	 200 	 3523 	 1
1787307267600 	 15 	 200 	 3523 	 0
1787307267672 	 14 	 200 	 3524 	 0
1787307267717 	 14 	 200 	 3525 	 0
1787307267754 	 13 	 200 	 3526 	 0
1787307267778 	 20 	 200 	 3527 	 0
1787307267832 	 16 	 200 	 3528 	 0
1787307267865 	 12 	 200 	 3529 	 0
1787307267968 	 14 	 200 	 3530 	 0
1787307268025 	 14 	 200 	 3531 	 0
1787307268058 	 30 	 200 	 3533 	 1
1787307268087 	 24 	 200 	 3533 	 0
1787307268195 	 39 	 200 	 3534 	 0
1787307268296 	 29 	 200 	 3537 	 2
1787307268313 	 21 	 200 	 3537 	 1
1787307268320 	 23 	 200 	 3537 	 0
1787307268401 	 15 	 200 	 3538 	 0
1787307268434 	 13 	 200 	 3539 	 0
1787307268530 	 29 	 200 	 3541 	 2
1787307268559 	 16 	 200 	 3542 	 1
1787307268560 	 17 	 200 	 3542 	 0
1787307268610 	 14 	 200 	 3543 	 0
1787307268686 	 25 	 200 	 3544 	 0
1787307268848 	 15 	 200 	 3545 	 0
1787307268887 	 14 	 200 	 3547 	 1
1787307268896 	 16 	 200 	 3547 	 0
1787307268931 	 14 	 200 	 3549 	 1
1787307268964 	 15 	 200 	 3550 	 1
1787307269150 	 21 	 200 	 3552 	 2
1787307269145 	 26 	 200 	 3552 	 1
1787307269198 	 24 	 200 	 3555 	 3
1787307269203 	 21 	 200 	 3555 	 2
1787307269202 	 26 	 200 	 3555 	 1
1787307268929 	 357 	 200 	 3556 	 1
1787307269270 	 20 	 200 	 3556 	 0
1787307269303 	 15 	 200 	 3557 	 0
1787307269356 	 16 	 200 	 3558 	 0
1787307269392 	 15 	 200 	 3559 	 0
1787307269512 	 17 	 200 	 3560 	 0
1787307269559 	 27 	 200 	 3563 	 2
1787307269561 	 29 	 200 	 3563 	 1
1787307269581 	 13 	 200 	 3563 	 0
1787307269622 	 16 	 200 	 3564 	 0
1787307269677 	 19 	 200 	 3565 	 0
1787307269714 	 14 	 200 	 3566 	 0
1787307269789 	 19 	 200 	 3568 	 1
1787307269792 	 19 	 200 	 3568 	 0
1787307269850 	 22 	 200 	 3570 	 1
1787307269863 	 19 	 200 	 3570 	 0
1787307269885 	 14 	 200 	 3573 	 2
1787307269888 	 13 	 200 	 3573 	 1
1787307269895 	 14 	 200 	 3573 	 0
1787307269930 	 18 	 200 	 3574 	 0
1787307270211 	 28 	 200 	 3575 	 0
1787307270325 	 27 	 200 	 3577 	 1
1787307270349 	 16 	 200 	 3577 	 0
1787307270370 	 13 	 200 	 3578 	 0
1787307270509 	 15 	 200 	 3579 	 0
1787307270729 	 28 	 200 	 3581 	 1
1787307270743 	 21 	 200 	 3581 	 0
1787307270797 	 18 	 200 	 3583 	 1
1787307270815 	 12 	 200 	 3583 	 0
1787307270896 	 30 	 200 	 3584 	 0
1787307270938 	 15 	 200 	 3586 	 1
1787307270943 	 15 	 200 	 3586 	 0
1787307271033 	 36 	 200 	 3587 	 0
1787307271116 	 13 	 200 	 3588 	 0
1787307271157 	 23 	 200 	 3589 	 0
1787307271222 	 14 	 200 	 3592 	 2
1787307271225 	 16 	 200 	 3592 	 1
1787307271233 	 18 	 200 	 3592 	 0
1787307271277 	 20 	 200 	 3593 	 0
1787307271377 	 24 	 200 	 3594 	 0
1787307271453 	 20 	 200 	 3595 	 0
1787307271545 	 37 	 200 	 3597 	 1
1787307271556 	 27 	 200 	 3597 	 0
1787307271638 	 32 	 200 	 3598 	 0
1787307271737 	 26 	 200 	 3600 	 1
1787307271758 	 12 	 200 	 3601 	 1
1787307271771 	 13 	 200 	 3601 	 0
1787307271920 	 14 	 200 	 3603 	 1
1787307271933 	 26 	 200 	 3603 	 0
1787307271967 	 15 	 200 	 3604 	 0
1787307271984 	 12 	 200 	 3605 	 0
1787307272023 	 36 	 200 	 3606 	 0
1787307272092 	 48 	 200 	 3607 	 0
1787307272156 	 15 	 200 	 3608 	 0
1787307272208 	 15 	 200 	 3609 	 0
1787307272248 	 17 	 200 	 3610 	 0
1787307272276 	 13 	 200 	 3611 	 0
1787307272397 	 15 	 200 	 3613 	 1
1787307272421 	 45 	 200 	 3615 	 2
1787307272453 	 17 	 200 	 3615 	 1
1787307272348 	 122 	 200 	 3615 	 0
1787307272621 	 12 	 200 	 3616 	 0
1787307272685 	 37 	 200 	 3617 	 0
1787307272820 	 15 	 200 	 3618 	 0
1787307272896 	 39 	 200 	 3620 	 1
1787307272896 	 43 	 200 	 3620 	 0
1787307272985 	 13 	 200 	 3622 	 1
1787307272995 	 13 	 200 	 3622 	 0
1787307273142 	 34 	 200 	 3624 	 1
1787307273153 	 35 	 200 	 3624 	 0
1787307273251 	 14 	 200 	 3625 	 0
1787307273300 	 14 	 200 	 3626 	 0
1787307273344 	 15 	 200 	 3629 	 2
1787307273351 	 13 	 200 	 3629 	 1
1787307273351 	 26 	 200 	 3629 	 0
1787307273394 	 16 	 200 	 3631 	 1
1787307273395 	 20 	 200 	 3631 	 0
1787307273427 	 12 	 200 	 3632 	 0
1787307273458 	 14 	 200 	 3633 	 0
1787307273530 	 13 	 200 	 3634 	 0
1787307273625 	 14 	 200 	 3637 	 2
1787307273636 	 29 	 200 	 3637 	 1
1787307273567 	 153 	 200 	 3637 	 0
1787307273722 	 14 	 200 	 3638 	 0
1787307273790 	 14 	 200 	 3639 	 0
1787307273810 	 12 	 200 	 3640 	 0
1787307273857 	 16 	 200 	 3642 	 1
1787307273870 	 12 	 200 	 3642 	 0
1787307274115 	 32 	 200 	 3645 	 2
1787307274124 	 24 	 200 	 3645 	 1
1787307274133 	 18 	 200 	 3645 	 0
1787307274262 	 13 	 200 	 3646 	 0
1787307274421 	 27 	 200 	 3647 	 0
1787307274480 	 12 	 200 	 3648 	 0
1787307274609 	 18 	 200 	 3649 	 0
1787307274883 	 20 	 200 	 3650 	 0
1787307274930 	 15 	 200 	 3651 	 0
1787307274964 	 14 	 200 	 3653 	 1
1787307274964 	 23 	 200 	 3653 	 0
1787307275010 	 14 	 200 	 3654 	 0
1787307275072 	 31 	 200 	 3655 	 0
1787307275127 	 13 	 200 	 3657 	 1
1787307275140 	 12 	 200 	 3657 	 0
1787307275209 	 20 	 200 	 3659 	 1
1787307275211 	 24 	 200 	 3659 	 0
1787307275242 	 15 	 200 	 3660 	 0
1787307275276 	 13 	 200 	 3661 	 0
1787307275487 	 74 	 200 	 3662 	 0
1787307275579 	 17 	 200 	 3663 	 0
1787307275626 	 14 	 200 	 3664 	 0
1787307275691 	 18 	 200 	 3666 	 1
1787307275705 	 14 	 200 	 3666 	 0
1787307275844 	 15 	 200 	 3667 	 0
1787307275898 	 12 	 200 	 3668 	 0
1787307275920 	 13 	 200 	 3669 	 0
1787307275972 	 14 	 200 	 3670 	 0
1787307276053 	 32 	 200 	 3673 	 2
1787307276065 	 28 	 200 	 3673 	 1
1787307276070 	 28 	 200 	 3674 	 1
1787307276097 	 13 	 200 	 3674 	 0
1787307276116 	 12 	 200 	 3675 	 0
1787307276168 	 15 	 200 	 3676 	 0
1787307276260 	 19 	 200 	 3677 	 0
1787307276351 	 34 	 200 	 3678 	 0
1787307276571 	 22 	 200 	 3679 	 0
1787307276616 	 14 	 200 	 3681 	 1
1787307276615 	 17 	 200 	 3681 	 0
1787307276634 	 14 	 200 	 3682 	 0
1787307276683 	 13 	 200 	 3683 	 0
1787307276750 	 23 	 200 	 3684 	 0
1787307276852 	 15 	 200 	 3686 	 1
1787307276859 	 14 	 200 	 3686 	 0
1787307277074 	 21 	 200 	 3690 	 3
1787307277067 	 41 	 200 	 3690 	 2
1787307277057 	 52 	 200 	 3690 	 1
1787307277035 	 76 	 200 	 3690 	 0
1787307277125 	 33 	 200 	 3692 	 1
1787307277126 	 51 	 200 	 3692 	 0
1787307277221 	 15 	 200 	 3693 	 0
1787307277246 	 12 	 200 	 3694 	 0
1787307277333 	 41 	 200 	 3697 	 2
1787307277338 	 39 	 200 	 3697 	 1
1787307277368 	 18 	 200 	 3697 	 0
1787307277447 	 13 	 200 	 3698 	 0
1787307277467 	 14 	 200 	 3699 	 0
1787307277556 	 31 	 200 	 3701 	 1
1787307277563 	 27 	 200 	 3701 	 0
1787307277632 	 16 	 200 	 3703 	 1
1787307277637 	 13 	 200 	 3703 	 0
1787307277698 	 15 	 200 	 3704 	 0
1787307277715 	 13 	 200 	 3705 	 0
1787307277774 	 21 	 200 	 3706 	 0
1787307277805 	 13 	 200 	 3707 	 0
1787307277851 	 17 	 200 	 3711 	 3
1787307277822 	 50 	 200 	 3711 	 2
1787307277854 	 20 	 200 	 3711 	 1
1787307277860 	 17 	 200 	 3711 	 0
1787307277946 	 13 	 200 	 3712 	 0
1787307277965 	 18 	 200 	 3713 	 0
1787307278079 	 13 	 200 	 3714 	 0
1787307278104 	 15 	 200 	 3715 	 0
1787307278123 	 12 	 200 	 3716 	 0
1787307278199 	 20 	 200 	 3717 	 0
1787307278295 	 17 	 200 	 3718 	 0
1787307278314 	 12 	 200 	 3719 	 0
1787307278503 	 14 	 200 	 3720 	 0
1787307278534 	 13 	 200 	 3722 	 1
1787307278540 	 19 	 200 	 3722 	 0
1787307278601 	 13 	 200 	 3723 	 0
1787307278626 	 41 	 200 	 3724 	 0
1787307278694 	 18 	 200 	 3727 	 2
1787307278707 	 21 	 200 	 3727 	 1
1787307278710 	 21 	 200 	 3727 	 0
1787307278740 	 16 	 200 	 3728 	 0
1787307278773 	 22 	 200 	 3731 	 2
1787307278786 	 17 	 200 	 3731 	 1
1787307278789 	 15 	 200 	 3731 	 0
1787307278815 	 15 	 200 	 3732 	 0
1787307278977 	 35 	 200 	 3733 	 0
1787307279066 	 24 	 200 	 3734 	 0
1787307279113 	 17 	 200 	 3736 	 1
1787307279123 	 12 	 200 	 3736 	 0
1787307279219 	 18 	 200 	 3738 	 1
1787307279229 	 14 	 200 	 3738 	 0
1787307279303 	 14 	 200 	 3739 	 0
1787307279410 	 21 	 200 	 3741 	 1
1787307279423 	 13 	 200 	 3741 	 0
1787307279527 	 23 	 200 	 3744 	 2
1787307279532 	 21 	 200 	 3744 	 1
1787307279545 	 15 	 200 	 3744 	 0
1787307279606 	 13 	 200 	 3745 	 0
1787307279638 	 12 	 200 	 3746 	 0
1787307279712 	 15 	 200 	 3747 	 0
1787307279739 	 14 	 200 	 3750 	 2
1787307279748 	 15 	 200 	 3750 	 1
1787307279749 	 20 	 200 	 3750 	 0
1787307279870 	 14 	 200 	 3751 	 0
1787307279911 	 14 	 200 	 3752 	 0
1787307279927 	 12 	 200 	 3753 	 0
1787307279961 	 14 	 200 	 3754 	 0
1787307280070 	 16 	 200 	 3755 	 0
1787307280124 	 13 	 200 	 3756 	 0
1787307280156 	 15 	 200 	 3757 	 0
1787307280191 	 24 	 200 	 3758 	 0
1787307280217 	 19 	 200 	 3760 	 1
1787307280218 	 19 	 200 	 3760 	 0
1787307280268 	 14 	 200 	 3761 	 0
1787307280298 	 13 	 200 	 3762 	 0
1787307280434 	 28 	 200 	 3764 	 1
1787307280453 	 19 	 200 	 3764 	 0
1787307280651 	 20 	 200 	 3766 	 1
1787307280665 	 14 	 200 	 3766 	 0
1787307280766 	 22 	 200 	 3767 	 0
1787307280820 	 29 	 200 	 3769 	 1
1787307280842 	 16 	 200 	 3769 	 0
1787307280948 	 37 	 200 	 3771 	 1
1787307280954 	 35 	 200 	 3771 	 0
1787307281087 	 40 	 200 	 3775 	 3
1787307281089 	 38 	 200 	 3775 	 2
1787307281115 	 18 	 200 	 3775 	 1
1787307281127 	 15 	 200 	 3775 	 0
1787307281153 	 16 	 200 	 3776 	 0
1787307281305 	 13 	 200 	 3777 	 0
1787307281346 	 27 	 200 	 3779 	 1
1787307281367 	 16 	 200 	 3780 	 1
1787307281376 	 12 	 200 	 3780 	 0
1787307281405 	 14 	 200 	 3781 	 0
1787307281478 	 12 	 200 	 3782 	 0
1787307281492 	 15 	 200 	 3783 	 0
1787307281568 	 18 	 200 	 3785 	 1
1787307281575 	 14 	 200 	 3785 	 0
1787307281596 	 14 	 200 	 3786 	 0
1787307281644 	 16 	 200 	 3788 	 1
1787307281657 	 16 	 200 	 3788 	 0
1787307281748 	 13 	 200 	 3789 	 0
1787307281814 	 14 	 200 	 3790 	 0
1787307282021 	 14 	 200 	 3792 	 1
1787307282029 	 34 	 200 	 3792 	 1
1787307282064 	 15 	 200 	 3793 	 0
1787307282083 	 18 	 200 	 3795 	 1
1787307282097 	 13 	 200 	 3795 	 0
1787307282181 	 36 	 200 	 3797 	 1
1787307282210 	 15 	 200 	 3797 	 0
1787307282227 	 14 	 200 	 3798 	 0
1787307282324 	 16 	 200 	 3799 	 0
1787307282419 	 31 	 200 	 3802 	 2
1787307282425 	 32 	 200 	 3802 	 1
1787307282446 	 17 	 200 	 3802 	 0
1787307282552 	 21 	 200 	 3804 	 1
1787307282557 	 16 	 200 	 3804 	 0
1787307282579 	 14 	 200 	 3805 	 0
1787307282699 	 14 	 200 	 3806 	 0
1787307282758 	 30 	 200 	 3808 	 1
1787307282776 	 17 	 200 	 3808 	 0
1787307282840 	 13 	 200 	 3809 	 0
1787307282883 	 13 	 200 	 3811 	 1
1787307282892 	 14 	 200 	 3811 	 0
1787307282941 	 23 	 200 	 3812 	 0
1787307282993 	 14 	 200 	 3813 	 0
1787307283037 	 13 	 200 	 3817 	 3
1787307283041 	 17 	 200 	 3818 	 3
1787307283049 	 17 	 200 	 3818 	 2
1787307283051 	 15 	 200 	 3818 	 1
1787307283058 	 15 	 200 	 3818 	 0
1787307283082 	 15 	 200 	 3820 	 1
1787307283095 	 15 	 200 	 3821 	 1
1787307283101 	 12 	 200 	 3821 	 0
1787307283213 	 14 	 200 	 3822 	 0
1787307283282 	 17 	 200 	 3824 	 1
1787307283286 	 15 	 200 	 3824 	 0
1787307283318 	 15 	 200 	 3826 	 1
1787307283329 	 14 	 200 	 3826 	 0
1787307283369 	 21 	 200 	 3828 	 1
1787307283374 	 21 	 200 	 3828 	 0
1787307283558 	 26 	 200 	 3829 	 0
1787307283591 	 14 	 200 	 3830 	 0
1787307283652 	 13 	 200 	 3831 	 0
1787307283674 	 15 	 200 	 3832 	 0
1787307283731 	 32 	 200 	 3833 	 0
1787307283809 	 23 	 200 	 3835 	 1
1787307283824 	 17 	 200 	 3835 	 0
1787307283866 	 14 	 200 	 3837 	 1
1787307283879 	 17 	 200 	 3838 	 1
1787307283883 	 13 	 200 	 3838 	 0
1787307283973 	 38 	 200 	 3840 	 1
1787307284005 	 24 	 200 	 3840 	 0
1787307284044 	 16 	 200 	 3841 	 0
1787307284077 	 36 	 200 	 3842 	 0
1787307284128 	 13 	 200 	 3843 	 0
1787307284300 	 15 	 200 	 3844 	 0
1787307284326 	 13 	 200 	 3845 	 0
1787307284415 	 14 	 200 	 3846 	 0
1787307284449 	 14 	 200 	 3847 	 0
1787307284528 	 14 	 200 	 3849 	 1
1787307284541 	 15 	 200 	 3849 	 0
1787307284564 	 13 	 200 	 3850 	 0
1787307284588 	 14 	 200 	 3851 	 0
1787307284615 	 17 	 200 	 3852 	 0
1787307284726 	 14 	 200 	 3853 	 0
1787307284800 	 19 	 200 	 3854 	 0
1787307284861 	 14 	 200 	 3856 	 1
1787307284867 	 14 	 200 	 3856 	 0
1787307285047 	 33 	 200 	 3858 	 1
1787307285061 	 30 	 200 	 3859 	 1
1787307285090 	 21 	 200 	 3859 	 0
1787307285135 	 20 	 200 	 3861 	 1
1787307285154 	 15 	 200 	 3861 	 0
1787307285178 	 18 	 200 	 3862 	 0
1787307285306 	 12 	 200 	 3863 	 0
1787307285376 	 31 	 200 	 3864 	 0
1787307285510 	 13 	 200 	 3865 	 0
1787307285582 	 16 	 200 	 3866 	 0
1787307285638 	 12 	 200 	 3868 	 1
1787307285637 	 17 	 200 	 3868 	 0
1787307285659 	 13 	 200 	 3870 	 1
1787307285669 	 13 	 200 	 3870 	 0
1787307285706 	 13 	 200 	 3871 	 0
1787307285745 	 17 	 200 	 3872 	 0
1787307285882 	 33 	 200 	 3873 	 0
1787307285978 	 33 	 200 	 3874 	 0
1787307286112 	 15 	 200 	 3875 	 0
1787307286150 	 35 	 200 	 3876 	 0
1787307286200 	 28 	 200 	 3877 	 0
1787307286254 	 15 	 200 	 3879 	 1
1787307286249 	 34 	 200 	 3879 	 0
1787307286311 	 21 	 200 	 3882 	 2
1787307286317 	 17 	 200 	 3882 	 1
1787307286330 	 15 	 200 	 3882 	 0
1787307286422 	 17 	 200 	 3883 	 0
1787307286486 	 14 	 200 	 3884 	 0
1787307286535 	 15 	 200 	 3885 	 0
1787307286609 	 25 	 200 	 3887 	 1
1787307286626 	 21 	 200 	 3887 	 0
1787307286673 	 18 	 200 	 3890 	 2
1787307286680 	 16 	 200 	 3890 	 1
1787307286679 	 114 	 200 	 3890 	 0
1787307286808 	 22 	 200 	 3891 	 0
1787307286875 	 14 	 200 	 3892 	 0
1787307286980 	 31 	 200 	 3894 	 1
1787307286985 	 64 	 200 	 3897 	 3
1787307287028 	 26 	 200 	 3897 	 2
1787307287031 	 30 	 200 	 3898 	 2
1787307287039 	 24 	 200 	 3898 	 1
1787307287063 	 11 	 200 	 3898 	 0
1787307287120 	 15 	 200 	 3900 	 1
1787307287122 	 14 	 200 	 3900 	 0
1787307287154 	 13 	 200 	 3901 	 0
1787307287177 	 12 	 200 	 3902 	 0
1787307287250 	 17 	 200 	 3904 	 1
1787307287263 	 26 	 200 	 3906 	 2
1787307287272 	 17 	 200 	 3906 	 1
1787307287285 	 14 	 200 	 3906 	 0
1787307287307 	 13 	 200 	 3907 	 0
1787307287469 	 14 	 200 	 3909 	 1
1787307287520 	 12 	 200 	 3910 	 1
1787307287476 	 58 	 200 	 3910 	 0
1787307287709 	 17 	 200 	 3912 	 1
1787307287710 	 16 	 200 	 3912 	 0
1787307287734 	 13 	 200 	 3913 	 0
1787307287830 	 37 	 200 	 3915 	 1
1787307287855 	 29 	 200 	 3915 	 0
1787307287961 	 25 	 200 	 3916 	 0
1787307288018 	 13 	 200 	 3917 	 0
1787307288063 	 13 	 200 	 3918 	 0
1787307288160 	 33 	 200 	 3920 	 1
1787307288172 	 28 	 200 	 3920 	 0
1787307288242 	 19 	 200 	 3921 	 0
1787307288264 	 13 	 200 	 3922 	 0
1787307288364 	 35 	 200 	 3924 	 1
1787307288395 	 16 	 200 	 3924 	 0
1787307288437 	 14 	 200 	 3926 	 1
1787307288451 	 13 	 200 	 3926 	 0
1787307288486 	 32 	 200 	 3928 	 1
1787307288506 	 18 	 200 	 3928 	 0
1787307288526 	 15 	 200 	 3929 	 0
1787307288581 	 15 	 200 	 3930 	 1
1787307288597 	 15 	 200 	 3931 	 0
1787307288633 	 12 	 200 	 3932 	 0
1787307288692 	 13 	 200 	 3933 	 0
1787307288722 	 12 	 200 	 3934 	 0
1787307288805 	 32 	 200 	 3935 	 0
1787307288852 	 34 	 200 	 3936 	 0
1787307289130 	 13 	 200 	 3937 	 0
1787307289154 	 14 	 200 	 3938 	 0
1787307289257 	 12 	 200 	 3939 	 0
1787307289362 	 34 	 200 	 3940 	 0
1787307289438 	 26 	 200 	 3943 	 2
1787307289447 	 19 	 200 	 3943 	 1
1787307289452 	 16 	 200 	 3943 	 0
1787307289526 	 14 	 200 	 3944 	 0
1787307289549 	 16 	 200 	 3945 	 0
1787307289570 	 20 	 200 	 3948 	 2
1787307289580 	 18 	 200 	 3948 	 1
1787307289584 	 25 	 200 	 3949 	 1
1787307289601 	 14 	 200 	 3950 	 1
1787307289614 	 13 	 200 	 3950 	 0
1787307289737 	 22 	 200 	 3951 	 0
1787307289768 	 14 	 200 	 3952 	 0
1787307289791 	 14 	 200 	 3953 	 0
1787307289829 	 15 	 200 	 3954 	 0
1787307290023 	 31 	 200 	 3955 	 0
1787307290155 	 38 	 200 	 3958 	 2
1787307290181 	 25 	 200 	 3958 	 1
1787307290193 	 20 	 200 	 3958 	 0
1787307290234 	 13 	 200 	 3959 	 0
1787307290337 	 19 	 200 	 3961 	 1
1787307290352 	 14 	 200 	 3961 	 0
1787307290408 	 15 	 200 	 3963 	 1
1787307290410 	 15 	 200 	 3963 	 0
1787307290458 	 15 	 200 	 3964 	 0
1787307290537 	 17 	 200 	 3965 	 0
1787307290664 	 73 	 200 	 3967 	 1
1787307290698 	 40 	 200 	 3967 	 0
1787307290807 	 21 	 200 	 3969 	 1
1787307290822 	 13 	 200 	 3969 	 0
1787307290838 	 13 	 200 	 3970 	 0
1787307290861 	 26 	 200 	 3972 	 1
1787307290864 	 24 	 200 	 3972 	 0
1787307290944 	 40 	 200 	 3973 	 0
1787307291038 	 12 	 200 	 3976 	 2
1787307291029 	 25 	 200 	 3976 	 1
1787307291050 	 14 	 200 	 3976 	 0
1787307291066 	 12 	 200 	 3978 	 1
1787307291077 	 20 	 200 	 3978 	 0
1787307291109 	 12 	 200 	 3980 	 1
1787307291112 	 21 	 200 	 3980 	 0
1787307291147 	 14 	 200 	 3981 	 0
1787307291169 	 14 	 200 	 3983 	 1
1787307291164 	 22 	 200 	 3983 	 0
1787307291322 	 15 	 200 	 3984 	 0
1787307291453 	 14 	 200 	 3986 	 1
1787307291457 	 16 	 200 	 3986 	 0
1787307291484 	 13 	 200 	 3987 	 0
1787307291592 	 14 	 200 	 3988 	 0
1787307291655 	 18 	 200 	 3989 	 0
1787307291697 	 21 	 200 	 3991 	 1
1787307291701 	 18 	 200 	 3991 	 0
1787307291746 	 17 	 200 	 3992 	 0
1787307291785 	 13 	 200 	 3993 	 0
1787307292038 	 32 	 200 	 3995 	 1
1787307292067 	 22 	 200 	 3997 	 2
1787307292085 	 16 	 200 	 3997 	 1
1787307292084 	 19 	 200 	 3997 	 0
1787307292121 	 22 	 200 	 3998 	 0
1787307292146 	 14 	 200 	 3999 	 0
1787307292212 	 17 	 200 	 4000 	 0
1787307292242 	 24 	 200 	 4001 	 0
1787307292283 	 13 	 200 	 4002 	 0
1787307292482 	 14 	 200 	 4004 	 1
1787307292486 	 18 	 200 	 4004 	 0
1787307292535 	 13 	 200 	 4005 	 0
1787307292551 	 22 	 200 	 4007 	 1
1787307292555 	 20 	 200 	 4007 	 0
1787307292613 	 17 	 200 	 4008 	 0
1787307292685 	 13 	 200 	 4010 	 1
1787307292699 	 14 	 200 	 4011 	 1
1787307292713 	 14 	 200 	 4011 	 0
1787307292745 	 15 	 200 	 4013 	 1
1787307292756 	 16 	 200 	 4014 	 1
1787307292771 	 13 	 200 	 4016 	 2
1787307292779 	 13 	 200 	 4016 	 1
1787307292785 	 14 	 200 	 4016 	 0
1787307292829 	 35 	 200 	 4018 	 1
1787307292857 	 27 	 200 	 4018 	 0
1787307292890 	 15 	 200 	 4019 	 0
1787307292922 	 18 	 200 	 4021 	 1
1787307292926 	 15 	 200 	 4021 	 0
1787307292976 	 31 	 200 	 4022 	 0
1787307293148 	 34 	 200 	 4025 	 2
1787307293162 	 34 	 200 	 4027 	 3
1787307293179 	 18 	 200 	 4027 	 2
1787307293193 	 25 	 200 	 4028 	 2
1787307293192 	 30 	 200 	 4030 	 3
1787307293217 	 15 	 200 	 4030 	 2
1787307293221 	 20 	 200 	 4030 	 1
1787307293221 	 24 	 200 	 4030 	 0
1787307293267 	 13 	 200 	 4031 	 0
1787307293366 	 18 	 200 	 4033 	 1
1787307293379 	 13 	 200 	 4034 	 1
1787307293389 	 14 	 200 	 4034 	 0
1787307293684 	 13 	 200 	 4036 	 1
1787307293698 	 13 	 200 	 4037 	 1
1787307293702 	 18 	 200 	 4037 	 0
1787307293774 	 14 	 200 	 4039 	 1
1787307293785 	 26 	 200 	 4041 	 2
1787307293789 	 25 	 200 	 4041 	 1
1787307293790 	 24 	 200 	 4041 	 0
1787307293830 	 14 	 200 	 4042 	 0
1787307293846 	 13 	 200 	 4044 	 1
1787307293849 	 12 	 200 	 4044 	 0
1787307293864 	 17 	 200 	 4045 	 0
1787307293964 	 33 	 200 	 4047 	 1
1787307293974 	 29 	 200 	 4047 	 0
1787307294098 	 33 	 200 	 4052 	 4
1787307294104 	 32 	 200 	 4052 	 3
1787307294107 	 31 	 200 	 4052 	 2
1787307294126 	 16 	 200 	 4052 	 1
1787307294132 	 16 	 200 	 4052 	 0
1787307294161 	 13 	 200 	 4053 	 0
1787307294259 	 17 	 200 	 4055 	 1
1787307294274 	 16 	 200 	 4056 	 1
1787307294290 	 14 	 200 	 4056 	 0
1787307294330 	 30 	 200 	 4057 	 0
1787307294416 	 27 	 200 	 4059 	 1
1787307294418 	 27 	 200 	 4059 	 0
1787307294493 	 12 	 200 	 4061 	 1
1787307294488 	 18 	 200 	 4061 	 0
1787307294667 	 25 	 200 	 4062 	 0
1787307294731 	 12 	 200 	 4063 	 0
1787307294896 	 20 	 200 	 4067 	 3
1787307294900 	 19 	 200 	 4067 	 2
1787307294918 	 12 	 200 	 4067 	 1
1787307294908 	 39 	 200 	 4067 	 0
1787307295049 	 30 	 200 	 4069 	 1
1787307295056 	 24 	 200 	 4069 	 0
1787307295206 	 14 	 200 	 4071 	 1
1787307295218 	 14 	 200 	 4071 	 0
1787307295240 	 22 	 200 	 4072 	 0
1787307295268 	 15 	 200 	 4073 	 0
1787307295313 	 16 	 200 	 4074 	 0
1787307295491 	 14 	 200 	 4075 	 0
1787307295516 	 19 	 200 	 4076 	 0
1787307295544 	 14 	 200 	 4077 	 0
1787307295737 	 23 	 200 	 4079 	 1
1787307295760 	 12 	 200 	 4079 	 0
1787307295781 	 12 	 200 	 4081 	 1
1787307295778 	 16 	 200 	 4081 	 0
1787307295827 	 13 	 200 	 4082 	 0
1787307296125 	 31 	 200 	 4083 	 0
1787307296159 	 17 	 200 	 4084 	 0
1787307296205 	 31 	 200 	 4086 	 1
1787307296220 	 27 	 200 	 4086 	 0
1787307296363 	 31 	 200 	 4088 	 1
1787307296375 	 51 	 200 	 4088 	 0
1787307296485 	 30 	 200 	 4089 	 0
1787307296552 	 29 	 200 	 4091 	 1
1787307296595 	 16 	 200 	 4093 	 2
1787307296578 	 34 	 200 	 4093 	 1
1787307296590 	 22 	 200 	 4093 	 0
1787307296647 	 13 	 200 	 4094 	 0
1787307296667 	 14 	 200 	 4095 	 0
1787307296741 	 21 	 200 	 4096 	 0
1787307296788 	 15 	 200 	 4098 	 1
1787307296790 	 16 	 200 	 4099 	 1
1787307296805 	 12 	 200 	 4099 	 0
1787307296855 	 13 	 200 	 4101 	 1
1787307296867 	 16 	 200 	 4101 	 0
1787307296887 	 14 	 200 	 4102 	 0
1787307296995 	 23 	 200 	 4104 	 1
1787307297015 	 14 	 200 	 4104 	 0
1787307297097 	 26 	 200 	 4106 	 1
1787307297124 	 12 	 200 	 4106 	 0
1787307297181 	 19 	 200 	 4107 	 0
1787307297207 	 15 	 200 	 4108 	 0
1787307297300 	 14 	 200 	 4109 	 0
1787307297330 	 20 	 200 	 4110 	 0
1787307297411 	 39 	 200 	 4111 	 0
1787307297472 	 15 	 200 	 4113 	 1
1787307297485 	 13 	 200 	 4114 	 1
1787307297489 	 15 	 200 	 4114 	 0
1787307297509 	 19 	 200 	 4115 	 0
1787307297561 	 29 	 200 	 4116 	 0
1787307297618 	 13 	 200 	 4117 	 0
1787307297769 	 15 	 200 	 4118 	 0
1787307297803 	 12 	 200 	 4119 	 0
1787307297832 	 17 	 200 	 4120 	 0
1787307297909 	 33 	 200 	 4124 	 3
1787307297919 	 24 	 200 	 4124 	 2
1787307297921 	 25 	 200 	 4124 	 1
1787307297940 	 16 	 200 	 4124 	 0
1787307298040 	 15 	 200 	 4126 	 1
1787307298052 	 12 	 200 	 4126 	 0
1787307298103 	 20 	 200 	 4127 	 0
1787307298228 	 15 	 200 	 4128 	 0
1787307298259 	 13 	 200 	 4129 	 0
1787307298360 	 32 	 200 	 4131 	 1
1787307298371 	 22 	 200 	 4131 	 0
1787307298417 	 18 	 200 	 4133 	 1
1787307298426 	 14 	 200 	 4134 	 1
1787307298439 	 17 	 200 	 4134 	 0
1787307298464 	 14 	 200 	 4135 	 0
1787307298577 	 13 	 200 	 4136 	 0
1787307298612 	 13 	 200 	 4139 	 2
1787307298621 	 15 	 200 	 4139 	 1
1787307298615 	 26 	 200 	 4139 	 0
1787307298660 	 15 	 200 	 4140 	 0
1787307298762 	 27 	 200 	 4141 	 0
1787307298916 	 30 	 200 	 4142 	 0
1787307299094 	 28 	 200 	 4144 	 1
1787307299101 	 24 	 200 	 4144 	 0
1787307299141 	 23 	 200 	 4145 	 0
1787307299271 	 15 	 200 	 4147 	 1
1787307299286 	 13 	 200 	 4147 	 0
1787307299363 	 14 	 200 	 4149 	 1
1787307299369 	 14 	 200 	 4149 	 0
1787307299444 	 19 	 200 	 4150 	 0
1787307299542 	 17 	 200 	 4151 	 0
1787307299587 	 19 	 200 	 4152 	 0
1787307299969 	 17 	 200 	 4155 	 2
1787307299974 	 26 	 200 	 4155 	 1
1787307299941 	 73 	 200 	 4155 	 0
1787307300027 	 15 	 200 	 4158 	 2
1787307300028 	 15 	 200 	 4158 	 1
1787307300042 	 15 	 200 	 4159 	 1
1787307300056 	 13 	 200 	 4160 	 1
1787307300065 	 14 	 200 	 4160 	 0
1787307300091 	 16 	 200 	 4163 	 2
1787307300099 	 15 	 200 	 4163 	 1
1787307300099 	 16 	 200 	 4163 	 0
1787307300205 	 16 	 200 	 4164 	 0
1787307300381 	 38 	 200 	 4165 	 0
1787307300435 	 14 	 200 	 4166 	 0
1787307300487 	 24 	 200 	 4168 	 1
1787307300507 	 18 	 200 	 4168 	 0
1787307300613 	 21 	 200 	 4169 	 0
1787307300714 	 21 	 200 	 4170 	 0
1787307300748 	 18 	 200 	 4172 	 1
1787307300758 	 16 	 200 	 4172 	 0
1787307300852 	 17 	 200 	 4174 	 2
1787307300871 	 13 	 200 	 4176 	 2
1787307300869 	 31 	 200 	 4176 	 1
1787307300883 	 19 	 200 	 4176 	 0
1787307300971 	 13 	 200 	 4178 	 1
1787307300969 	 20 	 200 	 4178 	 0
1787307301048 	 37 	 200 	 4181 	 2
1787307301055 	 31 	 200 	 4181 	 1
1787307301071 	 22 	 200 	 4182 	 1
1787307301093 	 15 	 200 	 4182 	 0
1787307301308 	 16 	 200 	 4183 	 0
1787307301442 	 14 	 200 	 4184 	 0
1787307301565 	 25 	 200 	 4186 	 1
1787307301587 	 14 	 200 	 4186 	 0
1787307301619 	 14 	 200 	 4187 	 0
1787307301726 	 13 	 200 	 4188 	 0
1787307301749 	 21 	 200 	 4189 	 0
1787307301788 	 13 	 200 	 4190 	 0
1787307301884 	 15 	 200 	 4191 	 0
1787307301917 	 16 	 200 	 4193 	 1
1787307301919 	 16 	 200 	 4193 	 0
1787307302011 	 13 	 200 	 4194 	 0
1787307302041 	 12 	 200 	 4195 	 0
1787307302062 	 13 	 200 	 4197 	 1
1787307302070 	 17 	 200 	 4197 	 0
1787307302142 	 21 	 200 	 4198 	 0
1787307302264 	 13 	 200 	 4200 	 1
1787307302270 	 14 	 200 	 4201 	 1
1787307302279 	 16 	 200 	 4201 	 0
1787307302316 	 25 	 200 	 4203 	 1
1787307302338 	 13 	 200 	 4203 	 0
1787307302353 	 12 	 200 	 4204 	 0
1787307302427 	 33 	 200 	 4205 	 0
1787307302483 	 18 	 200 	 4208 	 2
1787307302488 	 15 	 200 	 4208 	 1
1787307302486 	 29 	 200 	 4208 	 0
1787307302618 	 17 	 200 	 4210 	 1
1787307302632 	 13 	 200 	 4210 	 0
1787307302667 	 22 	 200 	 4211 	 0
1787307302745 	 15 	 200 	 4212 	 0
1787307302815 	 14 	 200 	 4214 	 1
1787307302821 	 20 	 200 	 4214 	 0
1787307302921 	 13 	 200 	 4215 	 0
1787307302939 	 13 	 200 	 4216 	 0
1787307303033 	 32 	 200 	 4217 	 0
1787307303222 	 28 	 200 	 4219 	 1
1787307303225 	 28 	 200 	 4219 	 0
1787307303466 	 14 	 200 	 4220 	 0
1787307303748 	 32 	 200 	 4221 	 1
1787307303783 	 14 	 200 	 4222 	 0
1787307303817 	 12 	 200 	 4223 	 0
1787307303886 	 17 	 200 	 4224 	 0
1787307303952 	 14 	 200 	 4226 	 1
1787307303955 	 13 	 200 	 4227 	 1
1787307303968 	 12 	 200 	 4227 	 0
1787307304009 	 21 	 200 	 4228 	 0
1787307304050 	 13 	 200 	 4229 	 0
1787307304070 	 12 	 200 	 4230 	 0
1787307304096 	 12 	 200 	 4231 	 0
1787307304152 	 31 	 200 	 4232 	 0
1787307304214 	 31 	 200 	 4234 	 1
1787307304212 	 34 	 200 	 4234 	 0
1787307304281 	 26 	 200 	 4235 	 0
1787307304347 	 15 	 200 	 4237 	 1
1787307304352 	 19 	 200 	 4237 	 0
1787307304396 	 18 	 200 	 4238 	 0
1787307304486 	 12 	 200 	 4240 	 1
1787307304448 	 76 	 200 	 4240 	 0
1787307304541 	 13 	 200 	 4242 	 1
1787307304553 	 15 	 200 	 4242 	 0
1787307304582 	 13 	 200 	 4243 	 0
1787307304672 	 16 	 200 	 4244 	 0
1787307304738 	 25 	 200 	 4245 	 0
1787307304888 	 18 	 200 	 4246 	 0
1787307304961 	 24 	 200 	 4248 	 1
1787307304970 	 16 	 200 	 4248 	 0
1787307305046 	 31 	 200 	 4250 	 1
1787307305063 	 26 	 200 	 4251 	 1
1787307305084 	 14 	 200 	 4251 	 0
1787307305128 	 12 	 200 	 4252 	 0
1787307305169 	 16 	 200 	 4253 	 0
1787307305241 	 13 	 200 	 4254 	 0
1787307305270 	 19 	 200 	 4255 	 0
1787307305382 	 16 	 200 	 4256 	 0
1787307305445 	 15 	 200 	 4257 	 0
1787307305507 	 16 	 200 	 4258 	 0
1787307305586 	 16 	 200 	 4259 	 0
1787307305628 	 13 	 200 	 4260 	 0
1787307305738 	 21 	 200 	 4261 	 0
1787307305843 	 35 	 200 	 4262 	 0
1787307305962 	 33 	 200 	 4263 	 0
1787307306024 	 17 	 200 	 4264 	 0
1787307306222 	 31 	 200 	 4265 	 0
1787307306275 	 12 	 200 	 4266 	 0
1787307306354 	 15 	 200 	 4267 	 0
1787307306400 	 14 	 200 	 4268 	 0
1787307306445 	 19 	 200 	 4270 	 1
1787307306453 	 22 	 200 	 4270 	 0
1787307306488 	 18 	 200 	 4271 	 0
1787307306510 	 21 	 200 	 4272 	 0
1787307306533 	 19 	 200 	 4273 	 0
1787307306762 	 17 	 200 	 4274 	 0
1787307306828 	 28 	 200 	 4276 	 1
1787307306835 	 27 	 200 	 4276 	 0
1787307306929 	 36 	 200 	 4277 	 0
1787307307029 	 19 	 200 	 4278 	 0
1787307307144 	 13 	 200 	 4280 	 1
1787307307147 	 13 	 200 	 4280 	 0
1787307307299 	 17 	 200 	 4281 	 0
1787307307319 	 12 	 200 	 4282 	 0
1787307307415 	 37 	 200 	 4284 	 1
1787307307448 	 16 	 200 	 4284 	 0
1787307307467 	 12 	 200 	 4286 	 1
1787307307479 	 13 	 200 	 4286 	 0
1787307307548 	 27 	 200 	 4287 	 0
1787307307782 	 37 	 200 	 4289 	 1
1787307307816 	 15 	 200 	 4289 	 0
1787307307839 	 14 	 200 	 4290 	 0
1787307307857 	 20 	 200 	 4291 	 0
1787307307908 	 24 	 200 	 4293 	 1
1787307307918 	 15 	 200 	 4293 	 0
1787307307947 	 18 	 200 	 4295 	 1
1787307307949 	 30 	 200 	 4295 	 0
1787307308127 	 12 	 200 	 4296 	 0
1787307308142 	 13 	 200 	 4298 	 1
1787307308147 	 18 	 200 	 4298 	 0
1787307308167 	 16 	 200 	 4300 	 1
1787307308174 	 13 	 200 	 4301 	 1
1787307308187 	 12 	 200 	 4301 	 0
1787307308202 	 12 	 200 	 4302 	 0
1787307308367 	 78 	 200 	 4304 	 1
1787307308475 	 13 	 200 	 4306 	 2
1787307308460 	 84 	 200 	 4306 	 1
1787307308620 	 15 	 200 	 4308 	 2
1787307308586 	 90 	 200 	 4308 	 1
1787307308360 	 411 	 200 	 4308 	 0
1787307308790 	 13 	 200 	 4309 	 0
1787307308813 	 12 	 200 	 4310 	 0
1787307308857 	 12 	 200 	 4311 	 0
1787307308951 	 31 	 200 	 4313 	 1
1787307308981 	 32 	 200 	 4314 	 1
1787307308989 	 29 	 200 	 4314 	 0
1787307309048 	 41 	 200 	 4316 	 1
1787307309088 	 39 	 200 	 4317 	 1
1787307309110 	 27 	 200 	 4317 	 0
1787307309278 	 27 	 200 	 4318 	 0
1787307309331 	 32 	 200 	 4319 	 0
1787307309371 	 16 	 200 	 4320 	 0
1787307309420 	 17 	 200 	 4321 	 0
1787307309464 	 21 	 200 	 4323 	 1
1787307309472 	 16 	 200 	 4323 	 0
1787307309491 	 19 	 200 	 4326 	 2
1787307309495 	 19 	 200 	 4326 	 1
1787307309499 	 16 	 200 	 4326 	 0
1787307309553 	 13 	 200 	 4327 	 0
1787307309612 	 12 	 200 	 4328 	 0
1787307309658 	 18 	 200 	 4329 	 0
1787307309723 	 15 	 200 	 4330 	 0
1787307309747 	 15 	 200 	 4332 	 1
1787307309755 	 16 	 200 	 4332 	 0
1787307309795 	 14 	 200 	 4333 	 0
1787307309910 	 14 	 200 	 4334 	 0
1787307310055 	 39 	 200 	 4335 	 0
1787307310106 	 19 	 200 	 4337 	 1
1787307310118 	 12 	 200 	 4337 	 0
1787307310242 	 21 	 200 	 4338 	 0
1787307310309 	 18 	 200 	 4339 	 0
1787307310404 	 22 	 200 	 4340 	 0
1787307310440 	 13 	 200 	 4341 	 0
1787307310470 	 15 	 200 	 4342 	 0
1787307310539 	 16 	 200 	 4343 	 0
1787307310616 	 14 	 200 	 4344 	 0
1787307310659 	 14 	 200 	 4345 	 0
1787307310744 	 31 	 200 	 4346 	 0
1787307310803 	 12 	 200 	 4347 	 0
1787307310987 	 37 	 200 	 4349 	 1
1787307311010 	 31 	 200 	 4349 	 0
1787307311067 	 16 	 200 	 4351 	 1
1787307311065 	 18 	 200 	 4351 	 0
1787307311106 	 15 	 200 	 4352 	 0
1787307311153 	 36 	 200 	 4353 	 0
1787307311211 	 14 	 200 	 4354 	 0
1787307311278 	 13 	 200 	 4355 	 0
1787307311388 	 19 	 200 	 4358 	 2
1787307311372 	 35 	 200 	 4358 	 1
1787307311472 	 13 	 200 	 4359 	 1
1787307311549 	 22 	 200 	 4361 	 2
1787307311532 	 40 	 200 	 4361 	 1
1787307311650 	 20 	 200 	 4363 	 2
1787307311652 	 24 	 200 	 4363 	 1
1787307311684 	 17 	 200 	 4365 	 2
1787307311696 	 19 	 200 	 4365 	 1
1787307311355 	 376 	 200 	 4366 	 1
1787307311729 	 13 	 200 	 4366 	 0
1787307311750 	 24 	 200 	 4367 	 0
1787307311876 	 22 	 200 	 4368 	 0
1787307311920 	 13 	 200 	 4370 	 1
1787307311932 	 15 	 200 	 4370 	 0
1787307312208 	 17 	 200 	 4371 	 0
1787307312259 	 15 	 200 	 4373 	 1
1787307312270 	 16 	 200 	 4373 	 0
1787307312444 	 25 	 200 	 4374 	 0
1787307312569 	 15 	 200 	 4375 	 0
1787307312621 	 12 	 200 	 4377 	 1
1787307312632 	 14 	 200 	 4378 	 1
1787307312643 	 20 	 200 	 4378 	 0
1787307312668 	 12 	 200 	 4379 	 0
1787307312752 	 28 	 200 	 4380 	 0
1787307312787 	 16 	 200 	 4381 	 0
1787307312813 	 13 	 200 	 4382 	 0
1787307312942 	 28 	 200 	 4384 	 1
1787307312968 	 12 	 200 	 4384 	 0
1787307313013 	 13 	 200 	 4386 	 1
1787307313018 	 14 	 200 	 4386 	 0
1787307313122 	 14 	 200 	 4387 	 0
1787307313141 	 14 	 200 	 4390 	 2
1787307313143 	 15 	 200 	 4390 	 1
1787307313144 	 16 	 200 	 4390 	 0
1787307313174 	 13 	 200 	 4392 	 1
1787307313188 	 14 	 200 	 4392 	 0
1787307313207 	 15 	 200 	 4394 	 1
1787307313217 	 14 	 200 	 4394 	 0
1787307313244 	 15 	 200 	 4395 	 0
1787307313308 	 14 	 200 	 4396 	 0
1787307313366 	 16 	 200 	 4397 	 0
1787307313420 	 20 	 200 	 4398 	 0
1787307313495 	 25 	 200 	 4399 	 0
1787307313536 	 15 	 200 	 4400 	 0
1787307313609 	 15 	 200 	 4401 	 0
1787307313636 	 16 	 200 	 4402 	 0
1787307313879 	 24 	 200 	 4403 	 0
1787307313954 	 14 	 200 	 4404 	 0
1787307313981 	 15 	 200 	 4405 	 0
1787307314025 	 14 	 200 	 4406 	 0
1787307314050 	 13 	 200 	 4407 	 0
1787307314177 	 34 	 200 	 4408 	 0
1787307314217 	 40 	 200 	 4410 	 1
1787307314240 	 19 	 200 	 4410 	 0
1787307314411 	 14 	 200 	 4411 	 0
1787307314427 	 15 	 200 	 4412 	 0
1787307314509 	 14 	 200 	 4413 	 0
1787307314583 	 20 	 200 	 4416 	 2
1787307314592 	 18 	 200 	 4417 	 2
1787307314587 	 25 	 200 	 4417 	 1
1787307314611 	 17 	 200 	 4417 	 0
1787307314659 	 16 	 200 	 4418 	 0
1787307314695 	 19 	 200 	 4420 	 1
1787307314706 	 14 	 200 	 4420 	 0
1787307314768 	 32 	 200 	 4421 	 0
1787307314863 	 17 	 200 	 4422 	 0
1787307314939 	 30 	 200 	 4423 	 0
1787307315011 	 13 	 200 	 4424 	 0
1787307315033 	 13 	 200 	 4426 	 1
1787307315045 	 15 	 200 	 4426 	 0
1787307315324 	 21 	 200 	 4427 	 0
1787307315355 	 29 	 200 	 4430 	 2
1787307315368 	 31 	 200 	 4431 	 2
1787307315382 	 22 	 200 	 4431 	 1
1787307315390 	 19 	 200 	 4431 	 0
1787307315473 	 15 	 200 	 4433 	 1
1787307315486 	 13 	 200 	 4433 	 0
1787307315580 	 35 	 200 	 4435 	 1
1787307315607 	 19 	 200 	 4435 	 0
1787307315676 	 26 	 200 	 4436 	 0
1787307315730 	 14 	 200 	 4438 	 1
1787307315739 	 15 	 200 	 4438 	 0
1787307315755 	 14 	 200 	 4440 	 1
1787307315765 	 16 	 200 	 4440 	 0
1787307315809 	 14 	 200 	 4441 	 0
1787307315838 	 13 	 200 	 4442 	 0
1787307315866 	 13 	 200 	 4443 	 0
1787307315917 	 31 	 200 	 4446 	 2
1787307315927 	 26 	 200 	 4446 	 1
1787307315942 	 28 	 200 	 4446 	 0
1787307315974 	 17 	 200 	 4447 	 0
1787307316004 	 12 	 200 	 4448 	 0
1787307316021 	 12 	 200 	 4449 	 0
1787307316049 	 12 	 200 	 4451 	 1
1787307316060 	 12 	 200 	 4451 	 0
1787307316109 	 15 	 200 	 4452 	 0
1787307316161 	 15 	 200 	 4453 	 0
1787307316185 	 13 	 200 	 4454 	 0
1787307316264 	 22 	 200 	 4455 	 0
1787307316332 	 12 	 200 	 4456 	 0
1787307316361 	 16 	 200 	 4458 	 1
1787307316364 	 16 	 200 	 4459 	 1
1787307316381 	 15 	 200 	 4459 	 0
1787307316457 	 20 	 200 	 4460 	 0
1787307316518 	 17 	 200 	 4463 	 2
1787307316520 	 16 	 200 	 4463 	 1
1787307316529 	 18 	 200 	 4464 	 1
1787307316540 	 12 	 200 	 4464 	 0
1787307316574 	 32 	 200 	 4467 	 2
1787307316595 	 16 	 200 	 4468 	 2
1787307316601 	 16 	 200 	 4468 	 1
1787307316612 	 12 	 200 	 4468 	 0
1787307316638 	 13 	 200 	 4469 	 0
1787307316763 	 26 	 200 	 4471 	 1
1787307316768 	 26 	 200 	 4471 	 0
1787307316917 	 16 	 200 	 4473 	 1
1787307316990 	 29 	 200 	 4476 	 3
1787307316995 	 27 	 200 	 4476 	 2
1787307317012 	 21 	 200 	 4476 	 1
1787307316922 	 249 	 200 	 4476 	 0
1787307317241 	 22 	 200 	 4477 	 0
1787307317294 	 21 	 200 	 4479 	 2
1787307317307 	 17 	 200 	 4480 	 1
1787307317317 	 14 	 200 	 4480 	 0
1787307317360 	 14 	 200 	 4481 	 0
1787307317386 	 16 	 200 	 4482 	 0
1787307317521 	 14 	 200 	 4483 	 0
1787307317606 	 27 	 200 	 4484 	 0
1787307317789 	 17 	 200 	 4486 	 1
1787307317791 	 24 	 200 	 4487 	 1
1787307317809 	 13 	 200 	 4489 	 2
1787307317818 	 13 	 200 	 4489 	 1
1787307317821 	 12 	 200 	 4489 	 0
1787307317983 	 26 	 200 	 4490 	 0
1787307318023 	 14 	 200 	 4491 	 0
1787307318039 	 12 	 200 	 4492 	 0
1787307318068 	 16 	 200 	 4494 	 1
1787307318080 	 13 	 200 	 4494 	 0
1787307318195 	 16 	 200 	 4496 	 1
1787307318209 	 14 	 200 	 4496 	 0
1787307318232 	 16 	 200 	 4497 	 0
1787307318296 	 20 	 200 	 4499 	 1
1787307318297 	 22 	 200 	 4499 	 0
1787307318334 	 12 	 200 	 4500 	 0
1787307318389 	 34 	 200 	 4501 	 0
1787307318435 	 27 	 200 	 4502 	 0
1787307318597 	 12 	 200 	 4503 	 0
1787307318621 	 16 	 200 	 4504 	 0
1787307318755 	 33 	 200 	 4508 	 3
1787307318773 	 40 	 200 	 4510 	 4
1787307318791 	 24 	 200 	 4510 	 3
1787307318772 	 45 	 200 	 4510 	 2
1787307318801 	 19 	 200 	 4510 	 1
1787307318842 	 32 	 200 	 4512 	 2
1787307318861 	 17 	 200 	 4512 	 1
1787307318788 	 124 	 200 	 4513 	 1
1787307318905 	 17 	 200 	 4514 	 1
1787307318917 	 18 	 200 	 4514 	 0
1787307319049 	 20 	 200 	 4517 	 2
1787307319047 	 23 	 200 	 4517 	 1
1787307319069 	 21 	 200 	 4518 	 1
1787307319080 	 16 	 200 	 4518 	 0
1787307319135 	 15 	 200 	 4520 	 1
1787307319140 	 12 	 200 	 4520 	 0
1787307319154 	 13 	 200 	 4521 	 0
1787307319170 	 12 	 200 	 4522 	 0
1787307319262 	 30 	 200 	 4524 	 1
1787307319292 	 16 	 200 	 4524 	 0
1787307319329 	 13 	 200 	 4525 	 0
1787307319410 	 12 	 200 	 4527 	 1
1787307319422 	 19 	 200 	 4527 	 0
1787307319451 	 13 	 200 	 4529 	 1
1787307319457 	 16 	 200 	 4529 	 0
1787307319502 	 13 	 200 	 4530 	 0
1787307319553 	 15 	 200 	 4533 	 2
1787307319552 	 17 	 200 	 4533 	 1
1787307319554 	 20 	 200 	 4533 	 0
1787307319580 	 12 	 200 	 4534 	 0
1787307319702 	 15 	 200 	 4535 	 0
1787307319767 	 14 	 200 	 4536 	 0
1787307319891 	 19 	 200 	 4537 	 0
1787307319929 	 15 	 200 	 4538 	 0
1787307319991 	 16 	 200 	 4539 	 0
1787307320020 	 18 	 200 	 4540 	 0
1787307320085 	 30 	 200 	 4541 	 0
1787307320129 	 16 	 200 	 4542 	 0
1787307320211 	 36 	 200 	 4543 	 0
1787307320264 	 17 	 200 	 4544 	 0
1787307320335 	 37 	 200 	 4548 	 3
1787307320359 	 20 	 200 	 4548 	 2
1787307320356 	 25 	 200 	 4548 	 1
1787307320374 	 25 	 200 	 4549 	 1
1787307320388 	 15 	 200 	 4549 	 0
1787307320625 	 16 	 200 	 4550 	 0
1787307320648 	 14 	 200 	 4553 	 2
1787307320650 	 15 	 200 	 4553 	 1
1787307320652 	 27 	 200 	 4553 	 0
1787307320703 	 15 	 200 	 4554 	 0
1787307320767 	 19 	 200 	 4555 	 0
1787307320827 	 21 	 200 	 4556 	 0
1787307320911 	 34 	 200 	 4558 	 1
1787307320942 	 14 	 200 	 4558 	 0
1787307320979 	 15 	 200 	 4559 	 0
1787307321089 	 26 	 200 	 4560 	 0
1787307321127 	 14 	 200 	 4561 	 0
1787307321185 	 20 	 200 	 4562 	 0
1787307321227 	 13 	 200 	 4563 	 0
1787307321281 	 13 	 200 	 4564 	 0
1787307321426 	 30 	 200 	 4566 	 1
1787307321436 	 36 	 200 	 4566 	 0
1787307321495 	 14 	 200 	 4567 	 0
1787307321532 	 14 	 200 	 4568 	 0
1787307321550 	 13 	 200 	 4569 	 0
1787307321579 	 12 	 200 	 4570 	 0
1787307321623 	 14 	 200 	 4571 	 0
1787307321684 	 14 	 200 	 4573 	 1
1787307321699 	 14 	 200 	 4573 	 0
1787307321740 	 15 	 200 	 4574 	 0
1787307321856 	 19 	 200 	 4576 	 1
1787307321862 	 21 	 200 	 4576 	 0
1787307321966 	 23 	 200 	 4577 	 0
1787307322047 	 27 	 200 	 4578 	 0
1787307322127 	 15 	 200 	 4579 	 0
1787307322230 	 26 	 200 	 4580 	 0
1787307322290 	 13 	 200 	 4581 	 0
1787307322372 	 32 	 200 	 4584 	 2
1787307322382 	 29 	 200 	 4584 	 1
1787307322396 	 25 	 200 	 4584 	 0
1787307322489 	 14 	 200 	 4585 	 0
1787307322509 	 13 	 200 	 4587 	 1
1787307322512 	 14 	 200 	 4587 	 0
1787307322542 	 15 	 200 	 4588 	 0
1787307322582 	 15 	 200 	 4589 	 0
1787307322678 	 17 	 200 	 4591 	 1
1787307322682 	 16 	 200 	 4591 	 0
1787307322749 	 14 	 200 	 4592 	 0
1787307322793 	 17 	 200 	 4593 	 0
1787307322839 	 12 	 200 	 4594 	 0
1787307322974 	 15 	 200 	 4595 	 0
1787307323001 	 13 	 200 	 4596 	 0
1787307323017 	 20 	 200 	 4597 	 0
1787307323053 	 12 	 200 	 4598 	 0
1787307323086 	 15 	 200 	 4599 	 0
1787307323155 	 33 	 200 	 4601 	 1
1787307323159 	 32 	 200 	 4601 	 0
1787307323241 	 26 	 200 	 4604 	 2
1787307323236 	 31 	 200 	 4604 	 1
1787307323243 	 33 	 200 	 4604 	 0
1787307323381 	 20 	 200 	 4605 	 0
1787307323426 	 18 	 200 	 4607 	 1
1787307323440 	 14 	 200 	 4608 	 1
1787307323454 	 17 	 200 	 4609 	 1
1787307323461 	 12 	 200 	 4609 	 0
1787307323526 	 15 	 200 	 4610 	 0
1787307323632 	 15 	 200 	 4611 	 0
1787307323672 	 13 	 200 	 4612 	 0
1787307323739 	 16 	 200 	 4613 	 0
1787307323765 	 15 	 200 	 4615 	 1
1787307323771 	 13 	 200 	 4615 	 0
1787307323836 	 12 	 200 	 4616 	 0
1787307324006 	 29 	 200 	 4617 	 0
1787307324041 	 33 	 200 	 4619 	 1
1787307324055 	 31 	 200 	 4619 	 0
1787307324186 	 26 	 200 	 4621 	 1
1787307324238 	 42 	 200 	 4622 	 1
1787307324293 	 26 	 200 	 4623 	 1
1787307324352 	 20 	 200 	 4624 	 1
1787307324196 	 183 	 200 	 4624 	 0
1787307324427 	 21 	 200 	 4627 	 2
1787307324437 	 18 	 200 	 4627 	 1
1787307324446 	 19 	 200 	 4627 	 0
1787307324556 	 13 	 200 	 4628 	 0
1787307324616 	 13 	 200 	 4629 	 0
1787307324664 	 14 	 200 	 4631 	 1
1787307324666 	 20 	 200 	 4631 	 0
1787307324790 	 15 	 200 	 4632 	 0
1787307324814 	 12 	 200 	 4633 	 0
1787307324932 	 29 	 200 	 4635 	 1
1787307324947 	 19 	 200 	 4635 	 0
1787307325049 	 12 	 200 	 4637 	 1
1787307325048 	 17 	 200 	 4637 	 0
1787307325303 	 15 	 200 	 4638 	 0
1787307325377 	 12 	 200 	 4639 	 0
1787307325418 	 14 	 200 	 4640 	 0
1787307325467 	 13 	 200 	 4642 	 1
1787307325471 	 13 	 200 	 4642 	 0
1787307325486 	 18 	 200 	 4643 	 0
1787307325516 	 14 	 200 	 4644 	 0
1787307325546 	 16 	 200 	 4645 	 0
1787307325739 	 34 	 200 	 4647 	 1
1787307325742 	 32 	 200 	 4647 	 0
1787307325793 	 14 	 200 	 4650 	 2
1787307325788 	 22 	 200 	 4650 	 1
1787307325806 	 14 	 200 	 4650 	 0
1787307325845 	 14 	 200 	 4652 	 1
1787307325853 	 13 	 200 	 4652 	 0
1787307325888 	 14 	 200 	 4654 	 1
1787307325897 	 13 	 200 	 4656 	 2
1787307325906 	 13 	 200 	 4656 	 1
1787307325910 	 18 	 200 	 4656 	 0
1787307325941 	 12 	 200 	 4657 	 0
1787307326038 	 32 	 200 	 4660 	 2
1787307326044 	 28 	 200 	 4660 	 1
1787307326058 	 25 	 200 	 4660 	 0
1787307326111 	 24 	 200 	 4661 	 0
1787307326253 	 28 	 200 	 4663 	 1
1787307326261 	 21 	 200 	 4663 	 0
1787307326352 	 20 	 200 	 4664 	 0
1787307326400 	 33 	 200 	 4669 	 4
1787307326404 	 35 	 200 	 4669 	 3
1787307326428 	 22 	 200 	 4670 	 3
1787307326430 	 21 	 200 	 4670 	 2
1787307326432 	 21 	 200 	 4670 	 1
1787307326446 	 14 	 200 	 4670 	 0
1787307326511 	 13 	 200 	 4671 	 0
1787307326560 	 13 	 200 	 4672 	 0
1787307326574 	 12 	 200 	 4673 	 0
1787307326660 	 15 	 200 	 4675 	 1
1787307326669 	 13 	 200 	 4675 	 0
1787307326694 	 15 	 200 	 4676 	 0
1787307326789 	 20 	 200 	 4677 	 0
1787307326894 	 41 	 200 	 4679 	 1
1787307326936 	 13 	 200 	 4679 	 0
1787307327002 	 31 	 200 	 4681 	 1
1787307327023 	 30 	 200 	 4681 	 0
1787307327056 	 31 	 200 	 4682 	 0
1787307327237 	 35 	 200 	 4684 	 1
1787307327272 	 14 	 200 	 4686 	 2
1787307327281 	 14 	 200 	 4686 	 1
1787307327286 	 14 	 200 	 4686 	 0
1787307327337 	 40 	 200 	 4687 	 0
1787307327391 	 17 	 200 	 4688 	 0
1787307327573 	 27 	 200 	 4689 	 0
1787307327615 	 20 	 200 	 4690 	 0
1787307327695 	 14 	 200 	 4691 	 0
1787307327764 	 13 	 200 	 4692 	 0
1787307327786 	 15 	 200 	 4693 	 0
1787307327811 	 12 	 200 	 4694 	 0
1787307327867 	 19 	 200 	 4697 	 2
1787307327862 	 28 	 200 	 4697 	 1
1787307327874 	 19 	 200 	 4697 	 0
1787307327957 	 16 	 200 	 4698 	 0
1787307328018 	 18 	 200 	 4699 	 0
1787307328079 	 29 	 200 	 4702 	 2
1787307328084 	 28 	 200 	 4702 	 1
1787307328080 	 36 	 200 	 4702 	 0
1787307328210 	 33 	 200 	 4704 	 1
1787307328231 	 22 	 200 	 4704 	 0
1787307328320 	 15 	 200 	 4705 	 0
1787307328362 	 16 	 200 	 4706 	 0
1787307328430 	 32 	 200 	 4707 	 0
1787307328501 	 13 	 200 	 4708 	 0
1787307328619 	 19 	 200 	 4711 	 2
1787307328621 	 18 	 200 	 4711 	 1
1787307328625 	 27 	 200 	 4711 	 0
1787307328728 	 17 	 200 	 4712 	 0
1787307328764 	 13 	 200 	 4713 	 0
1787307328838 	 32 	 200 	 4717 	 3
1787307328840 	 30 	 200 	 4717 	 2
1787307328847 	 26 	 200 	 4717 	 1
1787307328863 	 30 	 200 	 4717 	 0
1787307328989 	 22 	 200 	 4720 	 2
1787307328971 	 41 	 200 	 4720 	 1
1787307329007 	 24 	 200 	 4721 	 1
1787307329030 	 13 	 200 	 4721 	 0
1787307329065 	 15 	 200 	 4723 	 1
1787307329069 	 14 	 200 	 4723 	 0
1787307329128 	 16 	 200 	 4724 	 0
1787307329151 	 15 	 200 	 4725 	 0
1787307329174 	 15 	 200 	 4726 	 0
1787307329233 	 31 	 200 	 4728 	 1
1787307329256 	 22 	 200 	 4728 	 0
1787307329287 	 14 	 200 	 4729 	 0
1787307329317 	 21 	 200 	 4731 	 1
1787307329337 	 13 	 200 	 4732 	 1
1787307329350 	 13 	 200 	 4732 	 0
1787307329475 	 14 	 200 	 4733 	 0
1787307329502 	 16 	 200 	 4734 	 0
1787307329599 	 20 	 200 	 4736 	 1
1787307329618 	 13 	 200 	 4737 	 1
1787307329627 	 13 	 200 	 4737 	 0
1787307329666 	 20 	 200 	 4738 	 0
1787307329721 	 14 	 200 	 4740 	 1
1787307329728 	 19 	 200 	 4740 	 0
1787307329813 	 31 	 200 	 4742 	 1
1787307329824 	 32 	 200 	 4742 	 0
1787307329915 	 13 	 200 	 4743 	 0
1787307330010 	 13 	 200 	 4744 	 0
1787307330061 	 34 	 200 	 4746 	 1
1787307330074 	 26 	 200 	 4746 	 0
1787307330118 	 26 	 200 	 4747 	 0
1787307330294 	 33 	 200 	 4748 	 0
1787307330329 	 27 	 200 	 4750 	 1
1787307330337 	 35 	 200 	 4751 	 1
1787307330359 	 16 	 200 	 4751 	 0
1787307330460 	 13 	 200 	 4752 	 0
1787307330554 	 33 	 200 	 4753 	 0
1787307330600 	 16 	 200 	 4755 	 1
1787307330602 	 15 	 200 	 4755 	 0
1787307330630 	 13 	 200 	 4756 	 0
1787307330662 	 19 	 200 	 4757 	 0
1787307330803 	 21 	 200 	 4759 	 1
1787307330816 	 14 	 200 	 4759 	 0
1787307330841 	 15 	 200 	 4760 	 0
1787307331007 	 13 	 200 	 4761 	 0
1787307331046 	 33 	 200 	 4762 	 0
1787307331102 	 18 	 200 	 4763 	 0
1787307331229 	 31 	 200 	 4764 	 0
1787307331283 	 20 	 200 	 4766 	 1
1787307331286 	 19 	 200 	 4766 	 0
1787307331309 	 13 	 200 	 4767 	 0
1787307331349 	 14 	 200 	 4768 	 0
1787307331387 	 15 	 200 	 4770 	 1
1787307331392 	 22 	 200 	 4770 	 0
1787307331441 	 14 	 200 	 4771 	 0
1787307331526 	 15 	 200 	 4773 	 1
1787307331526 	 17 	 200 	 4774 	 1
1787307331543 	 13 	 200 	 4774 	 0
1787307331655 	 14 	 200 	 4775 	 0
1787307331708 	 17 	 200 	 4776 	 0
1787307331746 	 13 	 200 	 4777 	 0
1787307331867 	 40 	 200 	 4781 	 3
1787307331863 	 46 	 200 	 4781 	 2
1787307331900 	 21 	 200 	 4781 	 1
1787307331906 	 18 	 200 	 4781 	 0
1787307332132 	 16 	 200 	 4782 	 0
1787307332260 	 14 	 200 	 4784 	 1
1787307332267 	 15 	 200 	 4785 	 1
1787307332283 	 12 	 200 	 4785 	 0
1787307332333 	 14 	 200 	 4786 	 0
1787307332372 	 14 	 200 	 4787 	 0
1787307332409 	 33 	 200 	 4788 	 0
1787307332647 	 14 	 200 	 4789 	 0
1787307332790 	 13 	 200 	 4790 	 0
1787307332808 	 14 	 200 	 4792 	 1
1787307332815 	 14 	 200 	 4792 	 0
1787307332895 	 15 	 200 	 4793 	 0
1787307332975 	 19 	 200 	 4794 	 0
1787307333147 	 21 	 200 	 4795 	 0
1787307333205 	 13 	 200 	 4796 	 0
1787307333240 	 23 	 200 	 4797 	 0
1787307333348 	 12 	 200 	 4798 	 0
1787307333475 	 28 	 200 	 4800 	 1
1787307333487 	 31 	 200 	 4800 	 0
1787307333557 	 19 	 200 	 4804 	 3
1787307333561 	 19 	 200 	 4804 	 2
1787307333562 	 19 	 200 	 4804 	 1
1787307333564 	 21 	 200 	 4804 	 0
1787307333589 	 14 	 200 	 4805 	 0
1787307333725 	 28 	 200 	 4806 	 0
1787307333795 	 22 	 200 	 4807 	 0
1787307333834 	 13 	 200 	 4809 	 1
1787307333846 	 18 	 200 	 4809 	 0
1787307333924 	 13 	 200 	 4810 	 0
1787307333955 	 12 	 200 	 4811 	 0
1787307334011 	 33 	 200 	 4812 	 0
1787307334120 	 18 	 200 	 4813 	 0
1787307334229 	 17 	 200 	 4815 	 1
1787307334236 	 13 	 200 	 4815 	 0
1787307334264 	 14 	 200 	 4817 	 1
1787307334266 	 13 	 200 	 4817 	 0
1787307334284 	 13 	 200 	 4818 	 0
1787307334369 	 33 	 200 	 4820 	 1
1787307334387 	 27 	 200 	 4821 	 1
1787307334408 	 14 	 200 	 4821 	 0
1787307334444 	 14 	 200 	 4822 	 0
1787307334608 	 20 	 200 	 4824 	 1
1787307334629 	 12 	 200 	 4824 	 0
1787307334668 	 22 	 200 	 4825 	 0
1787307334709 	 18 	 200 	 4826 	 0
1787307334750 	 13 	 200 	 4827 	 0
1787307334809 	 13 	 200 	 4828 	 0
1787307334829 	 13 	 200 	 4829 	 0
1787307334968 	 35 	 200 	 4830 	 0
1787307335025 	 13 	 200 	 4831 	 0
1787307335201 	 38 	 200 	 4833 	 1
1787307335219 	 43 	 200 	 4834 	 1
1787307335246 	 19 	 200 	 4834 	 0
1787307335306 	 17 	 200 	 4835 	 0
1787307335352 	 12 	 200 	 4836 	 0
1787307335447 	 24 	 200 	 4838 	 1
1787307335449 	 25 	 200 	 4838 	 0
1787307335679 	 17 	 200 	 4839 	 0
1787307335786 	 14 	 200 	 4841 	 1
1787307335794 	 15 	 200 	 4841 	 0
1787307335831 	 32 	 200 	 4843 	 1
1787307335852 	 15 	 200 	 4843 	 0
1787307335906 	 14 	 200 	 4845 	 1
1787307335916 	 14 	 200 	 4845 	 0
1787307335981 	 15 	 200 	 4846 	 0
1787307336230 	 21 	 200 	 4847 	 0
1787307336296 	 13 	 200 	 4848 	 0
1787307336350 	 33 	 200 	 4849 	 0
1787307336391 	 16 	 200 	 4850 	 0
1787307336546 	 27 	 200 	 4852 	 1
1787307336556 	 20 	 200 	 4852 	 0
1787307336596 	 19 	 200 	 4855 	 2
1787307336610 	 15 	 200 	 4856 	 2
1787307336611 	 16 	 200 	 4856 	 1
1787307336625 	 15 	 200 	 4857 	 1
1787307336636 	 12 	 200 	 4857 	 0
1787307336683 	 34 	 200 	 4858 	 0
1787307336783 	 13 	 200 	 4859 	 0
1787307336844 	 27 	 200 	 4861 	 1
1787307336871 	 15 	 200 	 4861 	 0
1787307336896 	 15 	 200 	 4862 	 0
1787307337025 	 15 	 200 	 4863 	 0
1787307337096 	 29 	 200 	 4865 	 1
1787307337122 	 18 	 200 	 4865 	 0
1787307337249 	 30 	 200 	 4867 	 1
1787307337264 	 21 	 200 	 4867 	 0
1787307337314 	 15 	 200 	 4868 	 0
1787307337426 	 26 	 200 	 4871 	 2
1787307337429 	 29 	 200 	 4871 	 1
1787307337437 	 21 	 200 	 4871 	 0
1787307337467 	 12 	 200 	 4872 	 0
1787307337583 	 37 	 200 	 4873 	 0
1787307337728 	 29 	 200 	 4874 	 0
1787307337772 	 14 	 200 	 4875 	 0
1787307337831 	 37 	 200 	 4880 	 4
1787307337839 	 30 	 200 	 4880 	 3
1787307337854 	 20 	 200 	 4880 	 2
1787307337856 	 20 	 200 	 4880 	 1
1787307337859 	 19 	 200 	 4880 	 0
1787307337892 	 14 	 200 	 4881 	 0
1787307337929 	 27 	 200 	 4883 	 1
1787307337937 	 21 	 200 	 4883 	 0
1787307337982 	 15 	 200 	 4884 	 0
1787307338145 	 16 	 200 	 4885 	 0
1787307338369 	 44 	 200 	 4887 	 1
1787307338376 	 37 	 200 	 4887 	 0
1787307338539 	 20 	 200 	 4889 	 1
1787307338522 	 40 	 200 	 4889 	 0
1787307338586 	 19 	 200 	 4890 	 0
1787307338619 	 17 	 200 	 4892 	 1
1787307338621 	 17 	 200 	 4892 	 0
1787307338695 	 20 	 200 	 4894 	 1
1787307338700 	 17 	 200 	 4894 	 0
1787307338784 	 22 	 200 	 4896 	 1
1787307338788 	 18 	 200 	 4896 	 0
1787307338898 	 14 	 200 	 4897 	 0
1787307338930 	 14 	 200 	 4900 	 2
1787307338931 	 18 	 200 	 4901 	 2
1787307338934 	 15 	 200 	 4901 	 1
1787307338951 	 18 	 200 	 4902 	 1
1787307338959 	 16 	 200 	 4902 	 0
1787307338985 	 20 	 200 	 4903 	 0
1787307339202 	 31 	 200 	 4904 	 0
1787307339243 	 20 	 200 	 4907 	 2
1787307339245 	 21 	 200 	 4907 	 1
1787307339255 	 14 	 200 	 4907 	 0
1787307339430 	 26 	 200 	 4908 	 0
1787307339462 	 15 	 200 	 4909 	 0
1787307339488 	 13 	 200 	 4910 	 0
1787307339535 	 26 	 200 	 4911 	 0
1787307339565 	 12 	 200 	 4912 	 0
1787307339613 	 20 	 200 	 4913 	 0
1787307339672 	 15 	 200 	 4914 	 0
1787307339792 	 15 	 200 	 4915 	 0
1787307339958 	 33 	 200 	 4916 	 0
1787307340046 	 34 	 200 	 4917 	 0
1787307340208 	 31 	 200 	 4919 	 1
1787307340237 	 18 	 200 	 4919 	 0
1787307340266 	 15 	 200 	 4920 	 0
1787307340341 	 30 	 200 	 4922 	 1
1787307340339 	 33 	 200 	 4922 	 0
1787307340410 	 18 	 200 	 4923 	 0
1787307340448 	 15 	 200 	 4924 	 0
1787307340467 	 14 	 200 	 4925 	 0
1787307340490 	 15 	 200 	 4926 	 0
1787307340567 	 34 	 200 	 4927 	 0
1787307340611 	 17 	 200 	 4929 	 1
1787307340616 	 22 	 200 	 4929 	 0
1787307340685 	 16 	 200 	 4931 	 1
1787307340683 	 20 	 200 	 4931 	 0
1787307340710 	 14 	 200 	 4932 	 0
1787307340777 	 16 	 200 	 4933 	 0
1787307340827 	 14 	 200 	 4935 	 1
1787307340838 	 15 	 200 	 4935 	 0
1787307340871 	 20 	 200 	 4936 	 0
1787307340900 	 14 	 200 	 4938 	 1
1787307340906 	 28 	 200 	 4938 	 0
1787307340963 	 13 	 200 	 4939 	 0
1787307341014 	 16 	 200 	 4940 	 0
1787307341095 	 16 	 200 	 4941 	 0
1787307341125 	 12 	 200 	 4942 	 0
1787307341147 	 14 	 200 	 4943 	 0
1787307341214 	 12 	 200 	 4944 	 0
1787307341265 	 12 	 200 	 4945 	 0
1787307341394 	 35 	 200 	 4946 	 0
1787307341603 	 16 	 200 	 4947 	 0
1787307341622 	 33 	 200 	 4948 	 0
1787307341725 	 13 	 200 	 4949 	 0
1787307341851 	 15 	 200 	 4950 	 0
1787307341911 	 39 	 200 	 4952 	 1
1787307341929 	 24 	 200 	 4953 	 1
1787307341953 	 13 	 200 	 4953 	 0
1787307342012 	 17 	 200 	 4955 	 1
1787307342023 	 14 	 200 	 4955 	 0
1787307342060 	 15 	 200 	 4956 	 0
1787307342099 	 15 	 200 	 4958 	 1
1787307342107 	 14 	 200 	 4958 	 0
1787307342183 	 15 	 200 	 4959 	 0
1787307342222 	 31 	 200 	 4960 	 0
1787307342288 	 19 	 200 	 4961 	 0
1787307342314 	 12 	 200 	 4962 	 0
1787307342352 	 20 	 200 	 4963 	 0
1787307342435 	 45 	 200 	 4965 	 1
1787307342464 	 19 	 200 	 4965 	 0
1787307342492 	 14 	 200 	 4967 	 1
1787307342501 	 14 	 200 	 4967 	 0
1787307342576 	 16 	 200 	 4969 	 1
1787307342593 	 21 	 200 	 4971 	 2
1787307342617 	 20 	 200 	 4971 	 1
1787307342615 	 23 	 200 	 4971 	 0
1787307342661 	 15 	 200 	 4973 	 1
1787307342675 	 15 	 200 	 4973 	 0
1787307342695 	 15 	 200 	 4975 	 1
1787307342699 	 14 	 200 	 4975 	 0
1787307342729 	 12 	 200 	 4976 	 0
1787307342762 	 13 	 200 	 4977 	 0
1787307342808 	 16 	 200 	 4979 	 1
1787307342815 	 16 	 200 	 4979 	 0
1787307342906 	 13 	 200 	 4980 	 0
1787307343050 	 14 	 200 	 4981 	 0
1787307343073 	 13 	 200 	 4983 	 1
1787307343083 	 15 	 200 	 4983 	 0
1787307343119 	 19 	 200 	 4984 	 0
1787307343212 	 14 	 200 	 4986 	 1
1787307343221 	 14 	 200 	 4986 	 0
1787307343253 	 13 	 200 	 4988 	 1
1787307343266 	 16 	 200 	 4988 	 0
1787307343347 	 17 	 200 	 4989 	 0
1787307343417 	 15 	 200 	 4990 	 0
1787307343453 	 17 	 200 	 4992 	 1
1787307343454 	 17 	 200 	 4992 	 0
1787307343541 	 12 	 200 	 4993 	 0
1787307343568 	 14 	 200 	 4994 	 0
1787307343600 	 13 	 200 	 4995 	 0
1787307343662 	 30 	 200 	 4997 	 1
1787307343694 	 19 	 200 	 4997 	 0
1787307343801 	 13 	 200 	 4998 	 0
1787307343932 	 19 	 200 	 5000 	 1
1787307343944 	 18 	 200 	 5000 	 0